	mass_A
t	frame	x	y	r	θ	ω	pixelx	pixely
4.480000E0	8.960000E3	2.017834E1	-1.793631E1	2.699772E1	-4.163354E1		1.072102E2	8.234395E1
4.484000E0	8.968000E3	2.025976E1	-1.783010E1	2.698834E1	-4.135018E1	5.772742E1	1.072916E2	8.223774E1
4.488000E0	8.976000E3	2.031234E1	-1.776441E1	2.698454E1	-4.117172E1	3.679480E1	1.073442E2	8.217205E1
4.492000E0	8.984000E3	2.033583E1	-1.771248E1	2.696810E1	-4.105582E1	2.827095E1	1.073677E2	8.212013E1
4.496000E0	8.992000E3	2.037557E1	-1.767825E1	2.697563E1	-4.094555E1	5.567010E1	1.074074E2	8.208589E1
4.500000E0	9.000000E3	2.047836E1	-1.755857E1	2.697530E1	-4.061046E1	6.389346E1	1.075102E2	8.196621E1
4.504000E0	9.008000E3	2.050400E1	-1.747151E1	2.693822E1	-4.043440E1	3.902096E1	1.075358E2	8.187916E1
4.508000E0	9.016000E3	2.055674E1	-1.743233E1	2.695303E1	-4.029829E1	9.574046E1	1.075886E2	8.183998E1
4.512000E0	9.024000E3	2.061521E1	-1.709592E1	2.678166E1	-3.966848E1	1.228408E2	1.076471E2	8.150357E1
4.516000E0	9.032000E3	2.067602E1	-1.693251E1	2.672466E1	-3.931557E1	6.058619E1	1.077079E2	8.134015E1
4.520000E0	9.040000E3	2.073912E1	-1.690465E1	2.675591E1	-3.918379E1	8.144111E1	1.077710E2	8.131229E1
4.524000E0	9.048000E3	2.103525E1	-1.683075E1	2.693985E1	-3.866404E1	1.043858E2	1.080671E2	8.123839E1
4.528000E0	9.056000E3	2.115280E1	-1.673469E1	2.697204E1	-3.834871E1	6.152473E1	1.081846E2	8.114233E1
4.532000E0	9.064000E3	2.122333E1	-1.668423E1	2.699617E1	-3.817184E1	4.430216E1	1.082552E2	8.109188E1
4.536000E0	9.072000E3	2.126905E1	-1.661379E1	2.698871E1	-3.799429E1	5.024345E1	1.083009E2	8.102143E1
4.540000E0	9.080000E3	2.133579E1	-1.653179E1	2.699103E1	-3.776989E1	5.965292E1	1.083676E2	8.093943E1
4.544000E0	9.088000E3	2.136551E1	-1.640444E1	2.693679E1	-3.751706E1	1.106710E2	1.083974E2	8.081209E1
4.548000E0	9.096000E3	2.142418E1	-1.607669E1	2.678536E1	-3.688453E1	1.167383E2	1.084560E2	8.048433E1
4.552000E0	9.104000E3	2.146423E1	-1.593095E1	2.673029E1	-3.658316E1	7.030831E1	1.084961E2	8.033860E1
4.556000E0	9.112000E3	2.153481E1	-1.583166E1	2.672807E1	-3.632206E1	7.613905E1	1.085667E2	8.023931E1
4.560000E0	9.120000E3	2.160684E1	-1.568334E1	2.669874E1	-3.597405E1	5.818943E1	1.086387E2	8.009098E1
4.564000E0	9.128000E3	2.165293E1	-1.564909E1	2.671597E1	-3.585654E1	4.113068E1	1.086848E2	8.005673E1
4.568000E0	9.136000E3	2.173562E1	-1.558701E1	2.674681E1	-3.564500E1	1.057450E2	1.087675E2	7.999465E1
4.572000E0	9.144000E3	2.204753E1	-1.544392E1	2.691855E1	-3.501058E1	1.020190E2	1.090794E2	7.985156E1
4.576000E0	9.152000E3	2.210159E1	-1.537751E1	2.692486E1	-3.482885E1	1.092799E2	1.091334E2	7.978515E1
4.580000E0	9.160000E3	2.220745E1	-1.505613E1	2.683016E1	-3.413634E1	1.527895E2	1.092393E2	7.946377E1
4.584000E0	9.168000E3	2.231135E1	-1.482729E1	2.678889E1	-3.360653E1	8.473384E1	1.093432E2	7.923493E1
4.588000E0	9.176000E3	2.232149E1	-1.475102E1	2.675522E1	-3.345847E1	5.554036E1	1.093533E2	7.915866E1
4.592000E0	9.184000E3	2.237204E1	-1.461879E1	2.672484E1	-3.316221E1	6.828547E1	1.094039E2	7.902643E1
4.596000E0	9.192000E3	2.245012E1	-1.453041E1	2.674212E1	-3.291219E1	6.906674E1	1.094820E2	7.893805E1
4.600000E0	9.200000E3	2.245903E1	-1.436849E1	2.666199E1	-3.260968E1	1.387518E2	1.094909E2	7.877614E1
4.604000E0	9.208000E3	2.257865E1	-1.400054E1	2.656710E1	-3.180218E1	1.570064E2	1.096105E2	7.840819E1
4.608000E0	9.216000E3	2.262422E1	-1.378476E1	2.649292E1	-3.135362E1	6.947098E1	1.096561E2	7.819240E1
4.612000E0	9.224000E3	2.273050E1	-1.379125E1	2.658711E1	-3.124641E1	1.015166E2	1.097623E2	7.819890E1
4.616000E0	9.232000E3	2.304850E1	-1.359909E1	2.676132E1	-3.054149E1	1.340282E2	1.100803E2	7.800674E1
4.620000E0	9.240000E3	2.318823E1	-1.348189E1	2.682267E1	-3.017418E1	9.052858E1	1.102201E2	7.788953E1
4.624000E0	9.248000E3	2.323172E1	-1.331423E1	2.677651E1	-2.981726E1	1.421565E2	1.102636E2	7.772187E1
4.628000E0	9.256000E3	2.332236E1	-1.294746E1	2.667525E1	-2.903693E1	1.452611E2	1.103542E2	7.735510E1
4.632000E0	9.264000E3	2.336118E1	-1.276613E1	2.662177E1	-2.865517E1	1.022288E2	1.103930E2	7.717377E1
4.636000E0	9.272000E3	2.345130E1	-1.258454E1	2.661455E1	-2.821910E1	8.803710E1	1.104831E2	7.699219E1
4.640000E0	9.280000E3	2.350176E1	-1.247027E1	2.660527E1	-2.795088E1	6.755152E1	1.105336E2	7.687792E1
4.644000E0	9.288000E3	2.350416E1	-1.232881E1	2.654139E1	-2.767869E1	1.488893E2	1.105360E2	7.673646E1
4.648000E0	9.296000E3	2.361642E1	-1.190870E1	2.644906E1	-2.675976E1	1.568748E2	1.106483E2	7.631635E1
4.652000E0	9.304000E3	2.369554E1	-1.177478E1	2.645986E1	-2.642369E1	1.287072E2	1.107274E2	7.618243E1
4.656000E0	9.312000E3	2.403220E1	-1.158147E1	2.667728E1	-2.573011E1	1.374209E2	1.110640E2	7.598912E1
4.660000E0	9.320000E3	2.411813E1	-1.141312E1	2.668227E1	-2.532432E1	1.670311E2	1.111500E2	7.582076E1
4.664000E0	9.328000E3	2.424105E1	-1.099309E1	2.661722E1	-2.439386E1	1.735520E2	1.112729E2	7.540074E1
4.668000E0	9.336000E3	2.428087E1	-1.077801E1	2.656551E1	-2.393591E1	1.211910E2	1.113127E2	7.518565E1
4.672000E0	9.344000E3	2.437329E1	-1.055956E1	2.656241E1	-2.342433E1	9.735766E1	1.114051E2	7.496720E1
4.676000E0	9.352000E3	2.434072E1	-1.041085E1	2.647370E1	-2.315705E1	1.514084E2	1.113726E2	7.481850E1
4.680000E0	9.360000E3	2.442770E1	-9.975258E0	2.638595E1	-2.221306E1	1.902511E2	1.114596E2	7.438290E1
4.684000E0	9.368000E3	2.451214E1	-9.722384E0	2.636986E1	-2.163504E1	1.227289E2	1.115440E2	7.413003E1
4.688000E0	9.376000E3	2.458416E1	-9.550988E0	2.637428E1	-2.123123E1	9.611015E1	1.116160E2	7.395863E1
4.692000E0	9.384000E3	2.456603E1	-9.364230E0	2.629027E1	-2.086615E1	1.742530E2	1.115979E2	7.377187E1
4.696000E0	9.392000E3	2.467086E1	-8.900157E0	2.622716E1	-1.983721E1	1.653924E2	1.117027E2	7.330780E1
4.700000E0	9.400000E3	2.473970E1	-8.781694E0	2.625206E1	-1.954302E1	1.366048E2	1.117715E2	7.318934E1
4.704000E0	9.408000E3	2.508601E1	-8.512802E0	2.649105E1	-1.874437E1	1.598783E2	1.121179E2	7.292045E1
4.708000E0	9.416000E3	2.514266E1	-8.297614E0	2.647648E1	-1.826399E1	1.820258E2	1.121745E2	7.270526E1
4.712000E0	9.424000E3	2.525819E1	-7.861326E0	2.645329E1	-1.728816E1	1.978074E2	1.122900E2	7.226897E1
4.716000E0	9.432000E3	2.530599E1	-7.583270E0	2.641778E1	-1.668153E1	1.424008E2	1.123378E2	7.199091E1
4.720000E0	9.440000E3	2.530380E1	-7.326995E0	2.634326E1	-1.614896E1	1.901592E2	1.123357E2	7.173464E1
4.724000E0	9.448000E3	2.539351E1	-6.880354E0	2.630912E1	-1.516026E1	2.076687E2	1.124254E2	7.128800E1
4.728000E0	9.456000E3	2.548690E1	-6.585479E0	2.632396E1	-1.448761E1	1.332563E2	1.125188E2	7.099312E1
4.732000E0	9.464000E3	2.542898E1	-6.384584E0	2.621824E1	-1.409421E1	1.963305E2	1.124608E2	7.079223E1
4.736000E0	9.472000E3	2.550910E1	-5.850312E0	2.617137E1	-1.291696E1	2.261883E2	1.125409E2	7.025796E1
4.740000E0	9.480000E3	2.559495E1	-5.573441E0	2.619474E1	-1.228470E1	1.427213E2	1.126268E2	6.998108E1
4.744000E0	9.488000E3	2.554364E1	-5.324803E0	2.609274E1	-1.177519E1	2.049505E2	1.125755E2	6.973245E1
4.748000E0	9.496000E3	2.564057E1	-4.819393E0	2.608957E1	-1.064509E1	2.080361E2	1.126724E2	6.922704E1
4.752000E0	9.504000E3	2.570256E1	-4.583368E0	2.610802E1	-1.011090E1	1.495304E2	1.127344E2	6.899101E1
4.756000E0	9.512000E3	2.593942E1	-4.316969E0	2.629619E1	-9.448852E0	2.242357E2	1.129713E2	6.872461E1
4.760000E0	9.520000E3	2.608545E1	-3.813367E0	2.636271E1	-8.317016E0	2.382463E2	1.131173E2	6.822101E1
4.764000E0	9.528000E3	2.618155E1	-3.466803E0	2.641008E1	-7.542881E0	1.707102E2	1.132134E2	6.787445E1
4.768000E0	9.536000E3	2.613772E1	-3.186775E0	2.633127E1	-6.951334E0	2.037561E2	1.131696E2	6.759442E1
4.772000E0	9.544000E3	2.621802E1	-2.715303E0	2.635825E1	-5.912832E0	2.340697E2	1.132499E2	6.712295E1
4.776000E0	9.552000E3	2.615062E1	-2.324117E0	2.625369E1	-5.078776E0	2.479822E2	1.131825E2	6.673176E1
4.780000E0	9.560000E3	2.624036E1	-1.802220E0	2.630217E1	-3.928975E0	2.442220E2	1.132722E2	6.620986E1
4.784000E0	9.568000E3	2.619265E1	-1.430006E0	2.623166E1	-3.125000E0	2.487001E2	1.132245E2	6.583765E1
4.788000E0	9.576000E3	2.626092E1	-8.892311E-1	2.627597E1	-1.939374E0	2.437789E2	1.132928E2	6.529687E1
4.792000E0	9.584000E3	2.626247E1	-5.385504E-1	2.626799E1	-1.174769E0	1.817658E2	1.132943E2	6.494619E1
4.796000E0	9.592000E3	2.618608E1	-2.217793E-1	2.618702E1	-4.852469E-1	2.306940E2	1.132179E2	6.462942E1
4.800000E0	9.600000E3	2.624357E1	3.072572E-1	2.624537E1	6.707828E-1	2.512033E2	1.132754E2	6.410039E1
4.804000E0	9.608000E3	2.618245E1	6.967598E-1	2.619172E1	1.524379E0	2.518872E2	1.132143E2	6.371088E1
4.808000E0	9.616000E3	2.620541E1	1.229344E0	2.623423E1	2.685881E0	2.565952E2	1.132373E2	6.317830E1
4.812000E0	9.624000E3	2.610035E1	1.631640E0	2.615130E1	3.577140E0	2.700085E2	1.131322E2	6.277600E1
4.816000E0	9.632000E3	2.616878E1	2.218590E0	2.626266E1	4.845949E0	2.718415E2	1.132006E2	6.218905E1
4.820000E0	9.640000E3	2.607550E1	2.626526E0	2.620745E1	5.751872E0	2.698987E2	1.131073E2	6.178112E1
4.824000E0	9.648000E3	2.611437E1	3.208819E0	2.631077E1	7.005139E0	2.649590E2	1.131462E2	6.119882E1
4.828000E0	9.656000E3	2.597222E1	3.590797E0	2.621927E1	7.871544E0	2.766531E2	1.130041E2	6.081685E1
4.832000E0	9.664000E3	2.600418E1	4.220312E0	2.634442E1	9.218364E0	2.768590E2	1.130360E2	6.018733E1
4.836000E0	9.672000E3	2.586017E1	4.600072E0	2.626612E1	1.008642E1	2.703331E2	1.128920E2	5.980757E1
4.840000E0	9.680000E3	2.589385E1	5.212195E0	2.641323E1	1.138103E1	2.901863E2	1.129257E2	5.919545E1
4.844000E0	9.688000E3	2.573776E1	5.662536E0	2.635330E1	1.240791E1	2.888561E2	1.127696E2	5.874511E1
4.848000E0	9.696000E3	2.568452E1	6.257353E0	2.643575E1	1.369188E1	3.164316E2	1.127164E2	5.815029E1
4.852000E0	9.704000E3	2.553943E1	6.814307E0	2.643288E1	1.493936E1	3.261004E2	1.125713E2	5.759334E1
4.856000E0	9.712000E3	2.528363E1	7.393775E0	2.634254E1	1.630068E1	3.011418E2	1.123155E2	5.701387E1
4.860000E0	9.720000E3	2.501255E1	7.813771E0	2.620463E1	1.734849E1	2.986243E2	1.120444E2	5.659387E1
4.864000E0	9.728000E3	2.493911E1	8.436414E0	2.632741E1	1.868967E1	3.135027E2	1.119710E2	5.597123E1
4.868000E0	9.736000E3	2.472820E1	8.930263E0	2.629132E1	1.985652E1	3.422969E2	1.117600E2	5.547738E1
4.872000E0	9.744000E3	2.451632E1	9.621690E0	2.633680E1	2.142805E1	3.942408E2	1.115482E2	5.478595E1
4.876000E0	9.752000E3	2.422528E1	1.028823E1	2.631942E1	2.301044E1	3.441125E2	1.112571E2	5.411941E1
4.880000E0	9.760000E3	2.394876E1	1.075343E1	2.625222E1	2.418095E1	3.342239E2	1.109806E2	5.365421E1
4.884000E0	9.768000E3	2.377041E1	1.143187E1	2.637650E1	2.568423E1	3.432034E2	1.108023E2	5.297577E1
4.888000E0	9.776000E3	2.349022E1	1.193097E1	2.634651E1	2.692658E1	3.663482E2	1.105221E2	5.247667E1
4.892000E0	9.784000E3	2.305824E1	1.257960E1	2.626649E1	2.861502E1	4.310952E2	1.100901E2	5.182804E1
4.896000E0	9.792000E3	2.278867E1	1.335685E1	2.641456E1	3.037534E1	3.749935E2	1.098205E2	5.105079E1
4.900000E0	9.800000E3	2.249436E1	1.384672E1	2.641454E1	3.161497E1	3.523950E2	1.095262E2	5.056092E1
4.904000E0	9.808000E3	2.211349E1	1.446763E1	2.642572E1	3.319450E1	3.500288E2	1.091453E2	4.994001E1
4.908000E0	9.816000E3	2.168795E1	1.485850E1	2.628958E1	3.441520E1	3.796000E2	1.087198E2	4.954914E1
4.912000E0	9.824000E3	2.132638E1	1.562644E1	2.643861E1	3.623130E1	4.473405E2	1.083582E2	4.878120E1
4.916000E0	9.832000E3	2.088962E1	1.631719E1	2.650711E1	3.799392E1	4.191477E2	1.079215E2	4.809045E1
4.920000E0	9.840000E3	2.044557E1	1.690472E1	2.652905E1	3.958448E1	4.097675E2	1.074774E2	4.750292E1
4.924000E0	9.848000E3	1.990343E1	1.746840E1	2.648190E1	4.127206E1	3.990396E2	1.069353E2	4.693925E1
4.928000E0	9.856000E3	1.943098E1	1.797867E1	2.647254E1	4.277680E1	4.208685E2	1.064628E2	4.642897E1
4.932000E0	9.864000E3	1.883447E1	1.859862E1	2.646971E1	4.463901E1	4.526159E2	1.058663E2	4.580903E1
4.936000E0	9.872000E3	1.840277E1	1.932327E1	2.668428E1	4.639772E1	4.257405E2	1.054346E2	4.508437E1
4.940000E0	9.880000E3	1.778539E1	1.978386E1	2.660303E1	4.804493E1	4.215874E2	1.048172E2	4.462378E1
4.944000E0	9.888000E3	1.727878E1	2.042528E1	2.675348E1	4.977042E1	4.234315E2	1.043106E2	4.398236E1
4.948000E0	9.896000E3	1.662991E1	2.085610E1	2.667454E1	5.143239E1	4.673678E2	1.036618E2	4.355154E1
4.952000E0	9.904000E3	1.585178E1	2.142977E1	2.665547E1	5.350937E1	4.577505E2	1.028836E2	4.297787E1
4.956000E0	9.912000E3	1.528091E1	2.190011E1	2.670433E1	5.509439E1	4.278424E2	1.023128E2	4.250754E1
4.960000E0	9.920000E3	1.460551E1	2.243227E1	2.676804E1	5.693210E1	4.872524E2	1.016374E2	4.197537E1
4.964000E0	9.928000E3	1.376802E1	2.290696E1	2.672616E1	5.899241E1	4.618884E2	1.007999E2	4.150068E1
4.968000E0	9.936000E3	1.317411E1	2.340626E1	2.685908E1	6.062721E1	4.259176E2	1.002060E2	4.100138E1
4.972000E0	9.944000E3	1.242709E1	2.377057E1	2.682298E1	6.239975E1	5.186570E2	9.945893E1	4.063707E1
4.976000E0	9.952000E3	1.145260E1	2.431208E1	2.687451E1	6.477647E1	5.374111E2	9.848444E1	4.009556E1
4.980000E0	9.960000E3	1.062914E1	2.467944E1	2.687105E1	6.669904E1	5.138706E2	9.766099E1	3.972820E1
4.984000E0	9.968000E3	9.743480E0	2.523434E1	2.705009E1	6.888743E1	4.700277E2	9.677533E1	3.917331E1
4.988000E0	9.976000E3	9.064782E0	2.554043E1	2.710136E1	7.045926E1	3.782799E2	9.609663E1	3.886722E1
4.992000E0	9.984000E3	8.393060E0	2.569936E1	2.703518E1	7.191367E1	4.857205E2	9.542491E1	3.870828E1
4.996000E0	9.992000E3	7.331699E0	2.616225E1	2.717016E1	7.434502E1	5.431245E2	9.436355E1	3.824539E1
5.000000E0	1.000000E4	6.459632E0	2.641564E1	2.719399E1	7.625867E1	5.155090E2	9.349148E1	3.799200E1
5.004000E0	1.000800E4	5.418548E0	2.655968E1	2.710678E1	7.846910E1	5.147398E2	9.245040E1	3.784796E1
5.008000E0	1.001600E4	4.536438E0	2.675454E1	2.713640E1	8.037659E1	5.141176E2	9.156828E1	3.765311E1
5.012000E0	1.002400E4	3.531241E0	2.712248E1	2.735139E1	8.258204E1	5.504100E2	9.056309E1	3.728517E1
5.016000E0	1.003200E4	2.493825E0	2.729626E1	2.740994E1	8.477987E1	5.424893E2	8.952567E1	3.711139E1
5.020000E0	1.004000E4	1.471169E0	2.735847E1	2.739800E1	8.692195E1	5.350087E2	8.850302E1	3.704917E1
5.024000E0	1.004800E4	4.499454E-1	2.742118E1	2.742487E1	8.905994E1	5.221443E2	8.748179E1	3.698646E1
5.028000E0	1.005600E4	-5.257669E-1	2.740454E1	2.740958E1	9.109911E1	5.191492E2	8.650608E1	3.700311E1
5.032000E0	1.006400E4	-1.538800E0	2.741076E1	2.745392E1	9.321313E1	5.369214E2	8.549305E1	3.699689E1
5.036000E0	1.007200E4	-2.586570E0	2.739123E1	2.751309E1	9.539448E1	5.291648E2	8.444528E1	3.701641E1
5.040000E0	1.008000E4	-3.576338E0	2.736259E1	2.759532E1	9.744645E1	5.273437E2	8.345551E1	3.704506E1
5.044000E0	1.008800E4	-4.628721E0	2.732827E1	2.771749E1	9.961323E1	5.403288E2	8.240313E1	3.707937E1
5.048000E0	1.009600E4	-5.667110E0	2.720025E1	2.778435E1	1.017691E2	5.374934E2	8.136474E1	3.720739E1
5.052000E0	1.010400E4	-6.708161E0	2.707972E1	2.789822E1	1.039132E2	5.293274E2	8.032369E1	3.732793E1
5.056000E0	1.011200E4	-7.718351E0	2.691053E1	2.799553E1	1.060037E2	5.391370E2	7.931350E1	3.749711E1
5.060000E0	1.012000E4	-8.810915E0	2.675719E1	2.817055E1	1.082263E2	5.562749E2	7.822093E1	3.765045E1
5.064000E0	1.012800E4	-9.884912E0	2.650339E1	2.828677E1	1.104539E2	5.771386E2	7.714693E1	3.790425E1
5.068000E0	1.013600E4	-1.095321E1	2.600153E1	2.821440E1	1.128434E2	5.712784E2	7.607864E1	3.840611E1
5.072000E0	1.014400E4	-1.194306E1	2.558386E1	2.823421E1	1.150241E2	5.554639E2	7.508878E1	3.882379E1
5.076000E0	1.015200E4	-1.300683E1	2.521421E1	2.837136E1	1.172871E2	5.749432E2	7.402502E1	3.919344E1
5.080000E0	1.016000E4	-1.402042E1	2.465668E1	2.836414E1	1.196237E2	5.951391E2	7.301143E1	3.975096E1
5.084000E0	1.016800E4	-1.512645E1	2.416213E1	2.850646E1	1.220482E2	6.180908E2	7.190539E1	4.024552E1
5.088000E0	1.017600E4	-1.612953E1	2.340870E1	2.842761E1	1.245684E2	6.281391E2	7.090232E1	4.099894E1
5.092000E0	1.018400E4	-1.710614E1	2.264027E1	2.837608E1	1.270733E2	6.354335E2	6.992571E1	4.176737E1
5.096000E0	1.019200E4	-1.821225E1	2.197430E1	2.854043E1	1.296519E2	6.378696E2	6.881960E1	4.243334E1
5.100000E0	1.020000E4	-1.911247E1	2.109566E1	2.846600E1	1.321763E2	6.609275E2	6.791938E1	4.331198E1
5.104000E0	1.020800E4	-2.009594E1	2.013857E1	2.845011E1	1.349393E2	6.851434E2	6.693591E1	4.426907E1
5.108000E0	1.021600E4	-2.103852E1	1.917218E1	2.846386E1	1.376574E2	6.926312E2	6.599333E1	4.523547E1
5.112000E0	1.022400E4	-2.196830E1	1.812194E1	2.847825E1	1.404803E2	6.941889E2	6.506355E1	4.628571E1
5.116000E0	1.023200E4	-2.285438E1	1.709046E1	2.853781E1	1.432109E2	6.970745E2	6.417746E1	4.731718E1
5.120000E0	1.024000E4	-2.373219E1	1.597328E1	2.860703E1	1.460569E2	7.032229E2	6.329966E1	4.843437E1
5.124000E0	1.024800E4	-2.458015E1	1.486475E1	2.872533E1	1.488367E2	7.012210E2	6.245169E1	4.954289E1
5.128000E0	1.025600E4	-2.538204E1	1.368586E1	2.883662E1	1.516667E2	7.134301E2	6.164980E1	5.072179E1
5.132000E0	1.026400E4	-2.605979E1	1.240524E1	2.886179E1	1.545442E2	7.286398E2	6.097205E1	5.200240E1
5.136000E0	1.027200E4	-2.657164E1	1.100861E1	2.876180E1	1.574958E2	7.595613E2	6.046021E1	5.339904E1
5.140000E0	1.028000E4	-2.714530E1	9.548377E0	2.877567E1	1.606206E2	7.809557E2	5.988654E1	5.485927E1
5.144000E0	1.028800E4	-2.755950E1	8.036274E0	2.870728E1	1.637435E2	7.663672E2	5.947235E1	5.637137E1
5.148000E0	1.029600E4	-2.803523E1	6.600602E0	2.880177E1	1.667516E2	7.397345E2	5.899662E1	5.780704E1
5.152000E0	1.030400E4	-2.827190E1	5.157586E0	2.873850E1	1.696613E2	7.386993E2	5.875994E1	5.925006E1
5.156000E0	1.031200E4	-2.846887E1	3.666553E0	2.870401E1	1.726612E2	7.769897E2	5.856298E1	6.074109E1
5.160000E0	1.032000E4	-2.874335E1	2.071818E0	2.881792E1	1.758773E2	8.185492E2	5.828850E1	6.233583E1
5.164000E0	1.032800E4	-2.878995E1	3.971985E-1	2.879269E1	1.792096E2	8.302948E2	5.824190E1	6.401044E1
5.168000E0	1.033600E4	-2.883352E1	-1.268788E0	2.886142E1	1.825196E2	7.938347E2	5.819833E1	6.567643E1
5.172000E0	1.034400E4	-2.870721E1	-2.794660E0	2.884292E1	1.855603E2	8.119339E2	5.832464E1	6.720230E1
5.176000E0	1.035200E4	-2.850345E1	-4.522196E0	2.885996E1	1.890151E2	8.582279E2	5.852840E1	6.892984E1
5.180000E0	1.036000E4	-2.817483E1	-6.208080E0	2.885067E1	1.924261E2	8.479788E2	5.885702E1	7.061572E1
5.184000E0	1.036800E4	-2.770162E1	-7.838202E0	2.878919E1	1.957989E2	8.688962E2	5.933023E1	7.224585E1
5.188000E0	1.037600E4	-2.720265E1	-9.567421E0	2.883608E1	1.993772E2	8.847242E2	5.982920E1	7.397506E1
5.192000E0	1.038400E4	-2.656662E1	-1.120945E1	2.883465E1	2.028767E2	8.588420E2	6.046523E1	7.561710E1
5.196000E0	1.039200E4	-2.586359E1	-1.275338E1	2.883702E1	2.062480E2	8.706515E2	6.116826E1	7.716102E1
5.200000E0	1.040000E4	-2.503355E1	-1.436118E1	2.886039E1	2.098419E2	8.940861E2	6.199830E1	7.876883E1
5.204000E0	1.040800E4	-2.401405E1	-1.583475E1	2.876480E1	2.134007E2	9.092333E2	6.301780E1	8.024239E1
5.208000E0	1.041600E4	-2.293818E1	-1.735795E1	2.876558E1	2.171158E2	9.044993E2	6.409367E1	8.176559E1
5.212000E0	1.042400E4	-2.179279E1	-1.870288E1	2.871800E1	2.206367E2	8.879669E2	6.523905E1	8.311053E1
5.216000E0	1.043200E4	-2.067395E1	-2.011825E1	2.884712E1	2.242195E2	9.118022E2	6.635789E1	8.452589E1
5.220000E0	1.044000E4	-1.929927E1	-2.138223E1	2.880384E1	2.279311E2	9.311826E2	6.773258E1	8.578987E1
5.224000E0	1.044800E4	-1.774948E1	-2.244974E1	2.861879E1	2.316690E2	9.742812E2	6.928237E1	8.685739E1
5.228000E0	1.045600E4	-1.618966E1	-2.375571E1	2.874785E1	2.357253E2	9.899120E2	7.084219E1	8.816335E1
5.232000E0	1.046400E4	-1.456853E1	-2.481982E1	2.877960E1	2.395883E2	9.466812E2	7.246332E1	8.922746E1
5.236000E0	1.047200E4	-1.293070E1	-2.570848E1	2.877723E1	2.432988E2	9.502571E2	7.410114E1	9.011612E1
5.240000E0	1.048000E4	-1.114154E1	-2.649217E1	2.873967E1	2.471903E2	1.005408E3	7.589031E1	9.089981E1
5.244000E0	1.048800E4	-9.192705E0	-2.722445E1	2.873458E1	2.513420E2	1.004600E3	7.783914E1	9.163209E1
5.248000E0	1.049600E4	-7.272060E0	-2.757652E1	2.851925E1	2.552271E2	1.005134E3	7.975979E1	9.198417E1
5.252000E0	1.050400E4	-5.258234E0	-2.805141E1	2.853998E1	2.593831E2	1.020490E3	8.177361E1	9.245905E1
5.256000E0	1.051200E4	-3.263074E0	-2.816343E1	2.835183E1	2.633911E2	1.012032E3	8.376877E1	9.257107E1
5.260000E0	1.052000E4	-1.241224E0	-2.819577E1	2.822308E1	2.674794E2	1.013426E3	8.579062E1	9.260341E1
5.264000E0	1.052800E4	7.351584E-1	-2.810327E1	2.811288E1	2.714985E2	1.016577E3	8.776701E1	9.251091E1
5.268000E0	1.053600E4	2.745092E0	-2.793642E1	2.807096E1	2.756120E2	1.027404E3	8.977694E1	9.234406E1
5.272000E0	1.054400E4	4.722952E0	-2.757911E1	2.798059E1	2.797177E2	1.049066E3	9.175480E1	9.198676E1
5.276000E0	1.055200E4	6.790797E0	-2.722726E1	2.806134E1	2.840045E2	1.043605E3	9.382264E1	9.163490E1
5.280000E0	1.056000E4	8.657808E0	-2.654108E1	2.791750E1	2.880665E2	9.638796E2	9.568966E1	9.094872E1
5.284000E0	1.056800E4	1.029754E1	-2.585615E1	2.783128E1	2.917156E2	9.940625E2	9.732939E1	9.026380E1
5.288000E0	1.057600E4	1.214819E1	-2.488650E1	2.769325E1	2.960190E2	1.087542E3	9.918004E1	8.929414E1
5.292000E0	1.058400E4	1.396740E1	-2.379173E1	2.758867E1	3.004159E2	1.103980E3	1.009992E2	8.819937E1
5.296000E0	1.059200E4	1.571483E1	-2.256789E1	2.750028E1	3.048509E2	1.114563E3	1.027467E2	8.697553E1
5.300000E0	1.060000E4	1.740516E1	-2.124044E1	2.746081E1	3.093324E2	1.115120E3	1.044370E2	8.564809E1
5.304000E0	1.060800E4	1.885052E1	-1.967650E1	2.724898E1	3.137718E2	1.117940E3	1.058824E2	8.408414E1
5.308000E0	1.061600E4	2.027780E1	-1.808216E1	2.716899E1	3.182759E2	1.137200E3	1.073097E2	8.248981E1
5.312000E0	1.062400E4	2.146894E1	-1.625484E1	2.692833E1	3.228694E2	1.153941E3	1.085008E2	8.066249E1
5.316000E0	1.063200E4	2.249769E1	-1.432850E1	2.667306E1	3.275074E2	1.168499E3	1.095295E2	7.873615E1
5.320000E0	1.064000E4	2.342032E1	-1.233904E1	2.647194E1	3.322174E2	1.192946E3	1.104522E2	7.674668E1
5.324000E0	1.064800E4	2.428519E1	-1.028294E1	2.637251E1	3.370510E2	1.204483E3	1.113170E2	7.469059E1
5.328000E0	1.065600E4	2.509364E1	-8.224516E0	2.640707E1	3.418533E2	1.223312E3	1.121255E2	7.263216E1
5.332000E0	1.066400E4	2.558074E1	-5.982246E0	2.627093E1	3.468375E2	1.172258E3	1.126126E2	7.038989E1
5.336000E0	1.067200E4	2.593556E1	-4.000506E0	2.624228E1	3.512314E2	1.171027E3	1.129674E2	6.840815E1
5.340000E0	1.068000E4	2.625717E1	-1.741367E0	2.631485E1	3.562057E2	1.198707E3	1.132890E2	6.614901E1
5.344000E0	1.068800E4	2.629751E1	3.768512E-1	2.630021E1	3.608210E2	1.181222E3	1.133294E2	6.403079E1
5.348000E0	1.069600E4	2.604566E1	2.579271E0	2.617306E1	3.656555E2	1.247003E3	1.130775E2	6.182837E1
5.352000E0	1.070400E4	2.573342E1	4.907532E0	2.619719E1	3.707970E2	1.279181E3	1.127653E2	5.950011E1
5.356000E0	1.071200E4	2.530540E1	7.203153E0	2.631062E1	3.758889E2	1.240053E3	1.123372E2	5.720449E1
5.360000E0	1.072000E4	2.460140E1	9.304662E0	2.630220E1	3.807175E2	1.219558E3	1.116333E2	5.510298E1
5.364000E0	1.072800E4	2.361338E1	1.133665E1	2.619373E1	3.856454E2	1.240079E3	1.106452E2	5.307099E1
5.368000E0	1.073600E4	2.252366E1	1.334067E1	2.617802E1	3.906381E2	1.247243E3	1.095555E2	5.106697E1
5.372000E0	1.074400E4	2.126518E1	1.523748E1	2.616082E1	3.956234E2	1.260860E3	1.082970E2	4.917016E1
5.376000E0	1.075200E4	1.987786E1	1.711274E1	2.622929E1	4.007250E2	1.256336E3	1.069097E2	4.729490E1
5.380000E0	1.076000E4	1.846458E1	1.890422E1	2.642556E1	4.056740E2	1.281341E3	1.054964E2	4.550343E1
5.384000E0	1.076800E4	1.675212E1	2.066921E1	2.660545E1	4.109757E2	1.281939E3	1.037840E2	4.373843E1
5.388000E0	1.077600E4	1.506063E1	2.226919E1	2.688382E1	4.159296E2	1.231162E3	1.020925E2	4.213845E1
5.392000E0	1.078400E4	1.310583E1	2.347417E1	2.688493E1	4.208250E2	1.236822E3	1.001377E2	4.093348E1
5.396000E0	1.079200E4	1.101098E1	2.452818E1	2.688630E1	4.258241E2	1.226852E3	9.804283E1	3.987947E1
5.400000E0	1.080000E4	8.936998E0	2.543439E1	2.695882E1	4.306398E2	1.229074E3	9.596885E1	3.897326E1
5.404000E0	1.080800E4	6.673168E0	2.609752E1	2.693718E1	4.356567E2	1.309365E3	9.370502E1	3.831012E1
5.408000E0	1.081600E4	4.206457E0	2.690714E1	2.723396E1	4.411147E2	1.341093E3	9.123830E1	3.750050E1
5.412000E0	1.082400E4	1.737143E0	2.749981E1	2.755463E1	4.463855E2	1.258113E3	8.876899E1	3.690783E1
5.416000E0	1.083200E4	-5.664585E-1	2.750937E1	2.751520E1	4.511796E2	1.221714E3	8.646539E1	3.689828E1
5.420000E0	1.084000E4	-2.963998E0	2.746629E1	2.762576E1	4.561592E2	1.267807E3	8.406785E1	3.694135E1
5.424000E0	1.084800E4	-5.422628E0	2.708325E1	2.762078E1	4.613221E2	1.252121E3	8.160922E1	3.732439E1
5.428000E0	1.085600E4	-7.794461E0	2.687045E1	2.797811E1	4.661761E2	1.243391E3	7.923739E1	3.753719E1
5.432000E0	1.086400E4	-1.021467E1	2.624091E1	2.815892E1	4.712692E2	1.258349E3	7.681718E1	3.816673E1
5.436000E0	1.087200E4	-1.246548E1	2.528534E1	2.819107E1	4.762429E2	1.278490E3	7.456637E1	3.912231E1
5.440000E0	1.088000E4	-1.482198E1	2.418999E1	2.836982E1	4.814971E2	1.284661E3	7.220986E1	4.021765E1
5.444000E0	1.088800E4	-1.693858E1	2.287429E1	2.846311E1	4.865202E2	1.261033E3	7.009326E1	4.153336E1
5.448000E0	1.089600E4	-1.893164E1	2.133417E1	2.852286E1	4.915854E2	1.308545E3	6.810021E1	4.307348E1
5.452000E0	1.090400E4	-2.084708E1	1.944798E1	2.851007E1	4.969886E2	1.346388E3	6.618477E1	4.495967E1
5.456000E0	1.091200E4	-2.262580E1	1.745159E1	2.857420E1	5.023565E2	1.349055E3	6.440604E1	4.695605E1
5.460000E0	1.092000E4	-2.419521E1	1.524773E1	2.859898E1	5.077810E2	1.309332E3	6.283663E1	4.915991E1
5.464000E0	1.092800E4	-2.548427E1	1.307962E1	2.864480E1	5.128312E2	1.319908E3	6.154758E1	5.132802E1
5.468000E0	1.093600E4	-2.677053E1	1.063148E1	2.880433E1	5.183403E2	1.340178E3	6.026132E1	5.377616E1
5.472000E0	1.094400E4	-2.761345E1	8.151916E0	2.879160E1	5.235526E2	1.338991E3	5.941840E1	5.625573E1
5.476000E0	1.095200E4	-2.829311E1	5.472864E0	2.881757E1	5.290522E2	1.376319E3	5.873874E1	5.893478E1
5.480000E0	1.096000E4	-2.865658E1	2.727446E0	2.878608E1	5.345631E2	1.358659E3	5.837527E1	6.168020E1
5.484000E0	1.096800E4	-2.879577E1	3.945483E-2	2.879579E1	5.399215E2	1.375030E3	5.823608E1	6.436819E1
5.488000E0	1.097600E4	-2.867905E1	-2.793498E0	2.881478E1	5.455634E2	1.413734E3	5.835280E1	6.720114E1
5.492000E0	1.098400E4	-2.834560E1	-5.628708E0	2.889906E1	5.512314E2	1.426901E3	5.868624E1	7.003635E1
5.496000E0	1.099200E4	-2.768774E1	-8.453679E0	2.894954E1	5.569786E2	1.445006E3	5.934410E1	7.286132E1
5.500000E0	1.100000E4	-2.679771E1	-1.126000E1	2.906725E1	5.627914E2	1.402914E3	6.023414E1	7.566764E1
5.504000E0	1.100800E4	-2.553333E1	-1.369194E1	2.897275E1	5.682019E2	1.394042E3	6.149852E1	7.809959E1
5.508000E0	1.101600E4	-2.407653E1	-1.620545E1	2.902233E1	5.739438E2	1.445888E3	6.295532E1	8.061310E1
5.512000E0	1.102400E4	-2.218168E1	-1.846076E1	2.885874E1	5.797690E2	1.489703E3	6.485017E1	8.286841E1
5.516000E0	1.103200E4	-2.011700E1	-2.073116E1	2.888728E1	5.858614E2	1.499409E3	6.691484E1	8.513880E1
5.520000E0	1.104000E4	-1.784683E1	-2.265020E1	2.883645E1	5.917643E2	1.445258E3	6.918502E1	8.705785E1
5.524000E0	1.104800E4	-1.554477E1	-2.432861E1	2.887077E1	5.974234E2	1.380337E3	7.148707E1	8.873625E1
5.528000E0	1.105600E4	-1.315304E1	-2.560072E1	2.878193E1	6.028070E2	1.454042E3	7.387880E1	9.000836E1
5.532000E0	1.106400E4	-1.025466E1	-2.679224E1	2.868766E1	6.090558E2	1.567702E3	7.677719E1	9.119988E1
5.536000E0	1.107200E4	-7.239396E0	-2.769059E1	2.862128E1	6.153486E2	1.537098E3	7.979245E1	9.209823E1
5.540000E0	1.108000E4	-4.284317E0	-2.817097E1	2.849489E1	6.213526E2	1.513386E3	8.274753E1	9.257861E1
5.544000E0	1.108800E4	-1.255892E0	-2.826291E1	2.829080E1	6.274557E2	1.524161E3	8.577596E1	9.267055E1
5.548000E0	1.109600E4	1.741722E0	-2.810775E1	2.816166E1	6.335459E2	1.513803E3	8.877357E1	9.251540E1
5.552000E0	1.110400E4	4.662804E0	-2.766771E1	2.805786E1	6.395661E2	1.461161E3	9.169465E1	9.207535E1
5.556000E0	1.111200E4	7.352101E0	-2.699478E1	2.797806E1	6.452351E2	1.477581E3	9.438395E1	9.140243E1
5.560000E0	1.112000E4	1.009044E1	-2.576532E1	2.767072E1	6.513867E2	1.589351E3	9.712229E1	9.017296E1
5.564000E0	1.112800E4	1.294045E1	-2.438882E1	2.760923E1	6.579500E2	1.616125E3	9.997230E1	8.879646E1
5.568000E0	1.113600E4	1.542740E1	-2.260238E1	2.736553E1	6.643157E2	1.588364E3	1.024592E2	8.701002E1
5.572000E0	1.114400E4	1.778929E1	-2.071349E1	2.730398E1	6.706569E2	1.609204E3	1.048211E2	8.512113E1
5.576000E0	1.115200E4	1.997180E1	-1.850097E1	2.722423E1	6.771894E2	1.631983E3	1.070036E2	8.290861E1
5.580000E0	1.116000E4	2.184451E1	-1.603892E1	2.710036E1	6.837127E2	1.661249E3	1.088764E2	8.044656E1
5.584000E0	1.116800E4	2.332457E1	-1.320749E1	2.680435E1	6.904794E2	1.715025E3	1.103564E2	7.761514E1
5.588000E0	1.117600E4	2.451494E1	-1.018806E1	2.654767E1	6.974329E2	1.719524E3	1.115468E2	7.459570E1
5.592000E0	1.118400E4	2.536799E1	-7.161412E0	2.635945E1	7.042356E2	1.701477E3	1.123998E2	7.156905E1
5.596000E0	1.119200E4	2.594301E1	-4.088205E0	2.626315E1	7.110447E2	1.725872E3	1.129749E2	6.849585E1
5.600000E0	1.120000E4	2.628101E1	-8.982182E-1	2.629635E1	7.180425E2	1.735475E3	1.133129E2	6.530586E1
5.604000E0	1.120800E4	2.619911E1	2.259204E0	2.629634E1	7.249285E2	1.686152E3	1.132310E2	6.214844E1
5.608000E0	1.121600E4	2.577099E1	5.258040E0	2.630192E1	7.315317E2	1.681638E3	1.128028E2	5.914960E1
5.612000E0	1.122400E4	2.501286E1	8.311774E0	2.635771E1	7.383816E2	1.722542E3	1.120447E2	5.609587E1
5.616000E0	1.123200E4	2.381325E1	1.126262E1	2.634231E1	7.453121E2	1.755519E3	1.108451E2	5.314503E1
5.620000E0	1.124000E4	2.234486E1	1.419460E1	2.647224E1	7.524258E2	1.782099E3	1.093767E2	5.021304E1
5.624000E0	1.124800E4	2.035190E1	1.681794E1	2.640157E1	7.595689E2	1.805446E3	1.073837E2	4.758970E1
5.628000E0	1.125600E4	1.818292E1	1.940988E1	2.659628E1	7.668694E2	1.775751E3	1.052148E2	4.499777E1
5.632000E0	1.126400E4	1.572416E1	2.146458E1	2.660784E1	7.737749E2	1.695875E3	1.027560E2	4.294306E1
5.636000E0	1.127200E4	1.320037E1	2.327123E1	2.675444E1	7.804364E2	1.726971E3	1.002322E2	4.113641E1
5.640000E0	1.128000E4	1.026553E1	2.489451E1	2.692801E1	7.875906E2	1.780396E3	9.729738E1	3.951314E1
5.644000E0	1.128800E4	7.174618E0	2.618922E1	2.715420E1	7.946795E2	1.756100E3	9.420646E1	3.821842E1
5.648000E0	1.129600E4	3.990382E0	2.715216E1	2.744382E1	8.016394E2	1.734840E3	9.102223E1	3.725548E1
5.652000E0	1.130400E4	6.932935E-1	2.754606E1	2.755478E1	8.085583E2	1.705133E3	8.772514E1	3.686158E1
5.656000E0	1.131200E4	-2.535372E0	2.743191E1	2.754883E1	8.152805E2	1.710292E3	8.449648E1	3.697573E1
5.660000E0	1.132000E4	-5.894547E0	2.717016E1	2.780222E1	8.222406E2	1.711794E3	8.113730E1	3.723748E1
5.664000E0	1.132800E4	-9.092909E0	2.644541E1	2.796499E1	8.289749E2	1.693980E3	7.793894E1	3.796224E1
5.668000E0	1.133600E4	-1.220458E1	2.525491E1	2.804929E1	8.357924E2	1.686266E3	7.482726E1	3.915273E1
5.672000E0	1.134400E4	-1.515480E1	2.382037E1	2.823257E1	8.424650E2	1.667320E3	7.187705E1	4.058727E1
5.676000E0	1.135200E4	-1.792265E1	2.202946E1	2.839927E1	8.491310E2	1.720422E3	6.910920E1	4.237818E1
5.680000E0	1.136000E4	-2.057564E1	1.971178E1	2.849405E1	8.562284E2	1.761068E3	6.645621E1	4.469587E1
5.684000E0	1.136800E4	-2.294468E1	1.715262E1	2.864735E1	8.632195E2	1.753315E3	6.408716E1	4.725502E1
5.688000E0	1.137600E4	-2.486340E1	1.420779E1	2.863651E1	8.702549E2	1.755135E3	6.216845E1	5.019985E1
5.692000E0	1.138400E4	-2.647004E1	1.109404E1	2.870088E1	8.772606E2	1.781971E3	6.056181E1	5.331360E1
5.696000E0	1.139200E4	-2.779377E1	7.702327E0	2.884128E1	8.845107E2	1.772817E3	5.923808E1	5.670532E1
5.700000E0	1.140000E4	-2.849788E1	4.287953E0	2.881867E1	8.914431E2	1.772934E3	5.853396E1	6.011969E1
5.704000E0	1.140800E4	-2.893049E1	6.594886E-1	2.893801E1	8.986941E2	1.769358E3	5.810136E1	6.374815E1
5.708000E0	1.141600E4	-2.871936E1	-2.814949E0	2.885699E1	9.055980E2	1.774962E3	5.831248E1	6.722259E1
5.712000E0	1.142400E4	-2.812839E1	-6.439071E0	2.885599E1	9.128938E2	1.873716E3	5.890346E1	7.084671E1
5.716000E0	1.143200E4	-2.706313E1	-1.016575E1	2.890943E1	9.205877E2	1.851272E3	5.996872E1	7.457339E1
5.720000E0	1.144000E4	-2.552942E1	-1.340552E1	2.883504E1	9.277040E2	1.777098E3	6.150243E1	7.781316E1
5.724000E0	1.144800E4	-2.365187E1	-1.644124E1	2.880496E1	9.348045E2	1.824521E3	6.337998E1	8.084889E1
5.728000E0	1.145600E4	-2.141512E1	-1.948638E1	2.895387E1	9.423002E2	1.850903E3	6.561672E1	8.389402E1
5.732000E0	1.146400E4	-1.882366E1	-2.212691E1	2.905047E1	9.496117E2	1.816976E3	6.820819E1	8.653455E1
5.736000E0	1.147200E4	-1.578654E1	-2.415746E1	2.885824E1	9.568360E2	1.813171E3	7.124531E1	8.856511E1
5.740000E0	1.148000E4	-1.256385E1	-2.589390E1	2.878098E1	9.641171E2	1.832573E3	7.446800E1	9.030155E1
5.744000E0	1.148800E4	-9.078387E0	-2.712704E1	2.860583E1	9.714966E2	1.891860E3	7.795346E1	9.153469E1
5.748000E0	1.149600E4	-5.295684E0	-2.789846E1	2.839662E1	9.792520E2	1.956573E3	8.173616E1	9.230610E1
5.752000E0	1.150400E4	-1.409073E0	-2.829589E1	2.833096E1	9.871492E2	1.884050E3	8.562277E1	9.270354E1
5.756000E0	1.151200E4	2.116507E0	-2.798926E1	2.806917E1	9.943244E2	1.886795E3	8.914835E1	9.239690E1
5.760000E0	1.152000E4	5.922176E0	-2.729078E1	2.792596E1	1.002244E3	1.965126E3	9.295402E1	9.169843E1
5.764000E0	1.152800E4	9.504644E0	-2.604955E1	2.772936E1	1.010045E3	1.951364E3	9.653649E1	9.045720E1
5.768000E0	1.153600E4	1.283513E1	-2.428803E1	2.747087E1	1.017854E3	2.010751E3	9.986697E1	8.869567E1
5.772000E0	1.154400E4	1.607922E1	-2.202475E1	2.726959E1	1.026131E3	2.033738E3	1.031111E2	8.643239E1
5.776000E0	1.155200E4	1.886875E1	-1.945450E1	2.710180E1	1.034124E3	1.974094E3	1.059006E2	8.386214E1
5.780000E0	1.156000E4	2.133547E1	-1.671462E1	2.710315E1	1.041924E3	1.998354E3	1.083673E2	8.112227E1
5.784000E0	1.156800E4	2.323987E1	-1.335749E1	2.680512E1	1.050111E3	2.088298E3	1.102717E2	7.776514E1
5.788000E0	1.157600E4	2.480939E1	-9.707443E0	2.664095E1	1.058631E3	2.109312E3	1.118412E2	7.411509E1
5.792000E0	1.158400E4	2.591073E1	-5.988791E0	2.659382E1	1.066986E3	2.114245E3	1.129426E2	7.039643E1
5.796000E0	1.159200E4	2.638659E1	-2.056053E0	2.646657E1	1.075544E3	2.152451E3	1.134184E2	6.646370E1
5.800000E0	1.160000E4	2.623849E1	1.929264E0	2.630933E1	1.084205E3	2.192588E3	1.132703E2	6.247838E1
5.804000E0	1.160800E4	2.557023E1	5.943415E0	2.625188E1	1.093085E3	2.213605E3	1.126021E2	5.846423E1
5.808000E0	1.161600E4	2.432058E1	9.783768E0	2.621474E1	1.101914E3	2.153985E3	1.113524E2	5.462388E1
5.812000E0	1.162400E4	2.274041E1	1.329752E1	2.634294E1	1.110317E3	2.114913E3	1.097723E2	5.111012E1
5.816000E0	1.163200E4	2.062351E1	1.660154E1	2.647527E1	1.118833E3	2.169304E3	1.076554E2	4.780611E1
5.820000E0	1.164000E4	1.792143E1	1.967573E1	2.661414E1	1.127672E3	2.165534E3	1.049533E2	4.473191E1
5.824000E0	1.164800E4	1.501361E1	2.239127E1	2.695881E1	1.136158E3	2.082579E3	1.020455E2	4.201637E1
5.828000E0	1.165600E4	1.171152E1	2.436971E1	2.703780E1	1.144332E3	2.032583E3	9.874337E1	4.003793E1
5.832000E0	1.166400E4	8.216314E0	2.592991E1	2.720051E1	1.152418E3	2.091068E3	9.524816E1	3.847773E1
5.836000E0	1.167200E4	4.262927E0	2.710080E1	2.743402E1	1.161061E3	2.120117E3	9.129477E1	3.730685E1
5.840000E0	1.168000E4	2.992845E-1	2.762464E1	2.762626E1	1.169379E3	2.080293E3	8.733113E1	3.678300E1
5.844000E0	1.168800E4	-3.755633E0	2.776621E1	2.801905E1	1.177703E3	2.066679E3	8.327621E1	3.664144E1
5.848000E0	1.169600E4	-7.750241E0	2.718454E1	2.826775E1	1.185913E3	2.055057E3	7.928161E1	3.722310E1
5.852000E0	1.170400E4	-1.158600E1	2.584818E1	2.832603E1	1.194143E3	2.039992E3	7.544584E1	3.855946E1
5.856000E0	1.171200E4	-1.521423E1	2.412929E1	2.852535E1	1.202233E3	2.025330E3	7.181761E1	4.027835E1
5.860000E0	1.172000E4	-1.847929E1	2.175450E1	2.854369E1	1.210346E3	2.042306E3	6.855256E1	4.265315E1
5.864000E0	1.172800E4	-2.155254E1	1.902045E1	2.874525E1	1.218571E3	2.072369E3	6.547931E1	4.538719E1
5.868000E0	1.173600E4	-2.412795E1	1.571377E1	2.879376E1	1.226925E3	2.065112E3	6.290390E1	4.869388E1
5.872000E0	1.174400E4	-2.608962E1	1.211483E1	2.876521E1	1.235092E3	2.069616E3	6.094223E1	5.229281E1
5.876000E0	1.175200E4	-2.759976E1	8.184849E0	2.878782E1	1.243482E3	2.104697E3	5.943208E1	5.622279E1
5.880000E0	1.176000E4	-2.855227E1	4.048563E0	2.883788E1	1.251930E3	2.116323E3	5.847957E1	6.035908E1
5.884000E0	1.176800E4	-2.890833E1	-2.081775E-1	2.890908E1	1.260413E3	2.106383E3	5.812351E1	6.461582E1
5.888000E0	1.177600E4	-2.860657E1	-4.418625E0	2.894581E1	1.268781E3	2.073197E3	5.842528E1	6.882627E1
5.892000E0	1.178400E4	-2.763802E1	-8.448827E0	2.890057E1	1.276998E3	2.162775E3	5.939383E1	7.285647E1
5.896000E0	1.179200E4	-2.599438E1	-1.272485E1	2.894183E1	1.286083E3	2.210403E3	6.103747E1	7.713250E1
5.900000E0	1.180000E4	-2.378659E1	-1.645919E1	2.892588E1	1.294681E3	2.167102E3	6.324526E1	8.086683E1
5.904000E0	1.180800E4	-2.111491E1	-1.998109E1	2.907032E1	1.303420E3	2.173532E3	6.591693E1	8.438874E1
5.908000E0	1.181600E4	-1.777436E1	-2.280724E1	2.891536E1	1.312070E3	2.115624E3	6.925749E1	8.721488E1
5.912000E0	1.182400E4	-1.427638E1	-2.507452E1	2.885388E1	1.320345E3	2.135255E3	7.275547E1	8.948216E1
5.916000E0	1.183200E4	-1.019235E1	-2.676356E1	2.863865E1	1.329152E3	2.205220E3	7.683950E1	9.117120E1
5.920000E0	1.184000E4	-5.942335E0	-2.792388E1	2.854916E1	1.337986E3	2.185140E3	8.108951E1	9.233152E1
5.924000E0	1.184800E4	-1.668306E0	-2.835502E1	2.840406E1	1.346633E3	2.160645E3	8.536354E1	9.276267E1
5.928000E0	1.185600E4	2.583586E0	-2.800133E1	2.812027E1	1.355272E3	2.179384E3	8.961543E1	9.240898E1
5.932000E0	1.186400E4	6.782276E0	-2.706558E1	2.790242E1	1.364068E3	2.258338E3	9.381412E1	9.147323E1
5.936000E0	1.187200E4	1.097303E1	-2.543232E1	2.769856E1	1.373338E3	2.327399E3	9.800487E1	8.983996E1
5.940000E0	1.188000E4	1.480017E1	-2.306507E1	2.740515E1	1.382687E3	2.328458E3	1.018320E2	8.747272E1
5.944000E0	1.188800E4	1.822390E1	-2.026391E1	2.725319E1	1.391966E3	2.325463E3	1.052557E2	8.467155E1
5.948000E0	1.189600E4	2.108297E1	-1.689622E1	2.701803E1	1.401291E3	2.328775E3	1.081148E2	8.130386E1
5.952000E0	1.190400E4	2.331480E1	-1.313929E1	2.676231E1	1.410596E3	2.382639E3	1.103467E2	7.754694E1
5.956000E0	1.191200E4	2.501219E1	-8.930115E0	2.655855E1	1.420352E3	2.416228E3	1.120440E2	7.333776E1
5.960000E0	1.192000E4	2.605674E1	-4.629237E0	2.646476E1	1.429926E3	2.415812E3	1.130886E2	6.903688E1
5.964000E0	1.192800E4	2.635845E1	-1.479594E-1	2.635886E1	1.439678E3	2.458321E3	1.133903E2	6.455560E1
5.968000E0	1.193600E4	2.593083E1	4.382389E0	2.629854E1	1.449593E3	2.455401E3	1.129627E2	6.002525E1
5.972000E0	1.194400E4	2.479511E1	8.693615E0	2.627501E1	1.459322E3	2.477484E3	1.118270E2	5.571403E1
5.976000E0	1.195200E4	2.308325E1	1.301332E1	2.649873E1	1.469412E3	2.518887E3	1.101151E2	5.139432E1
5.980000E0	1.196000E4	2.050858E1	1.688956E1	2.656801E1	1.479473E3	2.511693E3	1.075404E2	4.751809E1
5.984000E0	1.196800E4	1.733126E1	2.029655E1	2.668937E1	1.489506E3	2.470602E3	1.043631E2	4.411109E1
5.988000E0	1.197600E4	1.373987E1	2.308319E1	2.686294E1	1.499238E3	2.393481E3	1.007717E2	4.132445E1
5.992000E0	1.198400E4	9.877950E0	2.527537E1	2.713702E1	1.508654E3	2.341338E3	9.690980E1	3.913228E1
5.996000E0	1.199200E4	5.708127E0	2.678155E1	2.738310E1	1.517968E3	2.368345E3	9.273997E1	3.762609E1
6.000000E0	1.200000E4	1.158262E0	2.764150E1	2.766576E1	1.527601E3	2.397874E3	8.819011E1	3.676614E1
6.004000E0	1.200800E4	-3.478246E0	2.772301E1	2.794035E1	1.537151E3	2.382775E3	8.355360E1	3.668464E1
6.008000E0	1.201600E4	-8.111962E0	2.710260E1	2.829054E1	1.546663E3	2.364929E3	7.891989E1	3.730504E1
6.012000E0	1.202400E4	-1.244471E1	2.543579E1	2.831696E1	1.556071E3	2.391615E3	7.458714E1	3.897185E1
6.016000E0	1.203200E4	-1.660812E1	2.303140E1	2.839498E1	1.565796E3	2.375677E3	7.042373E1	4.137624E1
6.020000E0	1.204000E4	-2.025430E1	2.020059E1	2.860595E1	1.575076E3	2.322805E3	6.677755E1	4.420705E1
6.024000E0	1.204800E4	-2.325968E1	1.666575E1	2.861398E1	1.584378E3	2.296874E3	6.377217E1	4.774189E1
6.028000E0	1.205600E4	-2.567193E1	1.282695E1	2.869806E1	1.593451E3	2.333334E3	6.135992E1	5.158070E1
6.032000E0	1.206400E4	-2.753965E1	8.396191E0	2.879111E1	1.603045E3	2.425914E3	5.949220E1	5.601145E1
6.036000E0	1.207200E4	-2.869579E1	3.595429E0	2.892016E1	1.612858E3	2.388889E3	5.833606E1	6.081221E1
6.040000E0	1.208000E4	-2.886668E1	-1.086684E0	2.888713E1	1.622156E3	2.381858E3	5.816517E1	6.549433E1
6.044000E0	1.208800E4	-2.820111E1	-5.949706E0	2.882189E1	1.631913E3	2.440363E3	5.883074E1	7.035735E1
6.048000E0	1.209600E4	-2.667964E1	-1.060567E1	2.871034E1	1.641679E3	2.435551E3	6.035221E1	7.501332E1
6.052000E0	1.210400E4	-2.468136E1	-1.506417E1	2.891537E1	1.651398E3	2.406399E3	6.235049E1	7.947181E1
6.056000E0	1.211200E4	-2.183446E1	-1.893360E1	2.890026E1	1.660930E3	2.402578E3	6.519739E1	8.334125E1
6.060000E0	1.212000E4	-1.835802E1	-2.236395E1	2.893377E1	1.670618E3	2.382810E3	6.867383E1	8.677159E1
6.064000E0	1.212800E4	-1.439688E1	-2.492855E1	2.878719E1	1.679992E3	2.378996E3	7.263497E1	8.933619E1
6.068000E0	1.213600E4	-9.946900E0	-2.681834E1	2.860357E1	1.689650E3	2.454956E3	7.708495E1	9.122599E1
6.072000E0	1.214400E4	-5.123674E0	-2.800509E1	2.846993E1	1.699632E3	2.512806E3	8.190817E1	9.241273E1
6.076000E0	1.215200E4	-1.218594E-1	-2.822983E1	2.823009E1	1.709753E3	2.520092E3	8.690999E1	9.263747E1
6.080000E0	1.216000E4	4.757544E0	-2.756377E1	2.797134E1	1.719793E3	2.520318E3	9.178939E1	9.197141E1
6.084000E0	1.216800E4	9.507414E0	-2.624216E1	2.791132E1	1.729915E3	2.535382E3	9.653926E1	9.064980E1
6.088000E0	1.217600E4	1.377085E1	-2.377901E1	2.747868E1	1.740076E3	2.547508E3	1.008027E2	8.818666E1
6.092000E0	1.218400E4	1.772286E1	-2.090157E1	2.740393E1	1.750295E3	2.620700E3	1.047547E2	8.530921E1
6.096000E0	1.219200E4	2.112344E1	-1.708011E1	2.716487E1	1.761041E3	2.659027E3	1.081553E2	8.148776E1
6.100000E0	1.220000E4	2.361032E1	-1.278336E1	2.684886E1	1.771567E3	2.656995E3	1.106422E2	7.719101E1
6.104000E0	1.220800E4	2.525573E1	-8.061366E0	2.651108E1	1.782297E3	2.705517E3	1.122876E2	7.246901E1
6.108000E0	1.221600E4	2.622394E1	-3.121614E0	2.640908E1	1.793212E3	2.772218E3	1.132558E2	6.752926E1
6.112000E0	1.222400E4	2.620634E1	2.051072E0	2.628649E1	1.804475E3	2.776515E3	1.132382E2	6.235657E1
6.116000E0	1.223200E4	2.528387E1	6.975618E0	2.622849E1	1.815424E3	2.775692E3	1.123157E2	5.743203E1
6.120000E0	1.224000E4	2.347614E1	1.179738E1	2.627370E1	1.826681E3	2.785826E3	1.105080E2	5.261026E1
6.124000E0	1.224800E4	2.091691E1	1.617247E1	2.643985E1	1.837710E3	2.722951E3	1.079488E2	4.823518E1
6.128000E0	1.225600E4	1.771707E1	2.000042E1	2.671912E1	1.848464E3	2.688094E3	1.047489E2	4.440722E1
6.132000E0	1.226400E4	1.382796E1	2.321054E1	2.701744E1	1.859215E3	2.685045E3	1.008598E2	4.119710E1
6.136000E0	1.227200E4	9.327833E0	2.555126E1	2.720065E1	1.869945E3	2.696206E3	9.635968E1	3.885638E1
6.140000E0	1.228000E4	4.373016E0	2.695439E1	2.730682E1	1.880785E3	2.709197E3	9.140486E1	3.745326E1
6.144000E0	1.228800E4	-7.812981E-1	2.765462E1	2.766566E1	1.891618E3	2.661253E3	8.625055E1	3.675302E1
6.148000E0	1.229600E4	-5.867394E0	2.742783E1	2.804839E1	1.902075E3	2.605637E3	8.116445E1	3.697981E1
6.152000E0	1.230400E4	-1.075311E1	2.600729E1	2.814264E1	1.912463E3	2.617603E3	7.627874E1	3.840036E1
6.156000E0	1.231200E4	-1.547647E1	2.381746E1	2.840409E1	1.923016E3	2.615532E3	7.155538E1	4.059019E1
6.160000E0	1.232000E4	-1.966563E1	2.080481E1	2.862826E1	1.933388E3	2.580950E3	6.736621E1	4.360283E1
6.164000E0	1.232800E4	-2.315689E1	1.703332E1	2.874675E1	1.943663E3	2.576221E3	6.387496E1	4.737432E1
6.168000E0	1.233600E4	-2.583436E1	1.260171E1	2.874399E1	1.953997E3	2.576295E3	6.119749E1	5.180594E1
6.172000E0	1.234400E4	-2.774689E1	7.813107E0	2.882594E1	1.964274E3	2.598992E3	5.928495E1	5.659454E1
6.176000E0	1.235200E4	-2.875298E1	2.622118E0	2.887229E1	1.974789E3	2.620949E3	5.827887E1	6.178552E1
6.180000E0	1.236000E4	-2.870240E1	-2.632921E0	2.882291E1	1.985241E3	2.680952E3	5.832945E1	6.704056E1
6.184000E0	1.236800E4	-2.774253E1	-8.079360E0	2.889506E1	1.996237E3	2.694888E3	5.928931E1	7.248700E1
6.188000E0	1.237600E4	-2.577186E1	-1.301846E1	2.887333E1	2.006800E3	2.659685E3	6.125999E1	7.742610E1
6.192000E0	1.238400E4	-2.289487E1	-1.757702E1	2.886393E1	2.017514E3	2.705102E3	6.413698E1	8.198466E1
6.196000E0	1.239200E4	-1.919896E1	-2.165557E1	2.894070E1	2.028441E3	2.694559E3	6.783289E1	8.606322E1
6.200000E0	1.240000E4	-1.486022E1	-2.480104E1	2.891224E1	2.039071E3	2.660586E3	7.217162E1	8.920868E1
6.204000E0	1.240800E4	-9.957432E0	-2.695571E1	2.873605E1	2.049726E3	2.664149E3	7.707442E1	9.136335E1
6.208000E0	1.241600E4	-4.765740E0	-2.812925E1	2.853011E1	2.060384E3	2.655767E3	8.226611E1	9.253690E1
6.212000E0	1.242400E4	4.799051E-1	-2.828820E1	2.829227E1	2.070972E3	2.710160E3	8.751175E1	9.269584E1
6.216000E0	1.243200E4	5.845134E0	-2.734573E1	2.796345E1	2.082065E3	2.795928E3	9.287698E1	9.175337E1
6.220000E0	1.244000E4	1.096236E1	-2.540629E1	2.767043E1	2.093339E3	2.801973E3	9.799421E1	8.981393E1
6.224000E0	1.244800E4	1.544921E1	-2.249459E1	2.728891E1	2.104481E3	2.776848E3	1.024811E2	8.690223E1
6.228000E0	1.245600E4	1.935584E1	-1.898502E1	2.711235E1	2.115554E3	2.827165E3	1.063877E2	8.339266E1
6.232000E0	1.246400E4	2.253776E1	-1.458118E1	2.684327E1	2.127098E3	2.865960E3	1.095696E2	7.898882E1
6.236000E0	1.247200E4	2.478937E1	-9.773887E0	2.664660E1	2.138482E3	2.937320E3	1.118212E2	7.418153E1
6.240000E0	1.248000E4	2.607802E1	-4.318575E0	2.643319E1	2.150597E3	3.049476E3	1.131099E2	6.872622E1
6.244000E0	1.248800E4	2.636746E1	1.325387E0	2.640075E1	2.162878E3	3.033983E3	1.133993E2	6.308226E1
6.248000E0	1.249600E4	2.534854E1	6.729992E0	2.622672E1	2.174869E3	3.021048E3	1.123804E2	5.767765E1
6.252000E0	1.250400E4	2.349404E1	1.199458E1	2.637877E1	2.187046E3	3.054766E3	1.105259E2	5.241307E1
6.256000E0	1.251200E4	2.045894E1	1.674964E1	2.644085E1	2.199307E3	3.025675E3	1.074908E2	4.765801E1
6.260000E0	1.252000E4	1.673251E1	2.084931E1	2.673332E1	2.211251E3	2.928772E3	1.037644E2	4.355833E1
6.264000E0	1.252800E4	1.242166E1	2.410492E1	2.711724E1	2.222737E3	2.903811E3	9.945351E1	4.030273E1
6.268000E0	1.253600E4	7.321066E0	2.636652E1	2.736405E1	2.234482E3	2.912830E3	9.435291E1	3.804112E1
6.272000E0	1.254400E4	1.902465E0	2.748115E1	2.754693E1	2.246040E3	2.854897E3	8.893431E1	3.692649E1
6.276000E0	1.255200E4	-3.534476E0	2.751071E1	2.773683E1	2.257321E3	2.831300E3	8.349737E1	3.689693E1
6.280000E0	1.256000E4	-8.959255E0	2.648382E1	2.795820E1	2.268690E3	2.827767E3	7.807259E1	3.792382E1
6.284000E0	1.256800E4	-1.404603E1	2.438425E1	2.814041E1	2.279943E3	2.802239E3	7.298582E1	4.002340E1
6.288000E0	1.257600E4	-1.862273E1	2.134151E1	2.832430E1	2.291108E3	2.823059E3	6.840911E1	4.306613E1
6.292000E0	1.258400E4	-2.261443E1	1.733532E1	2.849431E1	2.302528E3	2.836583E3	6.441742E1	4.707232E1
6.296000E0	1.259200E4	-2.572414E1	1.265739E1	2.866951E1	2.313801E3	2.775673E3	6.130771E1	5.175025E1
6.300000E0	1.260000E4	-2.783269E1	7.596913E0	2.885086E1	2.324733E3	2.765324E3	5.919915E1	5.681073E1
6.304000E0	1.260800E4	-2.875409E1	2.049313E0	2.882703E1	2.335923E3	2.812862E3	5.827775E1	6.235833E1
6.308000E0	1.261600E4	-2.864213E1	-3.636597E0	2.887207E1	2.347236E3	2.874477E3	5.838972E1	6.804424E1
6.312000E0	1.262400E4	-2.741358E1	-9.396042E0	2.897913E1	2.358919E3	2.865339E3	5.961826E1	7.380369E1
6.316000E0	1.263200E4	-2.500900E1	-1.453143E1	2.892426E1	2.370159E3	2.841881E3	6.202285E1	7.893908E1
6.320000E0	1.264000E4	-2.167835E1	-1.928369E1	2.901399E1	2.381654E3	2.860485E3	6.535349E1	8.369133E1
6.324000E0	1.264800E4	-1.732380E1	-2.302500E1	2.881431E1	2.393043E3	2.816033E3	6.970805E1	8.743264E1
6.328000E0	1.265600E4	-1.251636E1	-2.587120E1	2.873984E1	2.404183E3	2.825020E3	7.451549E1	9.027884E1
6.332000E0	1.266400E4	-7.075148E0	-2.764137E1	2.853249E1	2.415643E3	2.927603E3	7.995670E1	9.204901E1
6.336000E0	1.267200E4	-1.184886E0	-2.831016E1	2.833495E1	2.427603E3	2.954168E3	8.584696E1	9.271780E1
6.340000E0	1.268000E4	4.526413E0	-2.771384E1	2.808105E1	2.439276E3	2.909954E3	9.155826E1	9.212148E1
6.344000E0	1.268800E4	9.915615E0	-2.598958E1	2.781686E1	2.450883E3	2.970015E3	9.694746E1	9.039723E1
6.348000E0	1.269600E4	1.495422E1	-2.299571E1	2.743048E1	2.463036E3	3.029727E3	1.019861E2	8.740335E1
6.352000E0	1.270400E4	1.927149E1	-1.919040E1	2.719672E1	2.475121E3	3.085782E3	1.063033E2	8.359804E1
6.356000E0	1.271200E4	2.265817E1	-1.431150E1	2.679947E1	2.487722E3	3.114305E3	1.096900E2	7.871914E1
6.360000E0	1.272000E4	2.492732E1	-9.055445E0	2.652117E1	2.500035E3	3.151944E3	1.119592E2	7.346309E1
6.364000E0	1.272800E4	2.624521E1	-3.251357E0	2.644584E1	2.512938E3	3.216879E3	1.132771E2	6.765900E1
6.368000E0	1.273600E4	2.616097E1	2.643622E0	2.629420E1	2.525770E3	3.234352E3	1.131928E2	6.176402E1
6.372000E0	1.274400E4	2.505761E1	8.536539E0	2.647180E1	2.538813E3	3.152802E3	1.120895E2	5.587110E1
6.376000E0	1.275200E4	2.268058E1	1.362393E1	2.645789E1	2.550993E3	3.145754E3	1.097124E2	5.078372E1
6.380000E0	1.276000E4	1.931292E1	1.863647E1	2.683853E1	2.563979E3	3.228114E3	1.063448E2	4.577118E1
6.384000E0	1.276800E4	1.481532E1	2.265537E1	2.706953E1	2.576818E3	3.177466E3	1.018472E2	4.175227E1
6.388000E0	1.277600E4	9.654096E0	2.568231E1	2.743689E1	2.589399E3	3.142110E3	9.668594E1	3.872533E1
6.392000E0	1.278400E4	3.881916E0	2.746295E1	2.773595E1	2.601954E3	3.036575E3	9.091376E1	3.694470E1
6.396000E0	1.279200E4	-1.790807E0	2.775939E1	2.781709E1	2.613691E3	2.978719E3	8.524104E1	3.664826E1
6.400000E0	1.280000E4	-7.668209E0	2.712736E1	2.819033E1	2.625784E3	3.032039E3	7.936364E1	3.728029E1
6.404000E0	1.280800E4	-1.331524E1	2.509782E1	2.841120E1	2.637947E3	2.967495E3	7.371661E1	3.930982E1
6.408000E0	1.281600E4	-1.805732E1	2.188644E1	2.837399E1	2.649524E3	2.963126E3	6.897453E1	4.252120E1
6.412000E0	1.282400E4	-2.247124E1	1.777701E1	2.865272E1	2.661652E3	3.007551E3	6.456061E1	4.663064E1
6.416000E0	1.283200E4	-2.587496E1	1.285311E1	2.889145E1	2.673585E3	3.015586E3	6.115689E1	5.155454E1
6.420000E0	1.284000E4	-2.791606E1	7.075696E0	2.879882E1	2.685777E3	3.046262E3	5.911579E1	5.733195E1
6.424000E0	1.284800E4	-2.877019E1	1.027451E0	2.878853E1	2.697955E3	3.032582E3	5.826166E1	6.338019E1
6.428000E0	1.285600E4	-2.847066E1	-5.039518E0	2.891323E1	2.710038E3	3.030024E3	5.856119E1	6.944716E1
6.432000E0	1.286400E4	-2.678019E1	-1.092601E1	2.892328E1	2.722195E3	3.064209E3	6.025166E1	7.533365E1
6.436000E0	1.287200E4	-2.380287E1	-1.639076E1	2.890041E1	2.734551E3	3.028027E3	6.322898E1	8.079841E1
6.440000E0	1.288000E4	-1.985138E1	-2.085993E1	2.879607E1	2.746419E3	3.000080E3	6.718047E1	8.526757E1
6.444000E0	1.288800E4	-1.506742E1	-2.463807E1	2.888012E1	2.758552E3	3.067275E3	7.196443E1	8.904571E1
6.448000E0	1.289600E4	-9.313753E0	-2.698377E1	2.854593E1	2.770957E3	3.112437E3	7.771809E1	9.139142E1
6.452000E0	1.290400E4	-3.233787E0	-2.817103E1	2.835603E1	2.783452E3	3.109680E3	8.379806E1	9.257868E1
6.456000E0	1.291200E4	2.851275E0	-2.790195E1	2.804725E1	2.795835E3	3.127537E3	8.988312E1	9.230959E1
6.460000E0	1.292000E4	8.825757E0	-2.642045E1	2.785560E1	2.808472E3	3.127385E3	9.585760E1	9.082809E1
6.464000E0	1.292800E4	1.410141E1	-2.360489E1	2.749620E1	2.820854E3	3.158489E3	1.011333E2	8.801253E1
6.468000E0	1.293600E4	1.889229E1	-1.974216E1	2.732529E1	2.833740E3	3.235002E3	1.059241E2	8.414980E1
6.472000E0	1.294400E4	2.258710E1	-1.481786E1	2.701382E1	2.846734E3	3.267547E3	1.096189E2	7.922551E1
6.476000E0	1.295200E4	2.499489E1	-9.156625E0	2.661932E1	2.859880E3	3.359571E3	1.120267E2	7.356427E1
6.480000E0	1.296000E4	2.629648E1	-2.944785E0	2.646085E1	2.873610E3	3.400877E3	1.133283E2	6.735243E1
6.484000E0	1.296800E4	2.615055E1	3.251298E0	2.635189E1	2.887087E3	3.376742E3	1.131824E2	6.115634E1
6.488000E0	1.297600E4	2.464477E1	9.275314E0	2.633242E1	2.900624E3	3.389490E3	1.116766E2	5.513233E1
6.492000E0	1.298400E4	2.178323E1	1.480561E1	2.633848E1	2.914203E3	3.406283E3	1.088151E2	4.960203E1
6.496000E0	1.299200E4	1.792744E1	1.982302E1	2.672724E1	2.927875E3	3.371958E3	1.049593E2	4.458462E1
6.500000E0	1.300000E4	1.307179E1	2.375668E1	2.711552E1	2.941179E3	3.302092E3	1.001036E2	4.065096E1
6.504000E0	1.300800E4	7.430264E0	2.641869E1	2.744368E1	2.954291E3	3.302174E3	9.446211E1	3.798896E1
6.508000E0	1.301600E4	1.157060E0	2.756289E1	2.758717E1	2.967596E3	3.271444E3	8.818891E1	3.684475E1
6.512000E0	1.302400E4	-5.051773E0	2.735578E1	2.781833E1	2.980463E3	3.184795E3	8.198007E1	3.705186E1
6.516000E0	1.303200E4	-1.098835E1	2.579356E1	2.803661E1	2.993075E3	3.158256E3	7.604350E1	3.861409E1
6.520000E0	1.304000E4	-1.660837E1	2.308837E1	2.844135E1	3.005729E3	3.182752E3	7.042348E1	4.131928E1
6.524000E0	1.304800E4	-2.145747E1	1.895956E1	2.863369E1	3.018537E3	3.196144E3	6.557438E1	4.544808E1
6.528000E0	1.305600E4	-2.528401E1	1.384368E1	2.882584E1	3.031298E3	3.157626E3	6.174784E1	5.056396E1
6.532000E0	1.306400E4	-2.766991E1	8.040120E0	2.881436E1	3.043798E3	3.157183E3	5.936194E1	5.636752E1
6.536000E0	1.307200E4	-2.886022E1	1.737079E0	2.891245E1	3.056556E3	3.185719E3	5.817162E1	6.267056E1
6.540000E0	1.308000E4	-2.846824E1	-4.653349E0	2.884604E1	3.069283E3	3.205432E3	5.856361E1	6.906099E1
6.544000E0	1.308800E4	-2.683656E1	-1.095126E1	2.898501E1	3.082199E3	3.225253E3	6.019529E1	7.535890E1
6.548000E0	1.309600E4	-2.368814E1	-1.663926E1	2.894811E1	3.095085E3	3.216163E3	6.334370E1	8.104691E1
6.552000E0	1.310400E4	-1.942882E1	-2.152368E1	2.899565E1	3.107928E3	3.208726E3	6.760303E1	8.593132E1
6.556000E0	1.311200E4	-1.415700E1	-2.528449E1	2.897803E1	3.120755E3	3.212061E3	7.287484E1	8.969213E1
6.560000E0	1.312000E4	-8.042970E0	-2.737142E1	2.852865E1	3.133625E3	3.234861E3	7.898888E1	9.177906E1
6.564000E0	1.312800E4	-1.659322E0	-2.821275E1	2.826150E1	3.146634E3	3.232457E3	8.537252E1	9.262039E1
6.568000E0	1.313600E4	4.613795E0	-2.761694E1	2.799969E1	3.159484E3	3.227225E3	9.164564E1	9.202459E1
6.572000E0	1.314400E4	1.059244E1	-2.563333E1	2.773567E1	3.172452E3	3.302789E3	9.762429E1	9.004097E1
6.576000E0	1.315200E4	1.602995E1	-2.213900E1	2.733303E1	3.185907E3	3.432967E3	1.030618E2	8.654664E1
6.580000E0	1.316000E4	2.064399E1	-1.737426E1	2.698220E1	3.199916E3	3.503124E3	1.076758E2	8.178190E1
6.584000E0	1.316800E4	2.390605E1	-1.169502E1	2.661339E1	3.213932E3	3.492922E3	1.109379E2	7.610266E1
6.588000E0	1.317600E4	2.597236E1	-5.587453E0	2.656658E1	3.227859E3	3.522622E3	1.130042E2	6.999510E1
6.592000E0	1.318400E4	2.643455E1	9.751972E-1	2.645253E1	3.242113E3	3.579671E3	1.134664E2	6.343245E1
6.596000E0	1.319200E4	2.522854E1	7.471275E0	2.631158E1	3.256496E3	3.565612E3	1.122604E2	5.693637E1
6.600000E0	1.320000E4	2.272359E1	1.345885E1	2.641027E1	3.270638E3	3.524957E3	1.097554E2	5.094879E1
6.604000E0	1.320800E4	1.888830E1	1.868891E1	2.657147E1	3.284696E3	3.556616E3	1.059201E2	4.571873E1
6.608000E0	1.321600E4	1.388045E1	2.318388E1	2.702146E1	3.299091E3	3.509578E3	1.009123E2	4.122376E1
6.612000E0	1.322400E4	8.092908E0	2.609978E1	2.732569E1	3.312773E3	3.462585E3	9.512475E1	3.830786E1
6.616000E0	1.323200E4	1.539979E0	2.746922E1	2.751235E1	3.326791E3	3.479069E3	8.857183E1	3.693843E1
6.620000E0	1.324000E4	-5.128346E0	2.738945E1	2.786542E1	3.340605E3	3.393779E3	8.190350E1	3.701819E1
6.624000E0	1.324800E4	-1.138395E1	2.563921E1	2.805287E1	3.353941E3	3.352896E3	7.564790E1	3.876843E1
6.628000E0	1.325600E4	-1.739278E1	2.272552E1	2.861744E1	3.367428E3	3.345522E3	6.963907E1	4.168213E1
6.632000E0	1.326400E4	-2.229691E1	1.824613E1	2.881099E1	3.380706E3	3.303760E3	6.473494E1	4.616151E1
6.636000E0	1.327200E4	-2.579774E1	1.266142E1	2.873735E1	3.393858E3	3.294154E3	6.123410E1	5.174622E1
6.640000E0	1.328000E4	-2.803931E1	6.443039E0	2.877005E1	3.407059E3	3.350989E3	5.899254E1	5.796460E1
6.644000E0	1.328800E4	-2.884247E1	-3.354334E-1	2.884442E1	3.420666E3	3.361779E3	5.818938E1	6.474308E1
6.648000E0	1.329600E4	-2.796676E1	-6.948597E0	2.881706E1	3.433953E3	3.346266E3	5.906508E1	7.135624E1
6.652000E0	1.330400E4	-2.563397E1	-1.330808E1	2.888261E1	3.447436E3	3.347815E3	6.139788E1	7.771572E1
6.656000E0	1.331200E4	-2.181620E1	-1.878852E1	2.879158E1	3.460736E3	3.323732E3	6.521565E1	8.319616E1
6.660000E0	1.332000E4	-1.694755E1	-2.334884E1	2.885113E1	3.474026E3	3.364249E3	7.008429E1	8.775648E1
6.664000E0	1.332800E4	-1.087716E1	-2.645499E1	2.860383E1	3.487650E3	3.398307E3	7.615469E1	9.086263E1
6.668000E0	1.333600E4	-4.358301E0	-2.819445E1	2.852931E1	3.501213E3	3.357459E3	8.267355E1	9.260209E1
6.672000E0	1.334400E4	2.216786E0	-2.810855E1	2.819583E1	3.514509E3	3.407217E3	8.924863E1	9.251620E1
6.676000E0	1.335200E4	8.793401E0	-2.632574E1	2.775551E1	3.528471E3	3.541032E3	9.582525E1	9.073338E1
6.680000E0	1.336000E4	1.485203E1	-2.301268E1	2.738917E1	3.542838E3	3.578370E3	1.018839E2	8.742033E1
6.684000E0	1.336800E4	1.987971E1	-1.847501E1	2.713907E1	3.557097E3	3.572362E3	1.069116E2	8.288265E1
6.688000E0	1.337600E4	2.361295E1	-1.286539E1	2.689033E1	3.571416E3	3.581848E3	1.106448E2	7.727304E1
6.692000E0	1.338400E4	2.575096E1	-6.538837E0	2.656819E1	3.585752E3	3.650259E3	1.127828E2	7.094648E1
6.696000E0	1.339200E4	2.648947E1	2.859779E-1	2.649102E1	3.600619E3	3.740232E3	1.135213E2	6.412167E1
6.700000E0	1.340000E4	2.530995E1	7.101966E0	2.628748E1	3.615674E3	3.750853E3	1.123418E2	5.730568E1
6.704000E0	1.340800E4	2.272928E1	1.345564E1	2.641353E1	3.630625E3	3.688405E3	1.097611E2	5.095200E1
6.708000E0	1.341600E4	1.876248E1	1.888162E1	2.661853E1	3.645181E3	3.682489E3	1.057943E2	4.552602E1
6.712000E0	1.342400E4	1.345611E1	2.338699E1	2.698181E1	3.660085E3	3.699665E3	1.004880E2	4.102065E1
6.716000E0	1.343200E4	7.144911E0	2.625898E1	2.721367E1	3.674779E3	3.656368E3	9.417676E1	3.814866E1
6.720000E0	1.344000E4	3.189518E-1	2.752991E1	2.753176E1	3.689336E3	3.585616E3	8.735080E1	3.687773E1
6.724000E0	1.344800E4	-6.455478E0	2.696447E1	2.772645E1	3.703464E3	3.518701E3	8.057637E1	3.744317E1
6.728000E0	1.345600E4	-1.306750E1	2.511759E1	2.831348E1	3.717486E3	3.497406E3	7.396435E1	3.929005E1
6.732000E0	1.346400E4	-1.883928E1	2.133678E1	2.846360E1	3.731443E3	3.511001E3	6.819257E1	4.307086E1
6.736000E0	1.347200E4	-2.358696E1	1.616615E1	2.859527E1	3.745574E3	3.502427E3	6.344489E1	4.824149E1
6.740000E0	1.348000E4	-2.696621E1	1.010251E1	2.879648E1	3.759462E3	3.478665E3	6.006563E1	5.430514E1
6.744000E0	1.348800E4	-2.864243E1	3.312443E0	2.883333E1	3.773403E3	3.486528E3	5.838942E1	6.109520E1
6.748000E0	1.349600E4	-2.870687E1	-3.705181E0	2.894499E1	3.787354E3	3.505073E3	5.832498E1	6.811282E1
6.752000E0	1.350400E4	-2.700338E1	-1.060630E1	2.901165E1	3.801444E3	3.503699E3	6.002847E1	7.501394E1
6.756000E0	1.351200E4	-2.367879E1	-1.681773E1	2.904343E1	3.815384E3	3.479690E3	6.335306E1	8.122537E1
6.760000E0	1.352000E4	-1.891725E1	-2.197879E1	2.899879E1	3.829281E3	3.470448E3	6.811459E1	8.638644E1
6.764000E0	1.352800E4	-1.303239E1	-2.574129E1	2.885234E1	3.843148E3	3.503983E3	7.399945E1	9.014893E1
6.768000E0	1.353600E4	-6.282282E0	-2.790650E1	2.860489E1	3.857313E3	3.561999E3	8.074956E1	9.231414E1
6.772000E0	1.354400E4	8.124722E-1	-2.831423E1	2.832589E1	3.871644E3	3.582532E3	8.784432E1	9.272188E1
6.776000E0	1.355200E4	7.684975E0	-2.684776E1	2.792599E1	3.885973E3	3.620158E3	9.471682E1	9.125540E1
6.780000E0	1.356000E4	1.406682E1	-2.378105E1	2.762994E1	3.900605E3	3.639436E3	1.010987E2	8.818869E1
6.784000E0	1.356800E4	1.931433E1	-1.925450E1	2.727232E1	3.915089E3	3.725854E3	1.063462E2	8.366215E1
6.788000E0	1.357600E4	2.333922E1	-1.325220E1	2.683914E1	3.930412E3	3.851344E3	1.103711E2	7.765984E1
6.792000E0	1.358400E4	2.582315E1	-6.486508E0	2.662536E1	3.945900E3	3.821909E3	1.128550E2	7.089415E1
6.796000E0	1.359200E4	2.654253E1	4.572835E-1	2.654647E1	3.960987E3	3.830401E3	1.135744E2	6.395036E1
6.800000E0	1.360000E4	2.527307E1	7.506777E0	2.636436E1	3.976543E3	3.882093E3	1.123049E2	5.690087E1
6.804000E0	1.360800E4	2.234298E1	1.398519E1	2.635895E1	3.992044E3	3.899739E3	1.093748E2	5.042246E1
6.808000E0	1.361600E4	1.790284E1	1.970309E1	2.662186E1	4.007741E3	3.892362E3	1.049347E2	4.470455E1
6.812000E0	1.362400E4	1.221872E1	2.417077E1	2.708363E1	4.023183E3	3.810671E3	9.925057E1	4.023688E1
6.816000E0	1.363200E4	5.589060E0	2.681434E1	2.739063E1	4.038226E3	3.774833E3	9.262091E1	3.759330E1
6.820000E0	1.364000E4	-1.639668E0	2.775155E1	2.779995E1	4.053381E3	3.705426E3	8.539218E1	3.665609E1
6.824000E0	1.364800E4	-8.660839E0	2.686334E1	2.822498E1	4.067870E3	3.622570E3	7.837101E1	3.754430E1
6.828000E0	1.365600E4	-1.531565E1	2.416912E1	2.861321E1	4.082362E3	3.626003E3	7.171620E1	4.023852E1
6.832000E0	1.366400E4	-2.088315E1	1.955747E1	2.861120E1	4.096878E3	3.662634E3	6.614869E1	4.485017E1
6.836000E0	1.367200E4	-2.532233E1	1.365580E1	2.876980E1	4.111663E3	3.654711E3	6.170951E1	5.075184E1
6.840000E0	1.368000E4	-2.806773E1	6.938148E0	2.891255E1	4.126115E3	3.608516E3	5.896412E1	5.746949E1
6.844000E0	1.368800E4	-2.891560E1	-2.680292E-1	2.891684E1	4.140531E3	3.607658E3	5.811625E1	6.467567E1
6.848000E0	1.369600E4	-2.785067E1	-7.450314E0	2.882997E1	4.154976E3	3.683115E3	5.918118E1	7.185796E1
6.852000E0	1.370400E4	-2.507452E1	-1.447445E1	2.895240E1	4.169996E3	3.703471E3	6.195733E1	7.888209E1
6.856000E0	1.371200E4	-2.063512E1	-2.035201E1	2.898296E1	4.184604E3	3.598511E3	6.639673E1	8.475965E1
6.860000E0	1.372000E4	-1.493676E1	-2.464807E1	2.882073E1	4.198784E3	3.616576E3	7.209509E1	8.905572E1
6.864000E0	1.372800E4	-8.120357E0	-2.747876E1	2.865349E1	4.213537E3	3.680041E3	7.891149E1	9.188640E1
6.868000E0	1.373600E4	-8.826126E-1	-2.847163E1	2.848530E1	4.228224E3	3.663487E3	8.614923E1	9.287927E1
6.872000E0	1.374400E4	6.283687E0	-2.755810E1	2.826541E1	4.242845E3	3.684917E3	9.331553E1	9.196574E1
6.876000E0	1.375200E4	1.292865E1	-2.462154E1	2.780954E1	4.257704E3	3.785255E3	9.996050E1	8.902918E1
6.880000E0	1.376000E4	1.871489E1	-1.998043E1	2.737635E1	4.273127E3	3.908656E3	1.057467E2	8.438807E1
6.884000E0	1.376800E4	2.311634E1	-1.390453E1	2.697594E1	4.288973E3	3.972880E3	1.101482E2	7.831217E1
6.888000E0	1.377600E4	2.572197E1	-6.935585E0	2.664061E1	4.304910E3	4.010497E3	1.127538E2	7.134323E1
6.892000E0	1.378400E4	2.662734E1	4.912724E-1	2.663187E1	4.321057E3	4.013875E3	1.136592E2	6.391637E1
6.896000E0	1.379200E4	2.515343E1	7.700177E0	2.630566E1	4.337021E3	4.073710E3	1.121853E2	5.670747E1
6.900000E0	1.380000E4	2.208681E1	1.470039E1	2.653165E1	4.353647E3	4.080398E3	1.091187E2	4.970726E1
6.904000E0	1.380800E4	1.738616E1	2.047497E1	2.686081E1	4.369664E3	3.973621E3	1.044180E2	4.393267E1
6.908000E0	1.381600E4	1.127011E1	2.465655E1	2.711016E1	4.385436E3	3.911690E3	9.830195E1	3.975109E1
6.912000E0	1.382400E4	4.326766E0	2.718768E1	2.752982E1	4.400958E3	3.838241E3	9.135861E1	3.721996E1
6.916000E0	1.383200E4	-2.985645E0	2.774687E1	2.790704E1	4.416142E3	3.770507E3	8.404620E1	3.666077E1
6.920000E0	1.384000E4	-1.020722E1	2.642298E1	2.832598E1	4.431122E3	3.764796E3	7.682463E1	3.798467E1
6.924000E0	1.384800E4	-1.678358E1	2.288160E1	2.837703E1	4.446260E3	3.787982E3	7.024827E1	4.152605E1
6.928000E0	1.385600E4	-2.240097E1	1.786618E1	2.865317E1	4.461425E3	3.772597E3	6.463088E1	4.654146E1
6.932000E0	1.386400E4	-2.657329E1	1.158711E1	2.898966E1	4.476441E3	3.733303E3	6.045856E1	5.282053E1
6.936000E0	1.387200E4	-2.871568E1	4.398292E0	2.905056E1	4.491292E3	3.775021E3	5.831617E1	6.000935E1
6.940000E0	1.388000E4	-2.892443E1	-3.367581E0	2.911981E1	4.506641E3	3.781992E3	5.810742E1	6.777522E1
6.944000E0	1.388800E4	-2.695155E1	-1.064248E1	2.897669E1	4.521548E3	3.759158E3	6.008029E1	7.505012E1
6.948000E0	1.389600E4	-2.323327E1	-1.732646E1	2.898260E1	4.536714E3	3.775405E3	6.379858E1	8.173411E1
6.952000E0	1.390400E4	-1.778642E1	-2.256280E1	2.873041E1	4.551751E3	3.792360E3	6.924543E1	8.697044E1
6.956000E0	1.391200E4	-1.114894E1	-2.633297E1	2.859588E1	4.567053E3	3.789919E3	7.588290E1	9.074062E1
6.960000E0	1.392000E4	-3.913289E0	-2.809489E1	2.836611E1	4.582070E3	3.768652E3	8.311856E1	9.250253E1
6.964000E0	1.392800E4	3.522701E0	-2.787635E1	2.809805E1	4.597202E3	3.787251E3	9.055455E1	9.228400E1
6.968000E0	1.393600E4	1.054997E1	-2.563627E1	2.772220E1	4.612368E3	3.882934E3	9.758182E1	9.004391E1
6.972000E0	1.394400E4	1.692287E1	-2.145447E1	2.732540E1	4.628266E3	3.969080E3	1.039547E2	8.586211E1
6.976000E0	1.395200E4	2.181540E1	-1.577951E1	2.692405E1	4.644121E3	4.033422E3	1.088472E2	8.018715E1
6.980000E0	1.396000E4	2.518694E1	-8.902802E0	2.671407E1	4.660533E3	4.146626E3	1.122188E2	7.331045E1
6.984000E0	1.396800E4	2.642938E1	-1.249132E0	2.645889E1	4.677294E3	4.226346E3	1.134612E2	6.565678E1
6.988000E0	1.397600E4	2.555576E1	6.534913E0	2.637806E1	4.694344E3	4.189488E3	1.125876E2	5.787273E1
6.992000E0	1.398400E4	2.260630E1	1.348138E1	2.632095E1	4.710810E3	4.142589E3	1.096381E2	5.092627E1
6.996000E0	1.399200E4	1.788570E1	1.950826E1	2.646640E1	4.727485E3	4.080078E3	1.049175E2	4.489939E1
7.000000E0	1.400000E4	1.202724E1	2.407089E1	2.690840E1	4.743451E3	3.998563E3	9.905909E1	4.033675E1
7.004000E0	1.400800E4	5.005130E0	2.693458E1	2.739568E1	4.759473E3	3.999465E3	9.203698E1	3.747306E1
7.008000E0	1.401600E4	-2.639988E0	2.768939E1	2.781496E1	4.775446E3	3.984618E3	8.439186E1	3.671825E1
7.012000E0	1.402400E4	-1.029311E1	2.633253E1	2.827278E1	4.791350E3	3.898311E3	7.673874E1	3.807511E1
7.016000E0	1.403200E4	-1.690474E1	2.273507E1	2.833114E1	4.806633E3	3.869723E3	7.012711E1	4.167258E1
7.020000E0	1.404000E4	-2.263707E1	1.749101E1	2.860721E1	4.822308E3	3.931680E3	6.439477E1	4.691664E1
7.024000E0	1.404800E4	-2.675742E1	1.076390E1	2.884131E1	4.838086E3	3.908026E3	6.027443E1	5.364375E1
7.028000E0	1.405600E4	-2.881544E1	3.246432E0	2.899774E1	4.853572E3	3.890559E3	5.821641E1	6.116121E1
7.032000E0	1.406400E4	-2.861116E1	-4.639472E0	2.898488E1	4.869211E3	3.882014E3	5.842068E1	6.904712E1
7.036000E0	1.407200E4	-2.650774E1	-1.215192E1	2.916041E1	4.884628E3	3.860497E3	6.052411E1	7.655956E1
7.040000E0	1.408000E4	-2.225024E1	-1.873290E1	2.908599E1	4.900095E3	3.875393E3	6.478161E1	8.314054E1
7.044000E0	1.408800E4	-1.630411E1	-2.383943E1	2.888153E1	4.915631E3	3.918866E3	7.072774E1	8.824708E1
7.048000E0	1.409600E4	-9.105145E0	-2.712678E1	2.861408E1	4.931446E3	3.958856E3	7.792670E1	9.153442E1
7.052000E0	1.410400E4	-1.333746E0	-2.830406E1	2.833547E1	4.947302E3	3.918688E3	8.569810E1	9.271171E1
7.056000E0	1.411200E4	6.180483E0	-2.721428E1	2.790726E1	4.962795E3	3.923225E3	9.321233E1	9.162192E1
7.060000E0	1.412000E4	1.316858E1	-2.406497E1	2.743235E1	4.978688E3	4.053086E3	1.002004E2	8.847261E1
7.064000E0	1.412800E4	1.919853E1	-1.905180E1	2.704726E1	4.995220E3	4.148967E3	1.062304E2	8.345944E1
7.068000E0	1.413600E4	2.354828E1	-1.258437E1	2.669995E1	5.011880E3	4.180076E3	1.105801E2	7.699201E1
7.072000E0	1.414400E4	2.592211E1	-5.198385E0	2.643821E1	5.028660E3	4.284356E3	1.129540E2	6.960603E1
7.076000E0	1.415200E4	2.627605E1	2.833375E0	2.642837E1	5.046154E3	4.376385E3	1.133079E2	6.157427E1
7.080000E0	1.416000E4	2.418861E1	1.060370E1	2.641074E1	5.063671E3	4.314558E3	1.112205E2	5.380395E1
7.084000E0	1.416800E4	2.025032E1	1.740017E1	2.669909E1	5.080671E3	4.221011E3	1.072822E2	4.700748E1
7.088000E0	1.417600E4	1.446146E1	2.264719E1	2.687059E1	5.097440E3	4.220978E3	1.014933E2	4.176046E1
7.092000E0	1.418400E4	7.363913E0	2.644364E1	2.744984E1	5.114439E3	4.145252E3	9.439576E1	3.796400E1
7.096000E0	1.419200E4	-2.911229E-1	2.772654E1	2.772807E1	5.130602E3	3.979166E3	8.674072E1	3.668110E1
7.100000E0	1.420000E4	-7.898706E0	2.706038E1	2.818960E1	5.146272E3	3.971877E3	7.913314E1	3.734727E1
7.104000E0	1.420800E4	-1.523535E1	2.402877E1	2.845167E1	5.162377E3	4.020898E3	7.179650E1	4.037887E1
7.108000E0	1.421600E4	-2.135199E1	1.893102E1	2.853578E1	5.178439E3	4.041700E3	6.567986E1	4.547662E1
7.112000E0	1.422400E4	-2.604597E1	1.230621E1	2.880687E1	5.194710E3	4.035434E3	6.098587E1	5.210143E1
7.116000E0	1.423200E4	-2.855235E1	4.663984E0	2.893077E1	5.210723E3	3.977713E3	5.847950E1	5.974366E1
7.120000E0	1.424000E4	-2.895119E1	-3.314895E0	2.914035E1	5.226532E3	3.950166E3	5.808065E1	6.772254E1
7.124000E0	1.424800E4	-2.685742E1	-1.102822E1	2.903348E1	5.242324E3	3.968809E3	6.017443E1	7.543586E1
7.128000E0	1.425600E4	-2.272951E1	-1.793933E1	2.895601E1	5.258282E3	4.004204E3	6.430233E1	8.234697E1
7.132000E0	1.426400E4	-1.684031E1	-2.348566E1	2.889935E1	5.274358E3	4.020907E3	7.019154E1	8.789330E1
7.136000E0	1.427200E4	-9.626184E0	-2.710773E1	2.876616E1	5.290450E3	4.018414E3	7.740566E1	9.151537E1
7.140000E0	1.428000E4	-1.726956E0	-2.827620E1	2.832889E1	5.306505E3	4.038074E3	8.530489E1	9.268385E1
7.144000E0	1.428800E4	6.163415E0	-2.722908E1	2.791792E1	5.322754E3	4.115782E3	9.319526E1	9.163672E1
7.148000E0	1.429600E4	1.350347E1	-2.393423E1	2.748074E1	5.339431E3	4.176851E3	1.005353E2	8.834188E1
7.152000E0	1.430400E4	1.952439E1	-1.874350E1	2.706512E1	5.356169E3	4.243340E3	1.065562E2	8.315114E1
7.156000E0	1.431200E4	2.383292E1	-1.194609E1	2.665928E1	5.373378E3	4.319143E3	1.108648E2	7.635373E1
7.160000E0	1.432000E4	2.616403E1	-4.274134E0	2.651085E1	5.390722E3	4.422402E3	1.131959E2	6.868178E1
7.164000E0	1.432800E4	2.605294E1	4.013290E0	2.636024E1	5.408757E3	4.437023E3	1.130848E2	6.039435E1
7.168000E0	1.433600E4	2.370177E1	1.167215E1	2.641994E1	5.426218E3	4.408687E3	1.107336E2	5.273550E1
7.172000E0	1.434400E4	1.925884E1	1.861540E1	2.678499E1	5.444027E3	4.394572E3	1.062907E2	4.579224E1
7.176000E0	1.435200E4	1.304786E1	2.390657E1	2.723547E1	5.461375E3	4.279960E3	1.000797E2	4.050107E1
7.180000E0	1.436000E4	5.612234E0	2.702062E1	2.759731E1	5.478266E3	4.235384E3	9.264408E1	3.738702E1
7.184000E0	1.436800E4	-2.562505E0	2.784489E1	2.796255E1	5.495258E3	4.190933E3	8.446934E1	3.656275E1
7.188000E0	1.437600E4	-1.052283E1	2.631714E1	2.834293E1	5.511794E3	4.118874E3	7.650902E1	3.809051E1
7.192000E0	1.438400E4	-1.762916E1	2.239543E1	2.850162E1	5.528209E3	4.148667E3	6.940269E1	4.201221E1
7.196000E0	1.439200E4	-2.351456E1	1.647535E1	2.871188E1	5.544983E3	4.149792E3	6.351729E1	4.793229E1
7.200000E0	1.440000E4	-2.746373E1	9.238655E0	2.897601E1	5.561407E3	4.111150E3	5.956812E1	5.516899E1
7.204000E0	1.440800E4	-2.909566E1	1.080929E0	2.911573E1	5.577872E3	4.094822E3	5.793619E1	6.332671E1
7.208000E0	1.441600E4	-2.818628E1	-7.114383E0	2.907028E1	5.594166E3	4.088152E3	5.884556E1	7.152203E1
7.212000E0	1.442400E4	-2.504813E1	-1.480021E1	2.909390E1	5.610578E3	4.064305E3	6.198372E1	7.920786E1
7.216000E0	1.443200E4	-1.981179E1	-2.100932E1	2.887730E1	5.626680E3	4.052714E3	6.722006E1	8.541696E1
7.220000E0	1.444000E4	-1.304647E1	-2.560439E1	2.873665E1	5.642999E3	4.131372E3	7.398538E1	9.001203E1
7.224000E0	1.444800E4	-5.074472E0	-2.801005E1	2.846600E1	5.659731E3	4.158260E3	8.195738E1	9.241769E1
7.228000E0	1.445600E4	3.083385E0	-2.808443E1	2.825319E1	5.676265E3	4.179281E3	9.011523E1	9.249208E1
7.232000E0	1.446400E4	1.090328E1	-2.548153E1	2.771624E1	5.693166E3	4.238948E3	9.793512E1	8.988918E1
7.236000E0	1.447200E4	1.775756E1	-2.103037E1	2.752467E1	5.710177E3	4.327522E3	1.047894E2	8.543801E1
7.240000E0	1.448000E4	2.293864E1	-1.445320E1	2.711229E1	5.727786E3	4.394094E3	1.099705E2	7.886085E1
7.244000E0	1.448800E4	2.594697E1	-6.792670E0	2.682136E1	5.745330E3	4.473660E3	1.129788E2	7.120031E1
7.248000E0	1.449600E4	2.648028E1	1.654409E0	2.653191E1	5.763575E3	4.593958E3	1.135121E2	6.275323E1
7.252000E0	1.450400E4	2.450403E1	9.940786E0	2.644365E1	5.782081E3	4.602482E3	1.115359E2	5.446686E1
7.256000E0	1.451200E4	2.024318E1	1.722517E1	2.657993E1	5.800395E3	4.463848E3	1.072750E2	4.718247E1
7.260000E0	1.452000E4	1.433699E1	2.275986E1	2.689908E1	5.817792E3	4.368230E3	1.013688E2	4.164779E1
7.264000E0	1.452800E4	6.957573E0	2.659770E1	2.749264E1	5.835341E3	4.352944E3	9.398942E1	3.780995E1
7.268000E0	1.453600E4	-1.276540E0	2.794229E1	2.797143E1	5.852616E3	4.290098E3	8.575531E1	3.646536E1
7.272000E0	1.454400E4	-9.452350E0	2.645538E1	2.809331E1	5.869662E3	4.213593E3	7.757950E1	3.795227E1
7.276000E0	1.455200E4	-1.683461E1	2.289704E1	2.841969E1	5.886324E3	4.219327E3	7.019723E1	4.151060E1
7.280000E0	1.456000E4	-2.304081E1	1.710155E1	2.869394E1	5.903416E3	4.259925E3	6.399104E1	4.730609E1
7.284000E0	1.456800E4	-2.711524E1	9.653239E0	2.878231E1	5.920404E3	4.195026E3	5.991661E1	5.475440E1
7.288000E0	1.457600E4	-2.873918E1	1.518058E0	2.877924E1	5.936976E3	4.238870E3	5.829267E1	6.288959E1
7.292000E0	1.458400E4	-2.814035E1	-7.180642E0	2.904205E1	5.954315E3	4.231190E3	5.889150E1	7.158829E1
7.296000E0	1.459200E4	-2.491040E1	-1.486482E1	2.900847E1	5.970826E3	4.154476E3	6.212144E1	7.927247E1
7.300000E0	1.460000E4	-1.959553E1	-2.142276E1	2.903308E1	5.987551E3	4.163724E3	6.743631E1	8.583040E1
7.304000E0	1.460800E4	-1.251956E1	-2.582390E1	2.869866E1	6.004136E3	4.207176E3	7.451229E1	9.023154E1
7.308000E0	1.461600E4	-4.348608E0	-2.811643E1	2.845073E1	6.021208E3	4.235455E3	8.268324E1	9.252407E1
7.312000E0	1.462400E4	3.895998E0	-2.765391E1	2.792700E1	6.038019E3	4.312988E3	9.092785E1	9.206155E1
7.316000E0	1.463200E4	1.199364E1	-2.490764E1	2.764485E1	6.055712E3	4.439611E3	9.902549E1	8.931528E1
7.320000E0	1.464000E4	1.883043E1	-1.981805E1	2.733752E1	6.073536E3	4.490337E3	1.058623E2	8.422570E1
7.324000E0	1.464800E4	2.367705E1	-1.278363E1	2.690770E1	6.091635E3	4.522702E3	1.107089E2	7.719128E1
7.328000E0	1.465600E4	2.610773E1	-4.736202E0	2.653385E1	6.109718E3	4.600300E3	1.131396E2	6.914385E1
7.332000E0	1.466400E4	2.612230E1	3.874670E0	2.640810E1	6.128437E3	4.688773E3	1.131541E2	6.053297E1
7.336000E0	1.467200E4	2.360262E1	1.214467E1	2.654387E1	6.147228E3	4.664035E3	1.106345E2	5.226297E1
7.340000E0	1.468000E4	1.862379E1	1.911741E1	2.668934E1	6.165749E3	4.608006E3	1.056556E2	4.529023E1
7.344000E0	1.468800E4	1.179749E1	2.428736E1	2.700105E1	6.184092E3	4.482910E3	9.882933E1	4.012029E1
7.348000E0	1.469600E4	4.009939E0	2.719669E1	2.749072E1	6.201613E3	4.404440E3	9.104179E1	3.721096E1
7.352000E0	1.470400E4	-4.503302E0	2.741739E1	2.778476E1	6.219328E3	4.415860E3	8.252854E1	3.699026E1
7.356000E0	1.471200E4	-1.276120E1	2.511078E1	2.816734E1	6.236939E3	4.380315E3	7.427065E1	3.929687E1
7.360000E0	1.472000E4	-1.996320E1	2.040707E1	2.854782E1	6.254370E3	4.352758E3	6.706864E1	4.400057E1
7.364000E0	1.472800E4	-2.520118E1	1.353453E1	2.860565E1	6.271762E3	4.376040E3	6.183066E1	5.087311E1
7.368000E0	1.473600E4	-2.827021E1	5.301669E0	2.876304E1	6.289378E3	4.342659E3	5.876163E1	5.910597E1
7.372000E0	1.474400E4	-2.880468E1	-3.283323E0	2.899120E1	6.306503E3	4.260590E3	5.822717E1	6.769097E1
7.376000E0	1.475200E4	-2.667405E1	-1.157779E1	2.907835E1	6.323463E3	4.281831E3	6.035779E1	7.598543E1
7.380000E0	1.476000E4	-2.210797E1	-1.905448E1	2.918623E1	6.340757E3	4.286683E3	6.492387E1	8.346212E1
7.384000E0	1.476800E4	-1.550008E1	-2.457238E1	2.905261E1	6.357757E3	4.271501E3	7.153177E1	8.898002E1
7.388000E0	1.477600E4	-7.483326E0	-2.779131E1	2.878120E1	6.374929E3	4.304880E3	7.954852E1	9.219896E1
7.392000E0	1.478400E4	1.085515E0	-2.831337E1	2.833417E1	6.392196E3	4.409441E3	8.811736E1	9.272101E1
7.396000E0	1.479200E4	9.597339E0	-2.607775E1	2.778773E1	6.410205E3	4.490059E3	9.662919E1	9.048539E1
7.400000E0	1.480000E4	1.685254E1	-2.148043E1	2.730233E1	6.428116E3	4.551139E3	1.038844E2	8.588807E1
7.404000E0	1.480800E4	2.260613E1	-1.489800E1	2.707375E1	6.446614E3	4.633638E3	1.096380E2	7.930564E1
7.408000E0	1.481600E4	2.569932E1	-6.797165E0	2.658301E1	6.465185E3	4.726844E3	1.127312E2	7.120481E1
7.412000E0	1.482400E4	2.649568E1	2.052168E0	2.657504E1	6.484429E3	4.775256E3	1.135275E2	6.235547E1
7.416000E0	1.483200E4	2.439885E1	1.055187E1	2.658282E1	6.503387E3	4.718884E3	1.114307E2	5.385577E1
7.420000E0	1.484000E4	1.977682E1	1.791992E1	2.668794E1	6.522180E3	4.674895E3	1.068087E2	4.648772E1
7.424000E0	1.484800E4	1.322384E1	2.364809E1	2.709432E1	6.540786E3	4.626259E3	1.002557E2	4.075956E1
7.428000E0	1.485600E4	5.174969E0	2.710252E1	2.759215E1	6.559190E3	4.570019E3	9.220682E1	3.730513E1
7.432000E0	1.486400E4	-3.577083E0	2.774467E1	2.797432E1	6.577347E3	4.509309E3	8.345476E1	3.666297E1
7.436000E0	1.487200E4	-1.208493E1	2.560692E1	2.831537E1	6.595265E3	4.451958E3	7.494691E1	3.880072E1
7.440000E0	1.488000E4	-1.948666E1	2.092454E1	2.859312E1	6.612962E3	4.456377E3	6.754518E1	4.348310E1
7.444000E0	1.488800E4	-2.519721E1	1.401565E1	2.883293E1	6.630916E3	4.453888E3	6.183464E1	5.039200E1
7.448000E0	1.489600E4	-2.829058E1	5.707822E0	2.886063E1	6.648593E3	4.401231E3	5.874127E1	5.869982E1
7.452000E0	1.490400E4	-2.879500E1	-3.090196E0	2.896034E1	6.666125E3	4.409868E3	5.823685E1	6.749784E1
7.456000E0	1.491200E4	-2.660108E1	-1.177257E1	2.908970E1	6.683872E3	4.409485E3	6.043077E1	7.618021E1
7.460000E0	1.492000E4	-2.187775E1	-1.928869E1	2.916658E1	6.701401E3	4.383105E3	6.515410E1	8.369633E1
7.464000E0	1.492800E4	-1.490255E1	-2.474044E1	2.888210E1	6.718937E3	4.403101E3	7.212930E1	8.914808E1
7.468000E0	1.493600E4	-6.618623E0	-2.783825E1	2.861423E1	6.736626E3	4.460712E3	8.041322E1	9.224589E1
7.472000E0	1.494400E4	2.273384E0	-2.811559E1	2.820735E1	6.754623E3	4.549884E3	8.930523E1	9.252323E1
7.476000E0	1.495200E4	1.080995E1	-2.543560E1	2.763738E1	6.773025E3	4.658038E3	9.784179E1	8.984324E1
7.480000E0	1.496000E4	1.820400E1	-2.029788E1	2.726517E1	6.791887E3	4.736386E3	1.052358E2	8.470552E1
7.484000E0	1.496800E4	2.348484E1	-1.306278E1	2.687329E1	6.810916E3	4.767827E3	1.105167E2	7.747042E1
7.488000E0	1.497600E4	2.628450E1	-4.620611E0	2.668755E1	6.830030E3	4.798792E3	1.133163E2	6.902825E1
7.492000E0	1.498400E4	2.627613E1	4.305974E0	2.662661E1	6.849307E3	4.803036E3	1.133080E2	6.010167E1
7.496000E0	1.499200E4	2.345032E1	1.270812E1	2.667235E1	6.868454E3	4.813757E3	1.104822E2	5.169952E1
7.500000E0	1.500000E4	1.813927E1	2.001650E1	2.701284E1	6.887817E3	4.787052E3	1.051711E2	4.439114E1
7.504000E0	1.500800E4	1.080600E1	2.515215E1	2.737517E1	6.906750E3	4.627751E3	9.783784E1	3.925550E1
7.508000E0	1.501600E4	2.495201E0	2.762402E1	2.773648E1	6.924839E3	4.591021E3	8.952705E1	3.678363E1
7.512000E0	1.502400E4	-6.562416E0	2.737950E1	2.815497E1	6.943479E3	4.634233E3	8.046943E1	3.702815E1
7.516000E0	1.503200E4	-1.500659E1	2.409737E1	2.838804E1	6.961913E3	4.591612E3	7.202526E1	4.031027E1
7.520000E0	1.504000E4	-2.193977E1	1.827207E1	2.855210E1	6.980211E3	4.562029E3	6.509208E1	4.613557E1
7.524000E0	1.504800E4	-2.676759E1	1.059332E1	2.878754E1	6.998409E3	4.516928E3	6.026425E1	5.381433E1
7.528000E0	1.505600E4	-2.890578E1	1.845489E0	2.896463E1	7.016347E3	4.492887E3	5.812607E1	6.256215E1
7.532000E0	1.506400E4	-2.825050E1	-7.228189E0	2.916055E1	7.034352E3	4.485983E3	5.878135E1	7.163583E1
7.536000E0	1.507200E4	-2.457058E1	-1.549376E1	2.904772E1	7.052235E3	4.450222E3	6.246126E1	7.990140E1
7.540000E0	1.508000E4	-1.880179E1	-2.237030E1	2.922221E1	7.069954E3	4.436569E3	6.823006E1	8.677794E1
7.544000E0	1.508800E4	-1.094659E1	-2.672685E1	2.888170E1	7.087727E3	4.527575E3	7.608526E1	9.113450E1
7.548000E0	1.509600E4	-1.898139E0	-2.838470E1	2.844809E1	7.106174E3	4.625638E3	8.513371E1	9.279234E1
7.552000E0	1.510400E4	7.084932E0	-2.694401E1	2.785993E1	7.124732E3	4.681398E3	9.411678E1	9.135165E1
7.556000E0	1.511200E4	1.520646E1	-2.286556E1	2.746034E1	7.143625E3	4.785977E3	1.022383E2	8.727320E1
7.560000E0	1.512000E4	2.161128E1	-1.627330E1	2.705305E1	7.163020E3	4.872976E3	1.086431E2	8.068094E1
7.564000E0	1.512800E4	2.548408E1	-7.981731E0	2.670480E1	7.182609E3	4.917594E3	1.125159E2	7.238937E1
7.568000E0	1.513600E4	2.665269E1	1.098904E0	2.667534E1	7.202361E3	4.917862E3	1.136845E2	6.330874E1
7.572000E0	1.514400E4	2.477985E1	9.987616E0	2.671691E1	7.221952E3	4.871831E3	1.118117E2	5.442003E1
7.576000E0	1.515200E4	2.034718E1	1.789788E1	2.709875E1	7.241336E3	4.843208E3	1.073790E2	4.650976E1
7.580000E0	1.516000E4	1.341693E1	2.390649E1	2.741412E1	7.260698E3	4.778153E3	1.004488E2	4.050115E1
7.584000E0	1.516800E4	5.035115E0	2.732906E1	2.778902E1	7.279561E3	4.684024E3	9.206696E1	3.707858E1
7.588000E0	1.517600E4	-3.980696E0	2.772711E1	2.801140E1	7.298170E3	4.672491E3	8.305115E1	3.668054E1
7.592000E0	1.518400E4	-1.282025E1	2.522555E1	2.829642E1	7.316941E3	4.702593E3	7.421160E1	3.918209E1
7.596000E0	1.519200E4	-2.045463E1	1.989772E1	2.853613E1	7.335791E3	4.694340E3	6.657722E1	4.450993E1
7.600000E0	1.520000E4	-2.595701E1	1.238335E1	2.875959E1	7.354496E3	4.664361E3	6.107483E1	5.202429E1
7.604000E0	1.520800E4	-2.876378E1	3.477955E0	2.897329E1	7.373106E3	4.617599E3	5.826807E1	6.092969E1
7.608000E0	1.521600E4	-2.868262E1	-5.802348E0	2.926363E1	7.391436E3	4.564778E3	5.834923E1	7.020999E1
7.612000E0	1.522400E4	-2.563982E1	-1.457955E1	2.949515E1	7.409624E3	4.528294E3	6.139202E1	7.898719E1
7.616000E0	1.523200E4	-1.986254E1	-2.180009E1	2.949177E1	7.427663E3	4.503707E3	6.716930E1	8.620774E1
7.620000E0	1.524000E4	-1.202385E1	-2.657232E1	2.916610E1	7.445653E3	4.562493E3	7.500799E1	9.097997E1
7.624000E0	1.524800E4	-2.913366E0	-2.849656E1	2.864509E1	7.464163E3	4.632913E3	8.411848E1	9.290420E1
7.628000E0	1.525600E4	6.216069E0	-2.754528E1	2.823796E1	7.482717E3	4.732231E3	9.324792E1	9.195293E1
7.632000E0	1.526400E4	1.471140E1	-2.352446E1	2.774573E1	7.502020E3	4.863122E3	1.017432E2	8.793211E1
7.636000E0	1.527200E4	2.143321E1	-1.697451E1	2.734075E1	7.521622E3	4.952548E3	1.084651E2	8.138215E1
7.640000E0	1.528000E4	2.557075E1	-8.486016E0	2.694208E1	7.541641E3	4.982620E3	1.126026E2	7.289366E1
7.644000E0	1.528800E4	2.666737E1	6.902559E-1	2.667630E1	7.561483E3	5.024950E3	1.136992E2	6.371739E1
7.648000E0	1.529600E4	2.486232E1	9.964584E0	2.678485E1	7.581840E3	5.007740E3	1.118942E2	5.444306E1
7.652000E0	1.530400E4	2.031345E1	1.800005E1	2.714108E1	7.601545E3	4.913492E3	1.073453E2	4.640759E1
7.656000E0	1.531200E4	1.320718E1	2.397258E1	2.736995E1	7.621148E3	4.884082E3	1.002390E2	4.043506E1
7.660000E0	1.532000E4	4.515817E0	2.732898E1	2.769957E1	7.640617E3	4.824171E3	9.154766E1	3.707866E1
7.664000E0	1.532800E4	-4.731972E0	2.756223E1	2.796548E1	7.659742E3	4.775818E3	8.229988E1	3.684542E1
7.668000E0	1.533600E4	-1.356127E1	2.464358E1	2.812852E1	7.678824E3	4.767895E3	7.347058E1	3.976406E1
7.672000E0	1.534400E4	-2.123090E1	1.919375E1	2.862081E1	7.697885E3	4.734317E3	6.580095E1	4.521390E1
7.676000E0	1.535200E4	-2.644036E1	1.138792E1	2.878849E1	7.716698E3	4.745650E3	6.059148E1	5.301973E1
7.680000E0	1.536000E4	-2.905010E1	2.107761E0	2.912646E1	7.735850E3	4.689996E3	5.798175E1	6.229988E1
7.684000E0	1.536800E4	-2.843953E1	-7.205985E0	2.933825E1	7.754218E3	4.573038E3	5.859232E1	7.161363E1
7.688000E0	1.537600E4	-2.484961E1	-1.579099E1	2.944247E1	7.772434E3	4.548593E3	6.218223E1	8.019864E1
7.692000E0	1.538400E4	-1.872279E1	-2.279923E1	2.950166E1	7.790607E3	4.605703E3	6.830905E1	8.720688E1
7.696000E0	1.539200E4	-1.026411E1	-2.713460E1	2.901101E1	7.809280E3	4.729252E3	7.676773E1	9.154225E1
7.700000E0	1.540000E4	-7.728355E-1	-2.839744E1	2.840796E1	7.828441E3	4.777479E3	8.625901E1	9.280509E1
7.704000E0	1.540800E4	8.344575E0	-2.646581E1	2.775015E1	7.847500E3	4.845182E3	9.537642E1	9.087345E1
7.708000E0	1.541600E4	1.660488E1	-2.187411E1	2.746268E1	7.867203E3	4.978105E3	1.036367E2	8.628175E1
7.712000E0	1.542400E4	2.269612E1	-1.455682E1	2.696321E1	7.887325E3	5.060249E3	1.097280E2	7.896447E1
7.716000E0	1.543200E4	2.632749E1	-5.747767E0	2.694761E1	7.907685E3	5.101874E3	1.133593E2	7.015541E1
7.720000E0	1.544000E4	2.652021E1	3.793139E0	2.679010E1	7.928140E3	5.086539E3	1.135521E2	6.061450E1
7.724000E0	1.544800E4	2.371518E1	1.281037E1	2.695395E1	7.948377E3	5.022670E3	1.107470E2	5.159728E1
7.728000E0	1.545600E4	1.820711E1	2.045035E1	2.738093E1	7.968321E3	4.962460E3	1.052390E2	4.395730E1
7.732000E0	1.546400E4	1.025060E1	2.546900E1	2.745441E1	7.988077E3	4.950236E3	9.728244E1	3.893865E1
7.736000E0	1.547200E4	1.003892E0	2.768060E1	2.769880E1	8.007923E3	4.887828E3	8.803574E1	3.672704E1
7.740000E0	1.548000E4	-8.294162E0	2.682868E1	2.808151E1	8.027179E3	4.809840E3	7.873769E1	3.757897E1
7.744000E0	1.548800E4	-1.691947E1	2.294759E1	2.851071E1	8.046402E3	4.864685E3	7.011238E1	4.146005E1
7.748000E0	1.549600E4	-2.376671E1	1.597260E1	2.863531E1	8.066097E3	4.865603E3	6.326513E1	4.843504E1
7.752000E0	1.550400E4	-2.798756E1	7.328560E0	2.893115E1	8.085327E3	4.824817E3	5.904429E1	5.707908E1
7.756000E0	1.551200E4	-2.907474E1	-2.387904E0	2.917263E1	8.104695E3	4.744729E3	5.795711E1	6.679555E1
7.760000E0	1.552000E4	-2.688064E1	-1.156793E1	2.926407E1	8.123284E3	4.686178E3	6.015120E1	7.597557E1
7.764000E0	1.552800E4	-2.178103E1	-1.973916E1	2.939469E1	8.142185E3	4.662604E3	6.525081E1	8.414680E1
7.768000E0	1.553600E4	-1.434038E1	-2.543469E1	2.919881E1	8.160585E3	4.623594E3	7.269146E1	8.984234E1
7.772000E0	1.554400E4	-5.376453E0	-2.811326E1	2.862274E1	8.179173E3	4.737848E3	8.165539E1	9.252090E1
7.776000E0	1.555200E4	4.135294E0	-2.770973E1	2.801660E1	8.198488E3	4.930961E3	9.116714E1	9.211737E1
7.780000E0	1.556000E4	1.320694E1	-2.420211E1	2.757109E1	8.218621E3	5.090467E3	1.002388E2	8.860975E1
7.784000E0	1.556800E4	2.045901E1	-1.765245E1	2.702184E1	8.239212E3	5.125300E3	1.074909E2	8.206010E1
7.788000E0	1.557600E4	2.514159E1	-9.338374E0	2.681985E1	8.259623E3	5.175946E3	1.121734E2	7.374602E1
7.792000E0	1.558400E4	2.685608E1	2.902772E-1	2.685764E1	8.280619E3	5.192090E3	1.138879E2	6.411737E1
7.796000E0	1.559200E4	2.523387E1	9.767383E0	2.705827E1	8.301160E3	5.129421E3	1.122657E2	5.464026E1
7.800000E0	1.560000E4	2.040214E1	1.814869E1	2.730609E1	8.321655E3	5.056535E3	1.074340E2	4.625895E1
7.804000E0	1.560800E4	1.309872E1	2.423814E1	2.755112E1	8.341612E3	4.995488E3	1.001306E2	4.016950E1
7.808000E0	1.561600E4	4.045710E0	2.745896E1	2.775540E1	8.361619E3	4.967140E3	9.107756E1	3.694868E1
7.812000E0	1.562400E4	-5.482015E0	2.731186E1	2.785660E1	8.381350E3	5.005380E3	8.154983E1	3.709578E1
7.816000E0	1.563200E4	-1.482897E1	2.404619E1	2.825098E1	8.401662E3	4.975185E3	7.220288E1	4.036145E1
7.820000E0	1.564000E4	-2.229062E1	1.795351E1	2.862167E1	8.421151E3	4.848002E3	6.474123E1	4.645413E1
7.824000E0	1.564800E4	-2.713472E1	9.637913E0	2.879553E1	8.440446E3	4.831396E3	5.989713E1	5.476973E1
7.828000E0	1.565600E4	-2.900956E1	1.001523E-1	2.900973E1	8.459802E3	4.827481E3	5.802229E1	6.430749E1
7.832000E0	1.566400E4	-2.772532E1	-9.582033E0	2.933443E1	8.479065E3	4.790448E3	5.930652E1	7.398968E1
7.836000E0	1.567200E4	-2.322954E1	-1.823117E1	2.952942E1	8.498126E3	4.729981E3	6.380231E1	8.263881E1
7.840000E0	1.568000E4	-1.592812E1	-2.443862E1	2.917106E1	8.516905E3	4.749254E3	7.110373E1	8.884626E1
7.844000E0	1.568800E4	-6.946415E0	-2.811084E1	2.895638E1	8.536120E3	4.835386E3	8.008543E1	9.251848E1
7.848000E0	1.569600E4	2.749952E0	-2.810486E1	2.823907E1	8.555588E3	4.959243E3	8.978180E1	9.251250E1
7.852000E0	1.570400E4	1.204343E1	-2.491997E1	2.767760E1	8.575794E3	5.103445E3	9.907528E1	8.932762E1
7.856000E0	1.571200E4	1.973180E1	-1.877987E1	2.724018E1	8.596416E3	5.204147E3	1.067636E2	8.318751E1
7.860000E0	1.572000E4	2.500837E1	-1.039619E1	2.708319E1	8.617427E3	5.284935E3	1.120402E2	7.480383E1
7.864000E0	1.572800E4	2.708965E1	-6.169141E-1	2.709667E1	8.638695E3	5.250132E3	1.141215E2	6.502456E1
7.868000E0	1.573600E4	2.565893E1	9.050025E0	2.720815E1	8.659428E3	5.154270E3	1.126908E2	5.535762E1
7.872000E0	1.574400E4	2.097057E1	1.755252E1	2.734695E1	8.679930E3	5.084735E3	1.080024E2	4.685512E1
7.876000E0	1.575200E4	1.371577E1	2.385812E1	2.751967E1	8.700106E3	5.020557E3	1.007476E2	4.054953E1
7.880000E0	1.576000E4	4.792067E0	2.744048E1	2.785576E1	8.720094E3	5.029858E3	9.182391E1	3.696717E1
7.884000E0	1.576800E4	-5.007729E0	2.743397E1	2.788728E1	8.740345E3	5.065171E3	8.202412E1	3.697367E1
7.888000E0	1.577600E4	-1.428955E1	2.414747E1	2.805871E1	8.760615E3	5.065928E3	7.274230E1	4.026017E1
7.892000E0	1.578400E4	-2.195082E1	1.785667E1	2.829663E1	8.780872E3	5.021934E3	6.508102E1	4.655097E1
7.896000E0	1.579200E4	-2.714093E1	9.456313E0	2.874112E1	8.800791E3	4.998090E3	5.989091E1	5.495133E1
7.900000E0	1.580000E4	-2.908423E1	-4.349957E-1	2.908748E1	8.820857E3	4.890694E3	5.794762E1	6.484264E1
7.904000E0	1.580800E4	-2.753375E1	-9.976012E0	2.928529E1	8.839916E3	4.770015E3	5.949810E1	7.438366E1
7.908000E0	1.581600E4	-2.296552E1	-1.860840E1	2.955821E1	8.859017E3	4.783194E3	6.406633E1	8.301604E1
7.912000E0	1.582400E4	-1.551996E1	-2.501357E1	2.943718E1	8.878182E3	4.774536E3	7.151189E1	8.942121E1
7.916000E0	1.583200E4	-6.398370E0	-2.819279E1	2.890973E1	8.897213E3	4.818483E3	8.063348E1	9.260044E1
7.920000E0	1.584000E4	3.298678E0	-2.795461E1	2.814856E1	8.916730E3	5.035456E3	9.033053E1	9.236225E1
7.924000E0	1.584800E4	1.267849E1	-2.435834E1	2.746039E1	8.937497E3	5.285548E3	9.971034E1	8.876598E1
7.928000E0	1.585600E4	2.037018E1	-1.769864E1	2.698492E1	8.959014E3	5.352197E3	1.074020E2	8.210628E1
7.932000E0	1.586400E4	2.524017E1	-9.030076E0	2.680687E1	8.980315E3	5.343679E3	1.122720E2	7.343772E1
7.936000E0	1.587200E4	2.690197E1	8.283563E-1	2.691472E1	9.001764E3	5.346550E3	1.139338E2	6.357929E1
7.940000E0	1.588000E4	2.509226E1	1.069598E1	2.727683E1	9.023087E3	5.237402E3	1.121241E2	5.371166E1
7.944000E0	1.588800E4	2.001291E1	1.909997E1	2.766452E1	9.043663E3	5.100101E3	1.070448E2	4.530767E1
7.948000E0	1.589600E4	1.220730E1	2.490468E1	2.773556E1	9.063888E3	5.064432E3	9.923914E1	3.950296E1
7.952000E0	1.590400E4	2.846975E0	2.792296E1	2.806772E1	9.084178E3	5.061178E3	8.987882E1	3.648469E1
7.956000E0	1.591200E4	-6.983654E0	2.724464E1	2.812547E1	9.104377E3	5.101483E3	8.004819E1	3.716300E1
7.960000E0	1.592000E4	-1.619721E1	2.314044E1	2.824588E1	9.124990E3	5.157093E3	7.083463E1	4.126721E1
7.964000E0	1.592800E4	-2.337256E1	1.598323E1	2.831502E1	9.145634E3	5.125810E3	6.365928E1	4.842441E1
7.968000E0	1.593600E4	-2.803805E1	6.992393E0	2.889681E1	9.165997E3	5.045841E3	5.899380E1	5.741525E1
7.972000E0	1.594400E4	-2.914468E1	-3.063548E0	2.930525E1	9.186001E3	4.952833E3	5.788717E1	6.747119E1
7.976000E0	1.595200E4	-2.650284E1	-1.270904E1	2.939252E1	9.205619E3	4.871244E3	6.052901E1	7.711669E1
7.980000E0	1.596000E4	-2.106120E1	-2.103957E1	2.976975E1	9.224971E3	4.818744E3	6.597065E1	8.544722E1
7.984000E0	1.596800E4	-1.276648E1	-2.637267E1	2.930019E1	9.244169E3	4.786588E3	7.426536E1	9.078032E1
7.988000E0	1.597600E4	-3.366192E0	-2.849735E1	2.869548E1	9.263263E3	4.886332E3	8.366566E1	9.290499E1
7.992000E0	1.598400E4	6.449823E0	-2.737008E1	2.811978E1	9.283260E3	5.143241E3	9.348167E1	9.177773E1
7.996000E0	1.599200E4	1.536471E1	-2.243187E1	2.718939E1	9.304409E3	5.385565E3	1.023966E2	8.683951E1
8.000000E0	1.600000E4	2.209259E1	-1.470916E1	2.654132E1	9.326344E3	5.489838E3	1.091244E2	7.911680E1
8.004000E0	1.600800E4	2.602241E1	-5.375771E0	2.657188E1	9.348328E3	5.542020E3	1.130543E2	6.978341E1
8.008000E0	1.601600E4	2.641679E1	4.982261E0	2.688251E1	9.370681E3	5.420100E3	1.134486E2	5.942538E1
8.012000E0	1.602400E4	2.330447E1	1.438678E1	2.738755E1	9.391689E3	5.197359E3	1.103363E2	5.002086E1
8.016000E0	1.603200E4	1.690523E1	2.184090E1	2.761904E1	9.412260E3	5.107223E3	1.039371E2	4.256675E1
8.020000E0	1.604000E4	8.413201E0	2.675894E1	2.805036E1	9.432546E3	5.106471E3	9.544505E1	3.764871E1
8.024000E0	1.604800E4	-1.527965E0	2.811057E1	2.815207E1	9.453111E3	5.089947E3	8.550388E1	3.629707E1
8.028000E0	1.605600E4	-1.113874E1	2.590609E1	2.819924E1	9.473266E3	5.119402E3	7.589311E1	3.850155E1
8.032000E0	1.606400E4	-1.955178E1	2.019949E1	2.811212E1	9.494066E3	5.226982E3	6.748007E1	4.420815E1
8.036000E0	1.607200E4	-2.566568E1	1.192346E1	2.830010E1	9.515082E3	5.216675E3	6.136617E1	5.248418E1
8.040000E0	1.608000E4	-2.850616E1	2.093415E0	2.858293E1	9.535800E3	5.144295E3	5.852569E1	6.231423E1
8.044000E0	1.608800E4	-2.793959E1	-8.136384E0	2.910019E1	9.556236E3	5.022445E3	5.909226E1	7.254403E1
8.048000E0	1.609600E4	-2.382690E1	-1.729820E1	2.944399E1	9.575979E3	4.854205E3	6.320495E1	8.170585E1
8.052000E0	1.610400E4	-1.689960E1	-2.419791E1	2.951500E1	9.595070E3	4.800300E3	7.013225E1	8.860555E1
8.056000E0	1.611200E4	-7.836586E0	-2.803321E1	2.910795E1	9.614382E3	4.860845E3	7.919526E1	9.244085E1
8.060000E0	1.612000E4	1.956548E0	-2.828732E1	2.835490E1	9.633957E3	5.036343E3	8.898839E1	9.269496E1
8.064000E0	1.612800E4	1.144661E1	-2.491811E1	2.742147E1	9.654673E3	5.262261E3	9.847846E1	8.932576E1
8.068000E0	1.613600E4	1.907189E1	-1.838232E1	2.648861E1	9.676055E3	5.540692E3	1.061037E2	8.278996E1
8.072000E0	1.614400E4	2.421306E1	-9.295431E0	2.593602E1	9.698998E3	5.732849E3	1.112449E2	7.370307E1
8.076000E0	1.615200E4	2.585916E1	8.657653E-1	2.587365E1	9.721918E3	5.673579E3	1.128910E2	6.354188E1
8.080000E0	1.616000E4	2.415342E1	1.094975E1	2.651952E1	9.744387E3	5.444002E3	1.111853E2	5.345790E1
8.084000E0	1.616800E4	1.918510E1	1.950216E1	2.735694E1	9.765470E3	5.183920E3	1.062169E2	4.490548E1
8.088000E0	1.617600E4	1.138188E1	2.539470E1	2.782872E1	9.785858E3	5.072895E3	9.841373E1	3.901295E1
8.092000E0	1.618400E4	1.928116E0	2.794284E1	2.800928E1	9.806053E3	5.008724E3	8.895996E1	3.646481E1
8.096000E0	1.619200E4	-7.694298E0	2.696119E1	2.803762E1	9.825928E3	5.103060E3	7.933755E1	3.744645E1
8.100000E0	1.620000E4	-1.669489E1	2.225394E1	2.782009E1	9.846877E3	5.256946E3	7.033695E1	4.215370E1
8.104000E0	1.620800E4	-2.350974E1	1.469995E1	2.772718E1	9.867983E3	5.306220E3	6.352210E1	4.970770E1
8.108000E0	1.621600E4	-2.726645E1	5.138761E0	2.774647E1	9.889327E3	5.325802E3	5.976539E1	5.926888E1
8.112000E0	1.622400E4	-2.747411E1	-5.136626E0	2.795016E1	9.910590E3	5.243336E3	5.955774E1	6.954427E1
8.116000E0	1.623200E4	-2.428143E1	-1.474805E1	2.840938E1	9.931274E3	5.123244E3	6.275041E1	7.915570E1
8.120000E0	1.624000E4	-1.796626E1	-2.264817E1	2.890893E1	9.951576E3	4.932591E3	6.906558E1	8.705581E1
8.124000E0	1.624800E4	-9.608277E0	-2.748981E1	2.912059E1	9.970734E3	4.775657E3	7.742357E1	9.189745E1
8.128000E0	1.625600E4	-1.096428E-1	-2.869949E1	2.869970E1	9.989781E3	4.868687E3	8.692220E1	9.310713E1
8.132000E0	1.626400E4	9.379301E0	-2.621860E1	2.784576E1	1.000968E4	5.120932E3	9.641115E1	9.062625E1
8.136000E0	1.627200E4	1.740920E1	-2.020540E1	2.667093E1	1.003075E4	5.427242E3	1.044411E2	8.461304E1
8.140000E0	1.628000E4	2.282247E1	-1.157759E1	2.559112E1	1.005310E4	5.712822E3	1.098543E2	7.598523E1
8.144000E0	1.628800E4	2.510398E1	-1.556912E0	2.515222E1	1.007645E4	5.850077E3	1.121358E2	6.596456E1
8.148000E0	1.629600E4	2.371966E1	8.587539E0	2.522634E1	1.009990E4	5.824363E3	1.107515E2	5.582010E1
8.152000E0	1.630400E4	1.909111E1	1.783145E1	2.612338E1	1.012305E4	5.574565E3	1.061230E2	4.657619E1
8.156000E0	1.631200E4	1.169901E1	2.452634E1	2.717366E1	1.014450E4	5.170596E3	9.873086E1	3.988131E1
8.160000E0	1.632000E4	2.703420E0	2.762529E1	2.775726E1	1.016441E4	4.951385E3	8.973527E1	3.678235E1
8.164000E0	1.632800E4	-6.850755E0	2.725380E1	2.810164E1	1.018411E4	5.025554E3	8.018109E1	3.715385E1
8.168000E0	1.633600E4	-1.583138E1	2.293583E1	2.786907E1	1.020462E4	5.185562E3	7.120047E1	4.147181E1
8.172000E0	1.634400E4	-2.280711E1	1.561956E1	2.764299E1	1.022559E4	5.297887E3	6.422473E1	4.878809E1
8.176000E0	1.635200E4	-2.669004E1	6.162695E0	2.739228E1	1.024700E4	5.412148E3	6.034181E1	5.824495E1
8.180000E0	1.636000E4	-2.707486E1	-4.235801E0	2.740420E1	1.026889E4	5.425748E3	5.995698E1	6.864344E1
8.184000E0	1.636800E4	-2.382797E1	-1.398221E1	2.762741E1	1.029040E4	5.308229E3	6.320388E1	7.838985E1
8.188000E0	1.637600E4	-1.758355E1	-2.199309E1	2.815808E1	1.031136E4	5.064666E3	6.944830E1	8.640074E1
8.192000E0	1.638400E4	-9.302913E0	-2.689808E1	2.846140E1	1.033092E4	4.936310E3	7.772893E1	9.130573E1
8.196000E0	1.639200E4	4.196061E-1	-2.834806E1	2.835116E1	1.035085E4	4.978683E3	8.745145E1	9.275570E1
8.200000E0	1.640000E4	9.775793E0	-2.580125E1	2.759113E1	1.037075E4	5.118370E3	9.680764E1	9.020889E1
8.204000E0	1.640800E4	1.788206E1	-2.000352E1	2.683112E1	1.039179E4	5.370491E3	1.049139E2	8.441117E1
8.208000E0	1.641600E4	2.316187E1	-1.143974E1	2.583293E1	1.041372E4	5.623057E3	1.101937E2	7.584739E1
8.212000E0	1.642400E4	2.509047E1	-1.411807E0	2.513016E1	1.043678E4	5.948085E3	1.121223E2	6.581945E1
8.216000E0	1.643200E4	2.343133E1	9.135365E0	2.514920E1	1.046130E4	5.960619E3	1.104632E2	5.527228E1
8.220000E0	1.644000E4	1.835153E1	1.801160E1	2.571374E1	1.048446E4	5.700127E3	1.053834E2	4.639604E1
8.224000E0	1.644800E4	1.046606E1	2.453821E1	2.667700E1	1.050690E4	5.419074E3	9.749791E1	3.986943E1
8.228000E0	1.645600E4	1.047846E0	2.748862E1	2.750858E1	1.052782E4	5.096899E3	8.807969E1	3.691902E1
8.232000E0	1.646400E4	-8.477285E0	2.660142E1	2.791952E1	1.054768E4	5.012605E3	7.855456E1	3.780623E1
8.236000E0	1.647200E4	-1.731869E1	2.223256E1	2.818197E1	1.056792E4	5.105994E3	6.971316E1	4.217508E1
8.240000E0	1.648000E4	-2.367602E1	1.449511E1	2.776080E1	1.058852E4	5.294963E3	6.335583E1	4.991254E1
8.244000E0	1.648800E4	-2.716117E1	4.653712E0	2.755696E1	1.061028E4	5.417380E3	5.987068E1	5.975393E1
8.248000E0	1.649600E4	-2.689570E1	-5.649642E0	2.748267E1	1.063186E4	5.413885E3	6.013614E1	7.005729E1
8.252000E0	1.650400E4	-2.324062E1	-1.543437E1	2.789886E1	1.065359E4	5.314127E3	6.379123E1	7.984201E1
8.256000E0	1.651200E4	-1.632035E1	-2.277582E1	2.801949E1	1.067438E4	5.148720E3	7.071149E1	8.718347E1
8.260000E0	1.652000E4	-7.471240E0	-2.745774E1	2.845606E1	1.069478E4	5.021207E3	7.956061E1	9.186539E1
8.264000E0	1.652800E4	2.247479E0	-2.826927E1	2.835847E1	1.071455E4	5.007565E3	8.927933E1	9.267691E1
8.268000E0	1.653600E4	1.159081E1	-2.504017E1	2.759270E1	1.073484E4	5.202854E3	9.862266E1	8.944781E1
8.272000E0	1.654400E4	1.920253E1	-1.843489E1	2.661921E1	1.075617E4	5.531567E3	1.062344E2	8.284253E1
8.276000E0	1.655200E4	2.395354E1	-9.151079E0	2.564205E1	1.077909E4	5.839841E3	1.109854E2	7.355872E1
8.280000E0	1.656000E4	2.527301E1	1.274597E0	2.530513E1	1.080289E4	5.906833E3	1.123049E2	6.313305E1
8.284000E0	1.656800E4	2.274605E1	1.126457E1	2.538255E1	1.082635E4	5.833177E3	1.097779E2	5.314307E1
8.288000E0	1.657600E4	1.695272E1	1.988601E1	2.613136E1	1.084955E4	5.661608E3	1.039846E2	4.452164E1
8.292000E0	1.658400E4	8.541554E0	2.573526E1	2.711571E1	1.087164E4	5.413677E3	9.557340E1	3.867239E1
8.296000E0	1.659200E4	-1.395414E0	2.791230E1	2.794716E1	1.089286E4	5.185118E3	8.563643E1	3.649534E1
8.300000E0	1.660000E4	-1.110888E1	2.601937E1	2.829160E1	1.091312E4	5.111578E3	7.592297E1	3.838828E1
8.304000E0	1.660800E4	-1.943642E1	2.030027E1	2.810472E1	1.093375E4	5.273151E3	6.759543E1	4.410737E1
8.308000E0	1.661600E4	-2.534772E1	1.165592E1	2.789924E1	1.095531E4	5.417974E3	6.168413E1	5.275173E1
8.312000E0	1.662400E4	-2.782887E1	1.410523E0	2.786459E1	1.097710E4	5.457275E3	5.920298E1	6.299712E1
8.316000E0	1.663200E4	-2.645333E1	-9.089663E0	2.797143E1	1.099896E4	5.398503E3	6.057852E1	7.349731E1
8.320000E0	1.664000E4	-2.161955E1	-1.832592E1	2.834156E1	1.102029E4	5.260143E3	6.541229E1	8.273356E1
8.324000E0	1.664800E4	-1.373632E1	-2.482638E1	2.837315E1	1.104104E4	5.164239E3	7.329553E1	8.923402E1
8.328000E0	1.665600E4	-4.148336E0	-2.809366E1	2.839828E1	1.106160E4	5.156734E3	8.288351E1	9.250130E1
8.332000E0	1.666400E4	5.959658E0	-2.733731E1	2.797939E1	1.108230E4	5.241018E3	9.299150E1	9.174495E1
8.336000E0	1.667200E4	1.499101E1	-2.262450E1	2.714035E1	1.110353E4	5.383291E3	1.020229E2	8.703215E1
8.340000E0	1.668000E4	2.171547E1	-1.500028E1	2.639261E1	1.112536E4	5.689256E3	1.087473E2	7.940793E1
8.344000E0	1.668800E4	2.520561E1	-4.880057E0	2.567367E1	1.114904E4	5.951988E3	1.122375E2	6.928770E1
8.348000E0	1.669600E4	2.469668E1	5.692849E0	2.534432E1	1.117298E4	6.012573E3	1.117285E2	5.871479E1
8.352000E0	1.670400E4	2.071642E1	1.569223E1	2.598877E1	1.119714E4	5.836104E3	1.077483E2	4.871541E1
8.356000E0	1.671200E4	1.355254E1	2.316397E1	2.683731E1	1.121967E4	5.530436E3	1.005844E2	4.124367E1
8.360000E0	1.672000E4	4.139002E0	2.732469E1	2.763639E1	1.124139E4	5.305054E3	9.117085E1	3.708295E1
8.364000E0	1.672800E4	-5.870896E0	2.736242E1	2.798517E1	1.126211E4	5.227147E3	8.116095E1	3.704522E1
8.368000E0	1.673600E4	-1.536825E1	2.348176E1	2.806379E1	1.128320E4	5.343651E3	7.166359E1	4.092588E1
8.372000E0	1.674400E4	-2.277215E1	1.602889E1	2.784773E1	1.130486E4	5.448619E3	6.425969E1	4.837876E1
8.376000E0	1.675200E4	-2.702783E1	6.342930E0	2.776214E1	1.132679E4	5.533853E3	6.000402E1	5.806471E1
8.380000E0	1.676000E4	-2.746968E1	-4.414604E0	2.782215E1	1.134913E4	5.469844E3	5.956217E1	6.882225E1
8.384000E0	1.676800E4	-2.422166E1	-1.429699E1	2.812637E1	1.137055E4	5.374629E3	6.281019E1	7.870463E1
8.388000E0	1.677600E4	-1.739000E1	-2.236007E1	2.832640E1	1.139213E4	5.248586E3	6.964184E1	8.676771E1
8.392000E0	1.678400E4	-8.532593E0	-2.712827E1	2.843849E1	1.141254E4	5.084812E3	7.849925E1	9.153591E1
8.396000E0	1.679200E4	1.381398E0	-2.819066E1	2.822449E1	1.143281E4	5.178325E3	8.841325E1	9.259831E1
8.400000E0	1.680000E4	1.117422E1	-2.513690E1	2.750867E1	1.145397E4	5.422846E3	9.820607E1	8.954454E1
8.404000E0	1.680800E4	1.913573E1	-1.835812E1	2.651786E1	1.147619E4	5.736886E3	1.061676E2	8.276576E1
8.408000E0	1.681600E4	2.408629E1	-8.832504E0	2.565468E1	1.149986E4	5.976358E3	1.111181E2	7.324015E1
8.412000E0	1.682400E4	2.522733E1	1.763622E0	2.528890E1	1.152400E4	6.060745E3	1.122592E2	6.264402E1
8.416000E0	1.683200E4	2.255736E1	1.217019E1	2.563099E1	1.154835E4	6.000559E3	1.095892E2	5.223745E1
8.420000E0	1.684000E4	1.616249E1	2.068962E1	2.625427E1	1.157200E4	5.720408E3	1.031943E2	4.371802E1
8.424000E0	1.684800E4	7.503696E0	2.636131E1	2.740847E1	1.159411E4	5.409632E3	9.453554E1	3.804633E1
8.428000E0	1.685600E4	-2.570905E0	2.781634E1	2.793490E1	1.161528E4	5.246361E3	8.446094E1	3.659130E1
8.432000E0	1.686400E4	-1.240843E1	2.534893E1	2.822299E1	1.163608E4	5.280205E3	7.462342E1	3.905872E1
8.436000E0	1.687200E4	-2.070708E1	1.895982E1	2.807593E1	1.165752E4	5.400299E3	6.632477E1	4.544783E1
8.440000E0	1.688000E4	-2.607459E1	9.860893E0	2.787690E1	1.167928E4	5.529464E3	6.095726E1	5.454675E1
8.444000E0	1.688800E4	-2.772747E1	-8.509636E-1	2.774053E1	1.170176E4	5.621093E3	5.930437E1	6.525861E1
8.448000E0	1.689600E4	-2.549564E1	-1.148662E1	2.796373E1	1.172425E4	5.541532E3	6.153621E1	7.589426E1
8.452000E0	1.690400E4	-1.971752E1	-2.048247E1	2.843083E1	1.174609E4	5.341759E3	6.731433E1	8.489011E1
8.456000E0	1.691200E4	-1.125200E1	-2.649159E1	2.878215E1	1.176699E4	5.206499E3	7.577984E1	9.089924E1
8.460000E0	1.692000E4	-1.128977E0	-2.863405E1	2.865630E1	1.178774E4	5.214610E3	8.590287E1	9.304169E1
8.464000E0	1.692800E4	9.016933E0	-2.663315E1	2.811814E1	1.180870E4	5.311919E3	9.604878E1	9.104079E1
8.468000E0	1.693600E4	1.748352E1	-2.066152E1	2.706606E1	1.183024E4	5.545548E3	1.045154E2	8.506916E1
8.472000E0	1.694400E4	2.314863E1	-1.176000E1	2.596452E1	1.185307E4	5.911369E3	1.101805E2	7.616764E1
8.476000E0	1.695200E4	2.523550E1	-1.089259E0	2.525900E1	1.187753E4	6.180750E3	1.122673E2	6.549690E1
8.480000E0	1.696000E4	2.337436E1	9.688888E0	2.530287E1	1.190251E4	6.187264E3	1.104062E2	5.471875E1
8.484000E0	1.696800E4	1.777678E1	1.908098E1	2.607868E1	1.192703E4	5.897750E3	1.048086E2	4.532666E1
8.488000E0	1.697600E4	9.372403E0	2.533209E1	2.701030E1	1.194970E4	5.540378E3	9.640425E1	3.907556E1
8.492000E0	1.698400E4	-6.539413E-1	2.775791E1	2.776561E1	1.197135E4	5.325276E3	8.637791E1	3.664974E1
8.496000E0	1.699200E4	-1.070593E1	2.610548E1	2.821547E1	1.199230E4	5.295165E3	7.632592E1	3.830217E1
8.500000E0	1.700000E4	-1.940629E1	2.029980E1	2.808356E1	1.201371E4	5.455971E3	6.762555E1	4.410784E1
8.504000E0	1.700800E4	-2.552343E1	1.139237E1	2.795052E1	1.203595E4	5.628845E3	6.150842E1	5.301528E1
8.508000E0	1.701600E4	-2.791489E1	6.131742E-1	2.792162E1	1.205874E4	5.639505E3	5.911696E1	6.379447E1
8.512000E0	1.702400E4	-2.600203E1	-1.001379E1	2.786362E1	1.208106E4	5.535270E3	6.102982E1	7.442143E1
8.516000E0	1.703200E4	-2.062362E1	-1.924787E1	2.821018E1	1.210302E4	5.432866E3	6.640823E1	8.365551E1
8.520000E0	1.704000E4	-1.220525E1	-2.561807E1	2.837699E1	1.212453E4	5.348959E3	7.482660E1	9.002571E1
8.524000E0	1.704800E4	-2.071678E0	-2.831561E1	2.839129E1	1.214582E4	5.272054E3	8.496017E1	9.272325E1
8.528000E0	1.705600E4	8.009797E0	-2.669495E1	2.787072E1	1.216670E4	5.390966E3	9.504164E1	9.110259E1
8.532000E0	1.706400E4	1.698701E1	-2.101977E1	2.702572E1	1.218894E4	5.648793E3	1.040189E2	8.542742E1
8.536000E0	1.707200E4	2.299560E1	-1.228254E1	2.607026E1	1.221189E4	5.939878E3	1.100274E2	7.669019E1
8.540000E0	1.708000E4	2.546457E1	-1.574329E0	2.551319E1	1.223646E4	6.176084E3	1.124964E2	6.598197E1
8.544000E0	1.708800E4	2.361643E1	9.208060E0	2.534806E1	1.226130E4	6.154683E3	1.106483E2	5.519958E1
8.548000E0	1.709600E4	1.804892E1	1.849522E1	2.584254E1	1.228570E4	5.944874E3	1.050808E2	4.591242E1
8.552000E0	1.710400E4	9.660094E0	2.498256E1	2.678517E1	1.230886E4	5.688145E3	9.669194E1	3.942509E1
8.556000E0	1.711200E4	-5.830134E-1	2.772057E1	2.772670E1	1.233120E4	5.418178E3	8.644883E1	3.668707E1
8.560000E0	1.712000E4	-1.067068E1	2.614083E1	2.823485E1	1.235221E4	5.328682E3	7.636117E1	3.826681E1
8.564000E0	1.712800E4	-1.949471E1	2.030454E1	2.814814E1	1.237383E4	5.498868E3	6.753714E1	4.410311E1
8.568000E0	1.713600E4	-2.558897E1	1.128810E1	2.796813E1	1.239620E4	5.660967E3	6.144288E1	5.311954E1
8.572000E0	1.714400E4	-2.786687E1	4.270410E-1	2.787014E1	1.241912E4	5.726246E3	5.916498E1	6.398060E1
8.576000E0	1.715200E4	-2.593672E1	-1.048237E1	2.797487E1	1.244201E4	5.656374E3	6.109512E1	7.489001E1
8.580000E0	1.716000E4	-2.032071E1	-1.988079E1	2.842846E1	1.246437E4	5.510818E3	6.671114E1	8.428843E1
8.584000E0	1.716800E4	-1.156677E1	-2.609295E1	2.854176E1	1.248609E4	5.310938E3	7.546507E1	9.050059E1
8.588000E0	1.717600E4	-1.555935E0	-2.836778E1	2.841042E1	1.250686E4	5.283172E3	8.547591E1	9.277542E1
8.592000E0	1.718400E4	8.738973E0	-2.633462E1	2.774674E1	1.252836E4	5.511623E3	9.577082E1	9.074226E1
8.596000E0	1.719200E4	1.760257E1	-2.028264E1	2.685584E1	1.255095E4	5.768406E3	1.046344E2	8.469028E1
8.600000E0	1.720000E4	2.328089E1	-1.110175E1	2.579241E1	1.257451E4	6.048792E3	1.103127E2	7.550939E1
8.604000E0	1.720800E4	2.527016E1	-2.893983E-1	2.527181E1	1.259934E4	6.287403E3	1.123020E2	6.469704E1
8.608000E0	1.721600E4	2.310242E1	1.067705E1	2.545037E1	1.262480E4	6.240125E3	1.101343E2	5.373059E1
8.612000E0	1.722400E4	1.717089E1	1.993826E1	2.631300E1	1.264926E4	5.927533E3	1.042027E2	4.446938E1
8.616000E0	1.723200E4	8.309022E0	2.591817E1	2.721748E1	1.267222E4	5.620470E3	9.534087E1	3.848947E1
8.620000E0	1.724000E4	-2.066625E0	2.795085E1	2.802715E1	1.269423E4	5.427882E3	8.496522E1	3.645679E1
8.624000E0	1.724800E4	-1.226901E1	2.555257E1	2.834541E1	1.271565E4	5.410752E3	7.476283E1	3.885507E1
8.628000E0	1.725600E4	-2.060786E1	1.887393E1	2.794475E1	1.273751E4	5.591007E3	6.642399E1	4.553371E1
8.632000E0	1.726400E4	-2.622663E1	9.351288E0	2.784389E1	1.276038E4	5.752502E3	6.080522E1	5.505636E1
8.636000E0	1.727200E4	-2.764723E1	-1.707763E0	2.769992E1	1.278353E4	5.826911E3	5.938462E1	6.611541E1
8.640000E0	1.728000E4	-2.495744E1	-1.271164E1	2.800821E1	1.280699E4	5.729387E3	6.207441E1	7.711929E1
8.644000E0	1.728800E4	-1.849935E1	-2.156052E1	2.840919E1	1.282937E4	5.481907E3	6.853249E1	8.596817E1
8.648000E0	1.729600E4	-9.417358E0	-2.711379E1	2.870269E1	1.285085E4	5.318001E3	7.761449E1	9.152143E1
8.652000E0	1.730400E4	9.473532E-1	-2.835206E1	2.836788E1	1.287191E4	5.392290E3	8.797920E1	9.275970E1
8.656000E0	1.731200E4	1.123022E1	-2.524150E1	2.762700E1	1.289398E4	5.636607E3	9.826207E1	8.964914E1
8.660000E0	1.732000E4	1.943349E1	-1.811783E1	2.656908E1	1.291701E4	5.932307E3	1.064653E2	8.252547E1
8.664000E0	1.732800E4	2.428741E1	-8.153203E0	2.561939E1	1.294144E4	6.219031E3	1.113193E2	7.256085E1
8.668000E0	1.733600E4	2.511199E1	2.976139E0	2.528773E1	1.296676E4	6.334908E3	1.121438E2	6.143150E1
8.672000E0	1.734400E4	2.169427E1	1.362068E1	2.561570E1	1.299212E4	6.200162E3	1.087261E2	5.078696E1
8.676000E0	1.735200E4	1.475278E1	2.217126E1	2.663098E1	1.301636E4	5.884302E3	1.017846E2	4.223638E1
8.680000E0	1.736000E4	5.163733E0	2.706140E1	2.754966E1	1.303920E4	5.621110E3	9.219558E1	3.734624E1
8.684000E0	1.736800E4	-5.505059E0	2.747764E1	2.802367E1	1.306133E4	5.552498E3	8.152679E1	3.693000E1
8.688000E0	1.737600E4	-1.558540E1	2.344288E1	2.815090E1	1.308362E4	5.577296E3	7.144645E1	4.096476E1
8.692000E0	1.738400E4	-2.315403E1	1.564853E1	2.794612E1	1.310595E4	5.664833E3	6.387782E1	4.875911E1
8.696000E0	1.739200E4	-2.721104E1	5.321044E0	2.772642E1	1.312894E4	5.801266E3	5.982080E1	5.908660E1
8.700000E0	1.740000E4	-2.710254E1	-5.937827E0	2.774537E1	1.315236E4	5.831387E3	5.992931E1	7.034547E1
8.704000E0	1.740800E4	-2.281499E1	-1.632591E1	2.805458E1	1.317559E4	5.674262E3	6.421685E1	8.073355E1
8.708000E0	1.741600E4	-1.511747E1	-2.396125E1	2.833160E1	1.319775E4	5.518901E3	7.191438E1	8.836889E1
8.712000E0	1.742400E4	-5.057369E0	-2.793390E1	2.838802E1	1.321974E4	5.443672E3	8.197448E1	9.234155E1
8.716000E0	1.743200E4	5.515147E0	-2.759809E1	2.814376E1	1.324130E4	5.466840E3	9.254699E1	9.200573E1
8.720000E0	1.744000E4	1.504093E1	-2.274799E1	2.727088E1	1.326347E4	5.741002E3	1.020728E2	8.715564E1
8.724000E0	1.744800E4	2.208950E1	-1.421988E1	2.627073E1	1.328723E4	6.105211E3	1.091214E2	7.862753E1
8.728000E0	1.745600E4	2.523871E1	-3.405995E0	2.546749E1	1.331231E4	6.368409E3	1.122706E2	6.781364E1
8.732000E0	1.746400E4	2.416387E1	7.933598E0	2.543294E1	1.333818E4	6.387425E3	1.111957E2	5.647405E1
8.736000E0	1.747200E4	1.885545E1	1.783925E1	2.595702E1	1.336341E4	6.161911E3	1.058873E2	4.656839E1
8.740000E0	1.748000E4	1.036437E1	2.498674E1	2.705102E1	1.338747E4	5.842051E3	9.739622E1	3.942090E1
8.744000E0	1.748800E4	-7.305724E-2	2.788692E1	2.788702E1	1.341015E4	5.570816E3	8.695879E1	3.652072E1
8.748000E0	1.749600E4	-1.059537E1	2.617434E1	2.823753E1	1.343204E4	5.516459E3	7.643647E1	3.823330E1
8.752000E0	1.750400E4	-1.969216E1	2.019215E1	2.820468E1	1.345428E4	5.679727E3	6.733969E1	4.421549E1
8.756000E0	1.751200E4	-2.579380E1	1.069685E1	2.792387E1	1.347748E4	5.813191E3	6.123805E1	5.371080E1
8.760000E0	1.752000E4	-2.787008E1	-3.829894E-1	2.787271E1	1.350079E4	5.826521E3	5.916176E1	6.479063E1
8.764000E0	1.752800E4	-2.551069E1	-1.140512E1	2.794408E1	1.352409E4	5.789050E3	6.152116E1	7.581276E1
8.768000E0	1.753600E4	-1.917570E1	-2.063530E1	2.816955E1	1.354710E4	5.716531E3	6.785614E1	8.504295E1
8.772000E0	1.754400E4	-9.806291E0	-2.668194E1	2.842691E1	1.356982E4	5.582556E3	7.722556E1	9.108958E1
8.776000E0	1.755200E4	8.688749E-1	-2.827440E1	2.828774E1	1.359176E4	5.532735E3	8.790072E1	9.268204E1
8.780000E0	1.756000E4	1.126499E1	-2.520419E1	2.760709E1	1.361408E4	5.700726E3	9.829684E1	8.961183E1
8.784000E0	1.756800E4	1.958270E1	-1.802870E1	2.661797E1	1.363737E4	5.998649E3	1.066146E2	8.243635E1
8.788000E0	1.757600E4	2.437879E1	-7.887571E0	2.562302E1	1.366207E4	6.297697E3	1.114106E2	7.229521E1
8.792000E0	1.758400E4	2.508716E1	3.413114E0	2.531827E1	1.368775E4	6.412959E3	1.121190E2	6.099453E1
8.796000E0	1.759200E4	2.136948E1	1.407725E1	2.558952E1	1.371338E4	6.338091E3	1.084013E2	5.033039E1
8.800000E0	1.760000E4	1.379642E1	2.247167E1	2.636887E1	1.373845E4	6.039583E3	1.008283E2	4.193597E1
8.804000E0	1.760800E4	3.947356E0	2.703087E1	2.731757E1	1.376169E4	5.703216E3	9.097920E1	3.737677E1
8.808000E0	1.761600E4	-6.805732E0	2.713886E1	2.797920E1	1.378408E4	5.581795E3	8.022611E1	3.726879E1
8.812000E0	1.762400E4	-1.667593E1	2.266328E1	2.813736E1	1.380635E4	5.661851E3	7.035592E1	4.174436E1
8.816000E0	1.763200E4	-2.408899E1	1.426162E1	2.799417E1	1.382937E4	5.822423E3	6.294286E1	5.014602E1
8.820000E0	1.764000E4	-2.758776E1	3.423772E0	2.779940E1	1.385293E4	5.953246E3	5.944409E1	6.098387E1
8.824000E0	1.764800E4	-2.675317E1	-8.178641E0	2.797539E1	1.387700E4	5.895298E3	6.027868E1	7.258628E1
8.828000E0	1.765600E4	-2.161670E1	-1.819513E1	2.825499E1	1.390009E4	5.685409E3	6.541515E1	8.260278E1
8.832000E0	1.766400E4	-1.310622E1	-2.515756E1	2.836681E1	1.392248E4	5.606698E3	7.392563E1	8.956521E1
8.836000E0	1.767200E4	-2.490511E0	-2.813552E1	2.824554E1	1.394494E4	5.566544E3	8.454134E1	9.254317E1
8.840000E0	1.768000E4	8.116505E0	-2.652403E1	2.773810E1	1.396701E4	5.651201E3	9.514835E1	9.093168E1
8.844000E0	1.768800E4	1.742727E1	-2.065816E1	2.702719E1	1.399015E4	5.923992E3	1.044591E2	8.506580E1
8.848000E0	1.769600E4	2.337078E1	-1.119422E1	2.591339E1	1.401441E4	6.289053E3	1.104026E2	7.560186E1
8.852000E0	1.770400E4	2.531805E1	2.048094E-1	2.531887E1	1.404046E4	6.499851E3	1.123499E2	6.420283E1
8.856000E0	1.771200E4	2.278610E1	1.131367E1	2.544024E1	1.406641E4	6.392546E3	1.098180E2	5.309397E1
8.860000E0	1.772000E4	1.627846E1	2.054113E1	2.620928E1	1.409160E4	6.170015E3	1.033103E2	4.386651E1
8.864000E0	1.772800E4	6.646299E0	2.619913E1	2.702901E1	1.411577E4	5.931346E3	9.367815E1	3.820852E1
8.868000E0	1.773600E4	-4.380096E0	2.748524E1	2.783207E1	1.413905E4	5.738086E3	8.265175E1	3.692240E1
8.872000E0	1.774400E4	-1.477771E1	2.395524E1	2.814665E1	1.416167E4	5.646480E3	7.225414E1	4.045241E1
8.876000E0	1.775200E4	-2.281100E1	1.643581E1	2.811543E1	1.418423E4	5.757722E3	6.422084E1	4.797184E1
8.880000E0	1.776000E4	-2.721650E1	5.918367E0	2.785255E1	1.420773E4	5.915862E3	5.981535E1	5.848928E1
8.884000E0	1.776800E4	-2.725232E1	-5.570978E0	2.781590E1	1.423155E4	5.967040E3	5.977953E1	6.997862E1
8.888000E0	1.777600E4	-2.291079E1	-1.632284E1	2.813076E1	1.425547E4	5.820571E3	6.412105E1	8.073049E1
8.892000E0	1.778400E4	-1.494664E1	-2.402953E1	2.829877E1	1.427812E4	5.646855E3	7.208520E1	8.843718E1
8.896000E0	1.779200E4	-4.609615E0	-2.797438E1	2.835162E1	1.430064E4	5.610831E3	8.242223E1	9.238202E1
8.900000E0	1.780000E4	6.307570E0	-2.731116E1	2.803007E1	1.432300E4	5.665903E3	9.333942E1	9.171881E1
8.904000E0	1.780800E4	1.586581E1	-2.186138E1	2.701192E1	1.434597E4	5.927628E3	1.028977E2	8.626902E1
8.908000E0	1.781600E4	2.279711E1	-1.293710E1	2.621214E1	1.437043E4	6.246955E3	1.098290E2	7.734474E1
8.912000E0	1.782400E4	2.557260E1	-1.812540E0	2.563675E1	1.439595E4	6.494777E3	1.126044E2	6.622018E1
8.916000E0	1.783200E4	2.344995E1	9.657613E0	2.536078E1	1.442238E4	6.545638E3	1.104818E2	5.475003E1
8.920000E0	1.784000E4	1.733300E1	1.946156E1	2.606118E1	1.444831E4	6.283778E3	1.043648E2	4.494608E1
8.924000E0	1.784800E4	8.039052E0	2.573766E1	2.696393E1	1.447265E4	5.896078E3	9.507090E1	3.866998E1
8.928000E0	1.785600E4	-2.667241E0	2.780472E1	2.793235E1	1.449548E4	5.690437E3	8.436461E1	3.660293E1
8.932000E0	1.786400E4	-1.337933E1	2.497587E1	2.833373E1	1.451818E4	5.701083E3	7.365252E1	3.943177E1
8.936000E0	1.787200E4	-2.199170E1	1.775258E1	2.826286E1	1.454109E4	5.784100E3	6.504014E1	4.665506E1
8.940000E0	1.788000E4	-2.690405E1	7.486284E0	2.792619E1	1.456445E4	5.933818E3	6.012780E1	5.692136E1
8.944000E0	1.788800E4	-2.760323E1	-4.154244E0	2.791408E1	1.458856E4	5.990083E3	5.942862E1	6.856189E1
8.948000E0	1.789600E4	-2.376531E1	-1.506504E1	2.813797E1	1.461237E4	5.860261E3	6.326654E1	7.947268E1
8.952000E0	1.790400E4	-1.612025E1	-2.340326E1	2.841787E1	1.463544E4	5.724685E3	7.091159E1	8.781091E1
8.956000E0	1.791200E4	-5.808774E0	-2.772875E1	2.833064E1	1.465817E4	5.667645E3	8.122307E1	9.213639E1
8.960000E0	1.792000E4	5.253398E0	-2.758649E1	2.808225E1	1.468078E4	5.679418E3	9.228525E1	9.199414E1
8.964000E0	1.792800E4	1.513746E1	-2.278043E1	2.735125E1	1.470360E4	5.900672E3	1.021693E2	8.718808E1
8.968000E0	1.793600E4	2.223874E1	-1.390315E1	2.622706E1	1.472799E4	6.257532E3	1.092706E2	7.831079E1
8.972000E0	1.794400E4	2.537186E1	-2.817194E0	2.552779E1	1.475366E4	6.516015E3	1.124037E2	6.722484E1
8.976000E0	1.795200E4	2.379754E1	8.715939E0	2.534345E1	1.478012E4	6.577003E3	1.108294E2	5.569170E1
8.980000E0	1.796000E4	1.808917E1	1.891606E1	2.617318E1	1.480628E4	6.339052E3	1.051210E2	4.549158E1
8.984000E0	1.796800E4	8.902360E0	2.560419E1	2.710768E1	1.483083E4	5.970043E3	9.593421E1	3.880345E1
8.988000E0	1.797600E4	-1.972706E0	2.792784E1	2.799742E1	1.485404E4	5.729084E3	8.505914E1	3.647981E1
8.992000E0	1.798400E4	-1.268004E1	2.525476E1	2.825927E1	1.487666E4	5.734825E3	7.435181E1	3.915288E1
8.996000E0	1.799200E4	-2.152544E1	1.811389E1	2.813286E1	1.489992E4	5.870987E3	6.550641E1	4.629375E1
9.000000E0	1.800000E4	-2.684349E1	7.885992E0	2.797788E1	1.492363E4	5.961711E3	6.018836E1	5.652165E1
9.004000E0	1.800800E4	-2.762240E1	-3.691856E0	2.786803E1	1.494761E4	6.011202E3	5.940944E1	6.809950E1
9.008000E0	1.801600E4	-2.393570E1	-1.479341E1	2.813828E1	1.497172E4	5.926331E3	6.309615E1	7.920105E1
9.012000E0	1.802400E4	-1.631952E1	-2.332693E1	2.846879E1	1.499502E4	5.776810E3	7.071233E1	8.773457E1
9.016000E0	1.803200E4	-5.934293E0	-2.775788E1	2.838514E1	1.501793E4	5.686540E3	8.109755E1	9.216553E1
9.020000E0	1.804000E4	5.130893E0	-2.764159E1	2.811377E1	1.504052E4	5.702826E3	9.216274E1	9.204924E1
9.024000E0	1.804800E4	1.511346E1	-2.278628E1	2.734285E1	1.506356E4	5.918351E3	1.021453E2	8.719393E1
9.028000E0	1.805600E4	2.226967E1	-1.399006E1	2.629943E1	1.508786E4	6.272609E3	1.093015E2	7.839771E1
9.032000E0	1.806400E4	2.539853E1	-2.787870E0	2.555108E1	1.511374E4	6.536807E3	1.124304E2	6.719551E1
9.036000E0	1.807200E4	2.382264E1	8.744704E0	2.537691E1	1.514016E4	6.579244E3	1.108545E2	5.566294E1
9.040000E0	1.808000E4	1.804062E1	1.892464E1	2.614586E1	1.516637E4	6.359102E3	1.050725E2	4.548300E1
9.044000E0	1.808800E4	8.813806E0	2.564040E1	2.711298E1	1.519103E4	5.978732E3	9.584565E1	3.876724E1
9.048000E0	1.809600E4	-2.050945E0	2.792978E1	2.800498E1	1.521420E4	5.743472E3	8.498090E1	3.647787E1
9.052000E0	1.810400E4	-1.284053E1	2.522540E1	2.830547E1	1.523698E4	5.779846E3	7.419132E1	3.918224E1
9.056000E0	1.811200E4	-2.162519E1	1.786539E1	2.805033E1	1.526044E4	5.916172E3	6.540666E1	4.654225E1
9.060000E0	1.812000E4	-2.683662E1	7.539944E0	2.787570E1	1.528431E4	6.020460E3	6.019523E1	5.686770E1
9.064000E0	1.812800E4	-2.760351E1	-4.175756E0	2.791757E1	1.530860E4	6.023655E3	5.942833E1	6.858340E1
9.068000E0	1.813600E4	-2.372498E1	-1.511224E1	2.812925E1	1.533250E4	5.910054E3	6.330686E1	7.951988E1
9.072000E0	1.814400E4	-1.594859E1	-2.354065E1	2.843448E1	1.535588E4	5.813919E3	7.108326E1	8.794829E1
9.076000E0	1.815200E4	-5.439453E0	-2.800313E1	2.852653E1	1.537901E4	5.694054E3	8.159239E1	9.241077E1
9.080000E0	1.816000E4	5.561436E0	-2.749462E1	2.805145E1	1.540144E4	5.693349E3	9.259328E1	9.190227E1
9.084000E0	1.816800E4	1.541270E1	-2.238016E1	2.717394E1	1.542455E4	6.040954E3	1.024445E2	8.678780E1
9.088000E0	1.817600E4	2.248959E1	-1.310883E1	2.603119E1	1.544976E4	6.422269E3	1.095214E2	7.751647E1
9.092000E0	1.818400E4	2.529511E1	-1.798778E0	2.535898E1	1.547593E4	6.617020E3	1.123270E2	6.620642E1
9.096000E0	1.819200E4	2.336648E1	9.773894E0	2.532827E1	1.550270E4	6.622109E3	1.103983E2	5.463375E1
9.100000E0	1.820000E4	1.713467E1	1.964829E1	2.607013E1	1.552891E4	6.365815E3	1.041665E2	4.475936E1
9.104000E0	1.820800E4	7.685398E0	2.615561E1	2.726135E1	1.555363E4	5.963566E3	9.471725E1	3.825203E1
9.108000E0	1.821600E4	-3.229830E0	2.783865E1	2.802538E1	1.557662E4	5.701715E3	8.380202E1	3.656899E1
9.112000E0	1.822400E4	-1.383097E1	2.470794E1	2.831568E1	1.559924E4	5.747608E3	7.320088E1	3.969971E1
9.116000E0	1.823200E4	-2.234168E1	1.708230E1	2.812393E1	1.562260E4	5.976559E3	6.469017E1	4.732534E1
9.120000E0	1.824000E4	-2.724248E1	6.263570E0	2.795326E1	1.564705E4	6.119135E3	5.978937E1	5.814407E1
9.124000E0	1.824800E4	-2.723496E1	-5.566656E0	2.779803E1	1.567155E4	6.114828E3	5.979689E1	6.997430E1
9.128000E0	1.825600E4	-2.278129E1	-1.653351E1	2.814861E1	1.569597E4	5.953292E3	6.425056E1	8.094115E1
9.132000E0	1.826400E4	-1.466494E1	-2.457932E1	2.862173E1	1.571918E4	5.753975E3	7.236691E1	8.898696E1
9.136000E0	1.827200E4	-3.978740E0	-2.831756E1	2.859571E1	1.574200E4	5.713337E3	8.305311E1	9.272521E1
9.140000E0	1.828000E4	7.192325E0	-2.705960E1	2.799914E1	1.576488E4	5.817013E3	9.422417E1	9.146725E1
9.144000E0	1.828800E4	1.687629E1	-2.118742E1	2.708719E1	1.578854E4	6.079004E3	1.039081E2	8.559507E1
9.148000E0	1.829600E4	2.334439E1	-1.163052E1	2.608121E1	1.581352E4	6.390302E3	1.103762E2	7.603816E1
9.152000E0	1.830400E4	2.544287E1	-1.507287E-1	2.544332E1	1.583966E4	6.621680E3	1.124747E2	6.455837E1
9.156000E0	1.831200E4	2.283198E1	1.137877E1	2.551031E1	1.586649E4	6.564685E3	1.098638E2	5.302887E1
9.160000E0	1.832000E4	1.611092E1	2.075366E1	2.627311E1	1.589218E4	6.319365E3	1.031428E2	4.365398E1
9.164000E0	1.832800E4	6.133288E0	2.666215E1	2.735850E1	1.591705E4	6.018466E3	9.316514E1	3.774549E1
9.168000E0	1.833600E4	-5.053255E0	2.773531E1	2.819190E1	1.594033E4	5.786635E3	8.197859E1	3.667233E1
9.172000E0	1.834400E4	-1.559227E1	2.370243E1	2.837119E1	1.596334E4	5.815838E3	7.143957E1	4.070521E1
9.176000E0	1.835200E4	-2.364436E1	1.544152E1	2.823997E1	1.598685E4	5.992822E3	6.338749E1	4.896613E1
9.180000E0	1.836000E4	-2.760871E1	4.234166E0	2.793151E1	1.601128E4	6.113875E3	5.942313E1	6.017348E1
9.184000E0	1.836800E4	-2.697274E1	-7.613952E0	2.802679E1	1.603576E4	6.095541E3	6.005911E1	7.202160E1
9.188000E0	1.837600E4	-2.168662E1	-1.822640E1	2.832863E1	1.606005E4	5.927538E3	6.534523E1	8.263405E1
9.192000E0	1.838400E4	-1.281662E1	-2.535476E1	2.841002E1	1.608318E4	5.768195E3	7.421523E1	8.976240E1
9.196000E0	1.839200E4	-1.873774E0	-2.814234E1	2.820465E1	1.610619E4	5.784654E3	8.515807E1	9.254998E1
9.200000E0	1.840000E4	9.223844E0	-2.610376E1	2.768548E1	1.612946E4	5.896851E3	9.625569E1	9.051141E1
9.204000E0	1.840800E4	1.838445E1	-1.946443E1	2.677409E1	1.615337E4	6.137310E3	1.054163E2	8.387208E1
9.208000E0	1.841600E4	2.408628E1	-9.458959E0	2.587703E1	1.617856E4	6.440096E3	1.111181E2	7.386660E1
9.212000E0	1.842400E4	2.528630E1	2.161722E0	2.537853E1	1.620489E4	6.646550E3	1.123181E2	6.224592E1
9.216000E0	1.843200E4	2.172287E1	1.343303E1	2.554074E1	1.623173E4	6.591585E3	1.087547E2	5.097461E1
9.220000E0	1.844000E4	1.409937E1	2.223336E1	2.632707E1	1.625762E4	6.319238E3	1.011312E2	4.217429E1
9.224000E0	1.844800E4	3.656376E0	2.699274E1	2.723925E1	1.628229E4	6.021275E3	9.068822E1	3.741491E1
9.228000E0	1.845600E4	-7.633298E0	2.699490E1	2.805338E1	1.630579E4	5.854028E3	7.939855E1	3.741274E1
9.232000E0	1.846400E4	-1.783216E1	2.192837E1	2.826374E1	1.632912E4	5.865017E3	6.919969E1	4.247927E1
9.236000E0	1.847200E4	-2.497277E1	1.288425E1	2.810058E1	1.635271E4	5.996359E3	6.205908E1	5.152340E1
9.240000E0	1.848000E4	-2.782668E1	1.415048E0	2.786264E1	1.637709E4	6.161146E3	5.920516E1	6.299260E1
9.244000E0	1.848800E4	-2.591658E1	-1.047020E1	2.795164E1	1.640200E4	6.127158E3	6.111527E1	7.487784E1
9.248000E0	1.849600E4	-1.972414E1	-2.050082E1	2.844864E1	1.642611E4	5.917467E3	6.730771E1	8.490847E1
9.252000E0	1.850400E4	-1.011490E1	-2.682246E1	2.866628E1	1.644934E4	5.805023E3	7.691694E1	9.123010E1
9.256000E0	1.851200E4	1.263585E0	-2.841350E1	2.844158E1	1.647255E4	5.804852E3	8.829543E1	9.282114E1
9.260000E0	1.852000E4	1.198938E1	-2.482658E1	2.756999E1	1.649578E4	5.949724E3	9.902123E1	8.923423E1
9.264000E0	1.852800E4	2.044835E1	-1.707073E1	2.663729E1	1.652014E4	6.280871E3	1.074802E2	8.147838E1
9.268000E0	1.853600E4	2.486536E1	-6.188552E0	2.562390E1	1.654602E4	6.636165E3	1.118972E2	7.059619E1
9.272000E0	1.854400E4	2.481537E1	5.835679E0	2.549230E1	1.657323E4	6.716057E3	1.118472E2	5.857196E1
9.276000E0	1.855200E4	2.004047E1	1.666896E1	2.606673E1	1.659975E4	6.528129E3	1.070723E2	4.773869E1
9.280000E0	1.856000E4	1.120063E1	2.453043E1	2.696658E1	1.662546E4	6.234118E3	9.823248E1	3.987721E1
9.284000E0	1.856800E4	1.806597E-1	2.763418E1	2.763477E1	1.664963E4	5.915945E3	8.721251E1	3.677347E1
9.288000E0	1.857600E4	-1.094379E1	2.605202E1	2.825729E1	1.667279E4	5.829798E3	7.608805E1	3.835562E1
9.292000E0	1.858400E4	-2.032838E1	1.945080E1	2.813497E1	1.669626E4	5.989948E3	6.670347E1	4.495685E1
9.296000E0	1.859200E4	-2.649080E1	9.274026E0	2.806724E1	1.672071E4	6.163248E3	6.054105E1	5.513362E1
9.300000E0	1.860000E4	-2.786387E1	-2.717249E0	2.799605E1	1.674557E4	6.169063E3	5.916798E1	6.712489E1
9.304000E0	1.860800E4	-2.445217E1	-1.415056E1	2.825149E1	1.677006E4	6.031061E3	6.257968E1	7.855820E1
9.308000E0	1.861600E4	-1.684284E1	-2.302824E1	2.853036E1	1.679382E4	5.876571E3	7.018900E1	8.743589E1
9.312000E0	1.862400E4	-6.370390E0	-2.774936E1	2.847119E1	1.681707E4	5.808016E3	8.066146E1	9.215700E1
9.316000E0	1.863200E4	5.013171E0	-2.763391E1	2.808496E1	1.684028E4	5.876116E3	9.204502E1	9.204155E1
9.320000E0	1.864000E4	1.529680E1	-2.261059E1	2.729891E1	1.686408E4	6.109724E3	1.023286E2	8.701823E1
9.324000E0	1.864800E4	2.255526E1	-1.346687E1	2.626968E1	1.688916E4	6.426160E3	1.095871E2	7.787452E1
9.328000E0	1.865600E4	2.531301E1	-1.997111E0	2.539168E1	1.691549E4	6.735220E3	1.123449E2	6.640475E1
9.332000E0	1.866400E4	2.333928E1	9.927118E0	2.536276E1	1.694304E4	6.791928E3	1.103711E2	5.448053E1
9.336000E0	1.867200E4	1.680998E1	1.990907E1	2.605660E1	1.696982E4	6.475808E3	1.038418E2	4.449858E1
9.340000E0	1.868000E4	7.114049E0	2.627180E1	2.721796E1	1.699485E4	6.105656E3	9.414590E1	3.813584E1
9.344000E0	1.868800E4	-4.213348E0	2.763247E1	2.795184E1	1.701867E4	5.876744E3	8.281850E1	3.677518E1
9.348000E0	1.869600E4	-1.490134E1	2.397508E1	2.822861E1	1.704186E4	5.909864E3	7.213051E1	4.043257E1
9.352000E0	1.870400E4	-2.326304E1	1.572157E1	2.807734E1	1.706595E4	6.063743E3	6.376880E1	4.868608E1
9.356000E0	1.871200E4	-2.741090E1	4.649826E0	2.780248E1	1.709037E4	6.171212E3	5.962095E1	5.975782E1
9.360000E0	1.872000E4	-2.692760E1	-7.375743E0	2.791948E1	1.711532E4	6.184272E3	6.010425E1	7.178339E1
9.364000E0	1.872800E4	-2.156603E1	-1.799781E1	2.808941E1	1.713985E4	6.050614E3	6.546582E1	8.240546E1
9.368000E0	1.873600E4	-1.253397E1	-2.538631E1	2.831193E1	1.716372E4	5.924609E3	7.449788E1	8.979396E1
9.372000E0	1.874400E4	-1.352236E0	-2.808422E1	2.811675E1	1.718724E4	5.884040E3	8.567961E1	9.249186E1
9.376000E0	1.875200E4	9.772278E0	-2.573190E1	2.752505E1	1.721080E4	6.030568E3	9.680413E1	9.013955E1
9.380000E0	1.876000E4	1.911905E1	-1.879616E1	2.681108E1	1.723549E4	6.322356E3	1.061509E2	8.320381E1
9.384000E0	1.876800E4	2.446840E1	-8.246763E0	2.582076E1	1.726137E4	6.650510E3	1.115002E2	7.265441E1
9.388000E0	1.877600E4	2.508001E1	3.834198E0	2.537141E1	1.728869E4	6.795734E3	1.121119E2	6.057345E1
9.392000E0	1.878400E4	2.094303E1	1.507135E1	2.580225E1	1.731574E4	6.638603E3	1.079749E2	4.933629E1
9.396000E0	1.879200E4	1.261177E1	2.352167E1	2.668943E1	1.734180E4	6.362806E3	9.964362E1	4.088597E1
9.400000E0	1.880000E4	1.604262E0	2.734613E1	2.739315E1	1.736664E4	6.095071E3	8.863611E1	3.706151E1
9.404000E0	1.880800E4	-9.847184E0	2.625170E1	2.803781E1	1.739056E4	5.947940E3	7.718466E1	3.815594E1
9.408000E0	1.881600E4	-1.967212E1	2.021086E1	2.820410E1	1.741423E4	6.012363E3	6.735972E1	4.419679E1
9.412000E0	1.882400E4	-2.608965E1	1.019276E1	2.801003E1	1.743866E4	6.151062E3	6.094220E1	5.421488E1
9.416000E0	1.883200E4	-2.783847E1	-1.670782E0	2.788857E1	1.746343E4	6.204453E3	5.919337E1	6.607843E1
9.420000E0	1.884000E4	-2.481105E1	-1.335709E1	2.817801E1	1.748830E4	6.145409E3	6.222080E1	7.776474E1
9.424000E0	1.884800E4	-1.722446E1	-2.252693E1	2.835744E1	1.751260E4	6.025403E3	6.980739E1	8.693457E1
9.428000E0	1.885600E4	-6.653933E0	-2.771379E1	2.850139E1	1.753650E4	5.909424E3	8.037791E1	9.212144E1
9.432000E0	1.886400E4	4.831577E0	-2.776017E1	2.817750E1	1.755987E4	5.927530E3	9.186342E1	9.216782E1
9.436000E0	1.887200E4	1.532726E1	-2.279272E1	2.746694E1	1.758392E4	6.171318E3	1.023591E2	8.720036E1
9.440000E0	1.888000E4	2.261555E1	-1.345815E1	2.631701E1	1.760924E4	6.466123E3	1.096474E2	7.786579E1
9.444000E0	1.888800E4	2.538975E1	-1.932079E0	2.546315E1	1.763565E4	6.770215E3	1.124216E2	6.633972E1
9.448000E0	1.889600E4	2.332821E1	1.009769E1	2.541985E1	1.766341E4	6.863300E3	1.103601E2	5.430995E1
9.452000E0	1.890400E4	1.656794E1	2.013769E1	2.607725E1	1.769055E4	6.595904E3	1.035998E2	4.426995E1
9.456000E0	1.891200E4	6.474572E0	2.630574E1	2.709082E1	1.771617E4	6.233909E3	9.350642E1	3.810190E1
9.460000E0	1.892000E4	-5.054578E0	2.746994E1	2.793110E1	1.774043E4	5.990773E3	8.197727E1	3.693770E1
9.464000E0	1.892800E4	-1.578463E1	2.331473E1	2.815548E1	1.776410E4	5.983742E3	7.124721E1	4.109291E1
9.468000E0	1.893600E4	-2.389291E1	1.475889E1	2.808373E1	1.778830E4	6.095536E3	6.313894E1	4.964876E1
9.472000E0	1.894400E4	-2.773719E1	3.472927E0	2.795377E1	1.781286E4	6.236264E3	5.929466E1	6.093472E1
9.476000E0	1.895200E4	-2.663918E1	-8.751342E0	2.803982E1	1.783819E4	6.246253E3	6.039267E1	7.315899E1
9.480000E0	1.896000E4	-2.082966E1	-1.931095E1	2.840401E1	1.786283E4	6.055694E3	6.620218E1	8.371859E1
9.484000E0	1.896800E4	-1.127237E1	-2.608843E1	2.841958E1	1.788663E4	5.971114E3	7.575947E1	9.049607E1
9.488000E0	1.897600E4	2.961387E-1	-2.817607E1	2.817763E1	1.791060E4	5.982312E3	8.732799E1	9.258372E1
9.492000E0	1.898400E4	1.141033E1	-2.504912E1	2.752551E1	1.793449E4	6.106956E3	9.844218E1	8.945676E1
9.496000E0	1.899200E4	2.020167E1	-1.727959E1	2.658367E1	1.795946E4	6.435350E3	1.072335E2	8.168723E1
9.500000E0	1.900000E4	2.491541E1	-6.224615E0	2.568119E1	1.798597E4	6.758752E3	1.119473E2	7.063226E1
9.504000E0	1.900800E4	2.487406E1	5.984517E0	2.558385E1	1.801353E4	6.837211E3	1.119059E2	5.842313E1
9.508000E0	1.901600E4	1.978176E1	1.699735E1	2.608118E1	1.804067E4	6.640495E3	1.068136E2	4.741029E1
9.512000E0	1.902400E4	1.072025E1	2.483462E1	2.704962E1	1.806665E4	6.325149E3	9.775210E1	3.957302E1
9.516000E0	1.903200E4	-6.181039E-1	2.784139E1	2.784825E1	1.809127E4	6.048078E3	8.641374E1	3.656625E1
9.520000E0	1.904000E4	-1.200293E1	2.569769E1	2.836268E1	1.811504E4	5.989567E3	7.502892E1	3.870995E1
9.524000E0	1.904800E4	-2.141330E1	1.849107E1	2.829221E1	1.813919E4	6.162881E3	6.561855E1	4.591657E1
9.528000E0	1.905600E4	-2.710534E1	7.598822E0	2.815034E1	1.816434E4	6.259010E3	5.992651E1	5.680882E1
9.532000E0	1.906400E4	-2.753618E1	-4.489693E0	2.789979E1	1.818926E4	6.290973E3	5.949567E1	6.889734E1
9.536000E0	1.907200E4	-2.326409E1	-1.608916E1	2.828567E1	1.821467E4	6.231797E3	6.376776E1	8.049680E1
9.540000E0	1.908000E4	-1.458661E1	-2.438674E1	2.841623E1	1.823911E4	6.012519E3	7.244524E1	8.879438E1
9.544000E0	1.908800E4	-3.559232E0	-2.804593E1	2.827087E1	1.826277E4	5.940283E3	8.347262E1	9.245357E1
9.548000E0	1.909600E4	7.952447E0	-2.661305E1	2.777582E1	1.828664E4	6.090704E3	9.498429E1	9.102070E1
9.552000E0	1.910400E4	1.786865E1	-2.020177E1	2.697036E1	1.831149E4	6.396193E3	1.049005E2	8.460942E1
9.556000E0	1.911200E4	2.411239E1	-9.836840E0	2.604171E1	1.833781E4	6.694881E3	1.111442E2	7.424448E1
9.560000E0	1.912000E4	2.550941E1	2.255154E0	2.560890E1	1.836505E4	6.877184E3	1.125413E2	6.215249E1
9.564000E0	1.912800E4	2.159338E1	1.392883E1	2.569604E1	1.839282E4	6.821575E3	1.086252E2	5.047881E1
9.568000E0	1.913600E4	1.341773E1	2.289256E1	2.653498E1	1.841962E4	6.513002E3	1.004496E2	4.151508E1
9.572000E0	1.914400E4	2.434196E0	2.742653E1	2.753434E1	1.844493E4	6.153763E3	8.946604E1	3.698112E1
9.576000E0	1.915200E4	-9.105497E0	2.666360E1	2.817548E1	1.846885E4	5.978700E3	7.792635E1	3.774404E1
9.580000E0	1.916000E4	-1.925420E1	2.082346E1	2.836090E1	1.849276E4	6.035424E3	6.777765E1	4.358418E1
9.584000E0	1.916800E4	-2.585952E1	1.090318E1	2.806411E1	1.851714E4	6.224883E3	6.117233E1	5.350446E1
9.588000E0	1.917600E4	-2.782379E1	-1.242430E0	2.785152E1	1.854256E4	6.337246E3	5.920806E1	6.565007E1
9.592000E0	1.918400E4	-2.478320E1	-1.308669E1	2.802621E1	1.856784E4	6.267162E3	6.224865E1	7.749434E1
9.596000E0	1.919200E4	-1.711386E1	-2.246032E1	2.823740E1	1.859269E4	6.161682E3	6.991798E1	8.686797E1
9.600000E0	1.920000E4	-6.341915E0	-2.775616E1	2.847147E1	1.861713E4	5.994435E3	8.068993E1	9.216381E1
9.604000E0	1.920800E4	5.202941E0	-2.766936E1	2.815429E1	1.864065E4	6.024044E3	9.223479E1	9.207700E1
9.608000E0	1.921600E4	1.575552E1	-2.223425E1	2.725065E1	1.866532E4	6.338263E3	1.027874E2	8.664189E1
9.612000E0	1.922400E4	2.307522E1	-1.260421E1	2.629319E1	1.869136E4	6.643865E3	1.101071E2	7.701185E1
9.616000E0	1.923200E4	2.564941E1	-6.838024E-1	2.565853E1	1.871847E4	6.833061E3	1.126813E2	6.509145E1
9.620000E0	1.924000E4	2.292511E1	1.119129E1	2.551090E1	1.874602E4	6.876126E3	1.099570E2	5.321635E1
9.624000E0	1.924800E4	1.560369E1	2.107324E1	2.622130E1	1.877348E4	6.676036E3	1.026355E2	4.333440E1
9.628000E0	1.925600E4	5.005394E0	2.681964E1	2.728273E1	1.879943E4	6.284470E3	9.203724E1	3.758800E1
9.632000E0	1.926400E4	-6.686582E0	2.731001E1	2.811667E1	1.882376E4	6.077847E3	8.034526E1	3.709764E1
9.636000E0	1.927200E4	-1.741279E1	2.224636E1	2.825077E1	1.884805E4	6.123592E3	6.961905E1	4.216128E1
9.640000E0	1.928000E4	-2.504844E1	1.290279E1	2.817634E1	1.887275E4	6.206777E3	6.198341E1	5.150486E1
9.644000E0	1.928800E4	-2.792123E1	1.118792E0	2.794364E1	1.889771E4	6.314315E3	5.911061E1	6.328885E1
9.648000E0	1.929600E4	-2.576269E1	-1.107434E1	2.804206E1	1.892326E4	6.297671E3	6.126915E1	7.548198E1
9.652000E0	1.930400E4	-1.886462E1	-2.101520E1	2.824027E1	1.894809E4	6.120652E3	6.816723E1	8.542285E1
9.656000E0	1.931200E4	-8.669494E0	-2.704468E1	2.840026E1	1.897223E4	6.030268E3	7.836235E1	9.145232E1
9.660000E0	1.932000E4	3.095508E0	-2.790957E1	2.808071E1	1.899633E4	6.096548E3	9.012736E1	9.231721E1
9.664000E0	1.932800E4	1.409796E1	-2.346433E1	2.737385E1	1.902100E4	6.258055E3	1.011298E2	8.787198E1
9.668000E0	1.933600E4	2.204231E1	-1.464856E1	2.646590E1	1.904639E4	6.572233E3	1.090742E2	7.905620E1
9.672000E0	1.934400E4	2.550906E1	-2.871953E0	2.567022E1	1.907358E4	6.879463E3	1.125409E2	6.727960E1
9.676000E0	1.935200E4	2.371546E1	9.307872E0	2.547665E1	1.910143E4	6.906420E3	1.107473E2	5.509977E1
9.680000E0	1.936000E4	1.716162E1	1.962272E1	2.606861E1	1.912883E4	6.686329E3	1.041935E2	4.478493E1
9.684000E0	1.936800E4	7.089615E0	2.631125E1	2.724967E1	1.915492E4	6.374061E3	9.412146E1	3.809639E1
9.688000E0	1.937600E4	-4.764260E0	2.752422E1	2.793351E1	1.917982E4	6.155375E3	8.226759E1	3.688342E1
9.692000E0	1.938400E4	-1.577370E1	2.324283E1	2.808983E1	1.920416E4	6.138489E3	7.125815E1	4.116482E1
9.696000E0	1.939200E4	-2.415287E1	1.455378E1	2.819882E1	1.922893E4	6.265866E3	6.287898E1	4.985387E1
9.700000E0	1.940000E4	-2.775494E1	2.775383E0	2.789336E1	1.925429E4	6.335701E3	5.927691E1	6.163226E1
9.704000E0	1.940800E4	-2.645081E1	-9.425853E0	2.808010E1	1.927961E4	6.277570E3	6.058104E1	7.383350E1
9.708000E0	1.941600E4	-2.017610E1	-1.983406E1	2.829249E1	1.930451E4	6.203016E3	6.685574E1	8.424170E1
9.712000E0	1.942400E4	-1.006509E1	-2.654938E1	2.839324E1	1.932924E4	6.117311E3	7.696675E1	9.095703E1
9.716000E0	1.943200E4	1.701789E0	-2.823907E1	2.829030E1	1.935345E4	6.125060E3	8.873364E1	9.264672E1
9.720000E0	1.944000E4	1.303452E1	-2.427025E1	2.754893E1	1.937824E4	6.278191E3	1.000664E2	8.867789E1
9.724000E0	1.944800E4	2.144306E1	-1.576636E1	2.661547E1	1.940367E4	6.541511E3	1.084749E2	8.017401E1
9.728000E0	1.945600E4	2.531020E1	-4.203498E0	2.565689E1	1.943057E4	6.880618E3	1.123421E2	6.861114E1
9.732000E0	1.946400E4	2.419062E1	8.197084E0	2.554169E1	1.945872E4	6.966502E3	1.112225E2	5.621056E1
9.736000E0	1.947200E4	1.804331E1	1.888286E1	2.611749E1	1.948630E4	6.747386E3	1.050752E2	4.552478E1
9.740000E0	1.948000E4	8.071000E0	2.591019E1	2.713815E1	1.951270E4	6.378853E3	9.510285E1	3.849745E1
9.744000E0	1.948800E4	-3.579413E0	2.781354E1	2.804292E1	1.953733E4	6.139283E3	8.345243E1	3.659410E1
9.748000E0	1.949600E4	-1.497878E1	2.414653E1	2.841511E1	1.956181E4	6.138578E3	7.205307E1	4.026112E1
9.752000E0	1.950400E4	-2.349620E1	1.558609E1	2.819570E1	1.958644E4	6.216343E3	6.353565E1	4.882156E1
9.756000E0	1.951200E4	-2.776264E1	4.127733E0	2.806782E1	1.961154E4	6.371087E3	5.926920E1	6.027991E1
9.760000E0	1.952000E4	-2.675557E1	-8.390115E0	2.804023E1	1.963741E4	6.360711E3	6.027628E1	7.279776E1
9.764000E0	1.952800E4	-2.077602E1	-1.899037E1	2.814742E1	1.966243E4	6.236405E3	6.625582E1	8.339801E1
9.768000E0	1.953600E4	-1.094527E1	-2.616785E1	2.836469E1	1.968730E4	6.174573E3	7.608657E1	9.057549E1
9.772000E0	1.954400E4	8.968594E-1	-2.813928E1	2.815357E1	1.971183E4	6.148330E3	8.792871E1	9.254692E1
9.776000E0	1.955200E4	1.228957E1	-2.466151E1	2.755402E1	1.973649E4	6.281803E3	9.932142E1	8.906916E1
9.780000E0	1.956000E4	2.100883E1	-1.636674E1	2.663158E1	1.976208E4	6.607742E3	1.080407E2	8.077438E1
9.784000E0	1.956800E4	2.534707E1	-4.766293E0	2.579131E1	1.978935E4	6.912472E3	1.123789E2	6.917394E1
9.788000E0	1.957600E4	2.433414E1	7.616402E0	2.549823E1	1.981738E4	7.026126E3	1.113660E2	5.679124E1
9.792000E0	1.958400E4	1.824184E1	1.860157E1	2.605346E1	1.984556E4	6.821932E3	1.052737E2	4.580608E1
9.796000E0	1.959200E4	8.439988E0	2.590664E1	2.724678E1	1.987196E4	6.429284E3	9.547183E1	3.850101E1
9.800000E0	1.960000E4	-3.418760E0	2.786901E1	2.807792E1	1.989699E4	6.178731E3	8.361309E1	3.653864E1
9.804000E0	1.960800E4	-1.488050E1	2.439251E1	2.857313E1	1.992139E4	6.163999E3	7.215134E1	4.001514E1
9.808000E0	1.961600E4	-2.351166E1	1.567697E1	2.825890E1	1.994631E4	6.274330E3	6.352018E1	4.873067E1
9.812000E0	1.962400E4	-2.779862E1	4.115021E0	2.810154E1	1.997158E4	6.367724E3	5.923323E1	6.029262E1
9.816000E0	1.963200E4	-2.687865E1	-8.344735E0	2.814421E1	1.999725E4	6.396513E3	6.015320E1	7.275238E1
9.820000E0	1.964000E4	-2.070983E1	-1.914516E1	2.820345E1	2.002275E4	6.288290E3	6.632201E1	8.355281E1
9.824000E0	1.964800E4	-1.080898E1	-2.616461E1	2.830937E1	2.004755E4	6.175739E3	7.622287E1	9.057225E1
9.828000E0	1.965600E4	1.056622E0	-2.804449E1	2.806439E1	2.007216E4	6.179315E3	8.808847E1	9.245214E1
9.832000E0	1.966400E4	1.249236E1	-2.453002E1	2.752781E1	2.009699E4	6.302829E3	9.952420E1	8.893766E1
9.836000E0	1.967200E4	2.105899E1	-1.611228E1	2.651578E1	2.012258E4	6.651141E3	1.080908E2	8.051992E1
9.840000E0	1.968000E4	2.531345E1	-4.373567E0	2.568850E1	2.015020E4	7.023365E3	1.123453E2	6.878121E1
9.844000E0	1.968800E4	2.419834E1	8.222349E0	2.555712E1	2.017877E4	7.037813E3	1.112302E2	5.618529E1
9.848000E0	1.969600E4	1.798456E1	1.895172E1	2.612685E1	2.020650E4	6.789590E3	1.050164E2	4.545592E1
9.852000E0	1.970400E4	7.903673E0	2.598789E1	2.716318E1	2.023308E4	6.450481E3	9.493552E1	3.841976E1
9.856000E0	1.971200E4	-3.948887E0	2.773323E1	2.801296E1	2.025810E4	6.202080E3	8.308296E1	3.667441E1
9.860000E0	1.972000E4	-1.529917E1	2.383036E1	2.831873E1	2.028270E4	6.198141E3	7.173267E1	4.057728E1
9.864000E0	1.972800E4	-2.373952E1	1.501394E1	2.808884E1	2.030769E4	6.358133E3	6.329233E1	4.939370E1
9.868000E0	1.973600E4	-2.776246E1	3.130908E0	2.793845E1	2.033357E4	6.483962E3	5.926938E1	6.127674E1
9.872000E0	1.974400E4	-2.643529E1	-9.392705E0	2.805437E1	2.035956E4	6.419776E3	6.059655E1	7.380035E1
9.876000E0	1.975200E4	-2.004417E1	-1.999098E1	2.830915E1	2.038492E4	6.308239E3	6.698767E1	8.439862E1
9.880000E0	1.976000E4	-9.679311E0	-2.663202E1	2.833644E1	2.041003E4	6.232918E3	7.735254E1	9.103967E1
9.884000E0	1.976800E4	2.356059E0	-2.813282E1	2.823131E1	2.043479E4	6.219536E3	8.938791E1	9.254047E1
9.888000E0	1.977600E4	1.359824E1	-2.376040E1	2.737642E1	2.045978E4	6.402420E3	1.006301E2	8.816804E1
9.892000E0	1.978400E4	2.182649E1	-1.471851E1	2.632547E1	2.048601E4	6.735274E3	1.088583E2	7.912615E1
9.896000E0	1.979200E4	2.552779E1	-2.834083E0	2.568462E1	2.051366E4	7.048902E3	1.125596E2	6.724173E1
9.900000E0	1.980000E4	2.357437E1	9.715596E0	2.549792E1	2.054240E4	7.116384E3	1.106062E2	5.469205E1
9.904000E0	1.980800E4	1.660536E1	2.021286E1	2.615908E1	2.057060E4	6.848677E3	1.036372E2	4.419478E1
9.908000E0	1.981600E4	6.031714E0	2.652128E1	2.719853E1	2.059719E4	6.457125E3	9.306356E1	3.788636E1
9.912000E0	1.982400E4	-5.917717E0	2.724833E1	2.788352E1	2.062225E4	6.213990E3	8.111413E1	3.715931E1
9.916000E0	1.983200E4	-1.695253E1	2.257936E1	2.823501E1	2.064690E4	6.233225E3	7.007932E1	4.182828E1
9.920000E0	1.984000E4	-2.491527E1	1.318146E1	2.818726E1	2.067212E4	6.376575E3	6.211657E1	5.122618E1
9.924000E0	1.984800E4	-2.796128E1	1.019564E0	2.797987E1	2.069791E4	6.526214E3	5.907056E1	6.338808E1
9.928000E0	1.985600E4	-2.550079E1	-1.152936E1	2.798601E1	2.072433E4	6.502074E3	6.153105E1	7.593701E1
9.932000E0	1.986400E4	-1.830749E1	-2.176266E1	2.843901E1	2.074993E4	6.338562E3	6.872436E1	8.617031E1
9.936000E0	1.987200E4	-7.372389E0	-2.758551E1	2.855368E1	2.077504E4	6.162198E3	7.965946E1	9.199315E1
9.940000E0	1.988000E4	4.531565E0	-2.789881E1	2.826444E1	2.079923E4	6.159870E3	9.156341E1	9.230646E1
9.944000E0	1.988800E4	1.540848E1	-2.257441E1	2.733176E1	2.082432E4	6.470870E3	1.024403E2	8.698205E1
9.948000E0	1.989600E4	2.294040E1	-1.271981E1	2.623081E1	2.085099E4	6.847277E3	1.099722E2	7.712745E1
9.952000E0	1.990400E4	2.557145E1	-4.042771E-1	2.557465E1	2.087909E4	7.160613E3	1.126033E2	6.481192E1
9.956000E0	1.991200E4	2.253418E1	1.212213E1	2.558779E1	2.090828E4	7.150131E3	1.095660E2	5.228552E1
9.960000E0	1.992000E4	1.460779E1	2.189957E1	2.632449E1	2.093630E4	6.806865E3	1.016396E2	4.250808E1
9.964000E0	1.992800E4	3.466114E0	2.718026E1	2.740038E1	2.096273E4	6.445624E3	9.049796E1	3.722738E1
9.968000E0	1.993600E4	-8.610301E0	2.672132E1	2.807430E1	2.098786E4	6.206921E3	7.842155E1	3.768632E1
9.972000E0	1.994400E4	-1.915414E1	2.098525E1	2.841235E1	2.101239E4	6.230772E3	6.787771E1	4.342240E1
9.976000E0	1.995200E4	-2.604969E1	1.068033E1	2.815414E1	2.103771E4	6.411793E3	6.098216E1	5.372732E1
9.980000E0	1.996000E4	-2.784876E1	-1.792306E0	2.790638E1	2.106368E4	6.567394E3	5.918309E1	6.619995E1
9.984000E0	1.996800E4	-2.423891E1	-1.413323E1	2.805839E1	2.109025E4	6.540216E3	6.279293E1	7.854087E1
9.988000E0	1.997600E4	-1.584032E1	-2.348789E1	2.833014E1	2.111600E4	6.321680E3	7.119153E1	8.789553E1
9.992000E0	1.998400E4	-4.537393E0	-2.807387E1	2.843818E1	2.114082E4	6.185990E3	8.249445E1	9.248151E1
9.996000E0	1.999200E4	7.475460E0	-2.697018E1	2.798702E1	2.116549E4	6.317335E3	9.450731E1	9.137783E1
1.000000E1	2.000000E4	1.784855E1	-2.027533E1	2.701221E1	2.119136E4	6.649068E3	1.048804E2	8.468297E1
1.000400E1	2.000800E4	2.426564E1	-9.468300E0	2.604746E1	2.121868E4	6.939446E3	1.112975E2	7.387594E1
1.000800E1	2.001600E4	2.532658E1	3.052880E0	2.550991E1	2.124687E4	7.105487E3	1.123584E2	6.135476E1
1.001200E1	2.002400E4	2.103069E1	1.501683E1	2.584173E1	2.127553E4	7.044292E3	1.080625E2	4.939082E1
1.001600E1	2.003200E4	1.203490E1	2.385363E1	2.671768E1	2.130323E4	6.739615E3	9.906674E1	4.055402E1
1.002000E1	2.004000E4	2.685165E-1	2.773965E1	2.774095E1	2.132945E4	6.387971E3	8.730036E1	3.666800E1
1.002400E1	2.004800E4	-1.171735E1	2.591318E1	2.843922E1	2.135433E4	6.280060E3	7.531449E1	3.849446E1
1.002800E1	2.005600E4	-2.163402E1	1.835615E1	2.837215E1	2.137969E4	6.423147E3	6.539783E1	4.605149E1
1.003200E1	2.006400E4	-2.731225E1	6.953389E0	2.818348E1	2.140572E4	6.512969E3	5.971959E1	5.745425E1
1.003600E1	2.007200E4	-2.738123E1	-5.715066E0	2.797130E1	2.143179E4	6.576204E3	5.965062E1	7.012271E1
1.004000E1	2.008000E4	-2.216927E1	-1.752471E1	2.825937E1	2.145833E4	6.526097E3	6.486258E1	8.193235E1
1.004400E1	2.008800E4	-1.246378E1	-2.555273E1	2.843040E1	2.148400E4	6.289226E3	7.456807E1	8.996037E1
1.004800E1	2.009600E4	-6.739188E-1	-2.838685E1	2.839485E1	2.150864E4	6.240623E3	8.635793E1	9.279450E1
1.005200E1	2.010400E4	1.122048E1	-2.529256E1	2.766971E1	2.153392E4	6.483466E3	9.825233E1	8.970021E1
1.005600E1	2.011200E4	2.053792E1	-1.692548E1	2.661349E1	2.156051E4	6.784039E3	1.075698E2	8.133313E1
1.006000E1	2.012000E4	2.512458E1	-5.250761E0	2.566740E1	2.158820E4	7.098952E3	1.121564E2	6.965840E1
1.006400E1	2.012800E4	2.434701E1	7.582957E0	2.550055E1	2.161730E4	7.212894E3	1.113789E2	5.682469E1
1.006800E1	2.013600E4	1.818628E1	1.876604E1	2.613245E1	2.164590E4	6.947530E3	1.052181E2	4.564160E1
1.007200E1	2.014400E4	8.042683E0	2.611009E1	2.732072E1	2.167288E4	6.558237E3	9.507453E1	3.829755E1
1.007600E1	2.015200E4	-4.091186E0	2.782387E1	2.812304E1	2.169836E4	6.331395E3	8.294066E1	3.658377E1
1.008000E1	2.016000E4	-1.572776E1	2.373434E1	2.847246E1	2.172353E4	6.352113E3	7.130409E1	4.067330E1
1.008400E1	2.016800E4	-2.427681E1	1.448242E1	2.826843E1	2.174918E4	6.516336E3	6.275504E1	4.992522E1
1.008800E1	2.017600E4	-2.791707E1	2.117980E0	2.799730E1	2.177566E4	6.651114E3	5.911477E1	6.228966E1
1.009200E1	2.018400E4	-2.592352E1	-1.067991E1	2.803729E1	2.180239E4	6.611755E3	6.110833E1	7.508756E1
1.009600E1	2.019200E4	-1.869286E1	-2.116972E1	2.824146E1	2.182856E4	6.434914E3	6.833899E1	8.557736E1
1.010000E1	2.020000E4	-7.886822E0	-2.727072E1	2.838827E1	2.185387E4	6.288600E3	7.914503E1	9.167836E1
1.010400E1	2.020800E4	4.316707E0	-2.767871E1	2.801330E1	2.187886E4	6.359420E3	9.134855E1	9.208635E1
1.010800E1	2.021600E4	1.551991E1	-2.237582E1	2.723132E1	2.190475E4	6.631825E3	1.025518E2	8.678346E1
1.011200E1	2.022400E4	2.302405E1	-1.228393E1	2.609601E1	2.193192E4	7.004338E3	1.100559E2	7.669158E1
1.011600E1	2.023200E4	2.560089E1	3.485157E-1	2.560326E1	2.196078E4	7.228820E3	1.126327E2	6.405913E1
1.012000E1	2.024000E4	2.225079E1	1.271710E1	2.562855E1	2.198975E4	7.161455E3	1.092826E2	5.169054E1
1.012400E1	2.024800E4	1.402815E1	2.251227E1	2.652529E1	2.201807E4	6.837493E3	1.010600E2	4.189537E1
1.012800E1	2.025600E4	2.649541E0	2.726423E1	2.739267E1	2.204445E4	6.553378E3	8.968139E1	3.714342E1
1.013200E1	2.026400E4	-9.851827E0	2.635185E1	2.813323E1	2.207050E4	6.414444E3	7.718002E1	3.805579E1
1.013600E1	2.027200E4	-2.031210E1	1.977683E1	2.834968E1	2.209576E4	6.393013E3	6.671975E1	4.463082E1
1.014000E1	2.028000E4	-2.664023E1	8.839974E0	2.806861E1	2.212164E4	6.543178E3	6.039161E1	5.556767E1
1.014400E1	2.028800E4	-2.774941E1	-3.954464E0	2.802977E1	2.214811E4	6.636481E3	5.928243E1	6.836211E1
1.014800E1	2.029600E4	-2.319075E1	-1.607874E1	2.821944E1	2.217473E4	6.564425E3	6.384110E1	8.048638E1
1.015200E1	2.030400E4	-1.388678E1	-2.467103E1	2.831082E1	2.220063E4	6.423194E3	7.314507E1	8.907868E1
1.015600E1	2.031200E4	-1.912019E0	-2.819231E1	2.825707E1	2.222612E4	6.377286E3	8.511983E1	9.259995E1
1.016000E1	2.032000E4	1.023865E1	-2.580185E1	2.775906E1	2.225164E4	6.488863E3	9.727050E1	9.020950E1
1.016400E1	2.032800E4	1.995817E1	-1.795087E1	2.684329E1	2.227803E4	6.790450E3	1.069900E2	8.235851E1
1.016800E1	2.033600E4	2.512536E1	-6.279509E0	2.589818E1	2.230597E4	7.138855E3	1.121572E2	7.068715E1
1.017200E1	2.034400E4	2.469915E1	6.683700E0	2.558749E1	2.233514E4	7.255014E3	1.117310E2	5.772394E1
1.017600E1	2.035200E4	1.887348E1	1.823087E1	2.624068E1	2.236401E4	7.041714E3	1.059053E2	4.617677E1
1.018000E1	2.036000E4	8.634741E0	2.576999E1	2.717814E1	2.239148E4	6.730700E3	9.566659E1	3.863765E1
1.018400E1	2.036800E4	-3.838176E0	2.782648E1	2.808994E1	2.241785E4	6.482986E3	8.319367E1	3.658116E1
1.018800E1	2.037600E4	-1.559065E1	2.369892E1	2.836736E1	2.244334E4	6.431510E3	7.144120E1	4.070873E1
1.019200E1	2.038400E4	-2.438544E1	1.447586E1	2.835843E1	2.246931E4	6.548501E3	6.264641E1	4.993178E1
1.019600E1	2.039200E4	-2.822196E1	2.108417E0	2.830061E1	2.249573E4	6.678348E3	5.880988E1	6.229923E1
1.020000E1	2.040000E4	-2.588511E1	-1.084510E1	2.806519E1	2.252273E4	6.650906E3	6.114674E1	7.525275E1
1.020400E1	2.040800E4	-1.860784E1	-2.135668E1	2.832595E1	2.254893E4	6.476835E3	6.842400E1	8.576432E1
1.020800E1	2.041600E4	-7.556691E0	-2.733549E1	2.836075E1	2.257455E4	6.395090E3	7.947516E1	9.174313E1
1.021200E1	2.042400E4	4.885352E0	-2.743889E1	2.787040E1	2.260010E4	6.466344E3	9.191720E1	9.184653E1
1.021600E1	2.043200E4	1.614966E1	-2.200304E1	2.729369E1	2.262628E4	6.705246E3	1.031815E2	8.641069E1
1.022000E1	2.044000E4	2.361395E1	-1.165157E1	2.633206E1	2.265374E4	7.023185E3	1.106458E2	7.605921E1
1.022400E1	2.044800E4	2.554823E1	1.099004E0	2.557185E1	2.268246E4	7.264394E3	1.125801E2	6.330864E1
1.022800E1	2.045600E4	2.180599E1	1.354799E1	2.567196E1	2.271185E4	7.226786E3	1.088378E2	5.085965E1
1.023200E1	2.046400E4	1.311179E1	2.296641E1	2.644570E1	2.274028E4	6.909840E3	1.001436E2	4.144124E1
1.023600E1	2.047200E4	1.376552E0	2.747023E1	2.750470E1	2.276713E4	6.604108E3	8.840840E1	3.693741E1
1.024000E1	2.048000E4	-1.102079E1	2.582498E1	2.807823E1	2.279311E4	6.447399E3	7.601106E1	3.858267E1
1.024400E1	2.048800E4	-2.124636E1	1.865851E1	2.827628E1	2.281871E4	6.473072E3	6.578549E1	4.574913E1
1.024800E1	2.049600E4	-2.709424E1	7.313175E0	2.806387E1	2.284489E4	6.655804E3	5.993760E1	5.709447E1
1.025200E1	2.050400E4	-2.742207E1	-5.807182E0	2.803022E1	2.287196E4	6.749646E3	5.960977E1	7.021483E1
1.025600E1	2.051200E4	-2.198176E1	-1.773202E1	2.824220E1	2.289889E4	6.622213E3	6.505009E1	8.213966E1
1.026000E1	2.052000E4	-1.207636E1	-2.582085E1	2.850534E1	2.292493E4	6.423284E3	7.495549E1	9.022849E1
1.026400E1	2.052800E4	1.375878E-1	-2.832218E1	2.832252E1	2.295028E4	6.416559E3	8.716943E1	9.272983E1
1.026800E1	2.053600E4	1.220501E1	-2.473074E1	2.757847E1	2.297627E4	6.598470E3	9.923686E1	8.913838E1
1.027200E1	2.054400E4	2.124273E1	-1.596916E1	2.657569E1	2.300307E4	6.904425E3	1.082746E2	8.037680E1
1.027600E1	2.055200E4	2.547600E1	-3.806290E0	2.575877E1	2.303150E4	7.231051E3	1.125078E2	6.821393E1
1.028000E1	2.056000E4	2.388282E1	9.126891E0	2.556735E1	2.306091E4	7.290690E3	1.109147E2	5.528075E1
1.028400E1	2.056800E4	1.688597E1	2.000165E1	2.617636E1	2.308983E4	7.045730E3	1.039178E2	4.440599E1
1.028800E1	2.057600E4	5.999547E0	2.657956E1	2.724826E1	2.311728E4	6.715707E3	9.303139E1	3.782808E1
1.029200E1	2.058400E4	-6.592570E0	2.734721E1	2.813062E1	2.314355E4	6.519931E3	8.043928E1	3.706044E1
1.029600E1	2.059200E4	-1.796974E1	2.184577E1	2.828691E1	2.316944E4	6.521750E3	6.906211E1	4.256187E1
1.030000E1	2.060000E4	-2.577732E1	1.162394E1	2.827695E1	2.319573E4	6.591602E3	6.125453E1	5.278371E1
1.030400E1	2.060800E4	-2.800864E1	-1.062568E0	2.802879E1	2.322217E4	6.698658E3	5.902320E1	6.547021E1
1.030800E1	2.061600E4	-2.452118E1	-1.377016E1	2.812304E1	2.324932E4	6.694457E3	6.251067E1	7.817780E1
1.031200E1	2.062400E4	-1.603780E1	-2.353546E1	2.848032E1	2.327573E4	6.545803E3	7.099405E1	8.794310E1
1.031600E1	2.063200E4	-4.099101E0	-2.804121E1	2.833923E1	2.330168E4	6.466575E3	8.293275E1	9.244885E1
1.032000E1	2.064000E4	8.394831E0	-2.668858E1	2.797773E1	2.332746E4	6.523027E3	9.542668E1	9.109623E1
1.032400E1	2.064800E4	1.874136E1	-1.949725E1	2.704406E1	2.335387E4	6.786335E3	1.057732E2	8.390489E1
1.032800E1	2.065600E4	2.487243E1	-8.200963E0	2.618957E1	2.338175E4	7.198675E3	1.119043E2	7.260861E1
1.033200E1	2.066400E4	2.517064E1	5.101333E0	2.568238E1	2.341146E4	7.375694E3	1.122025E2	5.930631E1
1.033600E1	2.067200E4	1.972497E1	1.700037E1	2.604010E1	2.344076E4	7.172504E3	1.067568E2	4.740728E1
1.034000E1	2.068000E4	9.744924E0	2.517209E1	2.699255E1	2.346884E4	6.829929E3	9.677677E1	3.923555E1
1.034400E1	2.068800E4	-2.607029E0	2.759744E1	2.772031E1	2.349540E4	6.547126E3	8.442482E1	3.681020E1
1.034800E1	2.069600E4	-1.470539E1	2.426812E1	2.837587E1	2.352121E4	6.543855E3	7.232645E1	4.013953E1
1.035200E1	2.070400E4	-2.395503E1	1.511604E1	2.832557E1	2.354775E4	6.666251E3	6.307682E1	4.929160E1
1.035600E1	2.071200E4	-2.789881E1	2.664731E0	2.802578E1	2.357454E4	6.701178E3	5.913304E1	6.174291E1
1.036000E1	2.072000E4	-2.616083E1	-1.022956E1	2.808973E1	2.360136E4	6.705147E3	6.087102E1	7.463720E1
1.036400E1	2.072800E4	-1.879271E1	-2.100756E1	2.818658E1	2.362819E4	6.610992E3	6.823914E1	8.541520E1
1.036800E1	2.073600E4	-7.681623E0	-2.722736E1	2.829022E1	2.365424E4	6.476106E3	7.935022E1	9.163500E1
1.037200E1	2.074400E4	4.838918E0	-2.745963E1	2.788273E1	2.367999E4	6.533677E3	9.187077E1	9.186727E1
1.037600E1	2.075200E4	1.624926E1	-2.194829E1	2.730871E1	2.370651E4	6.736546E3	1.032811E2	8.635593E1
1.038000E1	2.076000E4	2.358218E1	-1.155974E1	2.626303E1	2.373389E4	7.110025E3	1.106140E2	7.596738E1
1.038400E1	2.076800E4	2.553661E1	1.514616E0	2.558149E1	2.376339E4	7.368049E3	1.125685E2	6.289303E1
1.038800E1	2.077600E4	2.150660E1	1.387641E1	2.559470E1	2.379283E4	7.325309E3	1.085384E2	5.053123E1
1.039200E1	2.078400E4	1.244815E1	2.340841E1	2.651245E1	2.382200E4	7.052126E3	9.948000E1	4.099923E1
1.039600E1	2.079200E4	3.600952E-1	2.742663E1	2.742899E1	2.384925E4	6.642457E3	8.739194E1	3.698101E1
1.040000E1	2.080000E4	-1.198393E1	2.554064E1	2.821239E1	2.387514E4	6.505950E3	7.504791E1	3.886700E1
1.040400E1	2.080800E4	-2.201222E1	1.763803E1	2.820706E1	2.390130E4	6.522978E3	6.501962E1	4.676961E1
1.040800E1	2.081600E4	-2.764027E1	6.218725E0	2.833121E1	2.392732E4	6.681876E3	5.939157E1	5.818892E1
1.041200E1	2.082400E4	-2.726540E1	-7.178577E0	2.819457E1	2.395475E4	6.803113E3	5.976645E1	7.158622E1
1.041600E1	2.083200E4	-2.100307E1	-1.874278E1	2.814997E1	2.398175E4	6.668876E3	6.602878E1	8.315042E1
1.042000E1	2.084000E4	-1.062823E1	-2.644041E1	2.849657E1	2.400810E4	6.469171E3	7.640362E1	9.084806E1
1.042400E1	2.084800E4	1.728973E0	-2.828019E1	2.833299E1	2.403350E4	6.498907E3	8.876082E1	9.268783E1
1.042800E1	2.085600E4	1.379181E1	-2.379915E1	2.750661E1	2.406009E4	6.727668E3	1.008237E2	8.820679E1
1.043200E1	2.086400E4	2.233784E1	-1.432969E1	2.653901E1	2.408732E4	7.024714E3	1.093697E2	7.873733E1
1.043600E1	2.087200E4	2.572259E1	-1.667749E0	2.577660E1	2.411629E4	7.306380E3	1.127544E2	6.607539E1
1.044000E1	2.088000E4	2.322457E1	1.121266E1	2.578962E1	2.414577E4	7.317812E3	1.102564E2	5.319498E1
1.044400E1	2.088800E4	1.514986E1	2.150247E1	2.630351E1	2.417483E4	7.074894E3	1.021817E2	4.290517E1
1.044800E1	2.089600E4	3.612988E0	2.697069E1	2.721161E1	2.420237E4	6.777895E3	9.064484E1	3.743695E1
1.045200E1	2.090400E4	-9.155069E0	2.650404E1	2.804067E1	2.422906E4	6.596894E3	7.787678E1	3.790360E1
1.045600E1	2.091200E4	-1.994280E1	1.984195E1	2.813216E1	2.425515E4	6.546217E3	6.708904E1	4.456569E1
1.046000E1	2.092000E4	-2.671853E1	8.978410E0	2.818673E1	2.428143E4	6.685375E3	6.031331E1	5.542923E1
1.046400E1	2.092800E4	-2.782161E1	-4.221650E0	2.814008E1	2.430863E4	6.788836E3	5.921024E1	6.862929E1
1.046800E1	2.093600E4	-2.289761E1	-1.647569E1	2.820902E1	2.433574E4	6.693370E3	6.413424E1	8.088334E1
1.047200E1	2.094400E4	-1.334068E1	-2.527633E1	2.858088E1	2.436218E4	6.498029E3	7.369117E1	8.968397E1
1.047600E1	2.095200E4	-1.119944E0	-2.813734E1	2.815962E1	2.438772E4	6.535999E3	8.591190E1	9.254498E1
1.048000E1	2.096000E4	1.142372E1	-2.510980E1	2.758630E1	2.441446E4	6.740651E3	9.845557E1	8.951745E1
1.048400E1	2.096800E4	2.090845E1	-1.654459E1	2.666246E1	2.444165E4	6.971112E3	1.079403E2	8.095223E1
1.048800E1	2.097600E4	2.537180E1	-4.367838E0	2.574503E1	2.447023E4	7.320372E3	1.124036E2	6.877548E1
1.049200E1	2.098400E4	2.401744E1	8.840911E0	2.559295E1	2.450021E4	7.409673E3	1.110493E2	5.556673E1
1.049600E1	2.099200E4	1.712925E1	2.006249E1	2.638020E1	2.452951E4	7.148588E3	1.041611E2	4.434515E1
1.050000E1	2.100000E4	5.964033E0	2.667622E1	2.733478E1	2.455740E4	6.792707E3	9.299588E1	3.773143E1
1.050400E1	2.100800E4	-6.734423E0	2.731242E1	2.813042E1	2.458385E4	6.565718E3	8.029742E1	3.709523E1
1.050800E1	2.101600E4	-1.818303E1	2.172870E1	2.833300E1	2.460992E4	6.597302E3	6.884882E1	4.267895E1
1.051200E1	2.102400E4	-2.593746E1	1.120826E1	2.825556E1	2.463663E4	6.730719E3	6.109439E1	5.319938E1
1.051600E1	2.103200E4	-2.801338E1	-1.845453E0	2.807410E1	2.466377E4	6.840499E3	5.901847E1	6.625310E1
1.052000E1	2.104000E4	-2.405612E1	-1.465716E1	2.816965E1	2.469135E4	6.803158E3	6.297572E1	7.906480E1
1.052400E1	2.104800E4	-1.503554E1	-2.424448E1	2.852827E1	2.471819E4	6.602462E3	7.199631E1	8.865212E1
1.052800E1	2.105600E4	-2.869892E0	-2.812289E1	2.826895E1	2.474417E4	6.499900E3	8.416196E1	9.253054E1
1.053200E1	2.106400E4	9.570506E0	-2.602095E1	2.772516E1	2.477019E4	6.646273E3	9.660235E1	9.042859E1
1.053600E1	2.107200E4	1.962964E1	-1.808619E1	2.669144E1	2.479734E4	6.981587E3	1.066615E2	8.249383E1
1.054000E1	2.108000E4	2.498019E1	-6.206861E0	2.573975E1	2.482605E4	7.343165E3	1.120120E2	7.061450E1
1.054400E1	2.108800E4	2.460656E1	7.097083E0	2.560960E1	2.485609E4	7.465191E3	1.116384E2	5.731056E1
1.054800E1	2.109600E4	1.819652E1	1.869083E1	2.608563E1	2.488577E4	7.220828E3	1.052284E2	4.571682E1
1.055200E1	2.110400E4	7.567342E0	2.614122E1	2.721448E1	2.491386E4	6.854958E3	9.459919E1	3.826642E1
1.055600E1	2.111200E4	-5.165817E0	2.758357E1	2.806312E1	2.494061E4	6.571549E3	8.186603E1	3.682408E1
1.056000E1	2.112000E4	-1.691592E1	2.292094E1	2.848715E1	2.496643E4	6.549405E3	7.011593E1	4.148671E1
1.056400E1	2.112800E4	-2.518174E1	1.282927E1	2.826146E1	2.499300E4	6.693447E3	6.185011E1	5.157837E1
1.056800E1	2.113600E4	-2.800006E1	1.205503E-2	2.800006E1	2.501998E4	6.844719E3	5.903179E1	6.439559E1
1.057200E1	2.114400E4	-2.481865E1	-1.306347E1	2.804674E1	2.504776E4	6.826515E3	6.221320E1	7.747112E1
1.057600E1	2.115200E4	-1.640040E1	-2.306691E1	2.830292E1	2.507459E4	6.611672E3	7.063144E1	8.747455E1
1.058000E1	2.116000E4	-4.600237E0	-2.795056E1	2.832659E1	2.510065E4	6.528192E3	8.243161E1	9.235820E1
1.058400E1	2.116800E4	8.038757E0	-2.660385E1	2.779184E1	2.512681E4	6.675869E3	9.507060E1	9.101149E1
1.058800E1	2.117600E4	1.875124E1	-1.937634E1	2.696389E1	2.515406E4	7.024395E3	1.057831E2	8.378398E1
1.059200E1	2.118400E4	2.491527E1	-7.613486E0	2.605256E1	2.518301E4	7.264579E3	1.119471E2	7.202113E1
1.059600E1	2.119200E4	2.520839E1	5.439821E0	2.578865E1	2.521218E4	7.357816E3	1.122402E2	5.896782E1
1.060000E1	2.120000E4	1.936195E1	1.735461E1	2.600130E1	2.524187E4	7.321157E3	1.063938E2	4.705304E1
1.060400E1	2.120800E4	8.820435E0	2.525305E1	2.674914E1	2.527075E4	6.968077E3	9.585228E1	3.915459E1
1.060800E1	2.121600E4	-3.673421E0	2.747503E1	2.771951E1	2.529762E4	6.699101E3	8.335843E1	3.693261E1
1.061200E1	2.122400E4	-1.586728E1	2.322622E1	2.812878E1	2.532434E4	6.656870E3	7.116456E1	4.118142E1
1.061600E1	2.123200E4	-2.465792E1	1.374119E1	2.822824E1	2.535087E4	6.703657E3	6.237393E1	5.066645E1
1.062000E1	2.124000E4	-2.813510E1	9.978989E-1	2.815279E1	2.537797E4	6.810764E3	5.889674E1	6.340974E1
1.062400E1	2.124800E4	-2.545224E1	-1.206187E1	2.816568E1	2.540536E4	6.795347E3	6.157961E1	7.646952E1
1.062800E1	2.125600E4	-1.734034E1	-2.246125E1	2.837596E1	2.543233E4	6.624758E3	6.969151E1	8.686889E1
1.063200E1	2.126400E4	-5.750973E0	-2.790390E1	2.849037E1	2.545835E4	6.574066E3	8.128087E1	9.231154E1
1.063600E1	2.127200E4	7.212307E0	-2.706026E1	2.800491E1	2.548492E4	6.728005E3	9.424415E1	9.146790E1
1.064000E1	2.128000E4	1.814977E1	-2.003152E1	2.703101E1	2.551218E4	6.967902E3	1.051816E2	8.443916E1
1.064400E1	2.128800E4	2.458350E1	-8.624824E0	2.605256E1	2.554067E4	7.289951E3	1.116153E2	7.303247E1
1.064800E1	2.129600E4	2.505279E1	4.642398E0	2.547929E1	2.557050E4	7.498797E3	1.120846E2	5.976525E1
1.065200E1	2.130400E4	1.968853E1	1.690945E1	2.595318E1	2.560066E4	7.328570E3	1.067204E2	4.749819E1
1.065600E1	2.131200E4	9.650757E0	2.530815E1	2.708579E1	2.562913E4	6.965804E3	9.668260E1	3.909949E1
1.066000E1	2.132000E4	-3.107357E0	2.777274E1	2.794603E1	2.565638E4	6.688394E3	8.392449E1	3.663490E1
1.066400E1	2.132800E4	-1.528137E1	2.386378E1	2.833726E1	2.568263E4	6.591587E3	7.175048E1	4.054386E1
1.066800E1	2.133600E4	-2.421269E1	1.448142E1	2.821287E1	2.570912E4	6.786819E3	6.281916E1	4.992623E1
1.067200E1	2.134400E4	-2.791283E1	1.497851E0	2.795299E1	2.573693E4	6.937011E3	5.911902E1	6.290979E1
1.067600E1	2.135200E4	-2.553987E1	-1.169996E1	2.809224E1	2.576461E4	6.816884E3	6.149198E1	7.610760E1
1.068000E1	2.136000E4	-1.778245E1	-2.232634E1	2.854262E1	2.579146E4	6.654781E3	6.924939E1	8.673398E1
1.068400E1	2.136800E4	-5.971147E0	-2.773723E1	2.837267E1	2.581785E4	6.596953E3	8.106070E1	9.214487E1
1.068800E1	2.137600E4	6.886339E0	-2.713677E1	2.799689E1	2.584424E4	6.717193E3	9.391819E1	9.154441E1
1.069200E1	2.138400E4	1.803258E1	-2.031874E1	2.716662E1	2.587159E4	7.014929E3	1.050644E2	8.472639E1
1.069600E1	2.139200E4	2.455649E1	-8.764232E0	2.607361E1	2.590036E4	7.309601E3	1.115883E2	7.317187E1
1.070000E1	2.140000E4	2.519922E1	4.472957E0	2.559313E1	2.593007E4	7.433958E3	1.122311E2	5.993469E1
1.070400E1	2.140800E4	1.988241E1	1.658312E1	2.589035E1	2.595983E4	7.341743E3	1.069143E2	4.782452E1
1.070800E1	2.141600E4	9.761587E0	2.516599E1	2.699288E1	2.598880E4	6.998780E3	9.679343E1	3.924166E1
1.071200E1	2.142400E4	-2.822598E0	2.768998E1	2.783347E1	2.601582E4	6.693250E3	8.420925E1	3.671766E1
1.071600E1	2.143200E4	-1.520694E1	2.401293E1	2.842309E1	2.604235E4	6.666244E3	7.182491E1	4.039471E1
1.072000E1	2.144000E4	-2.422696E1	1.447065E1	2.821959E1	2.606915E4	6.794403E3	6.280489E1	4.993700E1
1.072400E1	2.144800E4	-2.795563E1	1.611646E0	2.800205E1	2.609670E4	6.896411E3	5.907621E1	6.279600E1
1.072800E1	2.145600E4	-2.552762E1	-1.153776E1	2.801392E1	2.612432E4	6.864505E3	6.150422E1	7.594540E1
1.073200E1	2.146400E4	-1.766296E1	-2.229836E1	2.844639E1	2.615162E4	6.705528E3	6.936889E1	8.670601E1
1.073600E1	2.147200E4	-5.916507E0	-2.775361E1	2.837725E1	2.617797E4	6.620511E3	8.111534E1	9.216126E1
1.074000E1	2.148000E4	7.038815E0	-2.705984E1	2.796033E1	2.620458E4	6.749287E3	9.407066E1	9.146749E1
1.074400E1	2.148800E4	1.814859E1	-2.018427E1	2.714362E1	2.623196E4	7.016485E3	1.051804E2	8.459192E1
1.074800E1	2.149600E4	2.464064E1	-8.622972E0	2.610588E1	2.626071E4	7.311027E3	1.116725E2	7.303062E1
1.075200E1	2.150400E4	2.510682E1	4.629871E0	2.553014E1	2.629045E4	7.550061E3	1.121387E2	5.977777E1
1.075600E1	2.151200E4	1.961286E1	1.711725E1	2.603199E1	2.632111E4	7.442789E3	1.066447E2	4.729040E1
1.076000E1	2.152000E4	9.220441E0	2.532012E1	2.694671E1	2.634999E4	7.013155E3	9.625229E1	3.908752E1
1.076400E1	2.152800E4	-3.498725E0	2.762437E1	2.784506E1	2.637722E4	6.698062E3	8.353312E1	3.678327E1
1.076800E1	2.153600E4	-1.573438E1	2.370443E1	2.845120E1	2.640358E4	6.641649E3	7.129746E1	4.070321E1
1.077200E1	2.154400E4	-2.474433E1	1.408447E1	2.847199E1	2.643035E4	6.773994E3	6.228752E1	5.032317E1
1.077600E1	2.155200E4	-2.824615E1	1.101343E0	2.826762E1	2.645777E4	6.901769E3	5.878569E1	6.330630E1
1.078000E1	2.156000E4	-2.535932E1	-1.213145E1	2.811169E1	2.648557E4	6.884975E3	6.167252E1	7.653909E1
1.078400E1	2.156800E4	-1.710837E1	-2.257780E1	2.832761E1	2.651285E4	6.761782E3	6.992348E1	8.698545E1
1.078800E1	2.157600E4	-5.088598E0	-2.788972E1	2.835014E1	2.653966E4	6.671569E3	8.194325E1	9.229737E1
1.079200E1	2.158400E4	7.814036E0	-2.686202E1	2.797547E1	2.656622E4	6.721197E3	9.484588E1	9.126966E1
1.079600E1	2.159200E4	1.866501E1	-1.971738E1	2.715065E1	2.659343E4	6.980699E3	1.056969E2	8.412503E1
1.080000E1	2.160000E4	2.479413E1	-8.024989E0	2.606050E1	2.662207E4	7.342619E3	1.118260E2	7.243263E1
1.080400E1	2.160800E4	2.520858E1	5.436658E0	2.578817E1	2.665217E4	7.520872E3	1.122404E2	5.897099E1
1.080800E1	2.161600E4	1.923479E1	1.746065E1	2.597791E1	2.668223E4	7.367074E3	1.062666E2	4.694699E1
1.081200E1	2.162400E4	8.685584E0	2.537862E1	2.682376E1	2.671111E4	7.036409E3	9.571743E1	3.902902E1
1.081600E1	2.163200E4	-4.108836E0	2.741655E1	2.772273E1	2.673852E4	6.791539E3	8.292301E1	3.699109E1
1.082000E1	2.164000E4	-1.629690E1	2.289869E1	2.810585E1	2.676544E4	6.744267E3	7.073494E1	4.150896E1
1.082400E1	2.164800E4	-2.496049E1	1.300610E1	2.814578E1	2.679248E4	6.820155E3	6.207136E1	5.140155E1
1.082800E1	2.165600E4	-2.804478E1	-2.689932E-4	2.804478E1	2.682000E4	6.917771E3	5.898707E1	6.440791E1
1.083200E1	2.166400E4	-2.488231E1	-1.312985E1	2.813401E1	2.684782E4	6.873879E3	6.214954E1	7.753749E1
1.083600E1	2.167200E4	-1.629072E1	-2.325829E1	2.839605E1	2.687499E4	6.755559E3	7.074112E1	8.766593E1
1.084000E1	2.168000E4	-3.984836E0	-2.787368E1	2.815708E1	2.690186E4	6.692388E3	8.304701E1	9.228132E1
1.084400E1	2.168800E4	8.852496E0	-2.641030E1	2.785446E1	2.692853E4	6.791518E3	9.588434E1	9.081795E1
1.084800E1	2.169600E4	1.943487E1	-1.863982E1	2.692874E1	2.695620E4	7.036300E3	1.064667E2	8.304746E1
1.085200E1	2.170400E4	2.511144E1	-6.812705E0	2.601917E1	2.698482E4	7.349949E3	1.121433E2	7.122035E1
1.085600E1	2.171200E4	2.480119E1	6.643521E0	2.567558E1	2.701500E4	7.574813E3	1.118330E2	5.776412E1
1.086000E1	2.172000E4	1.843458E1	1.870658E1	2.626347E1	2.704542E4	7.407560E3	1.054664E2	4.570107E1
1.086400E1	2.172800E4	7.400030E0	2.624958E1	2.727271E1	2.707426E4	7.022012E3	9.443188E1	3.815806E1
1.086800E1	2.173600E4	-5.634875E0	2.746148E1	2.803363E1	2.710160E4	6.762924E3	8.139697E1	3.694617E1
1.087200E1	2.174400E4	-1.761507E1	2.225683E1	2.838410E1	2.712836E4	6.734727E3	6.941678E1	4.215081E1
1.087600E1	2.175200E4	-2.581912E1	1.178087E1	2.837985E1	2.715547E4	6.813882E3	6.121273E1	5.262677E1
1.088000E1	2.176000E4	-2.818539E1	-1.413386E0	2.822080E1	2.718287E4	6.901181E3	5.884646E1	6.582103E1
1.088400E1	2.176800E4	-2.415502E1	-1.433248E1	2.808710E1	2.721068E4	6.908374E3	6.287683E1	7.874012E1
1.088800E1	2.177600E4	-1.489801E1	-2.396983E1	2.822239E1	2.723814E4	6.777051E3	7.213384E1	8.837747E1
1.089200E1	2.178400E4	-2.510967E0	-2.813124E1	2.824308E1	2.726490E4	6.679275E3	8.452088E1	9.253888E1
1.089600E1	2.179200E4	1.016478E1	-2.571008E1	2.764653E1	2.729157E4	6.803192E3	9.719663E1	9.011772E1
1.090000E1	2.180000E4	2.026019E1	-1.741121E1	2.671377E1	2.731932E4	7.184124E3	1.072920E2	8.181885E1
1.090400E1	2.180800E4	2.540374E1	-4.917311E0	2.587528E1	2.734904E4	7.490835E3	1.124356E2	6.932495E1
1.090800E1	2.181600E4	2.421551E1	8.457174E0	2.564984E1	2.737925E4	7.556852E3	1.112474E2	5.595047E1
1.091200E1	2.182400E4	1.695358E1	1.984992E1	2.610446E1	2.740950E4	7.332499E3	1.039854E2	4.455772E1
1.091600E1	2.183200E4	5.718012E0	2.669842E1	2.730386E1	2.743791E4	6.915790E3	9.274986E1	3.770923E1
1.092000E1	2.184000E4	-7.200633E0	2.720316E1	2.814003E1	2.746483E4	6.735001E3	7.983121E1	3.720448E1
1.092400E1	2.184800E4	-1.882946E1	2.106585E1	2.825453E1	2.749179E4	6.798539E3	6.820238E1	4.334179E1
1.092800E1	2.185600E4	-2.638248E1	1.001418E1	2.821912E1	2.751921E4	6.921326E3	6.064937E1	5.439346E1
1.093200E1	2.186400E4	-2.795708E1	-3.513052E0	2.817694E1	2.754716E4	7.004624E3	5.907477E1	6.792069E1
1.093600E1	2.187200E4	-2.320964E1	-1.640380E1	2.842133E1	2.757525E4	6.888176E3	6.382220E1	8.081144E1
1.094000E1	2.188000E4	-1.321878E1	-2.514350E1	2.840655E1	2.760227E4	6.741913E3	7.381306E1	8.955114E1
1.094400E1	2.188800E4	-4.001355E-1	-2.818676E1	2.818960E1	2.762919E4	6.716287E3	8.663171E1	9.259440E1
1.094800E1	2.189600E4	1.204127E1	-2.469059E1	2.747030E1	2.765600E4	6.859965E3	9.907312E1	8.909823E1
1.095200E1	2.190400E4	2.156463E1	-1.562947E1	2.663294E1	2.768407E4	7.220155E3	1.085965E2	8.003711E1
1.095600E1	2.191200E4	2.565097E1	-2.805104E0	2.580389E1	2.771376E4	7.546363E3	1.126828E2	6.721275E1
1.096000E1	2.192000E4	2.326189E1	1.057033E1	2.555088E1	2.774444E4	7.635574E3	1.102937E2	5.383731E1
1.096400E1	2.192800E4	1.522836E1	2.162258E1	2.644690E1	2.777484E4	7.340101E3	1.022602E2	4.278507E1
1.096800E1	2.193600E4	3.298646E0	2.749233E1	2.768952E1	2.780316E4	6.947045E3	9.033049E1	3.691531E1
1.097200E1	2.194400E4	-9.835198E0	2.641772E1	2.818913E1	2.783042E4	6.757197E3	7.719665E1	3.798992E1
1.097600E1	2.195200E4	-2.080105E1	1.925141E1	2.834255E1	2.785722E4	6.814254E3	6.623080E1	4.515624E1
1.098000E1	2.196000E4	-2.729838E1	7.348241E0	2.827009E1	2.788493E4	6.921158E3	5.973347E1	5.705940E1
1.098400E1	2.196800E4	-2.743188E1	-6.124191E0	2.810719E1	2.791258E4	6.975023E3	5.959996E1	7.053183E1
1.098800E1	2.197600E4	-2.142861E1	-1.845383E1	2.827948E1	2.794073E4	6.876907E3	6.560324E1	8.286147E1
1.099200E1	2.198400E4	-1.088084E1	-2.639917E1	2.855361E1	2.796760E4	6.706741E3	7.615101E1	9.080681E1
1.099600E1	2.199200E4	2.150239E0	-2.802020E1	2.810258E1	2.799439E4	6.778347E3	8.918209E1	9.242784E1
1.100000E1	2.200000E4	1.442738E1	-2.324453E1	2.735795E1	2.802183E4	7.009531E3	1.014592E2	8.765217E1
1.100400E1	2.200800E4	2.290275E1	-1.297651E1	2.632348E1	2.805046E4	7.326704E3	1.099346E2	7.738415E1
1.100800E1	2.201600E4	2.577738E1	1.982413E-1	2.577815E1	2.808044E4	7.551828E3	1.128092E2	6.420940E1
1.101200E1	2.202400E4	2.223185E1	1.329447E1	2.590363E1	2.811088E4	7.517298E3	1.092637E2	5.111318E1
1.101600E1	2.203200E4	1.308487E1	2.320203E1	2.663735E1	2.814058E4	7.292145E3	1.001167E2	4.120561E1
1.102000E1	2.204000E4	3.773004E-1	2.758045E1	2.758303E1	2.816922E4	6.969300E3	8.740915E1	3.682720E1
1.102400E1	2.204800E4	-1.258060E1	2.541760E1	2.836064E1	2.819633E4	6.798073E3	7.445124E1	3.899005E1
1.102800E1	2.205600E4	-2.286023E1	1.685351E1	2.840125E1	2.822360E4	6.837534E3	6.417161E1	4.755414E1
1.103200E1	2.206400E4	-2.788944E1	4.400451E0	2.823446E1	2.825103E4	6.968078E3	5.914241E1	6.000719E1
1.103600E1	2.207200E4	-2.664390E1	-9.354294E0	2.823827E1	2.827935E4	6.981341E3	6.038795E1	7.376194E1
1.104000E1	2.208000E4	-1.934715E1	-2.066354E1	2.830714E1	2.830688E4	6.825692E3	6.768469E1	8.507118E1
1.104400E1	2.208800E4	-7.885674E0	-2.741209E1	2.852379E1	2.833395E4	6.776634E3	7.914617E1	9.181974E1
1.104800E1	2.209600E4	5.376826E0	-2.741231E1	2.793465E1	2.836110E4	6.849710E3	9.240867E1	9.181995E1
1.105200E1	2.210400E4	1.694096E1	-2.110900E1	2.706632E1	2.838875E4	7.134432E3	1.039728E2	8.551664E1
1.105600E1	2.211200E4	2.431925E1	-9.740339E0	2.619733E1	2.841817E4	7.464422E3	1.113511E2	7.414798E1
1.106000E1	2.212000E4	2.531366E1	3.766915E0	2.559240E1	2.844846E4	7.626495E3	1.123455E2	6.064073E1
1.106400E1	2.212800E4	2.023175E1	1.649172E1	2.610173E1	2.847918E4	7.506574E3	1.072636E2	4.791592E1
1.106800E1	2.213600E4	9.857181E0	2.504524E1	2.691520E1	2.850852E4	7.131169E3	9.688903E1	3.936240E1
1.107200E1	2.214400E4	-3.025303E0	2.769424E1	2.785899E1	2.853623E4	6.848421E3	8.400654E1	3.671341E1
1.107600E1	2.215200E4	-1.552591E1	2.363234E1	2.827616E1	2.856330E4	6.809775E3	7.150594E1	4.077530E1
1.108000E1	2.216000E4	-2.480812E1	1.391459E1	2.844396E1	2.859071E4	6.893700E3	6.222372E1	5.049305E1
1.108400E1	2.216800E4	-2.829379E1	7.638239E-1	2.830410E1	2.861845E4	7.031218E3	5.873806E1	6.364382E1
1.108800E1	2.217600E4	-2.506759E1	-1.275174E1	2.812456E1	2.864696E4	7.037019E3	6.196426E1	7.715938E1
1.109200E1	2.218400E4	-1.633516E1	-2.311352E1	2.830322E1	2.867475E4	6.810940E3	7.069668E1	8.752116E1
1.109600E1	2.219200E4	-4.204567E0	-2.796546E1	2.827977E1	2.870145E4	6.768768E3	8.282728E1	9.237310E1
1.110000E1	2.220000E4	9.003132E0	-2.629614E1	2.779466E1	2.872890E4	6.952891E3	9.603498E1	9.070378E1
1.110400E1	2.220800E4	1.966356E1	-1.828989E1	2.685472E1	2.875707E4	7.225329E3	1.066954E2	8.269754E1
1.110800E1	2.221600E4	2.521543E1	-5.959495E0	2.591010E1	2.878670E4	7.570152E3	1.122473E2	7.036714E1
1.111200E1	2.222400E4	2.451001E1	7.791069E0	2.571850E1	2.881763E4	7.710885E3	1.115419E2	5.661657E1
1.111600E1	2.223200E4	1.741777E1	1.961094E1	2.622914E1	2.884839E4	7.446071E3	1.044496E2	4.479670E1
1.112000E1	2.224000E4	6.078726E0	2.676127E1	2.744297E1	2.887720E4	6.998329E3	9.311057E1	3.764637E1
1.112400E1	2.224800E4	-7.013320E0	2.736216E1	2.824667E1	2.890438E4	6.796740E3	8.001853E1	3.704549E1
1.112800E1	2.225600E4	-1.885289E1	2.125204E1	2.840916E1	2.893158E4	6.874523E3	6.817896E1	4.315560E1
1.113200E1	2.226400E4	-2.648127E1	9.968199E0	2.829528E1	2.895937E4	6.979116E3	6.055057E1	5.443944E1
1.113600E1	2.227200E4	-2.799043E1	-3.640025E0	2.822613E1	2.898741E4	7.075384E3	5.904141E1	6.804767E1
1.114000E1	2.228000E4	-2.287150E1	-1.660218E1	2.826195E1	2.901598E4	6.995355E3	6.416035E1	8.100982E1
1.114400E1	2.228800E4	-1.278244E1	-2.549516E1	2.852006E1	2.904337E4	6.805636E3	7.424941E1	8.990280E1
1.114800E1	2.229600E4	2.081026E-1	-2.834833E1	2.834910E1	2.907042E4	6.807849E3	8.723995E1	9.275598E1
1.115200E1	2.230400E4	1.288472E1	-2.440180E1	2.759464E1	2.909784E4	7.027019E3	9.991657E1	8.880945E1
1.115600E1	2.231200E4	2.217992E1	-1.460456E1	2.655640E1	2.912664E4	7.317345E3	1.092118E2	7.901221E1
1.116000E1	2.232000E4	2.582628E1	-1.636683E0	2.587809E1	2.915637E4	7.566185E3	1.128581E2	6.604433E1
1.116400E1	2.232800E4	2.294760E1	1.177637E1	2.579293E1	2.918717E4	7.640584E3	1.099794E2	5.263127E1
1.116800E1	2.233600E4	1.426996E1	2.239807E1	2.655758E1	2.921750E4	7.410962E3	1.013018E2	4.200957E1
1.117200E1	2.234400E4	1.694471E0	2.734348E1	2.739593E1	2.924645E4	7.023769E3	8.872632E1	3.706417E1
1.117600E1	2.235200E4	-1.127987E1	2.571006E1	2.807566E1	2.927369E4	6.822622E3	7.575198E1	3.869758E1
1.118000E1	2.236000E4	-2.192829E1	1.773508E1	2.820254E1	2.930103E4	6.893654E3	6.510355E1	4.667256E1
1.118400E1	2.236800E4	-2.765266E1	5.456365E0	2.818584E1	2.932884E4	7.041951E3	5.937918E1	5.895128E1
1.118800E1	2.237600E4	-2.694398E1	-8.428502E0	2.823150E1	2.935737E4	7.079551E3	6.008787E1	7.283615E1
1.119200E1	2.238400E4	-1.976990E1	-2.009996E1	2.819322E1	2.938547E4	6.938663E3	6.726195E1	8.450761E1
1.119600E1	2.239200E4	-8.330288E0	-2.704410E1	2.829801E1	2.941288E4	6.808180E3	7.870156E1	9.145175E1
1.120000E1	2.240000E4	4.824557E0	-2.753067E1	2.795021E1	2.943994E4	6.863324E3	9.185640E1	9.193832E1
1.120400E1	2.240800E4	1.672871E1	-2.157710E1	2.730240E1	2.946779E4	7.191981E3	1.037606E2	8.598474E1
1.120800E1	2.241600E4	2.432776E1	-1.008903E1	2.633683E1	2.949748E4	7.541378E3	1.113596E2	7.449667E1
1.121200E1	2.242400E4	2.541183E1	3.624525E0	2.566902E1	2.952812E4	7.715491E3	1.124437E2	6.078312E1
1.121600E1	2.243200E4	2.021983E1	1.649061E1	2.609179E1	2.955920E4	7.565109E3	1.072517E2	4.791703E1
1.122000E1	2.244000E4	9.775303E0	2.499279E1	2.683647E1	2.958864E4	7.166414E3	9.680715E1	3.941485E1
1.122400E1	2.244800E4	-3.177506E0	2.775577E1	2.793706E1	2.961653E4	6.931788E3	8.385434E1	3.665187E1
1.122800E1	2.245600E4	-1.585204E1	2.341989E1	2.828035E1	2.964409E4	6.927675E3	7.117980E1	4.098776E1
1.123200E1	2.246400E4	-2.493824E1	1.328657E1	2.825684E1	2.967195E4	7.016663E3	6.209361E1	5.112107E1
1.123600E1	2.247200E4	-2.818042E1	-1.111068E-1	2.818064E1	2.970023E4	7.079146E3	5.885143E1	6.451875E1
1.124000E1	2.248000E4	-2.473165E1	-1.347596E1	2.816480E1	2.972859E4	7.004892E3	6.230020E1	7.788361E1
1.124400E1	2.248800E4	-1.583251E1	-2.370850E1	2.850897E1	2.975627E4	6.899573E3	7.119933E1	8.811614E1
1.124800E1	2.249600E4	-3.070865E0	-2.818532E1	2.835211E1	2.978378E4	6.838593E3	8.396098E1	9.259296E1
1.125200E1	2.250400E4	9.942936E0	-2.593770E1	2.777816E1	2.981097E4	6.975899E3	9.697478E1	9.034534E1
1.125600E1	2.251200E4	2.047711E1	-1.743405E1	2.689345E1	2.983959E4	7.318561E3	1.075090E2	8.184169E1
1.126000E1	2.252000E4	2.541791E1	-4.700714E0	2.584893E1	2.986952E4	7.610467E3	1.124498E2	6.910836E1
1.126400E1	2.252800E4	2.397839E1	8.952239E0	2.559503E1	2.990047E4	7.679211E3	1.110102E2	5.545540E1
1.126800E1	2.253600E4	1.660899E1	2.047819E1	2.636693E1	2.993096E4	7.474550E3	1.036408E2	4.392945E1
1.127200E1	2.254400E4	4.610127E0	2.688369E1	2.727611E1	2.996027E4	7.158632E3	9.164197E1	3.752395E1
1.127600E1	2.255200E4	-8.764941E0	2.661954E1	2.802542E1	2.998823E4	6.880531E3	7.826691E1	3.778810E1
1.128000E1	2.256000E4	-2.025537E1	2.003486E1	2.848992E1	3.001531E4	6.862950E3	6.677648E1	4.437278E1
1.128400E1	2.256800E4	-2.702470E1	8.195988E0	2.824019E1	3.004313E4	7.036562E3	6.000715E1	5.621165E1
1.128800E1	2.257600E4	-2.755123E1	-5.658501E0	2.812630E1	3.007161E4	7.121349E3	5.948062E1	7.006614E1
1.129200E1	2.258400E4	-2.173176E1	-1.829946E1	2.841021E1	3.010010E4	7.003326E3	6.530008E1	8.270711E1
1.129600E1	2.259200E4	-1.078523E1	-2.620935E1	2.834169E1	3.012763E4	6.867853E3	7.624662E1	9.061700E1
1.130000E1	2.260000E4	2.467151E0	-2.796225E1	2.807088E1	3.015504E4	6.885920E3	8.949900E1	9.236990E1
1.130400E1	2.260800E4	1.475426E1	-2.296445E1	2.729568E1	3.018272E4	7.127828E3	1.017861E2	8.737209E1
1.130800E1	2.261600E4	2.331863E1	-1.236490E1	2.639411E1	3.021206E4	7.483694E3	1.103505E2	7.677254E1
1.131200E1	2.262400E4	2.581813E1	1.167697E0	2.584453E1	3.024259E4	7.689754E3	1.128500E2	6.323995E1
1.131600E1	2.263200E4	2.169641E1	1.440572E1	2.604340E1	3.027358E4	7.582506E3	1.087283E2	5.000193E1
1.132000E1	2.264000E4	1.204280E1	2.389210E1	2.675559E1	3.030325E4	7.295956E3	9.907464E1	4.051554E1
1.132400E1	2.264800E4	-9.434410E-1	2.770235E1	2.771841E1	3.033195E4	7.023902E3	8.608841E1	3.670529E1
1.132800E1	2.265600E4	-1.394491E1	2.470700E1	2.837070E1	3.035944E4	6.924077E3	7.308694E1	3.970064E1
1.133200E1	2.266400E4	-2.389001E1	1.531172E1	2.837572E1	3.038734E4	7.013205E3	6.314184E1	4.909592E1
1.133600E1	2.267200E4	-2.812061E1	2.190175E0	2.820577E1	3.041555E4	7.116652E3	5.891124E1	6.221747E1
1.134000E1	2.268000E4	-2.565714E1	-1.157191E1	2.814601E1	3.044428E4	7.129486E3	6.137470E1	7.597955E1
1.134400E1	2.268800E4	-1.730352E1	-2.261765E1	2.847753E1	3.047258E4	6.986099E3	6.972833E1	8.702529E1
1.134800E1	2.269600E4	-4.861513E0	-2.804348E1	2.846175E1	3.050017E4	6.815114E3	8.217033E1	9.245112E1
1.135200E1	2.270400E4	8.246018E0	-2.679860E1	2.803858E1	3.052710E4	6.891185E3	9.527786E1	9.120625E1
1.135600E1	2.271200E4	1.916242E1	-1.896634E1	2.696146E1	3.055529E4	7.241767E3	1.061943E2	8.337398E1
1.136000E1	2.272000E4	2.515171E1	-6.721769E0	2.603441E1	3.058504E4	7.620988E3	1.121836E2	7.112941E1
1.136400E1	2.272800E4	2.469968E1	7.205168E0	2.572914E1	3.061626E4	7.731034E3	1.117315E2	5.720248E1
1.136800E1	2.273600E4	1.797704E1	1.920108E1	2.630315E1	3.064689E4	7.529438E3	1.050089E2	4.520656E1
1.137200E1	2.274400E4	6.328745E0	2.635716E1	2.710633E1	3.067650E4	7.192577E3	9.336059E1	3.805048E1
1.137600E1	2.275200E4	-6.944024E0	2.699370E1	2.787256E1	3.070443E4	6.945637E3	8.008782E1	3.741394E1
1.138000E1	2.276000E4	-1.892678E1	2.097379E1	2.825107E1	3.073206E4	6.958821E3	6.810507E1	4.343385E1
1.138400E1	2.276800E4	-2.662589E1	9.640072E0	2.831729E1	3.076010E4	7.027659E3	6.040596E1	5.476757E1
1.138800E1	2.277600E4	-2.793297E1	-4.067221E0	2.822752E1	3.078828E4	7.076510E3	5.909888E1	6.847486E1
1.139200E1	2.278400E4	-2.263759E1	-1.687905E1	2.823761E1	3.081671E4	7.043918E3	6.439426E1	8.128669E1
1.139600E1	2.279200E4	-1.218455E1	-2.570198E1	2.844389E1	3.084464E4	6.957652E3	7.484730E1	9.010963E1
1.140000E1	2.280000E4	1.167844E0	-2.821488E1	2.823904E1	3.087237E4	6.923854E3	8.819969E1	9.262252E1
1.140400E1	2.280800E4	1.371792E1	-2.373470E1	2.741382E1	3.090003E4	7.086405E3	1.007498E2	8.814234E1
1.140800E1	2.281600E4	2.282015E1	-1.367846E1	2.660563E1	3.092906E4	7.400959E3	1.098520E2	7.808610E1
1.141200E1	2.282400E4	2.593710E1	-3.466597E-1	2.593941E1	3.095923E4	7.689872E3	1.129689E2	6.475430E1
1.141600E1	2.283200E4	2.244345E1	1.326265E1	2.606926E1	3.099058E4	7.723312E3	1.094753E2	5.114499E1
1.142000E1	2.284000E4	1.288011E1	2.325621E1	2.658474E1	3.102102E4	7.388665E3	9.991196E1	4.115144E1
1.142400E1	2.284800E4	1.496794E-1	2.763918E1	2.763959E1	3.104969E4	7.036565E3	8.718153E1	3.676846E1
1.142800E1	2.285600E4	-1.299884E1	2.517047E1	2.832883E1	3.107731E4	6.953885E3	7.403301E1	3.923717E1
1.143200E1	2.286400E4	-2.328028E1	1.610753E1	2.830943E1	3.110532E4	7.010845E3	6.375157E1	4.830012E1
1.143600E1	2.287200E4	-2.790187E1	3.228334E0	2.808801E1	3.113340E4	7.113220E3	5.912998E1	6.117931E1
1.144000E1	2.288000E4	-2.605003E1	-1.064491E1	2.814104E1	3.116223E4	7.166842E3	6.098182E1	7.505255E1
1.144400E1	2.288800E4	-1.796708E1	-2.197869E1	2.838801E1	3.119073E4	6.991332E3	6.906476E1	8.638634E1
1.144800E1	2.289600E4	-5.836221E0	-2.783257E1	2.843789E1	3.121816E4	6.849361E3	8.119563E1	9.224021E1
1.145200E1	2.290400E4	7.493160E0	-2.696524E1	2.798699E1	3.124553E4	6.935420E3	9.452501E1	9.137288E1
1.145600E1	2.291200E4	1.863892E1	-1.954506E1	2.700776E1	3.127364E4	7.255163E3	1.056708E2	8.395271E1
1.146000E1	2.292000E4	2.488549E1	-7.337898E0	2.594479E1	3.130357E4	7.666943E3	1.119173E2	7.174554E1
1.146400E1	2.292800E4	2.484298E1	6.645559E0	2.571648E1	3.133498E4	7.806180E3	1.118748E2	5.776208E1
1.146800E1	2.293600E4	1.830713E1	1.897111E1	2.636388E1	3.136602E4	7.591190E3	1.053390E2	4.543653E1
1.147200E1	2.294400E4	6.746926E0	2.648012E1	2.732614E1	3.139571E4	7.197071E3	9.377877E1	3.792752E1
1.147600E1	2.295200E4	-6.563088E0	2.713481E1	2.791724E1	3.142360E4	6.941441E3	8.046876E1	3.727283E1
1.148000E1	2.296000E4	-1.870313E1	2.133647E1	2.837344E1	3.145124E4	6.975191E3	6.832872E1	4.307117E1
1.148400E1	2.296800E4	-2.658035E1	9.991685E0	2.839628E1	3.147940E4	7.090103E3	6.045150E1	5.441596E1
1.148800E1	2.297600E4	-2.796417E1	-3.909199E0	2.823609E1	3.150796E4	7.157976E3	5.906768E1	6.831684E1
1.149200E1	2.298400E4	-2.272310E1	-1.691404E1	2.832709E1	3.153666E4	7.063629E3	6.430875E1	8.132168E1
1.149600E1	2.299200E4	-1.229192E1	-2.573242E1	2.851752E1	3.156447E4	6.931090E3	7.473993E1	9.014006E1
1.150000E1	2.300000E4	1.040933E0	-2.823918E1	2.825835E1	3.159211E4	6.936623E3	8.807278E1	9.264682E1
1.150400E1	2.300800E4	1.374837E1	-2.385131E1	2.753003E1	3.161996E4	7.132777E3	1.007802E2	8.825895E1
1.150800E1	2.301600E4	2.289723E1	-1.366398E1	2.666435E1	3.164917E4	7.454459E3	1.099291E2	7.807162E1
1.151200E1	2.302400E4	2.592639E1	-1.829574E-1	2.592703E1	3.167960E4	7.698950E3	1.129582E2	6.459060E1
1.151600E1	2.303200E4	2.236716E1	1.331492E1	2.603031E1	3.171076E4	7.720654E3	1.093990E2	5.109272E1
1.152000E1	2.304000E4	1.275165E1	2.335026E1	2.660524E1	3.174136E4	7.426331E3	9.978349E1	4.105738E1
1.152400E1	2.304800E4	-8.428598E-2	2.751546E1	2.751559E1	3.177018E4	7.070140E3	8.694756E1	3.689218E1
1.152800E1	2.305600E4	-1.314573E1	2.480488E1	2.807298E1	3.179792E4	6.972158E3	7.388612E1	3.960276E1
1.153200E1	2.306400E4	-2.341756E1	1.582344E1	2.826241E1	3.182595E4	7.029670E3	6.361428E1	4.858420E1
1.153600E1	2.307200E4	-2.820845E1	2.885509E0	2.835565E1	3.185416E4	7.106222E3	5.882340E1	6.152213E1
1.154000E1	2.308000E4	-2.593855E1	-1.090492E1	2.813762E1	3.188280E4	7.177666E3	6.109330E1	7.531256E1
1.154400E1	2.308800E4	-1.760254E1	-2.219353E1	2.832670E1	3.191158E4	7.001618E3	6.942931E1	8.660117E1
1.154800E1	2.309600E4	-5.493571E0	-2.778399E1	2.832189E1	3.193882E4	6.844945E3	8.153828E1	9.219164E1
1.155200E1	2.310400E4	7.846813E0	-2.676415E1	2.789071E1	3.196634E4	7.029665E3	9.487866E1	9.117179E1
1.155600E1	2.311200E4	1.909369E1	-1.905852E1	2.697770E1	3.199505E4	7.342611E3	1.061255E2	8.346617E1
1.156000E1	2.312000E4	2.524616E1	-6.726371E0	2.612686E1	3.202508E4	7.661414E3	1.122780E2	7.113401E1
1.156400E1	2.312800E4	2.467697E1	7.236689E0	2.571619E1	3.205634E4	7.818347E3	1.117088E2	5.717095E1
1.156800E1	2.313600E4	1.758813E1	1.928034E1	2.609739E1	3.208763E4	7.596136E3	1.046200E2	4.512730E1
1.157200E1	2.314400E4	6.051569E0	2.645058E1	2.713402E1	3.211711E4	7.202672E3	9.308342E1	3.795706E1
1.157600E1	2.315200E4	-7.325471E0	2.687077E1	2.785141E1	3.214525E4	6.994297E3	7.970638E1	3.753687E1
1.158000E1	2.316000E4	-1.942599E1	2.078261E1	2.844795E1	3.217307E4	6.969758E3	6.760586E1	4.362503E1
1.158400E1	2.316800E4	-2.691453E1	9.263533E0	2.846410E1	3.220101E4	7.080685E3	6.011732E1	5.514411E1
1.158800E1	2.317600E4	-2.787345E1	-4.771047E0	2.827883E1	3.222971E4	7.166376E3	5.915840E1	6.917869E1
1.159200E1	2.318400E4	-2.225958E1	-1.760379E1	2.837926E1	3.225834E4	7.067419E3	6.477227E1	8.201143E1
1.159600E1	2.319200E4	-1.146378E1	-2.605642E1	2.846674E1	3.228625E4	6.896056E3	7.556807E1	9.046406E1
1.160000E1	2.320000E4	1.722595E0	-2.810908E1	2.816181E1	3.231351E4	6.938206E3	8.875444E1	9.251672E1
1.160400E1	2.320800E4	1.444667E1	-2.333820E1	2.744773E1	3.234176E4	7.213722E3	1.014785E2	8.774584E1
1.160800E1	2.321600E4	2.309031E1	-1.268529E1	2.634538E1	3.237122E4	7.491910E3	1.101222E2	7.709293E1
1.161200E1	2.322400E4	2.580714E1	7.629462E-1	2.581841E1	3.240169E4	7.723330E3	1.128390E2	6.364470E1
1.161600E1	2.323200E4	2.182036E1	1.417207E1	2.601875E1	3.243300E4	7.702995E3	1.088522E2	5.023557E1
1.162000E1	2.324000E4	1.205213E1	2.398105E1	2.683924E1	3.246332E4	7.408802E3	9.908397E1	4.042659E1
1.162400E1	2.324800E4	-1.101204E0	2.773532E1	2.775717E1	3.249227E4	7.040002E3	8.593064E1	3.667233E1
1.162800E1	2.325600E4	-1.403445E1	2.466766E1	2.838062E1	3.251964E4	6.936609E3	7.299739E1	3.973998E1
1.163200E1	2.326400E4	-2.400261E1	1.513482E1	2.837584E1	3.254777E4	7.079491E3	6.302924E1	4.927282E1
1.163600E1	2.327200E4	-2.809216E1	1.829800E0	2.815169E1	3.257627E4	7.170591E3	5.893969E1	6.257784E1
1.164000E1	2.328000E4	-2.541981E1	-1.192444E1	2.807773E1	3.260513E4	7.156500E3	6.161203E1	7.633208E1
1.164400E1	2.328800E4	-1.684233E1	-2.278211E1	2.833176E1	3.263353E4	7.014803E3	7.018952E1	8.718976E1
1.164800E1	2.329600E4	-4.314561E0	-2.803117E1	2.836127E1	3.266125E4	6.958068E3	8.271729E1	9.243881E1
1.165200E1	2.330400E4	9.145238E0	-2.627658E1	2.782254E1	3.268919E4	7.078152E3	9.617709E1	9.068422E1
1.165600E1	2.331200E4	1.991871E1	-1.801378E1	2.685612E1	3.271787E4	7.352889E3	1.069506E2	8.242143E1
1.166000E1	2.332000E4	2.543566E1	-5.400519E0	2.600267E1	3.274801E4	7.733876E3	1.124675E2	6.980816E1
1.166400E1	2.332800E4	2.425110E1	8.705083E0	2.576614E1	3.277975E4	7.825057E3	1.112829E2	5.570256E1
1.166800E1	2.333600E4	1.674255E1	2.039242E1	2.638492E1	3.281061E4	7.482918E3	1.037744E2	4.401522E1
1.167200E1	2.334400E4	4.931823E0	2.689588E1	2.734431E1	3.283961E4	7.118026E3	9.196367E1	3.751176E1
1.167600E1	2.335200E4	-8.479762E0	2.680040E1	2.810993E1	3.286756E4	6.998815E3	7.855209E1	3.760724E1
1.168000E1	2.336000E4	-2.037004E1	1.994796E1	2.851069E1	3.289560E4	7.007605E3	6.666181E1	4.445968E1
1.168400E1	2.336800E4	-2.736899E1	8.045566E0	2.852706E1	3.292362E4	7.087945E3	5.966285E1	5.636208E1
1.168800E1	2.337600E4	-2.768016E1	-6.036941E0	2.833083E1	3.295230E4	7.174756E3	5.935169E1	7.044458E1
1.169200E1	2.338400E4	-2.143168E1	-1.864110E1	2.840436E1	3.298102E4	7.083134E3	6.560017E1	8.304875E1
1.169600E1	2.339200E4	-1.022983E1	-2.660577E1	2.850468E1	3.300897E4	6.964172E3	7.680202E1	9.101342E1
1.170000E1	2.340000E4	3.309240E0	-2.804408E1	2.823865E1	3.303673E4	6.982505E3	9.034109E1	9.245172E1
1.170400E1	2.340800E4	1.562658E1	-2.245989E1	2.736122E1	3.306483E4	7.190393E3	1.026584E2	8.686753E1
1.170800E1	2.341600E4	2.361859E1	-1.139073E1	2.622188E1	3.309425E4	7.641703E3	1.106504E2	7.579838E1
1.171200E1	2.342400E4	2.536724E1	2.649231E0	2.550520E1	3.312596E4	7.912746E3	1.123991E2	6.175841E1
1.171600E1	2.343200E4	2.057634E1	1.582017E1	2.595503E1	3.315755E4	7.735148E3	1.076082E2	4.858747E1
1.172000E1	2.344000E4	1.016274E1	2.495688E1	2.694674E1	3.318784E4	7.321751E3	9.719458E1	3.945076E1
1.172400E1	2.344800E4	-2.986393E0	2.781128E1	2.797116E1	3.321613E4	6.962572E3	8.404545E1	3.659636E1
1.172800E1	2.345600E4	-1.569493E1	2.367309E1	2.840327E1	3.324354E4	6.931186E3	7.133691E1	4.073456E1
1.173200E1	2.346400E4	-2.503920E1	1.355081E1	2.847079E1	3.327158E4	7.091759E3	6.199265E1	5.085683E1
1.173600E1	2.347200E4	-2.820323E1	-1.368004E-1	2.820356E1	3.330028E4	7.184003E3	5.882862E1	6.454444E1
1.174000E1	2.348000E4	-2.464918E1	-1.369167E1	2.819653E1	3.332905E4	7.121443E3	6.238266E1	7.809931E1
1.174400E1	2.348800E4	-1.538115E1	-2.391219E1	2.843189E1	3.335725E4	6.975298E3	7.165069E1	8.831983E1
1.174800E1	2.349600E4	-2.545919E0	-2.826384E1	2.837827E1	3.338485E4	6.916937E3	8.448593E1	9.267148E1
1.175200E1	2.350400E4	1.062027E1	-2.553245E1	2.765314E1	3.341258E4	7.058681E3	9.765212E1	8.994009E1
1.175600E1	2.351200E4	2.083013E1	-1.667477E1	2.668224E1	3.344132E4	7.441165E3	1.078620E2	8.108241E1
1.176000E1	2.352000E4	2.576590E1	-3.568772E0	2.601187E1	3.347211E4	7.752718E3	1.127977E2	6.797641E1
1.176400E1	2.352800E4	2.374432E1	1.024757E1	2.586127E1	3.350334E4	7.791240E3	1.107762E2	5.416007E1
1.176800E1	2.353600E4	1.534287E1	2.146565E1	2.638518E1	3.353444E4	7.594142E3	1.023747E2	4.294199E1
1.177200E1	2.354400E4	2.797077E0	2.705378E1	2.719799E1	3.356410E4	7.221351E3	8.982892E1	3.735386E1
1.177600E1	2.355200E4	-1.059156E1	2.593440E1	2.801382E1	3.359222E4	7.028407E3	7.644029E1	3.847324E1
1.178000E1	2.356000E4	-2.183558E1	1.811252E1	2.836999E1	3.362032E4	7.067378E3	6.519626E1	4.629512E1
1.178400E1	2.356800E4	-2.776007E1	5.519791E0	2.830352E1	3.364875E4	7.171931E3	5.927178E1	5.888785E1
1.178800E1	2.357600E4	-2.695141E1	-8.601233E0	2.829063E1	3.367770E4	7.200882E3	6.008044E1	7.300888E1
1.179200E1	2.358400E4	-1.964758E1	-2.060395E1	2.847017E1	3.370636E4	7.050045E3	6.738427E1	8.501160E1
1.179600E1	2.359200E4	-7.828853E0	-2.748385E1	2.857714E1	3.373410E4	6.916803E3	7.920299E1	9.189149E1
1.180000E1	2.360000E4	5.725717E0	-2.765935E1	2.824577E1	3.376170E4	6.997027E3	9.275756E1	9.206699E1
1.180400E1	2.360800E4	1.761847E1	-2.094006E1	2.736597E1	3.379008E4	7.292296E3	1.046503E2	8.534770E1
1.180800E1	2.361600E4	2.451638E1	-8.906819E0	2.608417E1	3.382003E4	7.670072E3	1.115482E2	7.331446E1
1.181200E1	2.362400E4	2.510022E1	5.077980E0	2.560873E1	3.385144E4	7.852925E3	1.121321E2	5.932966E1
1.181600E1	2.363200E4	1.910345E1	1.772550E1	2.606022E1	3.388286E4	7.707447E3	1.061353E2	4.668214E1
1.182000E1	2.364000E4	7.905259E0	2.601375E1	2.718839E1	3.391310E4	7.322979E3	9.493711E1	3.839389E1
1.182400E1	2.364800E4	-5.566853E0	2.750665E1	2.806431E1	3.394144E4	7.030856E3	8.146499E1	3.690100E1
1.182800E1	2.365600E4	-1.793751E1	2.188147E1	2.829405E1	3.396934E4	7.014472E3	6.909434E1	4.252617E1
1.183200E1	2.366400E4	-2.620209E1	1.082280E1	2.834930E1	3.399756E4	7.139601E3	6.082975E1	5.358485E1
1.183600E1	2.367200E4	-2.796623E1	-3.166709E0	2.814495E1	3.402646E4	7.223799E3	5.906562E1	6.757435E1
1.184000E1	2.368000E4	-2.302468E1	-1.633092E1	2.822827E1	3.405535E4	7.139344E3	6.400716E1	8.073857E1
1.184400E1	2.368800E4	-1.256777E1	-2.528992E1	2.824055E1	3.408358E4	6.996432E3	7.446408E1	8.969756E1
1.184800E1	2.369600E4	6.457255E-1	-2.805023E1	2.805766E1	3.411132E4	7.014025E3	8.767757E1	9.245787E1
1.185200E1	2.370400E4	1.352537E1	-2.372479E1	2.730937E1	3.413969E4	7.195192E3	1.005572E2	8.813243E1
1.185600E1	2.371200E4	2.259094E1	-1.363834E1	2.638853E1	3.416888E4	7.543055E3	1.096228E2	7.804598E1
1.186000E1	2.372000E4	2.562234E1	1.416130E-2	2.562234E1	3.420003E4	7.851668E3	1.126542E2	6.439348E1
1.186400E1	2.372800E4	2.190156E1	1.352331E1	2.574021E1	3.423169E4	7.795642E3	1.089334E2	5.088433E1
1.186800E1	2.373600E4	1.228431E1	2.349452E1	2.651220E1	3.426240E4	7.494429E3	9.931615E1	4.091312E1
1.187200E1	2.374400E4	-7.914249E-1	2.749030E1	2.750169E1	3.429165E4	7.178362E3	8.624042E1	3.691735E1
1.187600E1	2.375200E4	-1.400659E1	2.443344E1	2.816341E1	3.431982E4	7.040873E3	7.302526E1	3.997420E1
1.188000E1	2.376000E4	-2.388895E1	1.494138E1	2.817671E1	3.434798E4	7.066615E3	6.314289E1	4.946627E1
1.188400E1	2.376800E4	-2.820690E1	1.796072E0	2.826403E1	3.437636E4	7.156155E3	5.882495E1	6.261157E1
1.188800E1	2.377600E4	-2.548965E1	-1.200825E1	2.817659E1	3.440523E4	7.178499E3	6.154220E1	7.641589E1
1.189200E1	2.378400E4	-1.683690E1	-2.299174E1	2.849739E1	3.443378E4	7.068123E3	7.019495E1	8.739938E1
1.189600E1	2.379200E4	-4.049866E0	-2.800114E1	2.829249E1	3.446177E4	6.995843E3	8.298198E1	9.240878E1
1.190000E1	2.380000E4	9.407808E0	-2.620098E1	2.783879E1	3.448975E4	7.117414E3	9.643966E1	9.060862E1
1.190400E1	2.380800E4	2.010857E1	-1.765986E1	2.676239E1	3.451871E4	7.434374E3	1.071404E2	8.206750E1
1.190800E1	2.381600E4	2.546338E1	-4.845268E0	2.592027E1	3.454923E4	7.765311E3	1.124952E2	6.925291E1
1.191200E1	2.382400E4	2.410740E1	9.172978E0	2.579361E1	3.458083E4	7.856245E3	1.111392E2	5.523467E1
1.191600E1	2.383200E4	1.618268E1	2.076985E1	2.632994E1	3.461208E4	7.662160E3	1.032145E2	4.363780E1
1.192000E1	2.384000E4	3.753512E0	2.715221E1	2.741042E1	3.464213E4	7.249174E3	9.078536E1	3.725544E1
1.192400E1	2.384800E4	-9.631329E0	2.636203E1	2.806634E1	3.467007E4	7.039786E3	7.740052E1	3.804561E1
1.192800E1	2.385600E4	-2.121634E1	1.880523E1	2.835083E1	3.469845E4	7.045903E3	6.581551E1	4.560241E1
1.193200E1	2.386400E4	-2.757836E1	6.653098E0	2.836952E1	3.472644E4	7.140474E3	5.945349E1	5.775455E1
1.193600E1	2.387200E4	-2.714390E1	-7.564118E0	2.817813E1	3.475557E4	7.289907E3	5.988795E1	7.197176E1
1.194000E1	2.388000E4	-2.013974E1	-1.996906E1	2.836146E1	3.478476E4	7.166415E3	6.689210E1	8.437670E1
1.194400E1	2.388800E4	-8.330072E0	-2.708193E1	2.833409E1	3.481290E4	6.948373E3	7.870177E1	9.148957E1
1.194800E1	2.389600E4	5.026440E0	-2.754077E1	2.799570E1	3.484034E4	7.026672E3	9.205829E1	9.194841E1
1.195200E1	2.390400E4	1.718122E1	-2.112934E1	2.723312E1	3.486912E4	7.376112E3	1.042131E2	8.553698E1
1.195600E1	2.391200E4	2.449849E1	-9.231779E0	2.618018E1	3.489935E4	7.736436E3	1.115303E2	7.363942E1
1.196000E1	2.392000E4	2.522580E1	4.906873E0	2.569860E1	3.493101E4	7.926288E3	1.122576E2	5.950077E1
1.196400E1	2.392800E4	1.926910E1	1.781989E1	2.624589E1	3.496276E4	7.737254E3	1.063009E2	4.658776E1
1.196800E1	2.393600E4	8.003292E0	2.602422E1	2.722706E1	3.499291E4	7.327689E3	9.503514E1	3.838343E1
1.197200E1	2.394400E4	-5.540576E0	2.751815E1	2.807038E1	3.502138E4	7.089799E3	8.149127E1	3.688950E1
1.197600E1	2.395200E4	-1.813483E1	2.190254E1	2.843578E1	3.504962E4	7.040718E3	6.889701E1	4.250510E1
1.198000E1	2.396000E4	-2.629277E1	1.077829E1	2.841622E1	3.507771E4	7.140052E3	6.073908E1	5.362935E1
1.198400E1	2.396800E4	-2.796191E1	-3.306761E0	2.815676E1	3.510674E4	7.242026E3	5.906993E1	6.771440E1
1.198800E1	2.397600E4	-2.286694E1	-1.639881E1	2.813926E1	3.513565E4	7.199293E3	6.416491E1	8.080645E1
1.199200E1	2.398400E4	-1.219478E1	-2.538283E1	2.816027E1	3.516434E4	7.092095E3	7.483707E1	8.979047E1
1.199600E1	2.399200E4	1.162602E0	-2.794167E1	2.796584E1	3.519238E4	7.063830E3	8.819445E1	9.234931E1
1.200000E1	2.400000E4	1.402900E1	-2.348777E1	2.735851E1	3.522085E4	7.226076E3	1.010608E2	8.789541E1
1.200400E1	2.400800E4	2.300791E1	-1.318144E1	2.651630E1	3.525019E4	7.584601E3	1.100398E2	7.758909E1
1.200800E1	2.401600E4	2.585288E1	6.888286E-1	2.586206E1	3.528153E4	7.889866E3	1.128847E2	6.371881E1
1.201200E1	2.402400E4	2.188342E1	1.438026E1	2.618541E1	3.531331E4	7.775642E3	1.089153E2	5.002739E1
1.201600E1	2.403200E4	1.185860E1	2.402716E1	2.679423E1	3.534373E4	7.495939E3	9.889044E1	4.038048E1
1.202000E1	2.404000E4	-1.581215E0	2.761074E1	2.765598E1	3.537328E4	7.203117E3	8.545063E1	3.679690E1
1.202400E1	2.404800E4	-1.476996E1	2.423863E1	2.838420E1	3.540136E4	7.077176E3	7.226188E1	4.016901E1
1.202800E1	2.405600E4	-2.461548E1	1.427194E1	2.845365E1	3.542990E4	7.159970E3	6.241637E1	5.013571E1
1.203200E1	2.406400E4	-2.838868E1	6.759217E-1	2.839672E1	3.545864E4	7.208350E3	5.864317E1	6.373172E1
1.203600E1	2.407200E4	-2.520095E1	-1.315338E1	2.842708E1	3.548756E4	7.218038E3	6.183090E1	7.756102E1
1.204000E1	2.408000E4	-1.569511E1	-2.360549E1	2.834706E1	3.551638E4	7.108889E3	7.133674E1	8.801314E1
1.204400E1	2.408800E4	-2.749147E0	-2.820502E1	2.833869E1	3.554443E4	7.019844E3	8.428270E1	9.261267E1
1.204800E1	2.409600E4	1.059387E1	-2.552655E1	2.763756E1	3.557254E4	7.155644E3	9.762572E1	8.993419E1
1.205200E1	2.410400E4	2.094954E1	-1.655795E1	2.670298E1	3.560168E4	7.524378E3	1.079814E2	8.096559E1
1.205600E1	2.411200E4	2.566673E1	-3.272433E0	2.587450E1	3.563273E4	7.903129E3	1.126986E2	6.768008E1
1.206000E1	2.412000E4	2.330319E1	1.081853E1	2.569201E1	3.566490E4	7.925128E3	1.103350E2	5.358911E1
1.206400E1	2.412800E4	1.475296E1	2.198387E1	2.647528E1	3.569614E4	7.587650E3	1.017848E2	4.242377E1
1.206800E1	2.413600E4	2.115342E0	2.751859E1	2.759977E1	3.572560E4	7.234114E3	8.914719E1	3.688905E1
1.207200E1	2.414400E4	-1.141813E1	2.563579E1	2.806363E1	3.575401E4	7.103500E3	7.561372E1	3.877186E1
1.207600E1	2.415200E4	-2.258563E1	1.737297E1	2.849440E1	3.578243E4	7.146707E3	6.444622E1	4.703467E1
1.208000E1	2.416000E4	-2.801491E1	4.346077E0	2.835002E1	3.581118E4	7.234296E3	5.901693E1	6.006157E1
1.208400E1	2.416800E4	-2.658238E1	-9.836662E0	2.834401E1	3.584031E4	7.245617E3	6.044946E1	7.424431E1
1.208800E1	2.417600E4	-1.860744E1	-2.151641E1	2.844631E1	3.586915E4	7.136988E3	6.842441E1	8.592406E1
1.209200E1	2.418400E4	-6.215260E0	-2.781143E1	2.849746E1	3.589740E4	7.045379E3	8.081659E1	9.221908E1
1.209600E1	2.419200E4	7.510375E0	-2.706373E1	2.808649E1	3.592551E4	7.124499E3	9.454222E1	9.147137E1
1.210000E1	2.420000E4	1.890535E1	-1.930645E1	2.702131E1	3.595440E4	7.449341E3	1.059372E2	8.371409E1
1.210400E1	2.420800E4	2.523546E1	-6.712545E0	2.611296E1	3.598510E4	7.778423E3	1.122673E2	7.112019E1
1.210800E1	2.421600E4	2.470757E1	7.377851E0	2.578559E1	3.601663E4	7.858804E3	1.117394E2	5.702979E1
1.211200E1	2.422400E4	1.759325E1	1.952206E1	2.627990E1	3.604797E4	7.721809E3	1.046251E2	4.488558E1
1.211600E1	2.423200E4	5.448650E0	2.654482E1	2.709826E1	3.607840E4	7.451676E3	9.248050E1	3.786282E1
1.212000E1	2.424000E4	-8.413272E0	2.654083E1	2.784239E1	3.610759E4	7.206842E3	7.861858E1	3.786681E1
1.212400E1	2.424800E4	-2.032262E1	1.958753E1	2.822553E1	3.613606E4	7.070622E3	6.670923E1	4.482011E1
1.212800E1	2.425600E4	-2.747286E1	7.798251E0	2.855820E1	3.616415E4	7.147930E3	5.955898E1	5.660939E1
1.213200E1	2.426400E4	-2.767097E1	-6.509852E0	2.842640E1	3.619324E4	7.282500E3	5.936088E1	7.091750E1
1.213600E1	2.427200E4	-2.107783E1	-1.925565E1	2.854917E1	3.622241E4	7.187147E3	6.595401E1	8.366330E1
1.214000E1	2.428000E4	-9.358793E0	-2.677816E1	2.836647E1	3.625074E4	7.014276E3	7.767305E1	9.118580E1
1.214400E1	2.428800E4	4.161063E0	-2.775132E1	2.806154E1	3.627853E4	7.068929E3	9.119291E1	9.215896E1
1.214800E1	2.429600E4	1.653098E1	-2.171004E1	2.728734E1	3.630729E4	7.403882E3	1.035628E2	8.611768E1
1.215200E1	2.430400E4	2.425203E1	-9.917557E0	2.620151E1	3.633776E4	7.795267E3	1.112839E2	7.432520E1
1.215600E1	2.431200E4	2.532094E1	4.305166E0	2.568432E1	3.636965E4	7.969568E3	1.123528E2	6.010248E1
1.216000E1	2.432000E4	1.948759E1	1.725030E1	2.602574E1	3.640152E4	7.802506E3	1.065194E2	4.715734E1
1.216400E1	2.432800E4	8.295316E0	2.563601E1	2.694471E1	3.643207E4	7.469434E3	9.532716E1	3.877163E1
1.216800E1	2.433600E4	-5.465720E0	2.742665E1	2.796596E1	3.646127E4	7.183869E3	8.156613E1	3.698100E1
1.217200E1	2.434400E4	-1.811630E1	2.194530E1	2.845693E1	3.648954E4	7.080398E3	6.891554E1	4.246234E1
1.217600E1	2.435200E4	-2.633721E1	1.068709E1	2.842293E1	3.651791E4	7.158367E3	6.069463E1	5.372056E1
1.218000E1	2.436000E4	-2.821692E1	-3.368319E0	2.841725E1	3.654681E4	7.273751E3	5.881493E1	6.777596E1
1.218400E1	2.436800E4	-2.278267E1	-1.661568E1	2.819807E1	3.657610E4	7.252444E3	6.424918E1	8.102333E1
1.218800E1	2.437600E4	-1.211847E1	-2.578444E1	2.849025E1	3.660483E4	7.125142E3	7.491338E1	9.019208E1
1.219200E1	2.438400E4	1.532407E0	-2.825061E1	2.829214E1	3.663310E4	7.084394E3	8.856425E1	9.265825E1
1.219600E1	2.439200E4	1.431774E1	-2.336257E1	2.740086E1	3.666150E4	7.325610E3	1.013496E2	8.777021E1
1.220000E1	2.440000E4	2.320428E1	-1.248912E1	2.635179E1	3.669171E4	7.665761E3	1.102361E2	7.689677E1
1.220400E1	2.440800E4	2.579983E1	1.274509E0	2.583129E1	3.672283E4	7.893858E3	1.128317E2	6.313313E1
1.220800E1	2.441600E4	2.134946E1	1.487178E1	2.601863E1	3.675486E4	7.909445E3	1.083813E2	4.953586E1
1.221200E1	2.442400E4	1.088517E1	2.456802E1	2.687144E1	3.678610E4	7.547389E3	9.791702E1	3.983962E1
1.221600E1	2.443200E4	-2.547643E0	2.778046E1	2.789704E1	3.681524E4	7.187207E3	8.448420E1	3.662718E1
1.222000E1	2.444000E4	-1.572715E1	2.367008E1	2.841858E1	3.684360E4	7.109523E3	7.130470E1	4.073756E1
1.222400E1	2.444800E4	-2.518176E1	1.332410E1	2.848952E1	3.687212E4	7.200059E3	6.185009E1	5.108354E1
1.222800E1	2.445600E4	-2.821056E1	-5.918100E-1	2.821677E1	3.690120E4	7.360902E3	5.882128E1	6.499945E1
1.223200E1	2.446400E4	-2.416953E1	-1.452431E1	2.819791E1	3.693100E4	7.346610E3	6.286232E1	7.893196E1
1.223600E1	2.447200E4	-1.427967E1	-2.470788E1	2.853749E1	3.695997E4	7.136026E3	7.275218E1	8.911553E1
1.224000E1	2.448000E4	-9.462775E-1	-2.839551E1	2.841127E1	3.698809E4	7.061740E3	8.608557E1	9.280315E1
1.224400E1	2.448800E4	1.229369E1	-2.469121E1	2.758244E1	3.701647E4	7.216027E3	9.932554E1	8.909885E1
1.224800E1	2.449600E4	2.206140E1	-1.498191E1	2.666764E1	3.704582E4	7.590608E3	1.090932E2	7.938956E1
1.225200E1	2.450400E4	2.591610E1	-1.270474E0	2.594722E1	3.707719E4	7.925286E3	1.129479E2	6.567812E1
1.225600E1	2.451200E4	2.270495E1	1.270072E1	2.601582E1	3.710922E4	7.903501E3	1.097368E2	5.170692E1
1.226000E1	2.452000E4	1.322520E1	2.330088E1	2.679248E1	3.714042E4	7.606621E3	1.002570E2	4.110676E1
1.226400E1	2.452800E4	-3.620047E-2	2.773020E1	2.773023E1	3.717007E4	7.261910E3	8.699565E1	3.667744E1
1.226800E1	2.453600E4	-1.352232E1	2.488767E1	2.832400E1	3.719852E4	7.162001E3	7.350952E1	3.951998E1
1.227200E1	2.454400E4	-2.399370E1	1.536184E1	2.849007E1	3.722737E4	7.227726E3	6.303815E1	4.904580E1
1.227600E1	2.455200E4	-2.825547E1	1.808106E0	2.831326E1	3.725634E4	7.304004E3	5.877638E1	6.259954E1
1.228000E1	2.456000E4	-2.537292E1	-1.226730E1	2.818283E1	3.728580E4	7.267336E3	6.165892E1	7.667494E1
1.228400E1	2.456800E4	-1.649994E1	-2.311265E1	2.839793E1	3.731448E4	7.138770E3	7.053190E1	8.752029E1
1.228800E1	2.457600E4	-3.480704E0	-2.799652E1	2.821206E1	3.734291E4	7.112742E3	8.355114E1	9.240416E1
1.229200E1	2.458400E4	1.006982E1	-2.572267E1	2.762348E1	3.737138E4	7.267303E3	9.710167E1	9.013031E1
1.229600E1	2.459200E4	2.080771E1	-1.681886E1	2.675509E1	3.740105E4	7.616415E3	1.078396E2	8.122650E1
1.230000E1	2.460000E4	2.584314E1	-3.489305E0	2.607763E1	3.743231E4	7.841706E3	1.128750E2	6.789695E1
1.230400E1	2.460800E4	2.370209E1	1.044649E1	2.590209E1	3.746379E4	7.892947E3	1.107339E2	5.396116E1
1.230800E1	2.461600E4	1.499149E1	2.177535E1	2.643692E1	3.749545E4	7.743250E3	1.020233E2	4.263229E1
1.231200E1	2.462400E4	2.047365E0	2.742796E1	2.750427E1	3.752573E4	7.377908E3	8.907921E1	3.697968E1
1.231600E1	2.463200E4	-1.162990E1	2.554624E1	2.806893E1	3.755448E4	7.193139E3	7.540195E1	3.886141E1
1.232000E1	2.464000E4	-2.267912E1	1.691918E1	2.829490E1	3.758328E4	7.225961E3	6.435272E1	4.748847E1
1.232400E1	2.464800E4	-2.811190E1	3.808353E0	2.836869E1	3.761229E4	7.273789E3	5.891994E1	6.059929E1
1.232800E1	2.465600E4	-2.634708E1	-1.036059E1	2.831096E1	3.764147E4	7.288218E3	6.068477E1	7.476823E1
1.233200E1	2.466400E4	-1.800299E1	-2.191001E1	2.835765E1	3.767059E4	7.226648E3	6.902886E1	8.631765E1
1.233600E1	2.467200E4	-5.263328E0	-2.780130E1	2.829514E1	3.769928E4	7.157513E3	8.176852E1	9.220894E1
1.234000E1	2.468000E4	8.551163E0	-2.655271E1	2.789568E1	3.772785E4	7.225879E3	9.558301E1	9.096036E1
1.234400E1	2.468800E4	1.971163E1	-1.832571E1	2.691431E1	3.775709E4	7.555765E3	1.067435E2	8.273335E1
1.234800E1	2.469600E4	2.546944E1	-5.275857E0	2.601013E1	3.778830E4	7.927983E3	1.125013E2	6.968350E1
1.235200E1	2.470400E4	2.422890E1	9.063910E0	2.586878E1	3.782051E4	7.998288E3	1.112607E2	5.534373E1
1.235600E1	2.471200E4	1.614939E1	2.088228E1	2.639834E1	3.785228E4	7.723731E3	1.031812E2	4.352536E1
1.236000E1	2.472000E4	3.690623E0	2.729794E1	2.754629E1	3.788230E4	7.322159E3	9.072247E1	3.710970E1
1.236400E1	2.472800E4	-1.000983E1	2.626738E1	2.811000E1	3.791086E4	7.164926E3	7.702202E1	3.814027E1
1.236800E1	2.473600E4	-2.155969E1	1.833587E1	2.830238E1	3.793962E4	7.230498E3	6.547216E1	4.607177E1
1.237200E1	2.474400E4	-2.777349E1	5.547392E0	2.832208E1	3.796870E4	7.364314E3	5.925836E1	5.886025E1
1.237600E1	2.475200E4	-2.687768E1	-9.011059E0	2.834800E1	3.799853E4	7.363972E3	6.015416E1	7.341870E1
1.238000E1	2.476000E4	-1.921730E1	-2.105769E1	2.850844E1	3.802762E4	7.208025E3	6.781454E1	8.546533E1
1.238400E1	2.476800E4	-6.764191E0	-2.753580E1	2.835445E1	3.805620E4	7.114484E3	8.026766E1	9.194345E1
1.238800E1	2.477600E4	7.040230E0	-2.715956E1	2.805720E1	3.808453E4	7.207094E3	9.407208E1	9.156721E1
1.239200E1	2.478400E4	1.878061E1	-1.954645E1	2.710673E1	3.811386E4	7.500845E3	1.058125E2	8.395409E1
1.239600E1	2.479200E4	2.522812E1	-6.977903E0	2.617535E1	3.814454E4	7.810835E3	1.122600E2	7.138555E1
1.240000E1	2.480000E4	2.482543E1	7.279203E0	2.587062E1	3.817634E4	7.972679E3	1.118573E2	5.712844E1
1.240400E1	2.480800E4	1.750834E1	1.966502E1	2.632974E1	3.820832E4	7.862155E3	1.045402E2	4.474262E1
1.240800E1	2.481600E4	5.110847E0	2.689194E1	2.737329E1	3.823924E4	7.460604E3	9.214269E1	3.751571E1
1.241200E1	2.482400E4	-8.720547E0	2.683074E1	2.821235E1	3.826801E4	7.168361E3	7.831130E1	3.757690E1
1.241600E1	2.483200E4	-2.066631E1	1.955266E1	2.845001E1	3.829659E4	7.203744E3	6.636554E1	4.485498E1
1.242000E1	2.484000E4	-2.757728E1	7.062595E0	2.846729E1	3.832564E4	7.323251E3	5.945457E1	5.734505E1
1.242400E1	2.484800E4	-2.740754E1	-7.432131E0	2.839736E1	3.835517E4	7.317893E3	5.962430E1	7.183977E1
1.242800E1	2.485600E4	-2.041813E1	-1.984075E1	2.847026E1	3.838418E4	7.222630E3	6.661371E1	8.424839E1
1.243200E1	2.486400E4	-8.326975E0	-2.715684E1	2.840479E1	3.841295E4	7.160956E3	7.870487E1	9.156448E1
1.243600E1	2.487200E4	5.546512E0	-2.734508E1	2.790192E1	3.844147E4	7.254102E3	9.257836E1	9.175272E1
1.244000E1	2.488000E4	1.759524E1	-2.025104E1	2.682717E1	3.847099E4	7.580662E3	1.046271E2	8.465868E1
1.244400E1	2.488800E4	2.471497E1	-7.977345E0	2.597051E1	3.850211E4	7.896128E3	1.117468E2	7.238499E1
1.244800E1	2.489600E4	2.506156E1	6.320594E0	2.584631E1	3.853415E4	8.010257E3	1.120934E2	5.808705E1
1.245200E1	2.490400E4	1.816124E1	1.893396E1	2.623596E1	3.856619E4	7.834799E3	1.051931E2	4.547368E1
1.245600E1	2.491200E4	6.213194E0	2.655963E1	2.727668E1	3.859683E4	7.475423E3	9.324504E1	3.784802E1
1.246000E1	2.492000E4	-7.694003E0	2.683797E1	2.791907E1	3.862600E4	7.238322E3	7.933784E1	3.756967E1
1.246400E1	2.492800E4	-2.000627E1	2.018872E1	2.842245E1	3.865474E4	7.206575E3	6.702557E1	4.421892E1
1.246800E1	2.493600E4	-2.719500E1	7.978492E0	2.834122E1	3.868365E4	7.299851E3	5.983684E1	5.642915E1
1.247200E1	2.494400E4	-2.746682E1	-6.411308E0	2.820516E1	3.871314E4	7.357179E3	5.956503E1	7.081895E1
1.247600E1	2.495200E4	-2.085983E1	-1.911904E1	2.829612E1	3.874251E4	7.293913E3	6.617202E1	8.352668E1
1.248000E1	2.496000E4	-9.002462E0	-2.688998E1	2.835693E1	3.877149E4	7.194189E3	7.802939E1	9.129763E1
1.248400E1	2.496800E4	4.886017E0	-2.754054E1	2.797060E1	3.880006E4	7.231769E3	9.191786E1	9.194818E1
1.248800E1	2.497600E4	1.729354E1	-2.109536E1	2.727784E1	3.882934E4	7.522843E3	1.043254E2	8.550300E1
1.249200E1	2.498400E4	2.466847E1	-8.860280E0	2.621141E1	3.886024E4	7.866351E3	1.117003E2	7.326792E1
1.249600E1	2.499200E4	2.519058E1	5.480923E0	2.577995E1	3.889228E4	8.008905E3	1.122224E2	5.892672E1
1.250000E1	2.500000E4	1.867704E1	1.823523E1	2.610279E1	3.892431E4	7.889777E3	1.057089E2	4.617241E1
1.250400E1	2.500800E4	6.817614E0	2.616052E1	2.703429E1	3.895539E4	7.533329E3	9.384946E1	3.824712E1
1.250800E1	2.501600E4	-7.039806E0	2.706324E1	2.796386E1	3.898458E4	7.228506E3	7.999204E1	3.734441E1
1.251200E1	2.502400E4	-1.936439E1	2.060566E1	2.827672E1	3.901322E4	7.206841E3	6.766745E1	4.380199E1
1.251600E1	2.503200E4	-2.716355E1	8.702638E0	2.852358E1	3.904224E4	7.294082E3	5.986830E1	5.570500E1
1.252000E1	2.504000E4	-2.768463E1	-5.669709E0	2.825924E1	3.907157E4	7.419459E3	5.934722E1	7.007735E1
1.252400E1	2.504800E4	-2.124114E1	-1.885299E1	2.840108E1	3.910159E4	7.374762E3	6.579071E1	8.326063E1
1.252800E1	2.505600E4	-9.440811E0	-2.676690E1	2.838302E1	3.913057E4	7.163048E3	7.759104E1	9.117454E1
1.253200E1	2.506400E4	4.345629E0	-2.776432E1	2.810235E1	3.915890E4	7.202190E3	9.137748E1	9.217196E1
1.253600E1	2.507200E4	1.684621E1	-2.141576E1	2.724756E1	3.918819E4	7.547157E3	1.038781E2	8.582340E1
1.254000E1	2.508000E4	2.455070E1	-9.290197E0	2.624966E1	3.921927E4	7.927815E3	1.115826E2	7.369784E1
1.254400E1	2.508800E4	2.522230E1	5.182924E0	2.574931E1	3.925161E4	8.035553E3	1.122541E2	5.922472E1
1.254800E1	2.509600E4	1.896492E1	1.803316E1	2.616989E1	3.928356E4	7.840256E3	1.059968E2	4.637449E1
1.255200E1	2.510400E4	7.355891E0	2.622933E1	2.724127E1	3.931433E4	7.533333E3	9.438774E1	3.817832E1
1.255600E1	2.511200E4	-6.655766E0	2.704847E1	2.785532E1	3.934382E4	7.269754E3	8.037608E1	3.735918E1
1.256000E1	2.512000E4	-1.918728E1	2.094501E1	2.840502E1	3.937249E4	7.201817E3	6.784457E1	4.346263E1
1.256400E1	2.512800E4	-2.686037E1	9.019396E0	2.833424E1	3.940144E4	7.335021E3	6.017148E1	5.538825E1
1.256800E1	2.513600E4	-2.769363E1	-5.469576E0	2.822860E1	3.943117E4	7.460447E3	5.933821E1	6.987722E1
1.257200E1	2.514400E4	-2.145283E1	-1.872910E1	2.847812E1	3.946112E4	7.330859E3	6.557901E1	8.313674E1
1.257600E1	2.515200E4	-9.842389E0	-2.677848E1	2.852997E1	3.948982E4	7.150471E3	7.718946E1	9.118612E1
1.258000E1	2.516000E4	4.085494E0	-2.791669E1	2.821406E1	3.951833E4	7.225140E3	9.111734E1	9.232434E1
1.258400E1	2.516800E4	1.662760E1	-2.157557E1	2.723935E1	3.954762E4	7.492812E3	1.036594E2	8.598321E1
1.258800E1	2.517600E4	2.432794E1	-9.696813E0	2.618925E1	3.957827E4	7.877274E3	1.113598E2	7.410446E1
1.259200E1	2.518400E4	2.522194E1	4.737693E0	2.566305E1	3.961064E4	8.105353E3	1.122538E2	5.966995E1
1.259600E1	2.519200E4	1.913028E1	1.790883E1	2.620485E1	3.964311E4	7.938567E3	1.061621E2	4.649881E1
1.260000E1	2.520000E4	7.427446E0	2.615569E1	2.718984E1	3.967415E4	7.561962E3	9.445929E1	3.825195E1
1.260400E1	2.520800E4	-6.585126E0	2.720528E1	2.799091E1	3.970361E4	7.300167E3	8.044672E1	3.720236E1
1.260800E1	2.521600E4	-1.924320E1	2.096472E1	2.845734E1	3.973255E4	7.220070E3	6.778865E1	4.344292E1
1.261200E1	2.522400E4	-2.688179E1	9.063713E0	2.836867E1	3.976137E4	7.301318E3	6.015005E1	5.534393E1
1.261600E1	2.523200E4	-2.777423E1	-5.378087E0	2.829013E1	3.979096E4	7.405695E3	5.925762E1	6.978573E1
1.262000E1	2.524000E4	-2.150652E1	-1.844181E1	2.833074E1	3.982061E4	7.346867E3	6.552533E1	8.284945E1
1.262400E1	2.524800E4	-9.858048E0	-2.669820E1	2.846006E1	3.984973E4	7.236794E3	7.717380E1	9.110585E1
1.262800E1	2.525600E4	4.153109E0	-2.776459E1	2.807349E1	3.987851E4	7.255614E3	9.118496E1	9.217223E1
1.263200E1	2.526400E4	1.676698E1	-2.163243E1	2.736957E1	3.990778E4	7.527817E3	1.037988E2	8.604007E1
1.263600E1	2.527200E4	2.459870E1	-9.575831E0	2.639683E1	3.993873E4	7.861441E3	1.116305E2	7.398347E1
1.264000E1	2.528000E4	2.528445E1	4.763960E0	2.572933E1	3.997067E4	8.078707E3	1.123163E2	5.964368E1
1.264400E1	2.528800E4	1.896465E1	1.790866E1	2.608406E1	4.000336E4	7.935412E3	1.059965E2	4.649898E1
1.264800E1	2.529600E4	7.430505E0	2.617785E1	2.721199E1	4.003415E4	7.561812E3	9.446235E1	3.822979E1
1.265200E1	2.530400E4	-6.705283E0	2.718820E1	2.800284E1	4.006385E4	7.345473E3	8.032656E1	3.721945E1
1.265600E1	2.531200E4	-1.936865E1	2.083050E1	2.844388E1	4.009292E4	7.263572E3	6.766320E1	4.357714E1
1.266000E1	2.532000E4	-2.713999E1	8.837871E0	2.854272E1	4.012196E4	7.315402E3	5.989186E1	5.556977E1
1.266400E1	2.532800E4	-2.770865E1	-5.607462E0	2.827035E1	4.015144E4	7.451687E3	5.932320E1	7.001511E1
1.266800E1	2.533600E4	-2.129892E1	-1.889423E1	2.847167E1	4.018158E4	7.412148E3	6.573292E1	8.330187E1
1.267200E1	2.534400E4	-9.383613E0	-2.685210E1	2.844446E1	4.021074E4	7.178443E3	7.764823E1	9.125974E1
1.267600E1	2.535200E4	4.401427E0	-2.777789E1	2.812443E1	4.023900E4	7.222147E3	9.143327E1	9.218553E1
1.268000E1	2.536000E4	1.692630E1	-2.126790E1	2.718131E1	4.026851E4	7.584864E3	1.039582E2	8.567555E1
1.268400E1	2.536800E4	2.454650E1	-9.088493E0	2.617502E1	4.029968E4	7.952146E3	1.115784E2	7.349614E1
1.268800E1	2.537600E4	2.522317E1	5.422160E0	2.579938E1	4.033213E4	8.078463E3	1.122550E2	5.898548E1
1.269200E1	2.538400E4	1.868272E1	1.823828E1	2.610898E1	4.036431E4	7.869231E3	1.057146E2	4.616937E1
1.269600E1	2.539200E4	6.973994E0	2.618436E1	2.709718E1	4.039509E4	7.519310E3	9.400584E1	3.822329E1
1.270000E1	2.540000E4	-6.982973E0	2.706973E1	2.795589E1	4.042446E4	7.350732E3	8.004887E1	3.733792E1
1.270400E1	2.540800E4	-1.960672E1	2.038023E1	2.828033E1	4.045389E4	7.337571E3	6.742513E1	4.402742E1
1.270800E1	2.541600E4	-2.712705E1	8.208026E0	2.834164E1	4.048317E4	7.349942E3	5.990480E1	5.619962E1
1.271200E1	2.542400E4	-2.756740E1	-6.208205E0	2.825780E1	4.051269E4	7.408231E3	5.946445E1	7.061585E1
1.271600E1	2.543200E4	-2.095786E1	-1.915811E1	2.839481E1	4.054243E4	7.355020E3	6.607399E1	8.356575E1
1.272000E1	2.544000E4	-8.972285E0	-2.686441E1	2.832311E1	4.057153E4	7.248828E3	7.805956E1	9.127205E1
1.272400E1	2.544800E4	5.067448E0	-2.755116E1	2.801331E1	4.060042E4	7.297016E3	9.209930E1	9.195881E1
1.272800E1	2.545600E4	1.746304E1	-2.087991E1	2.722001E1	4.062991E4	7.554321E3	1.044949E2	8.528756E1
1.273200E1	2.546400E4	2.465496E1	-8.558553E0	2.609820E1	4.066086E4	7.908791E3	1.116868E2	7.296620E1
1.273600E1	2.547200E4	2.497934E1	5.848715E0	2.565492E1	4.069318E4	8.126571E3	1.120112E2	5.855893E1
1.274000E1	2.548000E4	1.827246E1	1.883531E1	2.624217E1	4.072587E4	7.946452E3	1.053043E2	4.557234E1
1.274400E1	2.548800E4	6.255771E0	2.656642E1	2.729303E1	4.075675E4	7.526260E3	9.328762E1	3.784122E1
1.274800E1	2.549600E4	-7.816748E0	2.711893E1	2.822301E1	4.078608E4	7.297446E3	7.921510E1	3.728871E1
1.275200E1	2.550400E4	-2.013363E1	2.004307E1	2.840929E1	4.081513E4	7.275034E3	6.689822E1	4.436457E1
1.275600E1	2.551200E4	-2.734265E1	7.696310E0	2.840517E1	4.084428E4	7.362027E3	5.968920E1	5.671133E1
1.276000E1	2.552000E4	-2.750492E1	-6.870678E0	2.835008E1	4.087403E4	7.449117E3	5.952693E1	7.127832E1
1.276400E1	2.552800E4	-2.051291E1	-1.972091E1	2.845512E1	4.090387E4	7.349792E3	6.651894E1	8.412855E1
1.276800E1	2.553600E4	-8.407830E0	-2.720113E1	2.847092E1	4.093282E4	7.221407E3	7.862402E1	9.160878E1
1.277200E1	2.554400E4	5.635303E0	-2.734754E1	2.792211E1	4.096164E4	7.331169E3	9.266715E1	9.175518E1
1.277600E1	2.555200E4	1.782214E1	-2.016337E1	2.691078E1	4.099147E4	7.661236E3	1.048540E2	8.457101E1
1.278000E1	2.556000E4	2.496615E1	-7.664650E0	2.611619E1	4.102293E4	7.964036E3	1.119980E2	7.207229E1
1.278400E1	2.556800E4	2.490503E1	6.759702E0	2.580608E1	4.105519E4	8.064560E3	1.119369E2	5.764794E1
1.278800E1	2.557600E4	1.784950E1	1.944515E1	2.639543E1	4.108745E4	7.864489E3	1.048814E2	4.496249E1
1.279200E1	2.558400E4	5.613722E0	2.664189E1	2.722690E1	4.111810E4	7.564497E3	9.264557E1	3.776575E1
1.279600E1	2.559200E4	-8.663797E0	2.671856E1	2.808813E1	4.114797E4	7.345360E3	7.836805E1	3.768908E1
1.280000E1	2.560000E4	-2.078134E1	1.947125E1	2.847795E1	4.117686E4	7.289226E3	6.625051E1	4.493639E1
1.280400E1	2.560800E4	-2.762991E1	6.745823E0	2.844148E1	4.120628E4	7.421712E3	5.940194E1	5.766182E1
1.280800E1	2.561600E4	-2.728639E1	-7.946963E0	2.842009E1	4.123624E4	7.473002E3	5.974546E1	7.235461E1
1.281200E1	2.562400E4	-1.970095E1	-2.044638E1	2.839335E1	4.126606E4	7.378600E3	6.733089E1	8.485403E1
1.281600E1	2.563200E4	-7.227111E0	-2.748286E1	2.841723E1	4.129527E4	7.278035E3	7.980474E1	9.189051E1
1.282000E1	2.564000E4	6.939708E0	-2.724943E1	2.811922E1	4.132429E4	7.323440E3	9.397155E1	9.165707E1
1.282400E1	2.564800E4	1.876355E1	-1.952948E1	2.708268E1	4.135385E4	7.571265E3	1.057954E2	8.393712E1
1.282800E1	2.565600E4	2.533114E1	-6.854742E0	2.624222E1	4.138486E4	7.978701E3	1.123630E2	7.126238E1
1.283200E1	2.566400E4	2.456566E1	7.832227E0	2.578402E1	4.141768E4	8.155581E3	1.115975E2	5.657542E1
1.283600E1	2.567200E4	1.687172E1	2.018032E1	2.630399E1	4.145010E4	7.899020E3	1.039036E2	4.422733E1
1.284000E1	2.568000E4	4.352293E0	2.709932E1	2.744659E1	4.148088E4	7.531978E3	9.138414E1	3.730833E1
1.284400E1	2.568800E4	-9.777217E0	2.634844E1	2.810399E1	4.151036E4	7.349490E3	7.725463E1	3.805920E1
1.284800E1	2.569600E4	-2.157118E1	1.831193E1	2.829562E1	4.153967E4	7.339344E3	6.546067E1	4.609572E1
1.285200E1	2.570400E4	-2.785489E1	5.377456E0	2.836921E1	4.156907E4	7.402344E3	5.917696E1	5.903019E1
1.285600E1	2.571200E4	-2.693419E1	-9.216692E0	2.846749E1	4.159889E4	7.417863E3	6.009765E1	7.362434E1
1.286000E1	2.572000E4	-1.890302E1	-2.130314E1	2.848066E1	4.162842E4	7.353646E3	6.812883E1	8.571078E1
1.286400E1	2.572800E4	-6.025147E0	-2.767966E1	2.832783E1	4.165772E4	7.278957E3	8.100670E1	9.208730E1
1.286800E1	2.573600E4	7.994435E0	-2.673517E1	2.790485E1	4.168665E4	7.341927E3	9.502628E1	9.114282E1
1.287200E1	2.574400E4	1.960395E1	-1.863263E1	2.704606E1	4.171646E4	7.627871E3	1.066358E2	8.304027E1
1.287600E1	2.575200E4	2.539122E1	-5.549716E0	2.599064E1	4.174767E4	7.999348E3	1.124231E2	6.995736E1
1.288000E1	2.576000E4	2.409627E1	8.985242E0	2.571701E1	4.178045E4	8.153445E3	1.111281E2	5.542240E1
1.288400E1	2.576800E4	1.586199E1	2.097211E1	2.629510E1	4.181290E4	7.899977E3	1.028938E2	4.343554E1
1.288800E1	2.577600E4	3.033763E0	2.726032E1	2.742861E1	4.184365E4	7.496418E3	9.006561E1	3.714732E1
1.289200E1	2.578400E4	-1.090146E1	2.584543E1	2.805045E1	4.187287E4	7.308436E3	7.613039E1	3.856222E1
1.289600E1	2.579200E4	-2.240927E1	1.743431E1	2.839244E1	4.190212E4	7.362926E3	6.462257E1	4.697333E1
1.290000E1	2.580000E4	-2.810234E1	4.063047E0	2.839454E1	4.193177E4	7.464338E3	5.892951E1	6.034460E1
1.290400E1	2.580800E4	-2.629737E1	-1.053521E1	2.832918E1	4.196183E4	7.511605E3	6.073447E1	7.494286E1
1.290800E1	2.581600E4	-1.761753E1	-2.244104E1	2.853029E1	4.199187E4	7.347934E3	6.941431E1	8.684868E1
1.291200E1	2.582400E4	-4.650714E0	-2.813970E1	2.852142E1	4.202062E4	7.192137E3	8.238113E1	9.254734E1
1.291600E1	2.583200E4	9.244510E0	-2.624667E1	2.782713E1	4.204940E4	7.386296E3	9.627636E1	9.065432E1
1.292000E1	2.584000E4	2.044991E1	-1.733923E1	2.681133E1	4.207971E4	7.776985E3	1.074818E2	8.174687E1
1.292400E1	2.584800E4	2.563954E1	-3.777441E0	2.591631E1	4.211162E4	8.056269E3	1.126714E2	6.818508E1
1.292800E1	2.585600E4	2.348099E1	1.053108E1	2.573442E1	4.214416E4	8.104964E3	1.105128E2	5.387656E1
1.293200E1	2.586400E4	1.453669E1	2.192817E1	2.630893E1	4.217646E4	7.878681E3	1.015685E2	4.247947E1
1.293600E1	2.587200E4	1.349300E0	2.744508E1	2.747823E1	4.220719E4	7.504305E3	8.838115E1	3.696256E1
1.294000E1	2.588000E4	-1.258978E1	2.525878E1	2.822248E1	4.223649E4	7.319333E3	7.444207E1	3.914887E1
1.294400E1	2.588800E4	-2.350209E1	1.600797E1	2.843596E1	4.226574E4	7.319254E3	6.352975E1	4.839967E1
1.294800E1	2.589600E4	-2.842687E1	2.463456E0	2.853342E1	4.229505E4	7.419904E3	5.860497E1	6.194419E1
1.295200E1	2.590400E4	-2.584817E1	-1.210778E1	2.854341E1	4.232510E4	7.458902E3	6.118368E1	7.651542E1
1.295600E1	2.591200E4	-1.646051E1	-2.326383E1	2.849832E1	4.235472E4	7.315214E3	7.057134E1	8.767147E1
1.296000E1	2.592000E4	-3.136599E0	-2.805625E1	2.823103E1	4.238362E4	7.297490E3	8.389525E1	9.246389E1
1.296400E1	2.592800E4	1.083237E1	-2.539824E1	2.761179E1	4.241310E4	7.477129E3	9.786422E1	8.980588E1
1.296800E1	2.593600E4	2.143855E1	-1.589960E1	2.669099E1	4.244344E4	7.790205E3	1.084704E2	8.030725E1
1.297200E1	2.594400E4	2.583865E1	-2.069880E0	2.592143E1	4.247542E4	8.066510E3	1.128705E2	6.647752E1
1.297600E1	2.595200E4	2.299054E1	1.220891E1	2.603118E1	4.250797E4	8.078777E3	1.100224E2	5.219874E1
1.298000E1	2.596000E4	1.331460E1	2.310826E1	2.666965E1	4.254005E4	7.829444E3	1.003465E2	4.129938E1
1.298400E1	2.596800E4	-2.923251E-1	2.765276E1	2.765430E1	4.257061E4	7.437419E3	8.673952E1	3.675488E1
1.298800E1	2.597600E4	-1.392813E1	2.456833E1	2.824173E1	4.259955E4	7.274989E3	7.310372E1	3.983932E1
1.299200E1	2.598400E4	-2.434706E1	1.474186E1	2.846229E1	4.262881E4	7.356838E3	6.268479E1	4.966578E1
1.299600E1	2.599200E4	-2.848272E1	7.934974E-1	2.849377E1	4.265840E4	7.472478E3	5.854912E1	6.361415E1
1.300000E1	2.600000E4	-2.490733E1	-1.357169E1	2.836487E1	4.268859E4	7.501012E3	6.212452E1	7.797933E1
1.300400E1	2.600800E4	-1.493383E1	-2.428629E1	2.851041E1	4.271841E4	7.374495E3	7.209801E1	8.869393E1
1.300800E1	2.601600E4	-1.186842E0	-2.809876E1	2.812381E1	4.274758E4	7.319653E3	8.584501E1	9.250640E1
1.301200E1	2.602400E4	1.247728E1	-2.452027E1	2.751229E1	4.277697E4	7.462717E3	9.950913E1	8.892792E1
1.301600E1	2.603200E4	2.233760E1	-1.434979E1	2.654967E1	4.280728E4	7.843221E3	1.093695E2	7.875743E1
1.302000E1	2.604000E4	2.579996E1	-1.282024E-1	2.580028E1	4.283972E4	8.158636E3	1.128318E2	6.453585E1
1.302400E1	2.604800E4	2.197447E1	1.402744E1	2.607003E1	4.287255E4	8.067618E3	1.090063E2	5.038020E1
1.302800E1	2.605600E4	1.168856E1	2.423963E1	2.691063E1	4.290426E4	7.709896E3	9.872041E1	4.016801E1
1.303200E1	2.606400E4	-2.050436E0	2.771389E1	2.778964E1	4.293423E4	7.401071E3	8.498141E1	3.669375E1
1.303600E1	2.607200E4	-1.560025E1	2.360088E1	2.829080E1	4.296346E4	7.344530E3	7.143160E1	4.080676E1
1.304000E1	2.608000E4	-2.535804E1	1.292748E1	2.846313E1	4.299299E4	7.410288E3	6.167381E1	5.148017E1
1.304400E1	2.608800E4	-2.845279E1	-1.365249E0	2.848553E1	4.302275E4	7.459551E3	5.857906E1	6.577289E1
1.304800E1	2.609600E4	-2.389902E1	-1.532171E1	2.838869E1	4.305266E4	7.451120E3	6.313283E1	7.972935E1
1.305200E1	2.610400E4	-1.311566E1	-2.504117E1	2.826802E1	4.308236E4	7.388441E3	7.391618E1	8.944881E1
1.305600E1	2.611200E4	8.664344E-1	-2.801366E1	2.802705E1	4.311177E4	7.406996E3	8.789828E1	9.242130E1
1.306000E1	2.612000E4	1.435157E1	-2.331717E1	2.737988E1	4.314161E4	7.583729E3	1.013834E2	8.772481E1
1.306400E1	2.612800E4	2.335205E1	-1.218670E1	2.634073E1	4.317244E4	7.895704E3	1.103839E2	7.659434E1
1.306800E1	2.613600E4	2.572671E1	2.150238E0	2.581641E1	4.320478E4	8.118439E3	1.127586E2	6.225741E1
1.307200E1	2.614400E4	2.076483E1	1.586952E1	2.613465E1	4.323739E4	8.016925E3	1.077967E2	4.853812E1
1.307600E1	2.615200E4	9.754193E0	2.529577E1	2.711126E1	4.326891E4	7.668346E3	9.678604E1	3.911187E1
1.308000E1	2.616000E4	-4.236947E0	2.757383E1	2.789745E1	4.329874E4	7.384488E3	8.279490E1	3.683381E1
1.308400E1	2.616800E4	-1.744293E1	2.233478E1	2.833899E1	4.332799E4	7.383011E3	6.958892E1	4.207286E1
1.308800E1	2.617600E4	-2.638405E1	1.076727E1	2.849653E1	4.335780E4	7.466766E3	6.064780E1	5.364037E1
1.309200E1	2.618400E4	-2.812765E1	-3.814559E0	2.838513E1	4.338772E4	7.517106E3	5.890420E1	6.822220E1
1.309600E1	2.619200E4	-2.240362E1	-1.746372E1	2.840605E1	4.341794E4	7.433854E3	6.462823E1	8.187137E1
1.310000E1	2.620000E4	-1.110378E1	-2.640704E1	2.864657E1	4.344719E4	7.307535E3	7.592806E1	9.081468E1
1.310400E1	2.620800E4	3.122783E0	-2.785403E1	2.802854E1	4.347640E4	7.356053E3	9.015463E1	9.226168E1
1.310800E1	2.621600E4	1.604068E1	-2.204381E1	2.726230E1	4.350604E4	7.609029E3	1.030725E2	8.645145E1
1.311200E1	2.622400E4	2.428878E1	-1.017562E1	2.633416E1	4.353727E4	8.025174E3	1.113206E2	7.458326E1
1.311600E1	2.623200E4	2.528213E1	4.568909E0	2.569165E1	4.357024E4	8.209133E3	1.123140E2	5.983873E1
1.312000E1	2.624000E4	1.925024E1	1.791484E1	2.629664E1	4.360294E4	7.987044E3	1.062821E2	4.649280E1
1.312400E1	2.624800E4	7.467340E0	2.628412E1	2.732428E1	4.363414E4	7.638814E3	9.449919E1	3.812352E1
1.312800E1	2.625600E4	-6.805013E0	2.718692E1	2.802565E1	4.366405E4	7.380759E3	8.022683E1	3.722072E1
1.313200E1	2.626400E4	-1.945195E1	2.072424E1	2.842310E1	4.369319E4	7.316797E3	6.757990E1	4.368341E1
1.313600E1	2.627200E4	-2.717458E1	8.522742E0	2.847973E1	4.372259E4	7.438901E3	5.985727E1	5.588490E1
1.314000E1	2.628000E4	-2.765980E1	-6.232082E0	2.835319E1	4.375270E4	7.500855E3	5.937204E1	7.063973E1
1.314400E1	2.628800E4	-2.091043E1	-1.922401E1	2.840437E1	4.378259E4	7.424108E3	6.612142E1	8.363165E1
1.314800E1	2.629600E4	-8.722841E0	-2.699074E1	2.836526E1	4.381209E4	7.335255E3	7.830901E1	9.139838E1
1.315200E1	2.630400E4	5.469425E0	-2.743179E1	2.797173E1	4.384128E4	7.398894E3	9.250127E1	9.183943E1
1.315600E1	2.631200E4	1.779035E1	-2.026359E1	2.696497E1	4.387128E4	7.718736E3	1.048222E2	8.467123E1
1.316000E1	2.632000E4	2.508399E1	-7.656593E0	2.622651E1	4.390303E4	8.013833E3	1.121158E2	7.206424E1
1.316400E1	2.632800E4	2.488015E1	6.849432E0	2.580575E1	4.393539E4	8.149990E3	1.119120E2	5.755821E1
1.316800E1	2.633600E4	1.766289E1	1.977273E1	2.651298E1	4.396823E4	7.986397E3	1.046947E2	4.463492E1
1.317200E1	2.634400E4	5.102481E0	2.696091E1	2.743950E1	4.399928E4	7.559014E3	9.213433E1	3.744673E1
1.317600E1	2.635200E4	-9.045225E0	2.672628E1	2.821543E1	4.402870E4	7.328483E3	7.798662E1	3.768136E1
1.318000E1	2.636000E4	-2.115770E1	1.911000E1	2.851035E1	4.405791E4	7.378193E3	6.587415E1	4.529765E1
1.318400E1	2.636800E4	-2.774203E1	6.036882E0	2.839127E1	4.408772E4	7.509063E3	5.928982E1	5.837076E1
1.318800E1	2.637600E4	-2.679343E1	-8.697244E0	2.816966E1	4.411798E4	7.550967E3	6.023842E1	7.310489E1
1.319200E1	2.638400E4	-1.894797E1	-2.114094E1	2.838952E1	4.414813E4	7.434784E3	6.808388E1	8.554858E1
1.319600E1	2.639200E4	-6.173236E0	-2.775827E1	2.843643E1	4.417746E4	7.319865E3	8.085861E1	9.216592E1
1.320000E1	2.640000E4	8.034503E0	-2.679733E1	2.797588E1	4.420669E4	7.402807E3	9.506635E1	9.120497E1
1.320400E1	2.640800E4	1.964805E1	-1.852552E1	2.700446E1	4.423668E4	7.701785E3	1.066799E2	8.293316E1
1.320800E1	2.641600E4	2.540513E1	-5.259154E0	2.594377E1	4.426830E4	8.116902E3	1.124370E2	6.966680E1
1.321200E1	2.642400E4	2.399179E1	9.508498E0	2.580731E1	4.430162E4	8.183705E3	1.110236E2	5.489915E1
1.321600E1	2.643200E4	1.555061E1	2.122696E1	2.631359E1	4.433377E4	7.925523E3	1.025825E2	4.318068E1
1.322000E1	2.644000E4	2.375798E0	2.728573E1	2.738896E1	4.436502E4	7.600090E3	8.940764E1	3.712192E1
1.322400E1	2.644800E4	-1.169999E1	2.558488E1	2.813318E1	4.439457E4	7.339659E3	7.533185E1	3.882277E1
1.322800E1	2.645600E4	-2.294616E1	1.683035E1	2.845676E1	4.442374E4	7.360460E3	6.408569E1	4.757729E1
1.323200E1	2.646400E4	-2.813582E1	3.226389E0	2.832021E1	4.445346E4	7.493754E3	5.889602E1	6.118125E1
1.323600E1	2.647200E4	-2.586869E1	-1.135075E1	2.824940E1	4.448369E4	7.512536E3	6.116315E1	7.575839E1
1.324000E1	2.648000E4	-1.685649E1	-2.282906E1	2.837793E1	4.451356E4	7.421367E3	7.017536E1	8.723670E1
1.324400E1	2.648800E4	-3.406347E0	-2.799282E1	2.819932E1	4.454306E4	7.292851E3	8.362550E1	9.240047E1
1.324800E1	2.649600E4	1.035620E1	-2.575997E1	2.776376E1	4.457190E4	7.418919E3	9.738804E1	9.016761E1
1.325200E1	2.650400E4	2.115728E1	-1.628545E1	2.669919E1	4.460241E4	7.882079E3	1.081891E2	8.069310E1
1.325600E1	2.651200E4	2.578641E1	-2.275029E0	2.588657E1	4.463496E4	8.182816E3	1.128183E2	6.668267E1
1.326000E1	2.652000E4	2.303685E1	1.218496E1	2.606088E1	4.466788E4	8.124787E3	1.100687E2	5.222268E1
1.326400E1	2.652800E4	1.337546E1	2.312629E1	2.671569E1	4.469996E4	7.854808E3	1.004073E2	4.128135E1
1.326800E1	2.653600E4	-3.444090E-1	2.762327E1	2.762541E1	4.473071E4	7.518315E3	8.668744E1	3.678438E1
1.327200E1	2.654400E4	-1.430533E1	2.467511E1	2.852198E1	4.476010E4	7.317751E3	7.272652E1	3.973254E1
1.327600E1	2.655200E4	-2.445680E1	1.454660E1	2.845591E1	4.478926E4	7.413650E3	6.257505E1	4.986104E1
1.328000E1	2.656000E4	-2.843142E1	2.917378E-1	2.843292E1	4.481941E4	7.550988E3	5.860043E1	6.411591E1
1.328400E1	2.656800E4	-2.482745E1	-1.414079E1	2.857209E1	4.484966E4	7.493672E3	6.220440E1	7.854844E1
1.328800E1	2.657600E4	-1.452360E1	-2.452044E1	2.849889E1	4.487936E4	7.374095E3	7.250824E1	8.892808E1
1.329200E1	2.658400E4	-6.620931E-1	-2.824130E1	2.824906E1	4.490866E4	7.342271E3	8.636975E1	9.264894E1
1.329600E1	2.659200E4	1.294532E1	-2.424479E1	2.748438E1	4.493810E4	7.567825E3	9.997717E1	8.865243E1
1.330000E1	2.660000E4	2.275840E1	-1.356695E1	2.649541E1	4.496920E4	7.946528E3	1.097902E2	7.797459E1
1.330400E1	2.660800E4	2.591425E1	7.563850E-1	2.592529E1	4.500167E4	8.184021E3	1.129461E2	6.365126E1
1.330800E1	2.661600E4	2.154839E1	1.490510E1	2.620106E1	4.503467E4	8.164774E3	1.085802E2	4.950254E1
1.331200E1	2.662400E4	1.054838E1	2.483846E1	2.698550E1	4.506699E4	7.796969E3	9.758023E1	3.956919E1
1.331600E1	2.663200E4	-3.439408E0	2.782099E1	2.803279E1	4.509705E4	7.408561E3	8.359244E1	3.658665E1
1.332000E1	2.664000E4	-1.686200E1	2.298967E1	2.851056E1	4.512626E4	7.325436E3	7.016985E1	4.141797E1
1.332400E1	2.664800E4	-2.603792E1	1.178339E1	2.858009E1	4.515565E4	7.423346E3	6.099393E1	5.262425E1
1.332800E1	2.665600E4	-2.812112E1	-2.779755E0	2.825817E1	4.518565E4	7.575100E3	5.891073E1	6.718740E1
1.333200E1	2.666400E4	-2.281885E1	-1.673257E1	2.829627E1	4.521625E4	7.540922E3	6.421300E1	8.114022E1
1.333600E1	2.667200E4	-1.158675E1	-2.599092E1	2.845664E1	4.524597E4	7.333237E3	7.544510E1	9.039856E1
1.334000E1	2.668000E4	2.412512E0	-2.803899E1	2.814259E1	4.527492E4	7.321713E3	8.944436E1	9.244664E1
1.334400E1	2.668800E4	1.546480E1	-2.246243E1	2.727125E1	4.530455E4	7.588782E3	1.024966E2	8.687008E1
1.334800E1	2.669600E4	2.388729E1	-1.082171E1	2.622426E1	4.533563E4	8.016725E3	1.109191E2	7.522935E1
1.335200E1	2.670400E4	2.544712E1	3.884955E0	2.574197E1	4.536868E4	8.258295E3	1.124790E2	6.052269E1
1.335600E1	2.671200E4	1.952601E1	1.739356E1	2.614959E1	4.540169E4	8.067765E3	1.065579E2	4.701408E1
1.336000E1	2.672000E4	7.825439E0	2.595564E1	2.710964E1	4.543322E4	7.659264E3	9.485729E1	3.845201E1
1.336400E1	2.672800E4	-6.289637E0	2.731209E1	2.802695E1	4.546297E4	7.390057E3	8.074221E1	3.709555E1
1.336800E1	2.673600E4	-1.906096E1	2.091633E1	2.829864E1	4.549234E4	7.408606E3	6.797089E1	4.349131E1
1.337200E1	2.674400E4	-2.695874E1	8.636169E0	2.830825E1	4.552224E4	7.493136E3	6.007311E1	5.577147E1
1.337600E1	2.675200E4	-2.752541E1	-5.995402E0	2.817078E1	4.555229E4	7.529782E3	5.950644E1	7.040305E1
1.338000E1	2.676000E4	-2.093167E1	-1.916390E1	2.837939E1	4.558248E4	7.467265E3	6.610018E1	8.357154E1
1.338400E1	2.676800E4	-8.731588E0	-2.691459E1	2.829551E1	4.561203E4	7.358687E3	7.830026E1	9.132224E1
1.338800E1	2.677600E4	5.500033E0	-2.741286E1	2.795917E1	4.564135E4	7.411728E3	9.253188E1	9.182051E1
1.339200E1	2.678400E4	1.783011E1	-2.028144E1	2.700462E1	4.567132E4	7.748099E3	1.048620E2	8.468908E1
1.339600E1	2.679200E4	2.507784E1	-7.509491E0	2.617805E1	4.570333E4	8.062198E3	1.121097E2	7.191713E1
1.340000E1	2.680000E4	2.485737E1	7.042079E0	2.583563E1	4.573582E4	8.143882E3	1.118892E2	5.736556E1
1.340400E1	2.680800E4	1.750452E1	1.977195E1	2.640716E1	4.576848E4	8.035336E3	1.045364E2	4.463569E1
1.340800E1	2.681600E4	4.718927E0	2.703845E1	2.744715E1	4.580010E4	7.633911E3	9.175077E1	3.736919E1
1.341200E1	2.682400E4	-9.428781E0	2.654922E1	2.817380E1	4.582955E4	7.405957E3	7.760307E1	3.785842E1
1.341600E1	2.683200E4	-2.154211E1	1.849794E1	2.839430E1	4.585935E4	7.436322E3	6.548973E1	4.590971E1
1.342000E1	2.684000E4	-2.796552E1	5.414302E0	2.848482E1	4.588904E4	7.519771E3	5.906632E1	5.899334E1
1.342400E1	2.684800E4	-2.674921E1	-9.475493E0	2.837790E1	4.591951E4	7.558998E3	6.028264E1	7.388314E1
1.342800E1	2.685600E4	-1.854632E1	-2.172625E1	2.856564E1	4.594951E4	7.394416E3	6.848553E1	8.613389E1
1.343200E1	2.686400E4	-5.616881E0	-2.801109E1	2.856869E1	4.597866E4	7.254195E3	8.141497E1	9.241873E1
1.343600E1	2.687200E4	8.410954E0	-2.659798E1	2.789617E1	4.600755E4	7.421664E3	9.544280E1	9.100562E1
1.344000E1	2.688000E4	2.002499E1	-1.800873E1	2.693166E1	4.603803E4	7.830526E3	1.070568E2	8.241638E1
1.344400E1	2.688800E4	2.555309E1	-4.417241E0	2.593208E1	4.607019E4	8.215455E3	1.125849E2	6.882488E1
1.344800E1	2.689600E4	2.363085E1	1.040185E1	2.581890E1	4.610376E4	8.276254E3	1.106627E2	5.400579E1
1.345200E1	2.690400E4	1.464711E1	2.204777E1	2.646965E1	4.613640E4	7.935520E3	1.016790E2	4.235987E1
1.345600E1	2.691200E4	1.323021E0	2.746707E1	2.749892E1	4.616724E4	7.544504E3	8.835487E1	3.694057E1
1.346000E1	2.692000E4	-1.267803E1	2.514342E1	2.815891E1	4.619676E4	7.362121E3	7.435382E1	3.926422E1
1.346400E1	2.692800E4	-2.362616E1	1.585261E1	2.845173E1	4.622614E4	7.378021E3	6.340568E1	4.855503E1
1.346800E1	2.693600E4	-2.842397E1	2.095948E0	2.850114E1	4.625578E4	7.492414E3	5.860788E1	6.231170E1
1.347200E1	2.694400E4	-2.554288E1	-1.250151E1	2.843812E1	4.628608E4	7.550474E3	6.148896E1	7.690915E1
1.347600E1	2.695200E4	-1.592803E1	-2.378089E1	2.862225E1	4.631619E4	7.411641E3	7.110382E1	8.818854E1
1.348000E1	2.696000E4	-2.288084E0	-2.826385E1	2.835631E1	4.634537E4	7.384956E3	8.474376E1	9.267149E1
1.348400E1	2.696800E4	1.178144E1	-2.496198E1	2.760259E1	4.637527E4	7.559482E3	9.881329E1	8.936963E1
1.348800E1	2.697600E4	2.215035E1	-1.502648E1	2.676627E1	4.640585E4	7.852325E3	1.091822E2	7.943412E1
1.349200E1	2.698400E4	2.598881E1	-8.690596E-1	2.600334E1	4.643808E4	8.150501E3	1.130207E2	6.527670E1
1.349600E1	2.699200E4	2.239786E1	1.348547E1	2.614425E1	4.647105E4	8.169561E3	1.094297E2	5.092218E1
1.350000E1	2.700000E4	1.191867E1	2.384388E1	2.665681E1	4.650344E4	7.842899E3	9.895051E1	4.056376E1
1.350400E1	2.700800E4	-1.835267E0	2.766927E1	2.773007E1	4.653379E4	7.492525E3	8.519658E1	3.673837E1
1.350800E1	2.701600E4	-1.562597E1	2.371473E1	2.839999E1	4.656338E4	7.389202E3	7.140588E1	4.069292E1
1.351200E1	2.702400E4	-2.540594E1	1.299617E1	2.853703E1	4.659291E4	7.432639E3	6.162591E1	5.141148E1
1.351600E1	2.703200E4	-2.852287E1	-1.416240E0	2.855801E1	4.662284E4	7.512037E3	5.850898E1	6.582388E1
1.352000E1	2.704000E4	-2.380404E1	-1.546130E1	2.838458E1	4.665300E4	7.552266E3	6.322781E1	7.986895E1
1.352400E1	2.704800E4	-1.284753E1	-2.550087E1	2.855439E1	4.668326E4	7.425998E3	7.418432E1	8.990851E1
1.352800E1	2.705600E4	1.192157E0	-2.829420E1	2.831930E1	4.671241E4	7.351354E3	8.822400E1	9.270184E1
1.353200E1	2.706400E4	1.454531E1	-2.321283E1	2.739346E1	4.674207E4	7.629777E3	1.015772E2	8.762047E1
1.353600E1	2.707200E4	2.351430E1	-1.174896E1	2.628613E1	4.677345E4	8.041934E3	1.105461E2	7.615661E1
1.354000E1	2.708000E4	2.549000E1	2.862313E0	2.565020E1	4.680641E4	8.277749E3	1.125218E2	6.154533E1
1.354400E1	2.708800E4	1.998693E1	1.657751E1	2.596711E1	4.683967E4	8.093815E3	1.070188E2	4.783014E1
1.354800E1	2.709600E4	8.799525E0	2.578575E1	2.724585E1	4.687116E4	7.634349E3	9.583137E1	3.862190E1
1.355200E1	2.710400E4	-5.255510E0	2.768763E1	2.818201E1	4.690075E4	7.369833E3	8.177634E1	3.672001E1
1.355600E1	2.711200E4	-1.831545E1	2.173783E1	2.842515E1	4.693012E4	7.389833E3	6.871640E1	4.266981E1
1.356000E1	2.712000E4	-2.668976E1	9.784835E0	2.842686E1	4.695987E4	7.516500E3	6.034209E1	5.462281E1
1.356400E1	2.712800E4	-2.781490E1	-5.028839E0	2.826585E1	4.699025E4	7.599842E3	5.921694E1	6.943648E1
1.356800E1	2.713600E4	-2.146186E1	-1.843738E1	2.829396E1	4.702067E4	7.517575E3	6.556999E1	8.284502E1
1.357200E1	2.714400E4	-9.558658E0	-2.682720E1	2.847923E1	4.705039E4	7.352597E3	7.747319E1	9.123484E1
1.357600E1	2.715200E4	4.633764E0	-2.773226E1	2.811673E1	4.707949E4	7.385739E3	9.166561E1	9.213991E1
1.358000E1	2.716000E4	1.724237E1	-2.093550E1	2.712184E1	4.710947E4	7.718506E3	1.042742E2	8.534314E1
1.358400E1	2.716800E4	2.473654E1	-8.404666E0	2.612537E1	4.714123E4	8.140491E3	1.117684E2	7.281231E1
1.358800E1	2.717600E4	2.512175E1	6.543080E0	2.595986E1	4.717460E4	8.220065E3	1.121536E2	5.786456E1
1.359200E1	2.718400E4	1.789717E1	1.918863E1	2.623951E1	4.720699E4	7.976478E3	1.049290E2	4.521901E1
1.359600E1	2.719200E4	5.464729E0	2.664675E1	2.720133E1	4.723841E4	7.678021E3	9.249658E1	3.776090E1
1.360000E1	2.720000E4	-8.899922E0	2.672516E1	2.816811E1	4.726842E4	7.446731E3	7.813192E1	3.768249E1
1.360400E1	2.720800E4	-2.120692E1	1.910532E1	2.854377E1	4.729798E4	7.425612E3	6.582493E1	4.530232E1
1.360800E1	2.721600E4	-2.779683E1	5.997947E0	2.843658E1	4.732782E4	7.531925E3	5.923502E1	5.840970E1
1.361200E1	2.722400E4	-2.687319E1	-8.856089E0	2.829485E1	4.735824E4	7.580371E3	6.015866E1	7.326373E1
1.361600E1	2.723200E4	-1.882259E1	-2.125001E1	2.838755E1	4.738847E4	7.461236E3	6.820925E1	8.565765E1
1.362000E1	2.724000E4	-5.926256E0	-2.771331E1	2.833987E1	4.741793E4	7.345671E3	8.110559E1	9.212096E1
1.362400E1	2.724800E4	8.278744E0	-2.669177E1	2.794616E1	4.744723E4	7.447990E3	9.531059E1	9.109941E1
1.362800E1	2.725600E4	1.987550E1	-1.820393E1	2.695215E1	4.747751E4	7.830711E3	1.069073E2	8.261157E1
1.363200E1	2.726400E4	2.564274E1	-4.578042E0	2.604820E1	4.750988E4	8.153449E3	1.126746E2	6.898569E1
1.363600E1	2.727200E4	2.375006E1	9.954886E0	2.575199E1	4.754274E4	8.218588E3	1.107819E2	5.445276E1
1.364000E1	2.728000E4	1.502114E1	2.195939E1	2.660545E1	4.757563E4	7.965663E3	1.020530E2	4.244825E1
1.364400E1	2.728800E4	1.703195E0	2.758155E1	2.763409E1	4.760647E4	7.544287E3	8.873504E1	3.682609E1
1.364800E1	2.729600E4	-1.241896E1	2.548462E1	2.834955E1	4.763598E4	7.445864E3	7.461288E1	3.892302E1
1.365200E1	2.730400E4	-2.356941E1	1.587784E1	2.841871E1	4.766603E4	7.478251E3	6.346243E1	4.852980E1
1.365600E1	2.731200E4	-2.840664E1	2.082792E0	2.848289E1	4.769581E4	7.516165E3	5.862521E1	6.232485E1
1.366000E1	2.732000E4	-2.550308E1	-1.252842E1	2.841423E1	4.772616E4	7.555029E3	6.152877E1	7.693606E1
1.366400E1	2.732800E4	-1.584858E1	-2.371619E1	2.852429E1	4.775625E4	7.443636E3	7.118326E1	8.812383E1
1.366800E1	2.733600E4	-2.117841E0	-2.824368E1	2.832298E1	4.778571E4	7.390261E3	8.491401E1	9.265133E1
1.367200E1	2.734400E4	1.186205E1	-2.501649E1	2.768633E1	4.781537E4	7.566204E3	9.889389E1	8.942413E1
1.367600E1	2.735200E4	2.225391E1	-1.487444E1	2.676725E1	4.784624E4	7.888575E3	1.092858E2	7.928209E1
1.368000E1	2.736000E4	2.595483E1	-6.898691E-1	2.596400E1	4.787848E4	8.182822E3	1.129867E2	6.509751E1
1.368400E1	2.736800E4	2.213113E1	1.367056E1	2.601290E1	4.791170E4	8.198254E3	1.091630E2	5.073708E1
1.368800E1	2.737600E4	1.173115E1	2.412023E1	2.682173E1	4.794406E4	7.839669E3	9.876300E1	4.028742E1
1.369200E1	2.738400E4	-2.140713E0	2.768658E1	2.776922E1	4.797442E4	7.483089E3	8.489113E1	3.672106E1
1.369600E1	2.739200E4	-1.582327E1	2.352249E1	2.834931E1	4.800393E4	7.472923E3	7.120858E1	4.088515E1
1.370000E1	2.740000E4	-2.558561E1	1.236599E1	2.841727E1	4.803420E4	7.520182E3	6.144624E1	5.204165E1
1.370400E1	2.740800E4	-2.836048E1	-2.027756E0	2.843288E1	4.806409E4	7.507258E3	5.867137E1	6.643540E1
1.370800E1	2.741600E4	-2.359136E1	-1.607046E1	2.854491E1	4.809426E4	7.528742E3	6.344049E1	8.047810E1
1.371200E1	2.742400E4	-1.237928E1	-2.574477E1	2.856641E1	4.812432E4	7.388000E3	7.465257E1	9.015241E1
1.371600E1	2.743200E4	1.655900E0	-2.814800E1	2.819666E1	4.815337E4	7.373459E3	8.868775E1	9.255564E1
1.372000E1	2.744000E4	1.494971E1	-2.275247E1	2.722442E1	4.818331E4	7.693469E3	1.019816E2	8.716012E1
1.372400E1	2.744800E4	2.381511E1	-1.114847E1	2.629539E1	4.821491E4	8.047599E3	1.108470E2	7.555611E1
1.372800E1	2.745600E4	2.574220E1	3.475021E0	2.597570E1	4.824769E4	8.199122E3	1.127741E2	6.093262E1
1.373200E1	2.746400E4	1.990328E1	1.700349E1	2.617746E1	4.828051E4	8.087667E3	1.069351E2	4.740415E1
1.373600E1	2.747200E4	8.204311E0	2.584667E1	2.711754E1	4.831239E4	7.784848E3	9.523616E1	3.856097E1
1.374000E1	2.748000E4	-6.201234E0	2.732520E1	2.802003E1	4.834279E4	7.493313E3	8.083061E1	3.708244E1
1.374400E1	2.748800E4	-1.903457E1	2.089240E1	2.826318E1	4.837234E4	7.430650E3	6.799728E1	4.351524E1
1.374800E1	2.749600E4	-2.699873E1	8.652000E0	2.835116E1	4.840223E4	7.511538E3	6.003312E1	5.575564E1
1.375200E1	2.750400E4	-2.755826E1	-6.073299E0	2.821955E1	4.843243E4	7.584126E3	5.947358E1	7.048094E1
1.375600E1	2.751200E4	-2.077290E1	-1.930638E1	2.835930E1	4.846290E4	7.520366E3	6.625895E1	8.371402E1
1.376000E1	2.752000E4	-8.454559E0	-2.696389E1	2.825829E1	4.849259E4	7.390494E3	7.857729E1	9.137154E1
1.376400E1	2.752800E4	5.801359E0	-2.722686E1	2.783806E1	4.852203E4	7.483457E3	9.283321E1	9.163450E1
1.376800E1	2.753600E4	1.827166E1	-1.996884E1	2.706673E1	4.855246E4	7.801670E3	1.053035E2	8.437648E1
1.377200E1	2.754400E4	2.523556E1	-7.026070E0	2.619540E1	4.858444E4	8.146590E3	1.122674E2	7.143371E1
1.377600E1	2.755200E4	2.457674E1	7.811076E0	2.578815E1	4.861763E4	8.256032E3	1.116086E2	5.659657E1
1.378000E1	2.756000E4	1.678987E1	2.036052E1	2.639035E1	4.865049E4	7.990668E3	1.038217E2	4.404712E1
1.378400E1	2.756800E4	4.031301E0	2.715837E1	2.745594E1	4.868156E4	7.594889E3	9.106315E1	3.724927E1
1.378800E1	2.757600E4	-1.017344E1	2.616214E1	2.807056E1	4.871125E4	7.427801E3	7.685840E1	3.824550E1
1.379200E1	2.758400E4	-2.200838E1	1.783523E1	2.832780E1	4.874098E4	7.471044E3	6.502347E1	4.657241E1
1.379600E1	2.759200E4	-2.797539E1	4.422113E0	2.832274E1	4.877102E4	7.602291E3	5.905646E1	5.998553E1
1.380000E1	2.760000E4	-2.621987E1	-1.048592E1	2.823891E1	4.880180E4	7.646706E3	6.081198E1	7.489356E1
1.380400E1	2.760800E4	-1.748434E1	-2.253348E1	2.852122E1	4.883219E4	7.432320E3	6.954750E1	8.694112E1
1.380800E1	2.761600E4	-4.340179E0	-2.821872E1	2.855054E1	4.886126E4	7.260761E3	8.269167E1	9.262636E1
1.381200E1	2.762400E4	9.634914E0	-2.607841E1	2.780135E1	4.889028E4	7.454981E3	9.666676E1	9.048605E1
1.381600E1	2.763200E4	2.067324E1	-1.680309E1	2.664070E1	4.892090E4	7.913486E3	1.077051E2	8.121073E1
1.382000E1	2.764000E4	2.558346E1	-2.876374E0	2.574465E1	4.895359E4	8.243554E3	1.126153E2	6.728402E1
1.382400E1	2.764800E4	2.290249E1	1.159118E1	2.566865E1	4.898684E4	8.245701E3	1.099343E2	5.281646E1
1.382800E1	2.765600E4	1.350442E1	2.297244E1	2.664775E1	4.901955E4	7.949876E3	1.005363E2	4.143520E1
1.383200E1	2.766400E4	-2.153048E-1	2.781883E1	2.781966E1	4.905044E4	7.510152E3	8.681654E1	3.658882E1
1.383600E1	2.767200E4	-1.405342E1	2.470642E1	2.842369E1	4.907963E4	7.342926E3	7.297842E1	3.970122E1
1.384000E1	2.768000E4	-2.448528E1	1.460378E1	2.850963E1	4.910919E4	7.430159E3	6.254657E1	4.980387E1
1.384400E1	2.768800E4	-2.841533E1	4.596719E-1	2.841904E1	4.913907E4	7.551924E3	5.861652E1	6.394797E1
1.384800E1	2.769600E4	-2.474050E1	-1.405583E1	2.845450E1	4.916960E4	7.556544E3	6.229135E1	7.846348E1
1.385200E1	2.770400E4	-1.444414E1	-2.454631E1	2.848078E1	4.919953E4	7.432535E3	7.258771E1	8.895396E1
1.385600E1	2.771200E4	-4.620880E-1	-2.823862E1	2.824240E1	4.922906E4	7.410702E3	8.656976E1	9.264626E1
1.386000E1	2.772000E4	1.322773E1	-2.405004E1	2.744772E1	4.925881E4	7.597752E3	1.002596E2	8.845768E1
1.386400E1	2.772800E4	2.287235E1	-1.328824E1	2.645225E1	4.928984E4	8.009530E3	1.099042E2	7.769588E1
1.386800E1	2.773600E4	2.590279E1	1.306475E0	2.593571E1	4.932289E4	8.221978E3	1.129346E2	6.310117E1
1.387200E1	2.774400E4	2.125193E1	1.522631E1	2.614355E1	4.935562E4	8.149583E3	1.082838E2	4.918133E1
1.387600E1	2.775200E4	1.005008E1	2.498029E1	2.692618E1	4.938808E4	7.811036E3	9.708192E1	3.942735E1
1.388000E1	2.776000E4	-3.935144E0	2.761988E1	2.789880E1	4.941811E4	7.470343E3	8.309670E1	3.678776E1
1.388400E1	2.776800E4	-1.743903E1	2.244437E1	2.842305E1	4.944785E4	7.452343E3	6.959281E1	4.196328E1
1.388800E1	2.777600E4	-2.641391E1	1.081838E1	2.854351E1	4.947773E4	7.521039E3	6.061794E1	5.358926E1
1.389200E1	2.778400E4	-2.813414E1	-3.961575E0	2.841168E1	4.950802E4	7.585746E3	5.889771E1	6.836922E1
1.389600E1	2.779200E4	-2.225950E1	-1.765111E1	2.840857E1	4.953841E4	7.536717E3	6.477235E1	8.205876E1
1.390000E1	2.780000E4	-1.050732E1	-2.641563E1	2.842867E1	4.956831E4	7.351234E3	7.652453E1	9.082327E1
1.390400E1	2.780800E4	3.531420E0	-2.786320E1	2.808610E1	4.959722E4	7.380276E3	9.056327E1	9.227085E1
1.390800E1	2.781600E4	1.652470E1	-2.165170E1	2.723714E1	4.962735E4	7.704167E3	1.035565E2	8.605934E1
1.391200E1	2.782400E4	2.432842E1	-9.408749E0	2.608441E1	4.965886E4	8.103897E3	1.113603E2	7.381639E1
1.391600E1	2.783200E4	2.525821E1	5.452830E0	2.584010E1	4.969218E4	8.248480E3	1.122901E2	5.895481E1
1.392000E1	2.784000E4	1.857300E1	1.847239E1	2.619514E1	4.972484E4	8.092512E3	1.056048E2	4.593525E1
1.392400E1	2.784800E4	6.113921E0	2.631952E1	2.702031E1	4.975692E4	7.732700E3	9.314577E1	3.808813E1
1.392800E1	2.785600E4	-8.029290E0	2.675283E1	2.793177E1	4.978671E4	7.418525E3	7.900256E1	3.765481E1
1.393200E1	2.786400E4	-2.053872E1	1.964743E1	2.842289E1	4.981627E4	7.392937E3	6.649313E1	4.476021E1
1.393600E1	2.787200E4	-2.765804E1	6.973140E0	2.852353E1	4.984585E4	7.523111E3	5.937381E1	5.743450E1
1.394000E1	2.788000E4	-2.724525E1	-8.047368E0	2.840887E1	4.987646E4	7.601721E3	5.978660E1	7.245501E1
1.394400E1	2.788800E4	-1.944306E1	-2.060600E1	2.833090E1	4.990666E4	7.485671E3	6.758879E1	8.501364E1
1.394800E1	2.789600E4	-6.720492E0	-2.765415E1	2.845905E1	4.993634E4	7.381617E3	8.031136E1	9.206180E1
1.395200E1	2.790400E4	7.588659E0	-2.696823E1	2.801558E1	4.996572E4	7.439609E3	9.462051E1	9.137587E1
1.395600E1	2.791200E4	1.928507E1	-1.871617E1	2.687394E1	4.999586E4	7.776493E3	1.063169E2	8.312381E1
1.396000E1	2.792000E4	2.533325E1	-5.417959E0	2.590614E1	5.002793E4	8.209102E3	1.123651E2	6.982560E1
1.396400E1	2.792800E4	2.401299E1	9.473739E0	2.581425E1	5.006153E4	8.264238E3	1.110448E2	5.493390E1
1.396800E1	2.793600E4	1.550604E1	2.137521E1	2.640713E1	5.009404E4	7.997521E3	1.025379E2	4.303244E1
1.397200E1	2.794400E4	2.139819E0	2.725389E1	2.733777E1	5.012551E4	7.635934E3	8.917167E1	3.715375E1
1.397600E1	2.795200E4	-1.195141E1	2.547933E1	2.814307E1	5.015513E4	7.422440E3	7.508044E1	3.892832E1
1.398000E1	2.796000E4	-2.317364E1	1.629264E1	2.832786E1	5.018489E4	7.468534E3	6.385820E1	4.811501E1
1.398400E1	2.796800E4	-2.816756E1	2.524887E0	2.828050E1	5.021488E4	7.555670E3	5.886428E1	6.188276E1
1.398800E1	2.797600E4	-2.561434E1	-1.212729E1	2.834018E1	5.024534E4	7.533901E3	6.141751E1	7.653494E1
1.399200E1	2.798400E4	-1.628522E1	-2.338692E1	2.849836E1	5.027515E4	7.422385E3	7.074663E1	8.779456E1
1.399600E1	2.799200E4	-2.597975E0	-2.808331E1	2.820322E1	5.030471E4	7.371520E3	8.443387E1	9.249095E1
1.400000E1	2.800000E4	1.127777E1	-2.518681E1	2.759644E1	5.033412E4	7.536639E3	9.830962E1	8.959445E1
1.400400E1	2.800800E4	2.178694E1	-1.525099E1	2.659443E1	5.036501E4	7.936798E3	1.088188E2	7.965863E1
1.400800E1	2.801600E4	2.597519E1	-1.081619E0	2.599770E1	5.039762E4	8.204376E3	1.130070E2	6.548926E1
1.401200E1	2.802400E4	2.256414E1	1.336713E1	2.622633E1	5.043064E4	8.178280E3	1.095960E2	5.104051E1
1.401600E1	2.803200E4	1.211540E1	2.382075E1	2.672473E1	5.046304E4	7.858363E3	9.914725E1	4.058689E1
1.402000E1	2.804000E4	-1.704341E0	2.778883E1	2.784105E1	5.049351E4	7.505159E3	8.532751E1	3.661881E1
1.402400E1	2.804800E4	-1.552849E1	2.383605E1	2.844805E1	5.052308E4	7.411567E3	7.150336E1	4.057159E1
1.402800E1	2.805600E4	-2.545482E1	1.308077E1	2.861913E1	5.055280E4	7.459178E3	6.157703E1	5.132687E1
1.403200E1	2.806400E4	-2.853254E1	-1.373756E0	2.856559E1	5.058276E4	7.533594E3	5.849931E1	6.578140E1
1.403600E1	2.807200E4	-2.379324E1	-1.549343E1	2.839304E1	5.061307E4	7.583332E3	6.323861E1	7.990107E1
1.404000E1	2.808000E4	-1.274762E1	-2.548212E1	2.849282E1	5.064342E4	7.427138E3	7.428422E1	8.988977E1
1.404400E1	2.808800E4	1.230231E0	-2.831252E1	2.833923E1	5.067249E4	7.403462E3	8.826208E1	9.272016E1
1.404800E1	2.809600E4	1.477661E1	-2.306043E1	2.738853E1	5.070265E4	7.697645E3	1.018085E2	8.746807E1
1.405200E1	2.810400E4	2.380270E1	-1.157379E1	2.646736E1	5.073407E4	7.970550E3	1.108345E2	7.598143E1
1.405600E1	2.811200E4	2.578893E1	2.899639E0	2.595143E1	5.076642E4	8.195382E3	1.128208E2	6.150800E1
1.406000E1	2.812000E4	2.022818E1	1.675340E1	2.626511E1	5.079963E4	8.131238E3	1.072600E2	4.765424E1
1.406400E1	2.812800E4	8.655954E0	2.581772E1	2.723014E1	5.083147E4	7.794109E3	9.568780E1	3.858992E1
1.406800E1	2.813600E4	-5.832704E0	2.747578E1	2.808805E1	5.086199E4	7.499337E3	8.119914E1	3.693187E1
1.407200E1	2.814400E4	-1.877609E1	2.125250E1	2.835860E1	5.089146E4	7.418618E3	6.825576E1	4.315514E1
1.407600E1	2.815200E4	-2.696178E1	9.108191E0	2.845869E1	5.092133E4	7.518644E3	6.007006E1	5.529945E1
1.408000E1	2.816000E4	-2.781719E1	-5.714599E0	2.839811E1	5.095161E4	7.591744E3	5.921465E1	7.012224E1
1.408400E1	2.816800E4	-2.113105E1	-1.907196E1	2.846508E1	5.098207E4	7.517059E3	6.590080E1	8.347960E1
1.408800E1	2.817600E4	-8.871190E0	-2.689556E1	2.832083E1	5.101175E4	7.355452E3	7.816066E1	9.130321E1
1.409200E1	2.818400E4	5.313788E0	-2.756395E1	2.807148E1	5.104091E4	7.391599E3	9.234564E1	9.197159E1
1.409600E1	2.819200E4	1.781631E1	-2.058350E1	2.722318E1	5.107088E4	7.686651E3	1.048482E2	8.499114E1
1.410000E1	2.820000E4	2.506404E1	-7.948447E0	2.629418E1	5.110240E4	8.096966E3	1.120959E2	7.235609E1
1.410400E1	2.820800E4	2.490826E1	6.979814E0	2.586773E1	5.113565E4	8.280954E3	1.119401E2	5.742783E1
1.410800E1	2.821600E4	1.741388E1	1.978868E1	2.635972E1	5.116865E4	8.089424E3	1.044457E2	4.461896E1
1.411200E1	2.822400E4	4.595305E0	2.708102E1	2.746813E1	5.120037E4	7.701256E3	9.162715E1	3.732663E1
1.411600E1	2.823200E4	-9.751592E0	2.641506E1	2.815757E1	5.123026E4	7.428293E3	7.728026E1	3.799259E1
1.412000E1	2.824000E4	-2.171796E1	1.835589E1	2.843604E1	5.125980E4	7.425221E3	6.531388E1	4.605175E1
1.412400E1	2.824800E4	-2.791946E1	5.091801E0	2.837997E1	5.128966E4	7.519936E3	5.911238E1	5.931584E1
1.412800E1	2.825600E4	-2.670535E1	-9.696312E0	2.841116E1	5.131996E4	7.573401E3	6.032650E1	7.410396E1
1.413200E1	2.826400E4	-1.828242E1	-2.198339E1	2.859224E1	5.135025E4	7.483650E3	6.874943E1	8.639104E1
1.413600E1	2.827200E4	-5.026010E0	-2.800180E1	2.844928E1	5.137982E4	7.370718E3	8.200584E1	9.240945E1
1.414000E1	2.828000E4	9.184249E0	-2.634803E1	2.790285E1	5.140922E4	7.504096E3	9.621610E1	9.075567E1
1.414400E1	2.828800E4	2.044827E1	-1.724519E1	2.674936E1	5.143986E4	7.850748E3	1.074801E2	8.165283E1
1.414800E1	2.829600E4	2.564954E1	-3.594200E0	2.590014E1	5.147202E4	8.145172E3	1.126814E2	6.800184E1
1.415200E1	2.830400E4	2.336220E1	1.090318E1	2.578123E1	5.150502E4	8.214198E3	1.103941E2	5.350446E1
1.415600E1	2.831200E4	1.418208E1	2.246579E1	2.656771E1	5.153774E4	7.947561E3	1.012139E2	4.194185E1
1.416000E1	2.832000E4	6.724266E-1	2.749498E1	2.750320E1	5.156860E4	7.538780E3	8.770427E1	3.691267E1
1.416400E1	2.832800E4	-1.325123E1	2.487262E1	2.818231E1	5.159805E4	7.403612E3	7.378062E1	3.953502E1
1.416800E1	2.833600E4	-2.401566E1	1.510713E1	2.837212E1	5.162783E4	7.473582E3	6.301618E1	4.930052E1
1.417200E1	2.834400E4	-2.828351E1	1.068886E0	2.830370E1	5.165784E4	7.571443E3	5.874834E1	6.333876E1
1.417600E1	2.835200E4	-2.485367E1	-1.343803E1	2.825395E1	5.168840E4	7.577875E3	6.217818E1	7.784568E1
1.418000E1	2.836000E4	-1.491883E1	-2.430598E1	2.851933E1	5.171846E4	7.429602E3	7.211302E1	8.871362E1
1.418400E1	2.836800E4	-1.065252E0	-2.819485E1	2.821496E1	5.174784E4	7.378246E3	8.596660E1	9.260249E1
1.418800E1	2.837600E4	1.271984E1	-2.445054E1	2.756126E1	5.177748E4	7.561073E3	9.975169E1	8.885818E1
1.419200E1	2.838400E4	2.274606E1	-1.403462E1	2.672740E1	5.180832E4	7.906531E3	1.097779E2	7.844226E1
1.419600E1	2.839200E4	2.607410E1	3.353805E-1	2.607626E1	5.184074E4	8.173419E3	1.131059E2	6.407226E1
1.420000E1	2.840000E4	2.172485E1	1.449537E1	2.611676E1	5.187371E4	8.113916E3	1.087567E2	4.991227E1
1.420400E1	2.840800E4	1.104862E1	2.441119E1	2.679512E1	5.190565E4	7.833953E3	9.808047E1	3.999645E1
1.420800E1	2.841600E4	-3.071230E0	2.745050E1	2.762177E1	5.193638E4	7.579110E3	8.396062E1	3.695715E1
1.421200E1	2.842400E4	-1.664653E1	2.267715E1	2.813112E1	5.196628E4	7.454870E3	7.038531E1	4.173049E1
1.421600E1	2.843200E4	-2.586424E1	1.150317E1	2.830692E1	5.199602E4	7.514726E3	6.116761E1	5.290447E1
1.422000E1	2.844000E4	-2.808967E1	-3.150239E0	2.826577E1	5.202640E4	7.588036E3	5.894217E1	6.755788E1
1.422400E1	2.844800E4	-2.271208E1	-1.694578E1	2.833722E1	5.205673E4	7.523913E3	6.431976E1	8.135342E1
1.422800E1	2.845600E4	-1.131210E1	-2.612851E1	2.847214E1	5.208659E4	7.402782E3	7.571975E1	9.053615E1
1.423200E1	2.846400E4	2.907901E0	-2.790410E1	2.805521E1	5.211595E4	7.420656E3	8.993975E1	9.231174E1
1.423600E1	2.847200E4	1.606289E1	-2.214482E1	2.735707E1	5.214596E4	7.691074E3	1.030947E2	8.655246E1
1.424000E1	2.848000E4	2.432215E1	-1.008554E1	2.633031E1	5.217748E4	8.055146E3	1.113540E2	7.449318E1
1.424400E1	2.848800E4	2.542195E1	4.664274E0	2.584630E1	5.221040E4	8.254866E3	1.124538E2	5.974337E1
1.424800E1	2.849600E4	1.907144E1	1.810880E1	2.629921E1	5.224352E4	8.075869E3	1.061033E2	4.629885E1
1.425200E1	2.850400E4	7.039681E0	2.627910E1	2.720566E1	5.227500E4	7.662157E3	9.407153E1	3.812855E1
1.425600E1	2.851200E4	-7.177954E0	2.714038E1	2.807353E1	5.230481E4	7.439725E3	7.985389E1	3.726726E1
1.426000E1	2.852000E4	-1.984972E1	2.018412E1	2.830919E1	5.233452E4	7.438180E3	6.718213E1	4.422353E1
1.426400E1	2.852800E4	-2.734293E1	7.675677E0	2.839985E1	5.236432E4	7.487518E3	5.968892E1	5.673197E1
1.426800E1	2.853600E4	-2.750144E1	-7.072208E0	2.839622E1	5.239442E4	7.552854E3	5.953041E1	7.147985E1
1.427200E1	2.854400E4	-2.022078E1	-2.003977E1	2.846880E1	5.242474E4	7.511644E3	6.681106E1	8.444742E1
1.427600E1	2.855200E4	-7.564305E0	-2.730325E1	2.833172E1	5.245451E4	7.407063E3	7.946754E1	9.171090E1
1.428000E1	2.856000E4	6.720934E0	-2.695839E1	2.778355E1	5.248400E4	7.499047E3	9.375278E1	9.136603E1
1.428400E1	2.856800E4	1.893802E1	-1.926669E1	2.701581E1	5.251451E4	7.817229E3	1.059699E2	8.367434E1
1.428800E1	2.857600E4	2.538251E1	-6.076589E0	2.609974E1	5.254654E4	8.130909E3	1.124144E2	7.048423E1
1.429200E1	2.858400E4	2.439232E1	8.663834E0	2.588527E1	5.257955E4	8.240831E3	1.114242E2	5.574381E1
1.429600E1	2.859200E4	1.619144E1	2.107320E1	2.657522E1	5.261246E4	7.965429E3	1.032233E2	4.333445E1
1.430000E1	2.860000E4	3.227072E0	2.737920E1	2.756873E1	5.264328E4	7.556545E3	9.025892E1	3.702844E1
1.430400E1	2.860800E4	-1.097627E1	2.596456E1	2.818930E1	5.267292E4	7.418884E3	7.605558E1	3.844308E1
1.430800E1	2.861600E4	-2.263399E1	1.728692E1	2.848044E1	5.270263E4	7.448983E3	6.439786E1	4.712072E1
1.431200E1	2.862400E4	-2.816091E1	3.703647E0	2.840341E1	5.273251E4	7.532078E3	5.887094E1	6.070400E1
1.431600E1	2.863200E4	-2.605999E1	-1.100040E1	2.828661E1	5.276289E4	7.590711E3	6.097185E1	7.540805E1
1.432000E1	2.864000E4	-1.697706E1	-2.272122E1	2.836325E1	5.279323E4	7.460507E3	7.005479E1	8.712886E1
1.432400E1	2.864800E4	-3.667211E0	-2.811900E1	2.835712E1	5.282257E4	7.326739E3	8.336464E1	9.252664E1
1.432800E1	2.865600E4	1.032816E1	-2.576066E1	2.775396E1	5.285185E4	7.473671E3	9.736001E1	9.016830E1
1.433200E1	2.866400E4	2.114178E1	-1.630552E1	2.669916E1	5.288236E4	7.890576E3	1.081736E2	8.071316E1
1.433600E1	2.867200E4	2.585315E1	-2.274671E0	2.595302E1	5.291497E4	8.222213E3	1.128850E2	6.668231E1
1.434000E1	2.868000E4	2.299718E1	1.229825E1	2.607906E1	5.294814E4	8.164758E3	1.100290E2	5.210939E1
1.434400E1	2.868800E4	1.324456E1	2.321066E1	2.672364E1	5.298029E4	7.882946E3	1.002764E2	4.119698E1
1.434800E1	2.869600E4	-5.787141E-1	2.762283E1	2.762889E1	5.301120E4	7.561014E3	8.645313E1	3.678482E1
1.435200E1	2.870400E4	-1.451934E1	2.437771E1	2.837400E1	5.304078E4	7.431627E3	7.251251E1	4.002994E1
1.435600E1	2.871200E4	-2.485189E1	1.397293E1	2.851069E1	5.307065E4	7.458448E3	6.217995E1	5.043472E1
1.436000E1	2.872000E4	-2.840300E1	-2.208881E-1	2.840386E1	5.310045E4	7.506045E3	5.862885E1	6.462853E1
1.436400E1	2.872800E4	-2.442710E1	-1.450466E1	2.840895E1	5.313070E4	7.522952E3	6.260475E1	7.891230E1
1.436800E1	2.873600E4	-1.399168E1	-2.486084E1	2.852768E1	5.316063E4	7.432082E3	7.304017E1	8.926848E1
1.437200E1	2.874400E4	7.788943E-2	-2.820302E1	2.820313E1	5.319016E4	7.426183E3	8.710974E1	9.261066E1
1.437600E1	2.875200E4	1.374216E1	-2.376508E1	2.745225E1	5.322004E4	7.623451E3	1.007740E2	8.817272E1
1.438000E1	2.876000E4	2.330812E1	-1.284245E1	2.661197E1	5.325115E4	7.964766E3	1.103400E2	7.725009E1
1.438400E1	2.876800E4	2.574538E1	1.690503E0	2.580082E1	5.328376E4	8.228722E3	1.127772E2	6.271714E1
1.438800E1	2.877600E4	2.090637E1	1.574014E1	2.616923E1	5.331698E4	8.158594E3	1.079382E2	4.866750E1
1.439200E1	2.878400E4	9.725173E0	2.536873E1	2.716895E1	5.334903E4	7.768318E3	9.675702E1	3.903891E1
1.439600E1	2.879200E4	-4.411091E0	2.747129E1	2.782319E1	5.337912E4	7.500875E3	8.262076E1	3.693635E1
1.440000E1	2.880000E4	-1.779360E1	2.194777E1	2.825449E1	5.340903E4	7.470946E3	6.923825E1	4.245988E1
1.440400E1	2.880800E4	-2.654521E1	1.024841E1	2.845485E1	5.343889E4	7.504680E3	6.048663E1	5.415923E1
1.440800E1	2.881600E4	-2.803466E1	-4.475358E0	2.838963E1	5.346907E4	7.579714E3	5.899719E1	6.888300E1
1.441200E1	2.882400E4	-2.195092E1	-1.811261E1	2.845890E1	5.349953E4	7.485167E3	6.508093E1	8.252025E1
1.441600E1	2.883200E4	-1.023605E1	-2.659825E1	2.849989E1	5.352895E4	7.351206E3	7.679579E1	9.100590E1
1.442000E1	2.884000E4	4.096608E0	-2.795450E1	2.825307E1	5.355834E4	7.426499E3	9.112846E1	9.236214E1
1.442400E1	2.884800E4	1.692756E1	-2.138539E1	2.727411E1	5.358836E4	7.720400E3	1.039594E2	8.579303E1
1.442800E1	2.885600E4	2.471227E1	-8.945571E0	2.628154E1	5.362010E4	8.066477E3	1.117441E2	7.335321E1
1.443200E1	2.886400E4	2.532951E1	5.798962E0	2.598484E1	5.365290E4	8.240335E3	1.123614E2	5.860868E1
1.443600E1	2.887200E4	1.834489E1	1.901195E1	2.641949E1	5.368602E4	8.061972E3	1.053767E2	4.539570E1
1.444000E1	2.888000E4	5.978173E0	2.672485E1	2.738533E1	5.371739E4	7.630912E3	9.301002E1	3.768279E1
1.444400E1	2.888800E4	-8.288955E0	2.699350E1	2.823749E1	5.374707E4	7.382264E3	7.874289E1	3.741415E1
1.444800E1	2.889600E4	-2.059080E1	1.957480E1	2.841046E1	5.377645E4	7.408884E3	6.644104E1	4.483284E1
1.445200E1	2.890400E4	-2.770824E1	6.733364E0	2.851464E1	5.380634E4	7.511874E3	5.932361E1	5.767428E1
1.445600E1	2.891200E4	-2.722182E1	-8.086213E0	2.839743E1	5.383654E4	7.578473E3	5.981003E1	7.249386E1
1.446000E1	2.892000E4	-1.932475E1	-2.070088E1	2.831912E1	5.386697E4	7.498650E3	6.770710E1	8.510853E1
1.446400E1	2.892800E4	-6.613365E0	-2.761714E1	2.839794E1	5.389653E4	7.349003E3	8.041848E1	9.202478E1
1.446800E1	2.893600E4	7.607518E0	-2.695415E1	2.800715E1	5.392576E4	7.425595E3	9.463936E1	9.136179E1
1.447200E1	2.894400E4	1.929093E1	-1.866944E1	2.684563E1	5.395594E4	7.810032E3	1.063228E2	8.307709E1
1.447600E1	2.895200E4	2.539916E1	-5.287007E0	2.594359E1	5.398824E4	8.200042E3	1.124310E2	6.969465E1
1.448000E1	2.896000E4	2.394368E1	9.450161E0	2.574113E1	5.402154E4	8.211891E3	1.109755E2	5.495748E1
1.448400E1	2.896800E4	1.558225E1	2.139725E1	2.646977E1	5.405394E4	7.956132E3	1.026141E2	4.301040E1
1.448800E1	2.897600E4	2.292810E0	2.723225E1	2.732860E1	5.408519E4	7.654738E3	8.932466E1	3.717539E1
1.449200E1	2.898400E4	-1.195741E1	2.544026E1	2.811025E1	5.411517E4	7.434846E3	7.507443E1	3.896739E1
1.449600E1	2.899200E4	-2.314568E1	1.640861E1	2.837191E1	5.414467E4	7.416790E3	6.388616E1	4.799903E1
1.450000E1	2.900000E4	-2.816421E1	2.707561E0	2.829405E1	5.417451E4	7.506030E3	5.886764E1	6.170008E1
1.450400E1	2.900800E4	-2.567420E1	-1.181661E1	2.826299E1	5.420471E4	7.518939E3	6.135765E1	7.622425E1
1.450800E1	2.901600E4	-1.644893E1	-2.319754E1	2.843753E1	5.423466E4	7.406831E3	7.058291E1	8.760518E1
1.451200E1	2.902400E4	-2.967890E0	-2.809139E1	2.824773E1	5.426397E4	7.346504E3	8.406396E1	9.249903E1
1.451600E1	2.903200E4	1.097402E1	-2.532030E1	2.759613E1	5.429343E4	7.535593E3	9.800587E1	8.972794E1
1.452000E1	2.904000E4	2.161507E1	-1.555847E1	2.663226E1	5.432425E4	7.842794E3	1.086469E2	7.996612E1
1.452400E1	2.904800E4	2.581993E1	-1.726432E0	2.587758E1	5.435617E4	8.158179E3	1.128518E2	6.613407E1
1.452800E1	2.905600E4	2.257385E1	1.278165E1	2.594126E1	5.438952E4	8.251996E3	1.096057E2	5.162600E1
1.453200E1	2.906400E4	1.250026E1	2.369945E1	2.679404E1	5.442219E4	7.905500E3	9.953211E1	4.070819E1
1.453600E1	2.907200E4	-1.342771E0	2.782135E1	2.785373E1	5.445276E4	7.493425E3	8.568908E1	3.658629E1
1.454000E1	2.908000E4	-1.521125E1	2.421311E1	2.859470E1	5.448214E4	7.354460E3	7.182059E1	4.019454E1
1.454400E1	2.908800E4	-2.505282E1	1.354666E1	2.848080E1	5.451160E4	7.450208E3	6.197902E1	5.086099E1
1.454800E1	2.909600E4	-2.830716E1	-8.597592E-1	2.832021E1	5.454174E4	7.578029E3	5.872469E1	6.526740E1
1.455200E1	2.910400E4	-2.395068E1	-1.509603E1	2.831122E1	5.457222E4	7.531209E3	6.308117E1	7.950367E1
1.455600E1	2.911200E4	-1.333308E1	-2.506463E1	2.839026E1	5.460199E4	7.329897E3	7.369877E1	8.947228E1
1.456000E1	2.912000E4	4.237698E-1	-2.815660E1	2.815979E1	5.463086E4	7.342438E3	8.745562E1	9.256424E1
1.456400E1	2.912800E4	1.395783E1	-2.348072E1	2.731603E1	5.466073E4	7.593596E3	1.009897E2	8.788836E1
1.456800E1	2.913600E4	2.331013E1	-1.259794E1	2.649661E1	5.469161E4	7.912674E3	1.103420E2	7.700558E1
1.457200E1	2.914400E4	2.576864E1	1.815589E0	2.583252E1	5.472403E4	8.209252E3	1.128005E2	6.259205E1
1.457600E1	2.915200E4	2.076927E1	1.581339E1	2.610414E1	5.475729E4	8.141511E3	1.078011E2	4.859426E1
1.458000E1	2.916000E4	9.639051E0	2.532482E1	2.709719E1	5.478916E4	7.793663E3	9.667090E1	3.908283E1
1.458400E1	2.916800E4	-4.673299E0	2.752981E1	2.792365E1	5.481963E4	7.490032E3	8.235855E1	3.687783E1
1.458800E1	2.917600E4	-1.785690E1	2.198655E1	2.832450E1	5.484908E4	7.369605E3	6.917495E1	4.242109E1
1.459200E1	2.918400E4	-2.646702E1	1.037701E1	2.842860E1	5.487859E4	7.475469E3	6.056483E1	5.403064E1
1.459600E1	2.919200E4	-2.810002E1	-4.393482E0	2.844141E1	5.490889E4	7.549770E3	5.893182E1	6.880113E1
1.460000E1	2.920000E4	-2.199436E1	-1.780391E1	2.829719E1	5.493899E4	7.479882E3	6.503749E1	8.221156E1
1.460400E1	2.920800E4	-1.032873E1	-2.652655E1	2.846648E1	5.496873E4	7.345030E3	7.670312E1	9.093420E1
1.460800E1	2.921600E4	3.802051E0	-2.793842E1	2.819594E1	5.499775E4	7.396903E3	9.083390E1	9.234606E1
1.461200E1	2.922400E4	1.675901E1	-2.152742E1	2.728176E1	5.502790E4	7.681551E3	1.037909E2	8.593507E1
1.461600E1	2.923200E4	2.467433E1	-9.371913E0	2.639423E1	5.505920E4	8.053645E3	1.117062E2	7.377956E1
1.462000E1	2.924000E4	2.527732E1	5.525109E0	2.587411E1	5.509233E4	8.214129E3	1.123092E2	5.888253E1
1.462400E1	2.924800E4	1.853725E1	1.848235E1	2.617684E1	5.512492E4	8.021338E3	1.055691E2	4.592529E1
1.462800E1	2.925600E4	6.315719E0	2.630783E1	2.705532E1	5.515650E4	7.690253E3	9.334757E1	3.809981E1
1.463200E1	2.926400E4	-7.895743E0	2.676351E1	2.790391E1	5.518644E4	7.409178E3	7.913610E1	3.764413E1
1.463600E1	2.927200E4	-2.030568E1	1.976441E1	2.833642E1	5.521577E4	7.386731E3	6.672617E1	4.464323E1
1.464000E1	2.928000E4	-2.736574E1	7.061516E0	2.826214E1	5.524553E4	7.516304E3	5.966611E1	5.734613E1
1.464400E1	2.928800E4	-2.727511E1	-7.771753E0	2.836074E1	5.527590E4	7.583120E3	5.975674E1	7.217940E1
1.464800E1	2.929600E4	-1.963353E1	-2.047070E1	2.836415E1	5.530620E4	7.464753E3	6.739831E1	8.487834E1
1.465200E1	2.930400E4	-7.073112E0	-2.759266E1	2.848480E1	5.533562E4	7.342799E3	7.995874E1	9.200031E1
1.465600E1	2.931200E4	7.231774E0	-2.710615E1	2.805427E1	5.536494E4	7.409709E3	9.426362E1	9.151379E1
1.466000E1	2.932000E4	1.909558E1	-1.916233E1	2.705247E1	5.539490E4	7.747854E3	1.061274E2	8.356997E1
1.466400E1	2.932800E4	2.543836E1	-5.909822E0	2.611583E1	5.542692E4	8.130890E3	1.124702E2	7.031747E1
1.466800E1	2.933600E4	2.425600E1	8.803138E0	2.580405E1	5.545995E4	8.216528E3	1.112879E2	5.560451E1
1.467200E1	2.934400E4	1.608026E1	2.107272E1	2.650725E1	5.549265E4	7.948846E3	1.031121E2	4.333492E1
1.467600E1	2.935200E4	3.097043E0	2.734330E1	2.751813E1	5.552354E4	7.544207E3	9.012889E1	3.706434E1
1.468000E1	2.936000E4	-1.101964E1	2.595186E1	2.819453E1	5.555301E4	7.399695E3	7.601221E1	3.845578E1
1.468400E1	2.936800E4	-2.258230E1	1.718101E1	2.837511E1	5.558274E4	7.446415E3	6.444955E1	4.722664E1
1.468800E1	2.937600E4	-2.815964E1	3.668149E0	2.839755E1	5.561258E4	7.497041E3	5.887220E1	6.073949E1
1.469200E1	2.938400E4	-2.606314E1	-1.090876E1	2.825400E1	5.564271E4	7.550600E3	6.096871E1	7.531641E1
1.469600E1	2.939200E4	-1.706764E1	-2.263562E1	2.834917E1	5.567298E4	7.468446E3	6.996421E1	8.704326E1
1.470000E1	2.940000E4	-3.731374E0	-2.818817E1	2.843406E1	5.570246E4	7.337888E3	8.330047E1	9.259581E1
1.470400E1	2.940800E4	1.021964E1	-2.569885E1	2.765632E1	5.573169E4	7.450807E3	9.725149E1	9.010650E1
1.470800E1	2.941600E4	2.113908E1	-1.647658E1	2.680184E1	5.576207E4	7.777876E3	1.081709E2	8.088422E1
1.471200E1	2.942400E4	2.591208E1	-2.764992E0	2.605918E1	5.579391E4	8.115580E3	1.129439E2	6.717263E1
1.471600E1	2.943200E4	2.309123E1	1.176074E1	2.591370E1	5.582699E4	8.236558E3	1.101231E2	5.264691E1
1.472000E1	2.944000E4	1.343143E1	2.307906E1	2.670293E1	5.585980E4	7.951654E3	1.004633E2	4.132858E1
1.472400E1	2.944800E4	-2.917377E-1	2.768651E1	2.768805E1	5.589060E4	7.465849E3	8.674011E1	3.672113E1
1.472800E1	2.945600E4	-1.396980E1	2.466293E1	2.834458E1	5.591953E4	7.337520E3	7.306205E1	3.974471E1
1.473200E1	2.946400E4	-2.445817E1	1.451996E1	2.844347E1	5.594930E4	7.505157E3	6.257368E1	4.988768E1
1.473600E1	2.947200E4	-2.839327E1	2.132303E-1	2.839407E1	5.597957E4	7.551431E3	5.863858E1	6.419441E1
1.474000E1	2.948000E4	-2.474633E1	-1.412383E1	2.849322E1	5.600972E4	7.453294E3	6.228551E1	7.853148E1
1.474400E1	2.948800E4	-1.460826E1	-2.450177E1	2.852609E1	5.603920E4	7.357242E3	7.242359E1	8.890941E1
1.474800E1	2.949600E4	-7.057167E-1	-2.833465E1	2.834343E1	5.606857E4	7.385413E3	8.632613E1	9.274229E1
1.475200E1	2.950400E4	1.300299E1	-2.417000E1	2.744570E1	5.609828E4	7.574625E3	1.000348E2	8.857764E1
1.475600E1	2.951200E4	2.276553E1	-1.358700E1	2.651181E1	5.612917E4	7.917171E3	1.097974E2	7.799465E1
1.476000E1	2.952000E4	2.589521E1	7.308942E-1	2.590552E1	5.616162E4	8.204130E3	1.129271E2	6.367675E1
1.476400E1	2.952800E4	2.143738E1	1.490120E1	2.610760E1	5.619480E4	8.179996E3	1.084692E2	4.950645E1
1.476800E1	2.953600E4	1.047537E1	2.474651E1	2.687235E1	5.622706E4	7.787396E3	9.750722E1	3.966114E1
1.477200E1	2.954400E4	-3.466007E0	2.781702E1	2.803212E1	5.625710E4	7.420250E3	8.356584E1	3.659063E1
1.477600E1	2.955200E4	-1.698171E1	2.301769E1	2.860407E1	5.628642E4	7.340263E3	7.005014E1	4.138995E1
1.478000E1	2.956000E4	-2.599534E1	1.166937E1	2.849442E1	5.631582E4	7.442385E3	6.103650E1	5.273827E1
1.478400E1	2.956800E4	-2.808503E1	-2.930938E0	2.823755E1	5.634596E4	7.546616E3	5.894682E1	6.733858E1
1.478800E1	2.957600E4	-2.277800E1	-1.666945E1	2.822602E1	5.637620E4	7.505568E3	6.425384E1	8.107709E1
1.479200E1	2.958400E4	-1.160044E1	-2.605787E1	2.852338E1	5.640600E4	7.342830E3	7.543141E1	9.046552E1
1.479600E1	2.959200E4	2.424274E0	-2.804705E1	2.815163E1	5.643494E4	7.322885E3	8.945612E1	9.245469E1
1.480000E1	2.960000E4	1.543544E1	-2.238713E1	2.719258E1	5.646459E4	7.669957E3	1.024673E2	8.679477E1
1.480400E1	2.960800E4	2.397236E1	-1.052323E1	2.618038E1	5.649630E4	8.019043E3	1.110042E2	7.493087E1
1.480800E1	2.961600E4	2.546490E1	3.913857E0	2.576392E1	5.652874E4	8.184190E3	1.124968E2	6.049379E1
1.481200E1	2.962400E4	1.952420E1	1.744030E1	2.617935E1	5.656177E4	8.085370E3	1.065560E2	4.696735E1
1.481600E1	2.963200E4	7.692154E0	2.583695E1	2.695770E1	5.659342E4	7.653042E3	9.472400E1	3.857069E1
1.482000E1	2.964000E4	-6.301017E0	2.729781E1	2.801559E1	5.662300E4	7.355635E3	8.073083E1	3.710984E1
1.482400E1	2.964800E4	-1.906794E1	2.098054E1	2.835083E1	5.665227E4	7.381067E3	6.796390E1	4.342710E1
1.482800E1	2.965600E4	-2.694769E1	8.731823E0	2.832706E1	5.668205E4	7.453812E3	6.008416E1	5.567582E1
1.483200E1	2.966400E4	-2.747822E1	-5.788715E0	2.808135E1	5.671190E4	7.539819E3	5.955362E1	7.019636E1
1.483600E1	2.967200E4	-2.100878E1	-1.915996E1	2.843366E1	5.674236E4	7.479811E3	6.602307E1	8.356760E1
1.484000E1	2.968000E4	-8.885503E0	-2.692209E1	2.835051E1	5.677173E4	7.315504E3	7.814634E1	9.132974E1
1.484400E1	2.968800E4	5.293024E0	-2.751532E1	2.801979E1	5.680089E4	7.334958E3	9.232487E1	9.192296E1
1.484800E1	2.969600E4	1.767489E1	-2.075732E1	2.726295E1	5.683041E4	7.636816E3	1.047067E2	8.516497E1
1.485200E1	2.970400E4	2.476774E1	-8.055506E0	2.604481E1	5.686198E4	8.078580E3	1.117996E2	7.246315E1
1.485600E1	2.971200E4	2.488536E1	6.688075E0	2.576842E1	5.689504E4	8.232181E3	1.119172E2	5.771957E1
1.486000E1	2.972000E4	1.772311E1	1.957383E1	2.640536E1	5.692784E4	7.963294E3	1.047550E2	4.483382E1
1.486400E1	2.972800E4	5.361952E0	2.695498E1	2.748312E1	5.695875E4	7.567583E3	9.239380E1	3.745266E1
1.486800E1	2.973600E4	-8.905843E0	2.680097E1	2.824192E1	5.698838E4	7.366868E3	7.812600E1	3.760668E1
1.487200E1	2.974400E4	-2.103396E1	1.914991E1	2.844550E1	5.701768E4	7.411903E3	6.599789E1	4.525773E1
1.487600E1	2.975200E4	-2.774244E1	6.060676E0	2.839674E1	5.704768E4	7.535906E3	5.928941E1	5.834697E1
1.488000E1	2.976000E4	-2.685509E1	-8.711052E0	2.823257E1	5.707797E4	7.538855E3	6.017676E1	7.311869E1
1.488400E1	2.976800E4	-1.904958E1	-2.114742E1	2.846225E1	5.710799E4	7.435049E3	6.798227E1	8.555506E1
1.488800E1	2.977600E4	-6.148691E0	-2.762547E1	2.830147E1	5.713745E4	7.342107E3	8.088316E1	9.203311E1
1.489200E1	2.978400E4	8.062976E0	-2.683386E1	2.801906E1	5.716672E4	7.395753E3	9.509482E1	9.124150E1
1.489600E1	2.979200E4	1.964438E1	-1.856505E1	2.702892E1	5.719662E4	7.684871E3	1.066762E2	8.297269E1
1.490000E1	2.980000E4	2.536368E1	-5.297217E0	2.591094E1	5.722820E4	8.129479E3	1.123955E2	6.970486E1
1.490400E1	2.980800E4	2.396294E1	9.513677E0	2.578241E1	5.726165E4	8.193200E3	1.109948E2	5.489397E1
1.490800E1	2.981600E4	1.559646E1	2.127004E1	2.637544E1	5.729375E4	7.921484E3	1.026283E2	4.313761E1
1.491200E1	2.982400E4	2.371282E0	2.724493E1	2.734793E1	5.732503E4	7.625068E3	8.940313E1	3.716271E1
1.491600E1	2.983200E4	-1.177431E1	2.554109E1	2.812440E1	5.735475E4	7.374092E3	7.525754E1	3.886655E1
1.492000E1	2.984000E4	-2.295106E1	1.666361E1	2.836242E1	5.738402E4	7.355351E3	6.408079E1	4.774404E1
1.492400E1	2.984800E4	-2.814383E1	3.160684E0	2.832076E1	5.741359E4	7.474549E3	5.888801E1	6.124696E1
1.492800E1	2.985600E4	-2.581777E1	-1.139500E1	2.822062E1	5.744381E4	7.486254E3	6.121408E1	7.580265E1
1.493200E1	2.986400E4	-1.686962E1	-2.278325E1	2.834891E1	5.747348E4	7.368911E3	7.016223E1	8.719090E1
1.493600E1	2.987200E4	-3.564189E0	-2.808010E1	2.830540E1	5.750277E4	7.297424E3	8.346766E1	9.248775E1
1.494000E1	2.988000E4	1.032360E1	-2.573046E1	2.772423E1	5.753186E4	7.443138E3	9.735545E1	9.013810E1
1.494400E1	2.988800E4	2.116120E1	-1.634859E1	2.674085E1	5.756231E4	7.854163E3	1.081931E2	8.075623E1
1.494800E1	2.989600E4	2.578517E1	-2.394290E0	2.589609E1	5.759469E4	8.175972E3	1.128170E2	6.680193E1
1.495200E1	2.990400E4	2.306443E1	1.211888E1	2.605447E1	5.762772E4	8.139285E3	1.100963E2	5.228876E1
1.495600E1	2.991200E4	1.348444E1	2.317721E1	2.681442E1	5.765981E4	7.806651E3	1.005163E2	4.123043E1
1.496000E1	2.992000E4	-8.335007E-2	2.772371E1	2.772383E1	5.769017E4	7.426851E3	8.694850E1	3.668394E1
1.496400E1	2.992800E4	-1.387697E1	2.480542E1	2.842321E1	5.771922E4	7.344032E3	7.315488E1	3.960222E1
1.496800E1	2.993600E4	-2.442695E1	1.472103E1	2.851990E1	5.774892E4	7.418781E3	6.260489E1	4.968661E1
1.497200E1	2.994400E4	-2.847109E1	7.085816E-1	2.847990E1	5.777857E4	7.458816E3	5.856076E1	6.369906E1
1.497600E1	2.995200E4	-2.485902E1	-1.355078E1	2.831244E1	5.780860E4	7.502373E3	6.217283E1	7.795843E1
1.498000E1	2.996000E4	-1.482707E1	-2.428426E1	2.845289E1	5.783859E4	7.409063E3	7.220478E1	8.869190E1
1.498400E1	2.996800E4	-1.046755E0	-2.811165E1	2.813113E1	5.786787E4	7.346890E3	8.598509E1	9.251930E1
1.498800E1	2.997600E4	1.264893E1	-2.443520E1	2.751499E1	5.789737E4	7.538695E3	9.968078E1	8.884285E1
1.499200E1	2.998400E4	2.240207E1	-1.390227E1	2.636523E1	5.792818E4	7.859334E3	1.094339E2	7.830991E1
1.499600E1	2.999200E4	2.575645E1	1.092823E-1	2.575668E1	5.796024E4	8.123905E3	1.127883E2	6.429836E1
1.500000E1	3.000000E4	2.178980E1	1.424165E1	2.603114E1	5.799317E4	8.086425E3	1.088216E2	5.016599E1
1.500400E1	3.000800E4	1.134528E1	2.425760E1	2.677959E1	5.802493E4	7.776672E3	9.837713E1	4.015005E1
1.500800E1	3.001600E4	-2.599092E0	2.758950E1	2.771165E1	5.805538E4	7.471549E3	8.443276E1	3.681814E1
1.501200E1	3.002400E4	-1.620059E1	2.339060E1	2.845311E1	5.808471E4	7.351826E3	7.083126E1	4.101704E1
1.501600E1	3.003200E4	-2.555770E1	1.235710E1	2.838827E1	5.811420E4	7.430840E3	6.147415E1	5.205054E1
1.502000E1	3.004000E4	-2.833713E1	-2.057888E0	2.841176E1	5.814415E4	7.473562E3	5.869471E1	6.646553E1
1.502400E1	3.004800E4	-2.356066E1	-1.588279E1	2.841422E1	5.817398E4	7.447427E3	6.347119E1	8.029043E1
1.502800E1	3.005600E4	-1.261779E1	-2.556726E1	2.851129E1	5.820373E4	7.314308E3	7.441406E1	8.997490E1
1.503200E1	3.006400E4	1.233335E0	-2.825617E1	2.828307E1	5.823250E4	7.281900E3	8.826518E1	9.266381E1
1.503600E1	3.007200E4	1.450070E1	-2.321657E1	2.737296E1	5.826199E4	7.582616E3	1.015325E2	8.762421E1
1.504000E1	3.008000E4	2.341195E1	-1.184664E1	2.623856E1	5.829316E4	7.997349E3	1.104438E2	7.625428E1
1.504400E1	3.008800E4	2.546674E1	2.661847E0	2.560547E1	5.832597E4	8.219895E3	1.124986E2	6.174580E1
1.504800E1	3.009600E4	2.027667E1	1.637253E1	2.606153E1	5.835892E4	8.046286E3	1.073085E2	4.803511E1
1.505200E1	3.010400E4	9.078376E0	2.540706E1	2.698028E1	5.839034E4	7.656264E3	9.611022E1	3.900059E1
1.505600E1	3.011200E4	-4.917113E0	2.741195E1	2.784947E1	5.842017E4	7.383260E3	8.211473E1	3.699570E1
1.506000E1	3.012000E4	-1.790526E1	2.179558E1	2.820720E1	5.844940E4	7.328646E3	6.912658E1	4.261206E1
1.506400E1	3.012800E4	-2.642646E1	1.025087E1	2.834499E1	5.847880E4	7.426945E3	6.060539E1	5.415677E1
1.506800E1	3.013600E4	-2.807633E1	-4.355959E0	2.841223E1	5.850882E4	7.482747E3	5.895552E1	6.876360E1
1.507200E1	3.014400E4	-2.209724E1	-1.767830E1	2.829859E1	5.853866E4	7.429014E3	6.493461E1	8.208595E1
1.507600E1	3.015200E4	-1.053830E1	-2.641588E1	2.844036E1	5.856825E4	7.299050E3	7.649355E1	9.082352E1
1.508000E1	3.016000E4	3.441897E0	-2.781916E1	2.803128E1	5.859705E4	7.331112E3	9.047374E1	9.222681E1
1.508400E1	3.016800E4	1.637124E1	-2.180448E1	2.726633E1	5.862690E4	7.621564E3	1.034031E2	8.621212E1
1.508800E1	3.017600E4	2.426342E1	-9.790483E0	2.616423E1	5.865803E4	7.970630E3	1.112953E2	7.419813E1
1.509200E1	3.018400E4	2.528838E1	4.762293E0	2.573289E1	5.869067E4	8.184823E3	1.123202E2	5.964535E1
1.509600E1	3.019200E4	1.896769E1	1.800225E1	2.615061E1	5.872350E4	8.004508E3	1.059995E2	4.640539E1
1.510000E1	3.020000E4	7.174776E0	2.622848E1	2.719210E1	5.875470E4	7.604359E3	9.420662E1	3.817916E1
1.510400E1	3.020800E4	-6.943448E0	2.716301E1	2.803641E1	5.878434E4	7.373047E3	8.008840E1	3.724463E1
1.510800E1	3.021600E4	-1.960704E1	2.052804E1	2.838725E1	5.881369E4	7.371755E3	6.742481E1	4.387961E1
1.511200E1	3.022400E4	-2.722040E1	8.159771E0	2.841711E1	5.884331E4	7.441864E3	5.981144E1	5.624787E1
1.511600E1	3.023200E4	-2.744599E1	-6.447684E0	2.819317E1	5.887322E4	7.504467E3	5.958586E1	7.085533E1
1.512000E1	3.024000E4	-2.074987E1	-1.958705E1	2.853436E1	5.890335E4	7.401651E3	6.628198E1	8.399469E1
1.512400E1	3.024800E4	-8.632800E0	-2.726945E1	2.860329E1	5.893243E4	7.241262E3	7.839905E1	9.167709E1
1.512800E1	3.025600E4	5.471671E0	-2.743574E1	2.797604E1	5.896128E4	7.354619E3	9.250352E1	9.184338E1
1.513200E1	3.026400E4	1.777648E1	-2.025555E1	2.694978E1	5.899127E4	7.691817E3	1.048083E2	8.466320E1
1.513600E1	3.027200E4	2.502130E1	-7.738977E0	2.619078E1	5.902281E4	8.001068E3	1.120531E2	7.214662E1
1.514000E1	3.028000E4	2.487788E1	6.796046E0	2.578944E1	5.905528E4	8.101760E3	1.119097E2	5.761160E1
1.514400E1	3.028800E4	1.774815E1	1.945543E1	2.633459E1	5.908763E4	7.901818E3	1.047800E2	4.495222E1
1.514800E1	3.029600E4	5.437461E0	2.671071E1	2.725854E1	5.911849E4	7.584116E3	9.246931E1	3.769693E1
1.515200E1	3.030400E4	-8.812462E0	2.664580E1	2.806525E1	5.914830E4	7.373911E3	7.821938E1	3.776184E1
1.515600E1	3.031200E4	-2.097456E1	1.922981E1	2.845554E1	5.917748E4	7.340397E3	6.605729E1	4.517783E1
1.516000E1	3.032000E4	-2.762146E1	6.364948E0	2.834533E1	5.920702E4	7.468147E3	5.941038E1	5.804270E1
1.516400E1	3.032800E4	-2.709187E1	-8.401918E0	2.836480E1	5.923723E4	7.493463E3	5.993998E1	7.280956E1
1.516800E1	3.033600E4	-1.931425E1	-2.069120E1	2.830487E1	5.926697E4	7.409634E3	6.771760E1	8.509884E1
1.517200E1	3.034400E4	-6.623212E0	-2.760281E1	2.838630E1	5.929651E4	7.257287E3	8.040864E1	9.201045E1
1.517600E1	3.035200E4	7.279908E0	-2.711299E1	2.807332E1	5.932503E4	7.315043E3	9.431176E1	9.152063E1
1.518000E1	3.036000E4	1.911259E1	-1.909426E1	2.701633E1	5.935503E4	7.704957E3	1.061444E2	8.350191E1
1.518400E1	3.036800E4	2.535164E1	-6.007246E0	2.605365E1	5.938667E4	8.061506E3	1.123835E2	7.041489E1
1.518800E1	3.037600E4	2.433129E1	8.625499E0	2.581494E1	5.941952E4	8.186136E3	1.113631E2	5.578214E1
1.519200E1	3.038400E4	1.627525E1	2.095045E1	2.652933E1	5.945216E4	7.907215E3	1.033071E2	4.345720E1
1.519600E1	3.039200E4	3.455905E0	2.726923E1	2.748735E1	5.948278E4	7.506988E3	9.048775E1	3.713841E1
1.520000E1	3.040000E4	-1.063869E1	2.605081E1	2.813941E1	5.951221E4	7.320946E3	7.639316E1	3.835683E1
1.520400E1	3.040800E4	-2.222912E1	1.778035E1	2.846532E1	5.954134E4	7.292342E3	6.480273E1	4.662729E1
1.520800E1	3.041600E4	-2.794755E1	4.650263E0	2.833180E1	5.957055E4	7.389940E3	5.908429E1	5.975738E1
1.521200E1	3.042400E4	-2.641983E1	-9.859234E0	2.819950E1	5.960046E4	7.491178E3	6.061201E1	7.426688E1
1.521600E1	3.043200E4	-1.807838E1	-2.191710E1	2.841104E1	5.963048E4	7.398803E3	6.895346E1	8.632474E1
1.522000E1	3.044000E4	-5.082556E0	-2.784254E1	2.830264E1	5.965965E4	7.304630E3	8.194929E1	9.225019E1
1.522400E1	3.044800E4	9.042746E0	-2.638251E1	2.788921E1	5.968892E4	7.395754E3	9.607459E1	9.079015E1
1.522800E1	3.045600E4	2.024723E1	-1.771213E1	2.690111E1	5.971882E4	7.678186E3	1.072791E2	8.211977E1
1.523200E1	3.046400E4	2.561984E1	-4.358611E0	2.598795E1	5.975034E4	8.031934E3	1.126517E2	6.876625E1
1.523600E1	3.047200E4	2.370262E1	1.009842E1	2.576417E1	5.978308E4	8.114395E3	1.107345E2	5.430922E1
1.524000E1	3.048000E4	1.511655E1	2.179860E1	2.652713E1	5.981526E4	7.825404E3	1.021484E2	4.260905E1
1.524400E1	3.048800E4	2.079934E0	2.753050E1	2.760896E1	5.984568E4	7.463690E3	8.911178E1	3.687714E1
1.524800E1	3.049600E4	-1.192135E1	2.560087E1	2.824045E1	5.987497E4	7.314724E3	7.511050E1	3.880677E1
1.525200E1	3.050400E4	-2.302487E1	1.660772E1	2.838945E1	5.990420E4	7.334260E3	6.400697E1	4.779993E1
1.525600E1	3.051200E4	-2.809349E1	3.129508E0	2.826726E1	5.993364E4	7.463133E3	5.893836E1	6.127813E1
1.526000E1	3.052000E4	-2.577695E1	-1.142404E1	2.819503E1	5.996390E4	7.465595E3	6.125490E1	7.583168E1
1.526400E1	3.052800E4	-1.688189E1	-2.270534E1	2.829365E1	5.999337E4	7.336019E3	7.014995E1	8.711298E1
1.526800E1	3.053600E4	-3.652727E0	-2.808802E1	2.832453E1	6.002259E4	7.269974E3	8.337912E1	9.249566E1
1.527200E1	3.054400E4	1.015143E1	-2.573373E1	2.766363E1	6.005153E4	7.369192E3	9.718328E1	9.014137E1
1.527600E1	3.055200E4	2.097223E1	-1.665575E1	2.678149E1	6.008154E4	7.715530E3	1.080041E2	8.106340E1
1.528000E1	3.056000E4	2.582798E1	-3.055819E0	2.600813E1	6.011325E4	8.057624E3	1.128598E2	6.746346E1
1.528400E1	3.056800E4	2.335390E1	1.139300E1	2.598471E1	6.014601E4	8.103329E3	1.103858E2	5.301464E1
1.528800E1	3.057600E4	1.403550E1	2.253064E1	2.654478E1	6.017808E4	7.813257E3	1.010673E2	4.187700E1
1.529200E1	3.058400E4	7.134166E-1	2.744740E1	2.745667E1	6.020851E4	7.448250E3	8.774526E1	3.696024E1
1.529600E1	3.059200E4	-1.301679E1	2.483007E1	2.803514E1	6.023767E4	7.296609E3	7.401506E1	3.957757E1
1.530000E1	3.060000E4	-2.368779E1	1.545133E1	2.828171E1	6.026688E4	7.360097E3	6.334405E1	4.895632E1
1.530400E1	3.060800E4	-2.839167E1	1.713698E0	2.844334E1	6.029655E4	7.438430E3	5.864018E1	6.269395E1
1.530800E1	3.061600E4	-2.539250E1	-1.260020E1	2.834685E1	6.032639E4	7.434555E3	6.163935E1	7.700784E1
1.531200E1	3.062400E4	-1.597614E1	-2.370550E1	2.858650E1	6.035602E4	7.330245E3	7.105571E1	8.811315E1
1.531600E1	3.063200E4	-2.454067E0	-2.823954E1	2.834597E1	6.038503E4	7.248629E3	8.457778E1	9.264718E1
1.532000E1	3.064000E4	1.124713E1	-2.524802E1	2.763983E1	6.041401E4	7.442716E3	9.827897E1	8.965566E1
1.532400E1	3.064800E4	2.165265E1	-1.540191E1	2.657172E1	6.044458E4	7.860534E3	1.086845E2	7.980955E1
1.532800E1	3.065600E4	2.558057E1	-1.387361E0	2.561817E1	6.047690E4	8.171442E3	1.126124E2	6.579500E1
1.533200E1	3.066400E4	2.247236E1	1.294653E1	2.593491E1	6.050995E4	8.088339E3	1.095042E2	5.146112E1
1.533600E1	3.067200E4	1.269356E1	2.347851E1	2.669020E1	6.054160E4	7.679329E3	9.972540E1	4.092913E1
1.534000E1	3.068000E4	-6.672248E-1	2.767164E1	2.767968E1	6.057138E4	7.373992E3	8.636462E1	3.673601E1
1.534400E1	3.068800E4	-1.444939E1	2.443818E1	2.839031E1	6.060059E4	7.329459E3	7.258245E1	3.996946E1
1.534800E1	3.069600E4	-2.472546E1	1.426551E1	2.854563E1	6.063002E4	7.353184E3	6.230639E1	5.014213E1
1.535200E1	3.070400E4	-2.842942E1	2.879327E-1	2.843087E1	6.065942E4	7.437197E3	5.860243E1	6.411971E1
1.535600E1	3.071200E4	-2.481916E1	-1.405030E1	2.852020E1	6.068951E4	7.407678E3	6.221268E1	7.845795E1
1.536000E1	3.072000E4	-1.484620E1	-2.439963E1	2.856137E1	6.071868E4	7.267626E3	7.218565E1	8.880727E1
1.536400E1	3.072800E4	-1.148568E0	-2.805361E1	2.807711E1	6.074766E4	7.302681E3	8.588328E1	9.246125E1
1.536800E1	3.073600E4	1.252425E1	-2.447179E1	2.749047E1	6.077710E4	7.460759E3	9.955610E1	8.887944E1
1.537200E1	3.074400E4	2.237692E1	-1.434280E1	2.657898E1	6.080734E4	7.812159E3	1.094088E2	7.875045E1
1.537600E1	3.075200E4	2.576852E1	-1.799555E-1	2.576915E1	6.083960E4	8.126487E3	1.128004E2	6.458760E1
1.538000E1	3.076000E4	2.201737E1	1.394759E1	2.606338E1	6.087235E4	8.057132E3	1.090492E2	5.046006E1
1.538400E1	3.076800E4	1.177586E1	2.420510E1	2.691761E1	6.090406E4	7.697032E3	9.880770E1	4.020254E1
1.538800E1	3.077600E4	-1.903023E0	2.770268E1	2.776797E1	6.093393E4	7.364527E3	8.512882E1	3.670496E1
1.539200E1	3.078400E4	-1.543203E1	2.378764E1	2.835488E1	6.096297E4	7.311363E3	7.159981E1	4.062000E1
1.539600E1	3.079200E4	-2.533378E1	1.323256E1	2.858148E1	6.099242E4	7.382166E3	6.169807E1	5.117508E1
1.540000E1	3.080000E4	-2.846589E1	-1.009213E0	2.848377E1	6.102203E4	7.449894E3	5.856596E1	6.541686E1
1.540400E1	3.080800E4	-2.410915E1	-1.507665E1	2.843513E1	6.105202E4	7.449066E3	6.292270E1	7.948429E1
1.540800E1	3.081600E4	-1.352374E1	-2.503566E1	2.845480E1	6.108162E4	7.300828E3	7.350811E1	8.944330E1
1.541200E1	3.082400E4	2.094941E-1	-2.814839E1	2.814917E1	6.111043E4	7.301165E3	8.724134E1	9.255603E1
1.541600E1	3.083200E4	1.368744E1	-2.367647E1	2.734815E1	6.114003E4	7.542990E3	1.007193E2	8.808412E1
1.542000E1	3.084000E4	2.313129E1	-1.294336E1	2.650636E1	6.117077E4	7.829023E3	1.101631E2	7.735100E1
1.542400E1	3.084800E4	2.586426E1	1.203672E0	2.589225E1	6.120266E4	8.059895E3	1.128961E2	6.320397E1
1.542800E1	3.085600E4	2.134061E1	1.508177E1	2.613200E1	6.123525E4	8.075354E3	1.083725E2	4.932587E1
1.543200E1	3.086400E4	1.040437E1	2.483267E1	2.692420E1	6.126727E4	7.753188E3	9.743622E1	3.957497E1
1.543600E1	3.087200E4	-3.537764E0	2.771250E1	2.793741E1	6.129728E4	7.368714E3	8.349408E1	3.669514E1
1.544000E1	3.088000E4	-1.680255E1	2.294344E1	2.843813E1	6.132622E4	7.262548E3	7.022930E1	4.146420E1
1.544400E1	3.088800E4	-2.588785E1	1.186584E1	2.847769E1	6.135538E4	7.381853E3	6.114400E1	5.254181E1
1.544800E1	3.089600E4	-2.818742E1	-2.600912E0	2.830716E1	6.138527E4	7.544228E3	5.884443E1	6.700855E1
1.545200E1	3.090400E4	-2.297480E1	-1.652684E1	2.830156E1	6.141573E4	7.481217E3	6.405704E1	8.093448E1
1.545600E1	3.091200E4	-1.204276E1	-2.596955E1	2.862597E1	6.144512E4	7.286305E3	7.498908E1	9.037720E1
1.546000E1	3.092000E4	1.975394E0	-2.811093E1	2.818025E1	6.147402E4	7.285534E3	8.900724E1	9.251857E1
1.546400E1	3.092800E4	1.513576E1	-2.294946E1	2.749126E1	6.150341E4	7.522266E3	1.021676E2	8.735711E1
1.546800E1	3.093600E4	2.386881E1	-1.153978E1	2.651200E1	6.153420E4	7.856826E3	1.109007E2	7.594742E1
1.547200E1	3.094400E4	2.576397E1	2.826385E0	2.591854E1	6.156626E4	8.100742E3	1.127958E2	6.158126E1
1.547600E1	3.095200E4	2.037069E1	1.649804E1	2.621356E1	6.159900E4	8.031439E3	1.074025E2	4.790960E1
1.548000E1	3.096000E4	8.984871E0	2.538938E1	2.693230E1	6.163051E4	7.690100E3	9.601672E1	3.901826E1
1.548400E1	3.096800E4	-5.079336E0	2.734036E1	2.780818E1	6.166052E4	7.399136E3	8.195251E1	3.706728E1
1.548800E1	3.097600E4	-1.800811E1	2.168697E1	2.818894E1	6.168971E4	7.325901E3	6.902373E1	4.272068E1
1.549200E1	3.098400E4	-2.648241E1	1.009585E1	2.834157E1	6.171913E4	7.424298E3	6.054943E1	5.431179E1
1.549600E1	3.099200E4	-2.786812E1	-4.463481E0	2.822331E1	6.174910E4	7.528643E3	5.916372E1	6.887112E1
1.550000E1	3.100000E4	-2.199894E1	-1.804498E1	2.845303E1	6.177936E4	7.434466E3	6.503291E1	8.245263E1
1.550400E1	3.100800E4	-1.038308E1	-2.646076E1	2.842499E1	6.180858E4	7.256118E3	7.664877E1	9.086840E1
1.550800E1	3.101600E4	3.642065E0	-2.800480E1	2.824063E1	6.183741E4	7.273412E3	9.067391E1	9.241244E1
1.551200E1	3.102400E4	1.627901E1	-2.179034E1	2.719973E1	6.186676E4	7.577745E3	1.033109E2	8.619799E1
1.551600E1	3.103200E4	2.423619E1	-9.776427E0	2.613373E1	6.189803E4	7.982891E3	1.112680E2	7.418407E1
1.552000E1	3.104000E4	2.525178E1	4.737423E0	2.569233E1	6.193063E4	8.186764E3	1.122836E2	5.967022E1
1.552400E1	3.104800E4	1.899618E1	1.804302E1	2.619934E1	6.196353E4	8.001544E3	1.060280E2	4.636462E1
1.552800E1	3.105600E4	7.209107E0	2.624038E1	2.721266E1	6.199464E4	7.599195E3	9.424095E1	3.816726E1
1.553200E1	3.106400E4	-6.932300E0	2.715797E1	2.802877E1	6.202432E4	7.359377E3	8.009955E1	3.724967E1
1.553600E1	3.107200E4	-1.956959E1	2.061270E1	2.842274E1	6.205351E4	7.329884E3	6.746226E1	4.379494E1
1.554000E1	3.108000E4	-2.715074E1	8.322311E0	2.839760E1	6.208296E4	7.444715E3	5.988110E1	5.608533E1
1.554400E1	3.108800E4	-2.756642E1	-6.400045E0	2.829962E1	6.211307E4	7.464085E3	5.946542E1	7.080769E1
1.554800E1	3.109600E4	-2.082235E1	-1.919495E1	2.831990E1	6.214267E4	7.384119E3	6.620949E1	8.360259E1
1.555200E1	3.110400E4	-8.661138E0	-2.688540E1	2.824606E1	6.217214E4	7.309662E3	7.837071E1	9.129304E1
1.555600E1	3.111200E4	5.393357E0	-2.736752E1	2.789390E1	6.220115E4	7.375923E3	9.242520E1	9.177516E1
1.556000E1	3.112000E4	1.767908E1	-2.022952E1	2.686602E1	6.223115E4	7.710800E3	1.047109E2	8.463716E1
1.556400E1	3.112800E4	2.505073E1	-7.737779E0	2.621855E1	6.226283E4	7.995668E3	1.120826E2	7.214542E1
1.556800E1	3.113600E4	2.494574E1	6.738523E0	2.583985E1	6.229512E4	8.122348E3	1.119776E2	5.766912E1
1.557200E1	3.114400E4	1.774475E1	1.957913E1	2.642382E1	6.232781E4	7.920538E3	1.047766E2	4.482852E1
1.557600E1	3.115200E4	5.478412E0	2.688084E1	2.743342E1	6.235848E4	7.553958E3	9.251026E1	3.752680E1
1.558000E1	3.116000E4	-8.851842E0	2.685139E1	2.827282E1	6.238825E4	7.358686E3	7.818001E1	3.755625E1
1.558400E1	3.116800E4	-2.091712E1	1.926789E1	2.843901E1	6.241735E4	7.350567E3	6.611472E1	4.513976E1
1.558800E1	3.117600E4	-2.768477E1	6.366152E0	2.840730E1	6.244705E4	7.480867E3	5.934707E1	5.804149E1
1.559200E1	3.118400E4	-2.705007E1	-8.371896E0	2.831598E1	6.247720E4	7.475833E3	5.998178E1	7.277954E1
1.559600E1	3.119200E4	-1.937185E1	-2.066977E1	2.832857E1	6.250686E4	7.376785E3	6.766000E1	8.507741E1
1.560000E1	3.120000E4	-6.781814E0	-2.763430E1	2.845431E1	6.253621E4	7.310762E3	8.025003E1	9.204194E1
1.560400E1	3.120800E4	7.405097E0	-2.698954E1	2.798697E1	6.256534E4	7.372928E3	9.443694E1	9.139718E1
1.560800E1	3.121600E4	1.908429E1	-1.895496E1	2.689796E1	6.259519E4	7.702057E3	1.061161E2	8.336260E1
1.561200E1	3.122400E4	2.534690E1	-5.870853E0	2.601792E1	6.262696E4	8.095515E3	1.123787E2	7.027850E1
1.561600E1	3.123200E4	2.424572E1	8.805043E0	2.579503E1	6.265996E4	8.181430E3	1.112776E2	5.560260E1
1.562000E1	3.124000E4	1.610603E1	2.092207E1	2.640336E1	6.269241E4	7.901196E3	1.031379E2	4.348557E1
1.562400E1	3.124800E4	3.276139E0	2.734663E1	2.754217E1	6.272317E4	7.520076E3	9.030799E1	3.706102E1
1.562800E1	3.125600E4	-1.083457E1	2.606539E1	2.822751E1	6.275257E4	7.363966E3	7.619727E1	3.834226E1
1.563200E1	3.126400E4	-2.243032E1	1.747396E1	2.843340E1	6.278208E4	7.409929E3	6.460153E1	4.693368E1
1.563600E1	3.127200E4	-2.809184E1	4.022789E0	2.837841E1	6.281185E4	7.478195E3	5.894001E1	6.038485E1
1.564000E1	3.128000E4	-2.622900E1	-1.054707E1	2.827014E1	6.284191E4	7.514481E3	6.080285E1	7.495471E1
1.564400E1	3.128800E4	-1.756255E1	-2.245190E1	2.850493E1	6.287197E4	7.360616E3	6.946930E1	8.685955E1
1.564800E1	3.129600E4	-4.566408E0	-2.816494E1	2.853272E1	6.290079E4	7.218373E3	8.246544E1	9.257258E1
1.565200E1	3.130400E4	9.383550E0	-2.618793E1	2.781832E1	6.292971E4	7.415859E3	9.641540E1	9.059558E1
1.565600E1	3.131200E4	2.049839E1	-1.712862E1	2.671280E1	6.296012E4	7.814596E3	1.075302E2	8.153627E1
1.566000E1	3.132000E4	2.563783E1	-3.498192E0	2.587539E1	6.299223E4	8.123602E3	1.126697E2	6.790583E1
1.566400E1	3.132800E4	2.324299E1	1.089098E1	2.566807E1	6.302511E4	8.141988E3	1.102748E2	5.351666E1
1.566800E1	3.133600E4	1.426104E1	2.227031E1	2.644511E1	6.305737E4	7.840822E3	1.012929E2	4.213734E1
1.567200E1	3.134400E4	1.041173E0	2.751540E1	2.753510E1	6.308783E4	7.505954E3	8.807302E1	3.689224E1
1.567600E1	3.135200E4	-1.295489E1	2.497789E1	2.813760E1	6.311741E4	7.343901E3	7.407695E1	3.942975E1
1.568000E1	3.136000E4	-2.369016E1	1.563017E1	2.838179E1	6.314658E4	7.337417E3	6.334168E1	4.877748E1
1.568400E1	3.136800E4	-2.832487E1	1.924517E0	2.839017E1	6.317611E4	7.434846E3	5.870698E1	6.248313E1
1.568800E1	3.137600E4	-2.545002E1	-1.244744E1	2.833094E1	6.320606E4	7.486375E3	6.158183E1	7.685508E1
1.569200E1	3.138400E4	-1.597294E1	-2.368446E1	2.856726E1	6.323600E4	7.387768E3	7.105891E1	8.809210E1
1.569600E1	3.139200E4	-2.396184E0	-2.832842E1	2.842958E1	6.326517E4	7.296205E3	8.463566E1	9.273606E1
1.570000E1	3.140000E4	1.136873E1	-2.509285E1	2.754812E1	6.329437E4	7.494572E3	9.840057E1	8.950049E1
1.570400E1	3.140800E4	2.175927E1	-1.516725E1	2.652379E1	6.332512E4	7.891886E3	1.087911E2	7.957489E1
1.570800E1	3.141600E4	2.592472E1	-1.127921E0	2.594925E1	6.335751E4	8.140902E3	1.129566E2	6.553556E1
1.571200E1	3.142400E4	2.258428E1	1.317017E1	2.614389E1	6.339025E4	8.117342E3	1.096161E2	5.123747E1
1.571600E1	3.143200E4	1.235516E1	2.368104E1	2.671033E1	6.342245E4	7.820605E3	9.938700E1	4.072660E1
1.572000E1	3.144000E4	-1.365371E0	2.778064E1	2.781417E1	6.345281E4	7.448785E3	8.566648E1	3.662700E1
1.572400E1	3.144800E4	-1.507868E1	2.409557E1	2.842469E1	6.348204E4	7.304030E3	7.195316E1	4.031208E1
1.572800E1	3.145600E4	-2.495099E1	1.369086E1	2.846035E1	6.351125E4	7.336688E3	6.208086E1	5.071678E1
1.573200E1	3.146400E4	-2.834078E1	-3.617442E-1	2.834309E1	6.354073E4	7.476336E3	5.869106E1	6.476939E1
1.573600E1	3.147200E4	-2.420345E1	-1.457550E1	2.825336E1	6.357106E4	7.553205E3	6.282840E1	7.898314E1
1.574000E1	3.148000E4	-1.372029E1	-2.491272E1	2.844099E1	6.360116E4	7.386534E3	7.331156E1	8.932037E1
1.574400E1	3.148800E4	7.318071E-2	-2.815424E1	2.815434E1	6.363015E4	7.322483E3	8.710503E1	9.256189E1
1.574800E1	3.149600E4	1.361367E1	-2.383173E1	2.744601E1	6.365974E4	7.516069E3	1.006455E2	8.823937E1
1.575200E1	3.150400E4	2.293816E1	-1.309565E1	2.641316E1	6.369028E4	7.872270E3	1.099700E2	7.750329E1
1.575600E1	3.151200E4	2.582741E1	1.224744E0	2.585644E1	6.372271E4	8.132658E3	1.128593E2	6.318290E1
1.576000E1	3.152000E4	2.132002E1	1.511707E1	2.613559E1	6.375534E4	8.090269E3	1.083519E2	4.929057E1
1.576400E1	3.152800E4	1.030572E1	2.480315E1	2.685896E1	6.378744E4	7.773455E3	9.733756E1	3.960449E1
1.576800E1	3.153600E4	-3.661319E0	2.771185E1	2.795267E1	6.381753E4	7.398519E3	8.337053E1	3.669579E1
1.577200E1	3.154400E4	-1.699103E1	2.285740E1	2.848080E1	6.384663E4	7.332336E3	7.004081E1	4.155025E1
1.577600E1	3.155200E4	-2.601823E1	1.148350E1	2.843975E1	6.387619E4	7.440169E3	6.101362E1	5.292414E1
1.578000E1	3.156000E4	-2.806251E1	-3.022103E0	2.822477E1	6.390615E4	7.540548E3	5.896934E1	6.742975E1
1.578400E1	3.156800E4	-2.274231E1	-1.683424E1	2.829495E1	6.393651E4	7.474404E3	6.428954E1	8.124188E1
1.578800E1	3.157600E4	-1.161071E1	-2.600699E1	2.848108E1	6.396594E4	7.299711E3	7.542114E1	9.041463E1
1.579200E1	3.158400E4	2.410265E0	-2.807336E1	2.817664E1	6.399491E4	7.328605E3	8.944211E1	9.248100E1
1.579600E1	3.159200E4	1.546682E1	-2.244500E1	2.725804E1	6.402457E4	7.584360E3	1.024987E2	8.685264E1
1.580000E1	3.160000E4	2.391892E1	-1.085915E1	2.626853E1	6.405558E4	7.989765E3	1.109508E2	7.526679E1
1.580400E1	3.160800E4	2.550957E1	3.807332E0	2.579213E1	6.408849E4	8.234385E3	1.125414E2	6.060031E1
1.580800E1	3.161600E4	1.957780E1	1.729486E1	2.612284E1	6.412146E4	8.048322E3	1.066096E2	4.711278E1
1.581200E1	3.162400E4	7.963237E0	2.584538E1	2.704435E1	6.415288E4	7.653591E3	9.499508E1	3.856226E1
1.581600E1	3.163200E4	-6.161773E0	2.737350E1	2.805844E1	6.418269E4	7.383514E3	8.087007E1	3.703414E1
1.582000E1	3.164000E4	-1.891987E1	2.105437E1	2.830632E1	6.421194E4	7.354483E3	6.811198E1	4.335328E1
1.582400E1	3.164800E4	-2.691292E1	8.993605E0	2.837587E1	6.424152E4	7.456061E3	6.011893E1	5.541404E1
1.582800E1	3.165600E4	-2.772734E1	-5.687562E0	2.830466E1	6.427159E4	7.544560E3	5.930451E1	7.009521E1
1.583200E1	3.166400E4	-2.117114E1	-1.898123E1	2.843421E1	6.430188E4	7.473368E3	6.586070E1	8.338888E1
1.583600E1	3.167200E4	-9.063333E0	-2.689842E1	2.838431E1	6.433138E4	7.311407E3	7.796851E1	9.130607E1
1.584000E1	3.168000E4	5.046952E0	-2.758153E1	2.803948E1	6.436037E4	7.346775E3	9.207880E1	9.198917E1
1.584400E1	3.168800E4	1.757512E1	-2.083189E1	2.725532E1	6.439015E4	7.617533E3	1.046070E2	8.523953E1
1.584800E1	3.169600E4	2.473285E1	-8.366939E0	2.610976E1	6.442131E4	8.021730E3	1.117647E2	7.277458E1
1.585200E1	3.170400E4	2.519121E1	6.433790E0	2.599983E1	6.445433E4	8.158805E3	1.122231E2	5.797385E1
1.585600E1	3.171200E4	1.809365E1	1.912022E1	2.632419E1	6.448658E4	7.952091E3	1.051255E2	4.528742E1
1.586000E1	3.172000E4	5.715316E0	2.675912E1	2.736266E1	6.451794E4	7.625308E3	9.274716E1	3.764853E1
1.586400E1	3.172800E4	-8.487341E0	2.678370E1	2.809629E1	6.454758E4	7.383592E3	7.854451E1	3.762395E1
1.586800E1	3.173600E4	-2.085822E1	1.944214E1	2.851424E1	6.457701E4	7.413311E3	6.617363E1	4.496550E1
1.587200E1	3.174400E4	-2.762091E1	6.433132E0	2.836018E1	6.460689E4	7.546142E3	5.941093E1	5.797451E1
1.587600E1	3.175200E4	-2.704633E1	-8.466248E0	2.834045E1	6.463738E4	7.549594E3	5.998552E1	7.287389E1
1.588000E1	3.176000E4	-1.932962E1	-2.093693E1	2.849542E1	6.466729E4	7.349914E3	6.770223E1	8.534457E1
1.588400E1	3.176800E4	-6.811781E0	-2.769270E1	2.851817E1	6.469618E4	7.235878E3	8.022007E1	9.210035E1
1.588800E1	3.177600E4	7.334430E0	-2.704579E1	2.802265E1	6.472517E4	7.396824E3	9.436628E1	9.145344E1
1.589200E1	3.178400E4	1.915941E1	-1.892313E1	2.692894E1	6.475536E4	7.771655E3	1.061913E2	8.333078E1
1.589600E1	3.179200E4	2.540608E1	-5.704028E0	2.603853E1	6.478735E4	8.109559E3	1.124379E2	7.011167E1
1.590000E1	3.180000E4	2.413585E1	8.895545E0	2.572294E1	6.482023E4	8.184895E3	1.111677E2	5.551210E1
1.590400E1	3.180800E4	1.592937E1	2.100540E1	2.636232E1	6.485283E4	7.923898E3	1.029612E2	4.340224E1
1.590800E1	3.181600E4	3.055737E0	2.734216E1	2.751238E1	6.488362E4	7.517591E3	9.008758E1	3.706548E1
1.591200E1	3.182400E4	-1.098941E1	2.593220E1	2.816463E1	6.491297E4	7.362505E3	7.604244E1	3.847544E1
1.591600E1	3.183200E4	-2.252173E1	1.726706E1	2.837921E1	6.494252E4	7.431609E3	6.451012E1	4.714058E1
1.592000E1	3.184000E4	-2.814596E1	3.746039E0	2.839416E1	6.497242E4	7.496021E3	5.888588E1	6.066160E1
1.592400E1	3.184800E4	-2.609032E1	-1.080234E1	2.823819E1	6.500249E4	7.530512E3	6.094153E1	7.520998E1
1.592800E1	3.185600E4	-1.719425E1	-2.254045E1	2.834985E1	6.503266E4	7.442943E3	6.983760E1	8.694809E1
1.593200E1	3.186400E4	-3.933349E0	-2.811139E1	2.838523E1	6.506203E4	7.295733E3	8.309850E1	9.251903E1
1.593600E1	3.187200E4	9.961591E0	-2.591185E1	2.776071E1	6.509103E4	7.400257E3	9.699344E1	9.031949E1
1.594000E1	3.188000E4	2.095491E1	-1.682595E1	2.687416E1	6.512124E4	7.780667E3	1.079868E2	8.123359E1
1.594400E1	3.188800E4	2.596028E1	-3.061496E0	2.614017E1	6.515327E4	8.122496E3	1.129921E2	6.746914E1
1.594800E1	3.189600E4	2.333977E1	1.149315E1	2.601610E1	6.518622E4	8.157571E3	1.103716E2	5.291449E1
1.595200E1	3.190400E4	1.385991E1	2.264814E1	2.655251E1	6.521853E4	7.888988E3	1.008918E2	4.175950E1
1.595600E1	3.191200E4	3.247627E-1	2.772190E1	2.772380E1	6.524933E4	7.512676E3	8.735661E1	3.668575E1
1.596000E1	3.192000E4	-1.358467E1	2.487868E1	2.834593E1	6.527864E4	7.336417E3	7.344718E1	3.952897E1
1.596400E1	3.192800E4	-2.420146E1	1.511092E1	2.853157E1	6.530802E4	7.403101E3	6.283039E1	4.929672E1
1.596800E1	3.193600E4	-2.830356E1	1.057157E0	2.832330E1	6.533786E4	7.530854E3	5.872829E1	6.335049E1
1.597200E1	3.194400E4	-2.487306E1	-1.337428E1	2.824076E1	6.536827E4	7.513751E3	6.215878E1	7.778193E1
1.597600E1	3.195200E4	-1.502978E1	-2.402557E1	2.833941E1	6.539797E4	7.403848E3	7.200207E1	8.843322E1
1.598000E1	3.196000E4	-1.226572E0	-2.806803E1	2.809482E1	6.542750E4	7.380584E3	8.580527E1	9.247568E1
1.598400E1	3.196800E4	1.253935E1	-2.459325E1	2.760549E1	6.545702E4	7.494026E3	9.957119E1	8.900090E1
1.598800E1	3.197600E4	2.244481E1	-1.432649E1	2.662739E1	6.548745E4	7.878714E3	1.094767E2	7.873413E1
1.599200E1	3.198400E4	2.579436E1	2.041793E-2	2.579437E1	6.552005E4	8.190756E3	1.128262E2	6.438723E1
1.599600E1	3.199200E4	2.187023E1	1.418968E1	2.607018E1	6.555298E4	8.092312E3	1.089021E2	5.021796E1
1.600000E1	3.200000E4	1.144660E1	2.430748E1	2.686779E1	6.558478E4	7.778485E3	9.847845E1	4.010016E1
1.600400E1	3.200800E4	-2.515948E0	2.762479E1	2.773912E1	6.561520E4	7.486632E3	8.451590E1	3.678286E1
1.600800E1	3.201600E4	-1.614409E1	2.333512E1	2.837533E1	6.564468E4	7.390161E3	7.088776E1	4.107252E1
1.601200E1	3.202400E4	-2.563090E1	1.232144E1	2.843872E1	6.567433E4	7.456807E3	6.140095E1	5.208620E1
1.601600E1	3.203200E4	-2.838477E1	-2.149886E0	2.846607E1	6.570433E4	7.494853E3	5.864708E1	6.655753E1
1.602000E1	3.204000E4	-2.349330E1	-1.601644E1	2.843345E1	6.573428E4	7.456346E3	6.353855E1	8.042408E1
1.602400E1	3.204800E4	-1.246403E1	-2.553482E1	2.841442E1	6.576398E4	7.348083E3	7.456782E1	8.994246E1
1.602800E1	3.205600E4	1.513548E0	-2.823267E1	2.827321E1	6.579307E4	7.383147E3	8.854540E1	9.264031E1
1.603200E1	3.206400E4	1.485851E1	-2.283880E1	2.724677E1	6.582305E4	7.647768E3	1.018904E2	8.724645E1
1.603600E1	3.207200E4	2.381958E1	-1.148878E1	2.644550E1	6.585425E4	7.934733E3	1.108514E2	7.589642E1
1.604000E1	3.208000E4	2.577153E1	2.947761E0	2.593956E1	6.588653E4	8.184277E3	1.128034E2	6.145988E1
1.604400E1	3.208800E4	2.014225E1	1.673730E1	2.618869E1	6.591973E4	8.091714E3	1.071741E2	4.767035E1
1.604800E1	3.209600E4	8.743404E0	2.577035E1	2.721319E1	6.595126E4	7.676687E3	9.577525E1	3.863729E1
1.605200E1	3.210400E4	-5.422174E0	2.753899E1	2.806770E1	6.598114E4	7.484987E3	8.160967E1	3.686865E1
1.605600E1	3.211200E4	-1.863511E1	2.133267E1	2.832579E1	6.601114E4	7.461207E3	6.839674E1	4.307497E1
1.606000E1	3.212000E4	-2.688764E1	9.348435E0	2.846644E1	6.604083E4	7.467275E3	6.014421E1	5.505921E1
1.606400E1	3.212800E4	-2.784526E1	-5.350544E0	2.835466E1	6.607088E4	7.508628E3	5.918659E1	6.975819E1
1.606800E1	3.213600E4	-2.144305E1	-1.857273E1	2.836813E1	6.610090E4	7.437196E3	6.558880E1	8.298037E1
1.607200E1	3.214400E4	-9.578079E0	-2.686059E1	2.851721E1	6.613037E4	7.311821E3	7.745377E1	9.126824E1
1.607600E1	3.215200E4	4.595788E0	-2.778563E1	2.816314E1	6.615939E4	7.376417E3	9.162764E1	9.219327E1
1.608000E1	3.216000E4	1.719436E1	-2.094328E1	2.709737E1	6.618939E4	7.713502E3	1.042262E2	8.535093E1
1.608400E1	3.216800E4	2.474623E1	-8.472625E0	2.615648E1	6.622110E4	8.039166E3	1.117781E2	7.288027E1
1.608800E1	3.217600E4	2.509718E1	6.117663E0	2.583204E1	6.625370E4	8.179650E3	1.121290E2	5.828998E1
1.609200E1	3.218400E4	1.806369E1	1.905980E1	2.625972E1	6.628654E4	8.050912E3	1.050955E2	4.534784E1
1.609600E1	3.219200E4	5.615326E0	2.666162E1	2.724654E1	6.631811E4	7.701169E3	9.264717E1	3.774603E1
1.610000E1	3.220000E4	-8.767973E0	2.675233E1	2.815253E1	6.634815E4	7.402505E3	7.826387E1	3.765531E1
1.610400E1	3.220800E4	-2.094609E1	1.931054E1	2.848922E1	6.637733E4	7.362414E3	6.608575E1	4.509710E1
1.610800E1	3.221600E4	-2.769620E1	6.370926E0	2.841951E1	6.640705E4	7.529178E3	5.933564E1	5.803672E1
1.611200E1	3.222400E4	-2.699791E1	-8.543481E0	2.831745E1	6.643756E4	7.602209E3	6.003394E1	7.295112E1
1.611600E1	3.223200E4	-1.912884E1	-2.114309E1	2.851216E1	6.646786E4	7.453010E3	6.790301E1	8.555074E1
1.612000E1	3.224000E4	-6.303031E0	-2.770717E1	2.841506E1	6.649718E4	7.336864E3	8.072882E1	9.211482E1
1.612400E1	3.224800E4	7.993557E0	-2.688540E1	2.804856E1	6.652656E4	7.400474E3	9.502540E1	9.129304E1
1.612800E1	3.225600E4	1.962181E1	-1.869355E1	2.710100E1	6.655639E4	7.705655E3	1.066537E2	8.310119E1
1.613200E1	3.226400E4	2.538224E1	-5.301015E0	2.592988E1	6.658820E4	8.138422E3	1.124141E2	6.970866E1
1.613600E1	3.227200E4	2.406981E1	9.479027E0	2.586905E1	6.662150E4	8.229125E3	1.111017E2	5.492862E1
1.614000E1	3.228000E4	1.549533E1	2.135608E1	2.638536E1	6.665404E4	7.963551E3	1.025272E2	4.305157E1
1.614400E1	3.228800E4	2.291981E0	2.731517E1	2.741116E1	6.668520E4	7.585206E3	8.932383E1	3.709247E1
1.614800E1	3.229600E4	-1.177119E1	2.557109E1	2.815034E1	6.671472E4	7.356330E3	7.526066E1	3.883656E1
1.615200E1	3.230400E4	-2.302834E1	1.669778E1	2.844504E1	6.674405E4	7.379074E3	6.400350E1	4.770987E1
1.615600E1	3.231200E4	-2.816733E1	3.084463E0	2.833571E1	6.677375E4	7.538683E3	5.886452E1	6.132318E1
1.616000E1	3.232000E4	-2.569100E1	-1.163435E1	2.820258E1	6.680436E4	7.551014E3	6.134085E1	7.604199E1
1.616400E1	3.232800E4	-1.665992E1	-2.306461E1	2.845223E1	6.683416E4	7.389029E3	7.037192E1	8.747226E1
1.616800E1	3.233600E4	-3.213530E0	-2.809994E1	2.828309E1	6.686348E4	7.364963E3	8.381832E1	9.250758E1
1.617200E1	3.234400E4	1.085528E1	-2.547628E1	2.769256E1	6.689308E4	7.512336E3	9.788713E1	8.988392E1
1.617600E1	3.235200E4	2.160921E1	-1.594646E1	2.685605E1	6.692357E4	7.826865E3	1.086411E2	8.035410E1
1.618000E1	3.236000E4	2.581845E1	-1.944260E0	2.589156E1	6.695569E4	8.126704E3	1.128503E2	6.635190E1
1.618400E1	3.236800E4	2.288338E1	1.247035E1	2.606068E1	6.698859E4	8.126289E3	1.099152E2	5.193730E1
1.618800E1	3.237600E4	1.304643E1	2.325206E1	2.666210E1	6.702070E4	7.881883E3	1.000783E2	4.115558E1
1.619200E1	3.238400E4	-7.900640E-1	2.753857E1	2.754990E1	6.705164E4	7.598317E3	8.624178E1	3.686908E1
1.619600E1	3.239200E4	-1.469998E1	2.399729E1	2.814177E1	6.708149E4	7.438585E3	7.233187E1	4.041035E1
1.620000E1	3.240000E4	-2.485934E1	1.369367E1	2.838139E1	6.711115E4	7.406437E3	6.217251E1	5.071398E1
1.620400E1	3.240800E4	-2.845687E1	-3.684535E-1	2.845926E1	6.714074E4	7.444317E3	5.857498E1	6.477610E1
1.620800E1	3.241600E4	-2.438887E1	-1.448482E1	2.836594E1	6.717071E4	7.512277E3	6.264298E1	7.889246E1
1.621200E1	3.242400E4	-1.388450E1	-2.488420E1	2.849566E1	6.720084E4	7.441411E3	7.314735E1	8.929184E1
1.621600E1	3.243200E4	1.171132E-1	-2.821366E1	2.821391E1	6.723024E4	7.395988E3	8.714896E1	9.262131E1
1.622000E1	3.244000E4	1.369396E1	-2.371105E1	2.738135E1	6.726001E4	7.585151E3	1.007258E2	8.811869E1
1.622400E1	3.244800E4	2.321197E1	-1.290951E1	2.656033E1	6.729092E4	7.911952E3	1.102438E2	7.731716E1
1.622800E1	3.245600E4	2.594525E1	1.497605E0	2.598843E1	6.732330E4	8.132760E3	1.129771E2	6.291004E1
1.623200E1	3.246400E4	2.106872E1	1.529672E1	2.603614E1	6.735598E4	8.102019E3	1.081006E2	4.911093E1
1.623600E1	3.247200E4	1.000128E1	2.490371E1	2.683693E1	6.738812E4	7.800078E3	9.703313E1	3.950393E1
1.624000E1	3.248000E4	-4.060613E0	2.755917E1	2.785672E1	6.741838E4	7.486474E3	8.297123E1	3.684847E1
1.624400E1	3.248800E4	-1.733851E1	2.218310E1	2.815518E1	6.744801E4	7.433073E3	6.969334E1	4.222454E1
1.624800E1	3.249600E4	-2.639415E1	1.074637E1	2.849799E1	6.747785E4	7.461827E3	6.063769E1	5.366128E1
1.625200E1	3.250400E4	-2.818877E1	-3.814331E0	2.844567E1	6.750771E4	7.526519E3	5.884308E1	6.822197E1
1.625600E1	3.251200E4	-2.236349E1	-1.750906E1	2.840234E1	6.753806E4	7.498918E3	6.466835E1	8.191671E1
1.626000E1	3.252000E4	-1.078657E1	-2.629705E1	2.842332E1	6.756770E4	7.328648E3	7.624527E1	9.070469E1
1.626400E1	3.252800E4	3.268972E0	-2.787923E1	2.807023E1	6.759669E4	7.356717E3	9.030082E1	9.228687E1
1.626800E1	3.253600E4	1.621766E1	-2.187601E1	2.723182E1	6.762655E4	7.657934E3	1.032495E2	8.628365E1
1.627200E1	3.254400E4	2.434102E1	-9.858565E0	2.626169E1	6.765795E4	8.030122E3	1.113729E2	7.426621E1
1.627600E1	3.255200E4	2.526175E1	4.815355E0	2.571660E1	6.769079E4	8.216240E3	1.122936E2	5.959229E1
1.628000E1	3.256000E4	1.891161E1	1.806037E1	2.615007E1	6.772368E4	8.043216E3	1.059435E2	4.634727E1
1.628400E1	3.256800E4	6.967409E0	2.625532E1	2.716407E1	6.775514E4	7.651458E3	9.399926E1	3.815232E1
1.628800E1	3.257600E4	-7.203356E0	2.708605E1	2.802753E1	6.778489E4	7.409670E3	7.982849E1	3.732159E1
1.629200E1	3.258400E4	-1.981529E1	2.022393E1	2.831347E1	6.781442E4	7.412327E3	6.721656E1	4.418372E1
1.629600E1	3.259200E4	-2.736299E1	7.747415E0	2.843863E1	6.784419E4	7.471311E3	5.966886E1	5.666023E1
1.630000E1	3.260000E4	-2.749879E1	-6.950983E0	2.836370E1	6.787419E4	7.510320E3	5.953306E1	7.135863E1
1.630400E1	3.260800E4	-2.037648E1	-1.986645E1	2.845834E1	6.790427E4	7.422033E3	6.665537E1	8.427410E1
1.630800E1	3.261600E4	-8.047474E0	-2.727618E1	2.843856E1	6.793356E4	7.339689E3	7.898437E1	9.168382E1
1.631200E1	3.262400E4	6.270356E0	-2.717849E1	2.789243E1	6.796299E4	7.448449E3	9.330220E1	9.158613E1
1.631600E1	3.263200E4	1.846110E1	-1.969376E1	2.699364E1	6.799315E4	7.717913E3	1.054929E2	8.410141E1
1.632000E1	3.264000E4	2.519716E1	-6.876757E0	2.611871E1	6.802473E4	8.099705E3	1.122290E2	7.128440E1
1.632400E1	3.264800E4	2.449507E1	7.934001E0	2.574795E1	6.805795E4	8.228456E3	1.115269E2	5.647364E1
1.632800E1	3.265600E4	1.669682E1	2.029984E1	2.628436E1	6.809056E4	7.938492E3	1.037287E2	4.410780E1
1.633200E1	3.266400E4	4.070704E0	2.709272E1	2.739682E1	6.812146E4	7.559457E3	9.110255E1	3.731493E1
1.633600E1	3.267200E4	-1.007490E1	2.619404E1	2.806477E1	6.815104E4	7.390728E3	7.695695E1	3.821360E1
1.634000E1	3.268000E4	-2.186519E1	1.797241E1	2.830360E1	6.818058E4	7.414052E3	6.516666E1	4.643523E1
1.634400E1	3.268800E4	-2.791137E1	4.745694E0	2.831194E1	6.821035E4	7.480512E3	5.912048E1	5.966195E1
1.634800E1	3.269600E4	-2.646609E1	-9.855851E0	2.824167E1	6.824043E4	7.537035E3	6.056576E1	7.426349E1
1.635200E1	3.270400E4	-1.806654E1	-2.203116E1	2.849161E1	6.827065E4	7.452457E3	6.896531E1	8.643880E1
1.635600E1	3.271200E4	-4.895857E0	-2.789317E1	2.831958E1	6.830004E4	7.324406E3	8.213599E1	9.230082E1
1.636000E1	3.272000E4	9.167064E0	-2.626228E1	2.781622E1	6.832924E4	7.471603E3	9.619891E1	9.066992E1
1.636400E1	3.272800E4	2.047528E1	-1.729218E1	2.680031E1	6.835982E4	7.826090E3	1.075071E2	8.169983E1
1.636800E1	3.273600E4	2.573435E1	-3.685144E0	2.599687E1	6.839185E4	8.107351E3	1.127662E2	6.809279E1
1.637200E1	3.274400E4	2.360926E1	1.084726E1	2.598192E1	6.842468E4	8.159766E3	1.106411E2	5.356038E1
1.637600E1	3.275200E4	1.441531E1	2.230726E1	2.655965E1	6.845713E4	7.912237E3	1.014472E2	4.210039E1
1.638000E1	3.276000E4	9.747324E-1	2.755804E1	2.757528E1	6.848797E4	7.516841E3	8.800658E1	3.684960E1
1.638400E1	3.276800E4	-1.289786E1	2.502820E1	2.815609E1	6.851726E4	7.354928E3	7.413399E1	3.937944E1
1.638800E1	3.277600E4	-2.375823E1	1.553883E1	2.838853E1	6.854681E4	7.450603E3	6.327362E1	4.886881E1
1.639200E1	3.278400E4	-2.829446E1	1.548042E0	2.833678E1	6.857687E4	7.567087E3	5.873738E1	6.285960E1
1.639600E1	3.279200E4	-2.514398E1	-1.300580E1	2.830849E1	6.860735E4	7.523952E3	6.188787E1	7.741344E1
1.640000E1	3.280000E4	-1.546180E1	-2.386375E1	2.843494E1	6.863706E4	7.328450E3	7.157004E1	8.827139E1
1.640400E1	3.280800E4	-1.983869E0	-2.821500E1	2.828466E1	6.866598E4	7.317550E3	8.504798E1	9.262264E1
1.640800E1	3.281600E4	1.192059E1	-2.487976E1	2.758809E1	6.869560E4	7.525963E3	9.895243E1	8.928740E1
1.641200E1	3.282400E4	2.217328E1	-1.485173E1	2.668760E1	6.872619E4	7.841496E3	1.092051E2	7.925937E1
1.641600E1	3.283200E4	2.592310E1	-7.547329E-1	2.593409E1	6.875833E4	8.119447E3	1.129550E2	6.516238E1
1.642000E1	3.284000E4	2.228835E1	1.346711E1	2.604099E1	6.879114E4	8.138081E3	1.093202E2	5.094054E1
1.642400E1	3.284800E4	1.194560E1	2.389333E1	2.671308E1	6.882344E4	7.843402E3	9.897745E1	4.051432E1
1.642800E1	3.285600E4	-1.879491E0	2.765113E1	2.771493E1	6.885389E4	7.486505E3	8.515236E1	3.675651E1
1.643200E1	3.286400E4	-1.557026E1	2.367730E1	2.833809E1	6.888333E4	7.368334E3	7.146159E1	4.073034E1
1.643600E1	3.287200E4	-2.531955E1	1.299284E1	2.845863E1	6.891284E4	7.412465E3	6.171230E1	5.141480E1
1.644000E1	3.288000E4	-2.821286E1	-1.295325E0	2.824258E1	6.894263E4	7.523466E3	5.881899E1	6.570297E1
1.644400E1	3.288800E4	-2.359054E1	-1.533329E1	2.813580E1	6.897302E4	7.507591E3	6.344131E1	7.974093E1
1.644800E1	3.289600E4	-1.298963E1	-2.515561E1	2.831140E1	6.900269E4	7.387882E3	7.404222E1	8.956325E1
1.645200E1	3.290400E4	1.040382E0	-2.802600E1	2.804530E1	6.903213E4	7.386770E3	8.807223E1	9.243364E1
1.645600E1	3.291200E4	1.441400E1	-2.326223E1	2.736595E1	6.906178E4	7.612805E3	1.014459E2	8.766988E1
1.646000E1	3.292000E4	2.339711E1	-1.190682E1	2.625256E1	6.909303E4	7.956799E3	1.104290E2	7.631446E1
1.646400E1	3.292800E4	2.571356E1	2.447870E0	2.582982E1	6.912544E4	8.125260E3	1.127454E2	6.195977E1
1.646800E1	3.293600E4	2.051851E1	1.604840E1	2.604919E1	6.915803E4	8.060925E3	1.075504E2	4.835924E1
1.647200E1	3.294400E4	9.235006E0	2.527060E1	2.690518E1	6.918993E4	7.773344E3	9.626685E1	3.913705E1
1.647600E1	3.295200E4	-4.930041E0	2.735283E1	2.779357E1	6.922022E4	7.434918E3	8.210181E1	3.705482E1
1.648000E1	3.296000E4	-1.796180E1	2.186333E1	2.829543E1	6.924940E4	7.343086E3	6.907005E1	4.254432E1
1.648400E1	3.296800E4	-2.660218E1	1.023191E1	2.850207E1	6.927896E4	7.494455E3	6.042967E1	5.417573E1
1.648800E1	3.297600E4	-2.797830E1	-4.611922E0	2.835587E1	6.930936E4	7.558010E3	5.905355E1	6.901957E1
1.649200E1	3.298400E4	-2.193552E1	-1.803471E1	2.839750E1	6.933943E4	7.445554E3	6.509633E1	8.244235E1
1.649600E1	3.299200E4	-1.023966E1	-2.657102E1	2.847577E1	6.936892E4	7.342519E3	7.679219E1	9.097866E1
1.650000E1	3.300000E4	4.010877E0	-2.795053E1	2.823685E1	6.939817E4	7.356481E3	9.104272E1	9.235818E1
1.650400E1	3.300800E4	1.675169E1	-2.161429E1	2.734587E1	6.942778E4	7.593686E3	1.037835E2	8.602193E1
1.650800E1	3.301600E4	2.467207E1	-9.512428E0	2.644234E1	6.945892E4	7.965378E3	1.117039E2	7.392007E1
1.651200E1	3.302400E4	2.523676E1	5.134351E0	2.575375E1	6.949150E4	8.166571E3	1.122686E2	5.927329E1
1.651600E1	3.303200E4	1.869677E1	1.821244E1	2.610100E1	6.952425E4	8.013157E3	1.057286E2	4.619520E1
1.652000E1	3.304000E4	6.741195E0	2.626471E1	2.711602E1	6.955560E4	7.659684E3	9.377304E1	3.814294E1
1.652400E1	3.304800E4	-7.445738E0	2.680184E1	2.781686E1	6.958553E4	7.433360E3	7.958611E1	3.760581E1
1.652800E1	3.305600E4	-2.009586E1	2.004551E1	2.838426E1	6.961507E4	7.397194E3	6.693599E1	4.436213E1
1.653200E1	3.306400E4	-2.727127E1	7.458929E0	2.827291E1	6.964470E4	7.508443E3	5.976058E1	5.694871E1
1.653600E1	3.307200E4	-2.722801E1	-7.366773E0	2.820698E1	6.967514E4	7.527923E3	5.980384E1	7.177442E1
1.654000E1	3.308000E4	-1.998754E1	-1.993640E1	2.823051E1	6.970493E4	7.444066E3	6.704431E1	8.434404E1
1.654400E1	3.308800E4	-7.467185E0	-2.728033E1	2.828384E1	6.973469E4	7.319892E3	7.956466E1	9.168798E1
1.654800E1	3.309600E4	6.488347E0	-2.705557E1	2.782270E1	6.976349E4	7.329589E3	9.352019E1	9.146322E1
1.655200E1	3.310400E4	1.841174E1	-1.951851E1	2.683216E1	6.979333E4	7.679310E3	1.054436E2	8.392616E1
1.655600E1	3.311200E4	2.510280E1	-6.763750E0	2.599806E1	6.982492E4	8.079267E3	1.121346E2	7.117139E1
1.656000E1	3.312000E4	2.449419E1	7.941055E0	2.574928E1	6.985796E4	8.208043E3	1.115260E2	5.646659E1
1.656400E1	3.312800E4	1.669792E1	2.031723E1	2.629849E1	6.989058E4	7.939121E3	1.037298E2	4.409042E1
1.656800E1	3.313600E4	4.061212E0	2.709574E1	2.739840E1	6.992148E4	7.556198E3	9.109306E1	3.731191E1
1.657200E1	3.314400E4	-1.007442E1	2.619809E1	2.806838E1	6.995103E4	7.380136E3	7.695742E1	3.820955E1
1.657600E1	3.315200E4	-2.186600E1	1.801415E1	2.833075E1	6.998052E4	7.423595E3	6.516585E1	4.639349E1
1.658000E1	3.316000E4	-2.790915E1	4.709004E0	2.830363E1	7.001042E4	7.470025E3	5.912269E1	5.969864E1
1.658400E1	3.316800E4	-2.651275E1	-9.795284E0	2.826435E1	7.004028E4	7.489223E3	6.051910E1	7.420293E1
1.658800E1	3.317600E4	-1.823162E1	-2.198873E1	2.856390E1	7.007034E4	7.457045E3	6.880023E1	8.639637E1
1.659200E1	3.318400E4	-4.945860E0	-2.785994E1	2.829554E1	7.009993E4	7.341947E3	8.208599E1	9.226758E1
1.659600E1	3.319200E4	9.101934E0	-2.632602E1	2.785507E1	7.012907E4	7.446209E3	9.613378E1	9.073367E1
1.660000E1	3.320000E4	2.040809E1	-1.742827E1	2.683719E1	7.015950E4	7.797822E3	1.074399E2	8.183591E1
1.660400E1	3.320800E4	2.564690E1	-3.853624E0	2.593481E1	7.019145E4	8.101156E3	1.126788E2	6.826127E1
1.660800E1	3.321600E4	2.348443E1	1.060970E1	2.576983E1	7.022431E4	8.183874E3	1.105163E2	5.379794E1
1.661200E1	3.322400E4	1.453998E1	2.232628E1	2.664346E1	7.025693E4	7.912630E3	1.015718E2	4.208136E1
1.661600E1	3.323200E4	1.148790E0	2.756277E1	2.758670E1	7.028761E4	7.503825E3	8.818064E1	3.684487E1
1.662000E1	3.324000E4	-1.276158E1	2.509318E1	2.815183E1	7.031696E4	7.345892E3	7.427026E1	3.931447E1
1.662400E1	3.324800E4	-2.363535E1	1.571490E1	2.838288E1	7.034638E4	7.354930E3	6.339650E1	4.869275E1
1.662800E1	3.325600E4	-2.842211E1	2.089252E0	2.849880E1	7.037580E4	7.470303E3	5.860973E1	6.231839E1
1.663200E1	3.326400E4	-2.550541E1	-1.251867E1	2.841202E1	7.040614E4	7.542104E3	6.152643E1	7.692631E1
1.663600E1	3.327200E4	-1.593026E1	-2.373597E1	2.858617E1	7.043613E4	7.403638E3	7.110159E1	8.814361E1
1.664000E1	3.328000E4	-2.284876E0	-2.822585E1	2.831818E1	7.046537E4	7.365528E3	8.474697E1	9.263350E1
1.664400E1	3.328800E4	1.169403E1	-2.501302E1	2.761161E1	7.049506E4	7.541173E3	9.872587E1	8.942066E1
1.664800E1	3.329600E4	2.213197E1	-1.509661E1	2.679052E1	7.052570E4	7.847908E3	1.091638E2	7.950426E1
1.665200E1	3.330400E4	2.602665E1	-9.815652E-1	2.604516E1	7.055784E4	8.107510E3	1.130585E2	6.538921E1
1.665600E1	3.331200E4	2.245100E1	1.325712E1	2.607294E1	7.059056E4	8.120225E3	1.094828E2	5.115053E1
1.666000E1	3.332000E4	1.220485E1	2.375010E1	2.670254E1	7.062280E4	7.844076E3	9.923670E1	4.065755E1
1.666400E1	3.332800E4	-1.607944E0	2.776799E1	2.781450E1	7.065331E4	7.489031E3	8.542390E1	3.663965E1
1.666800E1	3.333600E4	-1.535484E1	2.390456E1	2.841125E1	7.068271E4	7.356400E3	7.167701E1	4.050308E1
1.667200E1	3.334400E4	-2.534106E1	1.338045E1	2.865668E1	7.071217E4	7.409988E3	6.169079E1	5.102719E1
1.667600E1	3.335200E4	-2.856895E1	-9.947224E-1	2.858627E1	7.074199E4	7.511688E3	5.846289E1	6.540237E1
1.668000E1	3.336000E4	-2.412078E1	-1.522425E1	2.852349E1	7.077226E4	7.520018E3	6.291107E1	7.963189E1
1.668400E1	3.336800E4	-1.326914E1	-2.511856E1	2.840796E1	7.080215E4	7.388661E3	7.376271E1	8.952621E1
1.668800E1	3.337600E4	6.720421E-1	-2.814017E1	2.814820E1	7.083137E4	7.342342E3	8.770389E1	9.254782E1
1.669200E1	3.338400E4	1.402129E1	-2.343434E1	2.730870E1	7.086089E4	7.602777E3	1.010531E2	8.784198E1
1.669600E1	3.339200E4	2.332505E1	-1.230295E1	2.637083E1	7.089219E4	7.969999E3	1.103569E2	7.671060E1
1.670000E1	3.340000E4	2.579187E1	2.099185E0	2.587716E1	7.092465E4	8.159943E3	1.128237E2	6.230846E1
1.670400E1	3.340800E4	2.082601E1	1.596295E1	2.624001E1	7.095747E4	8.041403E3	1.078579E2	4.844470E1
1.670800E1	3.341600E4	9.726991E0	2.531885E1	2.712303E1	7.098898E4	7.708618E3	9.675884E1	3.908879E1
1.671200E1	3.342400E4	-4.417090E0	2.745778E1	2.781080E1	7.101914E4	7.474346E3	8.261476E1	3.694986E1
1.671600E1	3.343200E4	-1.771374E1	2.204799E1	2.828233E1	7.104878E4	7.413042E3	6.931811E1	4.235965E1
1.672000E1	3.344000E4	-2.644579E1	1.044761E1	2.843471E1	7.107844E4	7.478684E3	6.058606E1	5.396003E1
1.672400E1	3.344800E4	-2.814636E1	-4.260999E0	2.846707E1	7.110861E4	7.526917E3	5.888548E1	6.866864E1
1.672800E1	3.345600E4	-2.210814E1	-1.768566E1	2.831170E1	7.113866E4	7.482335E3	6.492371E1	8.209330E1
1.673200E1	3.346400E4	-1.047559E1	-2.654921E1	2.854118E1	7.116847E4	7.325623E3	7.655625E1	9.095686E1
1.673600E1	3.347200E4	3.570549E0	-2.801430E1	2.824093E1	7.119726E4	7.305104E3	9.060240E1	9.242195E1
1.674000E1	3.348000E4	1.635034E1	-2.177028E1	2.722643E1	7.122691E4	7.638839E3	1.033822E2	8.617792E1
1.674400E1	3.348800E4	2.433972E1	-9.649481E0	2.618271E1	7.125837E4	8.042953E3	1.113716E2	7.405712E1
1.674800E1	3.349600E4	2.521842E1	5.016996E0	2.571262E1	7.129125E4	8.224385E3	1.122503E2	5.939065E1
1.675200E1	3.350400E4	1.873454E1	1.819899E1	2.611870E1	7.132417E4	8.031534E3	1.057664E2	4.620866E1
1.675600E1	3.351200E4	6.792197E0	2.627083E1	2.713467E1	7.135550E4	7.647838E3	9.382404E1	3.813682E1
1.676000E1	3.352000E4	-7.379348E0	2.687860E1	2.787318E1	7.138535E4	7.439893E3	7.965250E1	3.752904E1
1.676400E1	3.352800E4	-2.013814E1	2.012195E1	2.846818E1	7.141502E4	7.428909E3	6.689371E1	4.428569E1
1.676800E1	3.353600E4	-2.731874E1	7.430933E0	2.831134E1	7.144478E4	7.526481E3	5.971311E1	5.697671E1
1.677200E1	3.354400E4	-2.714828E1	-7.393777E0	2.813712E1	7.147523E4	7.556260E3	5.988356E1	7.180142E1
1.677600E1	3.355200E4	-1.989477E1	-2.005744E1	2.825072E1	7.150523E4	7.447584E3	6.713708E1	8.446509E1
1.678000E1	3.356000E4	-7.396938E0	-2.725450E1	2.824044E1	7.153482E4	7.327281E3	7.963491E1	9.166214E1
1.678400E1	3.356800E4	6.661133E0	-2.701436E1	2.782349E1	7.156385E4	7.386079E3	9.369298E1	9.142200E1
1.678800E1	3.357600E4	1.865495E1	-1.938252E1	2.690147E1	7.159390E4	7.761407E3	1.056868E2	8.379016E1
1.679200E1	3.358400E4	2.511921E1	-6.289570E0	2.589466E1	7.162594E4	8.167190E3	1.121511E2	7.069721E1
1.679600E1	3.359200E4	2.441609E1	8.522515E0	2.586075E1	7.165924E4	8.222947E3	1.114479E2	5.588513E1
1.680000E1	3.360000E4	1.632767E1	2.069399E1	2.635970E1	7.169173E4	7.951366E3	1.033595E2	4.371366E1
1.680400E1	3.360800E4	3.425788E0	2.731973E1	2.753368E1	7.172285E4	7.580341E3	9.045763E1	3.708791E1
1.680800E1	3.361600E4	-1.073955E1	2.609605E1	2.821953E1	7.175237E4	7.384090E3	7.629230E1	3.831159E1
1.681200E1	3.362400E4	-2.247004E1	1.760271E1	2.854397E1	7.178193E4	7.423518E3	6.456180E1	4.680493E1
1.681600E1	3.363200E4	-2.814426E1	4.077094E0	2.843803E1	7.181176E4	7.519723E3	5.888759E1	6.033055E1
1.682000E1	3.364000E4	-2.622554E1	-1.064010E1	2.830177E1	7.184208E4	7.582188E3	6.080631E1	7.504774E1
1.682400E1	3.364800E4	-1.736737E1	-2.256400E1	2.847384E1	7.187241E4	7.442390E3	6.966448E1	8.697164E1
1.682800E1	3.365600E4	-4.124168E0	-2.800409E1	2.830614E1	7.190162E4	7.328576E3	8.290768E1	9.241173E1
1.683200E1	3.366400E4	9.972109E0	-2.591960E1	2.777173E1	7.193104E4	7.517454E3	9.700396E1	9.032725E1
1.683600E1	3.367200E4	2.111862E1	-1.664147E1	2.688744E1	7.196176E4	7.822285E3	1.081505E2	8.104911E1
1.684000E1	3.368000E4	2.591769E1	-2.897230E0	2.607913E1	7.199362E4	8.123219E3	1.129495E2	6.730487E1
1.684400E1	3.368800E4	2.315230E1	1.166852E1	2.592650E1	7.202675E4	8.225490E3	1.101841E2	5.273912E1
1.684800E1	3.369600E4	1.359435E1	2.301020E1	2.672594E1	7.205943E4	7.952905E3	1.006262E2	4.139744E1
1.685200E1	3.370400E4	-1.794818E-1	2.772660E1	2.772718E1	7.209037E4	7.504484E3	8.685237E1	3.668105E1
1.685600E1	3.371200E4	-1.397477E1	2.473918E1	2.841340E1	7.211946E4	7.358770E3	7.305707E1	3.966846E1
1.686000E1	3.372000E4	-2.443171E1	1.454051E1	2.843123E1	7.214924E4	7.497486E3	6.260014E1	4.986714E1
1.686400E1	3.372800E4	-2.833827E1	2.763388E-1	2.833962E1	7.217944E4	7.554531E3	5.869357E1	6.413130E1
1.686800E1	3.373600E4	-2.477672E1	-1.411938E1	2.851742E1	7.220968E4	7.527765E3	6.225512E1	7.852703E1
1.687200E1	3.374400E4	-1.437818E1	-2.456929E1	2.846721E1	7.223966E4	7.405761E3	7.265367E1	8.897693E1
1.687600E1	3.375200E4	-5.325086E-1	-2.833600E1	2.834100E1	7.226892E4	7.379440E3	8.649934E1	9.274364E1
1.688000E1	3.376000E4	1.315941E1	-2.403720E1	2.740360E1	7.229870E4	7.634584E3	1.001913E2	8.844484E1
1.688400E1	3.376800E4	2.289498E1	-1.321839E1	2.643683E1	7.233000E4	8.007244E3	1.099268E2	7.762604E1
1.688800E1	3.377600E4	2.592741E1	1.248514E0	2.595745E1	7.236276E4	8.199996E3	1.129593E2	6.315913E1
1.689200E1	3.378400E4	2.123537E1	1.520305E1	2.611655E1	7.239560E4	8.143237E3	1.082672E2	4.920459E1
1.689600E1	3.379200E4	1.012958E1	2.494964E1	2.692755E1	7.242790E4	7.789055E3	9.716143E1	3.945800E1
1.690000E1	3.380000E4	-3.844691E0	2.766297E1	2.792887E1	7.245791E4	7.423626E3	8.318716E1	3.674467E1
1.690400E1	3.380800E4	-1.721828E1	2.260894E1	2.841889E1	7.248729E4	7.403348E3	6.981356E1	4.179871E1
1.690800E1	3.381600E4	-2.610434E1	1.100584E1	2.832958E1	7.251714E4	7.524737E3	6.092751E1	5.340181E1
1.691200E1	3.382400E4	-2.785892E1	-3.662601E0	2.809864E1	7.254749E4	7.643220E3	5.917293E1	6.807024E1
1.691600E1	3.383200E4	-2.221913E1	-1.753817E1	2.830684E1	7.257829E4	7.584708E3	6.481272E1	8.194582E1
1.692000E1	3.384000E4	-1.059513E1	-2.644602E1	2.848945E1	7.260817E4	7.357905E3	7.643672E1	9.085366E1
1.692400E1	3.384800E4	3.524279E0	-2.810164E1	2.832177E1	7.263715E4	7.340606E3	9.055613E1	9.250928E1
1.692800E1	3.385600E4	1.632270E1	-2.174595E1	2.719038E1	7.266689E4	7.664310E3	1.033545E2	8.615360E1
1.693200E1	3.386400E4	2.441057E1	-9.633925E0	2.624287E1	7.269846E4	8.061784E3	1.114424E2	7.404157E1
1.693600E1	3.387200E4	2.518781E1	5.072570E0	2.569352E1	7.273139E4	8.252737E3	1.122197E2	5.933507E1
1.694000E1	3.388000E4	1.864144E1	1.830907E1	2.612901E1	7.276448E4	8.107478E3	1.056733E2	4.609858E1
1.694400E1	3.388800E4	6.443314E0	2.632430E1	2.710139E1	7.279625E4	7.737080E3	9.347516E1	3.808334E1
1.694800E1	3.389600E4	-7.890706E0	2.684272E1	2.797847E1	7.282638E4	7.436975E3	7.914114E1	3.756493E1
1.695200E1	3.390400E4	-2.036653E1	1.984566E1	2.843670E1	7.285574E4	7.386947E3	6.666532E1	4.456198E1
1.695600E1	3.391200E4	-2.762335E1	7.155796E0	2.853515E1	7.288548E4	7.513672E3	5.940850E1	5.725185E1
1.696000E1	3.392000E4	-2.735028E1	-7.765900E0	2.843144E1	7.291585E4	7.551890E3	5.968157E1	7.217354E1
1.696400E1	3.392800E4	-1.985672E1	-2.048479E1	2.852922E1	7.294589E4	7.487611E3	6.717513E1	8.489244E1
1.696800E1	3.393600E4	-7.025150E0	-2.766640E1	2.854440E1	7.297575E4	7.413839E3	8.000670E1	9.207405E1
1.697200E1	3.394400E4	7.369367E0	-2.711877E1	2.810223E1	7.300520E4	7.455787E3	9.440121E1	9.152642E1
1.697600E1	3.395200E4	1.920834E1	-1.894288E1	2.697764E1	7.303540E4	7.792111E3	1.062402E2	8.335052E1
1.698000E1	3.396000E4	2.539868E1	-5.612356E0	2.601137E1	7.306754E4	8.131240E3	1.124305E2	7.002000E1
1.698400E1	3.396800E4	2.412408E1	8.994961E0	2.574646E1	7.310045E4	8.225878E3	1.111559E2	5.541268E1
1.698800E1	3.397600E4	1.574360E1	2.115754E1	2.637238E1	7.313335E4	7.984482E3	1.027754E2	4.325010E1
1.699200E1	3.398400E4	2.713824E0	2.730690E1	2.744142E1	7.316432E4	7.604092E3	8.974567E1	3.710074E1
1.699600E1	3.399200E4	-1.149297E1	2.559771E1	2.805942E1	7.319418E4	7.427388E3	7.553888E1	3.880993E1
1.700000E1	3.400000E4	-2.293397E1	1.681985E1	2.844072E1	7.322374E4	7.429613E3	6.409787E1	4.758779E1
1.700400E1	3.400800E4	-2.819450E1	3.154436E0	2.837041E1	7.325362E4	7.582976E3	5.883735E1	6.125321E1
1.700800E1	3.401600E4	-2.571263E1	-1.166775E1	2.823607E1	7.328441E4	7.605060E3	6.131922E1	7.607539E1
1.701200E1	3.402400E4	-1.654414E1	-2.315700E1	2.845971E1	7.331446E4	7.413531E3	7.048771E1	8.756464E1
1.701600E1	3.403200E4	-3.092338E0	-2.808016E1	2.824992E1	7.334372E4	7.366774E3	8.393951E1	9.248781E1
1.702000E1	3.404000E4	1.097292E1	-2.536799E1	2.763947E1	7.337339E4	7.587175E3	9.800477E1	8.977563E1
1.702400E1	3.404800E4	2.170286E1	-1.553027E1	2.668714E1	7.340441E4	7.876330E3	1.087347E2	7.993791E1
1.702800E1	3.405600E4	2.607161E1	-1.639587E0	2.612312E1	7.343640E4	8.125153E3	1.131035E2	6.604723E1
1.703200E1	3.406400E4	2.266240E1	1.277702E1	2.601608E1	7.346941E4	8.218767E3	1.096942E2	5.163062E1
1.703600E1	3.407200E4	1.246723E1	2.359793E1	2.668884E1	7.350215E4	7.928036E3	9.949907E1	4.080971E1
1.704000E1	3.408000E4	-1.382739E0	2.788785E1	2.792211E1	7.353284E4	7.514621E3	8.564911E1	3.651979E1
1.704400E1	3.408800E4	-1.521979E1	2.410453E1	2.850737E1	7.356227E4	7.376506E3	7.181206E1	4.030312E1
1.704800E1	3.409600E4	-2.505255E1	1.340461E1	2.841327E1	7.359185E4	7.479053E3	6.197929E1	5.100304E1
1.705200E1	3.410400E4	-2.825249E1	-1.036495E0	2.827149E1	7.362210E4	7.588253E3	5.877936E1	6.544414E1
1.705600E1	3.411200E4	-2.382513E1	-1.521139E1	2.826700E1	7.365256E4	7.519998E3	6.320672E1	7.961903E1
1.706000E1	3.412000E4	-1.323985E1	-2.517659E1	2.844564E1	7.368226E4	7.402625E3	7.379200E1	8.958423E1
1.706400E1	3.412800E4	8.716119E-1	-2.808499E1	2.809852E1	7.371178E4	7.427729E3	8.790346E1	9.249264E1
1.706800E1	3.413600E4	1.440863E1	-2.334516E1	2.743365E1	7.374168E4	7.624824E3	1.014405E2	8.775281E1
1.707200E1	3.414400E4	2.344092E1	-1.205931E1	2.636103E1	7.377278E4	7.964071E3	1.104728E2	7.646696E1
1.707600E1	3.415200E4	2.573083E1	2.430217E0	2.584534E1	7.380540E4	8.174805E3	1.127627E2	6.197743E1
1.708000E1	3.416000E4	2.057370E1	1.617516E1	2.617084E1	7.383817E4	8.096204E3	1.076055E2	4.823249E1
1.708400E1	3.416800E4	9.163981E0	2.540535E1	2.700760E1	7.387017E4	7.789385E3	9.619583E1	3.900230E1
1.708800E1	3.417600E4	-5.073711E0	2.740278E1	2.786852E1	7.390049E4	7.468854E3	8.195814E1	3.700487E1
1.709200E1	3.418400E4	-1.810085E1	2.163615E1	2.820928E1	7.392992E4	7.369154E3	6.893100E1	4.277149E1
1.709600E1	3.419200E4	-2.657963E1	9.967898E0	2.838724E1	7.395944E4	7.509931E3	6.045222E1	5.443975E1
1.710000E1	3.420000E4	-2.782610E1	-4.904172E0	2.825496E1	7.399000E4	7.577789E3	5.920575E1	6.931181E1
1.710400E1	3.420800E4	-2.173023E1	-1.827604E1	2.839395E1	7.402007E4	7.479862E3	6.530162E1	8.268369E1
1.710800E1	3.421600E4	-9.746906E0	-2.654028E1	2.827346E1	7.404983E4	7.368895E3	7.728494E1	9.094793E1
1.711200E1	3.422400E4	4.413607E0	-2.781485E1	2.816284E1	7.407902E4	7.388920E3	9.144545E1	9.222249E1
1.711600E1	3.423200E4	1.708063E1	-2.113379E1	2.717324E1	7.410895E4	7.729285E3	1.041125E2	8.554144E1
1.712000E1	3.424000E4	2.469300E1	-8.574523E0	2.613937E1	7.414085E4	8.067606E3	1.117248E2	7.298217E1
1.712400E1	3.424800E4	2.523728E1	6.052636E0	2.595294E1	7.417349E4	8.206321E3	1.122691E2	5.835501E1
1.712800E1	3.425600E4	1.814252E1	1.911907E1	2.635697E1	7.420650E4	8.077362E3	1.051744E2	4.528858E1
1.713200E1	3.426400E4	5.615387E0	2.665931E1	2.724429E1	7.423811E4	7.689276E3	9.264723E1	3.774833E1
1.713600E1	3.427200E4	-8.736728E0	2.686421E1	2.824918E1	7.426802E4	7.411930E3	7.829512E1	3.754343E1
1.714000E1	3.428000E4	-2.096807E1	1.928058E1	2.848509E1	7.429740E4	7.412563E3	6.606378E1	4.512707E1
1.714400E1	3.428800E4	-2.773430E1	6.242072E0	2.842807E1	7.432732E4	7.555761E3	5.929755E1	5.816557E1
1.714800E1	3.429600E4	-2.693970E1	-8.673726E0	2.830161E1	7.435785E4	7.579215E3	6.009215E1	7.308137E1
1.715200E1	3.430400E4	-1.907909E1	-2.115210E1	2.848549E1	7.438795E4	7.444682E3	6.795276E1	8.555974E1
1.715600E1	3.431200E4	-6.184008E0	-2.767556E1	2.835805E1	7.441740E4	7.361768E3	8.084784E1	9.208321E1
1.716000E1	3.432000E4	8.114226E0	-2.680149E1	2.800287E1	7.444684E4	7.441038E3	9.514607E1	9.120913E1
1.716400E1	3.432800E4	1.972735E1	-1.843944E1	2.700336E1	7.447693E4	7.730338E3	1.067592E2	8.284708E1
1.716800E1	3.433600E4	2.565332E1	-5.132309E0	2.616168E1	7.450869E4	8.134628E3	1.126852E2	6.953995E1
1.717200E1	3.434400E4	2.384933E1	9.640450E0	2.572409E1	7.454201E4	8.239171E3	1.108812E2	5.476719E1
1.717600E1	3.435200E4	1.540483E1	2.167663E1	2.659296E1	7.457460E4	7.953772E3	1.024367E2	4.273101E1
1.718000E1	3.436000E4	2.099436E0	2.753508E1	2.761500E1	7.460564E4	7.545567E3	8.913128E1	3.687257E1
1.718400E1	3.436800E4	-1.190268E1	2.556680E1	2.820168E1	7.463496E4	7.368331E3	7.512917E1	3.884085E1
1.718800E1	3.437600E4	-2.315862E1	1.646618E1	2.841578E1	7.466459E4	7.462576E3	6.387323E1	4.794147E1
1.719200E1	3.438400E4	-2.814849E1	2.628574E0	2.827095E1	7.469467E4	7.545012E3	5.888336E1	6.177907E1
1.719600E1	3.439200E4	-2.551331E1	-1.186812E1	2.813861E1	7.472495E4	7.548872E3	6.151853E1	7.627577E1
1.720000E1	3.440000E4	-1.625012E1	-2.325594E1	2.837085E1	7.475506E4	7.456743E3	7.078173E1	8.766358E1
1.720400E1	3.440800E4	-2.650663E0	-2.804397E1	2.816896E1	7.478460E4	7.361507E3	8.438118E1	9.245162E1
1.720800E1	3.441600E4	1.120325E1	-2.522441E1	2.760043E1	7.481395E4	7.527248E3	9.823510E1	8.963205E1
1.721200E1	3.442400E4	2.182441E1	-1.538486E1	2.670204E1	7.484482E4	7.906201E3	1.088563E2	7.979250E1
1.721600E1	3.443200E4	2.604357E1	-1.274796E0	2.607475E1	7.487720E4	8.163086E3	1.130754E2	6.568244E1
1.722000E1	3.444000E4	2.269359E1	1.316731E1	2.623693E1	7.491012E4	8.110613E3	1.097254E2	5.124034E1
1.722400E1	3.444800E4	1.259137E1	2.376350E1	2.689324E1	7.494208E4	7.833405E3	9.962322E1	4.064415E1
1.722800E1	3.445600E4	-1.356676E0	2.783415E1	2.786719E1	7.497279E4	7.543882E3	8.567517E1	3.657349E1
1.723200E1	3.446400E4	-1.529419E1	2.406854E1	2.851678E1	7.500243E4	7.387183E3	7.173766E1	4.033911E1
1.723600E1	3.447200E4	-2.507971E1	1.339811E1	2.843416E1	7.503189E4	7.453697E3	6.195213E1	5.100953E1
1.724000E1	3.448000E4	-2.829093E1	-1.019199E0	2.830928E1	7.506206E4	7.589109E3	5.874092E1	6.542684E1
1.724400E1	3.448800E4	-2.378966E1	-1.521459E1	2.823883E1	7.509260E4	7.533380E3	6.324219E1	7.962223E1
1.724800E1	3.449600E4	-1.314091E1	-2.506189E1	2.829809E1	7.512233E4	7.364410E3	7.389094E1	8.946954E1
1.725200E1	3.450400E4	7.431695E-1	-2.807932E1	2.808915E1	7.515152E4	7.381841E3	8.777502E1	9.248696E1
1.725600E1	3.451200E4	1.431468E1	-2.346503E1	2.748668E1	7.518138E4	7.578029E3	1.013465E2	8.787267E1
1.726000E1	3.452000E4	2.343262E1	-1.238583E1	2.650465E1	7.521214E4	7.937741E3	1.104645E2	7.679347E1
1.726400E1	3.452800E4	2.579225E1	2.205244E0	2.588636E1	7.524489E4	8.228350E3	1.128241E2	6.220240E1
1.726800E1	3.453600E4	2.059362E1	1.607047E1	2.612197E1	7.527797E4	8.143132E3	1.076255E2	4.833717E1
1.727200E1	3.454400E4	9.223270E0	2.538480E1	2.700845E1	7.531003E4	7.763477E3	9.625512E1	3.902285E1
1.727600E1	3.455200E4	-4.885335E0	2.749578E1	2.792641E1	7.534007E4	7.448637E3	8.214651E1	3.691186E1
1.728000E1	3.456000E4	-1.798006E1	2.171789E1	2.819485E1	7.536962E4	7.403813E3	6.905179E1	4.268975E1
1.728400E1	3.456800E4	-2.656729E1	1.003606E1	2.839971E1	7.539931E4	7.468428E3	6.046455E1	5.437158E1
1.728800E1	3.457600E4	-2.791365E1	-4.605307E0	2.829100E1	7.542937E4	7.579868E3	5.911820E1	6.901295E1
1.729200E1	3.458400E4	-2.180649E1	-1.826178E1	2.844320E1	7.545994E4	7.502382E3	6.522535E1	8.266942E1
1.729600E1	3.459200E4	-9.991531E0	-2.656451E1	2.838140E1	7.548939E4	7.344817E3	7.704032E1	9.097215E1
1.730000E1	3.460000E4	4.262972E0	-2.784915E1	2.817354E1	7.551870E4	7.401992E3	9.129482E1	9.225680E1
1.730400E1	3.460800E4	1.701263E1	-2.130870E1	2.726702E1	7.554860E4	7.700922E3	1.040445E2	8.571634E1
1.730800E1	3.461600E4	2.468873E1	-8.834841E0	2.622190E1	7.558031E4	8.060016E3	1.117206E2	7.324248E1
1.731200E1	3.462400E4	2.533909E1	5.888952E0	2.601440E1	7.561308E4	8.229869E3	1.123709E2	5.851869E1
1.731600E1	3.463200E4	1.826000E1	1.900762E1	2.635748E1	7.564615E4	8.058384E3	1.052918E2	4.540003E1
1.732000E1	3.464000E4	5.884344E0	2.665413E1	2.729594E1	7.567755E4	7.616791E3	9.291619E1	3.775351E1
1.732400E1	3.464800E4	-8.277725E0	2.693464E1	2.817792E1	7.570708E4	7.381110E3	7.875412E1	3.747301E1
1.732800E1	3.465600E4	-2.063354E1	1.951246E1	2.839858E1	7.573660E4	7.457461E3	6.639831E1	4.489518E1
1.733200E1	3.466400E4	-2.767417E1	6.519834E0	2.843181E1	7.576674E4	7.613568E3	5.935768E1	5.788781E1
1.733600E1	3.467200E4	-2.699648E1	-8.516160E0	2.830786E1	7.579751E4	7.594560E3	6.003537E1	7.292380E1
1.734000E1	3.468000E4	-1.928169E1	-2.104209E1	2.854037E1	7.582750E4	7.467723E3	6.775016E1	8.544973E1
1.734400E1	3.468800E4	-6.281919E0	-2.776187E1	2.846373E1	7.585725E4	7.385897E3	8.074993E1	9.216951E1
1.734800E1	3.469600E4	8.019161E0	-2.692217E1	2.809111E1	7.588659E4	7.418670E3	9.505101E1	9.132982E1
1.735200E1	3.470400E4	1.962553E1	-1.855942E1	2.701136E1	7.591660E4	7.715111E3	1.066574E2	8.296706E1
1.735600E1	3.471200E4	2.542714E1	-5.262091E0	2.596592E1	7.594831E4	8.138337E3	1.124590E2	6.966973E1
1.736000E1	3.472000E4	2.400631E1	9.556161E0	2.583841E1	7.598171E4	8.238651E3	1.110382E2	5.485148E1
1.736400E1	3.472800E4	1.538624E1	2.134691E1	2.631401E1	7.601422E4	7.978172E3	1.024181E2	4.306073E1
1.736800E1	3.473600E4	2.130428E0	2.726021E1	2.734333E1	7.604553E4	7.625443E3	8.916228E1	3.714744E1
1.737200E1	3.474400E4	-1.198972E1	2.545574E1	2.813802E1	7.607522E4	7.429064E3	7.504212E1	3.895190E1
1.737600E1	3.475200E4	-2.314837E1	1.623044E1	2.827144E1	7.610496E4	7.457662E3	6.388348E1	4.817720E1
1.738000E1	3.476000E4	-2.806154E1	2.513381E0	2.817388E1	7.613488E4	7.581093E3	5.897030E1	6.189426E1
1.738400E1	3.476800E4	-2.551896E1	-1.223353E1	2.829976E1	7.616561E4	7.549102E3	6.151289E1	7.664117E1
1.738800E1	3.477600E4	-1.616148E1	-2.331811E1	2.837125E1	7.619527E4	7.404089E3	7.087037E1	8.772575E1
1.739200E1	3.478400E4	-2.531891E0	-2.806661E1	2.818058E1	7.622485E4	7.378169E3	8.449996E1	9.247425E1
1.739600E1	3.479200E4	1.136514E1	-2.517095E1	2.761780E1	7.625430E4	7.526480E3	9.839698E1	8.957860E1
1.740000E1	3.480000E4	2.175939E1	-1.520377E1	2.654479E1	7.628506E4	7.912942E3	1.087912E2	7.961142E1
1.740400E1	3.480800E4	2.595382E1	-1.086171E0	2.597654E1	7.631760E4	8.212298E3	1.129857E2	6.549381E1
1.740800E1	3.481600E4	2.253292E1	1.340862E1	2.622067E1	7.635076E4	8.176944E3	1.095648E2	5.099903E1
1.741200E1	3.482400E4	1.208775E1	2.374313E1	2.664301E1	7.638302E4	7.840032E3	9.911960E1	4.066451E1
1.741600E1	3.483200E4	-1.692190E0	2.786038E1	2.791172E1	7.641348E4	7.494779E3	8.533966E1	3.654726E1
1.742000E1	3.484000E4	-1.543047E1	2.378141E1	2.834881E1	7.644298E4	7.398627E3	7.160138E1	4.062623E1
1.742400E1	3.484800E4	-2.538108E1	1.311991E1	2.857152E1	7.647266E4	7.466721E3	6.165076E1	5.128773E1
1.742800E1	3.485600E4	-2.850220E1	-1.349673E0	2.853414E1	7.650271E4	7.516898E3	5.852964E1	6.575732E1
1.743200E1	3.486400E4	-2.391791E1	-1.541402E1	2.845450E1	7.653280E4	7.513566E3	6.311394E1	7.982167E1
1.743600E1	3.487200E4	-1.292829E1	-2.517697E1	2.830231E1	7.656282E4	7.456551E3	7.410355E1	8.958461E1
1.744000E1	3.488000E4	1.196794E0	-2.794399E1	2.796961E1	7.659245E4	7.441298E3	8.822864E1	9.235163E1
1.744400E1	3.488800E4	1.463184E1	-2.310060E1	2.734463E1	7.662235E4	7.657072E3	1.016637E2	8.750825E1
1.744800E1	3.489600E4	2.352315E1	-1.162129E1	2.623725E1	7.665371E4	8.039784E3	1.105550E2	7.602894E1
1.745200E1	3.490400E4	2.547051E1	2.977813E0	2.564399E1	7.668667E4	8.263132E3	1.125024E2	6.142983E1
1.745600E1	3.491200E4	2.004123E1	1.670602E1	2.609103E1	7.671981E4	8.123780E3	1.070731E2	4.770162E1
1.746000E1	3.492000E4	8.559464E0	2.581875E1	2.720059E1	7.675166E4	7.757329E3	9.559131E1	3.858890E1
1.746400E1	3.492800E4	-5.793697E0	2.755827E1	2.816070E1	7.678187E4	7.457951E3	8.123815E1	3.684938E1
1.746800E1	3.493600E4	-1.871911E1	2.129091E1	2.834975E1	7.681132E4	7.410092E3	6.831273E1	4.311673E1
1.747200E1	3.494400E4	-2.693644E1	9.194377E0	2.846240E1	7.684115E4	7.513381E3	6.009541E1	5.521327E1
1.747600E1	3.495200E4	-2.774558E1	-5.609207E0	2.830690E1	7.687143E4	7.587841E3	5.928627E1	7.001685E1
1.748000E1	3.496000E4	-2.123113E1	-1.902026E1	2.850493E1	7.690186E4	7.533950E3	6.580072E1	8.342791E1
1.748400E1	3.496800E4	-8.910855E0	-2.694520E1	2.838040E1	7.693170E4	7.375447E3	7.812099E1	9.135284E1
1.748800E1	3.497600E4	5.286929E0	-2.755906E1	2.806160E1	7.696086E4	7.366793E3	9.231878E1	9.196670E1
1.749200E1	3.498400E4	1.780723E1	-2.075028E1	2.734359E1	7.699064E4	7.715887E3	1.048391E2	8.515792E1
1.749600E1	3.499200E4	2.509493E1	-7.870635E0	2.630023E1	7.702259E4	8.115234E3	1.121268E2	7.227828E1
1.750000E1	3.500000E4	2.494906E1	6.945731E0	2.589785E1	7.705556E4	8.231001E3	1.119809E2	5.746191E1
1.750400E1	3.500800E4	1.747095E1	1.970208E1	2.633260E1	7.708843E4	8.072288E3	1.045028E2	4.470557E1
1.750800E1	3.501600E4	4.708171E0	2.707514E1	2.748145E1	7.712014E4	7.686231E3	9.174002E1	3.733251E1
1.751200E1	3.502400E4	-9.585648E0	2.644453E1	2.812824E1	7.714992E4	7.450056E3	7.744620E1	3.796311E1
1.751600E1	3.503200E4	-2.163365E1	1.832346E1	2.835073E1	7.717974E4	7.506517E3	6.539820E1	4.608418E1
1.752000E1	3.504000E4	-2.798382E1	4.946003E0	2.841755E1	7.720998E4	7.547089E3	5.904803E1	5.946164E1
1.752400E1	3.504800E4	-2.661593E1	-9.746621E0	2.834438E1	7.724011E4	7.542602E3	6.041592E1	7.415426E1
1.752800E1	3.505600E4	-1.817913E1	-2.191055E1	2.847021E1	7.727032E4	7.481668E3	6.885272E1	8.631819E1
1.753200E1	3.506400E4	-4.946683E0	-2.795652E1	2.839079E1	7.729997E4	7.383890E3	8.208516E1	9.236416E1
1.753600E1	3.507200E4	9.252581E0	-2.629067E1	2.787130E1	7.732939E4	7.515219E3	9.628443E1	9.069831E1
1.754000E1	3.508000E4	2.054198E1	-1.718333E1	2.678133E1	7.736009E4	7.864408E3	1.075738E2	8.159097E1
1.754400E1	3.508800E4	2.571654E1	-3.475199E0	2.595029E1	7.739230E4	8.142212E3	1.127484E2	6.788284E1
1.754800E1	3.509600E4	2.341121E1	1.102910E1	2.587906E1	7.742523E4	8.229487E3	1.104431E2	5.337855E1
1.755200E1	3.510400E4	1.402907E1	2.257363E1	2.657788E1	7.745814E4	7.970475E3	1.010609E2	4.183401E1
1.755600E1	3.511200E4	4.897496E-1	2.775451E1	2.775883E1	7.748899E4	7.567700E3	8.752160E1	3.665313E1
1.756000E1	3.512000E4	-1.364904E1	2.494964E1	2.843907E1	7.751868E4	7.405048E3	7.338281E1	3.945800E1
1.756400E1	3.512800E4	-2.422707E1	1.500418E1	2.849696E1	7.754823E4	7.442136E3	6.280477E1	4.940346E1
1.756800E1	3.513600E4	-2.832791E1	8.810621E-1	2.834161E1	7.757822E4	7.560246E3	5.870394E1	6.352658E1
1.757200E1	3.514400E4	-2.488981E1	-1.363323E1	2.837900E1	7.760871E4	7.581998E3	6.214204E1	7.804087E1
1.757600E1	3.515200E4	-1.470458E1	-2.435158E1	2.844686E1	7.763887E4	7.446958E3	7.232727E1	8.875922E1
1.758000E1	3.516000E4	-8.403691E-1	-2.810145E1	2.811401E1	7.766829E4	7.420341E3	8.619148E1	9.250909E1
1.758400E1	3.516800E4	1.298019E1	-2.417020E1	2.743509E1	7.769824E4	7.629767E3	1.000120E2	8.857784E1
1.758800E1	3.517600E4	2.282391E1	-1.353826E1	2.653706E1	7.772933E4	7.953062E3	1.098558E2	7.794591E1
1.759200E1	3.518400E4	2.593637E1	8.430666E-1	2.595006E1	7.776186E4	8.226375E3	1.129682E2	6.356458E1
1.759600E1	3.519200E4	2.141352E1	1.506991E1	2.618474E1	7.779514E4	8.205188E3	1.084454E2	4.933774E1
1.760000E1	3.520000E4	1.031688E1	2.491116E1	2.696301E1	7.782750E4	7.819275E3	9.734873E1	3.949648E1
1.760400E1	3.520800E4	-3.742023E0	2.771149E1	2.796300E1	7.785769E4	7.453863E3	8.328982E1	3.669615E1
1.760800E1	3.521600E4	-1.718783E1	2.269824E1	2.847160E1	7.788713E4	7.417177E3	6.984402E1	4.170940E1
1.761200E1	3.522400E4	-2.607867E1	1.105479E1	2.832500E1	7.791703E4	7.542496E3	6.095318E1	5.335285E1
1.761600E1	3.523200E4	-2.794823E1	-3.666615E0	2.818772E1	7.794747E4	7.653917E3	5.908362E1	6.807426E1
1.762000E1	3.524000E4	-2.222244E1	-1.752453E1	2.830098E1	7.797826E4	7.604171E3	6.480941E1	8.193217E1
1.762400E1	3.524800E4	-1.054080E1	-2.649796E1	2.851754E1	7.800831E4	7.406780E3	7.649104E1	9.090560E1
1.762800E1	3.525600E4	3.697514E0	-2.803467E1	2.827745E1	7.803751E4	7.401440E3	9.072936E1	9.244231E1
1.763200E1	3.526400E4	1.664564E1	-2.167813E1	2.733164E1	7.806752E4	7.682705E3	1.036775E2	8.608577E1
1.763600E1	3.527200E4	2.449253E1	-9.414038E0	2.623944E1	7.809898E4	8.070981E3	1.115244E2	7.382168E1
1.764000E1	3.528000E4	2.518858E1	5.393921E0	2.575964E1	7.813209E4	8.302776E3	1.122204E2	5.901372E1
1.764400E1	3.528800E4	1.838136E1	1.863804E1	2.617729E1	7.816540E4	8.139689E3	1.054132E2	4.576961E1
1.764800E1	3.529600E4	6.032625E0	2.656207E1	2.723850E1	7.819720E4	7.724779E3	9.306447E1	3.784558E1
1.765200E1	3.530400E4	-8.289270E0	2.678576E1	2.803906E1	7.822720E4	7.407285E3	7.874258E1	3.762188E1
1.765600E1	3.531200E4	-2.055618E1	1.953257E1	2.835626E1	7.825646E4	7.443617E3	6.647567E1	4.487508E1
1.766000E1	3.532000E4	-2.768383E1	6.521517E0	2.844160E1	7.828674E4	7.628814E3	5.934801E1	5.788613E1
1.766400E1	3.532800E4	-2.710666E1	-8.543138E0	2.842105E1	7.831749E4	7.640781E3	5.992519E1	7.295078E1
1.766800E1	3.533600E4	-1.916826E1	-2.119213E1	2.857496E1	7.834787E4	7.485469E3	6.786358E1	8.559977E1
1.767200E1	3.534400E4	-6.206527E0	-2.771393E1	2.840040E1	7.837738E4	7.371476E3	8.082532E1	9.212157E1
1.767600E1	3.535200E4	8.127850E0	-2.684876E1	2.805206E1	7.840684E4	7.474303E3	9.515970E1	9.125641E1
1.768000E1	3.536000E4	1.979743E1	-1.835103E1	2.699442E1	7.843717E4	7.833463E3	1.068293E2	8.275868E1
1.768400E1	3.536800E4	2.574135E1	-4.766141E0	2.617886E1	7.846951E4	8.175418E3	1.127732E2	6.917378E1
1.768800E1	3.537600E4	2.402018E1	9.986182E0	2.601332E1	7.850257E4	8.214916E3	1.110520E2	5.442146E1
1.769200E1	3.538400E4	1.520686E1	2.190387E1	2.666511E1	7.853523E4	7.985877E3	1.022387E2	4.250377E1
1.769600E1	3.539200E4	1.700147E0	2.749545E1	2.754796E1	7.856646E4	7.607775E3	8.873199E1	3.691219E1
1.770000E1	3.540000E4	-1.233438E1	2.518681E1	2.804482E1	7.859609E4	7.464800E3	7.469747E1	3.922084E1
1.770400E1	3.540800E4	-2.361206E1	1.581878E1	2.842117E1	7.862618E4	7.500816E3	6.341979E1	4.858887E1
1.770800E1	3.541600E4	-2.841468E1	1.937992E0	2.848069E1	7.865610E4	7.526178E3	5.861717E1	6.246965E1
1.771200E1	3.542400E4	-2.551069E1	-1.265780E1	2.847833E1	7.868639E4	7.537126E3	6.152115E1	7.706544E1
1.771600E1	3.543200E4	-1.579154E1	-2.376391E1	2.853238E1	7.871640E4	7.480878E3	7.124030E1	8.817156E1
1.772000E1	3.544000E4	-1.856287E0	-2.821983E1	2.828082E1	7.874624E4	7.445984E3	8.517556E1	9.262748E1
1.772400E1	3.544800E4	1.205851E1	-2.476404E1	2.754388E1	7.877596E4	7.567471E3	9.909036E1	8.917168E1
1.772800E1	3.545600E4	2.228707E1	-1.459742E1	2.664204E1	7.880678E4	7.924751E3	1.093189E2	7.900506E1
1.773200E1	3.546400E4	2.589285E1	-2.887236E-1	2.589446E1	7.883936E4	8.246822E3	1.129247E2	6.469637E1
1.773600E1	3.547200E4	2.198939E1	1.414453E1	2.614577E1	7.887275E4	8.227098E3	1.090212E2	5.026311E1
1.774000E1	3.548000E4	1.129013E1	2.440938E1	2.689396E1	7.890518E4	7.885775E3	9.832198E1	3.999826E1
1.774400E1	3.548800E4	-2.819890E0	2.758374E1	2.772750E1	7.893584E4	7.532339E3	8.421196E1	3.682391E1
1.774800E1	3.549600E4	-1.646495E1	2.313709E1	2.839752E1	7.896544E4	7.440811E3	7.056690E1	4.127056E1
1.775200E1	3.550400E4	-2.593479E1	1.189383E1	2.853203E1	7.899536E4	7.522575E3	6.109706E1	5.251382E1
1.775600E1	3.551200E4	-2.814840E1	-2.768524E0	2.828422E1	7.902562E4	7.611186E3	5.888345E1	6.717617E1
1.776000E1	3.552000E4	-2.287440E1	-1.677408E1	2.836562E1	7.905625E4	7.563817E3	6.415744E1	8.118173E1
1.776400E1	3.552800E4	-1.153332E1	-2.606052E1	2.849856E1	7.908613E4	7.380514E3	7.549853E1	9.046816E1
1.776800E1	3.553600E4	2.597080E0	-2.801074E1	2.813088E1	7.911530E4	7.385586E3	8.962893E1	9.241838E1
1.777200E1	3.554400E4	1.570495E1	-2.225290E1	2.723669E1	7.914521E4	7.753979E3	1.027368E2	8.666055E1
1.777600E1	3.555200E4	2.425774E1	-1.013281E1	2.628901E1	7.917733E4	8.132161E3	1.112896E2	7.454045E1
1.778000E1	3.556000E4	2.542697E1	4.606997E0	2.584096E1	7.921027E4	8.275115E3	1.124588E2	5.980065E1
1.778400E1	3.556800E4	1.909196E1	1.813655E1	2.633320E1	7.924353E4	8.077363E3	1.061238E2	4.627110E1
1.778800E1	3.557600E4	7.097641E0	2.628433E1	2.722577E1	7.927489E4	7.682839E3	9.412949E1	3.812331E1
1.779200E1	3.558400E4	-7.252736E0	2.708152E1	2.803588E1	7.930499E4	7.447187E3	7.977911E1	3.732612E1
1.779600E1	3.559200E4	-1.985222E1	2.022565E1	2.834056E1	7.933447E4	7.437677E3	6.717963E1	4.418199E1
1.780000E1	3.560000E4	-2.735432E1	7.589088E0	2.838755E1	7.936449E4	7.517577E3	5.967753E1	5.681856E1
1.780400E1	3.560800E4	-2.749960E1	-7.166574E0	2.841809E1	7.939461E4	7.563304E3	5.953225E1	7.157422E1
1.780800E1	3.561600E4	-2.011699E1	-2.011732E1	2.844996E1	7.942500E4	7.556528E3	6.691486E1	8.452497E1
1.781200E1	3.562400E4	-7.292259E0	-2.732758E1	2.828380E1	7.945506E4	7.480169E3	7.973959E1	9.173522E1
1.781600E1	3.563200E4	7.130397E0	-2.690792E1	2.783664E1	7.948484E4	7.510819E3	9.416224E1	9.131556E1
1.782000E1	3.564000E4	1.913525E1	-1.903829E1	2.699286E1	7.951515E4	7.800437E3	1.061671E2	8.344593E1
1.782400E1	3.564800E4	2.543717E1	-5.758028E0	2.608073E1	7.954725E4	8.153839E3	1.124690E2	7.016567E1
1.782800E1	3.565600E4	2.417906E1	8.980705E0	2.579303E1	7.958038E4	8.250297E3	1.112109E2	5.542694E1
1.783200E1	3.566400E4	1.584956E1	2.122336E1	2.648848E1	7.961325E4	7.993964E3	1.028814E2	4.318429E1
1.783600E1	3.567200E4	2.718025E0	2.736621E1	2.750085E1	7.964433E4	7.624485E3	8.974987E1	3.704144E1
1.784000E1	3.568000E4	-1.152355E1	2.558900E1	2.806402E1	7.967424E4	7.461811E3	7.550829E1	3.881865E1
1.784400E1	3.568800E4	-2.300207E1	1.669822E1	2.842404E1	7.970402E4	7.457408E3	6.402978E1	4.770942E1
1.784800E1	3.569600E4	-2.821689E1	3.014101E0	2.837741E1	7.973390E4	7.581708E3	5.881496E1	6.139354E1
1.785200E1	3.570400E4	-2.562272E1	-1.177219E1	2.819766E1	7.976468E4	7.605902E3	6.140913E1	7.617984E1
1.785600E1	3.571200E4	-1.641285E1	-2.322370E1	2.843804E1	7.979475E4	7.434311E3	7.061899E1	8.763134E1
1.786000E1	3.572000E4	-2.875765E0	-2.807062E1	2.821754E1	7.982415E4	7.403224E3	8.415608E1	9.247826E1
1.786400E1	3.572800E4	1.121067E1	-2.520818E1	2.758861E1	7.985398E4	7.618973E3	9.824252E1	8.961582E1
1.786800E1	3.573600E4	2.184524E1	-1.523810E1	2.663483E1	7.988510E4	7.963933E3	1.088771E2	7.964574E1
1.787200E1	3.574400E4	2.598014E1	-1.049235E0	2.600132E1	7.991769E4	8.204418E3	1.130120E2	6.545688E1
1.787600E1	3.575200E4	2.246889E1	1.336107E1	2.614133E1	7.995074E4	8.184937E3	1.095007E2	5.104658E1
1.788000E1	3.576000E4	1.206107E1	2.384253E1	2.671957E1	7.998317E4	7.876945E3	9.909292E1	4.056512E1
1.788400E1	3.576800E4	-1.823151E0	2.779151E1	2.785125E1	8.001375E4	7.558221E3	8.520870E1	3.661613E1
1.788800E1	3.577600E4	-1.573961E1	2.366082E1	2.841777E1	8.004363E4	7.419854E3	7.129224E1	4.074682E1
1.789200E1	3.578400E4	-2.548339E1	1.292169E1	2.857224E1	8.007311E4	7.437896E3	6.154846E1	5.148596E1
1.789600E1	3.579200E4	-2.840591E1	-1.556180E0	2.844850E1	8.010314E4	7.605962E3	5.862594E1	6.596382E1
1.790000E1	3.580000E4	-2.362862E1	-1.591360E1	2.848779E1	8.013396E4	7.583623E3	6.340323E1	8.032125E1
1.790400E1	3.580800E4	-1.260179E1	-2.561555E1	2.854753E1	8.016380E4	7.398149E3	7.443005E1	9.002319E1
1.790800E1	3.581600E4	1.552599E0	-2.825689E1	2.829951E1	8.019315E4	7.429020E3	8.858445E1	9.266453E1
1.791200E1	3.582400E4	1.496769E1	-2.284093E1	2.730824E1	8.022324E4	7.706646E3	1.019995E2	8.724858E1
1.791600E1	3.583200E4	2.383544E1	-1.121704E1	2.634294E1	8.025480E4	8.128570E3	1.108673E2	7.562468E1
1.792000E1	3.584000E4	2.557954E1	3.715895E0	2.584803E1	8.028827E4	8.328746E3	1.126114E2	6.069175E1
1.792400E1	3.584800E4	1.964994E1	1.734091E1	2.620740E1	8.032143E4	8.135021E3	1.066818E2	4.706673E1
1.792800E1	3.585600E4	7.779003E0	2.600396E1	2.714256E1	8.035335E4	7.724495E3	9.481085E1	3.840369E1
1.793200E1	3.586400E4	-6.398382E0	2.722812E1	2.796981E1	8.038322E4	7.456340E3	8.063347E1	3.717952E1
1.793600E1	3.587200E4	-1.934793E1	2.075079E1	2.837142E1	8.041300E4	7.450984E3	6.768391E1	4.365686E1
1.794000E1	3.588000E4	-2.727285E1	8.425684E0	2.854471E1	8.044283E4	7.524758E3	5.975900E1	5.598196E1
1.794400E1	3.588800E4	-2.761885E1	-6.475093E0	2.836773E1	8.047319E4	7.619786E3	5.941299E1	7.088274E1
1.794800E1	3.589600E4	-2.060237E1	-1.975024E1	2.853996E1	8.050379E4	7.518574E3	6.642948E1	8.415788E1
1.795200E1	3.590400E4	-8.167047E0	-2.729657E1	2.849216E1	8.053334E4	7.394698E3	7.886480E1	9.170421E1
1.795600E1	3.591200E4	6.260468E0	-2.723013E1	2.794054E1	8.056295E4	7.472080E3	9.329232E1	9.163778E1
1.796000E1	3.592000E4	1.844907E1	-1.970158E1	2.699112E1	8.059312E4	7.774309E3	1.054809E2	8.410922E1
1.796400E1	3.592800E4	2.517528E1	-6.678718E0	2.604611E1	8.062514E4	8.153433E3	1.122071E2	7.108636E1
1.796800E1	3.593600E4	2.453500E1	8.136550E0	2.584898E1	8.065835E4	8.293141E3	1.115668E2	5.627109E1
1.797200E1	3.594400E4	1.636684E1	2.056668E1	2.628425E1	8.069149E4	8.066565E3	1.033987E2	4.384096E1
1.797600E1	3.595200E4	3.407811E0	2.728038E1	2.749240E1	8.072288E4	7.652916E3	9.043966E1	3.712727E1
1.798000E1	3.596000E4	-1.090007E1	2.604370E1	2.823270E1	8.075271E4	7.435228E3	7.613178E1	3.836395E1
1.798400E1	3.596800E4	-2.254825E1	1.738868E1	2.847437E1	8.078236E4	7.472627E3	6.448360E1	4.701896E1
1.798800E1	3.597600E4	-2.825099E1	3.723431E0	2.849530E1	8.081249E4	7.571657E3	5.878086E1	6.068421E1
1.799200E1	3.598400E4	-2.605044E1	-1.102273E1	2.828650E1	8.084293E4	7.598401E3	6.098140E1	7.543037E1
1.799600E1	3.599200E4	-1.698756E1	-2.277313E1	2.841114E1	8.087328E4	7.502361E3	7.004429E1	8.718077E1
1.800000E1	3.600000E4	-3.475606E0	-2.811816E1	2.833216E1	8.090295E4	7.370098E3	8.355624E1	9.252581E1
1.800400E1	3.600800E4	1.047977E1	-2.562902E1	2.768885E1	8.093224E4	7.512292E3	9.751162E1	9.003666E1
1.800800E1	3.601600E4	2.133191E1	-1.604446E1	2.669223E1	8.096305E4	7.931854E3	1.083638E2	8.045211E1
1.801200E1	3.602400E4	2.580990E1	-1.943095E0	2.588294E1	8.099569E4	8.213835E3	1.128417E2	6.635074E1
1.801600E1	3.603200E4	2.278461E1	1.250658E1	2.599141E1	8.102876E4	8.183761E3	1.098165E2	5.190106E1
1.802000E1	3.604000E4	1.283826E1	2.331867E1	2.661920E1	8.106116E4	7.949425E3	9.987011E1	4.108897E1
1.802400E1	3.604800E4	-1.133796E0	2.753403E1	2.755737E1	8.109236E4	7.614321E3	8.589805E1	3.687361E1
1.802800E1	3.605600E4	-1.490655E1	2.378218E1	2.806773E1	8.112208E4	7.465196E3	7.212530E1	4.062546E1
1.803200E1	3.606400E4	-2.506321E1	1.328173E1	2.836493E1	8.115208E4	7.529149E3	6.196864E1	5.112591E1
1.803600E1	3.607200E4	-2.820870E1	-1.139123E0	2.823169E1	8.118231E4	7.592154E3	5.882315E1	6.554677E1
1.804000E1	3.608000E4	-2.376336E1	-1.532430E1	2.827598E1	8.121282E4	7.559534E3	6.326849E1	7.973194E1
1.804400E1	3.608800E4	-1.296547E1	-2.521588E1	2.835391E1	8.124279E4	7.435059E3	7.406637E1	8.962353E1
1.804800E1	3.609600E4	1.125030E0	-2.804409E1	2.806664E1	8.127230E4	7.454058E3	8.815688E1	9.245173E1
1.805200E1	3.610400E4	1.465612E1	-2.307547E1	2.733641E1	8.130242E4	7.691239E3	1.016880E2	8.748312E1
1.805600E1	3.611200E4	2.358093E1	-1.158936E1	2.627497E1	8.133383E4	8.034583E3	1.106128E2	7.599701E1
1.806000E1	3.612000E4	2.550332E1	2.994983E0	2.567858E1	8.136670E4	8.276904E3	1.125352E2	6.141266E1
1.806400E1	3.612800E4	1.978078E1	1.662302E1	2.583804E1	8.140004E4	8.159644E3	1.068126E2	4.778463E1
1.806800E1	3.613600E4	8.418372E0	2.587068E1	2.720590E1	8.143198E4	7.783163E3	9.545022E1	3.853696E1
1.807200E1	3.614400E4	-5.995561E0	2.748034E1	2.812678E1	8.146231E4	7.490631E3	8.103629E1	3.692730E1
1.807600E1	3.615200E4	-1.891600E1	2.108218E1	2.832443E1	8.149190E4	7.433649E3	6.811585E1	4.332546E1
1.808000E1	3.616000E4	-2.699296E1	8.886890E0	2.841825E1	8.152178E4	7.527876E3	6.003888E1	5.552075E1
1.808400E1	3.616800E4	-2.769044E1	-5.947976E0	2.832206E1	8.155212E4	7.601025E3	5.934141E1	7.035562E1
1.808800E1	3.617600E4	-2.090890E1	-1.921670E1	2.839830E1	8.158259E4	7.517895E3	6.612295E1	8.362434E1
1.809200E1	3.618400E4	-8.623285E0	-2.696543E1	2.831070E1	8.161227E4	7.415675E3	7.840856E1	9.137308E1
1.809600E1	3.619200E4	5.753881E0	-2.727931E1	2.787953E1	8.164191E4	7.512979E3	9.278573E1	9.168695E1
1.810000E1	3.620000E4	1.825222E1	-2.000972E1	2.708381E1	8.167237E4	7.797286E3	1.052841E2	8.441736E1
1.810400E1	3.620800E4	2.512212E1	-7.066810E0	2.609714E1	8.170429E4	8.134078E3	1.121540E2	7.147445E1
1.810800E1	3.621600E4	2.468735E1	7.756749E0	2.587726E1	8.173744E4	8.227325E3	1.117192E2	5.665089E1
1.811200E1	3.622400E4	1.706084E1	2.040988E1	2.660142E1	8.177011E4	8.011970E3	1.040927E2	4.399776E1
1.811600E1	3.623200E4	4.037204E0	2.713812E1	2.743677E1	8.180154E4	7.661692E3	9.106905E1	3.726953E1
1.812000E1	3.624000E4	-1.024475E1	2.614026E1	2.807611E1	8.183140E4	7.469567E3	7.678710E1	3.826738E1
1.812400E1	3.624800E4	-2.204201E1	1.766215E1	2.824539E1	8.186129E4	7.494908E3	6.498983E1	4.674549E1
1.812800E1	3.625600E4	-2.791308E1	4.241293E0	2.823347E1	8.189136E4	7.602981E3	5.911876E1	6.016635E1
1.813200E1	3.626400E4	-2.611834E1	-1.061556E1	2.819323E1	8.192212E4	7.666129E3	6.091350E1	7.502320E1
1.813600E1	3.627200E4	-1.723619E1	-2.261692E1	2.843609E1	8.195269E4	7.522794E3	6.979565E1	8.702456E1
1.814000E1	3.628000E4	-3.808362E0	-2.817163E1	2.842788E1	8.198230E4	7.357192E3	8.322348E1	9.257928E1
1.814400E1	3.628800E4	1.021048E1	-2.585890E1	2.780174E1	8.201155E4	7.493212E3	9.724233E1	9.026655E1
1.814800E1	3.629600E4	2.121932E1	-1.643160E1	2.683760E1	8.204225E4	7.928600E3	1.082512E2	8.083924E1
1.815200E1	3.630400E4	2.582598E1	-2.270580E0	2.592560E1	8.207498E4	8.235332E3	1.128578E2	6.667822E1
1.815600E1	3.631200E4	2.303980E1	1.231737E1	2.612566E1	8.210813E4	8.180268E3	1.100716E2	5.209027E1
1.816000E1	3.632000E4	1.320972E1	2.327006E1	2.675803E1	8.214042E4	7.927797E3	1.002416E2	4.113759E1
1.816400E1	3.632800E4	-7.491770E-1	2.765246E1	2.766261E1	8.217155E4	7.610526E3	8.628267E1	3.675518E1
1.816800E1	3.633600E4	-1.471743E1	2.420409E1	2.832739E1	8.220130E4	7.452172E3	7.231442E1	4.020355E1
1.817200E1	3.634400E4	-2.494063E1	1.372864E1	2.846947E1	8.223117E4	7.498024E3	6.209121E1	5.067900E1
1.817600E1	3.635200E4	-2.827820E1	-6.348607E-1	2.828533E1	8.226129E4	7.606505E3	5.875364E1	6.504250E1
1.818000E1	3.636000E4	-2.402083E1	-1.502231E1	2.833143E1	8.229202E4	7.607993E3	6.301102E1	7.942996E1
1.818400E1	3.636800E4	-1.327937E1	-2.513343E1	2.842589E1	8.232215E4	7.452099E3	7.375248E1	8.954107E1
1.818800E1	3.637600E4	8.052259E-1	-2.815638E1	2.816789E1	8.235164E4	7.436818E3	8.783707E1	9.256403E1
1.819200E1	3.638400E4	1.441515E1	-2.339069E1	2.747582E1	8.238164E4	7.672192E3	1.014470E2	8.779833E1
1.819600E1	3.639200E4	2.354134E1	-1.198681E1	2.641739E1	8.241302E4	8.058417E3	1.105732E2	7.639446E1
1.820000E1	3.640000E4	2.559852E1	2.741083E0	2.574486E1	8.244611E4	8.302091E3	1.126304E2	6.166656E1
1.820400E1	3.640800E4	2.015962E1	1.657839E1	2.610083E1	8.247943E4	8.134296E3	1.071915E2	4.782926E1
1.820800E1	3.641600E4	8.799133E0	2.582703E1	2.728480E1	8.251119E4	7.700137E3	9.583098E1	3.858061E1
1.821200E1	3.642400E4	-5.379710E0	2.759013E1	2.810972E1	8.254103E4	7.434536E3	8.165214E1	3.681752E1
1.821600E1	3.643200E4	-1.861817E1	2.167424E1	2.857287E1	8.257066E4	7.449499E3	6.841367E1	4.273340E1
1.822000E1	3.644000E4	-2.693771E1	9.470694E0	2.855406E1	8.260063E4	7.557436E3	6.009413E1	5.493695E1
1.822400E1	3.644800E4	-2.777927E1	-5.461187E0	2.831099E1	8.263112E4	7.672529E3	5.925258E1	6.986883E1
1.822800E1	3.645600E4	-2.119594E1	-1.909141E1	2.852630E1	8.266201E4	7.566094E3	6.583591E1	8.349905E1
1.823200E1	3.646400E4	-8.943912E0	-2.696622E1	2.841075E1	8.269165E4	7.385445E3	7.808794E1	9.137386E1
1.823600E1	3.647200E4	5.389381E0	-2.748701E1	2.801038E1	8.272109E4	7.464371E3	9.242123E1	9.189466E1
1.824000E1	3.648000E4	1.793656E1	-2.036954E1	2.714108E1	8.275137E4	7.801059E3	1.049684E2	8.477718E1
1.824400E1	3.648800E4	2.511121E1	-7.437455E0	2.618948E1	8.278350E4	8.098842E3	1.121431E2	7.184510E1
1.824800E1	3.649600E4	2.483412E1	7.194548E0	2.585527E1	8.281616E4	8.229588E3	1.118660E2	5.721310E1
1.825200E1	3.650400E4	1.713641E1	1.994996E1	2.629938E1	8.284934E4	8.106470E3	1.041683E2	4.445768E1
1.825600E1	3.651200E4	4.278930E0	2.704139E1	2.737784E1	8.288101E4	7.711578E3	9.131078E1	3.736625E1
1.826000E1	3.652000E4	-1.009872E1	2.626550E1	2.814002E1	8.291103E4	7.469260E3	7.693313E1	3.814214E1
1.826400E1	3.652800E4	-2.196450E1	1.793785E1	2.835853E1	8.294076E4	7.473283E3	6.506734E1	4.646979E1
1.826800E1	3.653600E4	-2.795303E1	4.518729E0	2.831591E1	8.297082E4	7.634935E3	5.907882E1	5.988891E1
1.827200E1	3.654400E4	-2.627692E1	-1.053228E1	2.830911E1	8.300184E4	7.691107E3	6.075493E1	7.493993E1
1.827600E1	3.655200E4	-1.741417E1	-2.256888E1	2.850628E1	8.303235E4	7.466042E3	6.961767E1	8.697652E1
1.828000E1	3.656000E4	-4.167188E0	-2.811885E1	2.842596E1	8.306157E4	7.336140E3	8.286466E1	9.252650E1
1.828400E1	3.656800E4	1.000615E1	-2.601900E1	2.787672E1	8.309104E4	7.524303E3	9.703800E1	9.042664E1
1.828800E1	3.657600E4	2.110425E1	-1.662853E1	2.686815E1	8.312176E4	7.864173E3	1.081361E2	8.103618E1
1.829200E1	3.658400E4	2.592850E1	-2.748678E0	2.607379E1	8.315395E4	8.181511E3	1.129604E2	6.715632E1
1.829600E1	3.659200E4	2.307159E1	1.186568E1	2.594403E1	8.318722E4	8.259261E3	1.101034E2	5.254196E1
1.830000E1	3.660000E4	1.333204E1	2.311297E1	2.668244E1	8.322002E4	8.008992E3	1.003639E2	4.129467E1
1.830400E1	3.660800E4	-6.202114E-1	2.757161E1	2.757858E1	8.325129E4	7.604328E3	8.641164E1	3.683604E1
1.830800E1	3.661600E4	-1.458865E1	2.441704E1	2.844328E1	8.328086E4	7.453226E3	7.244320E1	3.999061E1
1.831200E1	3.662400E4	-2.492232E1	1.386337E1	2.851868E1	8.331091E4	7.488597E3	6.210953E1	5.054428E1
1.831600E1	3.663200E4	-2.841636E1	-3.800129E-1	2.841890E1	8.334077E4	7.522768E3	5.861549E1	6.478766E1
1.832000E1	3.664000E4	-2.432863E1	-1.467398E1	2.841141E1	8.337110E4	7.561101E3	6.270321E1	7.908163E1
1.832400E1	3.664800E4	-1.372914E1	-2.503008E1	2.854810E1	8.340125E4	7.470638E3	7.330271E1	8.943772E1
1.832800E1	3.665600E4	4.227454E-1	-2.810756E1	2.811074E1	8.343086E4	7.450604E3	8.745459E1	9.251520E1
1.833200E1	3.666400E4	1.401291E1	-2.345117E1	2.731884E1	8.346086E4	7.658673E3	1.010448E2	8.785882E1
1.833600E1	3.667200E4	2.340325E1	-1.237514E1	2.647369E1	8.349213E4	8.090804E3	1.104351E2	7.678278E1
1.834000E1	3.668000E4	2.565581E1	2.509359E0	2.577824E1	8.352559E4	8.321094E3	1.126877E2	6.189828E1
1.834400E1	3.668800E4	2.022405E1	1.620242E1	2.591391E1	8.355870E4	8.132659E3	1.072559E2	4.820522E1
1.834800E1	3.669600E4	8.929853E0	2.542498E1	2.694757E1	8.359065E4	7.804228E3	9.596170E1	3.898267E1
1.835200E1	3.670400E4	-5.360442E0	2.723774E1	2.776020E1	8.362113E4	7.580252E3	8.167141E1	3.716991E1
1.835600E1	3.671200E4	-1.871849E1	2.131465E1	2.836717E1	8.365129E4	7.488666E3	6.831336E1	4.309299E1
1.836000E1	3.672000E4	-2.692928E1	9.249908E0	2.847361E1	8.368104E4	7.517518E3	6.010257E1	5.515773E1
1.836400E1	3.672800E4	-2.775798E1	-5.611959E0	2.831959E1	8.371143E4	7.614276E3	5.927387E1	7.001960E1
1.836800E1	3.673600E4	-2.121736E1	-1.907550E1	2.853158E1	8.374196E4	7.551681E3	6.581449E1	8.348314E1
1.837200E1	3.674400E4	-8.857692E0	-2.700933E1	2.842468E1	8.377184E4	7.406152E3	7.817416E1	9.141698E1
1.837600E1	3.675200E4	5.454559E0	-2.753140E1	2.806653E1	8.380121E4	7.422411E3	9.248641E1	9.193905E1
1.838000E1	3.676000E4	1.793224E1	-2.046766E1	2.721195E1	8.383122E4	7.731801E3	1.049641E2	8.487531E1
1.838400E1	3.676800E4	2.511163E1	-7.648263E0	2.625052E1	8.386306E4	8.117201E3	1.121435E2	7.205591E1
1.838800E1	3.677600E4	2.483814E1	7.197361E0	2.585991E1	8.389616E4	8.280424E3	1.118700E2	5.721028E1
1.839200E1	3.678400E4	1.717657E1	1.997257E1	2.634271E1	8.392930E4	8.111976E3	1.042084E2	4.443507E1
1.839600E1	3.679200E4	4.257595E0	2.705200E1	2.738499E1	8.396106E4	7.726657E3	9.128944E1	3.735565E1
1.840000E1	3.680000E4	-1.013417E1	2.623950E1	2.812851E1	8.399112E4	7.496236E3	7.689768E1	3.816814E1
1.840400E1	3.680800E4	-2.201339E1	1.780973E1	2.831565E1	8.402103E4	7.496793E3	6.501845E1	4.659791E1
1.840800E1	3.681600E4	-2.796277E1	4.382953E0	2.830418E1	8.405109E4	7.637453E3	5.906908E1	6.002469E1
1.841200E1	3.682400E4	-2.622366E1	-1.066184E1	2.830822E1	8.408213E4	7.686405E3	6.080819E1	7.506949E1
1.841600E1	3.683200E4	-1.732289E1	-2.264351E1	2.850985E1	8.411258E4	7.472604E3	6.970895E1	8.705116E1
1.842000E1	3.684000E4	-4.002799E0	-2.814690E1	2.843010E1	8.414191E4	7.349333E3	8.302905E1	9.255455E1
1.842400E1	3.684800E4	1.013711E1	-2.589651E1	2.780989E1	8.417138E4	7.542756E3	9.716896E1	9.030415E1
1.842800E1	3.685600E4	2.117437E1	-1.639599E1	2.678026E1	8.420225E4	7.960845E3	1.082062E2	8.080364E1
1.843200E1	3.686400E4	2.585052E1	-2.232322E0	2.594673E1	8.423506E4	8.245975E3	1.128824E2	6.663997E1
1.843600E1	3.687200E4	2.306892E1	1.237776E1	2.617984E1	8.426822E4	8.192205E3	1.101008E2	5.202989E1
1.844000E1	3.688000E4	1.312363E1	2.329269E1	2.673535E1	8.430060E4	7.925828E3	1.001555E2	4.111495E1
1.844400E1	3.688800E4	-7.825088E-1	2.762296E1	2.763404E1	8.433162E4	7.615658E3	8.624934E1	3.678468E1
1.844800E1	3.689600E4	-1.480508E1	2.413381E1	2.831309E1	8.436153E4	7.480731E3	7.222677E1	4.027384E1
1.845200E1	3.690400E4	-2.497716E1	1.357928E1	2.842983E1	8.439147E4	7.512001E3	6.205469E1	5.082836E1
1.845600E1	3.691200E4	-2.825364E1	-8.007335E-1	2.826499E1	8.442162E4	7.623021E3	5.877820E1	6.520838E1
1.846000E1	3.692000E4	-2.382450E1	-1.515023E1	2.823360E1	8.445245E4	7.635012E3	6.320734E1	7.955787E1
1.846400E1	3.692800E4	-1.298541E1	-2.516253E1	2.831561E1	8.448270E4	7.474412E3	7.404643E1	8.957017E1
1.846800E1	3.693600E4	1.101779E0	-2.806768E1	2.808929E1	8.451225E4	7.477386E3	8.813363E1	9.247532E1
1.847200E1	3.694400E4	1.470172E1	-2.305703E1	2.734533E1	8.454252E4	7.695599E3	1.017336E2	8.746467E1
1.847600E1	3.695200E4	2.385082E1	-1.172947E1	2.657898E1	8.457381E4	8.003122E3	1.108827E2	7.613711E1
1.848000E1	3.696000E4	2.584358E1	2.966230E0	2.601325E1	8.460655E4	8.261513E3	1.128754E2	6.144141E1
1.848400E1	3.696800E4	2.016898E1	1.686679E1	2.629213E1	8.463990E4	8.184559E3	1.072008E2	4.754085E1
1.848800E1	3.697600E4	8.408853E0	2.591674E1	2.724677E1	8.467202E4	7.811196E3	9.544070E1	3.849090E1
1.849200E1	3.698400E4	-6.031194E0	2.744417E1	2.809907E1	8.470239E4	7.533621E3	8.100065E1	3.696347E1
1.849600E1	3.699200E4	-1.905529E1	2.094665E1	2.831724E1	8.473229E4	7.503221E3	6.797655E1	4.346100E1
1.850000E1	3.700000E4	-2.701368E1	8.558764E0	2.833710E1	8.476242E4	7.599470E3	6.001817E1	5.584888E1
1.850400E1	3.700800E4	-2.758722E1	-6.414036E0	2.832304E1	8.479309E4	7.621747E3	5.944462E1	7.082168E1
1.850800E1	3.701600E4	-2.060350E1	-1.947980E1	2.835431E1	8.482339E4	7.533015E3	6.642835E1	8.388744E1
1.851200E1	3.702400E4	-8.155906E0	-2.727646E1	2.846970E1	8.485335E4	7.482153E3	7.887594E1	9.168410E1
1.851600E1	3.703200E4	6.411515E0	-2.722575E1	2.797050E1	8.488325E4	7.515136E3	9.344336E1	9.163340E1
1.852000E1	3.704000E4	1.854293E1	-1.955797E1	2.695097E1	8.491347E4	7.764599E3	1.055748E2	8.396562E1
1.852400E1	3.704800E4	2.520370E1	-6.580017E0	2.604847E1	8.494537E4	8.161020E3	1.122355E2	7.098766E1
1.852800E1	3.705600E4	2.438320E1	8.282731E0	2.575159E1	8.497876E4	8.356152E3	1.114151E2	5.612491E1
1.853200E1	3.706400E4	1.608407E1	2.074847E1	2.625255E1	8.501222E4	8.097236E3	1.031159E2	4.365918E1
1.853600E1	3.707200E4	3.093664E0	2.732229E1	2.749688E1	8.504354E4	7.647107E3	9.012551E1	3.708535E1
1.854000E1	3.708000E4	-1.117964E1	2.584173E1	2.815634E1	8.507339E4	7.459618E3	7.585221E1	3.856591E1
1.854400E1	3.708800E4	-2.274114E1	1.700206E1	2.839418E1	8.510322E4	7.507692E3	6.429071E1	4.740558E1
1.854800E1	3.709600E4	-2.815398E1	3.229748E0	2.833863E1	8.513346E4	7.640842E3	5.887787E1	6.117790E1
1.855200E1	3.710400E4	-2.575262E1	-1.165140E1	2.826575E1	8.516434E4	7.655214E3	6.127922E1	7.605904E1
1.855600E1	3.711200E4	-1.641427E1	-2.318057E1	2.840365E1	8.519470E4	7.478311E3	7.061757E1	8.758821E1
1.856000E1	3.712000E4	-2.872372E0	-2.813228E1	2.827854E1	8.522417E4	7.418217E3	8.415948E1	9.253992E1
1.856400E1	3.712800E4	1.124070E1	-2.519583E1	2.758955E1	8.525404E4	7.634664E3	9.827255E1	8.960348E1
1.856800E1	3.713600E4	2.186392E1	-1.516896E1	2.661068E1	8.528525E4	8.009972E3	1.088958E2	7.957661E1
1.857200E1	3.714400E4	2.598293E1	-8.514925E-1	2.599688E1	8.531812E4	8.258025E3	1.130148E2	6.525914E1
1.857600E1	3.715200E4	2.230277E1	1.356652E1	2.610486E1	8.535131E4	8.236194E3	1.093346E2	5.084112E1
1.858000E1	3.716000E4	1.182916E1	2.426689E1	2.699650E1	8.538401E4	7.892600E3	9.886101E1	4.014075E1
1.858400E1	3.716800E4	-2.163161E0	2.778009E1	2.786418E1	8.541445E4	7.534004E3	8.486869E1	3.662756E1
1.858800E1	3.717600E4	-1.597116E1	2.342637E1	2.835265E1	8.544428E4	7.524524E3	7.106068E1	4.098128E1
1.859200E1	3.718400E4	-2.558042E1	1.211986E1	2.830634E1	8.547465E4	7.600587E3	6.145142E1	5.228779E1
1.859600E1	3.719200E4	-2.820139E1	-2.511597E0	2.831301E1	8.550509E4	7.669725E3	5.883045E1	6.691924E1
1.860000E1	3.720000E4	-2.293127E1	-1.666450E1	2.834693E1	8.553601E4	7.611382E3	6.410058E1	8.107214E1
1.860400E1	3.720800E4	-1.162537E1	-2.608694E1	2.856007E1	8.556598E4	7.409388E3	7.540647E1	9.049458E1
1.860800E1	3.721600E4	2.599552E0	-2.812064E1	2.824054E1	8.559528E4	7.451483E3	8.963140E1	9.252829E1
1.861200E1	3.722400E4	1.583488E1	-2.212427E1	2.720710E1	8.562559E4	7.767041E3	1.028667E2	8.653191E1
1.861600E1	3.723200E4	2.429447E1	-1.010391E1	2.631179E1	8.565742E4	8.171576E3	1.113263E2	7.451155E1
1.862000E1	3.724000E4	2.537993E1	4.917191E0	2.585187E1	8.569096E4	8.339128E3	1.124118E2	5.949045E1
1.862400E1	3.724800E4	1.882051E1	1.825805E1	2.622152E1	8.572413E4	8.067463E3	1.058524E2	4.614959E1
1.862800E1	3.725600E4	6.823048E0	2.639139E1	2.725911E1	8.575550E4	7.729102E3	9.385490E1	3.801626E1
1.863200E1	3.726400E4	-7.683970E0	2.686133E1	2.793877E1	8.578596E4	7.558132E3	7.934788E1	3.754631E1
1.863600E1	3.727200E4	-2.044819E1	1.976757E1	2.844091E1	8.581597E4	7.522889E3	6.658366E1	4.464007E1
1.864000E1	3.728000E4	-2.763670E1	6.815412E0	2.846466E1	8.584615E4	7.584874E3	5.939515E1	5.759223E1
1.864400E1	3.728800E4	-2.718800E1	-8.130202E0	2.837759E1	8.587665E4	7.645315E3	5.984385E1	7.253785E1
1.864800E1	3.729600E4	-1.920908E1	-2.082352E1	2.833033E1	8.590731E4	7.607055E3	6.782277E1	8.523116E1
1.865200E1	3.730400E4	-6.124150E0	-2.763572E1	2.830615E1	8.593751E4	7.480563E3	8.090770E1	9.204336E1
1.865600E1	3.731200E4	8.263965E0	-2.677282E1	2.801923E1	8.596715E4	7.518145E3	9.529581E1	9.118046E1
1.866000E1	3.732000E4	1.995174E1	-1.818642E1	2.699662E1	8.599765E4	7.884861E3	1.069836E2	8.259407E1
1.866400E1	3.732800E4	2.568633E1	-4.421671E0	2.606412E1	8.603023E4	8.240011E3	1.127182E2	6.882931E1
1.866800E1	3.733600E4	2.395727E1	1.045187E1	2.613795E1	8.606357E4	8.239766E3	1.109891E2	5.395577E1
1.867200E1	3.734400E4	1.483172E1	2.211433E1	2.662750E1	8.609615E4	7.986521E3	1.018636E2	4.229331E1
1.867600E1	3.735200E4	1.218191E0	2.748759E1	2.751457E1	8.612746E4	7.671122E3	8.825004E1	3.692005E1
1.868000E1	3.736000E4	-1.299393E1	2.493998E1	2.812196E1	8.615752E4	7.539830E3	7.403792E1	3.946766E1
1.868400E1	3.736800E4	-2.392649E1	1.507835E1	2.828133E1	8.618778E4	7.581801E3	6.310535E1	4.932929E1
1.868800E1	3.737600E4	-2.825304E1	9.005836E-1	2.826739E1	8.621817E4	7.648447E3	5.877880E1	6.350706E1
1.869200E1	3.738400E4	-2.466896E1	-1.365659E1	2.819681E1	8.624897E4	7.637675E3	6.236288E1	7.806424E1
1.869600E1	3.739200E4	-1.457408E1	-2.452183E1	2.852585E1	8.627928E4	7.464983E3	7.245777E1	8.892947E1
1.870000E1	3.740000E4	-6.485693E-1	-2.832969E1	2.833712E1	8.630869E4	7.442429E3	8.638328E1	9.273734E1
1.870400E1	3.740800E4	1.321011E1	-2.401409E1	2.740773E1	8.633882E4	7.711682E3	1.002420E2	8.842174E1
1.870800E1	3.741600E4	2.304264E1	-1.309963E1	2.650592E1	8.637038E4	8.072364E3	1.100745E2	7.750727E1
1.871200E1	3.742400E4	2.589501E1	1.535734E0	2.594051E1	8.640339E4	8.232013E3	1.129269E2	6.287191E1
1.871600E1	3.743200E4	2.109965E1	1.546416E1	2.615980E1	8.643624E4	8.195439E3	1.081315E2	4.894349E1
1.872000E1	3.744000E4	9.655968E0	2.509903E1	2.689236E1	8.646896E4	7.957582E3	9.668782E1	3.930861E1
1.872400E1	3.744800E4	-4.785710E0	2.742444E1	2.783888E1	8.649990E4	7.587438E3	8.224614E1	3.698320E1
1.872800E1	3.745600E4	-1.808788E1	2.182023E1	2.834244E1	8.652966E4	7.477576E3	6.894397E1	4.258741E1
1.873200E1	3.746400E4	-2.663710E1	9.843135E0	2.839757E1	8.655972E4	7.591318E3	6.039475E1	5.456451E1
1.873600E1	3.747200E4	-2.785586E1	-5.106263E0	2.832001E1	8.659039E4	7.639628E3	5.917598E1	6.951391E1
1.874000E1	3.748000E4	-2.141718E1	-1.851055E1	2.830788E1	8.662084E4	7.563220E3	6.561467E1	8.291819E1
1.874400E1	3.748800E4	-9.312782E0	-2.688360E1	2.845094E1	8.665089E4	7.486152E3	7.771906E1	9.129124E1
1.874800E1	3.749600E4	5.233363E0	-2.762915E1	2.812042E1	8.668073E4	7.514849E3	9.226521E1	9.203679E1
1.875200E1	3.750400E4	1.790447E1	-2.058794E1	2.728431E1	8.671101E4	7.787968E3	1.049363E2	8.499558E1
1.875600E1	3.751200E4	2.512630E1	-7.667817E0	2.627026E1	8.674303E4	8.147114E3	1.121581E2	7.207546E1
1.876000E1	3.752000E4	2.486057E1	7.217506E0	2.588707E1	8.677619E4	8.295154E3	1.118924E2	5.719014E1
1.876400E1	3.752800E4	1.714630E1	1.999826E1	2.634247E1	8.680939E4	8.148125E3	1.041781E2	4.440938E1
1.876800E1	3.753600E4	4.103882E0	2.705273E1	2.736224E1	8.684137E4	7.778193E3	9.113573E1	3.735491E1
1.877200E1	3.754400E4	-1.034584E1	2.610915E1	2.808423E1	8.687162E4	7.569195E3	7.668601E1	3.829850E1
1.877600E1	3.755200E4	-2.239977E1	1.754625E1	2.845384E1	8.690193E4	7.569919E3	6.463207E1	4.686139E1
1.878000E1	3.756000E4	-2.824104E1	3.880863E0	2.850645E1	8.693218E4	7.606794E3	5.879080E1	6.052678E1
1.878400E1	3.756800E4	-2.607967E1	-1.095322E1	2.828643E1	8.696278E4	7.656310E3	6.095218E1	7.536086E1
1.878800E1	3.757600E4	-1.692599E1	-2.281244E1	2.840592E1	8.699343E4	7.537369E3	7.010586E1	8.722008E1
1.879200E1	3.758400E4	-3.413429E0	-2.812843E1	2.833479E1	8.702308E4	7.420496E3	8.361842E1	9.253608E1
1.879600E1	3.759200E4	1.069788E1	-2.546180E1	2.761789E1	8.705279E4	7.598303E3	9.772972E1	8.986944E1
1.880000E1	3.760000E4	2.169155E1	-1.583671E1	2.685749E1	8.708387E4	7.970482E3	1.087234E2	8.024435E1
1.880400E1	3.760800E4	2.610396E1	-1.572001E0	2.615125E1	8.711655E4	8.289838E3	1.131358E2	6.597964E1
1.880800E1	3.761600E4	2.250431E1	1.309048E1	2.603468E1	8.715019E4	8.328042E3	1.095362E2	5.131716E1
1.881200E1	3.762400E4	1.204431E1	2.382105E1	2.669284E1	8.718318E4	7.973484E3	9.907615E1	4.058659E1
1.881600E1	3.763200E4	-1.927043E0	2.773957E1	2.780642E1	8.721397E4	7.562028E3	8.510480E1	3.666807E1
1.882000E1	3.764000E4	-1.572499E1	2.360153E1	2.836031E1	8.724367E4	7.485209E3	7.130686E1	4.080612E1
1.882400E1	3.764800E4	-2.563559E1	1.258340E1	2.855740E1	8.727386E4	7.564577E3	6.139626E1	5.182424E1
1.882800E1	3.765600E4	-2.831195E1	-2.074602E0	2.838786E1	8.730419E4	7.671842E3	5.871989E1	6.648225E1
1.883200E1	3.766400E4	-2.312207E1	-1.632915E1	2.830674E1	8.733523E4	7.673663E3	6.390977E1	8.073680E1
1.883600E1	3.767200E4	-1.168318E1	-2.573183E1	2.825993E1	8.736558E4	7.496340E3	7.534867E1	9.013948E1
1.884000E1	3.768000E4	2.542158E0	-2.792807E1	2.804354E1	8.739520E4	7.486989E3	8.957401E1	9.233572E1
1.884400E1	3.768800E4	1.583681E1	-2.222194E1	2.728771E1	8.742548E4	7.810871E3	1.028687E2	8.662958E1
1.884800E1	3.769600E4	2.433807E1	-9.987726E0	2.630772E1	8.745769E4	8.180208E3	1.113699E2	7.439537E1
1.885200E1	3.770400E4	2.536210E1	4.892153E0	2.582962E1	8.749092E4	8.318361E3	1.123939E2	5.951549E1
1.885600E1	3.771200E4	1.882456E1	1.832839E1	2.627345E1	8.752423E4	8.116187E3	1.058564E2	4.607925E1
1.886000E1	3.772000E4	6.648638E0	2.636671E1	2.719206E1	8.755585E4	7.779099E3	9.368049E1	3.804093E1
1.886400E1	3.772800E4	-7.939234E0	2.685804E1	2.800688E1	8.758647E4	7.560338E3	7.909261E1	3.754961E1
1.886800E1	3.773600E4	-2.058298E1	1.964890E1	2.845591E1	8.761633E4	7.512629E3	6.644886E1	4.475874E1
1.887200E1	3.774400E4	-2.779022E1	6.636605E0	2.857168E1	8.764657E4	7.603125E3	5.924163E1	5.777104E1
1.887600E1	3.775200E4	-2.711915E1	-8.371457E0	2.838185E1	8.767716E4	7.647523E3	5.991270E1	7.277910E1
1.888000E1	3.776000E4	-1.895564E1	-2.086772E1	2.819180E1	8.770775E4	7.609900E3	6.807621E1	8.527536E1
1.888400E1	3.776800E4	-5.858144E0	-2.764158E1	2.825552E1	8.773803E4	7.481453E3	8.117370E1	9.204922E1
1.888800E1	3.777600E4	8.446612E0	-2.662626E1	2.793390E1	8.776760E4	7.540248E3	9.547846E1	9.103390E1
1.889200E1	3.778400E4	2.011499E1	-1.788644E1	2.691723E1	8.779836E4	7.912046E3	1.071468E2	8.229408E1
1.889600E1	3.779200E4	2.569671E1	-4.117378E0	2.602448E1	8.783090E4	8.273037E3	1.127286E2	6.852502E1
1.890000E1	3.780000E4	2.366388E1	1.080446E1	2.601376E1	8.786454E4	8.372614E3	1.106957E2	5.360318E1
1.890400E1	3.780800E4	1.418257E1	2.258950E1	2.667265E1	8.789788E4	8.049386E3	1.012144E2	4.181815E1
1.890800E1	3.781600E4	5.170108E-1	2.782685E1	2.783166E1	8.792894E4	7.623222E3	8.754886E1	3.658079E1
1.891200E1	3.782400E4	-1.376179E1	2.496695E1	2.850851E1	8.795886E4	7.465821E3	7.327006E1	3.944070E1
1.891600E1	3.783200E4	-2.439744E1	1.485595E1	2.856456E1	8.798866E4	7.519918E3	6.263441E1	4.955169E1
1.892000E1	3.784000E4	-2.851114E1	4.862567E-1	2.851529E1	8.801902E4	7.664560E3	5.852071E1	6.392139E1
1.892400E1	3.784800E4	-2.470764E1	-1.425269E1	2.852379E1	8.804998E4	7.661769E3	6.232420E1	7.866033E1
1.892800E1	3.785600E4	-1.410087E1	-2.473858E1	2.847511E1	8.808032E4	7.541027E3	7.293098E1	8.914622E1
1.893200E1	3.786400E4	1.506014E-1	-2.811976E1	2.812017E1	8.811031E4	7.516340E3	8.718245E1	9.252741E1
1.893600E1	3.787200E4	1.388077E1	-2.361406E1	2.739160E1	8.814045E4	7.693683E3	1.009126E2	8.802170E1
1.894000E1	3.788000E4	2.342696E1	-1.253179E1	2.656819E1	8.817186E4	8.050281E3	1.104588E2	7.693944E1
1.894400E1	3.788800E4	2.569626E1	2.180375E0	2.578860E1	8.820485E4	8.317295E3	1.127281E2	6.222727E1
1.894800E1	3.789600E4	2.051161E1	1.625421E1	2.617108E1	8.823839E4	8.250843E3	1.075435E2	4.815344E1
1.895200E1	3.790400E4	8.843139E0	2.547529E1	2.696649E1	8.827086E4	7.893744E3	9.587499E1	3.893235E1
1.895600E1	3.791200E4	-5.548885E0	2.716530E1	2.772623E1	8.830154E4	7.614933E3	8.148296E1	3.724234E1
1.896000E1	3.792000E4	-1.884214E1	2.109138E1	2.828202E1	8.833178E4	7.566194E3	6.818971E1	4.331626E1
1.896400E1	3.792800E4	-2.702456E1	8.742139E0	2.840337E1	8.836207E4	7.594248E3	6.000729E1	5.566550E1
1.896800E1	3.793600E4	-2.755225E1	-6.123437E0	2.822451E1	8.839253E4	7.613747E3	5.947960E1	7.053108E1
1.897200E1	3.794400E4	-2.079556E1	-1.938143E1	2.842702E1	8.842298E4	7.570853E3	6.623628E1	8.378908E1
1.897600E1	3.795200E4	-8.195949E0	-2.697105E1	2.818885E1	8.845310E4	7.534315E3	7.883590E1	9.137869E1
1.898000E1	3.796000E4	6.389209E0	-2.711559E1	2.785816E1	8.848326E4	7.590851E3	9.342106E1	9.152323E1
1.898400E1	3.796800E4	1.868995E1	-1.947347E1	2.699130E1	8.851382E4	7.837550E3	1.057218E2	8.388111E1
1.898800E1	3.797600E4	2.539633E1	-6.351285E0	2.617847E1	8.854596E4	8.259892E3	1.124282E2	7.075893E1
1.899200E1	3.798400E4	2.432029E1	8.805261E0	2.586522E1	8.857990E4	8.377673E3	1.113521E2	5.560238E1
1.899600E1	3.799200E4	1.599316E1	2.120859E1	2.656286E1	8.861298E4	8.050615E3	1.030250E2	4.319905E1
1.900000E1	3.800000E4	2.727437E0	2.736362E1	2.749921E1	8.864431E4	7.678097E3	8.975928E1	3.704402E1
1.900400E1	3.800800E4	-1.160808E1	2.558366E1	2.809397E1	8.867441E4	7.501889E3	7.542376E1	3.882398E1
1.900800E1	3.801600E4	-2.314879E1	1.661999E1	2.849720E1	8.870432E4	7.524419E3	6.388306E1	4.778765E1
1.901200E1	3.802400E4	-2.824446E1	2.669594E0	2.837034E1	8.873460E4	7.641930E3	5.878739E1	6.173805E1
1.901600E1	3.803200E4	-2.539107E1	-1.208833E1	2.812178E1	8.876546E4	7.667274E3	6.164077E1	7.649598E1
1.902000E1	3.804000E4	-1.586931E1	-2.347307E1	2.833408E1	8.879594E4	7.559891E3	7.116254E1	8.788072E1
1.902400E1	3.804800E4	-2.001529E0	-2.818200E1	2.825299E1	8.882594E4	7.517255E3	8.503032E1	9.258965E1
1.902800E1	3.805600E4	1.212340E1	-2.477230E1	2.757977E1	8.885608E4	7.653359E3	9.915525E1	8.917995E1
1.903200E1	3.806400E4	2.241219E1	-1.446336E1	2.667386E1	8.888716E4	7.972973E3	1.094440E2	7.887100E1
1.903600E1	3.807200E4	2.585877E1	-6.291219E-2	2.585885E1	8.891986E4	8.296796E3	1.128906E2	6.447056E1
1.904000E1	3.808000E4	2.173558E1	1.440765E1	2.607711E1	8.895354E4	8.292082E3	1.087674E2	4.999999E1
1.904400E1	3.808800E4	1.085467E1	2.460765E1	2.689536E1	8.898620E4	7.898257E3	9.788652E1	3.980000E1
1.904800E1	3.809600E4	-3.276514E0	2.778748E1	2.797998E1	8.901672E4	7.563617E3	8.375533E1	3.662017E1
1.905200E1	3.810400E4	-1.691626E1	2.268978E1	2.830170E1	8.904671E4	7.540069E3	7.011559E1	4.171786E1
1.905600E1	3.811200E4	-2.614086E1	1.107168E1	2.838885E1	8.907705E4	7.648417E3	6.089099E1	5.333596E1
1.906000E1	3.812000E4	-2.790692E1	-3.869195E0	2.817386E1	8.910789E4	7.726148E3	5.912493E1	6.827684E1
1.906400E1	3.812800E4	-2.201638E1	-1.773621E1	2.827179E1	8.913885E4	7.663115E3	6.501547E1	8.214385E1
1.906800E1	3.813600E4	-1.012305E1	-2.664694E1	2.850501E1	8.916920E4	7.494799E3	7.690880E1	9.105459E1
1.907200E1	3.814400E4	4.322653E0	-2.788074E1	2.821385E1	8.919881E4	7.489191E3	9.135450E1	9.228839E1
1.907600E1	3.815200E4	1.714123E1	-2.108327E1	2.717215E1	8.922911E4	7.812519E3	1.041731E2	8.549091E1
1.908000E1	3.816000E4	2.487934E1	-8.414818E0	2.626386E1	8.926131E4	8.219527E3	1.119112E2	7.282246E1
1.908400E1	3.816800E4	2.511121E1	6.666657E0	2.598110E1	8.929487E4	8.369941E3	1.121431E2	5.774099E1
1.908800E1	3.817600E4	1.764769E1	1.978835E1	2.651452E1	8.932827E4	8.135941E3	1.046795E2	4.461930E1
1.909200E1	3.818400E4	4.796598E0	2.708048E1	2.750199E1	8.935996E4	7.721244E3	9.182845E1	3.732716E1
1.909600E1	3.819200E4	-9.653380E0	2.646114E1	2.816699E1	8.939004E4	7.533155E3	7.737847E1	3.794651E1
1.910000E1	3.820000E4	-2.180185E1	1.815110E1	2.836870E1	8.942022E4	7.577772E3	6.523000E1	4.625654E1
1.910400E1	3.820800E4	-2.796580E1	4.597203E0	2.834114E1	8.945066E4	7.602606E3	5.906605E1	5.981044E1
1.910800E1	3.821600E4	-2.642988E1	-1.016762E1	2.831818E1	8.948104E4	7.628011E3	6.060196E1	7.457526E1
1.911200E1	3.822400E4	-1.764682E1	-2.233587E1	2.846579E1	8.951169E4	7.563949E3	6.938503E1	8.674351E1
1.911600E1	3.823200E4	-4.142378E0	-2.789515E1	2.820104E1	8.954155E4	7.505859E3	8.288947E1	9.230279E1
1.912000E1	3.824000E4	1.023852E1	-2.568156E1	2.764724E1	8.957174E4	7.643653E3	9.727037E1	9.008921E1
1.912400E1	3.824800E4	2.126256E1	-1.619619E1	2.672851E1	8.960270E4	7.974192E3	1.082944E2	8.060383E1
1.912800E1	3.825600E4	2.586787E1	-2.022525E0	2.594682E1	8.963553E4	8.302436E3	1.128997E2	6.643017E1
1.913200E1	3.826400E4	2.276466E1	1.268216E1	2.605891E1	8.966912E4	8.313982E3	1.097965E2	5.172548E1
1.913600E1	3.827200E4	1.260987E1	2.375689E1	2.689607E1	8.970204E4	8.001276E3	9.964172E1	4.065075E1
1.914000E1	3.828000E4	-1.525849E0	2.788263E1	2.792435E1	8.973313E4	7.646199E3	8.550600E1	3.652502E1
1.914400E1	3.828800E4	-1.558498E1	2.380657E1	2.845425E1	8.976321E4	7.496562E3	7.144687E1	4.060107E1
1.914800E1	3.829600E4	-2.551230E1	1.294043E1	2.860651E1	8.979310E4	7.533191E3	6.151954E1	5.146722E1
1.915200E1	3.830400E4	-2.847345E1	-1.729689E0	2.852594E1	8.982348E4	7.650553E3	5.855840E1	6.613733E1
1.915600E1	3.831200E4	-2.356030E1	-1.607733E1	2.852312E1	8.985431E4	7.638850E3	6.347154E1	8.048497E1
1.916000E1	3.832000E4	-1.219787E1	-2.567374E1	2.842410E1	8.988459E4	7.557820E3	7.483397E1	9.008139E1
1.916400E1	3.832800E4	2.343159E0	-2.806954E1	2.816717E1	8.991477E4	7.558814E3	8.937501E1	9.247718E1
1.916800E1	3.833600E4	1.568260E1	-2.234920E1	2.730258E1	8.994506E4	7.810457E3	1.027144E2	8.675685E1
1.917200E1	3.834400E4	2.432028E1	-1.019561E1	2.637094E1	8.997726E4	8.231250E3	1.113521E2	7.460326E1
1.917600E1	3.835200E4	2.540900E1	4.896507E0	2.587650E1	9.001091E4	8.350531E3	1.124409E2	5.951114E1
1.918000E1	3.836000E4	1.888660E1	1.827666E1	2.628193E1	9.004406E4	8.083834E3	1.059185E2	4.613099E1
1.918400E1	3.836800E4	6.796662E0	2.642967E1	2.728960E1	9.007558E4	7.769432E3	9.382851E1	3.797797E1
1.918800E1	3.837600E4	-7.790949E0	2.679015E1	2.790002E1	9.010622E4	7.592061E3	7.924090E1	3.761749E1
1.919200E1	3.838400E4	-2.058143E1	1.965789E1	2.846099E1	9.013631E4	7.537614E3	6.645042E1	4.474976E1
1.919600E1	3.839200E4	-2.774669E1	6.653156E0	2.853320E1	9.016652E4	7.612271E3	5.928515E1	5.775449E1
1.920000E1	3.840000E4	-2.705357E1	-8.381179E0	2.832208E1	9.019721E4	7.673709E3	5.997827E1	7.278882E1
1.920400E1	3.840800E4	-1.897603E1	-2.100543E1	2.830756E1	9.022791E4	7.636473E3	6.805581E1	8.541308E1
1.920800E1	3.841600E4	-5.720665E0	-2.763552E1	2.822141E1	9.025830E4	7.507088E3	8.131118E1	9.204317E1
1.921200E1	3.842400E4	8.596002E0	-2.651487E1	2.787346E1	9.028796E4	7.567902E3	9.562785E1	9.092252E1
1.921600E1	3.843200E4	2.023448E1	-1.768406E1	2.687304E1	9.031885E4	7.943405E3	1.072663E2	8.209171E1
1.922000E1	3.844000E4	2.572062E1	-3.839519E0	2.600562E1	9.035151E4	8.302156E3	1.127525E2	6.824716E1
1.922400E1	3.844800E4	2.355409E1	1.111647E1	2.604556E1	9.038527E4	8.368881E3	1.105859E2	5.329118E1
1.922800E1	3.845600E4	1.387909E1	2.261383E1	2.653327E1	9.041846E4	8.051274E3	1.009109E2	4.179382E1
1.923200E1	3.846400E4	1.574636E-1	2.779186E1	2.779230E1	9.044968E4	7.648816E3	8.718931E1	3.661579E1
1.923600E1	3.847200E4	-1.399356E1	2.458187E1	2.828583E1	9.047965E4	7.503959E3	7.303829E1	3.982578E1
1.924000E1	3.848000E4	-2.463473E1	1.439131E1	2.853033E1	9.050971E4	7.608105E3	6.239712E1	5.001633E1
1.924400E1	3.848800E4	-2.840836E1	-2.559111E-1	2.840951E1	9.054052E4	7.686663E3	5.862349E1	6.466355E1
1.924800E1	3.849600E4	-2.430790E1	-1.472159E1	2.841829E1	9.057120E4	7.661620E3	6.272395E1	7.912923E1
1.925200E1	3.850400E4	-1.343606E1	-2.506770E1	2.844147E1	9.060181E4	7.531869E3	7.359578E1	8.947534E1
1.925600E1	3.851200E4	7.129328E-1	-2.806235E1	2.807140E1	9.063146E4	7.525560E3	8.774478E1	9.246999E1
1.926000E1	3.852000E4	1.452339E1	-2.323004E1	2.739641E1	9.066201E4	7.796767E3	1.015552E2	8.763768E1
1.926400E1	3.852800E4	2.361650E1	-1.160569E1	2.631408E1	9.069383E4	8.163784E3	1.106483E2	7.601333E1
1.926800E1	3.853600E4	2.548045E1	3.274898E0	2.569004E1	9.072732E4	8.362754E3	1.125123E2	6.113274E1
1.927200E1	3.854400E4	1.967560E1	1.694250E1	2.596493E1	9.076073E4	8.239774E3	1.067074E2	4.746515E1
1.927600E1	3.855200E4	7.816210E0	2.595734E1	2.710861E1	9.079324E4	7.839490E3	9.484806E1	3.845030E1
1.928000E1	3.856000E4	-6.527412E0	2.729904E1	2.806857E1	9.082345E4	7.558165E3	8.050443E1	3.710861E1
1.928400E1	3.856800E4	-1.961265E1	2.051819E1	2.838401E1	9.085371E4	7.559615E3	6.741920E1	4.388945E1
1.928800E1	3.857600E4	-2.743526E1	7.906175E0	2.855173E1	9.088392E4	7.582701E3	5.959659E1	5.650147E1
1.929200E1	3.858400E4	-2.755988E1	-7.060262E0	2.844986E1	9.091437E4	7.635140E3	5.947196E1	7.146791E1
1.929600E1	3.859200E4	-2.017298E1	-2.017680E1	2.853161E1	9.094501E4	7.625579E3	6.685886E1	8.458445E1
1.930000E1	3.860000E4	-7.138961E0	-2.735520E1	2.827140E1	9.097537E4	7.521665E3	7.989289E1	9.176285E1
1.930400E1	3.860800E4	7.282443E0	-2.684321E1	2.781352E1	9.100518E4	7.550947E3	9.431429E1	9.125085E1
1.930800E1	3.861600E4	1.930086E1	-1.878161E1	2.693088E1	9.103578E4	7.879131E3	1.063327E2	8.318926E1
1.931200E1	3.862400E4	2.542042E1	-5.305145E0	2.596811E1	9.106821E4	8.284470E3	1.124523E2	6.971279E1
1.931600E1	3.863200E4	2.398669E1	9.718987E0	2.588088E1	9.110206E4	8.383765E3	1.110185E2	5.468866E1
1.932000E1	3.864000E4	1.515350E1	2.186967E1	2.660660E1	9.113528E4	8.043206E3	1.021853E2	4.253797E1
1.932400E1	3.864800E4	1.737401E0	2.763502E1	2.768958E1	9.116640E4	7.616173E3	8.876925E1	3.677262E1
1.932800E1	3.865600E4	-1.254894E1	2.549013E1	2.841166E1	9.119621E4	7.561658E3	7.448291E1	3.891752E1
1.933200E1	3.866400E4	-2.382659E1	1.553482E1	2.844357E1	9.122690E4	7.624384E3	6.320526E1	4.887282E1
1.933600E1	3.867200E4	-2.835872E1	1.383816E0	2.839247E1	9.125721E4	7.658258E3	5.867312E1	6.302383E1
1.934000E1	3.868000E4	-2.512285E1	-1.344925E1	2.849631E1	9.128816E4	7.645703E3	6.190900E1	7.785689E1
1.934400E1	3.868800E4	-1.501301E1	-2.437659E1	2.862880E1	9.131837E4	7.491261E3	7.201884E1	8.878423E1
1.934800E1	3.869600E4	-9.389927E-1	-2.818665E1	2.820228E1	9.134809E4	7.514842E3	8.609285E1	9.259429E1
1.935200E1	3.870400E4	1.310482E1	-2.414539E1	2.747246E1	9.137849E4	7.715209E3	1.001367E2	8.855303E1
1.935600E1	3.871200E4	2.294068E1	-1.334447E1	2.653959E1	9.140981E4	8.057729E3	1.099725E2	7.775212E1
1.936000E1	3.872000E4	2.600391E1	1.341215E0	2.603847E1	9.144295E4	8.288352E3	1.130358E2	6.306643E1
1.936400E1	3.872800E4	2.115681E1	1.543939E1	2.619132E1	9.147612E4	8.202226E3	1.081887E2	4.896825E1
1.936800E1	3.873600E4	9.858936E0	2.511879E1	2.698429E1	9.150857E4	7.906467E3	9.689078E1	3.928886E1
1.937200E1	3.874400E4	-4.533024E0	2.746445E1	2.783603E1	9.153937E4	7.606208E3	8.249882E1	3.694319E1
1.937600E1	3.875200E4	-1.791899E1	2.179939E1	2.821885E1	9.156942E4	7.541250E3	6.911286E1	4.260825E1
1.938000E1	3.876000E4	-2.673120E1	9.886999E0	2.850105E1	9.159970E4	7.616259E3	6.030065E1	5.452064E1
1.938400E1	3.876800E4	-2.786943E1	-5.089913E0	2.833041E1	9.163035E4	7.642879E3	5.916242E1	6.949756E1
1.938800E1	3.877600E4	-2.142695E1	-1.852479E1	2.832458E1	9.166085E4	7.591147E3	6.560490E1	8.293243E1
1.939200E1	3.878400E4	-9.226434E0	-2.691644E1	2.845385E1	9.169108E4	7.508147E3	7.780541E1	9.132408E1
1.939600E1	3.879200E4	5.313636E0	-2.756633E1	2.807379E1	9.172091E4	7.531659E3	9.234548E1	9.197398E1
1.940000E1	3.880000E4	1.792061E1	-2.037525E1	2.713483E1	9.175133E4	7.861674E3	1.049525E2	8.478289E1
1.940400E1	3.880800E4	2.518755E1	-7.315844E0	2.622850E1	9.178380E4	8.249939E3	1.122194E2	7.172349E1
1.940800E1	3.881600E4	2.470015E1	7.708404E0	2.587502E1	9.181733E4	8.296525E3	1.117320E2	5.669924E1
1.941200E1	3.882400E4	1.704014E1	2.043481E1	2.660729E1	9.185018E4	8.048930E3	1.040720E2	4.397284E1
1.941600E1	3.883200E4	3.958912E0	2.721548E1	2.750192E1	9.188172E4	7.728226E3	9.099076E1	3.719216E1
1.942000E1	3.884000E4	-1.053845E1	2.608120E1	2.812984E1	9.191200E4	7.580751E3	7.649340E1	3.832644E1
1.942400E1	3.884800E4	-2.248584E1	1.733550E1	2.839248E1	9.194237E4	7.589052E3	6.454600E1	4.707214E1
1.942800E1	3.885600E4	-2.824475E1	3.611106E0	2.847466E1	9.197271E4	7.614164E3	5.878709E1	6.079654E1
1.943200E1	3.886400E4	-2.597908E1	-1.117913E1	2.828225E1	9.200328E4	7.648811E3	6.105276E1	7.558677E1
1.943600E1	3.887200E4	-1.670528E1	-2.291263E1	2.835586E1	9.203390E4	7.548270E3	7.032656E1	8.732027E1
1.944000E1	3.888000E4	-3.123273E0	-2.815052E1	2.832325E1	9.206367E4	7.484855E3	8.390857E1	9.255816E1
1.944400E1	3.888800E4	1.113191E1	-2.525903E1	2.760322E1	9.209378E4	7.679234E3	9.816375E1	8.966667E1
1.944800E1	3.889600E4	2.186185E1	-1.524942E1	2.665493E1	9.212510E4	8.010997E3	1.088937E2	7.965706E1
1.945200E1	3.890400E4	2.600504E1	-9.664947E-1	2.602299E1	9.215787E4	8.262801E3	1.130369E2	6.537414E1
1.945600E1	3.891200E4	2.238034E1	1.355683E1	2.616615E1	9.219121E4	8.252223E3	1.094122E2	5.085082E1
1.946000E1	3.892000E4	1.174929E1	2.397198E1	2.669647E1	9.222389E4	7.923620E3	9.878114E1	4.043566E1
1.946400E1	3.892800E4	-2.224008E0	2.767671E1	2.776593E1	9.225459E4	7.585673E3	8.480784E1	3.673093E1
1.946800E1	3.893600E4	-1.605054E1	2.328857E1	2.828388E1	9.228457E4	7.542952E3	7.098130E1	4.111907E1
1.947200E1	3.894400E4	-2.563523E1	1.198778E1	2.829967E1	9.231494E4	7.629895E3	6.139662E1	5.241987E1
1.947600E1	3.895200E4	-2.815660E1	-2.767661E0	2.829229E1	9.234561E4	7.696552E3	5.887525E1	6.717530E1
1.948000E1	3.896000E4	-2.279832E1	-1.687619E1	2.836493E1	9.237651E4	7.620127E3	6.423353E1	8.128383E1
1.948400E1	3.896800E4	-1.132228E1	-2.613281E1	2.848013E1	9.240657E4	7.440160E3	7.570957E1	9.054045E1
1.948800E1	3.897600E4	2.946297E0	-2.788450E1	2.803973E1	9.243603E4	7.521750E3	8.997814E1	9.229215E1
1.949200E1	3.898400E4	1.629238E1	-2.181903E1	2.723071E1	9.246675E4	7.821438E3	1.033242E2	8.622667E1
1.949600E1	3.899200E4	2.447234E1	-9.589106E0	2.628395E1	9.249860E4	8.137403E3	1.115042E2	7.399675E1
1.950000E1	3.900000E4	2.522184E1	5.291224E0	2.577088E1	9.253185E4	8.352725E3	1.122537E2	5.911642E1
1.950400E1	3.900800E4	1.836112E1	1.863545E1	2.616124E1	9.256542E4	8.227599E3	1.053930E2	4.577219E1
1.950800E1	3.901600E4	5.840460E0	2.671709E1	2.734801E1	9.259767E4	7.760610E3	9.287231E1	3.769055E1
1.951200E1	3.902400E4	-8.491137E0	2.691452E1	2.822217E1	9.262751E4	7.493594E3	7.854071E1	3.749313E1
1.951600E1	3.903200E4	-2.110591E1	1.926042E1	2.857312E1	9.265762E4	7.545317E3	6.592594E1	4.514722E1
1.952000E1	3.904000E4	-2.778855E1	5.971421E0	2.842290E1	9.268787E4	7.633548E3	5.924330E1	5.843622E1
1.952400E1	3.904800E4	-2.686437E1	-9.085791E0	2.835923E1	9.271869E4	7.690493E3	6.016748E1	7.349343E1
1.952800E1	3.905600E4	-1.847290E1	-2.154981E1	2.838384E1	9.274940E4	7.554656E3	6.855895E1	8.595746E1
1.953200E1	3.906400E4	-5.359425E0	-2.789215E1	2.840238E1	9.277912E4	7.451780E3	8.167242E1	9.229979E1
1.953600E1	3.907200E4	9.060848E0	-2.629903E1	2.781614E1	9.280901E4	7.613322E3	9.609270E1	9.070667E1
1.954000E1	3.908000E4	2.050282E1	-1.718570E1	2.675283E1	9.284003E4	7.991719E3	1.075347E2	8.159335E1
1.954400E1	3.908800E4	2.567831E1	-3.178286E0	2.587425E1	9.287294E4	8.291423E3	1.127102E2	6.758593E1
1.954800E1	3.909600E4	2.320078E1	1.149742E1	2.589337E1	9.290636E4	8.296143E3	1.102326E2	5.291023E1
1.955200E1	3.910400E4	1.358581E1	2.289326E1	2.662097E1	9.293931E4	8.020722E3	1.006177E2	4.151438E1
1.955600E1	3.911200E4	-2.552366E-1	2.774725E1	2.774842E1	9.297053E4	7.608267E3	8.677661E1	3.666040E1
1.956000E1	3.912000E4	-1.426563E1	2.453100E1	2.837742E1	9.300018E4	7.474894E3	7.276622E1	3.987665E1
1.956400E1	3.912800E4	-2.461282E1	1.402400E1	2.832779E1	9.303033E4	7.572092E3	6.241903E1	5.038364E1
1.956800E1	3.913600E4	-2.841722E1	-3.750883E-1	2.841970E1	9.306076E4	7.642867E3	5.861462E1	6.478273E1
1.957200E1	3.914400E4	-2.424331E1	-1.483835E1	2.842384E1	9.309147E4	7.662984E3	6.278854E1	7.924599E1
1.957600E1	3.915200E4	-1.330905E1	-2.509414E1	2.840504E1	9.312206E4	7.553184E3	7.372280E1	8.950178E1
1.958000E1	3.916000E4	9.305619E-1	-2.813165E1	2.814704E1	9.315189E4	7.507120E3	8.796241E1	9.253930E1
1.958400E1	3.916800E4	1.460385E1	-2.326515E1	2.746889E1	9.318212E4	7.738122E3	1.016357E2	8.767279E1
1.958800E1	3.917600E4	2.358612E1	-1.160603E1	2.628697E1	9.321380E4	8.093019E3	1.106180E2	7.601368E1
1.959200E1	3.918400E4	2.559028E1	3.079189E0	2.577487E1	9.324686E4	8.349393E3	1.126221E2	6.132845E1
1.959600E1	3.919200E4	1.974456E1	1.691997E1	2.600256E1	9.328059E4	8.208103E3	1.067764E2	4.748767E1
1.960000E1	3.920000E4	8.165930E0	2.594012E1	2.719508E1	9.331253E4	7.789349E3	9.519778E1	3.846752E1
1.960400E1	3.920800E4	-6.280164E0	2.739977E1	2.811028E1	9.334291E4	7.532836E3	8.075168E1	3.700787E1
1.960800E1	3.921600E4	-1.922915E1	2.077379E1	2.830744E1	9.337279E4	7.538681E3	6.780269E1	4.363385E1
1.961200E1	3.922400E4	-2.710056E1	8.172365E0	2.830596E1	9.340322E4	7.656509E3	5.993129E1	5.623528E1
1.961600E1	3.923200E4	-2.731207E1	-6.830324E0	2.815319E1	9.343404E4	7.708502E3	5.971978E1	7.123797E1
1.962000E1	3.924000E4	-2.002328E1	-1.994443E1	2.826150E1	9.346489E4	7.601524E3	6.700856E1	8.435207E1
1.962400E1	3.924800E4	-7.405432E0	-2.735650E1	2.834111E1	9.349485E4	7.450899E3	7.962641E1	9.176414E1
1.962800E1	3.925600E4	6.962547E0	-2.693352E1	2.781890E1	9.352449E4	7.541721E3	9.399439E1	9.134116E1
1.963200E1	3.926400E4	1.914766E1	-1.902324E1	2.699104E1	9.355519E4	7.864390E3	1.061795E2	8.343088E1
1.963600E1	3.927200E4	2.551324E1	-5.698553E0	2.614190E1	9.358741E4	8.211504E3	1.125451E2	7.010620E1
1.964000E1	3.928000E4	2.416345E1	9.216875E0	2.586161E1	9.362088E4	8.320828E3	1.111953E2	5.519077E1
1.964400E1	3.928800E4	1.553207E1	2.135916E1	2.640945E1	9.365398E4	8.118017E3	1.025639E2	4.304848E1
1.964800E1	3.929600E4	1.992228E0	2.727841E1	2.735106E1	9.368582E4	7.717928E3	8.902408E1	3.712924E1
1.965200E1	3.930400E4	-1.220563E1	2.533956E1	2.812598E1	9.371572E4	7.498583E3	7.482622E1	3.906808E1
1.965600E1	3.931200E4	-2.340628E1	1.589997E1	2.829599E1	9.374581E4	7.545895E3	6.362557E1	4.850767E1
1.966000E1	3.932000E4	-2.838488E1	1.941820E0	2.845123E1	9.377609E4	7.609789E3	5.864696E1	6.246582E1
1.966400E1	3.932800E4	-2.543748E1	-1.278810E1	2.847105E1	9.380669E4	7.612947E3	6.159437E1	7.719574E1
1.966800E1	3.933600E4	-1.555778E1	-2.394778E1	2.855767E1	9.383699E4	7.509355E3	7.147407E1	8.835542E1
1.967200E1	3.934400E4	-1.594273E0	-2.820419E1	2.824921E1	9.386676E4	7.498106E3	8.543757E1	9.261183E1
1.967600E1	3.935200E4	1.245135E1	-2.446364E1	2.745006E1	9.389697E4	7.679749E3	9.948320E1	8.887128E1
1.968000E1	3.936000E4	2.249085E1	-1.394343E1	2.646238E1	9.392820E4	8.051999E3	1.095227E2	7.835108E1
1.968400E1	3.936800E4	2.569459E1	6.238757E-1	2.570216E1	9.396139E4	8.384460E3	1.127264E2	6.378377E1
1.968800E1	3.937600E4	2.134936E1	1.510412E1	2.615205E1	9.399528E4	8.307570E3	1.083812E2	4.930353E1
1.969200E1	3.938400E4	1.016476E1	2.497206E1	2.696157E1	9.402785E4	7.890529E3	9.719660E1	3.943558E1
1.969600E1	3.939200E4	-4.095559E0	2.772623E1	2.802708E1	9.405840E4	7.534286E3	8.293629E1	3.668141E1
1.970000E1	3.940000E4	-1.753172E1	2.233835E1	2.839653E1	9.408813E4	7.552859E3	6.950013E1	4.206929E1
1.970400E1	3.940800E4	-2.657634E1	1.029467E1	2.850057E1	9.411883E4	7.661645E3	6.045550E1	5.411297E1
1.970800E1	3.941600E4	-2.803444E1	-4.650573E0	2.841756E1	9.414942E4	7.673837E3	5.899741E1	6.905822E1
1.971200E1	3.942400E4	-2.172860E1	-1.837263E1	2.845497E1	9.418022E4	7.590210E3	6.530324E1	8.278027E1
1.971600E1	3.943200E4	-9.647953E0	-2.671127E1	2.840026E1	9.421014E4	7.445857E3	7.738389E1	9.111891E1
1.972000E1	3.944000E4	4.760389E0	-2.760839E1	2.801579E1	9.423978E4	7.525670E3	9.179224E1	9.201603E1
1.972400E1	3.944800E4	1.770275E1	-2.084047E1	2.734434E1	9.427035E4	7.856363E3	1.047346E2	8.524812E1
1.972800E1	3.945600E4	2.514342E1	-7.863106E0	2.634426E1	9.430263E4	8.186123E3	1.121753E2	7.227075E1
1.973200E1	3.946400E4	2.499239E1	7.088585E0	2.597821E1	9.433583E4	8.335132E3	1.120242E2	5.731906E1
1.973600E1	3.947200E4	1.722376E1	2.003509E1	2.642088E1	9.436932E4	8.139813E3	1.042556E2	4.437255E1
1.974000E1	3.948000E4	4.306107E0	2.704536E1	2.738602E1	9.440095E4	7.761809E3	9.133795E1	3.736228E1
1.974400E1	3.948800E4	-1.028788E1	2.623878E1	2.818357E1	9.443141E4	7.538268E3	7.674397E1	3.816887E1
1.974800E1	3.949600E4	-2.208533E1	1.771929E1	2.831493E1	9.446126E4	7.530656E3	6.494652E1	4.668835E1
1.975200E1	3.950400E4	-2.796357E1	4.102006E0	2.826283E1	9.449165E4	7.674757E3	5.906828E1	6.030564E1
1.975600E1	3.951200E4	-2.602994E1	-1.086595E1	2.820686E1	9.452266E4	7.711526E3	6.100190E1	7.527359E1
1.976000E1	3.952000E4	-1.696542E1	-2.279983E1	2.841932E1	9.455335E4	7.581823E3	7.006642E1	8.720747E1
1.976400E1	3.952800E4	-3.297024E0	-2.811792E1	2.831056E1	9.458331E4	7.489269E3	8.373482E1	9.252556E1
1.976800E1	3.953600E4	1.095368E1	-2.548177E1	2.773632E1	9.461326E4	7.591331E3	9.798552E1	8.988941E1
1.977200E1	3.954400E4	2.177085E1	-1.579259E1	2.689565E1	9.464404E4	7.923183E3	1.088027E2	8.020023E1
1.977600E1	3.955200E4	2.612502E1	-1.530807E0	2.616983E1	9.467665E4	8.276740E3	1.131569E2	6.593845E1
1.978000E1	3.956000E4	2.248210E1	1.311473E1	2.602770E1	9.471026E4	8.314536E3	1.095139E2	5.129291E1
1.978400E1	3.956800E4	1.203018E1	2.377739E1	2.664751E1	9.474316E4	8.005160E3	9.906203E1	4.063025E1
1.978800E1	3.957600E4	-2.081790E0	2.769950E1	2.777762E1	9.477430E4	7.612188E3	8.495006E1	3.670814E1
1.979200E1	3.958400E4	-1.591015E1	2.353425E1	2.840764E1	9.480406E4	7.523068E3	7.112170E1	4.087339E1
1.979600E1	3.959200E4	-2.560912E1	1.222447E1	2.837718E1	9.483448E4	7.621304E3	6.142273E1	5.218317E1
1.980000E1	3.960000E4	-2.821189E1	-2.483498E0	2.832099E1	9.486503E4	7.699174E3	5.881996E1	6.689114E1
1.980400E1	3.960800E4	-2.296696E1	-1.673305E1	2.841612E1	9.489608E4	7.650721E3	6.406489E1	8.114070E1
1.980800E1	3.961600E4	-1.148285E1	-2.608016E1	2.849615E1	9.492624E4	7.450785E3	7.554900E1	9.048780E1
1.981200E1	3.962400E4	2.783098E0	-2.797064E1	2.810876E1	9.495568E4	7.489045E3	8.981495E1	9.237828E1
1.981600E1	3.963200E4	1.614643E1	-2.210261E1	2.737211E1	9.498615E4	7.805588E3	1.031783E2	8.651026E1
1.982000E1	3.964000E4	2.447787E1	-9.826658E0	2.637668E1	9.501813E4	8.177296E3	1.115097E2	7.423430E1
1.982400E1	3.964800E4	2.528442E1	5.175104E0	2.580860E1	9.505157E4	8.333563E3	1.123163E2	5.923254E1
1.982800E1	3.965600E4	1.860335E1	1.847100E1	2.621569E1	9.508480E4	8.165528E3	1.056352E2	4.593664E1
1.983200E1	3.966400E4	6.143763E0	2.638354E1	2.708942E1	9.511689E4	7.810498E3	9.317561E1	3.802411E1
1.983600E1	3.967200E4	-8.308756E0	2.671007E1	2.797255E1	9.514728E4	7.523807E3	7.872309E1	3.769757E1
1.984000E1	3.968000E4	-2.078730E1	1.932895E1	2.838521E1	9.517708E4	7.546418E3	6.624455E1	4.507870E1
1.984400E1	3.968800E4	-2.772122E1	6.069143E0	2.837782E1	9.520765E4	7.667109E3	5.931063E1	5.833850E1
1.984800E1	3.969600E4	-2.691494E1	-8.963240E0	2.836818E1	9.523842E4	7.668230E3	6.011690E1	7.337088E1
1.985200E1	3.970400E4	-1.867682E1	-2.148268E1	2.846628E1	9.526900E4	7.548210E3	6.835502E1	8.589032E1
1.985600E1	3.971200E4	-5.543000E0	-2.800579E1	2.854907E1	9.529880E4	7.460514E3	8.148885E1	9.241344E1
1.986000E1	3.972000E4	8.907475E0	-2.634515E1	2.781025E1	9.532868E4	7.617049E3	9.593932E1	9.075279E1
1.986400E1	3.972800E4	2.046426E1	-1.732985E1	2.681622E1	9.535974E4	7.965786E3	1.074961E2	8.173749E1
1.986800E1	3.973600E4	2.578925E1	-3.437799E0	2.601738E1	9.539241E4	8.239429E3	1.128211E2	6.784544E1
1.987200E1	3.974400E4	2.338868E1	1.123427E1	2.594685E1	9.542566E4	8.283942E3	1.104205E2	5.317337E1
1.987600E1	3.975200E4	1.376913E1	2.262718E1	2.648732E1	9.545868E4	8.017207E3	1.008010E2	4.178047E1
1.988000E1	3.976000E4	9.983469E-2	2.776744E1	2.776762E1	9.548979E4	7.626499E3	8.713168E1	3.664021E1
1.988400E1	3.976800E4	-1.406280E1	2.466414E1	2.839159E1	9.551969E4	7.513381E3	7.296905E1	3.974350E1
1.988800E1	3.977600E4	-2.461654E1	1.426911E1	2.845315E1	9.554990E4	7.591454E3	6.241531E1	5.013853E1
1.989200E1	3.978400E4	-2.838142E1	-2.091405E-1	2.838219E1	9.558042E4	7.626778E3	5.865043E1	6.461678E1
1.989600E1	3.979200E4	-2.437677E1	-1.459802E1	2.841354E1	9.561092E4	7.634322E3	6.265507E1	7.900567E1
1.990000E1	3.980000E4	-1.362518E1	-2.509110E1	2.855187E1	9.564150E4	7.538561E3	7.340666E1	8.949875E1
1.990400E1	3.980800E4	6.017624E-1	-2.816984E1	2.817627E1	9.567122E4	7.488942E3	8.763361E1	9.257749E1
1.990800E1	3.981600E4	1.422237E1	-2.329238E1	2.729123E1	9.570141E4	7.773602E3	1.012542E2	8.770003E1
1.991200E1	3.982400E4	2.346903E1	-1.174597E1	2.624430E1	9.573341E4	8.162271E3	1.105009E2	7.615361E1
1.991600E1	3.983200E4	2.555656E1	3.005138E0	2.573263E1	9.576671E4	8.360154E3	1.125884E2	6.140251E1
1.992000E1	3.984000E4	1.982911E1	1.681263E1	2.599727E1	9.580029E4	8.183408E3	1.068610E2	4.759501E1
1.992400E1	3.984800E4	8.357424E0	2.598942E1	2.730012E1	9.583217E4	7.808891E3	9.538927E1	3.841823E1
1.992800E1	3.985600E4	-6.209192E0	2.740747E1	2.810201E1	9.586276E4	7.556437E3	8.082266E1	3.700018E1
1.993200E1	3.986400E4	-1.917477E1	2.083398E1	2.831478E1	9.589263E4	7.509536E3	6.785707E1	4.357367E1
1.993600E1	3.987200E4	-2.708391E1	8.362516E0	2.834554E1	9.592284E4	7.633319E3	5.994794E1	5.604513E1
1.994000E1	3.988000E4	-2.732712E1	-6.657491E0	2.812639E1	9.595369E4	7.697905E3	5.970472E1	7.106513E1
1.994400E1	3.988800E4	-2.037134E1	-1.996614E1	2.852435E1	9.598442E4	7.559461E3	6.666051E1	8.437378E1
1.994800E1	3.989600E4	-7.764836E0	-2.738103E1	2.846074E1	9.601417E4	7.455155E3	7.926701E1	9.178867E1
1.995200E1	3.990400E4	6.762979E0	-2.699291E1	2.782723E1	9.604407E4	7.585860E3	9.379483E1	9.140055E1
1.995600E1	3.991200E4	1.902949E1	-1.912647E1	2.698043E1	9.607485E4	7.892393E3	1.060613E2	8.353412E1
1.996000E1	3.992000E4	2.543496E1	-5.776415E0	2.608264E1	9.610720E4	8.233862E3	1.124668E2	7.018406E1
1.996400E1	3.992800E4	2.424320E1	9.172956E0	2.592057E1	9.614073E4	8.323796E3	1.112750E2	5.523469E1
1.996800E1	3.993600E4	1.563068E1	2.135287E1	2.646249E1	9.617380E4	8.098610E3	1.026625E2	4.305477E1
1.997200E1	3.994400E4	2.143497E0	2.732191E1	2.740586E1	9.620551E4	7.707867E3	8.917534E1	3.708573E1
1.997600E1	3.995200E4	-1.210239E1	2.542095E1	2.815480E1	9.623546E4	7.494238E3	7.492946E1	3.898669E1
1.998000E1	3.996000E4	-2.339669E1	1.609932E1	2.840058E1	9.626547E4	7.544595E3	6.363516E1	4.830832E1
1.998400E1	3.996800E4	-2.838511E1	2.077040E0	2.846100E1	9.629581E4	7.630777E3	5.864674E1	6.233060E1
1.998800E1	3.997600E4	-2.550777E1	-1.272563E1	2.850593E1	9.632651E4	7.621903E3	6.152408E1	7.713328E1
1.999200E1	3.998400E4	-1.566391E1	-2.392798E1	2.859906E1	9.635679E4	7.496697E3	7.136794E1	8.833562E1
1.999600E1	3.999200E4	-1.732480E0	-2.822744E1	2.828055E1	9.638649E4	7.478744E3	8.529937E1	9.263508E1
2.000000E1	4.000000E4	1.233310E1	-2.460708E1	2.752479E1	9.641662E4	7.667086E3	9.936495E1	8.901472E1
2.000400E1	4.000800E4	2.244275E1	-1.411954E1	2.651487E1	9.644782E4	8.025339E3	1.094746E2	7.852718E1
2.000800E1	4.001600E4	2.580793E1	3.706437E-1	2.581059E1	9.648082E4	8.346123E3	1.128398E2	6.403700E1
2.001200E1	4.002400E4	2.138804E1	1.475105E1	2.598157E1	9.651459E4	8.332226E3	1.084199E2	4.965660E1
2.001600E1	4.003200E4	1.031544E1	2.487987E1	2.693355E1	9.654748E4	7.920632E3	9.734729E1	3.952777E1
2.002000E1	4.004000E4	-3.874151E0	2.771143E1	2.798093E1	9.657796E4	7.524742E3	8.315770E1	3.669622E1
2.002400E1	4.004800E4	-1.741642E1	2.255167E1	2.849403E1	9.660768E4	7.515117E3	6.961542E1	4.185598E1
2.002800E1	4.005600E4	-2.646933E1	1.065161E1	2.853213E1	9.663808E4	7.583750E3	6.056252E1	5.375604E1
2.003200E1	4.006400E4	-2.815048E1	-4.131074E0	2.845198E1	9.666835E4	7.650214E3	5.888137E1	6.853872E1
2.003600E1	4.007200E4	-2.192398E1	-1.793257E1	2.832381E1	9.669928E4	7.639982E3	6.510786E1	8.234021E1
2.004000E1	4.008000E4	-9.964300E0	-2.660599E1	2.841067E1	9.672947E4	7.474995E3	7.706755E1	9.101364E1
2.004400E1	4.008800E4	4.439129E0	-2.777286E1	2.812539E1	9.675908E4	7.485979E3	9.147098E1	9.218050E1
2.004800E1	4.009600E4	1.724704E1	-2.102962E1	2.719753E1	9.678936E4	7.803430E3	1.042789E2	8.543727E1
2.005200E1	4.010400E4	2.478861E1	-8.290012E0	2.613808E1	9.682151E4	8.222280E3	1.118205E2	7.269766E1
2.005600E1	4.011200E4	2.497601E1	6.755169E0	2.587341E1	9.685513E4	8.354376E3	1.120079E2	5.765247E1
2.006000E1	4.012000E4	1.762003E1	1.980662E1	2.650977E1	9.688834E4	8.132819E3	1.046519E2	4.460102E1
2.006400E1	4.012800E4	4.674254E0	2.705266E1	2.745351E1	9.692020E4	7.754581E3	9.170610E1	3.735498E1
2.006800E1	4.013600E4	-9.860367E0	2.654171E1	2.831412E1	9.695038E4	7.538218E3	7.717148E1	3.786593E1
2.007200E1	4.014400E4	-2.195662E1	1.809786E1	2.845393E1	9.698050E4	7.522941E3	6.507522E1	4.630978E1
2.007600E1	4.015200E4	-2.798000E1	4.650227E0	2.836379E1	9.701056E4	7.561114E3	5.905185E1	5.975742E1
2.008000E1	4.016000E4	-2.646857E1	-1.015592E1	2.835010E1	9.704099E4	7.615267E3	6.056327E1	7.456357E1
2.008400E1	4.016800E4	-1.769127E1	-2.222977E1	2.841028E1	9.707149E4	7.553500E3	6.934057E1	8.663741E1
2.008800E1	4.017600E4	-4.191930E0	-2.778238E1	2.809685E1	9.710142E4	7.502907E3	8.283992E1	9.219002E1
2.009200E1	4.018400E4	1.015611E1	-2.577067E1	2.769971E1	9.713151E4	7.619992E3	9.718796E1	9.017832E1
2.009600E1	4.019200E4	2.121879E1	-1.635270E1	2.678895E1	9.716238E4	7.970278E3	1.082506E2	8.076034E1
2.010000E1	4.020000E4	2.583901E1	-2.137338E0	2.592726E1	9.719527E4	8.269440E3	1.128709E2	6.654498E1
2.010400E1	4.020800E4	2.287660E1	1.243915E1	2.603980E1	9.722854E4	8.236122E3	1.099084E2	5.196849E1
2.010800E1	4.021600E4	1.283681E1	2.331187E1	2.661253E1	9.726116E4	7.974585E3	9.986866E1	4.109577E1
2.011200E1	4.022400E4	-1.123566E0	2.759226E1	2.761513E1	9.729233E4	7.612767E3	8.590828E1	3.681538E1
2.011600E1	4.023200E4	-1.504307E1	2.401560E1	2.833801E1	9.732206E4	7.499490E3	7.198878E1	4.039204E1
2.012000E1	4.024000E4	-2.509543E1	1.315990E1	2.833661E1	9.735233E4	7.571993E3	6.193642E1	5.124774E1
2.012400E1	4.024800E4	-2.835381E1	-1.306612E0	2.838390E1	9.738264E4	7.604220E3	5.867804E1	6.571426E1
2.012800E1	4.025600E4	-2.368197E1	-1.547432E1	2.828940E1	9.741316E4	7.617036E3	6.334988E1	7.988197E1
2.013200E1	4.026400E4	-1.269715E1	-2.554996E1	2.853100E1	9.744357E4	7.477208E3	7.433470E1	8.995760E1
2.013600E1	4.027200E4	1.470108E0	-2.824796E1	2.828619E1	9.747298E4	7.443597E3	8.850196E1	9.265560E1
2.014000E1	4.028000E4	1.493891E1	-2.289568E1	2.733831E1	9.750312E4	7.697572E3	1.019708E2	8.730333E1
2.014400E1	4.028800E4	2.381839E1	-1.133032E1	2.637597E1	9.753456E4	8.079786E3	1.108502E2	7.573796E1
2.014800E1	4.029600E4	2.574889E1	3.509677E0	2.598698E1	9.756776E4	8.245390E3	1.127807E2	6.089797E1
2.015200E1	4.030400E4	1.992988E1	1.703548E1	2.621847E1	9.760052E4	8.108782E3	1.069617E2	4.737216E1
2.015600E1	4.031200E4	8.090210E0	2.586662E1	2.710228E1	9.763263E4	7.789932E3	9.512206E1	3.854103E1
2.016000E1	4.032000E4	-6.238379E0	2.736479E1	2.806686E1	9.766284E4	7.502616E3	8.079347E1	3.704286E1
2.016400E1	4.032800E4	-1.918826E1	2.082837E1	2.831978E1	9.769265E4	7.472999E3	6.784359E1	4.357927E1
2.016800E1	4.033600E4	-2.701272E1	8.451659E0	2.830402E1	9.772263E4	7.529204E3	6.001913E1	5.595598E1
2.017200E1	4.034400E4	-2.756734E1	-6.306993E0	2.827961E1	9.775289E4	7.529001E3	5.946451E1	7.071464E1
2.017600E1	4.035200E4	-2.084614E1	-1.934317E1	2.843800E1	9.778286E4	7.431430E3	6.618571E1	8.375082E1
2.018000E1	4.036000E4	-8.589378E0	-2.697595E1	2.831041E1	9.781234E4	7.330935E3	7.844247E1	9.138359E1
2.018400E1	4.036800E4	5.564988E0	-2.733867E1	2.789931E1	9.784151E4	7.381055E3	9.259684E1	9.174631E1
2.018800E1	4.037600E4	1.779496E1	-2.019401E1	2.691577E1	9.787139E4	7.761752E3	1.048268E2	8.460165E1
2.019200E1	4.038400E4	2.490007E1	-7.328585E0	2.595615E1	9.790360E4	8.117938E3	1.119319E2	7.173623E1
2.019600E1	4.039200E4	2.483217E1	7.275558E0	2.587606E1	9.793633E4	8.140640E3	1.118640E2	5.713209E1
2.020000E1	4.040000E4	1.741358E1	1.983886E1	2.639722E1	9.796872E4	7.950704E3	1.044454E2	4.456879E1
2.020400E1	4.040800E4	4.808716E0	2.709359E1	2.751702E1	9.799994E4	7.559420E3	9.184056E1	3.731406E1
2.020800E1	4.041600E4	-9.308356E0	2.672955E1	2.830396E1	9.802920E4	7.276848E3	7.772349E1	3.767809E1
2.021200E1	4.042400E4	-2.119523E1	1.898374E1	2.845382E1	9.805815E4	7.296895E3	6.583662E1	4.542390E1
2.021600E1	4.043200E4	-2.772084E1	6.107286E0	2.838563E1	9.808758E4	7.450437E3	5.931101E1	5.830036E1
2.022000E1	4.044000E4	-2.699306E1	-8.642583E0	2.834289E1	9.811775E4	7.480172E3	6.003878E1	7.305023E1
2.022400E1	4.044800E4	-1.929657E1	-2.099722E1	2.851738E1	9.814742E4	7.359038E3	6.773528E1	8.540487E1
2.022800E1	4.045600E4	-6.584381E0	-2.769456E1	2.846652E1	9.817663E4	7.201912E3	8.044747E1	9.210220E1
2.023200E1	4.046400E4	7.257974E0	-2.702654E1	2.798414E1	9.820503E4	7.258946E3	9.428982E1	9.143418E1
2.023600E1	4.047200E4	1.889368E1	-1.909405E1	2.686175E1	9.823470E4	7.657230E3	1.059255E2	8.350169E1
2.024000E1	4.048000E4	2.522974E1	-6.155038E0	2.596968E1	9.826629E4	8.019593E3	1.122616E2	7.056268E1
2.024400E1	4.048800E4	2.440853E1	8.335275E0	2.579250E1	9.829885E4	8.062595E3	1.114404E2	5.607237E1
2.024800E1	4.049600E4	1.659084E1	2.033565E1	2.624490E1	9.833079E4	7.822103E3	1.036227E2	4.407200E1
2.025200E1	4.050400E4	4.076105E0	2.705213E1	2.735749E1	9.836143E4	7.431195E3	9.110795E1	3.735552E1
2.025600E1	4.051200E4	-9.729608E0	2.638707E1	2.812370E1	9.839024E4	7.212960E3	7.730224E1	3.802058E1
2.026000E1	4.052000E4	-2.149134E1	1.859338E1	2.841816E1	9.841914E4	7.201525E3	6.554051E1	4.581426E1
2.026400E1	4.052800E4	-2.785711E1	5.996228E0	2.849515E1	9.844785E4	7.261056E3	5.917474E1	5.841142E1
2.026800E1	4.053600E4	-2.709621E1	-8.399854E0	2.836833E1	9.847722E4	7.279443E3	5.993564E1	7.280750E1
2.027200E1	4.054400E4	-1.966553E1	-2.042694E1	2.835477E1	9.850609E4	7.212694E3	6.736632E1	8.483459E1
2.027600E1	4.055200E4	-7.346008E0	-2.727290E1	2.824491E1	9.853493E4	7.129622E3	7.968584E1	9.168055E1
2.028000E1	4.056000E4	6.291873E0	-2.698441E1	2.770824E1	9.856312E4	7.191159E3	9.332372E1	9.139206E1
2.028400E1	4.056800E4	1.812029E1	-1.980651E1	2.684479E1	9.859245E4	7.506840E3	1.051521E2	8.421415E1
2.028800E1	4.057600E4	2.483213E1	-7.506863E0	2.594201E1	9.862318E4	7.775649E3	1.118640E2	7.191451E1
2.029200E1	4.058400E4	2.490283E1	6.514326E0	2.574077E1	9.865466E4	7.927898E3	1.119347E2	5.789332E1
2.029600E1	4.059200E4	1.790028E1	1.893093E1	2.605379E1	9.868660E4	7.799784E3	1.049321E2	4.547672E1
2.030000E1	4.060000E4	6.060065E0	2.637032E1	2.705768E1	9.871706E4	7.394336E3	9.309191E1	3.803733E1
2.030400E1	4.060800E4	-7.589783E0	2.689773E1	2.794804E1	9.874576E4	7.146925E3	7.944206E1	3.750991E1
2.030800E1	4.061600E4	-1.985246E1	2.039109E1	2.845904E1	9.877423E4	7.100942E3	6.717939E1	4.401655E1
2.031200E1	4.062400E4	-2.714302E1	8.524262E0	2.845007E1	9.880257E4	7.186871E3	5.988883E1	5.588338E1
2.031600E1	4.063200E4	-2.771550E1	-5.753806E0	2.830646E1	9.883173E4	7.267525E3	5.931634E1	7.016145E1
2.032000E1	4.064000E4	-2.163654E1	-1.861385E1	2.854147E1	9.886071E4	7.096854E3	6.539531E1	8.302149E1
2.032400E1	4.064800E4	-1.052703E1	-2.672849E1	2.872683E1	9.888850E4	6.944210E3	7.650482E1	9.113613E1
2.032800E1	4.065600E4	3.079535E0	-2.807832E1	2.824669E1	9.891626E4	7.002125E3	9.011138E1	9.248596E1
2.033200E1	4.066400E4	1.546304E1	-2.248206E1	2.728642E1	9.894452E4	7.230256E3	1.024949E2	8.688970E1
2.033600E1	4.067200E4	2.361423E1	-1.146592E1	2.625070E1	9.897410E4	7.604164E3	1.106461E2	7.587357E1
2.034000E1	4.068000E4	2.540491E1	2.380575E0	2.551621E1	9.900535E4	7.878129E3	1.124368E2	6.202707E1
2.034400E1	4.068800E4	2.045833E1	1.548715E1	2.565921E1	9.903713E4	7.816588E3	1.074902E2	4.892049E1
2.034800E1	4.069600E4	1.002235E1	2.466477E1	2.662327E1	9.906789E4	7.437585E3	9.705420E1	3.974287E1
2.035200E1	4.070400E4	-3.215718E0	2.767945E1	2.786562E1	9.909663E4	7.033275E3	8.381613E1	3.672820E1
2.035600E1	4.071200E4	-1.595241E1	2.351545E1	2.841576E1	9.912415E4	6.925015E3	7.107944E1	4.089220E1
2.036000E1	4.072000E4	-2.510884E1	1.333551E1	2.843043E1	9.915203E4	7.033463E3	6.192301E1	5.107214E1
2.036400E1	4.072800E4	-2.834183E1	-2.077087E-1	2.834259E1	9.918042E4	7.109222E3	5.869002E1	6.461535E1
2.036800E1	4.073600E4	-2.492275E1	-1.375847E1	2.846821E1	9.920890E4	7.044339E3	6.210909E1	7.816611E1
2.037200E1	4.074400E4	-1.561549E1	-2.383991E1	2.849886E1	9.923677E4	6.900179E3	7.141635E1	8.824755E1
2.037600E1	4.075200E4	-2.922513E0	-2.829062E1	2.844117E1	9.926410E4	6.868242E3	8.410933E1	9.269826E1
2.038000E1	4.076000E4	1.022448E1	-2.566619E1	2.762776E1	9.929172E4	7.033874E3	9.725633E1	9.007383E1
2.038400E1	4.076800E4	2.054772E1	-1.701482E1	2.667795E1	9.932037E4	7.383843E3	1.075796E2	8.142247E1
2.038800E1	4.077600E4	2.535534E1	-4.110625E0	2.568639E1	9.935079E4	7.752718E3	1.123872E2	6.851827E1
2.039200E1	4.078400E4	2.356202E1	9.709069E0	2.548401E1	9.938239E4	7.771524E3	1.105939E2	5.469857E1
2.039600E1	4.079200E4	1.585412E1	2.101125E1	2.632158E1	9.941296E4	7.411142E3	1.028860E2	4.339639E1
2.040000E1	4.080000E4	3.975967E0	2.720091E1	2.748996E1	9.944168E4	7.020049E3	9.100781E1	3.720673E1
2.040400E1	4.080800E4	-9.225769E0	2.660657E1	2.816069E1	9.946912E4	6.816152E3	7.780608E1	3.780108E1
2.040800E1	4.081600E4	-2.051785E1	1.966686E1	2.842126E1	9.949621E4	6.833791E3	6.651400E1	4.474078E1
2.041200E1	4.082400E4	-2.724456E1	7.918264E0	2.837190E1	9.952379E4	6.969508E3	5.978729E1	5.648938E1
2.041600E1	4.083200E4	-2.757950E1	-5.846726E0	2.819243E1	9.955197E4	7.072796E3	5.945234E1	7.025437E1
2.042000E1	4.084000E4	-2.156155E1	-1.833512E1	2.830331E1	9.958038E4	6.938519E3	6.547029E1	8.274277E1
2.042400E1	4.084800E4	-1.084968E1	-2.616423E1	2.832459E1	9.960748E4	6.792411E3	7.618217E1	9.057187E1
2.042800E1	4.085600E4	2.304365E0	-2.793386E1	2.802874E1	9.963472E4	6.804407E3	8.933621E1	9.234150E1
2.043200E1	4.086400E4	1.437991E1	-2.309094E1	2.720245E1	9.966191E4	7.009826E3	1.014118E2	8.749858E1
2.043600E1	4.087200E4	2.289192E1	-1.279676E1	2.622589E1	9.969079E4	7.355931E3	1.099238E2	7.720441E1
2.044000E1	4.088000E4	2.567997E1	3.406916E-1	2.568223E1	9.972076E4	7.569457E3	1.127118E2	6.406695E1
2.044400E1	4.088800E4	2.194830E1	1.337109E1	2.570046E1	9.975135E4	7.525456E3	1.089801E2	5.103656E1
2.044800E1	4.089600E4	1.285813E1	2.316210E1	2.649178E1	9.978096E4	7.276862E3	9.988998E1	4.124554E1
2.045200E1	4.090400E4	2.085940E-1	2.747562E1	2.747642E1	9.980957E4	6.954415E3	8.724044E1	3.693202E1
2.045600E1	4.091200E4	-1.263920E1	2.524093E1	2.822860E1	9.983660E4	6.757225E3	7.439265E1	3.916671E1
2.046000E1	4.092000E4	-2.290778E1	1.687499E1	2.845227E1	9.986362E4	6.783432E3	6.412407E1	4.753265E1
2.046400E1	4.092800E4	-2.796307E1	4.495721E0	2.832216E1	9.989087E4	6.887803E3	5.906878E1	5.991192E1
2.046800E1	4.093600E4	-2.689018E1	-9.115028E0	2.839305E1	9.991873E4	6.930246E3	6.014167E1	7.352267E1
2.047200E1	4.094400E4	-1.967264E1	-2.059235E1	2.847907E1	9.994631E4	6.761392E3	6.735921E1	8.499999E1
2.047600E1	4.095200E4	-8.430406E0	-2.726182E1	2.853557E1	9.997282E4	6.581166E3	7.860144E1	9.166947E1
2.048000E1	4.096000E4	4.365175E0	-2.769258E1	2.803451E1	9.999896E4	6.655107E3	9.139702E1	9.210022E1
2.048400E1	4.096800E4	1.596364E1	-2.192597E1	2.712168E1	1.000261E5	7.008623E3	1.029955E2	8.633361E1
2.048800E1	4.097600E4	2.370520E1	-1.104042E1	2.615009E1	1.000550E5	7.383552E3	1.107370E2	7.544806E1
2.049200E1	4.098400E4	2.554199E1	2.291090E0	2.564454E1	1.000851E5	7.515053E3	1.125738E2	6.211655E1
2.049600E1	4.099200E4	2.106757E1	1.483249E1	2.576520E1	1.001151E5	7.422838E3	1.080994E2	4.957515E1
2.050000E1	4.100000E4	1.151067E1	2.414168E1	2.674540E1	1.001445E5	7.128957E3	9.854252E1	4.026596E1
2.050400E1	4.100800E4	-1.054820E0	2.772417E1	2.774423E1	1.001722E5	6.735131E3	8.597703E1	3.668347E1
2.050800E1	4.101600E4	-1.350479E1	2.498763E1	2.840354E1	1.001984E5	6.603837E3	7.352706E1	3.942001E1
2.051200E1	4.102400E4	-2.338812E1	1.637072E1	2.854829E1	1.002250E5	6.699354E3	6.364372E1	4.803693E1
2.051600E1	4.103200E4	-2.805332E1	3.950507E0	2.833011E1	1.002520E5	6.781234E3	5.897853E1	6.045714E1
2.052000E1	4.104000E4	-2.665320E1	-9.312645E0	2.823328E1	1.002793E5	6.783227E3	6.037865E1	7.372029E1
2.052400E1	4.104800E4	-1.958244E1	-2.045612E1	2.831828E1	1.003063E5	6.659570E3	6.744941E1	8.486377E1
2.052800E1	4.105600E4	-8.558475E0	-2.720361E1	2.851814E1	1.003325E5	6.501377E3	7.847337E1	9.161126E1
2.053200E1	4.106400E4	4.019651E0	-2.768538E1	2.797566E1	1.003583E5	6.588908E3	9.105150E1	9.209302E1
2.053600E1	4.107200E4	1.567403E1	-2.218048E1	2.715970E1	1.003852E5	6.894019E3	1.027059E2	8.658813E1
2.054000E1	4.108000E4	2.331622E1	-1.166916E1	2.607327E1	1.004134E5	7.186965E3	1.103481E2	7.607681E1
2.054400E1	4.108800E4	2.537152E1	1.215571E0	2.540062E1	1.004427E5	7.421038E3	1.124034E2	6.319207E1
2.054800E1	4.109600E4	2.154487E1	1.387490E1	2.562605E1	1.004728E5	7.390836E3	1.085767E2	5.053275E1
2.055200E1	4.110400E4	1.248783E1	2.335786E1	2.648652E1	1.005019E5	7.057148E3	9.951967E1	4.104978E1
2.055600E1	4.111200E4	3.667378E-1	2.759982E1	2.760225E1	1.005292E5	6.638423E3	8.739858E1	3.680783E1
2.056000E1	4.112000E4	-1.202737E1	2.581977E1	2.848365E1	1.005550E5	6.458271E3	7.500447E1	3.858787E1
2.056400E1	4.112800E4	-2.217132E1	1.801501E1	2.856760E1	1.005809E5	6.530732E3	6.486053E1	4.639264E1
2.056800E1	4.113600E4	-2.772056E1	6.286295E0	2.842441E1	1.006072E5	6.680621E3	5.931129E1	5.812135E1
2.057200E1	4.114400E4	-2.741669E1	-7.013835E0	2.829962E1	1.006343E5	6.698938E3	5.961516E1	7.142148E1
2.057600E1	4.115200E4	-2.156953E1	-1.862780E1	2.849981E1	1.006608E5	6.554664E3	6.546232E1	8.303544E1
2.058000E1	4.116000E4	-1.130324E1	-2.635613E1	2.867767E1	1.006868E5	6.447359E3	7.572861E1	9.076377E1
2.058400E1	4.116800E4	1.177102E0	-2.816362E1	2.818821E1	1.007124E5	6.484493E3	8.820895E1	9.257126E1
2.058800E1	4.117600E4	1.309866E1	-2.396181E1	2.730830E1	1.007387E5	6.684072E3	1.001305E2	8.836946E1
2.059200E1	4.118400E4	2.184198E1	-1.480712E1	2.638793E1	1.007659E5	7.013406E3	1.088738E2	7.921476E1
2.059600E1	4.119200E4	2.553818E1	-2.337479E0	2.564493E1	1.007948E5	7.325482E3	1.125700E2	6.674512E1
2.060000E1	4.120000E4	2.321577E1	1.056522E1	2.550678E1	1.008245E5	7.327661E3	1.102476E2	5.384242E1
2.060400E1	4.120800E4	1.574935E1	2.120006E1	2.640993E1	1.008534E5	6.969764E3	1.027812E2	4.320758E1
2.060800E1	4.121600E4	4.664450E0	2.708272E1	2.748146E1	1.008802E5	6.628026E3	9.169630E1	3.732493E1
2.061200E1	4.122400E4	-7.974495E0	2.706735E1	2.821762E1	1.009064E5	6.449941E3	7.905735E1	3.734030E1
2.061600E1	4.123200E4	-1.893040E1	2.115217E1	2.838617E1	1.009318E5	6.396348E3	6.810144E1	4.325547E1
2.062000E1	4.124000E4	-2.616759E1	1.079264E1	2.830589E1	1.009576E5	6.512657E3	6.086426E1	5.361500E1
2.062400E1	4.124800E4	-2.805960E1	-1.926990E0	2.812569E1	1.009839E5	6.635673E3	5.897225E1	6.633463E1
2.062800E1	4.125600E4	-2.421519E1	-1.436194E1	2.815387E1	1.010107E5	6.593069E3	6.281666E1	7.876958E1
2.063200E1	4.126400E4	-1.556479E1	-2.367096E1	2.832979E1	1.010367E5	6.418693E3	7.146706E1	8.807860E1
2.063600E1	4.127200E4	-3.934684E0	-2.807340E1	2.834779E1	1.010620E5	6.324197E3	8.309716E1	9.248104E1
2.064000E1	4.128000E4	8.268469E0	-2.660137E1	2.785678E1	1.010873E5	6.401853E3	9.530032E1	9.100901E1
2.064400E1	4.128800E4	1.838901E1	-1.955740E1	2.684488E1	1.011132E5	6.666821E3	1.054209E2	8.396504E1
2.064800E1	4.129600E4	2.444983E1	-8.609514E0	2.592138E1	1.011406E5	7.014810E3	1.114817E2	7.301716E1
2.065200E1	4.130400E4	2.501905E1	4.121637E0	2.535628E1	1.011694E5	7.245969E3	1.120509E2	6.028601E1
2.065600E1	4.131200E4	2.010420E1	1.603121E1	2.571340E1	1.011986E5	7.141226E3	1.071361E2	4.837643E1
2.066000E1	4.132000E4	1.064541E1	2.446487E1	2.668061E1	1.012265E5	6.797231E3	9.767725E1	3.994277E1
2.066400E1	4.132800E4	-1.419299E0	2.757058E1	2.760709E1	1.012529E5	6.452781E3	8.561255E1	3.683707E1
2.066800E1	4.133600E4	-1.339240E1	2.507443E1	2.842681E1	1.012781E5	6.294933E3	7.363945E1	3.933321E1
2.067200E1	4.134400E4	-2.291242E1	1.707443E1	2.857473E1	1.013033E5	6.347773E3	6.411942E1	4.733322E1
2.067600E1	4.135200E4	-2.781663E1	5.462896E0	2.834799E1	1.013289E5	6.446810E3	5.921521E1	5.894475E1
2.068000E1	4.136000E4	-2.739418E1	-7.279228E0	2.834481E1	1.013549E5	6.446570E3	5.963767E1	7.168687E1
2.068400E1	4.136800E4	-2.167579E1	-1.848781E1	2.848928E1	1.013805E5	6.333065E3	6.535605E1	8.289545E1
2.068800E1	4.137600E4	-1.189915E1	-2.616520E1	2.874382E1	1.014055E5	6.245248E3	7.513270E1	9.057284E1
2.069200E1	4.138400E4	2.086977E-1	-2.822429E1	2.822506E1	1.014304E5	6.252003E3	8.724054E1	9.263194E1
2.069600E1	4.139200E4	1.186169E1	-2.480013E1	2.749084E1	1.014556E5	6.454715E3	9.889354E1	8.920777E1
2.070000E1	4.140000E4	2.090069E1	-1.629339E1	2.650120E1	1.014821E5	6.810962E3	1.079325E2	8.070103E1
2.070400E1	4.140800E4	2.516520E1	-4.415073E0	2.554957E1	1.015100E5	7.077557E3	1.121971E2	6.882272E1
2.070800E1	4.141600E4	2.415111E1	8.166163E0	2.549436E1	1.015387E5	7.082381E3	1.111830E2	5.624148E1
2.071200E1	4.142400E4	1.789965E1	1.900006E1	2.610363E1	1.015667E5	6.856143E3	1.049315E2	4.540758E1
2.071600E1	4.143200E4	7.677501E0	2.597035E1	2.708141E1	1.015935E5	6.529076E3	9.470935E1	3.843730E1
2.072000E1	4.144000E4	-4.369792E0	2.777562E1	2.811726E1	1.016189E5	6.258295E3	8.266206E1	3.663202E1
2.072400E1	4.144800E4	-1.580679E1	2.379354E1	2.856549E1	1.016436E5	6.195274E3	7.122505E1	4.061410E1
2.072800E1	4.145600E4	-2.428996E1	1.488319E1	2.848704E1	1.016685E5	6.264369E3	6.274188E1	4.952446E1
2.073200E1	4.146400E4	-2.798320E1	3.083304E0	2.815255E1	1.016937E5	6.395864E3	5.904865E1	6.132434E1
2.073600E1	4.147200E4	-2.640089E1	-9.437224E0	2.803691E1	1.017197E5	6.455467E3	6.063096E1	7.384487E1
2.074000E1	4.148000E4	-2.002694E1	-2.027739E1	2.850002E1	1.017454E5	6.278951E3	6.700490E1	8.468503E1
2.074400E1	4.148800E4	-9.766016E0	-2.668902E1	2.841969E1	1.017699E5	6.115739E3	7.726583E1	9.109667E1
2.074800E1	4.149600E4	2.104088E0	-2.810202E1	2.818068E1	1.017943E5	6.159852E3	8.913593E1	9.250966E1
2.075200E1	4.150400E4	1.332192E1	-2.385603E1	2.732369E1	1.018192E5	6.349164E3	1.003538E2	8.826368E1
2.075600E1	4.151200E4	2.159940E1	-1.508183E1	2.634379E1	1.018451E5	6.672091E3	1.086312E2	7.948947E1
2.076000E1	4.152000E4	2.524849E1	-3.298467E0	2.546303E1	1.018726E5	6.983084E3	1.122803E2	6.770611E1
2.076400E1	4.152800E4	2.373746E1	9.083406E0	2.541604E1	1.019009E5	6.953942E3	1.107693E2	5.532424E1
2.076800E1	4.153600E4	1.738697E1	1.943845E1	2.607988E1	1.019282E5	6.741956E3	1.044188E2	4.496919E1
2.077200E1	4.154400E4	7.048239E0	2.607771E1	2.701342E1	1.019549E5	6.421896E3	9.408009E1	3.832993E1
2.077600E1	4.155200E4	-4.661737E0	2.766837E1	2.805834E1	1.019796E5	6.143579E3	8.237011E1	3.673927E1
2.078000E1	4.156000E4	-1.587887E1	2.351997E1	2.837829E1	1.020040E5	6.129979E3	7.115297E1	4.088768E1
2.078400E1	4.156800E4	-2.418512E1	1.476060E1	2.833364E1	1.020286E5	6.198268E3	6.284673E1	4.964704E1
2.078800E1	4.157600E4	-2.790288E1	3.124710E0	2.807729E1	1.020536E5	6.290835E3	5.912897E1	6.128293E1
2.079200E1	4.158400E4	-2.669376E1	-9.155054E0	2.822006E1	1.020789E5	6.279168E3	6.033809E1	7.356270E1
2.079600E1	4.159200E4	-2.047485E1	-1.966467E1	2.838871E1	1.021038E5	6.128537E3	6.655700E1	8.407231E1
2.080000E1	4.160000E4	-1.075481E1	-2.656373E1	2.865829E1	1.021280E5	6.027118E3	7.627703E1	9.097137E1
2.080400E1	4.160800E4	1.021419E0	-2.838823E1	2.840660E1	1.021521E5	6.056818E3	8.805327E1	9.279588E1
2.080800E1	4.161600E4	1.218292E1	-2.452827E1	2.738721E1	1.021764E5	6.225286E3	9.921476E1	8.893591E1
2.081200E1	4.162400E4	2.081840E1	-1.634548E1	2.646848E1	1.022019E5	6.574784E3	1.078503E2	8.075312E1
2.081600E1	4.163200E4	2.513372E1	-4.880336E0	2.560315E1	1.022290E5	6.868018E3	1.121656E2	6.928798E1
2.082000E1	4.164000E4	2.435540E1	7.356606E0	2.544219E1	1.022568E5	6.912354E3	1.113872E2	5.705104E1
2.082400E1	4.164800E4	1.854601E1	1.810472E1	2.591786E1	1.022843E5	6.696497E3	1.055779E2	4.630292E1
2.082800E1	4.165600E4	9.048555E0	2.538191E1	2.694657E1	1.023104E5	6.344092E3	9.608040E1	3.902573E1
2.083200E1	4.166400E4	-2.443494E0	2.758044E1	2.768847E1	1.023351E5	6.077867E3	8.458835E1	3.682721E1
2.083600E1	4.167200E4	-1.380707E1	2.490658E1	2.847759E1	1.023590E5	5.998203E3	7.322478E1	3.950106E1
2.084000E1	4.168000E4	-2.275183E1	1.711453E1	2.847021E1	1.023830E5	6.070381E3	6.428002E1	4.729311E1
2.084400E1	4.168800E4	-2.754120E1	6.072952E0	2.820281E1	1.024076E5	6.179460E3	5.949064E1	5.833469E1
2.084800E1	4.169600E4	-2.744531E1	-6.076547E0	2.810995E1	1.024325E5	6.218643E3	5.958654E1	7.048419E1
2.085200E1	4.170400E4	-2.251596E1	-1.716137E1	2.831044E1	1.024573E5	6.095420E3	6.451589E1	8.156901E1
2.085600E1	4.171200E4	-1.368163E1	-2.493583E1	2.844262E1	1.024812E5	5.967426E3	7.335021E1	8.934347E1
2.086000E1	4.172000E4	-2.437511E0	-2.816420E1	2.826948E1	1.025051E5	5.948671E3	8.459434E1	9.257185E1
2.086400E1	4.172800E4	8.905173E0	-2.610359E1	2.758078E1	1.025288E5	6.074388E3	9.593702E1	9.051123E1
2.086800E1	4.173600E4	1.850227E1	-1.939627E1	2.680577E1	1.025536E5	6.380810E3	1.055341E2	8.380391E1
2.087200E1	4.174400E4	2.419969E1	-8.863772E0	2.577192E1	1.025799E5	6.659812E3	1.112315E2	7.327142E1
2.087600E1	4.175200E4	2.512612E1	3.052690E0	2.531088E1	1.026069E5	6.772695E3	1.121580E2	6.135495E1
2.088000E1	4.176000E4	2.125512E1	1.437186E1	2.565796E1	1.026341E5	6.677417E3	1.082870E2	5.003578E1
2.088400E1	4.176800E4	1.310331E1	2.301595E1	2.648454E1	1.026603E5	6.384531E3	1.001352E2	4.139169E1
2.088800E1	4.177600E4	2.328597E0	2.739352E1	2.749231E1	1.026851E5	6.059759E3	8.936044E1	3.701413E1
2.089200E1	4.178400E4	-9.062910E0	2.658472E1	2.808708E1	1.027088E5	5.880401E3	7.796894E1	3.782292E1
2.089600E1	4.179200E4	-1.910767E1	2.108433E1	2.845438E1	1.027322E5	5.928292E3	6.792418E1	4.332332E1
2.090000E1	4.180000E4	-2.586080E1	1.137853E1	2.825335E1	1.027563E5	6.091910E3	6.117105E1	5.302912E1
2.090400E1	4.180800E4	-2.803802E1	-4.501084E-1	2.804164E1	1.027809E5	6.167120E3	5.899382E1	6.485775E1
2.090800E1	4.181600E4	-2.548638E1	-1.220440E1	2.825779E1	1.028056E5	6.049019E3	6.154547E1	7.661204E1
2.091200E1	4.182400E4	-1.861951E1	-2.165625E1	2.856009E1	1.028293E5	5.867504E3	6.841234E1	8.606389E1
2.091600E1	4.183200E4	-8.607170E0	-2.734490E1	2.866753E1	1.028525E5	5.804990E3	7.842468E1	9.175255E1
2.092000E1	4.184000E4	2.815695E0	-2.795394E1	2.809538E1	1.028758E5	5.859171E3	8.984754E1	9.236158E1
2.092400E1	4.184800E4	1.341527E1	-2.380702E1	2.732661E1	1.028994E5	6.044905E3	1.004471E2	8.821466E1
2.092800E1	4.185600E4	2.124988E1	-1.537611E1	2.622942E1	1.029241E5	6.420014E3	1.082817E2	7.978376E1
2.093200E1	4.186400E4	2.505056E1	-4.074631E0	2.537978E1	1.029508E5	6.726716E3	1.120824E2	6.848227E1
2.093600E1	4.187200E4	2.413926E1	7.808288E0	2.537072E1	1.029779E5	6.711888E3	1.111711E2	5.659936E1
2.094000E1	4.188000E4	1.860741E1	1.825770E1	2.606875E1	1.030045E5	6.493160E3	1.056393E2	4.614994E1
2.094400E1	4.188800E4	9.255461E0	2.525080E1	2.689362E1	1.030299E5	6.141178E3	9.628731E1	3.915684E1
2.094800E1	4.189600E4	-1.740203E0	2.776866E1	2.782313E1	1.030536E5	5.854706E3	8.529164E1	3.663898E1
2.095200E1	4.190400E4	-1.274696E1	2.533605E1	2.836196E1	1.030767E5	5.801839E3	7.428488E1	3.907159E1
2.095600E1	4.191200E4	-2.167291E1	1.818533E1	2.829171E1	1.031000E5	5.893242E3	6.535894E1	4.622232E1
2.096000E1	4.192000E4	-2.699793E1	7.816235E0	2.810661E1	1.031239E5	5.989118E3	6.003392E1	5.659141E1
2.096400E1	4.192800E4	-2.773167E1	-3.854783E0	2.799830E1	1.031479E5	6.045868E3	5.930018E1	6.826243E1
2.096800E1	4.193600E4	-2.386678E1	-1.504168E1	2.821126E1	1.031722E5	5.961774E3	6.316507E1	7.944932E1
2.097200E1	4.194400E4	-1.606937E1	-2.347554E1	2.844864E1	1.031956E5	5.816654E3	7.096248E1	8.788318E1
2.097600E1	4.195200E4	-5.555600E0	-2.793955E1	2.848654E1	1.032188E5	5.696096E3	8.147625E1	9.234719E1
2.098000E1	4.196000E4	5.442270E0	-2.754469E1	2.807718E1	1.032412E5	5.695715E3	9.247412E1	9.195233E1
2.098400E1	4.196800E4	1.531983E1	-2.244161E1	2.717210E1	1.032643E5	5.978328E3	1.023517E2	8.684926E1
2.098800E1	4.197600E4	2.245188E1	-1.348877E1	2.619224E1	1.032890E5	6.325330E3	1.094837E2	7.789641E1
2.099200E1	4.198400E4	2.525688E1	-2.244272E0	2.535639E1	1.033149E5	6.627221E3	1.122887E2	6.665192E1
2.099600E1	4.199200E4	2.351723E1	9.511564E0	2.536789E1	1.033420E5	6.633549E3	1.105491E2	5.489608E1
2.100000E1	4.200000E4	1.730398E1	1.921165E1	2.585566E1	1.033680E5	6.338474E3	1.043358E2	4.519600E1
2.100400E1	4.200800E4	8.008192E0	2.575679E1	2.697301E1	1.033927E5	6.011744E3	9.504004E1	3.865085E1
2.100800E1	4.201600E4	-2.961528E0	2.778283E1	2.794022E1	1.034161E5	5.743290E3	8.407032E1	3.662482E1
2.101200E1	4.202400E4	-1.361728E1	2.489823E1	2.837873E1	1.034387E5	5.695245E3	7.341456E1	3.950942E1
2.101600E1	4.203200E4	-2.224818E1	1.760434E1	2.837066E1	1.034616E5	5.786564E3	6.478366E1	4.680331E1
2.102000E1	4.204000E4	-2.710599E1	7.279487E0	2.806645E1	1.034850E5	5.938975E3	5.992586E1	5.712816E1
2.102400E1	4.204800E4	-2.759211E1	-4.448320E0	2.794838E1	1.035092E5	6.017895E3	5.943974E1	6.885596E1
2.102800E1	4.205600E4	-2.372591E1	-1.547304E1	2.832550E1	1.035331E5	5.863682E3	6.330594E1	7.988069E1
2.103200E1	4.206400E4	-1.605151E1	-2.385812E1	2.875519E1	1.035561E5	5.666092E3	7.098033E1	8.826577E1
2.103600E1	4.207200E4	-5.739787E0	-2.806012E1	2.864115E1	1.035784E5	5.570529E3	8.129206E1	9.246776E1
2.104000E1	4.208000E4	5.191355E0	-2.765448E1	2.813753E1	1.036006E5	5.640700E3	9.222320E1	9.206212E1
2.104400E1	4.208800E4	1.504683E1	-2.267729E1	2.721519E1	1.036236E5	5.907655E3	1.020787E2	8.708494E1
2.104800E1	4.209600E4	2.216957E1	-1.391062E1	2.617241E1	1.036479E5	6.244325E3	1.092014E2	7.831826E1
2.105200E1	4.210400E4	2.528024E1	-2.871537E0	2.544281E1	1.036735E5	6.471009E3	1.123121E2	6.727918E1
2.105600E1	4.211200E4	2.385980E1	8.524845E0	2.533699E1	1.036997E5	6.452698E3	1.108916E2	5.588280E1
2.106000E1	4.212000E4	1.827967E1	1.837001E1	2.591531E1	1.037251E5	6.264291E3	1.053115E2	4.603763E1
2.106400E1	4.212800E4	9.264165E0	2.514618E1	2.679842E1	1.037498E5	5.988263E3	9.629601E1	3.926146E1
2.106800E1	4.213600E4	-1.471074E0	2.763287E1	2.767200E1	1.037730E5	5.717275E3	8.556077E1	3.677477E1
2.107200E1	4.214400E4	-1.218549E1	2.553160E1	2.829044E1	1.037955E5	5.609909E3	7.484636E1	3.887604E1
2.107600E1	4.215200E4	-2.085262E1	1.882421E1	2.809239E1	1.038179E5	5.690724E3	6.617922E1	4.558344E1
2.108000E1	4.216000E4	-2.642292E1	9.077731E0	2.793879E1	1.038410E5	5.823359E3	6.060893E1	5.532991E1
2.108400E1	4.216800E4	-2.794634E1	-2.206042E0	2.803327E1	1.038645E5	5.852917E3	5.908551E1	6.661368E1
2.108800E1	4.217600E4	-2.479557E1	-1.310804E1	2.804712E1	1.038879E5	5.828733E3	6.223628E1	7.751568E1
2.109200E1	4.218400E4	-1.775465E1	-2.203767E1	2.829994E1	1.039111E5	5.671064E3	6.927720E1	8.644531E1
2.109600E1	4.219200E4	-8.174662E0	-2.712955E1	2.833439E1	1.039332E5	5.503901E3	7.885719E1	9.153719E1
2.110000E1	4.220000E4	2.533330E0	-2.797428E1	2.808876E1	1.039552E5	5.533360E3	8.956518E1	9.238193E1
2.110400E1	4.220800E4	1.265062E1	-2.430338E1	2.739877E1	1.039775E5	5.716885E3	9.968247E1	8.871102E1
2.110800E1	4.221600E4	2.038013E1	-1.655680E1	2.625790E1	1.040009E5	6.019219E3	1.074120E2	8.096444E1
2.111200E1	4.222400E4	2.462439E1	-6.298629E0	2.541718E1	1.040257E5	6.371220E3	1.116562E2	7.070627E1
2.111600E1	4.223200E4	2.455240E1	5.164778E0	2.508974E1	1.040519E5	6.463588E3	1.115842E2	5.924287E1
2.112000E1	4.224000E4	2.034582E1	1.553348E1	2.559768E1	1.040774E5	6.228457E3	1.073777E2	4.887416E1
2.112400E1	4.224800E4	1.249683E1	2.321597E1	2.636574E1	1.041017E5	5.958823E3	9.952868E1	4.119167E1
2.112800E1	4.225600E4	2.371353E0	2.727650E1	2.737938E1	1.041250E5	5.661997E3	8.940320E1	3.713115E1
2.113200E1	4.226400E4	-8.227194E0	2.690486E1	2.813465E1	1.041470E5	5.475502E3	7.880465E1	3.750278E1
2.113600E1	4.227200E4	-1.774733E1	2.204536E1	2.830134E1	1.041688E5	5.533111E3	6.928452E1	4.236228E1
2.114000E1	4.228000E4	-2.470860E1	1.354555E1	2.817795E1	1.041913E5	5.697463E3	6.232325E1	5.086209E1
2.114400E1	4.228800E4	-2.794253E1	2.732375E0	2.807580E1	1.042144E5	5.753638E3	5.908932E1	6.167527E1
2.114800E1	4.229600E4	-2.690104E1	-8.377206E0	2.817523E1	1.042373E5	5.694361E3	6.013080E1	7.278485E1
2.115200E1	4.230400E4	-2.167544E1	-1.816849E1	2.828283E1	1.042600E5	5.534180E3	6.535641E1	8.257613E1
2.115600E1	4.231200E4	-1.357209E1	-2.507016E1	2.850815E1	1.042816E5	5.413687E3	7.345975E1	8.947780E1
2.116000E1	4.232000E4	-3.315766E0	-2.813866E1	2.833334E1	1.043033E5	5.464040E3	8.371608E1	9.254630E1
2.116400E1	4.232800E4	7.334862E0	-2.684344E1	2.782751E1	1.043253E5	5.556478E3	9.436671E1	9.125108E1
2.116800E1	4.233600E4	1.646032E1	-2.127316E1	2.689776E1	1.043477E5	5.790499E3	1.034922E2	8.568080E1
2.117200E1	4.234400E4	2.273418E1	-1.228886E1	2.584297E1	1.043716E5	6.142945E3	1.097660E2	7.669650E1
2.117600E1	4.235200E4	2.527840E1	-1.380168E0	2.531605E1	1.043969E5	6.378306E3	1.123102E2	6.578781E1
2.118000E1	4.236000E4	2.346411E1	9.783128E0	2.542192E1	1.044226E5	6.293087E3	1.104960E2	5.462452E1
2.118400E1	4.236800E4	1.776548E1	1.919810E1	2.615682E1	1.044472E5	5.940343E3	1.047973E2	4.520955E1
2.118800E1	4.237600E4	9.201942E0	2.549787E1	2.710751E1	1.044702E5	5.639642E3	9.623379E1	3.890977E1
2.119200E1	4.238400E4	-1.133010E0	2.776638E1	2.778948E1	1.044923E5	5.456994E3	8.589884E1	3.664127E1
2.119600E1	4.239200E4	-1.137706E1	2.578073E1	2.817949E1	1.045138E5	5.401612E3	7.565479E1	3.862691E1
2.120000E1	4.240000E4	-2.020070E1	1.981685E1	2.829798E1	1.045355E5	5.518298E3	6.683115E1	4.459079E1
2.120400E1	4.240800E4	-2.583146E1	1.045847E1	2.786833E1	1.045580E5	5.684054E3	6.120039E1	5.394918E1
2.120800E1	4.241600E4	-2.781145E1	-4.961288E-1	2.781587E1	1.045810E5	5.774635E3	5.922040E1	6.490377E1
2.121200E1	4.242400E4	-2.557301E1	-1.146904E1	2.802709E1	1.046042E5	5.664866E3	6.145883E1	7.587668E1
2.121600E1	4.243200E4	-1.968620E1	-2.062990E1	2.851560E1	1.046263E5	5.439896E3	6.734565E1	8.503755E1
2.122000E1	4.244000E4	-1.093284E1	-2.662330E1	2.878067E1	1.046477E5	5.272858E3	7.609901E1	9.103095E1
2.122400E1	4.244800E4	-7.367923E-1	-2.859035E1	2.859985E1	1.046685E5	5.282438E3	8.629505E1	9.299800E1
2.122800E1	4.245600E4	9.539538E0	-2.630384E1	2.798026E1	1.046899E5	5.459534E3	9.657138E1	9.071149E1
2.123200E1	4.246400E4	1.802002E1	-1.987328E1	2.682664E1	1.047122E5	5.740949E3	1.050519E2	8.428092E1
2.123600E1	4.247200E4	2.355401E1	-1.055515E1	2.581090E1	1.047359E5	6.000908E3	1.105859E2	7.496279E1
2.124000E1	4.248000E4	2.516038E1	9.103860E-2	2.516054E1	1.047602E5	6.214847E3	1.121922E2	6.431660E1
2.124400E1	4.248800E4	2.284086E1	1.093391E1	2.532302E1	1.047856E5	6.196928E3	1.098727E2	5.347374E1
2.124800E1	4.249600E4	1.689584E1	1.998132E1	2.616721E1	1.048098E5	5.860872E3	1.039277E2	4.442632E1
2.125200E1	4.250400E4	8.193274E0	2.593426E1	2.719771E1	1.048325E5	5.559361E3	9.522512E1	3.847338E1
2.125600E1	4.251200E4	-2.078024E0	2.791289E1	2.799014E1	1.048543E5	5.352567E3	8.495382E1	3.649475E1
2.126000E1	4.252000E4	-1.208865E1	2.558770E1	2.829957E1	1.048753E5	5.301293E3	7.494320E1	3.881994E1
2.126400E1	4.252800E4	-2.054774E1	1.938490E1	2.824861E1	1.048967E5	5.476570E3	6.648411E1	4.502274E1
2.126800E1	4.253600E4	-2.615773E1	9.988413E0	2.799992E1	1.049191E5	5.584982E3	6.087412E1	5.441923E1
2.127200E1	4.254400E4	-2.792319E1	-6.569886E-1	2.793091E1	1.049413E5	5.600227E3	5.910866E1	6.506463E1
2.127600E1	4.255200E4	-2.573627E1	-1.140598E1	2.815052E1	1.049639E5	5.510827E3	6.129558E1	7.581362E1
2.128000E1	4.256000E4	-1.991573E1	-2.022007E1	2.838111E1	1.049854E5	5.323498E3	6.711612E1	8.462771E1
2.128400E1	4.256800E4	-1.138658E1	-2.617520E1	2.854462E1	1.050065E5	5.201474E3	7.564527E1	9.058285E1
2.128800E1	4.257600E4	-1.458311E0	-2.826262E1	2.830022E1	1.050270E5	5.194698E3	8.557354E1	9.267027E1
2.129200E1	4.258400E4	8.538430E0	-2.620406E1	2.756007E1	1.050480E5	5.396780E3	9.557028E1	9.061171E1
2.129600E1	4.259200E4	1.715612E1	-2.028681E1	2.656853E1	1.050702E5	5.688835E3	1.041880E2	8.469445E1
2.130000E1	4.260000E4	2.295697E1	-1.141664E1	2.563908E1	1.050936E5	5.983535E3	1.099888E2	7.582429E1
2.130400E1	4.260800E4	2.528405E1	-8.437236E-1	2.529813E1	1.051181E5	6.119822E3	1.123159E2	6.525137E1
2.130800E1	4.261600E4	2.341197E1	9.705760E0	2.534408E1	1.051425E5	6.055037E3	1.104438E2	5.470188E1
2.131200E1	4.262400E4	1.800980E1	1.899766E1	2.617755E1	1.051665E5	5.798931E3	1.050417E2	4.540998E1
2.131600E1	4.263200E4	9.774414E0	2.534229E1	2.716194E1	1.051889E5	5.433435E3	9.680626E1	3.906535E1
2.132000E1	4.264000E4	1.683947E-3	2.785394E1	2.785394E1	1.052100E5	5.212448E3	8.703353E1	3.655370E1
2.132400E1	4.264800E4	-9.914240E0	2.636499E1	2.816744E1	1.052306E5	5.240958E3	7.711761E1	3.804265E1
2.132800E1	4.265600E4	-1.871723E1	2.084298E1	2.801365E1	1.052519E5	5.366708E3	6.831462E1	4.356467E1
2.133200E1	4.266400E4	-2.491258E1	1.239825E1	2.782721E1	1.052735E5	5.476389E3	6.211926E1	5.200939E1
2.133600E1	4.267200E4	-2.770888E1	2.066270E0	2.778581E1	1.052957E5	5.539221E3	5.932297E1	6.234137E1
2.134000E1	4.268000E4	-2.655845E1	-8.555428E0	2.790245E1	1.053179E5	5.485713E3	6.047339E1	7.296307E1
2.134400E1	4.268800E4	-2.188002E1	-1.811425E1	2.840530E1	1.053396E5	5.287172E3	6.515182E1	8.252189E1
2.134800E1	4.269600E4	-1.422544E1	-2.479182E1	2.858317E1	1.053602E5	5.141811E3	7.280641E1	8.919946E1
2.135200E1	4.270400E4	-4.593262E0	-2.822075E1	2.859211E1	1.053808E5	5.110822E3	8.243859E1	9.262839E1
2.135600E1	4.271200E4	5.373724E0	-2.754387E1	2.806317E1	1.054010E5	5.159228E3	9.240557E1	9.195151E1
2.136000E1	4.272000E4	1.444673E1	-2.309330E1	2.723984E1	1.054220E5	5.400419E3	1.014786E2	8.750095E1
2.136400E1	4.272800E4	2.114314E1	-1.522486E1	2.605434E1	1.054442E5	5.753709E3	1.081750E2	7.963250E1
2.136800E1	4.273600E4	2.475634E1	-5.235487E0	2.530388E1	1.054681E5	6.003085E3	1.117882E2	6.964313E1
2.137200E1	4.274400E4	2.474710E1	5.381078E0	2.532538E1	1.054923E5	5.965271E3	1.117789E2	5.902657E1
2.137600E1	4.275200E4	2.090639E1	1.506771E1	2.577039E1	1.055158E5	5.789178E3	1.079382E2	4.933993E1
2.138000E1	4.276000E4	1.388884E1	2.273663E1	2.664309E1	1.055386E5	5.548313E3	1.009207E2	4.167101E1
2.138400E1	4.276800E4	4.722053E0	2.724607E1	2.765224E1	1.055602E5	5.248735E3	9.175390E1	3.716157E1
2.138800E1	4.277600E4	-5.155617E0	2.762640E1	2.810335E1	1.055806E5	5.121684E3	8.187623E1	3.678124E1
2.139200E1	4.278400E4	-1.462621E1	2.420684E1	2.828246E1	1.056011E5	5.215906E3	7.240563E1	4.020080E1
2.139600E1	4.279200E4	-2.214916E1	1.711996E1	2.799426E1	1.056223E5	5.328934E3	6.488269E1	4.728768E1
2.140000E1	4.280000E4	-2.671145E1	7.774247E0	2.781979E1	1.056438E5	5.388383E3	6.032040E1	5.663340E1
2.140400E1	4.280800E4	-2.765978E1	-2.617155E0	2.778332E1	1.056654E5	5.454104E3	5.937207E1	6.702480E1
2.140800E1	4.281600E4	-2.499787E1	-1.296067E1	2.815799E1	1.056874E5	5.351201E3	6.203398E1	7.736832E1
2.141200E1	4.282400E4	-1.895511E1	-2.121117E1	2.844661E1	1.057082E5	5.122108E3	6.807674E1	8.561881E1
2.141600E1	4.283200E4	-1.053679E1	-2.658890E1	2.860059E1	1.057284E5	4.989423E3	7.649505E1	9.099654E1
2.142000E1	4.284000E4	-9.310421E-1	-2.851951E1	2.853470E1	1.057481E5	4.986102E3	8.610081E1	9.292715E1
2.142400E1	4.284800E4	8.731759E0	-2.644711E1	2.785127E1	1.057683E5	5.167042E3	9.576361E1	9.085476E1
2.142800E1	4.285600E4	1.721778E1	-2.091171E1	2.708785E1	1.057895E5	5.418658E3	1.042496E2	8.531935E1
2.143200E1	4.286400E4	2.271611E1	-1.227211E1	2.581911E1	1.058116E5	5.743339E3	1.097480E2	7.667976E1
2.143600E1	4.287200E4	2.523532E1	-2.024513E0	2.531640E1	1.058354E5	5.940182E3	1.122672E2	6.643216E1
2.144000E1	4.288000E4	2.389815E1	8.295023E0	2.529681E1	1.058591E5	5.848718E3	1.109300E2	5.611262E1
2.144400E1	4.288800E4	1.914438E1	1.736089E1	2.584391E1	1.058822E5	5.652131E3	1.061762E2	4.704676E1
2.144800E1	4.289600E4	1.155564E1	2.407413E1	2.670387E1	1.059044E5	5.438043E3	9.858749E1	4.033352E1
2.145200E1	4.290400E4	2.065711E0	2.752021E1	2.759763E1	1.059257E5	5.165290E3	8.909756E1	3.688743E1
2.145600E1	4.291200E4	-7.558727E0	2.692494E1	2.796582E1	1.059457E5	5.028825E3	7.947312E1	3.748270E1
2.146000E1	4.292000E4	-1.660494E1	2.290688E1	2.829221E1	1.059659E5	5.107287E3	7.042691E1	4.150076E1
2.146400E1	4.292800E4	-2.351188E1	1.553888E1	2.818272E1	1.059865E5	5.219225E3	6.351996E1	4.886876E1
2.146800E1	4.293600E4	-2.747317E1	5.994273E0	2.811950E1	1.060077E5	5.292379E3	5.955868E1	5.841337E1
2.147200E1	4.294400E4	-2.786169E1	-4.352325E0	2.819958E1	1.060289E5	5.237061E3	5.917016E1	6.875997E1
2.147600E1	4.295200E4	-2.464118E1	-1.399144E1	2.833634E1	1.060496E5	5.138841E3	6.239067E1	7.839908E1
2.148000E1	4.296000E4	-1.840236E1	-2.192273E1	2.862259E1	1.060700E5	4.978172E3	6.862949E1	8.633037E1
2.148400E1	4.296800E4	-1.010489E1	-2.690301E1	2.873814E1	1.060894E5	4.897195E3	7.692695E1	9.131065E1
2.148800E1	4.297600E4	-4.138643E-1	-2.845839E1	2.846140E1	1.061092E5	4.957900E3	8.661798E1	9.286603E1
2.149200E1	4.298400E4	9.086745E0	-2.627537E1	2.780223E1	1.061291E5	5.107759E3	9.611859E1	9.068301E1
2.149600E1	4.299200E4	1.721132E1	-2.049066E1	2.675998E1	1.061500E5	5.379834E3	1.042432E2	8.489830E1
2.150000E1	4.300000E4	2.279701E1	-1.206252E1	2.579163E1	1.061721E5	5.674550E3	1.098289E2	7.647016E1
2.150400E1	4.300800E4	2.524673E1	-2.020089E0	2.532742E1	1.061954E5	5.837381E3	1.122786E2	6.642773E1
2.150800E1	4.301600E4	2.402321E1	8.184959E0	2.537928E1	1.062188E5	5.766432E3	1.110551E2	5.622268E1
2.151200E1	4.302400E4	1.943450E1	1.722853E1	2.597156E1	1.062416E5	5.566309E3	1.064663E2	4.717911E1
2.151600E1	4.303200E4	1.201260E1	2.393119E1	2.677693E1	1.062633E5	5.273329E3	9.904445E1	4.047646E1
2.152000E1	4.304000E4	3.011432E0	2.746783E1	2.763242E1	1.062837E5	4.989864E3	9.004328E1	3.693981E1
2.152400E1	4.304800E4	-6.423956E0	2.725193E1	2.799884E1	1.063033E5	4.975844E3	8.060789E1	3.715571E1
2.152800E1	4.305600E4	-1.553106E1	2.342033E1	2.810206E1	1.063236E5	5.084892E3	7.150078E1	4.098731E1
2.153200E1	4.306400E4	-2.257927E1	1.643912E1	2.792970E1	1.063439E5	5.182954E3	6.445258E1	4.796852E1
2.153600E1	4.307200E4	-2.690913E1	7.203356E0	2.785659E1	1.063650E5	5.229880E3	6.012272E1	5.720429E1
2.154000E1	4.308000E4	-2.775806E1	-2.810786E0	2.790000E1	1.063858E5	5.214837E3	5.927379E1	6.721843E1
2.154400E1	4.308800E4	-2.521187E1	-1.269815E1	2.822909E1	1.064067E5	5.115721E3	6.181997E1	7.710579E1
2.154800E1	4.309600E4	-1.961852E1	-2.082437E1	2.861015E1	1.064267E5	4.896871E3	6.741333E1	8.523201E1
2.155200E1	4.310400E4	-1.178728E1	-2.635996E1	2.887538E1	1.064459E5	4.767509E3	7.524456E1	9.076760E1
2.155600E1	4.311200E4	-2.564521E0	-2.844280E1	2.855818E1	1.064648E5	4.801978E3	8.446733E1	9.285045E1
2.156000E1	4.312000E4	6.937933E0	-2.717254E1	2.804428E1	1.064843E5	4.977030E3	9.396978E1	9.158018E1
2.156400E1	4.312800E4	1.536618E1	-2.222127E1	2.701674E1	1.065047E5	5.201308E3	1.023980E2	8.662892E1
2.156800E1	4.313600E4	2.149190E1	-1.453268E1	2.594418E1	1.065259E5	5.465234E3	1.085237E2	7.894032E1
2.157200E1	4.314400E4	2.458909E1	-5.053668E0	2.510305E1	1.065484E5	5.712992E3	1.116209E2	6.946131E1
2.157600E1	4.315200E4	2.440125E1	5.025567E0	2.491339E1	1.065716E5	5.768732E3	1.114331E2	5.938208E1
2.158000E1	4.316000E4	2.101695E1	1.446393E1	2.551309E1	1.065945E5	5.554595E3	1.080488E2	4.994371E1
2.158400E1	4.316800E4	1.471348E1	2.187485E1	2.636276E1	1.066161E5	5.198780E3	1.017453E2	4.253280E1
2.158800E1	4.317600E4	6.578561E0	2.663479E1	2.743519E1	1.066361E5	4.992667E3	9.361041E1	3.777285E1
2.159200E1	4.318400E4	-2.949930E0	2.799273E1	2.814774E1	1.066560E5	4.875916E3	8.408192E1	3.641491E1
2.159600E1	4.319200E4	-1.201113E1	2.560211E1	2.827959E1	1.066751E5	4.837536E3	7.502072E1	3.880554E1
2.160000E1	4.320000E4	-1.987269E1	2.007066E1	2.824456E1	1.066947E5	4.988028E3	6.715916E1	4.433698E1
2.160400E1	4.320800E4	-2.538681E1	1.181775E1	2.800267E1	1.067150E5	5.115266E3	6.164503E1	5.258989E1
2.160800E1	4.321600E4	-2.796486E1	2.133049E0	2.804609E1	1.067356E5	5.161395E3	5.906699E1	6.227459E1
2.161200E1	4.322400E4	-2.702161E1	-7.916430E0	2.815736E1	1.067563E5	5.092579E3	6.001024E1	7.232407E1
2.161600E1	4.323200E4	-2.292859E1	-1.689131E1	2.847871E1	1.067764E5	4.942415E3	6.410326E1	8.129896E1
2.162000E1	4.324000E4	-1.614660E1	-2.381990E1	2.877673E1	1.067959E5	4.781894E3	7.088524E1	8.822754E1
2.162400E1	4.324800E4	-7.638283E0	-2.779490E1	2.882533E1	1.068146E5	4.670556E3	7.939356E1	9.220254E1
2.162800E1	4.325600E4	1.607542E0	-2.846249E1	2.850785E1	1.068332E5	4.719633E3	8.863939E1	9.287013E1
2.163200E1	4.326400E4	1.055538E1	-2.562069E1	2.770985E1	1.068524E5	4.941308E3	9.758723E1	9.002834E1
2.163600E1	4.327200E4	1.806785E1	-1.953676E1	2.661076E1	1.068728E5	5.225448E3	1.050997E2	8.394440E1
2.164000E1	4.328000E4	2.310231E1	-1.117079E1	2.566132E1	1.068942E5	5.526510E3	1.101342E2	7.557843E1
2.164400E1	4.328800E4	2.506949E1	-1.324743E0	2.510446E1	1.069170E5	5.723797E3	1.121013E2	6.573239E1
2.164800E1	4.329600E4	2.370230E1	8.619881E0	2.522105E1	1.069400E5	5.597371E3	1.107341E2	5.578776E1
2.165200E1	4.330400E4	1.959006E1	1.748732E1	2.625980E1	1.069618E5	5.288517E3	1.066219E2	4.692032E1
2.165600E1	4.331200E4	1.250102E1	2.380397E1	2.688688E1	1.069823E5	5.038688E3	9.953287E1	4.060368E1
2.166000E1	4.332000E4	3.834868E0	2.750807E1	2.777409E1	1.070021E5	4.808203E3	9.086671E1	3.689957E1
2.166400E1	4.332800E4	-5.238616E0	2.756971E1	2.806300E1	1.070208E5	4.719977E3	8.179323E1	3.683794E1
2.166800E1	4.333600E4	-1.399286E1	2.440976E1	2.813604E1	1.070398E5	4.856169E3	7.303899E1	3.999788E1
2.167200E1	4.334400E4	-2.122013E1	1.805460E1	2.786149E1	1.070596E5	4.990207E3	6.581172E1	4.635305E1
2.167600E1	4.335200E4	-2.594544E1	9.574306E0	2.765562E1	1.070797E5	5.049354E3	6.108641E1	5.483334E1
2.168000E1	4.336000E4	-2.767286E1	-1.398486E-3	2.767286E1	1.071000E5	5.066324E3	5.935899E1	6.440904E1
2.168400E1	4.336800E4	-2.622687E1	-9.688960E0	2.795934E1	1.071203E5	5.013107E3	6.080498E1	7.409660E1
2.168800E1	4.337600E4	-2.174316E1	-1.831447E1	2.842859E1	1.071401E5	4.793890E3	6.528869E1	8.272211E1
2.169200E1	4.338400E4	-1.497912E1	-2.456558E1	2.877224E1	1.071586E5	4.637802E3	7.205272E1	8.897322E1
2.169600E1	4.339200E4	-6.388737E0	-2.814325E1	2.885929E1	1.071772E5	4.585397E3	8.064311E1	9.255090E1
2.170000E1	4.340000E4	2.622348E0	-2.821465E1	2.833625E1	1.071953E5	4.637494E3	8.965420E1	9.262229E1
2.170400E1	4.340800E4	1.125074E1	-2.490590E1	2.732916E1	1.072143E5	4.893257E3	9.828259E1	8.931354E1
2.170800E1	4.341600E4	1.846594E1	-1.881994E1	2.636629E1	1.072345E5	5.173923E3	1.054978E2	8.322759E1
2.171200E1	4.342400E4	2.317479E1	-1.046309E1	2.542729E1	1.072557E5	5.390189E3	1.102066E2	7.487073E1
2.171600E1	4.343200E4	2.496992E1	-1.056353E0	2.499225E1	1.072776E5	5.579774E3	1.120018E2	6.546400E1
2.172000E1	4.344000E4	2.361723E1	8.754886E0	2.518773E1	1.073003E5	5.564502E3	1.106491E2	5.565276E1
2.172400E1	4.344800E4	1.918596E1	1.733193E1	2.585531E1	1.073221E5	5.247334E3	1.062178E2	4.707571E1
2.172800E1	4.345600E4	1.243561E1	2.370480E1	2.676867E1	1.073423E5	4.963357E3	9.946746E1	4.070284E1
2.173200E1	4.346400E4	3.943982E0	2.737075E1	2.765344E1	1.073618E5	4.719937E3	9.097583E1	3.703689E1
2.173600E1	4.347200E4	-4.929890E0	2.773831E1	2.817300E1	1.073801E5	4.622217E3	8.210196E1	3.666933E1
2.174000E1	4.348000E4	-1.361676E1	2.479119E1	2.828461E1	1.073988E5	4.750350E3	7.341508E1	3.961646E1
2.174400E1	4.348800E4	-2.098440E1	1.884101E1	2.820158E1	1.074181E5	4.845433E3	6.604744E1	4.556663E1
2.174800E1	4.349600E4	-2.591065E1	1.071050E1	2.803706E1	1.074375E5	4.902461E3	6.112119E1	5.369714E1
2.175200E1	4.350400E4	-2.794714E1	1.317778E0	2.797819E1	1.074573E5	4.962937E3	5.908471E1	6.308987E1
2.175600E1	4.351200E4	-2.696475E1	-8.370261E0	2.823401E1	1.074772E5	4.865850E3	6.006709E1	7.277790E1
2.176000E1	4.352000E4	-2.304965E1	-1.688658E1	2.857346E1	1.074962E5	4.712975E3	6.398220E1	8.129422E1
2.176400E1	4.352800E4	-1.662108E1	-2.369237E1	2.894112E1	1.075149E5	4.567142E3	7.041077E1	8.810001E1
2.176800E1	4.353600E4	-8.607664E0	-2.774564E1	2.905018E1	1.075328E5	4.441795E3	7.842418E1	9.215329E1
2.177200E1	4.354400E4	2.420792E-1	-2.869926E1	2.870029E1	1.075505E5	4.571242E3	8.727393E1	9.310691E1
2.177600E1	4.355200E4	9.197481E0	-2.621367E1	2.778039E1	1.075693E5	4.808575E3	9.622933E1	9.062132E1
2.178000E1	4.356000E4	1.674351E1	-2.071206E1	2.663333E1	1.075890E5	5.039835E3	1.037754E2	8.511970E1
2.178400E1	4.356800E4	2.227173E1	-1.303912E1	2.580792E1	1.076097E5	5.293850E3	1.093036E2	7.744676E1
2.178800E1	4.357600E4	2.498725E1	-3.822392E0	2.527792E1	1.076313E5	5.440160E3	1.120191E2	6.823004E1
2.179200E1	4.358400E4	2.457684E1	5.752766E0	2.524114E1	1.076532E5	5.446991E3	1.116087E2	5.865488E1
2.179600E1	4.359200E4	2.113375E1	1.473138E1	2.576139E1	1.076749E5	5.253680E3	1.081656E2	4.967626E1
2.180000E1	4.360000E4	1.527613E1	2.198244E1	2.676916E1	1.076952E5	4.885770E3	1.023080E2	4.242520E1
2.180400E1	4.360800E4	7.655255E0	2.663521E1	2.771348E1	1.077140E5	4.672638E3	9.468710E1	3.777244E1
2.180800E1	4.361600E4	-1.274329E0	2.822886E1	2.825761E1	1.077326E5	4.556681E3	8.575752E1	3.617878E1
2.181200E1	4.362400E4	-9.861430E0	2.649082E1	2.826679E1	1.077504E5	4.587629E3	7.717042E1	3.791682E1
2.181600E1	4.363200E4	-1.774314E1	2.168888E1	2.802189E1	1.077693E5	4.757740E3	6.928870E1	4.271877E1
2.182000E1	4.364000E4	-2.377716E1	1.458201E1	2.789244E1	1.077885E5	4.786438E3	6.325469E1	4.982563E1
2.182400E1	4.364800E4	-2.712260E1	5.974572E0	2.777284E1	1.078076E5	4.893982E3	5.990925E1	5.843307E1
2.182800E1	4.365600E4	-2.765940E1	-3.706265E0	2.790661E1	1.078276E5	4.924374E3	5.937245E1	6.811391E1
2.183200E1	4.366400E4	-2.525703E1	-1.285370E1	2.833964E1	1.078470E5	4.746953E3	6.177482E1	7.726134E1
2.183600E1	4.367200E4	-2.011946E1	-2.055077E1	2.875981E1	1.078656E5	4.573730E3	6.691239E1	8.495841E1
2.184000E1	4.368000E4	-1.295287E1	-2.605010E1	2.909269E1	1.078836E5	4.416787E3	7.407898E1	9.045774E1
2.184400E1	4.368800E4	-4.549684E0	-2.853824E1	2.889862E1	1.079009E5	4.386579E3	8.248216E1	9.294588E1
2.184800E1	4.369600E4	4.264985E0	-2.801985E1	2.834258E1	1.079187E5	4.515000E3	9.129683E1	9.242749E1
2.185200E1	4.370400E4	1.247289E1	-2.441418E1	2.741579E1	1.079371E5	4.749079E3	9.950474E1	8.882183E1
2.185600E1	4.371200E4	1.902186E1	-1.795831E1	2.615974E1	1.079566E5	5.060687E3	1.060537E2	8.236596E1
2.186000E1	4.372000E4	2.347047E1	-9.699046E0	2.539556E1	1.079775E5	5.269595E3	1.105023E2	7.410669E1
2.186400E1	4.372800E4	2.507965E1	-5.235386E-1	2.508511E1	1.079988E5	5.292983E3	1.121115E2	6.493118E1
2.186800E1	4.373600E4	2.376396E1	8.598332E0	2.527166E1	1.080199E5	5.246860E3	1.107958E2	5.580931E1
2.187200E1	4.374400E4	1.983060E1	1.710464E1	2.618819E1	1.080408E5	5.006529E3	1.068624E2	4.730301E1
2.187600E1	4.375200E4	1.351692E1	2.335875E1	2.698775E1	1.080599E5	4.772046E3	1.005488E2	4.104889E1
2.188000E1	4.376000E4	5.290822E0	2.710618E1	2.761771E1	1.080790E5	4.618018E3	9.232267E1	3.730147E1
2.188400E1	4.376800E4	-3.368993E0	2.789031E1	2.809306E1	1.080969E5	4.525292E3	8.366285E1	3.651733E1
2.188800E1	4.377600E4	-1.202312E1	2.559947E1	2.828230E1	1.081152E5	4.552588E3	7.500873E1	3.880817E1
2.189200E1	4.378400E4	-1.933839E1	2.051541E1	2.819318E1	1.081333E5	4.676906E3	6.769346E1	4.389223E1
2.189600E1	4.379200E4	-2.499845E1	1.297294E1	2.816415E1	1.081526E5	4.761998E3	6.203340E1	5.143471E1
2.190000E1	4.380000E4	-2.773070E1	4.191732E0	2.804572E1	1.081714E5	4.747835E3	5.930114E1	6.021591E1
2.190400E1	4.380800E4	-2.785985E1	-5.191504E0	2.833943E1	1.081906E5	4.701476E3	5.917199E1	6.959915E1
2.190800E1	4.381600E4	-2.515054E1	-1.395043E1	2.876047E1	1.082090E5	4.558869E3	6.188130E1	7.835808E1
2.191200E1	4.382400E4	-1.985437E1	-2.131102E1	2.912654E1	1.082270E5	4.382626E3	6.717748E1	8.571866E1
2.191600E1	4.383200E4	-1.272095E1	-2.617118E1	2.909903E1	1.082441E5	4.296977E3	7.431090E1	9.057883E1
2.192000E1	4.384000E4	-4.300880E0	-2.844629E1	2.876958E1	1.082614E5	4.392969E3	8.273097E1	9.285393E1
2.192400E1	4.384800E4	4.550163E0	-2.802879E1	2.839573E1	1.082792E5	4.490113E3	9.158201E1	9.243644E1
2.192800E1	4.385600E4	1.254373E1	-2.427880E1	2.732774E1	1.082973E5	4.720864E3	9.957558E1	8.868645E1
2.193200E1	4.386400E4	1.908946E1	-1.780881E1	2.610673E1	1.083170E5	5.025242E3	1.061213E2	8.221645E1
2.193600E1	4.387200E4	2.357157E1	-9.751506E0	2.550903E1	1.083375E5	5.133209E3	1.106034E2	7.415915E1
2.194000E1	4.388000E4	2.519988E1	-8.564515E-1	2.521443E1	1.083581E5	5.193526E3	1.122317E2	6.526409E1
2.194400E1	4.388800E4	2.409506E1	8.331153E0	2.549470E1	1.083791E5	5.134534E3	1.111269E2	5.607649E1
2.194800E1	4.389600E4	2.035877E1	1.656268E1	2.624504E1	1.083991E5	4.867858E3	1.073906E2	4.784496E1
2.195200E1	4.390400E4	1.428048E1	2.286801E1	2.696067E1	1.084180E5	4.627456E3	1.013123E2	4.153963E1
2.195600E1	4.391200E4	6.639235E0	2.692742E1	2.773383E1	1.084361E5	4.524472E3	9.367108E1	3.748022E1
2.196000E1	4.392000E4	-2.066300E0	2.805672E1	2.813271E1	1.084542E5	4.466555E3	8.496555E1	3.635092E1
2.196400E1	4.392800E4	-1.048700E1	2.611117E1	2.813841E1	1.084719E5	4.490494E3	7.654485E1	3.829648E1
2.196800E1	4.393600E4	-1.807433E1	2.143659E1	2.803942E1	1.084901E5	4.620992E3	6.895751E1	4.297105E1
2.197200E1	4.394400E4	-2.375508E1	1.435840E1	2.775729E1	1.085088E5	4.689687E3	6.327677E1	5.004924E1
2.197600E1	4.395200E4	-2.715280E1	5.943348E0	2.779565E1	1.085277E5	4.702484E3	5.987904E1	5.846429E1
2.198000E1	4.396000E4	-2.779378E1	-3.151782E0	2.797191E1	1.085465E5	4.627558E3	5.923807E1	6.755943E1
2.198400E1	4.396800E4	-2.588219E1	-1.189024E1	2.848273E1	1.085647E5	4.493770E3	6.114966E1	7.629788E1
2.198800E1	4.397600E4	-2.146155E1	-1.961069E1	2.907193E1	1.085824E5	4.321644E3	6.557030E1	8.401833E1
2.199200E1	4.398400E4	-1.506595E1	-2.532070E1	2.946388E1	1.085992E5	4.246211E3	7.196590E1	8.972834E1
2.199600E1	4.399200E4	-6.816464E0	-2.815329E1	2.896674E1	1.086164E5	4.259023E3	8.021538E1	9.256093E1
2.200000E1	4.400000E4	1.647852E0	-2.841225E1	2.845999E1	1.086333E5	4.326383E3	8.867970E1	9.281989E1
2.200400E1	4.400800E4	9.817950E0	-2.557590E1	2.739560E1	1.086510E5	4.561002E3	9.684980E1	8.998355E1
2.200800E1	4.401600E4	1.705078E1	-2.045965E1	2.663318E1	1.086698E5	4.785608E3	1.040826E2	8.486730E1
2.201200E1	4.402400E4	2.225801E1	-1.322351E1	2.588977E1	1.086893E5	5.009541E3	1.092899E2	7.763115E1
2.201600E1	4.403200E4	2.497471E1	-4.456021E0	2.536912E1	1.087099E5	5.120891E3	1.120066E2	6.886366E1
2.202000E1	4.404000E4	2.504655E1	4.530302E0	2.545297E1	1.087303E5	5.044538E3	1.120784E2	5.987734E1
2.202400E1	4.404800E4	2.239070E1	1.305262E1	2.591745E1	1.087502E5	4.887434E3	1.094225E2	5.135503E1
2.202800E1	4.405600E4	1.741021E1	2.027844E1	2.672696E1	1.087694E5	4.679412E3	1.044421E2	4.412920E1
2.203200E1	4.406400E4	1.040139E1	2.533007E1	2.738250E1	1.087877E5	4.484107E3	9.743324E1	3.907758E1
2.203600E1	4.407200E4	2.323753E0	2.781763E1	2.791452E1	1.088052E5	4.387328E3	8.935560E1	3.659001E1
2.204000E1	4.408000E4	-6.233538E0	2.749500E1	2.819276E1	1.088228E5	4.386721E3	8.079831E1	3.691265E1
2.204400E1	4.408800E4	-1.411015E1	2.412860E1	2.795148E1	1.088403E5	4.455912E3	7.292170E1	4.027905E1
2.204800E1	4.409600E4	-2.082929E1	1.847934E1	2.784502E1	1.088584E5	4.577339E3	6.620256E1	4.592831E1
2.205200E1	4.410400E4	-2.564677E1	1.091952E1	2.787459E1	1.088769E5	4.601641E3	6.138508E1	5.348812E1
2.205600E1	4.411200E4	-2.803680E1	2.337406E0	2.813407E1	1.088952E5	4.586229E3	5.899504E1	6.207024E1
2.206000E1	4.412000E4	-2.774498E1	-6.726152E0	2.854864E1	1.089136E5	4.488539E3	5.928687E1	7.113380E1
2.206400E1	4.412800E4	-2.489521E1	-1.504303E1	2.908719E1	1.089311E5	4.302271E3	6.213663E1	7.945067E1
2.206800E1	4.413600E4	-1.975587E1	-2.197607E1	2.955067E1	1.089480E5	4.170497E3	6.727598E1	8.638372E1
2.207200E1	4.414400E4	-1.267799E1	-2.658786E1	2.945583E1	1.089645E5	4.130246E3	7.435385E1	9.099550E1
2.207600E1	4.415200E4	-4.511468E0	-2.876797E1	2.911957E1	1.089811E5	4.185975E3	8.252038E1	9.317562E1
2.208000E1	4.416000E4	3.942253E0	-2.807048E1	2.834595E1	1.089980E5	4.332831E3	9.097410E1	9.247812E1
2.208400E1	4.416800E4	1.193540E1	-2.474468E1	2.747277E1	1.090157E5	4.562620E3	9.896725E1	8.915232E1
2.208800E1	4.417600E4	1.857298E1	-1.890306E1	2.650060E1	1.090345E5	4.780247E3	1.056048E2	8.331071E1
2.209200E1	4.418400E4	2.302629E1	-1.123468E1	2.562086E1	1.090540E5	4.977672E3	1.100581E2	7.564232E1
2.209600E1	4.419200E4	2.530724E1	-2.518530E0	2.543225E1	1.090743E5	5.004371E3	1.123391E2	6.692617E1
2.210000E1	4.420000E4	2.493478E1	6.229382E0	2.570113E1	1.090940E5	4.856552E3	1.119666E2	5.817826E1
2.210400E1	4.420800E4	2.210886E1	1.445064E1	2.641255E1	1.091132E5	4.650337E3	1.091407E2	4.995700E1
2.210800E1	4.421600E4	1.695976E1	2.111602E1	2.708357E1	1.091312E5	4.474355E3	1.039916E2	4.329162E1
2.211200E1	4.422400E4	9.911242E0	2.577125E1	2.761142E1	1.091490E5	4.374366E3	9.694309E1	3.863639E1
2.211600E1	4.423200E4	1.847270E0	2.799325E1	2.805413E1	1.091662E5	4.303476E3	8.887912E1	3.641440E1
2.212000E1	4.424000E4	-6.502240E0	2.731087E1	2.807423E1	1.091834E5	4.380582E3	8.052961E1	3.709678E1
2.212400E1	4.424800E4	-1.459571E1	2.403484E1	2.811954E1	1.092013E5	4.439086E3	7.243613E1	4.037281E1
2.212800E1	4.425600E4	-2.111292E1	1.841506E1	2.801552E1	1.092189E5	4.500730E3	6.591893E1	4.599259E1
2.213200E1	4.426400E4	-2.576940E1	1.079277E1	2.793825E1	1.092373E5	4.528657E3	6.126244E1	5.361487E1
2.213600E1	4.427200E4	-2.808746E1	2.391278E0	2.818907E1	1.092551E5	4.460562E3	5.894438E1	6.201636E1
2.214000E1	4.428000E4	-2.794443E1	-6.430690E0	2.867481E1	1.092730E5	4.382266E3	5.908742E1	7.083833E1
2.214400E1	4.428800E4	-2.507596E1	-1.458980E1	2.901148E1	1.092902E5	4.250895E3	6.195589E1	7.899744E1
2.214800E1	4.429600E4	-2.011913E1	-2.154999E1	2.948189E1	1.093070E5	4.135381E3	6.691271E1	8.595763E1
2.215200E1	4.430400E4	-1.332313E1	-2.646124E1	2.962605E1	1.093233E5	4.022350E3	7.370872E1	9.086888E1
2.215600E1	4.431200E4	-5.533571E0	-2.885878E1	2.938451E1	1.093391E5	4.045476E3	8.149828E1	9.326642E1
2.216000E1	4.432000E4	2.806650E0	-2.842656E1	2.856478E1	1.093556E5	4.271869E3	8.983850E1	9.283420E1
2.216400E1	4.432800E4	1.090262E1	-2.529078E1	2.754071E1	1.093733E5	4.478831E3	9.793447E1	8.969842E1
2.216800E1	4.433600E4	1.762985E1	-1.994840E1	2.662236E1	1.093915E5	4.660821E3	1.046617E2	8.435604E1
2.217200E1	4.434400E4	2.244847E1	-1.264545E1	2.576512E1	1.094106E5	4.798341E3	1.094803E2	7.705310E1
2.217600E1	4.435200E4	2.514317E1	-4.498558E0	2.554244E1	1.094299E5	4.869501E3	1.121750E2	6.890620E1
2.218000E1	4.436000E4	2.542230E1	4.282978E0	2.578056E1	1.094496E5	4.788915E3	1.124541E2	6.012467E1
2.218400E1	4.436800E4	2.319890E1	1.242217E1	2.631538E1	1.094682E5	4.564167E3	1.102308E2	5.198548E1
2.218800E1	4.437600E4	1.869096E1	1.940674E1	2.694390E1	1.094861E5	4.405487E3	1.057228E2	4.500090E1
2.219200E1	4.438400E4	1.227810E1	2.453091E1	2.743205E1	1.095034E5	4.312030E3	9.930995E1	3.987674E1
2.219600E1	4.439200E4	4.544135E0	2.736761E1	2.774230E1	1.095206E5	4.300976E3	9.157598E1	3.704003E1
2.220000E1	4.440000E4	-3.794551E0	2.763228E1	2.789160E1	1.095378E5	4.300805E3	8.323730E1	3.677536E1
2.220400E1	4.440800E4	-1.185854E1	2.545506E1	2.808175E1	1.095550E5	4.312796E3	7.517330E1	3.895259E1
2.220800E1	4.441600E4	-1.887698E1	2.072990E1	2.803692E1	1.095723E5	4.363946E3	6.815487E1	4.367775E1
2.221200E1	4.442400E4	-2.436182E1	1.412740E1	2.816171E1	1.095899E5	4.408105E3	6.267002E1	5.028024E1
2.221600E1	4.443200E4	-2.779296E1	6.117628E0	2.845829E1	1.096076E5	4.420745E3	5.923889E1	5.829002E1
2.222000E1	4.444000E4	-2.875843E1	-2.645839E0	2.887988E1	1.096253E5	4.326011E3	5.827342E1	6.705348E1
2.222400E1	4.444800E4	-2.724880E1	-1.111693E1	2.942929E1	1.096422E5	4.172657E3	5.978305E1	7.552458E1
2.222800E1	4.445600E4	-2.311272E1	-1.847562E1	2.958963E1	1.096586E5	4.078215E3	6.391913E1	8.288326E1
2.223200E1	4.446400E4	-1.714499E1	-2.432272E1	2.975812E1	1.096748E5	3.983538E3	6.988686E1	8.873037E1
2.223600E1	4.447200E4	-9.826281E0	-2.775795E1	2.944587E1	1.096905E5	3.963038E3	7.720557E1	9.216559E1
2.224000E1	4.448000E4	-1.752518E0	-2.885548E1	2.890865E1	1.097065E5	4.091821E3	8.527933E1	9.326313E1
2.224400E1	4.448800E4	6.441199E0	-2.737478E1	2.812237E1	1.097232E5	4.268069E3	9.347305E1	9.178242E1
2.224800E1	4.449600E4	1.380806E1	-2.328411E1	2.707050E1	1.097407E5	4.503380E3	1.008399E2	8.769175E1
2.225200E1	4.450400E4	2.000921E1	-1.723027E1	2.640550E1	1.097593E5	4.709222E3	1.070411E2	8.163791E1
2.225600E1	4.451200E4	2.412554E1	-9.579859E0	2.595795E1	1.097783E5	4.722448E3	1.111574E2	7.398750E1
2.226000E1	4.452000E4	2.602313E1	-1.342276E0	2.605773E1	1.097970E5	4.703655E3	1.130550E2	6.574992E1
2.226400E1	4.452800E4	2.546165E1	7.287552E0	2.648403E1	1.098160E5	4.589687E3	1.124935E2	5.712009E1
2.226800E1	4.453600E4	2.248932E1	1.503528E1	2.705234E1	1.098338E5	4.387870E3	1.095212E2	4.937236E1
2.227200E1	4.454400E4	1.728889E1	2.140722E1	2.751681E1	1.098511E5	4.276315E3	1.043207E2	4.300043E1
2.227600E1	4.455200E4	1.042349E1	2.576707E1	2.779552E1	1.098680E5	4.214734E3	9.745534E1	3.864058E1
2.228000E1	4.456000E4	2.545023E0	2.792647E1	2.804220E1	1.098848E5	4.187830E3	8.957687E1	3.648117E1
2.228400E1	4.456800E4	-5.622959E0	2.769228E1	2.825739E1	1.099015E5	4.196726E3	8.140889E1	3.671536E1
2.228800E1	4.457600E4	-1.346389E1	2.493561E1	2.833833E1	1.099184E5	4.264380E3	7.356796E1	3.947203E1
2.229200E1	4.458400E4	-2.029412E1	1.987834E1	2.840774E1	1.099356E5	4.303436E3	6.673773E1	4.452931E1
2.229600E1	4.459200E4	-2.524477E1	1.297731E1	2.838502E1	1.099528E5	4.303516E3	6.178707E1	5.143033E1
2.230000E1	4.460000E4	-2.825175E1	4.970809E0	2.868572E1	1.099700E5	4.268450E3	5.878009E1	5.943683E1
2.230400E1	4.460800E4	-2.881465E1	-3.508260E0	2.902744E1	1.099869E5	4.197387E3	5.821720E1	6.791590E1
2.230800E1	4.461600E4	-2.712276E1	-1.184976E1	2.959833E1	1.100036E5	4.069374E3	5.990909E1	7.625741E1
2.231200E1	4.462400E4	-2.303526E1	-1.898660E1	2.985154E1	1.100195E5	3.934919E3	6.399658E1	8.339425E1
2.231600E1	4.463200E4	-1.705374E1	-2.442739E1	2.979140E1	1.100351E5	3.881564E3	6.997811E1	8.883503E1
2.232000E1	4.464000E4	-9.782510E0	-2.770061E1	2.937722E1	1.100505E5	3.923239E3	7.724934E1	9.210825E1
2.232400E1	4.464800E4	-1.779821E0	-2.881486E1	2.886978E1	1.100665E5	4.068340E3	8.525203E1	9.322251E1
2.232800E1	4.465600E4	6.376310E0	-2.740928E1	2.814118E1	1.100831E5	4.232767E3	9.340816E1	9.181693E1
2.233200E1	4.466400E4	1.369097E1	-2.340339E1	2.711386E1	1.101003E5	4.447359E3	1.007228E2	8.781104E1
2.233600E1	4.467200E4	1.992898E1	-1.752354E1	2.653749E1	1.101187E5	4.579366E3	1.069608E2	8.193118E1
2.234000E1	4.468000E4	2.422484E1	-1.030153E1	2.632421E1	1.101370E5	4.599926E3	1.112567E2	7.470917E1
2.234400E1	4.468800E4	2.625737E1	-2.078371E0	2.633950E1	1.101555E5	4.556963E3	1.132892E2	6.648601E1
2.234800E1	4.469600E4	2.598872E1	6.200133E0	2.671807E1	1.101734E5	4.400443E3	1.130206E2	5.820751E1
2.235200E1	4.470400E4	2.339523E1	1.387882E1	2.720218E1	1.101907E5	4.306062E3	1.104271E2	5.052883E1
2.235600E1	4.471200E4	1.846376E1	2.041042E1	2.752264E1	1.102079E5	4.249633E3	1.054956E2	4.399722E1
2.236000E1	4.472000E4	1.185704E1	2.505531E1	2.771927E1	1.102247E5	4.168836E3	9.888888E1	3.935234E1
2.236400E1	4.472800E4	4.262528E0	2.758978E1	2.791711E1	1.102412E5	4.159322E3	9.129437E1	3.681787E1
2.236800E1	4.473600E4	-3.908373E0	2.798868E1	2.826025E1	1.102579E5	4.185477E3	8.312347E1	3.641897E1
2.237200E1	4.474400E4	-1.183015E1	2.571913E1	2.830947E1	1.102747E5	4.190872E3	7.520169E1	3.868852E1
2.237600E1	4.475200E4	-1.894440E1	2.143051E1	2.860345E1	1.102915E5	4.255711E3	6.808745E1	4.297713E1
2.238000E1	4.476000E4	-2.462705E1	1.494587E1	2.880748E1	1.103087E5	4.225365E3	6.240480E1	4.946178E1
2.238400E1	4.476800E4	-2.814376E1	7.394223E0	2.909890E1	1.103253E5	4.110279E3	5.888809E1	5.701342E1
2.238800E1	4.477600E4	-2.956017E1	-8.407498E-1	2.957213E1	1.103416E5	4.009778E3	5.747167E1	6.524839E1
2.239200E1	4.478400E4	-2.861208E1	-8.943219E0	2.997720E1	1.103574E5	3.922516E3	5.841977E1	7.335086E1
2.239600E1	4.479200E4	-2.526327E1	-1.641199E1	3.012617E1	1.103730E5	3.876750E3	6.176857E1	8.081963E1
2.240000E1	4.480000E4	-1.973362E1	-2.220431E1	2.970601E1	1.103884E5	3.871682E3	6.729823E1	8.661195E1
2.240400E1	4.480800E4	-1.286283E1	-2.635257E1	2.932423E1	1.104040E5	3.932024E3	7.416902E1	9.076022E1
2.240800E1	4.481600E4	-5.064350E0	-2.822494E1	2.867569E1	1.104198E5	4.044863E3	8.196750E1	9.263258E1
2.241200E1	4.482400E4	3.106055E0	-2.794796E1	2.812003E1	1.104363E5	4.199795E3	9.013790E1	9.235560E1
2.241600E1	4.483200E4	1.092695E1	-2.521914E1	2.748460E1	1.104534E5	4.321424E3	9.795880E1	8.962679E1
2.242000E1	4.484000E4	1.777900E1	-2.051519E1	2.714711E1	1.104709E5	4.386715E3	1.048108E2	8.492283E1
2.242400E1	4.484800E4	2.305467E1	-1.411694E1	2.703342E1	1.104885E5	4.398300E3	1.100865E2	7.852458E1
2.242800E1	4.485600E4	2.631892E1	-6.513542E0	2.711295E1	1.105061E5	4.298476E3	1.133508E2	7.092119E1
2.243200E1	4.486400E4	2.717657E1	1.380342E0	2.721160E1	1.105229E5	4.202502E3	1.142084E2	6.302730E1
2.243600E1	4.487200E4	2.571932E1	9.218713E0	2.732157E1	1.105397E5	4.194349E3	1.127512E2	5.518893E1
2.244000E1	4.488000E4	2.217120E1	1.638334E1	2.756767E1	1.105565E5	4.200059E3	1.092030E2	4.802430E1
2.244400E1	4.488800E4	1.642236E1	2.204830E1	2.749221E1	1.105733E5	4.255868E3	1.034542E2	4.235934E1
2.244800E1	4.489600E4	9.190694E0	2.596724E1	2.754571E1	1.105905E5	4.219972E3	9.622254E1	3.844041E1
2.245200E1	4.490400E4	1.419558E0	2.782755E1	2.786373E1	1.106071E5	4.161814E3	8.845141E1	3.658010E1
2.245600E1	4.491200E4	-6.702302E0	2.727887E1	2.809017E1	1.106238E5	4.191851E3	8.032955E1	3.712877E1
2.246000E1	4.492000E4	-1.445774E1	2.443257E1	2.838973E1	1.106406E5	4.146587E3	7.257411E1	3.997508E1
2.246400E1	4.492800E4	-2.102589E1	1.962303E1	2.876024E1	1.106570E5	4.035397E3	6.600596E1	4.478462E1
2.246800E1	4.493600E4	-2.585845E1	1.323375E1	2.904809E1	1.106729E5	3.962603E3	6.117340E1	5.117390E1
2.247200E1	4.494400E4	-2.880287E1	5.767188E0	2.937458E1	1.106887E5	3.915017E3	5.822897E1	5.864046E1
2.247600E1	4.495200E4	-2.961077E1	-2.183746E0	2.969118E1	1.107042E5	3.871694E3	5.742108E1	6.659139E1
2.248000E1	4.496000E4	-2.799349E1	-9.996104E0	2.972470E1	1.107197E5	3.858250E3	5.903836E1	7.440375E1
2.248400E1	4.496800E4	-2.415318E1	-1.696496E1	2.951586E1	1.107351E5	3.877763E3	6.287867E1	8.137260E1
2.248800E1	4.497600E4	-1.854702E1	-2.263831E1	2.926576E1	1.107507E5	3.889944E3	6.848483E1	8.704596E1
2.249200E1	4.498400E4	-1.172419E1	-2.658655E1	2.905686E1	1.107662E5	3.937570E3	7.530766E1	9.099419E1
2.249600E1	4.499200E4	-3.887955E0	-2.828596E1	2.855191E1	1.107822E5	4.018877E3	8.314389E1	9.269360E1
2.250000E1	4.500000E4	4.075509E0	-2.775211E1	2.804977E1	1.107984E5	4.080822E3	9.110736E1	9.215975E1
2.250400E1	4.500800E4	1.164003E1	-2.516801E1	2.772938E1	1.108148E5	4.111339E3	9.867187E1	8.957565E1
2.250800E1	4.501600E4	1.796883E1	-2.049305E1	2.725516E1	1.108312E5	4.140983E3	1.050007E2	8.490069E1
2.251200E1	4.502400E4	2.295501E1	-1.437282E1	2.708340E1	1.108479E5	4.225411E3	1.099869E2	7.878047E1
2.251600E1	4.503200E4	2.597994E1	-6.937786E0	2.689034E1	1.108650E5	4.245349E3	1.130118E2	7.134543E1
2.252000E1	4.504000E4	2.679223E1	8.938789E-1	2.680714E1	1.108819E5	4.228901E3	1.138241E2	6.351376E1
2.252400E1	4.504800E4	2.541854E1	8.692606E0	2.686379E1	1.108989E5	4.227616E3	1.124504E2	5.571504E1
2.252800E1	4.505600E4	2.182233E1	1.569930E1	2.688275E1	1.109157E5	4.203711E3	1.088542E2	4.870834E1
2.253200E1	4.506400E4	1.658187E1	2.161718E1	2.724447E1	1.109325E5	4.187209E3	1.036137E2	4.279046E1
2.253600E1	4.507200E4	9.750214E0	2.570744E1	2.749435E1	1.109492E5	4.066940E3	9.678206E1	3.870020E1
2.254000E1	4.508000E4	2.411003E0	2.780843E1	2.791276E1	1.109650E5	3.989636E3	8.944285E1	3.659921E1
2.254400E1	4.508800E4	-5.457570E0	2.769832E1	2.823086E1	1.109811E5	4.004323E3	8.157428E1	3.670933E1
2.254800E1	4.509600E4	-1.303971E1	2.550443E1	2.864454E1	1.109971E5	3.951450E3	7.399214E1	3.890322E1
2.255200E1	4.510400E4	-1.948547E1	2.107325E1	2.870131E1	1.110128E5	3.932137E3	6.754637E1	4.333440E1
2.255600E1	4.511200E4	-2.471396E1	1.512308E1	2.897391E1	1.110285E5	3.915013E3	6.231788E1	4.928456E1
2.256000E1	4.512000E4	-2.800540E1	7.989037E0	2.912263E1	1.110441E5	3.853964E3	5.902644E1	5.641861E1
2.256400E1	4.512800E4	-2.910281E1	3.209206E-1	2.910458E1	1.110594E5	3.851400E3	5.792904E1	6.408672E1
2.256800E1	4.513600E4	-2.809028E1	-7.468714E0	2.906622E1	1.110749E5	3.911102E3	5.894157E1	7.187636E1
2.257200E1	4.514400E4	-2.511507E1	-1.488678E1	2.919560E1	1.110907E5	3.840147E3	6.191678E1	7.929442E1
2.257600E1	4.515200E4	-2.027509E1	-2.071194E1	2.898385E1	1.111056E5	3.785948E3	6.675675E1	8.511958E1
2.258000E1	4.516000E4	-1.407146E1	-2.532782E1	2.897420E1	1.111209E5	3.830094E3	7.296039E1	8.973546E1
2.258400E1	4.516800E4	-6.770842E0	-2.767306E1	2.848934E1	1.111363E5	3.848206E3	8.026100E1	9.208071E1
2.258800E1	4.517600E4	8.529546E-1	-2.823601E1	2.824889E1	1.111517E5	3.891102E3	8.788480E1	9.264365E1
2.259200E1	4.518400E4	8.332259E0	-2.662049E1	2.789403E1	1.111674E5	3.930454E3	9.536411E1	9.102813E1
2.259600E1	4.519200E4	1.500398E1	-2.295130E1	2.742046E1	1.111832E5	3.979601E3	1.020358E2	8.735894E1
2.260000E1	4.520000E4	2.052332E1	-1.770462E1	2.710461E1	1.111992E5	4.047274E3	1.075552E2	8.211226E1
2.260400E1	4.520800E4	2.422392E1	-1.101289E1	2.660981E1	1.112156E5	4.149579E3	1.112558E2	7.542053E1
2.260800E1	4.521600E4	2.625705E1	-3.497071E0	2.648891E1	1.112324E5	4.166648E3	1.132889E2	6.790471E1
2.261200E1	4.522400E4	2.593140E1	4.053923E0	2.624637E1	1.112489E5	4.139499E3	1.129633E2	6.035372E1
2.261600E1	4.523200E4	2.381359E1	1.137363E1	2.639027E1	1.112655E5	4.135945E3	1.108454E2	5.303402E1
2.262000E1	4.524000E4	1.987188E1	1.787567E1	2.672885E1	1.112820E5	4.110481E3	1.069037E2	4.653197E1
2.262400E1	4.524800E4	1.413882E1	2.299445E1	2.699353E1	1.112984E5	4.088463E3	1.011707E2	4.141319E1
2.262800E1	4.525600E4	7.241330E0	2.643457E1	2.740845E1	1.113147E5	3.992183E3	9.427318E1	3.797307E1
2.263200E1	4.526400E4	-1.692758E-1	2.763495E1	2.763547E1	1.113304E5	3.888465E3	8.686257E1	3.677269E1
2.263600E1	4.527200E4	-7.663898E0	2.710483E1	2.816748E1	1.113458E5	3.873165E3	7.936795E1	3.730281E1
2.264000E1	4.528000E4	-1.477780E1	2.427058E1	2.841557E1	1.113613E5	3.871229E3	7.225405E1	4.013706E1
2.264400E1	4.528800E4	-2.076859E1	1.953161E1	2.850997E1	1.113768E5	3.853002E3	6.626325E1	4.487603E1
2.264800E1	4.529600E4	-2.535681E1	1.339160E1	2.867582E1	1.113922E5	3.825976E3	6.167504E1	5.101605E1
2.265200E1	4.530400E4	-2.822137E1	6.325857E0	2.892166E1	1.114074E5	3.803900E3	5.881048E1	5.808179E1
2.265600E1	4.531200E4	-2.893664E1	-1.309697E0	2.896626E1	1.114226E5	3.777891E3	5.809521E1	6.571734E1
2.266000E1	4.532000E4	-2.770428E1	-8.782480E0	2.906302E1	1.114376E5	3.748993E3	5.932757E1	7.319012E1
2.266400E1	4.532800E4	-2.455973E1	-1.569660E1	2.914727E1	1.114526E5	3.694778E3	6.247212E1	8.010424E1
2.266800E1	4.533600E4	-1.981357E1	-2.135724E1	2.913261E1	1.114671E5	3.698699E3	6.721828E1	8.576488E1
2.267200E1	4.534400E4	-1.343063E1	-2.544441E1	2.877151E1	1.114822E5	3.724593E3	7.360122E1	8.985205E1
2.267600E1	4.535200E4	-6.474249E0	-2.791854E1	2.865939E1	1.114969E5	3.764392E3	8.055760E1	9.232618E1
2.268000E1	4.536000E4	1.125462E0	-2.816671E1	2.818919E1	1.115123E5	3.852000E3	8.815731E1	9.257435E1
2.268400E1	4.536800E4	8.470816E0	-2.644692E1	2.777039E1	1.115278E5	3.879621E3	9.550266E1	9.085457E1
2.268800E1	4.537600E4	1.504051E1	-2.287512E1	2.737678E1	1.115433E5	3.947895E3	1.020724E2	8.728277E1
2.269200E1	4.538400E4	2.058475E1	-1.767872E1	2.713428E1	1.115593E5	3.997397E3	1.076166E2	8.208637E1
2.269600E1	4.539200E4	2.418752E1	-1.112282E1	2.662242E1	1.115753E5	4.057204E3	1.112194E2	7.553046E1
2.270000E1	4.540000E4	2.619834E1	-3.774870E0	2.646890E1	1.115918E5	4.095099E3	1.132302E2	6.818251E1
2.270400E1	4.540800E4	2.609616E1	3.697814E0	2.635685E1	1.116081E5	4.083944E3	1.131280E2	6.070983E1
2.270800E1	4.541600E4	2.417987E1	1.100531E1	2.656658E1	1.116245E5	4.071890E3	1.112117E2	5.340234E1
2.271200E1	4.542400E4	2.029807E1	1.742227E1	2.674971E1	1.116406E5	3.999827E3	1.073299E2	4.698537E1
2.271600E1	4.543200E4	1.487541E1	2.244955E1	2.693065E1	1.116565E5	3.923670E3	1.019073E2	4.195809E1
2.272000E1	4.544000E4	8.410700E0	2.593101E1	2.726091E1	1.116720E5	3.915344E3	9.544255E1	3.847663E1
2.272400E1	4.544800E4	1.063553E0	2.760595E1	2.762643E1	1.116878E5	3.852278E3	8.809540E1	3.680169E1
2.272800E1	4.545600E4	-6.273303E0	2.750582E1	2.821213E1	1.117028E5	3.757362E3	8.075854E1	3.690183E1
2.273200E1	4.546400E4	-1.322345E1	2.502479E1	2.830370E1	1.117179E5	3.719711E3	7.380840E1	3.938286E1
2.273600E1	4.547200E4	-1.928946E1	2.097310E1	2.849481E1	1.117326E5	3.731329E3	6.774239E1	4.343454E1
2.274000E1	4.548000E4	-2.414050E1	1.525908E1	2.855877E1	1.117477E5	3.772495E3	6.289135E1	4.914856E1
2.274400E1	4.548800E4	-2.736701E1	8.479125E0	2.865046E1	1.117628E5	3.778487E3	5.966484E1	5.592852E1
2.274800E1	4.549600E4	-2.896004E1	1.046164E0	2.897893E1	1.117779E5	3.706480E3	5.807181E1	6.336148E1
2.275200E1	4.550400E4	-2.843031E1	-6.270205E0	2.911354E1	1.117924E5	3.617123E3	5.860154E1	7.067785E1
2.275600E1	4.551200E4	-2.598531E1	-1.316492E1	2.912991E1	1.118069E5	3.621407E3	6.104654E1	7.757256E1
2.276000E1	4.552000E4	-2.173166E1	-1.916479E1	2.897507E1	1.118214E5	3.648597E3	6.530018E1	8.357244E1
2.276400E1	4.552800E4	-1.605621E1	-2.385536E1	2.875552E1	1.118361E5	3.687895E3	7.097564E1	8.826300E1
2.276800E1	4.553600E4	-9.356325E0	-2.703730E1	2.861043E1	1.118509E5	3.677525E3	7.767552E1	9.144494E1
2.277200E1	4.554400E4	-2.229235E0	-2.818102E1	2.826905E1	1.118655E5	3.707291E3	8.480261E1	9.258866E1
2.277600E1	4.555200E4	5.128583E0	-2.748385E1	2.795826E1	1.118806E5	3.772843E3	9.216043E1	9.189150E1
2.278000E1	4.556000E4	1.200098E1	-2.498100E1	2.771415E1	1.118957E5	3.812929E3	9.903283E1	8.938865E1
2.278400E1	4.556800E4	1.794964E1	-2.059531E1	2.731952E1	1.119111E5	3.846089E3	1.049815E2	8.500295E1
2.278800E1	4.557600E4	2.246896E1	-1.491221E1	2.696717E1	1.119264E5	3.906002E3	1.095008E2	7.931986E1
2.279200E1	4.558400E4	2.524553E1	-8.046455E0	2.649683E1	1.119423E5	3.983172E3	1.122774E2	7.245410E1
2.279600E1	4.559200E4	2.638399E1	-7.858607E-1	2.639569E1	1.119583E5	3.992751E3	1.134158E2	6.519350E1
2.280000E1	4.560000E4	2.550986E1	6.485067E0	2.632127E1	1.119743E5	3.976841E3	1.125417E2	5.792258E1
2.280400E1	4.560800E4	2.276717E1	1.320226E1	2.631812E1	1.119901E5	3.963545E3	1.097990E2	5.120539E1
2.280800E1	4.561600E4	1.851804E1	1.915714E1	2.664420E1	1.120060E5	3.931454E3	1.055499E2	4.525051E1
2.281200E1	4.562400E4	1.280982E1	2.365206E1	2.689817E1	1.120216E5	3.862878E3	9.984167E1	4.075558E1
2.281600E1	4.563200E4	6.247316E0	2.679298E1	2.751169E1	1.120369E5	3.790240E3	9.327916E1	3.761466E1
2.282000E1	4.564000E4	-9.162377E-1	2.788102E1	2.789607E1	1.120519E5	3.710772E3	8.611561E1	3.652662E1
2.282400E1	4.564800E4	-8.043886E0	2.704985E1	2.822053E1	1.120666E5	3.676485E3	7.898796E1	3.735780E1
2.282800E1	4.565600E4	-1.478366E1	2.432051E1	2.846127E1	1.120813E5	3.686585E3	7.224819E1	4.008713E1
2.283200E1	4.566400E4	-2.060712E1	1.986276E1	2.862136E1	1.120961E5	3.661011E3	6.642473E1	4.454489E1
2.283600E1	4.567200E4	-2.504348E1	1.412154E1	2.875054E1	1.121106E5	3.600608E3	6.198837E1	5.028610E1
2.284000E1	4.568000E4	-2.784845E1	7.535688E0	2.885001E1	1.121249E5	3.647674E3	5.918339E1	5.687195E1
2.284400E1	4.568800E4	-2.897900E1	1.195853E-1	2.897925E1	1.121398E5	3.631252E3	5.805284E1	6.428806E1
2.284800E1	4.569600E4	-2.817207E1	-6.976372E0	2.902301E1	1.121539E5	3.598534E3	5.885978E1	7.138402E1
2.285200E1	4.570400E4	-2.542724E1	-1.383567E1	2.894772E1	1.121686E5	3.586866E3	6.160461E1	7.824331E1
2.285600E1	4.571200E4	-2.146397E1	-1.973958E1	2.916081E1	1.121826E5	3.522359E3	6.556787E1	8.414722E1
2.286000E1	4.572000E4	-1.591325E1	-2.425393E1	2.900835E1	1.121967E5	3.541154E3	7.111859E1	8.866157E1
2.286400E1	4.572800E4	-9.356641E0	-2.707042E1	2.864183E1	1.122109E5	3.545132E3	7.767521E1	9.147807E1
2.286800E1	4.573600E4	-2.422037E0	-2.820418E1	2.830799E1	1.122251E5	3.629471E3	8.460981E1	9.261183E1
2.287200E1	4.574400E4	4.820213E0	-2.742486E1	2.784524E1	1.122400E5	3.714124E3	9.185206E1	9.183250E1
2.287600E1	4.575200E4	1.153292E1	-2.495409E1	2.749026E1	1.122548E5	3.702172E3	9.856477E1	8.936173E1
2.288000E1	4.576000E4	1.723998E1	-2.085000E1	2.705438E1	1.122696E5	3.761277E3	1.042718E2	8.525765E1
2.288400E1	4.576800E4	2.192403E1	-1.541134E1	2.679874E1	1.122849E5	3.903254E3	1.089559E2	7.981899E1
2.288800E1	4.577600E4	2.511924E1	-8.741577E0	2.659683E1	1.123008E5	3.893029E3	1.121511E2	7.314922E1
2.289200E1	4.578400E4	2.638632E1	-1.826971E0	2.644949E1	1.123160E5	3.837808E3	1.134182E2	6.623461E1
2.289600E1	4.579200E4	2.582689E1	5.261301E0	2.635734E1	1.123315E5	3.877629E3	1.128587E2	5.914634E1
2.290000E1	4.580000E4	2.356208E1	1.203670E1	2.645852E1	1.123471E5	3.875247E3	1.105939E2	5.237095E1
2.290400E1	4.580800E4	1.962122E1	1.798986E1	2.662006E1	1.123625E5	3.870140E3	1.066531E2	4.641778E1
2.290800E1	4.581600E4	1.424411E1	2.281426E1	2.689582E1	1.123780E5	3.818718E3	1.012760E2	4.159338E1
2.291200E1	4.582400E4	7.981169E0	2.621339E1	2.740148E1	1.123931E5	3.694800E3	9.501302E1	3.819425E1
2.291600E1	4.583200E4	1.170829E0	2.770119E1	2.772592E1	1.124076E5	3.618158E3	8.820268E1	3.670646E1
2.292000E1	4.584000E4	-5.861666E0	2.755004E1	2.816672E1	1.124220E5	3.606822E3	8.117018E1	3.685760E1
2.292400E1	4.584800E4	-1.256155E1	2.526704E1	2.821730E1	1.124364E5	3.603570E3	7.447030E1	3.914060E1
2.292800E1	4.585600E4	-1.866862E1	2.159734E1	2.854755E1	1.124508E5	3.543290E3	6.836323E1	4.281030E1
2.293200E1	4.586400E4	-2.356427E1	1.663469E1	2.884420E1	1.124648E5	3.502484E3	6.346757E1	4.777296E1
2.293600E1	4.587200E4	-2.696766E1	1.042769E1	2.891351E1	1.124789E5	3.547630E3	6.006419E1	5.397996E1
2.294000E1	4.588000E4	-2.886069E1	3.461001E0	2.906747E1	1.124932E5	3.587263E3	5.817116E1	6.094664E1
2.294400E1	4.588800E4	-2.888426E1	-3.832398E0	2.913739E1	1.125076E5	3.562979E3	5.814759E1	6.824004E1
2.294800E1	4.589600E4	-2.698128E1	-1.071836E1	2.903227E1	1.125217E5	3.492280E3	6.005057E1	7.512600E1
2.295200E1	4.590400E4	-2.368707E1	-1.689344E1	2.909408E1	1.125355E5	3.451497E3	6.334477E1	8.130108E1
2.295600E1	4.591200E4	-1.885877E1	-2.190793E1	2.890693E1	1.125493E5	3.468986E3	6.817308E1	8.631558E1
2.296000E1	4.592000E4	-1.302185E1	-2.583269E1	2.892916E1	1.125632E5	3.514468E3	7.401000E1	9.024033E1
2.296400E1	4.592800E4	-6.235080E0	-2.787872E1	2.856745E1	1.125774E5	3.518320E3	8.079677E1	9.228636E1
2.296800E1	4.593600E4	6.866524E-1	-2.820448E1	2.821284E1	1.125914E5	3.585045E3	8.771850E1	9.261213E1
2.297200E1	4.594400E4	7.722468E0	-2.680145E1	2.789183E1	1.126061E5	3.625945E3	9.475431E1	9.120909E1
2.297600E1	4.595200E4	1.394845E1	-2.377248E1	2.756248E1	1.126204E5	3.594464E3	1.009803E2	8.818013E1
2.298000E1	4.596000E4	1.924269E1	-1.935768E1	2.729470E1	1.126348E5	3.674987E3	1.062745E2	8.376532E1
2.298400E1	4.596800E4	2.317344E1	-1.348614E1	2.681201E1	1.126498E5	3.710939E3	1.102053E2	7.789378E1
2.298800E1	4.597600E4	2.555315E1	-7.078434E0	2.651542E1	1.126645E5	3.744417E3	1.125850E2	7.148608E1
2.299200E1	4.598400E4	2.625423E1	-1.111582E-1	2.625446E1	1.126798E5	3.866849E3	1.132861E2	6.451880E1
2.299600E1	4.599200E4	2.530693E1	6.995223E0	2.625593E1	1.126955E5	3.823955E3	1.123388E2	5.741242E1
2.300000E1	4.600000E4	2.281786E1	1.335990E1	2.644129E1	1.127103E5	3.715954E3	1.098497E2	5.104774E1
2.300400E1	4.600800E4	1.880883E1	1.892689E1	2.668331E1	1.127252E5	3.712918E3	1.058407E2	4.548076E1
2.300800E1	4.601600E4	1.350342E1	2.343808E1	2.704970E1	1.127401E5	3.703185E3	1.005353E2	4.096956E1
2.301200E1	4.602400E4	7.140983E0	2.629175E1	2.724426E1	1.127548E5	3.619447E3	9.417283E1	3.811589E1
2.301600E1	4.603200E4	4.777414E-1	2.758992E1	2.759406E1	1.127690E5	3.577012E3	8.750959E1	3.681772E1
2.302000E1	4.604000E4	-6.510668E0	2.728495E1	2.805097E1	1.127834E5	3.563207E3	8.052118E1	3.712270E1
2.302400E1	4.604800E4	-1.306893E1	2.509061E1	2.829020E1	1.127975E5	3.466342E3	7.396291E1	3.931704E1
2.302800E1	4.605600E4	-1.876049E1	2.146653E1	2.850909E1	1.128112E5	3.449687E3	6.827136E1	4.294111E1
2.303200E1	4.606400E4	-2.354307E1	1.641707E1	2.870185E1	1.128251E5	3.513992E3	6.348878E1	4.799057E1
2.303600E1	4.607200E4	-2.696381E1	1.020842E1	2.883156E1	1.128393E5	3.455237E3	6.006804E1	5.419923E1
2.304000E1	4.608000E4	-2.868995E1	3.648280E0	2.892098E1	1.128528E5	3.364577E3	5.834189E1	6.075936E1
2.304400E1	4.608800E4	-2.888734E1	-3.128019E0	2.905621E1	1.128662E5	3.392126E3	5.814450E1	6.753566E1
2.304800E1	4.609600E4	-2.732422E1	-9.885861E0	2.905759E1	1.128799E5	3.425757E3	5.970762E1	7.429350E1
2.305200E1	4.610400E4	-2.424419E1	-1.609936E1	2.910275E1	1.128936E5	3.412128E3	6.278766E1	8.050700E1
2.305600E1	4.611200E4	-1.960971E1	-2.116697E1	2.885449E1	1.129072E5	3.398157E3	6.742214E1	8.557462E1
2.306000E1	4.612000E4	-1.401833E1	-2.505349E1	2.870872E1	1.129208E5	3.412644E3	7.301352E1	8.946113E1
2.306400E1	4.612800E4	-7.629255E0	-2.748825E1	2.852735E1	1.129345E5	3.449015E3	7.940259E1	9.189590E1
2.306800E1	4.613600E4	-8.088606E-1	-2.831210E1	2.832365E1	1.129484E5	3.465635E3	8.622299E1	9.271974E1
2.307200E1	4.614400E4	5.905732E0	-2.728443E1	2.791626E1	1.129622E5	3.508012E3	9.293758E1	9.169207E1
2.307600E1	4.615200E4	1.224247E1	-2.463247E1	2.750703E1	1.129764E5	3.508863E3	9.927432E1	8.904011E1
2.308000E1	4.616000E4	1.764651E1	-2.081969E1	2.729210E1	1.129903E5	3.532947E3	1.046784E2	8.522733E1
2.308400E1	4.616800E4	2.191967E1	-1.552504E1	2.686073E1	1.130047E5	3.642839E3	1.089515E2	7.993269E1
2.308800E1	4.617600E4	2.494110E1	-9.361374E0	2.664008E1	1.130194E5	3.733352E3	1.119729E2	7.376902E1
2.309200E1	4.618400E4	2.635313E1	-2.510586E0	2.647245E1	1.130346E5	3.705415E3	1.133850E2	6.691823E1
2.309600E1	4.619200E4	2.602016E1	4.153893E0	2.634964E1	1.130491E5	3.683902E3	1.130520E2	6.025375E1
2.310000E1	4.620000E4	2.409373E1	1.074195E1	2.637987E1	1.130640E5	3.753297E3	1.111256E2	5.366569E1
2.310400E1	4.620800E4	2.067427E1	1.679949E1	2.663922E1	1.130791E5	3.732304E3	1.077061E2	4.760815E1
2.310800E1	4.621600E4	1.584709E1	2.172195E1	2.688817E1	1.130939E5	3.615193E3	1.028789E2	4.268569E1
2.311200E1	4.622400E4	1.024322E1	2.537602E1	2.736542E1	1.131080E5	3.510914E3	9.727507E1	3.903162E1
2.311600E1	4.623200E4	3.845882E0	2.727842E1	2.754819E1	1.131220E5	3.479365E3	9.087773E1	3.712922E1
2.312000E1	4.624000E4	-2.835596E0	2.766101E1	2.780598E1	1.131359E5	3.429077E3	8.419625E1	3.674663E1
2.312400E1	4.624800E4	-9.370480E0	2.659767E1	2.820004E1	1.131494E5	3.423088E3	7.766137E1	3.780997E1
2.312800E1	4.625600E4	-1.565824E1	2.389389E1	2.856744E1	1.131632E5	3.388317E3	7.137361E1	4.051375E1
2.313200E1	4.626400E4	-2.086223E1	1.978774E1	2.875390E1	1.131765E5	3.349085E3	6.616962E1	4.461990E1
2.313600E1	4.627200E4	-2.500796E1	1.442063E1	2.886785E1	1.131900E5	3.413045E3	6.202389E1	4.998702E1
2.314000E1	4.628000E4	-2.771540E1	8.042368E0	2.885867E1	1.132038E5	3.384534E3	5.931645E1	5.636527E1
2.314400E1	4.628800E4	-2.892089E1	1.461661E0	2.895781E1	1.132171E5	3.334752E3	5.811095E1	6.294598E1
2.314800E1	4.629600E4	-2.858228E1	-5.295609E0	2.906872E1	1.132305E5	3.331993E3	5.844957E1	6.970325E1
2.315200E1	4.630400E4	-2.659977E1	-1.171120E1	2.906372E1	1.132438E5	3.339835E3	6.043208E1	7.611885E1
2.315600E1	4.631200E4	-2.315101E1	-1.758225E1	2.907068E1	1.132572E5	3.379159E3	6.388084E1	8.198989E1
2.316000E1	4.632000E4	-1.834849E1	-2.249422E1	2.902856E1	1.132708E5	3.311216E3	6.868336E1	8.690187E1
2.316400E1	4.632800E4	-1.282551E1	-2.595605E1	2.895186E1	1.132837E5	3.289515E3	7.420634E1	9.036369E1
2.316800E1	4.633600E4	-6.395619E0	-2.795180E1	2.867416E1	1.132971E5	3.303575E3	8.063623E1	9.235945E1
2.317200E1	4.634400E4	6.578552E-2	-2.823189E1	2.823196E1	1.133101E5	3.367077E3	8.709763E1	9.263953E1
2.317600E1	4.635200E4	6.765461E0	-2.703688E1	2.787050E1	1.133240E5	3.482765E3	9.379731E1	9.144453E1
2.318000E1	4.636000E4	1.289767E1	-2.426145E1	2.747668E1	1.133380E5	3.498369E3	9.992952E1	8.866910E1
2.318400E1	4.636800E4	1.822635E1	-2.021711E1	2.722005E1	1.133520E5	3.502835E3	1.052582E2	8.462475E1
2.318800E1	4.637600E4	2.224689E1	-1.499537E1	2.682881E1	1.133660E5	3.536780E3	1.092787E2	7.940301E1
2.319200E1	4.638400E4	2.499978E1	-8.936507E0	2.654901E1	1.133803E5	3.573412E3	1.120316E2	7.334415E1
2.319600E1	4.639200E4	2.642441E1	-2.495231E0	2.654196E1	1.133946E5	3.555417E3	1.134563E2	6.690287E1
2.320000E1	4.640000E4	2.602661E1	4.016676E0	2.633473E1	1.134088E5	3.602883E3	1.130585E2	6.039097E1
2.320400E1	4.640800E4	2.426089E1	1.051305E1	2.644079E1	1.134234E5	3.598912E3	1.112927E2	5.389460E1
2.320800E1	4.641600E4	2.097845E1	1.613490E1	2.646565E1	1.134376E5	3.570302E3	1.080103E2	4.827275E1
2.321200E1	4.642400E4	1.646225E1	2.106396E1	2.673380E1	1.134520E5	3.583461E3	1.034941E2	4.334368E1
2.321600E1	4.643200E4	1.091009E1	2.477420E1	2.707012E1	1.134662E5	3.465817E3	9.794194E1	3.963344E1
2.322000E1	4.644000E4	4.935177E0	2.720409E1	2.764812E1	1.134797E5	3.384675E3	9.196702E1	3.720356E1
2.322400E1	4.644800E4	-1.605227E0	2.775872E1	2.780509E1	1.134933E5	3.361290E3	8.542662E1	3.664892E1
2.322800E1	4.645600E4	-8.073443E0	2.706811E1	2.824647E1	1.135066E5	3.316716E3	7.895840E1	3.733953E1
2.323200E1	4.646400E4	-1.410611E1	2.458752E1	2.834658E1	1.135198E5	3.296070E3	7.292574E1	3.982012E1
2.323600E1	4.647200E4	-1.947882E1	2.090566E1	2.857395E1	1.135330E5	3.300702E3	6.755303E1	4.350199E1
2.324000E1	4.648000E4	-2.399347E1	1.603256E1	2.885705E1	1.135462E5	3.304248E3	6.303838E1	4.837508E1
2.324400E1	4.648800E4	-2.697292E1	1.013281E1	2.881340E1	1.135594E5	3.291111E3	6.005893E1	5.427483E1
2.324800E1	4.649600E4	-2.864069E1	3.731044E0	2.888269E1	1.135726E5	3.266849E3	5.839116E1	6.067660E1
2.325200E1	4.650400E4	-2.883702E1	-2.799697E0	2.897261E1	1.135855E5	3.252655E3	5.819482E1	6.720734E1
2.325600E1	4.651200E4	-2.750995E1	-9.257626E0	2.902587E1	1.135986E5	3.239362E3	5.952190E1	7.366527E1
2.326000E1	4.652000E4	-2.475599E1	-1.514684E1	2.902216E1	1.136115E5	3.220229E3	6.227586E1	7.955448E1
2.326400E1	4.652800E4	-2.067056E1	-2.021449E1	2.891190E1	1.136244E5	3.234845E3	6.636129E1	8.462214E1
2.326800E1	4.653600E4	-1.551193E1	-2.419848E1	2.874346E1	1.136373E5	3.237789E3	7.151991E1	8.860612E1
2.327200E1	4.654400E4	-9.627529E0	-2.683435E1	2.850915E1	1.136503E5	3.265530E3	7.740432E1	9.124199E1
2.327600E1	4.655200E4	-3.221929E0	-2.811785E1	2.830184E1	1.136635E5	3.319224E3	8.380992E1	9.252549E1
2.328000E1	4.656000E4	3.332315E0	-2.787524E1	2.807372E1	1.136768E5	3.304744E3	9.036416E1	9.228289E1
2.328400E1	4.656800E4	9.459410E0	-2.612972E1	2.778925E1	1.136899E5	3.329000E3	9.649126E1	9.053736E1
2.328800E1	4.657600E4	1.503759E1	-2.276331E1	2.728181E1	1.137034E5	3.399469E3	1.020694E2	8.717095E1
2.329200E1	4.658400E4	1.982600E1	-1.842547E1	2.706600E1	1.137171E5	3.476541E3	1.068578E2	8.283311E1
2.329600E1	4.659200E4	2.344381E1	-1.285568E1	2.673725E1	1.137313E5	3.501421E3	1.104757E2	7.726332E1
2.330000E1	4.660000E4	2.561128E1	-6.810688E0	2.650138E1	1.137451E5	3.491549E3	1.126431E2	7.121833E1
2.330400E1	4.660800E4	2.619806E1	-3.686826E-1	2.620065E1	1.137592E5	3.572880E3	1.132299E2	6.477633E1
2.330800E1	4.661600E4	2.544912E1	6.199728E0	2.619341E1	1.137737E5	3.547310E3	1.124810E2	5.820792E1
2.331200E1	4.662400E4	2.331840E1	1.217617E1	2.630603E1	1.137876E5	3.460767E3	1.103503E2	5.223147E1
2.331600E1	4.663200E4	1.990371E1	1.753354E1	2.652513E1	1.138014E5	3.434421E3	1.069356E2	4.687410E1
2.332000E1	4.664000E4	1.534081E1	2.194771E1	2.677765E1	1.138150E5	3.429552E3	1.023727E2	4.245993E1
2.332400E1	4.664800E4	9.809641E0	2.530889E1	2.714349E1	1.138288E5	3.345258E3	9.684149E1	3.909875E1
2.332800E1	4.665600E4	3.903267E0	2.711913E1	2.739859E1	1.138418E5	3.276174E3	9.093511E1	3.728851E1
2.333200E1	4.666400E4	-2.428322E0	2.762685E1	2.773336E1	1.138550E5	3.304000E3	8.460353E1	3.678080E1
2.333600E1	4.667200E4	-8.838499E0	2.681673E1	2.823573E1	1.138682E5	3.275089E3	7.819335E1	3.759091E1
2.334000E1	4.668000E4	-1.476549E1	2.435774E1	2.848366E1	1.138812E5	3.223344E3	7.226636E1	4.004991E1
2.334400E1	4.668800E4	-1.989196E1	2.057831E1	2.862092E1	1.138940E5	3.189101E3	6.713988E1	4.382933E1
2.334800E1	4.669600E4	-2.412245E1	1.582335E1	2.884911E1	1.139067E5	3.172293E3	6.290939E1	4.858429E1
2.335200E1	4.670400E4	-2.701280E1	1.014982E1	2.885672E1	1.139194E5	3.180142E3	6.001904E1	5.425782E1
2.335600E1	4.671200E4	-2.865842E1	3.936987E0	2.892758E1	1.139322E5	3.211313E3	5.837343E1	6.047066E1
2.336000E1	4.672000E4	-2.876007E1	-2.565373E0	2.887426E1	1.139451E5	3.210209E3	5.827178E1	6.697302E1
2.336400E1	4.672800E4	-2.757298E1	-8.884339E0	2.896896E1	1.139579E5	3.181837E3	5.945886E1	7.329198E1
2.336800E1	4.673600E4	-2.498367E1	-1.474703E1	2.901136E1	1.139706E5	3.178560E3	6.204817E1	7.915468E1
2.337200E1	4.674400E4	-2.109870E1	-1.987409E1	2.898508E1	1.139833E5	3.157804E3	6.593314E1	8.428173E1
2.337600E1	4.675200E4	-1.629832E1	-2.399520E1	2.900698E1	1.139958E5	3.189368E3	7.073352E1	8.840285E1
2.338000E1	4.676000E4	-1.038949E1	-2.678982E1	2.873388E1	1.140088E5	3.150281E3	7.664236E1	9.119746E1
2.338400E1	4.676800E4	-4.455468E0	-2.818363E1	2.853364E1	1.140210E5	3.107558E3	8.257638E1	9.259128E1
2.338800E1	4.677600E4	1.794302E0	-2.802447E1	2.808185E1	1.140337E5	3.215087E3	8.882615E1	9.243212E1
2.339200E1	4.678400E4	8.016077E0	-2.665589E1	2.783512E1	1.140467E5	3.288184E3	9.504792E1	9.106353E1
2.339600E1	4.679200E4	1.378600E1	-2.390801E1	2.759795E1	1.140600E5	3.290475E3	1.008178E2	8.831565E1
2.340000E1	4.680000E4	1.860636E1	-1.991025E1	2.725096E1	1.140731E5	3.265659E3	1.056382E2	8.431789E1
2.340400E1	4.680800E4	2.226895E1	-1.496740E1	2.683150E1	1.140861E5	3.340474E3	1.093008E2	7.937504E1
2.340800E1	4.681600E4	2.488341E1	-9.162750E0	2.651679E1	1.140998E5	3.460932E3	1.119153E2	7.357039E1
2.341200E1	4.682400E4	2.630647E1	-2.866330E0	2.646216E1	1.141138E5	3.445017E3	1.133383E2	6.727397E1
2.341600E1	4.683200E4	2.617920E1	3.374557E0	2.639580E1	1.141273E5	3.373403E3	1.132111E2	6.103309E1
2.342000E1	4.684000E4	2.471651E1	9.373551E0	2.643424E1	1.141408E5	3.383474E3	1.117484E2	5.503409E1
2.342400E1	4.684800E4	2.188588E1	1.499278E1	2.652876E1	1.141544E5	3.410178E3	1.089177E2	4.941486E1
2.342800E1	4.685600E4	1.788435E1	1.989767E1	2.675383E1	1.141681E5	3.371434E3	1.049162E2	4.450997E1
2.343200E1	4.686400E4	1.297220E1	2.377721E1	2.708567E1	1.141814E5	3.326879E3	1.000040E2	4.063044E1
2.343600E1	4.687200E4	7.251213E0	2.644306E1	2.741925E1	1.141947E5	3.291447E3	9.428306E1	3.796458E1
2.344000E1	4.688000E4	1.103285E0	2.766066E1	2.768266E1	1.142077E5	3.218290E3	8.813513E1	3.674698E1
2.344400E1	4.688800E4	-5.063637E0	2.755808E1	2.801943E1	1.142204E5	3.164330E3	8.196821E1	3.684956E1
2.344800E1	4.689600E4	-1.100619E1	2.589061E1	2.813289E1	1.142330E5	3.151541E3	7.602565E1	3.851704E1
2.345200E1	4.690400E4	-1.652794E1	2.306560E1	2.837596E1	1.142456E5	3.150571E3	7.050390E1	4.134204E1
2.345600E1	4.691200E4	-2.141629E1	1.912478E1	2.871262E1	1.142582E5	3.136745E3	6.561556E1	4.528286E1
2.346000E1	4.692000E4	-2.513668E1	1.409571E1	2.881912E1	1.142707E5	3.096280E3	6.189517E1	5.031193E1
2.346400E1	4.692800E4	-2.755867E1	8.422728E0	2.881705E1	1.142830E5	3.116315E3	5.947318E1	5.598492E1
2.346800E1	4.693600E4	-2.887711E1	2.197417E0	2.896059E1	1.142956E5	3.121968E3	5.815474E1	6.221023E1
2.347200E1	4.694400E4	-2.869600E1	-4.023292E0	2.897667E1	1.143080E5	3.084610E3	5.833585E1	6.843094E1
2.347600E1	4.695200E4	-2.719642E1	-1.007392E1	2.900223E1	1.143203E5	3.075745E3	5.983543E1	7.448157E1
2.348000E1	4.696000E4	-2.434169E1	-1.555939E1	2.888966E1	1.143326E5	3.071602E3	6.269016E1	7.996704E1
2.348400E1	4.696800E4	-2.063426E1	-2.056102E1	2.912951E1	1.143449E5	3.073356E3	6.639758E1	8.496866E1
2.348800E1	4.697600E4	-1.576689E1	-2.444095E1	2.908531E1	1.143572E5	3.075392E3	7.126495E1	8.884859E1
2.349200E1	4.698400E4	-1.010184E1	-2.702042E1	2.884702E1	1.143695E5	3.093643E3	7.693000E1	9.142807E1
2.349600E1	4.699200E4	-4.005343E0	-2.822429E1	2.850707E1	1.143819E5	3.099167E3	8.302650E1	9.263193E1
2.350000E1	4.700000E4	2.110278E0	-2.810121E1	2.818033E1	1.143943E5	3.109179E3	8.914213E1	9.250885E1
2.350400E1	4.700800E4	8.061721E0	-2.670768E1	2.789788E1	1.144068E5	3.131431E3	9.509357E1	9.111533E1
2.350800E1	4.701600E4	1.349625E1	-2.400481E1	2.753869E1	1.144193E5	3.175572E3	1.005281E2	8.841245E1
2.351200E1	4.702400E4	1.824011E1	-2.011531E1	2.715378E1	1.144322E5	3.237806E3	1.052720E2	8.452296E1
2.351600E1	4.703200E4	2.200654E1	-1.526733E1	2.678394E1	1.144452E5	3.292277E3	1.090384E2	7.967498E1
2.352000E1	4.704000E4	2.479230E1	-9.746333E0	2.663924E1	1.144585E5	3.313089E3	1.118241E2	7.415398E1
2.352400E1	4.704800E4	2.627072E1	-3.807568E0	2.654522E1	1.144718E5	3.325649E3	1.133026E2	6.821521E1
2.352800E1	4.705600E4	2.630427E1	2.368159E0	2.641066E1	1.144851E5	3.329239E3	1.133361E2	6.203948E1
2.353200E1	4.706400E4	2.498778E1	8.306091E0	2.633211E1	1.144984E5	3.318759E3	1.120196E2	5.610155E1
2.353600E1	4.707200E4	2.248239E1	1.388243E1	2.642309E1	1.145117E5	3.341997E3	1.095142E2	5.052521E1
2.354000E1	4.708000E4	1.878294E1	1.886383E1	2.662035E1	1.145251E5	3.316908E3	1.058148E2	4.554382E1
2.354400E1	4.708800E4	1.417789E1	2.289315E1	2.692785E1	1.145382E5	3.215012E3	1.012097E2	4.151449E1
2.354800E1	4.709600E4	8.988401E0	2.587396E1	2.739075E1	1.145508E5	3.159801E3	9.602025E1	3.853368E1
2.355200E1	4.710400E4	3.136983E0	2.756796E1	2.774586E1	1.145635E5	3.139711E3	9.016883E1	3.683969E1
2.355600E1	4.711200E4	-2.912886E0	2.789747E1	2.804913E1	1.145760E5	3.074217E3	8.411896E1	3.651017E1
2.356000E1	4.712000E4	-8.810787E0	2.695358E1	2.835711E1	1.145881E5	3.072902E3	7.822106E1	3.745406E1
2.356400E1	4.712800E4	-1.448132E1	2.454120E1	2.849525E1	1.146005E5	3.112828E3	7.255053E1	3.986645E1
2.356800E1	4.713600E4	-1.952912E1	2.093909E1	2.863271E1	1.146130E5	3.074414E3	6.750272E1	4.346855E1
2.357200E1	4.714400E4	-2.357121E1	1.641941E1	2.872627E1	1.146251E5	3.018036E3	6.346064E1	4.798823E1
2.357600E1	4.715200E4	-2.666599E1	1.123738E1	2.893706E1	1.146371E5	2.995161E3	6.036586E1	5.317026E1
2.358000E1	4.716000E4	-2.834551E1	5.458128E0	2.886622E1	1.146491E5	3.029831E3	5.868634E1	5.894952E1
2.358400E1	4.716800E4	-2.906273E1	-7.039267E-1	2.907126E1	1.146614E5	3.045532E3	5.796911E1	6.511157E1
2.358800E1	4.717600E4	-2.821993E1	-6.756751E0	2.901755E1	1.146735E5	3.007573E3	5.881192E1	7.116439E1
2.359200E1	4.718400E4	-2.610968E1	-1.242464E1	2.891517E1	1.146854E5	2.980363E3	6.092216E1	7.683229E1
2.359600E1	4.719200E4	-2.295741E1	-1.749384E1	2.886308E1	1.146973E5	2.997102E3	6.407443E1	8.190148E1
2.360000E1	4.720000E4	-1.877602E1	-2.192562E1	2.886645E1	1.147094E5	2.963033E3	6.825583E1	8.633327E1
2.360400E1	4.720800E4	-1.404262E1	-2.534620E1	2.897628E1	1.147210E5	2.954418E3	7.298923E1	8.975384E1
2.360800E1	4.721600E4	-8.290204E0	-2.721834E1	2.845286E1	1.147331E5	3.028786E3	7.874164E1	9.162598E1
2.361200E1	4.722400E4	-2.343945E0	-2.816322E1	2.826059E1	1.147452E5	2.976682E3	8.468790E1	9.257086E1
2.361600E1	4.723200E4	3.344185E0	-2.774167E1	2.794251E1	1.147569E5	2.988074E3	9.037603E1	9.214931E1
2.362000E1	4.724000E4	9.100324E0	-2.621063E1	2.774550E1	1.147691E5	3.092726E3	9.613217E1	9.061827E1
2.362400E1	4.724800E4	1.434054E1	-2.329609E1	2.735615E1	1.147816E5	3.132074E3	1.013724E2	8.770373E1
2.362800E1	4.725600E4	1.881278E1	-1.934319E1	2.698296E1	1.147942E5	3.178268E3	1.058446E2	8.375084E1
2.363200E1	4.726400E4	2.242591E1	-1.454040E1	2.672723E1	1.148070E5	3.182205E3	1.094578E2	7.894804E1
2.363600E1	4.727200E4	2.492291E1	-9.238444E0	2.658007E1	1.148197E5	3.214271E3	1.119548E2	7.364609E1
2.364000E1	4.728000E4	2.623602E1	-3.334943E0	2.644713E1	1.148328E5	3.298427E3	1.132679E2	6.774259E1
2.364400E1	4.728800E4	2.612720E1	2.768504E0	2.627347E1	1.148460E5	3.286913E3	1.131590E2	6.163914E1
2.364800E1	4.729600E4	2.496282E1	8.620302E0	2.640931E1	1.148591E5	3.253264E3	1.119947E2	5.578734E1
2.365200E1	4.730400E4	2.258659E1	1.415467E1	2.665537E1	1.148721E5	3.222690E3	1.096184E2	5.025297E1
2.365600E1	4.731200E4	1.894299E1	1.883264E1	2.671152E1	1.148848E5	3.164631E3	1.059748E2	4.557500E1
2.366000E1	4.732000E4	1.454643E1	2.273844E1	2.699324E1	1.148974E5	3.162206E3	1.015783E2	4.166921E1
2.366400E1	4.732800E4	9.292134E0	2.571169E1	2.733925E1	1.149101E5	3.110579E3	9.632398E1	3.869596E1
2.366800E1	4.733600E4	3.718246E0	2.741578E1	2.766677E1	1.149223E5	2.981308E3	9.075009E1	3.699186E1
2.367200E1	4.734400E4	-1.933966E0	2.779120E1	2.785841E1	1.149340E5	2.964831E3	8.509788E1	3.661644E1
2.367600E1	4.735200E4	-7.758131E0	2.706461E1	2.815460E1	1.149460E5	2.969338E3	7.927372E1	3.734303E1
2.368000E1	4.736000E4	-1.326250E1	2.522341E1	2.849762E1	1.149577E5	2.945685E3	7.376935E1	3.918423E1
2.368400E1	4.736800E4	-1.813206E1	2.194865E1	2.846955E1	1.149696E5	2.933882E3	6.889978E1	4.245899E1
2.368800E1	4.737600E4	-2.232168E1	1.794292E1	2.863923E1	1.149812E5	2.950485E3	6.471017E1	4.646472E1
2.369200E1	4.738400E4	-2.580323E1	1.305426E1	2.891748E1	1.149932E5	2.953629E3	6.122862E1	5.135338E1
2.369600E1	4.739200E4	-2.794000E1	7.572525E0	2.894800E1	1.150048E5	2.896871E3	5.909185E1	5.683512E1
2.370000E1	4.740000E4	-2.880566E1	1.842889E0	2.886455E1	1.150163E5	2.900519E3	5.822619E1	6.256475E1
2.370400E1	4.740800E4	-2.860682E1	-4.040633E0	2.889077E1	1.150280E5	2.950583E3	5.842503E1	6.844828E1
2.370800E1	4.741600E4	-2.714097E1	-9.848505E0	2.887257E1	1.150399E5	2.948300E3	5.989088E1	7.425615E1
2.371200E1	4.742400E4	-2.459340E1	-1.514539E1	2.888283E1	1.150516E5	2.920347E3	6.243845E1	7.955304E1
2.371600E1	4.743200E4	-2.098054E1	-1.977579E1	2.883166E1	1.150633E5	2.926617E3	6.605131E1	8.418343E1
2.372000E1	4.744000E4	-1.651466E1	-2.361960E1	2.882047E1	1.150750E5	2.885181E3	7.051719E1	8.802724E1
2.372400E1	4.744800E4	-1.155591E1	-2.643570E1	2.885108E1	1.150864E5	2.866418E3	7.547594E1	9.084334E1
2.372800E1	4.745600E4	-5.918605E0	-2.777419E1	2.839781E1	1.150980E5	2.931283E3	8.111324E1	9.218183E1
2.373200E1	4.746400E4	-7.953450E-2	-2.822572E1	2.822583E1	1.151098E5	2.982499E3	8.695231E1	9.263336E1
2.373600E1	4.747200E4	5.712544E0	-2.727223E1	2.786409E1	1.151218E5	3.002875E3	9.274439E1	9.167987E1
2.374000E1	4.748000E4	1.111853E1	-2.513593E1	2.748521E1	1.151339E5	3.018455E3	9.815038E1	8.954357E1
2.374400E1	4.748800E4	1.601892E1	-2.206598E1	2.726744E1	1.151460E5	3.036869E3	1.030508E2	8.647362E1
2.374800E1	4.749600E4	2.011422E1	-1.801169E1	2.700005E1	1.151582E5	3.072555E3	1.071461E2	8.241933E1
2.375200E1	4.750400E4	2.329225E1	-1.314678E1	2.674634E1	1.151706E5	3.098784E3	1.103241E2	7.755442E1
2.375600E1	4.751200E4	2.540938E1	-7.794247E0	2.657794E1	1.151829E5	3.094706E3	1.124412E2	7.220189E1
2.376000E1	4.752000E4	2.625010E1	-2.150735E0	2.633806E1	1.151953E5	3.149830E3	1.132819E2	6.655838E1
2.376400E1	4.752800E4	2.593961E1	3.712732E0	2.620397E1	1.152081E5	3.214862E3	1.129715E2	6.069491E1
2.376800E1	4.753600E4	2.467152E1	9.487791E0	2.643297E1	1.152210E5	3.144778E3	1.117034E2	5.491985E1
2.377200E1	4.754400E4	2.207759E1	1.450427E1	2.641579E1	1.152333E5	3.064015E3	1.091094E2	4.990337E1
2.377600E1	4.755200E4	1.855583E1	1.891362E1	2.649611E1	1.152455E5	3.115245E3	1.055877E2	4.549402E1
2.378000E1	4.756000E4	1.408772E1	2.274385E1	2.675344E1	1.152582E5	3.077533E3	1.011196E2	4.166380E1
2.378400E1	4.756800E4	9.251535E0	2.565127E1	2.726864E1	1.152702E5	3.023691E3	9.628338E1	3.875637E1
2.378800E1	4.757600E4	3.638963E0	2.732777E1	2.756899E1	1.152824E5	3.008415E3	9.067081E1	3.707987E1
2.379200E1	4.758400E4	-2.058975E0	2.780747E1	2.788359E1	1.152942E5	2.872381E3	8.497287E1	3.660017E1
2.379600E1	4.759200E4	-7.484068E0	2.718154E1	2.819304E1	1.153054E5	2.879564E3	7.954778E1	3.722610E1
2.380000E1	4.760000E4	-1.305855E1	2.533173E1	2.849951E1	1.153173E5	2.887906E3	7.397329E1	3.907592E1
2.380400E1	4.760800E4	-1.773859E1	2.230253E1	2.849667E1	1.153285E5	2.838052E3	6.929326E1	4.210511E1
2.380800E1	4.761600E4	-2.189717E1	1.838979E1	2.859494E1	1.153400E5	2.852651E3	6.513468E1	4.601785E1
2.381200E1	4.762400E4	-2.517297E1	1.377117E1	2.869362E1	1.153513E5	2.822170E3	6.185887E1	5.063647E1
2.381600E1	4.763200E4	-2.747849E1	8.636013E0	2.880361E1	1.153626E5	2.806250E3	5.955336E1	5.577163E1
2.382000E1	4.764000E4	-2.872045E1	3.135955E0	2.889115E1	1.153738E5	2.834144E3	5.831139E1	6.127169E1
2.382400E1	4.764800E4	-2.880393E1	-2.634605E0	2.892417E1	1.153852E5	2.853169E3	5.822792E1	6.704225E1
2.382800E1	4.765600E4	-2.779105E1	-8.281687E0	2.899877E1	1.153966E5	2.849696E3	5.924080E1	7.268933E1
2.383200E1	4.766400E4	-2.549950E1	-1.357186E1	2.888633E1	1.154080E5	2.833673E3	6.153234E1	7.797950E1
2.383600E1	4.767200E4	-2.251596E1	-1.840506E1	2.908118E1	1.154193E5	2.771769E3	6.451589E1	8.281271E1
2.384000E1	4.768000E4	-1.850805E1	-2.221235E1	2.891256E1	1.154302E5	2.770019E3	6.852380E1	8.661999E1
2.384400E1	4.768800E4	-1.376771E1	-2.527644E1	2.878278E1	1.154414E5	2.829880E3	7.326414E1	8.968408E1
2.384800E1	4.769600E4	-8.368532E0	-2.709610E1	2.835896E1	1.154528E5	2.842932E3	7.866332E1	9.150374E1
2.385200E1	4.770400E4	-2.866103E0	-2.805533E1	2.820135E1	1.154642E5	2.873551E3	8.416574E1	9.246297E1
2.385600E1	4.771200E4	2.833337E0	-2.777173E1	2.791588E1	1.154758E5	2.900338E3	8.986518E1	9.217937E1
2.386000E1	4.772000E4	8.327710E0	-2.662315E1	2.789521E1	1.154874E5	2.878887E3	9.535956E1	9.103079E1
2.386400E1	4.772800E4	1.328673E1	-2.411221E1	2.753064E1	1.154989E5	2.908316E3	1.003186E2	8.851986E1
2.386800E1	4.773600E4	1.772512E1	-2.065383E1	2.721692E1	1.155106E5	2.967356E3	1.047570E2	8.506148E1
2.387200E1	4.774400E4	2.150626E1	-1.644560E1	2.707355E1	1.155226E5	2.958647E3	1.085381E2	8.085325E1
2.387600E1	4.775200E4	2.415866E1	-1.162399E1	2.680967E1	1.155343E5	2.982374E3	1.111905E2	7.603164E1
2.388000E1	4.776000E4	2.581097E1	-6.218471E0	2.654949E1	1.155465E5	3.075852E3	1.128428E2	7.062611E1
2.388400E1	4.776800E4	2.642441E1	-5.017553E-1	2.642917E1	1.155589E5	3.053147E3	1.134563E2	6.490940E1
2.388800E1	4.777600E4	2.578519E1	4.955839E0	2.625712E1	1.155709E5	3.069948E3	1.128170E2	5.945180E1
2.389200E1	4.778400E4	2.422867E1	1.052073E1	2.641428E1	1.155835E5	3.061341E3	1.112605E2	5.388691E1
2.389600E1	4.779200E4	2.153706E1	1.528871E1	2.641192E1	1.155954E5	3.002678E3	1.085689E2	4.911893E1
2.390000E1	4.780000E4	1.789077E1	1.951969E1	2.647825E1	1.156075E5	2.998427E3	1.049226E2	4.488795E1
2.390400E1	4.780800E4	1.360903E1	2.297276E1	2.670119E1	1.156194E5	2.999434E3	1.006409E2	4.143488E1
2.390800E1	4.781600E4	8.620317E0	2.574648E1	2.715127E1	1.156315E5	3.001331E3	9.565216E1	3.866116E1
2.391200E1	4.782400E4	3.175400E0	2.731147E1	2.749545E1	1.156434E5	2.879304E3	9.020725E1	3.709617E1
2.391600E1	4.783200E4	-2.191467E0	2.770245E1	2.778900E1	1.156545E5	2.784612E3	8.484038E1	3.670519E1
2.392000E1	4.784000E4	-7.592701E0	2.711157E1	2.815469E1	1.156656E5	2.830670E3	7.943915E1	3.729607E1
2.392400E1	4.784800E4	-1.297141E1	2.527385E1	2.840819E1	1.156772E5	2.820702E3	7.406044E1	3.913379E1
2.392800E1	4.785600E4	-1.756947E1	2.231822E1	2.840403E1	1.156882E5	2.754886E3	6.946238E1	4.208943E1
2.393200E1	4.786400E4	-2.169278E1	1.871972E1	2.865318E1	1.156992E5	2.722956E3	6.533907E1	4.568792E1
2.393600E1	4.787200E4	-2.495433E1	1.441066E1	2.881641E1	1.157100E5	2.726935E3	6.207752E1	4.999698E1
2.394000E1	4.788000E4	-2.722121E1	9.360782E0	2.878574E1	1.157210E5	2.767262E3	5.981063E1	5.504686E1
2.394400E1	4.788800E4	-2.857752E1	3.948954E0	2.884907E1	1.157321E5	2.759140E3	5.845433E1	6.045869E1
2.394800E1	4.789600E4	-2.882265E1	-1.559035E0	2.886478E1	1.157431E5	2.775195E3	5.820920E1	6.596668E1
2.395200E1	4.790400E4	-2.807536E1	-7.174078E0	2.897747E1	1.157543E5	2.786784E3	5.895648E1	7.158172E1
2.395600E1	4.791200E4	-2.609538E1	-1.238565E1	2.888552E1	1.157654E5	2.717541E3	6.093647E1	7.679329E1
2.396000E1	4.792000E4	-2.329093E1	-1.696808E1	2.881637E1	1.157761E5	2.724184E3	6.374091E1	8.137572E1
2.396400E1	4.792800E4	-1.954263E1	-2.109222E1	2.875406E1	1.157872E5	2.721350E3	6.748922E1	8.549986E1
2.396800E1	4.793600E4	-1.536077E1	-2.443516E1	2.886226E1	1.157978E5	2.676723E3	7.167108E1	8.884281E1
2.397200E1	4.794400E4	-1.043187E1	-2.661582E1	2.858716E1	1.158086E5	2.718009E3	7.659998E1	9.102346E1
2.397600E1	4.795200E4	-5.133360E0	-2.793988E1	2.840754E1	1.158196E5	2.795587E3	8.189849E1	9.234753E1
2.398000E1	4.796000E4	4.745833E-1	-2.825229E1	2.825627E1	1.158310E5	2.782715E3	8.750643E1	9.265993E1
2.398400E1	4.796800E4	5.709673E0	-2.720977E1	2.780237E1	1.158419E5	2.815659E3	9.274152E1	9.161741E1
2.398800E1	4.797600E4	1.099953E1	-2.531213E1	2.759880E1	1.158535E5	2.877182E3	9.803138E1	8.971977E1
2.399200E1	4.798400E4	1.560450E1	-2.239483E1	2.729522E1	1.158649E5	2.825555E3	1.026363E2	8.680248E1
2.399600E1	4.799200E4	1.935257E1	-1.862856E1	2.686159E1	1.158761E5	2.836416E3	1.063844E2	8.303620E1
2.400000E1	4.800000E4	2.251945E1	-1.431349E1	2.668336E1	1.158876E5	2.913420E3	1.095513E2	7.872113E1
2.400400E1	4.800800E4	2.468845E1	-9.280058E0	2.637497E1	1.158994E5	2.984120E3	1.117203E2	7.368770E1
2.400800E1	4.801600E4	2.617441E1	-3.943235E0	2.646977E1	1.159114E5	2.973070E3	1.132063E2	6.835088E1
2.401200E1	4.802400E4	2.634788E1	1.465692E0	2.638861E1	1.159232E5	2.943986E3	1.133797E2	6.294195E1
2.401600E1	4.803200E4	2.538248E1	6.793892E0	2.627599E1	1.159350E5	2.987285E3	1.124143E2	5.761375E1
2.402000E1	4.804000E4	2.341487E1	1.197286E1	2.629839E1	1.159471E5	3.006764E3	1.104467E2	5.243479E1
2.402400E1	4.804800E4	2.049797E1	1.662186E1	2.639040E1	1.159590E5	2.967819E3	1.075298E2	4.778578E1
2.402800E1	4.805600E4	1.690389E1	2.074456E1	2.675964E1	1.159708E5	2.875195E3	1.039357E2	4.366308E1
2.403200E1	4.806400E4	1.272467E1	2.397223E1	2.714010E1	1.159820E5	2.778349E3	9.975652E1	4.043542E1
2.403600E1	4.807200E4	8.002833E0	2.626068E1	2.745302E1	1.159931E5	2.779591E3	9.503468E1	3.814697E1
2.404000E1	4.808000E4	2.745559E0	2.739555E1	2.753279E1	1.160043E5	2.753706E3	8.977741E1	3.701209E1
2.404400E1	4.808800E4	-2.451117E0	2.756605E1	2.767481E1	1.160151E5	2.760093E3	8.458073E1	3.684159E1
2.404800E1	4.809600E4	-7.954192E0	2.709985E1	2.824307E1	1.160264E5	2.739207E3	7.907766E1	3.730780E1
2.405200E1	4.810400E4	-1.287479E1	2.527375E1	2.836411E1	1.160370E5	2.691030E3	7.415706E1	3.913390E1
2.405600E1	4.811200E4	-1.751745E1	2.251354E1	2.852579E1	1.160479E5	2.722012E3	6.951439E1	4.189410E1
2.406000E1	4.812000E4	-2.154804E1	1.888315E1	2.865121E1	1.160588E5	2.691239E3	6.548380E1	4.552449E1
2.406400E1	4.812800E4	-2.478794E1	1.465028E1	2.879363E1	1.160694E5	2.628415E3	6.224390E1	4.975736E1
2.406800E1	4.813600E4	-2.707912E1	9.964070E0	2.885414E1	1.160798E5	2.616572E3	5.995273E1	5.444357E1
2.407200E1	4.814400E4	-2.843551E1	4.835827E0	2.884378E1	1.160903E5	2.667620E3	5.859634E1	5.957182E1
2.407600E1	4.815200E4	-2.888998E1	-5.745347E-1	2.889570E1	1.161011E5	2.743459E3	5.814186E1	6.498218E1
2.408000E1	4.816000E4	-2.815750E1	-6.137330E0	2.881859E1	1.161123E5	2.675773E3	5.887435E1	7.054497E1
2.408400E1	4.816800E4	-2.662569E1	-1.105349E1	2.882893E1	1.161225E5	2.629932E3	6.040616E1	7.546113E1
2.408800E1	4.817600E4	-2.411330E1	-1.586092E1	2.886209E1	1.161333E5	2.676286E3	6.291854E1	8.026857E1
2.409200E1	4.818400E4	-2.076530E1	-2.002186E1	2.884567E1	1.161440E5	2.665917E3	6.626654E1	8.442950E1
2.409600E1	4.819200E4	-1.671401E1	-2.357367E1	2.889768E1	1.161547E5	2.662597E3	7.031784E1	8.798131E1
2.410000E1	4.820000E4	-1.204028E1	-2.612523E1	2.876623E1	1.161653E5	2.620694E3	7.499157E1	9.053287E1
2.410400E1	4.820800E4	-7.085853E0	-2.765462E1	2.854798E1	1.161756E5	2.645130E3	7.994599E1	9.206226E1
2.410800E1	4.821600E4	-1.773463E0	-2.832710E1	2.838256E1	1.161864E5	2.648595E3	8.525838E1	9.273475E1
2.411200E1	4.822400E4	3.324790E0	-2.781139E1	2.800942E1	1.161968E5	2.659774E3	9.035664E1	9.221903E1
2.411600E1	4.823200E4	8.492699E0	-2.661793E1	2.793994E1	1.162077E5	2.698716E3	9.552455E1	9.102557E1
2.412000E1	4.824000E4	1.311704E1	-2.425243E1	2.757240E1	1.162184E5	2.732644E3	1.001489E2	8.866007E1
2.412400E1	4.824800E4	1.733389E1	-2.098517E1	2.721840E1	1.162296E5	2.797703E3	1.043657E2	8.539282E1
2.412800E1	4.825600E4	2.084152E1	-1.700484E1	2.689858E1	1.162408E5	2.825445E3	1.078734E2	8.141249E1
2.413200E1	4.826400E4	2.370670E1	-1.252003E1	2.680968E1	1.162522E5	2.851939E3	1.107385E2	7.692767E1
2.413600E1	4.827200E4	2.559571E1	-7.531241E0	2.668071E1	1.162636E5	2.802946E3	1.126276E2	7.193888E1
2.414000E1	4.828000E4	2.626844E1	-2.490475E0	2.638623E1	1.162746E5	2.806232E3	1.133003E2	6.689812E1
2.414400E1	4.828800E4	2.611712E1	2.769885E0	2.626359E1	1.162861E5	2.898838E3	1.131490E2	6.163776E1
2.414800E1	4.829600E4	2.500253E1	8.015284E0	2.625588E1	1.162978E5	2.911774E3	1.120344E2	5.639236E1
2.415200E1	4.830400E4	2.298331E1	1.292303E1	2.636735E1	1.163093E5	2.882859E3	1.100152E2	5.148461E1
2.415600E1	4.831200E4	2.010826E1	1.738004E1	2.657834E1	1.163208E5	2.839751E3	1.071401E2	4.702760E1
2.416000E1	4.832000E4	1.641071E1	2.105481E1	2.669488E1	1.163321E5	2.810921E3	1.034426E2	4.335283E1
2.416400E1	4.832800E4	1.210816E1	2.410058E1	2.697120E1	1.163433E5	2.770609E3	9.914001E1	4.030706E1
2.416800E1	4.833600E4	7.395456E0	2.618910E1	2.721326E1	1.163542E5	2.743972E3	9.442730E1	3.821855E1
2.417200E1	4.834400E4	2.261337E0	2.736930E1	2.746256E1	1.163653E5	2.710240E3	8.929318E1	3.703834E1
2.417600E1	4.835200E4	-2.860489E0	2.761939E1	2.776712E1	1.163759E5	2.620388E3	8.417136E1	3.678826E1
2.418000E1	4.836000E4	-7.872303E0	2.702642E1	2.814961E1	1.163862E5	2.598440E3	7.915954E1	3.738123E1
2.418400E1	4.836800E4	-1.275025E1	2.535055E1	2.837639E1	1.163967E5	2.594739E3	7.428160E1	3.905709E1
2.418800E1	4.837600E4	-1.712785E1	2.273125E1	2.846178E1	1.164070E5	2.564360E3	6.990400E1	4.167640E1
2.419200E1	4.838400E4	-2.101412E1	1.944884E1	2.863303E1	1.164172E5	2.596933E3	6.601773E1	4.495880E1
2.419600E1	4.839200E4	-2.419622E1	1.525295E1	2.860261E1	1.164278E5	2.597645E3	6.283563E1	4.915469E1
2.420000E1	4.840000E4	-2.662956E1	1.076093E1	2.872162E1	1.164380E5	2.574758E3	6.040228E1	5.364671E1
2.420400E1	4.840800E4	-2.825415E1	5.814487E0	2.884624E1	1.164484E5	2.577498E3	5.877769E1	5.859316E1
2.420800E1	4.841600E4	-2.875628E1	6.945093E-1	2.876467E1	1.164586E5	2.535163E3	5.827556E1	6.371313E1
2.421200E1	4.842400E4	-2.852923E1	-4.341446E0	2.885767E1	1.164687E5	2.531281E3	5.850262E1	6.874909E1
2.421600E1	4.843200E4	-2.737168E1	-9.353670E0	2.892577E1	1.164789E5	2.571378E3	5.966016E1	7.376131E1
2.422000E1	4.844000E4	-2.524325E1	-1.412165E1	2.892478E1	1.164892E5	2.604157E3	6.178860E1	7.852930E1
2.422400E1	4.844800E4	-2.213989E1	-1.838089E1	2.877554E1	1.164997E5	2.604455E3	6.489195E1	8.278853E1
2.422800E1	4.845600E4	-1.837915E1	-2.194950E1	2.862820E1	1.165101E5	2.556885E3	6.865270E1	8.635714E1
2.423200E1	4.846400E4	-1.429217E1	-2.491023E1	2.871908E1	1.165202E5	2.583045E3	7.273967E1	8.931787E1
2.423600E1	4.847200E4	-9.406035E0	-2.689500E1	2.849236E1	1.165307E5	2.581701E3	7.762581E1	9.130265E1
2.424000E1	4.848000E4	-4.542446E0	-2.807283E1	2.843796E1	1.165408E5	2.535788E3	8.248940E1	9.248047E1
2.424400E1	4.848800E4	4.968716E-1	-2.818518E1	2.818956E1	1.165510E5	2.575248E3	8.752872E1	9.259282E1
2.424800E1	4.849600E4	5.517835E0	-2.733917E1	2.789044E1	1.165614E5	2.610428E3	9.254968E1	9.174682E1
2.425200E1	4.850400E4	1.026798E1	-2.555094E1	2.753692E1	1.165719E5	2.641451E3	9.729983E1	8.995859E1
2.425600E1	4.851200E4	1.469759E1	-2.303309E1	2.732292E1	1.165825E5	2.703911E3	1.017294E2	8.744073E1
2.426000E1	4.852000E4	1.873131E1	-1.972168E1	2.719939E1	1.165935E5	2.717949E3	1.057632E2	8.412932E1
2.426400E1	4.852800E4	2.196786E1	-1.579374E1	2.705604E1	1.166043E5	2.713023E3	1.089997E2	8.020138E1
2.426800E1	4.853600E4	2.434037E1	-1.123196E1	2.680691E1	1.166152E5	2.754086E3	1.113722E2	7.563960E1
2.427200E1	4.854400E4	2.576437E1	-6.271845E0	2.651676E1	1.166263E5	2.807003E3	1.127962E2	7.067949E1
2.427600E1	4.855200E4	2.645109E1	-1.069378E0	2.647269E1	1.166377E5	2.798517E3	1.134829E2	6.547702E1
2.428000E1	4.856000E4	2.599519E1	3.980921E0	2.629824E1	1.166487E5	2.759589E3	1.130270E2	6.042672E1
2.428400E1	4.856800E4	2.478810E1	8.905498E0	2.633928E1	1.166598E5	2.738321E3	1.118199E2	5.550215E1
2.428800E1	4.857600E4	2.285593E1	1.352409E1	2.655738E1	1.166706E5	2.707174E3	1.098878E2	5.088355E1
2.429200E1	4.858400E4	1.992295E1	1.757617E1	2.656776E1	1.166814E5	2.741209E3	1.069548E2	4.683147E1
2.429600E1	4.859200E4	1.639083E1	2.139410E1	2.695119E1	1.166925E5	2.734022E3	1.034227E2	4.301354E1
2.430000E1	4.860000E4	1.211478E1	2.407830E1	2.695427E1	1.167033E5	2.664931E3	9.914663E1	4.032934E1
2.430400E1	4.860800E4	7.573451E0	2.617428E1	2.724794E1	1.167139E5	2.688821E3	9.460530E1	3.823336E1
2.430800E1	4.861600E4	2.486949E0	2.733609E1	2.744898E1	1.167248E5	2.637603E3	8.951880E1	3.707156E1
2.431200E1	4.862400E4	-2.395508E0	2.758494E1	2.768876E1	1.167350E5	2.553777E3	8.463634E1	3.682270E1
2.431600E1	4.863200E4	-7.394056E0	2.715481E1	2.814349E1	1.167452E5	2.538041E3	7.963779E1	3.725283E1
2.432000E1	4.864000E4	-1.214400E1	2.572859E1	2.845061E1	1.167553E5	2.490646E3	7.488784E1	3.867905E1
2.432400E1	4.864800E4	-1.643295E1	2.333225E1	2.853832E1	1.167652E5	2.510258E3	7.059890E1	4.107539E1
2.432800E1	4.865600E4	-2.040078E1	2.015336E1	2.867664E1	1.167753E5	2.512058E3	6.663106E1	4.425429E1
2.433200E1	4.866400E4	-2.371770E1	1.645137E1	2.886480E1	1.167853E5	2.502791E3	6.331415E1	4.795628E1
2.433600E1	4.867200E4	-2.620195E1	1.201173E1	2.882401E1	1.167954E5	2.483002E3	6.082990E1	5.239591E1
2.434000E1	4.868000E4	-2.781220E1	7.391116E0	2.877754E1	1.168051E5	2.480751E3	5.921965E1	5.701653E1
2.434400E1	4.868800E4	-2.873483E1	2.403886E0	2.883521E1	1.168152E5	2.529766E3	5.829702E1	6.200376E1
2.434800E1	4.869600E4	-2.874707E1	-2.694979E0	2.887312E1	1.168254E5	2.515399E3	5.828477E1	6.710262E1
2.435200E1	4.870400E4	-2.789233E1	-7.651990E0	2.892292E1	1.168353E5	2.519292E3	5.913952E1	7.205963E1
2.435600E1	4.871200E4	-2.611822E1	-1.246338E1	2.893955E1	1.168455E5	2.513172E3	6.091362E1	7.687102E1
2.436000E1	4.872000E4	-2.364452E1	-1.683217E1	2.902387E1	1.168554E5	2.442888E3	6.338733E1	8.123981E1
2.436400E1	4.872800E4	-2.051684E1	-2.055495E1	2.904215E1	1.168651E5	2.438613E3	6.651500E1	8.496259E1
2.436800E1	4.873600E4	-1.668529E1	-2.378961E1	2.905760E1	1.168750E5	2.454157E3	7.034656E1	8.819726E1
2.437200E1	4.874400E4	-1.237588E1	-2.616531E1	2.894453E1	1.168847E5	2.412443E3	7.465597E1	9.057295E1
2.437600E1	4.875200E4	-7.767688E0	-2.755123E1	2.862529E1	1.168943E5	2.453905E3	7.926416E1	9.195887E1
2.438000E1	4.876000E4	-2.824075E0	-2.838201E1	2.852216E1	1.169043E5	2.500102E3	8.420777E1	9.278965E1
2.438400E1	4.876800E4	2.087066E0	-2.804676E1	2.812431E1	1.169143E5	2.501167E3	8.911891E1	9.245440E1
2.438800E1	4.877600E4	6.912735E0	-2.706648E1	2.793529E1	1.169243E5	2.546543E3	9.394458E1	9.147413E1
2.439200E1	4.878400E4	1.150755E1	-2.510213E1	2.761414E1	1.169346E5	2.571278E3	9.853939E1	8.950978E1
2.439600E1	4.879200E4	1.559148E1	-2.235219E1	2.725279E1	1.169449E5	2.572595E3	1.026233E2	8.675983E1
2.440000E1	4.880000E4	1.911671E1	-1.897785E1	2.693710E1	1.169552E5	2.607574E3	1.061486E2	8.338549E1
2.440400E1	4.880800E4	2.213675E1	-1.506797E1	2.677834E1	1.169658E5	2.646501E3	1.091686E2	7.947562E1
2.440800E1	4.881600E4	2.436357E1	-1.065387E1	2.659114E1	1.169764E5	2.627094E3	1.113954E2	7.506152E1
2.441200E1	4.882400E4	2.569808E1	-6.039479E0	2.639823E1	1.169868E5	2.662917E3	1.127299E2	7.044712E1
2.441600E1	4.883200E4	2.636302E1	-1.066128E0	2.638457E1	1.169977E5	2.717900E3	1.133949E2	6.547377E1
2.442000E1	4.884000E4	2.597641E1	3.890424E0	2.626612E1	1.170085E5	2.698911E3	1.130083E2	6.051722E1
2.442400E1	4.884800E4	2.487438E1	8.698940E0	2.635159E1	1.170193E5	2.672195E3	1.119062E2	5.570870E1
2.442800E1	4.885600E4	2.301719E1	1.323296E1	2.654999E1	1.170299E5	2.648200E3	1.100490E2	5.117468E1
2.443200E1	4.886400E4	2.022946E1	1.725385E1	2.658808E1	1.170405E5	2.628991E3	1.072613E2	4.715380E1
2.443600E1	4.887200E4	1.684849E1	2.075220E1	2.673061E1	1.170509E5	2.604194E3	1.038803E2	4.365544E1
2.444000E1	4.888000E4	1.300162E1	2.374268E1	2.706949E1	1.170613E5	2.579402E3	1.000335E2	4.066496E1
2.444400E1	4.888800E4	8.659536E0	2.597467E1	2.738012E1	1.170716E5	2.598115E3	9.569138E1	3.843298E1
2.444800E1	4.889600E4	3.802792E0	2.733366E1	2.759692E1	1.170821E5	2.518545E3	9.083464E1	3.707399E1
2.445200E1	4.890400E4	-8.276805E-1	2.771119E1	2.772355E1	1.170917E5	2.435255E3	8.620417E1	3.669645E1
2.445600E1	4.891200E4	-5.631212E0	2.752675E1	2.809684E1	1.171016E5	2.463618E3	8.140064E1	3.688089E1
2.446000E1	4.892000E4	-1.030295E1	2.626338E1	2.821199E1	1.171114E5	2.432826E3	7.672889E1	3.814426E1
2.446400E1	4.892800E4	-1.458984E1	2.425834E1	2.830778E1	1.171210E5	2.440320E3	7.244201E1	4.014930E1
2.446800E1	4.893600E4	-1.866331E1	2.151339E1	2.848061E1	1.171309E5	2.458128E3	6.836854E1	4.289425E1
2.447200E1	4.894400E4	-2.210573E1	1.810026E1	2.857066E1	1.171407E5	2.405655E3	6.492612E1	4.630738E1
2.447600E1	4.895200E4	-2.482934E1	1.422706E1	2.861653E1	1.171502E5	2.389494E3	6.220250E1	5.018058E1
2.448000E1	4.896000E4	-2.694092E1	9.909553E0	2.870561E1	1.171598E5	2.387444E3	6.009093E1	5.449809E1
2.448400E1	4.896800E4	-2.825432E1	5.345295E0	2.875550E1	1.171693E5	2.409549E3	5.877753E1	5.906235E1
2.448800E1	4.897600E4	-2.869004E1	4.599202E-1	2.869373E1	1.171791E5	2.445423E3	5.834181E1	6.394772E1
2.449200E1	4.898400E4	-2.853392E1	-4.443033E0	2.887776E1	1.171889E5	2.430735E3	5.849793E1	6.885068E1
2.449600E1	4.899200E4	-2.757699E1	-9.241834E0	2.908439E1	1.171985E5	2.365088E3	5.945486E1	7.364948E1
2.450000E1	4.900000E4	-2.565481E1	-1.350976E1	2.899453E1	1.172078E5	2.369108E3	6.137704E1	7.791741E1
2.450400E1	4.900800E4	-2.305912E1	-1.768131E1	2.905773E1	1.172175E5	2.420759E3	6.397273E1	8.208895E1
2.450800E1	4.901600E4	-1.974549E1	-2.127640E1	2.902705E1	1.172271E5	2.379009E3	6.728636E1	8.568405E1
2.451200E1	4.902400E4	-1.595368E1	-2.411471E1	2.891434E1	1.172365E5	2.352410E3	7.107817E1	8.852235E1
2.451600E1	4.903200E4	-1.166139E1	-2.613854E1	2.862186E1	1.172460E5	2.339171E3	7.537046E1	9.054618E1
2.452000E1	4.904000E4	-7.265671E0	-2.754961E1	2.849160E1	1.172552E5	2.419424E3	7.976618E1	9.195726E1
2.452400E1	4.904800E4	-2.318221E0	-2.826915E1	2.836404E1	1.172653E5	2.481485E3	8.471363E1	9.267679E1
2.452800E1	4.905600E4	2.492847E0	-2.805542E1	2.816595E1	1.172751E5	2.403633E3	8.952469E1	9.246306E1
2.453200E1	4.906400E4	7.009899E0	-2.702548E1	2.791980E1	1.172845E5	2.400326E3	9.404175E1	9.143312E1
2.453600E1	4.907200E4	1.135993E1	-2.518259E1	2.762627E1	1.172943E5	2.436606E3	9.839178E1	8.959023E1
2.454000E1	4.908000E4	1.527902E1	-2.262323E1	2.729943E1	1.173040E5	2.476595E3	1.023109E2	8.703088E1
2.454400E1	4.908800E4	1.895464E1	-1.956444E1	2.724052E1	1.173141E5	2.494140E3	1.059865E2	8.397209E1
2.454800E1	4.909600E4	2.184679E1	-1.588022E1	2.700858E1	1.173240E5	2.530213E3	1.088786E2	8.028786E1
2.455200E1	4.910400E4	2.418868E1	-1.162318E1	2.683636E1	1.173343E5	2.563255E3	1.112205E2	7.603082E1
2.455600E1	4.911200E4	2.554309E1	-7.087082E0	2.650804E1	1.173445E5	2.563279E3	1.125749E2	7.149473E1
2.456000E1	4.912000E4	2.616023E1	-2.361917E0	2.626664E1	1.173548E5	2.646304E3	1.131921E2	6.676956E1
2.456400E1	4.912800E4	2.609138E1	2.587454E0	2.621936E1	1.173657E5	2.651536E3	1.131232E2	6.182019E1
2.456800E1	4.913600E4	2.529927E1	7.279897E0	2.632585E1	1.173761E5	2.586571E3	1.123311E2	5.712775E1
2.457200E1	4.914400E4	2.358726E1	1.168625E1	2.632351E1	1.173864E5	2.592460E3	1.106191E2	5.272139E1
2.457600E1	4.915200E4	2.115130E1	1.581912E1	2.641253E1	1.173968E5	2.566176E3	1.081831E2	4.858853E1
2.458000E1	4.916000E4	1.825935E1	1.950242E1	2.671607E1	1.174069E5	2.491390E3	1.052912E2	4.490522E1
2.458400E1	4.916800E4	1.470655E1	2.240906E1	2.680389E1	1.174167E5	2.432417E3	1.017384E2	4.199859E1
2.458800E1	4.917600E4	1.081434E1	2.468814E1	2.695282E1	1.174263E5	2.435534E3	9.784619E1	3.971950E1
2.459200E1	4.918400E4	6.520581E0	2.656368E1	2.735228E1	1.174362E5	2.456516E3	9.355243E1	3.784396E1
2.459600E1	4.919200E4	1.915520E0	2.737180E1	2.743875E1	1.174460E5	2.432838E3	8.894737E1	3.703584E1
2.460000E1	4.920000E4	-2.732508E0	2.751703E1	2.765237E1	1.174557E5	2.370509E3	8.429934E1	3.689061E1
2.460400E1	4.920800E4	-7.207439E0	2.697205E1	2.791843E1	1.174650E5	2.325833E3	7.982441E1	3.743560E1
2.460800E1	4.921600E4	-1.156309E1	2.563602E1	2.812313E1	1.174743E5	2.327338E3	7.546876E1	3.877163E1
2.461200E1	4.922400E4	-1.579638E1	2.379379E1	2.855994E1	1.174836E5	2.358460E3	7.123547E1	4.061386E1
2.461600E1	4.923200E4	-1.959692E1	2.090853E1	2.865669E1	1.174931E5	2.329570E3	6.743492E1	4.349912E1
2.462000E1	4.924000E4	-2.279047E1	1.766778E1	2.883671E1	1.175022E5	2.284009E3	6.424137E1	4.673987E1
2.462400E1	4.924800E4	-2.540595E1	1.384175E1	2.893193E1	1.175114E5	2.295999E3	6.162590E1	5.056590E1
2.462800E1	4.925600E4	-2.736606E1	9.645588E0	2.901617E1	1.175206E5	2.274020E3	5.966579E1	5.476206E1
2.463200E1	4.926400E4	-2.852866E1	5.231051E0	2.900428E1	1.175296E5	2.337129E3	5.850319E1	5.917659E1
2.463600E1	4.927200E4	-2.896380E1	3.633627E-1	2.896608E1	1.175393E5	2.390452E3	5.806805E1	6.404428E1
2.464000E1	4.928000E4	-2.869736E1	-4.408336E0	2.903398E1	1.175487E5	2.290283E3	5.833449E1	6.881598E1
2.464400E1	4.928800E4	-2.768616E1	-8.784430E0	2.904634E1	1.175576E5	2.295997E3	5.934569E1	7.319207E1
2.464800E1	4.929600E4	-2.579662E1	-1.320147E1	2.897835E1	1.175671E5	2.331347E3	6.123522E1	7.760912E1
2.465200E1	4.930400E4	-2.332015E1	-1.710172E1	2.891882E1	1.175763E5	2.329274E3	6.371170E1	8.150936E1
2.465600E1	4.931200E4	-2.009029E1	-2.061273E1	2.878375E1	1.175857E5	2.355801E3	6.694156E1	8.502037E1
2.466000E1	4.932000E4	-1.644509E1	-2.357408E1	2.874331E1	1.175951E5	2.293205E3	7.058676E1	8.798172E1
2.466400E1	4.932800E4	-1.260097E1	-2.592880E1	2.882858E1	1.176041E5	2.257864E3	7.443088E1	9.033644E1
2.466800E1	4.933600E4	-8.285140E0	-2.737883E1	2.860496E1	1.176132E5	2.311962E3	7.874671E1	9.178647E1
2.467200E1	4.934400E4	-3.658749E0	-2.808145E1	2.831879E1	1.176226E5	2.320189E3	8.337310E1	9.248909E1
2.467600E1	4.935200E4	8.477258E-1	-2.814687E1	2.815963E1	1.176317E5	2.341444E3	8.787957E1	9.255451E1
2.468000E1	4.936000E4	5.472592E0	-2.736709E1	2.790891E1	1.176413E5	2.343566E3	9.250444E1	9.177474E1
2.468400E1	4.936800E4	9.637522E0	-2.581292E1	2.755338E1	1.176505E5	2.303669E3	9.666937E1	9.022056E1
2.468800E1	4.937600E4	1.359245E1	-2.379379E1	2.740254E1	1.176597E5	2.353812E3	1.006243E2	8.820143E1
2.469200E1	4.938400E4	1.720842E1	-2.102148E1	2.716675E1	1.176693E5	2.420991E3	1.042403E2	8.542913E1
2.469600E1	4.939200E4	2.033023E1	-1.760716E1	2.689480E1	1.176791E5	2.426885E3	1.073621E2	8.201480E1
2.470000E1	4.940000E4	2.284876E1	-1.388177E1	2.673517E1	1.176887E5	2.440120E3	1.098806E2	7.828941E1
2.470400E1	4.940800E4	2.487956E1	-9.736916E0	2.671704E1	1.176986E5	2.476113E3	1.119114E2	7.414456E1
2.470800E1	4.941600E4	2.593307E1	-5.262886E0	2.646171E1	1.177085E5	2.528679E3	1.129649E2	6.967053E1
2.471200E1	4.942400E4	2.644903E1	-5.281947E-1	2.645430E1	1.177189E5	2.500528E3	1.134809E2	6.493584E1
2.471600E1	4.943200E4	2.591984E1	3.888711E0	2.620992E1	1.177285E5	2.469198E3	1.129517E2	6.051893E1
2.472000E1	4.944000E4	2.505428E1	8.436333E0	2.643650E1	1.177386E5	2.465276E3	1.120861E2	5.597131E1
2.472400E1	4.944800E4	2.322692E1	1.248266E1	2.636866E1	1.177483E5	2.426319E3	1.102588E2	5.192499E1
2.472800E1	4.945600E4	2.075861E1	1.623012E1	2.635027E1	1.177580E5	2.435372E3	1.077905E2	4.817752E1
2.473200E1	4.946400E4	1.791796E1	1.971752E1	2.664271E1	1.177677E5	2.466257E3	1.049498E2	4.469012E1
2.473600E1	4.947200E4	1.436500E1	2.276727E1	2.692029E1	1.177778E5	2.477142E3	1.013969E2	4.164037E1
2.474000E1	4.948000E4	1.037262E1	2.510948E1	2.716758E1	1.177876E5	2.396297E3	9.740447E1	3.929817E1
2.474400E1	4.948800E4	6.198309E0	2.667890E1	2.738947E1	1.177969E5	2.326880E3	9.323016E1	3.772874E1
2.474800E1	4.949600E4	1.861074E0	2.779765E1	2.785988E1	1.178062E5	2.292963E3	8.889292E1	3.660999E1
2.475200E1	4.950400E4	-2.570285E0	2.789624E1	2.801440E1	1.178153E5	2.275899E3	8.446156E1	3.651140E1
2.475600E1	4.951200E4	-7.008770E0	2.734309E1	2.822707E1	1.178244E5	2.258182E3	8.002308E1	3.706456E1
2.476000E1	4.952000E4	-1.120819E1	2.598806E1	2.830199E1	1.178333E5	2.230687E3	7.582366E1	3.841958E1
2.476400E1	4.952800E4	-1.514260E1	2.402519E1	2.839909E1	1.178422E5	2.229322E3	7.188925E1	4.038245E1
2.476800E1	4.953600E4	-1.878496E1	2.148491E1	2.853903E1	1.178512E5	2.283828E3	6.824689E1	4.292273E1
2.477200E1	4.954400E4	-2.198796E1	1.812996E1	2.849853E1	1.178605E5	2.264395E3	6.504389E1	4.627768E1
2.477600E1	4.955200E4	-2.459814E1	1.461727E1	2.861351E1	1.178693E5	2.186402E3	6.243370E1	4.979038E1
2.478000E1	4.956000E4	-2.673594E1	1.081057E1	2.883884E1	1.178780E5	2.196635E3	6.029591E1	5.359707E1
2.478400E1	4.956800E4	-2.800158E1	6.540652E0	2.875533E1	1.178869E5	2.268743E3	5.903027E1	5.786699E1
2.478800E1	4.957600E4	-2.878421E1	1.945054E0	2.884985E1	1.178961E5	2.266511E3	5.824764E1	6.246259E1
2.479200E1	4.958400E4	-2.868555E1	-2.501883E0	2.879445E1	1.179050E5	2.241322E3	5.834630E1	6.690953E1
2.479600E1	4.959200E4	-2.805091E1	-7.027567E0	2.891781E1	1.179141E5	2.220917E3	5.898094E1	7.143521E1
2.480000E1	4.960000E4	-2.662322E1	-1.116509E1	2.886962E1	1.179228E5	2.175389E3	6.040863E1	7.557274E1
2.480400E1	4.960800E4	-2.466002E1	-1.509267E1	2.891202E1	1.179315E5	2.212612E3	6.237183E1	7.950031E1
2.480800E1	4.961600E4	-2.189260E1	-1.866689E1	2.877045E1	1.179405E5	2.230267E3	6.513925E1	8.307453E1
2.481200E1	4.962400E4	-1.878883E1	-2.185176E1	2.881873E1	1.179493E5	2.220646E3	6.824302E1	8.625940E1
2.481600E1	4.963200E4	-1.519456E1	-2.452349E1	2.884920E1	1.179582E5	2.254335E3	7.183729E1	8.893114E1
2.482000E1	4.964000E4	-1.107522E1	-2.653428E1	2.875289E1	1.179673E5	2.265427E3	7.595663E1	9.094193E1
2.482400E1	4.964800E4	-6.790622E0	-2.794398E1	2.875723E1	1.179763E5	2.181744E3	8.024123E1	9.235162E1
2.482800E1	4.965600E4	-2.582863E0	-2.837349E1	2.849081E1	1.179848E5	2.163374E3	8.444898E1	9.278113E1
2.483200E1	4.966400E4	1.784520E0	-2.798696E1	2.804380E1	1.179936E5	2.254642E3	8.881637E1	9.239461E1
2.483600E1	4.967200E4	6.221484E0	-2.730500E1	2.800482E1	1.180028E5	2.252494E3	9.325333E1	9.171265E1
2.484000E1	4.968000E4	1.021296E1	-2.570537E1	2.765991E1	1.180117E5	2.243053E3	9.724480E1	9.011302E1
2.484400E1	4.968800E4	1.410969E1	-2.368781E1	2.757164E1	1.180208E5	2.290944E3	1.011415E2	8.809545E1
2.484800E1	4.969600E4	1.751517E1	-2.087681E1	2.725110E1	1.180300E5	2.305604E3	1.045470E2	8.528445E1
2.485200E1	4.970400E4	2.040656E1	-1.759891E1	2.694716E1	1.180392E5	2.294317E3	1.074384E2	8.200655E1
2.485600E1	4.971200E4	2.275461E1	-1.402589E1	2.673009E1	1.180484E5	2.347903E3	1.097865E2	7.843353E1
2.486000E1	4.972000E4	2.469425E1	-9.972978E0	2.663206E1	1.180580E5	2.393689E3	1.117261E2	7.438062E1
2.486400E1	4.972800E4	2.592027E1	-5.746416E0	2.654961E1	1.180675E5	2.397109E3	1.129521E2	7.015406E1
2.486800E1	4.973600E4	2.640763E1	-1.298410E0	2.643953E1	1.180772E5	2.421963E3	1.134395E2	6.570605E1
2.487200E1	4.974400E4	2.615142E1	3.153389E0	2.634086E1	1.180869E5	2.402362E3	1.131833E2	6.125425E1
2.487600E1	4.975200E4	2.525727E1	7.435556E0	2.632901E1	1.180964E5	2.337846E3	1.122891E2	5.697209E1
2.488000E1	4.976000E4	2.369131E1	1.134000E1	2.626545E1	1.181056E5	2.326968E3	1.107232E2	5.306765E1
2.488400E1	4.976800E4	2.166069E1	1.517813E1	2.644922E1	1.181150E5	2.408726E3	1.086925E2	4.922951E1
2.488800E1	4.977600E4	1.875154E1	1.865246E1	2.644871E1	1.181248E5	2.385715E3	1.057834E2	4.575519E1
2.489200E1	4.978400E4	1.573581E1	2.174257E1	2.683943E1	1.181341E5	2.304884E3	1.027677E2	4.266507E1
2.489600E1	4.979200E4	1.220337E1	2.425029E1	2.714772E1	1.181433E5	2.264912E3	9.923522E1	4.015736E1
2.490000E1	4.980000E4	8.331782E0	2.598910E1	2.729198E1	1.181522E5	2.263652E3	9.536363E1	3.841854E1
2.490400E1	4.980800E4	4.110035E0	2.716511E1	2.747427E1	1.181614E5	2.279777E3	9.114188E1	3.724253E1
2.490800E1	4.981600E4	-2.245109E-1	2.778174E1	2.778265E1	1.181705E5	2.156050E3	8.680734E1	3.662591E1
2.491200E1	4.982400E4	-4.226573E0	2.779956E1	2.811902E1	1.181786E5	2.119693E3	8.280527E1	3.660808E1
2.491600E1	4.983200E4	-8.448757E0	2.692615E1	2.822055E1	1.181874E5	2.210704E3	7.858309E1	3.748149E1
2.492000E1	4.984000E4	-1.261053E1	2.548127E1	2.843098E1	1.181963E5	2.211632E3	7.442132E1	3.892637E1
2.492400E1	4.984800E4	-1.634401E1	2.324344E1	2.841451E1	1.182051E5	2.204318E3	7.068783E1	4.116421E1
2.492800E1	4.985600E4	-1.989146E1	2.062336E1	2.865298E1	1.182140E5	2.116061E3	6.714038E1	4.378428E1
2.493200E1	4.986400E4	-2.273810E1	1.773806E1	2.883851E1	1.182220E5	2.049881E3	6.429375E1	4.666959E1
2.493600E1	4.987200E4	-2.506537E1	1.425988E1	2.883777E1	1.182304E5	2.129008E3	6.196648E1	5.014776E1
2.494000E1	4.988000E4	-2.679623E1	1.024633E1	2.868842E1	1.182391E5	2.172904E3	6.023561E1	5.416131E1
2.494400E1	4.988800E4	-2.814805E1	6.112902E0	2.880417E1	1.182477E5	2.153237E3	5.888380E1	5.829474E1
2.494800E1	4.989600E4	-2.871976E1	1.857193E0	2.877975E1	1.182563E5	2.094625E3	5.831209E1	6.255045E1
2.495200E1	4.990400E4	-2.879477E1	-2.268400E0	2.888398E1	1.182645E5	2.118859E3	5.823708E1	6.667604E1
2.495600E1	4.991200E4	-2.818069E1	-6.636155E0	2.895151E1	1.182733E5	2.196366E3	5.885116E1	7.104380E1
2.496000E1	4.992000E4	-2.672182E1	-1.083718E1	2.883575E1	1.182821E5	2.176898E3	6.031002E1	7.524483E1
2.496400E1	4.992800E4	-2.485379E1	-1.473723E1	2.889458E1	1.182907E5	2.107358E3	6.217805E1	7.914487E1
2.496800E1	4.993600E4	-2.244717E1	-1.813468E1	2.885727E1	1.182989E5	2.105447E3	6.458468E1	8.254233E1
2.497200E1	4.994400E4	-1.956071E1	-2.135402E1	2.895886E1	1.183075E5	2.085282E3	6.747114E1	8.576166E1
2.497600E1	4.995200E4	-1.625162E1	-2.374947E1	2.877764E1	1.183156E5	2.111545E3	7.078023E1	8.815711E1
2.498000E1	4.996000E4	-1.238200E1	-2.584560E1	2.865849E1	1.183244E5	2.129528E3	7.464985E1	9.025325E1
2.498400E1	4.996800E4	-8.521761E0	-2.728075E1	2.858076E1	1.183327E5	2.087049E3	7.851009E1	9.168840E1
2.498800E1	4.997600E4	-4.382099E0	-2.797852E1	2.831961E1	1.183411E5	2.094144E3	8.264975E1	9.238617E1
2.499200E1	4.998400E4	-2.919918E-1	-2.815319E1	2.815470E1	1.183494E5	2.163216E3	8.673986E1	9.256083E1
2.499600E1	4.999200E4	4.085914E0	-2.765581E1	2.795601E1	1.183584E5	2.206158E3	9.111776E1	9.206345E1
2.500000E1	5.000000E4	8.186223E0	-2.668422E1	2.791167E1	1.183671E5	2.161351E3	9.521807E1	9.109186E1
2.500400E1	5.000800E4	1.199304E1	-2.492528E1	2.766049E1	1.183757E5	2.183184E3	9.902489E1	8.933293E1
2.500800E1	5.001600E4	1.558576E1	-2.266003E1	2.750259E1	1.183845E5	2.186591E3	1.026176E2	8.706767E1
2.501200E1	5.002400E4	1.857989E1	-1.979408E1	2.714807E1	1.183932E5	2.173686E3	1.056117E2	8.420172E1
2.501600E1	5.003200E4	2.116488E1	-1.658942E1	2.689165E1	1.184019E5	2.233565E3	1.081967E2	8.099706E1
2.502000E1	5.004000E4	2.336524E1	-1.292161E1	2.670024E1	1.184111E5	2.287479E3	1.103971E2	7.732925E1
2.502400E1	5.004800E4	2.492729E1	-8.969544E0	2.649194E1	1.184202E5	2.292797E3	1.119591E2	7.337719E1
2.502800E1	5.005600E4	2.599075E1	-4.864693E0	2.644209E1	1.184294E5	2.306021E3	1.130226E2	6.927234E1
2.503200E1	5.006400E4	2.637578E1	-6.178934E-1	2.638302E1	1.184387E5	2.290925E3	1.134076E2	6.502554E1
2.503600E1	5.007200E4	2.605746E1	3.535148E0	2.629617E1	1.184477E5	2.245840E3	1.130893E2	6.087250E1
2.504000E1	5.008000E4	2.523264E1	7.534034E0	2.633340E1	1.184566E5	2.239190E3	1.122645E2	5.687361E1
2.504400E1	5.008800E4	2.367017E1	1.136092E1	2.625543E1	1.184656E5	2.313034E3	1.107020E2	5.304672E1
2.504800E1	5.009600E4	2.142489E1	1.507387E1	2.619633E1	1.184751E5	2.346539E3	1.084567E2	4.933377E1
2.505200E1	5.010400E4	1.878892E1	1.840707E1	2.630292E1	1.184844E5	2.226541E3	1.058208E2	4.600057E1
2.505600E1	5.011200E4	1.602970E1	2.122687E1	2.659946E1	1.184929E5	2.165893E3	1.030615E2	4.318078E1
2.506000E1	5.012000E4	1.269846E1	2.362208E1	2.681891E1	1.185017E5	2.202123E3	9.973031E1	4.078556E1
2.506400E1	5.012800E4	9.086251E0	2.574200E1	2.729854E1	1.185106E5	2.196196E3	9.611810E1	3.866565E1
2.506800E1	5.013600E4	5.115069E0	2.709289E1	2.757152E1	1.185193E5	2.157615E3	9.214692E1	3.731475E1
2.507200E1	5.014400E4	1.054762E0	2.769848E1	2.771855E1	1.185278E5	2.109045E3	8.808661E1	3.670917E1
2.507600E1	5.015200E4	-3.019831E0	2.788455E1	2.804760E1	1.185362E5	2.078643E3	8.401202E1	3.652309E1
2.508000E1	5.016000E4	-7.037495E0	2.731349E1	2.820555E1	1.185444E5	2.072329E3	7.999435E1	3.709415E1
2.508400E1	5.016800E4	-1.092667E1	2.604498E1	2.824417E1	1.185528E5	2.075814E3	7.610518E1	3.836266E1
2.508800E1	5.017600E4	-1.465035E1	2.432946E1	2.839991E1	1.185611E5	2.056036E3	7.238150E1	4.007819E1
2.509200E1	5.018400E4	-1.804775E1	2.212256E1	2.855046E1	1.185692E5	2.061842E3	6.898410E1	4.228508E1
2.509600E1	5.019200E4	-2.106308E1	1.926723E1	2.854609E1	1.185775E5	2.080726E3	6.596877E1	4.514042E1
2.510000E1	5.020000E4	-2.363976E1	1.603324E1	2.856401E1	1.185859E5	2.029117E3	6.339209E1	4.837441E1
2.510400E1	5.020800E4	-2.581512E1	1.271238E1	2.877543E1	1.185938E5	2.014046E3	6.121672E1	5.169526E1
2.510800E1	5.021600E4	-2.745815E1	8.939712E0	2.887678E1	1.186020E5	2.038760E3	5.957370E1	5.546793E1
2.511200E1	5.022400E4	-2.854901E1	4.986381E0	2.898120E1	1.186101E5	2.047261E3	5.848284E1	5.942126E1
2.511600E1	5.023200E4	-2.892055E1	8.360673E-1	2.893263E1	1.186183E5	2.030714E3	5.811130E1	6.357158E1
2.512000E1	5.024000E4	-2.878085E1	-3.196933E0	2.895786E1	1.186263E5	2.024633E3	5.825100E1	6.760458E1
2.512400E1	5.024800E4	-2.796849E1	-7.254580E0	2.889404E1	1.186345E5	2.047251E3	5.906335E1	7.166222E1
2.512800E1	5.025600E4	-2.655380E1	-1.111660E1	2.878686E1	1.186427E5	2.052195E3	6.047805E1	7.552424E1
2.513200E1	5.026400E4	-2.472130E1	-1.482982E1	2.882822E1	1.186510E5	2.037225E3	6.231055E1	7.923746E1
2.513600E1	5.027200E4	-2.246365E1	-1.819989E1	2.891110E1	1.186590E5	2.017709E3	6.456820E1	8.260754E1
2.514000E1	5.028000E4	-1.965094E1	-2.114722E1	2.886805E1	1.186671E5	2.021348E3	6.738090E1	8.555486E1
2.514400E1	5.028800E4	-1.639006E1	-2.356898E1	2.870768E1	1.186752E5	2.029519E3	7.064179E1	8.797663E1
2.514800E1	5.029600E4	-1.291548E1	-2.572042E1	2.878106E1	1.186833E5	2.072296E3	7.411637E1	9.012806E1
2.515200E1	5.030400E4	-8.966626E0	-2.721339E1	2.865256E1	1.186918E5	2.081560E3	7.806522E1	9.162104E1
2.515600E1	5.031200E4	-4.933652E0	-2.794879E1	2.838090E1	1.187000E5	2.044243E3	8.209820E1	9.235643E1
2.516000E1	5.032000E4	-9.277330E-1	-2.822261E1	2.823785E1	1.187081E5	2.036879E3	8.610411E1	9.263025E1
2.516400E1	5.032800E4	3.059179E0	-2.778063E1	2.794856E1	1.187163E5	2.065013E3	9.009103E1	9.218828E1
2.516800E1	5.033600E4	7.071860E0	-2.707690E1	2.798517E1	1.187246E5	2.056625E3	9.410371E1	9.148454E1
2.517200E1	5.034400E4	1.069677E1	-2.552509E1	2.767582E1	1.187327E5	2.094761E3	9.772862E1	8.993273E1
2.517600E1	5.035200E4	1.441661E1	-2.362243E1	2.767413E1	1.187414E5	2.100355E3	1.014485E2	8.803007E1
2.518000E1	5.036000E4	1.744437E1	-2.113172E1	2.740175E1	1.187495E5	2.087894E3	1.044762E2	8.553937E1
2.518400E1	5.036800E4	2.007543E1	-1.801354E1	2.697241E1	1.187581E5	2.141114E3	1.071073E2	8.242118E1
2.518800E1	5.037600E4	2.234872E1	-1.469779E1	2.674865E1	1.187667E5	2.139221E3	1.093806E2	7.910544E1
2.519200E1	5.038400E4	2.413691E1	-1.114650E1	2.658637E1	1.187752E5	2.195668E3	1.111688E2	7.555414E1
2.519600E1	5.039200E4	2.539630E1	-7.170088E0	2.638905E1	1.187842E5	2.222755E3	1.124281E2	7.157773E1
2.520000E1	5.040000E4	2.606608E1	-3.203094E0	2.626215E1	1.187930E5	2.208435E3	1.130979E2	6.761074E1
2.520400E1	5.040800E4	2.624787E1	8.714737E-1	2.626233E1	1.188019E5	2.202617E3	1.132797E2	6.353617E1
2.520800E1	5.041600E4	2.579497E1	4.834550E0	2.624412E1	1.188106E5	2.178818E3	1.128268E2	5.957309E1
2.521200E1	5.042400E4	2.489753E1	8.734683E0	2.638525E1	1.188193E5	2.184268E3	1.119294E2	5.567296E1
2.521600E1	5.043200E4	2.343903E1	1.250975E1	2.656844E1	1.188281E5	2.153840E3	1.104709E2	5.189789E1
2.522000E1	5.044000E4	2.123767E1	1.575115E1	2.644121E1	1.188366E5	2.147167E3	1.082695E2	4.865649E1
2.522400E1	5.044800E4	1.876236E1	1.893793E1	2.665842E1	1.188453E5	2.135557E3	1.057942E2	4.546971E1
2.522800E1	5.045600E4	1.595684E1	2.168080E1	2.691984E1	1.188536E5	2.095893E3	1.029887E2	4.272684E1
2.523200E1	5.046400E4	1.274691E1	2.400778E1	2.718193E1	1.188620E5	2.064464E3	9.977876E1	4.039987E1
2.523600E1	5.047200E4	9.282631E0	2.573142E1	2.735458E1	1.188702E5	2.069964E3	9.631448E1	3.867622E1
2.524000E1	5.048000E4	5.452187E0	2.702446E1	2.756896E1	1.188786E5	2.077619E3	9.248403E1	3.738318E1
2.524400E1	5.048800E4	1.556729E0	2.770536E1	2.774906E1	1.188868E5	2.054308E3	8.858858E1	3.670229E1
2.524800E1	5.049600E4	-2.455476E0	2.790832E1	2.801613E1	1.188950E5	2.040386E3	8.457637E1	3.649933E1
2.525200E1	5.050400E4	-6.389995E0	2.744397E1	2.817807E1	1.189031E5	1.983067E3	8.064185E1	3.696367E1
2.525600E1	5.051200E4	-1.007612E1	2.639687E1	2.825461E1	1.189109E5	1.930517E3	7.695573E1	3.801078E1
2.526000E1	5.052000E4	-1.353389E1	2.487327E1	2.831688E1	1.189186E5	1.944329E3	7.349795E1	3.953438E1
2.526400E1	5.052800E4	-1.699101E1	2.300625E1	2.860039E1	1.189264E5	1.927775E3	7.004083E1	4.140139E1
2.526800E1	5.053600E4	-1.987223E1	2.059740E1	2.862095E1	1.189340E5	1.897242E3	6.715961E1	4.381024E1
2.527200E1	5.054400E4	-2.254415E1	1.785210E1	2.875650E1	1.189416E5	1.938175E3	6.448770E1	4.655554E1
2.527600E1	5.055200E4	-2.485612E1	1.465374E1	2.885410E1	1.189495E5	1.922101E3	6.217573E1	4.975390E1
2.528000E1	5.056000E4	-2.666042E1	1.131555E1	2.896238E1	1.189570E5	1.960822E3	6.037143E1	5.309210E1
2.528400E1	5.056800E4	-2.785836E1	7.378492E0	2.881893E1	1.189652E5	2.006835E3	5.917348E1	5.702915E1
2.528800E1	5.057600E4	-2.856882E1	3.479095E0	2.877988E1	1.189731E5	2.001753E3	5.846303E1	6.092855E1
2.529200E1	5.058400E4	-2.887696E1	-5.945161E-1	2.888308E1	1.189812E5	1.988457E3	5.815489E1	6.500216E1
2.529600E1	5.059200E4	-2.855689E1	-4.504779E0	2.891002E1	1.189890E5	1.972652E3	5.847495E1	6.891242E1
2.530000E1	5.060000E4	-2.772351E1	-8.455112E0	2.898416E1	1.189970E5	1.957838E3	5.930834E1	7.286275E1
2.530400E1	5.060800E4	-2.639398E1	-1.209921E1	2.903503E1	1.190046E5	1.893604E3	6.063787E1	7.650685E1
2.530800E1	5.061600E4	-2.461828E1	-1.544870E1	2.906410E1	1.190121E5	1.925502E3	6.241356E1	7.985634E1
2.531200E1	5.062400E4	-2.229209E1	-1.872592E1	2.911353E1	1.190200E5	1.968728E3	6.473976E1	8.313357E1
2.531600E1	5.063200E4	-1.948699E1	-2.153591E1	2.904372E1	1.190279E5	1.925076E3	6.754486E1	8.594355E1
2.532000E1	5.064000E4	-1.648517E1	-2.392495E1	2.905451E1	1.190354E5	1.883553E3	7.054667E1	8.833259E1
2.532400E1	5.064800E4	-1.315102E1	-2.573005E1	2.889611E1	1.190429E5	1.913875E3	7.388082E1	9.013769E1
2.532800E1	5.065600E4	-9.472606E0	-2.711432E1	2.872136E1	1.190507E5	1.924026E3	7.755924E1	9.152196E1
2.533200E1	5.066400E4	-5.777218E0	-2.794610E1	2.853701E1	1.190583E5	1.917975E3	8.125463E1	9.235374E1
2.533600E1	5.067200E4	-1.931868E0	-2.823978E1	2.830579E1	1.190661E5	1.960150E3	8.509998E1	9.264743E1
2.534000E1	5.068000E4	1.959498E0	-2.801417E1	2.808261E1	1.190740E5	2.010365E3	8.899135E1	9.242181E1
2.534400E1	5.068800E4	5.872018E0	-2.722945E1	2.785541E1	1.190822E5	1.987659E3	9.290386E1	9.163710E1
2.534800E1	5.069600E4	9.440085E0	-2.607452E1	2.773078E1	1.190899E5	1.979480E3	9.647193E1	9.048217E1
2.535200E1	5.070400E4	1.289142E1	-2.423985E1	2.745467E1	1.190980E5	2.003045E3	9.992327E1	8.864749E1
2.535600E1	5.071200E4	1.601316E1	-2.209957E1	2.729126E1	1.191059E5	2.021579E3	1.030450E2	8.650722E1
2.536000E1	5.072000E4	1.894706E1	-1.949872E1	2.718807E1	1.191142E5	2.009738E3	1.059789E2	8.390636E1
2.536400E1	5.072800E4	2.128523E1	-1.662705E1	2.700963E1	1.191220E5	1.964776E3	1.083171E2	8.103470E1
2.536800E1	5.073600E4	2.324366E1	-1.347598E1	2.686764E1	1.191299E5	1.989078E3	1.102755E2	7.788363E1
2.537200E1	5.074400E4	2.469930E1	-1.002066E1	2.665463E1	1.191379E5	2.098544E3	1.117312E2	7.442831E1
2.537600E1	5.075200E4	2.579726E1	-6.105595E0	2.650994E1	1.191467E5	2.148776E3	1.128291E2	7.051324E1
2.538000E1	5.076000E4	2.635153E1	-2.255649E0	2.644789E1	1.191551E5	2.101117E3	1.133834E2	6.666329E1
2.538400E1	5.076800E4	2.623929E1	1.601836E0	2.628814E1	1.191635E5	2.102769E3	1.132711E2	6.280581E1
2.538800E1	5.077600E4	2.579018E1	5.448784E0	2.635949E1	1.191719E5	2.055523E3	1.128220E2	5.895886E1
2.539200E1	5.078400E4	2.477345E1	8.986256E0	2.635293E1	1.191799E5	2.035866E3	1.118053E2	5.542139E1
2.539600E1	5.079200E4	2.339684E1	1.255399E1	2.655211E1	1.191882E5	2.037701E3	1.104287E2	5.185365E1
2.540000E1	5.080000E4	2.126725E1	1.558764E1	2.636798E1	1.191962E5	2.079114E3	1.082991E2	4.882001E1
2.540400E1	5.080800E4	1.888817E1	1.878920E1	2.664202E1	1.192048E5	2.079362E3	1.059200E2	4.561844E1
2.540800E1	5.081600E4	1.620032E1	2.140055E1	2.684090E1	1.192129E5	1.980665E3	1.032322E2	4.300709E1
2.541200E1	5.082400E4	1.314879E1	2.342590E1	2.686379E1	1.192207E5	1.971479E3	1.001806E2	4.098175E1
2.541600E1	5.083200E4	9.812705E0	2.509828E1	2.694833E1	1.192286E5	1.958962E3	9.684455E1	3.930937E1
2.542000E1	5.084000E4	6.416480E0	2.645488E1	2.722190E1	1.192364E5	1.964807E3	9.344833E1	3.795276E1
2.542400E1	5.084800E4	2.689746E0	2.725768E1	2.739007E1	1.192444E5	1.933905E3	8.972159E1	3.714996E1
2.542800E1	5.085600E4	-8.841129E-1	2.755473E1	2.756891E1	1.192518E5	1.895530E3	8.614773E1	3.685291E1
2.543200E1	5.086400E4	-4.579091E0	2.727983E1	2.766148E1	1.192595E5	1.906052E3	8.245276E1	3.712781E1
2.543600E1	5.087200E4	-8.227599E0	2.676723E1	2.800318E1	1.192671E5	1.852629E3	7.880425E1	3.764041E1
2.544000E1	5.088000E4	-1.163402E1	2.570708E1	2.821709E1	1.192743E5	1.839404E3	7.539782E1	3.870057E1
2.544400E1	5.088800E4	-1.502190E1	2.422653E1	2.850583E1	1.192818E5	1.859324E3	7.200995E1	4.018111E1
2.544800E1	5.089600E4	-1.802959E1	2.208736E1	2.851171E1	1.192892E5	1.840694E3	6.900226E1	4.232028E1
2.545200E1	5.090400E4	-2.074080E1	1.966375E1	2.858048E1	1.192965E5	1.836776E3	6.629105E1	4.474389E1
2.545600E1	5.091200E4	-2.324855E1	1.694166E1	2.876656E1	1.193039E5	1.829017E3	6.378330E1	4.746598E1
2.546000E1	5.092000E4	-2.508219E1	1.381239E1	2.863387E1	1.193112E5	1.861474E3	6.194965E1	5.059525E1
2.546400E1	5.092800E4	-2.675992E1	1.037398E1	2.870039E1	1.193188E5	1.906578E3	6.027193E1	5.403366E1
2.546800E1	5.093600E4	-2.797671E1	6.762229E0	2.878236E1	1.193264E5	1.846105E3	5.905513E1	5.764541E1
2.547200E1	5.094400E4	-2.855417E1	3.213416E0	2.873441E1	1.193336E5	1.832210E3	5.847768E1	6.119423E1
2.547600E1	5.095200E4	-2.879644E1	-5.375300E-1	2.880146E1	1.193411E5	1.898822E3	5.823540E1	6.494517E1
2.548000E1	5.096000E4	-2.860814E1	-4.413264E0	2.894655E1	1.193488E5	1.858826E3	5.842371E1	6.882091E1
2.548400E1	5.096800E4	-2.777211E1	-7.932060E0	2.888265E1	1.193559E5	1.824250E3	5.925974E1	7.233970E1
2.548800E1	5.097600E4	-2.648527E1	-1.144126E1	2.885086E1	1.193634E5	1.879163E3	6.054657E1	7.584891E1
2.549200E1	5.098400E4	-2.491412E1	-1.495412E1	2.905751E1	1.193710E5	1.859808E3	6.211773E1	7.936176E1
2.549600E1	5.099200E4	-2.271062E1	-1.789855E1	2.891591E1	1.193782E5	1.825909E3	6.432123E1	8.230619E1
2.550000E1	5.100000E4	-2.023966E1	-2.065405E1	2.891770E1	1.193856E5	1.869574E3	6.679219E1	8.506169E1
2.550400E1	5.100800E4	-1.729452E1	-2.311699E1	2.887032E1	1.193932E5	1.863831E3	6.973733E1	8.752463E1
2.550800E1	5.101600E4	-1.414286E1	-2.498849E1	2.871315E1	1.194005E5	1.833609E3	7.288899E1	8.939613E1
2.551200E1	5.102400E4	-1.078624E1	-2.652028E1	2.862985E1	1.194079E5	1.835982E3	7.624560E1	9.092792E1
2.551600E1	5.103200E4	-7.329087E0	-2.769853E1	2.865178E1	1.194152E5	1.795985E3	7.970276E1	9.210618E1
2.552000E1	5.104000E4	-3.854115E0	-2.826589E1	2.852744E1	1.194222E5	1.810375E3	8.317773E1	9.267353E1
2.552400E1	5.104800E4	-1.663254E-1	-2.820109E1	2.820158E1	1.194297E5	1.860575E3	8.686552E1	9.260873E1
2.552800E1	5.105600E4	3.478583E0	-2.784817E1	2.806459E1	1.194371E5	1.859410E3	9.051043E1	9.225582E1
2.553200E1	5.106400E4	7.000747E0	-2.699723E1	2.789016E1	1.194445E5	1.859285E3	9.403259E1	9.140488E1
2.553600E1	5.107200E4	1.039049E1	-2.572466E1	2.774384E1	1.194520E5	1.858004E3	9.742234E1	9.013230E1
2.554000E1	5.108000E4	1.351381E1	-2.398178E1	2.752724E1	1.194594E5	1.857413E3	1.005457E2	8.838942E1
2.554400E1	5.108800E4	1.635294E1	-2.181680E1	2.726520E1	1.194669E5	1.915798E3	1.033848E2	8.622444E1
2.554800E1	5.109600E4	1.904086E1	-1.922266E1	2.705670E1	1.194747E5	1.984438E3	1.060727E2	8.363030E1
2.555200E1	5.110400E4	2.134211E1	-1.624117E1	2.681905E1	1.194827E5	1.974030E3	1.083740E2	8.064882E1
2.555600E1	5.111200E4	2.317729E1	-1.310239E1	2.662442E1	1.194905E5	1.952428E3	1.102091E2	7.751004E1
2.556000E1	5.112000E4	2.470360E1	-9.806500E0	2.657885E1	1.194983E5	1.944206E3	1.117354E2	7.421414E1
2.556400E1	5.112800E4	2.581084E1	-6.400128E0	2.659251E1	1.195061E5	1.981245E3	1.128427E2	7.080777E1
2.556800E1	5.113600E4	2.638870E1	-2.681144E0	2.652455E1	1.195142E5	1.995074E3	1.134205E2	6.708879E1
2.557200E1	5.114400E4	2.635041E1	9.359532E-1	2.636702E1	1.195220E5	1.949793E3	1.133823E2	6.347169E1
2.557600E1	5.115200E4	2.582769E1	4.459770E0	2.620990E1	1.195298E5	1.918441E3	1.128595E2	5.994787E1
2.558000E1	5.116000E4	2.516025E1	7.875961E0	2.636416E1	1.195374E5	1.975489E3	1.121921E2	5.653168E1
2.558400E1	5.116800E4	2.376122E1	1.138488E1	2.634788E1	1.195456E5	1.941250E3	1.107931E2	5.302277E1
2.558800E1	5.117600E4	2.222404E1	1.438386E1	2.647269E1	1.195529E5	1.888465E3	1.092559E2	5.002378E1
2.559200E1	5.118400E4	2.003766E1	1.724030E1	2.643361E1	1.195607E5	1.970562E3	1.070695E2	4.716735E1
2.559600E1	5.119200E4	1.753541E1	1.994348E1	2.655623E1	1.195687E5	1.977183E3	1.045673E2	4.446416E1
2.560000E1	5.120000E4	1.474994E1	2.230670E1	2.674229E1	1.195765E5	1.893252E3	1.017818E2	4.210094E1
2.560400E1	5.120800E4	1.188783E1	2.418303E1	2.694697E1	1.195838E5	1.809124E3	9.891968E1	4.022462E1
2.560800E1	5.121600E4	8.865648E0	2.574623E1	2.722991E1	1.195910E5	1.861603E3	9.589750E1	3.866142E1
2.561200E1	5.122400E4	5.350604E0	2.681399E1	2.734262E1	1.195987E5	1.904879E3	9.238245E1	3.759365E1
2.561600E1	5.123200E4	1.818639E0	2.765838E1	2.771811E1	1.196062E5	1.816578E3	8.885049E1	3.674926E1
2.562000E1	5.124000E4	-1.582416E0	2.788660E1	2.793146E1	1.196132E5	1.763099E3	8.544943E1	3.652105E1
2.562400E1	5.124800E4	-5.047335E0	2.765622E1	2.811303E1	1.196203E5	1.800929E3	8.198451E1	3.675142E1
2.562800E1	5.125600E4	-8.596936E0	2.701070E1	2.834581E1	1.196277E5	1.774670E3	7.843491E1	3.739695E1
2.563200E1	5.126400E4	-1.181115E1	2.586914E1	2.843793E1	1.196345E5	1.743668E3	7.522069E1	3.853850E1
2.563600E1	5.127200E4	-1.496950E1	2.432827E1	2.856485E1	1.196416E5	1.773943E3	7.206235E1	4.007938E1
2.564000E1	5.128000E4	-1.783739E1	2.223946E1	2.850905E1	1.196487E5	1.774244E3	6.919446E1	4.216818E1
2.564400E1	5.128800E4	-2.054593E1	1.998111E1	2.865973E1	1.196558E5	1.761408E3	6.648592E1	4.442653E1
2.564800E1	5.129600E4	-2.283980E1	1.732192E1	2.866540E1	1.196628E5	1.763078E3	6.419205E1	4.708573E1
2.565200E1	5.130400E4	-2.481557E1	1.438329E1	2.868260E1	1.196699E5	1.757892E3	6.221628E1	5.002435E1
2.565600E1	5.131200E4	-2.641386E1	1.127403E1	2.871925E1	1.196769E5	1.761721E3	6.061799E1	5.313361E1
2.566000E1	5.132000E4	-2.771508E1	7.948811E0	2.883244E1	1.196840E5	1.742207E3	5.931677E1	5.645883E1
2.566400E1	5.132800E4	-2.854697E1	4.611446E0	2.891703E1	1.196908E5	1.719066E3	5.848488E1	5.979620E1
2.566800E1	5.133600E4	-2.888101E1	1.135042E0	2.890331E1	1.196977E5	1.732614E3	5.815083E1	6.327260E1
2.567200E1	5.134400E4	-2.883890E1	-2.363227E0	2.893556E1	1.197047E5	1.743814E3	5.819295E1	6.677087E1
2.567600E1	5.135200E4	-2.831324E1	-5.863345E0	2.891398E1	1.197117E5	1.779632E3	5.871861E1	7.027099E1
2.568000E1	5.136000E4	-2.723140E1	-9.334934E0	2.878697E1	1.197189E5	1.758768E3	5.980045E1	7.374258E1
2.568400E1	5.136800E4	-2.581063E1	-1.246071E1	2.866109E1	1.197258E5	1.783212E3	6.122122E1	7.686835E1
2.568800E1	5.137600E4	-2.406038E1	-1.573714E1	2.874995E1	1.197332E5	1.797368E3	6.297147E1	8.014478E1
2.569200E1	5.138400E4	-2.207861E1	-1.862421E1	2.888471E1	1.197401E5	1.737628E3	6.495324E1	8.303186E1
2.569600E1	5.139200E4	-1.969039E1	-2.118083E1	2.891953E1	1.197471E5	1.693706E3	6.734145E1	8.558847E1
2.570000E1	5.140000E4	-1.706264E1	-2.322683E1	2.882046E1	1.197537E5	1.727215E3	6.996921E1	8.763447E1
2.570400E1	5.140800E4	-1.391609E1	-2.500862E1	2.861973E1	1.197609E5	1.737711E3	7.311576E1	8.941627E1
2.570800E1	5.141600E4	-1.086617E1	-2.636376E1	2.851529E1	1.197676E5	1.716143E3	7.616567E1	9.077140E1
2.571200E1	5.142400E4	-7.495988E0	-2.727969E1	2.829084E1	1.197746E5	1.724454E3	7.953586E1	9.168734E1
2.571600E1	5.143200E4	-4.212749E0	-2.784225E1	2.815916E1	1.197814E5	1.758141E3	8.281910E1	9.224990E1
2.572000E1	5.144000E4	-6.376428E-1	-2.810822E1	2.811545E1	1.197887E5	1.767342E3	8.639420E1	9.251586E1
2.572400E1	5.144800E4	2.697287E0	-2.783564E1	2.796602E1	1.197955E5	1.777627E3	8.972913E1	9.224329E1
2.572800E1	5.145600E4	6.254153E0	-2.726012E1	2.796835E1	1.198029E5	1.768300E3	9.328600E1	9.166776E1
2.573200E1	5.146400E4	9.325559E0	-2.607236E1	2.768996E1	1.198097E5	1.726735E3	9.635741E1	9.048000E1
2.573600E1	5.147200E4	1.236906E1	-2.455538E1	2.749473E1	1.198167E5	1.766261E3	9.940091E1	8.896302E1
2.574000E1	5.148000E4	1.526421E1	-2.279177E1	2.743102E1	1.198238E5	1.778362E3	1.022961E2	8.719941E1
2.574400E1	5.148800E4	1.784003E1	-2.054993E1	2.721335E1	1.198310E5	1.800529E3	1.048719E2	8.495758E1
2.574800E1	5.149600E4	2.016763E1	-1.802217E1	2.704685E1	1.198382E5	1.853092E3	1.071995E2	8.242982E1
2.575200E1	5.150400E4	2.222349E1	-1.511045E1	2.687395E1	1.198458E5	1.867687E3	1.092553E2	7.951809E1
2.575600E1	5.151200E4	2.383967E1	-1.206479E1	2.671870E1	1.198532E5	1.878652E3	1.108715E2	7.647243E1
2.576000E1	5.152000E4	2.517043E1	-8.757290E0	2.665034E1	1.198608E5	1.875125E3	1.122023E2	7.316493E1
2.576400E1	5.152800E4	2.595831E1	-5.442872E0	2.652280E1	1.198682E5	1.802034E3	1.129902E2	6.985052E1
2.576800E1	5.153600E4	2.629265E1	-2.192848E0	2.638393E1	1.198752E5	1.844694E3	1.133245E2	6.660049E1
2.577200E1	5.154400E4	2.634856E1	1.341895E0	2.638271E1	1.198829E5	1.872895E3	1.133804E2	6.306575E1
2.577600E1	5.155200E4	2.571232E1	4.633619E0	2.612650E1	1.198902E5	1.872832E3	1.127442E2	5.977402E1
2.578000E1	5.156000E4	2.509586E1	8.104838E0	2.637215E1	1.198979E5	1.896415E3	1.121277E2	5.630281E1
2.578400E1	5.156800E4	2.383341E1	1.131029E1	2.638094E1	1.199054E5	1.818426E3	1.108653E2	5.309736E1
2.578800E1	5.157600E4	2.234846E1	1.420769E1	2.648230E1	1.199124E5	1.819560E3	1.093803E2	5.019995E1
2.579200E1	5.158400E4	2.027625E1	1.697971E1	2.644687E1	1.199199E5	1.856705E3	1.073081E2	4.742793E1
2.579600E1	5.159200E4	1.801440E1	1.952146E1	2.656324E1	1.199273E5	1.811745E3	1.050462E2	4.488619E1
2.580000E1	5.160000E4	1.555732E1	2.176023E1	2.674954E1	1.199344E5	1.800632E3	1.025892E2	4.264742E1
2.580400E1	5.160800E4	1.275316E1	2.368940E1	2.690410E1	1.199417E5	1.816052E3	9.978501E1	4.071825E1
2.580800E1	5.161600E4	9.756027E0	2.537006E1	2.718124E1	1.199490E5	1.717428E3	9.678787E1	3.903758E1
2.581200E1	5.162400E4	6.882351E0	2.650454E1	2.738353E1	1.199554E5	1.662215E3	9.391420E1	3.790310E1
2.581600E1	5.163200E4	3.689609E0	2.715874E1	2.740821E1	1.199623E5	1.692013E3	9.072146E1	3.724891E1
2.582000E1	5.164000E4	4.904875E-1	2.754268E1	2.754705E1	1.199690E5	1.765429E3	8.752233E1	3.686497E1
2.582400E1	5.164800E4	-3.079133E0	2.750759E1	2.767939E1	1.199764E5	1.706602E3	8.395271E1	3.690005E1
2.582800E1	5.165600E4	-6.061401E0	2.704490E1	2.771582E1	1.199826E5	1.630290E3	8.097045E1	3.736275E1
2.583200E1	5.166400E4	-9.301636E0	2.637040E1	2.796281E1	1.199894E5	1.656018E3	7.773021E1	3.803724E1
2.583600E1	5.167200E4	-1.229636E1	2.534504E1	2.817040E1	1.199959E5	1.603259E3	7.473549E1	3.906260E1
2.584000E1	5.168000E4	-1.503274E1	2.382052E1	2.816737E1	1.200023E5	1.645181E3	7.199910E1	4.058712E1
2.584400E1	5.168800E4	-1.787763E1	2.204383E1	2.838204E1	1.200090E5	1.682420E3	6.915422E1	4.236381E1
2.584800E1	5.169600E4	-2.044439E1	1.994059E1	2.855872E1	1.200157E5	1.672874E3	6.658746E1	4.446705E1
2.585200E1	5.170400E4	-2.275634E1	1.750882E1	2.871254E1	1.200224E5	1.693482E3	6.427551E1	4.689882E1
2.585600E1	5.171200E4	-2.463408E1	1.464842E1	2.866032E1	1.200293E5	1.635164E3	6.239777E1	4.975922E1
2.586000E1	5.172000E4	-2.621740E1	1.194438E1	2.881008E1	1.200355E5	1.585483E3	6.081444E1	5.246326E1
2.586400E1	5.172800E4	-2.744808E1	8.946799E0	2.886940E1	1.200419E5	1.633807E3	5.958377E1	5.546084E1
2.586800E1	5.173600E4	-2.835351E1	5.728952E0	2.892651E1	1.200486E5	1.623107E3	5.867833E1	5.867869E1
2.587200E1	5.174400E4	-2.880690E1	2.555091E0	2.891999E1	1.200549E5	1.680850E3	5.822495E1	6.185255E1
2.587600E1	5.175200E4	-2.888678E1	-1.020729E0	2.890481E1	1.200620E5	1.692965E3	5.814507E1	6.542837E1
2.588000E1	5.176000E4	-2.861316E1	-4.263505E0	2.892906E1	1.200685E5	1.609866E3	5.841869E1	6.867115E1
2.588400E1	5.176800E4	-2.792647E1	-7.432047E0	2.889849E1	1.200749E5	1.626288E3	5.910538E1	7.183969E1
2.588800E1	5.177600E4	-2.679862E1	-1.054832E1	2.879988E1	1.200815E5	1.672785E3	6.023323E1	7.495596E1
2.589200E1	5.178400E4	-2.545843E1	-1.369932E1	2.891026E1	1.200883E5	1.690965E3	6.157342E1	7.810696E1
2.589600E1	5.179200E4	-2.374636E1	-1.663543E1	2.899357E1	1.200950E5	1.665284E3	6.328549E1	8.104307E1
2.590000E1	5.180000E4	-2.167024E1	-1.924462E1	2.898197E1	1.201016E5	1.625215E3	6.536161E1	8.365226E1
2.590400E1	5.180800E4	-1.930097E1	-2.144700E1	2.885310E1	1.201080E5	1.687874E3	6.773087E1	8.585465E1
2.590800E1	5.181600E4	-1.648810E1	-2.364411E1	2.882536E1	1.201151E5	1.663929E3	7.054374E1	8.805175E1
2.591200E1	5.182400E4	-1.387222E1	-2.536563E1	2.891113E1	1.201213E5	1.581028E3	7.315963E1	8.977328E1
2.591600E1	5.183200E4	-1.083524E1	-2.649597E1	2.862584E1	1.201278E5	1.629493E3	7.619660E1	9.090361E1
2.592000E1	5.184000E4	-7.722423E0	-2.758820E1	2.864864E1	1.201344E5	1.640244E3	7.930942E1	9.199584E1
2.592400E1	5.184800E4	-4.532499E0	-2.823539E1	2.859686E1	1.201409E5	1.633997E3	8.249935E1	9.264303E1
2.592800E1	5.185600E4	-1.263103E0	-2.818591E1	2.821420E1	1.201474E5	1.667268E3	8.576874E1	9.259355E1
2.593200E1	5.186400E4	2.066829E0	-2.802089E1	2.809701E1	1.201542E5	1.663733E3	8.909868E1	9.242853E1
2.593600E1	5.187200E4	5.220307E0	-2.751194E1	2.800283E1	1.201607E5	1.629312E3	9.225215E1	9.191959E1
2.594000E1	5.188000E4	8.279274E0	-2.665868E1	2.791472E1	1.201673E5	1.634205E3	9.531112E1	9.106632E1
2.594400E1	5.188800E4	1.122462E1	-2.542845E1	2.779565E1	1.201738E5	1.689077E3	9.825647E1	8.983609E1
2.594800E1	5.189600E4	1.402393E1	-2.355750E1	2.741581E1	1.201808E5	1.699963E3	1.010558E2	8.796514E1
2.595200E1	5.190400E4	1.663919E1	-2.174953E1	2.738439E1	1.201874E5	1.674928E3	1.036710E2	8.615717E1
2.595600E1	5.191200E4	1.886204E1	-1.941996E1	2.707234E1	1.201942E5	1.744787E3	1.058939E2	8.382760E1
2.596000E1	5.192000E4	2.106787E1	-1.683295E1	2.696671E1	1.202014E5	1.759698E3	1.080997E2	8.124059E1
2.596400E1	5.192800E4	2.284553E1	-1.414131E1	2.686810E1	1.202082E5	1.749956E3	1.098774E2	7.854895E1
2.596800E1	5.193600E4	2.426884E1	-1.112382E1	2.669674E1	1.202154E5	1.778864E3	1.113007E2	7.553146E1
2.597200E1	5.194400E4	2.529032E1	-7.986847E0	2.652150E1	1.202225E5	1.693553E3	1.123222E2	7.239449E1
2.597600E1	5.195200E4	2.592737E1	-5.075616E0	2.641950E1	1.202289E5	1.715025E3	1.129592E2	6.948326E1
2.598000E1	5.196000E4	2.634321E1	-1.752601E0	2.640144E1	1.202362E5	1.772888E3	1.133751E2	6.616024E1
2.598400E1	5.196800E4	2.627723E1	1.426247E0	2.631591E1	1.202431E5	1.700804E3	1.133091E2	6.298140E1
2.598800E1	5.197600E4	2.585718E1	4.466395E0	2.624009E1	1.202498E5	1.696835E3	1.128890E2	5.994125E1
2.599200E1	5.198400E4	2.519437E1	7.549791E0	2.630125E1	1.202567E5	1.721990E3	1.122262E2	5.685785E1
2.599600E1	5.199200E4	2.406133E1	1.050019E1	2.625265E1	1.202636E5	1.698428E3	1.110932E2	5.390746E1
2.600000E1	5.200000E4	2.270101E1	1.324887E1	2.628437E1	1.202703E5	1.704880E3	1.097329E2	5.115877E1
2.600400E1	5.200800E4	2.103505E1	1.597523E1	2.641366E1	1.202772E5	1.763811E3	1.080669E2	4.843241E1
2.600800E1	5.201600E4	1.897987E1	1.857309E1	2.655551E1	1.202844E5	1.769785E3	1.060117E2	4.583455E1
2.601200E1	5.202400E4	1.673193E1	2.093979E1	2.680359E1	1.202914E5	1.702601E3	1.037638E2	4.346785E1
2.601600E1	5.203200E4	1.430454E1	2.289221E1	2.699395E1	1.202980E5	1.684318E3	1.013364E2	4.151543E1
2.602000E1	5.204000E4	1.151813E1	2.453055E1	2.710010E1	1.203048E5	1.682549E3	9.854998E1	3.987709E1
2.602400E1	5.204800E4	8.616542E0	2.569337E1	2.709970E1	1.203115E5	1.688246E3	9.564839E1	3.871427E1
2.602800E1	5.205600E4	5.520262E0	2.678328E1	2.734625E1	1.203184E5	1.686831E3	9.255211E1	3.762437E1
2.603200E1	5.206400E4	2.428855E0	2.751430E1	2.762130E1	1.203250E5	1.619802E3	8.946070E1	3.689334E1
2.603600E1	5.207200E4	-6.343032E-1	2.768817E1	2.769544E1	1.203313E5	1.551996E3	8.639754E1	3.671947E1
2.604000E1	5.208000E4	-3.589360E0	2.774573E1	2.797694E1	1.203374E5	1.542574E3	8.344249E1	3.666191E1
2.604400E1	5.208800E4	-6.672032E0	2.746780E1	2.826652E1	1.203437E5	1.572982E3	8.035982E1	3.693984E1
2.604800E1	5.209600E4	-9.631988E0	2.652840E1	2.822289E1	1.203500E5	1.563330E3	7.739986E1	3.787924E1
2.605200E1	5.210400E4	-1.245181E1	2.535055E1	2.824355E1	1.203562E5	1.542808E3	7.458004E1	3.905709E1
2.605600E1	5.211200E4	-1.520361E1	2.405204E1	2.845436E1	1.203623E5	1.500574E3	7.182824E1	4.035560E1
2.606000E1	5.212000E4	-1.756868E1	2.235456E1	2.843211E1	1.203682E5	1.530883E3	6.946317E1	4.205308E1
2.606400E1	5.212800E4	-2.001868E1	2.033947E1	2.853842E1	1.203745E5	1.554384E3	6.701317E1	4.406817E1
2.606800E1	5.213600E4	-2.205586E1	1.811738E1	2.854296E1	1.203806E5	1.512218E3	6.497599E1	4.629026E1
2.607200E1	5.214400E4	-2.384940E1	1.570052E1	2.855346E1	1.203866E5	1.491818E3	6.318245E1	4.870712E1
2.607600E1	5.215200E4	-2.553187E1	1.327193E1	2.877535E1	1.203925E5	1.528416E3	6.149997E1	5.113572E1
2.608000E1	5.216000E4	-2.681559E1	1.036360E1	2.874857E1	1.203989E5	1.601354E3	6.021626E1	5.404404E1
2.608400E1	5.216800E4	-2.782877E1	7.277589E0	2.876463E1	1.204053E5	1.598661E3	5.920307E1	5.713005E1
2.608800E1	5.217600E4	-2.852397E1	4.182082E0	2.882892E1	1.204117E5	1.539872E3	5.850788E1	6.022556E1
2.609200E1	5.218400E4	-2.884984E1	1.177094E0	2.887384E1	1.204177E5	1.523583E3	5.818201E1	6.323055E1
2.609600E1	5.219200E4	-2.882956E1	-1.938909E0	2.889468E1	1.204238E5	1.508386E3	5.820229E1	6.634655E1
2.610000E1	5.220000E4	-2.844994E1	-4.878715E0	2.886522E1	1.204297E5	1.546372E3	5.858191E1	6.928636E1
2.610400E1	5.220800E4	-2.779138E1	-8.083909E0	2.894323E1	1.204362E5	1.568516E3	5.924046E1	7.249155E1
2.610800E1	5.221600E4	-2.668379E1	-1.093229E1	2.883643E1	1.204423E5	1.503110E3	6.034806E1	7.533993E1
2.611200E1	5.222400E4	-2.547672E1	-1.368538E1	2.891976E1	1.204482E5	1.546187E3	6.155513E1	7.809302E1
2.611600E1	5.223200E4	-2.386384E1	-1.649227E1	2.900824E1	1.204546E5	1.583645E3	6.316800E1	8.089991E1
2.612000E1	5.224000E4	-2.194191E1	-1.901513E1	2.903485E1	1.204609E5	1.511124E3	6.508994E1	8.342277E1
2.612400E1	5.224800E4	-1.981733E1	-2.105708E1	2.891586E1	1.204667E5	1.494531E3	6.721452E1	8.546472E1
2.612800E1	5.225600E4	-1.740548E1	-2.298819E1	2.883414E1	1.204729E5	1.509682E3	6.962636E1	8.739583E1
2.613200E1	5.226400E4	-1.490659E1	-2.462801E1	2.878794E1	1.204788E5	1.535878E3	7.212526E1	8.903565E1
2.613600E1	5.227200E4	-1.207972E1	-2.609012E1	2.875090E1	1.204852E5	1.567545E3	7.495213E1	9.049776E1
2.614000E1	5.228000E4	-9.116532E0	-2.701917E1	2.851573E1	1.204914E5	1.566384E3	7.791532E1	9.142682E1
2.614400E1	5.228800E4	-6.065561E0	-2.778874E1	2.844302E1	1.204977E5	1.560654E3	8.096629E1	9.219639E1
2.614800E1	5.229600E4	-3.044151E0	-2.820682E1	2.837061E1	1.205038E5	1.535357E3	8.398770E1	9.261447E1
2.615200E1	5.230400E4	-1.484263E-2	-2.815595E1	2.815595E1	1.205100E5	1.537039E3	8.701700E1	9.256359E1
2.615600E1	5.231200E4	2.999894E0	-2.790181E1	2.806262E1	1.205161E5	1.567830E3	9.003174E1	9.230946E1
2.616000E1	5.232000E4	6.060284E0	-2.730812E1	2.797249E1	1.205225E5	1.563400E3	9.309213E1	9.171576E1
2.616400E1	5.232800E4	8.854150E0	-2.624312E1	2.769652E1	1.205286E5	1.557769E3	9.588600E1	9.065077E1
2.616800E1	5.233600E4	1.164233E1	-2.499600E1	2.757433E1	1.205350E5	1.543865E3	9.867418E1	8.940364E1
2.617200E1	5.234400E4	1.408346E1	-2.344366E1	2.734865E1	1.205410E5	1.527172E3	1.011153E2	8.785130E1
2.617600E1	5.235200E4	1.653753E1	-2.179373E1	2.735794E1	1.205472E5	1.552136E3	1.035694E2	8.620138E1
2.618000E1	5.236000E4	1.865573E1	-1.971971E1	2.714597E1	1.205534E5	1.557335E3	1.056876E2	8.412736E1
2.618400E1	5.236800E4	2.049929E1	-1.741504E1	2.689804E1	1.205597E5	1.629537E3	1.075311E2	8.182268E1
2.618800E1	5.237600E4	2.219741E1	-1.472105E1	2.663521E1	1.205664E5	1.661000E3	1.092293E2	7.912869E1
2.619200E1	5.238400E4	2.361836E1	-1.206603E1	2.652200E1	1.205729E5	1.648548E3	1.106502E2	7.647368E1
2.619600E1	5.239200E4	2.474548E1	-9.184805E0	2.639506E1	1.205796E5	1.686915E3	1.117773E2	7.359245E1
2.620000E1	5.240000E4	2.562763E1	-6.183899E0	2.636316E1	1.205864E5	1.647375E3	1.126595E2	7.059154E1
2.620400E1	5.240800E4	2.599578E1	-3.276870E0	2.620149E1	1.205928E5	1.617171E3	1.130276E2	6.768451E1
2.620800E1	5.241600E4	2.621063E1	-2.876047E-1	2.621221E1	1.205994E5	1.659358E3	1.132425E2	6.469525E1
2.621200E1	5.242400E4	2.608935E1	2.783725E0	2.623744E1	1.206061E5	1.681051E3	1.131212E2	6.162392E1
2.621600E1	5.243200E4	2.561695E1	5.829310E0	2.627183E1	1.206128E5	1.643112E3	1.126488E2	5.857833E1
2.622000E1	5.244000E4	2.478297E1	8.647464E0	2.624832E1	1.206192E5	1.575788E3	1.118148E2	5.576018E1
2.622400E1	5.244800E4	2.385432E1	1.134015E1	2.641264E1	1.206254E5	1.568859E3	1.108862E2	5.306749E1
2.622800E1	5.245600E4	2.250485E1	1.394607E1	2.647567E1	1.206318E5	1.592639E3	1.095367E2	5.046157E1
2.623200E1	5.246400E4	2.086565E1	1.640029E1	2.653950E1	1.206382E5	1.584465E3	1.078975E2	4.800735E1
2.623600E1	5.247200E4	1.895199E1	1.859930E1	2.655394E1	1.206445E5	1.567714E3	1.059838E2	4.580834E1
2.624000E1	5.248000E4	1.698632E1	2.075979E1	2.682357E1	1.206507E5	1.551956E3	1.040182E2	4.364786E1
2.624400E1	5.248800E4	1.480322E1	2.268864E1	2.709076E1	1.206569E5	1.525888E3	1.018351E2	4.171901E1
2.624800E1	5.249600E4	1.240570E1	2.425953E1	2.724749E1	1.206629E5	1.552855E3	9.943754E1	4.014812E1
2.625200E1	5.250400E4	9.608186E0	2.542783E1	2.718256E1	1.206693E5	1.572799E3	9.664003E1	3.897982E1
2.625600E1	5.251200E4	6.819539E0	2.636608E1	2.723373E1	1.206755E5	1.502039E3	9.385139E1	3.804157E1
2.626000E1	5.252000E4	4.124218E0	2.700447E1	2.731758E1	1.206813E5	1.489336E3	9.115607E1	3.740318E1
2.626400E1	5.252800E4	1.244198E0	2.753773E1	2.756583E1	1.206874E5	1.484820E3	8.827604E1	3.686991E1
2.626800E1	5.253600E4	-1.539080E0	2.756954E1	2.761247E1	1.206932E5	1.467008E3	8.549277E1	3.683810E1
2.627200E1	5.254400E4	-4.443634E0	2.759107E1	2.794661E1	1.206991E5	1.489533E3	8.258821E1	3.681657E1
2.627600E1	5.255200E4	-7.356241E0	2.724169E1	2.821744E1	1.207051E5	1.477889E3	7.967561E1	3.716596E1
2.628000E1	5.256000E4	-1.014949E1	2.647869E1	2.835724E1	1.207110E5	1.422741E3	7.688236E1	3.792895E1
2.628400E1	5.256800E4	-1.262983E1	2.533880E1	2.831197E1	1.207165E5	1.395261E3	7.440201E1	3.906884E1
2.628800E1	5.257600E4	-1.510340E1	2.404489E1	2.839488E1	1.207221E5	1.418124E3	7.192844E1	4.036275E1
2.629200E1	5.258400E4	-1.744475E1	2.245852E1	2.843773E1	1.207278E5	1.450163E3	6.958710E1	4.194912E1
2.629600E1	5.259200E4	-1.972589E1	2.061629E1	2.853317E1	1.207337E5	1.416300E3	6.730596E1	4.379135E1
2.630000E1	5.260000E4	-2.174229E1	1.878810E1	2.873534E1	1.207392E5	1.390768E3	6.528956E1	4.561955E1
2.630400E1	5.260800E4	-2.357304E1	1.659092E1	2.882615E1	1.207449E5	1.407469E3	6.345881E1	4.781672E1
2.630800E1	5.261600E4	-2.506652E1	1.422323E1	2.882067E1	1.207504E5	1.418133E3	6.196533E1	5.018441E1
2.631200E1	5.262400E4	-2.640532E1	1.164238E1	2.885803E1	1.207562E5	1.440390E3	6.062653E1	5.276527E1
2.631600E1	5.263200E4	-2.759848E1	8.993019E0	2.902672E1	1.207620E5	1.473419E3	5.943336E1	5.541462E1
2.632000E1	5.264000E4	-2.829465E1	6.017218E0	2.892739E1	1.207680E5	1.454203E3	5.873720E1	5.839042E1
2.632400E1	5.264800E4	-2.863752E1	3.219639E0	2.881794E1	1.207736E5	1.440853E3	5.839432E1	6.118800E1
2.632800E1	5.265600E4	-2.882360E1	2.409750E-1	2.882461E1	1.207795E5	1.461500E3	5.820825E1	6.416667E1
2.633200E1	5.266400E4	-2.869351E1	-2.650365E0	2.881566E1	1.207853E5	1.455854E3	5.833834E1	6.705801E1
2.633600E1	5.267200E4	-2.831792E1	-5.590577E0	2.886450E1	1.207912E5	1.449912E3	5.871393E1	6.999822E1
2.634000E1	5.268000E4	-2.760289E1	-8.374101E0	2.884519E1	1.207969E5	1.360355E3	5.942896E1	7.278174E1
2.634400E1	5.268800E4	-2.675812E1	-1.083852E1	2.886989E1	1.208021E5	1.388932E3	6.027373E1	7.524616E1
2.634800E1	5.269600E4	-2.552055E1	-1.356271E1	2.890062E1	1.208080E5	1.460531E3	6.151129E1	7.797035E1
2.635200E1	5.270400E4	-2.408918E1	-1.608670E1	2.896671E1	1.208137E5	1.427466E3	6.294267E1	8.049435E1
2.635600E1	5.271200E4	-2.229241E1	-1.831628E1	2.885200E1	1.208194E5	1.423903E3	6.473943E1	8.272393E1
2.636000E1	5.272000E4	-2.026250E1	-2.035192E1	2.871880E1	1.208251E5	1.443731E3	6.676935E1	8.475956E1
2.636400E1	5.272800E4	-1.796287E1	-2.214881E1	2.851726E1	1.208310E5	1.420115E3	6.906898E1	8.655645E1
2.636800E1	5.273600E4	-1.578732E1	-2.384034E1	2.859372E1	1.208365E5	1.392860E3	7.124453E1	8.824798E1
2.637200E1	5.274400E4	-1.338768E1	-2.528551E1	2.861096E1	1.208421E5	1.400298E3	7.364416E1	8.969315E1
2.637600E1	5.275200E4	-1.081048E1	-2.634485E1	2.847661E1	1.208477E5	1.406083E3	7.622137E1	9.075249E1
2.638000E1	5.276000E4	-8.104190E0	-2.709720E1	2.828314E1	1.208533E5	1.454362E3	7.892766E1	9.150484E1
2.638400E1	5.276800E4	-5.238849E0	-2.779053E1	2.828002E1	1.208593E5	1.474090E3	8.179300E1	9.219818E1
2.638800E1	5.277600E4	-2.394086E0	-2.816798E1	2.826953E1	1.208651E5	1.393660E3	8.463776E1	9.257562E1
2.639200E1	5.278400E4	2.325841E-1	-2.813594E1	2.813690E1	1.208705E5	1.408873E3	8.726443E1	9.254359E1
2.639600E1	5.279200E4	3.120027E0	-2.775920E1	2.793399E1	1.208764E5	1.483943E3	9.015187E1	9.216684E1
2.640000E1	5.280000E4	5.967825E0	-2.726764E1	2.791306E1	1.208823E5	1.462793E3	9.299967E1	9.167528E1
2.640400E1	5.280800E4	8.630159E0	-2.638021E1	2.775600E1	1.208881E5	1.431803E3	9.566201E1	9.078786E1
2.640800E1	5.281600E4	1.107768E1	-2.511695E1	2.745134E1	1.208938E5	1.450071E3	9.810953E1	8.952459E1
2.641200E1	5.282400E4	1.358170E1	-2.379598E1	2.739911E1	1.208997E5	1.458531E3	1.006135E2	8.820362E1
2.641600E1	5.283200E4	1.582590E1	-2.221346E1	2.727448E1	1.209055E5	1.475787E3	1.028577E2	8.662111E1
2.642000E1	5.284000E4	1.800892E1	-2.033956E1	2.716650E1	1.209115E5	1.525875E3	1.050408E2	8.474720E1
2.642400E1	5.284800E4	1.994579E1	-1.816529E1	2.697800E1	1.209177E5	1.505236E3	1.069776E2	8.257293E1
2.642800E1	5.285600E4	2.165003E1	-1.598278E1	2.691046E1	1.209236E5	1.473151E3	1.086819E2	8.039043E1
2.643200E1	5.286400E4	2.303690E1	-1.359142E1	2.674744E1	1.209295E5	1.461181E3	1.100687E2	7.799906E1
2.643600E1	5.287200E4	2.420423E1	-1.115654E1	2.665170E1	1.209353E5	1.513346E3	1.112361E2	7.556418E1
2.644000E1	5.288000E4	2.503538E1	-8.344271E0	2.638933E1	1.209416E5	1.528539E3	1.120672E2	7.275191E1
2.644400E1	5.288800E4	2.580322E1	-5.729052E0	2.643157E1	1.209475E5	1.482013E3	1.128351E2	7.013670E1
2.644800E1	5.289600E4	2.627587E1	-3.029573E0	2.644995E1	1.209534E5	1.498859E3	1.133077E2	6.743722E1
2.645200E1	5.290400E4	2.629793E1	-2.420577E-1	2.629905E1	1.209595E5	1.546147E3	1.133298E2	6.464970E1
2.645600E1	5.291200E4	2.609686E1	2.647184E0	2.623078E1	1.209658E5	1.526979E3	1.131287E2	6.176046E1
2.646000E1	5.292000E4	2.575323E1	5.327836E0	2.629857E1	1.209717E5	1.470851E3	1.127851E2	5.907981E1
2.646400E1	5.292800E4	2.514426E1	7.956385E0	2.637306E1	1.209776E5	1.462207E3	1.121761E2	5.645126E1
2.646800E1	5.293600E4	2.423185E1	1.047909E1	2.640064E1	1.209834E5	1.454003E3	1.112637E2	5.392855E1
2.647200E1	5.294400E4	2.301599E1	1.285842E1	2.636427E1	1.209892E5	1.476135E3	1.100478E2	5.154923E1
2.647600E1	5.295200E4	2.165338E1	1.527207E1	2.649726E1	1.209952E5	1.486523E3	1.086852E2	4.913558E1
2.648000E1	5.296000E4	1.991412E1	1.736186E1	2.641981E1	1.210011E5	1.446928E3	1.069460E2	4.704579E1
2.648400E1	5.296800E4	1.815489E1	1.931314E1	2.650655E1	1.210068E5	1.427208E3	1.051867E2	4.509450E1
2.648800E1	5.297600E4	1.619559E1	2.110710E1	2.660464E1	1.210125E5	1.439057E3	1.032274E2	4.330054E1
2.649200E1	5.298400E4	1.407787E1	2.277896E1	2.677811E1	1.210183E5	1.449379E3	1.011097E2	4.162868E1
2.649600E1	5.299200E4	1.180189E1	2.430050E1	2.701479E1	1.210241E5	1.407577E3	9.883373E1	4.010714E1
2.650000E1	5.300000E4	9.460483E0	2.536216E1	2.706917E1	1.210295E5	1.386240E3	9.649233E1	3.904548E1
2.650400E1	5.300800E4	6.956219E0	2.630170E1	2.720604E1	1.210352E5	1.384039E3	9.398807E1	3.810594E1
2.650800E1	5.301600E4	4.460043E0	2.698774E1	2.735379E1	1.210406E5	1.432298E3	9.149189E1	3.741990E1
2.651200E1	5.302400E4	1.611581E0	2.748339E1	2.753060E1	1.210466E5	1.430621E3	8.864343E1	3.692425E1
2.651600E1	5.303200E4	-9.924180E-1	2.757757E1	2.759542E1	1.210521E5	1.315207E3	8.603943E1	3.683007E1
2.652000E1	5.304000E4	-3.487279E0	2.773792E1	2.795627E1	1.210572E5	1.313072E3	8.354457E1	3.666973E1
2.652400E1	5.304800E4	-6.129844E0	2.750099E1	2.817586E1	1.210626E5	1.318130E3	8.090200E1	3.690666E1
2.652800E1	5.305600E4	-8.549525E0	2.677176E1	2.810376E1	1.210677E5	1.295943E3	7.848232E1	3.763588E1
2.653200E1	5.306400E4	-1.104782E1	2.611177E1	2.835276E1	1.210729E5	1.319803E3	7.598402E1	3.829587E1
2.653600E1	5.307200E4	-1.344096E1	2.499472E1	2.837950E1	1.210783E5	1.320402E3	7.359088E1	3.941292E1
2.654000E1	5.308000E4	-1.579759E1	2.387089E1	2.862487E1	1.210835E5	1.306557E3	7.123426E1	4.053675E1
2.654400E1	5.308800E4	-1.790052E1	2.232618E1	2.861620E1	1.210887E5	1.298471E3	6.913133E1	4.208146E1
2.654800E1	5.309600E4	-1.984730E1	2.063587E1	2.863136E1	1.210939E5	1.285241E3	6.718455E1	4.377177E1
2.655200E1	5.310400E4	-2.168465E1	1.884778E1	2.873087E1	1.210990E5	1.294164E3	6.534720E1	4.555987E1
2.655600E1	5.311200E4	-2.331824E1	1.679453E1	2.873668E1	1.211042E5	1.278443E3	6.371360E1	4.761312E1
2.656000E1	5.312000E4	-2.471369E1	1.471411E1	2.876232E1	1.211092E5	1.264386E3	6.231816E1	4.969354E1
2.656400E1	5.312800E4	-2.595023E1	1.245974E1	2.878645E1	1.211144E5	1.330924E3	6.108161E1	5.194790E1
2.656800E1	5.313600E4	-2.703065E1	9.903286E0	2.878769E1	1.211199E5	1.365249E3	6.000120E1	5.450436E1
2.657200E1	5.314400E4	-2.780658E1	7.308166E0	2.875092E1	1.211253E5	1.319297E3	5.922526E1	5.709948E1
2.657600E1	5.315200E4	-2.838288E1	4.783827E0	2.878320E1	1.211304E5	1.294151E3	5.864897E1	5.962382E1
2.658000E1	5.316000E4	-2.878996E1	2.201277E0	2.887400E1	1.211356E5	1.314116E3	5.824188E1	6.220637E1
2.658400E1	5.316800E4	-2.881672E1	-4.757582E-1	2.882064E1	1.211409E5	1.355188E3	5.821513E1	6.488340E1
2.658800E1	5.317600E4	-2.874590E1	-3.259521E0	2.893011E1	1.211465E5	1.347359E3	5.828594E1	6.766716E1
2.659200E1	5.318400E4	-2.832113E1	-5.877771E0	2.892463E1	1.211517E5	1.294154E3	5.871072E1	7.028541E1
2.659600E1	5.319200E4	-2.760268E1	-8.345527E0	2.883671E1	1.211568E5	1.256864E3	5.942916E1	7.275317E1
2.660000E1	5.320000E4	-2.680438E1	-1.070994E1	2.886481E1	1.211618E5	1.298368E3	6.022747E1	7.511758E1
2.660400E1	5.320800E4	-2.567762E1	-1.320181E1	2.887262E1	1.211672E5	1.337521E3	6.135423E1	7.760945E1
2.660800E1	5.321600E4	-2.434332E1	-1.549635E1	2.885713E1	1.211725E5	1.315478E3	6.268853E1	7.990399E1
2.661200E1	5.322400E4	-2.292248E1	-1.773773E1	2.898391E1	1.211777E5	1.340061E3	6.410936E1	8.214537E1
2.661600E1	5.323200E4	-2.111945E1	-1.983270E1	2.897183E1	1.211832E5	1.340910E3	6.591240E1	8.424034E1
2.662000E1	5.324000E4	-1.912769E1	-2.158989E1	2.884427E1	1.211885E5	1.326012E3	6.790416E1	8.599753E1
2.662400E1	5.324800E4	-1.699689E1	-2.323045E1	2.878451E1	1.211938E5	1.299147E3	7.003496E1	8.763809E1
2.662800E1	5.325600E4	-1.485924E1	-2.458744E1	2.872872E1	1.211989E5	1.288024E3	7.217261E1	8.899508E1
2.663200E1	5.326400E4	-1.255540E1	-2.587130E1	2.875695E1	1.212041E5	1.281948E3	7.447645E1	9.027894E1
2.663600E1	5.327200E4	-1.022411E1	-2.678726E1	2.867211E1	1.212091E5	1.303592E3	7.680773E1	9.119490E1
2.664000E1	5.328000E4	-7.631303E0	-2.759488E1	2.863065E1	1.212145E5	1.318049E3	7.940054E1	9.200253E1
2.664400E1	5.328800E4	-5.127174E0	-2.808378E1	2.854798E1	1.212197E5	1.301253E3	8.190467E1	9.249143E1
2.664800E1	5.329600E4	-2.499100E0	-2.828823E1	2.839841E1	1.212250E5	1.292075E3	8.453275E1	9.269587E1
2.665200E1	5.330400E4	-4.798430E-3	-2.813615E1	2.813615E1	1.212300E5	1.295493E3	8.702705E1	9.254380E1
2.665600E1	5.331200E4	2.598364E0	-2.792842E1	2.804903E1	1.212353E5	1.311777E3	8.963021E1	9.233606E1
2.666000E1	5.332000E4	5.081174E0	-2.745717E1	2.792337E1	1.212405E5	1.310984E3	9.211302E1	9.186481E1
2.666400E1	5.332800E4	7.619952E0	-2.692266E1	2.798023E1	1.212458E5	1.302829E3	9.465180E1	9.133030E1
2.666800E1	5.333600E4	9.886270E0	-2.588000E1	2.770402E1	1.212509E5	1.335635E3	9.691812E1	9.028764E1
2.667200E1	5.334400E4	1.231959E1	-2.472197E1	2.762152E1	1.212565E5	1.347107E3	9.935144E1	8.912962E1
2.667600E1	5.335200E4	1.446153E1	-2.342992E1	2.753356E1	1.212617E5	1.339415E3	1.014934E2	8.783756E1
2.668000E1	5.336000E4	1.643500E1	-2.164951E1	2.718107E1	1.212672E5	1.349031E3	1.034668E2	8.605715E1
2.668400E1	5.336800E4	1.831493E1	-2.000393E1	2.712183E1	1.212725E5	1.351739E3	1.053468E2	8.441157E1
2.668800E1	5.337600E4	2.003551E1	-1.802899E1	2.695303E1	1.212780E5	1.387864E3	1.070674E2	8.243663E1
2.669200E1	5.338400E4	2.160908E1	-1.594377E1	2.685435E1	1.212836E5	1.365653E3	1.086409E2	8.035141E1
2.669600E1	5.339200E4	2.284363E1	-1.375695E1	2.666618E1	1.212889E5	1.368840E3	1.098755E2	7.816459E1
2.670000E1	5.340000E4	2.411847E1	-1.148852E1	2.671492E1	1.212945E5	1.363040E3	1.111503E2	7.589617E1
2.670400E1	5.340800E4	2.499101E1	-9.171619E0	2.662084E1	1.212998E5	1.393168E3	1.120229E2	7.357926E1
2.670800E1	5.341600E4	2.567692E1	-6.556827E0	2.650087E1	1.213057E5	1.383563E3	1.127088E2	7.096447E1
2.671200E1	5.342400E4	2.595544E1	-4.150172E0	2.628515E1	1.213109E5	1.380332E3	1.129873E2	6.855781E1
2.671600E1	5.343200E4	2.627093E1	-1.506583E0	2.631409E1	1.213167E5	1.397905E3	1.133028E2	6.591423E1
2.672000E1	5.344000E4	2.619697E1	9.600382E-1	2.621456E1	1.213221E5	1.344548E3	1.132288E2	6.344761E1
2.672400E1	5.344800E4	2.602595E1	3.414452E0	2.624897E1	1.213275E5	1.346641E3	1.130578E2	6.099319E1
2.672800E1	5.345600E4	2.558255E1	5.845984E0	2.624199E1	1.213329E5	1.371528E3	1.126144E2	5.856166E1
2.673200E1	5.346400E4	2.483579E1	8.284113E0	2.618096E1	1.213384E5	1.353598E3	1.118676E2	5.612353E1
2.673600E1	5.347200E4	2.405045E1	1.055775E1	2.626576E1	1.213437E5	1.293044E3	1.110823E2	5.384989E1
2.674000E1	5.348000E4	2.299350E1	1.263595E1	2.623677E1	1.213488E5	1.362207E3	1.100253E2	5.177169E1
2.674400E1	5.348800E4	2.176741E1	1.501540E1	2.644394E1	1.213546E5	1.384773E3	1.087993E2	4.939225E1
2.674800E1	5.349600E4	2.044633E1	1.707696E1	2.663972E1	1.213599E5	1.356543E3	1.074782E2	4.733069E1
2.675200E1	5.350400E4	1.866824E1	1.896426E1	2.661102E1	1.213655E5	1.381282E3	1.057001E2	4.544338E1
2.675600E1	5.351200E4	1.677378E1	2.065427E1	2.660749E1	1.213709E5	1.327542E3	1.038056E2	4.375337E1
2.676000E1	5.352000E4	1.504050E1	2.235819E1	2.694634E1	1.213761E5	1.253071E3	1.020723E2	4.204946E1
2.676400E1	5.352800E4	1.309632E1	2.357180E1	2.696560E1	1.213809E5	1.276679E3	1.001282E2	4.083584E1
2.676800E1	5.353600E4	1.094696E1	2.491950E1	2.721796E1	1.213863E5	1.275902E3	9.797881E1	3.948814E1
2.677200E1	5.354400E4	8.853614E0	2.593456E1	2.740416E1	1.213912E5	1.208404E3	9.588546E1	3.847308E1
2.677600E1	5.355200E4	6.669542E0	2.665429E1	2.747606E1	1.213960E5	1.287131E3	9.370139E1	3.775335E1
2.678000E1	5.356000E4	4.114058E0	2.735801E1	2.766561E1	1.214014E5	1.272272E3	9.114591E1	3.704963E1
2.678400E1	5.356800E4	1.870370E0	2.764790E1	2.771110E1	1.214061E5	1.193441E3	8.890222E1	3.675974E1
2.678800E1	5.357600E4	-4.840509E-1	2.785513E1	2.785933E1	1.214110E5	1.239898E3	8.654780E1	3.655252E1
2.679200E1	5.358400E4	-2.958805E0	2.792122E1	2.807756E1	1.214160E5	1.194033E3	8.407304E1	3.648642E1
2.679600E1	5.359200E4	-5.165356E0	2.774055E1	2.821735E1	1.214205E5	1.167361E3	8.186649E1	3.666709E1
2.680000E1	5.360000E4	-7.487315E0	2.720491E1	2.821643E1	1.214254E5	1.230001E3	7.954453E1	3.720274E1
2.680400E1	5.360800E4	-9.851124E0	2.650611E1	2.827753E1	1.214304E5	1.202527E3	7.718072E1	3.790153E1
2.680800E1	5.361600E4	-1.195644E1	2.563116E1	2.828273E1	1.214350E5	1.138410E3	7.507541E1	3.877649E1
2.681200E1	5.362400E4	-1.401872E1	2.478295E1	2.847313E1	1.214395E5	1.141228E3	7.301313E1	3.962470E1
2.681600E1	5.363200E4	-1.604731E1	2.366797E1	2.859526E1	1.214441E5	1.174418E3	7.098454E1	4.073967E1
2.682000E1	5.364000E4	-1.797879E1	2.228897E1	2.863625E1	1.214489E5	1.197966E3	6.905305E1	4.211868E1
2.682400E1	5.364800E4	-1.977861E1	2.068144E1	2.861670E1	1.214537E5	1.191111E3	6.725324E1	4.372620E1
2.682800E1	5.365600E4	-2.149582E1	1.907191E1	2.873687E1	1.214584E5	1.208203E3	6.553603E1	4.533573E1
2.683200E1	5.366400E4	-2.307842E1	1.714747E1	2.875151E1	1.214634E5	1.202709E3	6.395343E1	4.726017E1
2.683600E1	5.367200E4	-2.431194E1	1.516761E1	2.865531E1	1.214680E5	1.154311E3	6.271991E1	4.924004E1
2.684000E1	5.368000E4	-2.542738E1	1.316803E1	2.863475E1	1.214726E5	1.204837E3	6.160446E1	5.123962E1
2.684400E1	5.368800E4	-2.662329E1	1.093003E1	2.877959E1	1.214777E5	1.196197E3	6.040856E1	5.347762E1
2.684800E1	5.369600E4	-2.749835E1	8.833314E0	2.888229E1	1.214822E5	1.157155E3	5.953349E1	5.557433E1
2.685200E1	5.370400E4	-2.813266E1	6.527556E0	2.888002E1	1.214869E5	1.211547E3	5.889919E1	5.788009E1
2.685600E1	5.371200E4	-2.851731E1	4.066858E0	2.880584E1	1.214919E5	1.211616E3	5.851454E1	6.034079E1
2.686000E1	5.372000E4	-2.882900E1	1.697675E0	2.887895E1	1.214966E5	1.147795E3	5.820284E1	6.270997E1
2.686400E1	5.372800E4	-2.881274E1	-5.361929E-1	2.881773E1	1.215011E5	1.166941E3	5.821910E1	6.494384E1
2.686800E1	5.373600E4	-2.874474E1	-3.003644E0	2.890124E1	1.215060E5	1.215890E3	5.828711E1	6.741129E1
2.687200E1	5.374400E4	-2.845215E1	-5.424063E0	2.896455E1	1.215108E5	1.168455E3	5.857970E1	6.983171E1
2.687600E1	5.375200E4	-2.787529E1	-7.632637E0	2.890137E1	1.215153E5	1.197332E3	5.915656E1	7.204028E1
2.688000E1	5.376000E4	-2.709442E1	-1.006121E1	2.890217E1	1.215204E5	1.226062E3	5.993742E1	7.446885E1
2.688400E1	5.376800E4	-2.609114E1	-1.223394E1	2.881695E1	1.215251E5	1.165910E3	6.094071E1	7.664159E1
2.688800E1	5.377600E4	-2.499317E1	-1.425538E1	2.877281E1	1.215297E5	1.171394E3	6.203868E1	7.866303E1
2.689200E1	5.378400E4	-2.364474E1	-1.624614E1	2.868817E1	1.215345E5	1.149803E3	6.338710E1	8.065379E1
2.689600E1	5.379200E4	-2.237044E1	-1.804913E1	2.874383E1	1.215389E5	1.156156E3	6.466141E1	8.245677E1
2.690000E1	5.380000E4	-2.080984E1	-1.991549E1	2.880410E1	1.215437E5	1.206545E3	6.622200E1	8.432313E1
2.690400E1	5.380800E4	-1.904813E1	-2.156787E1	2.877506E1	1.215485E5	1.234243E3	6.798372E1	8.597551E1
2.690800E1	5.381600E4	-1.707704E1	-2.317619E1	2.878821E1	1.215536E5	1.211564E3	6.995481E1	8.758383E1
2.691200E1	5.382400E4	-1.506465E1	-2.433707E1	2.862231E1	1.215582E5	1.174723E3	7.196720E1	8.874471E1
2.691600E1	5.383200E4	-1.292704E1	-2.538572E1	2.848760E1	1.215630E5	1.181201E3	7.410481E1	8.979337E1
2.692000E1	5.384000E4	-1.076687E1	-2.624203E1	2.836493E1	1.215677E5	1.174433E3	7.626498E1	9.064967E1
2.692400E1	5.384800E4	-8.536300E0	-2.692472E1	2.824551E1	1.215724E5	1.155386E3	7.849555E1	9.133237E1
2.692800E1	5.385600E4	-6.419471E0	-2.766296E1	2.839805E1	1.215769E5	1.165577E3	8.061238E1	9.207061E1
2.693200E1	5.386400E4	-4.077546E0	-2.806629E1	2.836094E1	1.215817E5	1.206319E3	8.295430E1	9.247393E1
2.693600E1	5.387200E4	-1.682004E0	-2.819272E1	2.824285E1	1.215866E5	1.168774E3	8.534984E1	9.260037E1
2.694000E1	5.388000E4	5.324159E-1	-2.813937E1	2.814440E1	1.215911E5	1.165641E3	8.756426E1	9.254701E1
2.694400E1	5.388800E4	2.880636E0	-2.782378E1	2.797250E1	1.215959E5	1.226368E3	8.991248E1	9.223143E1
2.694800E1	5.389600E4	5.285756E0	-2.746174E1	2.796581E1	1.216009E5	1.203751E3	9.231760E1	9.186938E1
2.695200E1	5.390400E4	7.496383E0	-2.695641E1	2.797935E1	1.216055E5	1.170664E3	9.452823E1	9.136406E1
2.695600E1	5.391200E4	9.629238E0	-2.608689E1	2.780734E1	1.216103E5	1.175544E3	9.666109E1	9.049453E1
2.696000E1	5.392000E4	1.161939E1	-2.498020E1	2.755033E1	1.216149E5	1.191524E3	9.865124E1	8.938784E1
2.696400E1	5.392800E4	1.360167E1	-2.375718E1	2.737534E1	1.216198E5	1.218416E3	1.006335E2	8.816482E1
2.696800E1	5.393600E4	1.545490E1	-2.232591E1	2.715327E1	1.216247E5	1.227356E3	1.024867E2	8.673356E1
2.697200E1	5.394400E4	1.725166E1	-2.084535E1	2.705823E1	1.216296E5	1.242979E3	1.042835E2	8.525299E1
2.697600E1	5.395200E4	1.896609E1	-1.920836E1	2.699396E1	1.216346E5	1.256375E3	1.059979E2	8.361601E1
2.698000E1	5.396000E4	2.050903E1	-1.741618E1	2.690620E1	1.216397E5	1.253422E3	1.075409E2	8.182382E1
2.698400E1	5.396800E4	2.174150E1	-1.541450E1	2.665144E1	1.216447E5	1.277877E3	1.087733E2	7.982214E1
2.698800E1	5.397600E4	2.307984E1	-1.338685E1	2.668120E1	1.216499E5	1.277249E3	1.101117E2	7.779450E1
2.699200E1	5.398400E4	2.408093E1	-1.128969E1	2.659602E1	1.216549E5	1.249666E3	1.111128E2	7.569733E1
2.699600E1	5.399200E4	2.491769E1	-9.127171E0	2.653670E1	1.216599E5	1.246379E3	1.119495E2	7.353481E1
2.700000E1	5.400000E4	2.555929E1	-6.919029E0	2.647924E1	1.216649E5	1.186198E3	1.125911E2	7.132667E1
2.700400E1	5.400800E4	2.591975E1	-4.863783E0	2.637214E1	1.216694E5	1.176138E3	1.129516E2	6.927143E1
2.700800E1	5.401600E4	2.624736E1	-2.637472E0	2.637954E1	1.216743E5	1.211439E3	1.132792E2	6.704511E1
2.701200E1	5.402400E4	2.625387E1	-4.290764E-1	2.625737E1	1.216791E5	1.264536E3	1.132857E2	6.483672E1
2.701600E1	5.403200E4	2.617873E1	2.004310E0	2.625535E1	1.216844E5	1.257801E3	1.132106E2	6.240333E1
2.702000E1	5.404000E4	2.589388E1	4.159620E0	2.622585E1	1.216891E5	1.211268E3	1.129257E2	6.024802E1
2.702400E1	5.404800E4	2.553810E1	6.399716E0	2.632776E1	1.216941E5	1.183605E3	1.125699E2	5.800793E1
2.702800E1	5.405600E4	2.485972E1	8.363771E0	2.622896E1	1.216986E5	1.146787E3	1.118916E2	5.604387E1
2.703200E1	5.406400E4	2.415410E1	1.037373E1	2.628754E1	1.217032E5	1.183836E3	1.111859E2	5.403391E1
2.703600E1	5.407200E4	2.319370E1	1.236640E1	2.628451E1	1.217081E5	1.200100E3	1.102255E2	5.204124E1
2.704000E1	5.408000E4	2.211784E1	1.427771E1	2.632588E1	1.217128E5	1.193137E3	1.091497E2	5.012994E1
2.704400E1	5.408800E4	2.086043E1	1.607091E1	2.633309E1	1.217176E5	1.207806E3	1.078923E2	4.833674E1
2.704800E1	5.409600E4	1.955930E1	1.792648E1	2.653158E1	1.217225E5	1.238720E3	1.065911E2	4.648116E1
2.705200E1	5.410400E4	1.792071E1	1.957105E1	2.653635E1	1.217275E5	1.225089E3	1.049526E2	4.483659E1
2.705600E1	5.411200E4	1.639165E1	2.121335E1	2.680844E1	1.217323E5	1.179674E3	1.034235E2	4.319430E1
2.706000E1	5.412000E4	1.462779E1	2.248860E1	2.682740E1	1.217370E5	1.156241E3	1.016596E2	4.191905E1
2.706400E1	5.412800E4	1.275538E1	2.354782E1	2.678058E1	1.217416E5	1.096151E3	9.978722E1	4.085982E1
2.706800E1	5.413600E4	1.102596E1	2.445059E1	2.682169E1	1.217457E5	1.083753E3	9.805781E1	3.995705E1
2.707200E1	5.414400E4	9.105135E0	2.532727E1	2.691420E1	1.217502E5	1.109907E3	9.613698E1	3.908037E1
2.707600E1	5.415200E4	7.188424E0	2.610867E1	2.708018E1	1.217546E5	1.110867E3	9.422027E1	3.829898E1
2.708000E1	5.416000E4	5.153256E0	2.679438E1	2.728544E1	1.217591E5	1.131433E3	9.218510E1	3.761326E1
2.708400E1	5.416800E4	3.044334E0	2.739020E1	2.755887E1	1.217637E5	1.098689E3	9.007618E1	3.701744E1
2.708800E1	5.417600E4	1.009384E0	2.756651E1	2.758499E1	1.217679E5	1.077690E3	8.804123E1	3.684113E1
2.709200E1	5.418400E4	-1.108512E0	2.785039E1	2.787244E1	1.217723E5	1.054083E3	8.592333E1	3.655726E1
2.709600E1	5.419200E4	-3.093110E0	2.785815E1	2.802934E1	1.217763E5	1.028616E3	8.393874E1	3.654949E1
2.710000E1	5.420000E4	-5.136694E0	2.769291E1	2.816528E1	1.217805E5	1.048964E3	8.189515E1	3.671473E1
2.710400E1	5.420800E4	-7.183711E0	2.732952E1	2.825789E1	1.217847E5	1.044746E3	7.984814E1	3.707813E1
2.710800E1	5.421600E4	-9.120230E0	2.668937E1	2.820463E1	1.217889E5	1.044928E3	7.791162E1	3.771827E1
2.711200E1	5.422400E4	-1.111767E1	2.608170E1	2.835238E1	1.217931E5	1.070692E3	7.591418E1	3.832595E1
2.711600E1	5.423200E4	-1.307685E1	2.519363E1	2.838525E1	1.217974E5	1.077025E3	7.395500E1	3.921402E1
2.712000E1	5.424000E4	-1.492007E1	2.415484E1	2.839127E1	1.218017E5	1.069604E3	7.211178E1	4.025281E1
2.712400E1	5.424800E4	-1.673486E1	2.304323E1	2.847887E1	1.218060E5	1.056906E3	7.029698E1	4.136441E1
2.712800E1	5.425600E4	-1.841497E1	2.182343E1	2.855474E1	1.218102E5	1.056464E3	6.861687E1	4.258421E1
2.713200E1	5.426400E4	-2.014678E1	2.054430E1	2.877431E1	1.218144E5	1.064562E3	6.688507E1	4.386334E1
2.713600E1	5.427200E4	-2.151232E1	1.891586E1	2.864593E1	1.218187E5	1.039384E3	6.551953E1	4.549179E1
2.714000E1	5.428000E4	-2.290601E1	1.741476E1	2.877428E1	1.218228E5	1.055679E3	6.412584E1	4.699289E1
2.714400E1	5.428800E4	-2.409877E1	1.557817E1	2.869547E1	1.218271E5	1.022682E3	6.293308E1	4.882948E1
2.714800E1	5.429600E4	-2.510247E1	1.395074E1	2.871859E1	1.218309E5	9.934121E2	6.192938E1	5.045690E1
2.715200E1	5.430400E4	-2.601974E1	1.209593E1	2.869387E1	1.218351E5	1.035468E3	6.101211E1	5.231171E1
2.715600E1	5.431200E4	-2.673450E1	1.014451E1	2.859448E1	1.218392E5	1.063425E3	6.029735E1	5.426313E1
2.716000E1	5.432000E4	-2.765587E1	8.152760E0	2.883253E1	1.218436E5	1.079292E3	5.937597E1	5.625488E1
2.716400E1	5.432800E4	-2.811677E1	6.050871E0	2.876049E1	1.218479E5	1.056023E3	5.891508E1	5.835677E1
2.716800E1	5.433600E4	-2.848064E1	3.991020E0	2.875892E1	1.218520E5	1.037293E3	5.855120E1	6.041662E1
2.717200E1	5.434400E4	-2.878814E1	1.935710E0	2.885314E1	1.218562E5	1.022740E3	5.824371E1	6.247193E1
2.717600E1	5.435200E4	-2.887411E1	-1.032868E-1	2.887430E1	1.218602E5	1.031695E3	5.815773E1	6.451093E1
2.718000E1	5.436000E4	-2.878839E1	-2.218579E0	2.887375E1	1.218644E5	1.030369E3	5.824346E1	6.662622E1
2.718400E1	5.436800E4	-2.855490E1	-4.241022E0	2.886813E1	1.218684E5	1.041025E3	5.847694E1	6.864866E1
2.718800E1	5.437600E4	-2.820465E1	-6.374296E0	2.891598E1	1.218727E5	1.034437E3	5.882720E1	7.078194E1
2.719200E1	5.438400E4	-2.756559E1	-8.282350E0	2.878297E1	1.218767E5	1.021040E3	5.946626E1	7.268999E1
2.719600E1	5.439200E4	-2.693168E1	-1.028599E1	2.882910E1	1.218809E5	1.059388E3	6.010017E1	7.469363E1
2.720000E1	5.440000E4	-2.604067E1	-1.225298E1	2.877937E1	1.218852E5	1.079290E3	6.099118E1	7.666063E1
2.720400E1	5.440800E4	-2.495852E1	-1.414250E1	2.868690E1	1.218895E5	1.081047E3	6.207333E1	7.855014E1
2.720800E1	5.441600E4	-2.380012E1	-1.596101E1	2.865658E1	1.218938E5	1.051737E3	6.323173E1	8.036866E1
2.721200E1	5.442400E4	-2.264224E1	-1.765922E1	2.871444E1	1.218980E5	1.073529E3	6.438961E1	8.206687E1
2.721600E1	5.443200E4	-2.129360E1	-1.946768E1	2.885148E1	1.219024E5	1.117751E3	6.573825E1	8.387532E1
2.722000E1	5.444000E4	-1.972214E1	-2.107077E1	2.886071E1	1.219069E5	1.068218E3	6.730970E1	8.547842E1
2.722400E1	5.444800E4	-1.811650E1	-2.235674E1	2.877553E1	1.219110E5	1.013685E3	6.891535E1	8.676438E1
2.722800E1	5.445600E4	-1.641650E1	-2.344782E1	2.862345E1	1.219150E5	1.022026E3	7.061534E1	8.785546E1
2.723200E1	5.446400E4	-1.477705E1	-2.474656E1	2.882279E1	1.219192E5	1.053518E3	7.225479E1	8.915420E1
2.723600E1	5.447200E4	-1.286957E1	-2.573489E1	2.877343E1	1.219234E5	1.066428E3	7.416227E1	9.014253E1
2.724000E1	5.448000E4	-1.093852E1	-2.665563E1	2.881273E1	1.219277E5	1.056178E3	7.609332E1	9.106327E1
2.724400E1	5.448800E4	-8.920509E0	-2.726103E1	2.868344E1	1.219319E5	1.036140E3	7.811134E1	9.166868E1
2.724800E1	5.449600E4	-6.907089E0	-2.765677E1	2.850623E1	1.219360E5	1.046781E3	8.012476E1	9.206441E1
2.725200E1	5.450400E4	-4.824204E0	-2.808937E1	2.850063E1	1.219403E5	1.050502E3	8.220764E1	9.249702E1
2.725600E1	5.451200E4	-2.771172E0	-2.816955E1	2.830553E1	1.219444E5	1.025410E3	8.426068E1	9.257719E1
2.726000E1	5.452000E4	-7.584084E-1	-2.817502E1	2.818523E1	1.219485E5	1.027309E3	8.627344E1	9.258267E1
2.726400E1	5.452800E4	1.273895E0	-2.805230E1	2.808121E1	1.219526E5	1.038883E3	8.830574E1	9.245994E1
2.726800E1	5.453600E4	3.296810E0	-2.777503E1	2.797000E1	1.219568E5	1.061928E3	9.032866E1	9.218267E1
2.727200E1	5.454400E4	5.379066E0	-2.742868E1	2.795115E1	1.219611E5	1.061672E3	9.241091E1	9.183632E1
2.727600E1	5.455200E4	7.312369E0	-2.679835E1	2.777810E1	1.219653E5	1.046943E3	9.434422E1	9.120600E1
2.728000E1	5.456000E4	9.230221E0	-2.610723E1	2.769088E1	1.219695E5	1.075063E3	9.626207E1	9.051488E1
2.728400E1	5.456800E4	1.114015E1	-2.518302E1	2.753701E1	1.219739E5	1.098188E3	9.817199E1	8.959066E1
2.728800E1	5.457600E4	1.298636E1	-2.416216E1	2.743092E1	1.219783E5	1.103418E3	1.000182E2	8.856980E1
2.729200E1	5.458400E4	1.476284E1	-2.300398E1	2.733358E1	1.219827E5	1.086111E3	1.017947E2	8.741162E1
2.729600E1	5.459200E4	1.643839E1	-2.185775E1	2.734926E1	1.219869E5	1.049937E3	1.034702E2	8.626539E1
2.730000E1	5.460000E4	1.786123E1	-2.048201E1	2.717602E1	1.219911E5	1.040388E3	1.048931E2	8.488965E1
2.730400E1	5.460800E4	1.930757E1	-1.912742E1	2.717794E1	1.219953E5	1.053711E3	1.063394E2	8.353506E1
2.730800E1	5.461600E4	2.054555E1	-1.753542E1	2.701130E1	1.219995E5	1.030067E3	1.075774E2	8.194307E1
2.731200E1	5.462400E4	2.156387E1	-1.595113E1	2.682235E1	1.220035E5	1.052046E3	1.085957E2	8.035877E1
2.731600E1	5.463200E4	2.255123E1	-1.412666E1	2.661053E1	1.220079E5	1.104240E3	1.095831E2	7.853430E1
2.732000E1	5.464000E4	2.343022E1	-1.227871E1	2.645263E1	1.220123E5	1.120340E3	1.104621E2	7.668635E1
2.732400E1	5.464800E4	2.423258E1	-1.033675E1	2.634514E1	1.220169E5	1.124357E3	1.112644E2	7.474439E1
2.732800E1	5.465600E4	2.492932E1	-8.419745E0	2.631279E1	1.220213E5	1.132287E3	1.119612E2	7.282739E1
2.733200E1	5.466400E4	2.551443E1	-6.381830E0	2.630045E1	1.220260E5	1.099273E3	1.125463E2	7.078947E1
2.733600E1	5.467200E4	2.591646E1	-4.508204E0	2.630565E1	1.220301E5	1.006067E3	1.129483E2	6.891585E1
2.734000E1	5.468000E4	2.618392E1	-2.749506E0	2.632788E1	1.220340E5	1.013104E3	1.132158E2	6.715715E1
2.734400E1	5.468800E4	2.629878E1	-8.095200E-1	2.631124E1	1.220382E5	1.062828E3	1.133306E2	6.521716E1
2.734800E1	5.469600E4	2.623383E1	1.149115E0	2.625899E1	1.220425E5	1.069597E3	1.132657E2	6.325853E1
2.735200E1	5.470400E4	2.604199E1	3.102401E0	2.622613E1	1.220468E5	1.062717E3	1.130738E2	6.130524E1
2.735600E1	5.471200E4	2.572250E1	5.004535E0	2.620482E1	1.220510E5	1.083540E3	1.127543E2	5.940311E1
2.736000E1	5.472000E4	2.536051E1	7.014978E0	2.631284E1	1.220555E5	1.077492E3	1.123924E2	5.739267E1
2.736400E1	5.472800E4	2.468430E1	8.804145E0	2.620740E1	1.220596E5	1.061005E3	1.117162E2	5.560350E1
2.736800E1	5.473600E4	2.412704E1	1.071684E1	2.640009E1	1.220640E5	1.080165E3	1.111589E2	5.369080E1
2.737200E1	5.474400E4	2.333481E1	1.254932E1	2.649526E1	1.220683E5	1.024788E3	1.103667E2	5.185832E1
2.737600E1	5.475200E4	2.231126E1	1.402207E1	2.635167E1	1.220721E5	1.006522E3	1.093431E2	5.038558E1
2.738000E1	5.476000E4	2.124663E1	1.562049E1	2.637080E1	1.220763E5	1.064259E3	1.082785E2	4.878715E1
2.738400E1	5.476800E4	2.013349E1	1.729456E1	2.654165E1	1.220807E5	1.031653E3	1.071653E2	4.711308E1
2.738800E1	5.477600E4	1.891771E1	1.864010E1	2.655811E1	1.220846E5	9.983808E2	1.059496E2	4.576754E1
2.739200E1	5.478400E4	1.767581E1	2.008419E1	2.675461E1	1.220886E5	1.024923E3	1.047077E2	4.432345E1
2.739600E1	5.479200E4	1.615088E1	2.125941E1	2.669857E1	1.220928E5	1.004532E3	1.031827E2	4.314823E1
2.740000E1	5.480000E4	1.467956E1	2.233535E1	2.672746E1	1.220967E5	9.167188E2	1.017114E2	4.207230E1
2.740400E1	5.480800E4	1.338386E1	2.328430E1	2.685678E1	1.221001E5	9.423733E2	1.004157E2	4.112334E1
2.740800E1	5.481600E4	1.169321E1	2.421520E1	2.689065E1	1.221042E5	9.652201E2	9.872506E1	4.019245E1
2.741200E1	5.482400E4	1.018814E1	2.500444E1	2.700038E1	1.221078E5	9.470808E2	9.721999E1	3.940320E1
2.741600E1	5.483200E4	8.484831E0	2.580880E1	2.716775E1	1.221118E5	1.012548E3	9.551668E1	3.859884E1
2.742000E1	5.484000E4	6.632174E0	2.646591E1	2.728425E1	1.221159E5	9.968609E2	9.366402E1	3.794173E1
2.742400E1	5.484800E4	4.861661E0	2.695581E1	2.739072E1	1.221198E5	9.364644E2	9.189351E1	3.745183E1
2.742800E1	5.485600E4	3.149596E0	2.731928E1	2.750024E1	1.221234E5	9.297101E2	9.018144E1	3.708836E1
2.743200E1	5.486400E4	1.338678E0	2.750816E1	2.754071E1	1.221272E5	9.510261E2	8.837053E1	3.689949E1
2.743600E1	5.487200E4	-4.953359E-1	2.750553E1	2.750999E1	1.221310E5	9.542913E2	8.653651E1	3.690212E1
2.744000E1	5.488000E4	-2.326801E0	2.743211E1	2.753062E1	1.221348E5	9.387600E2	8.470505E1	3.697553E1
2.744400E1	5.488800E4	-4.123299E0	2.745267E1	2.776059E1	1.221385E5	8.746310E2	8.290855E1	3.695498E1
2.744800E1	5.489600E4	-5.700370E0	2.717879E1	2.777014E1	1.221418E5	8.579422E2	8.133148E1	3.722886E1
2.745200E1	5.490400E4	-7.419450E0	2.692638E1	2.792988E1	1.221454E5	8.774498E2	7.961240E1	3.748127E1
2.745600E1	5.491200E4	-9.109380E0	2.665962E1	2.817297E1	1.221489E5	8.626169E2	7.792247E1	3.774802E1
2.746000E1	5.492000E4	-1.075853E1	2.622385E1	2.834495E1	1.221523E5	9.253217E2	7.627332E1	3.818380E1
2.746400E1	5.492800E4	-1.253034E1	2.538950E1	2.831318E1	1.221563E5	9.055389E2	7.450151E1	3.901814E1
2.746800E1	5.493600E4	-1.401078E1	2.471305E1	2.840839E1	1.221596E5	8.605589E2	7.302107E1	3.969460E1
2.747200E1	5.494400E4	-1.562437E1	2.392032E1	2.857101E1	1.221632E5	8.490554E2	7.140747E1	4.048733E1
2.747600E1	5.495200E4	-1.692342E1	2.300223E1	2.855705E1	1.221663E5	8.508280E2	7.010843E1	4.140541E1
2.748000E1	5.496000E4	-1.839756E1	2.195760E1	2.864623E1	1.221700E5	9.141291E2	6.863429E1	4.245005E1
2.748400E1	5.496800E4	-1.982570E1	2.077830E1	2.871926E1	1.221737E5	8.700979E2	6.720615E1	4.362935E1
2.748800E1	5.497600E4	-2.101411E1	1.965136E1	2.877097E1	1.221769E5	8.184006E2	6.601774E1	4.475629E1
2.749200E1	5.498400E4	-2.213024E1	1.843610E1	2.880343E1	1.221802E5	8.640751E2	6.490160E1	4.597155E1
2.749600E1	5.499200E4	-2.307794E1	1.687075E1	2.858694E1	1.221838E5	9.082599E2	6.395391E1	4.753690E1
2.750000E1	5.500000E4	-2.410779E1	1.537650E1	2.859410E1	1.221875E5	9.107515E2	6.292406E1	4.903114E1
2.750400E1	5.500800E4	-2.503281E1	1.380862E1	2.858880E1	1.221911E5	8.888584E2	6.199904E1	5.059902E1
2.750800E1	5.501600E4	-2.585895E1	1.228969E1	2.863079E1	1.221946E5	8.823012E2	6.117289E1	5.211795E1
2.751200E1	5.502400E4	-2.666556E1	1.067823E1	2.872415E1	1.221982E5	8.911327E2	6.036628E1	5.372942E1
2.751600E1	5.503200E4	-2.732116E1	9.030711E0	2.877498E1	1.222017E5	8.831584E2	5.971069E1	5.537693E1
2.752000E1	5.504000E4	-2.773288E1	7.305789E0	2.867903E1	1.222052E5	9.064296E2	5.929897E1	5.710185E1
2.752400E1	5.504800E4	-2.817517E1	5.496761E0	2.870635E1	1.222090E5	9.249495E2	5.885667E1	5.891088E1
2.752800E1	5.505600E4	-2.848105E1	3.678205E0	2.871758E1	1.222126E5	8.761492E2	5.855080E1	6.072944E1
2.753200E1	5.506400E4	-2.873883E1	2.024793E0	2.881007E1	1.222160E5	8.601388E2	5.829302E1	6.238285E1
2.753600E1	5.507200E4	-2.881483E1	2.402289E-1	2.881583E1	1.222195E5	9.068793E2	5.821702E1	6.416741E1
2.754000E1	5.508000E4	-2.877576E1	-1.621371E0	2.882140E1	1.222232E5	9.206494E2	5.825609E1	6.602901E1
2.754400E1	5.508800E4	-2.865752E1	-3.461614E0	2.886583E1	1.222269E5	9.272165E2	5.837433E1	6.786926E1
2.754800E1	5.509600E4	-2.846257E1	-5.348560E0	2.896075E1	1.222306E5	8.800513E2	5.856928E1	6.975620E1
2.755200E1	5.510400E4	-2.808246E1	-6.964241E0	2.893311E1	1.222339E5	8.552428E2	5.894939E1	7.137188E1
2.755600E1	5.511200E4	-2.751126E1	-8.666136E0	2.884391E1	1.222375E5	9.162606E2	5.952059E1	7.307378E1
2.756000E1	5.512000E4	-2.694938E1	-1.048439E1	2.891697E1	1.222413E5	9.417738E2	6.008247E1	7.489203E1
2.756400E1	5.512800E4	-2.623162E1	-1.224248E1	2.894781E1	1.222450E5	9.080170E2	6.080023E1	7.665012E1
2.756800E1	5.513600E4	-2.528895E1	-1.374345E1	2.878217E1	1.222485E5	8.912318E2	6.174290E1	7.815109E1
2.757200E1	5.514400E4	-2.435161E1	-1.530456E1	2.876162E1	1.222521E5	8.406415E2	6.268024E1	7.971220E1
2.757600E1	5.515200E4	-2.353969E1	-1.663454E1	2.882403E1	1.222552E5	8.336099E2	6.349216E1	8.104218E1
2.758000E1	5.516000E4	-2.256879E1	-1.815714E1	2.896605E1	1.222588E5	8.824366E2	6.446306E1	8.256478E1
2.758400E1	5.516800E4	-2.136202E1	-1.944257E1	2.888511E1	1.222623E5	9.010562E2	6.566982E1	8.385022E1
2.758800E1	5.517600E4	-2.016575E1	-2.090119E1	2.904337E1	1.222660E5	9.339956E2	6.686610E1	8.530884E1
2.759200E1	5.518400E4	-1.864306E1	-2.204450E1	2.887081E1	1.222698E5	9.026719E2	6.838878E1	8.645214E1
2.759600E1	5.519200E4	-1.722949E1	-2.307085E1	2.879444E1	1.222732E5	8.887353E2	6.980236E1	8.747850E1
2.760000E1	5.520000E4	-1.568413E1	-2.404897E1	2.871141E1	1.222769E5	8.875507E2	7.134772E1	8.845661E1
2.760400E1	5.520800E4	-1.419241E1	-2.493020E1	2.868692E1	1.222803E5	9.116022E2	7.283944E1	8.933784E1
2.760800E1	5.521600E4	-1.244318E1	-2.571870E1	2.857069E1	1.222842E5	8.995981E2	7.458867E1	9.012634E1
2.761200E1	5.522400E4	-1.092526E1	-2.643400E1	2.860276E1	1.222875E5	8.523693E2	7.610659E1	9.084165E1
2.761600E1	5.523200E4	-9.252884E0	-2.687294E1	2.842131E1	1.222910E5	9.072935E2	7.777896E1	9.128059E1
2.762000E1	5.524000E4	-7.457334E0	-2.745301E1	2.844784E1	1.222948E5	9.114527E2	7.957451E1	9.186065E1
2.762400E1	5.524800E4	-5.790081E0	-2.793966E1	2.853331E1	1.222983E5	8.836633E2	8.124177E1	9.234731E1
2.762800E1	5.525600E4	-4.017877E0	-2.813318E1	2.841864E1	1.223019E5	9.088079E2	8.301397E1	9.254082E1
2.763200E1	5.526400E4	-2.184387E0	-2.814773E1	2.823237E1	1.223056E5	9.219180E2	8.484746E1	9.255538E1
2.763600E1	5.527200E4	-3.699964E-1	-2.817140E1	2.817383E1	1.223092E5	8.633639E2	8.666185E1	9.257904E1
2.764000E1	5.528000E4	1.209792E0	-2.805255E1	2.807862E1	1.223125E5	8.354769E2	8.824164E1	9.246019E1
2.764400E1	5.528800E4	2.892423E0	-2.784041E1	2.799026E1	1.223159E5	9.233140E2	8.992427E1	9.224805E1
2.764800E1	5.529600E4	4.783347E0	-2.753241E1	2.794483E1	1.223199E5	9.586214E2	9.181519E1	9.194005E1
2.765200E1	5.530400E4	6.598287E0	-2.727338E1	2.806020E1	1.223236E5	8.863942E2	9.363013E1	9.168103E1
2.765600E1	5.531200E4	8.117288E0	-2.663845E1	2.784775E1	1.223269E5	8.599366E2	9.514914E1	9.104609E1
2.766000E1	5.532000E4	9.715809E0	-2.601405E1	2.776918E1	1.223305E5	9.156798E2	9.674766E1	9.042169E1
2.766400E1	5.532800E4	1.139211E1	-2.526305E1	2.771285E1	1.223343E5	9.293413E2	9.842396E1	8.967069E1
2.766800E1	5.533600E4	1.285535E1	-2.426464E1	2.745965E1	1.223379E5	9.230122E2	9.988720E1	8.867228E1
2.767200E1	5.534400E4	1.437091E1	-2.330796E1	2.738219E1	1.223417E5	8.887453E2	1.014028E2	8.771560E1
2.767600E1	5.535200E4	1.560216E1	-2.226193E1	2.718494E1	1.223450E5	8.726384E2	1.026340E2	8.666957E1
2.768000E1	5.536000E4	1.689262E1	-2.113248E1	2.705443E1	1.223486E5	9.206125E2	1.039245E2	8.554012E1
2.768400E1	5.536800E4	1.825480E1	-1.999899E1	2.707762E1	1.223524E5	8.899557E2	1.052867E2	8.440663E1
2.768800E1	5.537600E4	1.932369E1	-1.881947E1	2.697364E1	1.223558E5	8.630267E2	1.063555E2	8.322711E1
2.769200E1	5.538400E4	2.040111E1	-1.755168E1	2.691221E1	1.223593E5	8.621727E2	1.074330E2	8.195932E1
2.769600E1	5.539200E4	2.134079E1	-1.628399E1	2.684395E1	1.223627E5	9.187533E2	1.083726E2	8.069163E1
2.770000E1	5.540000E4	2.229443E1	-1.467611E1	2.669138E1	1.223666E5	9.295195E2	1.093263E2	7.908376E1
2.770400E1	5.540800E4	2.309874E1	-1.328725E1	2.664775E1	1.223701E5	9.069528E2	1.101306E2	7.769489E1
2.770800E1	5.541600E4	2.391619E1	-1.171680E1	2.663207E1	1.223739E5	9.272905E2	1.109480E2	7.612444E1
2.771200E1	5.542400E4	2.455699E1	-1.016721E1	2.657852E1	1.223775E5	8.987351E2	1.115888E2	7.457485E1
2.771600E1	5.543200E4	2.503267E1	-8.575896E0	2.646093E1	1.223811E5	8.763387E2	1.120645E2	7.298354E1
2.772000E1	5.544000E4	2.547424E1	-7.055092E0	2.643315E1	1.223845E5	8.682383E2	1.125061E2	7.146274E1
2.772400E1	5.544800E4	2.578135E1	-5.463511E0	2.635390E1	1.223880E5	8.720273E2	1.128132E2	6.987115E1
2.772800E1	5.545600E4	2.611300E1	-3.904410E0	2.640328E1	1.223915E5	9.083665E2	1.131448E2	6.831205E1
2.773200E1	5.546400E4	2.623038E1	-2.155613E0	2.631880E1	1.223953E5	9.340597E2	1.132622E2	6.656326E1
2.773600E1	5.547200E4	2.629281E1	-4.733461E-1	2.629708E1	1.223990E5	8.611979E2	1.133247E2	6.488099E1
2.774000E1	5.548000E4	2.621512E1	1.003221E0	2.623431E1	1.224022E5	8.668944E2	1.132470E2	6.340442E1
2.774400E1	5.548800E4	2.602576E1	2.691235E0	2.616454E1	1.224059E5	9.206667E2	1.130576E2	6.171641E1
2.774800E1	5.549600E4	2.591457E1	4.363075E0	2.627930E1	1.224096E5	8.985444E2	1.129464E2	6.004457E1
2.775200E1	5.550400E4	2.553736E1	5.939033E0	2.621886E1	1.224131E5	8.668558E2	1.125692E2	5.846861E1
2.775600E1	5.551200E4	2.513093E1	7.440185E0	2.620915E1	1.224165E5	8.564751E2	1.121628E2	5.696746E1
2.776000E1	5.552000E4	2.462292E1	8.934734E0	2.619385E1	1.224199E5	8.651930E2	1.116548E2	5.547291E1
2.776400E1	5.552800E4	2.403435E1	1.040722E1	2.619084E1	1.224234E5	8.425553E2	1.110662E2	5.400043E1
2.776800E1	5.553600E4	2.344066E1	1.178142E1	2.623483E1	1.224267E5	8.502937E2	1.104725E2	5.262623E1
2.777200E1	5.554400E4	2.270286E1	1.322168E1	2.627228E1	1.224302E5	8.353852E2	1.097347E2	5.118596E1
2.777600E1	5.555200E4	2.207487E1	1.453771E1	2.643190E1	1.224334E5	8.011836E2	1.091067E2	4.986993E1
2.778000E1	5.556000E4	2.114039E1	1.571462E1	2.634133E1	1.224366E5	8.529056E2	1.081722E2	4.869302E1
2.778400E1	5.556800E4	2.021118E1	1.707415E1	2.645786E1	1.224402E5	8.574518E2	1.072430E2	4.733349E1
2.778800E1	5.557600E4	1.923222E1	1.824096E1	2.650681E1	1.224435E5	8.114503E2	1.062641E2	4.616669E1
2.779200E1	5.558400E4	1.818217E1	1.928251E1	2.650295E1	1.224467E5	7.908947E2	1.052140E2	4.512513E1
2.779600E1	5.559200E4	1.713873E1	2.028948E1	2.655935E1	1.224498E5	7.903083E2	1.041706E2	4.411816E1
2.780000E1	5.560000E4	1.602326E1	2.126727E1	2.662784E1	1.224530E5	7.915430E2	1.030551E2	4.314037E1
2.780400E1	5.560800E4	1.487275E1	2.216993E1	2.669653E1	1.224561E5	7.761679E2	1.019046E2	4.223771E1
2.780800E1	5.561600E4	1.372873E1	2.304306E1	2.682276E1	1.224592E5	7.520834E2	1.007606E2	4.136458E1
2.781200E1	5.562400E4	1.257615E1	2.381339E1	2.693023E1	1.224622E5	8.219162E2	9.960800E1	4.059425E1
2.781600E1	5.563200E4	1.109364E1	2.467232E1	2.705166E1	1.224658E5	8.499578E2	9.812549E1	3.973532E1
2.782000E1	5.564000E4	9.775613E0	2.541404E1	2.722932E1	1.224690E5	7.170893E2	9.680746E1	3.899360E1
2.782400E1	5.564800E4	8.635404E0	2.584771E1	2.725205E1	1.224715E5	7.689229E2	9.566725E1	3.855993E1
2.782800E1	5.565600E4	7.026475E0	2.642960E1	2.734767E1	1.224751E5	7.993338E2	9.405832E1	3.797804E1
2.783200E1	5.566400E4	5.717877E0	2.671890E1	2.732387E1	1.224779E5	7.090468E2	9.274972E1	3.768874E1
2.783600E1	5.567200E4	4.400946E0	2.712521E1	2.747991E1	1.224808E5	7.547718E2	9.143279E1	3.728243E1
2.784000E1	5.568000E4	2.901434E0	2.741658E1	2.756968E1	1.224840E5	7.572899E2	8.993328E1	3.699106E1
2.784400E1	5.568800E4	1.514849E0	2.746170E1	2.750345E1	1.224868E5	7.526206E2	8.854670E1	3.694595E1
2.784800E1	5.569600E4	9.629059E-3	2.754182E1	2.754182E1	1.224900E5	7.471093E2	8.704148E1	3.686583E1
2.785200E1	5.570400E4	-1.352349E0	2.745915E1	2.749243E1	1.224928E5	7.498014E2	8.567950E1	3.694850E1
2.785600E1	5.571200E4	-2.876489E0	2.746766E1	2.761787E1	1.224960E5	7.252369E2	8.415536E1	3.693998E1
2.786000E1	5.572000E4	-4.158690E0	2.742874E1	2.774222E1	1.224986E5	6.669016E2	8.287316E1	3.697890E1
2.786400E1	5.572800E4	-5.444390E0	2.721291E1	2.775219E1	1.225013E5	7.090307E2	8.158746E1	3.719473E1
2.786800E1	5.573600E4	-6.887087E0	2.703163E1	2.789518E1	1.225043E5	6.850037E2	8.014476E1	3.737601E1
2.787200E1	5.574400E4	-8.116488E0	2.689393E1	2.809200E1	1.225068E5	6.664760E2	7.891536E1	3.751372E1
2.787600E1	5.575200E4	-9.442717E0	2.648099E1	2.811419E1	1.225096E5	7.081331E2	7.758913E1	3.792665E1
2.788000E1	5.576000E4	-1.075002E1	2.600587E1	2.814015E1	1.225125E5	7.036605E2	7.628183E1	3.840177E1
2.788400E1	5.576800E4	-1.208121E1	2.561033E1	2.831686E1	1.225153E5	6.666667E2	7.495064E1	3.879731E1
2.788800E1	5.577600E4	-1.328058E1	2.519737E1	2.848300E1	1.225178E5	6.710128E2	7.375126E1	3.921027E1
2.789200E1	5.578400E4	-1.446224E1	2.443208E1	2.839160E1	1.225206E5	7.201439E2	7.256960E1	3.997556E1
2.789600E1	5.579200E4	-1.572771E1	2.371414E1	2.845560E1	1.225236E5	7.017452E2	7.130413E1	4.069350E1
2.790000E1	5.580000E4	-1.692663E1	2.309616E1	2.863465E1	1.225262E5	6.767087E2	7.010522E1	4.131149E1
2.790400E1	5.580800E4	-1.793379E1	2.217261E1	2.851746E1	1.225290E5	6.872244E2	6.909806E1	4.223503E1
2.790800E1	5.581600E4	-1.899685E1	2.129569E1	2.853746E1	1.225317E5	6.969952E2	6.803500E1	4.311196E1
2.791200E1	5.582400E4	-1.997971E1	2.030114E1	2.848377E1	1.225345E5	7.017517E2	6.705214E1	4.410650E1
2.791600E1	5.583200E4	-2.094576E1	1.929531E1	2.847865E1	1.225373E5	7.013433E2	6.608609E1	4.511233E1
2.792000E1	5.584000E4	-2.190612E1	1.828160E1	2.853235E1	1.225402E5	7.016376E2	6.512573E1	4.612605E1
2.792400E1	5.584800E4	-2.279500E1	1.720115E1	2.855681E1	1.225430E5	6.991995E2	6.423685E1	4.720649E1
2.792800E1	5.585600E4	-2.366049E1	1.611158E1	2.862520E1	1.225457E5	6.926096E2	6.337135E1	4.829606E1
2.793200E1	5.586400E4	-2.449406E1	1.500845E1	2.872652E1	1.225485E5	6.849814E2	6.253779E1	4.939919E1
2.793600E1	5.587200E4	-2.523914E1	1.385985E1	2.879427E1	1.225512E5	6.534333E2	6.179271E1	5.054779E1
2.794000E1	5.588000E4	-2.579468E1	1.273169E1	2.876563E1	1.225537E5	6.431999E2	6.123717E1	5.167595E1
2.794400E1	5.588800E4	-2.637415E1	1.153761E1	2.878737E1	1.225564E5	7.311319E2	6.065769E1	5.287003E1
2.794800E1	5.589600E4	-2.701512E1	1.005804E1	2.882674E1	1.225596E5	7.308559E2	6.001673E1	5.434960E1
2.795200E1	5.590400E4	-2.743547E1	8.798299E0	2.881172E1	1.225622E5	6.712239E2	5.959637E1	5.560934E1
2.795600E1	5.591200E4	-2.789670E1	7.501568E0	2.888771E1	1.225649E5	7.277197E2	5.913514E1	5.690608E1
2.796000E1	5.592000E4	-2.818113E1	5.968907E0	2.880631E1	1.225680E5	6.878570E2	5.885072E1	5.843874E1
2.796400E1	5.592800E4	-2.835201E1	4.769040E0	2.875030E1	1.225705E5	6.559260E2	5.867984E1	5.963860E1
2.796800E1	5.593600E4	-2.864980E1	3.371354E0	2.884748E1	1.225733E5	7.357341E2	5.838204E1	6.103629E1
2.797200E1	5.594400E4	-2.880288E1	1.843601E0	2.886183E1	1.225763E5	7.082565E2	5.822896E1	6.256404E1
2.797600E1	5.595200E4	-2.881385E1	5.257561E-1	2.881865E1	1.225790E5	6.987105E2	5.821799E1	6.388189E1
2.798000E1	5.596000E4	-2.884988E1	-9.708207E-1	2.886621E1	1.225819E5	7.264574E2	5.818197E1	6.537846E1
2.798400E1	5.596800E4	-2.880159E1	-2.401488E0	2.890154E1	1.225848E5	6.737342E2	5.823025E1	6.680913E1
2.798800E1	5.597600E4	-2.863892E1	-3.677466E0	2.887406E1	1.225873E5	6.813589E2	5.839293E1	6.808511E1
2.799200E1	5.598400E4	-2.847047E1	-5.131465E0	2.892921E1	1.225902E5	7.258988E2	5.856138E1	6.953911E1
2.799600E1	5.599200E4	-2.812880E1	-6.558397E0	2.888325E1	1.225931E5	7.361945E2	5.890305E1	7.096604E1
2.800000E1	5.600000E4	-2.772837E1	-8.006918E0	2.886127E1	1.225961E5	7.009657E2	5.930348E1	7.241456E1
2.800400E1	5.600800E4	-2.738665E1	-9.286980E0	2.891845E1	1.225987E5	6.787221E2	5.964519E1	7.369462E1
2.800800E1	5.601600E4	-2.689963E1	-1.061586E1	2.891862E1	1.226015E5	7.371012E2	6.013222E1	7.502350E1
2.801200E1	5.602400E4	-2.630100E1	-1.205760E1	2.893317E1	1.226046E5	7.404825E2	6.073085E1	7.646524E1
2.801600E1	5.603200E4	-2.558535E1	-1.329641E1	2.883409E1	1.226075E5	6.920382E2	6.144650E1	7.770406E1
2.802000E1	5.604000E4	-2.488382E1	-1.446252E1	2.878140E1	1.226102E5	7.215543E2	6.214802E1	7.887016E1
2.802400E1	5.604800E4	-2.413674E1	-1.581439E1	2.885614E1	1.226132E5	7.348206E2	6.289511E1	8.022203E1
2.802800E1	5.605600E4	-2.332982E1	-1.697736E1	2.885327E1	1.226160E5	6.782524E2	6.370203E1	8.138501E1
2.803200E1	5.606400E4	-2.260304E1	-1.808181E1	2.894563E1	1.226187E5	6.662782E2	6.442880E1	8.248945E1
2.803600E1	5.607200E4	-2.168820E1	-1.910324E1	2.890176E1	1.226214E5	6.861453E2	6.534365E1	8.351089E1
2.804000E1	5.608000E4	-2.071280E1	-2.010577E1	2.886628E1	1.226241E5	6.969144E2	6.631905E1	8.451341E1
2.804400E1	5.608800E4	-1.967592E1	-2.106246E1	2.882307E1	1.226269E5	7.105273E2	6.735593E1	8.547011E1
2.804800E1	5.609600E4	-1.858629E1	-2.201901E1	2.881470E1	1.226298E5	7.158214E2	6.844555E1	8.642665E1
2.805200E1	5.610400E4	-1.748175E1	-2.292807E1	2.883241E1	1.226327E5	7.128066E2	6.955010E1	8.733571E1
2.805600E1	5.611200E4	-1.630956E1	-2.376135E1	2.882019E1	1.226355E5	7.627444E2	7.072228E1	8.816899E1
2.806000E1	5.612000E4	-1.489550E1	-2.457395E1	2.873595E1	1.226388E5	7.722375E2	7.213635E1	8.898160E1
2.806400E1	5.612800E4	-1.363668E1	-2.533938E1	2.877574E1	1.226417E5	6.837302E2	7.339517E1	8.974703E1
2.806800E1	5.613600E4	-1.243524E1	-2.577827E1	2.862087E1	1.226442E5	6.602671E2	7.459661E1	9.018591E1
2.807200E1	5.614400E4	-1.119677E1	-2.637116E1	2.864971E1	1.226470E5	7.153301E2	7.583508E1	9.077880E1
2.807600E1	5.615200E4	-9.753268E0	-2.675378E1	2.847615E1	1.226500E5	7.380767E2	7.727858E1	9.116143E1
2.808000E1	5.616000E4	-8.394172E0	-2.728453E1	2.854659E1	1.226529E5	6.881384E2	7.863768E1	9.169218E1
2.808400E1	5.616800E4	-7.122707E0	-2.749286E1	2.840053E1	1.226555E5	7.238086E2	7.990914E1	9.190050E1
2.808800E1	5.617600E4	-5.584801E0	-2.792330E1	2.847632E1	1.226587E5	7.459158E2	8.144705E1	9.233095E1
2.809200E1	5.618400E4	-4.219910E0	-2.804444E1	2.836015E1	1.226614E5	7.270432E2	8.281194E1	9.245209E1
2.809600E1	5.619200E4	-2.710481E0	-2.818105E1	2.831110E1	1.226645E5	7.025971E2	8.432137E1	9.258869E1
2.810000E1	5.620000E4	-1.444790E0	-2.816594E1	2.820297E1	1.226671E5	6.752875E2	8.558706E1	9.257358E1
2.810400E1	5.620800E4	-4.485813E-2	-2.806968E1	2.806972E1	1.226699E5	7.294808E2	8.698699E1	9.247733E1
2.810800E1	5.621600E4	1.418993E0	-2.801717E1	2.805308E1	1.226729E5	7.106668E2	8.845084E1	9.242481E1
2.811200E1	5.622400E4	2.726986E0	-2.784313E1	2.797635E1	1.226756E5	7.233858E2	8.975883E1	9.225077E1
2.811600E1	5.623200E4	4.230850E0	-2.769242E1	2.801375E1	1.226787E5	7.246153E2	9.126270E1	9.210006E1
2.812000E1	5.624000E4	5.535716E0	-2.747713E1	2.802921E1	1.226814E5	6.879437E2	9.256756E1	9.188477E1
2.812400E1	5.624800E4	6.863034E0	-2.714230E1	2.799653E1	1.226842E5	7.205535E2	9.389488E1	9.154995E1
2.812800E1	5.625600E4	8.226394E0	-2.664906E1	2.788989E1	1.226872E5	7.121920E2	9.525824E1	9.105671E1
2.813200E1	5.626400E4	9.470612E0	-2.618003E1	2.784037E1	1.226899E5	6.618639E2	9.650246E1	9.058767E1
2.813600E1	5.627200E4	1.055529E1	-2.554571E1	2.764050E1	1.226925E5	6.915496E2	9.758713E1	8.995335E1
2.814000E1	5.628000E4	1.185163E1	-2.493704E1	2.761009E1	1.226954E5	7.510991E2	9.888347E1	8.934468E1
2.814400E1	5.628800E4	1.313374E1	-2.423084E1	2.756136E1	1.226985E5	7.549304E2	1.001656E2	8.863849E1
2.814800E1	5.629600E4	1.430679E1	-2.338373E1	2.741319E1	1.227015E5	7.145449E2	1.013386E2	8.779137E1
2.815200E1	5.630400E4	1.528847E1	-2.251727E1	2.721699E1	1.227042E5	6.830920E2	1.023203E2	8.692491E1
2.815600E1	5.631200E4	1.641094E1	-2.183815E1	2.731710E1	1.227069E5	6.852673E2	1.034428E2	8.624580E1
2.816000E1	5.632000E4	1.734321E1	-2.092168E1	2.717542E1	1.227097E5	6.915472E2	1.043751E2	8.532932E1
2.816400E1	5.632800E4	1.827575E1	-1.997490E1	2.707397E1	1.227125E5	7.166834E2	1.053076E2	8.438254E1
2.816800E1	5.633600E4	1.923102E1	-1.897046E1	2.701316E1	1.227154E5	7.230848E2	1.062629E2	8.337811E1
2.817200E1	5.634400E4	2.011580E1	-1.795959E1	2.696651E1	1.227182E5	7.101113E2	1.071477E2	8.236724E1
2.817600E1	5.635200E4	2.096313E1	-1.693223E1	2.694723E1	1.227211E5	7.032043E2	1.079950E2	8.133987E1
2.818000E1	5.636000E4	2.175331E1	-1.588208E1	2.693412E1	1.227239E5	7.120303E2	1.087852E2	8.028972E1
2.818400E1	5.636800E4	2.248581E1	-1.473229E1	2.688219E1	1.227268E5	6.713002E2	1.095177E2	7.913993E1
2.818800E1	5.637600E4	2.300534E1	-1.369368E1	2.677242E1	1.227292E5	6.616472E2	1.100372E2	7.810132E1
2.819200E1	5.638400E4	2.364545E1	-1.254018E1	2.676497E1	1.227321E5	6.709894E2	1.106773E2	7.694783E1
2.819600E1	5.639200E4	2.404686E1	-1.141564E1	2.661895E1	1.227346E5	7.339768E2	1.110787E2	7.582328E1
2.820000E1	5.640000E4	2.454883E1	-9.951821E0	2.648931E1	1.227379E5	7.343684E2	1.115807E2	7.435946E1
2.820400E1	5.640800E4	2.489785E1	-8.826526E0	2.641611E1	1.227405E5	6.636901E2	1.119297E2	7.323417E1
2.820800E1	5.641600E4	2.533721E1	-7.629285E0	2.646092E1	1.227432E5	6.733998E2	1.123691E2	7.203693E1
2.821200E1	5.642400E4	2.550632E1	-6.422224E0	2.630242E1	1.227459E5	6.913780E2	1.125382E2	7.082987E1
2.821600E1	5.643200E4	2.571858E1	-5.104799E0	2.622031E1	1.227488E5	7.169183E2	1.127504E2	6.951244E1
2.822000E1	5.644000E4	2.607075E1	-3.848565E0	2.635328E1	1.227516E5	6.741294E2	1.131026E2	6.825621E1
2.822400E1	5.644800E4	2.623379E1	-2.680232E0	2.637035E1	1.227542E5	6.412319E2	1.132656E2	6.708788E1
2.822800E1	5.645600E4	2.627316E1	-1.499950E0	2.631595E1	1.227567E5	6.360916E2	1.133050E2	6.590759E1
2.823200E1	5.646400E4	2.619594E1	-3.405339E-1	2.619816E1	1.227593E5	6.815832E2	1.132278E2	6.474818E1
2.823600E1	5.647200E4	2.618302E1	9.990608E-1	2.620207E1	1.227622E5	7.139198E2	1.132149E2	6.340858E1
2.824000E1	5.648000E4	2.617368E1	2.274520E0	2.627233E1	1.227650E5	6.306316E2	1.132055E2	6.213312E1
2.824400E1	5.648800E4	2.604424E1	3.304109E0	2.625299E1	1.227672E5	5.833147E2	1.130761E2	6.110353E1
2.824800E1	5.649600E4	2.596426E1	4.406957E0	2.633560E1	1.227696E5	5.915576E2	1.129961E2	6.000069E1
2.825200E1	5.650400E4	2.573004E1	5.451574E0	2.630123E1	1.227720E5	6.213782E2	1.127619E2	5.895607E1
2.825600E1	5.651200E4	2.542685E1	6.625153E0	2.627579E1	1.227746E5	7.099278E2	1.124587E2	5.778249E1
2.826000E1	5.652000E4	2.501221E1	7.954573E0	2.624664E1	1.227776E5	6.834447E2	1.120441E2	5.645307E1
2.826400E1	5.652800E4	2.468307E1	9.018892E0	2.627916E1	1.227801E5	6.197925E2	1.117149E2	5.538875E1
2.826800E1	5.653600E4	2.438131E1	1.014918E1	2.640935E1	1.227826E5	6.058648E2	1.114132E2	5.425846E1
2.827200E1	5.654400E4	2.384637E1	1.107853E1	2.629417E1	1.227849E5	6.051356E2	1.108782E2	5.332911E1
2.827600E1	5.655200E4	2.341003E1	1.215614E1	2.637804E1	1.227874E5	6.167286E2	1.104419E2	5.225150E1
2.828000E1	5.656000E4	2.283171E1	1.310361E1	2.632473E1	1.227899E5	6.056600E2	1.098636E2	5.130404E1
2.828400E1	5.656800E4	2.233367E1	1.411157E1	2.641835E1	1.227923E5	6.064869E2	1.093655E2	5.029608E1
2.828800E1	5.657600E4	2.167977E1	1.501421E1	2.637118E1	1.227947E5	5.976004E2	1.087116E2	4.939343E1
2.829200E1	5.658400E4	2.115259E1	1.597879E1	2.650951E1	1.227971E5	6.066572E2	1.081844E2	4.842885E1
2.829600E1	5.659200E4	2.045240E1	1.689421E1	2.652763E1	1.227996E5	6.187964E2	1.074842E2	4.751343E1
2.830000E1	5.660000E4	1.970938E1	1.775761E1	2.652908E1	1.228020E5	6.041446E2	1.067412E2	4.665004E1
2.830400E1	5.660800E4	1.906740E1	1.866614E1	2.668315E1	1.228044E5	5.834136E2	1.060992E2	4.574150E1
2.830800E1	5.661600E4	1.835321E1	1.946594E1	2.675375E1	1.228067E5	5.454273E2	1.053851E2	4.494170E1
2.831200E1	5.662400E4	1.754743E1	2.001193E1	2.661559E1	1.228088E5	5.663109E2	1.045793E2	4.439571E1
2.831600E1	5.663200E4	1.667282E1	2.074851E1	2.661735E1	1.228112E5	6.091569E2	1.037047E2	4.365914E1
2.832000E1	5.664000E4	1.583643E1	2.150154E1	2.670410E1	1.228136E5	5.120560E2	1.028683E2	4.290610E1
2.832400E1	5.664800E4	1.520662E1	2.197117E1	2.672029E1	1.228153E5	4.932579E2	1.022385E2	4.243647E1
2.832800E1	5.665600E4	1.437488E1	2.262802E1	2.680792E1	1.228176E5	5.867309E2	1.014067E2	4.177962E1
2.833200E1	5.666400E4	1.344292E1	2.328952E1	2.689077E1	1.228200E5	5.304421E2	1.004748E2	4.111813E1
2.833600E1	5.667200E4	1.271735E1	2.373467E1	2.692704E1	1.228218E5	4.944231E2	9.974919E1	4.067297E1
2.834000E1	5.668000E4	1.189017E1	2.433690E1	2.708617E1	1.228240E5	5.056559E2	9.892202E1	4.007075E1
2.834400E1	5.668800E4	1.107806E1	2.472161E1	2.709025E1	1.228259E5	5.002205E2	9.810991E1	3.968603E1
2.834800E1	5.669600E4	1.021841E1	2.524478E1	2.723444E1	1.228280E5	5.450099E2	9.725026E1	3.916286E1
2.835200E1	5.670400E4	9.191422E0	2.556143E1	2.716374E1	1.228302E5	5.031883E2	9.622327E1	3.884622E1
2.835600E1	5.671200E4	8.376741E0	2.576371E1	2.709130E1	1.228320E5	4.916156E2	9.540859E1	3.864393E1
2.836000E1	5.672000E4	7.438936E0	2.621051E1	2.724571E1	1.228342E5	5.477964E2	9.447078E1	3.819713E1
2.836400E1	5.672800E4	6.418743E0	2.647346E1	2.724050E1	1.228364E5	5.242037E2	9.345059E1	3.793418E1
2.836800E1	5.673600E4	5.500020E0	2.667320E1	2.723435E1	1.228383E5	5.175994E2	9.253187E1	3.773445E1
2.837200E1	5.674400E4	4.522360E0	2.705906E1	2.743437E1	1.228405E5	5.237476E2	9.155421E1	3.734858E1
2.837600E1	5.675200E4	3.563696E0	2.721161E1	2.744398E1	1.228425E5	5.047721E2	9.059554E1	3.719603E1
2.838000E1	5.676000E4	2.606488E0	2.731964E1	2.744370E1	1.228446E5	5.034019E2	8.963834E1	3.708800E1
2.838400E1	5.676800E4	1.643069E0	2.738224E1	2.743150E1	1.228466E5	5.097975E2	8.867492E1	3.702540E1
2.838800E1	5.677600E4	6.557850E-1	2.738985E1	2.739770E1	1.228486E5	4.601356E2	8.768763E1	3.701780E1
2.839200E1	5.678400E4	-1.189630E-1	2.757580E1	2.757606E1	1.228502E5	4.000333E2	8.691288E1	3.683184E1
2.839600E1	5.679200E4	-8.879326E-1	2.781049E1	2.782467E1	1.228518E5	4.171046E2	8.614391E1	3.659715E1
2.840000E1	5.680000E4	-1.745206E0	2.786333E1	2.791793E1	1.228536E5	4.587906E2	8.528664E1	3.654431E1
2.840400E1	5.680800E4	-2.682235E0	2.786096E1	2.798977E1	1.228555E5	4.706888E2	8.434961E1	3.654669E1
2.840800E1	5.681600E4	-3.591601E0	2.784585E1	2.807652E1	1.228573E5	4.577648E2	8.344025E1	3.656179E1
2.841200E1	5.682400E4	-4.479948E0	2.777934E1	2.813826E1	1.228592E5	4.619559E2	8.255190E1	3.662831E1
2.841600E1	5.683200E4	-5.395317E0	2.764015E1	2.816181E1	1.228610E5	4.377729E2	8.163653E1	3.676749E1
2.842000E1	5.684000E4	-6.214283E0	2.765744E1	2.834698E1	1.228627E5	4.220595E2	8.081756E1	3.675020E1
2.842400E1	5.684800E4	-7.058314E0	2.744727E1	2.834030E1	1.228644E5	4.313666E2	7.997353E1	3.696038E1
2.842800E1	5.685600E4	-7.827699E0	2.709436E1	2.820243E1	1.228661E5	4.371611E2	7.920415E1	3.731328E1
2.843200E1	5.686400E4	-8.675579E0	2.682979E1	2.819758E1	1.228679E5	4.579303E2	7.835627E1	3.757785E1
2.843600E1	5.687200E4	-9.569382E0	2.661245E1	2.828066E1	1.228698E5	4.701943E2	7.746246E1	3.779519E1
2.844000E1	5.688000E4	-1.049668E1	2.640315E1	2.841314E1	1.228717E5	4.772372E2	7.653517E1	3.800449E1
2.844400E1	5.688800E4	-1.132891E1	2.593626E1	2.830254E1	1.228736E5	4.593626E2	7.570294E1	3.847138E1
2.844800E1	5.689600E4	-1.219972E1	2.574426E1	2.848860E1	1.228754E5	4.016117E2	7.483213E1	3.866338E1
2.845200E1	5.690400E4	-1.283666E1	2.540290E1	2.846203E1	1.228768E5	4.146128E2	7.419518E1	3.900475E1
2.845600E1	5.691200E4	-1.361787E1	2.490213E1	2.838244E1	1.228787E5	4.493164E2	7.341398E1	3.950551E1
2.846000E1	5.692000E4	-1.438545E1	2.451643E1	2.842528E1	1.228804E5	4.603933E2	7.264639E1	3.989121E1
2.846400E1	5.692800E4	-1.524179E1	2.405855E1	2.848028E1	1.228824E5	4.327379E2	7.179006E1	4.034909E1
2.846800E1	5.693600E4	-1.585073E1	2.361959E1	2.844522E1	1.228839E5	4.014493E2	7.118111E1	4.078806E1
2.847200E1	5.694400E4	-1.661556E1	2.323661E1	2.856601E1	1.228856E5	4.321469E2	7.041629E1	4.117104E1
2.847600E1	5.695200E4	-1.732236E1	2.272065E1	2.857083E1	1.228873E5	4.471357E2	6.970949E1	4.168699E1
2.848000E1	5.696000E4	-1.813088E1	2.227498E1	2.872113E1	1.228891E5	4.358591E2	6.890097E1	4.213267E1
2.848400E1	5.696800E4	-1.871085E1	2.166986E1	2.863003E1	1.228908E5	4.151005E2	6.832099E1	4.273779E1
2.848800E1	5.697600E4	-1.935519E1	2.114846E1	2.866847E1	1.228925E5	4.292333E2	6.767666E1	4.325918E1
2.849200E1	5.698400E4	-2.008190E1	2.061979E1	2.878295E1	1.228942E5	4.207494E2	6.694995E1	4.378785E1
2.849600E1	5.699200E4	-2.062962E1	2.003978E1	2.876063E1	1.228958E5	4.358591E2	6.640223E1	4.436787E1
2.850000E1	5.700000E4	-2.124667E1	1.931284E1	2.871248E1	1.228977E5	4.524042E2	6.578518E1	4.509480E1
2.850400E1	5.700800E4	-2.176391E1	1.862091E1	2.864273E1	1.228995E5	4.187276E2	6.526794E1	4.578674E1
2.850800E1	5.701600E4	-2.239361E1	1.808256E1	2.878285E1	1.229011E5	4.412748E2	6.463824E1	4.632508E1
2.851200E1	5.702400E4	-2.296851E1	1.732037E1	2.876713E1	1.229030E5	4.678541E2	6.406333E1	4.708727E1
2.851600E1	5.703200E4	-2.347157E1	1.654364E1	2.871597E1	1.229048E5	4.635497E2	6.356028E1	4.786400E1
2.852000E1	5.704000E4	-2.402110E1	1.578567E1	2.874371E1	1.229067E5	4.168877E2	6.301075E1	4.862197E1
2.852400E1	5.704800E4	-2.440073E1	1.515417E1	2.872359E1	1.229082E5	4.255967E2	6.263111E1	4.925347E1
2.852800E1	5.705600E4	-2.495616E1	1.435419E1	2.878980E1	1.229101E5	4.687886E2	6.207568E1	5.005346E1
2.853200E1	5.706400E4	-2.528776E1	1.349798E1	2.866472E1	1.229119E5	4.310654E2	6.174409E1	5.090966E1
2.853600E1	5.707200E4	-2.565335E1	1.276679E1	2.865458E1	1.229135E5	4.227252E2	6.137850E1	5.164085E1
2.854000E1	5.708000E4	-2.610994E1	1.201498E1	2.874176E1	1.229153E5	4.047208E2	6.092190E1	5.239267E1
2.854400E1	5.708800E4	-2.639995E1	1.132605E1	2.872693E1	1.229168E5	4.396734E2	6.063190E1	5.308160E1
2.854800E1	5.709600E4	-2.680427E1	1.039293E1	2.874860E1	1.229188E5	4.834752E2	6.022758E1	5.401471E1
2.855200E1	5.710400E4	-2.710346E1	9.519327E0	2.872656E1	1.229206E5	4.481445E2	5.992839E1	5.488832E1
2.855600E1	5.711200E4	-2.739822E1	8.695365E0	2.874494E1	1.229224E5	4.267332E2	5.963363E1	5.571228E1
2.856000E1	5.712000E4	-2.778299E1	7.934394E0	2.889376E1	1.229241E5	4.195891E2	5.924886E1	5.647325E1
2.856400E1	5.712800E4	-2.796458E1	7.102695E0	2.885249E1	1.229257E5	4.430954E2	5.906727E1	5.730495E1
2.856800E1	5.713600E4	-2.809364E1	6.173580E0	2.876396E1	1.229276E5	4.473676E2	5.893821E1	5.823406E1
2.857200E1	5.714400E4	-2.817821E1	5.310172E0	2.867419E1	1.229293E5	4.712083E2	5.885364E1	5.909747E1
2.857600E1	5.715200E4	-2.826252E1	4.286462E0	2.858573E1	1.229314E5	4.523940E2	5.876933E1	6.012118E1
2.858000E1	5.716000E4	-2.833665E1	3.505941E0	2.855271E1	1.229329E5	4.446334E2	5.869520E1	6.090170E1
2.858400E1	5.716800E4	-2.863969E1	2.539413E0	2.875206E1	1.229349E5	4.940257E2	5.839215E1	6.186823E1
2.858800E1	5.717600E4	-2.874599E1	1.557255E0	2.878814E1	1.229369E5	4.808306E2	5.828586E1	6.285039E1
2.859200E1	5.718400E4	-2.887472E1	6.151158E-1	2.888127E1	1.229388E5	3.974733E2	5.815712E1	6.379253E1
2.859600E1	5.719200E4	-2.885162E1	-3.974922E-2	2.885165E1	1.229401E5	3.737119E2	5.818023E1	6.444739E1
2.860000E1	5.720000E4	-2.881954E1	-8.902401E-1	2.883329E1	1.229418E5	4.447891E2	5.821230E1	6.529788E1
2.860400E1	5.720800E4	-2.878947E1	-1.830072E0	2.884757E1	1.229436E5	4.611898E2	5.824238E1	6.623771E1
2.860800E1	5.721600E4	-2.873778E1	-2.746294E0	2.886870E1	1.229455E5	4.691789E2	5.829407E1	6.715394E1
2.861200E1	5.722400E4	-2.864491E1	-3.715587E0	2.888489E1	1.229474E5	4.697897E2	5.838693E1	6.812323E1
2.861600E1	5.723200E4	-2.853955E1	-4.631166E0	2.891287E1	1.229492E5	4.760141E2	5.849229E1	6.903881E1
2.862000E1	5.724000E4	-2.840830E1	-5.624373E0	2.895971E1	1.229512E5	4.900626E2	5.862355E1	7.003202E1
2.862400E1	5.724800E4	-2.824811E1	-6.593112E0	2.900733E1	1.229531E5	4.754628E2	5.878373E1	7.100076E1
2.862800E1	5.725600E4	-2.785682E1	-7.465512E0	2.883983E1	1.229550E5	4.683168E2	5.917503E1	7.187316E1
2.863200E1	5.726400E4	-2.773090E1	-8.416932E0	2.898012E1	1.229569E5	3.983067E2	5.930095E1	7.282457E1
2.863600E1	5.727200E4	-2.748811E1	-9.031757E0	2.893387E1	1.229582E5	3.921854E2	5.954374E1	7.343940E1
2.864000E1	5.728000E4	-2.720078E1	-9.911927E0	2.895046E1	1.229600E5	4.679679E2	5.983106E1	7.431957E1
2.864400E1	5.728800E4	-2.673434E1	-1.076486E1	2.882025E1	1.229619E5	4.735470E2	6.029751E1	7.517250E1
2.864800E1	5.729600E4	-2.639325E1	-1.164634E1	2.884859E1	1.229638E5	4.822682E2	6.063859E1	7.605398E1
2.865200E1	5.730400E4	-2.608388E1	-1.260430E1	2.896959E1	1.229658E5	4.901582E2	6.094796E1	7.701194E1
2.865600E1	5.731200E4	-2.561304E1	-1.346501E1	2.893673E1	1.229677E5	4.828507E2	6.141881E1	7.787265E1
2.866000E1	5.732000E4	-2.520755E1	-1.435112E1	2.900647E1	1.229697E5	4.364812E2	6.182429E1	7.875876E1
2.866400E1	5.732800E4	-2.467265E1	-1.495592E1	2.885168E1	1.229712E5	4.263118E2	6.235920E1	7.936357E1
2.866800E1	5.733600E4	-2.419970E1	-1.575401E1	2.887585E1	1.229731E5	4.699189E2	6.283214E1	8.016166E1
2.867200E1	5.734400E4	-2.363641E1	-1.653964E1	2.884856E1	1.229750E5	4.877879E2	6.339544E1	8.094728E1
2.867600E1	5.735200E4	-2.314956E1	-1.742319E1	2.897360E1	1.229770E5	4.299380E2	6.388229E1	8.183084E1
2.868000E1	5.736000E4	-2.256978E1	-1.790271E1	2.880802E1	1.229784E5	4.224806E2	6.446207E1	8.231035E1
2.868400E1	5.736800E4	-2.199843E1	-1.868660E1	2.886381E1	1.229803E5	4.848663E2	6.503342E1	8.309424E1
2.868800E1	5.737600E4	-2.134911E1	-1.942684E1	2.886497E1	1.229823E5	4.252460E2	6.568274E1	8.383448E1
2.869200E1	5.738400E4	-2.084125E1	-1.994994E1	2.885062E1	1.229837E5	4.326973E2	6.619059E1	8.435759E1
2.869600E1	5.739200E4	-2.010617E1	-2.064859E1	2.882051E1	1.229858E5	5.063130E2	6.692568E1	8.505623E1
2.870000E1	5.740000E4	-1.936408E1	-2.135467E1	2.882688E1	1.229878E5	4.452764E2	6.766777E1	8.576231E1
2.870400E1	5.740800E4	-1.878119E1	-2.185423E1	2.881563E1	1.229893E5	4.416659E2	6.825066E1	8.626187E1
2.870800E1	5.741600E4	-1.800193E1	-2.249589E1	2.881206E1	1.229913E5	5.215384E2	6.902991E1	8.690353E1
2.871200E1	5.742400E4	-1.715135E1	-2.317621E1	2.883237E1	1.229935E5	5.002797E2	6.988050E1	8.758385E1
2.871600E1	5.743200E4	-1.633690E1	-2.362370E1	2.872236E1	1.229953E5	4.386618E2	7.069495E1	8.803135E1
2.872000E1	5.744000E4	-1.571072E1	-2.419825E1	2.885103E1	1.229970E5	4.338466E2	7.132113E1	8.860589E1
2.872400E1	5.744800E4	-1.488952E1	-2.459045E1	2.874696E1	1.229988E5	4.750273E2	7.214233E1	8.899809E1
2.872800E1	5.745600E4	-1.404260E1	-2.513302E1	2.878999E1	1.230008E5	4.833947E2	7.298925E1	8.954067E1
2.873200E1	5.746400E4	-1.315664E1	-2.546027E1	2.865873E1	1.230027E5	5.114934E2	7.387520E1	8.986791E1
2.873600E1	5.747200E4	-1.218127E1	-2.600246E1	2.871431E1	1.230049E5	5.127837E2	7.485058E1	9.041010E1
2.874000E1	5.748000E4	-1.127962E1	-2.628505E1	2.860304E1	1.230068E5	4.458025E2	7.575222E1	9.069269E1
2.874400E1	5.748800E4	-1.047347E1	-2.654080E1	2.853257E1	1.230085E5	4.173526E2	7.655837E1	9.094844E1
2.874800E1	5.749600E4	-9.749820E0	-2.695319E1	2.866241E1	1.230101E5	4.358847E2	7.728203E1	9.136083E1
2.875200E1	5.750400E4	-8.851818E0	-2.716564E1	2.857143E1	1.230120E5	4.570710E2	7.818003E1	9.157328E1
2.875600E1	5.751200E4	-7.941174E0	-2.728022E1	2.841254E1	1.230138E5	4.593766E2	7.909067E1	9.168786E1
2.876000E1	5.752000E4	-7.033381E0	-2.744692E1	2.833376E1	1.230156E5	4.843769E2	7.999847E1	9.185457E1
2.876400E1	5.752800E4	-6.089988E0	-2.780278E1	2.846195E1	1.230176E5	4.958741E2	8.094186E1	9.221043E1
2.876800E1	5.753600E4	-5.134070E0	-2.795687E1	2.842438E1	1.230196E5	4.880947E2	8.189778E1	9.236451E1
2.877200E1	5.754400E4	-4.166023E0	-2.804183E1	2.834960E1	1.230215E5	4.650455E2	8.286582E1	9.244947E1
2.877600E1	5.755200E4	-3.290748E0	-2.807356E1	2.826577E1	1.230233E5	4.509196E2	8.374110E1	9.248120E1
2.878000E1	5.756000E4	-2.386923E0	-2.817178E1	2.827272E1	1.230252E5	4.291760E2	8.464492E1	9.257942E1
2.878400E1	5.756800E4	-1.598728E0	-2.813521E1	2.818059E1	1.230267E5	3.994562E2	8.543312E1	9.254285E1
2.878800E1	5.757600E4	-8.078688E-1	-2.809109E1	2.810271E1	1.230284E5	4.401148E2	8.622398E1	9.249874E1
2.879200E1	5.758400E4	1.315947E-1	-2.806068E1	2.806099E1	1.230303E5	4.585312E2	8.716344E1	9.246833E1
2.879600E1	5.759200E4	9.884445E-1	-2.801182E1	2.802925E1	1.230320E5	4.764367E2	8.802029E1	9.241946E1
2.880000E1	5.760000E4	1.994736E0	-2.796359E1	2.803464E1	1.230341E5	4.873970E2	8.902658E1	9.237123E1
2.880400E1	5.760800E4	2.890426E0	-2.787436E1	2.802382E1	1.230359E5	4.448873E2	8.992227E1	9.228200E1
2.880800E1	5.761600E4	3.724935E0	-2.777182E1	2.802051E1	1.230376E5	4.761875E2	9.075678E1	9.217946E1
2.881200E1	5.762400E4	4.737685E0	-2.763060E1	2.803383E1	1.230397E5	4.719320E2	9.176953E1	9.203824E1
2.881600E1	5.763200E4	5.574726E0	-2.761089E1	2.816805E1	1.230414E5	4.135572E2	9.260657E1	9.201854E1
2.882000E1	5.764000E4	6.339431E0	-2.737609E1	2.810051E1	1.230430E5	4.138591E2	9.337128E1	9.178373E1
2.882400E1	5.764800E4	7.081338E0	-2.694337E1	2.785841E1	1.230447E5	4.390949E2	9.411319E1	9.135102E1
2.882800E1	5.765600E4	7.926627E0	-2.667292E1	2.782582E1	1.230466E5	4.416527E2	9.495847E1	9.108057E1
2.883200E1	5.766400E4	8.725877E0	-2.644834E1	2.785059E1	1.230483E5	4.490118E2	9.575772E1	9.085598E1
2.883600E1	5.767200E4	9.623539E0	-2.623663E1	2.794590E1	1.230501E5	4.148077E2	9.665539E1	9.064427E1
2.884000E1	5.768000E4	1.019039E1	-2.576780E1	2.770963E1	1.230516E5	4.150176E2	9.722223E1	9.017545E1
2.884400E1	5.768800E4	1.101276E1	-2.537232E1	2.765927E1	1.230535E5	4.632502E2	9.804460E1	8.977996E1
2.884800E1	5.769600E4	1.176001E1	-2.489728E1	2.753493E1	1.230553E5	4.543559E2	9.879186E1	8.930492E1
2.885200E1	5.770400E4	1.256296E1	-2.455238E1	2.757983E1	1.230571E5	4.081049E2	9.959481E1	8.896002E1
2.885600E1	5.771200E4	1.315146E1	-2.417352E1	2.751945E1	1.230585E5	4.239775E2	1.001833E2	8.858116E1
2.886000E1	5.772000E4	1.393144E1	-2.366059E1	2.745740E1	1.230605E5	4.405389E2	1.009633E2	8.806823E1
2.886400E1	5.772800E4	1.457730E1	-2.326305E1	2.745300E1	1.230621E5	3.950695E2	1.016091E2	8.767069E1
2.886800E1	5.773600E4	1.512588E1	-2.272298E1	2.729700E1	1.230637E5	4.135056E2	1.021577E2	8.713062E1
2.887200E1	5.774400E4	1.580701E1	-2.225867E1	2.730036E1	1.230654E5	4.524004E2	1.028389E2	8.666631E1
2.887600E1	5.775200E4	1.651476E1	-2.170269E1	2.727167E1	1.230673E5	4.168337E2	1.035466E2	8.611033E1
2.888000E1	5.776000E4	1.702131E1	-2.123455E1	2.721454E1	1.230687E5	4.050134E2	1.040532E2	8.564220E1
2.888400E1	5.776800E4	1.765265E1	-2.066158E1	2.717567E1	1.230705E5	3.930828E2	1.046845E2	8.506923E1
2.888800E1	5.777600E4	1.809021E1	-2.019033E1	2.710913E1	1.230719E5	3.951197E2	1.051221E2	8.459797E1
2.889200E1	5.778400E4	1.868373E1	-1.957154E1	2.705784E1	1.230737E5	4.313544E2	1.057156E2	8.397918E1
2.889600E1	5.779200E4	1.930363E1	-1.909542E1	2.715263E1	1.230753E5	4.071283E2	1.063355E2	8.350307E1
2.890000E1	5.780000E4	1.977592E1	-1.848813E1	2.707209E1	1.230769E5	3.926689E2	1.068078E2	8.289577E1
2.890400E1	5.780800E4	2.030184E1	-1.799188E1	2.712697E1	1.230785E5	3.933122E2	1.073337E2	8.239953E1
2.890800E1	5.781600E4	2.066263E1	-1.729253E1	2.694394E1	1.230801E5	3.996295E2	1.076945E2	8.170017E1
2.891200E1	5.782400E4	2.103357E1	-1.664171E1	2.682084E1	1.230816E5	3.819021E2	1.080654E2	8.104935E1
2.891600E1	5.783200E4	2.147612E1	-1.610756E1	2.684543E1	1.230831E5	3.852794E2	1.085080E2	8.051520E1
2.892000E1	5.784000E4	2.188323E1	-1.547626E1	2.680280E1	1.230847E5	3.752082E2	1.089151E2	7.988390E1
2.892400E1	5.784800E4	2.229778E1	-1.496600E1	2.685465E1	1.230861E5	3.778887E2	1.093296E2	7.937364E1
2.892800E1	5.785600E4	2.257578E1	-1.424184E1	2.669261E1	1.230878E5	3.918596E2	1.096076E2	7.864948E1
2.893200E1	5.786400E4	2.289255E1	-1.361107E1	2.663325E1	1.230893E5	3.750030E2	1.099244E2	7.801871E1
2.893600E1	5.787200E4	2.327747E1	-1.303365E1	2.667802E1	1.230908E5	3.779222E2	1.103093E2	7.744129E1
2.894000E1	5.788000E4	2.348598E1	-1.233605E1	2.652865E1	1.230923E5	3.698522E2	1.105178E2	7.674370E1
2.894400E1	5.788800E4	2.378142E1	-1.174668E1	2.652433E1	1.230937E5	3.714816E2	1.108133E2	7.615432E1
2.894800E1	5.789600E4	2.417046E1	-1.113707E1	2.661289E1	1.230953E5	3.833048E2	1.112023E2	7.554472E1
2.895200E1	5.790400E4	2.441244E1	-1.047344E1	2.656426E1	1.230968E5	3.327768E2	1.114443E2	7.488108E1
2.895600E1	5.791200E4	2.453329E1	-9.950324E0	2.647435E1	1.230979E5	3.205298E2	1.115651E2	7.435797E1
2.896000E1	5.792000E4	2.463123E1	-9.285800E0	2.632344E1	1.230993E5	3.572058E2	1.116631E2	7.369344E1
2.896400E1	5.792800E4	2.483753E1	-8.658613E0	2.630351E1	1.231008E5	3.490043E2	1.118694E2	7.306626E1
2.896800E1	5.793600E4	2.512651E1	-8.098236E0	2.639929E1	1.231021E5	3.497908E2	1.121584E2	7.250588E1
2.897200E1	5.794400E4	2.533385E1	-7.466124E0	2.641112E1	1.231036E5	3.223567E2	1.123657E2	7.187377E1
2.897600E1	5.795200E4	2.541090E1	-6.944581E0	2.634276E1	1.231047E5	3.112845E2	1.124427E2	7.135222E1
2.898000E1	5.796000E4	2.544705E1	-6.311869E0	2.621816E1	1.231061E5	3.685615E2	1.124789E2	7.071951E1
2.898400E1	5.796800E4	2.560656E1	-5.600321E0	2.621182E1	1.231077E5	3.322142E2	1.126384E2	7.000796E1
2.898800E1	5.797600E4	2.563290E1	-5.109281E0	2.613714E1	1.231087E5	2.722693E2	1.126647E2	6.951692E1
2.899200E1	5.798400E4	2.573031E1	-4.610402E0	2.614010E1	1.231098E5	2.952846E2	1.127622E2	6.901804E1
2.899600E1	5.799200E4	2.597913E1	-4.073089E0	2.629649E1	1.231111E5	3.316098E2	1.130110E2	6.848073E1
2.900000E1	5.800000E4	2.616961E1	-3.447932E0	2.639577E1	1.231125E5	2.915470E2	1.132015E2	6.785557E1
2.900400E1	5.800800E4	2.614533E1	-3.014990E0	2.631860E1	1.231134E5	2.886808E2	1.131772E2	6.742263E1
2.900800E1	5.801600E4	2.613919E1	-2.377118E0	2.624705E1	1.231148E5	3.647099E2	1.131710E2	6.678476E1
2.901200E1	5.802400E4	2.624631E1	-1.679066E0	2.629997E1	1.231163E5	3.160194E2	1.132782E2	6.608671E1
2.901600E1	5.803200E4	2.618361E1	-1.220166E0	2.621202E1	1.231173E5	2.820899E2	1.132155E2	6.562781E1
2.902000E1	5.804000E4	2.625800E1	-6.434276E-1	2.626588E1	1.231186E5	2.739139E2	1.132898E2	6.505107E1
2.902400E1	5.804800E4	2.619432E1	-2.179701E-1	2.619523E1	1.231195E5	2.845446E2	1.132262E2	6.462561E1
2.902800E1	5.805600E4	2.623179E1	3.995613E-1	2.623483E1	1.231209E5	2.744581E2	1.132636E2	6.400808E1
2.903200E1	5.806400E4	2.614754E1	7.846746E-1	2.615931E1	1.231217E5	2.638172E2	1.131794E2	6.362297E1
2.903600E1	5.807200E4	2.620875E1	1.365835E0	2.624432E1	1.231230E5	2.707548E2	1.132406E2	6.304181E1
2.904000E1	5.808000E4	2.613333E1	1.774691E0	2.619351E1	1.231239E5	2.593310E2	1.131652E2	6.263295E1
2.904400E1	5.808800E4	2.615048E1	2.314476E0	2.625270E1	1.231251E5	2.513107E2	1.131823E2	6.209317E1
2.904800E1	5.809600E4	2.603149E1	2.687993E0	2.616991E1	1.231259E5	2.572685E2	1.130633E2	6.171965E1
2.905200E1	5.810400E4	2.607351E1	3.255018E0	2.627590E1	1.231271E5	2.635926E2	1.131054E2	6.115263E1
2.905600E1	5.811200E4	2.595562E1	3.649750E0	2.621097E1	1.231280E5	2.495467E2	1.129875E2	6.075789E1
2.906000E1	5.812000E4	2.599857E1	4.170052E0	2.633088E1	1.231291E5	2.407244E2	1.130304E2	6.023759E1
2.906400E1	5.812800E4	2.596983E1	4.546457E0	2.636480E1	1.231299E5	1.805243E2	1.130017E2	5.986119E1
2.906800E1	5.813600E4	2.583914E1	4.815391E0	2.628401E1	1.231306E5	2.059539E2	1.128710E2	5.959225E1
2.907200E1	5.814400E4	2.583083E1	5.291782E0	2.636731E1	1.231316E5	2.334657E2	1.128627E2	5.911586E1
2.907600E1	5.815200E4	2.567963E1	5.657444E0	2.629543E1	1.231324E5	2.268505E2	1.127115E2	5.875020E1
2.908000E1	5.816000E4	2.570087E1	6.119207E0	2.641930E1	1.231334E5	2.046326E2	1.127327E2	5.828844E1
2.908400E1	5.816800E4	2.569505E1	6.435724E0	2.648875E1	1.231341E5	1.915998E2	1.127269E2	5.797192E1
2.908800E1	5.817600E4	2.551176E1	6.800169E0	2.640250E1	1.231349E5	2.457217E2	1.125436E2	5.760747E1
2.909200E1	5.818400E4	2.526809E1	7.258455E0	2.628996E1	1.231360E5	2.119557E2	1.122999E2	5.714919E1
2.909600E1	5.819200E4	2.515201E1	7.508104E0	2.624872E1	1.231366E5	1.477940E2	1.121839E2	5.689954E1
2.910000E1	5.820000E4	2.499456E1	7.741638E0	2.616603E1	1.231372E5	2.005608E2	1.120264E2	5.666601E1
2.910400E1	5.820800E4	2.495745E1	8.217820E0	2.627560E1	1.231382E5	2.018809E2	1.119893E2	5.618982E1
2.910800E1	5.821600E4	2.494214E1	8.502909E0	2.635165E1	1.231388E5	1.379512E2	1.119740E2	5.590473E1
2.911200E1	5.822400E4	2.475115E1	8.681767E0	2.622962E1	1.231393E5	1.740633E2	1.117830E2	5.572588E1
2.911600E1	5.823200E4	2.477353E1	9.123245E0	2.640003E1	1.231402E5	1.740438E2	1.118054E2	5.528440E1
2.912000E1	5.824000E4	2.471834E1	9.350780E0	2.642789E1	1.231407E5	1.627442E2	1.117502E2	5.505686E1
2.912400E1	5.824800E4	2.456534E1	9.685945E0	2.640593E1	1.231415E5	2.206522E2	1.115972E2	5.472170E1
2.912800E1	5.825600E4	2.428141E1	1.005099E1	2.627945E1	1.231425E5	1.925824E2	1.113133E2	5.435665E1
2.913200E1	5.826400E4	2.416871E1	1.028871E1	2.626755E1	1.231431E5	1.165989E2	1.112006E2	5.411893E1
2.913600E1	5.827200E4	2.409343E1	1.043579E1	2.625641E1	1.231434E5	9.524602E1	1.111253E2	5.397185E1
2.914000E1	5.828000E4	2.396577E1	1.058096E1	2.619761E1	1.231438E5	1.616026E2	1.109976E2	5.382668E1
2.914400E1	5.828800E4	2.393813E1	1.101645E1	2.635140E1	1.231447E5	1.726780E2	1.109700E2	5.339120E1
2.914800E1	5.829600E4	2.388840E1	1.124257E1	2.640172E1	1.231452E5	9.240341E1	1.109202E2	5.316507E1
2.915200E1	5.830400E4	2.385748E1	1.135458E1	2.642169E1	1.231455E5	7.098183E1	1.108893E2	5.305307E1
2.915600E1	5.831200E4	2.378375E1	1.148261E1	2.641054E1	1.231458E5	1.151463E2	1.108156E2	5.292504E1
2.916000E1	5.832000E4	2.360800E1	1.170500E1	2.635042E1	1.231464E5	1.926733E2	1.106398E2	5.270264E1
2.916400E1	5.832800E4	2.332900E1	1.204732E1	2.625605E1	1.231473E5	1.785174E2	1.103608E2	5.236032E1
2.916800E1	5.833600E4	2.322183E1	1.224382E1	2.625194E1	1.231478E5	9.278401E1	1.102537E2	5.216382E1
2.917200E1	5.834400E4	2.316301E1	1.234429E1	2.624703E1	1.231481E5	6.438405E1	1.101949E2	5.206335E1
2.917600E1	5.835200E4	2.310006E1	1.244628E1	2.623972E1	1.231483E5	5.745260E1	1.101319E2	5.196136E1
2.918000E1	5.836000E4	2.304249E1	1.251843E1	2.622341E1	1.231485E5	7.726540E1	1.100743E2	5.188922E1
2.918400E1	5.836800E4	2.290720E1	1.266312E1	2.617431E1	1.231489E5	1.314188E2	1.099390E2	5.174453E1
2.918800E1	5.837600E4	2.291704E1	1.300046E1	2.634773E1	1.231496E5	1.204076E2	1.099489E2	5.140719E1
2.919200E1	5.838400E4	2.289298E1	1.316251E1	2.640721E1	1.231499E5	6.603609E1	1.099248E2	5.124513E1
2.919600E1	5.839200E4	2.284512E1	1.323955E1	2.640427E1	1.231501E5	5.031297E1	1.098770E2	5.116809E1
2.920000E1	5.840000E4	2.282147E1	1.333558E1	2.643212E1	1.231503E5	4.215597E1	1.098533E2	5.107206E1
2.920400E1	5.840800E4	2.279088E1	1.338794E1	2.643220E1	1.231504E5	3.708230E1	1.098227E2	5.101970E1
2.920800E1	5.841600E4	2.274310E1	1.344824E1	2.642165E1	1.231506E5	2.730305E1	1.097749E2	5.095941E1
2.921200E1	5.842400E4	2.273208E1	1.347022E1	2.642337E1	1.231506E5	7.607701E1	1.097639E2	5.093742E1
2.921600E1	5.843200E4	2.256571E1	1.366891E1	2.638277E1	1.231512E5	1.714538E2	1.095976E2	5.073873E1
2.922000E1	5.844000E4	2.232159E1	1.395952E1	2.632720E1	1.231520E5	1.397041E2	1.093534E2	5.044813E1
2.922400E1	5.844800E4	2.222776E1	1.406404E1	2.630343E1	1.231523E5	5.928066E1	1.092596E2	5.034361E1
2.922800E1	5.845600E4	2.217634E1	1.412536E1	2.629288E1	1.231525E5	3.501184E1	1.092082E2	5.028229E1
2.923200E1	5.846400E4	2.214828E1	1.416584E1	2.629101E1	1.231526E5	2.576771E1	1.091801E2	5.024180E1
2.923600E1	5.847200E4	2.213220E1	1.420943E1	2.630099E1	1.231527E5	1.891669E1	1.091640E2	5.019821E1
2.924000E1	5.848000E4	2.211191E1	1.422501E1	2.629234E1	1.231528E5	7.900186E0	1.091438E2	5.018263E1
2.924400E1	5.848800E4	2.211232E1	1.423114E1	2.629601E1	1.231528E5	7.142476E0	1.091442E2	5.017650E1
2.924800E1	5.849600E4	2.211422E1	1.425770E1	2.631199E1	1.231528E5	1.914327E1	1.091461E2	5.014994E1
2.925200E1	5.850400E4	2.206363E1	1.428335E1	2.628342E1	1.231529E5	8.593985E0	1.090955E2	5.012429E1
2.925600E1	5.851200E4	2.207855E1	1.427224E1	2.628990E1	1.231529E5	2.268419E0	1.091104E2	5.013541E1
2.926000E1	5.852000E4	2.206476E1	1.429400E1	2.629016E1	1.231529E5	3.476378E0	1.090966E2	5.011364E1
2.926400E1	5.852800E4	2.209253E1	1.429648E1	2.631481E1	1.231529E5	-2.920375E0	1.091244E2	5.011116E1
2.926800E1	5.853600E4	2.207860E1	1.429019E1	2.629969E1	1.231529E5	-1.609105E0	1.091104E2	5.011746E1
2.927200E1	5.854400E4	2.206341E1	1.427061E1	2.627631E1	1.231529E5	-8.511227E-1	1.090953E2	5.013703E1
2.927600E1	5.855200E4	2.207050E1	1.428123E1	2.628803E1	1.231529E5	-2.234019E0	1.091023E2	5.012642E1
2.928000E1	5.856000E4	2.207750E1	1.426996E1	2.628779E1	1.231529E5	-4.344146E0	1.091094E2	5.013769E1
2.928400E1	5.856800E4	2.209414E1	1.427752E1	2.630587E1	1.231529E5	-3.661229E0	1.091260E2	5.013012E1
2.928800E1	5.857600E4	2.208750E1	1.426042E1	2.629101E1	1.231528E5	-6.172842E0	1.091194E2	5.014722E1
2.929200E1	5.858400E4	2.209485E1	1.425099E1	2.629207E1	1.231528E5	-8.026169E0	1.091267E2	5.015665E1
2.929600E1	5.859200E4	2.211920E1	1.424579E1	2.630973E1	1.231528E5	-1.694255E1	1.091511E2	5.016185E1
2.930000E1	5.860000E4	2.213979E1	1.420593E1	2.630549E1	1.231527E5	-1.731759E1	1.091716E2	5.020171E1
2.930400E1	5.860800E4	2.216469E1	1.419938E1	2.632291E1	1.231526E5	-9.103239E0	1.091965E2	5.020827E1
2.930800E1	5.861600E4	2.216374E1	1.418156E1	2.631251E1	1.231526E5	-1.804077E1	1.091956E2	5.022608E1
2.931200E1	5.862400E4	2.220109E1	1.414395E1	2.632375E1	1.231525E5	-9.114748E0	1.092329E2	5.026369E1
2.931600E1	5.863200E4	2.218891E1	1.415790E1	2.632097E1	1.231525E5	-8.748855E0	1.092208E2	5.024975E1
2.932000E1	5.864000E4	2.220578E1	1.410883E1	2.630885E1	1.231524E5	-1.552316E1	1.092376E2	5.029881E1
2.932400E1	5.864800E4	2.221543E1	1.410716E1	2.631610E1	1.231524E5	-1.502692E1	1.092473E2	5.030049E1
2.932800E1	5.865600E4	2.226815E1	1.408297E1	2.634769E1	1.231523E5	-2.014242E1	1.093000E2	5.032468E1
2.933200E1	5.866400E4	2.227117E1	1.405482E1	2.633521E1	1.231523E5	-1.157500E1	1.093030E2	5.035282E1
2.933600E1	5.867200E4	2.228332E1	1.404219E1	2.633874E1	1.231522E5	-1.503243E1	1.093152E2	5.036545E1
2.934000E1	5.868000E4	2.227691E1	1.399315E1	2.630721E1	1.231521E5	-2.209394E1	1.093088E2	5.041449E1
2.934400E1	5.868800E4	2.232027E1	1.396946E1	2.633136E1	1.231520E5	-1.107041E1	1.093521E2	5.043818E1
2.934800E1	5.869600E4	2.232810E1	1.397722E1	2.634211E1	1.231520E5	-1.857964E1	1.093600E2	5.043042E1
2.935200E1	5.870400E4	2.237242E1	1.392146E1	2.635019E1	1.231519E5	-2.044383E1	1.094043E2	5.048618E1
2.935600E1	5.871200E4	2.236631E1	1.391244E1	2.634023E1	1.231519E5	-8.620838E0	1.093982E2	5.049521E1
2.936000E1	5.872000E4	2.238685E1	1.389308E1	2.634746E1	1.231518E5	-1.483308E1	1.094187E2	5.051456E1
2.936400E1	5.872800E4	2.240117E1	1.386985E1	2.634739E1	1.231518E5	-1.700749E1	1.094330E2	5.053779E1
2.936800E1	5.873600E4	2.241716E1	1.383827E1	2.634438E1	1.231517E5	-1.203877E1	1.094490E2	5.056938E1
2.937200E1	5.874400E4	2.241002E1	1.382328E1	2.633044E1	1.231517E5	-2.388837E1	1.094419E2	5.058437E1
2.937600E1	5.875200E4	2.243678E1	1.374724E1	2.631342E1	1.231515E5		1.094686E2	5.066040E1
