	mass_A
t	frame	ω	x	y	r	θ	pixelx	pixely
1.004000E0	2.008000E3		-2.002857E1	1.847057E1	2.724528E1	1.373174E2	1.060892E2	8.295541E1
1.008000E0	2.016000E3	1.597754E2	-2.025324E1	1.824372E1	2.725852E1	1.379881E2	1.063138E2	8.272857E1
1.012000E0	2.024000E3	1.528445E2	-2.039951E1	1.798736E1	2.719715E1	1.385956E2	1.064601E2	8.247221E1
1.016000E0	2.032000E3	2.098655E2	-2.062119E1	1.779292E1	2.723640E1	1.392109E2	1.066818E2	8.227777E1
1.020000E0	2.040000E3	2.296583E2	-2.096344E1	1.741993E1	2.725656E1	1.402745E2	1.070240E2	8.190478E1
1.024000E0	2.048000E3	1.870690E2	-2.120596E1	1.714278E1	2.726843E1	1.410481E2	1.072666E2	8.162762E1
1.028000E0	2.056000E3	1.941684E2	-2.135918E1	1.682548E1	2.719028E1	1.417711E2	1.074198E2	8.131033E1
1.032000E0	2.064000E3	2.166453E2	-2.156770E1	1.648887E1	2.714864E1	1.426015E2	1.076283E2	8.097372E1
1.036000E0	2.072000E3	2.113819E2	-2.189967E1	1.620239E1	2.724175E1	1.435042E2	1.079603E2	8.068724E1
1.040000E0	2.080000E3	2.236400E2	-2.209811E1	1.588348E1	2.721418E1	1.442925E2	1.081587E2	8.036833E1
1.044000E0	2.088000E3	2.273443E2	-2.230842E1	1.545090E1	2.713661E1	1.452934E2	1.083690E2	7.993575E1
1.048000E0	2.096000E3	1.753438E2	-2.248929E1	1.510575E1	2.709154E1	1.461113E2	1.085499E2	7.959060E1
1.052000E0	2.104000E3	2.186347E2	-2.261843E1	1.485972E1	2.706298E1	1.466961E2	1.086790E2	7.934457E1
1.056000E0	2.112000E3	2.688071E2	-2.296525E1	1.442823E1	2.712152E1	1.478604E2	1.090259E2	7.891308E1
1.060000E0	2.120000E3	2.024766E2	-2.319298E1	1.402041E1	2.710140E1	1.488466E2	1.092536E2	7.850526E1
1.064000E0	2.128000E3	2.155762E2	-2.327813E1	1.372272E1	2.702192E1	1.494802E2	1.093387E2	7.820757E1
1.068000E0	2.136000E3	2.302622E2	-2.348474E1	1.324853E1	2.696399E1	1.505712E2	1.095453E2	7.773338E1
1.072000E0	2.144000E3	2.655328E2	-2.367637E1	1.295048E1	2.698676E1	1.513223E2	1.097370E2	7.743533E1
1.076000E0	2.152000E3	2.838018E2	-2.400458E1	1.239210E1	2.701452E1	1.526954E2	1.100652E2	7.687695E1
1.080000E0	2.160000E3	2.128920E2	-2.421210E1	1.202285E1	2.703284E1	1.535927E2	1.102727E2	7.650769E1
1.084000E0	2.168000E3	2.405347E2	-2.432151E1	1.165365E1	2.696931E1	1.543986E2	1.103821E2	7.613850E1
1.088000E0	2.176000E3	2.370240E2	-2.450356E1	1.115816E1	2.692451E1	1.555170E2	1.105642E2	7.564301E1
1.092000E0	2.184000E3	2.648088E2	-2.465881E1	1.082714E1	2.693109E1	1.562948E2	1.107194E2	7.531199E1
1.096000E0	2.192000E3	2.930201E2	-2.500759E1	1.028930E1	2.704162E1	1.576354E2	1.110682E2	7.477415E1
1.100000E0	2.200000E3	2.849913E2	-2.510284E1	9.818019E0	2.695452E1	1.586389E2	1.111634E2	7.430287E1
1.104000E0	2.208000E3	2.788788E2	-2.527995E1	9.243466E0	2.691687E1	1.599154E2	1.113406E2	7.372831E1
1.108000E0	2.216000E3	2.794002E2	-2.535333E1	8.794262E0	2.683524E1	1.608700E2	1.114139E2	7.327911E1
1.112000E0	2.224000E3	2.504142E2	-2.550980E1	8.214591E0	2.679981E1	1.621506E2	1.115704E2	7.269944E1
1.116000E0	2.232000E3	2.735920E2	-2.557285E1	7.880290E0	2.675947E1	1.628733E2	1.116335E2	7.236514E1
1.120000E0	2.240000E3	3.163051E2	-2.591894E1	7.266308E0	2.691822E1	1.643393E2	1.119795E2	7.175116E1
1.124000E0	2.248000E3	3.095497E2	-2.604726E1	6.782995E0	2.691596E1	1.654037E2	1.121079E2	7.126784E1
1.128000E0	2.256000E3	2.800934E2	-2.621059E1	6.140064E0	2.692017E1	1.668157E2	1.122712E2	7.062491E1
1.132000E0	2.264000E3	2.695102E2	-2.619793E1	5.738677E0	2.681910E1	1.676445E2	1.122585E2	7.022353E1
1.136000E0	2.272000E3	3.043313E2	-2.634944E1	5.135283E0	2.684518E1	1.689718E2	1.124100E2	6.962013E1
1.140000E0	2.280000E3	2.987496E2	-2.636909E1	4.612046E0	2.676939E1	1.700791E2	1.124297E2	6.909689E1
1.144000E0	2.288000E3	2.867857E2	-2.647866E1	4.022594E0	2.678247E1	1.713618E2	1.125393E2	6.850744E1
1.148000E0	2.296000E3	3.009119E2	-2.645496E1	3.542344E0	2.669107E1	1.723734E2	1.125156E2	6.802719E1
1.152000E0	2.304000E3	3.294979E2	-2.649493E1	2.892744E0	2.665238E1	1.737691E2	1.125555E2	6.737759E1
1.156000E0	2.312000E3	3.179234E2	-2.658177E1	2.321214E0	2.668292E1	1.750094E2	1.126424E2	6.680606E1
1.160000E0	2.320000E3	3.360241E2	-2.677813E1	1.725819E0	2.683369E1	1.763125E2	1.128387E2	6.621067E1
1.164000E0	2.328000E3	3.154183E2	-2.694761E1	1.083467E0	2.696938E1	1.776976E2	1.130082E2	6.556832E1
1.168000E0	2.336000E3	3.225269E2	-2.695448E1	5.477662E-1	2.696005E1	1.788358E2	1.130151E2	6.503261E1
1.172000E0	2.344000E3	3.752846E2	-2.693256E1	-1.305833E-1	2.693288E1	1.802778E2	1.129932E2	6.435427E1
1.176000E0	2.352000E3	3.535684E2	-2.701558E1	-8.669709E-1	2.702948E1	1.818381E2	1.130762E2	6.361788E1
1.180000E0	2.360000E3	3.531498E2	-2.694734E1	-1.462409E0	2.698699E1	1.831063E2	1.130079E2	6.302244E1
1.184000E0	2.368000E3	3.827384E2	-2.688324E1	-2.192858E0	2.697253E1	1.846633E2	1.129438E2	6.229199E1
1.188000E0	2.376000E3	3.372759E2	-2.689974E1	-2.907167E0	2.705638E1	1.861683E2	1.129603E2	6.157768E1
1.192000E0	2.384000E3	3.384787E2	-2.680666E1	-3.463254E0	2.702945E1	1.873615E2	1.128673E2	6.102159E1
1.196000E0	2.392000E3	3.928043E2	-2.671350E1	-4.171799E0	2.703729E1	1.888761E2	1.127741E2	6.031305E1
1.200000E0	2.400000E3	3.559311E2	-2.671931E1	-4.954021E0	2.717469E1	1.905039E2	1.127799E2	5.953083E1
1.204000E0	2.408000E3	3.797247E2	-2.654650E1	-5.508888E0	2.711208E1	1.917235E2	1.126071E2	5.897596E1
1.208000E0	2.416000E3	4.318809E2	-2.639383E1	-6.356926E0	2.714857E1	1.935417E2	1.124544E2	5.812792E1
1.212000E0	2.424000E3	4.187945E2	-2.605407E1	-7.068275E0	2.699583E1	1.951786E2	1.121147E2	5.741657E1
1.216000E0	2.432000E3	3.752955E2	-2.591549E1	-7.869811E0	2.708407E1	1.968921E2	1.119761E2	5.661504E1
1.220000E0	2.440000E3	3.900801E2	-2.570003E1	-8.440268E0	2.705050E1	1.981809E2	1.117606E2	5.604458E1
1.224000E0	2.448000E3	4.388472E2	-2.547463E1	-9.278407E0	2.711172E1	2.000127E2	1.115352E2	5.520644E1
1.228000E0	2.456000E3	3.782204E2	-2.515781E1	-1.000730E1	2.707511E1	2.016917E2	1.112184E2	5.447755E1
1.232000E0	2.464000E3	3.646342E2	-2.482910E1	-1.055901E1	2.698104E1	2.030385E2	1.108897E2	5.392584E1
1.236000E0	2.472000E3	4.279397E2	-2.457659E1	-1.125661E1	2.703184E1	2.046088E2	1.106372E2	5.322824E1
1.240000E0	2.480000E3	4.615029E2	-2.430576E1	-1.209828E1	2.715029E1	2.064620E2	1.103664E2	5.238657E1
1.244000E0	2.488000E3	4.108711E2	-2.396548E1	-1.290452E1	2.721894E1	2.083008E2	1.100261E2	5.158033E1
1.248000E0	2.496000E3	4.103493E2	-2.356187E1	-1.346615E1	2.713851E1	2.097490E2	1.096225E2	5.101870E1
1.252000E0	2.504000E3	4.449759E2	-2.319305E1	-1.425932E1	2.722583E1	2.115836E2	1.092537E2	5.022553E1
1.256000E0	2.512000E3	4.237226E2	-2.281091E1	-1.498897E1	2.729482E1	2.133088E2	1.088715E2	4.949588E1
1.260000E0	2.520000E3	4.271993E2	-2.230213E1	-1.560069E1	2.721703E1	2.149734E2	1.083627E2	4.888416E1
1.264000E0	2.528000E3	4.703868E2	-2.176527E1	-1.623892E1	2.715566E1	2.167264E2	1.078259E2	4.824593E1
1.268000E0	2.536000E3	4.930457E2	-2.128658E1	-1.707604E1	2.728937E1	2.187365E2	1.073472E2	4.740881E1
1.272000E0	2.544000E3	4.381881E2	-2.072673E1	-1.780939E1	2.732713E1	2.206707E2	1.067873E2	4.667546E1
1.276000E0	2.552000E3	4.472847E2	-2.026577E1	-1.840296E1	2.737463E1	2.222420E2	1.063264E2	4.608189E1
1.280000E0	2.560000E3	4.735864E2	-1.958870E1	-1.908180E1	2.734652E1	2.242490E2	1.056493E2	4.540305E1
1.284000E0	2.568000E3	4.517294E2	-1.910401E1	-1.980400E1	2.751657E1	2.260307E2	1.051646E2	4.468085E1
1.288000E0	2.576000E3	4.833232E2	-1.842616E1	-2.036606E1	2.746452E1	2.278628E2	1.044868E2	4.411879E1
1.292000E0	2.584000E3	4.594609E2	-1.768280E1	-2.099696E1	2.745093E1	2.298973E2	1.037434E2	4.348789E1
1.296000E0	2.592000E3	4.513121E2	-1.707339E1	-2.149384E1	2.744970E1	2.315385E2	1.031340E2	4.299101E1
1.300000E0	2.600000E3	5.180270E2	-1.635975E1	-2.211520E1	2.750860E1	2.335078E2	1.024204E2	4.236965E1
1.304000E0	2.608000E3	4.895945E2	-1.553566E1	-2.275970E1	2.755650E1	2.356827E2	1.015963E2	4.172515E1
1.308000E0	2.616000E3	4.637468E2	-1.486294E1	-2.326246E1	2.760523E1	2.374245E2	1.009235E2	4.122239E1
1.312000E0	2.624000E3	4.686689E2	-1.408382E1	-2.380754E1	2.766140E1	2.393927E2	1.001444E2	4.067731E1
1.316000E0	2.632000E3	5.250268E2	-1.333214E1	-2.422490E1	2.765125E1	2.411739E2	9.939275E1	4.025995E1
1.320000E0	2.640000E3	5.629440E2	-1.232085E1	-2.481250E1	2.770314E1	2.435929E2	9.838146E1	3.967234E1
1.324000E0	2.648000E3	5.289296E2	-1.138723E1	-2.519344E1	2.764740E1	2.456774E2	9.744783E1	3.929141E1
1.328000E0	2.656000E3	5.201173E2	-1.046848E1	-2.568346E1	2.773498E1	2.478244E2	9.652909E1	3.880139E1
1.332000E0	2.664000E3	4.841787E2	-9.576589E0	-2.608228E1	2.778483E1	2.498384E2	9.563719E1	3.840257E1
1.336000E0	2.672000E3	4.821429E2	-8.778595E0	-2.654060E1	2.795473E1	2.516978E2	9.483920E1	3.794425E1
1.340000E0	2.680000E3	4.857094E2	-7.867266E0	-2.689612E1	2.802312E1	2.536955E2	9.392787E1	3.758873E1
1.344000E0	2.688000E3	5.114582E2	-6.948630E0	-2.703076E1	2.790959E1	2.555835E2	9.300924E1	3.745409E1
1.348000E0	2.696000E3	5.430496E2	-5.937999E0	-2.743459E1	2.806985E1	2.577872E2	9.199860E1	3.705026E1
1.352000E0	2.704000E3	5.336295E2	-4.914440E0	-2.766746E1	2.810053E1	2.599279E2	9.097505E1	3.681739E1
1.356000E0	2.712000E3	5.414661E2	-3.883246E0	-2.782879E1	2.809842E1	2.620562E2	8.994385E1	3.665606E1
1.360000E0	2.720000E3	5.315148E2	-2.801106E0	-2.786464E1	2.800508E1	2.642596E2	8.886171E1	3.662021E1
1.364000E0	2.728000E3	5.361818E2	-1.802383E0	-2.793476E1	2.799284E1	2.663083E2	8.786299E1	3.655009E1
1.368000E0	2.736000E3	5.488890E2	-7.076862E-1	-2.793954E1	2.794850E1	2.685491E2	8.676829E1	3.654531E1
1.372000E0	2.744000E3	5.396981E2	3.408030E-1	-2.791612E1	2.791820E1	2.706994E2	8.571980E1	3.656873E1
1.376000E0	2.752000E3	5.590523E2	1.397296E0	-2.790457E1	2.793953E1	2.728666E2	8.466331E1	3.658028E1
1.380000E0	2.760000E3	6.219211E2	2.514983E0	-2.778622E1	2.789981E1	2.751719E2	8.354562E1	3.669863E1
1.384000E0	2.768000E3	6.328693E2	3.821853E0	-2.774888E1	2.801084E1	2.778420E2	8.223875E1	3.673597E1
1.388000E0	2.776000E3	5.799391E2	4.981134E0	-2.758780E1	2.803388E1	2.802348E2	8.107947E1	3.689705E1
1.392000E0	2.784000E3	5.846148E2	6.080540E0	-2.746947E1	2.813440E1	2.824815E2	7.998007E1	3.701538E1
1.396000E0	2.792000E3	5.633539E2	7.271629E0	-2.730629E1	2.825792E1	2.849117E2	7.878898E1	3.717856E1
1.400000E0	2.800000E3	5.991522E2	8.276043E0	-2.708941E1	2.832541E1	2.869884E2	7.778456E1	3.739544E1
1.404000E0	2.808000E3	6.834052E2	9.577475E0	-2.674157E1	2.840492E1	2.897049E2	7.648313E1	3.774328E1
1.408000E0	2.816000E3	6.422659E2	1.086104E1	-2.627847E1	2.843449E1	2.924556E2	7.519956E1	3.820638E1
1.412000E0	2.824000E3	6.054113E2	1.196271E1	-2.583865E1	2.847354E1	2.948431E2	7.409789E1	3.864620E1
1.416000E0	2.832000E3	6.504801E2	1.301937E1	-2.522577E1	2.838738E1	2.972989E2	7.304124E1	3.925908E1
1.420000E0	2.840000E3	6.220682E2	1.426966E1	-2.466911E1	2.849892E1	3.000469E2	7.179094E1	3.981574E1
1.424000E0	2.848000E3	6.085687E2	1.519926E1	-2.406570E1	2.846358E1	3.022754E2	7.086134E1	4.041915E1
1.428000E0	2.856000E3	6.324641E2	1.629912E1	-2.335081E1	2.847668E1	3.049155E2	6.976149E1	4.113404E1
1.432000E0	2.864000E3	6.466839E2	1.725944E1	-2.262745E1	2.845856E1	3.073351E2	6.880117E1	4.185740E1
1.436000E0	2.872000E3	6.950961E2	1.826254E1	-2.169597E1	2.835905E1	3.100889E2	6.779806E1	4.278888E1
1.440000E0	2.880000E3	6.967355E2	1.926772E1	-2.073750E1	2.830704E1	3.128959E2	6.679289E1	4.374735E1
1.444000E0	2.888000E3	7.139557E2	2.018438E1	-1.972270E1	2.822046E1	3.156628E2	6.587622E1	4.476215E1
1.448000E0	2.896000E3	7.383914E2	2.116970E1	-1.865864E1	2.821881E1	3.186076E2	6.489090E1	4.582620E1
1.452000E0	2.904000E3	7.265814E2	2.208940E1	-1.752671E1	2.819800E1	3.215700E2	6.397121E1	4.695814E1
1.456000E0	2.912000E3	7.106907E2	2.296491E1	-1.642901E1	2.823649E1	3.244202E2	6.309570E1	4.805584E1
1.460000E0	2.920000E3	7.072021E2	2.379888E1	-1.530474E1	2.829526E1	3.272555E2	6.226173E1	4.918011E1
1.464000E0	2.928000E3	7.481127E2	2.457821E1	-1.414576E1	2.835826E1	3.300778E2	6.148240E1	5.033909E1
1.468000E0	2.936000E3	7.873954E2	2.534713E1	-1.278134E1	2.838732E1	3.332404E2	6.071347E1	5.170350E1
1.472000E0	2.944000E3	7.434110E2	2.587194E1	-1.131555E1	2.823825E1	3.363770E2	6.018867E1	5.316930E1
1.476000E0	2.952000E3	7.545666E2	2.656196E1	-1.009648E1	2.841613E1	3.391877E2	5.949865E1	5.438836E1
1.480000E0	2.960000E3	8.102386E2	2.703680E1	-8.569556E0	2.836240E1	3.424135E2	5.902381E1	5.591529E1
1.484000E0	2.968000E3	8.240134E2	2.735957E1	-6.989340E0	2.823822E1	3.456696E2	5.870104E1	5.749551E1
1.488000E0	2.976000E3	8.287972E2	2.768258E1	-5.378125E0	2.820016E1	3.490056E2	5.837803E1	5.910672E1
1.492000E0	2.984000E3	8.336482E2	2.795172E1	-3.779244E0	2.820605E1	3.523000E2	5.810889E1	6.070560E1
1.496000E0	2.992000E3	8.232958E2	2.810298E1	-2.125497E0	2.818324E1	3.556748E2	5.795763E1	6.235935E1
1.500000E0	3.000000E3	8.189808E2	2.809806E1	-5.462217E-1	2.810337E1	3.588863E2	5.796255E1	6.393863E1
1.504000E0	3.008000E3	8.718503E2	2.802401E1	1.089633E0	2.804518E1	3.622267E2	5.803660E1	6.557448E1
1.508000E0	3.016000E3	8.627605E2	2.796938E1	2.871174E0	2.811636E1	3.658611E2	5.809123E1	6.735602E1
1.512000E0	3.024000E3	8.693041E2	2.767731E1	4.447429E0	2.803236E1	3.691287E2	5.838330E1	6.893228E1
1.516000E0	3.032000E3	9.137105E2	2.736376E1	6.224706E0	2.806283E1	3.728156E2	5.869685E1	7.070955E1
1.520000E0	3.040000E3	8.828320E2	2.694980E1	7.951403E0	2.809834E1	3.764384E2	5.911080E1	7.243625E1
1.524000E0	3.048000E3	8.989287E2	2.631698E1	9.515294E0	2.798435E1	3.798782E2	5.974363E1	7.400014E1
1.528000E0	3.056000E3	9.304324E2	2.555663E1	1.118128E1	2.789556E1	3.836299E2	6.050398E1	7.566613E1
1.532000E0	3.064000E3	9.084905E2	2.493762E1	1.288321E1	2.806888E1	3.873217E2	6.112299E1	7.736806E1
1.536000E0	3.072000E3	9.456885E2	2.402107E1	1.437505E1	2.799382E1	3.908978E2	6.203954E1	7.885990E1
1.540000E0	3.080000E3	9.790567E2	2.299975E1	1.603720E1	2.803890E1	3.948872E2	6.306086E1	8.052204E1
1.544000E0	3.088000E3	9.465235E2	2.192573E1	1.758483E1	2.810629E1	3.987302E2	6.413488E1	8.206968E1
1.548000E0	3.096000E3	9.165004E2	2.072642E1	1.896524E1	2.809386E1	4.024594E2	6.533419E1	8.345009E1
1.552000E0	3.104000E3	9.705402E2	1.944548E1	2.018021E1	2.802441E1	4.060622E2	6.661512E1	8.466506E1
1.556000E0	3.112000E3	1.004809E3	1.792325E1	2.153024E1	2.801417E1	4.102237E2	6.813736E1	8.601509E1
1.560000E0	3.120000E3	9.844170E2	1.639920E1	2.265521E1	2.796770E1	4.141007E2	6.966140E1	8.714006E1
1.564000E0	3.128000E3	9.707607E2	1.472560E1	2.365677E1	2.786550E1	4.180990E2	7.133500E1	8.814162E1
1.568000E0	3.136000E3	9.739561E2	1.316841E1	2.462789E1	2.792741E1	4.218668E2	7.289219E1	8.911274E1
1.572000E0	3.144000E3	1.034532E3	1.137783E1	2.542435E1	2.785413E1	4.258907E2	7.468278E1	8.990920E1
1.576000E0	3.152000E3	1.062770E3	9.445641E0	2.615469E1	2.780806E1	4.301431E2	7.661496E1	9.063954E1
1.580000E0	3.160000E3	9.933089E2	7.500964E0	2.685246E1	2.788044E1	4.343928E2	7.855964E1	9.133731E1
1.584000E0	3.168000E3	9.636475E2	5.750607E0	2.726390E1	2.786377E1	4.380895E2	8.031000E1	9.174875E1
1.588000E0	3.176000E3	1.002282E3	3.831871E0	2.762192E1	2.788644E1	4.421020E2	8.222873E1	9.210677E1
1.592000E0	3.184000E3	1.018053E3	1.885788E0	2.771723E1	2.778130E1	4.461078E2	8.417482E1	9.220207E1
1.596000E0	3.192000E3	1.033789E3	-1.191903E-1	2.771183E1	2.771208E1	4.502464E2	8.617980E1	9.219667E1
1.600000E0	3.200000E3	1.038751E3	-2.114125E0	2.761352E1	2.769433E1	4.543781E2	8.817473E1	9.209837E1
1.604000E0	3.208000E3	1.065072E3	-4.112713E0	2.733460E1	2.764226E1	4.585564E2	9.017332E1	9.181945E1
1.608000E0	3.216000E3	1.073176E3	-6.173309E0	2.695695E1	2.765478E1	4.628987E2	9.223391E1	9.144180E1
1.612000E0	3.224000E3	1.061924E3	-8.111309E0	2.629787E1	2.752038E1	4.671418E2	9.417191E1	9.078271E1
1.616000E0	3.232000E3	1.083819E3	-1.004490E1	2.563938E1	2.753684E1	4.713941E2	9.610551E1	9.012423E1
1.620000E0	3.240000E3	1.117669E3	-1.194727E1	2.470048E1	2.743813E1	4.758124E2	9.800788E1	8.918533E1
1.624000E0	3.248000E3	1.116821E3	-1.385788E1	2.368130E1	2.743802E1	4.803354E2	9.991849E1	8.816615E1
1.628000E0	3.256000E3	1.111084E3	-1.560070E1	2.249086E1	2.737189E1	4.847470E2	1.016613E2	8.697571E1
1.632000E0	3.264000E3	1.096161E3	-1.733385E1	2.123516E1	2.741157E1	4.892241E2	1.033945E2	8.572001E1
1.636000E0	3.272000E3	1.128169E3	-1.883988E1	1.984181E1	2.736126E1	4.935163E2	1.049005E2	8.432666E1
1.640000E0	3.280000E3	1.109759E3	-2.032675E1	1.814267E1	2.724579E1	4.982494E2	1.063874E2	8.262752E1
1.644000E0	3.288000E3	1.116354E3	-2.162889E1	1.665990E1	2.730131E1	5.023943E2	1.076895E2	8.114475E1
1.648000E0	3.296000E3	1.208233E3	-2.287467E1	1.475287E1	2.721944E1	5.071803E2	1.089353E2	7.923772E1
1.652000E0	3.304000E3	1.189362E3	-2.397586E1	1.271590E1	2.713920E1	5.120602E2	1.100365E2	7.720075E1
1.656000E0	3.312000E3	1.178742E3	-2.487954E1	1.071731E1	2.708970E1	5.166952E2	1.109401E2	7.520215E1
1.660000E0	3.320000E3	1.185239E3	-2.567420E1	8.595385E0	2.707481E1	5.214901E2	1.117348E2	7.308023E1
1.664000E0	3.328000E3	1.157795E3	-2.627490E1	6.464879E0	2.705855E1	5.261771E2	1.123355E2	7.094973E1
1.668000E0	3.336000E3	1.173357E3	-2.668486E1	4.344713E0	2.703624E1	5.307525E2	1.127455E2	6.882956E1
1.672000E0	3.344000E3	1.169508E3	-2.702162E1	2.096310E0	2.710281E1	5.355639E2	1.130822E2	6.658116E1
1.676000E0	3.352000E3	1.210574E3	-2.704291E1	-5.123803E-2	2.704296E1	5.401086E2	1.131035E2	6.443361E1
1.680000E0	3.360000E3	1.235048E3	-2.691612E1	-2.472545E0	2.702944E1	5.452485E2	1.129767E2	6.201230E1
1.684000E0	3.368000E3	1.201552E3	-2.668175E1	-4.699404E0	2.709244E1	5.499889E2	1.127424E2	5.978544E1
1.688000E0	3.376000E3	1.207726E3	-2.626224E1	-6.968672E0	2.717108E1	5.548609E2	1.123228E2	5.751618E1
1.692000E0	3.384000E3	1.238833E3	-2.541181E1	-9.074111E0	2.698332E1	5.596508E2	1.114724E2	5.541074E1
1.696000E0	3.392000E3	1.246096E3	-2.453897E1	-1.132384E1	2.702573E1	5.647716E2	1.105996E2	5.316101E1
1.700000E0	3.400000E3	1.229887E3	-2.367487E1	-1.345987E1	2.723358E1	5.696195E2	1.097355E2	5.102498E1
1.704000E0	3.408000E3	1.245140E3	-2.248021E1	-1.551425E1	2.731395E1	5.746107E2	1.085408E2	4.897060E1
1.708000E0	3.416000E3	1.248524E3	-2.106225E1	-1.741223E1	2.732772E1	5.795806E2	1.071229E2	4.707262E1
1.712000E0	3.424000E3	1.268613E3	-1.950234E1	-1.923117E1	2.738939E1	5.845989E2	1.055629E2	4.525368E1
1.716000E0	3.432000E3	1.226310E3	-1.775907E1	-2.096269E1	2.747397E1	5.897295E2	1.038197E2	4.352216E1
1.720000E0	3.440000E3	1.203126E3	-1.600564E1	-2.236416E1	2.750157E1	5.944094E2	1.020662E2	4.212069E1
1.724000E0	3.448000E3	1.242650E3	-1.407881E1	-2.376294E1	2.762047E1	5.993546E2	1.001394E2	4.072191E1
1.728000E0	3.456000E3	1.246747E3	-1.196291E1	-2.491332E1	2.763666E1	6.043506E2	9.802351E1	3.957153E1
1.732000E0	3.464000E3	1.211875E3	-9.754558E0	-2.585362E1	2.763261E1	6.093285E2	9.581516E1	3.863122E1
1.736000E0	3.472000E3	1.175746E3	-7.611934E0	-2.662585E1	2.769256E1	6.140456E2	9.367254E1	3.785899E1
1.740000E0	3.480000E3	1.282576E3	-5.447231E0	-2.734643E1	2.788368E1	6.187345E2	9.150784E1	3.713842E1
1.744000E0	3.488000E3	1.315369E3	-2.785634E0	-2.793888E1	2.807741E1	6.243062E2	8.884624E1	3.654597E1
1.748000E0	3.496000E3	1.245039E3	-3.624083E-1	-2.796250E1	2.796484E1	6.292575E2	8.642301E1	3.652235E1
1.752000E0	3.504000E3	1.252599E3	2.085691E0	-2.795759E1	2.803528E1	6.342665E2	8.397491E1	3.652726E1
1.756000E0	3.512000E3	1.261482E3	4.513038E0	-2.762523E1	2.799144E1	6.392782E2	8.154757E1	3.685962E1
1.760000E0	3.520000E3	1.252292E3	6.988623E0	-2.730131E1	2.818159E1	6.443583E2	7.907198E1	3.718354E1
1.764000E0	3.528000E3	1.242399E3	9.368012E0	-2.675596E1	2.834856E1	6.492966E2	7.669259E1	3.772889E1
1.768000E0	3.536000E3	1.287136E3	1.162711E1	-2.575416E1	2.825714E1	6.542975E2	7.443350E1	3.873069E1
1.772000E0	3.544000E3	1.285387E3	1.399188E1	-2.463649E1	2.833248E1	6.595937E2	7.206873E1	3.984836E1
1.776000E0	3.552000E3	1.264679E3	1.611957E1	-2.338357E1	2.840126E1	6.645806E2	6.994104E1	4.110128E1
1.780000E0	3.560000E3	1.323035E3	1.813090E1	-2.183016E1	2.837755E1	6.697111E2	6.792971E1	4.265469E1
1.784000E0	3.568000E3	1.352400E3	2.010628E1	-1.999089E1	2.835310E1	6.751649E2	6.595432E1	4.449396E1
1.788000E0	3.576000E3	1.371100E3	2.178757E1	-1.794094E1	2.822367E1	6.805303E2	6.427303E1	4.654391E1
1.792000E0	3.584000E3	1.348920E3	2.344718E1	-1.573585E1	2.823804E1	6.861337E2	6.261343E1	4.874900E1
1.796000E0	3.592000E3	1.353495E3	2.472146E1	-1.352245E1	2.817813E1	6.913217E2	6.133915E1	5.096239E1
1.800000E0	3.600000E3	1.357837E3	2.596673E1	-1.104274E1	2.821725E1	6.969616E2	6.009387E1	5.344210E1
1.804000E0	3.608000E3	1.365017E3	2.689617E1	-8.643514E0	2.825092E1	7.021844E2	5.916443E1	5.584133E1
1.808000E0	3.616000E3	1.428649E3	2.750175E1	-5.905014E0	2.812855E1	7.078818E2	5.855886E1	5.857983E1
1.812000E0	3.624000E3	1.422733E3	2.805392E1	-3.140033E0	2.822911E1	7.136136E2	5.800668E1	6.134482E1
1.816000E0	3.632000E3	1.425623E3	2.816233E1	-3.619581E-1	2.816465E1	7.192636E2	5.789828E1	6.412289E1
1.820000E0	3.640000E3	1.441822E3	2.801235E1	2.459895E0	2.812015E1	7.250185E2	5.804826E1	6.694474E1
1.824000E0	3.648000E3	1.463601E3	2.753212E1	5.251145E0	2.802841E1	7.307982E2	5.852849E1	6.973599E1
1.828000E0	3.656000E3	1.481563E3	2.694411E1	8.097637E0	2.813462E1	7.367273E2	5.911649E1	7.258249E1
1.832000E0	3.664000E3	1.476666E3	2.605037E1	1.087079E1	2.822758E1	7.426507E2	6.001023E1	7.535564E1
1.836000E0	3.672000E3	1.497180E3	2.460609E1	1.338264E1	2.800991E1	7.485407E2	6.145451E1	7.786749E1
1.840000E0	3.680000E3	1.551590E3	2.313599E1	1.597724E1	2.811665E1	7.546282E2	6.292462E1	8.046209E1
1.844000E0	3.688000E3	1.542446E3	2.129253E1	1.847892E1	2.819294E1	7.609534E2	6.476808E1	8.296377E1
1.848000E0	3.696000E3	1.528031E3	1.916600E1	2.052983E1	2.808575E1	7.669677E2	6.689460E1	8.501467E1
1.852000E0	3.704000E3	1.497628E3	1.678987E1	2.242523E1	2.801411E1	7.731776E2	6.927074E1	8.691007E1
1.856000E0	3.712000E3	1.535274E3	1.446812E1	2.403028E1	2.804961E1	7.789487E2	7.159249E1	8.851513E1
1.860000E0	3.720000E3	1.546999E3	1.168491E1	2.559263E1	2.813396E1	7.854598E2	7.437569E1	9.007748E1
1.864000E0	3.728000E3	1.521286E3	8.963598E0	2.651951E1	2.799340E1	7.913247E2	7.709701E1	9.100436E1
1.868000E0	3.736000E3	1.566516E3	5.997435E0	2.734642E1	2.799635E1	7.976301E2	8.006317E1	9.183126E1
1.872000E0	3.744000E3	1.572192E3	2.985634E0	2.773963E1	2.789984E1	8.038569E2	8.307497E1	9.222448E1
1.876000E0	3.752000E3	1.555757E3	-1.007482E-1	2.779931E1	2.779950E1	8.102076E2	8.616135E1	9.228416E1
1.880000E0	3.760000E3	1.576851E3	-3.041161E0	2.753359E1	2.770104E1	8.163029E2	8.910177E1	9.201844E1
1.884000E0	3.768000E3	1.604632E3	-6.139758E0	2.697531E1	2.766521E1	8.228225E2	9.220036E1	9.146016E1
1.888000E0	3.776000E3	1.614078E3	-9.083322E0	2.617199E1	2.770343E1	8.291400E2	9.514393E1	9.065684E1
1.892000E0	3.784000E3	1.660665E3	-1.201708E1	2.493057E1	2.767568E1	8.357351E2	9.807768E1	8.941542E1
1.896000E0	3.792000E3	1.667487E3	-1.476261E1	2.323946E1	2.753193E1	8.424253E2	1.008232E2	8.772431E1
1.900000E0	3.800000E3	1.630215E3	-1.732621E1	2.133892E1	2.748722E1	8.490750E2	1.033868E2	8.582377E1
1.904000E0	3.808000E3	1.645702E3	-1.950980E1	1.919431E1	2.736885E1	8.554670E2	1.055704E2	8.367916E1
1.908000E0	3.816000E3	1.706271E3	-2.145288E1	1.661623E1	2.713531E1	8.622406E2	1.075135E2	8.110108E1
1.912000E0	3.824000E3	1.721491E3	-2.317848E1	1.386259E1	2.700766E1	8.691172E2	1.092391E2	7.834744E1
1.916000E0	3.832000E3	1.717203E3	-2.469475E1	1.098834E1	2.702914E1	8.760125E2	1.107554E2	7.547319E1
1.920000E0	3.840000E3	1.724059E3	-2.594773E1	8.004968E0	2.715445E1	8.828548E2	1.120083E2	7.248982E1
1.924000E0	3.848000E3	1.760832E3	-2.652656E1	4.770495E0	2.695211E1	8.898050E2	1.125872E2	6.925534E1
1.928000E0	3.856000E3	1.762714E3	-2.686160E1	1.435273E0	2.689992E1	8.969415E2	1.129222E2	6.592012E1
1.932000E0	3.864000E3	1.767180E3	-2.697233E1	-1.841962E0	2.703516E1	9.039067E2	1.130329E2	6.264289E1
1.936000E0	3.872000E3	1.780896E3	-2.641193E1	-5.171721E0	2.691350E1	9.110789E2	1.124725E2	5.931313E1
1.940000E0	3.880000E3	1.753757E3	-2.564134E1	-8.407578E0	2.698454E1	9.181539E2	1.117019E2	5.607727E1
1.944000E0	3.888000E3	1.759286E3	-2.460860E1	-1.153221E1	2.717674E1	9.251090E2	1.106692E2	5.295263E1
1.948000E0	3.896000E3	1.785642E3	-2.312571E1	-1.457892E1	2.733758E1	9.322282E2	1.091863E2	4.990593E1
1.952000E0	3.904000E3	1.776476E3	-2.112495E1	-1.734859E1	2.733564E1	9.393941E2	1.071856E2	4.713626E1
1.956000E0	3.912000E3	1.758465E3	-1.890909E1	-1.988426E1	2.743971E1	9.464400E2	1.049697E2	4.460058E1
1.960000E0	3.920000E3	1.794440E3	-1.639204E1	-2.212174E1	2.753308E1	9.534618E2	1.024527E2	4.236311E1
1.964000E0	3.928000E3	1.813290E3	-1.349952E1	-2.415009E1	2.766702E1	9.607955E2	9.956012E1	4.033476E1
1.968000E0	3.936000E3	1.788816E3	-1.043304E1	-2.578141E1	2.781240E1	9.679682E2	9.649365E1	3.870343E1
1.972000E0	3.944000E3	1.753635E3	-7.164439E0	-2.693734E1	2.787381E1	9.751060E2	9.322504E1	3.754751E1
1.976000E0	3.952000E3	1.743818E3	-3.886424E0	-2.764365E1	2.791551E1	9.819972E2	8.994703E1	3.684120E1
1.980000E0	3.960000E3	1.764400E3	-4.604570E-1	-2.796169E1	2.796549E1	9.890566E2	8.652106E1	3.652315E1
1.984000E0	3.968000E3	1.734469E3	2.992012E0	-2.793959E1	2.809933E1	9.961124E2	8.306859E1	3.654526E1
1.988000E0	3.976000E3	1.702639E3	6.309215E0	-2.747623E1	2.819130E1	1.002932E3	7.975139E1	3.700862E1
1.992000E0	3.984000E3	1.749086E3	9.528703E0	-2.656362E1	2.822095E1	1.009734E3	7.653190E1	3.792123E1
1.996000E0	3.992000E3	1.781080E3	1.287912E1	-2.535868E1	2.844177E1	1.016925E3	7.318149E1	3.912616E1
2.000000E0	4.000000E3	1.770719E3	1.590602E1	-2.359748E1	2.845773E1	1.023982E3	7.015458E1	4.088737E1
2.004000E0	4.008000E3	1.797947E3	1.869938E1	-2.144248E1	2.845078E1	1.031091E3	6.736122E1	4.304237E1
2.008000E0	4.016000E3	1.833201E3	2.129960E1	-1.893344E1	2.849821E1	1.038366E3	6.476101E1	4.555141E1
2.012000E0	4.024000E3	1.839546E3	2.339173E1	-1.592306E1	2.829694E1	1.045756E3	6.266887E1	4.856179E1
2.016000E0	4.032000E3	1.849981E3	2.508400E1	-1.273568E1	2.813191E1	1.053082E3	6.097661E1	5.174917E1
2.020000E0	4.040000E3	1.864066E3	2.656265E1	-9.377007E0	2.816918E1	1.060556E3	5.949795E1	5.510784E1
2.024000E0	4.048000E3	1.905399E3	2.761550E1	-5.872549E0	2.823300E1	1.067995E3	5.844511E1	5.861230E1
2.028000E0	4.056000E3	1.882249E3	2.816293E1	-2.068446E0	2.823879E1	1.075799E3	5.789767E1	6.241640E1
2.032000E0	4.064000E3	1.864347E3	2.811776E1	1.499497E0	2.815772E1	1.083053E3	5.794285E1	6.598435E1
2.036000E0	4.072000E3	1.950106E3	2.757642E1	5.217693E0	2.806569E1	1.090714E3	5.848419E1	6.970254E1
2.040000E0	4.080000E3	1.972517E3	2.664855E1	8.995934E0	2.812601E1	1.098653E3	5.941205E1	7.348078E1
2.044000E0	4.088000E3	1.960605E3	2.526437E1	1.259323E1	2.822902E1	1.106494E3	6.079624E1	7.707808E1
2.048000E0	4.096000E3	1.939865E3	2.328969E1	1.590999E1	2.820528E1	1.114338E3	6.277091E1	8.039484E1
2.052000E0	4.104000E3	1.937243E3	2.082102E1	1.875605E1	2.802329E1	1.122013E3	6.523958E1	8.324090E1
2.056000E0	4.112000E3	1.957441E3	1.806812E1	2.140821E1	2.801371E1	1.129836E3	6.799249E1	8.589305E1
2.060000E0	4.120000E3	1.980684E3	1.494804E1	2.362061E1	2.795313E1	1.137673E3	7.111256E1	8.810546E1
2.064000E0	4.128000E3	1.938467E3	1.153467E1	2.552478E1	2.801005E1	1.145682E3	7.452594E1	9.000963E1
2.068000E0	4.136000E3	1.956986E3	8.064798E0	2.667910E1	2.787140E1	1.153181E3	7.799581E1	9.116395E1
2.072000E0	4.144000E3	2.047786E3	4.183916E0	2.746267E1	2.777955E1	1.161338E3	8.187669E1	9.194752E1
2.076000E0	4.152000E3	2.042383E3	2.117374E-1	2.774786E1	2.774867E1	1.169563E3	8.584887E1	9.223271E1
2.080000E0	4.160000E3	2.037878E3	-3.701426E0	2.746042E1	2.770876E1	1.177677E3	8.976203E1	9.194527E1
2.084000E0	4.168000E3	2.049688E3	-7.548902E0	2.656075E1	2.761267E1	1.185866E3	9.360951E1	9.104560E1
2.088000E0	4.176000E3	2.026438E3	-1.128208E1	2.525189E1	2.765761E1	1.194074E3	9.734269E1	8.973674E1
2.092000E0	4.184000E3	2.032912E3	-1.462062E1	2.332777E1	2.753084E1	1.202077E3	1.006812E2	8.781261E1
2.096000E0	4.192000E3	2.067786E3	-1.782410E1	2.098959E1	2.753655E1	1.210338E3	1.038847E2	8.547444E1
2.100000E0	4.200000E3	2.076355E3	-2.068681E1	1.822530E1	2.757001E1	1.218620E3	1.067474E2	8.271014E1
2.104000E0	4.208000E3	2.143639E3	-2.296177E1	1.494099E1	2.739482E1	1.226948E3	1.090224E2	7.942584E1
2.108000E0	4.216000E3	2.161037E3	-2.489317E1	1.120378E1	2.729825E1	1.235769E3	1.109538E2	7.568862E1
2.112000E0	4.224000E3	2.119633E3	-2.610804E1	7.369800E0	2.712828E1	1.244237E3	1.121686E2	7.185465E1
2.116000E0	4.232000E3	2.142313E3	-2.685740E1	3.428229E0	2.707532E1	1.252726E3	1.129180E2	6.791308E1
2.120000E0	4.240000E3	2.168866E3	-2.709035E1	-6.503158E-1	2.709815E1	1.261375E3	1.131510E2	6.383453E1
2.124000E0	4.248000E3	2.173691E3	-2.669310E1	-4.743570E0	2.711130E1	1.270077E3	1.127537E2	5.974128E1
2.128000E0	4.256000E3	2.169583E3	-2.573322E1	-8.742604E0	2.717778E1	1.278765E3	1.117938E2	5.574224E1
2.132000E0	4.264000E3	2.197043E3	-2.414029E1	-1.253098E1	2.719888E1	1.287433E3	1.102009E2	5.195387E1
2.136000E0	4.272000E3	2.212855E3	-2.192430E1	-1.612918E1	2.721810E1	1.296341E3	1.079849E2	4.835567E1
2.140000E0	4.280000E3	2.249544E3	-1.938106E1	-1.947343E1	2.747435E1	1.305136E3	1.054417E2	4.501142E1
2.144000E0	4.288000E3	2.204022E3	-1.609715E1	-2.243242E1	2.761036E1	1.314337E3	1.021578E2	4.205243E1
2.148000E0	4.296000E3	2.092652E3	-1.267499E1	-2.462942E1	2.769952E1	1.322768E3	9.873559E1	3.985543E1
2.152000E0	4.304000E3	2.128414E3	-9.062200E0	-2.643628E1	2.794638E1	1.331079E3	9.512281E1	3.804857E1
2.156000E0	4.312000E3	2.148694E3	-4.968520E0	-2.760198E1	2.804560E1	1.339796E3	9.102913E1	3.688287E1
2.160000E0	4.320000E3	2.104108E3	-8.511962E-1	-2.815183E1	2.816469E1	1.348268E3	8.691180E1	3.633302E1
2.164000E0	4.328000E3	2.093896E3	3.275713E0	-2.818809E1	2.837778E1	1.356629E3	8.278489E1	3.629676E1
2.168000E0	4.336000E3	2.105469E3	7.386611E0	-2.753010E1	2.850383E1	1.365019E3	7.867400E1	3.695475E1
2.172000E0	4.344000E3	2.096097E3	1.136729E1	-2.617756E1	2.853910E1	1.373472E3	7.469332E1	3.830729E1
2.176000E0	4.352000E3	2.173477E3	1.503209E1	-2.425554E1	2.853586E1	1.381788E3	7.102852E1	4.022930E1
2.180000E0	4.360000E3	2.247328E3	1.859486E1	-2.149670E1	2.842317E1	1.390860E3	6.746575E1	4.298815E1
2.184000E0	4.368000E3	2.227261E3	2.176425E1	-1.841390E1	2.850885E1	1.399767E3	6.429636E1	4.607094E1
2.188000E0	4.376000E3	2.229522E3	2.424675E1	-1.475489E1	2.838330E1	1.408678E3	6.181385E1	4.972996E1
2.192000E0	4.384000E3	2.253719E3	2.611236E1	-1.076120E1	2.824286E1	1.417603E3	5.994824E1	5.372365E1
2.196000E0	4.392000E3	2.248111E3	2.737335E1	-6.466768E0	2.812685E1	1.426708E3	5.868725E1	5.801808E1
2.200000E0	4.400000E3	2.229167E3	2.800613E1	-2.160968E0	2.808938E1	1.435588E3	5.805447E1	6.232388E1
2.204000E0	4.408000E3	2.290331E3	2.791912E1	2.217536E0	2.800705E1	1.444541E3	5.814148E1	6.670238E1
2.208000E0	4.416000E3	2.311666E3	2.725143E1	6.749306E0	2.807479E1	1.453910E3	5.880918E1	7.123415E1
2.212000E0	4.424000E3	2.268177E3	2.572535E1	1.093812E1	2.795418E1	1.463035E3	6.033525E1	7.542297E1
2.216000E0	4.432000E3	2.273237E3	2.368025E1	1.482917E1	2.794027E1	1.472056E3	6.238035E1	7.931402E1
2.220000E0	4.440000E3	2.318725E3	2.101034E1	1.840646E1	2.793264E1	1.481221E3	6.505027E1	8.289131E1
2.224000E0	4.448000E3	2.345439E3	1.777049E1	2.163848E1	2.800025E1	1.490606E3	6.829012E1	8.612333E1
2.228000E0	4.456000E3	2.329972E3	1.397554E1	2.419079E1	2.793761E1	1.499984E3	7.208506E1	8.867563E1
2.232000E0	4.464000E3	2.350907E3	9.916207E0	2.616705E1	2.798295E1	1.509245E3	7.614440E1	9.065190E1
2.236000E0	4.472000E3	2.395592E3	5.433774E0	2.742070E1	2.795391E1	1.518791E3	8.062683E1	9.190555E1
2.240000E0	4.480000E3	2.360333E3	7.746864E-1	2.791119E1	2.792194E1	1.528410E3	8.528592E1	9.239603E1
2.244000E0	4.488000E3	2.344491E3	-3.702224E0	2.747629E1	2.772459E1	1.537674E3	8.976283E1	9.196114E1
2.248000E0	4.496000E3	2.354188E3	-8.182397E0	2.648858E1	2.772357E1	1.547166E3	9.424300E1	9.097342E1
2.252000E0	4.504000E3	2.381795E3	-1.229058E1	2.464306E1	2.753795E1	1.556507E3	9.835119E1	8.912791E1
2.256000E0	4.512000E3	2.405428E3	-1.613848E1	2.203395E1	2.731200E1	1.566220E3	1.021991E2	8.651879E1
2.260000E0	4.520000E3	2.413030E3	-1.957825E1	1.907170E1	2.733199E1	1.575751E3	1.056389E2	8.355655E1
2.264000E0	4.528000E3	2.499835E3	-2.255429E1	1.548684E1	2.735943E1	1.585525E3	1.086149E2	7.997169E1
2.268000E0	4.536000E3	2.514105E3	-2.487856E1	1.120720E1	2.728634E1	1.595750E3	1.109392E2	7.569205E1
2.272000E0	4.544000E3	2.480333E3	-2.631616E1	6.738480E0	2.716519E1	1.605638E3	1.123768E2	7.122333E1
2.276000E0	4.552000E3	2.484788E3	-2.699076E1	2.080510E0	2.707082E1	1.615592E3	1.130514E2	6.656536E1
2.280000E0	4.560000E3	2.526028E3	-2.697998E1	-2.605392E0	2.710548E1	1.625516E3	1.130406E2	6.187946E1
2.284000E0	4.568000E3	2.562325E3	-2.601616E1	-7.362051E0	2.703776E1	1.635800E3	1.120768E2	5.712280E1
2.288000E0	4.576000E3	2.510143E3	-2.443646E1	-1.192607E1	2.719139E1	1.646014E3	1.104971E2	5.255878E1
2.292000E0	4.584000E3	2.483142E3	-2.197475E1	-1.589630E1	2.712161E1	1.655882E3	1.080354E2	4.858854E1
2.296000E0	4.592000E3	2.513137E3	-1.897381E1	-1.956547E1	2.725460E1	1.665880E3	1.050344E2	4.491937E1
2.300000E0	4.600000E3	2.530775E3	-1.535481E1	-2.275303E1	2.744942E1	1.675987E3	1.014154E2	4.173182E1
2.304000E0	4.608000E3	2.509385E3	-1.118495E1	-2.527093E1	2.763554E1	1.686126E3	9.724555E1	3.921392E1
2.308000E0	4.616000E3	2.437758E3	-6.725407E0	-2.709854E1	2.792064E1	1.696062E3	9.278601E1	3.738631E1
2.312000E0	4.624000E3	2.423995E3	-2.148682E0	-2.810299E1	2.818501E1	1.705628E3	8.820929E1	3.638186E1
2.316000E0	4.632000E3	2.450398E3	2.695752E0	-2.823549E1	2.836388E1	1.715454E3	8.336485E1	3.624936E1
2.320000E0	4.640000E3	2.477941E3	7.501310E0	-2.755048E1	2.855344E1	1.725231E3	7.855930E1	3.693437E1
2.324000E0	4.648000E3	2.439730E3	1.222220E1	-2.588286E1	2.862350E1	1.735277E3	7.383840E1	3.860199E1
2.328000E0	4.656000E3	2.416621E3	1.627710E1	-2.346435E1	2.855731E1	1.744749E3	6.978351E1	4.102050E1
2.332000E0	4.664000E3	2.480857E3	1.997538E1	-2.024903E1	2.844361E1	1.754610E3	6.608523E1	4.423582E1
2.336000E0	4.672000E3	2.475630E3	2.315008E1	-1.645452E1	2.840207E1	1.764596E3	6.291053E1	4.803033E1
2.340000E0	4.680000E3	2.550000E3	2.556333E1	-1.223953E1	2.834237E1	1.774415E3	6.049728E1	5.224532E1
2.344000E0	4.688000E3	2.551842E3	2.742551E1	-7.350845E0	2.839354E1	1.784996E3	5.863510E1	5.713400E1
2.348000E0	4.696000E3	2.497780E3	2.802417E1	-2.535611E0	2.813865E1	1.794830E3	5.803643E1	6.194924E1
2.352000E0	4.704000E3	2.594721E3	2.795104E1	2.434557E0	2.805687E1	1.804978E3	5.810956E1	6.691941E1
2.356000E0	4.712000E3	2.639711E3	2.699585E1	7.531158E0	2.802667E1	1.815588E3	5.906476E1	7.201601E1
2.360000E0	4.720000E3	2.648458E3	2.517532E1	1.233088E1	2.803297E1	1.826096E3	6.088528E1	7.681573E1
2.364000E0	4.728000E3	2.614723E3	2.241020E1	1.674998E1	2.797819E1	1.836775E3	6.365041E1	8.123483E1
2.368000E0	4.736000E3	2.608674E3	1.903246E1	2.041940E1	2.791392E1	1.847013E3	6.702814E1	8.490425E1
2.372000E0	4.744000E3	2.624727E3	1.500396E1	2.368338E1	2.803607E1	1.857645E3	7.105665E1	8.816823E1
2.376000E0	4.752000E3	2.595893E3	1.044655E1	2.587072E1	2.790026E1	1.868011E3	7.561406E1	9.035557E1
2.380000E0	4.760000E3	2.592716E3	5.588468E0	2.725377E1	2.782083E1	1.878412E3	8.047214E1	9.173862E1
2.384000E0	4.768000E3	2.567742E3	6.048053E-1	2.778367E1	2.779025E1	1.888753E3	8.545580E1	9.226852E1
2.388000E0	4.776000E3	2.607442E3	-4.307696E0	2.734009E1	2.767737E1	1.898954E3	9.036830E1	9.182494E1
2.392000E0	4.784000E3	2.687154E3	-9.275424E0	2.603045E1	2.763363E1	1.909612E3	9.533603E1	9.051530E1
2.396000E0	4.792000E3	2.706515E3	-1.391349E1	2.366655E1	2.745343E1	1.920451E3	9.997409E1	8.815140E1
2.400000E0	4.800000E3	2.748600E3	-1.807345E1	2.059822E1	2.740321E1	1.931265E3	1.041341E2	8.508307E1
2.404000E0	4.808000E3	2.782536E3	-2.157643E1	1.659214E1	2.721840E1	1.942440E3	1.076370E2	8.107699E1
2.408000E0	4.816000E3	2.743861E3	-2.437106E1	1.213774E1	2.722633E1	1.953525E3	1.104317E2	7.662259E1
2.412000E0	4.824000E3	2.753157E3	-2.608523E1	7.287632E0	2.708411E1	1.964391E3	1.121458E2	7.177248E1
2.416000E0	4.832000E3	2.790034E3	-2.697045E1	2.098863E0	2.705199E1	1.975550E3	1.130311E2	6.658371E1
2.420000E0	4.840000E3	2.836461E3	-2.689165E1	-3.164323E0	2.707719E1	1.986711E3	1.129523E2	6.132053E1
2.424000E0	4.848000E3	2.831515E3	-2.579837E1	-8.502958E0	2.716351E1	1.998242E3	1.118590E2	5.598189E1
2.428000E0	4.856000E3	2.788096E3	-2.373774E1	-1.335545E1	2.723689E1	2.009363E3	1.097983E2	5.112939E1
2.432000E0	4.864000E3	2.794781E3	-2.081213E1	-1.780454E1	2.738880E1	2.020547E3	1.068727E2	4.668031E1
2.436000E0	4.872000E3	2.759554E3	-1.712284E1	-2.169799E1	2.764045E1	2.031721E3	1.031834E2	4.278686E1
2.440000E0	4.880000E3	2.730364E3	-1.271866E1	-2.456096E1	2.765873E1	2.042623E3	9.877927E1	3.992389E1
2.444000E0	4.888000E3	2.731332E3	-7.898178E0	-2.677423E1	2.791489E1	2.053564E3	9.395878E1	3.771061E1
2.448000E0	4.896000E3	2.728571E3	-2.697626E0	-2.788175E1	2.801195E1	2.064474E3	8.875823E1	3.660310E1
2.452000E0	4.904000E3	2.765692E3	2.635080E0	-2.791292E1	2.803702E1	2.075393E3	8.342553E1	3.657193E1
2.456000E0	4.912000E3	2.756626E3	8.041181E0	-2.697493E1	2.814795E1	2.086599E3	7.801943E1	3.750992E1
2.460000E0	4.920000E3	2.718114E3	1.299285E1	-2.501663E1	2.818947E1	2.097446E3	7.306775E1	3.946822E1
2.464000E0	4.928000E3	2.743417E3	1.747623E1	-2.209372E1	2.817004E1	2.108344E3	6.858438E1	4.239113E1
2.468000E0	4.936000E3	2.759954E3	2.159552E1	-1.851398E1	2.844528E1	2.119393E3	6.446509E1	4.597087E1
2.472000E0	4.944000E3	2.730027E3	2.473589E1	-1.403837E1	2.844188E1	2.130424E3	6.132471E1	5.044648E1
2.476000E0	4.952000E3	2.746971E3	2.695246E1	-9.157780E0	2.846577E1	2.141234E3	5.910814E1	5.532707E1
2.480000E0	4.960000E3	2.820159E3	2.802928E1	-3.740134E0	2.827771E1	2.152400E3	5.803133E1	6.074471E1
2.484000E0	4.968000E3	2.852778E3	2.813402E1	1.866085E0	2.819584E1	2.163795E3	5.792658E1	6.635093E1
2.488000E0	4.976000E3	2.865072E3	2.703026E1	7.354984E0	2.801304E1	2.175222E3	5.903035E1	7.183983E1
2.492000E0	4.984000E3	2.875945E3	2.501775E1	1.259102E1	2.800752E1	2.186715E3	6.104286E1	7.707587E1
2.496000E0	4.992000E3	2.891916E3	2.200530E1	1.733471E1	2.801295E1	2.198229E3	6.405530E1	8.181956E1
2.500000E0	5.000000E3	2.892923E3	1.806566E1	2.141623E1	2.801826E1	2.209851E3	6.799494E1	8.590108E1
2.504000E0	5.008000E3	2.884476E3	1.342334E1	2.459226E1	2.801723E1	2.221373E3	7.263727E1	8.907711E1
2.508000E0	5.016000E3	2.890455E3	8.178042E0	2.662695E1	2.785453E1	2.232926E3	7.788256E1	9.111180E1
2.512000E0	5.024000E3	2.871318E3	2.669272E0	2.770296E1	2.783126E1	2.244496E3	8.339133E1	9.218781E1
2.516000E0	5.032000E3	2.884957E3	-2.846056E0	2.755464E1	2.770123E1	2.255897E3	8.890666E1	9.203949E1
2.520000E0	5.040000E3	2.900433E3	-8.354756E0	2.637585E1	2.766744E1	2.267576E3	9.441536E1	9.086069E1
2.524000E0	5.048000E3	2.926309E3	-1.336588E1	2.401326E1	2.748242E1	2.279100E3	9.942649E1	8.849811E1
2.528000E0	5.056000E3	3.005221E3	-1.793889E1	2.064618E1	2.735084E1	2.290986E3	1.039995E2	8.513103E1
2.532000E0	5.064000E3	3.020492E3	-2.183450E1	1.636863E1	2.728878E1	2.303142E3	1.078951E2	8.085348E1
2.536000E0	5.072000E3	3.052790E3	-2.472030E1	1.144835E1	2.724257E1	2.315150E3	1.107809E2	7.593320E1
2.540000E0	5.080000E3	3.102348E3	-2.647496E1	5.838056E0	2.711101E1	2.327565E3	1.125356E2	7.032290E1
2.544000E0	5.088000E3	3.073029E3	-2.702276E1	1.452597E-2	2.702277E1	2.339969E3	1.130834E2	6.449937E1
2.548000E0	5.096000E3	3.062398E3	-2.647894E1	-5.700196E0	2.708554E1	2.352149E3	1.125395E2	5.878465E1
2.552000E0	5.104000E3	3.095898E3	-2.458110E1	-1.118588E1	2.700656E1	2.364468E3	1.106417E2	5.329897E1
2.556000E0	5.112000E3	3.053905E3	-2.183724E1	-1.640541E1	2.731305E1	2.376916E3	1.078978E2	4.807944E1
2.560000E0	5.120000E3	3.021161E3	-1.815815E1	-2.081480E1	2.762199E1	2.388900E3	1.042188E2	4.367005E1
2.564000E0	5.128000E3	3.048020E3	-1.338673E1	-2.423532E1	2.768673E1	2.401085E3	9.944733E1	4.024953E1
2.568000E0	5.136000E3	3.022763E3	-8.043971E0	-2.678440E1	2.796622E1	2.413284E3	9.410458E1	3.770045E1
2.572000E0	5.144000E3	2.999735E3	-2.312222E0	-2.792955E1	2.802510E1	2.425267E3	8.837283E1	3.655530E1
2.576000E0	5.152000E3	2.990354E3	3.565439E0	-2.790346E1	2.813033E1	2.437282E3	8.249517E1	3.658139E1
2.580000E0	5.160000E3	2.949435E3	9.286043E0	-2.668052E1	2.825032E1	2.449190E3	7.677456E1	3.780433E1
2.584000E0	5.168000E3	2.926418E3	1.449424E1	-2.424005E1	2.824293E1	2.460877E3	7.156637E1	4.024480E1
2.588000E0	5.176000E3	2.976145E3	1.926614E1	-2.095061E1	2.846247E1	2.472602E3	6.679446E1	4.353424E1
2.592000E0	5.184000E3	2.993621E3	2.309679E1	-1.636173E1	2.830491E1	2.484686E3	6.296382E1	4.812312E1
2.596000E0	5.192000E3	3.002961E3	2.595199E1	-1.125703E1	2.828827E1	2.496551E3	6.010862E1	5.322782E1
2.600000E0	5.200000E3	3.063115E3	2.768029E1	-5.526048E0	2.822650E1	2.508710E3	5.838032E1	5.895880E1
2.604000E0	5.208000E3	3.092556E3	2.820337E1	5.196038E-1	2.820816E1	2.521055E3	5.785724E1	6.500445E1
2.608000E0	5.216000E3	3.110782E3	2.728629E1	6.525899E0	2.805582E1	2.533450E3	5.877432E1	7.101075E1
2.612000E0	5.224000E3	3.128604E3	2.515440E1	1.223697E1	2.797297E1	2.545942E3	6.090621E1	7.672182E1
2.616000E0	5.232000E3	3.118072E3	2.192565E1	1.742750E1	2.800807E1	2.558479E3	6.413495E1	8.191235E1
2.620000E0	5.240000E3	3.060447E3	1.768117E1	2.174605E1	2.802704E1	2.570886E3	6.837943E1	8.623090E1
2.624000E0	5.248000E3	3.078953E3	1.278014E1	2.504228E1	2.811490E1	2.582963E3	7.328047E1	8.952712E1
2.628000E0	5.256000E3	3.142717E3	7.011596E0	2.714686E1	2.803774E1	2.595518E3	7.904901E1	9.163171E1
2.632000E0	5.264000E3	3.125833E3	9.245011E-1	2.793617E1	2.795147E1	2.608105E3	8.513610E1	9.242102E1
2.636000E0	5.272000E3	3.138189E3	-5.069326E0	2.728628E1	2.775319E1	2.620525E3	9.112993E1	9.177113E1
2.640000E0	5.280000E3	3.182201E3	-1.090522E1	2.543140E1	2.767092E1	2.633210E3	9.696582E1	8.991625E1
2.644000E0	5.288000E3	3.190754E3	-1.617216E1	2.227363E1	2.752551E1	2.645982E3	1.022328E2	8.675848E1
2.648000E0	5.296000E3	3.212271E3	-2.056699E1	1.804558E1	2.736136E1	2.658736E3	1.066276E2	8.253043E1
2.652000E0	5.304000E3	3.298407E3	-2.403582E1	1.295258E1	2.730367E1	2.671680E3	1.100964E2	7.743743E1
2.656000E0	5.312000E3	3.300403E3	-2.626650E1	6.977500E0	2.717747E1	2.685123E3	1.123271E2	7.146235E1
2.660000E0	5.320000E3	3.293466E3	-2.701315E1	9.038665E-1	2.702827E1	2.698084E3	1.130738E2	6.538871E1
2.664000E0	5.328000E3	3.337048E3	-2.654032E1	-5.385753E0	2.708126E1	2.711471E3	1.126009E2	5.909910E1
2.668000E0	5.336000E3	3.293963E3	-2.480203E1	-1.144963E1	2.731729E1	2.724780E3	1.108626E2	5.303522E1
2.672000E0	5.344000E3	3.246724E3	-2.173641E1	-1.687436E1	2.751755E1	2.737823E3	1.077970E2	4.761049E1
2.676000E0	5.352000E3	3.278576E3	-1.747918E1	-2.139631E1	2.762832E1	2.750754E3	1.035398E2	4.308854E1
2.680000E0	5.360000E3	3.256791E3	-1.214594E1	-2.495969E1	2.775806E1	2.764051E3	9.820654E1	3.952516E1
2.684000E0	5.368000E3	3.234752E3	-6.362434E0	-2.714362E1	2.787932E1	2.776808E3	9.242304E1	3.734123E1
2.688000E0	5.376000E3	3.204149E3	-3.471786E-2	-2.818875E1	2.818878E1	2.789929E3	8.609532E1	3.629609E1
2.692000E0	5.384000E3	3.149784E3	6.124116E0	-2.775870E1	2.842622E1	2.802441E3	7.993649E1	3.672615E1
2.696000E0	5.392000E3	3.162960E3	1.204201E1	-2.567460E1	2.835833E1	2.815128E3	7.401860E1	3.881025E1
2.700000E0	5.400000E3	3.189681E3	1.740332E1	-2.248078E1	2.842993E1	2.827745E3	6.865729E1	4.200407E1
2.704000E0	5.408000E3	3.245707E3	2.194239E1	-1.799474E1	2.837744E1	2.840645E3	6.411822E1	4.649011E1
2.708000E0	5.416000E3	3.272353E3	2.528784E1	-1.249220E1	2.820514E1	2.853711E3	6.077276E1	5.199265E1
2.712000E0	5.424000E3	3.259919E3	2.738915E1	-6.411972E0	2.812968E1	2.866824E3	5.867146E1	5.807288E1
2.716000E0	5.432000E3	3.254682E3	2.801889E1	-1.027068E-1	2.801908E1	2.879790E3	5.804172E1	6.438214E1
2.720000E0	5.440000E3	3.329472E3	2.726899E1	6.226119E0	2.797074E1	2.892861E3	5.879162E1	7.071097E1
2.724000E0	5.448000E3	3.333362E3	2.502681E1	1.243744E1	2.794693E1	2.906426E3	6.103380E1	7.692229E1
2.728000E0	5.456000E3	3.291081E3	2.160060E1	1.782411E1	2.800509E1	2.919528E3	6.446000E1	8.230896E1
2.732000E0	5.464000E3	3.321170E3	1.693836E1	2.227864E1	2.798653E1	2.932754E3	6.912224E1	8.676348E1
2.736000E0	5.472000E3	3.343603E3	1.132296E1	2.554893E1	2.794562E1	2.946098E3	7.473765E1	9.003378E1
2.740000E0	5.480000E3	3.341633E3	5.079020E0	2.741256E1	2.787911E1	2.959503E3	8.098159E1	9.189740E1
2.744000E0	5.488000E3	3.331268E3	-1.376634E0	2.784105E1	2.787506E1	2.972831E3	8.743724E1	9.232590E1
2.748000E0	5.496000E3	3.390235E3	-7.684160E0	2.652963E1	2.762005E1	2.986153E3	9.374477E1	9.101448E1
2.752000E0	5.504000E3	3.442226E3	-1.369671E1	2.376876E1	2.743271E1	2.999953E3	9.975732E1	8.825361E1
2.756000E0	5.512000E3	3.462870E3	-1.887206E1	1.975457E1	2.732028E1	3.013691E3	1.049327E2	8.423942E1
2.760000E0	5.520000E3	3.477973E3	-2.304030E1	1.459048E1	2.727155E1	3.027656E3	1.091009E2	7.907533E1
2.764000E0	5.528000E3	3.489235E3	-2.576100E1	8.612033E0	2.716241E1	3.041515E3	1.118216E2	7.309688E1
2.768000E0	5.536000E3	3.486277E3	-2.712758E1	2.101895E0	2.720889E1	3.055569E3	1.131882E2	6.658674E1
2.772000E0	5.544000E3	3.491698E3	-2.680324E1	-4.439736E0	2.716846E1	3.069405E3	1.128638E2	6.004511E1
2.776000E0	5.552000E3	3.482549E3	-2.508458E1	-1.090868E1	2.735389E1	3.083503E3	1.111452E2	5.357617E1
2.780000E0	5.560000E3	3.470711E3	-2.179177E1	-1.658020E1	2.738219E1	3.097266E3	1.078524E2	4.790465E1
2.784000E0	5.568000E3	3.511538E3	-1.726999E1	-2.153239E1	2.760247E1	3.111269E3	1.033306E2	4.295246E1
2.788000E0	5.576000E3	3.434754E3	-1.159522E1	-2.527704E1	2.780967E1	3.125358E3	9.765583E1	3.920781E1
2.792000E0	5.584000E3	3.389731E3	-5.471872E0	-2.750087E1	2.803996E1	3.138747E3	9.153248E1	3.698397E1
2.796000E0	5.592000E3	3.400332E3	1.221815E0	-2.825895E1	2.828535E1	3.152476E3	8.483879E1	3.622590E1
2.800000E0	5.600000E3	3.380551E3	7.807135E0	-2.731769E1	2.841139E1	3.165949E3	7.825347E1	3.716716E1
2.804000E0	5.608000E3	3.396177E3	1.404142E1	-2.479780E1	2.849724E1	3.179520E3	7.201918E1	3.968705E1
2.808000E0	5.616000E3	3.416299E3	1.942325E1	-2.074246E1	2.841677E1	3.193119E3	6.663735E1	4.374239E1
2.812000E0	5.624000E3	3.428575E3	2.369993E1	-1.547897E1	2.830698E1	3.206851E3	6.236068E1	4.900588E1
2.816000E0	5.632000E3	3.454894E3	2.672486E1	-9.438873E0	2.834273E1	3.220547E3	5.933575E1	5.504598E1
2.820000E0	5.640000E3	3.508981E3	2.809587E1	-2.710436E0	2.822630E1	3.234490E3	5.796474E1	6.177441E1
2.824000E0	5.648000E3	3.509585E3	2.783995E1	4.219985E0	2.815796E1	3.248619E3	5.822066E1	6.870483E1
2.828000E0	5.656000E3	3.474219E3	2.604320E1	1.082280E1	2.820251E1	3.262566E3	6.001740E1	7.530765E1
2.832000E0	5.664000E3	3.476717E3	2.258900E1	1.666198E1	2.806928E1	3.276413E3	6.347161E1	8.114683E1
2.836000E0	5.672000E3	3.490079E3	1.785365E1	2.156609E1	2.799730E1	3.290380E3	6.820696E1	8.605093E1
2.840000E0	5.680000E3	3.510348E3	1.210817E1	2.519681E1	2.795509E1	3.304334E3	7.395243E1	8.968166E1
2.844000E0	5.688000E3	3.494137E3	5.589830E0	2.738406E1	2.794875E1	3.318463E3	8.047078E1	9.186891E1
2.848000E0	5.696000E3	3.521039E3	-1.109259E0	2.777812E1	2.780026E1	3.332287E3	8.716987E1	9.226297E1
2.852000E0	5.704000E3	3.602772E3	-7.925707E0	2.653349E1	2.769193E1	3.346631E3	9.398631E1	9.101834E1
2.856000E0	5.712000E3	3.602218E3	-1.421411E1	2.355469E1	2.751117E1	3.361109E3	1.002747E2	8.803954E1
2.860000E0	5.720000E3	3.622056E3	-1.939119E1	1.908967E1	2.721091E1	3.375449E3	1.054518E2	8.357452E1
2.864000E0	5.728000E3	3.665584E3	-2.348277E1	1.351116E1	2.709229E1	3.390085E3	1.095434E2	7.799601E1
2.868000E0	5.736000E3	3.692559E3	-2.594773E1	7.062680E0	2.689175E1	3.404774E3	1.120083E2	7.154753E1
2.872000E0	5.744000E3	3.717466E3	-2.703283E1	1.765266E-1	2.703341E1	3.419626E3	1.130934E2	6.466138E1
2.876000E0	5.752000E3	3.701116E3	-2.618473E1	-6.778332E0	2.704784E1	3.434513E3	1.122453E2	5.770652E1
2.880000E0	5.760000E3	3.718845E3	-2.361316E1	-1.321577E1	2.705989E1	3.449235E3	1.096738E2	5.126908E1
2.884000E0	5.768000E3	3.675187E3	-1.968946E1	-1.919007E1	2.749425E1	3.464264E3	1.057501E2	4.529478E1
2.888000E0	5.776000E3	3.643973E3	-1.446697E1	-2.373448E1	2.779602E1	3.478636E3	1.005276E2	4.075037E1
2.892000E0	5.784000E3	3.599927E3	-7.984005E0	-2.680895E1	2.797256E1	3.493416E3	9.404461E1	3.767590E1
2.896000E0	5.792000E3	3.579778E3	-1.258550E0	-2.810183E1	2.813000E1	3.507436E3	8.731916E1	3.638302E1
2.900000E0	5.800000E3	3.602795E3	5.928174E0	-2.776093E1	2.838684E1	3.522054E3	8.013243E1	3.672392E1
2.904000E0	5.808000E3	3.556060E3	1.254304E1	-2.542575E1	2.835131E1	3.536258E3	7.351756E1	3.905910E1
2.908000E0	5.816000E3	3.584314E3	1.852228E1	-2.168483E1	2.851853E1	3.550503E3	6.753832E1	4.280002E1
2.912000E0	5.824000E3	3.603942E3	2.332925E1	-1.637626E1	2.850326E1	3.564933E3	6.273135E1	4.810858E1
2.916000E0	5.832000E3	3.577190E3	2.659244E1	-1.003035E1	2.842123E1	3.579334E3	5.946816E1	5.445450E1
2.920000E0	5.840000E3	3.616563E3	2.825367E1	-3.194077E0	2.843364E1	3.593550E3	5.780694E1	6.129077E1
2.924000E0	5.848000E3	3.658341E3	2.798482E1	4.065899E0	2.827864E1	3.608267E3	5.807579E1	6.855075E1
2.928000E0	5.856000E3	3.657871E3	2.597107E1	1.092621E1	2.817585E1	3.622817E3	6.008953E1	7.541106E1
2.932000E0	5.864000E3	3.709924E3	2.223431E1	1.707924E1	2.803685E1	3.637530E3	6.382629E1	8.156409E1
2.936000E0	5.872000E3	3.701387E3	1.710370E1	2.228692E1	2.809348E1	3.652496E3	6.895691E1	8.677177E1
2.940000E0	5.880000E3	3.662003E3	1.090108E1	2.585768E1	2.806159E1	3.667141E3	7.515953E1	9.034253E1
2.944000E0	5.888000E3	3.670505E3	3.977388E0	2.757469E1	2.786006E1	3.681792E3	8.208322E1	9.205954E1
2.948000E0	5.896000E3	3.684258E3	-3.145971E0	2.759158E1	2.777035E1	3.696505E3	8.920658E1	9.207643E1
2.952000E0	5.904000E3	3.715217E3	-1.003635E1	2.578672E1	2.767098E1	3.711266E3	9.609696E1	9.027156E1
2.956000E0	5.912000E3	3.749802E3	-1.619448E1	2.210551E1	2.740282E1	3.726226E3	1.022551E2	8.659036E1
2.960000E0	5.920000E3	3.755623E3	-2.126119E1	1.705493E1	2.725636E1	3.741265E3	1.073218E2	8.153978E1
2.964000E0	5.928000E3	3.874734E3	-2.485052E1	1.092339E1	2.714532E1	3.756271E3	1.109111E2	7.540824E1
2.968000E0	5.936000E3	3.950407E3	-2.680413E1	3.641886E0	2.705041E1	3.772263E3	1.128647E2	6.812673E1
2.972000E0	5.944000E3	3.847317E3	-2.690478E1	-3.721238E0	2.716090E1	3.787875E3	1.129654E2	6.076361E1
2.976000E0	5.952000E3	3.842742E3	-2.507134E1	-1.066339E1	2.724482E1	3.803041E3	1.111319E2	5.382146E1
2.980000E0	5.960000E3	3.891052E3	-2.141252E1	-1.710357E1	2.740490E1	3.818617E3	1.074731E2	4.738128E1
2.984000E0	5.968000E3	3.808259E3	-1.622313E1	-2.246874E1	2.771343E1	3.834170E3	1.022837E2	4.201611E1
2.988000E0	5.976000E3	3.743157E3	-1.002559E1	-2.623067E1	2.808132E1	3.849083E3	9.608620E1	3.825418E1
2.992000E0	5.984000E3	3.704235E3	-2.901966E0	-2.815284E1	2.830201E1	3.864115E3	8.896257E1	3.633201E1
2.996000E0	5.992000E3	3.630313E3	4.321642E0	-2.818750E1	2.851686E1	3.878717E3	8.173896E1	3.629735E1
3.000000E0	6.000000E3	3.666321E3	1.122956E1	-2.625455E1	2.855529E1	3.893157E3	7.483105E1	3.823030E1
3.004000E0	6.008000E3	3.760980E3	1.755474E1	-2.243097E1	2.848364E1	3.908047E3	6.850586E1	4.205388E1
3.008000E0	6.016000E3	3.772274E3	2.283951E1	-1.705809E1	2.850652E1	3.923245E3	6.322110E1	4.742676E1
3.012000E0	6.024000E3	3.745271E3	2.637590E1	-1.053608E1	2.840241E1	3.938225E3	5.968470E1	5.394877E1
3.016000E0	6.032000E3	3.766920E3	2.809584E1	-3.346592E0	2.829445E1	3.953207E3	5.796477E1	6.113826E1
3.020000E0	6.040000E3	3.866571E3	2.789264E1	4.099282E0	2.819226E1	3.968361E3	5.816796E1	6.858413E1
3.024000E0	6.048000E3	3.853004E3	2.570354E1	1.151922E1	2.816673E1	3.984140E3	6.035706E1	7.600407E1
3.028000E0	6.056000E3	3.764131E3	2.174460E1	1.772482E1	2.805346E1	3.999185E3	6.431600E1	8.220967E1
3.032000E0	6.064000E3	3.815556E3	1.631348E1	2.266329E1	2.792408E1	4.014253E3	6.974713E1	8.714814E1
3.036000E0	6.072000E3	3.845728E3	9.685056E0	2.619501E1	2.792810E1	4.029709E3	7.637555E1	9.067986E1
3.040000E0	6.080000E3	3.834299E3	2.413444E0	2.769012E1	2.779509E1	4.045019E3	8.364716E1	9.217497E1
3.044000E0	6.088000E3	3.865490E3	-4.995392E0	2.726176E1	2.771566E1	4.060384E3	9.105600E1	9.174661E1
3.048000E0	6.096000E3	3.887451E3	-1.203493E1	2.473806E1	2.751020E1	4.075943E3	9.809554E1	8.922291E1
3.052000E0	6.104000E3	3.917168E3	-1.811612E1	2.048867E1	2.734921E1	4.091483E3	1.041767E2	8.497351E1
3.056000E0	6.112000E3	3.974547E3	-2.288438E1	1.470279E1	2.720049E1	4.107280E3	1.089450E2	7.918764E1
3.060000E0	6.120000E3	4.035971E3	-2.595681E1	7.797509E0	2.710271E1	4.123280E3	1.120174E2	7.228236E1
3.064000E0	6.128000E3	4.051142E3	-2.713553E1	2.047064E-1	2.713631E1	4.139568E3	1.131961E2	6.468955E1
3.068000E0	6.136000E3	4.020532E3	-2.610184E1	-7.331342E0	2.711189E1	4.155689E3	1.121624E2	5.715351E1
3.072000E0	6.144000E3	4.006099E3	-2.327505E1	-1.439295E1	2.736576E1	4.171732E3	1.093357E2	5.009190E1
3.076000E0	6.152000E3	3.951198E3	-1.861565E1	-2.048525E1	2.768010E1	4.187737E3	1.046763E2	4.399960E1
3.080000E0	6.160000E3	3.897604E3	-1.248814E1	-2.487490E1	2.783369E1	4.203342E3	9.854875E1	3.960995E1
3.084000E0	6.168000E3	3.884284E3	-5.393536E0	-2.753768E1	2.806090E1	4.218918E3	9.145414E1	3.694717E1
3.088000E0	6.176000E3	3.834141E3	2.178278E0	-2.820702E1	2.829100E1	4.234416E3	8.388233E1	3.627783E1
3.092000E0	6.184000E3	3.827247E3	9.532198E0	-2.678217E1	2.842794E1	4.249591E3	7.652841E1	3.770267E1
3.096000E0	6.192000E3	3.876020E3	1.633981E1	-2.330634E1	2.846357E1	4.265034E3	6.972080E1	4.117851E1
3.100000E0	6.200000E3	3.902797E3	2.191990E1	-1.800546E1	2.836686E1	4.280600E3	6.414071E1	4.647939E1
3.104000E0	6.208000E3	3.949397E3	2.597836E1	-1.142738E1	2.838063E1	4.296256E3	6.008224E1	5.305747E1
3.108000E0	6.216000E3	3.979218E3	2.800395E1	-3.838663E0	2.826582E1	4.312195E3	5.805666E1	6.064619E1
3.112000E0	6.224000E3	3.979843E3	2.797934E1	3.977055E0	2.826058E1	4.328090E3	5.808127E1	6.846190E1
3.116000E0	6.232000E3	3.961882E3	2.587795E1	1.153976E1	2.833433E1	4.344034E3	6.018265E1	7.602460E1
3.120000E0	6.240000E3	3.954009E3	2.174837E1	1.811044E1	2.830159E1	4.359785E3	6.431223E1	8.259529E1
3.124000E0	6.248000E3	3.962136E3	1.594705E1	2.334737E1	2.827381E1	4.375666E3	7.011356E1	8.783222E1
3.128000E0	6.256000E3	3.965596E3	8.932446E0	2.666860E1	2.812477E1	4.391482E3	7.712816E1	9.115345E1
3.132000E0	6.264000E3	4.002470E3	1.271156E0	2.788951E1	2.791846E1	4.407390E3	8.478945E1	9.237436E1
3.136000E0	6.272000E3	3.995361E3	-6.472939E0	2.695784E1	2.772408E1	4.423502E3	9.253354E1	9.144269E1
3.140000E0	6.280000E3	4.032660E3	-1.344466E1	2.390602E1	2.742730E1	4.439353E3	9.950527E1	8.839087E1
3.144000E0	6.288000E3	4.103183E3	-1.950258E1	1.898985E1	2.722067E1	4.455763E3	1.055632E2	8.347469E1
3.148000E0	6.296000E3	4.131043E3	-2.394359E1	1.263539E1	2.707303E1	4.472179E3	1.100042E2	7.712024E1
3.152000E0	6.304000E3	4.185883E3	-2.655271E1	5.252042E0	2.706714E1	4.488811E3	1.126133E2	6.973689E1
3.156000E0	6.312000E3	4.182075E3	-2.701815E1	-2.680474E0	2.715079E1	4.505666E3	1.130788E2	6.180437E1
3.160000E0	6.320000E3	4.194638E3	-2.517609E1	-1.030909E1	2.720502E1	4.522268E3	1.112367E2	5.417576E1
3.164000E0	6.328000E3	4.169725E3	-2.119706E1	-1.730200E1	2.736192E1	4.539223E3	1.072577E2	4.718285E1
3.168000E0	6.336000E3	4.030318E3	-1.566804E1	-2.290478E1	2.775097E1	4.555626E3	1.017286E2	4.158006E1
3.172000E0	6.344000E3	4.004448E3	-8.901944E0	-2.655185E1	2.800438E1	4.571465E3	9.496255E1	3.793300E1
3.176000E0	6.352000E3	4.014363E3	-1.149603E0	-2.815056E1	2.817402E1	4.587661E3	8.721021E1	3.633429E1
3.180000E0	6.360000E3	4.031365E3	6.673197E0	-2.762518E1	2.841975E1	4.603580E3	7.938741E1	3.685967E1
3.184000E0	6.368000E3	4.023390E3	1.420660E1	-2.469368E1	2.848869E1	4.619912E3	7.185400E1	3.979117E1
3.188000E0	6.376000E3	4.009247E3	2.030813E1	-1.977125E1	2.834294E1	4.635767E3	6.575248E1	4.471360E1
3.192000E0	6.384000E3	4.066447E3	2.492241E1	-1.325908E1	2.822994E1	4.651986E3	6.113820E1	5.122576E1
3.196000E0	6.392000E3	4.118156E3	2.764442E1	-5.725378E0	2.823108E1	4.668299E3	5.841618E1	5.875947E1
3.200000E0	6.400000E3	4.140078E3	2.819134E1	2.432524E0	2.829610E1	4.684932E3	5.786926E1	6.691737E1
3.204000E0	6.408000E3	4.116632E3	2.633682E1	1.033171E1	2.829086E1	4.701420E3	5.972378E1	7.481656E1
3.208000E0	6.416000E3	4.098423E3	2.228233E1	1.732427E1	2.822468E1	4.717865E3	6.377827E1	8.180912E1
3.212000E0	6.424000E3	4.057600E3	1.647185E1	2.284468E1	2.816383E1	4.734207E3	6.958876E1	8.732953E1
3.216000E0	6.432000E3	4.117788E3	9.423228E0	2.635498E1	2.798896E1	4.750325E3	7.663738E1	9.083982E1
3.220000E0	6.440000E3	4.209391E3	1.382638E0	2.776682E1	2.780122E1	4.767149E3	8.467797E1	9.225167E1
3.224000E0	6.448000E3	4.205989E3	-6.700061E0	2.687126E1	2.769396E1	4.784001E3	9.276067E1	9.135611E1
3.228000E0	6.456000E3	4.160311E3	-1.410285E1	2.366034E1	2.754455E1	4.800797E3	1.001635E2	8.814519E1
3.232000E0	6.464000E3	4.194179E3	-2.008071E1	1.854092E1	2.733131E1	4.817283E3	1.061413E2	8.302576E1
3.236000E0	6.472000E3	4.262113E3	-2.446033E1	1.174532E1	2.713412E1	4.834351E3	1.105209E2	7.623017E1
3.240000E0	6.480000E3	4.263836E3	-2.675770E1	4.056273E0	2.706340E1	4.851380E3	1.128183E2	6.854112E1
3.244000E0	6.488000E3	4.249770E3	-2.687332E1	-3.997723E0	2.716905E1	4.868461E3	1.129339E2	6.048713E1
3.248000E0	6.496000E3	4.247980E3	-2.462536E1	-1.168148E1	2.725555E1	4.885378E3	1.106860E2	5.280337E1
3.252000E0	6.504000E3	4.251469E3	-2.030730E1	-1.857252E1	2.751954E1	4.902445E3	1.063679E2	4.591233E1
3.256000E0	6.512000E3	4.224021E3	-1.409280E1	-2.382006E1	2.767675E1	4.919390E3	1.001534E2	4.066479E1
3.260000E0	6.520000E3	4.166787E3	-6.651878E0	-2.715805E1	2.796082E1	4.936237E3	9.271248E1	3.732679E1
3.264000E0	6.528000E3	4.124631E3	1.343149E0	-2.822786E1	2.825980E1	4.952724E3	8.471746E1	3.625699E1
3.268000E0	6.536000E3	4.065066E3	9.345136E0	-2.678376E1	2.836726E1	4.969234E3	7.671547E1	3.770109E1
3.272000E0	6.544000E3	4.102350E3	1.633307E1	-2.311525E1	2.830343E1	4.985245E3	6.972754E1	4.136959E1
3.276000E0	6.552000E3	4.204344E3	2.227368E1	-1.736882E1	2.824523E1	5.002053E3	6.378692E1	4.711603E1
3.280000E0	6.560000E3	4.194584E3	2.626881E1	-1.014709E1	2.816050E1	5.018879E3	5.979179E1	5.433776E1
3.284000E0	6.568000E3	4.203687E3	2.799533E1	-2.149262E0	2.807771E1	5.035610E3	5.806527E1	6.233559E1
3.288000E0	6.576000E3	4.285751E3	2.738237E1	6.075035E0	2.804818E1	5.052509E3	5.867823E1	7.055988E1
3.292000E0	6.584000E3	4.265357E3	2.438903E1	1.402200E1	2.813257E1	5.069896E3	6.167157E1	7.850684E1
3.296000E0	6.592000E3	4.205189E3	1.926295E1	2.039269E1	2.805215E1	5.086632E3	6.679766E1	8.487754E1
3.300000E0	6.600000E3	4.209190E3	1.252894E1	2.517031E1	2.811617E1	5.103537E3	7.353167E1	8.965516E1
3.304000E0	6.608000E3	4.186998E3	4.724925E0	2.765756E1	2.805825E1	5.120305E3	8.133568E1	9.214241E1
3.308000E0	6.616000E3	4.209769E3	-3.420256E0	2.772214E1	2.793233E1	5.137033E3	8.948086E1	9.220699E1
3.312000E0	6.624000E3	4.263352E3	-1.121516E1	2.520918E1	2.759135E1	5.153984E3	9.727577E1	8.969403E1
3.316000E0	6.632000E3	4.333172E3	-1.804552E1	2.065668E1	2.742881E1	5.171140E3	1.041061E2	8.514153E1
3.320000E0	6.640000E3	4.380744E3	-2.320032E1	1.413437E1	2.716680E1	5.188649E3	1.092609E2	7.861922E1
3.324000E0	6.648000E3	4.404061E3	-2.625028E1	6.454407E0	2.703214E1	5.206186E3	1.123109E2	7.093926E1
3.328000E0	6.656000E3	4.422581E3	-2.698838E1	-1.831074E0	2.705042E1	5.223881E3	1.130490E2	6.265377E1
3.332000E0	6.664000E3	4.402166E3	-2.523797E1	-9.975517E0	2.713791E1	5.241567E3	1.112986E2	5.450933E1
3.336000E0	6.672000E3	4.419917E3	-2.115978E1	-1.719529E1	2.726562E1	5.259099E3	1.072204E2	4.728955E1
3.340000E0	6.680000E3	4.348097E3	-1.509114E1	-2.317288E1	2.765366E1	5.276926E3	1.011517E2	4.131197E1
3.344000E0	6.688000E3	4.209933E3	-7.800073E0	-2.699478E1	2.809910E1	5.293883E3	9.386068E1	3.749007E1
3.348000E0	6.696000E3	4.163056E3	2.972309E-1	-2.811919E1	2.812076E1	5.310606E3	8.576338E1	3.636566E1
3.352000E0	6.704000E3	4.161960E3	8.405917E0	-2.717540E1	2.844577E1	5.327188E3	7.765469E1	3.730945E1
3.356000E0	6.712000E3	4.257203E3	1.582732E1	-2.355239E1	2.837638E1	5.343901E3	7.023328E1	4.093246E1
3.360000E0	6.720000E3	4.314860E3	2.205732E1	-1.770568E1	2.828456E1	5.361246E3	6.400329E1	4.677917E1
3.364000E0	6.728000E3	4.296899E3	2.621286E1	-1.036773E1	2.818872E1	5.378420E3	5.984774E1	5.411712E1
3.368000E0	6.736000E3	4.316266E3	2.813144E1	-2.154349E0	2.821381E1	5.395621E3	5.792917E1	6.233050E1
3.372000E0	6.744000E3	4.355832E3	2.744758E1	6.311705E0	2.816394E1	5.412950E3	5.861303E1	7.079655E1
3.376000E0	6.752000E3	4.319733E3	2.424002E1	1.425989E1	2.812335E1	5.430467E3	6.182059E1	7.874474E1
3.380000E0	6.760000E3	4.269685E3	1.897690E1	2.071558E1	2.809373E1	5.447508E3	6.708371E1	8.520043E1
3.384000E0	6.768000E3	4.321440E3	1.198017E1	2.525848E1	2.795559E1	5.464625E3	7.408044E1	8.974332E1
3.388000E0	6.776000E3	4.355583E3	3.841645E0	2.761335E1	2.787930E1	5.482080E3	8.221896E1	9.209820E1
3.392000E0	6.784000E3	4.375978E3	-4.565550E0	2.737201E1	2.775016E1	5.499470E3	9.062616E1	9.185686E1
3.396000E0	6.792000E3	4.414358E3	-1.257506E1	2.458702E1	2.761618E1	5.517088E3	9.863566E1	8.907187E1
3.400000E0	6.800000E3	4.408030E3	-1.933494E1	1.948099E1	2.744720E1	5.534784E3	1.053955E2	8.396584E1
3.404000E0	6.808000E3	4.460277E3	-2.410536E1	1.262783E1	2.721269E1	5.552352E3	1.101660E2	7.711268E1
3.408000E0	6.816000E3	4.530438E3	-2.684897E1	4.509053E0	2.722496E1	5.570467E3	1.129096E2	6.899390E1
3.412000E0	6.824000E3	4.556611E3	-2.687837E1	-4.062701E0	2.718368E1	5.588595E3	1.129390E2	6.042215E1
3.416000E0	6.832000E3	4.507378E3	-2.448775E1	-1.243383E1	2.746361E1	5.606920E3	1.105484E2	5.205102E1
3.420000E0	6.840000E3	4.384420E3	-1.963169E1	-1.939621E1	2.759739E1	5.624654E3	1.056923E2	4.508864E1
3.424000E0	6.848000E3	4.343580E3	-1.315555E1	-2.473666E1	2.801733E1	5.641995E3	9.921616E1	3.974819E1
3.428000E0	6.856000E3	4.332416E3	-5.165620E0	-2.761006E1	2.808913E1	5.659403E3	9.122623E1	3.687479E1
3.432000E0	6.864000E3	4.320217E3	3.289568E0	-2.819725E1	2.838848E1	5.676654E3	8.277104E1	3.628760E1
3.436000E0	6.872000E3	4.356366E3	1.152576E1	-2.593031E1	2.837647E1	5.693965E3	7.453484E1	3.855454E1
3.440000E0	6.880000E3	4.365171E3	1.881488E1	-2.126252E1	2.839180E1	5.711505E3	6.724573E1	4.322233E1
3.444000E0	6.888000E3	4.350362E3	2.427409E1	-1.465114E1	2.835291E1	5.728886E3	6.178652E1	4.983371E1
3.448000E0	6.896000E3	4.444016E3	2.749593E1	-6.698705E0	2.830016E1	5.746308E3	5.856467E1	5.778614E1
3.452000E0	6.904000E3	4.450107E3	2.825944E1	2.193380E0	2.834444E1	5.764438E3	5.780116E1	6.667823E1
3.456000E0	6.912000E3	4.360183E3	2.634976E1	1.059728E1	2.840092E1	5.781909E3	5.971085E1	7.508213E1
3.460000E0	6.920000E3	4.344311E3	2.189309E1	1.793182E1	2.829943E1	5.799320E3	6.416751E1	8.241667E1
3.464000E0	6.928000E3	4.375356E3	1.549689E1	2.355893E1	2.819888E1	5.816663E3	7.056372E1	8.804377E1
3.468000E0	6.936000E3	4.402102E3	7.558488E0	2.693073E1	2.797133E1	5.834322E3	7.850212E1	9.141558E1
3.472000E0	6.944000E3	4.488207E3	-9.073502E-1	2.764019E1	2.765508E1	5.851880E3	8.696796E1	9.212503E1
3.476000E0	6.952000E3	4.563808E3	-9.485960E0	2.574307E1	2.743518E1	5.870228E3	9.554657E1	9.022792E1
3.480000E0	6.960000E3	4.554021E3	-1.697963E1	2.143014E1	2.734152E1	5.888391E3	1.030402E2	8.591499E1
3.484000E0	6.968000E3	4.567282E3	-2.276683E1	1.497760E1	2.725174E1	5.906660E3	1.088274E2	7.946245E1
3.488000E0	6.976000E3	4.576113E3	-2.632687E1	7.089287E0	2.726467E1	5.924929E3	1.123875E2	7.157414E1
3.492000E0	6.984000E3	4.597086E3	-2.712767E1	-1.549545E0	2.717189E1	5.943269E3	1.131883E2	6.293530E1
3.496000E0	6.992000E3	4.631499E3	-2.542334E1	-1.012005E1	2.736351E1	5.961706E3	1.114839E2	5.436479E1
3.500000E0	7.000000E3	4.568589E3	-2.101605E1	-1.783628E1	2.756460E1	5.980321E3	1.070767E2	4.664857E1
3.504000E0	7.008000E3	4.437502E3	-1.462598E1	-2.363929E1	2.779812E1	5.998254E3	1.006866E2	4.084555E1
3.508000E0	7.016000E3	4.425694E3	-6.894232E0	-2.728823E1	2.814565E1	6.015821E3	9.295484E1	3.719662E1
3.512000E0	7.024000E3	4.437785E3	1.804219E0	-2.820696E1	2.826460E1	6.033660E3	8.425639E1	3.627789E1
3.516000E0	7.032000E3	4.394388E3	1.034968E1	-2.651343E1	2.846187E1	6.051323E3	7.571092E1	3.797142E1
3.520000E0	7.040000E3	4.464517E3	1.779228E1	-2.211730E1	2.838556E1	6.068815E3	6.826833E1	4.236755E1
3.524000E0	7.048000E3	4.534321E3	2.379624E1	-1.543007E1	2.836103E1	6.087040E3	6.226436E1	4.905478E1
3.528000E0	7.056000E3	4.514732E3	2.740828E1	-7.298143E0	2.836330E1	6.105090E3	5.865232E1	5.718671E1
3.532000E0	7.064000E3	4.545431E3	2.819274E1	1.555238E0	2.823561E1	6.123157E3	5.786786E1	6.604009E1
3.536000E0	7.072000E3	4.510387E3	2.629705E1	1.033376E1	2.825458E1	6.141453E3	5.976356E1	7.481861E1
3.540000E0	7.080000E3	4.459782E3	2.184672E1	1.784353E1	2.820764E1	6.159241E3	6.421388E1	8.232838E1
3.544000E0	7.088000E3	4.517316E3	1.529444E1	2.366989E1	2.818126E1	6.177131E3	7.076617E1	8.815474E1
3.548000E0	7.096000E3	4.565602E3	7.055541E0	2.704621E1	2.795136E1	6.195379E3	7.900507E1	9.153106E1
3.552000E0	7.104000E3	4.579098E3	-1.774156E0	2.776589E1	2.782251E1	6.213656E3	8.783476E1	9.225074E1
3.556000E0	7.112000E3	4.611941E3	-1.036416E1	2.563686E1	2.765257E1	6.232012E3	9.642476E1	9.012171E1
3.560000E0	7.120000E3	4.679659E3	-1.788920E1	2.090742E1	2.751624E1	6.250552E3	1.039498E2	8.539227E1
3.564000E0	7.128000E3	4.737732E3	-2.350132E1	1.387144E1	2.728972E1	6.269449E3	1.095619E2	7.835628E1
3.568000E0	7.136000E3	4.720946E3	-2.659951E1	5.434245E0	2.714894E1	6.288453E3	1.126601E2	6.991909E1
3.572000E0	7.144000E3	4.640096E3	-2.712708E1	-3.434995E0	2.734369E1	6.307217E3	1.131877E2	6.104985E1
3.576000E0	7.152000E3	4.612386E3	-2.487524E1	-1.190445E1	2.757705E1	6.325574E3	1.109358E2	5.258039E1
3.580000E0	7.160000E3	4.602101E3	-1.998084E1	-1.937348E1	2.783102E1	6.344116E3	1.060414E2	4.511137E1
3.584000E0	7.168000E3	4.590074E3	-1.297157E1	-2.480285E1	2.799006E1	6.362391E3	9.903218E1	3.968199E1
3.588000E0	7.176000E3	4.566804E3	-4.472475E0	-2.772552E1	2.808394E1	6.380836E3	9.053308E1	3.675933E1
3.592000E0	7.184000E3	4.508243E3	4.384542E0	-2.791797E1	2.826017E1	6.398925E3	8.167606E1	3.656688E1
3.596000E0	7.192000E3	4.515134E3	1.276059E1	-2.514994E1	2.820199E1	6.416902E3	7.330001E1	3.933491E1
3.600000E0	7.200000E3	4.560065E3	2.009000E1	-2.005741E1	2.838851E1	6.435047E3	6.597061E1	4.442744E1
3.604000E0	7.208000E3	4.599962E3	2.527644E1	-1.266695E1	2.827277E1	6.453383E3	6.078417E1	5.181790E1
3.608000E0	7.216000E3	4.664358E3	2.794011E1	-4.003233E0	2.822544E1	6.471846E3	5.812050E1	6.048162E1
3.612000E0	7.224000E3	4.640302E3	2.785497E1	5.262112E0	2.834765E1	6.490698E3	5.820564E1	6.974696E1
3.616000E0	7.232000E3	4.529492E3	2.488153E1	1.377425E1	2.843977E1	6.508969E3	6.117907E1	7.825910E1
3.620000E0	7.240000E3	4.530597E3	1.942453E1	2.078197E1	2.844649E1	6.526934E3	6.663608E1	8.526682E1
3.624000E0	7.248000E3	4.595592E3	1.176929E1	2.548674E1	2.807294E1	6.545213E3	7.429131E1	8.997159E1
3.628000E0	7.256000E3	4.653350E3	3.064371E0	2.774965E1	2.791834E1	6.563698E3	8.299624E1	9.223450E1
3.632000E0	7.264000E3	4.721849E3	-5.958873E0	2.701213E1	2.766158E1	6.582440E3	9.201948E1	9.149698E1
3.636000E0	7.272000E3	4.747488E3	-1.443307E1	2.357739E1	2.764429E1	6.601473E3	1.004937E2	8.806223E1
3.640000E0	7.280000E3	4.774571E3	-2.111249E1	1.745329E1	2.739260E1	6.620420E3	1.071731E2	8.193814E1
3.644000E0	7.288000E3	4.804263E3	-2.560556E1	9.487149E0	2.730661E1	6.639670E3	1.116662E2	7.397200E1
3.648000E0	7.296000E3	4.791554E3	-2.742699E1	5.485537E-1	2.743247E1	6.658854E3	1.134876E2	6.503340E1
3.652000E0	7.304000E3	4.753539E3	-2.614591E1	-8.496431E0	2.749178E1	6.678002E3	1.122065E2	5.598842E1
3.656000E0	7.312000E3	4.699333E3	-2.220316E1	-1.666002E1	2.775854E1	6.696883E3	1.082638E2	4.782483E1
3.660000E0	7.320000E3	4.653635E3	-1.575855E1	-2.301208E1	2.789064E1	6.715597E3	1.018192E2	4.147277E1
3.664000E0	7.328000E3	4.601808E3	-7.684616E0	-2.699779E1	2.807017E1	6.734112E3	9.374522E1	3.748705E1
3.668000E0	7.336000E3	4.573524E3	1.182298E0	-2.807613E1	2.810101E1	6.752411E3	8.487831E1	3.640872E1
3.672000E0	7.344000E3	4.658112E3	1.001488E1	-2.650391E1	2.833294E1	6.770700E3	7.604572E1	3.798094E1
3.676000E0	7.352000E3	4.732124E3	1.811693E1	-2.184038E1	2.837649E1	6.789676E3	6.794368E1	4.264447E1
3.680000E0	7.360000E3	4.712505E3	2.406598E1	-1.471487E1	2.820813E1	6.808557E3	6.199463E1	4.976998E1
3.684000E0	7.368000E3	4.690134E3	2.759165E1	-6.179469E0	2.827517E1	6.827376E3	5.846895E1	5.830538E1
3.688000E0	7.376000E3	4.684167E3	2.824963E1	3.007968E0	2.840932E1	6.846078E3	5.781097E1	6.749282E1
3.692000E0	7.384000E3	4.622919E3	2.582545E1	1.196017E1	2.846049E1	6.864850E3	6.023516E1	7.644502E1
3.696000E0	7.392000E3	4.617529E3	2.080452E1	1.944211E1	2.847497E1	6.883061E3	6.525609E1	8.392696E1
3.700000E0	7.400000E3	4.703982E3	1.333262E1	2.485464E1	2.820482E1	6.901790E3	7.272798E1	8.933949E1
3.704000E0	7.408000E3	4.708535E3	4.516193E0	2.755778E1	2.792539E1	6.920693E3	8.154441E1	9.204263E1
3.708000E0	7.416000E3	4.776031E3	-4.547573E0	2.729781E1	2.767401E1	6.939458E3	9.060818E1	9.178266E1
3.712000E0	7.424000E3	4.854486E3	-1.334634E1	2.417555E1	2.761489E1	6.958901E3	9.940694E1	8.866040E1
3.716000E0	7.432000E3	4.857182E3	-2.044318E1	1.821805E1	2.738285E1	6.978294E3	1.065038E2	8.270290E1
3.720000E0	7.440000E3	4.869864E3	-2.528349E1	1.033924E1	2.731583E1	6.997759E3	1.113441E2	7.482409E1
3.724000E0	7.448000E3	4.870374E3	-2.727885E1	1.308910E0	2.731023E1	7.017253E3	1.133395E2	6.579376E1
3.728000E0	7.456000E3	4.858826E3	-2.628826E1	-7.897732E0	2.744899E1	7.036722E3	1.123489E2	5.658712E1
3.732000E0	7.464000E3	4.840009E3	-2.230759E1	-1.628100E1	2.761701E1	7.056124E3	1.083682E2	4.820385E1
3.736000E0	7.472000E3	4.786299E3	-1.586234E1	-2.302971E1	2.796393E1	7.075442E3	1.019229E2	4.145514E1
3.740000E0	7.480000E3	4.691310E3	-7.615605E0	-2.730161E1	2.834388E1	7.094414E3	9.367621E1	3.718324E1
3.744000E0	7.488000E3	4.699461E3	1.471498E0	-2.834003E1	2.837821E1	7.112972E3	8.458911E1	3.614482E1
3.748000E0	7.496000E3	4.756716E3	1.066398E1	-2.638156E1	2.845536E1	7.132010E3	7.539662E1	3.810329E1
3.752000E0	7.504000E3	4.758032E3	1.874018E1	-2.153834E1	2.854986E1	7.151026E3	6.732043E1	4.294650E1
3.756000E0	7.512000E3	4.776296E3	2.470824E1	-1.422288E1	2.850943E1	7.170074E3	6.135237E1	5.026197E1
3.760000E0	7.520000E3	4.765825E3	2.802533E1	-5.327673E0	2.852724E1	7.189236E3	5.803528E1	5.915718E1
3.764000E0	7.528000E3	4.778911E3	2.814259E1	4.055636E0	2.843331E1	7.208200E3	5.791802E1	6.854048E1
3.768000E0	7.536000E3	4.762244E3	2.524255E1	1.312235E1	2.844965E1	7.227468E3	6.081805E1	7.760719E1
3.772000E0	7.544000E3	4.700436E3	1.968317E1	2.059611E1	2.848906E1	7.246298E3	6.637744E1	8.508096E1
3.776000E0	7.552000E3	4.733656E3	1.193399E1	2.567573E1	2.831366E1	7.265071E3	7.412662E1	9.016058E1
3.780000E0	7.560000E3	4.849037E3	2.842732E0	2.782988E1	2.797469E1	7.284168E3	8.321787E1	9.231473E1
3.784000E0	7.568000E3	4.954661E3	-6.620129E0	2.682406E1	2.762890E1	7.303863E3	9.268073E1	9.130890E1
3.788000E0	7.576000E3	4.971471E3	-1.528974E1	2.283528E1	2.748138E1	7.323805E3	1.013503E2	8.732013E1
3.792000E0	7.584000E3	4.965391E3	-2.197992E1	1.618415E1	2.729548E1	7.343635E3	1.080405E2	8.066900E1
3.796000E0	7.592000E3	4.983337E3	-2.622737E1	7.754930E0	2.734984E1	7.363528E3	1.122880E2	7.223978E1
3.800000E0	7.600000E3	4.963180E3	-2.744399E1	-1.679468E0	2.749533E1	7.383502E3	1.135046E2	6.280538E1
3.804000E0	7.608000E3	4.886484E3	-2.539974E1	-1.090392E1	2.764132E1	7.403233E3	1.114603E2	5.358092E1
3.808000E0	7.616000E3	4.858847E3	-2.044568E1	-1.879667E1	2.777302E1	7.422594E3	1.065063E2	4.568817E1
3.812000E0	7.624000E3	4.863359E3	-1.304403E1	-2.464033E1	2.787996E1	7.442104E3	9.910463E1	3.984452E1
3.816000E0	7.632000E3	4.792931E3	-4.153067E0	-2.779102E1	2.809962E1	7.461501E3	9.021367E1	3.669383E1
3.820000E0	7.640000E3	4.780278E3	5.116431E0	-2.774704E1	2.821483E1	7.480448E3	8.094417E1	3.673780E1
3.824000E0	7.648000E3	4.851014E3	1.403578E1	-2.456461E1	2.829175E1	7.499743E3	7.202482E1	3.992024E1
3.828000E0	7.656000E3	4.853119E3	2.145487E1	-1.848289E1	2.831834E1	7.519256E3	6.460574E1	4.600196E1
3.832000E0	7.664000E3	4.841952E3	2.631712E1	-1.033061E1	2.827211E1	7.538568E3	5.974349E1	5.415423E1
3.836000E0	7.672000E3	4.879388E3	2.826568E1	-9.912795E-1	2.828305E1	7.557991E3	5.779493E1	6.349357E1
3.840000E0	7.680000E3	4.861149E3	2.705377E1	8.583486E0	2.838279E1	7.577603E3	5.900684E1	7.306833E1
3.844000E0	7.688000E3	4.806853E3	2.275500E1	1.707292E1	2.844775E1	7.596881E3	6.330561E1	8.155777E1
3.848000E0	7.696000E3	4.791353E3	1.590150E1	2.362628E1	2.847909E1	7.616058E3	7.015911E1	8.811113E1
3.852000E0	7.704000E3	4.867531E3	7.199957E0	2.727285E1	2.820722E1	7.635211E3	7.886065E1	9.175769E1
3.856000E0	7.712000E3	4.968421E3	-2.436582E0	2.786143E1	2.796777E1	7.654998E3	8.849719E1	9.234628E1
3.860000E0	7.720000E3	5.055070E3	-1.160986E1	2.494420E1	2.751367E1	7.674959E3	9.767047E1	8.942905E1
3.864000E0	7.728000E3	5.072879E3	-1.952261E1	1.922601E1	2.740021E1	7.695439E3	1.055832E2	8.371085E1
3.868000E0	7.736000E3	5.054672E3	-2.489837E1	1.132488E1	2.735291E1	7.715542E3	1.109590E2	7.580973E1
3.872000E0	7.744000E3	5.064171E3	-2.731049E1	1.969167E0	2.738139E1	7.735876E3	1.133711E2	6.645402E1
3.876000E0	7.752000E3	4.987570E3	-2.655674E1	-7.642739E0	2.763462E1	7.756055E3	1.126173E2	5.684211E1
3.880000E0	7.760000E3	4.951014E3	-2.269381E1	-1.635315E1	2.797203E1	7.775777E3	1.087544E2	4.813170E1
3.884000E0	7.768000E3	4.916854E3	-1.592843E1	-2.331816E1	2.823918E1	7.795663E3	1.019890E2	4.116669E1
3.888000E0	7.776000E3	4.890662E3	-7.295298E0	-2.743960E1	2.839283E1	7.815111E3	9.335590E1	3.704525E1
3.892000E0	7.784000E3	4.911131E3	2.377494E0	-2.838025E1	2.847966E1	7.834789E3	8.368311E1	3.610460E1
3.896000E0	7.792000E3	4.943646E3	1.171869E1	-2.583325E1	2.836696E1	7.854400E3	7.434191E1	3.865160E1
3.900000E0	7.800000E3	4.966137E3	1.982293E1	-2.028651E1	2.836355E1	7.874338E3	6.623767E1	4.419834E1
3.904000E0	7.808000E3	4.952664E3	2.562209E1	-1.242513E1	2.847587E1	7.894129E3	6.043852E1	5.205972E1
3.908000E0	7.816000E3	4.940588E3	2.833190E1	-2.998239E0	2.849011E1	7.913959E3	5.772870E1	6.148661E1
3.912000E0	7.824000E3	4.898191E3	2.770967E1	6.731420E0	2.851557E1	7.933654E3	5.835094E1	7.121627E1
3.916000E0	7.832000E3	4.882957E3	2.400432E1	1.567489E1	2.866896E1	7.953145E3	6.205629E1	8.015974E1
3.920000E0	7.840000E3	4.887625E3	1.722729E1	2.262867E1	2.844004E1	7.972718E3	6.883331E1	8.711351E1
3.924000E0	7.848000E3	4.910144E3	8.573204E0	2.677569E1	2.811471E1	7.992246E3	7.748740E1	9.126053E1
3.928000E0	7.856000E3	5.050336E3	-9.673458E-1	2.771513E1	2.773201E1	8.011999E3	8.702795E1	9.219998E1
3.932000E0	7.864000E3	5.181466E3	-1.052878E1	2.523374E1	2.734222E1	8.032648E3	9.658939E1	8.971859E1
3.936000E0	7.872000E3	5.220158E3	-1.890081E1	1.995164E1	2.748287E1	8.053451E3	1.049614E2	8.443649E1
3.940000E0	7.880000E3	5.209499E3	-2.468626E1	1.182259E1	2.737125E1	8.074410E3	1.107469E2	7.630744E1
3.944000E0	7.888000E3	5.119911E3	-2.746642E1	2.341805E0	2.756607E1	8.095127E3	1.135270E2	6.682665E1
3.948000E0	7.896000E3	5.032008E3	-2.677468E1	-7.359337E0	2.776767E1	8.115369E3	1.128353E2	5.712551E1
3.952000E0	7.904000E3	5.013154E3	-2.289391E1	-1.625950E1	2.808029E1	8.135383E3	1.089545E2	4.822535E1
3.956000E0	7.912000E3	4.986231E3	-1.605025E1	-2.333068E1	2.831839E1	8.155474E3	1.021109E2	4.115417E1
3.960000E0	7.920000E3	4.969986E3	-7.240546E0	-2.754569E1	2.848141E1	8.175273E3	9.330115E1	3.693916E1
3.964000E0	7.928000E3	5.016162E3	2.597367E0	-2.835378E1	2.847250E1	8.195234E3	8.346324E1	3.613107E1
3.968000E0	7.936000E3	5.026203E3	1.221056E1	-2.571315E1	2.846513E1	8.215402E3	7.385005E1	3.877170E1
3.972000E0	7.944000E3	5.043710E3	2.020852E1	-1.989797E1	2.836042E1	8.235444E3	6.585209E1	4.458688E1
3.976000E0	7.952000E3	5.101363E3	2.588125E1	-1.165778E1	2.838561E1	8.255752E3	6.017936E1	5.282707E1
3.980000E0	7.960000E3	5.072430E3	2.837770E1	-1.857712E0	2.843844E1	8.276255E3	5.768291E1	6.262714E1
3.984000E0	7.968000E3	4.996661E3	2.734294E1	8.011719E0	2.849253E1	8.296331E3	5.871766E1	7.249657E1
3.988000E0	7.976000E3	4.947489E3	2.308194E1	1.691065E1	2.861374E1	8.316228E3	6.297867E1	8.139550E1
3.992000E0	7.984000E3	4.930128E3	1.596311E1	2.358713E1	2.848110E1	8.335911E3	7.009750E1	8.807197E1
3.996000E0	7.992000E3	5.000275E3	6.976135E0	2.730645E1	2.818348E1	8.355669E3	7.908447E1	9.179130E1
4.000000E0	8.000000E3	5.127221E3	-2.873502E0	2.774397E1	2.789239E1	8.375913E3	8.893411E1	9.222882E1
4.004000E0	8.008000E3	5.219998E3	-1.237360E1	2.461647E1	2.755134E1	8.396687E3	9.843420E1	8.910131E1
4.008000E0	8.016000E3	5.275834E3	-2.018493E1	1.838418E1	2.730219E1	8.417673E3	1.062455E2	8.286903E1
4.012000E0	8.024000E3	5.295732E3	-2.553995E1	9.858479E0	2.737661E1	8.438893E3	1.116006E2	7.434333E1
4.016000E0	8.032000E3	5.190236E3	-2.769448E1	-1.885148E-2	2.769448E1	8.460039E3	1.137551E2	6.446600E1
4.020000E0	8.040000E3	5.096536E3	-2.622140E1	-9.759565E0	2.797876E1	8.480415E3	1.122820E2	5.472528E1
4.024000E0	8.048000E3	5.112517E3	-2.132213E1	-1.841210E1	2.817160E1	8.500811E3	1.073827E2	4.607275E1
4.028000E0	8.056000E3	5.062681E3	-1.355847E1	-2.478079E1	2.824747E1	8.521315E3	9.961908E1	3.970406E1
4.032000E0	8.064000E3	5.049280E3	-4.267787E0	-2.793164E1	2.825580E1	8.541313E3	9.032839E1	3.655321E1
4.036000E0	8.072000E3	5.130317E3	5.710941E0	-2.755393E1	2.813954E1	8.561710E3	8.034967E1	3.693092E1
4.040000E0	8.080000E3	5.153252E3	1.515485E1	-2.392148E1	2.831796E1	8.582355E3	7.090575E1	4.056337E1
4.044000E0	8.088000E3	5.174692E3	2.253232E1	-1.701908E1	2.823747E1	8.602936E3	6.352828E1	4.746577E1
4.048000E0	8.096000E3	5.173430E3	2.727576E1	-7.948709E0	2.841037E1	8.623753E3	5.878484E1	5.653614E1
4.052000E0	8.104000E3	5.102716E3	2.843698E1	2.149680E0	2.851812E1	8.644323E3	5.762362E1	6.663453E1
4.056000E0	8.112000E3	4.995779E3	2.611788E1	1.194366E1	2.871924E1	8.664575E3	5.994273E1	7.642851E1
4.060000E0	8.120000E3	4.942947E3	2.051992E1	2.001704E1	2.866617E1	8.684289E3	6.554068E1	8.450189E1
4.064000E0	8.128000E3	4.976836E3	1.251142E1	2.578700E1	2.866191E1	8.704118E3	7.354918E1	9.027185E1
4.068000E0	8.136000E3	5.113946E3	2.894616E0	2.802947E1	2.817854E1	8.724104E3	8.316599E1	9.251432E1
4.072000E0	8.144000E3	5.284162E3	-7.209477E0	2.685049E1	2.780154E1	8.745030E3	9.327008E1	9.133534E1
4.076000E0	8.152000E3	5.337747E3	-1.621052E1	2.200571E1	2.733189E1	8.766377E3	1.022711E2	8.649056E1
4.080000E0	8.160000E3	5.380204E3	-2.301341E1	1.453068E1	2.721687E1	8.787732E3	1.090740E2	7.901553E1
4.084000E0	8.168000E3	5.351705E3	-2.691305E1	5.027466E0	2.737860E1	8.809419E3	1.129737E2	6.951231E1
4.088000E0	8.176000E3	5.255501E3	-2.711471E1	-5.047591E0	2.758053E1	8.830545E3	1.131753E2	5.943726E1
4.092000E0	8.184000E3	5.184761E3	-2.398495E1	-1.467663E1	2.811906E1	8.851463E3	1.100456E2	4.980822E1
4.096000E0	8.192000E3	5.140688E3	-1.737417E1	-2.225665E1	2.823509E1	8.872023E3	1.034348E2	4.222820E1
4.100000E0	8.200000E3	5.137833E3	-8.525589E0	-2.718586E1	2.849135E1	8.892588E3	9.458620E1	3.729899E1
4.104000E0	8.208000E3	5.114246E3	1.556708E0	-2.850374E1	2.854622E1	8.913126E3	8.450390E1	3.598111E1
4.108000E0	8.216000E3	5.137229E3	1.137591E1	-2.615987E1	2.852630E1	8.933502E3	7.468470E1	3.832498E1
4.112000E0	8.224000E3	5.204091E3	1.974459E1	-2.028687E1	2.830912E1	8.954224E3	6.631602E1	4.419797E1
4.116000E0	8.232000E3	5.296395E3	2.580653E1	-1.195979E1	2.844316E1	8.975135E3	6.025408E1	5.252505E1
4.120000E0	8.240000E3	5.251067E3	2.842056E1	-1.690956E0	2.847082E1	8.996595E3	5.764005E1	6.279389E1
4.124000E0	8.248000E3	5.116439E3	2.743390E1	8.462632E0	2.870949E1	9.017144E3	5.862671E1	7.294748E1
4.128000E0	8.256000E3	5.048268E3	2.273449E1	1.746154E1	2.866640E1	9.037527E3	6.332612E1	8.194639E1
4.132000E0	8.264000E3	5.059974E3	1.541427E1	2.422332E1	2.871182E1	9.057530E3	7.064633E1	8.870816E1
4.136000E0	8.272000E3	5.133341E3	5.893697E0	2.774280E1	2.836192E1	9.078006E3	8.016691E1	9.222765E1
4.140000E0	8.280000E3	5.239575E3	-4.169879E0	2.758348E1	2.789689E1	9.098596E3	9.023049E1	9.206833E1
4.144000E0	8.288000E3	5.425210E3	-1.368206E1	2.377179E1	2.742803E1	9.119923E3	9.974267E1	8.825664E1
4.148000E0	8.296000E3	5.537295E3	-2.136384E1	1.669236E1	2.711178E1	9.141998E3	1.074244E2	8.117721E1
4.152000E0	8.304000E3	5.508768E3	-2.613036E1	7.383649E0	2.715353E1	9.164221E3	1.121910E2	7.186850E1
4.156000E0	8.312000E3	5.319262E3	-2.740115E1	-2.913008E0	2.755555E1	9.186068E3	1.134618E2	6.157184E1
4.160000E0	8.320000E3	5.163924E3	-2.495664E1	-1.259306E1	2.795387E1	9.206775E3	1.110172E2	5.189179E1
4.164000E0	8.328000E3	5.175991E3	-1.921066E1	-2.087659E1	2.837043E1	9.227380E3	1.052713E2	4.360826E1
4.168000E0	8.336000E3	5.109596E3	-1.054384E1	-2.633925E1	2.837127E1	9.248183E3	9.660444E1	3.814560E1
4.172000E0	8.344000E3	5.081605E3	-8.652294E-1	-2.842422E1	2.843739E1	9.268256E3	8.692584E1	3.606063E1
4.176000E0	8.352000E3	5.236091E3	9.120258E0	-2.673523E1	2.824804E1	9.288836E3	7.694035E1	3.774962E1
4.180000E0	8.360000E3	5.364900E3	1.797076E1	-2.130683E1	2.787345E1	9.310145E3	6.808985E1	4.317802E1
4.184000E0	8.368000E3	5.383284E3	2.454847E1	-1.318740E1	2.786637E1	9.331755E3	6.151214E1	5.129745E1
4.188000E0	8.376000E3	5.345185E3	2.788707E1	-3.319672E0	2.808396E1	9.353211E3	5.817354E1	6.116518E1
4.192000E0	8.384000E3	5.316998E3	2.737472E1	7.088180E0	2.827751E1	9.374517E3	5.868589E1	7.157303E1
4.196000E0	8.392000E3	5.188710E3	2.325876E1	1.674234E1	2.865791E1	9.395747E3	6.280185E1	8.122719E1
4.200000E0	8.400000E3	5.031330E3	1.607923E1	2.386227E1	2.877411E1	9.416027E3	6.998138E1	8.834712E1
4.204000E0	8.408000E3	5.057661E3	6.874239E0	2.756714E1	2.841131E1	9.435998E3	7.918637E1	9.205199E1
4.208000E0	8.416000E3	5.211527E3	-3.155560E0	2.774843E1	2.792728E1	9.456488E3	8.921617E1	9.223328E1
4.212000E0	8.424000E3	5.426859E3	-1.266111E1	2.412579E1	2.724624E1	9.477690E3	9.872172E1	8.861064E1
4.216000E0	8.432000E3	5.647013E3	-2.049054E1	1.725299E1	2.678671E1	9.499903E3	1.065511E2	8.173783E1
4.220000E0	8.440000E3	5.725917E3	-2.528584E1	7.795172E0	2.646013E1	9.522866E3	1.113464E2	7.228002E1
4.224000E0	8.448000E3	5.598426E3	-2.663480E1	-2.663218E0	2.676761E1	9.545710E3	1.126954E2	6.182163E1
4.228000E0	8.456000E3	5.361271E3	-2.439863E1	-1.278449E1	2.754516E1	9.567654E3	1.104592E2	5.170036E1
4.232000E0	8.464000E3	5.174944E3	-1.858597E1	-2.108179E1	2.810481E1	9.588600E3	1.046466E2	4.340306E1
4.236000E0	8.472000E3	5.103451E3	-1.021690E1	-2.669021E1	2.857888E1	9.609053E3	9.627751E1	3.779464E1
4.240000E0	8.480000E3	5.102714E3	-2.848446E-1	-2.852191E1	2.852333E1	9.629428E3	8.634545E1	3.596294E1
4.244000E0	8.488000E3	5.237069E3	9.577925E0	-2.649473E1	2.817281E1	9.649875E3	7.648268E1	3.799012E1
4.248000E0	8.496000E3	5.413126E3	1.834030E1	-2.085842E1	2.777481E1	9.671324E3	6.772031E1	4.362643E1
4.252000E0	8.504000E3	5.527274E3	2.426097E1	-1.226568E1	2.718532E1	9.693180E3	6.179963E1	5.221916E1
4.256000E0	8.512000E3	5.548838E3	2.705614E1	-2.109146E0	2.713823E1	9.715543E3	5.900446E1	6.237570E1
4.260000E0	8.520000E3	5.487544E3	2.590006E1	8.201453E0	2.716757E1	9.737571E3	6.016054E1	7.268630E1
4.264000E0	8.528000E3	5.324231E3	2.142784E1	1.762792E1	2.774700E1	9.759443E3	6.463276E1	8.211277E1
4.268000E0	8.536000E3	5.112488E3	1.399856E1	2.440792E1	2.813728E1	9.780165E3	7.206204E1	8.889277E1
4.272000E0	8.544000E3	5.062009E3	4.733929E0	2.781977E1	2.821967E1	9.800343E3	8.132668E1	9.230462E1
4.276000E0	8.552000E3	5.161239E3	-5.152275E0	2.737052E1	2.785123E1	9.820661E3	9.121288E1	9.185536E1
4.280000E0	8.560000E3	5.373725E3	-1.423325E1	2.310623E1	2.713822E1	9.841633E3	1.002939E2	8.759108E1
4.284000E0	8.568000E3	5.675892E3	-2.114223E1	1.555865E1	2.625006E1	9.863651E3	1.072028E2	8.004350E1
4.288000E0	8.576000E3	5.910434E3	-2.505059E1	5.765027E0	2.570540E1	9.887040E3	1.111112E2	7.024988E1
4.292000E0	8.584000E3	5.844411E3	-2.539003E1	-4.904968E0	2.585947E1	9.910934E3	1.114506E2	5.957988E1
4.296000E0	8.592000E3	5.612795E3	-2.191210E1	-1.466619E1	2.636735E1	9.933795E3	1.079727E2	4.981866E1
4.300000E0	8.600000E3	5.362367E3	-1.536172E1	-2.263496E1	2.735551E1	9.955836E3	1.014223E2	4.184989E1
4.304000E0	8.608000E3	5.130256E3	-6.479010E0	-2.739553E1	2.815125E1	9.976694E3	9.253962E1	3.708932E1
4.308000E0	8.616000E3	5.005059E3	3.415085E0	-2.831027E1	2.851550E1	9.996878E3	8.264552E1	3.617458E1
4.312000E0	8.624000E3	5.159008E3	1.268321E1	-2.517991E1	2.819383E1	1.001673E4	7.337739E1	3.930494E1
4.316000E0	8.632000E3	5.423035E3	2.057216E1	-1.842567E1	2.761737E1	1.003815E4	6.548845E1	4.605918E1
4.320000E0	8.640000E3	5.545239E3	2.542997E1	-9.196064E0	2.704166E1	1.006012E4	6.063063E1	5.528878E1
4.324000E0	8.648000E3	5.707055E3	2.663103E1	1.168492E0	2.665666E1	1.008251E4	5.942957E1	6.565334E1
4.328000E0	8.656000E3	5.668818E3	2.416372E1	1.166834E1	2.683348E1	1.010578E4	6.189688E1	7.615319E1
4.332000E0	8.664000E3	5.402345E3	1.831113E1	2.023897E1	2.729310E1	1.012786E4	6.774948E1	8.472382E1
4.336000E0	8.672000E3	5.215936E3	9.936286E0	2.587687E1	2.771898E1	1.014899E4	7.612432E1	9.036172E1
4.340000E0	8.680000E3	5.188375E3	1.984758E-1	2.776238E1	2.776309E1	1.016959E4	8.586213E1	9.224722E1
4.344000E0	8.688000E3	5.279005E3	-9.650447E0	2.580986E1	2.755504E1	1.019050E4	9.571105E1	9.029471E1
4.348000E0	8.696000E3	5.397469E3	-1.796809E1	2.008038E1	2.694576E1	1.021182E4	1.040287E2	8.456523E1
4.352000E0	8.704000E3	5.666635E3	-2.355250E1	1.165019E1	2.627636E1	1.023368E4	1.096131E2	7.613504E1
4.356000E0	8.712000E3	5.908902E3	-2.589690E1	1.286725E0	2.592885E1	1.025716E4	1.119575E2	6.577157E1
4.360000E0	8.720000E3	5.853573E3	-2.419741E1	-9.265270E0	2.591061E1	1.028095E4	1.102580E2	5.521958E1
4.364000E0	8.728000E3	5.684212E3	-1.911857E1	-1.845234E1	2.657082E1	1.030398E4	1.051792E2	4.603251E1
4.368000E0	8.736000E3	5.410515E3	-1.100134E1	-2.521190E1	2.750763E1	1.032643E4	9.706194E1	3.927295E1
4.372000E0	8.744000E3	5.158773E3	-1.340745E0	-2.809923E1	2.813120E1	1.034727E4	8.740135E1	3.638562E1
4.376000E0	8.752000E3	5.059457E3	8.657850E0	-2.713534E1	2.848307E1	1.036770E4	7.740276E1	3.734951E1
4.380000E0	8.760000E3	5.195529E3	1.732961E1	-2.238644E1	2.831021E1	1.038774E4	6.873099E1	4.209841E1
4.384000E0	8.768000E3	5.478477E3	2.367514E1	-1.407957E1	2.754536E1	1.040926E4	6.238546E1	5.040528E1
4.388000E0	8.776000E3	5.702538E3	2.677764E1	-3.967695E0	2.707000E1	1.043157E4	5.928296E1	6.051715E1
4.392000E0	8.784000E3	5.743261E3	2.601324E1	6.912071E0	2.691589E1	1.045488E4	6.004737E1	7.139692E1
4.396000E0	8.792000E3	5.578711E3	2.140510E1	1.643527E1	2.698697E1	1.047752E4	6.465551E1	8.092012E1
4.400000E0	8.800000E3	5.410678E3	1.391824E1	2.363802E1	2.743125E1	1.049951E4	7.214236E1	8.812287E1
4.404000E0	8.808000E3	5.302045E3	4.438532E0	2.741405E1	2.777104E1	1.052080E4	8.162207E1	9.189890E1
4.408000E0	8.816000E3	5.276321E3	-5.738199E0	2.716749E1	2.776688E1	1.054193E4	9.179881E1	9.165234E1
4.412000E0	8.824000E3	5.387021E3	-1.494594E1	2.300261E1	2.743175E1	1.056301E4	1.010065E2	8.748746E1
4.416000E0	8.832000E3	5.619002E3	-2.198455E1	1.538081E1	2.683076E1	1.058502E4	1.080452E2	7.986566E1
4.420000E0	8.840000E3	5.886791E3	-2.563236E1	5.464320E0	2.620833E1	1.060797E4	1.116930E2	6.994917E1
4.424000E0	8.848000E3	5.970686E3	-2.548683E1	-5.471799E0	2.606759E1	1.063212E4	1.115474E2	5.901305E1
4.428000E0	8.856000E3	5.806403E3	-2.145492E1	-1.543470E1	2.642997E1	1.065573E4	1.075155E2	4.905015E1
4.432000E0	8.864000E3	5.546531E3	-1.416965E1	-2.318466E1	2.717182E1	1.067857E4	1.002303E2	4.130018E1
4.436000E0	8.872000E3	5.239033E3	-4.814012E0	-2.759311E1	2.800990E1	1.070010E4	9.087462E1	3.689174E1
4.440000E0	8.880000E3	5.163913E3	5.165808E0	-2.792536E1	2.839914E1	1.072048E4	8.089480E1	3.655949E1
4.444000E0	8.888000E3	5.307175E3	1.468130E1	-2.403783E1	2.816661E1	1.074141E4	7.137930E1	4.044702E1
4.448000E0	8.896000E3	5.523330E3	2.210065E1	-1.669165E1	2.769567E1	1.076294E4	6.395995E1	4.779320E1
4.452000E0	8.904000E3	5.712614E3	2.627846E1	-6.746439E0	2.713064E1	1.078560E4	5.978215E1	5.773841E1
4.456000E0	8.912000E3	5.743844E3	2.667770E1	4.053089E0	2.698383E1	1.080864E4	5.938290E1	6.853794E1
4.460000E0	8.920000E3	5.676144E3	2.326075E1	1.428339E1	2.729611E1	1.083155E4	6.279985E1	7.876824E1
4.464000E0	8.928000E3	5.476250E3	1.625317E1	2.240997E1	2.768343E1	1.085405E4	6.980743E1	8.689482E1
4.468000E0	8.936000E3	5.281581E3	7.083970E0	2.712246E1	2.803231E1	1.087536E4	7.897664E1	9.160731E1
4.472000E0	8.944000E3	5.281905E3	-3.083563E0	2.792801E1	2.809772E1	1.089630E4	8.914417E1	9.241286E1
4.476000E0	8.952000E3	5.465884E3	-1.275575E1	2.438140E1	2.751657E1	1.091762E4	9.881636E1	8.886624E1
4.480000E0	8.960000E3	5.715406E3	-2.057703E1	1.724927E1	2.685054E1	1.094003E4	1.066376E2	8.173412E1
4.484000E0	8.968000E3	5.904272E3	-2.523373E1	7.550941E0	2.633928E1	1.096334E4	1.112943E2	7.203579E1
4.488000E0	8.976000E3	5.941730E3	-2.594258E1	-3.305752E0	2.615235E1	1.098726E4	1.120032E2	6.117910E1
4.492000E0	8.984000E3	5.821601E3	-2.285007E1	-1.366170E1	2.662269E1	1.101087E4	1.089107E2	5.082315E1
4.496000E0	8.992000E3	5.579083E3	-1.604756E1	-2.195403E1	2.719382E1	1.103383E4	1.021082E2	4.253082E1
4.500000E0	9.000000E3	5.330203E3	-6.987960E0	-2.703447E1	2.792300E1	1.105551E4	9.304857E1	3.745038E1
4.504000E0	9.008000E3	5.256524E3	3.214222E0	-2.831523E1	2.849707E1	1.107648E4	8.284638E1	3.616962E1
4.508000E0	9.016000E3	5.352760E3	1.311292E1	-2.512605E1	2.834196E1	1.109756E4	7.294769E1	3.935880E1
4.512000E0	9.024000E3	5.555673E3	2.099917E1	-1.806320E1	2.769918E1	1.111930E4	6.506144E1	4.642164E1
4.516000E0	9.032000E3	5.729830E3	2.592600E1	-8.421471E0	2.725947E1	1.114200E4	6.013461E1	5.606338E1
4.520000E0	9.040000E3	5.818861E3	2.695870E1	2.423531E0	2.706742E1	1.116514E4	5.910190E1	6.690838E1
4.524000E0	9.048000E3	5.794292E3	2.385143E1	1.298030E1	2.715472E1	1.118856E4	6.220918E1	7.746515E1
4.528000E0	9.056000E3	5.577409E3	1.715361E1	2.155832E1	2.755009E1	1.121149E4	6.890699E1	8.604317E1
4.532000E0	9.064000E3	5.369532E3	8.082793E0	2.672927E1	2.792463E1	1.123317E4	7.797781E1	9.121411E1
4.536000E0	9.072000E3	5.370253E3	-2.162533E0	2.780292E1	2.788690E1	1.125445E4	8.822314E1	9.228777E1
4.540000E0	9.080000E3	5.502895E3	-1.205900E1	2.457533E1	2.737456E1	1.127614E4	9.811961E1	8.906018E1
4.544000E0	9.088000E3	5.747904E3	-2.003574E1	1.774439E1	2.676368E1	1.129847E4	1.060963E2	8.222924E1
4.548000E0	9.096000E3	5.969308E3	-2.490706E1	8.035059E0	2.617105E1	1.132212E4	1.109677E2	7.251991E1
4.552000E0	9.104000E3	5.993948E3	-2.590901E1	-2.826143E0	2.606270E1	1.134623E4	1.119696E2	6.165871E1
4.556000E0	9.112000E3	5.933129E3	-2.283914E1	-1.322437E1	2.639148E1	1.137007E4	1.088997E2	5.126048E1
4.560000E0	9.120000E3	5.669686E3	-1.616513E1	-2.199828E1	2.729900E1	1.139369E4	1.022257E2	4.248657E1
4.564000E0	9.128000E3	5.382652E3	-7.008250E0	-2.696156E1	2.785752E1	1.141543E4	9.306886E1	3.752329E1
4.568000E0	9.136000E3	5.316142E3	3.316333E0	-2.801358E1	2.820919E1	1.143675E4	8.274427E1	3.647127E1
4.572000E0	9.144000E3	5.440755E3	1.309669E1	-2.467447E1	2.793479E1	1.145796E4	7.296392E1	3.981038E1
4.576000E0	9.152000E3	5.633940E3	2.108664E1	-1.752047E1	2.741557E1	1.148028E4	6.497397E1	4.696437E1
4.580000E0	9.160000E3	5.820361E3	2.595389E1	-7.920073E0	2.713544E1	1.150303E4	6.010672E1	5.656478E1
4.584000E0	9.168000E3	5.870599E3	2.678731E1	3.213331E0	2.697935E1	1.152684E4	5.927330E1	6.769818E1
4.588000E0	9.176000E3	5.733030E3	2.363754E1	1.364424E1	2.729283E1	1.154999E4	6.242307E1	7.812909E1
4.592000E0	9.184000E3	5.560863E3	1.678826E1	2.204141E1	2.770685E1	1.157270E4	6.927235E1	8.652626E1
4.596000E0	9.192000E3	5.368283E3	7.515940E0	2.706790E1	2.809200E1	1.159448E4	7.854467E1	9.155275E1
4.600000E0	9.200000E3	5.396596E3	-2.751947E0	2.781228E1	2.794809E1	1.161565E4	8.881255E1	9.229713E1
4.604000E0	9.208000E3	5.629880E3	-1.272660E1	2.428756E1	2.741992E1	1.163765E4	9.878721E1	8.877241E1
4.608000E0	9.216000E3	5.832395E3	-2.076568E1	1.700263E1	2.683846E1	1.166069E4	1.068263E2	8.148747E1
4.612000E0	9.224000E3	5.940700E3	-2.531234E1	7.108515E0	2.629155E1	1.168431E4	1.113729E2	7.159336E1
4.616000E0	9.232000E3	6.062662E3	-2.577464E1	-3.721302E0	2.604189E1	1.170822E4	1.118352E2	6.076355E1
4.620000E0	9.240000E3	6.036746E3	-2.217020E1	-1.429586E1	2.637972E1	1.173281E4	1.082308E2	5.018899E1
4.624000E0	9.248000E3	5.724816E3	-1.501262E1	-2.268974E1	2.720668E1	1.175651E4	1.010732E2	4.179511E1
4.628000E0	9.256000E3	5.463114E3	-5.519194E0	-2.740519E1	2.795543E1	1.177861E4	9.157980E1	3.707966E1
4.632000E0	9.264000E3	5.382902E3	5.027053E0	-2.789900E1	2.834829E1	1.180021E4	8.103355E1	3.658585E1
4.636000E0	9.272000E3	5.473520E3	1.472904E1	-2.387015E1	2.804869E1	1.182168E4	7.133156E1	4.061470E1
4.640000E0	9.280000E3	5.682190E3	2.230220E1	-1.620199E1	2.756615E1	1.184400E4	6.375840E1	4.828286E1
4.644000E0	9.288000E3	5.828926E3	2.644639E1	-6.040459E0	2.712745E1	1.186713E4	5.961422E1	5.844439E1
4.648000E0	9.296000E3	5.889183E3	2.643219E1	4.962863E0	2.689406E1	1.189063E4	5.962842E1	6.944771E1
4.652000E0	9.304000E3	5.847150E3	2.228832E1	1.517420E1	2.696341E1	1.191425E4	6.377229E1	7.965905E1
4.656000E0	9.312000E3	5.675054E3	1.480755E1	2.316385E1	2.749231E1	1.193741E4	7.125306E1	8.764870E1
4.660000E0	9.320000E3	5.456589E3	5.012047E0	2.743798E1	2.789200E1	1.195965E4	8.104856E1	9.192283E1
4.664000E0	9.328000E3	5.443709E3	-5.352883E0	2.737526E1	2.789369E1	1.198106E4	9.141349E1	9.186011E1
4.668000E0	9.336000E3	5.684663E3	-1.497356E1	2.288401E1	2.734750E1	1.200320E4	1.010342E2	8.736886E1
4.672000E0	9.344000E3	5.947126E3	-2.220087E1	1.467151E1	2.661074E1	1.202654E4	1.082615E2	7.915636E1
4.676000E0	9.352000E3	6.094563E3	-2.575725E1	4.183436E0	2.609477E1	1.205077E4	1.118179E2	6.866828E1
4.680000E0	9.360000E3	6.106894E3	-2.517855E1	-6.886969E0	2.610344E1	1.207530E4	1.112392E2	5.759788E1
4.684000E0	9.368000E3	6.000173E3	-2.040325E1	-1.689695E1	2.649150E1	1.209963E4	1.064639E2	4.758790E1
4.688000E0	9.376000E3	5.741819E3	-1.221920E1	-2.429416E1	2.719403E1	1.212330E4	9.827980E1	4.019068E1
4.692000E0	9.384000E3	5.465204E3	-2.171025E0	-2.798766E1	2.807174E1	1.214556E4	8.823163E1	3.649719E1
4.696000E0	9.392000E3	5.399995E3	8.256686E0	-2.697158E1	2.820707E1	1.216702E4	7.780392E1	3.751327E1
4.700000E0	9.400000E3	5.572689E3	1.743856E1	-2.171684E1	2.785183E1	1.218876E4	6.862205E1	4.276801E1
4.704000E0	9.408000E3	5.833920E3	2.403525E1	-1.299463E1	2.732313E1	1.221160E4	6.202535E1	5.149022E1
4.708000E0	9.416000E3	5.941227E3	2.697803E1	-2.153671E0	2.706386E1	1.223544E4	5.908258E1	6.233118E1
4.712000E0	9.424000E3	5.880450E3	2.556706E1	8.869385E0	2.706179E1	1.225913E4	6.049354E1	7.335423E1
4.716000E0	9.432000E3	5.762981E3	2.017120E1	1.847011E1	2.734999E1	1.228248E4	6.588941E1	8.295496E1
4.720000E0	9.440000E3	5.598572E3	1.158847E1	2.512101E1	2.766510E1	1.230524E4	7.447214E1	8.960586E1
4.724000E0	9.448000E3	5.520249E3	1.328357E0	2.783627E1	2.786794E1	1.232727E4	8.473225E1	9.232112E1
4.728000E0	9.456000E3	5.590675E3	-9.172969E0	2.605118E1	2.761897E1	1.234940E4	9.523358E1	9.053603E1
4.732000E0	9.464000E3	5.785932E3	-1.813099E1	2.014124E1	2.709986E1	1.237199E4	1.041916E2	8.462609E1
4.736000E0	9.472000E3	6.077824E3	-2.402480E1	1.085503E1	2.636328E1	1.239569E4	1.100854E2	7.533988E1
4.740000E0	9.480000E3	6.236567E3	-2.602509E1	-2.797627E-1	2.602659E1	1.242062E4	1.120857E2	6.420509E1
4.744000E0	9.488000E3	6.143047E3	-2.382646E1	-1.140440E1	2.641516E1	1.244558E4	1.098871E2	5.308045E1
4.748000E0	9.496000E3	5.896491E3	-1.748287E1	-2.065910E1	2.706380E1	1.246976E4	1.035435E2	4.382575E1
4.752000E0	9.504000E3	5.602181E3	-8.241706E0	-2.654224E1	2.779238E1	1.249275E4	9.430231E1	3.794260E1
4.756000E0	9.512000E3	5.441768E3	2.262480E0	-2.825751E1	2.834794E1	1.251458E4	8.379813E1	3.622734E1
4.760000E0	9.520000E3	5.530686E3	1.256436E1	-2.544003E1	2.837355E1	1.253628E4	7.349625E1	3.904482E1
4.764000E0	9.528000E3	5.733322E3	2.100812E1	-1.837620E1	2.791103E1	1.255882E4	6.505249E1	4.610865E1
4.768000E0	9.536000E3	5.904661E3	2.603953E1	-8.385207E0	2.735633E1	1.258215E4	6.002108E1	5.609964E1
4.772000E0	9.544000E3	5.969382E3	2.694934E1	2.861254E0	2.710080E1	1.260606E4	5.911127E1	6.734610E1
4.776000E0	9.552000E3	5.935220E3	2.350427E1	1.351858E1	2.711462E1	1.262991E4	6.255634E1	7.800343E1
4.780000E0	9.560000E3	5.820112E3	1.636317E1	2.214768E1	2.753676E1	1.265354E4	6.969744E1	8.663253E1
4.784000E0	9.568000E3	5.603385E3	6.529911E0	2.712903E1	2.790383E1	1.267647E4	7.953069E1	9.161387E1
4.788000E0	9.576000E3	5.550811E3	-4.058938E0	2.758927E1	2.788625E1	1.269837E4	9.011954E1	9.207412E1
4.792000E0	9.584000E3	5.765350E3	-1.401743E1	2.344656E1	2.731720E1	1.272087E4	1.000780E2	8.793141E1
4.796000E0	9.592000E3	6.035838E3	-2.169983E1	1.548284E1	2.665710E1	1.274449E4	1.077604E2	7.996769E1
4.800000E0	9.600000E3	6.261187E3	-2.573613E1	4.928223E0	2.620374E1	1.276916E4	1.117967E2	6.941307E1
4.804000E0	9.608000E3	6.254464E3	-2.542584E1	-6.614224E0	2.627206E1	1.279458E4	1.114864E2	5.787062E1
4.808000E0	9.616000E3	6.007295E3	-2.060032E1	-1.679842E1	2.658120E1	1.281920E4	1.066609E2	4.768643E1
4.812000E0	9.624000E3	5.751443E3	-1.261393E1	-2.437635E1	2.744663E1	1.284264E4	9.867453E1	4.010850E1
4.816000E0	9.632000E3	5.550324E3	-2.347651E0	-2.799782E1	2.809607E1	1.286521E4	8.840826E1	3.648703E1
4.820000E0	9.640000E3	5.512920E3	8.289759E0	-2.704270E1	2.828476E1	1.288704E4	7.777085E1	3.744215E1
4.824000E0	9.648000E3	5.745261E3	1.773782E1	-2.166347E1	2.799887E1	1.290931E4	6.832278E1	4.282137E1
4.828000E0	9.656000E3	5.949485E3	2.449340E1	-1.247750E1	2.748844E1	1.293300E4	6.156721E1	5.200735E1
4.832000E0	9.664000E3	6.047710E3	2.715017E1	-1.467488E0	2.718980E1	1.295691E4	5.891043E1	6.301736E1
4.836000E0	9.672000E3	6.024206E3	2.524920E1	9.888112E0	2.711636E1	1.298139E4	6.081140E1	7.437296E1
4.840000E0	9.680000E3	5.865704E3	1.921883E1	1.928588E1	2.722698E1	1.300510E4	6.684178E1	8.377073E1
4.844000E0	9.688000E3	5.736772E3	1.022657E1	2.571389E1	2.767285E1	1.302831E4	7.583403E1	9.019874E1
4.848000E0	9.696000E3	5.594045E3	-4.820757E-1	2.778602E1	2.779021E1	1.305099E4	8.654268E1	9.227087E1
4.852000E0	9.704000E3	5.701234E3	-1.074816E1	2.524224E1	2.743526E1	1.307306E4	9.680877E1	8.972709E1
4.856000E0	9.712000E3	6.003567E3	-1.961793E1	1.854927E1	2.699886E1	1.309660E4	1.056785E2	8.303412E1
4.860000E0	9.720000E3	6.206982E3	-2.494563E1	8.544265E0	2.636833E1	1.312109E4	1.110062E2	7.302911E1
4.864000E0	9.728000E3	6.245297E3	-2.608905E1	-2.861679E0	2.624553E1	1.314626E4	1.121497E2	6.162317E1
4.868000E0	9.736000E3	6.142515E3	-2.265470E1	-1.364207E1	2.644506E1	1.317106E4	1.087153E2	5.084278E1
4.872000E0	9.744000E3	5.959442E3	-1.545600E1	-2.240458E1	2.721861E1	1.319540E4	1.015166E2	4.208027E1
4.876000E0	9.752000E3	5.755055E3	-5.487093E0	-2.753722E1	2.807858E1	1.321873E4	9.154770E1	3.694763E1
4.880000E0	9.760000E3	5.610313E3	5.621269E0	-2.777768E1	2.834075E1	1.324144E4	8.043934E1	3.670717E1
4.884000E0	9.768000E3	5.663067E3	1.558831E1	-2.345049E1	2.815885E1	1.326361E4	7.047229E1	4.103436E1
4.888000E0	9.776000E3	5.865264E3	2.322375E1	-1.522919E1	2.777176E1	1.328674E4	6.283686E1	4.925566E1
4.892000E0	9.784000E3	6.049346E3	2.682680E1	-4.472226E0	2.719702E1	1.331054E4	5.923381E1	6.001262E1
4.896000E0	9.792000E3	6.153290E3	2.626102E1	7.105218E0	2.720525E1	1.333514E4	5.979958E1	7.159007E1
4.900000E0	9.800000E3	5.987320E3	2.100838E1	1.747976E1	2.732936E1	1.335976E4	6.505223E1	8.196461E1
4.904000E0	9.808000E3	5.727000E3	1.251760E1	2.460762E1	2.760843E1	1.338304E4	7.354301E1	8.909247E1
4.908000E0	9.816000E3	5.689122E3	2.146453E0	2.775460E1	2.783748E1	1.340558E4	8.391415E1	9.223945E1
4.912000E0	9.824000E3	5.760126E3	-8.765139E0	2.611883E1	2.755033E1	1.342855E4	9.482574E1	9.060368E1
4.916000E0	9.832000E3	5.930466E3	-1.803688E1	2.027352E1	2.713567E1	1.345166E4	1.040975E2	8.475837E1
4.920000E0	9.840000E3	6.228958E3	-2.413896E1	1.074998E1	2.642444E1	1.347599E4	1.101996E2	7.523482E1
4.924000E0	9.848000E3	6.350311E3	-2.611754E1	-6.795321E-1	2.612637E1	1.350149E4	1.121781E2	6.380532E1
4.928000E0	9.856000E3	6.282987E3	-2.352855E1	-1.188373E1	2.635936E1	1.352680E4	1.095892E2	5.260112E1
4.932000E0	9.864000E3	6.046675E3	-1.662985E1	-2.109811E1	2.686414E1	1.355175E4	1.026905E2	4.338674E1
4.936000E0	9.872000E3	5.777942E3	-7.121767E0	-2.689910E1	2.782591E1	1.357517E4	9.318237E1	3.758574E1
4.940000E0	9.880000E3	5.649846E3	3.919862E0	-2.796978E1	2.824312E1	1.359798E4	8.214074E1	3.651507E1
4.944000E0	9.888000E3	5.666690E3	1.419747E1	-2.422858E1	2.808188E1	1.362037E4	7.186313E1	4.025627E1
4.948000E0	9.896000E3	5.882199E3	2.215522E1	-1.650716E1	2.762861E1	1.364331E4	6.390538E1	4.797768E1
4.952000E0	9.904000E3	6.102669E3	2.652318E1	-5.915480E0	2.717484E1	1.366743E4	5.953743E1	5.856937E1
4.956000E0	9.912000E3	6.148632E3	2.661817E1	5.722337E0	2.722631E1	1.369213E4	5.944244E1	7.020719E1
4.960000E0	9.920000E3	6.012734E3	2.199872E1	1.634730E1	2.740762E1	1.371662E4	6.406189E1	8.083215E1
4.964000E0	9.928000E3	5.858697E3	1.379829E1	2.412692E1	2.779390E1	1.374023E4	7.226232E1	8.861176E1
4.968000E0	9.936000E3	5.751237E3	3.171597E0	2.777509E1	2.795558E1	1.376349E4	8.288901E1	9.225994E1
4.972000E0	9.944000E3	5.786414E3	-7.766987E0	2.665690E1	2.776538E1	1.378624E4	9.382759E1	9.114175E1
4.976000E0	9.952000E3	6.016046E3	-1.735980E1	2.085289E1	2.713311E1	1.380978E4	1.034204E2	8.533774E1
4.980000E0	9.960000E3	6.258801E3	-2.378497E1	1.140972E1	2.638004E1	1.383437E4	1.098456E2	7.589456E1
4.984000E0	9.968000E3	6.330251E3	-2.620295E1	6.978159E-2	2.620304E1	1.385985E4	1.122636E2	6.455463E1
4.988000E0	9.976000E3	6.314629E3	-2.379964E1	-1.110546E1	2.626317E1	1.388501E4	1.098602E2	5.337938E1
4.992000E0	9.984000E3	6.115598E3	-1.728825E1	-2.087152E1	2.710174E1	1.391036E4	1.033489E2	4.361332E1
4.996000E0	9.992000E3	5.772062E3	-7.672940E0	-2.665270E1	2.773518E1	1.393394E4	9.373355E1	3.783215E1
5.000000E0	1.000000E4	5.651810E3	3.217793E0	-2.806391E1	2.824778E1	1.395654E4	8.284281E1	3.642094E1
5.004000E0	1.000800E4	5.764416E3	1.377245E1	-2.468931E1	2.827087E1	1.397915E4	7.228816E1	3.979554E1
5.008000E0	1.001600E4	5.993650E3	2.202119E1	-1.680223E1	2.769923E1	1.400266E4	6.403942E1	4.768262E1
5.012000E0	1.002400E4	6.119682E3	2.657740E1	-6.085421E0	2.726519E1	1.402710E4	5.948321E1	5.839943E1
5.016000E0	1.003200E4	6.163472E3	2.657880E1	5.462480E0	2.713432E1	1.405161E4	5.948180E1	6.994733E1
5.020000E0	1.004000E4	6.110702E3	2.202269E1	1.624311E1	2.736489E1	1.407641E4	6.403791E1	8.072795E1
5.024000E0	1.004800E4	5.919933E3	1.367301E1	2.416632E1	2.776620E1	1.410050E4	7.238760E1	8.865116E1
5.028000E0	1.005600E4	5.779060E3	3.025938E0	2.772151E1	2.788616E1	1.412377E4	8.303467E1	9.220635E1
5.032000E0	1.006400E4	5.836455E3	-7.979657E0	2.654401E1	2.771749E1	1.414673E4	9.404026E1	9.102885E1
5.036000E0	1.007200E4	6.061642E3	-1.759564E1	2.062940E1	2.711418E1	1.417046E4	1.036562E2	8.511425E1
5.040000E0	1.008000E4	6.273067E3	-2.411786E1	1.113127E1	2.656268E1	1.419522E4	1.101785E2	7.561612E1
5.044000E0	1.008800E4	6.417669E3	-2.615521E1	-2.952378E-1	2.615688E1	1.422065E4	1.122158E2	6.418961E1
5.048000E0	1.009600E4	6.372167E3	-2.356818E1	-1.178474E1	2.635032E1	1.424657E4	1.096288E2	5.270011E1
5.052000E0	1.010400E4	6.105999E3	-1.678926E1	-2.120106E1	2.704375E1	1.427162E4	1.028499E2	4.328379E1
5.056000E0	1.011200E4	5.831601E3	-7.046372E0	-2.707916E1	2.798092E1	1.429541E4	9.310698E1	3.740569E1
5.060000E0	1.012000E4	5.703371E3	4.098566E0	-2.817429E1	2.847084E1	1.431828E4	8.196204E1	3.631056E1
5.064000E0	1.012800E4	5.792156E3	1.456306E1	-2.419750E1	2.824184E1	1.434104E4	7.149755E1	4.028735E1
5.068000E0	1.013600E4	6.011519E3	2.274292E1	-1.615412E1	2.789617E1	1.436461E4	6.331769E1	4.833073E1
5.072000E0	1.014400E4	6.180125E3	2.689787E1	-5.163440E0	2.738898E1	1.438913E4	5.916274E1	5.932141E1
5.076000E0	1.015200E4	6.251633E3	2.629430E1	6.582775E0	2.710577E1	1.441406E4	5.976631E1	7.106762E1
5.080000E0	1.016000E4	6.165539E3	2.103760E1	1.712516E1	2.712659E1	1.443915E4	6.502300E1	8.161001E1
5.084000E0	1.016800E4	5.978955E3	1.238968E1	2.471944E1	2.765058E1	1.446338E4	7.367093E1	8.920429E1
5.088000E0	1.017600E4	5.879719E3	1.462039E0	2.769511E1	2.773368E1	1.448698E4	8.459857E1	9.217996E1
5.092000E0	1.018400E4	5.911307E3	-9.624091E0	2.585467E1	2.758781E1	1.451042E4	9.568470E1	9.033952E1
5.096000E0	1.019200E4	6.091655E3	-1.892731E1	1.941683E1	2.711561E1	1.453427E4	1.049879E2	8.390168E1
5.100000E0	1.020000E4	6.346916E3	-2.481083E1	9.449329E0	2.654934E1	1.455915E4	1.108714E2	7.393418E1
5.104000E0	1.020800E4	6.459483E3	-2.619436E1	-2.311939E0	2.629619E1	1.458504E4	1.122550E2	6.217291E1
5.108000E0	1.021600E4	6.362980E3	-2.280865E1	-1.361087E1	2.656107E1	1.461083E4	1.088693E2	5.087398E1
5.112000E0	1.022400E4	6.120461E3	-1.522773E1	-2.253169E1	2.719486E1	1.463595E4	1.012883E2	4.195316E1
5.116000E0	1.023200E4	5.838629E3	-4.961199E0	-2.754551E1	2.798872E1	1.465979E4	9.102180E1	3.693934E1
5.120000E0	1.024000E4	5.741317E3	6.210785E0	-2.765668E1	2.834548E1	1.468266E4	7.984982E1	3.682817E1
5.124000E0	1.024800E4	5.879601E3	1.641153E1	-2.282182E1	2.811003E1	1.470572E4	6.964908E1	4.166303E1
5.128000E0	1.025600E4	6.132226E3	2.373531E1	-1.387336E1	2.749245E1	1.472969E4	6.232530E1	5.061149E1
5.132000E0	1.026400E4	6.284492E3	2.707178E1	-2.474058E0	2.718459E1	1.475478E4	5.898883E1	6.201079E1
5.136000E0	1.027200E4	6.242093E3	2.549704E1	9.264810E0	2.712813E1	1.477997E4	6.056357E1	7.374966E1
5.140000E0	1.028000E4	6.070925E3	1.957283E1	1.937911E1	2.754352E1	1.480472E4	6.648778E1	8.386395E1
5.144000E0	1.028800E4	5.914921E3	1.019559E1	2.593202E1	2.786431E1	1.482854E4	7.586502E1	9.041687E1
5.148000E0	1.029600E4	5.883126E3	-9.855828E-1	2.774549E1	2.776299E1	1.485203E4	8.704619E1	9.223034E1
5.152000E0	1.030400E4	6.020762E3	-1.186707E1	2.476633E1	2.746267E1	1.487560E4	9.792767E1	8.925117E1
5.156000E0	1.031200E4	6.255474E3	-2.061181E1	1.717280E1	2.682819E1	1.490020E4	1.066724E2	8.165765E1
5.160000E0	1.032000E4	6.444691E3	-2.550044E1	6.525709E0	2.632218E1	1.492565E4	1.115610E2	7.101056E1
5.164000E0	1.032800E4	6.523889E3	-2.559326E1	-5.327155E0	2.614179E1	1.495176E4	1.116539E2	5.915769E1
5.168000E0	1.033600E4	6.346909E3	-2.110146E1	-1.638972E1	2.671881E1	1.497784E4	1.071621E2	4.809513E1
5.172000E0	1.034400E4	6.042140E3	-1.267718E1	-2.438725E1	2.748543E1	1.500253E4	9.873779E1	4.009760E1
5.176000E0	1.035200E4	5.829441E3	-1.879455E0	-2.810343E1	2.816620E1	1.502617E4	8.794006E1	3.638142E1
5.180000E0	1.036000E4	5.794967E3	9.358203E0	-2.692023E1	2.850043E1	1.504917E4	7.670240E1	3.756462E1
5.184000E0	1.036800E4	5.992004E3	1.888159E1	-2.058132E1	2.793036E1	1.507253E4	6.717902E1	4.390353E1
5.188000E0	1.037600E4	6.243166E3	2.521515E1	-1.064877E1	2.737152E1	1.509710E4	6.084546E1	5.383608E1
5.192000E0	1.038400E4	6.368732E3	2.710366E1	1.173434E0	2.712905E1	1.512248E4	5.895694E1	6.565828E1
5.196000E0	1.039200E4	6.258897E3	2.410701E1	1.284748E1	2.731676E1	1.514805E4	6.195360E1	7.733233E1
5.200000E0	1.040000E4	6.069777E3	1.670087E1	2.180454E1	2.746556E1	1.517255E4	6.935974E1	8.628939E1
5.204000E0	1.040800E4	5.972479E3	6.407401E0	2.692244E1	2.767440E1	1.519661E4	7.965320E1	9.140729E1
5.208000E0	1.041600E4	5.940496E3	-4.958796E0	2.720539E1	2.765362E1	1.522033E4	9.101940E1	9.169023E1
5.212000E0	1.042400E4	6.080732E3	-1.530126E1	2.256852E1	2.726659E1	1.524414E4	1.013619E2	8.705337E1
5.216000E0	1.043200E4	6.375800E3	-2.279567E1	1.371007E1	2.660091E1	1.526898E4	1.088563E2	7.819492E1
5.220000E0	1.044000E4	6.524549E3	-2.614433E1	2.221448E0	2.623853E1	1.529514E4	1.122049E2	6.670630E1
5.224000E0	1.044800E4	6.491671E3	-2.452906E1	-9.500554E0	2.630467E1	1.532117E4	1.105897E2	5.498429E1
5.228000E0	1.045600E4	6.317036E3	-1.833818E1	-1.971814E1	2.692757E1	1.534708E4	1.043988E2	4.476671E1
5.232000E0	1.046400E4	6.054108E3	-8.707549E0	-2.634244E1	2.774428E1	1.537171E4	9.476815E1	3.814241E1
5.236000E0	1.047200E4	5.882928E3	2.720977E0	-2.820915E1	2.834007E1	1.539551E4	8.333963E1	3.627570E1
5.240000E0	1.048000E4	5.925133E3	1.363385E1	-2.482860E1	2.832562E1	1.541877E4	7.242676E1	3.965625E1
5.244000E0	1.048800E4	6.133043E3	2.223926E1	-1.681294E1	2.787938E1	1.544291E4	6.382135E1	4.767190E1
5.248000E0	1.049600E4	6.326525E3	2.671183E1	-5.757562E0	2.732529E1	1.546784E4	5.934878E1	5.872729E1
5.252000E0	1.050400E4	6.385229E3	2.640620E1	6.350689E0	2.715914E1	1.549352E4	5.965440E1	7.083554E1
5.256000E0	1.051200E4	6.274077E3	2.129469E1	1.719381E1	2.736953E1	1.551892E4	6.476591E1	8.167866E1
5.260000E0	1.052000E4	6.116400E3	1.222625E1	2.475472E1	2.760937E1	1.554372E4	7.383435E1	8.923956E1
5.264000E0	1.052800E4	5.964340E3	1.041134E0	2.772439E1	2.774394E1	1.556785E4	8.501947E1	9.220924E1
5.268000E0	1.053600E4	5.986855E3	-1.009074E1	2.570870E1	2.761811E1	1.559143E4	9.615134E1	9.019355E1
5.272000E0	1.054400E4	6.248020E3	-1.937067E1	1.887388E1	2.704527E1	1.561574E4	1.054313E2	8.335873E1
5.276000E0	1.055200E4	6.508118E3	-2.489035E1	8.369611E0	2.625985E1	1.564141E4	1.109510E2	7.285446E1
5.280000E0	1.056000E4	6.596821E3	-2.598391E1	-3.563589E0	2.622713E1	1.566781E4	1.120445E2	6.092126E1
5.284000E0	1.056800E4	6.481879E3	-2.192620E1	-1.489481E1	2.650686E1	1.569419E4	1.079868E2	4.959004E1
5.288000E0	1.057600E4	6.202641E3	-1.375254E1	-2.350093E1	2.722914E1	1.571966E4	9.981314E1	4.098392E1
5.292000E0	1.058400E4	5.948796E3	-3.008088E0	-2.773499E1	2.789764E1	1.574381E4	8.906869E1	3.674986E1
5.296000E0	1.059200E4	5.880554E3	8.396101E0	-2.703225E1	2.830613E1	1.576725E4	7.766450E1	3.745260E1
5.300000E0	1.060000E4	6.014558E3	1.837795E1	-2.125021E1	2.809485E1	1.579085E4	6.768265E1	4.323463E1
5.304000E0	1.060800E4	6.268288E3	2.492768E1	-1.142803E1	2.742242E1	1.581537E4	6.113293E1	5.305682E1
5.308000E0	1.061600E4	6.460068E3	2.710117E1	4.734024E-1	2.710531E1	1.584100E4	5.895943E1	6.495825E1
5.312000E0	1.062400E4	6.423543E3	2.414505E1	1.232991E1	2.711107E1	1.586705E4	6.191556E1	7.681476E1
5.316000E0	1.063200E4	6.205941E3	1.673981E1	2.172852E1	2.742900E1	1.589239E4	6.932079E1	8.621337E1
5.320000E0	1.064000E4	6.045258E3	6.363234E0	2.691649E1	2.765842E1	1.591670E4	7.969737E1	9.140134E1
5.324000E0	1.064800E4	6.039464E3	-5.171567E0	2.723645E1	2.772308E1	1.594075E4	9.123217E1	9.172130E1
5.328000E0	1.065600E4	6.162622E3	-1.562526E1	2.230291E1	2.723176E1	1.596501E4	1.016859E2	8.678776E1
5.332000E0	1.066400E4	6.427820E3	-2.310246E1	1.331020E1	2.666243E1	1.599005E4	1.091631E2	7.779505E1
5.336000E0	1.067200E4	6.667363E3	-2.618638E1	1.630358E0	2.623708E1	1.601644E4	1.122470E2	6.611521E1
5.340000E0	1.068000E4	6.658021E3	-2.417682E1	-1.045775E1	2.634166E1	1.604339E4	1.102374E2	5.402710E1
5.344000E0	1.068800E4	6.389139E3	-1.743511E1	-2.055990E1	2.695724E1	1.606970E4	1.034957E2	4.392495E1
5.348000E0	1.069600E4	6.097299E3	-7.429260E0	-2.679656E1	2.780737E1	1.609450E4	9.348987E1	3.768829E1
5.352000E0	1.070400E4	5.968162E3	4.174971E0	-2.800246E1	2.831198E1	1.611848E4	8.188563E1	3.648239E1
5.356000E0	1.071200E4	6.012875E3	1.502015E1	-2.380602E1	2.814839E1	1.614225E4	7.104045E1	4.067882E1
5.360000E0	1.072000E4	6.198565E3	2.306631E1	-1.521929E1	2.763478E1	1.616658E4	6.299430E1	4.926556E1
5.364000E0	1.072800E4	6.423942E3	2.700636E1	-3.873416E0	2.728272E1	1.619184E4	5.905425E1	6.061143E1
5.368000E0	1.073600E4	6.457306E3	2.583771E1	8.382459E0	2.716345E1	1.621797E4	6.022289E1	7.286731E1
5.372000E0	1.074400E4	6.289476E3	1.994598E1	1.892565E1	2.749586E1	1.624350E4	6.611462E1	8.341050E1
5.376000E0	1.075200E4	6.152401E3	1.023554E1	2.570808E1	2.767077E1	1.626829E4	7.582507E1	9.019293E1
5.380000E0	1.076000E4	6.075018E3	-1.315602E0	2.773665E1	2.776784E1	1.629272E4	8.737621E1	9.222150E1
5.384000E0	1.076800E4	6.160821E3	-1.241790E1	2.448716E1	2.745588E1	1.631689E4	9.847851E1	8.897200E1
5.388000E0	1.077600E4	6.433690E3	-2.113569E1	1.651172E1	2.682078E1	1.634200E4	1.071963E2	8.099657E1
5.392000E0	1.078400E4	6.667905E3	-2.566876E1	5.287740E0	2.620774E1	1.636836E4	1.117294E2	6.977259E1
5.396000E0	1.079200E4	6.672567E3	-2.544430E1	-6.982456E0	2.638498E1	1.639535E4	1.115049E2	5.750239E1
5.400000E0	1.080000E4	6.530892E3	-1.990620E1	-1.776103E1	2.667791E1	1.642174E4	1.059668E2	4.672382E1
5.404000E0	1.080800E4	6.304734E3	-1.047271E1	-2.539934E1	2.747370E1	1.644759E4	9.653332E1	3.908551E1
5.408000E0	1.081600E4	6.014525E3	1.070085E0	-2.813212E1	2.815247E1	1.647218E4	8.499052E1	3.635273E1
5.412000E0	1.082400E4	5.998581E3	1.234716E1	-2.564546E1	2.846300E1	1.649571E4	7.371345E1	3.883938E1
5.416000E0	1.083200E4	6.245954E3	2.140080E1	-1.785136E1	2.786872E1	1.652017E4	6.465981E1	4.663349E1
5.420000E0	1.084000E4	6.490452E3	2.643144E1	-6.748891E0	2.727945E1	1.654568E4	5.962916E1	5.773596E1
5.424000E0	1.084800E4	6.569478E3	2.643787E1	5.663262E0	2.703763E1	1.657209E4	5.962274E1	7.014811E1
5.428000E0	1.085600E4	6.421568E3	2.137721E1	1.684168E1	2.721447E1	1.659823E4	6.468339E1	8.132653E1
5.432000E0	1.086400E4	6.236080E3	1.228190E1	2.459407E1	2.749024E1	1.662346E4	7.377871E1	8.907892E1
5.436000E0	1.087200E4	6.140499E3	9.085586E-1	2.769235E1	2.770725E1	1.664812E4	8.515205E1	9.217720E1
5.440000E0	1.088000E4	6.179446E3	-1.055900E1	2.538241E1	2.749108E1	1.667259E4	9.661961E1	8.986726E1
5.444000E0	1.088800E4	6.416521E3	-1.995793E1	1.825195E1	2.704538E1	1.669756E4	1.060185E2	8.273680E1
5.448000E0	1.089600E4	6.660207E3	-2.547639E1	7.344070E0	2.651380E1	1.672392E4	1.115370E2	7.182892E1
5.452000E0	1.090400E4	6.721545E3	-2.575578E1	-4.930921E0	2.622354E1	1.675084E4	1.118164E2	5.955393E1
5.456000E0	1.091200E4	6.641641E3	-2.104525E1	-1.626075E1	2.659539E1	1.677769E4	1.071059E2	4.822410E1
5.460000E0	1.092000E4	6.383680E3	-1.202933E1	-2.463235E1	2.741272E1	1.680397E4	9.808993E1	3.985250E1
5.464000E0	1.092800E4	6.051857E3	-6.063434E-1	-2.803804E1	2.804459E1	1.682876E4	8.666695E1	3.644681E1
5.468000E0	1.093600E4	6.028374E3	1.081557E1	-2.625868E1	2.839885E1	1.685239E4	7.524503E1	3.822617E1
5.472000E0	1.094400E4	6.263019E3	2.053194E1	-1.915430E1	2.807932E1	1.687699E4	6.552867E1	4.533054E1
5.476000E0	1.095200E4	6.454948E3	2.622739E1	-8.274391E0	2.750166E1	1.690249E4	5.983322E1	5.621046E1
5.480000E0	1.096000E4	6.591790E3	2.676480E1	4.061034E0	2.707114E1	1.692863E4	5.929580E1	6.854588E1
5.484000E0	1.096800E4	6.557062E3	2.231454E1	1.575549E1	2.731619E1	1.695522E4	6.374607E1	8.024034E1
5.488000E0	1.097600E4	6.358757E3	1.327891E1	2.403903E1	2.746279E1	1.698108E4	7.278169E1	8.852388E1
5.492000E0	1.098400E4	6.219750E3	1.895955E0	2.777223E1	2.783687E1	1.700609E4	8.416465E1	9.225708E1
5.496000E0	1.099200E4	6.233315E3	-9.798427E0	2.573743E1	2.753951E1	1.703084E4	9.585903E1	9.022228E1
5.500000E0	1.100000E4	6.469850E3	-1.946323E1	1.882098E1	2.707483E1	1.705596E4	1.055238E2	8.330582E1
5.504000E0	1.100800E4	6.756484E3	-2.516223E1	7.884886E0	2.636872E1	1.708260E4	1.112228E2	7.236973E1
5.508000E0	1.101600E4	6.807603E3	-2.580579E1	-4.556283E0	2.620493E1	1.711001E4	1.118664E2	5.992857E1
5.512000E0	1.102400E4	6.689683E3	-2.127682E1	-1.606926E1	2.666316E1	1.713706E4	1.073374E2	4.841559E1
5.516000E0	1.103200E4	6.413607E3	-1.229293E1	-2.468864E1	2.757980E1	1.716353E4	9.835354E1	3.979621E1
5.520000E0	1.104000E4	6.091350E3	-8.046139E-1	-2.828688E1	2.829833E1	1.718837E4	8.686522E1	3.619796E1
5.524000E0	1.104800E4	6.081669E3	1.080933E1	-2.640673E1	2.853344E1	1.721226E4	7.525128E1	3.807811E1
5.528000E0	1.105600E4	6.295199E3	2.067647E1	-1.926492E1	2.826046E1	1.723702E4	6.538413E1	4.521993E1
5.532000E0	1.106400E4	6.512798E3	2.637930E1	-8.255228E0	2.764084E1	1.726262E4	5.968131E1	5.622962E1
5.536000E0	1.107200E4	6.631788E3	2.678386E1	4.302745E0	2.712727E1	1.728913E4	5.927674E1	6.878759E1
5.540000E0	1.108000E4	6.543732E3	2.218514E1	1.592822E1	2.731097E1	1.731568E4	6.387546E1	8.041307E1
5.544000E0	1.108800E4	6.369133E3	1.311593E1	2.413269E1	2.746660E1	1.734148E4	7.294468E1	8.861754E1
5.548000E0	1.109600E4	6.246241E3	1.630664E0	2.769380E1	2.774176E1	1.736663E4	8.442994E1	9.217864E1
5.552000E0	1.110400E4	6.302707E3	-1.004448E1	2.556979E1	2.747191E1	1.739145E4	9.610509E1	9.005464E1
5.556000E0	1.111200E4	6.567140E3	-1.981776E1	1.844685E1	2.707452E1	1.741705E4	1.058784E2	8.293170E1
5.560000E0	1.112000E4	6.776942E3	-2.542195E1	7.297636E0	2.644865E1	1.744398E4	1.114826E2	7.178248E1
5.564000E0	1.112800E4	6.838400E3	-2.565945E1	-5.112085E0	2.616373E1	1.747127E4	1.117201E2	5.937276E1
5.568000E0	1.113600E4	6.702774E3	-2.091205E1	-1.674803E1	2.679198E1	1.749869E4	1.069727E2	4.773682E1
5.572000E0	1.114400E4	6.393424E3	-1.167839E1	-2.491892E1	2.751977E1	1.752489E4	9.773900E1	3.956592E1
5.576000E0	1.115200E4	6.220333E3	-7.954082E-2	-2.811533E1	2.811544E1	1.754984E4	8.614015E1	3.636952E1
5.580000E0	1.116000E4	6.211458E3	1.178864E1	-2.568669E1	2.826266E1	1.757465E4	7.427197E1	3.879816E1
5.584000E0	1.116800E4	6.335755E3	2.127411E1	-1.815083E1	2.796498E1	1.759953E4	6.478650E1	4.633402E1
5.588000E0	1.117600E4	6.576195E3	2.654527E1	-6.945055E0	2.743875E1	1.762534E4	5.951534E1	5.753979E1
5.592000E0	1.118400E4	6.661109E3	2.663424E1	5.728913E0	2.724341E1	1.765214E4	5.942636E1	7.021376E1
5.596000E0	1.119200E4	6.569356E3	2.145777E1	1.714619E1	2.746685E1	1.767863E4	6.460284E1	8.163103E1
5.600000E0	1.120000E4	6.377437E3	1.184626E1	2.505413E1	2.771359E1	1.770469E4	7.421435E1	8.953898E1
5.604000E0	1.120800E4	6.282784E3	1.721313E-1	2.791285E1	2.791338E1	1.772965E4	8.588847E1	9.239770E1
5.608000E0	1.121600E4	6.366442E3	-1.165194E1	2.503757E1	2.761607E1	1.775496E4	9.771255E1	8.952242E1
5.612000E0	1.122400E4	6.561638E3	-2.095999E1	1.723008E1	2.713295E1	1.778058E4	1.070206E2	8.171493E1
5.616000E0	1.123200E4	6.795563E3	-2.576484E1	5.735827E0	2.639558E1	1.780745E4	1.118254E2	7.022068E1
5.620000E0	1.124000E4	6.847419E3	-2.555434E1	-6.819889E0	2.644873E1	1.783494E4	1.116149E2	5.766496E1
5.624000E0	1.124800E4	6.710254E3	-1.992887E1	-1.808860E1	2.691389E1	1.786223E4	1.059895E2	4.639625E1
5.628000E0	1.125600E4	6.430430E3	-1.009661E1	-2.579633E1	2.770184E1	1.788862E4	9.615722E1	3.868852E1
5.632000E0	1.126400E4	6.235779E3	1.810232E0	-2.820604E1	2.826407E1	1.791367E4	8.425037E1	3.627881E1
5.636000E0	1.127200E4	6.285813E3	1.347937E1	-2.481456E1	2.823925E1	1.793851E4	7.258124E1	3.967029E1
5.640000E0	1.128000E4	6.455257E3	2.258827E1	-1.643626E1	2.793530E1	1.796396E4	6.347233E1	4.804858E1
5.644000E0	1.128800E4	6.606183E3	2.699745E1	-4.686058E0	2.740112E1	1.799015E4	5.906316E1	5.979879E1
5.648000E0	1.129600E4	6.653964E3	2.618677E1	7.910294E0	2.735543E1	1.801681E4	5.987384E1	7.239514E1
5.652000E0	1.130400E4	6.539587E3	1.983630E1	1.874826E1	2.729425E1	1.804338E4	6.622431E1	8.323311E1
5.656000E0	1.131200E4	6.389702E3	9.828386E0	2.577147E1	2.758198E1	1.806912E4	7.623222E1	9.025632E1
5.660000E0	1.132000E4	6.363561E3	-2.172060E0	2.758401E1	2.766940E1	1.809450E4	8.823267E1	9.206886E1
5.664000E0	1.132800E4	6.482394E3	-1.364390E1	2.360026E1	2.726038E1	1.812003E4	9.970451E1	8.808511E1
5.668000E0	1.133600E4	6.722824E3	-2.224304E1	1.479978E1	2.671678E1	1.814636E4	1.083036E2	7.928463E1
5.672000E0	1.134400E4	6.929282E3	-2.607388E1	2.825217E0	2.622649E1	1.817382E4	1.121345E2	6.731007E1
5.676000E0	1.135200E4	6.911742E3	-2.452167E1	-9.805874E0	2.640961E1	1.820180E4	1.105823E2	5.467897E1
5.680000E0	1.136000E4	6.655650E3	-1.761197E1	-2.033886E1	2.690447E1	1.822911E4	1.036726E2	4.414599E1
5.684000E0	1.136800E4	6.370261E3	-7.197287E0	-2.693769E1	2.788261E1	1.825504E4	9.325789E1	3.754716E1
5.688000E0	1.137600E4	6.209500E3	4.936679E0	-2.779328E1	2.822831E1	1.828007E4	8.112393E1	3.669157E1
5.692000E0	1.138400E4	6.293304E3	1.605422E1	-2.317056E1	2.818888E1	1.830472E4	7.000639E1	4.131428E1
5.696000E0	1.139200E4	6.548998E3	2.408037E1	-1.366936E1	2.768962E1	1.833042E4	6.198024E1	5.081549E1
5.700000E0	1.140000E4	6.714762E3	2.721014E1	-1.374140E0	2.724482E1	1.835711E4	5.885046E1	6.311071E1
5.704000E0	1.140800E4	6.679161E3	2.477799E1	1.110265E1	2.715175E1	1.838414E4	6.128261E1	7.558750E1
5.708000E0	1.141600E4	6.501531E3	1.753783E1	2.130708E1	2.759651E1	1.841054E4	6.852277E1	8.579193E1
5.712000E0	1.142400E4	6.332219E3	6.699227E0	2.716931E1	2.798305E1	1.843615E4	7.936138E1	9.165416E1
5.716000E0	1.143200E4	6.348791E3	-5.413875E0	2.734207E1	2.787290E1	1.846120E4	9.147448E1	9.182691E1
5.720000E0	1.144000E4	6.572486E3	-1.640768E1	2.182202E1	2.730224E1	1.848694E4	1.024683E2	8.630687E1
5.724000E0	1.144800E4	6.848668E3	-2.374233E1	1.169303E1	2.646555E1	1.851378E4	1.098029E2	7.617788E1
5.728000E0	1.145600E4	6.981862E3	-2.623669E1	-7.916846E-1	2.624863E1	1.854173E4	1.122973E2	6.369316E1
5.732000E0	1.146400E4	6.901235E3	-2.294917E1	-1.305538E1	2.640279E1	1.856963E4	1.090098E2	5.142947E1
5.736000E0	1.147200E4	6.620058E3	-1.489699E1	-2.288530E1	2.730672E1	1.859694E4	1.009576E2	4.159955E1
5.740000E0	1.148000E4	6.340239E3	-3.606151E0	-2.774777E1	2.798112E1	1.862260E4	8.966676E1	3.673708E1
5.744000E0	1.148800E4	6.305126E3	8.548992E0	-2.685199E1	2.818004E1	1.864766E4	7.751161E1	3.763285E1
5.748000E0	1.149600E4	6.415466E3	1.915451E1	-2.051467E1	2.806683E1	1.867304E4	6.690609E1	4.397018E1
5.752000E0	1.150400E4	6.623328E3	2.569059E1	-9.869988E0	2.752132E1	1.869898E4	6.037001E1	5.461486E1
5.756000E0	1.151200E4	6.728466E3	2.718286E1	2.868003E0	2.733374E1	1.872602E4	5.887775E1	6.735285E1
5.760000E0	1.152000E4	6.633450E3	2.298196E1	1.481746E1	2.734461E1	1.875281E4	6.307864E1	7.930230E1
5.764000E0	1.152800E4	6.512039E3	1.418420E1	2.369113E1	2.761271E1	1.877909E4	7.187640E1	8.817598E1
5.768000E0	1.153600E4	6.446233E3	2.453973E0	2.753921E1	2.764833E1	1.880491E4	8.360663E1	9.202406E1
5.772000E0	1.154400E4	6.474444E3	-9.725389E0	2.579148E1	2.756417E1	1.883066E4	9.578599E1	9.027633E1
5.776000E0	1.155200E4	6.656058E3	-1.970829E1	1.856990E1	2.707873E1	1.885670E4	1.057689E2	8.305475E1
5.780000E0	1.156000E4	6.868690E3	-2.546661E1	7.346325E0	2.650504E1	1.888391E4	1.115272E2	7.183117E1
5.784000E0	1.156800E4	6.979674E3	-2.569575E1	-5.299351E0	2.623651E1	1.891165E4	1.117564E2	5.918550E1
5.788000E0	1.157600E4	6.843204E3	-2.057206E1	-1.710728E1	2.675572E1	1.893975E4	1.066327E2	4.737756E1
5.792000E0	1.158400E4	6.517240E3	-1.112126E1	-2.545390E1	2.777739E1	1.896640E4	9.718187E1	3.903095E1
5.796000E0	1.159200E4	6.300750E3	9.292448E-1	-2.824814E1	2.826342E1	1.899188E4	8.513136E1	3.623671E1
5.800000E0	1.160000E4	6.317096E3	1.280862E1	-2.535167E1	2.840366E1	1.901680E4	7.325199E1	3.913317E1
5.804000E0	1.160800E4	6.488433E3	2.217637E1	-1.706523E1	2.798238E1	1.904242E4	6.388424E1	4.741962E1
5.808000E0	1.161600E4	6.690074E3	2.691207E1	-5.371656E0	2.744292E1	1.906871E4	5.914854E1	5.911319E1
5.812000E0	1.162400E4	6.803424E3	2.617322E1	7.476123E0	2.722002E1	1.909594E4	5.988739E1	7.196097E1
5.816000E0	1.163200E4	6.703420E3	1.994457E1	1.868960E1	2.733289E1	1.912314E4	6.611603E1	8.317444E1
5.820000E0	1.164000E4	6.485523E3	9.638212E0	2.587328E1	2.761018E1	1.914957E4	7.642239E1	9.035813E1
5.824000E0	1.164800E4	6.425678E3	-2.424340E0	2.757915E1	2.768550E1	1.917502E4	8.848495E1	9.206400E1
5.828000E0	1.165600E4	6.577407E3	-1.401217E1	2.334393E1	2.722646E1	1.920097E4	1.000728E2	8.782877E1
5.832000E0	1.166400E4	6.810582E3	-2.254724E1	1.428523E1	2.669168E1	1.922764E4	1.086078E2	7.877008E1
5.836000E0	1.167200E4	6.994480E3	-2.628448E1	2.087603E0	2.636726E1	1.925546E4	1.123451E2	6.657245E1
5.840000E0	1.168000E4	6.982185E3	-2.416562E1	-1.055708E1	2.637098E1	1.928360E4	1.102262E2	5.392777E1
5.844000E0	1.168800E4	6.758646E3	-1.688707E1	-2.109086E1	2.701847E1	1.931132E4	1.029477E2	4.339399E1
5.848000E0	1.169600E4	6.454586E3	-5.973350E0	-2.732276E1	2.796809E1	1.933767E4	9.203396E1	3.716209E1
5.852000E0	1.170400E4	6.296424E3	6.369841E0	-2.769428E1	2.841739E1	1.936295E4	7.969077E1	3.679057E1
5.856000E0	1.171200E4	6.408750E3	1.737932E1	-2.221308E1	2.820393E1	1.938804E4	6.868129E1	4.227177E1
5.860000E0	1.172000E4	6.687642E3	2.490857E1	-1.202890E1	2.766101E1	1.941422E4	6.115204E1	5.245595E1
5.864000E0	1.172800E4	6.825530E3	2.725397E1	7.329257E-1	2.726383E1	1.944154E4	5.880663E1	6.521777E1
5.868000E0	1.173600E4	6.786133E3	2.382055E1	1.311025E1	2.719002E1	1.946883E4	6.224006E1	7.759510E1
5.872000E0	1.174400E4	6.573185E3	1.551545E1	2.285561E1	2.762441E1	1.949583E4	7.054515E1	8.734046E1
5.876000E0	1.175200E4	6.430253E3	4.148466E0	2.747193E1	2.778339E1	1.952141E4	8.191214E1	9.195678E1
5.880000E0	1.176000E4	6.487995E3	-8.213293E0	2.641605E1	2.766344E1	1.954727E4	9.427390E1	9.090090E1
5.884000E0	1.176800E4	6.729403E3	-1.862579E1	1.975363E1	2.715006E1	1.957332E4	1.046864E2	8.423848E1
5.888000E0	1.177600E4	6.993979E3	-2.512559E1	8.599095E0	2.655635E1	1.960111E4	1.111862E2	7.308394E1
5.892000E0	1.178400E4	7.041598E3	-2.598527E1	-4.240620E0	2.632902E1	1.962927E4	1.120459E2	6.024423E1
5.896000E0	1.179200E4	6.914757E3	-2.124754E1	-1.626822E1	2.676029E1	1.965744E4	1.073081E2	4.821662E1
5.900000E0	1.180000E4	6.595940E3	-1.183828E1	-2.491635E1	2.758567E1	1.968459E4	9.789888E1	3.956850E1
5.904000E0	1.180800E4	6.341697E3	1.019092E-1	-2.819688E1	2.819706E1	1.971021E4	8.595870E1	3.628797E1
5.908000E0	1.181600E4	6.367602E3	1.217135E1	-2.572520E1	2.845923E1	1.973532E4	7.388926E1	3.875964E1
5.912000E0	1.182400E4	6.576889E3	2.172477E1	-1.749972E1	2.789634E1	1.976115E4	6.433584E1	4.698513E1
5.916000E0	1.183200E4	6.801671E3	2.686850E1	-5.742785E0	2.747537E1	1.978794E4	5.919210E1	5.874206E1
5.920000E0	1.184000E4	6.879592E3	2.626097E1	7.313059E0	2.726021E1	1.981556E4	5.979964E1	7.179791E1
5.924000E0	1.184800E4	6.709149E3	2.011217E1	1.873657E1	2.748742E1	1.984297E4	6.594844E1	8.322142E1
5.928000E0	1.185600E4	6.514227E3	9.830382E0	2.592562E1	2.772678E1	1.986923E4	7.623022E1	9.041047E1
5.932000E0	1.186400E4	6.480834E3	-2.458119E0	2.761961E1	2.772878E1	1.989509E4	8.851872E1	9.210446E1
5.936000E0	1.187200E4	6.616158E3	-1.408375E1	2.336428E1	2.728079E1	1.992108E4	1.001444E2	8.784913E1
5.940000E0	1.188000E4	6.865647E3	-2.264819E1	1.414385E1	2.670185E1	1.994802E4	1.087088E2	7.862870E1
5.944000E0	1.188800E4	7.090950E3	-2.623623E1	1.831713E0	2.630009E1	1.997601E4	1.122968E2	6.631656E1
5.948000E0	1.189600E4	7.092967E3	-2.396607E1	-1.104482E1	2.638864E1	2.000474E4	1.100267E2	5.344003E1
5.952000E0	1.190400E4	6.813386E3	-1.650256E1	-2.170200E1	2.726374E1	2.003275E4	1.025632E2	4.278285E1
5.956000E0	1.191200E4	6.496484E3	-5.228383E0	-2.753821E1	2.803015E1	2.005925E4	9.128899E1	3.694664E1
5.960000E0	1.192000E4	6.356414E3	7.215618E0	-2.746150E1	2.839364E1	2.008472E4	7.884499E1	3.702335E1
5.964000E0	1.192800E4	6.497604E3	1.819527E1	-2.160671E1	2.824744E1	2.011010E4	6.786534E1	4.287814E1
5.968000E0	1.193600E4	6.735871E3	2.536528E1	-1.092257E1	2.761702E1	2.013670E4	6.069533E1	5.356228E1
5.972000E0	1.194400E4	6.884622E3	2.722500E1	1.898077E0	2.729108E1	2.016399E4	5.883561E1	6.638293E1
5.976000E0	1.195200E4	6.846021E3	2.309532E1	1.430839E1	2.716843E1	2.019178E4	6.296529E1	7.879324E1
5.980000E0	1.196000E4	6.645375E3	1.432939E1	2.361993E1	2.762666E1	2.021876E4	7.173122E1	8.810478E1
5.984000E0	1.196800E4	6.557790E3	2.450761E0	2.769343E1	2.780166E1	2.024494E4	8.360985E1	9.217828E1
5.988000E0	1.197600E4	6.594696E3	-9.997579E0	2.575052E1	2.762319E1	2.027122E4	9.605818E1	9.023536E1
5.992000E0	1.198400E4	6.767795E3	-2.002573E1	1.822183E1	2.707517E1	2.029770E4	1.060863E2	8.270668E1
5.996000E0	1.199200E4	7.024940E3	-2.561155E1	6.689954E0	2.647087E1	2.032536E4	1.116722E2	7.117480E1
6.000000E0	1.200000E4	7.099494E3	-2.572272E1	-6.365638E0	2.649867E1	2.035390E4	1.117833E2	5.811921E1
6.004000E0	1.200800E4	6.941468E3	-1.999980E1	-1.810732E1	2.697901E1	2.038216E4	1.060604E2	4.637753E1
6.008000E0	1.201600E4	6.626604E3	-9.786961E0	-2.608140E1	2.785720E1	2.040943E4	9.584757E1	3.840345E1
6.012000E0	1.202400E4	6.439507E3	2.564008E0	-2.833957E1	2.845533E1	2.043517E4	8.349660E1	3.614527E1
6.016000E0	1.203200E4	6.491442E3	1.462670E1	-2.439342E1	2.844256E1	2.046095E4	7.143390E1	4.009143E1
6.020000E0	1.204000E4	6.675523E3	2.352138E1	-1.521593E1	2.801392E1	2.048710E4	6.253923E1	4.926892E1
6.024000E0	1.204800E4	6.910428E3	2.732539E1	-2.702491E0	2.745871E1	2.051435E4	5.873521E1	6.178236E1
6.028000E0	1.205600E4	6.924432E3	2.517077E1	1.036677E1	2.722201E1	2.054238E4	6.088984E1	7.485162E1
6.032000E0	1.206400E4	6.757283E3	1.777163E1	2.099065E1	2.750342E1	2.056975E4	6.828898E1	8.547550E1
6.036000E0	1.207200E4	6.571323E3	6.536372E0	2.710702E1	2.788395E1	2.059644E4	7.952423E1	9.159187E1
6.040000E0	1.208000E4	6.530194E3	-5.953736E0	2.726551E1	2.790797E1	2.062232E4	9.201434E1	9.175036E1
6.044000E0	1.208800E4	6.733392E3	-1.707351E1	2.132305E1	2.731624E1	2.064868E4	1.031341E2	8.580789E1
6.048000E0	1.209600E4	7.036945E3	-2.428455E1	1.071837E1	2.654473E1	2.067618E4	1.103452E2	7.520322E1
6.052000E0	1.210400E4	7.189973E3	-2.601901E1	-2.267246E0	2.611760E1	2.070498E4	1.120796E2	6.221760E1
6.056000E0	1.211200E4	7.051246E3	-2.211022E1	-1.474834E1	2.657772E1	2.073370E4	1.081708E2	4.973651E1
6.060000E0	1.212000E4	6.765638E3	-1.305927E1	-2.394247E1	2.727245E1	2.076139E4	9.911987E1	4.054237E1
6.064000E0	1.212800E4	6.526379E3	-1.061765E0	-2.801924E1	2.803935E1	2.078783E4	8.712237E1	3.646561E1
6.068000E0	1.213600E4	6.497533E3	1.128873E1	-2.583759E1	2.819604E1	2.081360E4	7.477187E1	3.864726E1
6.072000E0	1.214400E4	6.666963E3	2.128430E1	-1.798018E1	2.786231E1	2.083981E4	6.477631E1	4.650467E1
6.076000E0	1.215200E4	6.839792E3	2.674763E1	-6.206279E0	2.745822E1	2.086694E4	5.931297E1	5.827857E1
6.080000E0	1.216000E4	6.930367E3	2.644826E1	6.854007E0	2.732193E1	2.089453E4	5.961234E1	7.133886E1
6.084000E0	1.216800E4	6.839905E3	2.020821E1	1.843951E1	2.735667E1	2.092238E4	6.585239E1	8.292436E1
6.088000E0	1.217600E4	6.638296E3	9.835228E0	2.595651E1	2.775738E1	2.094925E4	7.622538E1	9.044136E1
6.092000E0	1.218400E4	6.623417E3	-2.637962E0	2.746627E1	2.759266E1	2.097549E4	8.869857E1	9.195112E1
6.096000E0	1.219200E4	6.736176E3	-1.460443E1	2.316002E1	2.738021E1	2.100224E4	1.006650E2	8.764486E1
6.100000E0	1.220000E4	6.956910E3	-2.315173E1	1.370527E1	2.690422E1	2.102938E4	1.092123E2	7.819012E1
6.104000E0	1.220800E4	7.166497E3	-2.634351E1	9.704272E-1	2.636138E1	2.105789E4	1.124041E2	6.545528E1
6.108000E0	1.221600E4	7.107466E3	-2.376069E1	-1.195426E1	2.659840E1	2.108671E4	1.098213E2	5.253059E1
6.112000E0	1.222400E4	6.844309E3	-1.569345E1	-2.220577E1	2.719156E1	2.111475E4	1.017541E2	4.227908E1
6.116000E0	1.223200E4	6.609382E3	-4.159131E0	-2.770346E1	2.801392E1	2.114146E4	9.021974E1	3.678139E1
6.120000E0	1.224000E4	6.547076E3	8.569974E0	-2.697495E1	2.830358E1	2.116763E4	7.749063E1	3.750989E1
6.124000E0	1.224800E4	6.636325E3	1.952383E1	-2.033187E1	2.818803E1	2.119384E4	6.653677E1	4.415298E1
6.128000E0	1.225600E4	6.811918E3	2.621800E1	-9.173342E0	2.777649E1	2.122072E4	5.984261E1	5.531151E1
6.132000E0	1.226400E4	6.958330E3	2.706994E1	3.965425E0	2.735884E1	2.124833E4	5.899067E1	6.845027E1
6.136000E0	1.227200E4	6.920321E3	2.199606E1	1.620644E1	2.732170E1	2.127638E4	6.406455E1	8.069129E1
6.140000E0	1.228000E4	6.749573E3	1.227013E1	2.482285E1	2.768989E1	2.130370E4	7.379047E1	8.930770E1
6.144000E0	1.228800E4	6.638356E3	-1.832208E-1	2.770253E1	2.770313E1	2.133038E4	8.624383E1	9.218737E1
6.148000E0	1.229600E4	6.734133E3	-1.237875E1	2.450226E1	2.745167E1	2.135680E4	9.843936E1	8.898711E1
6.152000E0	1.230400E4	6.975893E3	-2.173815E1	1.564808E1	2.678450E1	2.138425E4	1.077988E2	8.013293E1
6.156000E0	1.231200E4	7.177621E3	-2.617451E1	3.394626E0	2.639372E1	2.141261E4	1.122351E2	6.787947E1
6.160000E0	1.232000E4	7.166319E3	-2.463859E1	-9.791424E0	2.651286E1	2.144167E4	1.106992E2	5.469342E1
6.164000E0	1.232800E4	6.977607E3	-1.744795E1	-2.075022E1	2.711093E1	2.146994E4	1.035086E2	4.373463E1
6.168000E0	1.233600E4	6.691524E3	-6.018912E0	-2.713572E1	2.779522E1	2.149749E4	9.207952E1	3.734913E1
6.172000E0	1.234400E4	6.537829E3	6.604477E0	-2.756645E1	2.834657E1	2.152347E4	7.945613E1	3.691840E1
6.176000E0	1.235200E4	6.664398E3	1.806294E1	-2.168254E1	2.822060E1	2.154980E4	6.799767E1	4.280231E1
6.180000E0	1.236000E4	6.868223E3	2.549578E1	-1.093363E1	2.774129E1	2.157679E4	6.056482E1	5.355122E1
6.184000E0	1.236800E4	7.029977E3	2.739499E1	2.272612E0	2.748909E1	2.160474E4	5.866562E1	6.675746E1
6.188000E0	1.237600E4	6.942728E3	2.299899E1	1.495181E1	2.743192E1	2.163303E4	6.306161E1	7.943666E1
6.192000E0	1.238400E4	6.748006E3	1.372839E1	2.405289E1	2.769495E1	2.166028E4	7.233221E1	8.853774E1
6.196000E0	1.239200E4	6.700469E3	1.451749E0	2.781470E1	2.785256E1	2.168701E4	8.460886E1	9.229955E1
6.200000E0	1.240000E4	6.753522E3	-1.115148E1	2.517920E1	2.753811E1	2.171389E4	9.721209E1	8.966405E1
6.204000E0	1.240800E4	6.919984E3	-2.101428E1	1.699250E1	2.702489E1	2.174104E4	1.070749E2	8.147735E1
6.208000E0	1.241600E4	7.226664E3	-2.593347E1	4.924705E0	2.639692E1	2.176925E4	1.119941E2	6.940955E1
6.212000E0	1.242400E4	7.291591E3	-2.500715E1	-8.539305E0	2.642494E1	2.179885E4	1.110678E2	5.594554E1
6.216000E0	1.243200E4	7.066036E3	-1.818245E1	-1.989866E1	2.695474E1	2.182758E4	1.042431E2	4.458619E1
6.220000E0	1.244000E4	6.767495E3	-7.000489E0	-2.684075E1	2.773865E1	2.185538E4	9.306110E1	3.764410E1
6.224000E0	1.244800E4	6.577004E3	5.720233E0	-2.757257E1	2.815968E1	2.188172E4	8.034037E1	3.691228E1
6.228000E0	1.245600E4	6.678611E3	1.735156E1	-2.221054E1	2.818483E1	2.190800E4	6.870905E1	4.227431E1
6.232000E0	1.246400E4	6.899829E3	2.511369E1	-1.163115E1	2.767636E1	2.193515E4	6.094692E1	5.285370E1
6.236000E0	1.247200E4	7.067680E3	2.720816E1	1.519589E0	2.725056E1	2.196320E4	5.885245E1	6.600444E1
6.240000E0	1.248000E4	7.018126E3	2.320213E1	1.432473E1	2.726787E1	2.199169E4	6.285848E1	7.880957E1
6.244000E0	1.248800E4	6.834183E3	1.414796E1	2.386741E1	2.774560E1	2.201934E4	7.191265E1	8.835226E1
6.248000E0	1.249600E4	6.699270E3	1.757526E0	2.765903E1	2.771481E1	2.204636E4	8.430308E1	9.214388E1
6.252000E0	1.250400E4	6.770898E3	-1.069226E1	2.526802E1	2.743715E1	2.207294E4	9.675287E1	8.975287E1
6.256000E0	1.251200E4	6.998481E3	-2.088704E1	1.719876E1	2.705672E1	2.210053E4	1.069477E2	8.168361E1
6.260000E0	1.252000E4	7.212597E3	-2.602231E1	5.094202E0	2.651625E1	2.212892E4	1.120829E2	6.957905E1
6.264000E0	1.252800E4	7.311269E3	-2.504495E1	-8.249925E0	2.636875E1	2.215823E4	1.111056E2	5.623492E1
6.268000E0	1.253600E4	7.115786E3	-1.826386E1	-1.987143E1	2.698967E1	2.218741E4	1.043245E2	4.461341E1
6.272000E0	1.254400E4	6.816094E3	-7.098919E0	-2.678959E1	2.771420E1	2.221516E4	9.315953E1	3.769526E1
6.276000E0	1.255200E4	6.649221E3	5.825214E0	-2.754113E1	2.815043E1	2.224194E4	8.023539E1	3.694372E1
6.280000E0	1.256000E4	6.697918E3	1.749264E1	-2.210810E1	2.819150E1	2.226835E4	6.856796E1	4.237675E1
6.284000E0	1.256800E4	6.907304E3	2.537981E1	-1.155237E1	2.788533E1	2.229553E4	6.068080E1	5.293248E1
6.288000E0	1.257600E4	7.070284E3	2.734872E1	1.725723E0	2.740312E1	2.232361E4	5.871188E1	6.621057E1
6.292000E0	1.258400E4	7.030474E3	2.310146E1	1.448489E1	2.726700E1	2.235209E4	6.295915E1	7.896974E1
6.296000E0	1.259200E4	6.865025E3	1.389005E1	2.391771E1	2.765845E1	2.237985E4	7.217056E1	8.840256E1
6.300000E0	1.260000E4	6.779294E3	1.442617E0	2.760430E1	2.764197E1	2.240701E4	8.461799E1	9.208915E1
6.304000E0	1.260800E4	6.837150E3	-1.124030E1	2.514123E1	2.753954E1	2.243409E4	9.730091E1	8.962608E1
6.308000E0	1.261600E4	7.081630E3	-2.117694E1	1.672117E1	2.698259E1	2.246171E4	1.072375E2	8.120602E1
6.312000E0	1.262400E4	7.271299E3	-2.600943E1	4.239726E0	2.635271E1	2.249074E4	1.120700E2	6.872457E1
6.316000E0	1.263200E4	7.257642E3	-2.490289E1	-9.002927E0	2.648031E1	2.251988E4	1.109635E2	5.548192E1
6.320000E0	1.264000E4	7.096788E3	-1.774603E1	-2.027322E1	2.694300E1	2.254880E4	1.038066E2	4.421163E1
6.324000E0	1.264800E4	6.846942E3	-6.430062E0	-2.709610E1	2.784860E1	2.257665E4	9.249067E1	3.738875E1
6.328000E0	1.265600E4	6.682593E3	6.657606E0	-2.756455E1	2.835715E1	2.260358E4	7.940300E1	3.692030E1
6.332000E0	1.266400E4	6.748636E3	1.824624E1	-2.165963E1	2.832075E1	2.263011E4	6.781436E1	4.282522E1
6.336000E0	1.267200E4	6.957207E3	2.568617E1	-1.060409E1	2.778896E1	2.265757E4	6.037443E1	5.388076E1
6.340000E0	1.268000E4	7.098084E3	2.728088E1	2.756041E0	2.741974E1	2.268577E4	5.877973E1	6.724089E1
6.344000E0	1.268800E4	7.067871E3	2.261283E1	1.545565E1	2.739009E1	2.271435E4	6.344778E1	7.994050E1
6.348000E0	1.269600E4	6.891803E3	1.285491E1	2.449713E1	2.766510E1	2.274231E4	7.320570E1	8.898198E1
6.352000E0	1.270400E4	6.801557E3	2.483624E-1	2.771977E1	2.772089E1	2.276949E4	8.581224E1	9.220462E1
6.356000E0	1.271200E4	6.904873E3	-1.234927E1	2.452804E1	2.746141E1	2.279672E4	9.840988E1	8.901289E1
6.360000E0	1.272000E4	7.148385E3	-2.192403E1	1.550835E1	2.685464E1	2.282473E4	1.079846E2	7.999320E1
6.364000E0	1.272800E4	7.386256E3	-2.623858E1	2.798900E0	2.638744E1	2.285391E4	1.122992E2	6.728375E1
6.368000E0	1.273600E4	7.355801E3	-2.424800E1	-1.070257E1	2.650492E1	2.288382E4	1.103086E2	5.378227E1
6.372000E0	1.274400E4	7.103992E3	-1.643638E1	-2.162091E1	2.715913E1	2.291276E4	1.024970E2	4.286394E1
6.376000E0	1.275200E4	6.791711E3	-4.547242E0	-2.761007E1	2.798202E1	2.294065E4	9.060785E1	3.687478E1
6.380000E0	1.276000E4	6.671808E3	8.299076E0	-2.699112E1	2.823819E1	2.296709E4	7.776153E1	3.749373E1
6.384000E0	1.276800E4	6.809599E3	1.944380E1	-2.011911E1	2.797928E1	2.299402E4	6.661681E1	4.436574E1
6.388000E0	1.277600E4	7.065441E3	2.611002E1	-8.701791E0	2.752189E1	2.302157E4	5.995059E1	5.578306E1
6.392000E0	1.278400E4	7.222204E3	2.675727E1	4.981206E0	2.721698E1	2.305055E4	5.930333E1	6.946605E1
6.396000E0	1.279200E4	7.089098E3	2.128511E1	1.745006E1	2.752381E1	2.307935E4	6.477550E1	8.193490E1
6.400000E0	1.280000E4	6.876606E3	1.075281E1	2.565309E1	2.781553E1	2.310726E4	7.530780E1	9.013794E1
6.404000E0	1.280800E4	6.810266E3	-2.116857E0	2.777339E1	2.785394E1	2.313436E4	8.817746E1	9.225824E1
6.408000E0	1.281600E4	6.942696E3	-1.440396E1	2.328514E1	2.738014E1	2.316174E4	1.004646E2	8.776999E1
6.412000E0	1.282400E4	7.217695E3	-2.314978E1	1.341937E1	2.675802E1	2.318990E4	1.092104E2	7.790422E1
6.416000E0	1.283200E4	7.407696E3	-2.631890E1	2.379092E-1	2.631998E1	2.321948E4	1.123795E2	6.472276E1
6.420000E0	1.284000E4	7.365675E3	-2.312971E1	-1.290649E1	2.648700E1	2.324916E4	1.091903E2	5.157836E1
6.424000E0	1.284800E4	7.143193E3	-1.419624E1	-2.308243E1	2.709855E1	2.327841E4	1.002568E2	4.140242E1
6.428000E0	1.285600E4	6.792235E3	-1.800912E0	-2.790400E1	2.796206E1	2.330631E4	8.786152E1	3.658084E1
6.432000E0	1.286400E4	6.702227E3	1.095358E1	-2.612725E1	2.833044E1	2.333275E4	7.510703E1	3.835760E1
6.436000E0	1.287200E4	6.909907E3	2.148941E1	-1.807968E1	2.808326E1	2.335993E4	6.457120E1	4.640517E1
6.440000E0	1.288000E4	7.131751E3	2.707213E1	-5.742201E0	2.767442E1	2.338802E4	5.898847E1	5.874265E1
6.444000E0	1.288800E4	7.255591E3	2.616823E1	7.989996E0	2.736085E1	2.341698E4	5.989238E1	7.247484E1
6.448000E0	1.289600E4	7.094121E3	1.917284E1	1.990221E1	2.763505E1	2.344607E4	6.688776E1	8.438706E1
6.452000E0	1.290400E4	6.863439E3	7.767775E0	2.661902E1	2.772924E1	2.347373E4	7.829283E1	9.110387E1
6.456000E0	1.291200E4	6.853186E3	-5.278049E0	2.721187E1	2.771901E1	2.350098E4	9.133866E1	9.169672E1
6.460000E0	1.292000E4	7.038451E3	-1.698959E1	2.131486E1	2.725746E1	2.352856E4	1.030502E2	8.579970E1
6.464000E0	1.292800E4	7.331148E3	-2.456909E1	1.028530E1	2.663508E1	2.355728E4	1.106297E2	7.477015E1
6.468000E0	1.293600E4	7.486274E3	-2.620436E1	-3.313517E0	2.641302E1	2.358721E4	1.122650E2	6.117133E1
6.472000E0	1.294400E4	7.377385E3	-2.128588E1	-1.614203E1	2.671430E1	2.361717E4	1.073465E2	4.834282E1
6.476000E0	1.295200E4	7.042335E3	-1.111301E1	-2.522736E1	2.756662E1	2.364623E4	9.717361E1	3.925749E1
6.480000E0	1.296000E4	6.785250E3	1.738161E0	-2.831048E1	2.836379E1	2.367351E4	8.432245E1	3.617437E1
6.484000E0	1.296800E4	6.787115E3	1.444247E1	-2.451078E1	2.844931E1	2.370051E4	7.161814E1	3.997407E1
6.488000E0	1.297600E4	7.015631E3	2.369434E1	-1.491519E1	2.799794E1	2.372781E4	6.236627E1	4.956965E1
6.492000E0	1.298400E4	7.239617E3	2.746235E1	-1.615752E0	2.750985E1	2.375663E4	5.859825E1	6.286910E1
6.496000E0	1.299200E4	7.199883E3	2.459571E1	1.185150E1	2.730215E1	2.378573E4	6.146489E1	7.633635E1
6.500000E0	1.300000E4	7.045170E3	1.609744E1	2.234590E1	2.754027E1	2.381423E4	6.996317E1	8.683074E1
6.504000E0	1.300800E4	6.905766E3	3.820984E0	2.749602E1	2.776024E1	2.384209E4	8.223962E1	9.198087E1
6.508000E0	1.301600E4	6.919550E3	-9.208712E0	2.603627E1	2.761680E1	2.386948E4	9.526932E1	9.052112E1
6.512000E0	1.302400E4	7.147115E3	-1.993823E1	1.830528E1	2.706689E1	2.389744E4	1.059988E2	8.279013E1
6.516000E0	1.303200E4	7.402784E3	-2.587864E1	6.138919E0	2.659681E1	2.392665E4	1.119392E2	7.062377E1
6.520000E0	1.304000E4	7.509866E3	-2.531246E1	-7.578325E0	2.642256E1	2.395667E4	1.113731E2	5.690652E1
6.524000E0	1.304800E4	7.339560E3	-1.845295E1	-1.960504E1	2.692339E1	2.398673E4	1.045136E2	4.487981E1
6.528000E0	1.305600E4	6.995253E3	-6.996210E0	-2.682759E1	2.772484E1	2.401538E4	9.305682E1	3.765725E1
6.532000E0	1.306400E4	6.813870E3	6.191118E0	-2.748123E1	2.816998E1	2.404270E4	7.986949E1	3.700362E1
6.536000E0	1.307200E4	6.921459E3	1.808668E1	-2.163552E1	2.819971E1	2.406989E4	6.797392E1	4.284933E1
6.540000E0	1.308000E4	7.116227E3	2.576658E1	-1.037502E1	2.777693E1	2.409807E4	6.029402E1	5.410983E1
6.544000E0	1.308800E4	7.246083E3	2.719594E1	3.254708E0	2.739000E1	2.412682E4	5.886467E1	6.773956E1
6.548000E0	1.309600E4	7.207044E3	2.219330E1	1.614586E1	2.744506E1	2.415604E4	6.386730E1	8.063071E1
6.552000E0	1.310400E4	7.003344E3	1.197362E1	2.508162E1	2.779308E1	2.418448E4	7.408699E1	8.956647E1
6.556000E0	1.311200E4	6.945744E3	-1.006579E0	2.794322E1	2.796134E1	2.421206E4	8.706719E1	9.242806E1
6.560000E0	1.312000E4	7.079769E3	-1.373306E1	2.374155E1	2.742732E1	2.424005E4	9.979366E1	8.822640E1
6.564000E0	1.312800E4	7.335011E3	-2.294654E1	1.395106E1	2.685472E1	2.426870E4	1.090072E2	7.843591E1
6.568000E0	1.313600E4	7.495291E3	-2.651987E1	5.893713E-1	2.652641E1	2.429873E4	1.125805E2	6.507422E1
6.572000E0	1.314400E4	7.433418E3	-2.337598E1	-1.277864E1	2.664076E1	2.432866E4	1.094366E2	5.170621E1
6.576000E0	1.315200E4	7.202631E3	-1.438740E1	-2.319928E1	2.729843E1	2.435819E4	1.004480E2	4.128556E1
6.580000E0	1.316000E4	6.825213E3	-1.821300E0	-2.804694E1	2.810601E1	2.438628E4	8.788191E1	3.643791E1
6.584000E0	1.316800E4	6.787309E3	1.107932E1	-2.636190E1	2.859547E1	2.441280E4	7.498129E1	3.812295E1
6.588000E0	1.317600E4	7.057306E3	2.179075E1	-1.790993E1	2.820643E1	2.444058E4	6.426985E1	4.657492E1
6.592000E0	1.318400E4	7.239227E3	2.713278E1	-5.149173E0	2.761705E1	2.446925E4	5.892783E1	5.933568E1
6.596000E0	1.319200E4	7.293014E3	2.595514E1	8.682887E0	2.736899E1	2.449850E4	6.010547E1	7.316774E1
6.600000E0	1.320000E4	7.173866E3	1.850980E1	2.026974E1	2.744950E1	2.452760E4	6.755081E1	8.475459E1
6.604000E0	1.320800E4	7.031692E3	6.758089E0	2.688084E1	2.771735E1	2.455589E4	7.930252E1	9.136569E1
6.608000E0	1.321600E4	7.020329E3	-6.583817E0	2.669982E1	2.749958E1	2.458385E4	9.264442E1	9.118467E1
6.612000E0	1.322400E4	7.178790E3	-1.818656E1	2.016251E1	2.715286E1	2.461205E4	1.042472E2	8.464736E1
6.616000E0	1.323200E4	7.439720E3	-2.515972E1	8.524737E0	2.656469E1	2.464128E4	1.112203E2	7.300959E1
6.620000E0	1.324000E4	7.573975E3	-2.582986E1	-5.287164E0	2.636543E1	2.467157E4	1.118905E2	5.919768E1
6.624000E0	1.324800E4	7.381000E3	-2.005152E1	-1.797487E1	2.692878E1	2.470187E4	1.061121E2	4.650997E1
6.628000E0	1.325600E4	7.053520E3	-9.178492E0	-2.608726E1	2.765484E1	2.473062E4	9.523910E1	3.839759E1
6.632000E0	1.326400E4	6.877761E3	4.099769E0	-2.809495E1	2.839251E1	2.475830E4	8.196084E1	3.638989E1
6.636000E0	1.327200E4	6.918273E3	1.651927E1	-2.304133E1	2.835118E1	2.478564E4	6.954134E1	4.144352E1
6.640000E0	1.328000E4	7.092793E3	2.513085E1	-1.244856E1	2.804508E1	2.481365E4	6.092975E1	5.203629E1
6.644000E0	1.328800E4	7.335905E3	2.748644E1	1.142709E0	2.751019E1	2.484238E4	5.857416E1	6.562756E1
6.648000E0	1.329600E4	7.361185E3	2.324739E1	1.471669E1	2.751403E1	2.487234E4	6.281322E1	7.920154E1
6.652000E0	1.330400E4	7.151141E3	1.328195E1	2.422995E1	2.763151E1	2.490127E4	7.277866E1	8.871479E1
6.656000E0	1.331200E4	7.021830E3	2.201625E-1	2.771543E1	2.771631E1	2.492954E4	8.584044E1	9.220028E1
6.660000E0	1.332000E4	7.101363E3	-1.266827E1	2.439294E1	2.748638E1	2.495744E4	9.872888E1	8.887779E1
6.664000E0	1.332800E4	7.379568E3	-2.249417E1	1.497013E1	2.702022E1	2.498636E4	1.085548E2	7.945498E1
6.668000E0	1.333600E4	7.551451E3	-2.636252E1	1.621046E0	2.641232E1	2.501648E4	1.124231E2	6.610589E1
6.672000E0	1.334400E4	7.484816E3	-2.375608E1	-1.198309E1	2.660725E1	2.504677E4	1.098167E2	5.250176E1
6.676000E0	1.335200E4	7.272881E3	-1.510214E1	-2.269599E1	2.726138E1	2.507636E4	1.011627E2	4.178886E1
6.680000E0	1.336000E4	7.035161E3	-2.454787E0	-2.778153E1	2.788977E1	2.510495E4	8.851539E1	3.670332E1
6.684000E0	1.336800E4	6.934693E3	1.087943E1	-2.608340E1	2.826139E1	2.513264E4	7.518117E1	3.840145E1
6.688000E0	1.337600E4	7.068586E3	2.165860E1	-1.789975E1	2.809797E1	2.516043E4	6.440200E1	4.658510E1
6.692000E0	1.338400E4	7.270993E3	2.719833E1	-5.193384E0	2.768972E1	2.518919E4	5.886228E1	5.929146E1
6.696000E0	1.339200E4	7.338221E3	2.601212E1	8.751987E0	2.744499E1	2.521860E4	6.004848E1	7.323684E1
6.700000E0	1.340000E4	7.251368E3	1.843618E1	2.040055E1	2.749682E1	2.524790E4	6.762442E1	8.488539E1
6.704000E0	1.340800E4	7.104995E3	6.427513E0	2.699423E1	2.774890E1	2.527661E4	7.963309E1	9.147908E1
6.708000E0	1.341600E4	7.072032E3	-7.087838E0	2.694917E1	2.786566E1	2.530474E4	9.314844E1	9.143402E1
6.712000E0	1.342400E4	7.291670E3	-1.862786E1	1.984837E1	2.722048E1	2.533318E4	1.046885E2	8.433321E1
6.716000E0	1.343200E4	7.558413E3	-2.544642E1	7.746317E0	2.659936E1	2.536307E4	1.115070E2	7.223117E1
6.720000E0	1.344000E4	7.563755E3	-2.572373E1	-6.247197E0	2.647145E1	2.539365E4	1.117843E2	5.823765E1
6.724000E0	1.344800E4	7.372494E3	-1.964262E1	-1.869164E1	2.711476E1	2.542358E4	1.057032E2	4.579321E1
6.728000E0	1.345600E4	7.129658E3	-8.303705E0	-2.654648E1	2.781487E1	2.545263E4	9.436431E1	3.793837E1
6.732000E0	1.346400E4	6.959434E3	5.223999E0	-2.787066E1	2.835602E1	2.548062E4	8.083661E1	3.661419E1
6.736000E0	1.347200E4	7.005278E3	1.744401E1	-2.208331E1	2.814189E1	2.550831E4	6.861659E1	4.240154E1
6.740000E0	1.348000E4	7.294610E3	2.547697E1	-1.099405E1	2.774788E1	2.553666E4	6.058364E1	5.349080E1
6.744000E0	1.348800E4	7.476140E3	2.718269E1	3.175311E0	2.736752E1	2.556666E4	5.887792E1	6.766016E1
6.748000E0	1.349600E4	7.350879E3	2.205315E1	1.629913E1	2.742267E1	2.559647E4	6.400746E1	8.078398E1
6.752000E0	1.350400E4	7.121737E3	1.151477E1	2.523157E1	2.773485E1	2.562547E4	7.454584E1	8.971642E1
6.756000E0	1.351200E4	7.058486E3	-1.672483E0	2.781146E1	2.786170E1	2.565344E4	8.773309E1	9.229630E1
6.760000E0	1.352000E4	7.210764E3	-1.451402E1	2.328362E1	2.743690E1	2.568194E4	1.005746E2	8.776846E1
6.764000E0	1.352800E4	7.488520E3	-2.346669E1	1.293960E1	2.679774E1	2.571113E4	1.095273E2	7.742445E1
6.768000E0	1.353600E4	7.708363E3	-2.633723E1	-8.487641E-1	2.635091E1	2.574185E4	1.123978E2	6.363608E1
6.772000E0	1.354400E4	7.616027E3	-2.232667E1	-1.438549E1	2.655979E1	2.577279E4	1.083873E2	5.009936E1
6.776000E0	1.355200E4	7.241775E3	-1.254194E1	-2.437679E1	2.741401E1	2.580277E4	9.860254E1	4.010806E1
6.780000E0	1.356000E4	6.958943E3	3.588513E-1	-2.821647E1	2.821875E1	2.583073E4	8.570175E1	3.626838E1
6.784000E0	1.356800E4	7.038582E3	1.352851E1	-2.497297E1	2.840193E1	2.585845E4	7.253209E1	3.951188E1
6.788000E0	1.357600E4	7.183577E3	2.352575E1	-1.525604E1	2.803940E1	2.588704E4	6.253485E1	4.922881E1
6.792000E0	1.358400E4	7.379916E3	2.760102E1	-1.971597E0	2.767135E1	2.591591E4	5.845959E1	6.251325E1
6.796000E0	1.359200E4	7.410721E3	2.482690E1	1.215001E1	2.764051E1	2.594608E4	6.123371E1	7.663486E1
6.800000E0	1.360000E4	7.207362E3	1.590885E1	2.288979E1	2.787533E1	2.597520E4	7.015176E1	8.737464E1
6.804000E0	1.360800E4	7.138720E3	3.030040E0	2.760261E1	2.776842E1	2.600374E4	8.303057E1	9.208746E1
6.808000E0	1.361600E4	7.192681E3	-1.045545E1	2.548072E1	2.754240E1	2.603231E4	9.651606E1	8.996557E1
6.812000E0	1.362400E4	7.485427E3	-2.103946E1	1.686968E1	2.696748E1	2.606128E4	1.071001E2	8.135453E1
6.816000E0	1.363200E4	7.709395E3	-2.616360E1	3.587163E0	2.640837E1	2.609219E4	1.122242E2	6.807201E1
6.820000E0	1.364000E4	7.647596E3	-2.442211E1	-1.034249E1	2.652181E1	2.612295E4	1.104827E2	5.414236E1
6.824000E0	1.364800E4	7.404897E3	-1.623405E1	-2.183838E1	2.721138E1	2.615337E4	1.022947E2	4.264647E1
6.828000E0	1.365600E4	7.083278E3	-3.802079E0	-2.772453E1	2.798402E1	2.618219E4	8.986268E1	3.676032E1
6.832000E0	1.366400E4	7.005449E3	9.674349E0	-2.652225E1	2.823159E1	2.621004E4	7.638626E1	3.796260E1
6.836000E0	1.367200E4	7.159818E3	2.102254E1	-1.877330E1	2.818482E1	2.623823E4	6.503806E1	4.571155E1
6.840000E0	1.368000E4	7.358616E3	2.706605E1	-6.090333E0	2.774281E1	2.626732E4	5.899456E1	5.839452E1
6.844000E0	1.368800E4	7.465624E3	2.614542E1	8.045290E0	2.735525E1	2.629710E4	5.991518E1	7.253014E1
6.848000E0	1.369600E4	7.346178E3	1.879705E1	2.018818E1	2.758427E1	2.632704E4	6.726356E1	8.467303E1
6.852000E0	1.370400E4	7.152366E3	6.814731E0	2.707706E1	2.792146E1	2.635587E4	7.924587E1	9.156191E1
6.856000E0	1.371200E4	7.151717E3	-6.851928E0	2.695472E1	2.781197E1	2.638426E4	9.291253E1	9.143957E1
6.860000E0	1.372000E4	7.404917E3	-1.859354E1	1.987855E1	2.721904E1	2.641309E4	1.046541E2	8.436339E1
6.864000E0	1.372800E4	7.624299E3	-2.553376E1	7.562513E0	2.663014E1	2.644350E4	1.115944E2	7.204736E1
6.868000E0	1.373600E4	7.651271E3	-2.590267E1	-6.497350E0	2.670513E1	2.647408E4	1.119633E2	5.798750E1
6.872000E0	1.374400E4	7.537037E3	-1.931136E1	-1.911825E1	2.717418E1	2.650471E4	1.053720E2	4.536660E1
6.876000E0	1.375200E4	7.249846E3	-7.510150E0	-2.685791E1	2.788817E1	2.653438E4	9.357076E1	3.762694E1
6.880000E0	1.376000E4	7.037248E3	6.234276E0	-2.763925E1	2.833363E1	2.656271E4	7.982633E1	3.684560E1
6.884000E0	1.376800E4	7.100659E3	1.836599E1	-2.137080E1	2.817838E1	2.659068E4	6.769461E1	4.311404E1
6.888000E0	1.377600E4	7.366055E3	2.598699E1	-9.707801E0	2.774104E1	2.661952E4	6.007361E1	5.477705E1
6.892000E0	1.378400E4	7.503011E3	2.699923E1	4.568560E0	2.738303E1	2.664960E4	5.906138E1	6.905341E1
6.896000E0	1.379200E4	7.418119E3	2.119799E1	1.749927E1	2.748780E1	2.667954E4	6.486262E1	8.198412E1
6.900000E0	1.380000E4	7.246183E3	9.967499E0	2.589735E1	2.774930E1	2.670895E4	7.609311E1	9.038220E1
6.904000E0	1.380800E4	7.189495E3	-3.614076E0	2.741585E1	2.765304E1	2.673751E4	8.967468E1	9.190070E1
6.908000E0	1.381600E4	7.311391E3	-1.628165E1	2.203152E1	2.739489E1	2.676647E4	1.023423E2	8.651637E1
6.912000E0	1.382400E4	7.605451E3	-2.443781E1	1.088001E1	2.675035E1	2.679600E4	1.104984E2	7.536486E1
6.916000E0	1.383200E4	7.779887E3	-2.613458E1	-3.351907E0	2.634866E1	2.682731E4	1.121952E2	6.113294E1
6.920000E0	1.384000E4	7.616031E3	-2.105153E1	-1.658967E1	2.680269E1	2.685824E4	1.071121E2	4.789518E1
6.924000E0	1.384800E4	7.286997E3	-1.023467E1	-2.563631E1	2.760378E1	2.688824E4	9.629528E1	3.884854E1
6.928000E0	1.385600E4	7.037029E3	3.215083E0	-2.806220E1	2.824578E1	2.691654E4	8.284552E1	3.642265E1
6.932000E0	1.386400E4	7.103309E3	1.607977E1	-2.336730E1	2.836529E1	2.694453E4	6.998083E1	4.111755E1
6.936000E0	1.387200E4	7.325684E3	2.498073E1	-1.252996E1	2.794704E1	2.697336E4	6.107987E1	5.195489E1
6.940000E0	1.388000E4	7.524706E3	2.742984E1	1.504060E0	2.747105E1	2.700314E4	5.863076E1	6.598891E1
6.944000E0	1.388800E4	7.515239E3	2.279800E1	1.512402E1	2.735845E1	2.703356E4	6.326260E1	7.960887E1
6.948000E0	1.389600E4	7.292719E3	1.249378E1	2.479848E1	2.776795E1	2.706326E4	7.356682E1	8.928333E1
6.952000E0	1.390400E4	7.189803E3	-9.200393E-1	2.770871E1	2.772398E1	2.709190E4	8.698065E1	9.219355E1
6.956000E0	1.391200E4	7.323630E3	-1.398408E1	2.347817E1	2.732726E1	2.712078E4	1.000447E2	8.796302E1
6.960000E0	1.392000E4	7.570001E3	-2.334136E1	1.321086E1	2.682063E1	2.715049E4	1.094020E2	7.769571E1
6.964000E0	1.392800E4	7.770538E3	-2.637837E1	-6.165260E-1	2.638557E1	2.718134E4	1.124390E2	6.386832E1
6.968000E0	1.393600E4	7.740195E3	-2.240415E1	-1.435842E1	2.661034E1	2.721266E4	1.084648E2	5.012643E1
6.972000E0	1.394400E4	7.427065E3	-1.232970E1	-2.447278E1	2.740326E1	2.724326E4	9.839030E1	4.001207E1
6.976000E0	1.395200E4	7.096803E3	1.017797E0	-2.813757E1	2.815597E1	2.727207E4	8.504281E1	3.634728E1
6.980000E0	1.396000E4	7.083035E3	1.424107E1	-2.463161E1	2.845214E1	2.730003E4	7.181954E1	3.985324E1
6.984000E0	1.396800E4	7.292422E3	2.397703E1	-1.455770E1	2.805039E1	2.732874E4	6.208358E1	4.992715E1
6.988000E0	1.397600E4	7.535066E3	2.759313E1	-7.831546E-1	2.760424E1	2.735837E4	5.846747E1	6.370169E1
6.992000E0	1.398400E4	7.537466E3	2.405090E1	1.334064E1	2.750306E1	2.738902E4	6.200971E1	7.782549E1
6.996000E0	1.399200E4	7.340724E3	1.439992E1	2.365949E1	2.769710E1	2.741867E4	7.166069E1	8.814434E1
7.000000E0	1.400000E4	7.238683E3	1.093446E0	2.773397E1	2.775552E1	2.744774E4	8.496716E1	9.221882E1
7.004000E0	1.400800E4	7.315697E3	-1.230545E1	2.459116E1	2.749817E1	2.747658E4	9.836606E1	8.907601E1
7.008000E0	1.401600E4	7.604943E3	-2.233867E1	1.491619E1	2.686092E1	2.750627E4	1.083993E2	7.940104E1
7.012000E0	1.402400E4	7.778767E3	-2.639691E1	1.188063E0	2.642363E1	2.753742E4	1.124575E2	6.567291E1
7.016000E0	1.403200E4	7.736734E3	-2.332494E1	-1.266331E1	2.654077E1	2.756850E4	1.093855E2	5.182154E1
7.020000E0	1.404000E4	7.470209E3	-1.389049E1	-2.340994E1	2.722078E1	2.759932E4	9.995109E1	4.107491E1
7.024000E0	1.404800E4	7.124560E3	-8.565398E-1	-2.818932E1	2.820233E1	2.762826E4	8.691715E1	3.629553E1
7.028000E0	1.405600E4	7.160447E3	1.255501E1	-2.538824E1	2.832298E1	2.765631E4	7.350560E1	3.909660E1
7.032000E0	1.406400E4	7.341412E3	2.324667E1	-1.595122E1	2.819307E1	2.768554E4	6.281394E1	4.853363E1
7.036000E0	1.407200E4	7.471903E3	2.759520E1	-2.392605E0	2.769873E1	2.771504E4	5.846541E1	6.209224E1
7.040000E0	1.408000E4	7.511910E3	2.485946E1	1.176078E1	2.750107E1	2.774532E4	6.120114E1	7.624563E1
7.044000E0	1.408800E4	7.387973E3	1.578710E1	2.266391E1	2.762038E1	2.777514E4	7.027350E1	8.714876E1
7.048000E0	1.409600E4	7.287840E3	2.696061E0	2.760655E1	2.773788E1	2.780442E4	8.336454E1	9.209140E1
7.052000E0	1.410400E4	7.364760E3	-1.091892E1	2.518071E1	2.744615E1	2.783344E4	9.697953E1	8.966556E1
7.056000E0	1.411200E4	7.602527E3	-2.165663E1	1.611870E1	2.699670E1	2.786334E4	1.077172E2	8.060355E1
7.060000E0	1.412000E4	7.792508E3	-2.647640E1	2.660034E0	2.660968E1	2.789426E4	1.125370E2	6.714488E1
7.064000E0	1.412800E4	7.766157E3	-2.394097E1	-1.151188E1	2.656489E1	2.792568E4	1.100016E2	5.297297E1
7.068000E0	1.413600E4	7.534571E3	-1.509831E1	-2.271799E1	2.727757E1	2.795639E4	1.011589E2	4.176686E1
7.072000E0	1.414400E4	7.285962E3	-1.970680E0	-2.788044E1	2.795000E1	2.798596E4	8.803129E1	3.660441E1
7.076000E0	1.415200E4	7.183178E3	1.180363E1	-2.568677E1	2.826898E1	2.801468E4	7.425698E1	3.879808E1
7.080000E0	1.416000E4	7.325899E3	2.249219E1	-1.669060E1	2.800847E1	2.804342E4	6.356842E1	4.779425E1
7.084000E0	1.416800E4	7.516203E3	2.752373E1	-3.239626E0	2.771373E1	2.807329E4	5.853688E1	6.124522E1
7.088000E0	1.417600E4	7.566219E3	2.524434E1	1.100376E1	2.753832E1	2.810355E4	6.081627E1	7.548861E1
7.092000E0	1.418400E4	7.474434E3	1.643939E1	2.247537E1	2.784593E1	2.813382E4	6.962121E1	8.696022E1
7.096000E0	1.419200E4	7.334147E3	3.220250E0	2.760974E1	2.779691E1	2.816335E4	8.284036E1	9.209459E1
7.100000E0	1.420000E4	7.372295E3	-1.057523E1	2.554357E1	2.764615E1	2.819249E4	9.663584E1	9.002842E1
7.104000E0	1.420800E4	7.553664E3	-2.142633E1	1.654477E1	2.707059E1	2.822233E4	1.074869E2	8.102962E1
7.108000E0	1.421600E4	7.791716E3	-2.632758E1	3.270298E0	2.652992E1	2.825292E4	1.123882E2	6.775515E1
7.112000E0	1.422400E4	7.849466E3	-2.403686E1	-1.103513E1	2.644891E1	2.828466E4	1.100975E2	5.344972E1
7.116000E0	1.423200E4	7.591083E3	-1.535903E1	-2.252813E1	2.726566E1	2.831571E4	1.014196E2	4.195672E1
7.120000E0	1.424000E4	7.265034E3	-2.255631E0	-2.796247E1	2.805330E1	2.834539E4	8.831624E1	3.652238E1
7.124000E0	1.424800E4	7.193760E3	1.147010E1	-2.596294E1	2.838375E1	2.837384E4	7.459051E1	3.852191E1
7.128000E0	1.425600E4	7.372970E3	2.231310E1	-1.685187E1	2.796176E1	2.840294E4	6.374751E1	4.763297E1
7.132000E0	1.426400E4	7.562458E3	2.736176E1	-3.447379E0	2.757808E1	2.843282E4	5.869884E1	6.103747E1
7.136000E0	1.427200E4	7.614088E3	2.513911E1	1.089841E1	2.739982E1	2.846344E4	6.092150E1	7.538326E1
7.140000E0	1.428000E4	7.491853E3	1.631414E1	2.223479E1	2.757783E1	2.849373E4	6.974647E1	8.671964E1
7.144000E0	1.428800E4	7.345627E3	3.200548E0	2.754663E1	2.773194E1	2.852337E4	8.286006E1	9.203148E1
7.148000E0	1.429600E4	7.370391E3	-1.058490E1	2.555834E1	2.766349E1	2.855250E4	9.664550E1	9.004319E1
7.152000E0	1.430400E4	7.608831E3	-2.147433E1	1.657580E1	2.712755E1	2.858234E4	1.075349E2	8.106065E1
7.156000E0	1.431200E4	7.796551E3	-2.637797E1	3.067260E0	2.655571E1	2.861337E4	1.124386E2	6.755211E1
7.160000E0	1.432000E4	7.821981E3	-2.409963E1	-1.108880E1	2.652835E1	2.864471E4	1.101602E2	5.339605E1
7.164000E0	1.432800E4	7.654933E3	-1.528733E1	-2.261601E1	2.729810E1	2.867594E4	1.013479E2	4.186884E1
7.168000E0	1.433600E4	7.309503E3	-1.976910E0	-2.790519E1	2.797512E1	2.870595E4	8.803752E1	3.657966E1
7.172000E0	1.434400E4	7.223461E3	1.168205E1	-2.572997E1	2.825777E1	2.873442E4	7.437856E1	3.875488E1
7.176000E0	1.435200E4	7.403345E3	2.258096E1	-1.656589E1	2.800587E1	2.876374E4	6.347964E1	4.791895E1
7.180000E0	1.436000E4	7.543885E3	2.759519E1	-3.072865E0	2.776576E1	2.879365E4	5.846541E1	6.141198E1
7.184000E0	1.436800E4	7.608078E3	2.517153E1	1.125264E1	2.757223E1	2.882409E4	6.088908E1	7.573749E1
7.188000E0	1.437600E4	7.520957E3	1.609041E1	2.256677E1	2.771571E1	2.885451E4	6.997020E1	8.705162E1
7.192000E0	1.438400E4	7.365986E3	2.781484E0	2.764296E1	2.778255E1	2.888425E4	8.327912E1	9.212781E1
7.196000E0	1.439200E4	7.407286E3	-1.095332E1	2.526501E1	2.753717E1	2.891344E4	9.701392E1	8.974986E1
7.200000E0	1.440000E4	7.665905E3	-2.173650E1	1.607687E1	2.703592E1	2.894351E4	1.077971E2	8.056172E1
7.204000E0	1.440800E4	7.871470E3	-2.645174E1	2.423237E0	2.656250E1	2.897477E4	1.125123E2	6.690809E1
7.208000E0	1.441600E4	7.883816E3	-2.379787E1	-1.185698E1	2.658809E1	2.900648E4	1.098585E2	5.262787E1
7.212000E0	1.442400E4	7.659013E3	-1.449000E1	-2.304209E1	2.721944E1	2.903784E4	1.005506E2	4.144276E1
7.216000E0	1.443200E4	7.303341E3	-1.104162E0	-2.818161E1	2.820323E1	2.906776E4	8.716477E1	3.630324E1
7.220000E0	1.444000E4	7.248612E3	1.260190E1	-2.553949E1	2.847936E1	2.909626E4	7.345871E1	3.894535E1
7.224000E0	1.444800E4	7.442596E3	2.326331E1	-1.584229E1	2.814533E1	2.912575E4	6.279729E1	4.864256E1
7.228000E0	1.445600E4	7.617804E3	2.761561E1	-2.026128E0	2.768984E1	2.915580E4	5.844499E1	6.245872E1
7.232000E0	1.446400E4	7.646654E3	2.463776E1	1.238483E1	2.757541E1	2.918669E4	6.142284E1	7.686968E1
7.236000E0	1.447200E4	7.511325E3	1.513642E1	2.328760E1	2.777451E1	2.921698E4	7.092418E1	8.777245E1
7.240000E0	1.448000E4	7.380452E3	1.569039E0	2.787411E1	2.791823E1	2.924678E4	8.449157E1	9.235896E1
7.244000E0	1.448800E4	7.463187E3	-1.203332E1	2.464943E1	2.742982E1	2.927602E4	9.809393E1	8.913428E1
7.248000E0	1.449600E4	7.762282E3	-2.239377E1	1.483127E1	2.685977E1	2.930648E4	1.084544E2	7.931612E1
7.252000E0	1.450400E4	7.965507E3	-2.630250E1	8.638586E-1	2.631668E1	2.933812E4	1.123631E2	6.534871E1
7.256000E0	1.451200E4	7.903263E3	-2.301858E1	-1.340131E1	2.663551E1	2.937021E4	1.090792E2	5.108354E1
7.260000E0	1.452000E4	7.571034E3	-1.315204E1	-2.406755E1	2.742668E1	2.940135E4	9.921264E1	4.041730E1
7.264000E0	1.452800E4	7.251498E3	3.843639E-1	-2.837655E1	2.837915E1	2.943078E4	8.567624E1	3.610830E1
7.268000E0	1.453600E4	7.265082E3	1.390853E1	-2.472705E1	2.837031E1	2.945936E4	7.215207E1	3.975779E1
7.272000E0	1.454400E4	7.483262E3	2.402637E1	-1.449553E1	2.806041E1	2.948890E4	6.203424E1	4.998932E1
7.276000E0	1.455200E4	7.634350E3	2.751134E1	-3.730681E-1	2.751387E1	2.951922E4	5.854927E1	6.411178E1
7.280000E0	1.456000E4	7.658460E3	2.386505E1	1.376266E1	2.754907E1	2.954997E4	6.219556E1	7.824751E1
7.284000E0	1.456800E4	7.532007E3	1.361081E1	2.404799E1	2.763259E1	2.958049E4	7.244979E1	8.853284E1
7.288000E0	1.457600E4	7.426225E3	-1.101537E-1	2.773637E1	2.773659E1	2.961023E4	8.617076E1	9.222122E1
7.292000E0	1.458400E4	7.566530E3	-1.364907E1	2.373592E1	2.738048E1	2.963990E4	9.970968E1	8.822076E1
7.296000E0	1.459200E4	7.828323E3	-2.338352E1	1.309016E1	2.679816E1	2.967076E4	1.094441E2	7.757500E1
7.300000E0	1.460000E4	7.982369E3	-2.633677E1	-1.162395E0	2.636241E1	2.970253E4	1.123974E2	6.332245E1
7.304000E0	1.460800E4	7.888956E3	-2.196652E1	-1.516429E1	2.669238E1	2.973462E4	1.080271E2	4.932056E1
7.308000E0	1.461600E4	7.521002E3	-1.136237E1	-2.509337E1	2.754597E1	2.976564E4	9.742298E1	3.939148E1
7.312000E0	1.462400E4	7.261679E3	2.375236E0	-2.836457E1	2.846384E1	2.979479E4	8.368537E1	3.612028E1
7.316000E0	1.463200E4	7.335276E3	1.575961E1	-2.360176E1	2.837972E1	2.982373E4	7.030099E1	4.088309E1
7.320000E0	1.464000E4	7.520084E3	2.508974E1	-1.252626E1	2.804287E1	2.985347E4	6.097086E1	5.195859E1
7.324000E0	1.464800E4	7.658146E3	2.754318E1	1.874282E0	2.760688E1	2.988389E4	5.851743E1	6.635913E1
7.328000E0	1.465600E4	7.691294E3	2.257825E1	1.565383E1	2.747398E1	2.991473E4	6.348235E1	8.013868E1
7.332000E0	1.466400E4	7.531227E3	1.148734E1	2.511746E1	2.761966E1	2.994542E4	7.457327E1	8.960231E1
7.336000E0	1.467200E4	7.400492E3	-2.405872E0	2.758826E1	2.769296E1	2.997498E4	8.846648E1	9.207311E1
7.340000E0	1.468000E4	7.616584E3	-1.550455E1	2.245232E1	2.728548E1	3.000463E4	1.015652E2	8.693716E1
7.344000E0	1.468800E4	7.928038E3	-2.423291E1	1.083147E1	2.654344E1	3.003592E4	1.102935E2	7.531632E1
7.348000E0	1.469600E4	8.043671E3	-2.609933E1	-3.691944E0	2.635916E1	3.006805E4	1.121599E2	6.079290E1
7.352000E0	1.470400E4	7.864391E3	-2.047110E1	-1.733987E1	2.682792E1	3.010027E4	1.065317E2	4.714497E1
7.356000E0	1.471200E4	7.487124E3	-9.050530E0	-2.623499E1	2.775224E1	3.013097E4	9.511114E1	3.824986E1
7.360000E0	1.472000E4	7.299195E3	5.018997E0	-2.799820E1	2.844450E1	3.016016E4	8.104161E1	3.648665E1
7.364000E0	1.472800E4	7.373685E3	1.789208E1	-2.181306E1	2.821234E1	3.018936E4	6.816853E1	4.267179E1
7.368000E0	1.473600E4	7.593741E3	2.609352E1	-9.936781E0	2.792152E1	3.021915E4	5.996709E1	5.454807E1
7.372000E0	1.474400E4	7.754605E3	2.716074E1	4.843010E0	2.758914E1	3.025011E4	5.889986E1	6.932786E1
7.376000E0	1.475200E4	7.654630E3	2.074769E1	1.815639E1	2.757029E1	3.028119E4	6.531292E1	8.264124E1
7.380000E0	1.476000E4	7.452369E3	8.901052E0	2.636845E1	2.783027E1	3.031135E4	7.715955E1	9.085330E1
7.384000E0	1.476800E4	7.412777E3	-5.219311E0	2.733918E1	2.783293E1	3.034081E4	9.127992E1	9.182403E1
7.388000E0	1.477600E4	7.682681E3	-1.778578E1	2.071487E1	2.730274E1	3.037065E4	1.038464E2	8.519972E1
7.392000E0	1.478400E4	7.928793E3	-2.541464E1	8.125653E0	2.668202E1	3.040227E4	1.114752E2	7.261050E1
7.396000E0	1.479200E4	7.992788E3	-2.567416E1	-6.439238E0	2.646935E1	3.043408E4	1.117348E2	5.804561E1
7.400000E0	1.480000E4	7.811012E3	-1.869198E1	-1.950000E1	2.701185E1	3.046621E4	1.047526E2	4.498485E1
7.404000E0	1.480800E4	7.485225E3	-6.452499E0	-2.701741E1	2.777724E1	3.049657E4	9.251311E1	3.746744E1
7.408000E0	1.481600E4	7.357083E3	7.799929E0	-2.703444E1	2.813716E1	3.052609E4	7.826068E1	3.745041E1
7.412000E0	1.482400E4	7.430765E3	2.011148E1	-1.981568E1	2.823354E1	3.055542E4	6.594913E1	4.466917E1
7.416000E0	1.483200E4	7.688668E3	2.694036E1	-6.947223E0	2.782170E1	3.058554E4	5.912024E1	5.753763E1
7.420000E0	1.484000E4	7.817372E3	2.637675E1	8.030877E0	2.757223E1	3.061693E4	5.968386E1	7.251573E1
7.424000E0	1.484800E4	7.616297E3	1.849743E1	2.060047E1	2.768636E1	3.064808E4	6.756317E1	8.508532E1
7.428000E0	1.485600E4	7.406647E3	5.880800E0	2.734809E1	2.797323E1	3.067786E4	8.017981E1	9.183294E1
7.432000E0	1.486400E4	7.455597E3	-8.279253E0	2.652928E1	2.779116E1	3.070733E4	9.433986E1	9.101413E1
7.436000E0	1.487200E4	7.732490E3	-1.999818E1	1.831919E1	2.712047E1	3.073751E4	1.060588E2	8.280404E1
7.440000E0	1.488000E4	7.980113E3	-2.608747E1	4.980221E0	2.655859E1	3.076919E4	1.121481E2	6.946507E1
7.444000E0	1.488800E4	7.952124E3	-2.471371E1	-9.660268E0	2.653466E1	3.080135E4	1.107743E2	5.482458E1
7.448000E0	1.489600E4	7.783962E3	-1.638822E1	-2.159773E1	2.711154E1	3.083281E4	1.024488E2	4.288712E1
7.452000E0	1.490400E4	7.524914E3	-3.097816E0	-2.771187E1	2.788448E1	3.086362E4	8.915842E1	3.677298E1
7.456000E0	1.491200E4	7.395264E3	1.102404E1	-2.596055E1	2.820425E1	3.089301E4	7.503656E1	3.852430E1
7.460000E0	1.492000E4	7.527245E3	2.228965E1	-1.692877E1	2.798949E1	3.092278E4	6.377095E1	4.755608E1
7.464000E0	1.492800E4	7.703170E3	2.742460E1	-3.257433E0	2.761738E1	3.095323E4	5.863600E1	6.122742E1
7.468000E0	1.493600E4	7.738584E3	2.496613E1	1.132990E1	2.741668E1	3.098441E4	6.109447E1	7.581475E1
7.472000E0	1.494400E4	7.581183E3	1.583067E1	2.272225E1	2.769315E1	3.101513E4	7.022994E1	8.720710E1
7.476000E0	1.495200E4	7.471552E3	2.395727E0	2.770919E1	2.781256E1	3.104506E4	8.366488E1	9.219404E1
7.480000E0	1.496000E4	7.545127E3	-1.162278E1	2.503070E1	2.759756E1	3.107491E4	9.768338E1	8.951555E1
7.484000E0	1.496800E4	7.766353E3	-2.232116E1	1.538711E1	2.711083E1	3.110542E4	1.083818E2	7.987196E1
7.488000E0	1.497600E4	7.975809E3	-2.650390E1	1.371299E0	2.653935E1	3.113704E4	1.125645E2	6.585615E1
7.492000E0	1.498400E4	7.978524E3	-2.325124E1	-1.300853E1	2.664285E1	3.116923E4	1.093118E2	5.147632E1
7.496000E0	1.499200E4	7.741823E3	-1.321713E1	-2.371373E1	2.714836E1	3.120087E4	9.927773E1	4.077111E1
7.500000E0	1.500000E4	7.448204E3	5.657756E-1	-2.792755E1	2.793328E1	3.123116E4	8.549483E1	3.655729E1
7.504000E0	1.500800E4	7.373140E3	1.430182E1	-2.432625E1	2.821894E1	3.126045E4	7.175878E1	4.015860E1
7.508000E0	1.501600E4	7.566120E3	2.423217E1	-1.390841E1	2.793996E1	3.129015E4	6.182844E1	5.057644E1
7.512000E0	1.502400E4	7.764128E3	2.754990E1	4.717323E-1	2.755393E1	3.132098E4	5.851071E1	6.495658E1
7.516000E0	1.503200E4	7.760998E3	2.337929E1	1.475621E1	2.764664E1	3.135226E4	6.268132E1	7.924106E1
7.520000E0	1.504000E4	7.521270E3	1.257294E1	2.474938E1	2.775988E1	3.138307E4	7.348766E1	8.923423E1
7.524000E0	1.504800E4	7.437513E3	-1.175641E0	2.771601E1	2.774094E1	3.141243E4	8.723625E1	9.220086E1
7.528000E0	1.505600E4	7.635340E3	-1.470906E1	2.302731E1	2.732423E1	3.144257E4	1.007697E2	8.751215E1
7.532000E0	1.506400E4	7.884511E3	-2.405609E1	1.198784E1	2.687757E1	3.147351E4	1.101167E2	7.647269E1
7.536000E0	1.507200E4	8.024725E3	-2.637268E1	-2.606846E0	2.650121E1	3.150565E4	1.124333E2	6.187800E1
7.540000E0	1.508000E4	7.932904E3	-2.114186E1	-1.634582E1	2.672385E1	3.153771E4	1.072025E2	4.813902E1
7.544000E0	1.508800E4	7.620849E3	-9.844443E0	-2.579137E1	2.760630E1	3.156911E4	9.590505E1	3.869348E1
7.548000E0	1.509600E4	7.370625E3	4.245967E0	-2.782484E1	2.814694E1	3.159868E4	8.181464E1	3.666001E1
7.552000E0	1.510400E4	7.445446E3	1.733333E1	-2.212717E1	2.810793E1	3.162807E4	6.872728E1	4.235768E1
7.556000E0	1.511200E4	7.631786E3	2.587065E1	-1.032670E1	2.785555E1	3.165824E4	6.018996E1	5.415814E1
7.560000E0	1.512000E4	7.815206E3	2.713511E1	4.359782E0	2.748312E1	3.168913E4	5.892550E1	6.884463E1
7.564000E0	1.512800E4	7.759731E3	2.084821E1	1.797120E1	2.752475E1	3.172076E4	6.521240E1	8.245605E1
7.568000E0	1.513600E4	7.514400E3	8.978395E0	2.638219E1	2.786811E1	3.175121E4	7.708221E1	9.086704E1
7.572000E0	1.514400E4	7.490043E3	-5.252071E0	2.733370E1	2.783371E1	3.178088E4	9.131268E1	9.181855E1
7.576000E0	1.515200E4	7.716707E3	-1.794935E1	2.055699E1	2.729045E1	3.181113E4	1.040100E2	8.504183E1
7.580000E0	1.516000E4	7.974590E3	-2.542652E1	7.963182E0	2.664432E1	3.184261E4	1.114871E2	7.244803E1
7.584000E0	1.516800E4	7.998341E3	-2.561095E1	-6.825357E0	2.650483E1	3.187492E4	1.116716E2	5.765949E1
7.588000E0	1.517600E4	7.813901E3	-1.854696E1	-1.961080E1	2.699210E1	3.190660E4	1.046076E2	4.487404E1
7.592000E0	1.518400E4	7.540012E3	-6.062726E0	-2.719842E1	2.786594E1	3.193743E4	9.212333E1	3.728643E1
7.596000E0	1.519200E4	7.383976E3	8.231891E0	-2.706532E1	2.828949E1	3.196692E4	7.782871E1	3.741953E1
7.600000E0	1.520000E4	7.487458E3	2.044275E1	-1.939565E1	2.817973E1	3.199651E4	6.561785E1	4.508920E1
7.604000E0	1.520800E4	7.721187E3	2.701378E1	-6.327691E0	2.774499E1	3.202682E4	5.904682E1	5.815716E1
7.608000E0	1.521600E4	7.841625E3	2.603941E1	8.599161E0	2.742255E1	3.205828E4	6.002120E1	7.308401E1
7.612000E0	1.522400E4	7.726244E3	1.787658E1	2.096763E1	2.755383E1	3.208955E4	6.818403E1	8.545248E1
7.616000E0	1.523200E4	7.534627E3	4.752537E0	2.718893E1	2.760117E1	3.212009E4	8.130807E1	9.167378E1
7.620000E0	1.524000E4	7.520137E3	-9.374160E0	2.599961E1	2.763792E1	3.214983E4	9.543477E1	9.048446E1
7.624000E0	1.524800E4	7.803108E3	-2.079860E1	1.730038E1	2.705337E1	3.218025E4	1.068592E2	8.178522E1
7.628000E0	1.525600E4	8.074527E3	-2.631338E1	3.580329E0	2.655584E1	3.221225E4	1.123740E2	6.806518E1
7.632000E0	1.526400E4	8.056206E3	-2.405469E1	-1.113642E1	2.650751E1	3.224484E4	1.101153E2	5.334843E1
7.636000E0	1.527200E4	7.748390E3	-1.498552E1	-2.281439E1	2.729583E1	3.227670E4	1.010461E2	4.167046E1
7.640000E0	1.528000E4	7.437868E3	-1.550501E0	-2.799122E1	2.803413E1	3.230683E4	8.761111E1	3.649363E1
7.644000E0	1.528800E4	7.429183E3	1.241934E1	-2.523472E1	2.812528E1	3.233620E4	7.364127E1	3.925012E1
7.648000E0	1.529600E4	7.586193E3	2.319556E1	-1.549119E1	2.789285E1	3.236626E4	6.286505E1	4.899365E1
7.652000E0	1.530400E4	7.771942E3	2.748882E1	-1.491734E0	2.752926E1	3.239689E4	5.857179E1	6.299311E1
7.656000E0	1.531200E4	7.828357E3	2.417625E1	1.309305E1	2.749398E1	3.242844E4	6.188436E1	7.757790E1
7.660000E0	1.532000E4	7.647515E3	1.407495E1	2.391421E1	2.774876E1	3.245952E4	7.198566E1	8.839906E1
7.664000E0	1.532800E4	7.539082E3	1.845214E-1	2.772014E1	2.772076E1	3.248962E4	8.587608E1	9.220499E1
7.668000E0	1.533600E4	7.668138E3	-1.363920E1	2.378332E1	2.741668E1	3.251983E4	9.969981E1	8.826817E1
7.672000E0	1.534400E4	7.904924E3	-2.349249E1	1.304156E1	2.686968E1	3.255096E4	1.095531E2	7.752641E1
7.676000E0	1.535200E4	8.073898E3	-2.646862E1	-1.420836E0	2.650673E1	3.258307E4	1.125292E2	6.306401E1
7.680000E0	1.536000E4	7.960845E3	-2.177874E1	-1.556613E1	2.676972E1	3.261555E4	1.078393E2	4.891872E1
7.684000E0	1.536800E4	7.614808E3	-1.088795E1	-2.535391E1	2.759290E1	3.264676E4	9.694855E1	3.913094E1
7.688000E0	1.537600E4	7.392582E3	3.184639E0	-2.806722E1	2.824731E1	3.267647E4	8.287597E1	3.641763E1
7.692000E0	1.538400E4	7.510159E3	1.664951E1	-2.300031E1	2.839402E1	3.270590E4	6.941109E1	4.148454E1
7.696000E0	1.539200E4	7.709617E3	2.565713E1	-1.112696E1	2.796601E1	3.273655E4	6.040347E1	5.335789E1
7.700000E0	1.540000E4	7.791535E3	2.738663E1	3.642988E0	2.762786E1	3.276758E4	5.867398E1	6.812784E1
7.704000E0	1.540800E4	7.796398E3	2.141164E1	1.726894E1	2.750772E1	3.279889E4	6.464897E1	8.175379E1
7.708000E0	1.541600E4	7.596386E3	9.531615E0	2.611446E1	2.779958E1	3.282995E4	7.652899E1	9.059930E1
7.712000E0	1.542400E4	7.553885E3	-4.666288E0	2.741988E1	2.781410E1	3.285966E4	9.072689E1	9.190473E1
7.716000E0	1.543200E4	7.768746E3	-1.769113E1	2.080222E1	2.730767E1	3.289038E4	1.037517E2	8.528707E1
7.720000E0	1.544000E4	7.963693E3	-2.539207E1	8.344570E0	2.672806E1	3.292181E4	1.114527E2	7.282942E1
7.724000E0	1.544800E4	8.067262E3	-2.571802E1	-6.454604E0	2.651562E1	3.295409E4	1.117786E2	5.803024E1
7.728000E0	1.545600E4	7.865424E3	-1.868692E1	-1.958626E1	2.707069E1	3.298635E4	1.047475E2	4.489859E1
7.732000E0	1.546400E4	7.555094E3	-6.254372E0	-2.711712E1	2.782904E1	3.301701E4	9.231498E1	3.736773E1
7.736000E0	1.547200E4	7.429873E3	8.189251E0	-2.714666E1	2.835498E1	3.304679E4	7.787136E1	3.733819E1
7.740000E0	1.548000E4	7.536415E3	2.046956E1	-1.945803E1	2.824213E1	3.307645E4	6.559104E1	4.502682E1
7.744000E0	1.548800E4	7.764154E3	2.698515E1	-6.191257E0	2.768628E1	3.310708E4	5.907545E1	5.829359E1
7.748000E0	1.549600E4	7.837328E3	2.594415E1	8.713265E0	2.736823E1	3.313856E4	6.011646E1	7.319811E1
7.752000E0	1.550400E4	7.741973E3	1.772078E1	2.095248E1	2.744144E1	3.316978E4	6.833982E1	8.543733E1
7.756000E0	1.551200E4	7.602278E3	4.552320E0	2.720433E1	2.758259E1	3.320050E4	8.150829E1	9.168918E1
7.760000E0	1.552000E4	7.643006E3	-9.662781E0	2.571422E1	2.746981E1	3.323060E4	9.572339E1	9.019907E1
7.764000E0	1.552800E4	7.895575E3	-2.117037E1	1.675279E1	2.699705E1	3.326164E4	1.072310E2	8.123764E1
7.768000E0	1.553600E4	8.109400E3	-2.634645E1	2.880936E0	2.650350E1	3.329376E4	1.124071E2	6.736578E1
7.772000E0	1.554400E4	8.045224E3	-2.384899E1	-1.190081E1	2.665340E1	3.332652E4	1.099096E2	5.258404E1
7.776000E0	1.555200E4	7.752307E3	-1.447973E1	-2.328204E1	2.741744E1	3.335812E4	1.005403E2	4.120281E1
7.780000E0	1.556000E4	7.446600E3	-7.196301E-1	-2.819544E1	2.820462E1	3.338854E4	8.678024E1	3.628941E1
7.784000E0	1.556800E4	7.423826E3	1.320831E1	-2.516430E1	2.842009E1	3.341769E4	7.285230E1	3.932054E1
7.788000E0	1.557600E4	7.647622E3	2.376673E1	-1.489233E1	2.804709E1	3.344793E4	6.229387E1	4.959252E1
7.792000E0	1.558400E4	7.833655E3	2.765626E1	-5.430138E-1	2.766159E1	3.347888E4	5.840435E1	6.394183E1
7.796000E0	1.559200E4	7.846408E3	2.374077E1	1.403903E1	2.758113E1	3.351060E4	6.231983E1	7.852388E1
7.800000E0	1.560000E4	7.679133E3	1.325074E1	2.455427E1	2.790151E1	3.354165E4	7.280987E1	8.903912E1
7.804000E0	1.560800E4	7.591724E3	-9.852157E-1	2.778358E1	2.780105E1	3.357203E4	8.704582E1	9.226843E1
7.808000E0	1.561600E4	7.699058E3	-1.464646E1	2.309675E1	2.734920E1	3.360238E4	1.007071E2	8.758159E1
7.812000E0	1.562400E4	8.000196E3	-2.410404E1	1.195311E1	2.690505E1	3.363362E4	1.101646E2	7.643796E1
7.816000E0	1.563200E4	8.117475E3	-2.640705E1	-2.953532E0	2.657171E1	3.366638E4	1.124677E2	6.153132E1
7.820000E0	1.564000E4	7.944841E3	-2.097976E1	-1.672584E1	2.683103E1	3.369856E4	1.070404E2	4.775901E1
7.824000E0	1.564800E4	7.692218E3	-9.468574E0	-2.593092E1	2.760555E1	3.372994E4	9.552918E1	3.855393E1
7.828000E0	1.565600E4	7.503111E3	4.929642E0	-2.767239E1	2.810805E1	3.376010E4	8.113096E1	3.681246E1
7.832000E0	1.566400E4	7.548545E3	1.806951E1	-2.156082E1	2.813140E1	3.378997E4	6.799110E1	4.292403E1
7.836000E0	1.567200E4	7.704730E3	2.627107E1	-9.308625E0	2.787148E1	3.382049E4	5.978954E1	5.517622E1
7.840000E0	1.568000E4	7.863702E3	2.690113E1	5.523604E0	2.746236E1	3.385160E4	5.915948E1	7.000845E1
7.844000E0	1.568800E4	7.790164E3	2.003935E1	1.894952E1	2.758006E1	3.388340E4	6.602126E1	8.343437E1
7.848000E0	1.569600E4	7.601408E3	7.659634E0	2.658020E1	2.766183E1	3.391392E4	7.840097E1	9.106505E1
7.852000E0	1.570400E4	7.644441E3	-6.752859E0	2.666721E1	2.750893E1	3.394421E4	9.281347E1	9.115206E1
7.856000E0	1.571200E4	7.806319E3	-1.922703E1	1.917335E1	2.715320E1	3.397508E4	1.052876E2	8.365820E1
7.860000E0	1.572000E4	8.025305E3	-2.595145E1	6.153471E0	2.667102E1	3.400666E4	1.120121E2	7.063832E1
7.864000E0	1.572800E4	8.125266E3	-2.507868E1	-8.773850E0	2.656917E1	3.403928E4	1.111393E2	5.571100E1
7.868000E0	1.573600E4	7.884861E3	-1.686328E1	-2.132414E1	2.718619E1	3.407166E4	1.029239E2	4.316071E1
7.872000E0	1.574400E4	7.544148E3	-3.719308E0	-2.773247E1	2.798076E1	3.410236E4	8.977991E1	3.675238E1
7.876000E0	1.575200E4	7.487143E3	1.060977E1	-2.623900E1	2.830287E1	3.413202E4	7.545084E1	3.824585E1
7.880000E0	1.576000E4	7.619528E3	2.220149E1	-1.718492E1	2.807540E1	3.416226E4	6.385911E1	4.729993E1
7.884000E0	1.576800E4	7.802293E3	2.746047E1	-3.385238E0	2.766834E1	3.419297E4	5.860014E1	6.109961E1
7.888000E0	1.577600E4	7.903227E3	2.486194E1	1.142308E1	2.736060E1	3.422468E4	6.119867E1	7.590793E1
7.892000E0	1.578400E4	7.764979E3	1.533648E1	2.290766E1	2.756753E1	3.425620E4	7.072412E1	8.739251E1
7.896000E0	1.579200E4	7.571526E3	1.547364E0	2.764842E1	2.769169E1	3.428680E4	8.451324E1	9.213327E1
7.900000E0	1.580000E4	7.648387E3	-1.233211E1	2.444498E1	2.737951E1	3.431677E4	9.839272E1	8.892982E1
7.904000E0	1.580800E4	7.920570E3	-2.275521E1	1.422796E1	2.683718E1	3.434798E4	1.088158E2	7.871280E1
7.908000E0	1.581600E4	8.126983E3	-2.653294E1	-6.242121E-2	2.653301E1	3.438013E4	1.125935E2	6.442243E1
7.912000E0	1.582400E4	8.045927E3	-2.259699E1	-1.467449E1	2.694373E1	3.441300E4	1.086576E2	4.981036E1
7.916000E0	1.583200E4	7.705047E3	-1.190714E1	-2.496632E1	2.766039E1	3.444450E4	9.796775E1	3.951852E1
7.920000E0	1.584000E4	7.500930E3	2.275601E0	-2.803767E1	2.812986E1	3.447464E4	8.378501E1	3.644718E1
7.924000E0	1.584800E4	7.540743E3	1.598670E1	-2.325241E1	2.821789E1	3.450451E4	7.007390E1	4.123244E1
7.928000E0	1.585600E4	7.734830E3	2.523272E1	-1.178443E1	2.784893E1	3.453497E4	6.082789E1	5.270042E1
7.932000E0	1.586400E4	7.956929E3	2.718574E1	3.043742E0	2.735560E1	3.456639E4	5.887487E1	6.752859E1
7.936000E0	1.587200E4	7.863852E3	2.147728E1	1.715826E1	2.748963E1	3.459862E4	6.458333E1	8.164311E1
7.940000E0	1.588000E4	7.591930E3	9.857424E0	2.608568E1	2.788605E1	3.462930E4	7.620318E1	9.057053E1
7.944000E0	1.588800E4	7.623929E3	-4.533445E0	2.751275E1	2.788375E1	3.465936E4	9.059405E1	9.199760E1
7.948000E0	1.589600E4	7.838099E3	-1.771566E1	2.089659E1	2.739548E1	3.469029E4	1.037763E2	8.538144E1
7.952000E0	1.590400E4	8.027117E3	-2.550328E1	8.256172E0	2.680638E1	3.472206E4	1.115639E2	7.274102E1
7.956000E0	1.591200E4	8.075794E3	-2.566359E1	-6.640629E0	2.650883E1	3.475451E4	1.117242E2	5.784422E1
7.960000E0	1.592000E4	7.913295E3	-1.858927E1	-1.970442E1	2.708921E1	3.478667E4	1.046499E2	4.478043E1
7.964000E0	1.592800E4	7.635514E3	-5.875383E0	-2.720652E1	2.783370E1	3.481781E4	9.193599E1	3.727832E1
7.968000E0	1.593600E4	7.564156E3	8.644223E0	-2.700106E1	2.835101E1	3.484775E4	7.741638E1	3.748379E1
7.972000E0	1.594400E4	7.692192E3	2.096896E1	-1.866489E1	2.807268E1	3.487833E4	6.509164E1	4.581996E1
7.976000E0	1.595200E4	7.769013E3	2.726631E1	-5.157107E0	2.774973E1	3.490929E4	5.879429E1	5.932774E1
7.980000E0	1.596000E4	7.861267E3	2.574197E1	9.613874E0	2.747864E1	3.494048E4	6.031864E1	7.409872E1
7.984000E0	1.596800E4	7.792119E3	1.694092E1	2.182423E1	2.762774E1	3.497218E4	6.911969E1	8.630908E1
7.988000E0	1.597600E4	7.650303E3	3.458048E0	2.743543E1	2.765250E1	3.500282E4	8.260256E1	9.192028E1
7.992000E0	1.598400E4	7.685839E3	-1.091604E1	2.524693E1	2.750577E1	3.503338E4	9.697665E1	8.973178E1
7.996000E0	1.599200E4	7.914836E3	-2.197607E1	1.578975E1	2.706037E1	3.506430E4	1.080367E2	8.027459E1
8.000000E0	1.600000E4	8.132645E3	-2.659765E1	1.533172E0	2.664180E1	3.509670E4	1.126583E2	6.601802E1
8.004000E0	1.600800E4	8.079129E3	-2.342096E1	-1.317766E1	2.687363E1	3.512936E4	1.094816E2	5.130719E1
8.008000E0	1.601600E4	7.802921E3	-1.321708E1	-2.417552E1	2.755262E1	3.516133E4	9.927769E1	4.030933E1
8.012000E0	1.602400E4	7.517259E3	8.817117E-1	-2.825471E1	2.826846E1	3.519179E4	8.517889E1	3.623014E1
8.016000E0	1.603200E4	7.501270E3	1.487084E1	-2.429360E1	2.848369E1	3.522147E4	7.118977E1	4.019125E1
8.020000E0	1.604000E4	7.665638E3	2.482349E1	-1.331161E1	2.816744E1	3.525180E4	6.123711E1	5.117324E1
8.024000E0	1.604800E4	7.864310E3	2.767046E1	1.351935E0	2.770346E1	3.528280E4	5.839015E1	6.583678E1
8.028000E0	1.605600E4	7.881652E3	2.261632E1	1.566731E1	2.751295E1	3.531471E4	6.344428E1	8.015216E1
8.032000E0	1.606400E4	7.743705E3	1.130974E1	2.522461E1	2.764401E1	3.534585E4	7.475086E1	8.970946E1
8.036000E0	1.607200E4	7.658998E3	-3.215339E0	2.752982E1	2.771695E1	3.537666E4	8.927595E1	9.201467E1
8.040000E0	1.608000E4	7.802351E3	-1.641746E1	2.169018E1	2.720288E1	3.540712E4	1.024781E2	8.617502E1
8.044000E0	1.608800E4	8.086414E3	-2.488807E1	9.513552E0	2.664440E1	3.543908E4	1.109487E2	7.399840E1
8.048000E0	1.609600E4	8.162958E3	-2.593335E1	-5.424215E0	2.649454E1	3.547181E4	1.119940E2	5.906063E1
8.052000E0	1.610400E4	7.962337E3	-1.936326E1	-1.895140E1	2.709412E1	3.550438E4	1.054239E2	4.553345E1
8.056000E0	1.611200E4	7.652075E3	-6.947410E0	-2.688758E1	2.777064E1	3.553551E4	9.300802E1	3.759727E1
8.060000E0	1.612000E4	7.519917E3	7.569445E0	-2.710937E1	2.814630E1	3.556560E4	7.849116E1	3.737548E1
8.064000E0	1.612800E4	7.614819E3	2.021942E1	-1.975082E1	2.826517E1	3.559567E4	6.584118E1	4.473403E1
8.068000E0	1.613600E4	7.810241E3	2.709149E1	-6.494447E0	2.785905E1	3.562652E4	5.896912E1	5.799040E1
8.072000E0	1.614400E4	7.927332E3	2.612556E1	8.566220E0	2.749409E1	3.565815E4	5.993505E1	7.305107E1
8.076000E0	1.615200E4	7.805791E3	1.768660E1	2.103176E1	2.748000E1	3.568994E4	6.837401E1	8.551661E1
8.080000E0	1.616000E4	7.603098E3	4.558663E0	2.753650E1	2.791130E1	3.572060E4	8.150194E1	9.202135E1
8.084000E0	1.616800E4	7.682113E3	-9.802137E0	2.585497E1	2.765070E1	3.575076E4	9.586274E1	9.033982E1
8.088000E0	1.617600E4	7.974173E3	-2.126865E1	1.658293E1	2.696940E1	3.578206E4	1.073293E2	8.106777E1
8.092000E0	1.618400E4	8.158987E3	-2.635441E1	2.511595E0	2.647381E1	3.581456E4	1.124150E2	6.699644E1
8.096000E0	1.619200E4	8.122993E3	-2.358092E1	-1.218601E1	2.654352E1	3.584733E4	1.096415E2	5.229884E1
8.100000E0	1.620000E4	7.833477E3	-1.392415E1	-2.367634E1	2.746727E1	3.587954E4	9.998475E1	4.080851E1
8.104000E0	1.620800E4	7.515504E3	-1.685745E-3	-2.811916E1	2.811916E1	3.591000E4	8.606229E1	3.636568E1
8.108000E0	1.621600E4	7.505337E3	1.401447E1	-2.460581E1	2.831698E1	3.593966E4	7.204613E1	3.987904E1
8.112000E0	1.622400E4	7.713667E3	2.430367E1	-1.400954E1	2.805238E1	3.597004E4	6.175693E1	5.047531E1
8.116000E0	1.623200E4	7.925659E3	2.762920E1	6.624200E-1	2.763714E1	3.600137E4	5.843140E1	6.514727E1
8.120000E0	1.624000E4	7.923133E3	2.296785E1	1.517013E1	2.752554E1	3.603344E4	6.309275E1	7.965498E1
8.124000E0	1.624800E4	7.683048E3	1.182416E1	2.508044E1	2.772795E1	3.606476E4	7.423645E1	8.956529E1
8.128000E0	1.625600E4	7.592359E3	-2.385494E0	2.777483E1	2.787708E1	3.609491E4	8.844610E1	9.225967E1
8.132000E0	1.626400E4	7.797068E3	-1.588118E1	2.226676E1	2.734996E1	3.612550E4	1.019418E2	8.675161E1
8.136000E0	1.627200E4	8.085709E3	-2.471984E1	1.034791E1	2.679831E1	3.615729E4	1.107804E2	7.483275E1
8.140000E0	1.628000E4	8.188014E3	-2.618216E1	-4.702909E0	2.660118E1	3.619018E4	1.122428E2	5.978194E1
8.144000E0	1.628800E4	7.992338E3	-1.972995E1	-1.826347E1	2.688541E1	3.622279E4	1.057906E2	4.622138E1
8.148000E0	1.629600E4	7.663873E3	-7.607688E0	-2.674550E1	2.780645E1	3.625412E4	9.366829E1	3.773935E1
8.152000E0	1.630400E4	7.527446E3	6.867953E0	-2.734134E1	2.819073E1	3.628410E4	7.919265E1	3.714351E1
8.156000E0	1.631200E4	7.643868E3	1.968442E1	-2.014231E1	2.816361E1	3.631434E4	6.637618E1	4.434254E1
8.160000E0	1.632000E4	7.807357E3	2.692877E1	-7.089000E0	2.784623E1	3.634525E4	5.913184E1	5.739585E1
8.164000E0	1.632800E4	7.909477E3	2.635606E1	7.957444E0	2.753112E1	3.637680E4	5.970455E1	7.244229E1
8.168000E0	1.633600E4	7.863541E3	1.810288E1	2.048126E1	2.733489E1	3.640853E4	6.795772E1	8.496610E1
8.172000E0	1.634400E4	7.679167E3	4.941741E0	2.721556E1	2.766057E1	3.643971E4	8.111887E1	9.170041E1
8.176000E0	1.635200E4	7.651354E3	-9.448455E0	2.601499E1	2.767766E1	3.646996E4	9.550906E1	9.049984E1
8.180000E0	1.636000E4	7.915070E3	-2.103309E1	1.708136E1	2.709546E1	3.650092E4	1.070937E2	8.156621E1
8.184000E0	1.636800E4	8.140369E3	-2.641089E1	3.111346E0	2.659352E1	3.653328E4	1.124715E2	6.759619E1
8.188000E0	1.637600E4	8.146949E3	-2.387170E1	-1.166481E1	2.656926E1	3.656604E4	1.099323E2	5.282004E1
8.192000E0	1.638400E4	7.917840E3	-1.423381E1	-2.318821E1	2.720835E1	3.659846E4	1.002944E2	4.129664E1
8.196000E0	1.639200E4	7.598626E3	-3.017067E-1	-2.810657E1	2.810819E1	3.662938E4	8.636231E1	3.637828E1
8.200000E0	1.640000E4	7.571320E3	1.387145E1	-2.477351E1	2.839268E1	3.665925E4	7.218915E1	3.971134E1
8.204000E0	1.640800E4	7.689538E3	2.432741E1	-1.407062E1	2.810348E1	3.668996E4	6.173319E1	5.041423E1
8.208000E0	1.641600E4	7.844850E3	2.754899E1	3.664648E-1	2.755143E1	3.672076E4	5.851161E1	6.485131E1
8.212000E0	1.642400E4	7.901347E3	2.321951E1	1.491488E1	2.759709E1	3.675271E4	6.284109E1	7.939972E1
8.216000E0	1.643200E4	7.787488E3	1.215208E1	2.488557E1	2.769413E1	3.678397E4	7.390853E1	8.937042E1
8.220000E0	1.644000E4	7.659109E3	-2.414588E0	2.752000E1	2.762573E1	3.681501E4	8.847519E1	9.200485E1
8.224000E0	1.644800E4	7.808861E3	-1.573725E1	2.227118E1	2.727025E1	3.684525E4	1.017979E2	8.675603E1
8.228000E0	1.645600E4	8.104991E3	-2.476575E1	1.026583E1	2.680914E1	3.687749E4	1.108264E2	7.475068E1
8.232000E0	1.646400E4	8.149604E3	-2.619673E1	-4.659601E0	2.660790E1	3.691009E4	1.122573E2	5.982525E1
8.236000E0	1.647200E4	7.987957E3	-1.981426E1	-1.827254E1	2.695349E1	3.694268E4	1.058749E2	4.621231E1
8.240000E0	1.648000E4	7.695639E3	-7.680799E0	-2.676735E1	2.784755E1	3.697399E4	9.374140E1	3.771749E1
8.244000E0	1.648800E4	7.554425E3	6.936498E0	-2.731834E1	2.818522E1	3.700425E4	7.912411E1	3.716651E1
8.248000E0	1.649600E4	7.624927E3	1.972478E1	-2.012488E1	2.817938E1	3.703442E4	6.633583E1	4.435997E1
8.252000E0	1.650400E4	7.840420E3	2.691902E1	-7.088941E0	2.783679E1	3.706525E4	5.914158E1	5.739591E1
8.256000E0	1.651200E4	7.984597E3	2.625174E1	8.100225E0	2.747304E1	3.709715E4	5.980886E1	7.258507E1
8.260000E0	1.652000E4	7.859161E3	1.803709E1	2.083969E1	2.756137E1	3.712912E4	6.802352E1	8.532454E1
8.264000E0	1.652800E4	7.657364E3	4.805310E0	2.731191E1	2.773141E1	3.716002E4	8.125530E1	9.179676E1
8.268000E0	1.653600E4	7.731753E3	-9.628594E0	2.591515E1	2.764606E1	3.719038E4	9.568920E1	9.040000E1
8.272000E0	1.654400E4	7.998262E3	-2.129402E1	1.671140E1	2.706854E1	3.722188E4	1.073546E2	8.119625E1
8.276000E0	1.655200E4	8.179735E3	-2.640723E1	2.604005E0	2.653531E1	3.725437E4	1.124678E2	6.708885E1
8.280000E0	1.656000E4	8.135920E3	-2.365887E1	-1.221821E1	2.662756E1	3.728731E4	1.097195E2	5.226664E1
8.284000E0	1.656800E4	7.843838E3	-1.397905E1	-2.368977E1	2.750671E1	3.731946E4	1.000397E2	4.079507E1
8.288000E0	1.657600E4	7.546011E3	3.149800E-2	-2.819430E1	2.819432E1	3.735006E4	8.602911E1	3.629055E1
8.292000E0	1.658400E4	7.563020E3	1.413448E1	-2.465648E1	2.842051E1	3.737982E4	7.192613E1	3.982837E1
8.296000E0	1.659200E4	7.805723E3	2.437017E1	-1.374973E1	2.798142E1	3.741057E4	6.169044E1	5.073512E1
8.300000E0	1.660000E4	7.970247E3	2.745030E1	1.087899E0	2.747185E1	3.744227E4	5.861031E1	6.557275E1
8.304000E0	1.660800E4	7.899282E3	2.267510E1	1.548539E1	2.745829E1	3.747433E4	6.338550E1	7.997024E1
8.308000E0	1.661600E4	7.722039E3	1.152595E1	2.524908E1	2.775543E1	3.750546E4	7.453466E1	8.973393E1
8.312000E0	1.662400E4	7.643689E3	-2.953770E0	2.760966E1	2.776721E1	3.753611E4	8.901438E1	9.209450E1
8.316000E0	1.663200E4	7.841672E3	-1.630292E1	2.194127E1	2.733504E1	3.756661E4	1.023635E2	8.642611E1
8.320000E0	1.664000E4	8.159857E3	-2.486850E1	9.625968E0	2.666649E1	3.759884E4	1.109291E2	7.411082E1
8.324000E0	1.664800E4	8.193131E3	-2.598817E1	-5.472849E0	2.655819E1	3.763189E4	1.120488E2	5.901200E1
8.328000E0	1.665600E4	8.003892E3	-1.937069E1	-1.895918E1	2.710487E1	3.766438E4	1.054313E2	4.552567E1
8.332000E0	1.666400E4	7.729457E3	-6.752205E0	-2.692797E1	2.776163E1	3.769592E4	9.281281E1	3.755688E1
8.336000E0	1.667200E4	7.570345E3	7.849604E0	-2.698241E1	2.810101E1	3.772622E4	7.821100E1	3.750244E1
8.340000E0	1.668000E4	7.638819E3	2.036553E1	-1.933559E1	2.808237E1	3.775649E4	6.569508E1	4.514926E1
8.344000E0	1.668800E4	7.828841E3	2.707810E1	-6.086875E0	2.775380E1	3.778733E4	5.898251E1	5.839797E1
8.348000E0	1.669600E4	7.993105E3	2.593636E1	8.989777E0	2.745016E1	3.781912E4	6.012424E1	7.347463E1
8.352000E0	1.670400E4	7.883517E3	1.733804E1	2.162279E1	2.771556E1	3.785128E4	6.872257E1	8.610764E1
8.356000E0	1.671200E4	7.645418E3	3.779126E0	2.753437E1	2.779251E1	3.788218E4	8.228148E1	9.201922E1
8.360000E0	1.672000E4	7.718738E3	-1.054860E1	2.554310E1	2.763554E1	3.791244E4	9.660920E1	9.002795E1
8.364000E0	1.672800E4	7.963230E3	-2.193924E1	1.597795E1	2.714084E1	3.794393E4	1.079998E2	8.046280E1
8.368000E0	1.673600E4	8.156329E3	-2.656098E1	1.789735E0	2.662121E1	3.797615E4	1.126216E2	6.627458E1
8.372000E0	1.674400E4	8.190155E3	-2.346733E1	-1.310763E1	2.687983E1	3.800919E4	1.095279E2	5.137722E1
8.376000E0	1.675200E4	7.869153E3	-1.309488E1	-2.428565E1	2.759110E1	3.804167E4	9.915548E1	4.019920E1
8.380000E0	1.676000E4	7.563537E3	1.056526E0	-2.829145E1	2.831117E1	3.807214E4	8.500408E1	3.619340E1
8.384000E0	1.676800E4	7.615933E3	1.509999E1	-2.400192E1	2.835669E1	3.810217E4	7.096062E1	4.048293E1
8.388000E0	1.677600E4	7.760253E3	2.490317E1	-1.265261E1	2.793307E1	3.813307E4	6.115744E1	5.183224E1
8.392000E0	1.678400E4	7.927524E3	2.750055E1	2.046865E0	2.757662E1	3.816426E4	5.856006E1	6.653171E1
8.396000E0	1.679200E4	7.944646E3	2.227004E1	1.647075E1	2.769910E1	3.819649E4	6.379056E1	8.095560E1
8.400000E0	1.680000E4	7.735016E3	1.049608E1	2.573763E1	2.779556E1	3.822781E4	7.556453E1	9.022248E1
8.404000E0	1.680800E4	7.654987E3	-4.038245E0	2.745816E1	2.775352E1	3.825837E4	9.009885E1	9.194300E1
8.408000E0	1.681600E4	7.857815E3	-1.719067E1	2.118804E1	2.728465E1	3.828905E4	1.032513E2	8.567289E1
8.412000E0	1.682400E4	8.157690E3	-2.522648E1	8.573560E0	2.664360E1	3.832123E4	1.112871E2	7.305841E1
8.416000E0	1.683200E4	8.216516E3	-2.565152E1	-6.545766E0	2.647353E1	3.835432E4	1.117121E2	5.793908E1
8.420000E0	1.684000E4	8.021100E3	-1.851740E1	-1.983048E1	2.713193E1	3.838696E4	1.045780E2	4.465437E1
8.424000E0	1.684800E4	7.689966E3	-5.567951E0	-2.732842E1	2.788987E1	3.841848E4	9.162856E1	3.715643E1
8.428000E0	1.685600E4	7.575736E3	8.983967E0	-2.688012E1	2.834171E1	3.844848E4	7.707664E1	3.760473E1
8.432000E0	1.686400E4	7.731309E3	2.120751E1	-1.837704E1	2.806197E1	3.847909E4	6.485310E1	4.610781E1
8.436000E0	1.687200E4	7.903074E3	2.724548E1	-4.641834E0	2.763807E1	3.851033E4	5.881513E1	5.984301E1
8.440000E0	1.688000E4	8.012477E3	2.542692E1	1.043587E1	2.748519E1	3.854231E4	6.063369E1	7.492072E1
8.444000E0	1.688800E4	7.849341E3	1.605306E1	2.244843E1	2.759769E1	3.857443E4	7.000754E1	8.693328E1
8.448000E0	1.689600E4	7.673100E3	2.371872E0	2.771936E1	2.782065E1	3.860511E4	8.368873E1	9.220421E1
8.452000E0	1.690400E4	7.765350E3	-1.197946E1	2.476314E1	2.750856E1	3.863582E4	9.804007E1	8.924799E1
8.456000E0	1.691200E4	7.987724E3	-2.269979E1	1.461104E1	2.699561E1	3.866723E4	1.087604E2	7.909589E1
8.460000E0	1.692000E4	8.151705E3	-2.672076E1	1.316481E-1	2.672109E1	3.869972E4	1.127814E2	6.461650E1
8.464000E0	1.692800E4	8.103611E3	-2.270576E1	-1.443493E1	2.690574E1	3.873245E4	1.087664E2	5.004991E1
8.468000E0	1.693600E4	7.832067E3	-1.186710E1	-2.493206E1	2.761224E1	3.876455E4	9.792771E1	3.955279E1
8.472000E0	1.694400E4	7.643900E3	2.500356E0	-2.800354E1	2.811494E1	3.879510E4	8.356025E1	3.648131E1
8.476000E0	1.695200E4	7.686861E3	1.644952E1	-2.289378E1	2.819064E1	3.882570E4	6.961108E1	4.159106E1
8.480000E0	1.696000E4	7.779345E3	2.553611E1	-1.105198E1	2.782515E1	3.885660E4	6.052450E1	5.343287E1
8.484000E0	1.696800E4	7.918447E3	2.736510E1	3.813074E0	2.762948E1	3.888793E4	5.869551E1	6.829792E1
8.488000E0	1.697600E4	7.914824E3	2.108367E1	1.765666E1	2.750052E1	3.891994E4	6.497694E1	8.214151E1
8.492000E0	1.698400E4	7.739900E3	8.905129E0	2.623539E1	2.770555E1	3.895125E4	7.715548E1	9.072024E1
8.496000E0	1.699200E4	7.694836E3	-5.696978E0	2.711874E1	2.771068E1	3.898186E4	9.175758E1	9.160359E1
8.500000E0	1.700000E4	7.877944E3	-1.859752E1	2.007658E1	2.736671E1	3.901281E4	1.046581E2	8.456143E1
8.504000E0	1.700800E4	8.124628E3	-2.591399E1	6.998215E0	2.684231E1	3.904489E4	1.119746E2	7.148306E1
8.508000E0	1.701600E4	8.212963E3	-2.535326E1	-8.143390E0	2.662898E1	3.907781E4	1.114139E2	5.634146E1
8.512000E0	1.702400E4	8.023409E3	-1.726428E1	-2.101127E1	2.719428E1	3.911059E4	1.033249E2	4.347358E1
8.516000E0	1.703200E4	7.693203E3	-3.876382E0	-2.756142E1	2.783268E1	3.914199E4	8.993699E1	3.692343E1
8.520000E0	1.704000E4	7.587324E3	1.061752E1	-2.609972E1	2.817671E1	3.917214E4	7.544309E1	3.838513E1
8.524000E0	1.704800E4	7.682403E3	2.241381E1	-1.707925E1	2.817942E1	3.920269E4	6.364679E1	4.740560E1
8.528000E0	1.705600E4	7.843349E3	2.758637E1	-3.096256E0	2.775959E1	3.923360E4	5.847424E1	6.138859E1
8.532000E0	1.706400E4	7.948903E3	2.486576E1	1.182815E1	2.753563E1	3.926544E4	6.119485E1	7.631300E1
8.536000E0	1.707200E4	7.869109E3	1.492948E1	2.315468E1	2.755048E1	3.929719E4	7.113113E1	8.763953E1
8.540000E0	1.708000E4	7.737565E3	7.773250E-1	2.769683E1	2.770774E1	3.932839E4	8.528328E1	9.218168E1
8.544000E0	1.708800E4	7.793612E3	-1.331147E1	2.392802E1	2.738148E1	3.935909E4	9.937207E1	8.841287E1
8.548000E0	1.709600E4	8.055493E3	-2.334040E1	1.307592E1	2.675357E1	3.939074E4	1.094010E2	7.756076E1
8.552000E0	1.710400E4	8.239557E3	-2.632603E1	-1.624790E0	2.637612E1	3.942353E4	1.123866E2	6.286006E1
8.556000E0	1.711200E4	8.149672E3	-2.147614E1	-1.598319E1	2.677101E1	3.945666E4	1.075367E2	4.850166E1
8.560000E0	1.712000E4	7.812040E3	-9.964915E0	-2.559706E1	2.746833E1	3.948873E4	9.602552E1	3.888779E1
8.564000E0	1.712800E4	7.572166E3	4.478932E0	-2.779495E1	2.815351E1	3.951915E4	8.158167E1	3.668989E1
8.568000E0	1.713600E4	7.651221E3	1.791441E1	-2.188214E1	2.827992E1	3.954931E4	6.814620E1	4.260271E1
8.572000E0	1.714400E4	7.798135E3	2.629004E1	-9.380169E0	2.791332E1	3.958036E4	5.977057E1	5.510468E1
8.576000E0	1.715200E4	7.914154E3	2.697287E1	5.581632E0	2.754433E1	3.961169E4	5.908774E1	7.006648E1
8.580000E0	1.716000E4	7.940929E3	1.999395E1	1.909132E1	2.764483E1	3.964368E4	6.606665E1	8.357617E1
8.584000E0	1.716800E4	7.740815E3	7.095828E0	2.689257E1	2.781297E1	3.967522E4	7.896478E1	9.137742E1
8.588000E0	1.717600E4	7.660758E3	-7.444569E0	2.665702E1	2.767704E1	3.970560E4	9.350518E1	9.114187E1
8.592000E0	1.718400E4	7.921822E3	-1.959008E1	1.858706E1	2.700463E1	3.973650E4	1.056507E2	8.307191E1
8.596000E0	1.719200E4	8.187562E3	-2.614821E1	5.093045E0	2.663959E1	3.976898E4	1.122088E2	6.957789E1
8.600000E0	1.720000E4	8.154254E3	-2.471071E1	-9.986521E0	2.665239E1	3.980201E4	1.107713E2	5.449833E1
8.604000E0	1.720800E4	7.948517E3	-1.585966E1	-2.199982E1	2.712048E1	3.983421E4	1.019203E2	4.248503E1
8.608000E0	1.721600E4	7.701263E3	-2.133491E0	-2.768684E1	2.776892E1	3.986559E4	8.819410E1	3.679801E1
8.612000E0	1.722400E4	7.601848E3	1.223200E1	-2.527801E1	2.808202E1	3.989582E4	7.382860E1	3.920684E1
8.616000E0	1.723200E4	7.730699E3	2.328092E1	-1.546289E1	2.794821E1	3.992641E4	6.277968E1	4.902196E1
8.620000E0	1.724000E4	7.896800E3	2.765881E1	-1.126422E0	2.768174E1	3.995767E4	5.840180E1	6.335843E1
8.624000E0	1.724800E4	7.963157E3	2.395597E1	1.359937E1	2.754690E1	3.998958E4	6.210463E1	7.808422E1
8.628000E0	1.725600E4	7.842933E3	1.326712E1	2.430649E1	2.769155E1	4.002137E4	7.279349E1	8.879134E1
8.632000E0	1.726400E4	7.718403E3	-1.126966E0	2.774190E1	2.776478E1	4.005233E4	8.718757E1	9.222675E1
8.636000E0	1.727200E4	7.828449E3	-1.495561E1	2.292406E1	2.737120E1	4.008312E4	1.010162E2	8.740890E1
8.640000E0	1.728000E4	8.111408E3	-2.424243E1	1.132821E1	2.675862E1	4.011495E4	1.103030E2	7.581306E1
8.644000E0	1.728800E4	8.242106E3	-2.626054E1	-3.696110E0	2.651938E1	4.014801E4	1.123211E2	6.078874E1
8.648000E0	1.729600E4	8.075432E3	-2.029919E1	-1.757795E1	2.685221E1	4.018089E4	1.063598E2	4.690690E1
8.652000E0	1.730400E4	7.755080E3	-8.284967E0	-2.646176E1	2.772842E1	4.021262E4	9.434557E1	3.802309E1
8.656000E0	1.731200E4	7.542193E3	6.327241E0	-2.755692E1	2.827397E1	4.024293E4	7.973336E1	3.692793E1
8.660000E0	1.732000E4	7.664466E3	1.925490E1	-2.068262E1	2.825813E1	4.027295E4	6.680570E1	4.380223E1
8.664000E0	1.732800E4	7.871364E3	2.675686E1	-7.547693E0	2.780103E1	4.030425E4	5.930375E1	5.693716E1
8.668000E0	1.733600E4	7.923403E3	2.654506E1	7.573345E0	2.760427E1	4.033592E4	5.951555E1	7.205819E1
8.672000E0	1.734400E4	7.863419E3	1.867436E1	2.047563E1	2.771250E1	4.036763E4	6.738625E1	8.496047E1
8.676000E0	1.735200E4	7.711580E3	5.384015E0	2.726840E1	2.779484E1	4.039883E4	8.067659E1	9.175325E1
8.680000E0	1.736000E4	7.730089E3	-9.165843E0	2.613415E1	2.769489E1	4.042933E4	9.522645E1	9.061900E1
8.684000E0	1.736800E4	7.968522E3	-2.100379E1	1.720880E1	2.715330E1	4.046067E4	1.070644E2	8.169365E1
8.688000E0	1.737600E4	8.198070E3	-2.641712E1	3.208471E0	2.661125E1	4.049308E4	1.124777E2	6.769332E1
8.692000E0	1.738400E4	8.204867E3	-2.381596E1	-1.174792E1	2.655586E1	4.052626E4	1.098766E2	5.273693E1
8.696000E0	1.739200E4	7.944162E3	-1.411706E1	-2.323130E1	2.718427E1	4.055871E4	1.001777E2	4.125355E1
8.700000E0	1.740000E4	7.646376E3	-9.345331E-2	-2.810062E1	2.810077E1	4.058981E4	8.615406E1	3.638423E1
8.704000E0	1.740800E4	7.608459E3	1.415703E1	-2.463470E1	2.841285E1	4.061989E4	7.190358E1	3.985015E1
8.708000E0	1.741600E4	7.784445E3	2.443913E1	-1.372743E1	2.803058E1	4.065068E4	6.162148E1	5.075742E1
8.712000E0	1.742400E4	7.953072E3	2.750010E1	1.037513E0	2.751966E1	4.068216E4	5.856051E1	6.552236E1
8.716000E0	1.743200E4	7.941661E3	2.284177E1	1.558260E1	2.765075E1	4.071430E4	6.321883E1	8.006745E1
8.720000E0	1.744000E4	7.804534E3	1.145950E1	2.537277E1	2.784057E1	4.074569E4	7.460111E1	8.985762E1
8.724000E0	1.744800E4	7.677270E3	-3.261458E0	2.760554E1	2.779754E1	4.077674E4	8.932206E1	9.209039E1
8.728000E0	1.745600E4	7.848301E3	-1.646704E1	2.176381E1	2.729152E1	4.080711E4	1.025277E2	8.624866E1
8.732000E0	1.746400E4	8.175796E3	-2.493830E1	9.311953E0	2.662013E1	4.083952E4	1.109989E2	7.379680E1
8.736000E0	1.747200E4	8.222884E3	-2.592246E1	-5.755618E0	2.655374E1	4.087252E4	1.119831E2	5.872923E1
8.740000E0	1.748000E4	8.051102E3	-1.902487E1	-1.923015E1	2.705077E1	4.090531E4	1.050855E2	4.525470E1
8.744000E0	1.748800E4	7.728892E3	-6.318178E0	-2.720935E1	2.793328E1	4.093693E4	9.237878E1	3.727550E1
8.748000E0	1.749600E4	7.562667E3	8.382336E0	-2.718205E1	2.844517E1	4.096714E4	7.767827E1	3.730279E1
8.752000E0	1.750400E4	7.671288E3	2.078796E1	-1.909639E1	2.822785E1	4.099743E4	6.527264E1	4.538846E1
8.756000E0	1.751200E4	7.895058E3	2.724939E1	-5.539548E0	2.780676E1	4.102851E4	5.881121E1	5.894530E1
8.760000E0	1.752000E4	8.007193E3	2.568537E1	9.648889E0	2.743792E1	4.106059E4	6.037523E1	7.413374E1
8.764000E0	1.752800E4	7.875541E3	1.675637E1	2.188983E1	2.756702E1	4.109257E4	6.930424E1	8.637468E1
8.768000E0	1.753600E4	7.722152E3	3.080821E0	2.743747E1	2.760990E1	4.112359E4	8.297978E1	9.192232E1
8.772000E0	1.754400E4	7.764209E3	-1.130880E1	2.499543E1	2.743466E1	4.115434E4	9.736941E1	8.948028E1
8.776000E0	1.755200E4	8.033468E3	-2.229451E1	1.520427E1	2.698546E1	4.118571E4	1.083551E2	7.968912E1
8.780000E0	1.756000E4	8.284698E3	-2.642617E1	6.405823E-1	2.643393E1	4.121861E4	1.124868E2	6.512543E1
8.784000E0	1.756800E4	8.205172E3	-2.255323E1	-1.408441E1	2.658982E1	4.125198E4	1.086138E2	5.040044E1
8.788000E0	1.757600E4	7.844435E3	-1.197888E1	-2.483787E1	2.757559E1	4.128425E4	9.803949E1	3.964698E1
8.792000E0	1.758400E4	7.569984E3	2.331508E0	-2.811764E1	2.821414E1	4.131474E4	8.372910E1	3.636721E1
8.796000E0	1.759200E4	7.637398E3	1.619243E1	-2.328689E1	2.836326E1	4.134481E4	6.986817E1	4.119795E1
8.800000E0	1.760000E4	7.840758E3	2.548540E1	-1.143259E1	2.793224E1	4.137584E4	6.057520E1	5.305225E1
8.804000E0	1.760800E4	8.000384E3	2.735624E1	3.620319E0	2.759475E1	4.140754E4	5.870437E1	6.810517E1
8.808000E0	1.761600E4	7.973575E3	2.107269E1	1.758351E1	2.744518E1	4.143984E4	6.498792E1	8.206836E1
8.812000E0	1.762400E4	7.775172E3	8.848359E0	2.618243E1	2.763716E1	4.147133E4	7.721225E1	9.066727E1
8.816000E0	1.763200E4	7.726696E3	-5.789878E0	2.713736E1	2.774813E1	4.150204E4	9.185048E1	9.162221E1
8.820000E0	1.764000E4	7.979542E3	-1.871142E1	1.996689E1	2.736410E1	4.153314E4	1.047720E2	8.445174E1
8.824000E0	1.764800E4	8.219617E3	-2.592957E1	6.522647E0	2.673738E1	4.156588E4	1.119902E2	7.100750E1
8.828000E0	1.765600E4	8.217772E3	-2.531244E1	-8.665306E0	2.675458E1	4.159890E4	1.113731E2	5.581954E1
8.832000E0	1.766400E4	7.974612E3	-1.688108E1	-2.131562E1	2.719056E1	4.163162E4	1.029417E2	4.316923E1
8.836000E0	1.767200E4	7.648795E3	-3.565731E0	-2.781448E1	2.804211E1	4.166269E4	8.962634E1	3.667036E1
8.840000E0	1.768000E4	7.616072E3	1.096452E1	-2.606749E1	2.827958E1	4.169281E4	7.509609E1	3.841736E1
8.844000E0	1.768800E4	7.787791E3	2.258699E1	-1.663841E1	2.805368E1	4.172362E4	6.347361E1	4.784644E1
8.848000E0	1.769600E4	7.935435E3	2.771892E1	-2.369071E0	2.781997E1	4.175511E4	5.834169E1	6.211578E1
8.852000E0	1.770400E4	7.955213E3	2.452730E1	1.255490E1	2.755384E1	4.178711E4	6.153331E1	7.703975E1
8.856000E0	1.771200E4	7.872388E3	1.436130E1	2.367288E1	2.768849E1	4.181876E4	7.169930E1	8.815773E1
8.860000E0	1.772000E4	7.781352E3	-4.150884E-2	2.770036E1	2.770039E1	4.185009E4	8.610211E1	9.218520E1
8.864000E0	1.772800E4	7.840149E3	-1.407997E1	2.342609E1	2.733180E1	4.188101E4	1.001406E2	8.791094E1
8.868000E0	1.773600E4	8.109654E3	-2.384108E1	1.224894E1	2.680361E1	4.191281E4	1.099017E2	7.673379E1
8.872000E0	1.774400E4	8.257455E3	-2.643862E1	-2.725027E0	2.657869E1	4.194588E4	1.124992E2	6.175982E1
8.876000E0	1.775200E4	8.116068E3	-2.086368E1	-1.681485E1	2.679612E1	4.197887E4	1.069243E2	4.767000E1
8.880000E0	1.776000E4	7.829112E3	-9.040322E0	-2.597959E1	2.750757E1	4.201081E4	9.510093E1	3.850526E1
8.884000E0	1.776800E4	7.667567E3	5.597395E0	-2.751311E1	2.807672E1	4.204150E4	8.046321E1	3.697174E1
8.888000E0	1.777600E4	7.742325E3	1.890067E1	-2.087837E1	2.816277E1	4.207215E4	6.715993E1	4.360648E1
8.892000E0	1.778400E4	7.874247E3	2.668945E1	-7.937109E0	2.784465E1	4.210344E4	5.937116E1	5.654774E1
8.896000E0	1.779200E4	7.958843E3	2.673976E1	7.238852E0	2.770227E1	4.213515E4	5.932085E1	7.172370E1
8.900000E0	1.780000E4	7.877410E3	1.888454E1	2.032854E1	2.774663E1	4.216711E4	6.717606E1	8.481338E1
8.904000E0	1.780800E4	7.705548E3	5.735772E0	2.737687E1	2.797127E1	4.219817E4	8.032483E1	9.186172E1
8.908000E0	1.781600E4	7.753386E3	-8.924601E0	2.628604E1	2.775976E1	4.222875E4	9.498521E1	9.077089E1
8.912000E0	1.782400E4	8.025947E3	-2.087342E1	1.739471E1	2.717123E1	4.226019E4	1.069340E2	8.187956E1
8.916000E0	1.783200E4	8.245830E3	-2.642724E1	3.263172E0	2.662794E1	4.229296E4	1.124878E2	6.774802E1
8.920000E0	1.784000E4	8.238037E3	-2.393588E1	-1.175755E1	2.666771E1	4.232616E4	1.099965E2	5.272729E1
8.924000E0	1.784800E4	7.992952E3	-1.405611E1	-2.326909E1	2.718501E1	4.235887E4	1.001167E2	4.121576E1
8.928000E0	1.785600E4	7.679156E3	5.115982E-2	-2.808623E1	2.808628E1	4.239010E4	8.600945E1	3.639862E1
8.932000E0	1.786400E4	7.615441E3	1.433384E1	-2.453098E1	2.841176E1	4.242030E4	7.172676E1	3.995387E1
8.936000E0	1.787200E4	7.817206E3	2.444318E1	-1.353352E1	2.793967E1	4.245103E4	6.161743E1	5.095132E1
8.940000E0	1.788000E4	8.021429E3	2.745936E1	1.360317E0	2.749304E1	4.248284E4	5.860124E1	6.584517E1
8.944000E0	1.788800E4	8.026513E3	2.239353E1	1.579650E1	2.740437E1	4.251520E4	6.366707E1	8.028135E1
8.948000E0	1.789600E4	7.816933E3	1.077783E1	2.545045E1	2.763850E1	4.254705E4	7.528278E1	8.993529E1
8.952000E0	1.790400E4	7.735153E3	-3.733152E0	2.748529E1	2.773766E1	4.257773E4	8.979376E1	9.197014E1
8.956000E0	1.791200E4	7.923571E3	-1.715757E1	2.124129E1	2.730521E1	4.260893E4	1.032182E2	8.572614E1
8.960000E0	1.792000E4	8.162285E3	-2.529054E1	8.647371E0	2.672805E1	4.264112E4	1.113511E2	7.313222E1
8.964000E0	1.792800E4	8.253372E3	-2.573092E1	-6.524153E0	2.654514E1	4.267423E4	1.117915E2	5.796070E1
8.968000E0	1.793600E4	8.079505E3	-1.843971E1	-1.987849E1	2.711415E1	4.270715E4	1.045003E2	4.460636E1
8.972000E0	1.794400E4	7.777912E3	-5.373120E0	-2.729553E1	2.781935E1	4.273886E4	9.143373E1	3.718932E1
8.976000E0	1.795200E4	7.640837E3	9.424593E0	-2.680196E1	2.841070E1	4.276937E4	7.663601E1	3.768289E1
8.980000E0	1.796000E4	7.726718E3	2.151491E1	-1.805929E1	2.808966E1	4.279999E4	6.454569E1	4.642556E1
8.984000E0	1.796800E4	7.912510E3	2.753829E1	-4.269371E0	2.786728E1	4.283119E4	5.852231E1	6.021548E1
8.988000E0	1.797600E4	8.001358E3	2.537877E1	1.092484E1	2.763031E1	4.286329E4	6.068184E1	7.540969E1
8.992000E0	1.798400E4	7.880985E3	1.573856E1	2.264333E1	2.757576E1	4.289520E4	7.032205E1	8.712817E1
8.996000E0	1.799200E4	7.773088E3	1.764062E0	2.756585E1	2.762224E1	4.292634E4	8.429654E1	9.205070E1
9.000000E0	1.800000E4	7.874094E3	-1.257953E1	2.428608E1	2.735065E1	4.295738E4	9.864014E1	8.877093E1
9.004000E0	1.800800E4	8.153433E3	-2.314378E1	1.372477E1	2.690732E1	4.298933E4	1.092044E2	7.820961E1
9.008000E0	1.801600E4	8.298485E3	-2.648324E1	-1.207416E0	2.651075E1	4.302261E4	1.125438E2	6.327743E1
9.012000E0	1.802400E4	8.155841E3	-2.183647E1	-1.570209E1	2.689586E1	4.305572E4	1.078971E2	4.878276E1
9.016000E0	1.803200E4	7.870269E3	-1.043496E1	-2.564316E1	2.768501E1	4.308786E4	9.649557E1	3.884169E1
9.020000E0	1.804000E4	7.649777E3	4.257176E0	-2.788204E1	2.820517E1	4.311868E4	8.180343E1	3.660281E1
9.024000E0	1.804800E4	7.722114E3	1.772078E1	-2.184017E1	2.812506E1	4.314906E4	6.833983E1	4.264468E1
9.028000E0	1.805600E4	7.880801E3	2.630623E1	-9.337188E0	2.791417E1	4.318046E4	5.975437E1	5.514766E1
9.032000E0	1.806400E4	7.984229E3	2.692158E1	5.772351E0	2.753346E1	4.321210E4	5.913902E1	7.025720E1
9.036000E0	1.807200E4	7.946472E3	1.971639E1	1.926187E1	2.756366E1	4.324433E4	6.634422E1	8.374672E1
9.040000E0	1.808000E4	7.784320E3	6.878254E0	2.693249E1	2.779693E1	4.327567E4	7.918235E1	9.141733E1
9.044000E0	1.808800E4	7.800601E3	-7.882144E0	2.642921E1	2.757954E1	4.330661E4	9.394275E1	9.091406E1
9.048000E0	1.809600E4	8.014344E3	-2.014497E1	1.808880E1	2.707443E1	4.333808E4	1.062056E2	8.257365E1
9.052000E0	1.810400E4	8.262833E3	-2.622209E1	4.284055E0	2.656974E1	4.337072E4	1.122827E2	6.876890E1
9.056000E0	1.811200E4	8.281099E3	-2.425500E1	-1.089097E1	2.658793E1	4.340418E4	1.103156E2	5.359388E1
9.060000E0	1.812000E4	7.990533E3	-1.478357E1	-2.273864E1	2.712194E1	4.343697E4	1.008442E2	4.174620E1
9.064000E0	1.812800E4	7.692457E3	-9.258425E-1	-2.798683E1	2.800214E1	4.346811E4	8.698645E1	3.649802E1
9.068000E0	1.813600E4	7.689290E3	1.344978E1	-2.476144E1	2.817846E1	4.349851E4	7.261083E1	3.972341E1
9.072000E0	1.814400E4	7.819895E3	2.400913E1	-1.407504E1	2.783065E1	4.352962E4	6.205148E1	5.040981E1
9.076000E0	1.815200E4	7.978293E3	2.758896E1	5.147230E-1	2.759376E1	4.356107E4	5.847164E1	6.499957E1
9.080000E0	1.816000E4	8.038992E3	2.303756E1	1.521699E1	2.760953E1	4.359345E4	6.302304E1	7.970184E1
9.084000E0	1.816800E4	7.828526E3	1.157959E1	2.526961E1	2.779640E1	4.362538E4	7.448102E1	8.975445E1
9.088000E0	1.817600E4	7.761447E3	-2.948024E0	2.770367E1	2.786008E1	4.365607E4	8.900863E1	9.218852E1
9.092000E0	1.818400E4	7.982996E3	-1.660583E1	2.166278E1	2.729523E1	4.368747E4	1.026664E2	8.614763E1
9.096000E0	1.819200E4	8.173969E3	-2.521126E1	9.206997E0	2.683982E1	4.371994E4	1.112719E2	7.369185E1
9.100000E0	1.820000E4	8.250162E3	-2.596337E1	-5.929284E0	2.663180E1	4.375286E4	1.120240E2	5.855556E1
9.104000E0	1.820800E4	8.113098E3	-1.874335E1	-1.936828E1	2.695262E1	4.378594E4	1.048040E2	4.511657E1
9.108000E0	1.821600E4	7.791308E3	-5.908538E0	-2.725639E1	2.788946E1	4.381777E4	9.196914E1	3.722846E1
9.112000E0	1.822400E4	7.683313E3	8.878954E0	-2.689489E1	2.832263E1	4.384827E4	7.718165E1	3.758995E1
9.116000E0	1.823200E4	7.799259E3	2.124674E1	-1.831681E1	2.805226E1	4.387924E4	6.481387E1	4.616804E1
9.120000E0	1.824000E4	7.986751E3	2.734904E1	-4.496245E0	2.771617E1	4.391066E4	5.871157E1	5.998860E1
9.124000E0	1.824800E4	8.075204E3	2.519784E1	1.076307E1	2.740027E1	4.394313E4	6.086277E1	7.524792E1
9.128000E0	1.825600E4	7.919958E3	1.569384E1	2.263573E1	2.754402E1	4.397527E4	7.036676E1	8.712058E1
9.132000E0	1.826400E4	7.782900E3	1.694564E0	2.761929E1	2.767122E1	4.400649E4	8.436604E1	9.210414E1
9.136000E0	1.827200E4	7.873724E3	-1.264899E1	2.426872E1	2.736727E1	4.403753E4	9.870960E1	8.875357E1
9.140000E0	1.828000E4	8.159228E3	-2.318386E1	1.366787E1	2.691286E1	4.406948E4	1.092445E2	7.815272E1
9.144000E0	1.828800E4	8.315407E3	-2.648406E1	-1.296494E0	2.651577E1	4.410280E4	1.125447E2	6.318835E1
9.148000E0	1.829600E4	8.183270E3	-2.174489E1	-1.579981E1	2.687888E1	4.413600E4	1.078055E2	4.868504E1
9.152000E0	1.830400E4	7.918349E3	-1.024196E1	-2.569612E1	2.766204E1	4.416827E4	9.630256E1	3.878872E1
9.156000E0	1.831200E4	7.690767E3	4.576847E0	-2.780036E1	2.817459E1	4.419935E4	8.148376E1	3.668449E1
9.160000E0	1.832000E4	7.753857E3	1.804680E1	-2.166436E1	2.819630E1	4.422979E4	6.801381E1	4.282049E1
9.164000E0	1.832800E4	7.933426E3	2.642695E1	-8.904052E0	2.788666E1	4.426138E4	5.963365E1	5.558080E1
9.168000E0	1.833600E4	8.036224E3	2.679021E1	6.314333E0	2.752428E1	4.429326E4	5.927040E1	7.079918E1
9.172000E0	1.834400E4	7.985111E3	1.938115E1	1.983949E1	2.773507E1	4.432567E4	6.667946E1	8.432434E1
9.176000E0	1.835200E4	7.794273E3	6.186127E0	2.710395E1	2.780094E1	4.435714E4	7.987448E1	9.158879E1
9.180000E0	1.836000E4	7.829208E3	-8.593928E0	2.641217E1	2.777514E1	4.438802E4	9.465453E1	9.089702E1
9.184000E0	1.836800E4	8.057941E3	-2.083713E1	1.762317E1	2.729033E1	4.441978E4	1.068977E2	8.210801E1
9.188000E0	1.837600E4	8.272461E3	-2.648613E1	3.492962E0	2.671546E1	4.445249E4	1.125467E2	6.797781E1
9.192000E0	1.838400E4	8.287814E3	-2.402731E1	-1.169636E1	2.672296E1	4.448596E4	1.100879E2	5.278849E1
9.196000E0	1.839200E4	8.002391E3	-1.414223E1	-2.334218E1	2.729213E1	4.451879E4	1.002028E2	4.114267E1
9.200000E0	1.840000E4	7.686503E3	-1.192037E-2	-2.808532E1	2.808532E1	4.454998E4	8.607253E1	3.639953E1
9.204000E0	1.840800E4	7.679913E3	1.432765E1	-2.453674E1	2.841361E1	4.458028E4	7.173296E1	3.994811E1
9.208000E0	1.841600E4	7.855560E3	2.458804E1	-1.339749E1	2.800115E1	4.461141E4	6.147256E1	5.108736E1
9.212000E0	1.842400E4	8.033783E3	2.766448E1	1.510975E0	2.770571E1	4.464313E4	5.839613E1	6.599582E1
9.216000E0	1.843200E4	8.060759E3	2.242044E1	1.610197E1	2.760343E1	4.467569E4	6.364017E1	8.058682E1
9.220000E0	1.844000E4	7.853443E3	1.059504E1	2.572122E1	2.781791E1	4.470761E4	7.546556E1	9.020607E1
9.224000E0	1.844800E4	7.788048E3	-4.100083E0	2.739245E1	2.769760E1	4.473851E4	9.016069E1	9.187730E1
9.228000E0	1.845600E4	8.022180E3	-1.751967E1	2.094087E1	2.730309E1	4.476992E4	1.035803E2	8.542571E1
9.232000E0	1.846400E4	8.309472E3	-2.527892E1	7.878234E0	2.647811E1	4.480269E4	1.113395E2	7.236308E1
9.236000E0	1.847200E4	8.331656E3	-2.534690E1	-7.456390E0	2.642088E1	4.483639E4	1.114075E2	5.702846E1
9.240000E0	1.848000E4	8.033839E3	-1.765605E1	-2.055860E1	2.709967E1	4.486934E4	1.037167E2	4.392625E1
9.244000E0	1.848800E4	7.711530E3	-4.550979E0	-2.767971E1	2.805134E1	4.490066E4	9.061158E1	3.680514E1
9.248000E0	1.849600E4	7.668458E3	1.018146E1	-2.647428E1	2.836458E1	4.493104E4	7.587914E1	3.801057E1
9.252000E0	1.850400E4	7.822146E3	2.211595E1	-1.727212E1	2.806139E1	4.496201E4	6.394465E1	4.721273E1
9.256000E0	1.851200E4	7.987234E3	2.755659E1	-3.084690E0	2.772871E1	4.499361E4	5.850401E1	6.140016E1
9.260000E0	1.852000E4	8.057250E3	2.475456E1	1.202484E1	2.752063E1	4.502591E4	6.130605E1	7.650969E1
9.264000E0	1.852800E4	7.946366E3	1.465516E1	2.351785E1	2.771034E1	4.505807E4	7.140545E1	8.800270E1
9.268000E0	1.853600E4	7.832673E3	2.512941E-1	2.767049E1	2.767163E1	4.508948E4	8.580931E1	9.215533E1
9.272000E0	1.854400E4	7.936406E3	-1.400473E1	2.355642E1	2.740506E1	4.512073E4	1.000653E2	8.804127E1
9.276000E0	1.855200E4	8.161830E3	-2.390522E1	1.219560E1	2.683640E1	4.515297E4	1.099658E2	7.668045E1
9.280000E0	1.856000E4	8.294670E3	-2.644219E1	-2.791744E0	2.658916E1	4.518603E4	1.125028E2	6.169310E1
9.284000E0	1.856800E4	8.196093E3	-2.072588E1	-1.698103E1	2.679398E1	4.521933E4	1.067865E2	4.750382E1
9.288000E0	1.857600E4	7.855991E3	-8.690868E0	-2.611910E1	2.752706E1	4.525160E4	9.475147E1	3.836574E1
9.292000E0	1.858400E4	7.677131E3	5.969209E0	-2.766429E1	2.830096E1	4.528218E4	8.009140E1	3.682056E1
9.296000E0	1.859200E4	7.782110E3	1.919668E1	-2.057677E1	2.814100E1	4.531301E4	6.686392E1	4.390808E1
9.300000E0	1.860000E4	7.987504E3	2.679730E1	-7.465261E0	2.781772E1	4.534443E4	5.926331E1	5.701959E1
9.304000E0	1.860800E4	8.114148E3	2.632479E1	8.004477E0	2.751484E1	4.537691E4	5.973582E1	7.248933E1
9.308000E0	1.861600E4	7.968830E3	1.802768E1	2.099338E1	2.767163E1	4.540935E4	6.803293E1	8.547823E1
9.312000E0	1.862400E4	7.749520E3	4.539118E0	2.760809E1	2.797875E1	4.544066E4	8.152149E1	9.209294E1
9.316000E0	1.863200E4	7.806326E3	-1.007349E1	2.578073E1	2.767889E1	4.547134E4	9.613409E1	9.026557E1
9.320000E0	1.864000E4	8.110809E3	-2.163247E1	1.623386E1	2.704629E1	4.550311E4	1.076931E2	8.071871E1
9.324000E0	1.864800E4	8.343265E3	-2.647820E1	1.745263E0	2.653566E1	4.553623E4	1.125388E2	6.623011E1
9.328000E0	1.865600E4	8.289641E3	-2.326438E1	-1.335607E1	2.682566E1	4.556986E4	1.093250E2	5.112878E1
9.332000E0	1.866400E4	7.955485E3	-1.267037E1	-2.438737E1	2.748239E1	4.560255E4	9.873097E1	4.009748E1
9.336000E0	1.867200E4	7.679165E3	1.723645E0	-2.814920E1	2.820192E1	4.563350E4	8.433696E1	3.633565E1
9.340000E0	1.868000E4	7.702990E3	1.586769E1	-2.354311E1	2.839122E1	4.566398E4	7.019292E1	4.094174E1
9.344000E0	1.868800E4	7.903828E3	2.546203E1	-1.180401E1	2.806509E1	4.569513E4	6.059858E1	5.268084E1
9.348000E0	1.869600E4	8.075614E3	2.731254E1	3.455211E0	2.753023E1	4.572721E4	5.874807E1	6.794006E1
9.352000E0	1.870400E4	8.042346E3	2.111076E1	1.754693E1	2.745103E1	4.575973E4	6.494985E1	8.203178E1
9.356000E0	1.871200E4	7.864774E3	8.782619E0	2.632289E1	2.774940E1	4.579155E4	7.727799E1	9.080774E1
9.360000E0	1.872000E4	7.786753E3	-6.072998E0	2.705585E1	2.772906E1	4.582265E4	9.213360E1	9.154070E1
9.364000E0	1.872800E4	7.999671E3	-1.894423E1	1.972536E1	2.734910E1	4.585384E4	1.050048E2	8.421021E1
9.368000E0	1.873600E4	8.269483E3	-2.596748E1	6.163158E0	2.668885E1	4.588665E4	1.120281E2	7.064801E1
9.372000E0	1.874400E4	8.337334E3	-2.503765E1	-9.112285E0	2.664428E1	4.592000E4	1.110983E2	5.537256E1
9.376000E0	1.875200E4	8.102113E3	-1.631388E1	-2.192431E1	2.732797E1	4.595335E4	1.023745E2	4.256054E1
9.380000E0	1.876000E4	7.777380E3	-2.524963E0	-2.782828E1	2.794260E1	4.598482E4	8.858557E1	3.665657E1
9.384000E0	1.876800E4	7.725260E3	1.220924E1	-2.552139E1	2.829146E1	4.601557E4	7.385137E1	3.896346E1
9.388000E0	1.877600E4	7.829556E3	2.339462E1	-1.541559E1	2.801694E1	4.604662E4	6.266598E1	4.906926E1
9.392000E0	1.878400E4	8.008603E3	2.763485E1	-8.672305E-1	2.764846E1	4.607820E4	5.842575E1	6.361762E1
9.396000E0	1.879200E4	8.055571E3	2.378648E1	1.411577E1	2.765956E1	4.611069E4	6.227413E1	7.860061E1
9.400000E0	1.880000E4	7.873505E3	1.281657E1	2.477552E1	2.789428E1	4.614265E4	7.324403E1	8.926036E1
9.404000E0	1.880800E4	7.803823E3	-1.779330E0	2.770683E1	2.776390E1	4.617367E4	8.783994E1	9.219167E1
9.408000E0	1.881600E4	8.002118E3	-1.572824E1	2.239755E1	2.736837E1	4.620508E4	1.017888E2	8.688240E1
9.412000E0	1.882400E4	8.211537E3	-2.484743E1	1.019502E1	2.685765E1	4.623769E4	1.109080E2	7.467987E1
9.416000E0	1.883200E4	8.281895E3	-2.630943E1	-5.004512E0	2.678117E1	4.627077E4	1.123700E2	5.948034E1
9.420000E0	1.884000E4	8.197382E3	-1.934932E1	-1.865060E1	2.687454E1	4.630395E4	1.054099E2	4.583425E1
9.424000E0	1.884800E4	7.861742E3	-6.541659E0	-2.693514E1	2.771814E1	4.633635E4	9.260226E1	3.754971E1
9.428000E0	1.885600E4	7.708323E3	8.151452E0	-2.693005E1	2.813670E1	4.636684E4	7.790915E1	3.755480E1
9.432000E0	1.886400E4	7.830267E3	2.079996E1	-1.871810E1	2.798224E1	4.639802E4	6.526064E1	4.576675E1
9.436000E0	1.887200E4	7.992948E3	2.728087E1	-5.064749E0	2.774703E1	4.642948E4	5.877974E1	5.942010E1
9.440000E0	1.888000E4	8.083158E3	2.548205E1	1.027432E1	2.747538E1	4.646196E4	6.057855E1	7.475917E1
9.444000E0	1.888800E4	7.917258E3	1.624481E1	2.248088E1	2.773597E1	4.649415E4	6.981580E1	8.696573E1
9.448000E0	1.889600E4	7.794829E3	2.282047E0	2.774094E1	2.783464E1	4.652530E4	8.377856E1	9.222579E1
9.452000E0	1.890400E4	7.908427E3	-1.226347E1	2.458968E1	2.747808E1	4.655651E4	9.832408E1	8.907452E1
9.456000E0	1.891200E4	8.123420E3	-2.303603E1	1.408074E1	2.699863E1	4.658856E4	1.090966E2	7.856559E1
9.460000E0	1.892000E4	8.306768E3	-2.659908E1	-6.936928E-1	2.660812E1	4.662149E4	1.126597E2	6.379116E1
9.464000E0	1.892800E4	8.248924E3	-2.201377E1	-1.542500E1	2.688004E1	4.665502E4	1.080744E2	4.905985E1
9.468000E0	1.893600E4	7.914314E3	-1.058402E1	-2.553357E1	2.764027E1	4.668749E4	9.664463E1	3.895128E1
9.472000E0	1.894400E4	7.729366E3	4.084773E0	-2.788647E1	2.818404E1	4.671833E4	8.197583E1	3.659838E1
9.476000E0	1.895200E4	7.811483E3	1.779411E1	-2.172450E1	2.808175E1	4.674932E4	6.826649E1	4.276034E1
9.480000E0	1.896000E4	7.953923E3	2.635139E1	-9.163523E0	2.789921E1	4.678083E4	5.970922E1	5.532133E1
9.484000E0	1.896800E4	8.069178E3	2.680220E1	6.163940E0	2.750186E1	4.681295E4	5.925840E1	7.064879E1
9.488000E0	1.897600E4	8.040144E3	1.946629E1	1.972528E1	2.771323E1	4.684538E4	6.659432E1	8.421013E1
9.492000E0	1.898400E4	7.838260E3	6.113316E0	2.706693E1	2.774872E1	4.687727E4	7.994729E1	9.155178E1
9.496000E0	1.899200E4	7.818439E3	-8.624511E0	2.641059E1	2.778311E1	4.690808E4	9.468512E1	9.089543E1
9.500000E0	1.900000E4	8.057570E3	-2.082796E1	1.758836E1	2.726086E1	4.693982E4	1.068886E2	8.207321E1
9.504000E0	1.900800E4	8.274806E3	-2.656495E1	3.475989E0	2.679140E1	4.697255E4	1.126256E2	6.796084E1
9.508000E0	1.901600E4	8.276549E3	-2.422842E1	-1.182679E1	2.696088E1	4.700602E4	1.102890E2	5.265806E1
9.512000E0	1.902400E4	8.032374E3	-1.418817E1	-2.338843E1	2.735549E1	4.703876E4	1.002488E2	4.109642E1
9.516000E0	1.903200E4	7.764695E3	1.365266E-1	-2.816701E1	2.816734E1	4.707028E4	8.592408E1	3.631784E1
9.520000E0	1.904000E4	7.728017E3	1.452617E1	-2.429529E1	2.830672E1	4.710088E4	7.153444E1	4.018956E1
9.524000E0	1.904800E4	7.842413E3	2.482179E1	-1.314144E1	2.808592E1	4.713210E4	6.123881E1	5.134341E1
9.528000E0	1.905600E4	8.032011E3	2.764527E1	1.746332E0	2.770037E1	4.716361E4	5.841534E1	6.623118E1
9.532000E0	1.906400E4	8.119415E3	2.222589E1	1.636116E1	2.759851E1	4.719636E4	6.383472E1	8.084601E1
9.536000E0	1.907200E4	7.936177E3	1.013428E1	2.581963E1	2.773728E1	4.722857E4	7.592633E1	9.030447E1
9.540000E0	1.908000E4	7.848588E3	-4.718779E0	2.718485E1	2.759136E1	4.725985E4	9.077939E1	9.166970E1
9.544000E0	1.908800E4	8.024693E3	-1.807336E1	2.053012E1	2.735201E1	4.729136E4	1.041340E2	8.501497E1
9.548000E0	1.909600E4	8.228996E3	-2.567260E1	7.339736E0	2.670120E1	4.732404E4	1.117332E2	7.182458E1
9.552000E0	1.910400E4	8.298938E3	-2.555624E1	-7.906345E0	2.675129E1	4.735719E4	1.116168E2	5.657850E1
9.556000E0	1.911200E4	8.125251E3	-1.736106E1	-2.101308E1	2.725722E1	4.739044E4	1.034217E2	4.347177E1
9.560000E0	1.912000E4	7.822693E3	-3.778901E0	-2.755992E1	2.781778E1	4.742219E4	8.983951E1	3.692493E1
9.564000E0	1.912800E4	7.760677E3	1.101874E1	-2.593595E1	2.817953E1	4.745302E4	7.504187E1	3.854890E1
9.568000E0	1.913600E4	7.873294E3	2.265675E1	-1.629375E1	2.790725E1	4.748428E4	6.340386E1	4.819110E1
9.572000E0	1.914400E4	8.050889E3	2.766576E1	-1.932500E0	2.773318E1	4.751600E4	5.839484E1	6.255235E1
9.576000E0	1.915200E4	8.079009E3	2.430316E1	1.329735E1	2.770312E1	4.754869E4	6.175745E1	7.778220E1
9.580000E0	1.916000E4	7.864435E3	1.364257E1	2.424762E1	2.782206E1	4.758064E4	7.241804E1	8.873247E1
9.584000E0	1.916800E4	7.801991E3	-7.767533E-1	2.779893E1	2.780978E1	4.761160E4	8.683736E1	9.228378E1
9.588000E0	1.917600E4	7.961860E3	-1.495696E1	2.298575E1	2.742362E1	4.764305E4	1.010176E2	8.747059E1
9.592000E0	1.918400E4	8.217690E3	-2.438005E1	1.121594E1	2.683625E1	4.767530E4	1.104407E2	7.570079E1
9.596000E0	1.919200E4	8.405657E3	-2.612375E1	-4.041278E0	2.643449E1	4.770879E4	1.121844E2	6.044357E1
9.600000E0	1.920000E4	8.241191E3	-1.986655E1	-1.823030E1	2.696337E1	4.774254E4	1.059272E2	4.625455E1
9.604000E0	1.920800E4	7.860106E3	-7.353039E0	-2.692126E1	2.790737E1	4.777472E4	9.341364E1	3.756359E1
9.608000E0	1.921600E4	7.715609E3	7.484559E0	-2.713271E1	2.814609E1	4.780542E4	7.857605E1	3.735214E1
9.612000E0	1.922400E4	7.827925E3	2.047393E1	-1.946424E1	2.824957E1	4.783645E4	6.558668E1	4.502061E1
9.616000E0	1.923200E4	7.999268E3	2.741367E1	-5.804494E0	2.802144E1	4.786804E4	5.864694E1	5.868035E1
9.620000E0	1.924000E4	8.103346E3	2.591303E1	9.658776E0	2.765460E1	4.790044E4	6.014758E1	7.414362E1
9.624000E0	1.924800E4	7.981184E3	1.673734E1	2.210802E1	2.772910E1	4.793287E4	6.932326E1	8.659287E1
9.628000E0	1.925600E4	7.809925E3	2.765006E0	2.766181E1	2.779965E1	4.796429E4	8.329560E1	9.214666E1
9.632000E0	1.926400E4	7.922327E3	-1.174227E1	2.478375E1	2.742472E1	4.799535E4	9.780288E1	8.926859E1
9.636000E0	1.927200E4	8.172880E3	-2.274332E1	1.439416E1	2.691561E1	4.802767E4	1.088039E2	7.887901E1
9.640000E0	1.928000E4	8.323818E3	-2.662247E1	-3.411344E-1	2.662466E1	4.806073E4	1.126831E2	6.414371E1
9.644000E0	1.928800E4	8.294633E3	-2.232667E1	-1.520795E1	2.701410E1	4.809426E4	1.083873E2	4.927690E1
9.648000E0	1.929600E4	7.944975E3	-1.079647E1	-2.554787E1	2.773549E1	4.812709E4	9.685707E1	3.893698E1
9.652000E0	1.930400E4	7.673129E3	3.850234E0	-2.803179E1	2.829497E1	4.815782E4	8.221037E1	3.645306E1
9.656000E0	1.931200E4	7.794884E3	1.763834E1	-2.219333E1	2.834881E1	4.818848E4	6.842226E1	4.229152E1
9.660000E0	1.932000E4	7.979191E3	2.636185E1	-9.501326E0	2.802182E1	4.822018E4	5.969876E1	5.498352E1
9.664000E0	1.932800E4	8.129125E3	2.682226E1	5.852982E0	2.745344E1	4.825231E4	5.923834E1	7.033783E1
9.668000E0	1.933600E4	8.095459E3	1.936792E1	1.951235E1	2.749270E1	4.828521E4	6.669269E1	8.399720E1
9.672000E0	1.934400E4	7.879313E3	6.165087E0	2.686092E1	2.755934E1	4.831707E4	7.989552E1	9.134577E1
9.676000E0	1.935200E4	7.879570E3	-8.609943E0	2.611453E1	2.749727E1	4.834825E4	9.467055E1	9.059938E1
9.680000E0	1.936000E4	8.065573E3	-2.087731E1	1.744996E1	2.720961E1	4.838011E4	1.069379E2	8.193481E1
9.684000E0	1.936800E4	8.281769E3	-2.653444E1	3.365286E0	2.674700E1	4.841277E4	1.125950E2	6.785013E1
9.688000E0	1.937600E4	8.288046E3	-2.412666E1	-1.195776E1	2.692738E1	4.844636E4	1.101873E2	5.252709E1
9.692000E0	1.938400E4	8.036232E3	-1.403448E1	-2.342790E1	2.730995E1	4.847908E4	1.000951E2	4.105694E1
9.696000E0	1.939200E4	7.778961E3	3.215768E-1	-2.817197E1	2.817381E1	4.851065E4	8.573903E1	3.631288E1
9.700000E0	1.940000E4	7.754611E3	1.469267E1	-2.415761E1	2.827481E1	4.854131E4	7.136793E1	4.032724E1
9.704000E0	1.940800E4	7.918974E3	2.489346E1	-1.285349E1	2.801601E1	4.857269E4	6.116715E1	5.163136E1
9.708000E0	1.941600E4	8.082114E3	2.755470E1	2.245936E0	2.764608E1	4.860466E4	5.850591E1	6.673078E1
9.712000E0	1.942400E4	8.082057E3	2.203532E1	1.681548E1	2.771851E1	4.863735E4	6.402529E1	8.130033E1
9.716000E0	1.943200E4	7.882972E3	9.820261E0	2.601085E1	2.780291E1	4.866932E4	7.624034E1	9.049570E1
9.720000E0	1.944000E4	7.817117E3	-5.032204E0	2.738718E1	2.784566E1	4.870041E4	9.109281E1	9.187203E1
9.724000E0	1.944800E4	8.053234E3	-1.827805E1	2.040474E1	2.739417E1	4.873185E4	1.043387E2	8.488959E1
9.728000E0	1.945600E4	8.363298E3	-2.571121E1	6.967542E0	2.663856E1	4.876484E4	1.117718E2	7.145239E1
9.732000E0	1.946400E4	8.385679E3	-2.526731E1	-8.581797E0	2.668490E1	4.879876E4	1.113279E2	5.590305E1
9.736000E0	1.947200E4	8.090428E3	-1.677738E1	-2.141459E1	2.720414E1	4.883192E4	1.028380E2	4.307026E1
9.740000E0	1.948000E4	7.795267E3	-3.183746E0	-2.786978E1	2.805104E1	4.886348E4	8.924435E1	3.661507E1
9.744000E0	1.948800E4	7.763555E3	1.160498E1	-2.572011E1	2.821701E1	4.889429E4	7.445563E1	3.876474E1
9.748000E0	1.949600E4	7.877665E3	2.317529E1	-1.587355E1	2.809028E1	4.892559E4	6.288532E1	4.861130E1
9.752000E0	1.950400E4	8.015203E3	2.774310E1	-1.305260E0	2.777379E1	4.895731E4	5.831750E1	6.317959E1
9.756000E0	1.951200E4	8.071219E3	2.403220E1	1.371498E1	2.767034E1	4.898971E4	6.202840E1	7.819983E1
9.760000E0	1.952000E4	7.955364E3	1.307863E1	2.446950E1	2.774540E1	4.902188E4	7.298198E1	8.895435E1
9.764000E0	1.952800E4	7.885994E3	-1.622214E0	2.766414E1	2.771166E1	4.905336E4	8.768282E1	9.214899E1
9.768000E0	1.953600E4	8.015226E3	-1.568454E1	2.242981E1	2.736971E1	4.908496E4	1.017452E2	8.691465E1
9.772000E0	1.954400E4	8.251653E3	-2.485166E1	1.030520E1	2.690357E1	4.911748E4	1.109123E2	7.479005E1
9.776000E0	1.955200E4	8.333539E3	-2.612526E1	-5.067477E0	2.661219E1	4.915098E4	1.121859E2	5.941737E1
9.780000E0	1.956000E4	8.170484E3	-1.950034E1	-1.892758E1	2.717566E1	4.918415E4	1.055609E2	4.555727E1
9.784000E0	1.956800E4	7.859628E3	-6.579722E0	-2.707557E1	2.786358E1	4.921634E4	9.264033E1	3.740928E1
9.788000E0	1.957600E4	7.697784E3	8.314245E0	-2.715551E1	2.839980E1	4.924702E4	7.774636E1	3.732934E1
9.792000E0	1.958400E4	7.861574E3	2.091294E1	-1.888078E1	2.817507E1	4.927792E4	6.514767E1	4.560407E1
9.796000E0	1.959200E4	8.116794E3	2.740397E1	-4.873648E0	2.783397E1	4.930992E4	5.865664E1	5.961120E1
9.800000E0	1.960000E4	8.134301E3	2.526877E1	1.065200E1	2.742218E1	4.934286E4	6.079183E1	7.513685E1
9.804000E0	1.960800E4	7.956355E3	1.582054E1	2.258577E1	2.757547E1	4.937499E4	7.024006E1	8.707061E1
9.808000E0	1.961600E4	7.822180E3	1.688078E0	2.766797E1	2.771942E1	4.940651E4	8.437253E1	9.215282E1
9.812000E0	1.962400E4	7.916752E3	-1.270128E1	2.432887E1	2.744478E1	4.943757E4	9.876188E1	8.881372E1
9.816000E0	1.963200E4	8.199336E3	-2.329122E1	1.353263E1	2.693720E1	4.946984E4	1.093518E2	7.801748E1
9.820000E0	1.964000E4	8.355949E3	-2.658271E1	-1.468621E0	2.662325E1	4.950316E4	1.126433E2	6.301623E1
9.824000E0	1.964800E4	8.240474E3	-2.157561E1	-1.607623E1	2.690636E1	4.953669E4	1.076362E2	4.840862E1
9.828000E0	1.965600E4	7.919664E3	-9.942067E0	-2.601664E1	2.785158E1	4.956909E4	9.600267E1	3.846821E1
9.832000E0	1.966400E4	7.771433E3	4.922114E0	-2.777997E1	2.821266E1	4.960005E4	8.113849E1	3.670488E1
9.836000E0	1.967200E4	7.849347E3	1.853754E1	-2.113245E1	2.811086E1	4.963126E4	6.752307E1	4.335240E1
9.840000E0	1.968000E4	7.968115E3	2.672425E1	-8.250927E0	2.796897E1	4.966284E4	5.933636E1	5.623392E1
9.844000E0	1.968800E4	8.109560E3	2.667441E1	7.148581E0	2.761569E1	4.969500E4	5.938620E1	7.163343E1
9.848000E0	1.969600E4	8.047464E3	1.866299E1	2.052386E1	2.774051E1	4.972772E4	6.739762E1	8.500871E1
9.852000E0	1.970400E4	7.880236E3	5.123809E0	2.733163E1	2.780776E1	4.975938E4	8.093680E1	9.181648E1
9.856000E0	1.971200E4	7.921834E3	-9.779345E0	2.579765E1	2.758903E1	4.979076E4	9.583995E1	9.028250E1
9.860000E0	1.972000E4	8.176002E3	-2.151170E1	1.635386E1	2.702224E1	4.982276E4	1.075723E2	8.083870E1
9.864000E0	1.972800E4	8.420801E3	-2.639620E1	1.767731E0	2.645533E1	4.985617E4	1.124568E2	6.625258E1
9.868000E0	1.973600E4	8.339800E3	-2.309148E1	-1.339815E1	2.669694E1	4.989012E4	1.091521E2	5.108670E1
9.872000E0	1.974400E4	7.985359E3	-1.254639E1	-2.450415E1	2.752936E1	4.992289E4	9.860699E1	3.998069E1
9.876000E0	1.975200E4	7.700928E3	1.972271E0	-2.816200E1	2.823097E1	4.995401E4	8.408834E1	3.632285E1
9.880000E0	1.976000E4	7.767711E3	1.608186E1	-2.340406E1	2.839676E1	4.998449E4	6.997875E1	4.108079E1
9.884000E0	1.976800E4	7.977951E3	2.558738E1	-1.131327E1	2.797685E1	5.001615E4	6.047322E1	5.317158E1
9.888000E0	1.977600E4	8.152258E3	2.731645E1	3.993855E0	2.760687E1	5.004832E4	5.874415E1	6.847870E1
9.892000E0	1.978400E4	8.116453E3	2.069808E1	1.822587E1	2.757885E1	5.008137E4	6.536253E1	8.271072E1
9.896000E0	1.979200E4	7.896325E3	8.013871E0	2.662672E1	2.780655E1	5.011325E4	7.804674E1	9.111157E1
9.900000E0	1.980000E4	7.896474E3	-6.979302E0	2.691640E1	2.780653E1	5.014454E4	9.303991E1	9.140125E1
9.904000E0	1.980800E4	8.110234E3	-1.964680E1	1.869533E1	2.712033E1	5.017642E4	1.057074E2	8.318018E1
9.908000E0	1.981600E4	8.361894E3	-2.619431E1	4.893485E0	2.664747E1	5.020942E4	1.122549E2	6.937833E1
9.912000E0	1.982400E4	8.337360E3	-2.459824E1	-1.060216E1	2.678580E1	5.024332E4	1.106588E2	5.388269E1
9.916000E0	1.983200E4	8.074902E3	-1.529096E1	-2.277007E1	2.742790E1	5.027612E4	1.013516E2	4.171477E1
9.920000E0	1.984000E4	7.843528E3	-1.018980E0	-2.800118E1	2.801971E1	5.030792E4	8.707959E1	3.648367E1
9.924000E0	1.984800E4	7.788150E3	1.361070E1	-2.469099E1	2.819391E1	5.033887E4	7.244990E1	3.979385E1
9.928000E0	1.985600E4	7.925103E3	2.429156E1	-1.390004E1	2.798734E1	5.037022E4	6.176904E1	5.058481E1
9.932000E0	1.986400E4	8.071690E3	2.762926E1	1.093383E0	2.765089E1	5.040227E4	5.843134E1	6.557823E1
9.936000E0	1.987200E4	8.075948E3	2.275177E1	1.580972E1	2.770542E1	5.043479E4	6.330883E1	8.029457E1
9.940000E0	1.988000E4	7.924664E3	1.091097E1	2.554801E1	2.778039E1	5.046687E4	7.514964E1	9.003286E1
9.944000E0	1.988800E4	7.850869E3	-3.958338E0	2.749643E1	2.777988E1	5.049819E4	9.001894E1	9.198127E1
9.948000E0	1.989600E4	8.040535E3	-1.742991E1	2.100880E1	2.729783E1	5.052968E4	1.034905E2	8.549364E1
9.952000E0	1.990400E4	8.317224E3	-2.537173E1	7.991790E0	2.660063E1	5.056252E4	1.114323E2	7.247664E1
9.956000E0	1.991200E4	8.421252E3	-2.539536E1	-7.386941E0	2.644790E1	5.059622E4	1.114560E2	5.709791E1
9.960000E0	1.992000E4	8.254892E3	-1.738932E1	-2.064041E1	2.698917E1	5.062989E4	1.034499E2	4.384444E1
9.964000E0	1.992800E4	7.822942E3	-3.761982E0	-2.767022E1	2.792479E1	5.066226E4	8.982259E1	3.681463E1
9.968000E0	1.993600E4	7.692702E3	1.084020E1	-2.620967E1	2.836295E1	5.069247E4	7.522041E1	3.827518E1
9.972000E0	1.994400E4	7.910990E3	2.269997E1	-1.661430E1	2.813047E1	5.072380E4	6.336064E1	4.787055E1
9.976000E0	1.995200E4	8.064590E3	2.789004E1	-2.068831E0	2.796667E1	5.075576E4	5.817056E1	6.241602E1
9.980000E0	1.996000E4	8.130834E3	2.428191E1	1.308321E1	2.758227E1	5.078832E4	6.177870E1	7.756806E1
9.984000E0	1.996800E4	7.977675E3	1.352635E1	2.420686E1	2.772966E1	5.082080E4	7.253426E1	8.869171E1
9.988000E0	1.997600E4	7.857600E3	-1.037737E0	2.780498E1	2.782434E1	5.085214E4	8.709834E1	9.228983E1
9.992000E0	1.998400E4	8.062096E3	-1.517222E1	2.277979E1	2.736996E1	5.088367E4	1.012328E2	8.726464E1
9.996000E0	1.999200E4	8.330652E3	-2.442610E1	1.055283E1	2.660820E1	5.091663E4	1.104867E2	7.503768E1
1.000000E1	2.000000E4	8.394596E3	-2.605380E1	-4.739643E0	2.648140E1	5.095031E4	1.121144E2	5.974521E1
1.000400E1	2.000800E4	8.218206E3	-1.949635E1	-1.869040E1	2.700812E1	5.098379E4	1.055570E2	4.579444E1
1.000800E1	2.001600E4	7.893598E3	-6.697483E0	-2.697443E1	2.779346E1	5.101606E4	9.275809E1	3.751042E1
1.001200E1	2.002400E4	7.778802E3	8.212647E0	-2.696379E1	2.818676E1	5.104694E4	7.784796E1	3.752106E1
1.001600E1	2.003200E4	7.912331E3	2.092241E1	-1.865009E1	2.802808E1	5.107829E4	6.513819E1	4.583476E1
1.002000E1	2.004000E4	8.104356E3	2.730231E1	-4.697102E0	2.770341E1	5.111024E4	5.875829E1	5.978775E1
1.002400E1	2.004800E4	8.152180E3	2.529664E1	1.080103E1	2.750604E1	5.114312E4	6.076397E1	7.528588E1
1.002800E1	2.005600E4	7.954630E3	1.568678E1	2.278674E1	2.766425E1	5.117546E4	7.037382E1	8.727159E1
1.003200E1	2.006400E4	7.832772E3	1.567735E0	2.767962E1	2.772398E1	5.120676E4	8.449287E1	9.216447E1
1.003600E1	2.007200E4	7.967004E3	-1.291271E1	2.416510E1	2.739872E1	5.123812E4	9.897332E1	8.864994E1
1.004000E1	2.008000E4	8.238463E3	-2.340068E1	1.324252E1	2.688784E1	5.127049E4	1.094613E2	7.772737E1
1.004400E1	2.008800E4	8.414311E3	-2.643549E1	-1.860462E0	2.650088E1	5.130403E4	1.124961E2	6.262439E1
1.004800E1	2.009600E4	8.342620E3	-2.116217E1	-1.642028E1	2.678550E1	5.133781E4	1.072228E2	4.806457E1
1.005200E1	2.010400E4	7.993803E3	-9.109066E0	-2.610873E1	2.765214E1	5.137077E4	9.516967E1	3.837611E1
1.005600E1	2.011200E4	7.759796E3	5.773814E0	-2.773621E1	2.833080E1	5.140176E4	8.028679E1	3.674864E1
1.006000E1	2.012000E4	7.830826E3	1.921044E1	-2.071272E1	2.824991E1	5.143285E4	6.685017E1	4.377213E1
1.006400E1	2.012800E4	8.023426E3	2.686241E1	-7.497155E0	2.788900E1	5.146441E4	5.919820E1	5.698769E1
1.006800E1	2.013600E4	8.211019E3	2.628830E1	8.053411E0	2.749422E1	5.149703E4	5.977230E1	7.253826E1
1.007200E1	2.014400E4	8.071728E3	1.777020E1	2.124841E1	2.769972E1	5.153009E4	6.829041E1	8.573326E1
1.007600E1	2.015200E4	7.860516E3	4.076071E0	2.762394E1	2.792305E1	5.156161E4	8.198453E1	9.210879E1
1.008000E1	2.016000E4	7.934306E3	-1.076329E1	2.538364E1	2.757132E1	5.159298E4	9.682390E1	8.986849E1
1.008400E1	2.016800E4	8.189426E3	-2.220739E1	1.550322E1	2.708354E1	5.162508E4	1.082680E2	7.998807E1
1.008800E1	2.017600E4	8.415248E3	-2.656488E1	6.986186E-1	2.657406E1	5.165849E4	1.126255E2	6.518347E1
1.009200E1	2.018400E4	8.353539E3	-2.274336E1	-1.443486E1	2.693744E1	5.169240E4	1.088040E2	5.004998E1
1.009600E1	2.019200E4	8.007606E3	-1.156017E1	-2.515889E1	2.768767E1	5.172532E4	9.762077E1	3.932596E1
1.010000E1	2.020000E4	7.734101E3	3.194889E0	-2.820079E1	2.838119E1	5.175646E4	8.286572E1	3.628406E1
1.010400E1	2.020800E4	7.845910E3	1.710446E1	-2.253864E1	2.829404E1	5.178719E4	6.895615E1	4.194620E1
1.010800E1	2.021600E4	8.109922E3	2.599838E1	-9.859867E0	2.780526E1	5.181923E4	6.006223E1	5.462498E1
1.011200E1	2.022400E4	8.178816E3	2.683656E1	5.740544E0	2.744366E1	5.185207E4	5.922405E1	7.022539E1
1.011600E1	2.023200E4	8.064998E3	1.959455E1	1.936427E1	2.754853E1	5.188466E4	6.646605E1	8.384912E1
1.012000E1	2.024000E4	7.932355E3	6.437603E0	2.700974E1	2.776632E1	5.191659E4	7.962300E1	9.149459E1
1.012400E1	2.024800E4	7.962816E3	-8.634076E0	2.638453E1	2.776131E1	5.194812E4	9.469468E1	9.086937E1
1.012800E1	2.025600E4	8.163315E3	-2.098101E1	1.742090E1	2.727069E1	5.198030E4	1.070416E2	8.190575E1
1.013200E1	2.026400E4	8.340594E3	-2.659621E1	3.064730E0	2.677221E1	5.201343E4	1.126568E2	6.754958E1
1.013600E1	2.027200E4	8.361842E3	-2.394511E1	-1.221186E1	2.687932E1	5.204702E4	1.100057E2	5.227298E1
1.014000E1	2.028000E4	8.103287E3	-1.360624E1	-2.387502E1	2.747993E1	5.208032E4	9.966684E1	4.060983E1
1.014400E1	2.028800E4	7.839477E3	9.047586E-1	-2.804766E1	2.806225E1	5.211185E4	8.515585E1	3.643719E1
1.014800E1	2.029600E4	7.873130E3	1.542448E1	-2.371785E1	2.829224E1	5.214304E4	7.063613E1	4.076700E1
1.015200E1	2.030400E4	8.039548E3	2.518509E1	-1.183368E1	2.782669E1	5.217483E4	6.087551E1	5.265116E1
1.015600E1	2.031200E4	8.188402E3	2.725347E1	3.517181E0	2.747949E1	5.220735E4	5.880714E1	6.800203E1
1.016000E1	2.032000E4	8.127413E3	2.097173E1	1.781042E1	2.751408E1	5.224034E4	6.508887E1	8.229527E1
1.016400E1	2.032800E4	8.004203E3	8.371324E0	2.634657E1	2.764454E1	5.227237E4	7.768928E1	9.083142E1
1.016800E1	2.033600E4	7.963228E3	-6.877555E0	2.683786E1	2.770508E1	5.230437E4	9.293816E1	9.132271E1
1.017200E1	2.034400E4	8.132088E3	-1.962001E1	1.889477E1	2.723890E1	5.233608E4	1.056806E2	8.337962E1
1.017600E1	2.035200E4	8.398315E3	-2.631573E1	4.910504E0	2.676996E1	5.236943E4	1.123763E2	6.939535E1
1.018000E1	2.036000E4	8.338294E3	-2.462073E1	-1.058568E1	2.679994E1	5.240327E4	1.106813E2	5.389917E1
1.018400E1	2.036800E4	8.095232E3	-1.532164E1	-2.283245E1	2.749679E1	5.243614E4	1.013822E2	4.165240E1
1.018800E1	2.037600E4	7.860578E3	-9.663084E-1	-2.805235E1	2.806899E1	5.246803E4	8.702691E1	3.643249E1
1.019200E1	2.038400E4	7.845803E3	1.377182E1	-2.482338E1	2.838773E1	5.249902E4	7.228879E1	3.966146E1
1.019600E1	2.039200E4	7.996917E3	2.444985E1	-1.366817E1	2.801096E1	5.253079E4	6.161076E1	5.081668E1
1.020000E1	2.040000E4	8.166192E3	2.754505E1	1.441888E0	2.758277E1	5.256300E4	5.851555E1	6.592674E1
1.020400E1	2.040800E4	8.172997E3	2.225769E1	1.624433E1	2.755509E1	5.259612E4	6.380292E1	8.072918E1
1.020800E1	2.041600E4	7.981676E3	1.027811E1	2.593373E1	2.789620E1	5.262838E4	7.578249E1	9.041857E1
1.021200E1	2.042400E4	7.922907E3	-4.802275E0	2.730053E1	2.771968E1	5.265998E4	9.086288E1	9.178538E1
1.021600E1	2.043200E4	8.121538E3	-1.828131E1	2.047259E1	2.744692E1	5.269176E4	1.043419E2	8.495744E1
1.022000E1	2.044000E4	8.424131E3	-2.575907E1	6.926798E0	2.667415E1	5.272495E4	1.118197E2	7.141165E1
1.022400E1	2.044800E4	8.449128E3	-2.524133E1	-8.768618E0	2.672103E1	5.275916E4	1.113019E2	5.571623E1
1.022800E1	2.045600E4	8.148785E3	-1.656152E1	-2.161605E1	2.723119E1	5.279254E4	1.026221E2	4.286880E1
1.023200E1	2.046400E4	7.825496E3	-2.761794E0	-2.790147E1	2.803782E1	5.282435E4	8.882240E1	3.658338E1
1.023600E1	2.047200E4	7.822356E3	1.197482E1	-2.551041E1	2.818115E1	5.285515E4	7.408578E1	3.897444E1
1.024000E1	2.048000E4	8.004943E3	2.345464E1	-1.527478E1	2.798998E1	5.288693E4	6.260597E1	4.921007E1
1.024400E1	2.048800E4	8.155969E3	2.764291E1	-3.930673E-1	2.764570E1	5.291919E4	5.841770E1	6.409178E1
1.024800E1	2.049600E4	8.222427E3	2.330429E1	1.466053E1	2.753218E1	5.295217E4	6.275632E1	7.914538E1
1.025200E1	2.050400E4	8.025327E3	1.173065E1	2.511612E1	2.772052E1	5.298496E4	7.432996E1	8.960096E1
1.025600E1	2.051200E4	7.908293E3	-3.090277E0	2.765382E1	2.782595E1	5.301638E4	8.915088E1	9.213867E1
1.026000E1	2.052000E4	8.117561E3	-1.693821E1	2.150060E1	2.737113E1	5.304823E4	1.029988E2	8.598545E1
1.026400E1	2.052800E4	8.344574E3	-2.533202E1	8.566159E0	2.674117E1	5.308132E4	1.113926E2	7.305101E1
1.026800E1	2.053600E4	8.392822E3	-2.571257E1	-6.883744E0	2.661808E1	5.311499E4	1.117732E2	5.760110E1
1.027200E1	2.054400E4	8.253149E3	-1.799341E1	-2.030879E1	2.713318E1	5.314846E4	1.040540E2	4.417606E1
1.027600E1	2.055200E4	7.969772E3	-4.365620E0	-2.760362E1	2.794671E1	5.318101E4	9.042623E1	3.688123E1
1.028000E1	2.056000E4	7.833611E3	1.070974E1	-2.622052E1	2.832338E1	5.321222E4	7.535086E1	3.826433E1
1.028400E1	2.056800E4	7.940292E3	2.270364E1	-1.668860E1	2.817738E1	5.324368E4	6.335697E1	4.779624E1
1.028800E1	2.057600E4	8.108692E3	2.779227E1	-2.070277E0	2.786927E1	5.327574E4	5.826834E1	6.241457E1
1.029200E1	2.058400E4	8.200515E3	2.424066E1	1.318972E1	2.759671E1	5.330855E4	6.181995E1	7.767457E1
1.029600E1	2.059200E4	8.082069E3	1.329389E1	2.432609E1	2.772159E1	5.334134E4	7.276671E1	8.881094E1
1.030000E1	2.060000E4	7.972175E3	-1.552617E0	2.770241E1	2.774589E1	5.337321E4	8.761322E1	9.218726E1
1.030400E1	2.060800E4	8.065848E3	-1.581564E1	2.248555E1	2.749062E1	5.340512E4	1.018762E2	8.697040E1
1.030800E1	2.061600E4	8.322031E3	-2.490098E1	1.019505E1	2.690721E1	5.343773E4	1.109616E2	7.467990E1
1.031200E1	2.062400E4	8.466088E3	-2.617878E1	-5.420225E0	2.673401E1	5.347170E4	1.122394E2	5.906462E1
1.031600E1	2.063200E4	8.268381E3	-1.903315E1	-1.934351E1	2.713728E1	5.350546E4	1.050938E2	4.514134E1
1.032000E1	2.064000E4	7.931199E3	-5.886338E0	-2.732849E1	2.795524E1	5.353784E4	9.194694E1	3.715636E1
1.032400E1	2.064800E4	7.848674E3	9.193678E0	-2.683275E1	2.836406E1	5.356891E4	7.686693E1	3.765210E1
1.032800E1	2.065600E4	7.983277E3	2.169251E1	-1.779685E1	2.805874E1	5.360063E4	6.436810E1	4.668800E1
1.033200E1	2.066400E4	8.130368E3	2.756455E1	-3.492397E0	2.778491E1	5.363278E4	5.849605E1	6.099245E1
1.033600E1	2.067200E4	8.172293E3	2.493707E1	1.198907E1	2.766940E1	5.366568E4	6.112353E1	7.647392E1
1.034000E1	2.068000E4	8.052036E3	1.472783E1	2.371427E1	2.791551E1	5.369816E4	7.133278E1	8.819912E1
1.034400E1	2.068800E4	7.946050E3	-4.521233E-2	2.777194E1	2.777198E1	5.373009E4	8.610582E1	9.225679E1
1.034800E1	2.069600E4	8.072495E3	-1.439098E1	2.327743E1	2.736675E1	5.376173E4	1.004516E2	8.776228E1
1.035200E1	2.070400E4	8.365809E3	-2.414170E1	1.142553E1	2.670889E1	5.379467E4	1.102023E2	7.591038E1
1.035600E1	2.071200E4	8.483857E3	-2.617563E1	-3.983176E0	2.647696E1	5.382865E4	1.122362E2	6.050167E1
1.036000E1	2.072000E4	8.318104E3	-1.981365E1	-1.818394E1	2.689306E1	5.386254E4	1.058743E2	4.630091E1
1.036400E1	2.072800E4	8.003495E3	-7.106846E0	-2.689304E1	2.781623E1	5.389520E4	9.316745E1	3.759181E1
1.036800E1	2.073600E4	7.872406E3	8.038377E0	-2.701232E1	2.818299E1	5.392657E4	7.802223E1	3.747253E1
1.037200E1	2.074400E4	7.990399E3	2.092378E1	-1.872349E1	2.807799E1	5.395818E4	6.513683E1	4.576136E1
1.037600E1	2.075200E4	8.157656E3	2.743672E1	-4.593672E0	2.781862E1	5.399050E4	5.862388E1	5.989118E1
1.038000E1	2.076000E4	8.175030E3	2.528480E1	1.096147E1	2.755857E1	5.402344E4	6.077581E1	7.544632E1
1.038400E1	2.076800E4	8.046059E3	1.554212E1	2.295173E1	2.771893E1	5.405590E4	7.051848E1	8.743658E1
1.038800E1	2.077600E4	7.984672E3	1.055914E0	2.756367E1	2.758389E1	5.408781E4	8.500469E1	9.204852E1
1.039200E1	2.078400E4	8.092325E3	-1.358838E1	2.375273E1	2.736487E1	5.411977E4	9.964899E1	8.823758E1
1.039600E1	2.079200E4	8.303059E3	-2.386244E1	1.239831E1	2.689115E1	5.415254E4	1.099230E2	7.688315E1
1.040000E1	2.080000E4	8.434714E3	-2.653260E1	-2.881116E0	2.668857E1	5.418620E4	1.125932E2	6.160373E1
1.040400E1	2.080800E4	8.308830E3	-2.076364E1	-1.743666E1	2.711394E1	5.422002E4	1.068242E2	4.704819E1
1.040800E1	2.081600E4	8.017349E3	-8.295854E0	-2.658258E1	2.784699E1	5.425267E4	9.435646E1	3.790226E1
1.041200E1	2.082400E4	7.881138E3	6.917583E0	-2.741591E1	2.827516E1	5.428416E4	7.914302E1	3.706894E1
1.041600E1	2.083200E4	7.977633E3	2.017566E1	-1.967686E1	2.818219E1	5.431572E4	6.588495E1	4.480799E1
1.042000E1	2.084000E4	8.165389E3	2.715460E1	-5.780631E0	2.776307E1	5.434798E4	5.890601E1	5.870422E1
1.042400E1	2.084800E4	8.265582E3	2.568887E1	9.881716E0	2.752392E1	5.438104E4	6.037174E1	7.436656E1
1.042800E1	2.085600E4	8.117190E3	1.620554E1	2.239284E1	2.764161E1	5.441411E4	6.985507E1	8.687769E1
1.043200E1	2.086400E4	7.962467E3	1.946645E0	2.768361E1	2.775197E1	5.444598E4	8.411396E1	9.216846E1
1.043600E1	2.087200E4	8.054054E3	-1.279488E1	2.426073E1	2.742794E1	5.447781E4	9.885549E1	8.874558E1
1.044000E1	2.088000E4	8.314163E3	-2.348626E1	1.333655E1	2.700867E1	5.451041E4	1.095469E2	7.782140E1
1.044400E1	2.088800E4	8.488001E3	-2.646106E1	-1.998930E0	2.653646E1	5.454432E4	1.125217E2	6.248592E1
1.044800E1	2.089600E4	8.380637E3	-2.099830E1	-1.659188E1	2.676227E1	5.457831E4	1.070589E2	4.789297E1
1.045200E1	2.090400E4	8.060102E3	-8.867113E0	-2.629517E1	2.774998E1	5.461137E4	9.492772E1	3.818968E1
1.045600E1	2.091200E4	7.851893E3	6.265001E0	-2.758670E1	2.828916E1	5.464279E4	7.979561E1	3.689814E1
1.046000E1	2.092000E4	7.961167E3	1.959879E1	-2.016775E1	2.812207E1	5.467418E4	6.646182E1	4.431710E1
1.046400E1	2.092800E4	8.148155E3	2.714404E1	-6.524566E0	2.791718E1	5.470648E4	5.891657E1	5.796028E1
1.046800E1	2.093600E4	8.276118E3	2.601518E1	9.143800E0	2.757533E1	5.473937E4	6.004542E1	7.362865E1
1.047200E1	2.094400E4	8.158305E3	1.678328E1	2.202583E1	2.769144E1	5.477269E4	6.927732E1	8.651068E1
1.047600E1	2.095200E4	7.944795E3	2.611283E0	2.778995E1	2.791237E1	5.480463E4	8.344932E1	9.227480E1
1.048000E1	2.096000E4	8.063050E3	-1.214143E1	2.461863E1	2.744979E1	5.483625E4	9.820203E1	8.910348E1
1.048400E1	2.096800E4	8.363807E3	-2.304614E1	1.377297E1	2.684808E1	5.486914E4	1.091067E2	7.825782E1
1.048800E1	2.097600E4	8.544641E3	-2.655627E1	-1.467094E0	2.659677E1	5.490316E4	1.126169E2	6.301775E1
1.049200E1	2.098400E4	8.431649E3	-2.146506E1	-1.646685E1	2.705376E1	5.493749E4	1.075257E2	4.801800E1
1.049600E1	2.099200E4	8.058813E3	-9.218813E0	-2.620052E1	2.777506E1	5.497062E4	9.527942E1	3.828432E1
1.050000E1	2.100000E4	7.841669E3	5.873709E0	-2.771925E1	2.833474E1	5.500196E4	8.018690E1	3.676559E1
1.050400E1	2.100800E4	7.935794E3	1.942925E1	-2.058279E1	2.830454E1	5.503335E4	6.663136E1	4.390206E1
1.050800E1	2.101600E4	8.167858E3	2.694310E1	-6.992873E0	2.783578E1	5.506545E4	5.911751E1	5.749198E1
1.051200E1	2.102400E4	8.288853E3	2.614759E1	8.846139E0	2.760345E1	5.509869E4	5.991302E1	7.333099E1
1.051600E1	2.103200E4	8.173633E3	1.709066E1	2.168810E1	2.761276E1	5.513176E4	6.896994E1	8.617295E1
1.052000E1	2.104000E4	8.000498E3	2.848137E0	2.746965E1	2.761691E1	5.516408E4	8.321247E1	9.195450E1
1.052400E1	2.104800E4	8.067752E3	-1.194942E1	2.475697E1	2.748993E1	5.519577E4	9.801002E1	8.924182E1
1.052800E1	2.105600E4	8.331648E3	-2.301829E1	1.403798E1	2.696120E1	5.522862E4	1.090789E2	7.852283E1
1.053200E1	2.106400E4	8.515767E3	-2.659319E1	-1.123114E0	2.661689E1	5.526242E4	1.126538E2	6.336173E1
1.053600E1	2.107200E4	8.397356E3	-2.164070E1	-1.615911E1	2.700809E1	5.529675E4	1.077013E2	4.832574E1
1.054000E1	2.108000E4	8.050066E3	-9.721633E0	-2.613677E1	2.788621E1	5.532960E4	9.578224E1	3.834808E1
1.054400E1	2.108800E4	7.935824E3	5.490428E0	-2.785824E1	2.839412E1	5.536115E4	8.057018E1	3.662661E1
1.054800E1	2.109600E4	8.025138E3	1.926469E1	-2.059837E1	2.820321E1	5.539308E4	6.679592E1	4.388648E1
1.055200E1	2.110400E4	8.147199E3	2.692765E1	-7.039064E0	2.783248E1	5.542535E4	5.913295E1	5.744578E1
1.055600E1	2.111200E4	8.288066E3	2.616506E1	8.633705E0	2.755270E1	5.545826E4	5.989555E1	7.311855E1
1.056000E1	2.112000E4	8.208234E3	1.707403E1	2.158448E1	2.752112E1	5.549165E4	6.898658E1	8.606933E1
1.056400E1	2.112800E4	8.030888E3	2.925010E0	2.749376E1	2.764891E1	5.552393E4	8.313560E1	9.197861E1
1.056800E1	2.113600E4	8.102351E3	-1.198623E1	2.468252E1	2.743896E1	5.555590E4	9.804684E1	8.916737E1
1.057200E1	2.114400E4	8.386518E3	-2.299129E1	1.395362E1	2.689429E1	5.558875E4	1.090519E2	7.843847E1
1.057600E1	2.115200E4	8.541929E3	-2.661126E1	-1.391889E0	2.664764E1	5.562299E4	1.126719E2	6.309296E1
1.058000E1	2.116000E4	8.371561E3	-2.159220E1	-1.631909E1	2.706540E1	5.565708E4	1.076528E2	4.816576E1
1.058400E1	2.116800E4	8.041412E3	-9.555092E0	-2.620484E1	2.789253E1	5.568997E4	9.561570E1	3.828001E1
1.058800E1	2.117600E4	7.916524E3	5.615981E0	-2.782011E1	2.838130E1	5.572141E4	8.044462E1	3.666473E1
1.059200E1	2.118400E4	8.037663E3	1.930662E1	-2.048857E1	2.815186E1	5.575330E4	6.675399E1	4.399628E1
1.059600E1	2.119200E4	8.210491E3	2.696750E1	-6.866867E0	2.782804E1	5.578571E4	5.909310E1	5.761798E1
1.060000E1	2.120000E4	8.299404E3	2.603738E1	8.956598E0	2.753481E1	5.581898E4	6.002323E1	7.344145E1
1.060400E1	2.120800E4	8.191435E3	1.695602E1	2.178828E1	2.760862E1	5.585211E4	6.910458E1	8.627313E1
1.060800E1	2.121600E4	8.018859E3	2.645771E0	2.754886E1	2.767562E1	5.588451E4	8.341483E1	9.203371E1
1.061200E1	2.122400E4	8.097138E3	-1.212543E1	2.457691E1	2.740530E1	5.591626E4	9.818603E1	8.906175E1
1.061600E1	2.123200E4	8.395852E3	-2.307107E1	1.370334E1	2.683386E1	5.594929E4	1.091317E2	7.818819E1
1.062000E1	2.124000E4	8.566919E3	-2.653633E1	-1.589102E0	2.658387E1	5.598343E4	1.125969E2	6.289575E1
1.062400E1	2.124800E4	8.436348E3	-2.136605E1	-1.658913E1	2.705009E1	5.601783E4	1.074267E2	4.789572E1
1.062800E1	2.125600E4	8.095065E3	-9.079826E0	-2.624733E1	2.777346E1	5.605092E4	9.514043E1	3.823752E1
1.063200E1	2.126400E4	7.927211E3	6.190483E0	-2.772382E1	2.840655E1	5.608259E4	7.987012E1	3.676103E1
1.063600E1	2.127200E4	7.990734E3	1.970292E1	-2.016534E1	2.819302E1	5.611434E4	6.635768E1	4.431951E1
1.064000E1	2.128000E4	8.159531E3	2.716514E1	-6.515239E0	2.793552E1	5.614651E4	5.889547E1	5.796961E1
1.064400E1	2.128800E4	8.323506E3	2.597133E1	9.253962E0	2.757074E1	5.617961E4	6.008928E1	7.373881E1
1.064800E1	2.129600E4	8.185541E3	1.663004E1	2.215000E1	2.769803E1	5.621310E4	6.943057E1	8.663485E1
1.065200E1	2.130400E4	8.049116E3	2.373892E0	2.766782E1	2.776948E1	5.624510E4	8.368671E1	9.215267E1
1.065600E1	2.131200E4	8.142962E3	-1.268681E1	2.437736E1	2.748109E1	5.627749E4	9.874741E1	8.886220E1
1.066000E1	2.132000E4	8.390767E3	-2.342794E1	1.339573E1	2.698729E1	5.631024E4	1.094885E2	7.788058E1
1.066400E1	2.132800E4	8.601213E3	-2.646677E1	-2.138832E0	2.655305E1	5.634462E4	1.125274E2	6.234602E1
1.066800E1	2.133600E4	8.427783E3	-2.087181E1	-1.693151E1	2.687579E1	5.637905E4	1.069324E2	4.755334E1
1.067200E1	2.134400E4	8.073758E3	-8.537410E0	-2.634177E1	2.769072E1	5.641204E4	9.459802E1	3.814308E1
1.067600E1	2.135200E4	7.930157E3	6.654942E0	-2.742547E1	2.822135E1	5.644364E4	7.940566E1	3.705938E1
1.068000E1	2.136000E4	8.062325E3	2.009890E1	-1.976240E1	2.818720E1	5.647548E4	6.596171E1	4.472245E1
1.068400E1	2.136800E4	8.239821E3	2.721389E1	-5.715964E0	2.780769E1	5.650814E4	5.884672E1	5.876888E1
1.068800E1	2.137600E4	8.321309E3	2.566207E1	1.005801E1	2.756275E1	5.654140E4	6.039854E1	7.454285E1
1.069200E1	2.138400E4	8.170346E3	1.606382E1	2.269496E1	2.780481E1	5.657471E4	6.999678E1	8.717980E1
1.069600E1	2.139200E4	8.031425E3	1.569561E0	2.776925E1	2.781357E1	5.660676E4	8.449105E1	9.225410E1
1.070000E1	2.140000E4	8.170959E3	-1.324909E1	2.394141E1	2.736292E1	5.663896E4	9.930969E1	8.842626E1
1.070400E1	2.140800E4	8.463848E3	-2.355637E1	1.245526E1	2.664650E1	5.667213E4	1.096170E2	7.694011E1
1.070800E1	2.141600E4	8.631049E3	-2.638516E1	-3.085895E0	2.656500E1	5.670667E4	1.124458E2	6.139895E1
1.071200E1	2.142400E4	8.408594E3	-2.036275E1	-1.781436E1	2.705537E1	5.674118E4	1.064234E2	4.667049E1
1.071600E1	2.143200E4	8.053135E3	-7.697226E0	-2.673687E1	2.782278E1	5.677394E4	9.375783E1	3.774798E1
1.072000E1	2.144000E4	7.940639E3	7.606625E0	-2.723260E1	2.827499E1	5.680561E4	7.845398E1	3.725225E1
1.072400E1	2.144800E4	8.035807E3	2.082938E1	-1.911028E1	2.826775E1	5.683746E4	6.523123E1	4.537457E1
1.072800E1	2.145600E4	8.246601E3	2.746988E1	-4.896793E0	2.790292E1	5.686989E4	5.859073E1	5.958806E1
1.073200E1	2.146400E4	8.338481E3	2.523359E1	1.093913E1	2.750270E1	5.690344E4	6.082702E1	7.542398E1
1.073600E1	2.147200E4	8.198984E3	1.515523E1	2.298451E1	2.753123E1	5.693660E4	7.090537E1	8.746936E1
1.074000E1	2.148000E4	8.084863E3	4.712258E-1	2.781198E1	2.781598E1	5.696903E4	8.558938E1	9.229683E1
1.074400E1	2.148800E4	8.169900E3	-1.429168E1	2.352478E1	2.752576E1	5.700128E4	1.003523E2	8.800963E1
1.074800E1	2.149600E4	8.459443E3	-2.422320E1	1.161179E1	2.686256E1	5.703439E4	1.102838E2	7.609663E1
1.075200E1	2.150400E4	8.622493E3	-2.618532E1	-4.126220E0	2.650843E1	5.706895E4	1.122459E2	6.035863E1
1.075600E1	2.151200E4	8.423615E3	-1.963840E1	-1.855064E1	2.701468E1	5.710337E4	1.056990E2	4.593421E1
1.076000E1	2.152000E4	8.050859E3	-6.600821E0	-2.716794E1	2.795832E1	5.713634E4	9.266143E1	3.731691E1
1.076400E1	2.152800E4	7.962717E3	8.637062E0	-2.694116E1	2.829178E1	5.716778E4	7.742354E1	3.754369E1
1.076800E1	2.153600E4	8.064496E3	2.152142E1	-1.802947E1	2.807549E1	5.720005E4	6.453919E1	4.645537E1
1.077200E1	2.154400E4	8.219829E3	2.765994E1	-3.744054E0	2.791219E1	5.723229E4	5.840066E1	6.074079E1
1.077600E1	2.155200E4	8.321329E3	2.495946E1	1.206812E1	2.772389E1	5.726580E4	6.110114E1	7.655297E1
1.078000E1	2.156000E4	8.212169E3	1.442100E1	2.387008E1	2.788810E1	5.729886E4	7.163961E1	8.835493E1
1.078400E1	2.156800E4	8.115129E3	-7.264264E-1	2.771264E1	2.772216E1	5.733150E4	8.678703E1	9.219749E1
1.078800E1	2.157600E4	8.237334E3	-1.521201E1	2.273807E1	2.735736E1	5.736378E4	1.012726E2	8.722292E1
1.079200E1	2.158400E4	8.479334E3	-2.470602E1	1.028402E1	2.676095E1	5.739740E4	1.107666E2	7.476887E1
1.079600E1	2.159200E4	8.565640E3	-2.609294E1	-5.364476E0	2.663868E1	5.743162E4	1.121536E2	5.912037E1
1.080000E1	2.160000E4	8.415348E3	-1.889161E1	-1.951188E1	2.715891E1	5.746593E4	1.049522E2	4.497297E1
1.080400E1	2.160800E4	8.079393E3	-5.359804E0	-2.742149E1	2.794039E1	5.749894E4	9.142041E1	3.706336E1
1.080800E1	2.161600E4	7.941464E3	9.962789E0	-2.656120E1	2.836819E1	5.753056E4	7.609782E1	3.792365E1
1.081200E1	2.162400E4	8.046110E3	2.237441E1	-1.718580E1	2.821287E1	5.756247E4	6.368620E1	4.729905E1
1.081600E1	2.163200E4	8.260548E3	2.760958E1	-2.449832E0	2.771806E1	5.759493E4	5.845103E1	6.203502E1
1.082000E1	2.164000E4	8.369626E3	2.424590E1	1.319542E1	2.760403E1	5.762856E4	6.181471E1	7.768027E1
1.082400E1	2.164800E4	8.205019E3	1.303605E1	2.440038E1	2.766436E1	5.766189E4	7.302455E1	8.888523E1
1.082800E1	2.165600E4	8.076094E3	-2.032853E0	2.770443E1	2.777891E1	5.769420E4	8.809346E1	9.218928E1
1.083200E1	2.166400E4	8.257661E3	-1.623692E1	2.194686E1	2.730022E1	5.772650E4	1.022975E2	8.643170E1
1.083600E1	2.167200E4	8.496790E3	-2.512611E1	9.017267E0	2.669517E1	5.776026E4	1.111867E2	7.350212E1
1.084000E1	2.168000E4	8.564483E3	-2.571402E1	-6.635465E0	2.655636E1	5.779447E4	1.117746E2	5.784938E1
1.084400E1	2.168800E4	8.387981E3	-1.787448E1	-2.039902E1	2.712226E1	5.782877E4	1.039351E2	4.408583E1
1.084800E1	2.169600E4	8.058823E3	-4.095013E0	-2.764217E1	2.794385E1	5.786157E4	9.015562E1	3.684267E1
1.085200E1	2.170400E4	8.008959E3	1.116049E1	-2.598377E1	2.827919E1	5.789324E4	7.490012E1	3.850108E1
1.085600E1	2.171200E4	8.139590E3	2.312429E1	-1.580690E1	2.801055E1	5.792564E4	6.293631E1	4.867795E1
1.086000E1	2.172000E4	8.275168E3	2.763407E1	-7.906680E-1	2.764538E1	5.795836E4	5.842653E1	6.369418E1
1.086400E1	2.172800E4	8.277870E3	2.357319E1	1.464238E1	2.775058E1	5.799185E4	6.248742E1	7.912723E1
1.086800E1	2.173600E4	8.118322E3	1.194970E1	2.514795E1	2.784267E1	5.802458E4	7.411091E1	8.963279E1
1.087200E1	2.174400E4	8.085455E3	-3.295936E0	2.766982E1	2.786543E1	5.805679E4	8.935654E1	9.215467E1
1.087600E1	2.175200E4	8.261771E3	-1.719538E1	2.103283E1	2.716728E1	5.808927E4	1.032560E2	8.551768E1
1.088000E1	2.176000E4	8.581296E3	-2.535168E1	7.805472E0	2.652608E1	5.812289E4	1.114123E2	7.229032E1
1.088400E1	2.176800E4	8.668374E3	-2.517903E1	-8.141370E0	2.646253E1	5.815792E4	1.112396E2	5.634348E1
1.088800E1	2.177600E4	8.342759E3	-1.667109E1	-2.151862E1	2.722088E1	5.819223E4	1.027317E2	4.296623E1
1.089200E1	2.178400E4	7.960307E3	-2.618411E0	-2.801366E1	2.813577E1	5.822466E4	8.867902E1	3.647118E1
1.089600E1	2.179200E4	7.962813E3	1.235587E1	-2.542728E1	2.827038E1	5.825592E4	7.370474E1	3.905757E1
1.090000E1	2.180000E4	8.166894E3	2.377171E1	-1.464583E1	2.792122E1	5.828836E4	6.228890E1	4.983902E1
1.090400E1	2.180800E4	8.285963E3	2.771961E1	6.056379E-1	2.772623E1	5.832125E4	5.834099E1	6.509049E1
1.090800E1	2.181600E4	8.311537E3	2.277916E1	1.574385E1	2.769041E1	5.835465E4	6.328144E1	8.022870E1
1.091200E1	2.182400E4	8.141019E3	1.051877E1	2.570354E1	2.777259E1	5.838774E4	7.554183E1	9.018839E1
1.091600E1	2.183200E4	8.094633E3	-4.694250E0	2.723777E1	2.763932E1	5.841978E4	9.075486E1	9.172262E1
1.092000E1	2.184000E4	8.291645E3	-1.842815E1	2.011009E1	2.727659E1	5.845250E4	1.044888E2	8.459494E1
1.092400E1	2.184800E4	8.578790E3	-2.580419E1	6.380323E0	2.658129E1	5.848611E4	1.118648E2	7.086517E1
1.092800E1	2.185600E4	8.625646E3	-2.487705E1	-9.614882E0	2.667046E1	5.852113E4	1.109377E2	5.486997E1
1.093200E1	2.186400E4	8.304587E3	-1.561982E1	-2.240450E1	2.731191E1	5.855512E4	1.016804E2	4.208035E1
1.093600E1	2.187200E4	8.001031E3	-1.192603E0	-2.807995E1	2.810527E1	5.858757E4	8.725321E1	3.640489E1
1.094000E1	2.188000E4	8.031233E3	1.381102E1	-2.478798E1	2.837584E1	5.861913E4	7.224958E1	3.969687E1
1.094400E1	2.188800E4	8.163377E3	2.471090E1	-1.323994E1	2.803435E1	5.865182E4	6.134971E1	5.124490E1
1.094800E1	2.189600E4	8.283445E3	2.766837E1	2.144551E0	2.775136E1	5.868443E4	5.839223E1	6.662940E1
1.095200E1	2.190400E4	8.337524E3	2.183605E1	1.711269E1	2.774270E1	5.871809E4	6.422456E1	8.159754E1
1.095600E1	2.191200E4	8.159809E3	9.019682E0	2.639284E1	2.789152E1	5.875113E4	7.704092E1	9.087769E1
1.096000E1	2.192000E4	8.055148E3	-6.426028E0	2.704920E1	2.780203E1	5.878336E4	9.248663E1	9.153405E1
1.096400E1	2.192800E4	8.289426E3	-1.942474E1	1.903974E1	2.719986E1	5.881557E4	1.054853E2	8.352459E1
1.096800E1	2.193600E4	8.668010E3	-2.606821E1	4.747116E0	2.649692E1	5.884968E4	1.121288E2	6.923196E1
1.097200E1	2.194400E4	8.658585E3	-2.403210E1	-1.116427E1	2.649873E1	5.888492E4	1.100927E2	5.332058E1
1.097600E1	2.195200E4	8.285835E3	-1.414969E1	-2.350070E1	2.743167E1	5.891895E4	1.002103E2	4.098415E1
1.098000E1	2.196000E4	8.013471E3	5.921450E-1	-2.816964E1	2.817587E1	5.895120E4	8.546846E1	3.631520E1
1.098400E1	2.196800E4	8.024252E3	1.550247E1	-2.382092E1	2.842117E1	5.898306E4	7.055813E1	4.066393E1
1.098800E1	2.197600E4	8.132192E3	2.555603E1	-1.170142E1	2.810754E1	5.901540E4	6.050458E1	5.278343E1
1.099200E1	2.198400E4	8.239300E3	2.754576E1	3.926871E0	2.782426E1	5.904811E4	5.851484E1	6.841172E1
1.099600E1	2.199200E4	8.270453E3	2.087226E1	1.834489E1	2.778824E1	5.908131E4	6.518835E1	8.282974E1
1.100000E1	2.200000E4	8.152775E3	7.533174E0	2.675876E1	2.779892E1	5.911428E4	7.852743E1	9.124360E1
1.100400E1	2.200800E4	8.162118E3	-7.830307E0	2.637577E1	2.751354E1	5.914653E4	9.389091E1	9.086062E1
1.100800E1	2.201600E4	8.417652E3	-2.053445E1	1.749234E1	2.697491E1	5.917957E4	1.065951E2	8.197719E1
1.101200E1	2.202400E4	8.641444E3	-2.644069E1	2.836870E0	2.659244E1	5.921388E4	1.125013E2	6.732172E1
1.101600E1	2.203200E4	8.584958E3	-2.352782E1	-1.288400E1	2.682454E1	5.924871E4	1.095884E2	5.160085E1
1.102000E1	2.204000E4	8.239172E3	-1.263880E1	-2.433667E1	2.742286E1	5.928256E4	9.869941E1	4.014818E1
1.102400E1	2.204800E4	7.932804E3	2.274274E0	-2.815099E1	2.824271E1	5.931462E4	8.378633E1	3.633386E1
1.102800E1	2.205600E4	8.042202E3	1.664383E1	-2.289301E1	2.830384E1	5.934602E4	6.941678E1	4.159184E1
1.103200E1	2.206400E4	8.205623E3	2.608317E1	-1.003516E1	2.794702E1	5.937896E4	5.997744E1	5.444969E1
1.103600E1	2.207200E4	8.313271E3	2.695769E1	5.564582E0	2.752601E1	5.941166E4	5.910292E1	7.004943E1
1.104000E1	2.208000E4	8.343150E3	1.940054E1	1.971636E1	2.766073E1	5.944546E4	6.666007E1	8.420121E1
1.104400E1	2.208800E4	8.125374E3	5.569581E0	2.715294E1	2.771827E1	5.947841E4	8.049103E1	9.163779E1
1.104800E1	2.209600E4	8.144591E3	-9.668803E0	2.590782E1	2.765323E1	5.951047E4	9.572941E1	9.039267E1
1.105200E1	2.210400E4	8.390588E3	-2.178588E1	1.608244E1	2.707895E1	5.954357E4	1.078465E2	8.056729E1
1.105600E1	2.211200E4	8.576199E3	-2.668570E1	1.122992E0	2.670932E1	5.957759E4	1.127463E2	6.560784E1
1.106000E1	2.212000E4	8.566557E3	-2.276024E1	-1.431883E1	2.688973E1	5.961217E4	1.088208E2	5.016601E1
1.106400E1	2.212800E4	8.237071E3	-1.117288E1	-2.524008E1	2.760244E1	5.964612E4	9.723348E1	3.924477E1
1.106800E1	2.213600E4	7.959657E3	3.979387E0	-2.806164E1	2.834239E1	5.967807E4	8.208122E1	3.642321E1
1.107200E1	2.214400E4	8.066812E3	1.812489E1	-2.175417E1	2.831529E1	5.970980E4	6.793572E1	4.273068E1
1.107600E1	2.215200E4	8.228726E3	2.661795E1	-8.338641E0	2.789352E1	5.974261E4	5.944265E1	5.614621E1
1.108000E1	2.216000E4	8.359246E3	2.659407E1	7.440116E0	2.761521E1	5.977563E4	5.946653E1	7.192496E1
1.108400E1	2.216800E4	8.317742E3	1.799810E1	2.105795E1	2.770142E1	5.980948E4	6.806251E1	8.554280E1
1.108800E1	2.217600E4	8.080864E3	3.788155E0	2.755316E1	2.781235E1	5.984217E4	8.227245E1	9.203801E1
1.109200E1	2.218400E4	8.148161E3	-1.127447E1	2.517303E1	2.758251E1	5.987413E4	9.733508E1	8.965788E1
1.109600E1	2.219200E4	8.465160E3	-2.266109E1	1.451632E1	2.691186E1	5.990736E4	1.087217E2	7.900117E1
1.110000E1	2.220000E4	8.621216E3	-2.663385E1	-8.592842E-1	2.664770E1	5.994185E4	1.126945E2	6.362556E1
1.110400E1	2.220800E4	8.484016E3	-2.168847E1	-1.594737E1	2.692041E1	5.997633E4	1.077491E2	4.853748E1
1.110800E1	2.221600E4	8.207162E3	-9.561093E0	-2.587476E1	2.758474E1	6.000972E4	9.562170E1	3.861008E1
1.111200E1	2.222400E4	8.060134E3	5.817730E0	-2.740775E1	2.801840E1	6.004198E4	8.024288E1	3.707710E1
1.111600E1	2.223200E4	8.118128E3	1.957661E1	-2.013031E1	2.807976E1	6.007420E4	6.648400E1	4.435454E1
1.112000E1	2.224000E4	8.239895E3	2.716129E1	-6.306095E0	2.788374E1	6.010693E4	5.889931E1	5.817875E1
1.112400E1	2.224800E4	8.382487E3	2.586862E1	9.476937E0	2.754992E1	6.014012E4	6.019198E1	7.396179E1
1.112800E1	2.225600E4	8.280570E3	1.626464E1	2.237731E1	2.766374E1	6.017399E4	6.979596E1	8.686216E1
1.113200E1	2.226400E4	8.105575E3	1.761268E0	2.772275E1	2.777864E1	6.020636E4	8.429934E1	9.220760E1
1.113600E1	2.227200E4	8.181112E3	-1.320355E1	2.398385E1	2.737807E1	6.023883E4	9.926415E1	8.846870E1
1.114000E1	2.228000E4	8.492774E3	-2.363894E1	1.266781E1	2.681926E1	6.027181E4	1.096995E2	7.715266E1
1.114400E1	2.228800E4	8.700401E3	-2.644553E1	-3.142101E0	2.663154E1	6.030678E4	1.125061E2	6.134275E1
1.114800E1	2.229600E4	8.496677E3	-2.026522E1	-1.787682E1	2.702332E1	6.034142E4	1.063258E2	4.660802E1
1.115200E1	2.230400E4	8.141867E3	-7.295507E0	-2.675813E1	2.773485E1	6.037475E4	9.335611E1	3.772672E1
1.115600E1	2.231200E4	7.975798E3	8.055594E0	-2.710515E1	2.827688E1	6.040655E4	7.800501E1	3.737970E1
1.116000E1	2.232000E4	8.114268E3	2.114708E1	-1.867282E1	2.821122E1	6.043856E4	6.491353E1	4.581203E1
1.116400E1	2.232800E4	8.293088E3	2.750956E1	-4.128031E0	2.781756E1	6.047147E4	5.855105E1	6.035682E1
1.116800E1	2.233600E4	8.325438E3	2.506971E1	1.163712E1	2.763897E1	6.050490E4	6.099090E1	7.612197E1
1.117200E1	2.234400E4	8.224653E3	1.464554E1	2.350113E1	2.769106E1	6.053807E4	7.141507E1	8.798598E1
1.117600E1	2.235200E4	8.132762E3	-3.366942E-1	2.765612E1	2.765817E1	6.057070E4	8.639730E1	9.214097E1
1.118000E1	2.236000E4	8.287600E3	-1.488309E1	2.280313E1	2.723029E1	6.060313E4	1.009437E2	8.728797E1
1.118400E1	2.236800E4	8.568519E3	-2.450971E1	1.040461E1	2.662672E1	6.063700E4	1.105703E2	7.488946E1
1.118800E1	2.237600E4	8.649316E3	-2.587725E1	-5.349372E0	2.642438E1	6.067168E4	1.119379E2	5.913548E1
1.119200E1	2.238400E4	8.399816E3	-1.877504E1	-1.957352E1	2.712240E1	6.070619E4	1.048356E2	4.491133E1
1.119600E1	2.239200E4	8.065837E3	-5.389971E0	-2.741781E1	2.794259E1	6.073888E4	9.145058E1	3.706703E1
1.120000E1	2.240000E4	8.011506E3	1.003941E1	-2.654118E1	2.837647E1	6.077072E4	7.602119E1	3.794367E1
1.120400E1	2.240800E4	8.163437E3	2.245842E1	-1.694189E1	2.813198E1	6.080297E4	6.360219E1	4.754296E1
1.120800E1	2.241600E4	8.336633E3	2.766294E1	-1.921272E0	2.772958E1	6.083603E4	5.839767E1	6.256358E1
1.121200E1	2.242400E4	8.337613E3	2.406365E1	1.370528E1	2.769285E1	6.086966E4	6.199695E1	7.819013E1
1.121600E1	2.243200E4	8.193149E3	1.273086E1	2.469510E1	2.778350E1	6.090273E4	7.332975E1	8.917995E1
1.122000E1	2.244000E4	8.121333E3	-2.517260E0	2.761434E1	2.772884E1	6.093521E4	8.857787E1	9.209919E1
1.122400E1	2.244800E4	8.300969E3	-1.667051E1	2.157022E1	2.726134E1	6.096770E4	1.027311E2	8.605507E1
1.122800E1	2.245600E4	8.611681E3	-2.533603E1	8.420167E0	2.669857E1	6.100162E4	1.113966E2	7.290502E1
1.123200E1	2.246400E4	8.685173E3	-2.541133E1	-7.571599E0	2.651537E1	6.103659E4	1.114719E2	5.691325E1
1.123600E1	2.247200E4	8.413284E3	-1.699804E1	-2.106417E1	2.706718E1	6.107110E4	1.030586E2	4.342068E1
1.124000E1	2.248000E4	8.044191E3	-2.990909E0	-2.797881E1	2.813822E1	6.110390E4	8.905152E1	3.650604E1
1.124400E1	2.248800E4	7.992320E3	1.216543E1	-2.556133E1	2.830864E1	6.113545E4	7.389518E1	3.892352E1
1.124800E1	2.249600E4	8.168874E3	2.375004E1	-1.493486E1	2.805556E1	6.116784E4	6.231057E1	4.954999E1
1.125200E1	2.250400E4	8.295245E3	2.783180E1	3.897056E-1	2.783453E1	6.120080E4	5.822881E1	6.487455E1
1.125600E1	2.251200E4	8.314784E3	2.296584E1	1.560688E1	2.776696E1	6.123420E4	6.309477E1	8.009173E1
1.126000E1	2.252000E4	8.174993E3	1.073598E1	2.569097E1	2.784398E1	6.126732E4	7.532463E1	9.017582E1
1.126400E1	2.252800E4	8.135309E3	-4.612057E0	2.727169E1	2.765893E1	6.129960E4	9.067266E1	9.175654E1
1.126800E1	2.253600E4	8.316500E3	-1.842310E1	2.017378E1	2.732018E1	6.133240E4	1.044837E2	8.465863E1
1.127200E1	2.254400E4	8.584848E3	-2.586742E1	6.386800E0	2.664422E1	6.136613E4	1.119280E2	7.087165E1
1.127600E1	2.255200E4	8.624690E3	-2.483747E1	-9.574889E0	2.661914E1	6.140108E4	1.108981E2	5.490996E1
1.128000E1	2.256000E4	8.348650E3	-1.560155E1	-2.238784E1	2.728779E1	6.143513E4	1.016622E2	4.209701E1
1.128400E1	2.256800E4	8.060067E3	-1.043361E0	-2.806529E1	2.808468E1	6.146787E4	8.710397E1	3.641956E1
1.128800E1	2.257600E4	8.035456E3	1.397387E1	-2.458964E1	2.828284E1	6.149961E4	7.208674E1	3.989521E1
1.129200E1	2.258400E4	8.146742E3	2.474832E1	-1.307338E1	2.798915E1	6.153215E4	6.131229E1	5.141146E1
1.129600E1	2.259200E4	8.303516E3	2.762948E1	2.311741E0	2.772603E1	6.156478E4	5.843112E1	6.679659E1
1.130000E1	2.260000E4	8.352615E3	2.162516E1	1.725247E1	2.766397E1	6.159858E4	6.443544E1	8.173731E1
1.130400E1	2.260800E4	8.174150E3	8.775406E0	2.638550E1	2.780651E1	6.163160E4	7.728520E1	9.087034E1
1.130800E1	2.261600E4	8.178989E3	-6.684582E0	2.685848E1	2.767782E1	6.166398E4	9.274519E1	9.134333E1
1.131200E1	2.262400E4	8.386680E3	-1.984237E1	1.848028E1	2.711531E1	6.169704E4	1.059030E2	8.296513E1
1.131600E1	2.263200E4	8.585551E3	-2.631794E1	4.135702E0	2.664091E1	6.173107E4	1.123786E2	6.862055E1
1.132000E1	2.264000E4	8.581872E3	-2.399570E1	-1.155867E1	2.663449E1	6.176572E4	1.100563E2	5.292618E1
1.132400E1	2.264800E4	8.301709E3	-1.382790E1	-2.368670E1	2.742756E1	6.179972E4	9.988851E1	4.079814E1
1.132800E1	2.265600E4	8.020493E3	1.044897E0	-2.804584E1	2.806529E1	6.183213E4	8.501571E1	3.643901E1
1.133200E1	2.266400E4	8.033758E3	1.581412E1	-2.354430E1	2.836231E1	6.186389E4	7.024649E1	4.094055E1
1.133600E1	2.267200E4	8.180654E3	2.567463E1	-1.121498E1	2.801718E1	6.189640E4	6.038598E1	5.326987E1
1.134000E1	2.268000E4	8.325269E3	2.732731E1	4.491428E0	2.769395E1	6.192933E4	5.873330E1	6.897628E1
1.134400E1	2.268800E4	8.337205E3	2.023021E1	1.886886E1	2.766397E1	6.196301E4	6.583040E1	8.335371E1
1.134800E1	2.269600E4	8.150595E3	6.668852E0	2.680938E1	2.762637E1	6.199603E4	7.939175E1	9.129423E1
1.135200E1	2.270400E4	8.136169E3	-8.590383E0	2.611145E1	2.748822E1	6.202821E4	9.465099E1	9.059630E1
1.135600E1	2.271200E4	8.385320E3	-2.113940E1	1.704487E1	2.715514E1	6.206112E4	1.072000E2	8.152971E1
1.136000E1	2.272000E4	8.621522E3	-2.647552E1	2.179846E0	2.656511E1	6.209529E4	1.125361E2	6.666469E1
1.136400E1	2.272800E4	8.593539E3	-2.303210E1	-1.334730E1	2.662007E1	6.213009E4	1.090927E2	5.113754E1
1.136800E1	2.273600E4	8.269525E3	-1.202279E1	-2.469577E1	2.746687E1	6.216404E4	9.808340E1	3.978907E1
1.137200E1	2.274400E4	7.990263E3	3.066208E0	-2.800245E1	2.816983E1	6.219625E4	8.299440E1	3.648239E1
1.137600E1	2.275200E4	8.026982E3	1.729553E1	-2.216627E1	2.811546E1	6.222796E4	6.876507E1	4.231857E1
1.138000E1	2.276000E4	8.194132E3	2.624701E1	-9.312744E0	2.785019E1	6.226046E4	5.981359E1	5.517210E1
1.138400E1	2.276800E4	8.346234E3	2.671890E1	6.422861E0	2.748004E1	6.229352E4	5.934171E1	7.090771E1
1.138800E1	2.277600E4	8.312077E3	1.877053E1	2.029490E1	2.764445E1	6.232723E4	6.729008E1	8.477975E1
1.139200E1	2.278400E4	8.113166E3	4.829405E0	2.742610E1	2.784805E1	6.236001E4	8.123120E1	9.191095E1
1.139600E1	2.279200E4	8.129845E3	-1.039401E1	2.554628E1	2.757984E1	6.239214E4	9.645462E1	9.003113E1
1.140000E1	2.280000E4	8.410086E3	-2.211691E1	1.545651E1	2.698261E1	6.242505E4	1.081775E2	7.994136E1
1.140400E1	2.280800E4	8.632916E3	-2.654495E1	2.684364E-1	2.654631E1	6.245942E4	1.126056E2	6.475328E1
1.140800E1	2.281600E4	8.595184E3	-2.223620E1	-1.506374E1	2.685824E1	6.249412E4	1.082968E2	4.942111E1
1.141200E1	2.282400E4	8.258701E3	-1.029145E1	-2.570716E1	2.769065E1	6.252818E4	9.635206E1	3.877769E1
1.141600E1	2.283200E4	7.984438E3	4.997501E0	-2.781678E1	2.826213E1	6.256018E4	8.106311E1	3.666807E1
1.142000E1	2.284000E4	8.076692E3	1.886247E1	-2.090659E1	2.815809E1	6.259206E4	6.719814E1	4.357826E1
1.142400E1	2.284800E4	8.223996E3	2.691956E1	-7.314632E0	2.789564E1	6.262480E4	5.914105E1	5.717022E1
1.142800E1	2.285600E4	8.324142E3	2.634216E1	8.482683E0	2.767427E1	6.265785E4	5.971845E1	7.296753E1
1.143200E1	2.286400E4	8.270451E3	1.727782E1	2.163708E1	2.768910E1	6.269139E4	6.878279E1	8.612193E1
1.143600E1	2.287200E4	8.095930E3	2.894426E0	2.759966E1	2.775101E1	6.272401E4	8.316618E1	9.208451E1
1.144000E1	2.288000E4	8.175767E3	-1.213133E1	2.469863E1	2.751712E1	6.275616E4	9.819194E1	8.918348E1
1.144400E1	2.288800E4	8.476984E3	-2.312413E1	1.366506E1	2.685999E1	6.278942E4	1.091847E2	7.814990E1
1.144800E1	2.289600E4	8.634917E3	-2.647130E1	-1.839428E0	2.653513E1	6.282397E4	1.125319E2	6.264542E1
1.145200E1	2.290400E4	8.463644E3	-2.104511E1	-1.673922E1	2.689049E1	6.285850E4	1.071057E2	4.774563E1
1.145600E1	2.291200E4	8.123038E3	-8.703697E0	-2.629309E1	2.769622E1	6.289168E4	9.476430E1	3.819176E1
1.146000E1	2.292000E4	7.971724E3	6.582934E0	-2.745589E1	2.823404E1	6.292348E4	7.947767E1	3.702896E1
1.146400E1	2.292800E4	8.113366E3	2.011327E1	-1.979432E1	2.821983E1	6.295546E4	6.594734E1	4.469052E1
1.146800E1	2.293600E4	8.267808E3	2.723794E1	-5.596164E0	2.780688E1	6.298839E4	5.882267E1	5.888868E1
1.147200E1	2.294400E4	8.331216E3	2.559442E1	1.013374E1	2.752757E1	6.302160E4	6.046618E1	7.461859E1
1.147600E1	2.295200E4	8.215845E3	1.591482E1	2.276219E1	2.777407E1	6.305504E4	7.014579E1	8.724704E1
1.148000E1	2.296000E4	8.103688E3	1.293558E0	2.770861E1	2.773879E1	6.308733E4	8.476705E1	9.219346E1
1.148400E1	2.296800E4	8.230100E3	-1.365132E1	2.377002E1	2.741117E1	6.311987E4	9.971193E1	8.825487E1
1.148800E1	2.297600E4	8.453985E3	-2.402108E1	1.215080E1	2.691941E1	6.315317E4	1.100817E2	7.663565E1
1.149200E1	2.298400E4	8.623158E3	-2.637773E1	-3.473157E0	2.660541E1	6.318750E4	1.124383E2	6.101169E1
1.149600E1	2.299200E4	8.459952E3	-2.002256E1	-1.812557E1	2.700813E1	6.322215E4	1.060832E2	4.635928E1
1.150000E1	2.300000E4	8.107647E3	-7.136615E0	-2.697403E1	2.790214E1	6.325518E4	9.319722E1	3.751082E1
1.150400E1	2.300800E4	7.960939E3	8.283075E0	-2.706843E1	2.830741E1	6.328701E4	7.777753E1	3.741641E1
1.150800E1	2.301600E4	8.074725E3	2.119893E1	-1.851379E1	2.814525E1	6.331887E4	6.486168E1	4.597106E1
1.151200E1	2.302400E4	8.281007E3	2.743879E1	-4.045852E0	2.773546E1	6.335161E4	5.862182E1	6.043900E1
1.151600E1	2.303200E4	8.363296E3	2.479885E1	1.162517E1	2.738845E1	6.338512E4	6.126176E1	7.611002E1
1.152000E1	2.304000E4	8.234327E3	1.440321E1	2.352098E1	2.758059E1	6.341852E4	7.165740E1	8.800583E1
1.152400E1	2.304800E4	8.116236E3	-4.793443E-1	2.771678E1	2.772092E1	6.345099E4	8.653995E1	9.220163E1
1.152800E1	2.305600E4	8.249826E3	-1.507479E1	2.282013E1	2.734972E1	6.348345E4	1.011354E2	8.730497E1
1.153200E1	2.306400E4	8.509704E3	-2.457389E1	1.043636E1	2.669820E1	6.351699E4	1.106345E2	7.492121E1
1.153600E1	2.307200E4	8.609874E3	-2.611392E1	-5.325308E0	2.665137E1	6.355153E4	1.121745E2	5.915954E1
1.154000E1	2.308000E4	8.405980E3	-1.896317E1	-1.954689E1	2.723385E1	6.358587E4	1.050238E2	4.493796E1
1.154400E1	2.308800E4	8.087289E3	-5.442284E0	-2.741999E1	2.795486E1	6.361877E4	9.150289E1	3.706486E1
1.154800E1	2.309600E4	7.970071E3	9.966088E0	-2.656120E1	2.836935E1	6.365057E4	7.609452E1	3.792365E1
1.155200E1	2.310400E4	8.072136E3	2.235965E1	-1.713580E1	2.817073E1	6.368253E4	6.370095E1	4.734905E1
1.155600E1	2.311200E4	8.296366E3	2.764567E1	-2.348782E0	2.774526E1	6.371514E4	5.841494E1	6.213607E1
1.156000E1	2.312000E4	8.367298E3	2.416411E1	1.334228E1	2.760290E1	6.374891E4	6.189650E1	7.782712E1
1.156400E1	2.312800E4	8.193300E3	1.295482E1	2.444901E1	2.766914E1	6.378208E4	7.310579E1	8.893386E1
1.156800E1	2.313600E4	8.112075E3	-2.149780E0	2.761253E1	2.769609E1	6.381445E4	8.821039E1	9.209738E1
1.157200E1	2.314400E4	8.280463E3	-1.639771E1	2.177727E1	2.726049E1	6.384698E4	1.024583E2	8.626212E1
1.157600E1	2.315200E4	8.574659E3	-2.505686E1	8.776997E0	2.654962E1	6.388070E4	1.111175E2	7.326185E1
1.158000E1	2.316000E4	8.651178E3	-2.554422E1	-7.120570E0	2.651810E1	6.391558E4	1.116048E2	5.736428E1
1.158400E1	2.316800E4	8.336770E3	-1.759411E1	-2.089732E1	2.731759E1	6.394990E4	1.036547E2	4.358753E1
1.158800E1	2.317600E4	8.009399E3	-3.764716E0	-2.773586E1	2.799019E1	6.398227E4	8.982532E1	3.674899E1
1.159200E1	2.318400E4	8.045385E3	1.149044E1	-2.583207E1	2.827236E1	6.401398E4	7.457016E1	3.865278E1
1.159600E1	2.319200E4	8.180873E3	2.338256E1	-1.539847E1	2.799745E1	6.404663E4	6.267804E1	4.908638E1
1.160000E1	2.320000E4	8.294094E3	2.769204E1	-2.769000E-1	2.769342E1	6.407943E4	5.836857E1	6.420795E1
1.160400E1	2.320800E4	8.362656E3	2.319214E1	1.505312E1	2.764908E1	6.411299E4	6.286847E1	7.953797E1
1.160800E1	2.321600E4	8.182543E3	1.118168E1	2.550685E1	2.785012E1	6.414633E4	7.487893E1	8.999170E1
1.161200E1	2.322400E4	8.098042E3	-4.087057E0	2.752325E1	2.782505E1	6.417845E4	9.014766E1	9.200810E1
1.161600E1	2.323200E4	8.313990E3	-1.795896E1	2.057755E1	2.731226E1	6.421111E4	1.040196E2	8.506239E1
1.162000E1	2.324000E4	8.583203E3	-2.579802E1	6.932681E0	2.671329E1	6.424496E4	1.118586E2	7.141753E1
1.162400E1	2.324800E4	8.647502E3	-2.511504E1	-9.031233E0	2.668949E1	6.427978E4	1.111757E2	5.545362E1
1.162800E1	2.325600E4	8.354039E3	-1.609411E1	-2.226449E1	2.747232E1	6.431414E4	1.021547E2	4.222036E1
1.163200E1	2.326400E4	7.962784E3	-1.671966E0	-2.823075E1	2.828022E1	6.434661E4	8.773257E1	3.625409E1
1.163600E1	2.327200E4	7.946841E3	1.329500E1	-2.517296E1	2.846814E1	6.437784E4	7.276560E1	3.931189E1
1.164000E1	2.328000E4	8.195924E3	2.433148E1	-1.394304E1	2.804335E1	6.441019E4	6.172913E1	5.054181E1
1.164400E1	2.328800E4	8.375830E3	2.754676E1	1.640441E0	2.759556E1	6.444341E4	5.851384E1	6.612529E1
1.164800E1	2.329600E4	8.352382E3	2.201666E1	1.670670E1	2.763779E1	6.447719E4	6.404394E1	8.119155E1
1.165200E1	2.330400E4	8.205875E3	9.383140E0	2.610135E1	2.773669E1	6.451023E4	7.667747E1	9.058620E1
1.165600E1	2.331200E4	8.128051E3	-6.158664E0	2.702235E1	2.771528E1	6.454284E4	9.221927E1	9.150720E1
1.166000E1	2.332000E4	8.288900E3	-1.935792E1	1.918874E1	2.725687E1	6.457525E4	1.054185E2	8.367359E1
1.166400E1	2.332800E4	8.594838E3	-2.611198E1	5.004660E0	2.658725E1	6.460915E4	1.121726E2	6.948951E1
1.166800E1	2.333600E4	8.650561E3	-2.426370E1	-1.080806E1	2.656203E1	6.464401E4	1.103243E2	5.367679E1
1.167200E1	2.334400E4	8.399380E3	-1.425421E1	-2.312886E1	2.716849E1	6.467835E4	1.003148E2	4.135599E1
1.167600E1	2.335200E4	8.063816E3	5.907257E-1	-2.807892E1	2.808514E1	6.471121E4	8.546988E1	3.640593E1
1.168000E1	2.336000E4	8.005996E3	1.539647E1	-2.383105E1	2.837200E1	6.474287E4	7.066414E1	4.065380E1
1.168400E1	2.336800E4	8.183413E3	2.537820E1	-1.169781E1	2.794444E1	6.477525E4	6.068240E1	5.278704E1
1.168800E1	2.337600E4	8.389965E3	2.730103E1	3.998604E0	2.759230E1	6.480833E4	5.875958E1	6.848345E1
1.169200E1	2.338400E4	8.350524E3	2.046300E1	1.866754E1	2.769858E1	6.484237E4	6.559761E1	8.315239E1
1.169600E1	2.339200E4	8.119146E3	7.132124E0	2.687374E1	2.780404E1	6.487514E4	7.892848E1	9.135858E1
1.170000E1	2.340000E4	8.110597E3	-8.250288E0	2.644625E1	2.770327E1	6.490733E4	9.431089E1	9.093110E1
1.170400E1	2.340800E4	8.387419E3	-2.078213E1	1.742501E1	2.712061E1	6.494002E4	1.068427E2	8.190986E1
1.170800E1	2.341600E4	8.672563E3	-2.651080E1	2.587534E0	2.663678E1	6.497443E4	1.125714E2	6.707238E1
1.171200E1	2.342400E4	8.626225E3	-2.330733E1	-1.313406E1	2.675323E1	6.500940E4	1.093679E2	5.135078E1
1.171600E1	2.343200E4	8.277881E3	-1.232135E1	-2.464298E1	2.755163E1	6.504344E4	9.838195E1	3.984186E1
1.172000E1	2.344000E4	7.960373E3	2.772901E0	-2.815362E1	2.828985E1	6.507563E4	8.328771E1	3.633123E1
1.172400E1	2.344800E4	8.029064E3	1.714523E1	-2.265509E1	2.841148E1	6.510712E4	6.891538E1	4.182976E1
1.172800E1	2.345600E4	8.235522E3	2.619049E1	-9.606377E0	2.789667E1	6.513986E4	5.987011E1	5.487847E1
1.173200E1	2.346400E4	8.368391E3	2.687567E1	6.205911E0	2.758287E1	6.517300E4	5.918494E1	7.069076E1
1.173600E1	2.347200E4	8.323670E3	1.895152E1	2.018461E1	2.768715E1	6.520680E4	6.710909E1	8.466946E1
1.174000E1	2.348000E4	8.099313E3	5.045313E0	2.746744E1	2.792697E1	6.523959E4	8.101529E1	9.195229E1
1.174400E1	2.348800E4	8.143235E3	-1.017211E1	2.569291E1	2.763327E1	6.527160E4	9.623272E1	9.017776E1
1.174800E1	2.349600E4	8.433960E3	-2.199099E1	1.554882E1	2.693269E1	6.530474E4	1.080516E2	8.003367E1
1.175200E1	2.350400E4	8.637024E3	-2.654972E1	4.305892E-1	2.655321E1	6.533907E4	1.126103E2	6.491544E1
1.175600E1	2.351200E4	8.582544E3	-2.236359E1	-1.499024E1	2.692281E1	6.537383E4	1.084242E2	4.949461E1
1.176000E1	2.352000E4	8.267364E3	-1.042995E1	-2.547035E1	2.752313E1	6.540773E4	9.649056E1	3.901450E1
1.176400E1	2.352800E4	8.021522E3	4.888245E0	-2.780003E1	2.822652E1	6.543997E4	8.117236E1	3.668482E1
1.176800E1	2.353600E4	8.094949E3	1.882337E1	-2.097651E1	2.818392E1	6.547190E4	6.723723E1	4.350834E1
1.177200E1	2.354400E4	8.232589E3	2.692231E1	-7.348796E0	2.790726E1	6.550473E4	5.913830E1	5.713605E1
1.177600E1	2.355200E4	8.326820E3	2.630996E1	8.429015E0	2.762720E1	6.553776E4	5.975065E1	7.291386E1
1.178000E1	2.356000E4	8.277610E3	1.726765E1	2.158972E1	2.764575E1	6.557135E4	6.879296E1	8.607456E1
1.178400E1	2.356800E4	8.109696E3	2.917144E0	2.768487E1	2.783814E1	6.560398E4	8.314346E1	9.216972E1
1.178800E1	2.357600E4	8.184560E3	-1.213147E1	2.462789E1	2.745369E1	6.563622E4	9.819208E1	8.911273E1
1.179200E1	2.358400E4	8.478172E3	-2.315732E1	1.366170E1	2.688686E1	6.566946E4	1.092179E2	7.814655E1
1.179600E1	2.359200E4	8.632168E3	-2.647927E1	-1.874745E0	2.654555E1	6.570405E4	1.125399E2	6.261010E1
1.180000E1	2.360000E4	8.494913E3	-2.103059E1	-1.673974E1	2.687944E1	6.573852E4	1.070912E2	4.774511E1
1.180400E1	2.360800E4	8.147746E3	-8.546665E0	-2.631817E1	2.767114E1	6.577201E4	9.460727E1	3.816667E1
1.180800E1	2.361600E4	7.974786E3	6.679546E0	-2.739904E1	2.820148E1	6.580370E4	7.938106E1	3.708581E1
1.181200E1	2.362400E4	8.131915E3	2.019180E1	-1.963059E1	2.816147E1	6.583581E4	6.586881E1	4.485426E1
1.181600E1	2.363200E4	8.308322E3	2.726273E1	-5.419893E0	2.779626E1	6.586876E4	5.879787E1	5.906496E1
1.182000E1	2.364000E4	8.371357E3	2.545800E1	1.042758E1	2.751080E1	6.590227E4	6.060261E1	7.491243E1
1.182400E1	2.364800E4	8.248769E3	1.559568E1	2.288551E1	2.769426E1	6.593573E4	7.046492E1	8.737036E1
1.182800E1	2.365600E4	8.117670E3	8.374291E-1	2.763262E1	2.764531E1	6.596826E4	8.522318E1	9.211747E1
1.183200E1	2.366400E4	8.234929E3	-1.396114E1	2.354293E1	2.737121E1	6.600067E4	1.000218E2	8.802777E1
1.183600E1	2.367200E4	8.562533E3	-2.407039E1	1.166534E1	2.674816E1	6.603414E4	1.101310E2	7.615019E1
1.184000E1	2.368000E4	8.676989E3	-2.613572E1	-4.218341E0	2.647395E1	6.606917E4	1.121963E2	6.026651E1
1.184400E1	2.368800E4	8.421477E3	-1.957187E1	-1.861167E1	2.700838E1	6.610356E4	1.056325E2	4.587318E1
1.184800E1	2.369600E4	8.124186E3	-6.499740E0	-2.715764E1	2.792462E1	6.613654E4	9.256035E1	3.732721E1
1.185200E1	2.370400E4	7.985665E3	9.022619E0	-2.688315E1	2.835685E1	6.616855E4	7.703799E1	3.760170E1
1.185600E1	2.371200E4	8.100214E3	2.169833E1	-1.793404E1	2.815044E1	6.620043E4	6.436228E1	4.655081E1
1.186000E1	2.372000E4	8.286887E3	2.766191E1	-3.222769E0	2.784901E1	6.623335E4	5.839869E1	6.126208E1
1.186400E1	2.372800E4	8.339836E3	2.470715E1	1.243763E1	2.766113E1	6.626672E4	6.135346E1	7.692248E1
1.186800E1	2.373600E4	8.247444E3	1.385856E1	2.407487E1	2.777875E1	6.630007E4	7.220204E1	8.855972E1
1.187200E1	2.374400E4	8.117815E3	-1.312232E0	2.782240E1	2.785332E1	6.633270E4	8.737284E1	9.230724E1
1.187600E1	2.375200E4	8.272189E3	-1.565804E1	2.234881E1	2.728816E1	6.636502E4	1.017187E2	8.683366E1
1.188000E1	2.376000E4	8.581273E3	-2.495258E1	9.639488E0	2.674978E1	6.639888E4	1.110132E2	7.412434E1
1.188400E1	2.376800E4	8.640215E3	-2.580578E1	-6.274585E0	2.655765E1	6.643367E4	1.118664E2	5.821026E1
1.188800E1	2.377600E4	8.456982E3	-1.819340E1	-2.020551E1	2.718939E1	6.646800E4	1.042540E2	4.427934E1
1.189200E1	2.378400E4	8.116315E3	-4.230985E0	-2.772056E1	2.804159E1	6.650132E4	9.029159E1	3.676429E1
1.189600E1	2.379200E4	7.967404E3	1.106000E1	-2.614438E1	2.838754E1	6.653293E4	7.500061E1	3.834047E1
1.190000E1	2.380000E4	8.099113E3	2.303850E1	-1.609511E1	2.810382E1	6.656506E4	6.302211E1	4.838974E1
1.190400E1	2.380800E4	8.280213E3	2.777336E1	-1.104333E0	2.779531E1	6.659772E4	5.828724E1	6.338052E1
1.190800E1	2.381600E4	8.373649E3	2.353827E1	1.431310E1	2.754841E1	6.663130E4	6.252234E1	7.879795E1
1.191200E1	2.382400E4	8.232088E3	1.184415E1	2.507027E1	2.772728E1	6.666471E4	7.421646E1	8.955512E1
1.191600E1	2.383200E4	8.143281E3	-3.467095E0	2.760154E1	2.781844E1	6.669716E4	8.952770E1	9.208639E1
1.192000E1	2.384000E4	8.355036E3	-1.740089E1	2.084195E1	2.715102E1	6.672986E4	1.034615E2	8.532679E1
1.192400E1	2.384800E4	8.621546E3	-2.544072E1	7.295080E0	2.646598E1	6.676400E4	1.115013E2	7.177993E1
1.192800E1	2.385600E4	8.650356E3	-2.503255E1	-8.536795E0	2.644817E1	6.679883E4	1.110932E2	5.594805E1
1.193200E1	2.386400E4	8.414564E3	-1.626499E1	-2.174400E1	2.715421E1	6.683320E4	1.023256E2	4.274085E1
1.193600E1	2.387200E4	8.042205E3	-1.878335E0	-2.789180E1	2.795497E1	6.686615E4	8.793894E1	3.659305E1
1.194000E1	2.388000E4	8.026269E3	1.304616E1	-2.501843E1	2.821567E1	6.689754E4	7.301444E1	3.946642E1
1.194400E1	2.388800E4	8.206666E3	2.421933E1	-1.378229E1	2.786624E1	6.693036E4	6.184128E1	5.070256E1
1.194800E1	2.389600E4	8.313049E3	2.766782E1	1.543800E0	2.771086E1	6.696319E4	5.839278E1	6.602865E1
1.195200E1	2.390400E4	8.347818E3	2.223971E1	1.667490E1	2.779670E1	6.699686E4	6.382090E1	8.115975E1
1.195600E1	2.391200E4	8.166521E3	9.495716E0	2.605559E1	2.773197E1	6.702998E4	7.656489E1	9.054043E1
1.196000E1	2.392000E4	8.096273E3	-5.871087E0	2.716858E1	2.779571E1	6.706219E4	9.193169E1	9.165343E1
1.196400E1	2.392800E4	8.332182E3	-1.925110E1	1.942228E1	2.734648E1	6.709475E4	1.053117E2	8.390713E1
1.196800E1	2.393600E4	8.642627E3	-2.604560E1	5.132853E0	2.654656E1	6.712885E4	1.121062E2	6.961770E1
1.197200E1	2.394400E4	8.660241E3	-2.435339E1	-1.078553E1	2.663485E1	6.716389E4	1.104140E2	5.369932E1
1.197600E1	2.395200E4	8.369068E3	-1.437354E1	-2.312209E1	2.722554E1	6.719813E4	1.004341E2	4.136275E1
1.198000E1	2.396000E4	8.039124E3	4.121434E-1	-2.811185E1	2.811487E1	6.723084E4	8.564846E1	3.637300E1
1.198400E1	2.396800E4	8.011880E3	1.519536E1	-2.390126E1	2.832259E1	6.726245E4	7.086524E1	4.058359E1
1.198800E1	2.397600E4	8.232795E3	2.521433E1	-1.179248E1	2.783568E1	6.729493E4	6.084628E1	5.269236E1
1.199200E1	2.398400E4	8.421887E3	2.719338E1	3.971330E0	2.748184E1	6.732831E4	5.886722E1	6.845618E1
1.199600E1	2.399200E4	8.358285E3	2.042191E1	1.858908E1	2.761536E1	6.736231E4	6.563870E1	8.307393E1
1.200000E1	2.400000E4	8.123666E3	7.120523E0	2.690264E1	2.782901E1	6.739518E4	7.894008E1	9.138748E1
1.200400E1	2.400800E4	8.120162E3	-8.231834E0	2.643033E1	2.768258E1	6.742730E4	9.429244E1	9.091518E1
1.200800E1	2.401600E4	8.389586E3	-2.082598E1	1.739079E1	2.713228E1	6.746014E4	1.068866E2	8.187564E1
1.201200E1	2.402400E4	8.658633E3	-2.649983E1	2.590813E0	2.662618E1	6.749442E4	1.125604E2	6.707566E1
1.201600E1	2.403200E4	8.632968E3	-2.329552E1	-1.312924E1	2.674057E1	6.752941E4	1.093561E2	5.135561E1
1.202000E1	2.404000E4	8.273634E3	-1.228655E1	-2.462132E1	2.751670E1	6.756348E4	9.834716E1	3.986353E1
1.202400E1	2.404800E4	7.970534E3	2.750264E0	-2.807729E1	2.821166E1	6.759559E4	8.331034E1	3.640756E1
1.202800E1	2.405600E4	8.027782E3	1.717088E1	-2.258566E1	2.837166E1	6.762724E4	6.888973E1	4.189919E1
1.203200E1	2.406400E4	8.210346E3	2.629004E1	-9.664140E0	2.801003E1	6.765982E4	5.977057E1	5.482071E1
1.203600E1	2.407200E4	8.379825E3	2.681574E1	6.154870E0	2.751302E1	6.769293E4	5.924487E1	7.063972E1
1.204000E1	2.408000E4	8.345777E3	1.893863E1	2.020666E1	2.769442E1	6.772686E4	6.712197E1	8.469151E1
1.204400E1	2.408800E4	8.103302E3	4.993310E0	2.745761E1	2.790795E1	6.775969E4	8.106730E1	9.194246E1
1.204800E1	2.409600E4	8.136257E3	-1.023914E1	2.575373E1	2.771452E1	6.779168E4	9.629975E1	9.023857E1
1.205200E1	2.410400E4	8.449564E3	-2.203802E1	1.555582E1	2.697513E1	6.782478E4	1.080986E2	8.004066E1
1.205600E1	2.411200E4	8.690300E3	-2.652848E1	3.341933E-1	2.653058E1	6.785928E4	1.125891E2	6.481904E1
1.206000E1	2.412000E4	8.573847E3	-2.207186E1	-1.505954E1	2.671996E1	6.789431E4	1.081325E2	4.942531E1
1.206400E1	2.412800E4	8.209547E3	-1.044089E1	-2.567298E1	2.771487E1	6.792787E4	9.650149E1	3.881186E1
1.206800E1	2.413600E4	7.990958E3	4.897379E0	-2.782571E1	2.825340E1	6.795998E4	8.116323E1	3.665914E1
1.207200E1	2.414400E4	8.012914E3	1.881685E1	-2.104795E1	2.823279E1	6.799180E4	6.724375E1	4.343690E1
1.207600E1	2.415200E4	8.216580E3	2.689497E1	-7.668720E0	2.796692E1	6.802409E4	5.916564E1	5.681613E1
1.208000E1	2.416000E4	8.398356E3	2.637611E1	8.331203E0	2.766059E1	6.805753E4	5.968449E1	7.281605E1
1.208400E1	2.416800E4	8.297628E3	1.733698E1	2.161850E1	2.771156E1	6.809127E4	6.872363E1	8.610335E1
1.208800E1	2.417600E4	8.094185E3	2.940113E0	2.755847E1	2.771486E1	6.812391E4	8.312049E1	9.204332E1
1.209200E1	2.418400E4	8.185932E3	-1.206268E1	2.470417E1	2.749189E1	6.815603E4	9.812329E1	8.918902E1
1.209600E1	2.419200E4	8.480148E3	-2.313569E1	1.368360E1	2.687938E1	6.818940E4	1.091963E2	7.816845E1
1.210000E1	2.420000E4	8.601125E3	-2.654790E1	-1.794381E0	2.660847E1	6.822387E4	1.126085E2	6.269047E1
1.210400E1	2.420800E4	8.454192E3	-2.112637E1	-1.662888E1	2.688574E1	6.825821E4	1.071870E2	4.785597E1
1.210800E1	2.421600E4	8.170089E3	-8.815042E0	-2.634584E1	2.778143E1	6.829150E4	9.487565E1	3.813901E1
1.211200E1	2.422400E4	8.002623E3	6.634454E0	-2.749173E1	2.828093E1	6.832357E4	7.942615E1	3.699312E1
1.211600E1	2.423200E4	8.117526E3	2.011244E1	-1.974976E1	2.818800E1	6.835552E4	6.594817E1	4.473509E1
1.212000E1	2.424000E4	8.285792E3	2.722685E1	-5.535541E0	2.778387E1	6.838851E4	5.883376E1	5.894931E1
1.212400E1	2.424800E4	8.317107E3	2.552546E1	1.021339E1	2.749295E1	6.842181E4	6.053515E1	7.469824E1
1.212800E1	2.425600E4	8.221654E3	1.590703E1	2.275526E1	2.776393E1	6.845504E4	7.015357E1	8.724011E1
1.213200E1	2.426400E4	8.141103E3	1.169061E0	2.767191E1	2.769660E1	6.848758E4	8.489154E1	9.215676E1
1.213600E1	2.427200E4	8.244057E3	-1.374998E1	2.365008E1	2.735669E1	6.852017E4	9.981059E1	8.813493E1
1.214000E1	2.428000E4	8.510814E3	-2.403437E1	1.196566E1	2.684824E1	6.855353E4	1.100950E2	7.645050E1
1.214400E1	2.428800E4	8.628113E3	-2.634011E1	-3.823787E0	2.661621E1	6.858826E4	1.124007E2	6.066106E1
1.214800E1	2.429600E4	8.434785E3	-1.994034E1	-1.830925E1	2.707112E1	6.862256E4	1.060009E2	4.617560E1
1.215200E1	2.430400E4	8.101851E3	-6.865899E0	-2.701122E1	2.787017E1	6.865574E4	9.292651E1	3.747363E1
1.215600E1	2.431200E4	7.976549E3	8.417003E0	-2.690309E1	2.818905E1	6.868737E4	7.764360E1	3.758176E1
1.216000E1	2.432000E4	8.098875E3	2.132857E1	-1.818378E1	2.802781E1	6.871955E4	6.473203E1	4.630107E1
1.216400E1	2.432800E4	8.308355E3	2.732943E1	-3.761157E0	2.758703E1	6.875216E4	5.873117E1	6.072369E1
1.216800E1	2.433600E4	8.367611E3	2.467314E1	1.204319E1	2.745546E1	6.878602E4	6.138747E1	7.652803E1
1.217200E1	2.434400E4	8.182140E3	1.428561E1	2.387415E1	2.782182E1	6.881910E4	7.177500E1	8.835900E1
1.217600E1	2.435200E4	8.095805E3	-7.135006E-1	2.771804E1	2.772722E1	6.885147E4	8.677411E1	9.220289E1
1.218000E1	2.436000E4	8.218393E3	-1.527593E1	2.275756E1	2.740913E1	6.888387E4	1.013365E2	8.724241E1
1.218400E1	2.436800E4	8.507172E3	-2.469022E1	1.036782E1	2.677869E1	6.891722E4	1.107508E2	7.485266E1
1.218800E1	2.437600E4	8.606385E3	-2.606237E1	-5.505848E0	2.663759E1	6.895193E4	1.121230E2	5.897900E1
1.219200E1	2.438400E4	8.396995E3	-1.882967E1	-1.954832E1	2.714210E1	6.898607E4	1.048903E2	4.493653E1
1.219600E1	2.439200E4	8.084461E3	-5.277875E0	-2.741968E1	2.792302E1	6.901910E4	9.133848E1	3.706517E1
1.220000E1	2.440000E4	7.983156E3	1.004846E1	-2.652461E1	2.836417E1	6.905075E4	7.601215E1	3.796024E1
1.220400E1	2.440800E4	8.144183E3	2.239997E1	-1.689803E1	2.805890E1	6.908297E4	6.366064E1	4.758682E1
1.220800E1	2.441600E4	8.314938E3	2.756893E1	-1.975237E0	2.763960E1	6.911590E4	5.849168E1	6.250961E1
1.221200E1	2.442400E4	8.353423E3	2.412089E1	1.364107E1	2.771094E1	6.914949E4	6.193972E1	7.812592E1
1.221600E1	2.443200E4	8.144662E3	1.269506E1	2.462713E1	2.770668E1	6.918273E4	7.336554E1	8.911198E1
1.222000E1	2.444000E4	8.046730E3	-2.248990E0	2.766999E1	2.776124E1	6.921465E4	8.830960E1	9.215484E1
1.222400E1	2.444800E4	8.296112E3	-1.642643E1	2.171716E1	2.722981E1	6.924710E4	1.024870E2	8.620201E1
1.222800E1	2.445600E4	8.613299E3	-2.512768E1	8.644490E0	2.657306E1	6.928102E4	1.111883E2	7.312934E1
1.223200E1	2.446400E4	8.671050E3	-2.546574E1	-7.306770E0	2.649326E1	6.931601E4	1.115263E2	5.717808E1
1.223600E1	2.447200E4	8.363137E3	-1.732910E1	-2.093540E1	2.717699E1	6.935038E4	1.033897E2	4.354945E1
1.224000E1	2.448000E4	8.038347E3	-3.439298E0	-2.766993E1	2.788286E1	6.938291E4	8.949990E1	3.681491E1
1.224400E1	2.448800E4	7.984370E3	1.186287E1	-2.580264E1	2.839901E1	6.941469E4	7.419773E1	3.868221E1
1.224800E1	2.449600E4	8.088715E3	2.349977E1	-1.538392E1	2.808744E1	6.944679E4	6.256083E1	4.910093E1
1.225200E1	2.450400E4	8.255968E3	2.789879E1	-2.919099E-1	2.790032E1	6.947940E4	5.816181E1	6.419294E1
1.225600E1	2.451200E4	8.350681E3	2.329864E1	1.503645E1	2.772944E1	6.951284E4	6.276196E1	7.952130E1
1.226000E1	2.452000E4	8.188076E3	1.122217E1	2.545124E1	2.781551E1	6.954621E4	7.483844E1	8.993609E1
1.226400E1	2.452800E4	8.067658E3	-4.038490E0	2.754168E1	2.783619E1	6.957834E4	9.009910E1	9.202653E1
1.226800E1	2.453600E4	8.292557E3	-1.781589E1	2.067837E1	2.729470E1	6.961075E4	1.038765E2	8.516322E1
1.227200E1	2.454400E4	8.546067E3	-2.590091E1	7.094240E0	2.685489E1	6.964468E4	1.119615E2	7.157909E1
1.227600E1	2.455200E4	8.578359E3	-2.526483E1	-8.756526E0	2.673927E1	6.967912E4	1.113254E2	5.572832E1
1.228000E1	2.456000E4	8.363401E3	-1.626278E1	-2.182556E1	2.721825E1	6.971331E4	1.023234E2	4.265929E1
1.228400E1	2.456800E4	8.080754E3	-1.936460E0	-2.785326E1	2.792049E1	6.974602E4	8.799707E1	3.663159E1
1.228800E1	2.457600E4	8.026282E3	1.318877E1	-2.485121E1	2.813408E1	6.977796E4	7.287184E1	3.963363E1
1.229200E1	2.458400E4	8.155638E3	2.424029E1	-1.386388E1	2.792488E1	6.981023E4	6.182031E1	5.062097E1
1.229600E1	2.459200E4	8.312202E3	2.758721E1	1.542561E0	2.763031E1	6.984320E4	5.847339E1	6.602741E1
1.230000E1	2.460000E4	8.287707E3	2.220907E1	1.657274E1	2.771098E1	6.987673E4	6.385153E1	8.105759E1
1.230400E1	2.460800E4	8.098189E3	9.744780E0	2.606646E1	2.782843E1	6.990950E4	7.631583E1	9.055131E1
1.230800E1	2.461600E4	8.071376E3	-5.562525E0	2.730076E1	2.786168E1	6.994152E4	9.162313E1	9.178560E1
1.231200E1	2.462400E4	8.314451E3	-1.901840E1	1.964393E1	2.734197E1	6.997407E4	1.050790E2	8.412878E1
1.231600E1	2.463200E4	8.571443E3	-2.608363E1	5.529033E0	2.666320E1	7.000803E4	1.121442E2	7.001388E1
1.232000E1	2.464000E4	8.575965E3	-2.466393E1	-1.028915E1	2.672407E1	7.004264E4	1.107245E2	5.419570E1
1.232400E1	2.464800E4	8.335970E3	-1.508657E1	-2.291453E1	2.743502E1	7.007664E4	1.011472E2	4.157032E1
1.232800E1	2.465600E4	8.036326E3	-3.264009E-1	-2.801078E1	2.801268E1	7.010933E4	8.638701E1	3.647407E1
1.233200E1	2.466400E4	7.978244E3	1.446843E1	-2.414598E1	2.814896E1	7.014093E4	7.159218E1	4.033887E1
1.233600E1	2.467200E4	8.129031E3	2.487788E1	-1.258943E1	2.788194E1	7.017316E4	6.118273E1	5.189541E1
1.234000E1	2.468000E4	8.288845E3	2.747359E1	2.869441E0	2.762303E1	7.020596E4	5.858702E1	6.735429E1
1.234400E1	2.468800E4	8.324557E3	2.130252E1	1.754115E1	2.759509E1	7.023947E4	6.475809E1	8.202600E1
1.234800E1	2.469600E4	8.197684E3	8.301141E0	2.642273E1	2.769602E1	7.027256E4	7.775947E1	9.090758E1
1.235200E1	2.470400E4	8.091254E3	-7.179934E0	2.670160E1	2.765008E1	7.030505E4	9.324054E1	9.118645E1
1.235600E1	2.471200E4	8.298726E3	-1.994885E1	1.841532E1	2.714923E1	7.033729E4	1.060095E2	8.290017E1
1.236000E1	2.472000E4	8.605256E3	-2.628169E1	3.955790E0	2.657772E1	7.037144E4	1.123423E2	6.844064E1
1.236400E1	2.472800E4	8.534635E3	-2.403632E1	-1.179145E1	2.677281E1	7.040613E4	1.100969E2	5.269339E1
1.236800E1	2.473600E4	8.254519E3	-1.384148E1	-2.370344E1	2.744885E1	7.043972E4	9.990209E1	4.078141E1
1.237200E1	2.474400E4	7.984591E3	1.061613E0	-2.805256E1	2.807264E1	7.047217E4	8.499899E1	3.643229E1
1.237600E1	2.475200E4	7.991339E3	1.564787E1	-2.355712E1	2.828062E1	7.050359E4	7.041274E1	4.092773E1
1.238000E1	2.476000E4	8.177516E3	2.561573E1	-1.135242E1	2.801862E1	7.053610E4	6.044487E1	5.313243E1
1.238400E1	2.476800E4	8.316033E3	2.736543E1	4.341269E0	2.770764E1	7.056901E4	5.869518E1	6.882612E1
1.238800E1	2.477600E4	8.330234E3	2.032469E1	1.870669E1	2.762306E1	7.060263E4	6.573591E1	8.319154E1
1.239200E1	2.478400E4	8.116802E3	6.855010E0	2.680762E1	2.767019E1	7.063566E4	7.920560E1	9.129247E1
1.239600E1	2.479200E4	8.068407E3	-8.321970E0	2.629683E1	2.758221E1	7.066756E4	9.438258E1	9.078168E1
1.240000E1	2.480000E4	8.361502E3	-2.079105E1	1.732033E1	2.706034E1	7.070020E4	1.068517E2	8.180518E1
1.240400E1	2.480800E4	8.638619E3	-2.647744E1	2.571570E0	2.660203E1	7.073445E4	1.125380E2	6.705642E1
1.240800E1	2.481600E4	8.575396E3	-2.322424E1	-1.303944E1	2.663442E1	7.076931E4	1.092848E2	5.144541E1
1.241200E1	2.482400E4	8.241068E3	-1.246533E1	-2.452363E1	2.750987E1	7.080306E4	9.852593E1	3.996122E1
1.241600E1	2.483200E4	7.937576E3	2.588129E0	-2.821537E1	2.833382E1	7.083524E4	8.347248E1	3.626948E1
1.242000E1	2.484000E4	7.950005E3	1.692161E1	-2.282120E1	2.841035E1	7.086656E4	6.913899E1	4.166365E1
1.242400E1	2.484800E4	8.124920E3	2.612443E1	-1.011151E1	2.801301E1	7.089884E4	5.993618E1	5.437334E1
1.242800E1	2.485600E4	8.291821E3	2.711283E1	5.543670E0	2.767377E1	7.093156E4	5.894778E1	7.002852E1
1.243200E1	2.486400E4	8.317157E3	1.944990E1	1.956945E1	2.759097E1	7.096518E4	6.661071E1	8.405430E1
1.243600E1	2.487200E4	8.102613E3	5.721192E0	2.713269E1	2.772932E1	7.099809E4	8.033941E1	9.161754E1
1.244000E1	2.488000E4	8.057613E3	-9.472170E0	2.602959E1	2.769949E1	7.103000E4	9.553278E1	9.051444E1
1.244400E1	2.488800E4	8.341235E3	-2.149905E1	1.646466E1	2.707941E1	7.106255E4	1.075597E2	8.094951E1
1.244800E1	2.489600E4	8.637432E3	-2.640282E1	1.510202E0	2.644597E1	7.109673E4	1.124634E2	6.599505E1
1.245200E1	2.490400E4	8.566195E3	-2.270814E1	-1.399934E1	2.667660E1	7.113165E4	1.087687E2	5.048551E1
1.245600E1	2.491200E4	8.228878E3	-1.151028E1	-2.497448E1	2.749929E1	7.116526E4	9.757088E1	3.951037E1
1.246000E1	2.492000E4	8.012991E3	3.650165E0	-2.778408E1	2.802283E1	7.119748E4	8.241044E1	3.670077E1
1.246400E1	2.492800E4	8.059278E3	1.784297E1	-2.175347E1	2.813511E1	7.122936E4	6.821764E1	4.273138E1
1.246800E1	2.493600E4	8.171708E3	2.658438E1	-8.658999E0	2.795903E1	7.126196E4	5.947623E1	5.582585E1
1.247200E1	2.494400E4	8.248011E3	2.687485E1	7.067275E0	2.778856E1	7.129473E4	5.918575E1	7.155212E1
1.247600E1	2.495200E4	8.207501E3	1.862551E1	2.064420E1	2.780455E1	7.132794E4	6.743509E1	8.512905E1
1.248000E1	2.496000E4	8.031548E3	4.654515E0	2.750014E1	2.789126E1	7.136039E4	8.140609E1	9.198499E1
1.248400E1	2.496800E4	8.108777E3	-1.044034E1	2.558950E1	2.763735E1	7.139220E4	9.650095E1	9.007435E1
1.248800E1	2.497600E4	8.432459E3	-2.206315E1	1.529793E1	2.684789E1	7.142526E4	1.081238E2	7.978278E1
1.249200E1	2.498400E4	8.654090E3	-2.649675E1	1.596421E-1	2.649723E1	7.145965E4	1.125574E2	6.464449E1
1.249600E1	2.499200E4	8.569411E3	-2.192447E1	-1.506626E1	2.660215E1	7.149450E4	1.079851E2	4.941859E1
1.250000E1	2.500000E4	8.195116E3	-1.025793E1	-2.565976E1	2.763419E1	7.152821E4	9.631854E1	3.882509E1
1.250400E1	2.500800E4	7.936130E3	4.939138E0	-2.784823E1	2.828284E1	7.156006E4	8.112147E1	3.663662E1
1.250800E1	2.501600E4	7.989415E3	1.875295E1	-2.104850E1	2.819065E1	7.159170E4	6.730765E1	4.343635E1
1.251200E1	2.502400E4	8.203688E3	2.691469E1	-7.731563E0	2.800317E1	7.162397E4	5.914592E1	5.675329E1
1.251600E1	2.503200E4	8.345006E3	2.638525E1	8.232556E0	2.763976E1	7.165733E4	5.967536E1	7.271740E1
1.252000E1	2.504000E4	8.191689E3	1.753521E1	2.144881E1	2.770443E1	7.169073E4	6.852539E1	8.593366E1
1.252400E1	2.504800E4	8.077011E3	3.462319E0	2.764821E1	2.786415E1	7.172286E4	8.259829E1	9.213306E1
1.252800E1	2.505600E4	8.190177E3	-1.178717E1	2.488107E1	2.753189E1	7.175535E4	9.784777E1	8.936592E1
1.253200E1	2.506400E4	8.378857E3	-2.295295E1	1.412983E1	2.695348E1	7.178838E4	1.090136E2	7.861468E1
1.253600E1	2.507200E4	8.546281E3	-2.665562E1	-1.107720E0	2.667863E1	7.182238E4	1.127162E2	6.337713E1
1.254000E1	2.508000E4	8.435367E3	-2.166124E1	-1.617746E1	2.703552E1	7.185675E4	1.077218E2	4.830739E1
1.254400E1	2.508800E4	8.107661E3	-9.599010E0	-2.617756E1	2.788199E1	7.188986E4	9.565962E1	3.830729E1
1.254800E1	2.509600E4	7.979296E3	5.705945E0	-2.776006E1	2.834040E1	7.192162E4	8.035466E1	3.672479E1
1.255200E1	2.510400E4	8.085242E3	1.948631E1	-2.039342E1	2.820652E1	7.195370E4	6.657430E1	4.409142E1
1.255600E1	2.511200E4	8.248031E3	2.713514E1	-6.616324E0	2.793012E1	7.198630E4	5.892546E1	5.786852E1
1.256000E1	2.512000E4	8.330419E3	2.602108E1	9.307270E0	2.763552E1	7.201968E4	6.003953E1	7.379212E1
1.256400E1	2.512800E4	8.198895E3	1.670035E1	2.211421E1	2.771173E1	7.205294E4	6.936025E1	8.659905E1
1.256800E1	2.513600E4	8.074713E3	2.294830E0	2.774868E1	2.784341E1	7.208527E4	8.376578E1	9.223352E1
1.257200E1	2.514400E4	8.164606E3	-1.266048E1	2.428112E1	2.738358E1	7.211754E4	9.872108E1	8.876597E1
1.257600E1	2.515200E4	8.414030E3	-2.351746E1	1.325724E1	2.699677E1	7.215059E4	1.095781E2	7.774209E1
1.258000E1	2.516000E4	8.615342E3	-2.638624E1	-2.239060E0	2.648107E1	7.218485E4	1.124468E2	6.224579E1
1.258400E1	2.516800E4	8.456276E3	-2.069386E1	-1.706595E1	2.682317E1	7.221951E4	1.067545E2	4.741890E1
1.258800E1	2.517600E4	8.103869E3	-8.401491E0	-2.664700E1	2.794007E1	7.225250E4	9.446210E1	3.783785E1
1.259200E1	2.518400E4	7.942770E3	7.027494E0	-2.748395E1	2.836817E1	7.228434E4	7.903311E1	3.700090E1
1.259600E1	2.519200E4	8.041909E3	2.030030E1	-1.957455E1	2.820045E1	7.231604E4	6.576031E1	4.491030E1
1.260000E1	2.520000E4	8.268672E3	2.719680E1	-5.445231E0	2.773656E1	7.234868E4	5.886380E1	5.903962E1
1.260400E1	2.520800E4	8.358007E3	2.544853E1	1.038125E1	2.748451E1	7.238219E4	6.061208E1	7.486610E1
1.260800E1	2.521600E4	8.183359E3	1.560413E1	2.274004E1	2.757895E1	7.241554E4	7.045648E1	8.722489E1
1.261200E1	2.522400E4	8.061582E3	1.128579E0	2.760595E1	2.762901E1	7.244766E4	8.493203E1	9.209080E1
1.261600E1	2.523200E4	8.171357E3	-1.371701E1	2.372518E1	2.740511E1	7.248003E4	9.977761E1	8.821003E1
1.262000E1	2.524000E4	8.450687E3	-2.398408E1	1.220478E1	2.691083E1	7.251303E4	1.100447E2	7.668963E1
1.262400E1	2.524800E4	8.604121E3	-2.635137E1	-3.534929E0	2.658741E1	7.254764E4	1.124120E2	6.094992E1
1.262800E1	2.525600E4	8.428171E3	-2.009228E1	-1.800422E1	2.697872E1	7.258186E4	1.061529E2	4.648063E1
1.263200E1	2.526400E4	8.111531E3	-7.117511E0	-2.668536E1	2.761825E1	7.261507E4	9.317812E1	3.779949E1
1.263600E1	2.527200E4	7.924649E3	8.140100E0	-2.703799E1	2.823675E1	7.264676E4	7.792051E1	3.744686E1
1.264000E1	2.528000E4	8.046772E3	2.106005E1	-1.865665E1	2.813532E1	7.267846E4	6.500056E1	4.582820E1
1.264400E1	2.528800E4	8.257276E3	2.743598E1	-4.282034E0	2.776813E1	7.271113E4	5.862462E1	6.020281E1
1.264800E1	2.529600E4	8.325061E3	2.494425E1	1.137887E1	2.741705E1	7.274452E4	6.111635E1	7.586372E1
1.265200E1	2.530400E4	8.214968E3	1.478680E1	2.341727E1	2.769509E1	7.277773E4	7.127380E1	8.790212E1
1.265600E1	2.531200E4	8.056384E3	-1.164988E-1	2.770865E1	2.770890E1	7.281024E4	8.617710E1	9.219350E1
1.266000E1	2.532000E4	8.162556E3	-1.458756E1	2.318191E1	2.738974E1	7.284218E4	1.006482E2	8.766676E1
1.266400E1	2.532800E4	8.440039E3	-2.448763E1	1.113833E1	2.690179E1	7.287554E4	1.105482E2	7.562318E1
1.266800E1	2.533600E4	8.598349E3	-2.613086E1	-4.467135E0	2.650995E1	7.290970E4	1.121915E2	6.001771E1
1.267200E1	2.534400E4	8.449773E3	-1.928610E1	-1.883901E1	2.696038E1	7.294433E4	1.053467E2	4.564583E1
1.267600E1	2.535200E4	8.078794E3	-6.101096E0	-2.707107E1	2.775006E1	7.297730E4	9.216170E1	3.741378E1
1.268000E1	2.536000E4	7.958326E3	9.223257E0	-2.684947E1	2.838948E1	7.300896E4	7.683735E1	3.763537E1
1.268400E1	2.536800E4	8.060755E3	2.182570E1	-1.769564E1	2.809798E1	7.304097E4	6.423491E1	4.678921E1
1.268800E1	2.537600E4	8.213147E3	2.765721E1	-3.178271E0	2.783923E1	7.307344E4	5.840339E1	6.130658E1
1.269200E1	2.538400E4	8.274544E3	2.472163E1	1.241804E1	2.766526E1	7.310667E4	6.133898E1	7.690288E1
1.269600E1	2.539200E4	8.176836E3	1.404974E1	2.398640E1	2.779825E1	7.313964E4	7.201086E1	8.847124E1
1.270000E1	2.540000E4	8.078829E3	-1.015480E0	2.788323E1	2.790172E1	7.317209E4	8.707609E1	9.236808E1
1.270400E1	2.540800E4	8.211763E3	-1.540899E1	2.261289E1	2.736385E1	7.320427E4	1.014696E2	8.709774E1
1.270800E1	2.541600E4	8.494763E3	-2.471456E1	1.009597E1	2.669716E1	7.323778E4	1.107752E2	7.458082E1
1.271200E1	2.542400E4	8.556153E3	-2.602024E1	-5.639850E0	2.662444E1	7.327223E4	1.120808E2	5.884500E1
1.271600E1	2.543200E4	8.371289E3	-1.875989E1	-1.958251E1	2.711841E1	7.330623E4	1.048205E2	4.490234E1
1.272000E1	2.544000E4	8.070328E3	-5.228364E0	-2.740785E1	2.790208E1	7.333920E4	9.128897E1	3.707700E1
1.272400E1	2.544800E4	7.949023E3	1.006274E1	-2.650193E1	2.834803E1	7.337079E4	7.599787E1	3.798292E1
1.272800E1	2.545600E4	8.106317E3	2.229630E1	-1.692865E1	2.799471E1	7.340279E4	6.376431E1	4.755620E1
1.273200E1	2.546400E4	8.265833E3	2.760023E1	-2.103265E0	2.768025E1	7.343564E4	5.846038E1	6.238158E1
1.273600E1	2.547200E4	8.297000E3	2.415606E1	1.334519E1	2.759727E1	7.346892E4	6.190455E1	7.783004E1
1.274000E1	2.548000E4	8.175718E3	1.297790E1	2.442661E1	2.766017E1	7.350202E4	7.308271E1	8.891146E1
1.274400E1	2.548800E4	8.041397E3	-2.096598E0	2.772514E1	2.780430E1	7.353432E4	8.815720E1	9.220999E1
1.274800E1	2.549600E4	8.179259E3	-1.621077E1	2.202847E1	2.735037E1	7.356635E4	1.022714E2	8.651332E1
1.275200E1	2.550400E4	8.482137E3	-2.511451E1	9.260952E0	2.676759E1	7.359976E4	1.111751E2	7.374580E1
1.275600E1	2.551200E4	8.579605E3	-2.570521E1	-6.507515E0	2.651613E1	7.363421E4	1.117658E2	5.797733E1
1.276000E1	2.552000E4	8.376396E3	-1.801170E1	-2.028381E1	2.712663E1	7.366840E4	1.040723E2	4.420104E1
1.276400E1	2.552800E4	8.064098E3	-4.277123E0	-2.768496E1	2.801340E1	7.370122E4	9.033773E1	3.679989E1
1.276800E1	2.553600E4	7.950561E3	1.105208E1	-2.615347E1	2.839283E1	7.373291E4	7.500852E1	3.833137E1
1.277200E1	2.554400E4	8.043740E3	2.295399E1	-1.617898E1	2.808282E1	7.376482E4	6.310661E1	4.830587E1
1.277600E1	2.555200E4	8.223272E3	2.774222E1	-1.328603E0	2.777401E1	7.379726E4	5.831839E1	6.315625E1
1.278000E1	2.556000E4	8.326231E3	2.366059E1	1.399747E1	2.749095E1	7.383061E4	6.240002E1	7.848232E1
1.278400E1	2.556800E4	8.189996E3	1.222939E1	2.492803E1	2.776625E1	7.386387E4	7.383121E1	8.941288E1
1.278800E1	2.557600E4	8.077813E3	-2.956953E0	2.754022E1	2.769850E1	7.389613E4	8.901756E1	9.202507E1
1.279200E1	2.558400E4	8.205210E3	-1.697023E1	2.134178E1	2.726647E1	7.392849E4	1.030308E2	8.582663E1
1.279600E1	2.559200E4	8.476061E3	-2.541664E1	8.371332E0	2.675976E1	7.396177E4	1.114772E2	7.285618E1
1.280000E1	2.560000E4	8.607315E3	-2.545278E1	-7.442423E0	2.651856E1	7.399630E4	1.115134E2	5.704243E1
1.280400E1	2.560800E4	8.358821E3	-1.723813E1	-2.100732E1	2.717463E1	7.403063E4	1.032987E2	4.347753E1
1.280800E1	2.561600E4	8.002862E3	-3.312815E0	-2.765707E1	2.785477E1	7.406317E4	8.937342E1	3.682778E1
1.281200E1	2.562400E4	7.950477E3	1.177421E1	-2.565630E1	2.822902E1	7.409465E4	7.428639E1	3.882855E1
1.281600E1	2.563200E4	8.061233E3	2.352626E1	-1.541078E1	2.812432E1	7.412677E4	6.253434E1	4.907407E1
1.282000E1	2.564000E4	8.216547E3	2.785899E1	-4.175853E-1	2.786212E1	7.415914E4	5.820161E1	6.406726E1
1.282400E1	2.564800E4	8.267746E3	2.339416E1	1.490702E1	2.773997E1	7.419251E4	6.266645E1	7.939187E1
1.282800E1	2.565600E4	8.101875E3	1.156918E1	2.513380E1	2.766864E1	7.422528E4	7.449143E1	8.961864E1
1.283200E1	2.566400E4	8.058526E3	-3.532465E0	2.749624E1	2.772222E1	7.425732E4	8.959307E1	9.198109E1
1.283600E1	2.567200E4	8.205400E3	-1.746157E1	2.099419E1	2.730682E1	7.428975E4	1.035222E2	8.547904E1
1.284000E1	2.568000E4	8.513378E3	-2.552899E1	7.822567E0	2.670059E1	7.432296E4	1.115896E2	7.230742E1
1.284400E1	2.568800E4	8.626837E3	-2.539917E1	-8.183372E0	2.668493E1	7.435786E4	1.114598E2	5.630148E1
1.284800E1	2.569600E4	8.310377E3	-1.683665E1	-2.153337E1	2.733421E1	7.439198E4	1.028973E2	4.295148E1
1.285200E1	2.570400E4	7.950890E3	-2.764288E0	-2.789889E1	2.803550E1	7.442434E4	8.882489E1	3.658596E1
1.285600E1	2.571200E4	7.936884E3	1.222283E1	-2.552731E1	2.830267E1	7.445559E4	7.383778E1	3.895754E1
1.286000E1	2.572000E4	8.112469E3	2.364699E1	-1.487025E1	2.793393E1	7.448784E4	6.241362E1	4.961460E1
1.286400E1	2.572800E4	8.265295E3	2.774993E1	2.351469E-1	2.775093E1	7.452049E4	5.831067E1	6.472000E1
1.286800E1	2.573600E4	8.269429E3	2.296071E1	1.546324E1	2.768223E1	7.455396E4	6.309990E1	7.994809E1
1.287200E1	2.574400E4	8.090495E3	1.105659E1	2.560044E1	2.788603E1	7.458664E4	7.500401E1	9.008529E1
1.287600E1	2.575200E4	8.030593E3	-4.193509E0	2.745965E1	2.777801E1	7.461868E4	9.025412E1	9.194449E1
1.288000E1	2.576000E4	8.249516E3	-1.783513E1	2.059984E1	2.724784E1	7.465089E4	1.038957E2	8.508469E1
1.288400E1	2.576800E4	8.521866E3	-2.566649E1	7.031675E0	2.661228E1	7.468468E4	1.117271E2	7.151652E1
1.288800E1	2.577600E4	8.547071E3	-2.522622E1	-8.715943E0	2.668951E1	7.471906E4	1.112868E2	5.576891E1
1.289200E1	2.578400E4	8.336463E3	-1.636388E1	-2.175947E1	2.722593E1	7.475306E4	1.024245E2	4.272538E1
1.289600E1	2.579200E4	8.026063E3	-2.067790E0	-2.784064E1	2.791732E1	7.478575E4	8.812840E1	3.664421E1
1.290000E1	2.580000E4	7.940724E3	1.291790E1	-2.506653E1	2.819935E1	7.481726E4	7.314271E1	3.941831E1
1.290400E1	2.580800E4	8.050809E3	2.411575E1	-1.433136E1	2.805275E1	7.484928E4	6.194486E1	5.015349E1
1.290800E1	2.581600E4	8.225283E3	2.767932E1	8.072547E-1	2.769109E1	7.488167E4	5.838129E1	6.529210E1
1.291200E1	2.582400E4	8.261922E3	2.258704E1	1.586287E1	2.760081E1	7.491508E4	6.347357E1	8.034772E1
1.291600E1	2.583200E4	8.128480E3	1.043182E1	2.551897E1	2.756884E1	7.494777E4	7.562879E1	9.000382E1
1.292000E1	2.584000E4	8.059042E3	-4.845722E0	2.718120E1	2.760976E1	7.498011E4	9.090633E1	9.166605E1
1.292400E1	2.584800E4	8.202760E3	-1.834665E1	2.020642E1	2.729284E1	7.501224E4	1.044073E2	8.469127E1
1.292800E1	2.585600E4	8.525145E3	-2.582414E1	6.567960E0	2.664628E1	7.504573E4	1.118847E2	7.105281E1
1.293200E1	2.586400E4	8.588890E3	-2.497451E1	-9.307493E0	2.665250E1	7.508044E4	1.110351E2	5.517736E1
1.293600E1	2.587200E4	8.280018E3	-1.587568E1	-2.220879E1	2.729959E1	7.511444E4	1.019363E2	4.227606E1
1.294000E1	2.588000E4	7.919101E3	-1.627911E0	-2.805879E1	2.810598E1	7.514668E4	8.768852E1	3.642606E1
1.294400E1	2.588800E4	7.891924E3	1.323821E1	-2.511465E1	2.839007E1	7.517779E4	7.282240E1	3.937020E1
1.294800E1	2.589600E4	8.097520E3	2.420083E1	-1.407677E1	2.799707E1	7.520981E4	6.185978E1	5.040808E1
1.295200E1	2.590400E4	8.321165E3	2.746247E1	1.234751E0	2.749022E1	7.524257E4	5.859813E1	6.571960E1
1.295600E1	2.591200E4	8.343743E3	2.205738E1	1.625275E1	2.739854E1	7.527638E4	6.400322E1	8.073760E1
1.296000E1	2.592000E4	8.097806E3	9.781221E0	2.591850E1	2.770273E1	7.530932E4	7.627938E1	9.040335E1
1.296400E1	2.592800E4	8.006337E3	-5.346574E0	2.708476E1	2.760743E1	7.534117E4	9.140718E1	9.156961E1
1.296800E1	2.593600E4	8.256604E3	-1.873469E1	1.982870E1	2.727940E1	7.537338E4	1.047953E2	8.431355E1
1.297200E1	2.594400E4	8.524428E3	-2.600915E1	5.899805E0	2.666990E1	7.540722E4	1.120698E2	7.038465E1
1.297600E1	2.595200E4	8.497656E3	-2.493126E1	-9.856103E0	2.680877E1	7.544157E4	1.109919E2	5.462875E1
1.298000E1	2.596000E4	8.221648E3	-1.564009E1	-2.250380E1	2.740498E1	7.547520E4	1.017007E2	4.198105E1
1.298400E1	2.596800E4	7.963126E3	-1.300060E0	-2.802104E1	2.805119E1	7.550734E4	8.736067E1	3.646380E1
1.298800E1	2.597600E4	7.991832E3	1.361678E1	-2.466085E1	2.817045E1	7.553891E4	7.244383E1	3.982400E1
1.299200E1	2.598400E4	8.091576E3	2.453890E1	-1.344675E1	2.798165E1	7.557128E4	6.152171E1	5.103810E1
1.299600E1	2.599200E4	8.191356E3	2.781685E1	1.768806E0	2.787303E1	7.560364E4	5.824376E1	6.625365E1
1.300000E1	2.600000E4	8.258842E3	2.216608E1	1.658785E1	2.768559E1	7.563681E4	6.389452E1	8.107270E1
1.300400E1	2.600800E4	8.091949E3	9.609010E0	2.598926E1	2.770875E1	7.566971E4	7.645160E1	9.047411E1
1.300800E1	2.601600E4	8.049238E3	-5.561496E0	2.722684E1	2.778904E1	7.570154E4	9.162210E1	9.171169E1
1.301200E1	2.602400E4	8.269263E3	-1.901675E1	1.962168E1	2.732485E1	7.573410E4	1.050774E2	8.410653E1
1.301600E1	2.603200E4	8.507826E3	-2.603374E1	5.676833E0	2.664549E1	7.576770E4	1.120943E2	7.016168E1
1.302000E1	2.604000E4	8.542936E3	-2.468293E1	-1.005566E1	2.665264E1	7.580217E4	1.107435E2	5.442919E1
1.302400E1	2.604800E4	8.255207E3	-1.537673E1	-2.283329E1	2.752822E1	7.583604E4	1.014373E2	4.165156E1
1.302800E1	2.605600E4	7.930374E3	-8.785636E-1	-2.807039E1	2.808413E1	7.586821E4	8.693917E1	3.641446E1
1.303200E1	2.606400E4	7.927131E3	1.396791E1	-2.470298E1	2.837851E1	7.589949E4	7.209269E1	3.978187E1
1.303600E1	2.607200E4	8.081132E3	2.463531E1	-1.330673E1	2.799942E1	7.593162E4	6.142530E1	5.117812E1
1.304000E1	2.608000E4	8.273269E3	2.767632E1	2.000546E0	2.774853E1	7.596413E4	5.838428E1	6.648539E1
1.304400E1	2.608800E4	8.289443E3	2.190825E1	1.700022E1	2.773046E1	7.599781E4	6.415236E1	8.148507E1
1.304800E1	2.609600E4	8.074748E3	9.333053E0	2.628268E1	2.789059E1	7.603045E4	7.672755E1	9.076753E1
1.305200E1	2.610400E4	8.027431E3	-5.987396E0	2.721299E1	2.786388E1	7.606241E4	9.204800E1	9.169784E1
1.305600E1	2.611200E4	8.227255E3	-1.922266E1	1.944581E1	2.734319E1	7.609467E4	1.052833E2	8.393066E1
1.306000E1	2.612000E4	8.498185E3	-2.604009E1	5.427471E0	2.659969E1	7.612823E4	1.121007E2	6.991232E1
1.306400E1	2.612800E4	8.555842E3	-2.456132E1	-1.025148E1	2.661487E1	7.616265E4	1.106219E2	5.423337E1
1.306800E1	2.613600E4	8.270666E3	-1.500928E1	-2.282624E1	2.731878E1	7.619667E4	1.010699E2	4.165861E1
1.307200E1	2.614400E4	7.918823E3	-5.792441E-1	-2.812550E1	2.813147E1	7.622882E4	8.663985E1	3.635934E1
1.307600E1	2.615200E4	7.945515E3	1.413254E1	-2.445475E1	2.824470E1	7.626002E4	7.192807E1	4.003010E1
1.308000E1	2.616000E4	8.133332E3	2.476949E1	-1.295783E1	2.795412E1	7.629238E4	6.129112E1	5.152702E1
1.308400E1	2.616800E4	8.260571E3	2.755850E1	2.454935E0	2.766763E1	7.632509E4	5.850210E1	6.693978E1
1.308800E1	2.617600E4	8.241030E3	2.166962E1	1.721757E1	2.767701E1	7.635847E4	6.439099E1	8.170241E1
1.309200E1	2.618400E4	8.072769E3	9.053428E0	2.632106E1	2.783456E1	7.639102E4	7.700718E1	9.080590E1
1.309600E1	2.619200E4	8.005992E3	-6.269017E0	2.704424E1	2.776133E1	7.642305E4	9.232962E1	9.152909E1
1.310000E1	2.620000E4	8.214980E3	-1.929895E1	1.925407E1	2.726113E1	7.645507E4	1.053596E2	8.373892E1
1.310400E1	2.620800E4	8.543506E3	-2.607153E1	5.176092E0	2.658038E1	7.648877E4	1.121321E2	6.966094E1
1.310800E1	2.621600E4	8.585572E3	-2.434066E1	-1.054058E1	2.652492E1	7.652341E4	1.104013E2	5.394427E1
1.311200E1	2.622400E4	8.271125E3	-1.466041E1	-2.297277E1	2.725208E1	7.655746E4	1.007210E2	4.151208E1
1.311600E1	2.623200E4	7.989946E3	-2.029118E-1	-2.792944E1	2.793017E1	7.658958E4	8.626352E1	3.655541E1
1.312000E1	2.624000E4	7.986664E3	1.464515E1	-2.401618E1	2.812929E1	7.662137E4	7.141546E1	4.046867E1
1.312400E1	2.624800E4	8.060325E3	2.504516E1	-1.249958E1	2.799106E1	7.665348E4	6.101545E1	5.198527E1
1.312800E1	2.625600E4	8.195003E3	2.749011E1	2.820262E0	2.763440E1	7.668586E4	5.857050E1	6.730511E1
1.313200E1	2.626400E4	8.186226E3	2.151989E1	1.744953E1	2.770545E1	7.671904E4	6.454072E1	8.193438E1
1.313600E1	2.627200E4	8.058474E3	8.895678E0	2.635291E1	2.781383E1	7.675135E4	7.716493E1	9.083776E1
1.314000E1	2.628000E4	8.076566E3	-6.466311E0	2.692404E1	2.768966E1	7.678350E4	9.252692E1	9.140889E1
1.314400E1	2.628800E4	8.306423E3	-1.940503E1	1.876547E1	2.699441E1	7.681596E4	1.054656E2	8.325032E1
1.314800E1	2.629600E4	8.589226E3	-2.601193E1	4.607086E0	2.641677E1	7.684996E4	1.120725E2	6.909193E1
1.315200E1	2.630400E4	8.546880E3	-2.411695E1	-1.107917E1	2.654007E1	7.688467E4	1.101776E2	5.340568E1
1.315600E1	2.631200E4	8.234174E3	-1.445207E1	-2.342851E1	2.752739E1	7.691833E4	1.005127E2	4.105634E1
1.316000E1	2.632000E4	7.904856E3	2.705802E-1	-2.833464E1	2.833593E1	7.695055E4	8.579003E1	3.615021E1
1.316400E1	2.632800E4	7.873916E3	1.487177E1	-2.420197E1	2.840607E1	7.698157E4	7.118883E1	4.028288E1
1.316800E1	2.633600E4	8.070207E3	2.515203E1	-1.251927E1	2.809549E1	7.701354E4	6.090858E1	5.196558E1
1.317200E1	2.634400E4	8.271634E3	2.739220E1	2.942763E0	2.754982E1	7.704613E4	5.866841E1	6.742761E1
1.317600E1	2.635200E4	8.303524E3	2.107776E1	1.750626E1	2.739965E1	7.707971E4	6.498285E1	8.199110E1
1.318000E1	2.636000E4	8.138261E3	8.264228E0	2.630681E1	2.757437E1	7.711256E4	7.779638E1	9.079166E1
1.318400E1	2.636800E4	8.070565E3	-7.073383E0	2.673840E1	2.765818E1	7.714482E4	9.313399E1	9.122325E1
1.318800E1	2.637600E4	8.250824E3	-1.990970E1	1.848536E1	2.716809E1	7.717712E4	1.059703E2	8.297021E1
1.319200E1	2.638400E4	8.512658E3	-2.634859E1	4.256119E0	2.669012E1	7.721082E4	1.124092E2	6.874097E1
1.319600E1	2.639200E4	8.534816E3	-2.408864E1	-1.134850E1	2.662801E1	7.724523E4	1.101492E2	5.313635E1
1.320000E1	2.640000E4	8.259668E3	-1.408860E1	-2.354288E1	2.743639E1	7.727910E4	1.001492E2	4.094197E1
1.320400E1	2.640800E4	7.947832E3	6.396265E-1	-2.811799E1	2.812527E1	7.731130E4	8.542098E1	3.636685E1
1.320800E1	2.641600E4	7.918025E3	1.535824E1	-2.393634E1	2.843983E1	7.734269E4	7.070237E1	4.054851E1
1.321200E1	2.642400E4	8.129583E3	2.528819E1	-1.198212E1	2.798328E1	7.737465E4	6.077242E1	5.250273E1
1.321600E1	2.643200E4	8.304497E3	2.732129E1	3.704691E0	2.757131E1	7.740772E4	5.873932E1	6.818954E1
1.322000E1	2.644000E4	8.275714E3	2.078318E1	1.811966E1	2.757286E1	7.744108E4	6.527743E1	8.260451E1
1.322400E1	2.644800E4	8.072793E3	7.701017E0	2.672940E1	2.781666E1	7.747393E4	7.835959E1	9.121425E1
1.322800E1	2.645600E4	7.990192E3	-7.476459E0	2.665969E1	2.768820E1	7.750567E4	9.353706E1	9.114454E1
1.323200E1	2.646400E4	8.271780E3	-2.007478E1	1.817125E1	2.707750E1	7.753785E4	1.061354E2	8.265610E1
1.323600E1	2.647200E4	8.567750E3	-2.620638E1	3.757774E0	2.647443E1	7.757184E4	1.122670E2	6.824262E1
1.324000E1	2.648000E4	8.523490E3	-2.393013E1	-1.187449E1	2.671432E1	7.760639E4	1.099907E2	5.261036E1
1.324400E1	2.648800E4	8.237527E3	-1.366391E1	-2.369313E1	2.735081E1	7.764003E4	9.972451E1	4.079171E1
1.324800E1	2.649600E4	7.961772E3	1.119049E0	-2.796516E1	2.798754E1	7.767229E4	8.494156E1	3.651969E1
1.325200E1	2.650400E4	7.985420E3	1.561511E1	-2.339441E1	2.812703E1	7.770372E4	7.044550E1	4.109044E1
1.325600E1	2.651200E4	8.104828E3	2.556085E1	-1.128707E1	2.794199E1	7.773617E4	6.049976E1	5.319778E1
1.326000E1	2.652000E4	8.219242E3	2.748970E1	4.138100E0	2.779942E1	7.776856E4	5.857090E1	6.862295E1
1.326400E1	2.652800E4	8.266154E3	2.066002E1	1.855594E1	2.776976E1	7.780193E4	6.540058E1	8.304079E1
1.326800E1	2.653600E4	8.093347E3	7.334108E0	2.679033E1	2.777609E1	7.783469E4	7.872650E1	9.127518E1
1.327200E1	2.654400E4	8.088225E3	-7.920247E0	2.644048E1	2.760125E1	7.786668E4	9.398085E1	9.092532E1
1.327600E1	2.655200E4	8.321546E3	-2.054383E1	1.761090E1	2.705906E1	7.789940E4	1.066044E2	8.209575E1
1.328000E1	2.656000E4	8.510736E3	-2.653142E1	3.141158E0	2.671672E1	7.793325E4	1.125920E2	6.762601E1
1.328400E1	2.656800E4	8.514924E3	-2.386943E1	-1.241586E1	2.690545E1	7.796748E4	1.099300E2	5.206899E1
1.328800E1	2.657600E4	8.238920E3	-1.320038E1	-2.417842E1	2.754716E1	7.800137E4	9.926098E1	4.030643E1
1.329200E1	2.658400E4	7.934656E3	1.677595E0	-2.829643E1	2.834611E1	7.803339E4	8.438301E1	3.618842E1
1.329600E1	2.659200E4	7.966779E3	1.619005E1	-2.325578E1	2.833636E1	7.806484E4	6.987055E1	4.122907E1
1.330000E1	2.660000E4	8.171540E3	2.576218E1	-1.086800E1	2.796075E1	7.809713E4	6.029842E1	5.361685E1
1.330400E1	2.660800E4	8.307122E3	2.720038E1	4.902414E0	2.763864E1	7.813022E4	5.886022E1	6.938726E1
1.330800E1	2.661600E4	8.290361E3	1.995411E1	1.899149E1	2.754711E1	7.816358E4	6.610649E1	8.347634E1
1.331200E1	2.662400E4	8.109935E3	6.462100E0	2.699921E1	2.776178E1	7.819654E4	7.959851E1	9.148406E1
1.331600E1	2.663200E4	8.075515E3	-8.818012E0	2.641004E1	2.784327E1	7.822846E4	9.487862E1	9.089489E1
1.332000E1	2.664000E4	8.283365E3	-2.120415E1	1.708277E1	2.722934E1	7.826114E4	1.072648E2	8.156762E1
1.332400E1	2.664800E4	8.539643E3	-2.664270E1	2.457263E0	2.675577E1	7.829473E4	1.127033E2	6.694211E1
1.332800E1	2.665600E4	8.576508E3	-2.339512E1	-1.321535E1	2.686963E1	7.832946E4	1.094557E2	5.126950E1
1.333200E1	2.666400E4	8.282690E3	-1.235935E1	-2.461937E1	2.754754E1	7.836334E4	9.841995E1	3.986547E1
1.333600E1	2.667200E4	7.952288E3	2.818411E0	-2.812464E1	2.826550E1	7.839572E4	8.324220E1	3.636021E1
1.334000E1	2.668000E4	7.987158E3	1.707513E1	-2.269169E1	2.839846E1	7.842696E4	6.898547E1	4.179316E1
1.334400E1	2.668800E4	8.185404E3	2.621370E1	-9.738451E0	2.796418E1	7.845962E4	5.984691E1	5.474640E1
1.334800E1	2.669600E4	8.281133E3	2.690037E1	5.936145E0	2.754756E1	7.849244E4	5.916023E1	7.042099E1
1.335200E1	2.670400E4	8.299166E3	1.919019E1	1.978125E1	2.756014E1	7.852587E4	6.687042E1	8.426610E1
1.335600E1	2.671200E4	8.140297E3	5.357025E0	2.714805E1	2.767154E1	7.855884E4	8.070358E1	9.163290E1
1.336000E1	2.672000E4	8.105543E3	-9.906071E0	2.581793E1	2.765313E1	7.859099E4	9.596668E1	9.030278E1
1.336400E1	2.672800E4	8.313196E3	-2.189573E1	1.609473E1	2.717468E1	7.862368E4	1.079563E2	8.057958E1
1.336800E1	2.673600E4	8.542987E3	-2.669236E1	1.166879E0	2.671785E1	7.865750E4	1.127530E2	6.565173E1
1.337200E1	2.674400E4	8.533861E3	-2.280008E1	-1.426128E1	2.689289E1	7.869203E4	1.088607E2	5.022357E1
1.337600E1	2.675200E4	8.220509E3	-1.138360E1	-2.529158E1	2.773536E1	7.872577E4	9.744421E1	3.919327E1
1.338000E1	2.676000E4	7.998339E3	3.833226E0	-2.802051E1	2.828149E1	7.875779E4	8.222738E1	3.646434E1
1.338400E1	2.676800E4	8.068629E3	1.799286E1	-2.163063E1	2.813587E1	7.878975E4	6.806775E1	4.285421E1
1.338800E1	2.677600E4	8.169201E3	2.658403E1	-8.464222E0	2.789899E1	7.882234E4	5.947657E1	5.602063E1
1.339200E1	2.678400E4	8.273148E3	2.667467E1	7.201411E0	2.762967E1	7.885511E4	5.938593E1	7.168626E1
1.339600E1	2.679200E4	8.251067E3	1.833261E1	2.073872E1	2.767994E1	7.888852E4	6.772800E1	8.522357E1
1.340000E1	2.680000E4	8.123912E3	4.297843E0	2.749759E1	2.783144E1	7.892112E4	8.176276E1	9.198244E1
1.340400E1	2.680800E4	8.158825E3	-1.100094E1	2.528200E1	2.757173E1	7.895352E4	9.706155E1	8.976685E1
1.340800E1	2.681600E4	8.359891E3	-2.255846E1	1.499507E1	2.708756E1	7.898639E4	1.086191E2	7.947991E1
1.341200E1	2.682400E4	8.607988E3	-2.669129E1	-1.837330E-1	2.669192E1	7.902039E4	1.127519E2	6.430112E1
1.341600E1	2.683200E4	8.514684E3	-2.203144E1	-1.557092E1	2.697847E1	7.905525E4	1.080920E2	4.891393E1
1.342000E1	2.684000E4	8.174542E3	-1.015331E1	-2.579136E1	2.771793E1	7.908851E4	9.621392E1	3.869349E1
1.342400E1	2.684800E4	8.015635E3	5.209496E0	-2.770976E1	2.819521E1	7.912065E4	8.085111E1	3.677508E1
1.342800E1	2.685600E4	8.071405E3	1.900016E1	-2.063580E1	2.805071E1	7.915264E4	6.706044E1	4.384905E1
1.343200E1	2.686400E4	8.210807E3	2.686345E1	-7.088258E0	2.778288E1	7.918522E4	5.919715E1	5.739659E1
1.343600E1	2.687200E4	8.323973E3	2.623297E1	8.687611E0	2.763409E1	7.921832E4	5.982764E1	7.317246E1
1.344000E1	2.688000E4	8.267154E3	1.704057E1	2.166284E1	2.756193E1	7.925181E4	6.902004E1	8.614769E1
1.344400E1	2.688800E4	8.086017E3	2.675974E0	2.759232E1	2.772177E1	7.928446E4	8.338463E1	9.207717E1
1.344800E1	2.689600E4	8.135728E3	-1.221264E1	2.449626E1	2.737180E1	7.931650E4	9.827325E1	8.898111E1
1.345200E1	2.690400E4	8.469930E3	-2.309878E1	1.358101E1	2.679548E1	7.934955E4	1.091594E2	7.806586E1
1.345600E1	2.691200E4	8.638978E3	-2.648994E1	-1.972284E0	2.656326E1	7.938426E4	1.125505E2	6.251256E1
1.346000E1	2.692000E4	8.455284E3	-2.100634E1	-1.680415E1	2.690066E1	7.941866E4	1.070669E2	4.768070E1
1.346400E1	2.692800E4	8.127296E3	-8.575884E0	-2.623844E1	2.760438E1	7.945190E4	9.463649E1	3.824641E1
1.346800E1	2.693600E4	7.953803E3	6.672184E0	-2.741897E1	2.821911E1	7.948368E4	7.938842E1	3.706587E1
1.347200E1	2.694400E4	8.089333E3	2.010829E1	-1.973917E1	2.817762E1	7.951553E4	6.595231E1	4.474568E1
1.347600E1	2.695200E4	8.274646E3	2.721472E1	-5.590685E0	2.778303E1	7.954839E4	5.884589E1	5.889416E1
1.348000E1	2.696000E4	8.315792E3	2.553993E1	1.017799E1	2.749326E1	7.958173E4	6.052068E1	7.466283E1
1.348400E1	2.696800E4	8.208116E3	1.601096E1	2.279621E1	2.785710E1	7.961492E4	7.004964E1	8.728106E1
1.348800E1	2.697600E4	8.116412E3	1.261575E0	2.770559E1	2.773430E1	7.964739E4	8.479903E1	9.219044E1
1.349200E1	2.698400E4	8.224640E3	-1.363081E1	2.375368E1	2.738679E1	7.967985E4	9.969142E1	8.823853E1
1.349600E1	2.699200E4	8.461054E3	-2.399671E1	1.212689E1	2.688686E1	7.971319E4	1.100573E2	7.661174E1
1.350000E1	2.700000E4	8.605240E3	-2.638934E1	-3.491728E0	2.661934E1	7.974754E4	1.124499E2	6.099312E1
1.350400E1	2.700800E4	8.471477E3	-2.005125E1	-1.807443E1	2.699514E1	7.978203E4	1.061119E2	4.641042E1
1.350800E1	2.701600E4	8.111954E3	-7.080481E0	-2.700681E1	2.791955E1	7.981531E4	9.314109E1	3.747804E1
1.351200E1	2.702400E4	7.920407E3	8.235713E0	-2.706022E1	2.828573E1	7.984693E4	7.782489E1	3.742463E1
1.351600E1	2.703200E4	8.064342E3	2.116428E1	-1.861132E1	2.818347E1	7.987867E4	6.489633E1	4.587353E1
1.352000E1	2.704000E4	8.288826E3	2.742555E1	-4.127049E0	2.773434E1	7.991144E4	5.863505E1	6.035780E1
1.352400E1	2.704800E4	8.339521E3	2.485025E1	1.157891E1	2.741543E1	7.994498E4	6.121036E1	7.606375E1
1.352800E1	2.705600E4	8.206932E3	1.455305E1	2.343366E1	2.758492E1	7.997816E4	7.150756E1	8.791851E1
1.353200E1	2.706400E4	8.099234E3	-3.088738E-1	2.771569E1	2.771742E1	8.001064E4	8.636948E1	9.220054E1
1.353600E1	2.707200E4	8.272600E3	-1.486238E1	2.292785E1	2.732355E1	8.004295E4	1.009230E2	8.741270E1
1.354000E1	2.708000E4	8.542414E3	-2.454022E1	1.050817E1	2.669540E1	8.007682E4	1.106008E2	7.499302E1
1.354400E1	2.708800E4	8.592233E3	-2.617650E1	-5.226585E0	2.669319E1	8.011129E4	1.122371E2	5.925826E1
1.354800E1	2.709600E4	8.415950E3	-1.905518E1	-1.942942E1	2.721401E1	8.014556E4	1.051158E2	4.505543E1
1.355200E1	2.710400E4	8.093247E3	-5.526001E0	-2.745335E1	2.800399E1	8.017862E4	9.158661E1	3.703150E1
1.355600E1	2.711200E4	7.993201E3	9.866757E0	-2.666883E1	2.843553E1	8.021030E4	7.619385E1	3.781602E1
1.356000E1	2.712000E4	8.068893E3	2.242054E1	-1.716363E1	2.823598E1	8.024256E4	6.364007E1	4.732121E1
1.356400E1	2.712800E4	8.272627E3	2.770699E1	-2.495070E0	2.781910E1	8.027485E4	5.835362E1	6.198978E1
1.356800E1	2.713600E4	8.395475E3	2.412178E1	1.323137E1	2.751235E1	8.030875E4	6.193882E1	7.771622E1
1.357200E1	2.714400E4	8.213920E3	1.298296E1	2.443600E1	2.767084E1	8.034202E4	7.307765E1	8.892084E1
1.357600E1	2.715200E4	8.112548E3	-2.157375E0	2.767655E1	2.776050E1	8.037446E4	8.821798E1	9.216140E1
1.358000E1	2.716000E4	8.288894E3	-1.640224E1	2.183107E1	2.730621E1	8.040692E4	1.024628E2	8.631592E1
1.358400E1	2.716800E4	8.580293E3	-2.513797E1	8.769556E0	2.662373E1	8.044077E4	1.111986E2	7.325440E1
1.358800E1	2.717600E4	8.609401E3	-2.555705E1	-7.116814E0	2.652945E1	8.047556E4	1.116177E2	5.736803E1
1.359200E1	2.718400E4	8.344865E3	-1.768517E1	-2.081202E1	2.731127E1	8.050964E4	1.037458E2	4.367282E1
1.359600E1	2.719200E4	8.028179E3	-3.745859E0	-2.777698E1	2.802841E1	8.054232E4	8.980646E1	3.670787E1
1.360000E1	2.720000E4	8.020018E3	1.146840E1	-2.591781E1	2.834179E1	8.057387E4	7.459220E1	3.856704E1
1.360400E1	2.720800E4	8.191243E3	2.325479E1	-1.540376E1	2.789374E1	8.060648E4	6.280582E1	4.908109E1
1.360800E1	2.721600E4	8.314780E3	2.751786E1	-2.886989E-1	2.751937E1	8.063940E4	5.854275E1	6.419615E1
1.361200E1	2.722400E4	8.385705E3	2.311684E1	1.501116E1	2.756308E1	8.067300E4	6.294377E1	7.949601E1
1.361600E1	2.723200E4	8.195144E3	1.112479E1	2.556640E1	2.788192E1	8.070648E4	7.493582E1	9.005125E1
1.362000E1	2.724000E4	8.083475E3	-4.144297E0	2.753531E1	2.784544E1	8.073856E4	9.020490E1	9.202016E1
1.362400E1	2.724800E4	8.316264E3	-1.795297E1	2.054197E1	2.728153E1	8.077115E4	1.040136E2	8.502681E1
1.362800E1	2.725600E4	8.628747E3	-2.575090E1	6.856903E0	2.664819E1	8.080509E4	1.118115E2	7.134175E1
1.363200E1	2.726400E4	8.647450E3	-2.513784E1	-9.240120E0	2.678229E1	8.084018E4	1.111984E2	5.524473E1
1.363600E1	2.727200E4	8.333633E3	-1.595347E1	-2.217625E1	2.731848E1	8.087427E4	1.020141E2	4.230860E1
1.364000E1	2.728000E4	8.001428E3	-1.556451E0	-2.829447E1	2.833724E1	8.090685E4	8.761706E1	3.619038E1
1.364400E1	2.728800E4	8.017787E3	1.344972E1	-2.499934E1	2.838770E1	8.093828E4	7.261089E1	3.948551E1
1.364800E1	2.729600E4	8.240173E3	2.430802E1	-1.347766E1	2.779438E1	8.097099E4	6.175258E1	5.100719E1
1.365200E1	2.730400E4	8.412483E3	2.741665E1	2.014206E0	2.749053E1	8.100420E4	5.864396E1	6.649905E1
1.365600E1	2.731200E4	8.370326E3	2.153830E1	1.700598E1	2.744270E1	8.103829E4	6.452231E1	8.149083E1
1.366000E1	2.732000E4	8.124940E3	9.002486E0	2.639084E1	2.788407E1	8.107116E4	7.705812E1	9.087569E1
1.366400E1	2.732800E4	8.086425E3	-6.396101E0	2.707204E1	2.781736E1	8.110329E4	9.245671E1	9.155689E1
1.366800E1	2.733600E4	8.315084E3	-1.958415E1	1.900769E1	2.729160E1	8.113586E4	1.056448E2	8.349254E1
1.367200E1	2.734400E4	8.637836E3	-2.627036E1	4.720280E0	2.669106E1	8.116981E4	1.123310E2	6.920513E1
1.367600E1	2.735200E4	8.664138E3	-2.418912E1	-1.125824E1	2.668073E1	8.120496E4	1.102497E2	5.322661E1
1.368000E1	2.736000E4	8.339531E3	-1.405437E1	-2.350813E1	2.738900E1	8.123913E4	1.001150E2	4.097672E1
1.368400E1	2.736800E4	8.042602E3	8.243971E-1	-2.819631E1	2.820836E1	8.127167E4	8.523621E1	3.628853E1
1.368800E1	2.737600E4	8.082157E3	1.567663E1	-2.371388E1	2.842718E1	8.130347E4	7.038397E1	4.077097E1
1.369200E1	2.738400E4	8.199107E3	2.562538E1	-1.123170E1	2.797877E1	8.133633E4	6.043522E1	5.325315E1
1.369600E1	2.739200E4	8.328491E3	2.745483E1	4.378148E0	2.780172E1	8.136906E4	5.860578E1	6.886300E1
1.370000E1	2.740000E4	8.389559E3	2.025089E1	1.885779E1	2.767155E1	8.140296E4	6.580971E1	8.334263E1
1.370400E1	2.740800E4	8.171414E3	6.619225E0	2.690202E1	2.770438E1	8.143618E4	7.944138E1	9.138686E1
1.370800E1	2.741600E4	8.132952E3	-8.645330E0	2.609336E1	2.748828E1	8.146833E4	9.470594E1	9.057821E1
1.371200E1	2.742400E4	8.381611E3	-2.114506E1	1.697640E1	2.711663E1	8.150124E4	1.072057E2	8.146125E1
1.371600E1	2.743200E4	8.642079E3	-2.655064E1	2.143628E0	2.663704E1	8.153538E4	1.126112E2	6.662848E1
1.372000E1	2.744000E4	8.609628E3	-2.313019E1	-1.355806E1	2.681094E1	8.157038E4	1.091908E2	5.092679E1
1.372400E1	2.744800E4	8.287777E3	-1.196083E1	-2.480968E1	2.754236E1	8.160426E4	9.802144E1	3.967517E1
1.372800E1	2.745600E4	8.058130E3	3.269143E0	-2.791525E1	2.810602E1	8.163668E4	8.279146E1	3.656960E1
1.373200E1	2.746400E4	8.140719E3	1.754854E1	-2.188368E1	2.805079E1	8.166873E4	6.851206E1	4.260117E1
1.373600E1	2.747200E4	8.290842E3	2.649000E1	-8.706800E0	2.788420E1	8.170181E4	5.957060E1	5.577805E1
1.374000E1	2.748000E4	8.353467E3	2.671839E1	7.185618E0	2.766777E1	8.173505E4	5.934221E1	7.167047E1
1.374400E1	2.748800E4	8.311778E3	1.839116E1	2.088487E1	2.782827E1	8.176863E4	6.766944E1	8.536972E1
1.374800E1	2.749600E4	8.146449E3	4.075860E0	2.742650E1	2.772771E1	8.180155E4	8.198475E1	9.191135E1
1.375200E1	2.750400E4	8.192406E3	-1.114922E1	2.527326E1	2.762323E1	8.183380E4	9.720983E1	8.975811E1
1.375600E1	2.751200E4	8.471053E3	-2.264552E1	1.465768E1	2.697531E1	8.186709E4	1.087061E2	7.914253E1
1.376000E1	2.752000E4	8.642505E3	-2.664486E1	-7.316721E-1	2.665490E1	8.190157E4	1.127055E2	6.375318E1
1.376400E1	2.752800E4	8.529013E3	-2.176654E1	-1.594612E1	2.698261E1	8.193623E4	1.078272E2	4.853873E1
1.376800E1	2.753600E4	8.233105E3	-9.535318E0	-2.592329E1	2.762136E1	8.196981E4	9.559592E1	3.856155E1
1.377200E1	2.754400E4	8.097263E3	5.868283E0	-2.739350E1	2.801501E1	8.200209E4	8.019232E1	3.709135E1
1.377600E1	2.755200E4	8.218051E3	1.965951E1	-1.994766E1	2.800724E1	8.203458E4	6.640110E1	4.453718E1
1.378000E1	2.756000E4	8.365999E3	2.718143E1	-5.859130E0	2.780575E1	8.206784E4	5.887917E1	5.862572E1
1.378400E1	2.756800E4	8.381340E3	2.571072E1	1.013350E1	2.763565E1	8.210151E4	6.034988E1	7.461835E1
1.378800E1	2.757600E4	8.259616E3	1.603782E1	2.280798E1	2.788218E1	8.213489E4	7.002278E1	8.729283E1
1.379200E1	2.758400E4	8.189057E3	1.166785E0	2.770094E1	2.772551E1	8.216759E4	8.489382E1	9.218579E1
1.379600E1	2.759200E4	8.292007E3	-1.389084E1	2.367747E1	2.745138E1	8.220040E4	9.995145E1	8.816232E1
1.380000E1	2.760000E4	8.577064E3	-2.413639E1	1.181169E1	2.687157E1	8.223392E4	1.101970E2	7.629654E1
1.380400E1	2.760800E4	8.701717E3	-2.627920E1	-4.169431E0	2.660791E1	8.226902E4	1.123398E2	6.031542E1
1.380800E1	2.761600E4	8.460338E3	-1.961019E1	-1.863403E1	2.705156E1	8.230354E4	1.056708E2	4.585082E1
1.381200E1	2.762400E4	8.144074E3	-6.427089E0	-2.718436E1	2.793379E1	8.233670E4	9.248770E1	3.730049E1
1.381600E1	2.763200E4	8.065612E3	9.134781E0	-2.700235E1	2.850563E1	8.236869E4	7.692583E1	3.748250E1
1.382000E1	2.764000E4	8.178356E3	2.188681E1	-1.758302E1	2.807481E1	8.240122E4	6.417380E1	4.690183E1
1.382400E1	2.764800E4	8.310440E3	2.770221E1	-2.854286E0	2.784886E1	8.243412E4	5.835840E1	6.163056E1
1.382800E1	2.765600E4	8.365890E3	2.454344E1	1.288913E1	2.772202E1	8.246771E4	6.151716E1	7.737398E1
1.383200E1	2.766400E4	8.283118E3	1.339384E1	2.420737E1	2.766571E1	8.250104E4	7.266677E1	8.869222E1
1.383600E1	2.767200E4	8.204907E3	-1.923368E0	2.770412E1	2.777081E1	8.253397E4	8.798397E1	9.218897E1
1.384000E1	2.768000E4	8.341546E3	-1.633052E1	2.192209E1	2.733613E1	8.256668E4	1.023911E2	8.640694E1
1.384400E1	2.768800E4	8.610881E3	-2.511718E1	8.794054E0	2.661218E1	8.260070E4	1.111778E2	7.327890E1
1.384800E1	2.769600E4	8.658290E3	-2.562994E1	-7.141898E0	2.660640E1	8.263557E4	1.116905E2	5.734295E1
1.385200E1	2.770400E4	8.385368E3	-1.761107E1	-2.096583E1	2.738094E1	8.266997E4	1.036717E2	4.351902E1
1.385600E1	2.771200E4	8.089055E3	-3.590142E0	-2.784679E1	2.807726E1	8.270265E4	8.965075E1	3.663806E1
1.386000E1	2.772000E4	8.100479E3	1.175143E1	-2.556996E1	2.814105E1	8.273468E4	7.430918E1	3.891489E1
1.386400E1	2.772800E4	8.199968E3	2.360490E1	-1.506260E1	2.800131E1	8.276746E4	6.245570E1	4.942224E1
1.386800E1	2.773600E4	8.349057E3	2.773706E1	1.366568E-1	2.773740E1	8.280028E4	5.832354E1	6.462151E1
1.387200E1	2.774400E4	8.415776E3	2.288762E1	1.558360E1	2.768920E1	8.283425E4	6.317299E1	8.006845E1
1.387600E1	2.775200E4	8.217798E3	1.058668E1	2.569601E1	2.779142E1	8.286761E4	7.547393E1	9.018086E1
1.388000E1	2.776000E4	8.187725E3	-4.786459E0	2.716658E1	2.758501E1	8.289999E4	9.084706E1	9.165142E1
1.388400E1	2.776800E4	8.425347E3	-1.861638E1	1.988673E1	2.724062E1	8.293311E4	1.046770E2	8.437158E1
1.388800E1	2.777600E4	8.665721E3	-2.607261E1	5.830251E0	2.671653E1	8.296740E4	1.121332E2	7.031510E1
1.389200E1	2.778400E4	8.666155E3	-2.469263E1	-1.019575E1	2.671478E1	8.300244E4	1.107532E2	5.428910E1
1.389600E1	2.779200E4	8.348482E3	-1.511447E1	-2.303091E1	2.754760E1	8.303672E4	1.011751E2	4.145393E1
1.390000E1	2.780000E4	8.060725E3	-3.832568E-1	-2.829290E1	2.829549E1	8.306922E4	8.644386E1	3.619195E1
1.390400E1	2.780800E4	8.060297E3	1.477701E1	-2.438998E1	2.851721E1	8.310121E4	7.128360E1	4.009487E1
1.390800E1	2.781600E4	8.236772E3	2.521548E1	-1.245882E1	2.812548E1	8.313371E4	6.084512E1	5.202603E1
1.391200E1	2.782400E4	8.421952E3	2.744659E1	3.420764E0	2.765894E1	8.316710E4	5.861402E1	6.790561E1
1.391600E1	2.783200E4	8.399123E3	2.073231E1	1.807442E1	2.750479E1	8.320108E4	6.532830E1	8.255927E1
1.392000E1	2.784000E4	8.211075E3	7.528749E0	2.677958E1	2.781776E1	8.323430E4	7.853186E1	9.126443E1
1.392400E1	2.784800E4	8.200744E3	-7.971139E0	2.645089E1	2.762587E1	8.326677E4	9.403174E1	9.093574E1
1.392800E1	2.785600E4	8.439297E3	-2.071498E1	1.744161E1	2.707988E1	8.329990E4	1.067756E2	8.192645E1
1.393200E1	2.786400E4	8.682717E3	-2.652941E1	2.655058E0	2.666194E1	8.333428E4	1.125900E2	6.713991E1
1.393600E1	2.787200E4	8.670007E3	-2.344948E1	-1.319425E1	2.690662E1	8.336937E4	1.095101E2	5.129060E1
1.394000E1	2.788000E4	8.338099E3	-1.225980E1	-2.474592E1	2.761636E1	8.340364E4	9.832041E1	3.973893E1
1.394400E1	2.788800E4	8.015157E3	2.988070E0	-2.810021E1	2.825863E1	8.343607E4	8.307254E1	3.638464E1
1.394800E1	2.789600E4	8.062054E3	1.735722E1	-2.240408E1	2.834107E1	8.346777E4	6.870338E1	4.208077E1
1.395200E1	2.790400E4	8.275646E3	2.631821E1	-9.285540E0	2.790824E1	8.350057E4	5.974239E1	5.519931E1
1.395600E1	2.791200E4	8.441484E3	2.663084E1	6.625676E0	2.744269E1	8.353397E4	5.942977E1	7.111052E1
1.396000E1	2.792000E4	8.434884E3	1.843970E1	2.055002E1	2.761025E1	8.356810E4	6.762090E1	8.503487E1
1.396400E1	2.792800E4	8.197627E3	4.117924E0	2.739155E1	2.769935E1	8.360145E4	8.194268E1	9.187640E1
1.396800E1	2.793600E4	8.188399E3	-1.107454E1	2.525350E1	2.757507E1	8.363368E4	9.713515E1	8.973835E1
1.397200E1	2.794400E4	8.499253E3	-2.262084E1	1.471395E1	2.698523E1	8.366696E4	1.086815E2	7.919880E1
1.397600E1	2.795200E4	8.660377E3	-2.675257E1	-7.814496E-1	2.676398E1	8.370167E4	1.128132E2	6.370340E1
1.398000E1	2.796000E4	8.529231E3	-2.179304E1	-1.597385E1	2.702037E1	8.373624E4	1.078537E2	4.851100E1
1.398400E1	2.796800E4	8.294312E3	-9.500970E0	-2.597245E1	2.765568E1	8.376991E4	9.556158E1	3.851239E1
1.398800E1	2.797600E4	8.107141E3	6.131493E0	-2.744167E1	2.811833E1	8.380260E4	7.992911E1	3.704318E1
1.399200E1	2.798400E4	8.197542E3	1.977654E1	-1.994005E1	2.808411E1	8.383476E4	6.628406E1	4.454480E1
1.399600E1	2.799200E4	8.374306E3	2.723794E1	-5.702474E0	2.782846E1	8.386818E4	5.882267E1	5.878237E1
1.400000E1	2.800000E4	8.370582E3	2.564548E1	1.023596E1	2.761278E1	8.390176E4	6.041513E1	7.472081E1
1.400400E1	2.800800E4	8.268273E3	1.591604E1	2.284919E1	2.784611E1	8.393514E4	7.014457E1	8.733404E1
1.400800E1	2.801600E4	8.183676E3	1.014588E0	2.773230E1	2.775086E1	8.396790E4	8.504602E1	9.221715E1
1.401200E1	2.802400E4	8.312681E3	-1.395480E1	2.358732E1	2.740617E1	8.400061E4	1.000154E2	8.807217E1
1.401600E1	2.803200E4	8.591454E3	-2.415838E1	1.157153E1	2.678671E1	8.403441E4	1.102190E2	7.605638E1
1.402000E1	2.804000E4	8.704413E3	-2.614811E1	-4.301206E0	2.649951E1	8.406934E4	1.122087E2	6.018364E1
1.402400E1	2.804800E4	8.524241E3	-1.945151E1	-1.881137E1	2.705973E1	8.410404E4	1.055121E2	4.567348E1
1.402800E1	2.805600E4	8.178332E3	-6.016245E0	-2.721638E1	2.787340E1	8.413754E4	9.207685E1	3.726847E1
1.403200E1	2.806400E4	8.039565E3	9.477280E0	-2.681033E1	2.843611E1	8.416947E4	7.658333E1	3.767452E1
1.403600E1	2.807200E4	8.181404E3	2.218333E1	-1.742423E1	2.820823E1	8.420185E4	6.387727E1	4.706062E1
1.404000E1	2.808000E4	8.344290E3	2.770618E1	-2.463251E0	2.781546E1	8.423492E4	5.835443E1	6.202160E1
1.404400E1	2.808800E4	8.411540E3	2.419867E1	1.319679E1	2.756321E1	8.426861E4	6.186194E1	7.768164E1
1.404800E1	2.809600E4	8.275059E3	1.291846E1	2.451421E1	2.770980E1	8.430221E4	7.314214E1	8.899905E1
1.405200E1	2.810400E4	8.174367E3	-2.323669E0	2.763481E1	2.773233E1	8.433481E4	8.838427E1	9.211966E1
1.405600E1	2.811200E4	8.378126E3	-1.656687E1	2.150735E1	2.714825E1	8.436761E4	1.026275E2	8.599220E1
1.406000E1	2.812000E4	8.632287E3	-2.540749E1	8.338128E0	2.674070E1	8.440183E4	1.114681E2	7.282298E1
1.406400E1	2.812800E4	8.720205E3	-2.541863E1	-7.609011E0	2.653307E1	8.443666E4	1.114792E2	5.687584E1
1.406800E1	2.813600E4	8.464292E3	-1.683172E1	-2.123106E1	2.709363E1	8.447159E4	1.028923E2	4.325379E1
1.407200E1	2.814400E4	8.062526E3	-2.747885E0	-2.792118E1	2.805607E1	8.450438E4	8.880849E1	3.656367E1
1.407600E1	2.815200E4	8.042558E3	1.242855E1	-2.537739E1	2.825740E1	8.453609E4	7.363205E1	3.910746E1
1.408000E1	2.816000E4	8.239376E3	2.386868E1	-1.450112E1	2.792841E1	8.456872E4	6.219193E1	4.998373E1
1.408400E1	2.816800E4	8.382159E3	2.764923E1	9.695268E-1	2.766623E1	8.460201E4	5.841137E1	6.545438E1
1.408800E1	2.817600E4	8.428658E3	2.237395E1	1.612297E1	2.757796E1	8.463578E4	6.368665E1	8.060782E1
1.409200E1	2.818400E4	8.272984E3	9.761958E0	2.602302E1	2.779376E1	8.466944E4	7.629865E1	9.050787E1
1.409600E1	2.819200E4	8.179241E3	-5.768040E0	2.722785E1	2.783211E1	8.470196E4	9.182865E1	9.171270E1
1.410000E1	2.820000E4	8.367158E3	-1.929318E1	1.937994E1	2.734610E1	8.473487E4	1.053538E2	8.386479E1
1.410400E1	2.820800E4	8.624267E3	-2.616211E1	5.133675E0	2.666103E1	8.476890E4	1.122227E2	6.961852E1
1.410800E1	2.821600E4	8.706845E3	-2.449019E1	-1.083497E1	2.677995E1	8.480387E4	1.105508E2	5.364988E1
1.411200E1	2.822400E4	8.437351E3	-1.418646E1	-2.319826E1	2.719218E1	8.483855E4	1.002471E2	4.128659E1
1.411600E1	2.823200E4	8.090492E3	6.690995E-1	-2.809237E1	2.810033E1	8.487136E4	8.539151E1	3.639248E1
1.412000E1	2.824000E4	8.096016E3	1.556850E1	-2.372166E1	2.837420E1	8.490328E4	7.049210E1	4.076319E1
1.412400E1	2.824800E4	8.244808E3	2.570307E1	-1.137258E1	2.810664E1	8.493613E4	6.035753E1	5.311227E1
1.412800E1	2.825600E4	8.375793E3	2.741651E1	4.457851E0	2.777656E1	8.496924E4	5.864410E1	6.894270E1
1.413200E1	2.826400E4	8.390133E3	2.021065E1	1.893853E1	2.769726E1	8.500314E4	6.584996E1	8.342338E1
1.413600E1	2.827200E4	8.195877E3	6.535177E0	2.692349E1	2.770528E1	8.503636E4	7.952543E1	9.140834E1
1.414000E1	2.828000E4	8.210703E3	-8.817053E0	2.604004E1	2.749226E1	8.506871E4	9.487766E1	9.052489E1
1.414400E1	2.828800E4	8.500780E3	-2.131459E1	1.662763E1	2.703312E1	8.510204E4	1.073752E2	8.111248E1
1.414800E1	2.829600E4	8.701570E3	-2.645381E1	1.519698E0	2.649743E1	8.513671E4	1.125144E2	6.600455E1
1.415200E1	2.830400E4	8.622470E3	-2.273500E1	-1.401653E1	2.670848E1	8.517165E4	1.087956E2	5.046832E1
1.415600E1	2.831200E4	8.300749E3	-1.133508E1	-2.509495E1	2.753616E1	8.520569E4	9.739568E1	3.938990E1
1.416000E1	2.832000E4	8.037836E3	3.955873E0	-2.793325E1	2.821197E1	8.523806E4	8.210473E1	3.655160E1
1.416400E1	2.832800E4	8.101570E3	1.811685E1	-2.159497E1	2.818800E1	8.526999E4	6.794375E1	4.288988E1
1.416800E1	2.833600E4	8.261876E3	2.671528E1	-8.232418E0	2.795495E1	8.530287E4	5.934532E1	5.625243E1
1.417200E1	2.834400E4	8.374879E3	2.652785E1	7.651648E0	2.760932E1	8.533609E4	5.953275E1	7.213650E1
1.417600E1	2.835200E4	8.326045E3	1.780893E1	2.112794E1	2.763237E1	8.536987E4	6.825167E1	8.561278E1
1.418000E1	2.836000E4	8.174165E3	3.541917E0	2.764113E1	2.786713E1	8.540270E4	8.251869E1	9.212597E1
1.418400E1	2.836800E4	8.297145E3	-1.170186E1	2.479414E1	2.741684E1	8.543527E4	9.776247E1	8.927899E1
1.418800E1	2.837600E4	8.562389E3	-2.306744E1	1.381919E1	2.689009E1	8.546908E4	1.091280E2	7.830404E1
1.419200E1	2.838400E4	8.673217E3	-2.662417E1	-1.751844E0	2.668175E1	8.550376E4	1.126848E2	6.273300E1
1.419600E1	2.839200E4	8.531806E3	-2.111945E1	-1.677561E1	2.697132E1	8.553846E4	1.071801E2	4.770924E1
1.420000E1	2.840000E4	8.201300E3	-8.580378E0	-2.643756E1	2.779510E1	8.557202E4	9.464098E1	3.804729E1
1.420400E1	2.840800E4	8.041204E3	6.873388E0	-2.742236E1	2.827064E1	8.560407E4	7.918722E1	3.706249E1
1.420800E1	2.841600E4	8.176440E3	2.038124E1	-1.944365E1	2.816825E1	8.563635E4	6.567936E1	4.504120E1
1.421200E1	2.842400E4	8.351240E3	2.732091E1	-5.072137E0	2.778775E1	8.566948E4	5.873969E1	5.941271E1
1.421600E1	2.843200E4	8.432978E3	2.522564E1	1.079014E1	2.743647E1	8.570316E4	6.083497E1	7.527499E1
1.422000E1	2.844000E4	8.334575E3	1.502933E1	2.309597E1	2.755549E1	8.573695E4	7.103127E1	8.758082E1
1.422400E1	2.844800E4	8.201725E3	7.967390E-2	2.769720E1	2.769731E1	8.576984E4	8.598093E1	9.218205E1
1.422800E1	2.845600E4	8.280759E3	-1.481197E1	2.319616E1	2.752192E1	8.580256E4	1.008726E2	8.768101E1
1.423200E1	2.846400E4	8.569879E3	-2.457921E1	1.090163E1	2.688835E1	8.583608E4	1.106398E2	7.538648E1
1.423600E1	2.847200E4	8.712988E3	-2.620641E1	-5.150715E0	2.670779E1	8.587112E4	1.122670E2	5.933413E1
1.424000E1	2.848000E4	8.462604E3	-1.899345E1	-1.952128E1	2.723658E1	8.590579E4	1.050541E2	4.496357E1
1.424400E1	2.848800E4	8.146176E3	-5.443880E0	-2.754467E1	2.807748E1	8.593882E4	9.150449E1	3.694018E1
1.424800E1	2.849600E4	8.078914E3	1.015703E1	-2.652279E1	2.840112E1	8.597095E4	7.590358E1	3.796205E1
1.425200E1	2.850400E4	8.207917E3	2.261156E1	-1.676128E1	2.814645E1	8.600345E4	6.344905E1	4.772357E1
1.425600E1	2.851200E4	8.355207E3	2.780112E1	-1.642972E0	2.784963E1	8.603662E4	5.825948E1	6.284188E1
1.426000E1	2.852000E4	8.394466E3	2.392334E1	1.397587E1	2.770652E1	8.607029E4	6.213726E1	7.846072E1
1.426400E1	2.852800E4	8.269512E3	1.233384E1	2.503659E1	2.790976E1	8.610377E4	7.372676E1	8.952144E1
1.426800E1	2.853600E4	8.159962E3	-3.134113E0	2.772581E1	2.790239E1	8.613645E4	8.919472E1	9.221066E1
1.427200E1	2.854400E4	8.308601E3	-1.715062E1	2.113899E1	2.722132E1	8.616905E4	1.032112E2	8.562384E1
1.427600E1	2.855200E4	8.645700E3	-2.544939E1	7.820447E0	2.662388E1	8.620292E4	1.115100E2	7.230530E1
1.428000E1	2.856000E4	8.731984E3	-2.519141E1	-8.291737E0	2.652094E1	8.623822E4	1.112520E2	5.619311E1
1.428400E1	2.856800E4	8.449783E3	-1.647665E1	-2.168674E1	2.723591E1	8.627277E4	1.025373E2	4.279811E1
1.428800E1	2.857600E4	8.112588E3	-2.042326E0	-2.792592E1	2.800051E1	8.630582E4	8.810293E1	3.655892E1
1.429200E1	2.858400E4	8.013090E3	1.313123E1	-2.503817E1	2.827259E1	8.633767E4	7.292938E1	3.944668E1
1.429600E1	2.859200E4	8.139674E3	2.427440E1	-1.405897E1	2.805176E1	8.636992E4	6.178621E1	5.042588E1
1.430000E1	2.860000E4	8.374819E3	2.769708E1	1.350779E0	2.772999E1	8.640279E4	5.836353E1	6.583563E1
1.430400E1	2.860800E4	8.424139E3	2.207900E1	1.658972E1	2.761704E1	8.643692E4	6.398161E1	8.107457E1
1.430800E1	2.861600E4	8.245587E3	9.394092E0	2.607197E1	2.771275E1	8.647019E4	7.666651E1	9.055682E1
1.431200E1	2.862400E4	8.170578E3	-6.200178E0	2.710365E1	2.780378E1	8.650289E4	9.226078E1	9.158850E1
1.431600E1	2.863200E4	8.340417E3	-1.947177E1	1.910160E1	2.727675E1	8.653555E4	1.055324E2	8.358645E1
1.432000E1	2.864000E4	8.688345E3	-2.607467E1	4.781601E0	2.650948E1	8.656961E4	1.121353E2	6.926645E1
1.432400E1	2.864800E4	8.705300E3	-2.404953E1	-1.124341E1	2.654796E1	8.660506E4	1.101101E2	5.324143E1
1.432800E1	2.865600E4	8.335749E3	-1.402822E1	-2.358017E1	2.743748E1	8.663925E4	1.000888E2	4.090468E1
1.433200E1	2.866400E4	8.078792E3	8.538929E-1	-2.806709E1	2.808007E1	8.667174E4	8.520671E1	3.641776E1
1.433600E1	2.867200E4	8.055453E3	1.585720E1	-2.361471E1	2.844478E1	8.670388E4	7.020340E1	4.087014E1
1.434000E1	2.868000E4	8.206376E3	2.565478E1	-1.132248E1	2.804222E1	8.673619E4	6.040583E1	5.316237E1
1.434400E1	2.868800E4	8.416187E3	2.735715E1	4.593845E0	2.774017E1	8.676953E4	5.870346E1	6.907869E1
1.434800E1	2.869600E4	8.378902E3	2.002141E1	1.901005E1	2.760867E1	8.680352E4	6.603920E1	8.349489E1
1.435200E1	2.870400E4	8.190788E3	6.467396E0	2.707070E1	2.783253E1	8.683656E4	7.959321E1	9.155555E1
1.435600E1	2.871200E4	8.160766E3	-9.081592E0	2.631216E1	2.783532E1	8.686904E4	9.514220E1	9.079701E1
1.436000E1	2.872000E4	8.435909E3	-2.130592E1	1.673626E1	2.709326E1	8.690185E4	1.073665E2	8.122111E1
1.436400E1	2.872800E4	8.715676E3	-2.649154E1	1.606700E0	2.654022E1	8.693653E4	1.125521E2	6.609155E1
1.436800E1	2.873600E4	8.644068E3	-2.280113E1	-1.401364E1	2.676329E1	8.697157E4	1.088617E2	5.047121E1
1.437200E1	2.874400E4	8.281908E3	-1.131159E1	-2.503124E1	2.746844E1	8.700568E4	9.737220E1	3.945361E1
1.437600E1	2.875200E4	7.998538E3	3.857368E0	-2.804928E1	2.831327E1	8.703783E4	8.220324E1	3.643557E1
1.438000E1	2.876000E4	8.082745E3	1.810956E1	-2.183622E1	2.836859E1	8.706967E4	6.795105E1	4.264863E1
1.438400E1	2.876800E4	8.268678E3	2.665820E1	-8.409278E0	2.795310E1	8.710249E4	5.940240E1	5.607557E1
1.438800E1	2.877600E4	8.403936E3	2.669363E1	7.563381E0	2.774445E1	8.713582E4	5.936697E1	7.204823E1
1.439200E1	2.878400E4	8.341481E3	1.797684E1	2.121536E1	2.780752E1	8.716972E4	6.808376E1	8.570021E1
1.439600E1	2.879200E4	8.149566E3	3.606012E0	2.758160E1	2.781633E1	8.720255E4	8.245459E1	9.206645E1
1.440000E1	2.880000E4	8.257976E3	-1.157012E1	2.490264E1	2.745923E1	8.723492E4	9.763072E1	8.938749E1
1.440400E1	2.880800E4	8.520858E3	-2.297950E1	1.401837E1	2.691787E1	8.726862E4	1.090401E2	7.850322E1
1.440800E1	2.881600E4	8.674470E3	-2.654135E1	-1.431436E0	2.657992E1	8.730309E4	1.126020E2	6.305341E1
1.441200E1	2.882400E4	8.566535E3	-2.122961E1	-1.659294E1	2.694479E1	8.733801E4	1.072902E2	4.789191E1
1.441600E1	2.883200E4	8.218259E3	-8.771455E0	-2.639778E1	2.781692E1	8.737162E4	9.483206E1	3.808707E1
1.442000E1	2.884000E4	8.020412E3	6.714134E0	-2.742378E1	2.823373E1	8.740376E4	7.934647E1	3.706107E1
1.442400E1	2.884800E4	8.142097E3	2.021050E1	-1.966574E1	2.819939E1	8.743578E4	6.585011E1	4.481911E1
1.442800E1	2.885600E4	8.345317E3	2.731858E1	-5.362750E0	2.783997E1	8.746889E4	5.874203E1	5.912210E1
1.443200E1	2.886400E4	8.419382E3	2.542256E1	1.055388E1	2.752618E1	8.750255E4	6.063805E1	7.503873E1
1.443600E1	2.887200E4	8.311324E3	1.537895E1	2.301524E1	2.768056E1	8.753625E4	7.068166E1	8.750009E1
1.444000E1	2.888000E4	8.204480E3	4.684002E-1	2.783133E1	2.783527E1	8.756904E4	8.559221E1	9.231618E1
1.444400E1	2.888800E4	8.245408E3	-1.455093E1	2.339095E1	2.754752E1	8.760188E4	1.006115E2	8.787580E1
1.444800E1	2.889600E4	8.470368E3	-2.445249E1	1.140286E1	2.698054E1	8.763500E4	1.105131E2	7.588771E1
1.445200E1	2.890400E4	8.678068E3	-2.620399E1	-4.454498E0	2.657991E1	8.766965E4	1.122646E2	6.003035E1
1.445600E1	2.891200E4	8.523459E3	-1.935168E1	-1.896620E1	2.709620E1	8.770442E4	1.054123E2	4.551865E1
1.446000E1	2.892000E4	8.178750E3	-5.861331E0	-2.719091E1	2.781548E1	8.773784E4	9.192194E1	3.729394E1
1.446400E1	2.892800E4	8.035116E3	9.626279E0	-2.665972E1	2.834442E1	8.776985E4	7.643433E1	3.782513E1
1.446800E1	2.893600E4	8.138307E3	2.220735E1	-1.727783E1	2.813698E1	8.780212E4	6.385326E1	4.720702E1
1.447200E1	2.894400E4	8.331842E3	2.766584E1	-2.439880E0	2.777322E1	8.783496E4	5.839477E1	6.204497E1
1.447600E1	2.895200E4	8.407197E3	2.420368E1	1.329013E1	2.761242E1	8.786877E4	6.185693E1	7.777498E1
1.448000E1	2.896000E4	8.274413E3	1.290814E1	2.450074E1	2.769308E1	8.790222E4	7.315247E1	8.898559E1
1.448400E1	2.896800E4	8.171764E3	-2.406955E0	2.769925E1	2.780363E1	8.793497E4	8.846756E1	9.218410E1
1.448800E1	2.897600E4	8.340658E3	-1.661635E1	2.158320E1	2.723853E1	8.796759E4	1.026770E2	8.606805E1
1.449200E1	2.898400E4	8.594502E3	-2.541245E1	8.408515E0	2.676744E1	8.800169E4	1.114731E2	7.289336E1
1.449600E1	2.899200E4	8.659400E3	-2.553224E1	-7.489264E0	2.660798E1	8.803635E4	1.115928E2	5.699558E1
1.450000E1	2.900000E4	8.458369E3	-1.720235E1	-2.121797E1	2.731525E1	8.807097E4	1.032630E2	4.326688E1
1.450400E1	2.900800E4	8.087884E3	-2.930089E0	-2.794703E1	2.810021E1	8.810401E4	8.899070E1	3.653782E1
1.450800E1	2.901600E4	8.039463E3	1.226292E1	-2.551483E1	2.830875E1	8.813567E4	7.379769E1	3.897002E1
1.451200E1	2.902400E4	8.218769E3	2.378546E1	-1.467275E1	2.794705E1	8.816833E4	6.227515E1	4.981209E1
1.451600E1	2.903200E4	8.359593E3	2.772678E1	6.873095E-1	2.773530E1	8.820142E4	5.833382E1	6.517216E1
1.452000E1	2.904000E4	8.375576E3	2.260904E1	1.595316E1	2.767077E1	8.823521E4	6.345157E1	8.043801E1
1.452400E1	2.904800E4	8.234610E3	1.018866E1	2.576593E1	2.770726E1	8.826842E4	7.587195E1	9.025078E1
1.452800E1	2.905600E4	8.194365E3	-5.300061E0	2.705450E1	2.756876E1	8.830108E4	9.136067E1	9.153934E1
1.453200E1	2.906400E4	8.398406E3	-1.887108E1	1.955555E1	2.717604E1	8.833398E4	1.049317E2	8.404040E1
1.453600E1	2.907200E4	8.671770E3	-2.604801E1	5.407893E0	2.660346E1	8.836827E4	1.121086E2	6.989274E1
1.454000E1	2.908000E4	8.696876E3	-2.448979E1	-1.057418E1	2.667515E1	8.840335E4	1.105504E2	5.391067E1
1.454400E1	2.908800E4	8.362395E3	-1.455361E1	-2.315221E1	2.734652E1	8.843785E4	1.006142E2	4.133264E1
1.454800E1	2.909600E4	8.018521E3	1.244210E-1	-2.819485E1	2.819513E1	8.847025E4	8.593619E1	3.629000E1
1.455200E1	2.910400E4	8.070364E3	1.504177E1	-2.407703E1	2.838941E1	8.850199E4	7.101884E1	4.040782E1
1.455600E1	2.911200E4	8.274199E3	2.530500E1	-1.189913E1	2.796306E1	8.853482E4	6.075560E1	5.258572E1
1.456000E1	2.912000E4	8.405236E3	2.731606E1	3.930496E0	2.759739E1	8.856819E4	5.874455E1	6.841534E1
1.456400E1	2.912800E4	8.420111E3	2.038086E1	1.838817E1	2.745003E1	8.860206E4	6.567975E1	8.287302E1
1.456800E1	2.913600E4	8.234874E3	6.900980E0	2.677848E1	2.765340E1	8.863555E4	7.915963E1	9.126332E1
1.457200E1	2.914400E4	8.152186E3	-8.511487E0	2.629458E1	2.763784E1	8.866794E4	9.457209E1	9.077943E1
1.457600E1	2.915200E4	8.387199E3	-2.097339E1	1.712594E1	2.707732E1	8.870077E4	1.070340E2	8.161079E1
1.458000E1	2.916000E4	8.666442E3	-2.658918E1	2.310247E0	2.668936E1	8.873503E4	1.126498E2	6.679510E1
1.458400E1	2.916800E4	8.654536E3	-2.322004E1	-1.345909E1	2.683873E1	8.877010E4	1.092806E2	5.102576E1
1.458800E1	2.917600E4	8.327331E3	-1.195078E1	-2.479922E1	2.752857E1	8.880427E4	9.801138E1	3.968563E1
1.459200E1	2.918400E4	8.086273E3	3.295493E0	-2.798311E1	2.817650E1	8.883672E4	8.276511E1	3.650173E1
1.459600E1	2.919200E4	8.136957E3	1.763711E1	-2.181059E1	2.804941E1	8.886896E4	6.842349E1	4.267426E1
1.460000E1	2.920000E4	8.278091E3	2.653041E1	-8.716453E0	2.792560E1	8.890181E4	5.953019E1	5.576840E1
1.460400E1	2.920800E4	8.387943E3	2.675292E1	7.261304E0	2.772084E1	8.893519E4	5.930769E1	7.174615E1
1.460800E1	2.921600E4	8.334530E3	1.832025E1	2.101262E1	2.787762E1	8.896892E4	6.774035E1	8.549747E1
1.461200E1	2.922400E4	8.149084E3	3.953710E0	2.764764E1	2.792891E1	8.900186E4	8.210690E1	9.213249E1
1.461600E1	2.923200E4	8.189711E3	-1.129634E1	2.524323E1	2.765552E1	8.903411E4	9.735694E1	8.972808E1
1.462000E1	2.924000E4	8.495094E3	-2.269926E1	1.452830E1	2.695047E1	8.906738E4	1.087599E2	7.901315E1
1.462400E1	2.924800E4	8.686326E3	-2.664731E1	-9.627952E-1	2.666470E1	8.910207E4	1.127079E2	6.352205E1
1.462800E1	2.925600E4	8.567702E3	-2.156860E1	-1.617649E1	2.696077E1	8.913687E4	1.076292E2	4.830836E1
1.463200E1	2.926400E4	8.248607E3	-9.205577E0	-2.615649E1	2.772913E1	8.917061E4	9.526618E1	3.832836E1
1.463600E1	2.927200E4	8.035871E3	6.308175E0	-2.763418E1	2.834504E1	8.920286E4	7.975243E1	3.685067E1
1.464000E1	2.928000E4	8.191708E3	1.986416E1	-1.993513E1	2.814239E1	8.923490E4	6.619645E1	4.454972E1
1.464400E1	2.928800E4	8.394949E3	2.723657E1	-5.594586E0	2.780522E1	8.926839E4	5.882404E1	5.889026E1
1.464800E1	2.929600E4	8.375783E3	2.551707E1	1.033933E1	2.753221E1	8.930206E4	6.054353E1	7.482418E1
1.465200E1	2.930400E4	8.253900E3	1.582700E1	2.294148E1	2.787123E1	8.933540E4	7.023360E1	8.742633E1
1.465600E1	2.931200E4	8.162677E3	9.235158E-1	2.767328E1	2.768869E1	8.936809E4	8.513709E1	9.215813E1
1.466000E1	2.932000E4	8.286942E3	-1.396317E1	2.351650E1	2.734952E1	8.940070E4	1.000238E2	8.800135E1
1.466400E1	2.932800E4	8.575665E3	-2.409436E1	1.155227E1	2.672065E1	8.943438E4	1.101550E2	7.603712E1
1.466800E1	2.933600E4	8.711705E3	-2.618507E1	-4.290544E0	2.653426E1	8.946931E4	1.122457E2	6.019430E1
1.467200E1	2.934400E4	8.516839E3	-1.947551E1	-1.885845E1	2.710972E1	8.950408E4	1.055361E2	4.562640E1
1.467600E1	2.935200E4	8.152980E3	-6.062426E0	-2.721139E1	2.787854E1	8.953744E4	9.212303E1	3.727346E1
1.468000E1	2.936000E4	8.006283E3	9.394102E0	-2.682289E1	2.842035E1	8.956930E4	7.666650E1	3.766196E1
1.468400E1	2.936800E4	8.151814E3	2.195860E1	-1.747263E1	2.806195E1	8.960149E4	6.410200E1	4.701222E1
1.468800E1	2.937600E4	8.361643E3	2.765637E1	-2.655140E0	2.778353E1	8.963452E4	5.840423E1	6.182971E1
1.469200E1	2.938400E4	8.419794E3	2.433222E1	1.314738E1	2.765701E1	8.966838E4	6.172839E1	7.763223E1
1.469600E1	2.939200E4	8.271124E3	1.309537E1	2.449921E1	2.777949E1	8.970187E4	7.296523E1	8.898406E1
1.470000E1	2.940000E4	8.160227E3	-2.204989E0	2.769202E1	2.777967E1	8.973455E4	8.826559E1	9.217687E1
1.470400E1	2.940800E4	8.326964E3	-1.650580E1	2.178005E1	2.732786E1	8.976716E4	1.025664E2	8.626490E1
1.470800E1	2.941600E4	8.635309E3	-2.524545E1	8.609838E0	2.667325E1	8.980117E4	1.113061E2	7.309469E1
1.471200E1	2.942400E4	8.722037E3	-2.548578E1	-7.423017E0	2.654479E1	8.983624E4	1.115464E2	5.706183E1
1.471600E1	2.943200E4	8.451312E3	-1.711258E1	-2.109055E1	2.715974E1	8.987094E4	1.031732E2	4.339430E1
1.472000E1	2.944000E4	8.070329E3	-3.014989E0	-2.797759E1	2.813958E1	8.990385E4	8.907559E1	3.650726E1
1.472400E1	2.944800E4	8.017261E3	1.222004E1	-2.561152E1	2.837745E1	8.993551E4	7.384056E1	3.887333E1
1.472800E1	2.945600E4	8.200291E3	2.378359E1	-1.486892E1	2.804896E1	8.996799E4	6.227702E1	4.961593E1
1.473200E1	2.946400E4	8.345160E3	2.779708E1	5.383773E-1	2.780229E1	9.000111E4	5.826353E1	6.502323E1
1.473600E1	2.947200E4	8.363163E3	2.272473E1	1.576392E1	2.765708E1	9.003475E4	6.333588E1	8.024876E1
1.474000E1	2.948000E4	8.258866E3	1.038223E1	2.571614E1	2.773284E1	9.006801E4	7.567838E1	9.020099E1
1.474400E1	2.948800E4	8.200771E3	-5.201400E0	2.721615E1	2.770872E1	9.010082E4	9.126201E1	9.170100E1
1.474800E1	2.949600E4	8.393910E3	-1.880233E1	1.972987E1	2.725427E1	9.013362E4	1.048629E2	8.421472E1
1.475200E1	2.950400E4	8.644679E3	-2.611932E1	5.565715E0	2.670573E1	9.016797E4	1.121799E2	7.005056E1
1.475600E1	2.951200E4	8.632100E3	-2.462819E1	-1.034185E1	2.671145E1	9.020278E4	1.106888E2	5.414299E1
1.476000E1	2.952000E4	8.370377E3	-1.497091E1	-2.307757E1	2.750822E1	9.023703E4	1.010315E2	4.140728E1
1.476400E1	2.952800E4	8.049470E3	-1.273147E-1	-2.821835E1	2.821864E1	9.026974E4	8.618792E1	3.626650E1
1.476800E1	2.953600E4	8.042308E3	1.483226E1	-2.427681E1	2.844925E1	9.030142E4	7.122835E1	4.020803E1
1.477200E1	2.954400E4	8.228370E3	2.527624E1	-1.228441E1	2.810330E1	9.033408E4	6.078436E1	5.220044E1
1.477600E1	2.955200E4	8.441351E3	2.743436E1	3.490280E0	2.765549E1	9.036725E4	5.862625E1	6.797513E1
1.478000E1	2.956000E4	8.450228E3	2.049374E1	1.820208E1	2.741002E1	9.040161E4	6.556687E1	8.268693E1
1.478400E1	2.956800E4	8.205246E3	7.228373E0	2.670097E1	2.766209E1	9.043485E4	7.883223E1	9.118582E1
1.478800E1	2.957600E4	8.189243E3	-8.202673E0	2.641247E1	2.765687E1	9.046725E4	9.426328E1	9.089732E1
1.479200E1	2.958400E4	8.431678E3	-2.087286E1	1.728831E1	2.710281E1	9.050037E4	1.069335E2	8.177316E1
1.479600E1	2.959200E4	8.681534E3	-2.650975E1	2.456361E0	2.662331E1	9.053471E4	1.125704E2	6.694121E1
1.480000E1	2.960000E4	8.644512E3	-2.317663E1	-1.328328E1	2.671333E1	9.056982E4	1.092372E2	5.120157E1
1.480400E1	2.960800E4	8.305770E3	-1.211925E1	-2.469728E1	2.751058E1	9.060386E4	9.817986E1	3.978756E1
1.480800E1	2.961600E4	8.030953E3	3.086656E0	-2.811793E1	2.828684E1	9.063626E4	8.297395E1	3.636692E1
1.481200E1	2.962400E4	8.065360E3	1.745748E1	-2.225644E1	2.828626E1	9.066811E4	6.860313E1	4.222841E1
1.481600E1	2.963200E4	8.268954E3	2.637912E1	-9.192656E0	2.793498E1	9.070079E4	5.968148E1	5.529219E1
1.482000E1	2.964000E4	8.449088E3	2.651842E1	6.740492E0	2.736167E1	9.073426E4	5.954218E1	7.122534E1
1.482400E1	2.964800E4	8.433186E3	1.826440E1	2.055735E1	2.749896E1	9.076838E4	6.779620E1	8.504220E1
1.482800E1	2.965600E4	8.200215E3	3.970873E0	2.730944E1	2.759661E1	9.080173E4	8.208973E1	9.179429E1
1.483200E1	2.966400E4	8.187740E3	-1.120770E1	2.519433E1	2.757475E1	9.083398E4	9.726830E1	8.967918E1
1.483600E1	2.967200E4	8.481338E3	-2.272910E1	1.463167E1	2.703142E1	9.086723E4	1.087897E2	7.911652E1
1.484000E1	2.968000E4	8.687862E3	-2.667093E1	-8.533535E-1	2.668458E1	9.090183E4	1.127315E2	6.363149E1
1.484400E1	2.968800E4	8.580848E3	-2.166077E1	-1.616415E1	2.702718E1	9.093673E4	1.077214E2	4.832069E1
1.484800E1	2.969600E4	8.252144E3	-9.282092E0	-2.618186E1	2.777853E1	9.097048E4	9.534270E1	3.830299E1
1.485200E1	2.970400E4	8.074167E3	6.268422E0	-2.770476E1	2.840505E1	9.100275E4	7.979218E1	3.678008E1
1.485600E1	2.971200E4	8.167762E3	1.991123E1	-1.986076E1	2.812307E1	9.103507E4	6.614938E1	4.462409E1
1.486000E1	2.972000E4	8.340091E3	2.716877E1	-5.729787E0	2.776639E1	9.106809E4	5.889184E1	5.875506E1
1.486400E1	2.972800E4	8.385935E3	2.555316E1	1.021714E1	2.752007E1	9.110179E4	6.050744E1	7.470199E1
1.486800E1	2.973600E4	8.263692E3	1.587165E1	2.281806E1	2.779520E1	9.113518E4	7.018896E1	8.730291E1
1.487200E1	2.974400E4	8.195025E3	1.013676E0	2.768354E1	2.770209E1	9.116790E4	8.504693E1	9.216838E1
1.487600E1	2.975200E4	8.305577E3	-1.402017E1	2.357633E1	2.743007E1	9.120074E4	1.000808E2	8.806118E1
1.488000E1	2.976000E4	8.567558E3	-2.409861E1	1.157324E1	2.673356E1	9.123435E4	1.101592E2	7.605809E1
1.488400E1	2.976800E4	8.719885E3	-2.618755E1	-4.278617E0	2.653478E1	9.126928E4	1.122482E2	6.020623E1
1.488800E1	2.977600E4	8.522783E3	-1.941894E1	-1.882264E1	2.704417E1	9.130411E4	1.054795E2	4.566221E1
1.489200E1	2.978400E4	8.159500E3	-6.025967E0	-2.709513E1	2.775714E1	9.133746E4	9.208657E1	3.738971E1
1.489600E1	2.979200E4	8.017455E3	9.412167E0	-2.675315E1	2.836054E1	9.136938E4	7.664844E1	3.773170E1
1.490000E1	2.980000E4	8.151015E3	2.196243E1	-1.740651E1	2.802383E1	9.140160E4	6.409818E1	4.707834E1
1.490400E1	2.980800E4	8.360298E3	2.766578E1	-2.619681E0	2.778953E1	9.143459E4	5.839483E1	6.186517E1
1.490800E1	2.981600E4	8.415480E3	2.429639E1	1.318280E1	2.764237E1	9.146848E4	6.176422E1	7.766765E1
1.491200E1	2.982400E4	8.248639E3	1.307890E1	2.450965E1	2.778094E1	9.150191E4	7.298170E1	8.899450E1
1.491600E1	2.983200E4	8.172832E3	-2.172122E0	2.776917E1	2.785399E1	9.153447E4	8.823273E1	9.225402E1
1.492000E1	2.984000E4	8.360323E3	-1.649339E1	2.165282E1	2.721905E1	9.156730E4	1.025540E2	8.613767E1
1.492400E1	2.984800E4	8.638630E3	-2.516824E1	8.491969E0	2.656226E1	9.160136E4	1.112288E2	7.297682E1
1.492800E1	2.985600E4	8.693904E3	-2.544144E1	-7.490867E0	2.652131E1	9.163641E4	1.115020E2	5.699398E1
1.493200E1	2.986400E4	8.434932E3	-1.711339E1	-2.106284E1	2.713874E1	9.167091E4	1.031740E2	4.342201E1
1.493600E1	2.987200E4	8.062059E3	-2.994013E0	-2.794995E1	2.810985E1	9.170389E4	8.905462E1	3.653490E1
1.494000E1	2.988000E4	8.030592E3	1.217813E1	-2.564375E1	2.838853E1	9.173540E4	7.388247E1	3.884110E1
1.494400E1	2.988800E4	8.222534E3	2.375898E1	-1.477112E1	2.797634E1	9.176813E4	6.230162E1	4.971373E1
1.494800E1	2.989600E4	8.373770E3	2.782033E1	5.745755E-1	2.782627E1	9.180118E4	5.824027E1	6.505942E1
1.495200E1	2.990400E4	8.356080E3	2.264358E1	1.592637E1	2.768359E1	9.183512E4	6.341703E1	8.041122E1
1.495600E1	2.991200E4	8.203351E3	1.035405E1	2.566820E1	2.767784E1	9.186803E4	7.570655E1	9.015305E1
1.496000E1	2.992000E4	8.208189E3	-5.156397E0	2.716609E1	2.765113E1	9.190075E4	9.121700E1	9.165094E1
1.496400E1	2.992800E4	8.398766E3	-1.881814E1	1.969390E1	2.723916E1	9.193370E4	1.048787E2	8.417875E1
1.496800E1	2.993600E4	8.647931E3	-2.605621E1	5.568086E0	2.664450E1	9.196794E4	1.121168E2	7.005293E1
1.497200E1	2.994400E4	8.627849E3	-2.460725E1	-1.038478E1	2.670880E1	9.200288E4	1.106679E2	5.410007E1
1.497600E1	2.995200E4	8.359320E3	-1.498373E1	-2.303803E1	2.748204E1	9.203696E4	1.010443E2	4.144682E1
1.498000E1	2.996000E4	8.057395E3	-1.207214E-1	-2.826947E1	2.826973E1	9.206976E4	8.618133E1	3.621537E1
1.498400E1	2.996800E4	8.048592E3	1.479389E1	-2.421770E1	2.837880E1	9.210142E4	7.126671E1	4.026715E1
1.498800E1	2.997600E4	8.233806E3	2.520443E1	-1.221467E1	2.800824E1	9.213414E4	6.085617E1	5.227018E1
1.499200E1	2.998400E4	8.412647E3	2.744464E1	3.510867E0	2.766829E1	9.216729E4	5.861597E1	6.799572E1
1.499600E1	2.999200E4	8.423812E3	2.053886E1	1.813629E1	2.740018E1	9.220145E4	6.552175E1	8.262114E1
1.500000E1	3.000000E4	8.202618E3	7.331194E0	2.676252E1	2.774850E1	9.223468E4	7.872941E1	9.124737E1
1.500400E1	3.000800E4	8.178563E3	-8.123513E0	2.646144E1	2.768031E1	9.226707E4	9.418412E1	9.094629E1
1.500800E1	3.001600E4	8.447532E3	-2.084861E1	1.742658E1	2.717260E1	9.230011E4	1.069092E2	8.191143E1
1.501200E1	3.002400E4	8.689811E3	-2.647740E1	2.481198E0	2.659340E1	9.233465E4	1.125380E2	6.696605E1
1.501600E1	3.003200E4	8.643900E3	-2.323520E1	-1.321418E1	2.672993E1	9.236963E4	1.092958E2	5.127067E1
1.502000E1	3.004000E4	8.291448E3	-1.214968E1	-2.468885E1	2.751643E1	9.240380E4	9.821028E1	3.979600E1
1.502400E1	3.004800E4	8.015420E3	2.935189E0	-2.811968E1	2.827245E1	9.243596E4	8.312542E1	3.636517E1
1.502800E1	3.005600E4	8.095020E3	1.740706E1	-2.234345E1	2.832376E1	9.246792E4	6.865355E1	4.214140E1
1.503200E1	3.006400E4	8.226032E3	2.633592E1	-9.212788E0	2.790083E1	9.250072E4	5.972469E1	5.527206E1
1.503600E1	3.007200E4	8.365286E3	2.666519E1	6.514699E0	2.744947E1	9.253373E4	5.939542E1	7.099955E1
1.504000E1	3.008000E4	8.364308E3	1.853246E1	2.032519E1	2.750574E1	9.256764E4	6.752814E1	8.481004E1
1.504400E1	3.008800E4	8.163776E3	4.521131E0	2.743987E1	2.780984E1	9.260064E4	8.153948E1	9.192472E1
1.504800E1	3.009600E4	8.219324E3	-1.073680E1	2.535369E1	2.753340E1	9.263295E4	9.679740E1	8.983853E1
1.505200E1	3.010400E4	8.532229E3	-2.244159E1	1.491111E1	2.694375E1	9.266640E4	1.085022E2	7.939595E1
1.505600E1	3.011200E4	8.681673E3	-2.653191E1	-5.601903E-1	2.653783E1	9.270121E4	1.125925E2	6.392466E1
1.506000E1	3.012000E4	8.560357E3	-2.180715E1	-1.575774E1	2.690461E1	9.273585E4	1.078678E2	4.872711E1
1.506400E1	3.012800E4	8.226549E3	-9.609695E0	-2.596781E1	2.768886E1	9.276969E4	9.567030E1	3.851704E1
1.506800E1	3.013600E4	8.059137E3	5.675704E0	-2.749370E1	2.807343E1	9.280166E4	8.038490E1	3.699114E1
1.507200E1	3.014400E4	8.189618E3	1.957757E1	-2.015632E1	2.809908E1	9.283417E4	6.648304E1	4.432853E1
1.507600E1	3.015200E4	8.285064E3	2.727484E1	-6.206187E0	2.797201E1	9.286718E4	5.878577E1	5.827866E1
1.508000E1	3.016000E4	8.394354E3	2.589958E1	9.655652E0	2.764091E1	9.290045E4	6.016103E1	7.414050E1
1.508400E1	3.016800E4	8.346490E3	1.613560E1	2.248476E1	2.767529E1	9.293434E4	6.992500E1	8.696960E1
1.508800E1	3.017600E4	8.229717E3	1.344900E0	2.767608E1	2.770874E1	9.296722E4	8.471571E1	9.216093E1
1.509200E1	3.018400E4	8.291718E3	-1.376730E1	2.367968E1	2.739098E1	9.300017E4	9.982791E1	8.816453E1
1.509600E1	3.019200E4	8.494623E3	-2.409551E1	1.198645E1	2.691224E1	9.303355E4	1.101561E2	7.647130E1
1.510000E1	3.020000E4	8.667149E3	-2.640578E1	-3.772486E0	2.667390E1	9.306813E4	1.124664E2	6.071236E1
1.510400E1	3.020800E4	8.548732E3	-1.969763E1	-1.829704E1	2.688453E1	9.310289E4	1.057582E2	4.618781E1
1.510800E1	3.021600E4	8.223533E3	-6.491366E0	-2.708106E1	2.784819E1	9.313652E4	9.255197E1	3.740379E1
1.511200E1	3.022400E4	8.047775E3	9.057828E0	-2.679539E1	2.828493E1	9.316868E4	7.700278E1	3.768946E1
1.511600E1	3.023200E4	8.154696E3	2.180528E1	-1.771900E1	2.809685E1	9.320090E4	6.425533E1	4.676585E1
1.512000E1	3.024000E4	8.345560E3	2.764584E1	-2.947308E0	2.780250E1	9.323391E4	5.841477E1	6.153754E1
1.512400E1	3.024800E4	8.372098E3	2.453231E1	1.286180E1	2.769946E1	9.326767E4	6.152830E1	7.734665E1
1.512800E1	3.025600E4	8.215007E3	1.350040E1	2.424696E1	2.775205E1	9.330089E4	7.256020E1	8.873181E1
1.513200E1	3.026400E4	8.201156E3	-1.636932E0	2.765716E1	2.770556E1	9.333339E4	8.769754E1	9.214201E1
1.513600E1	3.027200E4	8.395161E3	-1.624837E1	2.195781E1	2.731584E1	9.336650E4	1.023090E2	8.644266E1
1.514000E1	3.028000E4	8.694923E3	-2.506413E1	8.851817E0	2.658130E1	9.340055E4	1.111247E2	7.333667E1
1.514400E1	3.028800E4	8.746780E3	-2.550362E1	-7.342017E0	2.653940E1	9.343606E4	1.115642E2	5.714283E1
1.514800E1	3.029600E4	8.422739E3	-1.726538E1	-2.096151E1	2.715655E1	9.347052E4	1.033260E2	4.352334E1
1.515200E1	3.030400E4	8.097140E3	-3.195015E0	-2.779230E1	2.797535E1	9.350344E4	8.925562E1	3.669255E1
1.515600E1	3.031200E4	8.054220E3	1.213295E1	-2.566765E1	2.839079E1	9.353530E4	7.392765E1	3.881720E1
1.516000E1	3.032000E4	8.224948E3	2.378031E1	-1.493136E1	2.807933E1	9.356788E4	6.228029E1	4.955349E1
1.516400E1	3.032800E4	8.342072E3	2.781188E1	5.337340E-1	2.781700E1	9.360110E4	5.824872E1	6.501858E1
1.516800E1	3.033600E4	8.362865E3	2.286085E1	1.577793E1	2.777700E1	9.363461E4	6.319976E1	8.026278E1
1.517200E1	3.034400E4	8.277985E3	1.039982E1	2.574349E1	2.776479E1	9.366800E4	7.566078E1	9.022834E1
1.517600E1	3.035200E4	8.203335E3	-5.192953E0	2.712912E1	2.762166E1	9.370084E4	9.125356E1	9.161397E1
1.518000E1	3.036000E4	8.405522E3	-1.879664E1	1.971841E1	2.724205E1	9.373363E4	1.048572E2	8.420326E1
1.518400E1	3.036800E4	8.715175E3	-2.611041E1	5.511639E0	2.668579E1	9.376808E4	1.121710E2	6.999649E1
1.518800E1	3.037600E4	8.687388E3	-2.452534E1	-1.058788E1	2.671320E1	9.380335E4	1.105859E2	5.389697E1
1.519200E1	3.038400E4	8.355348E3	-1.464899E1	-2.306491E1	2.732367E1	9.383758E4	1.007096E2	4.141994E1
1.519600E1	3.039200E4	8.060688E3	9.529486E-2	-2.825923E1	2.825939E1	9.387019E4	8.596531E1	3.622562E1
1.520000E1	3.040000E4	8.064597E3	1.512438E1	-2.414303E1	2.848917E1	9.390207E4	7.093623E1	4.034182E1
1.520400E1	3.040800E4	8.292016E3	2.537089E1	-1.198735E1	2.806027E1	9.393471E4	6.068972E1	5.249750E1
1.520800E1	3.041600E4	8.497975E3	2.720417E1	4.017727E0	2.749926E1	9.396840E4	5.885643E1	6.850258E1
1.521200E1	3.042400E4	8.436425E3	2.032718E1	1.875331E1	2.765648E1	9.400269E4	6.573342E1	8.323816E1
1.521600E1	3.043200E4	8.199639E3	6.770800E0	2.694089E1	2.777868E1	9.403589E4	7.928981E1	9.142574E1
1.522000E1	3.044000E4	8.195537E3	-8.660102E0	2.619967E1	2.759385E1	9.406829E4	9.472071E1	9.068452E1
1.522400E1	3.044800E4	8.488999E3	-2.123872E1	1.692017E1	2.715466E1	9.410146E4	1.072993E2	8.140502E1
1.522800E1	3.045600E4	8.717242E3	-2.651850E1	1.760011E0	2.657684E1	9.413620E4	1.125791E2	6.624486E1
1.523200E1	3.046400E4	8.625341E3	-2.294644E1	-1.389401E1	2.682503E1	9.417119E4	1.090070E2	5.059084E1
1.523600E1	3.047200E4	8.280866E3	-1.155065E1	-2.500435E1	2.754333E1	9.420521E4	9.761126E1	3.948050E1
1.524000E1	3.048000E4	8.069021E3	3.637317E0	-2.784699E1	2.808353E1	9.423744E4	8.242329E1	3.663786E1
1.524400E1	3.048800E4	8.169075E3	1.793982E1	-2.156432E1	2.805097E1	9.426976E4	6.812079E1	4.292053E1
1.524800E1	3.049600E4	8.286552E3	2.664423E1	-8.250658E0	2.789245E1	9.430279E4	5.941637E1	5.623419E1
1.525200E1	3.050400E4	8.372394E3	2.654917E1	7.638038E0	2.762604E1	9.433605E4	5.951144E1	7.212289E1
1.525600E1	3.051200E4	8.371610E3	1.793518E1	2.120351E1	2.777156E1	9.436977E4	6.812543E1	8.568835E1
1.526000E1	3.052000E4	8.253502E3	3.379437E0	2.761530E1	2.782131E1	9.440302E4	8.268117E1	9.210015E1
1.526400E1	3.052800E4	8.295616E3	-1.197891E1	2.477791E1	2.752161E1	9.443580E4	9.803951E1	8.926275E1
1.526800E1	3.053600E4	8.580488E3	-2.314575E1	1.369489E1	2.689378E1	9.446939E4	1.092064E2	7.817974E1
1.527200E1	3.054400E4	8.770794E3	-2.642842E1	-2.054625E0	2.650817E1	9.450445E4	1.124890E2	6.243022E1
1.527600E1	3.055200E4	8.575581E3	-2.074464E1	-1.713365E1	2.690543E1	9.453955E4	1.068052E2	4.735120E1
1.528000E1	3.056000E4	8.184633E3	-8.153490E0	-2.675243E1	2.796733E1	9.457305E4	9.421410E1	3.773242E1
1.528400E1	3.056800E4	8.031647E3	7.362227E0	-2.741604E1	2.838735E1	9.460503E4	7.869838E1	3.706881E1
1.528800E1	3.057600E4	8.173144E3	2.075075E1	-1.914608E1	2.823413E1	9.463730E4	6.530985E1	4.533877E1
1.529200E1	3.058400E4	8.373379E3	2.746355E1	-4.636937E0	2.785225E1	9.467042E4	5.859706E1	5.984791E1
1.529600E1	3.059200E4	8.470194E3	2.501581E1	1.128995E1	2.744547E1	9.470429E4	6.104480E1	7.577480E1
1.530000E1	3.060000E4	8.301545E3	1.458698E1	2.350635E1	2.766457E1	9.473818E4	7.147363E1	8.799120E1
1.530400E1	3.060800E4	8.176246E3	-3.392478E-1	2.766284E1	2.766492E1	9.477070E4	8.639985E1	9.214769E1
1.530800E1	3.061600E4	8.376878E3	-1.508061E1	2.270836E1	2.725976E1	9.480359E4	1.011412E2	8.719321E1
1.531200E1	3.062400E4	8.620552E3	-2.468723E1	1.011609E1	2.667948E1	9.483772E4	1.107478E2	7.460094E1
1.531600E1	3.063200E4	8.697323E3	-2.605206E1	-5.800663E0	2.669003E1	9.487255E4	1.121127E2	5.868419E1
1.532000E1	3.064000E4	8.549018E3	-1.839313E1	-1.992981E1	2.712019E1	9.490730E4	1.044537E2	4.455504E1
1.532400E1	3.064800E4	8.219767E3	-4.384842E0	-2.751280E1	2.786003E1	9.494094E4	9.044545E1	3.697205E1
1.532800E1	3.065600E4	8.087631E3	1.108515E1	-2.604623E1	2.830701E1	9.497305E4	7.497546E1	3.843861E1
1.533200E1	3.066400E4	8.244050E3	2.324145E1	-1.588653E1	2.815221E1	9.500565E4	6.281915E1	4.859832E1
1.533600E1	3.067200E4	8.417231E3	2.772390E1	-4.806486E-1	2.772807E1	9.503901E4	5.833670E1	6.400420E1
1.534000E1	3.068000E4	8.465983E3	2.317386E1	1.503983E1	2.762652E1	9.507298E4	6.288674E1	7.952468E1
1.534400E1	3.068800E4	8.284562E3	1.100569E1	2.559749E1	2.786318E1	9.510673E4	7.505492E1	9.008234E1
1.534800E1	3.069600E4	8.172795E3	-4.474887E0	2.744647E1	2.780887E1	9.513926E4	9.053549E1	9.193132E1
1.535200E1	3.070400E4	8.377900E3	-1.825783E1	2.019430E1	2.722422E1	9.517212E4	1.043184E2	8.467915E1
1.535600E1	3.071200E4	8.676408E3	-2.582919E1	6.304474E0	2.658747E1	9.520628E4	1.118898E2	7.078932E1
1.536000E1	3.072000E4	8.740557E3	-2.470189E1	-9.744407E0	2.655442E1	9.524153E4	1.107625E2	5.474044E1
1.536400E1	3.072800E4	8.478550E3	-1.514435E1	-2.262894E1	2.722903E1	9.527621E4	1.012050E2	4.185591E1
1.536800E1	3.073600E4	8.207351E3	-3.146058E-1	-2.801707E1	2.801884E1	9.530936E4	8.637521E1	3.646778E1
1.537200E1	3.074400E4	8.151083E3	1.488104E1	-2.393856E1	2.818688E1	9.534187E4	7.117957E1	4.054629E1
1.537600E1	3.075200E4	8.310201E3	2.528138E1	-1.202324E1	2.799476E1	9.537457E4	6.077922E1	5.246161E1
1.538000E1	3.076000E4	8.488360E3	2.734477E1	4.012633E0	2.763761E1	9.540835E4	5.871584E1	6.849748E1
1.538400E1	3.076800E4	8.410190E3	2.045707E1	1.872720E1	2.773444E1	9.544247E4	6.560354E1	8.321204E1
1.538800E1	3.077600E4	8.168964E3	6.911911E0	2.697807E1	2.784944E1	9.547563E4	7.914869E1	9.146292E1
1.539200E1	3.078400E4	8.187447E3	-8.538070E0	2.655489E1	2.789374E1	9.550782E4	9.459868E1	9.103974E1
1.539600E1	3.079200E4	8.483594E3	-2.123044E1	1.711293E1	2.726874E1	9.554113E4	1.072910E2	8.159778E1
1.540000E1	3.080000E4	8.680408E3	-2.665591E1	2.007701E0	2.673141E1	9.557569E4	1.127165E2	6.649255E1
1.540400E1	3.080800E4	8.666482E3	-2.312333E1	-1.366012E1	2.685680E1	9.561057E4	1.091839E2	5.082473E1
1.540800E1	3.081600E4	8.391289E3	-1.160050E1	-2.490517E1	2.747433E1	9.564502E4	9.766110E1	3.957968E1
1.541200E1	3.082400E4	8.159694E3	3.741721E0	-2.766418E1	2.791608E1	9.567770E4	8.231889E1	3.682067E1
1.541600E1	3.083200E4	8.212266E3	1.811443E1	-2.135825E1	2.800549E1	9.571030E4	6.794617E1	4.312660E1
1.542000E1	3.084000E4	8.391557E3	2.669965E1	-7.959043E0	2.786069E1	9.574340E4	5.936095E1	5.652581E1
1.542400E1	3.084800E4	8.502287E3	2.638894E1	8.287258E0	2.765962E1	9.577743E4	5.967167E1	7.277211E1
1.542800E1	3.085600E4	8.382873E3	1.733531E1	2.173051E1	2.779799E1	9.581142E4	6.872530E1	8.621536E1
1.543200E1	3.086400E4	8.220786E3	2.665258E0	2.766718E1	2.779526E1	9.584450E4	8.339535E1	9.215203E1
1.543600E1	3.087200E4	8.308798E3	-1.256600E1	2.446600E1	2.750436E1	9.587719E4	9.862660E1	8.895085E1
1.544000E1	3.088000E4	8.546272E3	-2.360374E1	1.310106E1	2.699582E1	9.591097E4	1.096643E2	7.758591E1
1.544400E1	3.088800E4	8.693284E3	-2.659132E1	-2.586541E0	2.671682E1	9.594556E4	1.126519E2	6.189831E1
1.544800E1	3.089600E4	8.579797E3	-2.060499E1	-1.760713E1	2.710307E1	9.598051E4	1.066656E2	4.687772E1
1.545200E1	3.090400E4	8.280370E3	-7.588592E0	-2.680692E1	2.786032E1	9.601419E4	9.364920E1	3.767793E1
1.545600E1	3.091200E4	8.209580E3	8.091026E0	-2.687143E1	2.806312E1	9.604676E4	7.796958E1	3.761342E1
1.546000E1	3.092000E4	8.351458E3	2.132859E1	-1.797899E1	2.789539E1	9.607987E4	6.473201E1	4.650586E1
1.546400E1	3.092800E4	8.444231E3	2.739796E1	-3.088290E0	2.757147E1	9.611357E4	5.866264E1	6.139656E1
1.546800E1	3.093600E4	8.474947E3	2.432457E1	1.262189E1	2.740432E1	9.614742E4	6.173603E1	7.710674E1
1.547200E1	3.094400E4	8.362618E3	1.323955E1	2.425118E1	2.762979E1	9.618137E4	7.282106E1	8.873602E1
1.547600E1	3.095200E4	8.220938E3	-2.096521E0	2.771787E1	2.779704E1	9.621433E4	8.815713E1	9.220272E1
1.548000E1	3.096000E4	8.412417E3	-1.656423E1	2.187336E1	2.743752E1	9.624714E4	1.026248E2	8.635820E1
1.548400E1	3.096800E4	8.681310E3	-2.546006E1	8.457180E0	2.682795E1	9.628162E4	1.115207E2	7.294203E1
1.548800E1	3.097600E4	8.697904E3	-2.554534E1	-7.608769E0	2.665441E1	9.631659E4	1.116059E2	5.687608E1
1.549200E1	3.098400E4	8.508037E3	-1.712553E1	-2.130601E1	2.733551E1	9.635121E4	1.031861E2	4.317884E1
1.549600E1	3.099200E4	8.208056E3	-2.617871E0	-2.795791E1	2.808021E1	9.638465E4	8.867848E1	3.652694E1
1.550000E1	3.100000E4	8.158101E3	1.276827E1	-2.519758E1	2.824795E1	9.641687E4	7.329234E1	3.928727E1
1.550400E1	3.100800E4	8.302168E3	2.424457E1	-1.404535E1	2.801912E1	9.644992E4	6.181604E1	5.043949E1
1.550800E1	3.101600E4	8.452456E3	2.756060E1	1.584241E0	2.760610E1	9.648329E4	5.850001E1	6.606909E1
1.551200E1	3.102400E4	8.499520E3	2.187319E1	1.680519E1	2.758353E1	9.651754E4	6.418741E1	8.129004E1
1.551600E1	3.103200E4	8.344158E3	8.848526E0	2.612086E1	2.757890E1	9.655129E4	7.721208E1	9.060570E1
1.552000E1	3.104000E4	8.288962E3	-6.806804E0	2.672683E1	2.757999E1	9.658429E4	9.286741E1	9.121168E1
1.552400E1	3.104800E4	8.500976E3	-2.001732E1	1.827979E1	2.710800E1	9.661760E4	1.060779E2	8.276464E1
1.552800E1	3.105600E4	8.754773E3	-2.633739E1	3.562746E0	2.657727E1	9.665230E4	1.123980E2	6.804759E1
1.553200E1	3.106400E4	8.717916E3	-2.362570E1	-1.237007E1	2.666818E1	9.668764E4	1.096863E2	5.211478E1
1.553600E1	3.107200E4	8.413357E3	-1.293424E1	-2.436628E1	2.758641E1	9.672204E4	9.899484E1	4.011857E1
1.554000E1	3.108000E4	8.119841E3	2.438246E0	-2.819368E1	2.829892E1	9.675494E4	8.362236E1	3.629117E1
1.554400E1	3.108800E4	8.180393E3	1.694560E1	-2.248901E1	2.815864E1	9.678700E4	6.911501E1	4.199584E1
1.554800E1	3.109600E4	8.414812E3	2.626891E1	-9.361224E0	2.788706E1	9.682039E4	5.979169E1	5.512362E1
1.555200E1	3.110400E4	8.493344E3	2.663785E1	6.798188E0	2.749165E1	9.685432E4	5.942275E1	7.128304E1
1.555600E1	3.111200E4	8.469458E3	1.835619E1	2.062619E1	2.761140E1	9.688833E4	6.770442E1	8.511104E1
1.556000E1	3.112000E4	8.343691E3	3.816489E0	2.740696E1	2.767141E1	9.692207E4	8.224412E1	9.189181E1
1.556400E1	3.112800E4	8.361757E3	-1.164691E1	2.488363E1	2.747445E1	9.695508E4	9.770752E1	8.936848E1
1.556800E1	3.113600E4	8.625810E3	-2.308682E1	1.389037E1	2.694334E1	9.698897E4	1.091474E2	7.837521E1
1.557200E1	3.114400E4	8.733414E3	-2.664765E1	-1.904829E0	2.671565E1	9.702409E4	1.127083E2	6.258002E1
1.557600E1	3.115200E4	8.587247E3	-2.111408E1	-1.699664E1	2.710517E1	9.705883E4	1.071747E2	4.748820E1
1.558000E1	3.116000E4	8.348383E3	-8.199104E0	-2.646517E1	2.770615E1	9.709279E4	9.425971E1	3.801967E1
1.558400E1	3.116800E4	8.179447E3	7.591230E0	-2.715064E1	2.819191E1	9.712562E4	7.846938E1	3.733421E1
1.558800E1	3.117600E4	8.270495E3	2.098742E1	-1.875028E1	2.814329E1	9.715822E4	6.507319E1	4.573456E1
1.559200E1	3.118400E4	8.461070E3	2.749516E1	-3.969569E0	2.778023E1	9.719178E4	5.856545E1	6.051528E1
1.559600E1	3.119200E4	8.503627E3	2.492636E1	1.210938E1	2.771210E1	9.722591E4	6.113425E1	7.659423E1
1.560000E1	3.120000E4	8.349222E3	1.402132E1	2.410439E1	2.788582E1	9.725981E4	7.203928E1	8.858924E1
1.560400E1	3.120800E4	8.264319E3	-1.318640E0	2.791460E1	2.794573E1	9.729270E4	8.737925E1	9.239945E1
1.560800E1	3.121600E4	8.424637E3	-1.604459E1	2.214166E1	2.734377E1	9.732593E4	1.021052E2	8.662651E1
1.561200E1	3.122400E4	8.665596E3	-2.511599E1	9.091044E0	2.671067E1	9.736010E4	1.111766E2	7.357589E1
1.561600E1	3.123200E4	8.791088E3	-2.565338E1	-6.995413E0	2.659007E1	9.739525E4	1.117140E2	5.748944E1
1.562000E1	3.124000E4	8.598758E3	-1.728513E1	-2.091669E1	2.713454E1	9.743043E4	1.033457E2	4.356816E1
1.562400E1	3.124800E4	8.280170E3	-2.881457E0	-2.761541E1	2.776533E1	9.746404E4	8.894206E1	3.686944E1
1.562800E1	3.125600E4	8.230382E3	1.262613E1	-2.513518E1	2.812821E1	9.749667E4	7.343447E1	3.934967E1
1.563200E1	3.126400E4	8.306431E3	2.419185E1	-1.403129E1	2.796646E1	9.752989E4	6.186875E1	5.045355E1
1.563600E1	3.127200E4	8.457366E3	2.767947E1	1.510287E0	2.772065E1	9.756312E4	5.838113E1	6.599514E1
1.564000E1	3.128000E4	8.517894E3	2.197938E1	1.689292E1	2.772118E1	9.759755E4	6.408122E1	8.137777E1
1.564400E1	3.128800E4	8.348585E3	8.893494E0	2.622391E1	2.769093E1	9.763127E4	7.716711E1	9.070876E1
1.564800E1	3.129600E4	8.333618E3	-6.832749E0	2.673994E1	2.759911E1	9.766433E4	9.289336E1	9.122479E1
1.565200E1	3.130400E4	8.533351E3	-2.013271E1	1.816881E1	2.711884E1	9.769794E4	1.061933E2	8.265366E1
1.565600E1	3.131200E4	8.760258E3	-2.638458E1	3.426453E0	2.660614E1	9.773260E4	1.124452E2	6.791130E1
1.566000E1	3.132000E4	8.757133E3	-2.355328E1	-1.253263E1	2.668003E1	9.776802E4	1.096139E2	5.195221E1
1.566400E1	3.132800E4	8.432370E3	-1.264432E1	-2.445362E1	2.752923E1	9.780266E4	9.870493E1	4.003122E1
1.566800E1	3.133600E4	8.167688E3	2.691434E0	-2.807346E1	2.820218E1	9.783548E4	8.336917E1	3.641139E1
1.567200E1	3.134400E4	8.230465E3	1.741876E1	-2.229563E1	2.829326E1	9.786800E4	6.864184E1	4.218922E1
1.567600E1	3.135200E4	8.462965E3	2.636656E1	-8.914333E0	2.783273E1	9.790132E4	5.969405E1	5.557052E1
1.568000E1	3.136000E4	8.597209E3	2.645997E1	7.439027E0	2.748580E1	9.793570E4	5.960064E1	7.192388E1
1.568400E1	3.136800E4	8.472858E3	1.766966E1	2.113093E1	2.754511E1	9.797010E4	6.839095E1	8.561578E1
1.568800E1	3.137600E4	8.278049E3	3.158005E0	2.765653E1	2.783625E1	9.800349E4	8.290260E1	9.214138E1
1.569200E1	3.138400E4	8.327703E3	-1.221914E1	2.469961E1	2.755681E1	9.803632E4	9.827975E1	8.918446E1
1.569600E1	3.139200E4	8.638652E3	-2.334358E1	1.341913E1	2.692575E1	9.807011E4	1.094042E2	7.790398E1
1.570000E1	3.140000E4	8.842241E3	-2.633291E1	-2.503697E0	2.645167E1	9.810543E4	1.123935E2	6.198115E1
1.570400E1	3.140800E4	8.670909E3	-2.037003E1	-1.761109E1	2.692747E1	9.814085E4	1.064306E2	4.687375E1
1.570800E1	3.141600E4	8.351275E3	-7.282245E0	-2.680044E1	2.777219E1	9.817480E4	9.334285E1	3.768441E1
1.571200E1	3.142400E4	8.230368E3	8.557192E0	-2.688521E1	2.821418E1	9.820766E4	7.750341E1	3.759964E1
1.571600E1	3.143200E4	8.311829E3	2.177003E1	-1.785572E1	2.815601E1	9.824064E4	6.429057E1	4.662913E1
1.572000E1	3.144000E4	8.415876E3	2.772466E1	-2.840523E0	2.786980E1	9.827415E4	5.833594E1	6.164433E1
1.572400E1	3.144800E4	8.451276E3	2.451192E1	1.301594E1	2.775336E1	9.830797E4	6.154868E1	7.750079E1
1.572800E1	3.145600E4	8.351851E3	1.317758E1	2.453534E1	2.785016E1	9.834176E4	7.288303E1	8.902019E1
1.573200E1	3.146400E4	8.298712E3	-2.320822E0	2.773483E1	2.783176E1	9.837478E4	8.838143E1	9.221967E1
1.573600E1	3.147200E4	8.504120E3	-1.682611E1	2.142055E1	2.723890E1	9.840815E4	1.028867E2	8.590540E1
1.574000E1	3.148000E4	8.806258E3	-2.549132E1	7.882948E0	2.668236E1	9.844282E4	1.115519E2	7.236780E1
1.574400E1	3.148800E4	8.823861E3	-2.515514E1	-8.465713E0	2.654147E1	9.847860E4	1.112157E2	5.601914E1
1.574800E1	3.149600E4	8.536860E3	-1.626024E1	-2.190014E1	2.727658E1	9.851341E4	1.023208E2	4.258470E1
1.575200E1	3.150400E4	8.253788E3	-1.516539E0	-2.795717E1	2.799827E1	9.854690E4	8.757714E1	3.652768E1
1.575600E1	3.151200E4	8.202954E3	1.388029E1	-2.459594E1	2.824222E1	9.857944E4	7.218031E1	3.988891E1
1.576000E1	3.152000E4	8.355645E3	2.491773E1	-1.296104E1	2.808704E1	9.861252E4	6.114287E1	5.152381E1
1.576400E1	3.152800E4	8.512447E3	2.755975E1	3.034162E0	2.772627E1	9.864628E4	5.850085E1	6.751901E1
1.576800E1	3.153600E4	8.491893E3	2.117383E1	1.815986E1	2.789465E1	9.868062E4	6.488678E1	8.264471E1
1.577200E1	3.154400E4	8.300899E3	7.608968E0	2.692137E1	2.797600E1	9.871422E4	7.845164E1	9.140622E1
1.577600E1	3.155200E4	8.319084E3	-8.116954E0	2.650728E1	2.772221E1	9.874703E4	9.417756E1	9.099213E1
1.578000E1	3.156000E4	8.576969E3	-2.096712E1	1.711839E1	2.706768E1	9.878077E4	1.070277E2	8.160324E1
1.578400E1	3.156800E4	8.775262E3	-2.657678E1	2.025757E0	2.665387E1	9.881564E4	1.126374E2	6.651061E1
1.578800E1	3.157600E4	8.775127E3	-2.299524E1	-1.380193E1	2.681929E1	9.885097E4	1.090558E2	5.068292E1
1.579200E1	3.158400E4	8.472149E3	-1.123636E1	-2.505136E1	2.745590E1	9.888584E4	9.729697E1	3.943349E1
1.579600E1	3.159200E4	8.210003E3	4.293848E0	-2.789848E1	2.822697E1	9.891875E4	8.176676E1	3.658637E1
1.580000E1	3.160000E4	8.314519E3	1.857316E1	-2.097674E1	2.801759E1	9.895152E4	6.748745E1	4.350811E1
1.580400E1	3.160800E4	8.422745E3	2.690932E1	-7.076659E0	2.782428E1	9.898527E4	5.915129E1	5.740819E1
1.580800E1	3.161600E4	8.494383E3	2.612197E1	8.945678E0	2.761127E1	9.901890E4	5.993864E1	7.343053E1
1.581200E1	3.162400E4	8.443199E3	1.654999E1	2.213969E1	2.764178E1	9.905322E4	6.951062E1	8.662454E1
1.581600E1	3.163200E4	8.307836E3	1.718621E0	2.770065E1	2.775391E1	9.908645E4	8.434199E1	9.218550E1
1.582000E1	3.164000E4	8.466735E3	-1.355999E1	2.378899E1	2.738228E1	9.911968E4	9.962060E1	8.827384E1
1.582400E1	3.164800E4	8.754132E3	-2.416500E1	1.169032E1	2.684420E1	9.915418E4	1.102256E2	7.617517E1
1.582800E1	3.165600E4	8.854275E3	-2.613736E1	-4.475574E0	2.651777E1	9.918972E4	1.121980E2	6.000927E1
1.583200E1	3.166400E4	8.648926E3	-1.919949E1	-1.921146E1	2.716064E1	9.922502E4	1.052601E2	4.527339E1
1.583600E1	3.167200E4	8.279557E3	-5.400850E0	-2.754896E1	2.807337E1	9.925891E4	9.146146E1	3.693589E1
1.584000E1	3.168000E4	8.145318E3	1.031162E1	-2.651039E1	2.844522E1	9.929125E4	7.574898E1	3.797445E1
1.584400E1	3.168800E4	8.312236E3	2.283424E1	-1.654708E1	2.819944E1	9.932407E4	6.322636E1	4.793777E1
1.584800E1	3.169600E4	8.475160E3	2.779761E1	-1.091103E0	2.781902E1	9.935775E4	5.826299E1	6.339375E1
1.585200E1	3.170400E4	8.552430E3	2.347078E1	1.459332E1	2.763770E1	9.939187E4	6.258982E1	7.907816E1
1.585600E1	3.171200E4	8.457429E3	1.113719E1	2.521757E1	2.756742E1	9.942617E4	7.492342E1	8.970242E1
1.586000E1	3.172000E4	8.356941E3	-4.584818E0	2.730602E1	2.768826E1	9.945953E4	9.064542E1	9.179087E1
1.586400E1	3.172800E4	8.497265E3	-1.866132E1	1.999281E1	2.734881E1	9.949303E4	1.047219E2	8.447766E1
1.586800E1	3.173600E4	8.744241E3	-2.616605E1	5.796341E0	2.680036E1	9.952751E4	1.122267E2	7.028119E1
1.587200E1	3.174400E4	8.797071E3	-2.469342E1	-1.047212E1	2.682219E1	9.956298E4	1.107540E2	5.401273E1
1.587600E1	3.175200E4	8.501777E3	-1.464526E1	-2.333390E1	2.754913E1	9.959789E4	1.007059E2	4.115095E1
1.588000E1	3.176000E4	8.247208E3	4.893729E-1	-2.816836E1	2.817261E1	9.963100E4	8.557123E1	3.631649E1
1.588400E1	3.176800E4	8.249993E3	1.582141E1	-2.357700E1	2.839352E1	9.966386E4	7.023919E1	4.090784E1
1.588800E1	3.177600E4	8.445788E3	2.573424E1	-1.092606E1	2.795764E1	9.969700E4	6.032637E1	5.355879E1
1.589200E1	3.178400E4	8.579240E3	2.712117E1	5.483362E0	2.766993E1	9.973143E4	5.893944E1	6.996821E1
1.589600E1	3.179200E4	8.502119E3	1.937420E1	1.980444E1	2.770516E1	9.976563E4	6.668640E1	8.428929E1
1.590000E1	3.180000E4	8.364488E3	5.071915E0	2.722489E1	2.769330E1	9.979945E4	8.098869E1	9.170974E1
1.590400E1	3.180800E4	8.361032E3	-1.056572E1	2.545125E1	2.755722E1	9.983255E4	9.662632E1	8.993609E1
1.590800E1	3.181600E4	8.577445E3	-2.253165E1	1.500675E1	2.707171E1	9.986634E4	1.085923E2	7.949159E1
1.591200E1	3.182400E4	8.763977E3	-2.676037E1	-5.440254E-1	2.676590E1	9.990116E4	1.128210E2	6.394082E1
1.591600E1	3.183200E4	8.713090E3	-2.173855E1	-1.605459E1	2.702433E1	9.993645E4	1.077992E2	4.843026E1
1.592000E1	3.184000E4	8.446995E3	-9.126422E0	-2.631002E1	2.784796E1	9.997087E4	9.518703E1	3.817483E1
1.592400E1	3.184800E4	8.239260E3	6.852011E0	-2.743503E1	2.827775E1	1.000040E5	7.920860E1	3.704982E1
1.592800E1	3.185600E4	8.298389E3	2.050641E1	-1.926796E1	2.813835E1	1.000368E5	6.555420E1	4.521689E1
1.593200E1	3.186400E4	8.475212E3	2.747989E1	-4.642898E0	2.786935E1	1.000704E5	5.858071E1	5.984195E1
1.593600E1	3.187200E4	8.551333E3	2.518940E1	1.152470E1	2.770062E1	1.001046E5	6.087121E1	7.600955E1
1.594000E1	3.188000E4	8.468272E3	1.432053E1	2.366534E1	2.766091E1	1.001388E5	7.174008E1	8.815019E1
1.594400E1	3.188800E4	8.351425E3	-1.124799E0	2.762846E1	2.765135E1	1.001723E5	8.718541E1	9.211331E1
1.594800E1	3.189600E4	8.454268E3	-1.590469E1	2.218912E1	2.730048E1	1.002056E5	1.019653E2	8.667397E1
1.595200E1	3.190400E4	8.701604E3	-2.515436E1	9.172612E0	2.677458E1	1.002400E5	1.112150E2	7.365746E1
1.595600E1	3.191200E4	8.794415E3	-2.567397E1	-6.997113E0	2.661038E1	1.002752E5	1.117346E2	5.748774E1
1.596000E1	3.192000E4	8.650447E3	-1.734134E1	-2.090317E1	2.715998E1	1.003103E5	1.034019E2	4.358168E1
1.596400E1	3.192800E4	8.326233E3	-2.689921E0	-2.767543E1	2.780584E1	1.003444E5	8.875053E1	3.680942E1
1.596800E1	3.193600E4	8.205779E3	1.273283E1	-2.506453E1	2.811326E1	1.003769E5	7.332778E1	3.942032E1
1.597200E1	3.194400E4	8.406094E3	2.424594E1	-1.394497E1	2.797012E1	1.004101E5	6.181467E1	5.053988E1
1.597600E1	3.195200E4	8.546778E3	2.751944E1	2.010958E0	2.759282E1	1.004442E5	5.854116E1	6.649581E1
1.598000E1	3.196000E4	8.496779E3	2.179249E1	1.731529E1	2.783401E1	1.004785E5	6.426812E1	8.180014E1
1.598400E1	3.196800E4	8.333334E3	8.549134E0	2.655360E1	2.789590E1	1.005122E5	7.751147E1	9.103845E1
1.598800E1	3.197600E4	8.355118E3	-7.242383E0	2.677515E1	2.773736E1	1.005451E5	9.330299E1	9.126000E1
1.599200E1	3.198400E4	8.623305E3	-2.035843E1	1.770070E1	2.697741E1	1.005790E5	1.064190E2	8.218554E1
1.599600E1	3.199200E4	8.889023E3	-2.631656E1	2.709282E0	2.645565E1	1.006141E5	1.123772E2	6.719413E1
1.600000E1	3.200000E4	8.817087E3	-2.313258E1	-1.341314E1	2.674002E1	1.006501E5	1.091932E2	5.107171E1
1.600400E1	3.200800E4	8.413106E3	-1.182981E1	-2.497968E1	2.763926E1	1.006847E5	9.789042E1	3.950517E1
1.600800E1	3.201600E4	8.183855E3	3.628668E0	-2.789489E1	2.812992E1	1.007174E5	8.243194E1	3.658996E1
1.601200E1	3.202400E4	8.294922E3	1.812194E1	-2.149790E1	2.811698E1	1.007501E5	6.793866E1	4.298695E1
1.601600E1	3.203200E4	8.456257E3	2.682345E1	-7.807657E0	2.793666E1	1.007838E5	5.923716E1	5.667719E1
1.602000E1	3.204000E4	8.534176E3	2.632226E1	8.440875E0	2.764254E1	1.008178E5	5.973834E1	7.292572E1
1.602400E1	3.204800E4	8.475901E3	1.704222E1	2.184793E1	2.770865E1	1.008520E5	6.901838E1	8.633278E1
1.602800E1	3.205600E4	8.346535E3	2.133636E0	2.764660E1	2.772881E1	1.008856E5	8.392697E1	9.213145E1
1.603200E1	3.206400E4	8.413692E3	-1.323994E1	2.406676E1	2.746826E1	1.009188E5	9.930055E1	8.855161E1
1.603600E1	3.207200E4	8.683939E3	-2.390192E1	1.223309E1	2.685051E1	1.009529E5	1.099625E2	7.671794E1
1.604000E1	3.208000E4	8.865574E3	-2.638504E1	-3.843612E0	2.666353E1	1.009883E5	1.124456E2	6.064124E1
1.604400E1	3.208800E4	8.726711E3	-1.949396E1	-1.870779E1	2.701843E1	1.010238E5	1.055546E2	4.577706E1
1.604800E1	3.209600E4	8.341498E3	-5.716994E0	-2.713352E1	2.772926E1	1.010581E5	9.177760E1	3.735133E1
1.605200E1	3.210400E4	8.181758E3	9.934809E0	-2.649705E1	2.829830E1	1.010906E5	7.612580E1	3.798780E1
1.605600E1	3.211200E4	8.364452E3	2.257071E1	-1.666736E1	2.805776E1	1.011236E5	6.348989E1	4.781749E1
1.606000E1	3.212000E4	8.483992E3	2.784134E1	-1.230837E0	2.786853E1	1.011575E5	5.821927E1	6.325401E1
1.606400E1	3.212800E4	8.502410E3	2.361879E1	1.443276E1	2.767945E1	1.011914E5	6.244181E1	7.891760E1
1.606800E1	3.213600E4	8.417883E3	1.150068E1	2.522186E1	2.772017E1	1.012255E5	7.455993E1	8.970671E1
1.607200E1	3.214400E4	8.349950E3	-4.225818E0	2.738897E1	2.771305E1	1.012588E5	9.028642E1	9.187382E1
1.607600E1	3.215200E4	8.557033E3	-1.829487E1	2.011459E1	2.719005E1	1.012923E5	1.043555E2	8.459943E1
1.608000E1	3.216000E4	8.889205E3	-2.580600E1	5.850091E0	2.646079E1	1.013272E5	1.118666E2	7.033494E1
1.608400E1	3.216800E4	8.891487E3	-2.448299E1	-1.059533E1	2.667729E1	1.013634E5	1.105436E2	5.388952E1
1.608800E1	3.217600E4	8.530448E3	-1.434316E1	-2.327724E1	2.734148E1	1.013984E5	1.004038E2	4.120761E1
1.609200E1	3.218400E4	8.198007E3	8.095353E-1	-2.819263E1	2.820425E1	1.014316E5	8.525107E1	3.629222E1
1.609600E1	3.219200E4	8.226638E3	1.585233E1	-2.355241E1	2.839036E1	1.014639E5	7.020827E1	4.093244E1
1.610000E1	3.220000E4	8.437498E3	2.587212E1	-1.073888E1	2.801232E1	1.014975E5	6.018849E1	5.374597E1
1.610400E1	3.220800E4	8.541457E3	2.711989E1	5.489589E0	2.766991E1	1.015314E5	5.894072E1	6.997444E1
1.610800E1	3.221600E4	8.535340E3	1.935908E1	1.990010E1	2.776306E1	1.015658E5	6.670153E1	8.438494E1
1.611200E1	3.222400E4	8.395369E3	4.938568E0	2.724513E1	2.768911E1	1.015997E5	8.112204E1	9.172998E1
1.611600E1	3.223200E4	8.398825E3	-1.077590E1	2.544507E1	2.763280E1	1.016330E5	9.683650E1	8.992992E1
1.612000E1	3.224000E4	8.664687E3	-2.268673E1	1.478000E1	2.707649E1	1.016669E5	1.087473E2	7.926485E1
1.612400E1	3.224800E4	8.870788E3	-2.663610E1	-1.055837E0	2.665702E1	1.017023E5	1.126967E2	6.342901E1
1.612800E1	3.225600E4	8.704867E3	-2.146338E1	-1.669843E1	2.719401E1	1.017379E5	1.075240E2	4.778642E1
1.613200E1	3.226400E4	8.345164E3	-8.655516E0	-2.649554E1	2.787350E1	1.017719E5	9.471612E1	3.798931E1
1.613600E1	3.227200E4	8.216457E3	7.165668E0	-2.742288E1	2.834363E1	1.018046E5	7.889494E1	3.706197E1
1.614000E1	3.228000E4	8.384393E3	2.075394E1	-1.892402E1	2.808637E1	1.018376E5	6.530667E1	4.556083E1
1.614400E1	3.228800E4	8.565573E3	2.746364E1	-3.997092E0	2.775299E1	1.018717E5	5.859697E1	6.048776E1
1.614800E1	3.229600E4	8.565072E3	2.468894E1	1.212982E1	2.750775E1	1.019062E5	6.137166E1	7.661467E1
1.615200E1	3.230400E4	8.394537E3	1.379061E1	2.411861E1	2.778288E1	1.019402E5	7.227000E1	8.860346E1
1.615600E1	3.231200E4	8.331969E3	-1.615558E0	2.783749E1	2.788433E1	1.019733E5	8.767616E1	9.232234E1
1.616000E1	3.232000E4	8.506116E3	-1.643254E1	2.188962E1	2.737122E1	1.020069E5	1.024931E2	8.637447E1
1.616400E1	3.232800E4	8.781797E3	-2.520723E1	8.497679E0	2.660103E1	1.020414E5	1.112678E2	7.298253E1
1.616800E1	3.233600E4	8.878815E3	-2.539703E1	-7.837386E0	2.657882E1	1.020771E5	1.114576E2	5.664746E1
1.617200E1	3.234400E4	8.582628E3	-1.656299E1	-2.150818E1	2.714654E1	1.021124E5	1.026236E2	4.297666E1
1.617600E1	3.235200E4	8.244924E3	-2.041514E0	-2.787318E1	2.794784E1	1.021458E5	8.810212E1	3.661167E1
1.618000E1	3.236000E4	8.252882E3	1.340262E1	-2.482875E1	2.821519E1	1.021784E5	7.265798E1	3.965610E1
1.618400E1	3.236800E4	8.394490E3	2.455393E1	-1.314694E1	2.785206E1	1.022118E5	6.150668E1	5.133791E1
1.618800E1	3.237600E4	8.496178E3	2.758393E1	2.663907E0	2.771226E1	1.022455E5	5.847668E1	6.714876E1
1.619200E1	3.238400E4	8.545653E3	2.132437E1	1.776896E1	2.775725E1	1.022798E5	6.473624E1	8.225381E1
1.619600E1	3.239200E4	8.416105E3	7.692916E0	2.662036E1	2.770965E1	1.023139E5	7.836769E1	9.110521E1
1.620000E1	3.240000E4	8.367387E3	-8.110562E0	2.631104E1	2.753274E1	1.023471E5	9.417117E1	9.079589E1
1.620400E1	3.240800E4	8.606048E3	-2.097939E1	1.709786E1	2.706421E1	1.023808E5	1.070400E2	8.158271E1
1.620800E1	3.241600E4	8.884257E3	-2.647793E1	1.860496E0	2.654321E1	1.024160E5	1.125385E2	6.634534E1
1.621200E1	3.242400E4	8.807352E3	-2.274386E1	-1.415383E1	2.678832E1	1.024519E5	1.088045E2	5.033102E1
1.621600E1	3.243200E4	8.430071E3	-1.109777E1	-2.544959E1	2.776404E1	1.024864E5	9.715838E1	3.903526E1
1.622000E1	3.244000E4	8.225308E3	4.606597E0	-2.802297E1	2.839907E1	1.025193E5	8.145401E1	3.646188E1
1.622400E1	3.244800E4	8.307779E3	1.895459E1	-2.087327E1	2.819522E1	1.025522E5	6.710601E1	4.361157E1
1.622800E1	3.245600E4	8.489353E3	2.703059E1	-6.841100E0	2.788285E1	1.025858E5	5.903002E1	5.764375E1
1.623200E1	3.246400E4	8.565674E3	2.596423E1	9.530744E0	2.765821E1	1.026202E5	6.009637E1	7.401559E1
1.623600E1	3.247200E4	8.456018E3	1.616775E1	2.251870E1	2.772162E1	1.026543E5	6.989285E1	8.700355E1
1.624000E1	3.248000E4	8.339495E3	1.063258E0	2.773948E1	2.775985E1	1.026878E5	8.499735E1	9.222433E1
1.624400E1	3.248800E4	8.441659E3	-1.412765E1	2.347638E1	2.739947E1	1.027210E5	1.001883E2	8.796123E1
1.624800E1	3.249600E4	8.720871E3	-2.435969E1	1.118454E1	2.680464E1	1.027553E5	1.104203E2	7.566939E1
1.625200E1	3.250400E4	8.844900E3	-2.611587E1	-4.984570E0	2.658731E1	1.027908E5	1.121765E2	5.950028E1
1.625600E1	3.251200E4	8.665952E3	-1.870589E1	-1.943652E1	2.697570E1	1.028261E5	1.047665E2	4.504833E1
1.626000E1	3.252000E4	8.329197E3	-4.779770E0	-2.748124E1	2.789381E1	1.028601E5	9.084038E1	3.700361E1
1.626400E1	3.252800E4	8.270134E3	1.089842E1	-2.601401E1	2.820469E1	1.028927E5	7.516219E1	3.847083E1
1.626800E1	3.253600E4	8.417708E3	2.326020E1	-1.551590E1	2.796033E1	1.029263E5	6.280041E1	4.896895E1
1.627200E1	3.254400E4	8.514590E3	2.765090E1	3.505037E-2	2.765092E1	1.029601E5	5.840971E1	6.451990E1
1.627600E1	3.255200E4	8.540686E3	2.285308E1	1.565436E1	2.770058E1	1.029944E5	6.320752E1	8.013920E1
1.628000E1	3.256000E4	8.415024E3	1.022080E1	2.581232E1	2.776222E1	1.030284E5	7.583980E1	9.029717E1
1.628400E1	3.256800E4	8.362482E3	-5.615585E0	2.704217E1	2.761909E1	1.030617E5	9.167619E1	9.152702E1
1.628800E1	3.257600E4	8.543583E3	-1.940967E1	1.920883E1	2.730777E1	1.030953E5	1.054703E2	8.369367E1
1.629200E1	3.258400E4	8.820207E3	-2.619509E1	4.581205E0	2.659267E1	1.031301E5	1.122557E2	6.906605E1
1.629600E1	3.259200E4	8.833514E3	-2.404324E1	-1.165385E1	2.671871E1	1.031659E5	1.101038E2	5.283100E1
1.630000E1	3.260000E4	8.576923E3	-1.338999E1	-2.390769E1	2.740200E1	1.032007E5	9.945060E1	4.057716E1
1.630400E1	3.260800E4	8.280759E3	2.192769E0	-2.801794E1	2.810362E1	1.032345E5	8.386784E1	3.646691E1
1.630800E1	3.261600E4	8.285014E3	1.691747E1	-2.245500E1	2.811455E1	1.032670E5	6.914313E1	4.202985E1
1.631200E1	3.262400E4	8.447482E3	2.633704E1	-9.194658E0	2.789590E1	1.033008E5	5.972357E1	5.529019E1
1.631600E1	3.263200E4	8.517803E3	2.672105E1	6.947379E0	2.760943E1	1.033346E5	5.933955E1	7.143223E1
1.632000E1	3.264000E4	8.533750E3	1.818570E1	2.084487E1	2.766276E1	1.033689E5	6.787491E1	8.532971E1
1.632400E1	3.264800E4	8.420621E3	3.443565E0	2.742811E1	2.764343E1	1.034028E5	8.261704E1	9.191296E1
1.632800E1	3.265600E4	8.460356E3	-1.216208E1	2.464867E1	2.748588E1	1.034363E5	9.822269E1	8.913352E1
1.633200E1	3.266400E4	8.712420E3	-2.345226E1	1.325413E1	2.693845E1	1.034705E5	1.095129E2	7.773898E1
1.633600E1	3.267200E4	8.861812E3	-2.640117E1	-2.757119E0	2.654475E1	1.035060E5	1.124618E2	6.172773E1
1.634000E1	3.268000E4	8.713246E3	-2.019048E1	-1.781369E1	2.692551E1	1.035414E5	1.062511E2	4.667116E1
1.634400E1	3.268800E4	8.366232E3	-6.874261E0	-2.690571E1	2.777000E1	1.035757E5	9.293487E1	3.757914E1
1.634800E1	3.269600E4	8.245836E3	8.879806E0	-2.676975E1	2.820408E1	1.036084E5	7.718080E1	3.771510E1
1.635200E1	3.270400E4	8.386857E3	2.196204E1	-1.738535E1	2.801038E1	1.036416E5	6.409857E1	4.709950E1
1.635600E1	3.271200E4	8.489743E3	2.774239E1	-2.209644E0	2.783025E1	1.036754E5	5.831821E1	6.227520E1
1.636000E1	3.272000E4	8.551973E3	2.406983E1	1.364717E1	2.766951E1	1.037096E5	6.199078E1	7.813202E1
1.636400E1	3.272800E4	8.486563E3	1.221039E1	2.488257E1	2.771706E1	1.037439E5	7.385022E1	8.936741E1
1.636800E1	3.273600E4	8.417424E3	-3.572722E0	2.734035E1	2.757280E1	1.037774E5	8.963333E1	9.182520E1
1.637200E1	3.274400E4	8.548479E3	-1.801007E1	2.057183E1	2.734159E1	1.038112E5	1.040707E2	8.505668E1
1.637600E1	3.275200E4	8.795553E3	-2.587407E1	6.531379E0	2.668569E1	1.038458E5	1.119347E2	7.101623E1
1.638000E1	3.276000E4	8.840165E3	-2.495214E1	-9.861966E0	2.683035E1	1.038816E5	1.110127E2	5.462288E1
1.638400E1	3.276800E4	8.587046E3	-1.509455E1	-2.285226E1	2.738742E1	1.039166E5	1.011552E2	4.163259E1
1.638800E1	3.277600E4	8.304406E3	1.279749E-1	-2.798093E1	2.798122E1	1.039503E5	8.593263E1	3.650392E1
1.639200E1	3.278400E4	8.314421E3	1.527547E1	-2.353170E1	2.805496E1	1.039830E5	7.078514E1	4.095314E1
1.639600E1	3.279200E4	8.502770E3	2.556384E1	-1.096861E1	2.781763E1	1.040168E5	6.049676E1	5.351624E1
1.640000E1	3.280000E4	8.569228E3	2.712564E1	5.278361E0	2.763443E1	1.040510E5	5.893497E1	6.976321E1
1.640400E1	3.280800E4	8.483636E3	1.952973E1	1.975686E1	2.778027E1	1.040853E5	6.653088E1	8.424170E1
1.640800E1	3.281600E4	8.385215E3	5.366987E0	2.730690E1	2.782933E1	1.041189E5	8.069362E1	9.179175E1
1.641200E1	3.282400E4	8.438316E3	-1.053372E1	2.554032E1	2.762729E1	1.041524E5	9.659433E1	9.002517E1
1.641600E1	3.283200E4	8.639805E3	-2.254434E1	1.498571E1	2.707063E1	1.041864E5	1.086049E2	7.947056E1
1.642000E1	3.284000E4	8.841475E3	-2.675608E1	-7.153054E-1	2.676564E1	1.042215E5	1.128167E2	6.376954E1
1.642400E1	3.284800E4	8.782915E3	-2.147312E1	-1.625116E1	2.692945E1	1.042571E5	1.075337E2	4.823368E1
1.642800E1	3.285600E4	8.442648E3	-8.679952E0	-2.639202E1	2.778273E1	1.042918E5	9.474056E1	3.809283E1
1.643200E1	3.286400E4	8.248434E3	7.160672E0	-2.737242E1	2.829355E1	1.043247E5	7.889993E1	3.711242E1
1.643600E1	3.287200E4	8.393283E3	2.079972E1	-1.887182E1	2.808512E1	1.043578E5	6.526089E1	4.561303E1
1.644000E1	3.288000E4	8.568738E3	2.749051E1	-3.958305E0	2.777402E1	1.043918E5	5.857009E1	6.052654E1
1.644400E1	3.288800E4	8.569000E3	2.491481E1	1.233103E1	2.779932E1	1.044263E5	6.114580E1	7.681588E1
1.644800E1	3.289600E4	8.446405E3	1.377451E1	2.420660E1	2.785133E1	1.044604E5	7.228609E1	8.869145E1
1.645200E1	3.290400E4	8.411950E3	-1.895927E0	2.778669E1	2.785130E1	1.044939E5	8.795653E1	9.227154E1
1.645600E1	3.291200E4	8.546649E3	-1.669783E1	2.164035E1	2.733354E1	1.045277E5	1.027584E2	8.612520E1
1.646000E1	3.292000E4	8.797984E3	-2.555977E1	8.168705E0	2.683336E1	1.045623E5	1.116204E2	7.265355E1
1.646400E1	3.292800E4	8.900534E3	-2.543475E1	-8.282847E0	2.674943E1	1.045980E5	1.114954E2	5.620200E1
1.646800E1	3.293600E4	8.647989E3	-1.625974E1	-2.195837E1	2.732305E1	1.046335E5	1.023203E2	4.252648E1
1.647200E1	3.294400E4	8.319910E3	-1.354813E0	-2.791882E1	2.795168E1	1.046672E5	8.741542E1	3.656602E1
1.647600E1	3.295200E4	8.289592E3	1.410952E1	-2.439898E1	2.818491E1	1.047000E5	7.195109E1	4.008587E1
1.648000E1	3.296000E4	8.432593E3	2.500713E1	-1.244710E1	2.793361E1	1.047335E5	6.105348E1	5.203775E1
1.648400E1	3.296800E4	8.578427E3	2.740291E1	3.608057E0	2.763942E1	1.047675E5	5.865770E1	6.809291E1
1.648800E1	3.297600E4	8.590471E3	2.040242E1	1.847770E1	2.752606E1	1.048022E5	6.565819E1	8.296255E1
1.649200E1	3.298400E4	8.413734E3	6.609535E0	2.695912E1	2.775753E1	1.048362E5	7.945107E1	9.144397E1
1.649600E1	3.299200E4	8.400439E3	-9.165257E0	2.591664E1	2.748953E1	1.048695E5	9.522586E1	9.040149E1
1.650000E1	3.300000E4	8.632918E3	-2.162869E1	1.604644E1	2.693118E1	1.049034E5	1.076893E2	8.053129E1
1.650400E1	3.300800E4	8.888985E3	-2.664591E1	6.795194E-1	2.665457E1	1.049385E5	1.127065E2	6.516437E1
1.650800E1	3.301600E4	8.821180E3	-2.224870E1	-1.531397E1	2.700967E1	1.049745E5	1.083093E2	4.917088E1
1.651200E1	3.302400E4	8.437471E3	-9.919267E0	-2.598771E1	2.781641E1	1.050091E5	9.597987E1	3.849714E1
1.651600E1	3.303200E4	8.245722E3	5.879632E0	-2.756748E1	2.818752E1	1.050420E5	8.018097E1	3.691737E1
1.652000E1	3.304000E4	8.388743E3	1.992314E1	-1.987148E1	2.813907E1	1.050751E5	6.613747E1	4.461337E1
1.652400E1	3.304800E4	8.547483E3	2.730962E1	-5.234453E0	2.780674E1	1.051091E5	5.875099E1	5.925040E1
1.652800E1	3.305600E4	8.581703E3	2.525623E1	1.095775E1	2.753088E1	1.051435E5	6.080438E1	7.544259E1
1.653200E1	3.306400E4	8.478145E3	1.469747E1	2.334217E1	2.758392E1	1.051778E5	7.136313E1	8.782702E1
1.653600E1	3.307200E4	8.425853E3	-6.176206E-1	2.765428E1	2.766118E1	1.052113E5	8.667823E1	9.213913E1
1.654000E1	3.308000E4	8.536049E3	-1.581521E1	2.241109E1	2.742951E1	1.052452E5	1.018758E2	8.689594E1
1.654400E1	3.308800E4	8.728906E3	-2.524053E1	9.403016E0	2.693512E1	1.052796E5	1.113011E2	7.388786E1
1.654800E1	3.309600E4	8.849498E3	-2.586718E1	-6.951112E0	2.678487E1	1.053150E5	1.119278E2	5.753374E1
1.655200E1	3.310400E4	8.674138E3	-1.736877E1	-2.096823E1	2.722757E1	1.053504E5	1.034294E2	4.351662E1
1.655600E1	3.311200E4	8.359595E3	-2.701583E0	-2.772460E1	2.785592E1	1.053844E5	8.876219E1	3.676025E1
1.656000E1	3.312000E4	8.323162E3	1.288164E1	-2.502138E1	2.814260E1	1.054172E5	7.317897E1	3.946347E1
1.656400E1	3.312800E4	8.453298E3	2.430061E1	-1.345909E1	2.777889E1	1.054510E5	6.175999E1	5.102576E1
1.656800E1	3.313600E4	8.520740E3	2.749250E1	2.340954E0	2.759198E1	1.054849E5	5.856811E1	6.682580E1
1.657200E1	3.314400E4	8.528568E3	2.149635E1	1.752305E1	2.773356E1	1.055192E5	6.456426E1	8.200790E1
1.657600E1	3.315200E4	8.437165E3	8.080757E0	2.658934E1	2.779014E1	1.055531E5	7.797985E1	9.107419E1
1.658000E1	3.316000E4	8.426674E3	-7.948657E0	2.652283E1	2.768830E1	1.055867E5	9.400926E1	9.100768E1
1.658400E1	3.316800E4	8.624172E3	-2.089578E1	1.721972E1	2.707679E1	1.056205E5	1.069564E2	8.170457E1
1.658800E1	3.317600E4	8.849894E3	-2.659706E1	2.010871E0	2.667297E1	1.056557E5	1.126577E2	6.649572E1
1.659200E1	3.318400E4	8.819490E3	-2.302442E1	-1.400348E1	2.694849E1	1.056913E5	1.090850E2	5.048137E1
1.659600E1	3.319200E4	8.536274E3	-1.106602E1	-2.512838E1	2.745710E1	1.057262E5	9.712663E1	3.935646E1
1.660000E1	3.320000E4	8.298557E3	4.698237E0	-2.778293E1	2.817738E1	1.057596E5	8.136237E1	3.670191E1
1.660400E1	3.320800E4	8.385993E3	1.902999E1	-2.067991E1	2.810337E1	1.057926E5	6.703062E1	4.380493E1
1.660800E1	3.321600E4	8.513162E3	2.707372E1	-6.406866E0	2.782147E1	1.058267E5	5.898688E1	5.807798E1
1.661200E1	3.322400E4	8.554427E3	2.583463E1	9.775520E0	2.762226E1	1.058607E5	6.022597E1	7.426037E1
1.661600E1	3.323200E4	8.524999E3	1.589334E1	2.280085E1	2.779347E1	1.058951E5	7.016727E1	8.728570E1
1.662000E1	3.324000E4	8.394440E3	5.181817E-1	2.764192E1	2.764677E1	1.059289E5	8.554242E1	9.212677E1
1.662400E1	3.324800E4	8.499204E3	-1.458889E1	2.309778E1	2.731928E1	1.059623E5	1.006495E2	8.758263E1
1.662800E1	3.325600E4	8.790865E3	-2.470531E1	1.052768E1	2.685488E1	1.059969E5	1.107659E2	7.501253E1
1.663200E1	3.326400E4	8.898625E3	-2.607975E1	-5.831429E0	2.672375E1	1.060326E5	1.121404E2	5.865342E1
1.663600E1	3.327200E4	8.678744E3	-1.808507E1	-2.016228E1	2.708481E1	1.060681E5	1.041457E2	4.432257E1
1.664000E1	3.328000E4	8.338112E3	-3.889510E0	-2.779480E1	2.806563E1	1.061020E5	8.995012E1	3.669004E1
1.664400E1	3.328800E4	8.298584E3	1.187516E1	-2.568423E1	2.829663E1	1.061348E5	7.418544E1	3.880062E1
1.664800E1	3.329600E4	8.449456E3	2.386848E1	-1.467100E1	2.801682E1	1.061684E5	6.219213E1	4.981385E1
1.665200E1	3.330400E4	8.564339E3	2.778178E1	1.168878E0	2.780636E1	1.062024E5	5.827883E1	6.565373E1
1.665600E1	3.331200E4	8.578594E3	2.222500E1	1.670966E1	2.780581E1	1.062369E5	6.383561E1	8.119451E1
1.666000E1	3.332000E4	8.442310E3	9.036294E0	2.629991E1	2.780898E1	1.062710E5	7.702431E1	9.078475E1
1.666400E1	3.332800E4	8.392516E3	-6.931541E0	2.684903E1	2.772934E1	1.063045E5	9.299215E1	9.133387E1
1.666800E1	3.333600E4	8.593698E3	-2.020016E1	1.807492E1	2.710626E1	1.063382E5	1.062608E2	8.255977E1
1.667200E1	3.334400E4	8.862082E3	-2.646141E1	3.143435E0	2.664747E1	1.063732E5	1.125220E2	6.762828E1
1.667600E1	3.335200E4	8.865415E3	-2.333929E1	-1.297702E1	2.670441E1	1.064091E5	1.093999E2	5.150783E1
1.668000E1	3.336000E4	8.552583E3	-1.191439E1	-2.458992E1	2.732429E1	1.064441E5	9.797500E1	3.989493E1
1.668400E1	3.336800E4	8.273458E3	3.656274E0	-2.778932E1	2.802882E1	1.064775E5	8.240433E1	3.669552E1
1.668800E1	3.337600E4	8.344869E3	1.818972E1	-2.142100E1	2.810205E1	1.065103E5	6.787088E1	4.306385E1
1.669200E1	3.338400E4	8.524485E3	2.684535E1	-7.568960E0	2.789197E1	1.065443E5	5.921526E1	5.691589E1
1.669600E1	3.339200E4	8.580902E3	2.620152E1	8.783313E0	2.763451E1	1.065785E5	5.985909E1	7.326816E1
1.670000E1	3.340000E4	8.501067E3	1.669218E1	2.207229E1	2.767336E1	1.066129E5	6.936843E1	8.655714E1
1.670400E1	3.340800E4	8.359947E3	1.681589E0	2.781882E1	2.786960E1	1.066465E5	8.437902E1	9.230367E1
1.670800E1	3.341600E4	8.498152E3	-1.357706E1	2.372496E1	2.733515E1	1.066798E5	9.963766E1	8.820981E1
1.671200E1	3.342400E4	8.831063E3	-2.420435E1	1.153140E1	2.681089E1	1.067145E5	1.102650E2	7.601624E1
1.671600E1	3.343200E4	8.916906E3	-2.613054E1	-4.809837E0	2.656953E1	1.067504E5	1.121911E2	5.967501E1
1.672000E1	3.344000E4	8.686389E3	-1.883343E1	-1.940832E1	2.704406E1	1.067859E5	1.048940E2	4.507653E1
1.672400E1	3.344800E4	8.342659E3	-4.883672E0	-2.747447E1	2.790514E1	1.068199E5	9.094428E1	3.701038E1
1.672800E1	3.345600E4	8.245229E3	1.090138E1	-2.618562E1	2.836418E1	1.068526E5	7.515922E1	3.829923E1
1.673200E1	3.346400E4	8.392126E3	2.327787E1	-1.577061E1	2.811711E1	1.068859E5	6.278273E1	4.871423E1
1.673600E1	3.347200E4	8.545730E3	2.767956E1	-1.258253E-1	2.767984E1	1.069197E5	5.838105E1	6.435902E1
1.674000E1	3.348000E4	8.607167E3	2.278087E1	1.551004E1	2.755956E1	1.069542E5	6.327973E1	7.999489E1
1.674400E1	3.348800E4	8.501328E3	1.013275E1	2.585160E1	2.776649E1	1.069886E5	7.592785E1	9.033645E1
1.674800E1	3.349600E4	8.461418E3	-5.850924E0	2.692716E1	2.755550E1	1.070223E5	9.191153E1	9.141201E1
1.675200E1	3.350400E4	8.638440E3	-1.959074E1	1.872902E1	2.710301E1	1.070563E5	1.056513E2	8.321387E1
1.675600E1	3.351200E4	8.833419E3	-2.642742E1	4.012535E0	2.673030E1	1.070914E5	1.124880E2	6.849738E1
1.676000E1	3.352000E4	8.812349E3	-2.389247E1	-1.215050E1	2.680457E1	1.071270E5	1.099531E2	5.233435E1
1.676400E1	3.352800E4	8.513228E3	-1.302496E1	-2.435814E1	2.762189E1	1.071619E5	9.908556E1	4.012671E1
1.676800E1	3.353600E4	8.280606E3	2.503641E0	-2.826786E1	2.837852E1	1.071951E5	8.355697E1	3.621699E1
1.677200E1	3.354400E4	8.304357E3	1.752204E1	-2.233847E1	2.839066E1	1.072281E5	6.853856E1	4.214637E1
1.677600E1	3.355200E4	8.421050E3	2.670704E1	-8.937995E0	2.816298E1	1.072615E5	5.935357E1	5.554685E1
1.678000E1	3.356000E4	8.558150E3	2.670953E1	7.396479E0	2.771474E1	1.072955E5	5.935108E1	7.188133E1
1.678400E1	3.356800E4	8.564500E3	1.789414E1	2.129629E1	2.781604E1	1.073300E5	6.816647E1	8.578114E1
1.678800E1	3.357600E4	8.426015E3	2.910906E0	2.767044E1	2.782313E1	1.073640E5	8.314970E1	9.215529E1
1.679200E1	3.358400E4	8.461842E3	-1.259313E1	2.432623E1	2.739256E1	1.073974E5	9.865374E1	8.881108E1
1.679600E1	3.359200E4	8.781291E3	-2.378531E1	1.281277E1	2.701681E1	1.074317E5	1.098459E2	7.729762E1
1.680000E1	3.360000E4	8.903906E3	-2.642196E1	-3.534782E0	2.665736E1	1.074676E5	1.124826E2	6.095007E1
1.680400E1	3.360800E4	8.657642E3	-1.981320E1	-1.842485E1	2.705620E1	1.075029E5	1.058738E2	4.606000E1
1.680800E1	3.361600E4	8.353817E3	-6.343069E0	-2.721689E1	2.794626E1	1.075369E5	9.240367E1	3.726796E1
1.681200E1	3.362400E4	8.281831E3	9.603432E0	-2.674609E1	2.841794E1	1.075698E5	7.645717E1	3.773876E1
1.681600E1	3.363200E4	8.390731E3	2.253425E1	-1.689726E1	2.816576E1	1.076031E5	6.352636E1	4.758759E1
1.682000E1	3.364000E4	8.513228E3	2.784029E1	-1.518988E0	2.788169E1	1.076369E5	5.822032E1	6.296586E1
1.682400E1	3.364800E4	8.561387E3	2.373282E1	1.439661E1	2.775804E1	1.076712E5	6.232779E1	7.888146E1
1.682800E1	3.365600E4	8.407351E3	1.160446E1	2.530909E1	2.784266E1	1.077054E5	7.445615E1	8.979394E1
1.683200E1	3.366400E4	8.353091E3	-4.108838E0	2.749188E1	2.779723E1	1.077385E5	9.016944E1	9.197672E1
1.683600E1	3.367200E4	8.596434E3	-1.825246E1	2.013473E1	2.717645E1	1.077722E5	1.043131E2	8.461958E1
1.684000E1	3.368000E4	8.924876E3	-2.590560E1	5.851490E0	2.655824E1	1.078073E5	1.119662E2	7.033634E1
1.684400E1	3.368800E4	8.912511E3	-2.441935E1	-1.066440E1	2.664647E1	1.078436E5	1.104800E2	5.382045E1
1.684800E1	3.369600E4	8.539796E3	-1.423331E1	-2.329218E1	2.729675E1	1.078786E5	1.002939E2	4.119267E1
1.685200E1	3.370400E4	8.213020E3	9.405242E-1	-2.820037E1	2.821605E1	1.079119E5	8.512008E1	3.628448E1
1.685600E1	3.371200E4	8.232907E3	1.601826E1	-2.350302E1	2.844251E1	1.079443E5	7.004234E1	4.098183E1
1.686000E1	3.372000E4	8.436630E3	2.593370E1	-1.059737E1	2.801537E1	1.079778E5	6.012691E1	5.388748E1
1.686400E1	3.372800E4	8.579815E3	2.700173E1	5.625744E0	2.758156E1	1.080118E5	5.905888E1	7.011059E1
1.686800E1	3.373600E4	8.547586E3	1.904140E1	2.000380E1	2.761751E1	1.080464E5	6.701921E1	8.448865E1
1.687200E1	3.374400E4	8.333490E3	4.770644E0	2.747542E1	2.788652E1	1.080801E5	8.128996E1	9.196027E1
1.687600E1	3.375200E4	8.407054E3	-1.081886E1	2.538915E1	2.759813E1	1.081131E5	9.687946E1	8.987400E1
1.688000E1	3.376000E4	8.707960E3	-2.275736E1	1.455047E1	2.701136E1	1.081474E5	1.088180E2	7.903532E1
1.688400E1	3.376800E4	8.860238E3	-2.664577E1	-1.276889E0	2.667635E1	1.081827E5	1.127064E2	6.320796E1
1.688800E1	3.377600E4	8.736773E3	-2.130003E1	-1.681456E1	2.713707E1	1.082183E5	1.073606E2	4.767029E1
1.689200E1	3.378400E4	8.406659E3	-8.293732E0	-2.652657E1	2.779289E1	1.082526E5	9.435434E1	3.795828E1
1.689600E1	3.379200E4	8.251641E3	7.567923E0	-2.721274E1	2.824547E1	1.082855E5	7.849268E1	3.727211E1
1.690000E1	3.380000E4	8.343262E3	2.114539E1	-1.860883E1	2.816764E1	1.083187E5	6.491521E1	4.587602E1
1.690400E1	3.380800E4	8.492462E3	2.763512E1	-3.742572E0	2.788739E1	1.083523E5	5.842549E1	6.074228E1
1.690800E1	3.381600E4	8.548136E3	2.480332E1	1.241547E1	2.773714E1	1.083866E5	6.125729E1	7.690032E1
1.691200E1	3.382400E4	8.416353E3	1.358827E1	2.418686E1	2.774248E1	1.084207E5	7.247233E1	8.867171E1
1.691600E1	3.383200E4	8.354934E3	-1.902043E0	2.774750E1	2.781262E1	1.084539E5	8.796265E1	9.223235E1
1.692000E1	3.384000E4	8.566113E3	-1.658681E1	2.160696E1	2.723936E1	1.084875E5	1.026474E2	8.609181E1
1.692400E1	3.384800E4	8.770386E3	-2.556986E1	8.086541E0	2.681809E1	1.085225E5	1.116305E2	7.257139E1
1.692800E1	3.385600E4	8.842230E3	-2.552046E1	-8.132403E0	2.678488E1	1.085577E5	1.115811E2	5.635245E1
1.693200E1	3.386400E4	8.632563E3	-1.634005E1	-2.183276E1	2.727025E1	1.085932E5	1.024007E2	4.265209E1
1.693600E1	3.387200E4	8.250920E3	-1.595625E0	-2.797574E1	2.802121E1	1.086267E5	8.765623E1	3.650911E1
1.694000E1	3.388000E4	8.246753E3	1.374317E1	-2.459505E1	2.817430E1	1.086592E5	7.231744E1	3.988979E1
1.694400E1	3.388800E4	8.428903E3	2.484726E1	-1.281933E1	2.795928E1	1.086927E5	6.121335E1	5.166552E1
1.694800E1	3.389600E4	8.526482E3	2.753984E1	3.199478E0	2.772507E1	1.087266E5	5.852076E1	6.768433E1
1.695200E1	3.390400E4	8.486910E3	2.103154E1	1.823191E1	2.783394E1	1.087609E5	6.502906E1	8.271676E1
1.695600E1	3.391200E4	8.363156E3	7.460422E0	2.694155E1	2.795541E1	1.087945E5	7.860018E1	9.142640E1
1.696000E1	3.392000E4	8.364651E3	-8.487377E0	2.639275E1	2.772387E1	1.088278E5	9.454798E1	9.087760E1
1.696400E1	3.392800E4	8.636925E3	-2.111597E1	1.683302E1	2.700435E1	1.088614E5	1.071766E2	8.131787E1
1.696800E1	3.393600E4	8.912174E3	-2.642382E1	1.420821E0	2.646199E1	1.088969E5	1.124844E2	6.590567E1
1.697200E1	3.394400E4	8.810286E3	-2.249229E1	-1.446008E1	2.673943E1	1.089327E5	1.085529E2	5.002476E1
1.697600E1	3.395200E4	8.409681E3	-1.062249E1	-2.552445E1	2.764661E1	1.089674E5	9.668309E1	3.896040E1
1.698000E1	3.396000E4	8.150463E3	4.909641E0	-2.780413E1	2.823428E1	1.090000E5	8.115096E1	3.668072E1
1.698400E1	3.396800E4	8.288480E3	1.906052E1	-2.072226E1	2.815521E1	1.090326E5	6.700008E1	4.376259E1
1.698800E1	3.397600E4	8.463434E3	2.703790E1	-6.580195E0	2.782709E1	1.090663E5	5.902271E1	5.790465E1
1.699200E1	3.398400E4	8.561597E3	2.587685E1	9.580149E0	2.759330E1	1.091003E5	6.018376E1	7.406500E1
1.699600E1	3.399200E4	8.482630E3	1.599548E1	2.268736E1	2.775917E1	1.091348E5	7.006512E1	8.717221E1
1.700000E1	3.400000E4	8.322169E3	8.813192E-1	2.768453E1	2.769856E1	1.091682E5	8.517929E1	9.216938E1
1.700400E1	3.400800E4	8.454296E3	-1.427036E1	2.338595E1	2.739609E1	1.092014E5	1.003310E2	8.787080E1
1.700800E1	3.401600E4	8.765524E3	-2.439020E1	1.095576E1	2.673781E1	1.092358E5	1.104508E2	7.544061E1
1.701200E1	3.402400E4	8.883697E3	-2.601802E1	-5.301082E0	2.655257E1	1.092715E5	1.120786E2	5.918377E1
1.701600E1	3.403200E4	8.616170E3	-1.857094E1	-1.983186E1	2.716951E1	1.093069E5	1.046315E2	4.465299E1
1.702000E1	3.404000E4	8.259277E3	-4.636684E0	-2.754689E1	2.793438E1	1.093404E5	9.069729E1	3.693796E1
1.702400E1	3.404800E4	8.206731E3	1.104029E1	-2.606644E1	2.830808E1	1.093730E5	7.502032E1	3.841841E1
1.702800E1	3.405600E4	8.393603E3	2.318348E1	-1.557901E1	2.793169E1	1.094061E5	6.287713E1	4.890584E1
1.703200E1	3.406400E4	8.544970E3	2.765391E1	5.001395E-2	2.765395E1	1.094401E5	5.840670E1	6.453486E1
1.703600E1	3.407200E4	8.564443E3	2.283117E1	1.566747E1	2.768992E1	1.094745E5	6.322944E1	8.015232E1
1.704000E1	3.408000E4	8.413754E3	1.010369E1	2.580699E1	2.771435E1	1.095086E5	7.595691E1	9.029184E1
1.704400E1	3.408800E4	8.323405E3	-5.624562E0	2.699578E1	2.757549E1	1.095418E5	9.168517E1	9.148063E1
1.704800E1	3.409600E4	8.545472E3	-1.937966E1	1.924053E1	2.730877E1	1.095752E5	1.054403E2	8.372538E1
1.705200E1	3.410400E4	8.839639E3	-2.618212E1	4.553993E0	2.657522E1	1.096101E5	1.122427E2	6.903884E1
1.705600E1	3.411200E4	8.819243E3	-2.400254E1	-1.166719E1	2.668793E1	1.096459E5	1.100632E2	5.281766E1
1.706000E1	3.412000E4	8.547107E3	-1.341860E1	-2.389886E1	2.740829E1	1.096807E5	9.947921E1	4.058599E1
1.706400E1	3.412800E4	8.272646E3	2.106690E0	-2.801563E1	2.809473E1	1.097143E5	8.395392E1	3.646922E1
1.706800E1	3.413600E4	8.267243E3	1.684733E1	-2.246459E1	2.808007E1	1.097469E5	6.921328E1	4.202026E1
1.707200E1	3.414400E4	8.445787E3	2.624818E1	-9.326782E0	2.785598E1	1.097804E5	5.981243E1	5.515807E1
1.707600E1	3.415200E4	8.510921E3	2.674564E1	6.884218E0	2.761742E1	1.098144E5	5.931496E1	7.136907E1
1.708000E1	3.416000E4	8.489889E3	1.829716E1	2.069987E1	2.762735E1	1.098485E5	6.776345E1	8.518471E1
1.708400E1	3.416800E4	8.378367E3	3.684079E0	2.744091E1	2.768711E1	1.098824E5	8.237653E1	9.192576E1
1.708800E1	3.417600E4	8.442110E3	-1.186234E1	2.481124E1	2.750114E1	1.099156E5	9.792295E1	8.929609E1
1.709200E1	3.418400E4	8.744203E3	-2.327943E1	1.349985E1	2.691055E1	1.099499E5	1.093400E2	7.798470E1
1.709600E1	3.419200E4	8.912749E3	-2.647562E1	-2.552226E0	2.659835E1	1.099855E5	1.125362E2	6.193262E1
1.710000E1	3.420000E4	8.711541E3	-2.027298E1	-1.774288E1	2.694074E1	1.100212E5	1.063336E2	4.674197E1
1.710400E1	3.420800E4	8.344948E3	-7.086725E0	-2.681948E1	2.773998E1	1.100552E5	9.314733E1	3.766536E1
1.710800E1	3.421600E4	8.242136E3	8.700439E0	-2.685382E1	2.822809E1	1.100880E5	7.736017E1	3.763103E1
1.711200E1	3.422400E4	8.355744E3	2.187625E1	-1.762944E1	2.809568E1	1.101211E5	6.418436E1	4.685541E1
1.711600E1	3.423200E4	8.470214E3	2.776980E1	-2.528277E0	2.788466E1	1.101548E5	5.829081E1	6.195657E1
1.712000E1	3.424000E4	8.536907E3	2.432574E1	1.342708E1	2.778539E1	1.101889E5	6.173486E1	7.791193E1
1.712400E1	3.424800E4	8.416339E3	1.255319E1	2.473636E1	2.773933E1	1.102231E5	7.350741E1	8.922121E1
1.712800E1	3.425600E4	8.342944E3	-3.013762E0	2.761604E1	2.778000E1	1.102562E5	8.907437E1	9.210089E1
1.713200E1	3.426400E4	8.558801E3	-1.742319E1	2.088474E1	2.719816E1	1.102898E5	1.034838E2	8.536959E1
1.713600E1	3.427200E4	8.818267E3	-2.571574E1	7.035752E0	2.666085E1	1.103247E5	1.117763E2	7.152060E1
1.714000E1	3.428000E4	8.830065E3	-2.493438E1	-9.264513E0	2.659990E1	1.103604E5	1.109950E2	5.522034E1
1.714400E1	3.428800E4	8.528649E3	-1.557893E1	-2.253161E1	2.739301E1	1.103953E5	1.016395E2	4.195324E1
1.714800E1	3.429600E4	8.202041E3	-6.805921E-1	-2.808954E1	2.809779E1	1.104286E5	8.674120E1	3.639530E1
1.715200E1	3.430400E4	8.221010E3	1.458329E1	-2.431356E1	2.835175E1	1.104610E5	7.147732E1	4.017129E1
1.715600E1	3.431200E4	8.377712E3	2.531543E1	-1.213993E1	2.807577E1	1.104944E5	6.074518E1	5.234492E1
1.716000E1	3.432000E4	8.523192E3	2.740109E1	3.839782E0	2.766882E1	1.105280E5	5.865952E1	6.832463E1
1.716400E1	3.432800E4	8.560809E3	2.024022E1	1.858945E1	2.748153E1	1.105626E5	6.582038E1	8.307430E1
1.716800E1	3.433600E4	8.373628E3	6.457465E0	2.682205E1	2.758842E1	1.105965E5	7.960314E1	9.130690E1
1.717200E1	3.434400E4	8.311410E3	-9.235935E0	2.600261E1	2.759417E1	1.106296E5	9.529654E1	9.048746E1
1.717600E1	3.435200E4	8.510173E3	-2.160891E1	1.631022E1	2.707338E1	1.106630E5	1.076695E2	8.079507E1
1.718000E1	3.436000E4	8.709253E3	-2.675761E1	1.104611E0	2.678040E1	1.106976E5	1.128182E2	6.558946E1
1.718400E1	3.436800E4	8.652335E3	-2.271711E1	-1.454431E1	2.697414E1	1.107326E5	1.087777E2	4.994054E1
1.718800E1	3.437600E4	8.364041E3	-1.087046E1	-2.542975E1	2.765573E1	1.107669E5	9.693107E1	3.905510E1
1.719200E1	3.438400E4	8.156801E3	4.674056E0	-2.780834E1	2.819841E1	1.107995E5	8.138655E1	3.667651E1
1.719600E1	3.439200E4	8.245652E3	1.884419E1	-2.084859E1	2.810280E1	1.108321E5	6.721642E1	4.363626E1
1.720000E1	3.440000E4	8.403359E3	2.693323E1	-6.962214E0	2.781855E1	1.108655E5	5.912737E1	5.752263E1
1.720400E1	3.440800E4	8.420387E3	2.611772E1	9.164728E0	2.767901E1	1.108993E5	5.994289E1	7.364958E1
1.720800E1	3.441600E4	8.254144E3	1.681617E1	2.221034E1	2.785826E1	1.109329E5	6.924444E1	8.669519E1
1.721200E1	3.442400E4	8.149952E3	2.259898E0	2.790006E1	2.799144E1	1.109654E5	8.380071E1	9.238491E1
1.721600E1	3.443200E4	8.253363E3	-1.291447E1	2.421809E1	2.744630E1	1.109981E5	9.897507E1	8.870294E1
1.722000E1	3.444000E4	8.535741E3	-2.359642E1	1.286729E1	2.687672E1	1.110314E5	1.096570E2	7.735213E1
1.722400E1	3.444800E4	8.704880E3	-2.639253E1	-2.939415E0	2.655571E1	1.110664E5	1.124531E2	6.154543E1
1.722800E1	3.445600E4	8.525707E3	-2.024686E1	-1.762212E1	2.684166E1	1.111010E5	1.063075E2	4.686273E1
1.723200E1	3.446400E4	8.208938E3	-7.386354E0	-2.674427E1	2.774553E1	1.111346E5	9.344696E1	3.774058E1
1.723600E1	3.447200E4	7.985119E3	8.124765E0	-2.706991E1	2.826291E1	1.111667E5	7.793584E1	3.741494E1
1.724000E1	3.448000E4	8.037024E3	2.115500E1	-1.875482E1	2.827149E1	1.111984E5	6.490561E1	4.573002E1
1.724400E1	3.448800E4	8.223334E3	2.767589E1	-4.382043E0	2.802066E1	1.112310E5	5.838472E1	6.010280E1
1.724800E1	3.449600E4	8.303717E3	2.526073E1	1.136762E1	2.770067E1	1.112642E5	6.079988E1	7.585247E1
1.725200E1	3.450400E4	8.193355E3	1.494757E1	2.340214E1	2.776850E1	1.112974E5	7.111304E1	8.788698E1
1.725600E1	3.451200E4	8.055885E3	1.088115E-1	2.772562E1	2.772583E1	1.113298E5	8.595179E1	9.221047E1
1.726000E1	3.452000E4	8.142367E3	-1.449036E1	2.329821E1	2.743678E1	1.113619E5	1.005510E2	8.778305E1
1.726400E1	3.452800E4	8.444072E3	-2.416362E1	1.131183E1	2.668029E1	1.113949E5	1.102242E2	7.579668E1
1.726800E1	3.453600E4	8.605007E3	-2.600521E1	-4.320150E0	2.636162E1	1.114294E5	1.120658E2	6.016470E1
1.727200E1	3.454400E4	8.417781E3	-1.946176E1	-1.863327E1	2.694362E1	1.114638E5	1.055224E2	4.585158E1
1.727600E1	3.455200E4	8.031692E3	-6.362376E0	-2.707182E1	2.780941E1	1.114968E5	9.242298E1	3.741303E1
1.728000E1	3.456000E4	7.815522E3	8.822331E0	-2.713999E1	2.853792E1	1.115280E5	7.723827E1	3.734486E1
1.728400E1	3.456800E4	7.929980E3	2.151107E1	-1.850334E1	2.837428E1	1.115593E5	6.454953E1	4.598151E1
1.728800E1	3.457600E4	8.100082E3	2.776468E1	-4.175469E0	2.807690E1	1.115914E5	5.829593E1	6.030938E1
1.729200E1	3.458400E4	8.200471E3	2.527404E1	1.130524E1	2.768728E1	1.116241E5	6.078657E1	7.579009E1
1.729600E1	3.459200E4	8.139065E3	1.505900E1	2.323432E1	2.768767E1	1.116571E5	7.100160E1	8.771917E1
1.730000E1	3.460000E4	7.986453E3	3.814217E-1	2.772453E1	2.772715E1	1.116892E5	8.567918E1	9.220938E1
1.730400E1	3.460800E4	8.014347E3	-1.408478E1	2.349402E1	2.739252E1	1.117209E5	1.001454E2	8.797887E1
1.730800E1	3.461600E4	8.291886E3	-2.399346E1	1.205351E1	2.685095E1	1.117533E5	1.100541E2	7.653836E1
1.731200E1	3.462400E4	8.458197E3	-2.627382E1	-3.355495E0	2.648723E1	1.117873E5	1.123344E2	6.112935E1
1.731600E1	3.463200E4	8.284217E3	-2.036190E1	-1.769543E1	2.697657E1	1.118210E5	1.064225E2	4.678942E1
1.732000E1	3.464000E4	7.935078E3	-7.851211E0	-2.659338E1	2.772813E1	1.118536E5	9.391182E1	3.789147E1
1.732400E1	3.464800E4	7.743933E3	7.083085E0	-2.744205E1	2.834142E1	1.118845E5	7.897752E1	3.704280E1
1.732800E1	3.465600E4	7.822837E3	2.017965E1	-1.982828E1	2.829097E1	1.119155E5	6.588095E1	4.465657E1
1.733200E1	3.466400E4	7.979349E3	2.727978E1	-6.270224E0	2.799111E1	1.119471E5	5.878083E1	5.821462E1
1.733600E1	3.467200E4	8.113781E3	2.604240E1	9.139304E0	2.759952E1	1.119793E5	6.001821E1	7.362415E1
1.734000E1	3.468000E4	7.981871E3	1.704683E1	2.179206E1	2.766746E1	1.120120E5	6.901377E1	8.627691E1
1.734400E1	3.468800E4	7.799474E3	3.295683E0	2.760952E1	2.780552E1	1.120432E5	8.276492E1	9.209437E1
1.734800E1	3.469600E4	7.858702E3	-1.135936E1	2.508635E1	2.753834E1	1.120744E5	9.741997E1	8.957120E1
1.735200E1	3.470400E4	8.108813E3	-2.226719E1	1.498406E1	2.683933E1	1.121061E5	1.083278E2	7.946891E1
1.735600E1	3.471200E4	8.376090E3	-2.633333E1	3.529890E-1	2.633569E1	1.121392E5	1.123939E2	6.483784E1
1.736000E1	3.472000E4	8.332216E3	-2.227102E1	-1.450239E1	2.657664E1	1.121731E5	1.083316E2	4.998246E1
1.736400E1	3.472800E4	7.948719E3	-1.117079E1	-2.496063E1	2.734629E1	1.122059E5	9.723140E1	3.952422E1
1.736800E1	3.473600E4	7.631385E3	3.260999E0	-2.792342E1	2.811319E1	1.122367E5	8.279961E1	3.656143E1
1.737200E1	3.474400E4	7.683619E3	1.697314E1	-2.257259E1	2.824197E1	1.122669E5	6.908747E1	4.191226E1
1.737600E1	3.475200E4	7.821861E3	2.598577E1	-1.043042E1	2.800097E1	1.122981E5	6.007483E1	5.405443E1
1.738000E1	3.476000E4	7.923455E3	2.730430E1	4.576868E0	2.768524E1	1.123295E5	5.875630E1	6.906172E1
1.738400E1	3.476800E4	7.905844E3	2.069855E1	1.832388E1	2.764407E1	1.123615E5	6.536206E1	8.280873E1
1.738800E1	3.477600E4	7.761237E3	8.227815E0	2.651825E1	2.776535E1	1.123928E5	7.783279E1	9.100310E1
1.739200E1	3.478400E4	7.713880E3	-6.516615E0	2.692100E1	2.769849E1	1.124236E5	9.257722E1	9.140585E1
1.739600E1	3.479200E4	7.883845E3	-1.895897E1	1.931065E1	2.706186E1	1.124545E5	1.050196E2	8.379550E1
1.740000E1	3.480000E4	8.140672E3	-2.584813E1	6.120585E0	2.656289E1	1.124867E5	1.119087E2	7.060543E1
1.740400E1	3.480800E4	8.188768E3	-2.503780E1	-8.915006E0	2.657760E1	1.125196E5	1.110984E2	5.556984E1
1.740800E1	3.481600E4	7.945306E3	-1.659865E1	-2.138993E1	2.707480E1	1.125522E5	1.026593E2	4.309492E1
1.741200E1	3.482400E4	7.634486E3	-3.331921E0	-2.778278E1	2.798186E1	1.125832E5	8.939253E1	3.670207E1
1.741600E1	3.483200E4	7.530729E3	1.119217E1	-2.603255E1	2.833652E1	1.126133E5	7.486843E1	3.845230E1
1.742000E1	3.484000E4	7.666799E3	2.257444E1	-1.676089E1	2.811642E1	1.126434E5	6.348616E1	4.772396E1
1.742400E1	3.484800E4	7.843016E3	2.764409E1	-2.613765E0	2.776738E1	1.126746E5	5.841652E1	6.187108E1
1.742800E1	3.485600E4	7.842901E3	2.484296E1	1.219802E1	2.767606E1	1.127062E5	6.121764E1	7.668287E1
1.743200E1	3.486400E4	7.703982E3	1.499970E1	2.340208E1	2.779655E1	1.127373E5	7.106090E1	8.788692E1
1.743600E1	3.487200E4	7.570700E3	1.075244E0	2.777623E1	2.779703E1	1.127678E5	8.498536E1	9.226108E1
1.744000E1	3.488000E4	7.672857E3	-1.286882E1	2.429727E1	2.749480E1	1.127979E5	9.892943E1	8.878212E1
1.744400E1	3.488800E4	7.973630E3	-2.302089E1	1.374173E1	2.681038E1	1.128292E5	1.090815E2	7.822658E1
1.744800E1	3.489600E4	8.106202E3	-2.640855E1	-7.821981E-1	2.642014E1	1.128617E5	1.124692E2	6.370265E1
1.745200E1	3.490400E4	7.995812E3	-2.206820E1	-1.489394E1	2.662395E1	1.128940E5	1.081288E2	4.959091E1
1.745600E1	3.491200E4	7.729971E3	-1.127994E1	-2.493940E1	2.737171E1	1.129257E5	9.734055E1	3.954545E1
1.746000E1	3.492000E4	7.475486E3	2.853323E0	-2.782296E1	2.796889E1	1.129559E5	8.320728E1	3.666189E1
1.746400E1	3.492800E4	7.433420E3	1.640297E1	-2.302421E1	2.826962E1	1.129855E5	6.965764E1	4.146064E1
1.746800E1	3.493600E4	7.560826E3	2.538142E1	-1.166195E1	2.793238E1	1.130153E5	6.067918E1	5.282290E1
1.747200E1	3.494400E4	7.696862E3	2.750782E1	2.868641E0	2.765699E1	1.130460E5	5.855279E1	6.735349E1
1.747600E1	3.495200E4	7.672798E3	2.215949E1	1.663638E1	2.770942E1	1.130769E5	6.390112E1	8.112123E1
1.748000E1	3.496000E4	7.492978E3	1.070915E1	2.564622E1	2.779235E1	1.131073E5	7.535145E1	9.013107E1
1.748400E1	3.496800E4	7.472662E3	-3.299765E0	2.750341E1	2.770065E1	1.131368E5	8.936037E1	9.198826E1
1.748800E1	3.497600E4	7.667806E3	-1.635069E1	2.160598E1	2.709544E1	1.131671E5	1.024113E2	8.609083E1
1.749200E1	3.498400E4	7.941643E3	-2.445735E1	9.790215E0	2.634407E1	1.131982E5	1.105180E2	7.427506E1
1.749600E1	3.499200E4	8.027226E3	-2.577302E1	-4.846746E0	2.622479E1	1.132307E5	1.118336E2	5.963810E1
1.750000E1	3.500000E4	7.809222E3	-1.977737E1	-1.806030E1	2.678281E1	1.132624E5	1.058380E2	4.642455E1
1.750400E1	3.500800E4	7.474439E3	-8.073889E0	-2.661461E1	2.781232E1	1.132931E5	9.413449E1	3.787023E1
1.750800E1	3.501600E4	7.293785E3	5.993680E0	-2.772838E1	2.836878E1	1.133222E5	8.006693E1	3.675647E1
1.751200E1	3.502400E4	7.312291E3	1.874915E1	-2.121113E1	2.830976E1	1.133515E5	6.731146E1	4.327372E1
1.751600E1	3.503200E4	7.492709E3	2.649174E1	-9.279588E0	2.806997E1	1.133807E5	5.956887E1	5.520526E1
1.752000E1	3.504000E4	7.666228E3	2.705017E1	5.462181E0	2.759615E1	1.134114E5	5.901043E1	6.994703E1
1.752400E1	3.504800E4	7.553144E3	2.052333E1	1.849575E1	2.762788E1	1.134420E5	6.553728E1	8.298060E1
1.752800E1	3.505600E4	7.365702E3	8.644292E0	2.635570E1	2.773710E1	1.134718E5	7.741631E1	9.084055E1
1.753200E1	3.506400E4	7.366594E3	-5.263815E0	2.720421E1	2.770878E1	1.135010E5	9.132442E1	9.168906E1
1.753600E1	3.507200E4	7.596391E3	-1.771117E1	2.053742E1	2.711957E1	1.135308E5	1.037718E2	8.502227E1
1.754000E1	3.508000E4	7.849532E3	-2.513358E1	8.301377E0	2.646903E1	1.135617E5	1.111942E2	7.278623E1
1.754400E1	3.508800E4	7.948752E3	-2.550965E1	-6.157419E0	2.624226E1	1.135936E5	1.115703E2	5.832743E1
1.754800E1	3.509600E4	7.723700E3	-1.886622E1	-1.907291E1	2.682741E1	1.136253E5	1.049268E2	4.541194E1
1.755200E1	3.510400E4	7.335081E3	-7.046865E0	-2.697583E1	2.788107E1	1.136554E5	9.310747E1	3.750901E1
1.755600E1	3.511200E4	7.150312E3	6.846682E0	-2.747530E1	2.831553E1	1.136840E5	7.921392E1	3.700955E1
1.756000E1	3.512000E4	7.221886E3	1.920249E1	-2.091011E1	2.838958E1	1.137126E5	6.685812E1	4.357474E1
1.756400E1	3.512800E4	7.423047E3	2.656655E1	-8.751150E0	2.797077E1	1.137418E5	5.949406E1	5.573370E1
1.756800E1	3.513600E4	7.517169E3	2.716795E1	5.748330E0	2.776943E1	1.137719E5	5.889265E1	7.023318E1
1.757200E1	3.514400E4	7.408845E3	2.060958E1	1.849531E1	2.769172E1	1.138019E5	6.545102E1	8.298016E1
1.757600E1	3.515200E4	7.254983E3	8.968198E0	2.637029E1	2.785356E1	1.138312E5	7.709241E1	9.085514E1
1.758000E1	3.516000E4	7.223567E3	-4.799520E0	2.737283E1	2.779042E1	1.138599E5	9.086013E1	9.185768E1
1.758400E1	3.516800E4	7.423382E3	-1.710287E1	2.111574E1	2.717320E1	1.138890E5	1.031635E2	8.560059E1
1.758800E1	3.517600E4	7.717975E3	-2.486748E1	9.380701E0	2.657798E1	1.139193E5	1.109281E2	7.386555E1
1.759200E1	3.518400E4	7.810385E3	-2.583695E1	-4.905216E0	2.629846E1	1.139507E5	1.118976E2	5.957963E1
1.759600E1	3.519200E4	7.618780E3	-1.992697E1	-1.782629E1	2.673687E1	1.139818E5	1.059876E2	4.665856E1
1.760000E1	3.520000E4	7.300755E3	-8.643384E0	-2.613527E1	2.752745E1	1.140117E5	9.470399E1	3.834957E1
1.760400E1	3.520800E4	7.095798E3	5.007212E0	-2.776981E1	2.821763E1	1.140402E5	8.105339E1	3.671504E1
1.760800E1	3.521600E4	7.118396E3	1.761157E1	-2.216741E1	2.831186E1	1.140685E5	6.844904E1	4.231744E1
1.761200E1	3.522400E4	7.313165E3	2.587797E1	-1.089488E1	2.807789E1	1.140972E5	6.018264E1	5.358997E1
1.761600E1	3.523200E4	7.468953E3	2.737096E1	3.347043E0	2.757484E1	1.141270E5	5.868965E1	6.783189E1
1.762000E1	3.524000E4	7.369105E3	2.203725E1	1.655809E1	2.756466E1	1.141569E5	6.402336E1	8.104294E1
1.762400E1	3.524800E4	7.192993E3	1.136813E1	2.544308E1	2.786727E1	1.141859E5	7.469248E1	8.992793E1
1.762800E1	3.525600E4	7.146162E3	-2.163272E0	2.770964E1	2.779395E1	1.142145E5	8.822388E1	9.219449E1
1.763200E1	3.526400E4	7.272079E3	-1.490846E1	2.287485E1	2.730423E1	1.142431E5	1.009691E2	8.735970E1
1.763600E1	3.527200E4	7.523873E3	-2.373211E1	1.228022E1	2.672110E1	1.142726E5	1.097927E2	7.676507E1
1.764000E1	3.528000E4	7.659952E3	-2.637893E1	-1.514019E0	2.642234E1	1.143033E5	1.124395E2	6.297083E1
1.764400E1	3.528800E4	7.564535E3	-2.212482E1	-1.487860E1	2.666234E1	1.143339E5	1.081854E2	4.960624E1
1.764800E1	3.529600E4	7.262366E3	-1.207982E1	-2.455069E1	2.736162E1	1.143638E5	9.814042E1	3.993416E1
1.765200E1	3.530400E4	6.965710E3	9.903873E-1	-2.809166E1	2.810911E1	1.143920E5	8.507022E1	3.639319E1
1.765600E1	3.531200E4	6.991067E3	1.403135E1	-2.477324E1	2.847090E1	1.144195E5	7.202925E1	3.971161E1
1.766000E1	3.532000E4	7.158309E3	2.385615E1	-1.493728E1	2.814673E1	1.144479E5	6.220446E1	4.954757E1
1.766400E1	3.532800E4	7.289347E3	2.768977E1	-1.551339E0	2.773319E1	1.144768E5	5.837084E1	6.293351E1
1.766800E1	3.533600E4	7.276412E3	2.475103E1	1.221255E1	2.760000E1	1.145063E5	6.130958E1	7.669740E1
1.767200E1	3.534400E4	7.110617E3	1.596660E1	2.280658E1	2.784012E1	1.145350E5	7.009401E1	8.729143E1
1.767600E1	3.535200E4	7.039354E3	3.314271E0	2.757897E1	2.777740E1	1.145631E5	8.274634E1	9.206382E1
1.768000E1	3.536000E4	7.111280E3	-9.997839E0	2.561744E1	2.749927E1	1.145913E5	9.605845E1	9.010229E1
1.768400E1	3.536800E4	7.303858E3	-2.059367E1	1.725709E1	2.686832E1	1.146200E5	1.066543E2	8.174194E1
1.768800E1	3.537600E4	7.561458E3	-2.599276E1	4.700112E0	2.641429E1	1.146498E5	1.120534E2	6.918496E1
1.769200E1	3.538400E4	7.566885E3	-2.474619E1	-9.266654E0	2.642433E1	1.146805E5	1.108068E2	5.521819E1
1.769600E1	3.539200E4	7.280108E3	-1.733051E1	-2.086387E1	2.712283E1	1.147103E5	1.033911E2	4.362098E1
1.770000E1	3.540000E4	7.000881E3	-5.424724E0	-2.732220E1	2.785552E1	1.147388E5	9.148533E1	3.716265E1
1.770400E1	3.540800E4	6.836769E3	7.956989E0	-2.722412E1	2.836312E1	1.147663E5	7.810362E1	3.726073E1
1.770800E1	3.541600E4	6.895919E3	1.947522E1	-2.054821E1	2.831101E1	1.147935E5	6.658538E1	4.393664E1
1.771200E1	3.542400E4	7.150111E3	2.646848E1	-8.876891E0	2.791737E1	1.148215E5	5.959213E1	5.560796E1
1.771600E1	3.543200E4	7.297088E3	2.692576E1	5.070748E0	2.739907E1	1.148507E5	5.913485E1	6.955560E1
1.772000E1	3.544000E4	7.148757E3	2.115909E1	1.765193E1	2.755535E1	1.148798E5	6.490152E1	8.213678E1
1.772400E1	3.544800E4	6.904410E3	1.047762E1	2.574560E1	2.779598E1	1.149079E5	7.558298E1	9.023045E1
1.772800E1	3.545600E4	6.869495E3	-2.451676E0	2.762418E1	2.773276E1	1.149351E5	8.851228E1	9.210902E1
1.773200E1	3.546400E4	7.096346E3	-1.477143E1	2.291091E1	2.725995E1	1.149628E5	1.008320E2	8.739575E1
1.773600E1	3.547200E4	7.341815E3	-2.340646E1	1.252807E1	2.654835E1	1.149918E5	1.094671E2	7.701292E1
1.774000E1	3.548000E4	7.461786E3	-2.617926E1	-7.064488E-1	2.618879E1	1.150215E5	1.122399E2	6.377840E1
1.774400E1	3.548800E4	7.401163E3	-2.251438E1	-1.381674E1	2.641589E1	1.150515E5	1.085750E2	5.066811E1
1.774800E1	3.549600E4	7.136504E3	-1.324456E1	-2.365475E1	2.711025E1	1.150808E5	9.930516E1	4.083010E1
1.775200E1	3.550400E4	6.783074E3	-6.692187E-1	-2.795926E1	2.796727E1	1.151086E5	8.672982E1	3.652558E1
1.775600E1	3.551200E4	6.701340E3	1.193974E1	-2.558195E1	2.823108E1	1.151350E5	7.412086E1	3.890290E1
1.776000E1	3.552000E4	6.843237E3	2.226776E1	-1.724802E1	2.816643E1	1.151622E5	6.379284E1	4.723682E1
1.776400E1	3.552800E4	7.042718E3	2.723727E1	-4.917670E0	2.767765E1	1.151898E5	5.882334E1	5.956718E1
1.776800E1	3.553600E4	7.143424E3	2.605520E1	8.759088E0	2.748809E1	1.152186E5	6.000541E1	7.324394E1
1.777200E1	3.554400E4	6.967237E3	1.886431E1	2.016796E1	2.761537E1	1.152469E5	6.719630E1	8.465281E1
1.777600E1	3.555200E4	6.754161E3	7.554628E0	2.691110E1	2.795138E1	1.152743E5	7.850598E1	9.139595E1
1.778000E1	3.556000E4	6.764978E3	-5.255257E0	2.717209E1	2.767563E1	1.153009E5	9.131586E1	9.165694E1
1.778400E1	3.556800E4	7.017290E3	-1.687347E1	2.125924E1	2.714165E1	1.153284E5	1.029341E2	8.574409E1
1.778800E1	3.557600E4	7.283226E3	-2.436746E1	1.030097E1	2.645530E1	1.153571E5	1.104281E2	7.478582E1
1.779200E1	3.558400E4	7.459690E3	-2.586691E1	-3.040885E0	2.604503E1	1.153867E5	1.119275E2	6.144396E1
1.779600E1	3.559200E4	7.283328E3	-2.132786E1	-1.593327E1	2.662230E1	1.154168E5	1.073885E2	4.855158E1
1.780000E1	3.560000E4	6.890414E3	-1.154480E1	-2.472577E1	2.728820E1	1.154450E5	9.760541E1	3.975908E1
1.780400E1	3.560800E4	6.612667E3	9.234840E-1	-2.805414E1	2.806934E1	1.154719E5	8.513712E1	3.643070E1
1.780800E1	3.561600E4	6.585585E3	1.333356E1	-2.521163E1	2.852035E1	1.154979E5	7.272704E1	3.927321E1
1.781200E1	3.562400E4	6.786262E3	2.292220E1	-1.630800E1	2.813145E1	1.155246E5	6.313840E1	4.817685E1
1.781600E1	3.563200E4	7.034023E3	2.728935E1	-3.756174E0	2.754664E1	1.155522E5	5.877126E1	6.072867E1
1.782000E1	3.564000E4	7.089478E3	2.546818E1	9.695947E0	2.725141E1	1.155808E5	6.059243E1	7.418080E1
1.782400E1	3.564800E4	6.888314E3	1.799765E1	2.061565E1	2.736641E1	1.156089E5	6.806295E1	8.510050E1
1.782800E1	3.565600E4	6.702034E3	6.735033E0	2.691019E1	2.774020E1	1.156359E5	7.932557E1	9.139504E1
1.783200E1	3.566400E4	6.671039E3	-5.979193E0	2.698152E1	2.763609E1	1.156625E5	9.203980E1	9.146637E1
1.783600E1	3.567200E4	6.841803E3	-1.724206E1	2.105288E1	2.721236E1	1.156893E5	1.033027E2	8.553773E1
1.784000E1	3.568000E4	7.108890E3	-2.445849E1	1.026662E1	2.652586E1	1.157172E5	1.105191E2	7.475147E1
1.784400E1	3.568800E4	7.286152E3	-2.599920E1	-2.818997E0	2.615158E1	1.157462E5	1.120598E2	6.166585E1
1.784800E1	3.569600E4	7.229533E3	-2.148612E1	-1.533645E1	2.639811E1	1.157755E5	1.075467E2	4.914839E1
1.785200E1	3.570400E4	6.877206E3	-1.193772E1	-2.450249E1	2.725585E1	1.158040E5	9.799833E1	3.998236E1
1.785600E1	3.571200E4	6.531510E3	2.639656E-1	-2.820005E1	2.820128E1	1.158305E5	8.579664E1	3.628480E1
1.786000E1	3.572000E4	6.521387E3	1.259540E1	-2.551116E1	2.845107E1	1.158563E5	7.346520E1	3.897369E1
1.786400E1	3.572800E4	6.654231E3	2.253794E1	-1.716471E1	2.832995E1	1.158827E5	6.352266E1	4.732014E1
1.786800E1	3.573600E4	6.809294E3	2.736624E1	-5.066900E0	2.783136E1	1.159095E5	5.869437E1	5.941795E1
1.787200E1	3.574400E4	6.915317E3	2.616830E1	8.091308E0	2.739068E1	1.159372E5	5.989231E1	7.257616E1
1.787600E1	3.575200E4	6.788704E3	1.956198E1	1.944822E1	2.758449E1	1.159648E5	6.649863E1	8.393307E1
1.788000E1	3.576000E4	6.597880E3	8.853848E0	2.644815E1	2.789077E1	1.159915E5	7.720676E1	9.093299E1
1.788400E1	3.576800E4	6.598798E3	-3.674937E0	2.748397E1	2.772857E1	1.160176E5	8.973554E1	9.196882E1
1.788800E1	3.577600E4	6.767739E3	-1.532748E1	2.248461E1	2.721194E1	1.160443E5	1.013881E2	8.696946E1
1.789200E1	3.578400E4	7.019021E3	-2.336536E1	1.255053E1	2.652274E1	1.160718E5	1.094260E2	7.703538E1
1.789600E1	3.579200E4	7.212109E3	-2.602716E1	-1.971232E-1	2.602790E1	1.161004E5	1.120878E2	6.428773E1
1.790000E1	3.580000E4	7.081853E3	-2.300288E1	-1.299043E1	2.641749E1	1.161295E5	1.090635E2	5.149442E1
1.790400E1	3.580800E4	6.770447E3	-1.472088E1	-2.274524E1	2.709336E1	1.161571E5	1.007815E2	4.173961E1
1.790800E1	3.581600E4	6.506971E3	-3.098252E0	-2.770151E1	2.787423E1	1.161836E5	8.915886E1	3.678334E1
1.791200E1	3.582400E4	6.423126E3	9.272319E0	-2.670971E1	2.827339E1	1.162091E5	7.678829E1	3.777514E1
1.791600E1	3.583200E4	6.577589E3	1.985853E1	-1.985622E1	2.808257E1	1.162350E5	6.620208E1	4.462863E1
1.792000E1	3.584000E4	6.753668E3	2.620181E1	-8.632336E0	2.758717E1	1.162618E5	5.985880E1	5.585251E1
1.792400E1	3.584800E4	6.858763E3	2.694009E1	4.282641E0	2.727837E1	1.162890E5	5.912051E1	6.876749E1
1.792800E1	3.585600E4	6.755499E3	2.202094E1	1.637528E1	2.744215E1	1.163166E5	6.403967E1	8.086012E1
1.793200E1	3.586400E4	6.495833E3	1.256340E1	2.473883E1	2.774615E1	1.163431E5	7.349721E1	8.922368E1
1.793600E1	3.587200E4	6.427308E3	6.756627E-1	2.768596E1	2.769421E1	1.163686E5	8.538494E1	9.217081E1
1.794000E1	3.588000E4	6.584207E3	-1.136685E1	2.494789E1	2.741537E1	1.163945E5	9.742746E1	8.943274E1
1.794400E1	3.588800E4	6.815251E3	-2.082824E1	1.670110E1	2.669724E1	1.164213E5	1.068889E2	8.118595E1
1.794800E1	3.589600E4	6.982391E3	-2.572855E1	4.993134E0	2.620858E1	1.164490E5	1.117892E2	6.947798E1
1.795200E1	3.590400E4	7.027594E3	-2.510239E1	-7.739189E0	2.626833E1	1.164771E5	1.111630E2	5.674566E1
1.795600E1	3.591200E4	6.843179E3	-1.886166E1	-1.901895E1	2.678587E1	1.165052E5	1.049223E2	4.546590E1
1.796000E1	3.592000E4	6.523154E3	-8.566459E0	-2.617850E1	2.754448E1	1.165319E5	9.462706E1	3.830635E1
1.796400E1	3.592800E4	6.384456E3	3.645258E0	-2.797850E1	2.821497E1	1.165574E5	8.241535E1	3.650634E1
1.796800E1	3.593600E4	6.393170E3	1.538329E1	-2.372819E1	2.827848E1	1.165830E5	7.067731E1	4.075666E1
1.797200E1	3.594400E4	6.515028E3	2.383144E1	-1.456477E1	2.792974E1	1.166086E5	6.222916E1	4.992008E1
1.797600E1	3.595200E4	6.685277E3	2.743921E1	-2.363904E0	2.754085E1	1.166351E5	5.862139E1	6.212094E1
1.798000E1	3.596000E4	6.706829E3	2.536079E1	1.027254E1	2.736228E1	1.166621E5	6.069982E1	7.475739E1
1.798400E1	3.596800E4	6.544049E3	1.817930E1	2.071546E1	2.756115E1	1.166887E5	6.788131E1	8.520031E1
1.798800E1	3.597600E4	6.313490E3	7.486393E0	2.681884E1	2.784414E1	1.167144E5	7.857421E1	9.130369E1
1.799200E1	3.598400E4	6.334277E3	-4.448831E0	2.735100E1	2.771046E1	1.167392E5	9.050944E1	9.183585E1
1.799600E1	3.599200E4	6.571220E3	-1.559365E1	2.220620E1	2.713442E1	1.167651E5	1.016543E2	8.669105E1
1.800000E1	3.600000E4	6.822960E3	-2.335201E1	1.251683E1	2.649505E1	1.167918E5	1.094126E2	7.700168E1
1.800400E1	3.600800E4	6.997285E3	-2.606160E1	1.542031E-1	2.606205E1	1.168197E5	1.121222E2	6.463905E1
1.800800E1	3.601600E4	6.944414E3	-2.318117E1	-1.221516E1	2.620261E1	1.168478E5	1.092418E2	5.226969E1
1.801200E1	3.602400E4	6.681538E3	-1.544794E1	-2.224018E1	2.707885E1	1.168752E5	1.015085E2	4.224467E1
1.801600E1	3.603200E4	6.327299E3	-4.264397E0	-2.767086E1	2.799752E1	1.169012E5	9.032500E1	3.681399E1
1.802000E1	3.604000E4	6.156270E3	7.738803E0	-2.728528E1	2.836151E1	1.169258E5	7.832180E1	3.719957E1
1.802400E1	3.604800E4	6.259622E3	1.846349E1	-2.162626E1	2.843582E1	1.169505E5	6.759712E1	4.285859E1
1.802800E1	3.605600E4	6.463772E3	2.535562E1	-1.133592E1	2.777428E1	1.169759E5	6.070499E1	5.314893E1
1.803200E1	3.606400E4	6.668809E3	2.723484E1	1.045936E0	2.725492E1	1.170022E5	5.882577E1	6.553078E1
1.803600E1	3.607200E4	6.621761E3	2.381548E1	1.334394E1	2.729905E1	1.170293E5	6.224512E1	7.782879E1
1.804000E1	3.608000E4	6.388182E3	1.577938E1	2.268109E1	2.763007E1	1.170552E5	7.028122E1	8.716594E1
1.804400E1	3.608800E4	6.265515E3	4.656877E0	2.743872E1	2.783110E1	1.170804E5	8.140373E1	9.192357E1
1.804800E1	3.609600E4	6.278110E3	-7.305010E0	2.670713E1	2.768816E1	1.171053E5	9.336562E1	9.119198E1
1.805200E1	3.610400E4	6.495462E3	-1.756689E1	2.050109E1	2.699797E1	1.171306E5	1.036275E2	8.498594E1
1.805600E1	3.611200E4	6.754527E3	-2.431019E1	1.018850E1	2.635888E1	1.171573E5	1.103708E2	7.467335E1
1.806000E1	3.612000E4	6.905755E3	-2.593544E1	-2.099788E0	2.602030E1	1.171846E5	1.119960E2	6.238506E1
1.806400E1	3.612800E4	6.812723E3	-2.228969E1	-1.420407E1	2.643078E1	1.172125E5	1.083503E2	5.028077E1
1.806800E1	3.613600E4	6.465130E3	-1.400434E1	-2.342781E1	2.729439E1	1.172391E5	1.000649E2	4.105704E1
1.807200E1	3.614400E4	6.173234E3	-2.831200E0	-2.801031E1	2.815303E1	1.172642E5	8.889181E1	3.647454E1
1.807600E1	3.615200E4	6.111331E3	9.031406E0	-2.696646E1	2.843864E1	1.172885E5	7.702920E1	3.751839E1
1.808000E1	3.616000E4	6.201290E3	1.927944E1	-2.058880E1	2.820631E1	1.173131E5	6.678116E1	4.389605E1
1.808400E1	3.616800E4	6.354032E3	2.577394E1	-1.034713E1	2.777335E1	1.173381E5	6.028666E1	5.413772E1
1.808800E1	3.617600E4	6.473533E3	2.749695E1	1.899251E0	2.756247E1	1.173640E5	5.856365E1	6.638410E1
1.809200E1	3.618400E4	6.436186E3	2.391393E1	1.375941E1	2.758980E1	1.173899E5	6.214668E1	7.824426E1
1.809600E1	3.619200E4	6.257042E3	1.575732E1	2.287629E1	2.777801E1	1.174154E5	7.030329E1	8.736114E1
1.810000E1	3.620000E4	6.189854E3	4.843911E0	2.739086E1	2.781587E1	1.174400E5	8.121669E1	9.187571E1
1.810400E1	3.620800E4	6.245862E3	-7.116698E0	2.663510E1	2.756948E1	1.174650E5	9.317730E1	9.111995E1
1.810800E1	3.621600E4	6.411392E3	-1.725603E1	2.061006E1	2.688020E1	1.174899E5	1.033166E2	8.509491E1
1.811200E1	3.622400E4	6.701686E3	-2.396285E1	1.054357E1	2.617986E1	1.175163E5	1.100235E2	7.502842E1
1.811600E1	3.623200E4	6.817759E3	-2.589970E1	-1.607532E0	2.594954E1	1.175436E5	1.119603E2	6.287732E1
1.812000E1	3.624000E4	6.675940E3	-2.256908E1	-1.345000E1	2.627291E1	1.175708E5	1.086297E2	5.103485E1
1.812400E1	3.624800E4	6.376936E3	-1.477175E1	-2.271106E1	2.709238E1	1.175970E5	1.008324E2	4.177379E1
1.812800E1	3.625600E4	6.109129E3	-3.979140E0	-2.764148E1	2.792642E1	1.176218E5	9.003975E1	3.684337E1
1.813200E1	3.626400E4	6.011037E3	7.727783E0	-2.725092E1	2.832545E1	1.176458E5	7.833282E1	3.723393E1
1.813600E1	3.627200E4	6.113080E3	1.813871E1	-2.169632E1	2.827973E1	1.176699E5	6.792189E1	4.278853E1
1.814000E1	3.628000E4	6.314116E3	2.508137E1	-1.183618E1	2.773392E1	1.176947E5	6.097923E1	5.264867E1
1.814400E1	3.628800E4	6.457138E3	2.733701E1	1.953664E-1	2.733771E1	1.177204E5	5.872359E1	6.468021E1
1.814800E1	3.629600E4	6.414325E3	2.447431E1	1.214593E1	2.732244E1	1.177464E5	6.158630E1	7.663078E1
1.815200E1	3.630400E4	6.210892E3	1.719612E1	2.179288E1	2.776033E1	1.177717E5	6.886448E1	8.627772E1
1.815600E1	3.631200E4	6.039970E3	6.710989E0	2.707952E1	2.789871E1	1.177961E5	7.934962E1	9.156437E1
1.816000E1	3.632000E4	6.079662E3	-4.855523E0	2.741441E1	2.784108E1	1.178200E5	9.091613E1	9.189926E1
1.816400E1	3.632800E4	6.258400E3	-1.553838E1	2.242488E1	2.728216E1	1.178447E5	1.015990E2	8.690973E1
1.816800E1	3.633600E4	6.478170E3	-2.312126E1	1.328939E1	2.666834E1	1.178701E5	1.091819E2	7.777424E1
1.817200E1	3.634400E4	6.680275E3	-2.615170E1	1.579464E0	2.619936E1	1.178965E5	1.122123E2	6.606431E1
1.817600E1	3.635200E4	6.648893E3	-2.404040E1	-1.047963E1	2.622525E1	1.179236E5	1.101010E2	5.400522E1
1.818000E1	3.636000E4	6.397805E3	-1.740615E1	-2.054998E1	2.693094E1	1.179497E5	1.034668E2	4.393487E1
1.818400E1	3.636800E4	6.129883E3	-7.303657E0	-2.676312E1	2.774181E1	1.179747E5	9.336426E1	3.772173E1
1.818800E1	3.637600E4	5.938355E3	4.312000E0	-2.793784E1	2.826864E1	1.179988E5	8.174861E1	3.654701E1
1.819200E1	3.638400E4	5.958552E3	1.503035E1	-2.382857E1	2.817290E1	1.180222E5	7.103026E1	4.065628E1
1.819600E1	3.639200E4	6.109899E3	2.317549E1	-1.537307E1	2.781069E1	1.180464E5	6.288512E1	4.911178E1
1.820000E1	3.640000E4	6.242929E3	2.709616E1	-4.232631E0	2.742475E1	1.180711E5	5.896445E1	6.025222E1
1.820400E1	3.640800E4	6.312186E3	2.615643E1	7.691213E0	2.726378E1	1.180964E5	5.990417E1	7.217606E1
1.820800E1	3.641600E4	6.173574E3	2.050764E1	1.821982E1	2.743219E1	1.181216E5	6.555297E1	8.270467E1
1.821200E1	3.642400E4	6.013806E3	1.143080E1	2.540432E1	2.785754E1	1.181458E5	7.462980E1	8.988917E1
1.821600E1	3.643200E4	5.979708E3	1.315402E-1	2.787624E1	2.787655E1	1.181697E5	8.592907E1	9.236108E1
1.822000E1	3.644000E4	6.058385E3	-1.098472E1	2.512861E1	2.742464E1	1.181936E5	9.704532E1	8.961346E1
1.822400E1	3.644800E4	6.313566E3	-2.002042E1	1.790238E1	2.685726E1	1.182182E5	1.060810E2	8.238723E1
1.822800E1	3.645600E4	6.526025E3	-2.516145E1	7.157657E0	2.615972E1	1.182441E5	1.112221E2	7.164251E1
1.823200E1	3.646400E4	6.569027E3	-2.555209E1	-4.691952E0	2.597930E1	1.182704E5	1.116127E2	5.979290E1
1.823600E1	3.647200E4	6.420666E3	-2.130912E1	-1.586760E1	2.656802E1	1.182967E5	1.073697E2	4.861725E1
1.824000E1	3.648000E4	6.154365E3	-1.288337E1	-2.399745E1	2.723708E1	1.183218E5	9.894398E1	4.048740E1
1.824400E1	3.648800E4	5.921681E3	-1.983874E0	-2.772887E1	2.779975E1	1.183459E5	8.804448E1	3.675598E1
1.824800E1	3.649600E4	5.814779E3	9.257126E0	-2.666721E1	2.822826E1	1.183691E5	7.680348E1	3.781764E1
1.825200E1	3.650400E4	5.956060E3	1.887431E1	-2.065121E1	2.797699E1	1.183924E5	6.718630E1	4.383364E1
1.825600E1	3.651200E4	6.162765E3	2.532139E1	-1.085686E1	2.755076E1	1.184168E5	6.073921E1	5.362799E1
1.826000E1	3.652000E4	6.260617E3	2.715050E1	8.191234E-1	2.716285E1	1.184417E5	5.891010E1	6.530397E1
1.826400E1	3.652800E4	6.234934E3	2.426239E1	1.229682E1	2.720065E1	1.184669E5	6.179821E1	7.678167E1
1.826800E1	3.653600E4	6.041080E3	1.708195E1	2.155789E1	2.750520E1	1.184916E5	6.897865E1	8.604274E1
1.827200E1	3.654400E4	5.851953E3	7.125217E0	2.697880E1	2.790384E1	1.185152E5	7.893539E1	9.146365E1
1.827600E1	3.655200E4	5.805276E3	-4.083240E0	2.757451E1	2.787519E1	1.185384E5	9.014385E1	9.205936E1
1.828000E1	3.656000E4	5.963956E3	-1.436696E1	2.330943E1	2.738137E1	1.185616E5	1.004276E2	8.779428E1
1.828400E1	3.656800E4	6.287779E3	-2.213678E1	1.485579E1	2.665955E1	1.185861E5	1.081974E2	7.934064E1
1.828800E1	3.657600E4	6.514744E3	-2.581318E1	3.650695E0	2.607006E1	1.186120E5	1.118738E2	6.813554E1
1.829200E1	3.658400E4	6.494546E3	-2.475538E1	-8.164422E0	2.606696E1	1.186383E5	1.108160E2	5.632043E1
1.829600E1	3.659200E4	6.251608E3	-1.925019E1	-1.852912E1	2.671887E1	1.186639E5	1.053108E2	4.595573E1
1.830000E1	3.660000E4	5.959610E3	-1.020566E1	-2.560098E1	2.756022E1	1.186883E5	9.626627E1	3.888387E1
1.830400E1	3.660800E4	5.728070E3	7.803522E-1	-2.822949E1	2.824028E1	1.187116E5	8.528025E1	3.625536E1
1.830800E1	3.661600E4	5.685725E3	1.163926E1	-2.603186E1	2.851544E1	1.187341E5	7.442134E1	3.845299E1
1.831200E1	3.662400E4	5.842890E3	2.074567E1	-1.929883E1	2.833421E1	1.187571E5	6.531494E1	4.518601E1
1.831600E1	3.663200E4	6.029425E3	2.634310E1	-9.156467E0	2.788906E1	1.187808E5	5.971751E1	5.532838E1
1.832000E1	3.664000E4	6.127968E3	2.726756E1	2.531760E0	2.738484E1	1.188053E5	5.879305E1	6.701661E1
1.832400E1	3.664800E4	6.082611E3	2.371117E1	1.361089E1	2.734000E1	1.188299E5	6.234944E1	7.809574E1
1.832800E1	3.665600E4	5.943836E3	1.633712E1	2.245769E1	2.777138E1	1.188540E5	6.972348E1	8.694254E1
1.833200E1	3.666400E4	5.806367E3	6.072162E0	2.718255E1	2.785251E1	1.188774E5	7.998844E1	9.166740E1
1.833600E1	3.667200E4	5.758863E3	-5.021420E0	2.731538E1	2.777309E1	1.189004E5	9.108203E1	9.180023E1
1.834000E1	3.668000E4	5.932071E3	-1.503796E1	2.273828E1	2.726114E1	1.189235E5	1.010986E2	8.722313E1
1.834400E1	3.668800E4	6.201079E3	-2.239533E1	1.406326E1	2.644478E1	1.189479E5	1.084559E2	7.854811E1
1.834800E1	3.669600E4	6.365655E3	-2.577920E1	3.125433E0	2.596797E1	1.189731E5	1.118398E2	6.761028E1
1.835200E1	3.670400E4	6.376341E3	-2.463626E1	-8.386035E0	2.602443E1	1.189988E5	1.106969E2	5.609881E1
1.835600E1	3.671200E4	6.173818E3	-1.916843E1	-1.857421E1	2.669138E1	1.190241E5	1.052290E2	4.591064E1
1.836000E1	3.672000E4	5.902625E3	-1.022461E1	-2.554887E1	2.751886E1	1.190482E5	9.628522E1	3.893598E1
1.836400E1	3.672800E4	5.644124E3	6.473568E-1	-2.811520E1	2.812265E1	1.190713E5	8.541325E1	3.636965E1
1.836800E1	3.673600E4	5.554847E3	1.130453E1	-2.619621E1	2.853128E1	1.190933E5	7.475607E1	3.828864E1
1.837200E1	3.674400E4	5.783611E3	2.011871E1	-1.959346E1	2.808320E1	1.191158E5	6.594189E1	4.489139E1
1.837600E1	3.675200E4	6.005645E3	2.576421E1	-9.576155E0	2.748631E1	1.191396E5	6.029640E1	5.490869E1
1.838000E1	3.676000E4	6.061260E3	2.715433E1	1.804990E0	2.721425E1	1.191638E5	5.890628E1	6.628984E1
1.838400E1	3.676800E4	6.014863E3	2.399710E1	1.281367E1	2.720388E1	1.191881E5	6.206351E1	7.729852E1
1.838800E1	3.677600E4	5.857821E3	1.686676E1	2.152787E1	2.734843E1	1.192119E5	6.919385E1	8.601272E1
1.839200E1	3.678400E4	5.699646E3	7.193878E0	2.677936E1	2.772879E1	1.192350E5	7.886673E1	9.126421E1
1.839600E1	3.679200E4	5.693665E3	-3.615821E0	2.739463E1	2.763223E1	1.192575E5	8.967643E1	9.187948E1
1.840000E1	3.680000E4	5.810235E3	-1.386103E1	2.351947E1	2.730007E1	1.192805E5	9.992163E1	8.800432E1
1.840400E1	3.680800E4	6.044720E3	-2.154420E1	1.565226E1	2.662980E1	1.193040E5	1.076048E2	8.013711E1
1.840800E1	3.681600E4	6.252394E3	-2.574337E1	5.064455E0	2.623681E1	1.193289E5	1.118040E2	6.954930E1
1.841200E1	3.682400E4	6.263725E3	-2.536256E1	-6.333025E0	2.614128E1	1.193540E5	1.114232E2	5.815182E1
1.841600E1	3.683200E4	6.120812E3	-2.065460E1	-1.671396E1	2.657008E1	1.193790E5	1.067152E2	4.777089E1
1.842000E1	3.684000E4	5.850413E3	-1.243857E1	-2.439791E1	2.738569E1	1.194030E5	9.849918E1	4.008694E1
1.842400E1	3.684800E4	5.577749E3	-2.070914E0	-2.808987E1	2.816610E1	1.194258E5	8.813152E1	3.639498E1
1.842800E1	3.685600E4	5.505479E3	8.641812E0	-2.722837E1	2.856685E1	1.194476E5	7.741879E1	3.725648E1
1.843200E1	3.686400E4	5.640796E3	1.817025E1	-2.178746E1	2.836990E1	1.194698E5	6.789036E1	4.269739E1
1.843600E1	3.687200E4	5.845361E3	2.470470E1	-1.273199E1	2.779255E1	1.194927E5	6.135591E1	5.175286E1
1.844000E1	3.688000E4	5.963195E3	2.744464E1	-1.635204E0	2.749331E1	1.195166E5	5.861596E1	6.284964E1
1.844400E1	3.688800E4	5.883547E3	2.567290E1	9.568313E0	2.739800E1	1.195404E5	6.038770E1	7.405316E1
1.844800E1	3.689600E4	5.761572E3	2.001373E1	1.909790E1	2.766368E1	1.195637E5	6.604687E1	8.358275E1
1.845200E1	3.690400E4	5.608970E3	1.115595E1	2.569746E1	2.801454E1	1.195865E5	7.490465E1	9.018230E1
1.845600E1	3.691200E4	5.524432E3	7.171736E-1	2.795414E1	2.796334E1	1.196085E5	8.534343E1	9.243899E1
1.846000E1	3.692000E4	5.684311E3	-9.681539E0	2.558296E1	2.735361E1	1.196307E5	9.574214E1	9.006781E1
1.846400E1	3.692800E4	5.927064E3	-1.863055E1	1.928922E1	2.681737E1	1.196540E5	1.046912E2	8.377407E1
1.846800E1	3.693600E4	6.123801E3	-2.430629E1	9.748898E0	2.618849E1	1.196781E5	1.103669E2	7.423375E1
1.847200E1	3.694400E4	6.221283E3	-2.589530E1	-1.354974E0	2.593073E1	1.197030E5	1.119559E2	6.312987E1
1.847600E1	3.695200E4	6.133838E3	-2.322619E1	-1.230556E1	2.628465E1	1.197279E5	1.092868E2	5.217929E1
1.848000E1	3.696000E4	5.840425E3	-1.664928E1	-2.136076E1	2.708284E1	1.197521E5	1.027099E2	4.312409E1
1.848400E1	3.696800E4	5.533675E3	-7.410526E0	-2.697484E1	2.797424E1	1.197746E5	9.347113E1	3.751001E1
1.848800E1	3.697600E4	5.387651E3	3.131112E0	-2.820159E1	2.837487E1	1.197963E5	8.292949E1	3.628326E1
1.849200E1	3.698400E4	5.436616E3	1.321070E1	-2.512018E1	2.838214E1	1.198177E5	7.284991E1	3.936467E1
1.849600E1	3.699200E4	5.675775E3	2.133182E1	-1.800873E1	2.791703E1	1.198398E5	6.472879E1	4.647612E1
1.850000E1	3.700000E4	5.908330E3	2.606684E1	-7.896817E0	2.723674E1	1.198631E5	5.999376E1	5.658803E1
1.850400E1	3.700800E4	5.915872E3	2.680485E1	3.336318E0	2.701169E1	1.198871E5	5.925575E1	6.782117E1
1.850800E1	3.701600E4	5.790170E3	2.347633E1	1.381375E1	2.723890E1	1.199105E5	6.258428E1	7.829860E1
1.851200E1	3.702400E4	5.607365E3	1.649118E1	2.221859E1	2.766992E1	1.199334E5	6.956943E1	8.670344E1
1.851600E1	3.703200E4	5.415793E3	7.073748E0	2.702497E1	2.793540E1	1.199553E5	7.898686E1	9.150982E1
1.852000E1	3.704000E4	5.425889E3	-3.278346E0	2.772912E1	2.792224E1	1.199767E5	8.933895E1	9.221397E1
1.852400E1	3.704800E4	5.605695E3	-1.315673E1	2.399238E1	2.736300E1	1.199987E5	9.921733E1	8.847723E1
1.852800E1	3.705600E4	5.895497E3	-2.084869E1	1.653146E1	2.660746E1	1.200216E5	1.069093E2	8.101631E1
1.853200E1	3.706400E4	6.127792E3	-2.520565E1	6.329788E0	2.598829E1	1.200459E5	1.112663E2	7.081464E1
1.853600E1	3.707200E4	6.072405E3	-2.534892E1	-4.748747E0	2.578989E1	1.200706E5	1.114095E2	5.973610E1
1.854000E1	3.708000E4	5.942627E3	-2.159146E1	-1.482958E1	2.619366E1	1.200945E5	1.076521E2	4.965526E1
1.854400E1	3.708800E4	5.750221E3	-1.427846E1	-2.298538E1	2.705924E1	1.201182E5	1.003391E2	4.149947E1
1.854800E1	3.709600E4	5.438451E3	-4.594706E0	-2.741007E1	2.779250E1	1.201405E5	9.065531E1	3.707478E1
1.855200E1	3.710400E4	5.358268E3	5.713274E0	-2.768771E1	2.827102E1	1.201617E5	8.034733E1	3.679714E1
1.855600E1	3.711200E4	5.446274E3	1.549260E1	-2.354024E1	2.818091E1	1.201834E5	7.056800E1	4.094460E1
1.856000E1	3.712000E4	5.581096E3	2.290820E1	-1.590421E1	2.788780E1	1.202052E5	6.315241E1	4.858064E1
1.856400E1	3.712800E4	5.752117E3	2.690315E1	-5.718938E0	2.750429E1	1.202280E5	5.915745E1	5.876591E1
1.856800E1	3.713600E4	5.760318E3	2.691021E1	5.350966E0	2.743706E1	1.202512E5	5.915039E1	6.983581E1
1.857200E1	3.714400E4	5.610314E3	2.284979E1	1.545974E1	2.758834E1	1.202741E5	6.321081E1	7.994458E1
1.857600E1	3.715200E4	5.436067E3	1.559153E1	2.322787E1	2.797552E1	1.202961E5	7.046907E1	8.771272E1
1.858000E1	3.716000E4	5.337456E3	6.060408E0	2.749583E1	2.815581E1	1.203176E5	8.000020E1	9.198068E1
1.858400E1	3.716800E4	5.374262E3	-4.283932E0	2.758189E1	2.791259E1	1.203388E5	9.034454E1	9.206674E1
1.858800E1	3.717600E4	5.575860E3	-1.387432E1	2.349372E1	2.728464E1	1.203606E5	9.993493E1	8.797857E1
1.859200E1	3.718400E4	5.859822E3	-2.124901E1	1.576058E1	2.645594E1	1.203834E5	1.073096E2	8.024543E1
1.859600E1	3.719200E4	6.053041E3	-2.525867E1	5.626196E0	2.587768E1	1.204074E5	1.113193E2	7.011104E1
1.860000E1	3.720000E4	6.073790E3	-2.527360E1	-5.307403E0	2.582486E1	1.204319E5	1.113342E2	5.917745E1
1.860400E1	3.720800E4	5.867619E3	-2.138537E1	-1.555625E1	2.644486E1	1.204560E5	1.074460E2	4.892860E1
1.860800E1	3.721600E4	5.529270E3	-1.411814E1	-2.331238E1	2.725415E1	1.204788E5	1.001787E2	4.117247E1
1.861200E1	3.722400E4	5.243905E3	-4.748514E0	-2.768461E1	2.808890E1	1.205003E5	9.080912E1	3.680024E1
1.861600E1	3.723200E4	5.162199E3	5.295368E0	-2.788658E1	2.838489E1	1.205208E5	8.076524E1	3.659827E1
1.862000E1	3.724000E4	5.356653E3	1.471600E1	-2.395345E1	2.811278E1	1.205416E5	7.134461E1	4.053140E1
1.862400E1	3.724800E4	5.561842E3	2.223120E1	-1.638721E1	2.761824E1	1.205636E5	6.382940E1	4.809763E1
1.862800E1	3.725600E4	5.677514E3	2.638188E1	-6.548618E0	2.718249E1	1.205861E5	5.967873E1	5.793623E1
1.863200E1	3.726400E4	5.731327E3	2.663989E1	4.231353E0	2.697384E1	1.206090E5	5.942071E1	6.871620E1
1.863600E1	3.727200E4	5.622473E3	2.312071E1	1.439707E1	2.723680E1	1.206319E5	6.293989E1	7.888192E1
1.864000E1	3.728000E4	5.423257E3	1.628721E1	2.242152E1	2.771277E1	1.206540E5	6.977339E1	8.690636E1
1.864400E1	3.728800E4	5.266873E3	7.104849E0	2.707482E1	2.799151E1	1.206753E5	7.895576E1	9.155966E1
1.864800E1	3.729600E4	5.240660E3	-2.999674E0	2.788461E1	2.804549E1	1.206961E5	8.906028E1	9.236946E1
1.865200E1	3.730400E4	5.404304E3	-1.253616E1	2.437022E1	2.740553E1	1.207172E5	9.859677E1	8.885507E1
1.865600E1	3.731200E4	5.645141E3	-2.033682E1	1.744654E1	2.679493E1	1.207394E5	1.063974E2	8.193139E1
1.866000E1	3.732000E4	5.854992E3	-2.487000E1	7.897526E0	2.609383E1	1.207624E5	1.109306E2	7.238237E1
1.866400E1	3.732800E4	5.895839E3	-2.582722E1	-2.812268E0	2.597988E1	1.207862E5	1.118878E2	6.167258E1
1.866800E1	3.733600E4	5.757867E3	-2.296717E1	-1.302033E1	2.640114E1	1.208095E5	1.090278E2	5.146452E1
1.867200E1	3.734400E4	5.560435E3	-1.650990E1	-2.134379E1	2.698396E1	1.208323E5	1.025705E2	4.314105E1
1.867600E1	3.735200E4	5.286465E3	-7.664920E0	-2.678867E1	2.786367E1	1.208540E5	9.372553E1	3.769618E1
1.868000E1	3.736000E4	5.125906E3	2.255460E0	-2.822387E1	2.831385E1	1.208746E5	8.380515E1	3.626097E1
1.868400E1	3.736800E4	5.191437E3	1.197934E1	-2.564294E1	2.830309E1	1.208950E5	7.408126E1	3.884191E1
1.868800E1	3.737600E4	5.386181E3	2.009329E1	-1.933589E1	2.788578E1	1.209161E5	6.596731E1	4.514896E1
1.869200E1	3.738400E4	5.536970E3	2.547017E1	-1.022370E1	2.744546E1	1.209381E5	6.059044E1	5.426115E1
1.869600E1	3.739200E4	5.626100E3	2.712765E1	1.876077E-1	2.712829E1	1.209604E5	5.893296E1	6.467246E1
1.870000E1	3.740000E4	5.558422E3	2.502017E1	1.069179E1	2.720888E1	1.209831E5	6.104044E1	7.517664E1
1.870400E1	3.740800E4	5.346521E3	1.953795E1	1.944516E1	2.756530E1	1.210049E5	6.652265E1	8.393001E1
1.870800E1	3.741600E4	5.235808E3	1.139513E1	2.548666E1	2.791807E1	1.210259E5	7.466547E1	8.997150E1
1.871200E1	3.742400E4	5.154403E3	1.587332E0	2.795449E1	2.799952E1	1.210468E5	8.447327E1	9.243934E1
1.871600E1	3.743200E4	5.225885E3	-8.124227E0	2.633343E1	2.755817E1	1.210671E5	9.418483E1	9.081828E1
1.872000E1	3.744000E4	5.478172E3	-1.679206E1	2.106735E1	2.694080E1	1.210886E5	1.028527E2	8.555219E1
1.872400E1	3.744800E4	5.727611E3	-2.301609E1	1.277322E1	2.632291E1	1.211110E5	1.090767E2	7.725806E1
1.872800E1	3.745600E4	5.824759E3	-2.583894E1	2.543529E0	2.596383E1	1.211344E5	1.118995E2	6.702838E1
1.873200E1	3.746400E4	5.744192E3	-2.497987E1	-7.909284E0	2.620211E1	1.211576E5	1.110405E2	5.657556E1
1.873600E1	3.747200E4	5.594263E3	-2.036801E1	-1.729264E1	2.671874E1	1.211803E5	1.064286E2	4.719221E1
1.874000E1	3.748000E4	5.300308E3	-1.277271E1	-2.435245E1	2.749880E1	1.212023E5	9.883332E1	4.013240E1
1.874400E1	3.748800E4	5.026105E3	-3.576525E0	-2.805136E1	2.827844E1	1.212227E5	8.963713E1	3.643349E1
1.874800E1	3.749600E4	5.017127E3	6.182809E0	-2.781509E1	2.849397E1	1.212425E5	7.987780E1	3.666976E1
1.875200E1	3.750400E4	5.197018E3	1.520197E1	-2.352472E1	2.800915E1	1.212629E5	7.085864E1	4.096013E1
1.875600E1	3.751200E4	5.377641E3	2.227753E1	-1.612136E1	2.749884E1	1.212841E5	6.378308E1	4.836349E1
1.876000E1	3.752000E4	5.531612E3	2.625622E1	-6.598915E0	2.707276E1	1.213059E5	5.980439E1	5.788593E1
1.876400E1	3.752800E4	5.554223E3	2.660497E1	3.910244E0	2.689078E1	1.213284E5	5.945564E1	6.839509E1
1.876800E1	3.753600E4	5.440547E3	2.339575E1	1.368560E1	2.710455E1	1.213503E5	6.266485E1	7.817045E1
1.877200E1	3.754400E4	5.248934E3	1.695976E1	2.161833E1	2.747700E1	1.213719E5	6.910085E1	8.610317E1
1.877600E1	3.755200E4	5.097192E3	8.455456E0	2.652231E1	2.783752E1	1.213923E5	7.760515E1	9.100716E1
1.878000E1	3.756000E4	5.085373E3	-1.294209E0	2.782495E1	2.785503E1	1.214127E5	8.735482E1	9.230979E1
1.878400E1	3.756800E4	5.195284E3	-1.069559E1	2.519672E1	2.737281E1	1.214330E5	9.675620E1	8.968157E1
1.878800E1	3.757600E4	5.430395E3	-1.880364E1	1.931912E1	2.695933E1	1.214542E5	1.048643E2	8.380397E1
1.879200E1	3.758400E4	5.611977E3	-2.407145E1	1.049476E1	2.625976E1	1.214764E5	1.101321E2	7.497961E1
1.879600E1	3.759200E4	5.725692E3	-2.600007E1	3.988470E-1	2.600312E1	1.214991E5	1.120607E2	6.488370E1
1.880000E1	3.760000E4	5.656934E3	-2.423999E1	-9.916402E0	2.618992E1	1.215222E5	1.103006E2	5.456845E1
1.880400E1	3.760800E4	5.402186E3	-1.913553E1	-1.872360E1	2.677203E1	1.215444E5	1.051961E2	4.576125E1
1.880800E1	3.761600E4	5.183298E3	-1.145102E1	-2.508820E1	2.757795E1	1.215655E5	9.751162E1	3.939665E1
1.881200E1	3.762400E4	4.994110E3	-2.048521E0	-2.818506E1	2.825941E1	1.215858E5	8.810913E1	3.629979E1
1.881600E1	3.763200E4	4.963211E3	7.558885E0	-2.740596E1	2.842927E1	1.216054E5	7.850172E1	3.707889E1
1.882000E1	3.764000E4	5.110704E3	1.641490E1	-2.297153E1	2.823367E1	1.216255E5	6.964571E1	4.151332E1
1.882400E1	3.764800E4	5.278457E3	2.295841E1	-1.530840E1	2.759413E1	1.216463E5	6.310219E1	4.917645E1
1.882800E1	3.765600E4	5.404481E3	2.661442E1	-5.765748E0	2.723180E1	1.216678E5	5.944619E1	5.871910E1
1.883200E1	3.766400E4	5.441775E3	2.682117E1	4.508038E0	2.719739E1	1.216895E5	5.923943E1	6.899289E1
1.883600E1	3.767200E4	5.354951E3	2.342643E1	1.424939E1	2.741975E1	1.217113E5	6.263418E1	7.873424E1
1.884000E1	3.768000E4	5.103107E3	1.697975E1	2.203319E1	2.781678E1	1.217324E5	6.908086E1	8.651804E1
1.884400E1	3.768800E4	4.938131E3	8.659568E0	2.686728E1	2.822834E1	1.217521E5	7.740104E1	9.135213E1
1.884800E1	3.769600E4	4.986896E3	-9.195956E-1	2.793247E1	2.794760E1	1.217719E5	8.698020E1	9.241732E1
1.885200E1	3.770400E4	5.131841E3	-1.030176E1	2.545864E1	2.746395E1	1.217920E5	9.636237E1	8.994349E1
1.885600E1	3.771200E4	5.331621E3	-1.823328E1	1.959366E1	2.676497E1	1.218129E5	1.042939E2	8.407851E1
1.886000E1	3.772000E4	5.544437E3	-2.364381E1	1.118469E1	2.615582E1	1.218347E5	1.097044E2	7.566954E1
1.886400E1	3.772800E4	5.618113E3	-2.596685E1	1.226456E0	2.599580E1	1.218573E5	1.120275E2	6.571130E1
1.886800E1	3.773600E4	5.524523E3	-2.465147E1	-8.791784E0	2.617232E1	1.218796E5	1.107121E2	5.569306E1
1.887200E1	3.774400E4	5.335857E3	-2.011118E1	-1.778788E1	2.684899E1	1.219015E5	1.061718E2	4.669697E1
1.887600E1	3.775200E4	5.097403E3	-1.279522E1	-2.438712E1	2.753996E1	1.219223E5	9.885583E1	4.009773E1
1.888000E1	3.776000E4	4.903056E3	-3.787441E0	-2.790703E1	2.816287E1	1.219423E5	8.984805E1	3.657782E1
1.888400E1	3.776800E4	4.906754E3	5.636680E0	-2.760713E1	2.817669E1	1.219615E5	8.042393E1	3.687772E1
1.888800E1	3.777600E4	5.083457E3	1.468538E1	-2.394065E1	2.808586E1	1.219815E5	7.137522E1	4.054419E1
1.889200E1	3.778400E4	5.226577E3	2.179714E1	-1.690309E1	2.758314E1	1.220022E5	6.426346E1	4.758176E1
1.889600E1	3.779200E4	5.308420E3	2.607496E1	-7.804069E0	2.721777E1	1.220233E5	5.998565E1	5.668078E1
1.890000E1	3.780000E4	5.365356E3	2.696336E1	2.204835E0	2.705335E1	1.220447E5	5.909725E1	6.668968E1
1.890400E1	3.780800E4	5.286398E3	2.446393E1	1.206997E1	2.727944E1	1.220663E5	6.159668E1	7.655482E1
1.890800E1	3.781600E4	5.053124E3	1.894321E1	2.028992E1	2.775836E1	1.220870E5	6.711739E1	8.477477E1
1.891200E1	3.782400E4	4.866053E3	1.113944E1	2.584776E1	2.814593E1	1.221067E5	7.492117E1	9.033261E1
1.891600E1	3.783200E4	4.837499E3	2.015260E0	2.807565E1	2.814789E1	1.221259E5	8.404535E1	9.256050E1
1.892000E1	3.784000E4	4.947702E3	-7.399017E0	2.688813E1	2.788758E1	1.221454E5	9.345962E1	9.137298E1
1.892400E1	3.784800E4	5.125604E3	-1.570933E1	2.204321E1	2.706817E1	1.221655E5	1.017699E2	8.652806E1
1.892800E1	3.785600E4	5.365754E3	-2.204816E1	1.465400E1	2.647378E1	1.221864E5	1.081088E2	7.913885E1
1.893200E1	3.786400E4	5.557457E3	-2.534610E1	5.201876E0	2.587440E1	1.222084E5	1.114067E2	6.968672E1
1.893600E1	3.787200E4	5.529360E3	-2.540571E1	-4.869474E0	2.586816E1	1.222309E5	1.114663E2	5.961537E1
1.894000E1	3.788000E4	5.386315E3	-2.211372E1	-1.416239E1	2.626005E1	1.222526E5	1.081743E2	5.032246E1
1.894400E1	3.788800E4	5.101693E3	-1.601568E1	-2.199581E1	2.720878E1	1.222739E5	1.020763E2	4.248904E1
1.894800E1	3.789600E4	4.834084E3	-7.941079E0	-2.672374E1	2.787864E1	1.222935E5	9.400169E1	3.776111E1
1.895200E1	3.790400E4	4.764509E3	1.287822E0	-2.821446E1	2.824384E1	1.223126E5	8.477278E1	3.627039E1
1.895600E1	3.791200E4	4.817026E3	1.040000E1	-2.631232E1	2.829308E1	1.223316E5	7.566060E1	3.817253E1
1.896000E1	3.792000E4	5.038732E3	1.834133E1	-2.098835E1	2.787320E1	1.223511E5	6.771928E1	4.349650E1
1.896400E1	3.792800E4	5.219137E3	2.414913E1	-1.290724E1	2.738206E1	1.223719E5	6.191148E1	5.157761E1
1.896800E1	3.793600E4	5.229467E3	2.696971E1	-3.357967E0	2.717796E1	1.223929E5	5.909089E1	6.112688E1
1.897200E1	3.794400E4	5.152150E3	2.647171E1	6.459032E0	2.724831E1	1.224137E5	5.958890E1	7.094388E1
1.897600E1	3.795200E4	5.020746E3	2.288931E1	1.550882E1	2.764858E1	1.224341E5	6.317130E1	7.999367E1
1.898000E1	3.796000E4	4.842060E3	1.651871E1	2.263461E1	2.802130E1	1.224539E5	6.954189E1	8.711946E1
1.898400E1	3.796800E4	4.786284E3	8.341956E0	2.704268E1	2.830008E1	1.224729E5	7.771865E1	9.152753E1
1.898800E1	3.797600E4	4.823555E3	-1.064909E0	2.812544E1	2.814559E1	1.224922E5	8.712551E1	9.261029E1
1.899200E1	3.798400E4	4.938116E3	-1.009920E1	2.571090E1	2.762326E1	1.225114E5	9.615981E1	9.019575E1
1.899600E1	3.799200E4	5.170361E3	-1.782396E1	2.002398E1	2.680771E1	1.225317E5	1.038846E2	8.450883E1
1.900000E1	3.800000E4	5.355241E3	-2.331186E1	1.197670E1	2.620848E1	1.225528E5	1.093725E2	7.646155E1
1.900400E1	3.800800E4	5.467028E3	-2.570509E1	2.468238E0	2.582332E1	1.225745E5	1.117657E2	6.695309E1
1.900800E1	3.801600E4	5.431213E3	-2.504586E1	-7.439822E0	2.612750E1	1.225965E5	1.111065E2	5.704503E1
1.901200E1	3.802400E4	5.179780E3	-2.108395E1	-1.645180E1	2.674313E1	1.226180E5	1.071446E2	4.803305E1
1.901600E1	3.803200E4	4.894214E3	-1.461410E1	-2.337127E1	2.756426E1	1.226380E5	1.006747E2	4.111358E1
1.902000E1	3.804000E4	4.744736E3	-6.303083E0	-2.756184E1	2.827338E1	1.226571E5	9.236369E1	3.692301E1
1.902400E1	3.804800E4	4.718962E3	2.941735E0	-2.827318E1	2.842581E1	1.226759E5	8.311887E1	3.621167E1
1.902800E1	3.805600E4	4.816629E3	1.188036E1	-2.562882E1	2.824853E1	1.226949E5	7.418024E1	3.885603E1
1.903200E1	3.806400E4	4.976098E3	1.942635E1	-1.978697E1	2.772918E1	1.227145E5	6.663425E1	4.469788E1
1.903600E1	3.807200E4	5.117487E3	2.457914E1	-1.162948E1	2.719152E1	1.227347E5	6.148147E1	5.285537E1
1.904000E1	3.808000E4	5.160588E3	2.690626E1	-2.158684E0	2.699272E1	1.227554E5	5.915435E1	6.232616E1
1.904400E1	3.808800E4	5.125777E3	2.603056E1	7.446348E0	2.707467E1	1.227760E5	6.003005E1	7.193120E1
1.904800E1	3.809600E4	4.985953E3	2.207987E1	1.629012E1	2.743882E1	1.227964E5	6.398073E1	8.077497E1
1.905200E1	3.810400E4	4.776603E3	1.570166E1	2.314896E1	2.797171E1	1.228159E5	7.035895E1	8.763381E1
1.905600E1	3.811200E4	4.624143E3	7.508449E0	2.731890E1	2.833195E1	1.228346E5	7.855216E1	9.180375E1
1.906000E1	3.812000E4	4.637121E3	-1.398665E0	2.814897E1	2.818370E1	1.228528E5	8.745927E1	9.263382E1
1.906400E1	3.812800E4	4.849459E3	-1.021467E1	2.563055E1	2.759102E1	1.228717E5	9.627527E1	9.011539E1
1.906800E1	3.813600E4	5.087758E3	-1.778418E1	2.000249E1	2.676521E1	1.228916E5	1.038448E2	8.448734E1
1.907200E1	3.814400E4	5.260567E3	-2.317444E1	1.209931E1	2.614284E1	1.229124E5	1.092351E2	7.658416E1
1.907600E1	3.815200E4	5.411070E3	-2.562929E1	2.818284E0	2.578378E1	1.229337E5	1.116899E2	6.730313E1
1.908000E1	3.816000E4	5.406400E3	-2.504817E1	-7.049981E0	2.602139E1	1.229557E5	1.111088E2	5.743487E1
1.908400E1	3.816800E4	5.124891E3	-2.132216E1	-1.605339E1	2.668981E1	1.229770E5	1.073828E2	4.843146E1
1.908800E1	3.817600E4	4.842235E3	-1.514339E1	-2.307007E1	2.759620E1	1.229967E5	1.012040E2	4.141478E1
1.909200E1	3.818400E4	4.622199E3	-7.024993E0	-2.758801E1	2.846838E1	1.230157E5	9.308560E1	3.689684E1
1.909600E1	3.819200E4	4.567948E3	1.841143E0	-2.849928E1	2.855869E1	1.230337E5	8.421946E1	3.598557E1
1.910000E1	3.820000E4	4.693753E3	1.077584E1	-2.632990E1	2.844964E1	1.230523E5	7.528477E1	3.815495E1
1.910400E1	3.820800E4	4.838096E3	1.850616E1	-2.110492E1	2.806947E1	1.230712E5	6.755445E1	4.337993E1
1.910800E1	3.821600E4	4.947528E3	2.426396E1	-1.347066E1	2.775245E1	1.230910E5	6.179665E1	5.101419E1
1.911200E1	3.822400E4	5.005274E3	2.699802E1	-4.359864E0	2.734779E1	1.231108E5	5.906258E1	6.012498E1
1.911600E1	3.823200E4	5.039534E3	2.668838E1	5.189823E0	2.718830E1	1.231310E5	5.937223E1	6.967467E1
1.912000E1	3.824000E4	4.894659E3	2.370513E1	1.432405E1	2.769679E1	1.231511E5	6.235547E1	7.880890E1
1.912400E1	3.824800E4	4.680648E3	1.804986E1	2.163467E1	2.817546E1	1.231702E5	6.801074E1	8.611952E1
1.912800E1	3.825600E4	4.636947E3	1.035546E1	2.640781E1	2.836561E1	1.231886E5	7.570515E1	9.089265E1
1.913200E1	3.826400E4	4.660027E3	1.350010E0	2.818000E1	2.821232E1	1.232073E5	8.471060E1	9.266485E1
1.913600E1	3.827200E4	4.784932E3	-7.624218E0	2.682139E1	2.788397E1	1.232259E5	9.368482E1	9.130624E1
1.914000E1	3.828000E4	4.923341E3	-1.577626E1	2.208756E1	2.714315E1	1.232455E5	1.018369E2	8.657241E1
1.914400E1	3.828800E4	5.070872E3	-2.183462E1	1.514439E1	2.657260E1	1.232653E5	1.078952E2	7.962924E1
1.914800E1	3.829600E4	5.242898E3	-2.536234E1	6.274816E0	2.612703E1	1.232861E5	1.114229E2	7.075966E1
1.915200E1	3.830400E4	5.237084E3	-2.591645E1	-3.273171E0	2.612233E1	1.233072E5	1.119771E2	6.121168E1
1.915600E1	3.831200E4	5.115781E3	-2.347315E1	-1.248108E1	2.658508E1	1.233280E5	1.095338E2	5.200377E1
1.916000E1	3.832000E4	4.847918E3	-1.822828E1	-2.033318E1	2.730767E1	1.233481E5	1.042889E2	4.415166E1
1.916400E1	3.832800E4	4.553276E3	-1.107154E1	-2.581155E1	2.808586E1	1.233668E5	9.713215E1	3.867329E1
1.916800E1	3.833600E4	4.443025E3	-2.702014E0	-2.832384E1	2.845243E1	1.233846E5	8.876262E1	3.616101E1
1.917200E1	3.834400E4	4.562738E3	6.057493E0	-2.771733E1	2.837152E1	1.234023E5	8.000311E1	3.676752E1
1.917600E1	3.835200E4	4.741255E3	1.439880E1	-2.391392E1	2.791417E1	1.234211E5	7.166181E1	4.057093E1
1.918000E1	3.836000E4	4.847327E3	2.104383E1	-1.749704E1	2.736766E1	1.234403E5	6.501678E1	4.698781E1
1.918400E1	3.836800E4	4.977994E3	2.534318E1	-9.308832E0	2.699873E1	1.234598E5	6.071742E1	5.517602E1
1.918800E1	3.837600E4	5.052130E3	2.689312E1	3.843794E-2	2.689315E1	1.234801E5	5.916749E1	6.452329E1
1.919200E1	3.838400E4	4.892148E3	2.551019E1	9.410296E0	2.719051E1	1.235002E5	6.055041E1	7.389514E1
1.919600E1	3.839200E4	4.661748E3	2.155962E1	1.759556E1	2.782842E1	1.235192E5	6.450098E1	8.208041E1
1.920000E1	3.840000E4	4.549028E3	1.512718E1	2.378354E1	2.818667E1	1.235375E5	7.093342E1	8.826839E1
1.920400E1	3.840800E4	4.460395E3	7.018132E0	2.735622E1	2.824211E1	1.235556E5	7.904247E1	9.184106E1
1.920800E1	3.841600E4	4.552037E3	-1.582271E0	2.807815E1	2.812270E1	1.235732E5	8.764288E1	9.256300E1
1.921200E1	3.842400E4	4.733227E3	-1.035864E1	2.560303E1	2.761914E1	1.235920E5	9.641925E1	9.008788E1
1.921600E1	3.843200E4	4.904681E3	-1.763468E1	2.022131E1	2.683064E1	1.236111E5	1.036953E2	8.470616E1
1.922000E1	3.844000E4	5.105776E3	-2.306018E1	1.264337E1	2.629880E1	1.236313E5	1.091208E2	7.712822E1
1.922400E1	3.844800E4	5.156933E3	-2.569594E1	3.639979E0	2.595247E1	1.236519E5	1.117565E2	6.812483E1
1.922800E1	3.845600E4	5.070915E3	-2.562673E1	-5.690929E0	2.625101E1	1.236725E5	1.116873E2	5.879392E1
1.923200E1	3.846400E4	4.888651E3	-2.270954E1	-1.447018E1	2.692786E1	1.236925E5	1.087701E2	5.001467E1
1.923600E1	3.847200E4	4.646322E3	-1.714398E1	-2.165337E1	2.761855E1	1.237116E5	1.032046E2	4.283148E1
1.924000E1	3.848000E4	4.465420E3	-9.812762E0	-2.649218E1	2.825112E1	1.237297E5	9.587337E1	3.799267E1
1.924400E1	3.848800E4	4.471266E3	-1.314824E0	-2.844062E1	2.847099E1	1.237474E5	8.737543E1	3.604423E1
1.924800E1	3.849600E4	4.570808E3	7.561327E0	-2.736653E1	2.839191E1	1.237654E5	7.849928E1	3.711832E1
1.925200E1	3.850400E4	4.668275E3	1.564129E1	-2.325957E1	2.802958E1	1.237839E5	7.041931E1	4.122528E1
1.925600E1	3.851200E4	4.777673E3	2.202414E1	-1.672233E1	2.765320E1	1.238028E5	6.403646E1	4.776252E1
1.926000E1	3.852000E4	4.846160E3	2.598151E1	-8.371313E0	2.729685E1	1.238221E5	6.007909E1	5.611354E1
1.926400E1	3.852800E4	4.824956E3	2.724251E1	7.423327E-1	2.725262E1	1.238416E5	5.881810E1	6.522718E1
1.926800E1	3.853600E4	4.723704E3	2.560952E1	9.697760E0	2.738419E1	1.238607E5	6.045108E1	7.418261E1
1.927200E1	3.854400E4	4.569207E3	2.161522E1	1.772369E1	2.795258E1	1.238794E5	6.444539E1	8.220854E1
1.927600E1	3.855200E4	4.501334E3	1.535046E1	2.390550E1	2.840967E1	1.238973E5	7.071015E1	8.839035E1
1.928000E1	3.856000E4	4.492598E3	7.143104E0	2.734682E1	2.826434E1	1.239154E5	7.891750E1	9.183167E1
1.928400E1	3.856800E4	4.491327E3	-1.583801E0	2.802119E1	2.806591E1	1.239332E5	8.764441E1	9.250603E1
1.928800E1	3.857600E4	4.617915E3	-1.002905E1	2.573407E1	2.761927E1	1.239513E5	9.608966E1	9.021892E1
1.929200E1	3.858400E4	4.799801E3	-1.732939E1	2.052231E1	2.686024E1	1.239702E5	1.033900E2	8.500715E1
1.929600E1	3.859200E4	4.965759E3	-2.269496E1	1.326707E1	2.628834E1	1.239897E5	1.087556E2	7.775192E1
1.930000E1	3.860000E4	5.096118E3	-2.572864E1	4.580933E0	2.613328E1	1.240099E5	1.117893E2	6.906578E1
1.930400E1	3.860800E4	4.995606E3	-2.587770E1	-4.777068E0	2.631493E1	1.240305E5	1.119383E2	5.970778E1
1.930800E1	3.861600E4	4.774672E3	-2.334511E1	-1.340736E1	2.692121E1	1.240499E5	1.094057E2	5.107749E1
1.931200E1	3.862400E4	4.601668E3	-1.821389E1	-2.070074E1	2.757293E1	1.240687E5	1.042745E2	4.378411E1
1.931600E1	3.863200E4	4.418789E3	-1.115238E1	-2.587389E1	2.817506E1	1.240867E5	9.721298E1	3.861096E1
1.932000E1	3.864000E4	4.373780E3	-2.969394E0	-2.828440E1	2.843984E1	1.241040E5	8.903000E1	3.620045E1
1.932400E1	3.864800E4	4.461446E3	5.737000E0	-2.776923E1	2.835566E1	1.241217E5	8.032361E1	3.671562E1
1.932800E1	3.865600E4	4.542084E3	1.394136E1	-2.444339E1	2.813967E1	1.241397E5	7.211924E1	4.004146E1
1.933200E1	3.866400E4	4.661441E3	2.061804E1	-1.855838E1	2.774017E1	1.241580E5	6.544256E1	4.592647E1
1.933600E1	3.867200E4	4.752724E3	2.528710E1	-1.073898E1	2.747295E1	1.241770E5	6.077351E1	5.374587E1
1.934000E1	3.868000E4	4.772162E3	2.725758E1	-1.891078E0	2.732310E1	1.241960E5	5.880303E1	6.259377E1
1.934400E1	3.868800E4	4.676350E3	2.664556E1	7.223079E0	2.760722E1	1.242152E5	5.941505E1	7.170793E1
1.934800E1	3.869600E4	4.487030E3	2.351004E1	1.552680E1	2.817452E1	1.242334E5	6.255057E1	8.001165E1
1.935200E1	3.870400E4	4.369216E3	1.799033E1	2.226660E1	2.862610E1	1.242511E5	6.807028E1	8.675145E1
1.935600E1	3.871200E4	4.322155E3	1.060023E1	2.676741E1	2.878992E1	1.242684E5	7.546037E1	9.125226E1
1.936000E1	3.872000E4	4.370818E3	2.155311E0	2.827339E1	2.835543E1	1.242856E5	8.390529E1	9.275824E1
1.936400E1	3.872800E4	4.448667E3	-6.450184E0	2.715416E1	2.790973E1	1.243034E5	9.251079E1	9.163901E1
1.936800E1	3.873600E4	4.663954E3	-1.412771E1	2.330003E1	2.724855E1	1.243212E5	1.001883E2	8.778488E1
1.937200E1	3.874400E4	4.922643E3	-2.042175E1	1.673050E1	2.639995E1	1.243407E5	1.064824E2	8.121535E1
1.937600E1	3.875200E4	4.992022E3	-2.456535E1	8.645427E0	2.604227E1	1.243606E5	1.106260E2	7.313028E1
1.938000E1	3.876000E4	4.983790E3	-2.622270E1	-2.792686E-1	2.622418E1	1.243806E5	1.122833E2	6.420558E1
1.938400E1	3.876800E4	4.802648E3	-2.499865E1	-9.337423E0	2.668558E1	1.244005E5	1.110593E2	5.514742E1
1.938800E1	3.877600E4	4.538966E3	-2.141302E1	-1.735934E1	2.756563E1	1.244190E5	1.074736E2	4.712551E1
1.939200E1	3.878400E4	4.355885E3	-1.549765E1	-2.367681E1	2.829785E1	1.244368E5	1.015583E2	4.080804E1
1.939600E1	3.879200E4	4.267621E3	-7.943393E0	-2.748171E1	2.860668E1	1.244539E5	9.400400E1	3.700314E1
1.940000E1	3.880000E4	4.260306E3	4.665206E-1	-2.860925E1	2.861305E1	1.244709E5	8.559409E1	3.587560E1
1.940400E1	3.880800E4	4.375433E3	8.717513E0	-2.689220E1	2.826987E1	1.244880E5	7.734309E1	3.759265E1
1.940800E1	3.881600E4	4.534477E3	1.636853E1	-2.258096E1	2.788958E1	1.245059E5	6.969207E1	4.190389E1
1.941200E1	3.882400E4	4.646660E3	2.216236E1	-1.596243E1	2.731243E1	1.245242E5	6.389825E1	4.852242E1
1.941600E1	3.883200E4	4.738853E3	2.600687E1	-7.896057E0	2.717913E1	1.245431E5	6.005374E1	5.658879E1
1.942000E1	3.884000E4	4.706263E3	2.727156E1	1.022652E0	2.729073E1	1.245621E5	5.878904E1	6.550750E1
1.942400E1	3.884800E4	4.513842E3	2.599852E1	9.855701E0	2.780392E1	1.245808E5	6.006209E1	7.434055E1
1.942800E1	3.885600E4	4.332186E3	2.222901E1	1.752913E1	2.830900E1	1.245983E5	6.383159E1	8.201398E1
1.943200E1	3.886400E4	4.264398E3	1.622259E1	2.353228E1	2.858217E1	1.246154E5	6.983802E1	8.801713E1
1.943600E1	3.887200E4	4.202169E3	8.686357E0	2.733888E1	2.868566E1	1.246324E5	7.737425E1	9.182373E1
1.944000E1	3.888000E4	4.250880E3	4.779257E-1	2.840028E1	2.840430E1	1.246490E5	8.558268E1	9.288513E1
1.944400E1	3.888800E4	4.446322E3	-7.820840E0	2.660642E1	2.773205E1	1.246664E5	9.388145E1	9.109126E1
1.944800E1	3.889600E4	4.619043E3	-1.534822E1	2.224314E1	2.702453E1	1.246846E5	1.014088E2	8.672799E1
1.945200E1	3.890400E4	4.801658E3	-2.114537E1	1.574244E1	2.636192E1	1.247033E5	1.072060E2	8.022729E1
1.945600E1	3.891200E4	4.933609E3	-2.494635E1	7.617469E0	2.608345E1	1.247230E5	1.110070E2	7.210232E1
1.946000E1	3.892000E4	4.836524E3	-2.623105E1	-1.283690E0	2.626245E1	1.247428E5	1.122917E2	6.320116E1
1.946400E1	3.892800E4	4.614903E3	-2.498994E1	-9.950733E0	2.689822E1	1.247617E5	1.110505E2	5.453412E1
1.946800E1	3.893600E4	4.421951E3	-2.121854E1	-1.762906E1	2.758642E1	1.247797E5	1.072791E2	4.685579E1
1.947200E1	3.894400E4	4.287343E3	-1.531823E1	-2.366708E1	2.819182E1	1.247971E5	1.013788E2	4.081776E1
1.947600E1	3.895200E4	4.225789E3	-7.843037E0	-2.738738E1	2.848828E1	1.248140E5	9.390364E1	3.709746E1
1.948000E1	3.896000E4	4.219313E3	4.457638E-1	-2.857121E1	2.857469E1	1.248309E5	8.561484E1	3.591364E1
1.948400E1	3.896800E4	4.313931E3	8.600938E0	-2.683035E1	2.817523E1	1.248478E5	7.745967E1	3.765450E1
1.948800E1	3.897600E4	4.459861E3	1.617800E1	-2.276020E1	2.792408E1	1.248654E5	6.988261E1	4.172465E1
1.949200E1	3.898400E4	4.536276E3	2.213781E1	-1.640921E1	2.755622E1	1.248835E5	6.392279E1	4.807564E1
1.949600E1	3.899200E4	4.561573E3	2.603211E1	-8.611565E0	2.741952E1	1.249017E5	6.002849E1	5.587328E1
1.950000E1	3.900000E4	4.546534E3	2.768401E1	-2.626735E-2	2.768402E1	1.249199E5	5.837660E1	6.445858E1
1.950400E1	3.900800E4	4.417579E3	2.676501E1	8.731495E0	2.815324E1	1.249381E5	5.929559E1	7.321634E1
1.950800E1	3.901600E4	4.236609E3	2.340104E1	1.656044E1	2.866805E1	1.249553E5	6.265956E1	8.104529E1
1.951200E1	3.902400E4	4.166609E3	1.773709E1	2.267032E1	2.878451E1	1.249720E5	6.832352E1	8.715517E1
1.951600E1	3.903200E4	4.199837E3	1.046901E1	2.674004E1	2.871637E1	1.249886E5	7.559160E1	9.122489E1
1.952000E1	3.904000E4	4.257042E3	2.191688E0	2.822170E1	2.830667E1	1.250056E5	8.386892E1	9.270655E1
1.952400E1	3.904800E4	4.356064E3	-6.127604E0	2.724470E1	2.792528E1	1.250227E5	9.218821E1	9.172954E1
1.952800E1	3.905600E4	4.516317E3	-1.382102E1	2.354996E1	2.730606E1	1.250404E5	9.988162E1	8.803481E1
1.953200E1	3.906400E4	4.680594E3	-2.012370E1	1.761324E1	2.674303E1	1.250588E5	1.061843E2	8.209809E1
1.953600E1	3.907200E4	4.797174E3	-2.434874E1	9.910471E0	2.628838E1	1.250779E5	1.104094E2	7.439532E1
1.954000E1	3.908000E4	4.700562E3	-2.645174E1	1.301386E0	2.648374E1	1.250972E5	1.125124E2	6.578623E1
1.954400E1	3.908800E4	4.528315E3	-2.597575E1	-7.182769E0	2.695054E1	1.251155E5	1.120364E2	5.730208E1
1.954800E1	3.909600E4	4.374596E3	-2.316450E1	-1.527993E1	2.775014E1	1.251334E5	1.092251E2	4.920492E1
1.955200E1	3.910400E4	4.195639E3	-1.803887E1	-2.184703E1	2.833184E1	1.251505E5	1.040995E2	4.263782E1
1.955600E1	3.911200E4	4.144749E3	-1.116683E1	-2.627556E1	2.855001E1	1.251670E5	9.722744E1	3.820929E1
1.956000E1	3.912000E4	4.139502E3	-3.190760E0	-2.849947E1	2.867753E1	1.251836E5	8.925137E1	3.598538E1
1.956400E1	3.912800E4	4.181084E3	4.997956E0	-2.808378E1	2.852504E1	1.252001E5	8.106265E1	3.640107E1
1.956800E1	3.913600E4	4.295858E3	1.285866E1	-2.517078E1	2.826506E1	1.252171E5	7.320194E1	3.931406E1
1.957200E1	3.914400E4	4.463678E3	1.958959E1	-1.996383E1	2.796974E1	1.252345E5	6.647101E1	4.452102E1
1.957600E1	3.915200E4	4.519151E3	2.471584E1	-1.271861E1	2.779633E1	1.252528E5	6.134476E1	5.176624E1
1.958000E1	3.916000E4	4.443527E3	2.756528E1	-4.557906E0	2.793956E1	1.252706E5	5.849533E1	5.992694E1
1.958400E1	3.916800E4	4.381385E3	2.795746E1	4.087603E0	2.825470E1	1.252883E5	5.810315E1	6.857245E1
1.958800E1	3.917600E4	4.234647E3	2.583497E1	1.241254E1	2.866212E1	1.253057E5	6.022564E1	7.689739E1
1.959200E1	3.918400E4	4.070132E3	2.148408E1	1.947739E1	2.899887E1	1.253222E5	6.457652E1	8.396224E1
1.959600E1	3.919200E4	4.052470E3	1.532034E1	2.473159E1	2.909234E1	1.253382E5	7.074027E1	8.921643E1
1.960000E1	3.920000E4	4.091483E3	7.618346E0	2.768672E1	2.871574E1	1.253546E5	7.844226E1	9.217157E1
1.960400E1	3.920800E4	4.185422E3	-4.703578E-1	2.821326E1	2.821718E1	1.253710E5	8.653096E1	9.269811E1
1.960800E1	3.921600E4	4.387136E3	-8.577011E0	2.624377E1	2.760979E1	1.253881E5	9.463762E1	9.072862E1
1.961200E1	3.922400E4	4.552908E3	-1.597838E1	2.195026E1	2.715000E1	1.254061E5	1.020390E2	8.643511E1
1.961600E1	3.923200E4	4.687459E3	-2.173317E1	1.548968E1	2.668822E1	1.254245E5	1.077938E2	7.997453E1
1.962000E1	3.924000E4	4.654704E3	-2.549852E1	7.527901E0	2.658653E1	1.254436E5	1.115591E2	7.201275E1
1.962400E1	3.924800E4	4.483058E3	-2.685579E1	-8.249132E-1	2.686845E1	1.254618E5	1.129164E2	6.365994E1
1.962800E1	3.925600E4	4.338618E3	-2.587663E1	-9.120892E0	2.743703E1	1.254794E5	1.119372E2	5.536396E1
1.963200E1	3.926400E4	4.209807E3	-2.254140E1	-1.666047E1	2.803009E1	1.254965E5	1.086020E2	4.782438E1
1.963600E1	3.927200E4	4.145473E3	-1.708760E1	-2.275424E1	2.845595E1	1.255131E5	1.031482E2	4.173061E1
1.964000E1	3.928000E4	4.127124E3	-9.901124E0	-2.666903E1	2.844766E1	1.255296E5	9.596173E1	3.781582E1
1.964400E1	3.928800E4	4.115261E3	-1.931803E0	-2.842284E1	2.848841E1	1.255461E5	8.799241E1	3.606201E1
1.964800E1	3.929600E4	4.183123E3	6.160493E0	-2.766436E1	2.834199E1	1.255626E5	7.990011E1	3.682049E1
1.965200E1	3.930400E4	4.301002E3	1.385868E1	-2.441874E1	2.807736E1	1.255796E5	7.220192E1	4.006611E1
1.965600E1	3.931200E4	4.342459E3	2.055586E1	-1.919402E1	2.812391E1	1.255970E5	6.550474E1	4.529083E1
1.966000E1	3.932000E4	4.331166E3	2.548466E1	-1.225594E1	2.827855E1	1.256143E5	6.057594E1	5.222891E1
1.966400E1	3.932800E4	4.289895E3	2.837068E1	-4.183585E0	2.867748E1	1.256316E5	5.768992E1	6.030126E1
1.966800E1	3.933600E4	4.212589E3	2.833700E1	4.303579E0	2.866193E1	1.256486E5	5.772361E1	6.878843E1
1.967200E1	3.934400E4	4.115219E3	2.616233E1	1.237372E1	2.894092E1	1.256653E5	5.989827E1	7.685857E1
1.967600E1	3.935200E4	4.049963E3	2.175168E1	1.928311E1	2.906844E1	1.256816E5	6.430892E1	8.376796E1
1.968000E1	3.936000E4	4.024863E3	1.549454E1	2.452127E1	2.900644E1	1.256977E5	7.056606E1	8.900611E1
1.968400E1	3.936800E4	4.067965E3	8.015657E0	2.751166E1	2.865558E1	1.257138E5	7.804495E1	9.199651E1
1.968800E1	3.937600E4	4.209098E3	-1.260585E-1	2.824976E1	2.825004E1	1.257303E5	8.618666E1	9.273461E1
1.969200E1	3.938400E4	4.298764E3	-8.302856E0	2.644745E1	2.772012E1	1.257474E5	9.436346E1	9.093230E1
1.969600E1	3.939200E4	4.431682E3	-1.549684E1	2.242559E1	2.725911E1	1.257646E5	1.015574E2	8.691044E1
1.970000E1	3.940000E4	4.529616E3	-2.159451E1	1.634217E1	2.708116E1	1.257829E5	1.076551E2	8.082702E1
1.970400E1	3.940800E4	4.496328E3	-2.575397E1	8.926816E0	2.725720E1	1.258009E5	1.118146E2	7.341166E1
1.970800E1	3.941600E4	4.360564E3	-2.771860E1	5.549120E-1	2.772416E1	1.258189E5	1.137792E2	6.503976E1
1.971200E1	3.942400E4	4.165471E3	-2.709956E1	-7.651659E0	2.815908E1	1.258358E5	1.131602E2	5.683319E1
1.971600E1	3.943200E4	4.108999E3	-2.405099E1	-1.513217E1	2.841536E1	1.258522E5	1.101116E2	4.935268E1
1.972000E1	3.944000E4	4.087623E3	-1.892113E1	-2.149143E1	2.863373E1	1.258686E5	1.049817E2	4.299341E1
1.972400E1	3.944800E4	4.059544E3	-1.219286E1	-2.600284E1	2.871957E1	1.258849E5	9.825347E1	3.848201E1
1.972800E1	3.945600E4	4.116769E3	-4.387914E0	-2.807051E1	2.841139E1	1.259011E5	9.044852E1	3.641434E1
1.973200E1	3.946400E4	4.194201E3	3.879921E0	-2.827995E1	2.854486E1	1.259178E5	8.218069E1	3.620490E1
1.973600E1	3.947200E4	4.225404E3	1.184187E1	-2.578261E1	2.837205E1	1.259347E5	7.421873E1	3.870223E1
1.974000E1	3.948000E4	4.244600E3	1.890288E1	-2.127940E1	2.846281E1	1.259516E5	6.715773E1	4.320545E1
1.974400E1	3.948800E4	4.216053E3	2.427418E1	-1.480193E1	2.843120E1	1.259686E5	6.178643E1	4.968292E1
1.974800E1	3.949600E4	4.139868E3	2.763636E1	-7.227745E0	2.856586E1	1.259853E5	5.842425E1	5.725710E1
1.975200E1	3.950400E4	4.044602E3	2.890613E1	8.805942E-1	2.891954E1	1.260017E5	5.715448E1	6.536544E1
1.975600E1	3.951200E4	3.974899E3	2.768766E1	8.836527E0	2.906356E1	1.260177E5	5.837295E1	7.332138E1
1.976000E1	3.952000E4	4.026870E3	2.418606E1	1.603519E1	2.901883E1	1.260335E5	6.187455E1	8.052004E1
1.976400E1	3.952800E4	4.041033E3	1.858531E1	2.208286E1	2.886290E1	1.260499E5	6.747529E1	8.656771E1
1.976800E1	3.953600E4	4.037224E3	1.175594E1	2.624677E1	2.875926E1	1.260659E5	7.430467E1	9.073162E1
1.977200E1	3.954400E4	4.117853E3	3.831971E0	2.802229E1	2.828308E1	1.260822E5	8.222864E1	9.250713E1
1.977600E1	3.955200E4	4.216106E3	-4.303554E0	2.775060E1	2.808231E1	1.260988E5	9.036416E1	9.223545E1
1.978000E1	3.956000E4	4.326833E3	-1.202803E1	2.472448E1	2.749497E1	1.261159E5	9.808863E1	8.920933E1
1.978400E1	3.956800E4	4.373194E3	-1.879979E1	1.985948E1	2.734650E1	1.261334E5	1.048604E2	8.434433E1
1.978800E1	3.957600E4	4.289469E3	-2.391378E1	1.329512E1	2.736109E1	1.261509E5	1.099744E2	7.777997E1
1.979200E1	3.958400E4	4.219996E3	-2.692145E1	5.847378E0	2.754916E1	1.261677E5	1.129821E2	7.033223E1
1.979600E1	3.959200E4	4.174926E3	-2.769326E1	-2.270780E0	2.778620E1	1.261847E5	1.137539E2	6.221407E1
1.980000E1	3.960000E4	4.141522E3	-2.611086E1	-1.009892E1	2.799581E1	1.262011E5	1.121715E2	5.438593E1
1.980400E1	3.960800E4	4.123000E3	-2.224192E1	-1.726492E1	2.815636E1	1.262178E5	1.083025E2	4.721993E1
1.980800E1	3.961600E4	4.098455E3	-1.652782E1	-2.285666E1	2.820631E1	1.262341E5	1.025884E2	4.162819E1
1.981200E1	3.962400E4	4.116426E3	-9.357697E0	-2.658364E1	2.818255E1	1.262506E5	9.541830E1	3.790121E1
1.981600E1	3.963200E4	4.091271E3	-1.445693E0	-2.815360E1	2.819069E1	1.262671E5	8.750630E1	3.633125E1
1.982000E1	3.964000E4	4.088333E3	6.555720E0	-2.765156E1	2.841807E1	1.262833E5	7.950489E1	3.683328E1
1.982400E1	3.964800E4	4.054581E3	1.423274E1	-2.488488E1	2.866755E1	1.262998E5	7.182787E1	3.959996E1
1.982800E1	3.965600E4	4.009131E3	2.051207E1	-1.996506E1	2.862427E1	1.263158E5	6.554853E1	4.451979E1
1.983200E1	3.966400E4	3.970759E3	2.530765E1	-1.354702E1	2.870538E1	1.263318E5	6.075296E1	5.093783E1
1.983600E1	3.967200E4	3.913207E3	2.792627E1	-6.170486E0	2.859986E1	1.263475E5	5.813433E1	5.831436E1
1.984000E1	3.968000E4	3.943337E3	2.853232E1	1.568132E0	2.857538E1	1.263631E5	5.752829E1	6.605298E1
1.984400E1	3.968800E4	4.033111E3	2.699203E1	9.339985E0	2.856230E1	1.263791E5	5.906857E1	7.382483E1
1.984800E1	3.969600E4	4.056899E3	2.309710E1	1.642074E1	2.833931E1	1.263954E5	6.296351E1	8.090559E1
1.985200E1	3.970400E4	4.040968E3	1.746743E1	2.199281E1	2.808549E1	1.264115E5	6.859318E1	8.647766E1
1.985600E1	3.971200E4	4.040755E3	1.061587E1	2.593371E1	2.802239E1	1.264277E5	7.544473E1	9.041856E1
1.986000E1	3.972000E4	4.038365E3	2.972415E0	2.766851E1	2.782772E1	1.264439E5	8.308819E1	9.215336E1
1.986400E1	3.972800E4	4.053592E3	-4.840046E0	2.732277E1	2.774815E1	1.264600E5	9.090065E1	9.180762E1
1.986800E1	3.973600E4	4.065623E3	-1.221211E1	2.471259E1	2.756534E1	1.264763E5	9.827272E1	8.919744E1
1.987200E1	3.974400E4	4.067233E3	-1.852758E1	2.016954E1	2.738761E1	1.264926E5	1.045882E2	8.465438E1
1.987600E1	3.975200E4	4.059727E3	-2.320673E1	1.403520E1	2.712082E1	1.265088E5	1.092673E2	7.852005E1
1.988000E1	3.976000E4	4.164076E3	-2.605350E1	6.957548E0	2.696650E1	1.265250E5	1.121141E2	7.144240E1
1.988400E1	3.976800E4	4.179001E3	-2.706106E1	-1.014738E0	2.708008E1	1.265421E5	1.131217E2	6.347011E1
1.988800E1	3.977600E4	4.104666E3	-2.566022E1	-8.575914E0	2.705537E1	1.265585E5	1.117208E2	5.590893E1
1.989200E1	3.978400E4	4.140142E3	-2.236958E1	-1.565451E1	2.730315E1	1.265750E5	1.084302E2	4.883034E1
1.989600E1	3.979200E4	4.096917E3	-1.710731E1	-2.158507E1	2.754224E1	1.265916E5	1.031679E2	4.289978E1
1.990000E1	3.980000E4	4.026912E3	-1.052438E1	-2.573802E1	2.780662E1	1.266078E5	9.658499E1	3.874683E1
1.990400E1	3.980800E4	3.961912E3	-3.020650E0	-2.788079E1	2.804395E1	1.266238E5	8.908126E1	3.660405E1
1.990800E1	3.981600E4	3.900110E3	4.628078E0	-2.778906E1	2.817181E1	1.266395E5	8.143253E1	3.669579E1
1.991200E1	3.982400E4	3.872470E3	1.196189E1	-2.563192E1	2.828572E1	1.266550E5	7.409872E1	3.885293E1
1.991600E1	3.983200E4	3.895171E3	1.838549E1	-2.157601E1	2.834696E1	1.266704E5	6.767512E1	4.290884E1
1.992000E1	3.984000E4	3.927106E3	2.339318E1	-1.567288E1	2.815812E1	1.266862E5	6.266743E1	4.881197E1
1.992400E1	3.984800E4	3.964654E3	2.669317E1	-8.749409E0	2.809052E1	1.267019E5	5.936744E1	5.573544E1
1.992800E1	3.985600E4	3.958060E3	2.814508E1	-1.033959E0	2.816407E1	1.267179E5	5.791552E1	6.345089E1
1.993200E1	3.986400E4	3.930542E3	2.733185E1	6.570132E0	2.811043E1	1.267335E5	5.872876E1	7.105498E1
1.993600E1	3.987200E4	3.898331E3	2.457267E1	1.381234E1	2.818859E1	1.267493E5	6.148794E1	7.829719E1
1.994000E1	3.988000E4	3.885856E3	2.008823E1	1.988116E1	2.826301E1	1.267647E5	6.597238E1	8.436601E1
1.994400E1	3.988800E4	3.941499E3	1.384800E1	2.440393E1	2.805920E1	1.267804E5	7.221261E1	8.888878E1
1.994800E1	3.989600E4	3.946328E3	6.643063E0	2.711754E1	2.791937E1	1.267962E5	7.941754E1	9.160238E1
1.995200E1	3.990400E4	3.952875E3	-9.701850E-1	2.781178E1	2.782869E1	1.268120E5	8.703079E1	9.229663E1
1.995600E1	3.991200E4	3.967048E3	-8.487780E0	2.634443E1	2.767799E1	1.268279E5	9.454839E1	9.082928E1
1.996000E1	3.992000E4	4.028253E3	-1.519380E1	2.275264E1	2.735935E1	1.268437E5	1.012544E2	8.723749E1
1.996400E1	3.992800E4	4.103073E3	-2.085455E1	1.744689E1	2.719018E1	1.268601E5	1.069152E2	8.193174E1
1.996800E1	3.993600E4	4.098376E3	-2.489693E1	1.079509E1	2.713653E1	1.268766E5	1.109575E2	7.527994E1
1.997200E1	3.994400E4	4.060213E3	-2.700794E1	3.377806E0	2.721834E1	1.268929E5	1.130685E2	6.786265E1
1.997600E1	3.995200E4	4.046826E3	-2.680861E1	-4.265527E0	2.714583E1	1.269090E5	1.128692E2	6.021932E1
1.998000E1	3.996000E4	3.987695E3	-2.482078E1	-1.170402E1	2.744186E1	1.269252E5	1.108814E2	5.278083E1
1.998400E1	3.996800E4	3.948564E3	-2.084462E1	-1.808302E1	2.759518E1	1.269409E5	1.069052E2	4.640183E1
1.998800E1	3.997600E4	3.934425E3	-1.529177E1	-2.339885E1	2.795253E1	1.269568E5	1.013524E2	4.108600E1
1.999200E1	3.998400E4	3.898842E3	-8.523123E0	-2.689684E1	2.821495E1	1.269724E5	9.458373E1	3.758801E1
1.999600E1	3.999200E4	3.852609E3	-9.725244E-1	-2.820305E1	2.821981E1	1.269880E5	8.703313E1	3.628180E1
2.000000E1	4.000000E4	3.842431E3	6.495499E0	-2.761044E1	2.836420E1	1.270032E5	7.956511E1	3.687441E1
2.000400E1	4.000800E4	3.863900E3	1.368834E1	-2.493558E1	2.844563E1	1.270188E5	7.237226E1	3.954927E1
2.000800E1	4.001600E4	3.841556E3	1.981149E1	-2.040849E1	2.844295E1	1.270341E5	6.624912E1	4.407636E1
2.001200E1	4.002400E4	3.836030E3	2.451207E1	-1.444047E1	2.844940E1	1.270495E5	6.154854E1	5.004438E1
2.001600E1	4.003200E4	3.850152E3	2.748852E1	-7.448973E0	2.847992E1	1.270648E5	5.857208E1	5.703588E1
2.002000E1	4.004000E4	3.860431E3	2.848673E1	1.482461E-1	2.848712E1	1.270803E5	5.757387E1	6.463309E1
2.002400E1	4.004800E4	3.847542E3	2.744817E1	7.726340E0	2.851488E1	1.270957E5	5.861244E1	7.221119E1
2.002800E1	4.005600E4	3.819776E3	2.424083E1	1.461060E1	2.830349E1	1.271111E5	6.181978E1	7.909545E1
2.003200E1	4.006400E4	3.880497E3	1.942538E1	2.031295E1	2.810625E1	1.271263E5	6.663523E1	8.479780E1
2.003600E1	4.007200E4	3.908601E3	1.309595E1	2.475743E1	2.800775E1	1.271421E5	7.296466E1	8.924228E1
2.004000E1	4.008000E4	3.825762E3	6.016176E0	2.724592E1	2.790223E1	1.271575E5	8.004443E1	9.173077E1
2.004400E1	4.008800E4	3.866722E3	-1.321835E0	2.773538E1	2.776686E1	1.271727E5	8.738244E1	9.222023E1
2.004800E1	4.009600E4	3.909549E3	-8.744212E0	2.616087E1	2.758355E1	1.271885E5	9.480482E1	9.064571E1
2.005200E1	4.010400E4	3.895395E3	-1.536344E1	2.277296E1	2.747077E1	1.272040E5	1.014240E2	8.725781E1
2.005600E1	4.011200E4	3.964024E3	-2.082320E1	1.769360E1	2.732525E1	1.272196E5	1.068838E2	8.217845E1
2.006000E1	4.012000E4	3.964013E3	-2.483216E1	1.120319E1	2.724239E1	1.272357E5	1.108928E2	7.568804E1
2.006400E1	4.012800E4	3.920509E3	-2.691265E1	4.090647E0	2.722176E1	1.272514E5	1.129733E2	6.857550E1
2.006800E1	4.013600E4	3.974371E3	-2.701802E1	-3.356293E0	2.722569E1	1.272671E5	1.130786E2	6.112856E1
2.007200E1	4.014400E4	3.956051E3	-2.513852E1	-1.074963E1	2.734044E1	1.272832E5	1.111991E2	5.373522E1
2.007600E1	4.015200E4	3.927410E3	-2.138513E1	-1.715090E1	2.741308E1	1.272987E5	1.074457E2	4.733395E1
2.008000E1	4.016000E4	3.872202E3	-1.601037E1	-2.250516E1	2.761909E1	1.273146E5	1.020710E2	4.197969E1
2.008400E1	4.016800E4	3.761293E3	-9.705476E0	-2.624755E1	2.798447E1	1.273297E5	9.576608E1	3.823730E1
2.008800E1	4.017600E4	3.732966E3	-2.625962E0	-2.810407E1	2.822649E1	1.273447E5	8.868657E1	3.638078E1
2.009200E1	4.018400E4	3.756874E3	4.727551E0	-2.803724E1	2.843302E1	1.273596E5	8.133306E1	3.644760E1
2.009600E1	4.019200E4	3.773728E3	1.193688E1	-2.593245E1	2.854787E1	1.273747E5	7.412372E1	3.855240E1
2.010000E1	4.020000E4	3.763545E3	1.816799E1	-2.183624E1	2.840593E1	1.273898E5	6.789262E1	4.264861E1
2.010400E1	4.020800E4	3.751750E3	2.312694E1	-1.629897E1	2.829332E1	1.274048E5	6.293367E1	4.818588E1
2.010800E1	4.021600E4	3.787920E3	2.661888E1	-9.807119E0	2.836801E1	1.274198E5	5.944173E1	5.467773E1
2.011200E1	4.022400E4	3.805482E3	2.823006E1	-2.405942E0	2.833240E1	1.274351E5	5.783054E1	6.207891E1
2.011600E1	4.023200E4	3.797555E3	2.771861E1	4.996697E0	2.816537E1	1.274502E5	5.834200E1	6.948155E1
2.012000E1	4.024000E4	3.768581E3	2.554521E1	1.218942E1	2.830441E1	1.274655E5	6.051540E1	7.667427E1
2.012400E1	4.024800E4	3.736124E3	2.160592E1	1.836685E1	2.835766E1	1.274804E5	6.445468E1	8.285170E1
2.012800E1	4.025600E4	3.754265E3	1.606944E1	2.329233E1	2.829769E1	1.274954E5	6.999116E1	8.777717E1
2.013200E1	4.026400E4	3.717280E3	9.473832E0	2.660775E1	2.824404E1	1.275104E5	7.658677E1	9.109259E1
2.013600E1	4.027200E4	3.780067E3	2.369407E0	2.784545E1	2.794608E1	1.275251E5	8.369120E1	9.233030E1
2.014000E1	4.028000E4	3.839537E3	-5.124985E0	2.727456E1	2.775188E1	1.275406E5	9.118559E1	9.175941E1
2.014400E1	4.028800E4	3.815409E3	-1.200326E1	2.477183E1	2.752675E1	1.275559E5	9.806387E1	8.925668E1
2.014800E1	4.029600E4	3.853732E3	-1.800478E1	2.059188E1	2.735320E1	1.275712E5	1.040654E2	8.507673E1
2.015200E1	4.030400E4	3.905001E3	-2.274087E1	1.494790E1	2.721373E1	1.275867E5	1.088015E2	7.943275E1
2.015600E1	4.031200E4	3.889240E3	-2.594136E1	8.226460E0	2.721449E1	1.276024E5	1.120020E2	7.271131E1
2.016000E1	4.032000E4	3.845040E3	-2.720577E1	1.046846E0	2.722591E1	1.276178E5	1.132664E2	6.553169E1
2.016400E1	4.032800E4	3.882625E3	-2.647342E1	-6.192509E0	2.718803E1	1.276332E5	1.125340E2	5.829234E1
2.016800E1	4.033600E4	3.894230E3	-2.389585E1	-1.316805E1	2.728386E1	1.276489E5	1.099565E2	5.131680E1
2.017200E1	4.034400E4	3.803710E3	-1.977025E1	-1.930606E1	2.763307E1	1.276643E5	1.058309E2	4.517879E1
2.017600E1	4.035200E4	3.713876E3	-1.426160E1	-2.400695E1	2.792359E1	1.276793E5	1.003222E2	4.047790E1
2.018000E1	4.036000E4	3.669812E3	-7.706554E0	-2.692991E1	2.801091E1	1.276940E5	9.376716E1	3.755494E1
2.018400E1	4.036800E4	3.643774E3	-6.645282E-1	-2.810634E1	2.811420E1	1.277086E5	8.672513E1	3.637851E1
2.018800E1	4.037600E4	3.643380E3	6.468278E0	-2.761967E1	2.836697E1	1.277232E5	7.959233E1	3.686518E1
2.019200E1	4.038400E4	3.643038E3	1.319696E1	-2.503807E1	2.830309E1	1.277378E5	7.286364E1	3.944678E1
2.019600E1	4.039200E4	3.693475E3	1.905674E1	-2.092480E1	2.830206E1	1.277523E5	6.700386E1	4.356005E1
2.020000E1	4.040000E4	3.724283E3	2.380054E1	-1.525597E1	2.827031E1	1.277673E5	6.226006E1	4.922888E1
2.020400E1	4.040800E4	3.707290E3	2.686004E1	-8.665627E0	2.822330E1	1.277821E5	5.920057E1	5.581922E1
2.020800E1	4.041600E4	3.687391E3	2.819166E1	-1.478079E0	2.823038E1	1.277970E5	5.786895E1	6.300677E1
2.021200E1	4.042400E4	3.678341E3	2.761978E1	5.678727E0	2.819752E1	1.278116E5	5.844082E1	7.016358E1
2.021600E1	4.043200E4	3.712579E3	2.524240E1	1.254443E1	2.818762E1	1.278264E5	6.081820E1	7.702928E1
2.022000E1	4.044000E4	3.702707E3	2.106668E1	1.851988E1	2.804980E1	1.278413E5	6.499392E1	8.300473E1
2.022400E1	4.044800E4	3.671133E3	1.567796E1	2.328482E1	2.807100E1	1.278560E5	7.038265E1	8.776967E1
2.022800E1	4.045600E4	3.674269E3	9.268345E0	2.644849E1	2.802543E1	1.278707E5	7.679226E1	9.093334E1
2.023200E1	4.046400E4	3.714060E3	2.218456E0	2.782360E1	2.791190E1	1.278854E5	8.384215E1	9.230845E1
2.023600E1	4.047200E4	3.720350E3	-5.004581E0	2.726650E1	2.772198E1	1.279004E5	9.106519E1	9.175135E1
2.024000E1	4.048000E4	3.703663E3	-1.178398E1	2.503759E1	2.767206E1	1.279152E5	9.784458E1	8.952244E1
2.024400E1	4.048800E4	3.723155E3	-1.777628E1	2.116259E1	2.763786E1	1.279300E5	1.038369E2	8.564743E1
2.024800E1	4.049600E4	3.785170E3	-2.241685E1	1.570267E1	2.736950E1	1.279450E5	1.084775E2	8.018752E1
2.025200E1	4.050400E4	3.784801E3	-2.558332E1	9.154536E0	2.717190E1	1.279603E5	1.116439E2	7.363938E1
2.025600E1	4.051200E4	3.740764E3	-2.712295E1	2.245293E0	2.721573E1	1.279753E5	1.131836E2	6.673014E1
2.026000E1	4.052000E4	3.737347E3	-2.684629E1	-4.848440E0	2.728059E1	1.279902E5	1.129069E2	5.963641E1
2.026400E1	4.052800E4	3.768892E3	-2.465536E1	-1.158433E1	2.724121E1	1.280052E5	1.107160E2	5.290051E1
2.026800E1	4.053600E4	3.754350E3	-2.090390E1	-1.778332E1	2.744484E1	1.280204E5	1.069645E2	4.670153E1
2.027200E1	4.054400E4	3.696745E3	-1.573345E1	-2.263857E1	2.756894E1	1.280352E5	1.017941E2	4.184628E1
2.027600E1	4.055200E4	3.636191E3	-9.545270E0	-2.617191E1	2.785823E1	1.280500E5	9.560588E1	3.831294E1
2.028000E1	4.056000E4	3.569377E3	-2.804173E0	-2.804875E1	2.818858E1	1.280643E5	8.886478E1	3.643610E1
2.028400E1	4.056800E4	3.577349E3	4.201917E0	-2.805747E1	2.837037E1	1.280785E5	8.185869E1	3.642738E1
2.028800E1	4.057600E4	3.590768E3	1.108447E1	-2.622831E1	2.847437E1	1.280929E5	7.497614E1	3.825653E1
2.029200E1	4.058400E4	3.594853E3	1.722629E1	-2.265904E1	2.846361E1	1.281072E5	6.883432E1	4.182581E1
2.029600E1	4.059200E4	3.619083E3	2.219580E1	-1.754904E1	2.829527E1	1.281217E5	6.386481E1	4.693581E1
2.030000E1	4.060000E4	3.611354E3	2.581821E1	-1.138924E1	2.821870E1	1.281362E5	6.024239E1	5.309561E1
2.030400E1	4.060800E4	3.604446E3	2.790862E1	-4.640624E0	2.829181E1	1.281506E5	5.815198E1	5.984422E1
2.030800E1	4.061600E4	3.636535E3	2.814752E1	2.478309E0	2.825641E1	1.281650E5	5.791309E1	6.696316E1
2.031200E1	4.062400E4	3.647513E3	2.650563E1	9.465113E0	2.814492E1	1.281797E5	5.955498E1	7.394996E1
2.031600E1	4.063200E4	3.602196E3	2.331669E1	1.585306E1	2.819552E1	1.281942E5	6.274392E1	8.033791E1
2.032000E1	4.064000E4	3.581545E3	1.864641E1	2.105306E1	2.812330E1	1.282085E5	6.741420E1	8.553791E1
2.032400E1	4.064800E4	3.617038E3	1.287653E1	2.512424E1	2.823177E1	1.282229E5	7.318408E1	8.960909E1
2.032800E1	4.065600E4	3.579543E3	6.099470E0	2.729963E1	2.797272E1	1.282374E5	7.996114E1	9.178448E1
2.033200E1	4.066400E4	3.616073E3	-7.299302E-1	2.786450E1	2.787406E1	1.282515E5	8.679054E1	9.234935E1
2.033600E1	4.067200E4	3.664953E3	-7.788992E0	2.657768E1	2.769551E1	1.282663E5	9.384960E1	9.106253E1
2.034000E1	4.068000E4	3.652649E3	-1.409158E1	2.361992E1	2.750406E1	1.282808E5	1.001522E2	8.810477E1
2.034400E1	4.068800E4	3.660465E3	-1.954547E1	1.917029E1	2.737746E1	1.282956E5	1.056061E2	8.365514E1
2.034800E1	4.069600E4	3.669879E3	-2.369822E1	1.362493E1	2.733577E1	1.283101E5	1.097588E2	7.810978E1
2.035200E1	4.070400E4	3.686350E3	-2.636286E1	7.106212E0	2.730382E1	1.283249E5	1.124235E2	7.159106E1
2.035600E1	4.071200E4	3.699518E3	-2.708473E1	1.915897E-1	2.708540E1	1.283396E5	1.131453E2	6.467644E1
2.036000E1	4.072000E4	3.683468E3	-2.628863E1	-6.803787E0	2.715481E1	1.283545E5	1.123492E2	5.768106E1
2.036400E1	4.072800E4	3.686468E3	-2.373168E1	-1.318852E1	2.715014E1	1.283691E5	1.097923E2	5.129632E1
2.036800E1	4.073600E4	3.667070E3	-1.981187E1	-1.913353E1	2.754273E1	1.283840E5	1.058725E2	4.535132E1
2.037200E1	4.074400E4	3.536536E3	-1.455835E1	-2.366334E1	2.778307E1	1.283984E5	1.006190E2	4.082151E1
2.037600E1	4.075200E4	3.541999E3	-8.503078E0	-2.663471E1	2.795908E1	1.284123E5	9.456368E1	3.785014E1
2.038000E1	4.076000E4	3.520714E3	-1.603824E0	-2.811422E1	2.815993E1	1.284267E5	8.766443E1	3.637063E1
2.038400E1	4.076800E4	3.493739E3	5.164553E0	-2.797403E1	2.844678E1	1.284405E5	8.089605E1	3.651081E1
2.038800E1	4.077600E4	3.529347E3	1.180167E1	-2.567647E1	2.825881E1	1.284547E5	7.425894E1	3.880838E1
2.039200E1	4.078400E4	3.481105E3	1.774021E1	-2.214743E1	2.837647E1	1.284687E5	6.832039E1	4.233741E1
2.039600E1	4.079200E4	3.503159E3	2.257293E1	-1.729970E1	2.843971E1	1.284825E5	6.348767E1	4.718515E1
2.040000E1	4.080000E4	3.492960E3	2.613797E1	-1.124587E1	2.845458E1	1.284967E5	5.992264E1	5.323898E1
2.040400E1	4.080800E4	3.500021E3	2.792690E1	-4.684664E0	2.831709E1	1.285105E5	5.813371E1	5.980018E1
2.040800E1	4.081600E4	3.557068E3	2.805900E1	2.316904E0	2.815450E1	1.285247E5	5.800160E1	6.680175E1
2.041200E1	4.082400E4	3.554399E3	2.663765E1	9.137763E0	2.816138E1	1.285389E5	5.942295E1	7.362261E1
2.041600E1	4.083200E4	3.510061E3	2.366532E1	1.545994E1	2.826760E1	1.285532E5	6.239528E1	7.994479E1
2.042000E1	4.084000E4	3.496021E3	1.917568E1	2.057382E1	2.812453E1	1.285670E5	6.688492E1	8.505867E1
2.042400E1	4.084800E4	3.496649E3	1.361034E1	2.467922E1	2.818343E1	1.285811E5	7.245027E1	8.916407E1
2.042800E1	4.085600E4	3.483622E3	7.228164E0	2.695266E1	2.790506E1	1.285950E5	7.883244E1	9.143751E1
2.043200E1	4.086400E4	3.526328E3	4.867458E-1	2.768334E1	2.768762E1	1.286090E5	8.557386E1	9.216819E1
2.043600E1	4.087200E4	3.557876E3	-6.284782E0	2.679891E1	2.752599E1	1.286232E5	9.234539E1	9.128376E1
2.044000E1	4.088000E4	3.563997E3	-1.256902E1	2.419051E1	2.726098E1	1.286375E5	9.862963E1	8.867536E1
2.044400E1	4.088800E4	3.580864E3	-1.820777E1	2.042859E1	2.736512E1	1.286517E5	1.042684E2	8.491343E1
2.044800E1	4.089600E4	3.607026E3	-2.259920E1	1.518454E1	2.722671E1	1.286661E5	1.086598E2	7.966939E1
2.045200E1	4.090400E4	3.576276E3	-2.569337E1	9.064969E0	2.724560E1	1.286806E5	1.117540E2	7.354982E1
2.045600E1	4.091200E4	3.596512E3	-2.714779E1	2.512300E0	2.726378E1	1.286947E5	1.132084E2	6.699715E1
2.046000E1	4.092000E4	3.659025E3	-2.671930E1	-4.393920E0	2.707817E1	1.287093E5	1.127799E2	6.009093E1
2.046400E1	4.092800E4	3.627157E3	-2.492361E1	-1.108890E1	2.727912E1	1.287240E5	1.109842E2	5.339595E1
2.046800E1	4.093600E4	3.569586E3	-2.153967E1	-1.704510E1	2.746803E1	1.287384E5	1.076003E2	4.743975E1
2.047200E1	4.094400E4	3.523157E3	-1.693341E1	-2.210134E1	2.784259E1	1.287525E5	1.029940E2	4.238350E1
2.047600E1	4.095200E4	3.457333E3	-1.120704E1	-2.582502E1	2.815190E1	1.287665E5	9.726764E1	3.865983E1
2.048000E1	4.096000E4	3.418936E3	-4.801219E0	-2.779716E1	2.820875E1	1.287802E5	9.086182E1	3.668769E1
2.048400E1	4.096800E4	3.410010E3	1.917437E0	-2.817990E1	2.824506E1	1.287939E5	8.414317E1	3.630495E1
2.048800E1	4.097600E4	3.409576E3	8.528454E0	-2.708102E1	2.839218E1	1.288075E5	7.753215E1	3.740383E1
2.049200E1	4.098400E4	3.406120E3	1.478867E1	-2.444868E1	2.857346E1	1.288212E5	7.127194E1	4.003617E1
2.049600E1	4.099200E4	3.397252E3	2.005994E1	-2.025031E1	2.850397E1	1.288347E5	6.600066E1	4.423453E1
2.050000E1	4.100000E4	3.442017E3	2.421489E1	-1.492789E1	2.844649E1	1.288483E5	6.184572E1	4.955696E1
2.050400E1	4.100800E4	3.467451E3	2.693987E1	-8.615460E0	2.828396E1	1.288623E5	5.912074E1	5.586939E1
2.050800E1	4.101600E4	3.462298E3	2.812487E1	-1.923873E0	2.819060E1	1.288761E5	5.793573E1	6.256098E1
2.051200E1	4.102400E4	3.447742E3	2.781184E1	4.885929E0	2.823775E1	1.288900E5	5.824877E1	6.937078E1
2.051600E1	4.103200E4	3.421137E3	2.579874E1	1.130807E1	2.816820E1	1.289037E5	6.026187E1	7.579292E1
2.052000E1	4.104000E4	3.454957E3	2.240304E1	1.708696E1	2.817553E1	1.289173E5	6.365756E1	8.157181E1
2.052400E1	4.104800E4	3.444990E3	1.760083E1	2.197602E1	2.815554E1	1.289313E5	6.845978E1	8.646087E1
2.052800E1	4.105600E4	3.399704E3	1.195459E1	2.551215E1	2.817414E1	1.289449E5	7.410601E1	8.999700E1
2.053200E1	4.106400E4	3.386682E3	5.590787E0	2.749440E1	2.805707E1	1.289585E5	8.046982E1	9.197925E1
2.053600E1	4.107200E4	3.429264E3	-9.662502E-1	2.785933E1	2.787608E1	1.289720E5	8.702686E1	9.234418E1
2.054000E1	4.108000E4	3.495622E3	-7.584785E0	2.655596E1	2.761790E1	1.289859E5	9.364539E1	9.104081E1
2.054400E1	4.108800E4	3.493136E3	-1.373281E1	2.383261E1	2.750606E1	1.290000E5	9.979341E1	8.831745E1
2.054800E1	4.109600E4	3.492413E3	-1.897347E1	1.972653E1	2.737021E1	1.290139E5	1.050341E2	8.421137E1
2.055200E1	4.110400E4	3.509839E3	-2.307406E1	1.447956E1	2.724096E1	1.290279E5	1.091347E2	7.896441E1
2.055600E1	4.111200E4	3.507335E3	-2.582239E1	8.408172E0	2.715683E1	1.290420E5	1.118830E2	7.289302E1
2.056000E1	4.112000E4	3.531684E3	-2.705770E1	1.916092E0	2.712546E1	1.290559E5	1.131183E2	6.640094E1
2.056400E1	4.112800E4	3.519143E3	-2.679051E1	-4.828783E0	2.722221E1	1.290702E5	1.128511E2	5.965607E1
2.056800E1	4.113600E4	3.490880E3	-2.493400E1	-1.115482E1	2.731546E1	1.290841E5	1.109946E2	5.333002E1
2.057200E1	4.114400E4	3.447911E3	-2.165621E1	-1.700779E1	2.753645E1	1.290981E5	1.077168E2	4.747706E1
2.057600E1	4.115200E4	3.415016E3	-1.714186E1	-2.169430E1	2.764934E1	1.291117E5	1.032025E2	4.279055E1
2.058000E1	4.116000E4	3.376791E3	-1.155324E1	-2.530979E1	2.782199E1	1.291255E5	9.761384E1	3.917505E1
2.058400E1	4.116800E4	3.365757E3	-5.503014E0	-2.754020E1	2.808462E1	1.291387E5	9.156362E1	3.694465E1
2.058800E1	4.117600E4	3.375512E3	1.176519E0	-2.818091E1	2.820545E1	1.291524E5	8.488409E1	3.630394E1
2.059200E1	4.118400E4	3.335215E3	7.694261E0	-2.736547E1	2.842658E1	1.291657E5	7.836634E1	3.711938E1
2.059600E1	4.119200E4	3.337632E3	1.382876E1	-2.487360E1	2.845928E1	1.291791E5	7.223185E1	3.961125E1
2.060000E1	4.120000E4	3.357466E3	1.918046E1	-2.100141E1	2.844204E1	1.291924E5	6.688014E1	4.348344E1
2.060400E1	4.120800E4	3.338693E3	2.337680E1	-1.580820E1	2.822010E1	1.292059E5	6.268380E1	4.867665E1
2.060800E1	4.121600E4	3.354463E3	2.627170E1	-1.002440E1	2.811922E1	1.292191E5	5.978891E1	5.446044E1
2.061200E1	4.122400E4	3.359151E3	2.794964E1	-3.546823E0	2.817378E1	1.292328E5	5.811097E1	6.093803E1
2.061600E1	4.123200E4	3.290990E3	2.803276E1	2.940437E0	2.818655E1	1.292460E5	5.802785E1	6.742529E1
2.062000E1	4.124000E4	3.349641E3	2.653930E1	9.187831E0	2.808470E1	1.292591E5	5.952131E1	7.367268E1
2.062400E1	4.124800E4	3.362851E3	2.370260E1	1.526659E1	2.819365E1	1.292728E5	6.235801E1	7.975144E1
2.062800E1	4.125600E4	3.315107E3	1.959840E1	2.029369E1	2.821225E1	1.292860E5	6.646220E1	8.477854E1
2.063200E1	4.126400E4	3.368829E3	1.441286E1	2.427983E1	2.823545E1	1.292993E5	7.164774E1	8.876467E1
2.063600E1	4.127200E4	3.353705E3	8.239481E0	2.686484E1	2.809997E1	1.293129E5	7.782112E1	9.134968E1
2.064000E1	4.128000E4	3.318310E3	1.875157E0	2.776031E1	2.782357E1	1.293261E5	8.418545E1	9.224516E1
2.064400E1	4.128800E4	3.368442E3	-4.561350E0	2.727033E1	2.764917E1	1.293395E5	9.062196E1	9.175517E1
2.064800E1	4.129600E4	3.345179E3	-1.085026E1	2.545877E1	2.767449E1	1.293531E5	9.691086E1	8.994362E1
2.065200E1	4.130400E4	3.340059E3	-1.622355E1	2.212041E1	2.743203E1	1.293663E5	1.022842E2	8.660526E1
2.065600E1	4.131200E4	3.437868E3	-2.094130E1	1.769448E1	2.741592E1	1.293798E5	1.070019E2	8.217933E1
2.066000E1	4.132000E4	3.427655E3	-2.432907E1	1.199249E1	2.712423E1	1.293938E5	1.103897E2	7.647734E1
2.066400E1	4.132800E4	3.403726E3	-2.637010E1	5.979096E0	2.703945E1	1.294072E5	1.124307E2	7.046394E1
2.066800E1	4.133600E4	3.459468E3	-2.693992E1	-4.654486E-1	2.694394E1	1.294210E5	1.130005E2	6.401940E1
2.067200E1	4.134400E4	3.419343E3	-2.612477E1	-6.951572E0	2.703383E1	1.294349E5	1.121854E2	5.753328E1
2.067600E1	4.135200E4	3.410144E3	-2.391767E1	-1.290234E1	2.717582E1	1.294483E5	1.099783E2	5.158251E1
2.068000E1	4.136000E4	3.423326E3	-2.023035E1	-1.833205E1	2.730075E1	1.294622E5	1.062910E2	4.615280E1
2.068400E1	4.136800E4	3.381685E3	-1.552578E1	-2.278656E1	2.757313E1	1.294757E5	1.015864E2	4.169828E1
2.068800E1	4.137600E4	3.310084E3	-9.823391E0	-2.590829E1	2.770810E1	1.294892E5	9.588400E1	3.857656E1
2.069200E1	4.138400E4	3.245161E3	-3.789605E0	-2.770737E1	2.796533E1	1.295022E5	8.985021E1	3.677748E1
2.069600E1	4.139200E4	3.271603E3	2.537811E0	-2.790443E1	2.801960E1	1.295152E5	8.352279E1	3.658042E1
2.070000E1	4.140000E4	3.256339E3	8.879250E0	-2.671589E1	2.815279E1	1.295284E5	7.718136E1	3.776896E1
2.070400E1	4.140800E4	3.225869E3	1.468769E1	-2.420717E1	2.831458E1	1.295412E5	7.137291E1	4.027768E1
2.070800E1	4.141600E4	3.237121E3	1.982721E1	-2.039474E1	2.844404E1	1.295542E5	6.623340E1	4.409011E1
2.071200E1	4.142400E4	3.226927E3	2.389919E1	-1.543492E1	2.845009E1	1.295671E5	6.216142E1	4.904993E1
2.071600E1	4.143200E4	3.237081E3	2.673947E1	-9.728657E0	2.845428E1	1.295800E5	5.932113E1	5.475619E1
2.072000E1	4.144000E4	3.246407E3	2.810440E1	-3.430431E0	2.831299E1	1.295930E5	5.795620E1	6.105442E1
2.072400E1	4.144800E4	3.240593E3	2.808708E1	2.941310E0	2.824067E1	1.296060E5	5.797352E1	6.742616E1
2.072800E1	4.145600E4	3.275022E3	2.661455E1	9.146270E0	2.814229E1	1.296190E5	5.944606E1	7.363112E1
2.073200E1	4.146400E4	3.315862E3	2.383439E1	1.499681E1	2.815994E1	1.296322E5	6.222622E1	7.948165E1
2.073600E1	4.147200E4	3.280656E3	1.978301E1	2.012608E1	2.822103E1	1.296455E5	6.627760E1	8.461093E1
2.074000E1	4.148000E4	3.223179E3	1.480684E1	2.409051E1	2.827711E1	1.296584E5	7.125377E1	8.857536E1
2.074400E1	4.148800E4	3.228885E3	9.033482E0	2.665450E1	2.814367E1	1.296713E5	7.702712E1	9.113935E1
2.074800E1	4.149600E4	3.246775E3	2.793875E0	2.776929E1	2.790948E1	1.296843E5	8.326673E1	9.225414E1
2.075200E1	4.150400E4	3.232777E3	-3.505517E0	2.754734E1	2.776949E1	1.296973E5	8.956612E1	9.203219E1
2.075600E1	4.151200E4	3.226841E3	-9.469030E0	2.585157E1	2.753118E1	1.297101E5	9.552964E1	9.033641E1
2.076000E1	4.152000E4	3.348191E3	-1.489119E1	2.287193E1	2.729236E1	1.297231E5	1.009518E2	8.735678E1
2.076400E1	4.152800E4	3.384430E3	-1.982105E1	1.854656E1	2.714496E1	1.297369E5	1.058817E2	8.303141E1
2.076800E1	4.153600E4	3.357175E3	-2.353817E1	1.351192E1	2.714070E1	1.297501E5	1.095988E2	7.799677E1
2.077200E1	4.154400E4	3.379345E3	-2.602521E1	7.580761E0	2.710682E1	1.297638E5	1.120858E2	7.206561E1
2.077600E1	4.155200E4	3.336589E3	-2.710669E1	1.336605E0	2.713962E1	1.297772E5	1.131673E2	6.582145E1
2.078000E1	4.156000E4	3.288977E3	-2.666545E1	-4.919358E0	2.711542E1	1.297905E5	1.127261E2	5.956549E1
2.078400E1	4.156800E4	3.289747E3	-2.507263E1	-1.089612E1	2.733792E1	1.298035E5	1.111332E2	5.358873E1
2.078800E1	4.157600E4	3.319713E3	-2.194703E1	-1.640093E1	2.739822E1	1.298168E5	1.080076E2	4.808392E1
2.079200E1	4.158400E4	3.290518E3	-1.768343E1	-2.110914E1	2.753723E1	1.298300E5	1.037440E2	4.337571E1
2.079600E1	4.159200E4	3.197097E3	-1.264252E1	-2.491413E1	2.793828E1	1.298431E5	9.870312E1	3.957072E1
2.080000E1	4.160000E4	3.178846E3	-6.960012E0	-2.715345E1	2.803126E1	1.298556E5	9.302062E1	3.733140E1
2.080400E1	4.160800E4	3.194459E3	-7.266933E-1	-2.823227E1	2.824163E1	1.298685E5	8.678730E1	3.625257E1
2.080800E1	4.161600E4	3.200292E3	5.492499E0	-2.779248E1	2.833001E1	1.298812E5	8.056811E1	3.669237E1
2.081200E1	4.162400E4	3.220112E3	1.163841E1	-2.598407E1	2.847147E1	1.298941E5	7.442219E1	3.850078E1
2.081600E1	4.163200E4	3.172361E3	1.707853E1	-2.271347E1	2.841792E1	1.299069E5	6.898207E1	4.177137E1
2.082000E1	4.164000E4	3.139426E3	2.158711E1	-1.843272E1	2.838606E1	1.299195E5	6.447350E1	4.605213E1
2.082400E1	4.164800E4	3.131640E3	2.506884E1	-1.329829E1	2.837765E1	1.299321E5	6.099177E1	5.118656E1
2.082800E1	4.165600E4	3.141147E3	2.728203E1	-7.535276E0	2.830352E1	1.299446E5	5.877858E1	5.694957E1
2.083200E1	4.166400E4	3.166906E3	2.811176E1	-1.382507E0	2.814573E1	1.299572E5	5.794885E1	6.310234E1
2.083600E1	4.167200E4	3.165255E3	2.778736E1	4.847239E0	2.820697E1	1.299699E5	5.827324E1	6.933209E1
2.084000E1	4.168000E4	3.163935E3	2.590929E1	1.073545E1	2.804534E1	1.299825E5	6.015132E1	7.522030E1
2.084400E1	4.168800E4	3.186072E3	2.290308E1	1.616031E1	2.803046E1	1.299952E5	6.315752E1	8.064516E1
2.084800E1	4.169600E4	3.172189E3	1.878272E1	2.085676E1	2.806768E1	1.300080E5	6.727789E1	8.534161E1
2.085200E1	4.170400E4	3.153307E3	1.379343E1	2.446355E1	2.808423E1	1.300206E5	7.226717E1	8.894840E1
2.085600E1	4.171200E4	3.179448E3	8.043221E0	2.667676E1	2.786293E1	1.300332E5	7.801738E1	9.116161E1
2.086000E1	4.172000E4	3.183726E3	1.929628E0	2.773203E1	2.779908E1	1.300460E5	8.413098E1	9.221688E1
2.086400E1	4.172800E4	3.160882E3	-4.167021E0	2.725897E1	2.757563E1	1.300587E5	9.022763E1	9.174382E1
2.086800E1	4.173600E4	3.227394E3	-9.993313E0	2.562259E1	2.750243E1	1.300713E5	9.605392E1	9.010744E1
2.087200E1	4.174400E4	3.242895E3	-1.556367E1	2.263634E1	2.747056E1	1.300845E5	1.016243E2	8.712119E1
2.087600E1	4.175200E4	3.222892E3	-2.004539E1	1.852982E1	2.729784E1	1.300972E5	1.061060E2	8.301467E1
2.088000E1	4.176000E4	3.291312E3	-2.356221E1	1.344308E1	2.712737E1	1.301103E5	1.096228E2	7.792793E1
2.088400E1	4.176800E4	3.291792E3	-2.608107E1	7.685766E0	2.718994E1	1.301236E5	1.121417E2	7.217061E1
2.088800E1	4.177600E4	3.224343E3	-2.707679E1	1.595367E0	2.712375E1	1.301366E5	1.131374E2	6.608022E1
2.089200E1	4.178400E4	3.229171E3	-2.677587E1	-4.420787E0	2.713836E1	1.301494E5	1.128365E2	6.006406E1
2.089600E1	4.179200E4	3.248779E3	-2.522887E1	-1.043023E1	2.729992E1	1.301625E5	1.112895E2	5.405462E1
2.090000E1	4.180000E4	3.212494E3	-2.236529E1	-1.587386E1	2.742600E1	1.301754E5	1.084259E2	4.861099E1
2.090400E1	4.180800E4	3.239432E3	-1.834337E1	-2.048811E1	2.749986E1	1.301882E5	1.044040E2	4.399673E1
2.090800E1	4.181600E4	3.191419E3	-1.331270E1	-2.429686E1	2.770497E1	1.302013E5	9.937331E1	4.018799E1
2.091200E1	4.182400E4	3.065188E3	-7.833127E0	-2.677454E1	2.789685E1	1.302137E5	9.389373E1	3.771030E1
2.091600E1	4.183200E4	3.055346E3	-2.048193E0	-2.790669E1	2.798175E1	1.302258E5	8.810880E1	3.657816E1
2.092000E1	4.184000E4	3.069777E3	3.997386E0	-2.796299E1	2.824726E1	1.302381E5	8.206322E1	3.652186E1
2.092400E1	4.184800E4	3.088493E3	9.802396E0	-2.641349E1	2.817373E1	1.302504E5	7.625821E1	3.807136E1
2.092800E1	4.185600E4	3.040789E3	1.537845E1	-2.382302E1	2.835547E1	1.302628E5	7.068216E1	4.066183E1
2.093200E1	4.186400E4	3.018321E3	1.992152E1	-2.014047E1	2.832853E1	1.302747E5	6.613908E1	4.434438E1
2.093600E1	4.187200E4	3.050046E3	2.377489E1	-1.544550E1	2.835152E1	1.302870E5	6.228572E1	4.903935E1
2.094000E1	4.188000E4	3.046398E3	2.648732E1	-1.012128E1	2.835522E1	1.302991E5	5.957329E1	5.436357E1
2.094400E1	4.188800E4	3.056065E3	2.803434E1	-4.259232E0	2.835604E1	1.303114E5	5.802627E1	6.022562E1
2.094800E1	4.189600E4	3.079937E3	2.810228E1	1.736416E0	2.815587E1	1.303235E5	5.795833E1	6.622126E1
2.095200E1	4.190400E4	3.112924E3	2.696547E1	7.732563E0	2.805226E1	1.303360E5	5.909514E1	7.221741E1
2.095600E1	4.191200E4	3.129266E3	2.463781E1	1.334338E1	2.801905E1	1.303484E5	6.142280E1	7.782823E1
2.096000E1	4.192000E4	3.124631E3	2.115025E1	1.840819E1	2.803916E1	1.303610E5	6.491036E1	8.289304E1
2.096400E1	4.192800E4	3.099240E3	1.671062E1	2.253060E1	2.805126E1	1.303734E5	6.934998E1	8.701545E1
2.096800E1	4.193600E4	3.084029E3	1.145856E1	2.553067E1	2.798417E1	1.303858E5	7.460204E1	9.001552E1
2.097200E1	4.194400E4	3.068362E3	5.748303E0	2.729758E1	2.789625E1	1.303981E5	8.031230E1	9.178243E1
2.097600E1	4.195200E4	3.051070E3	-1.823980E-1	2.782254E1	2.782314E1	1.304104E5	8.624300E1	9.230739E1
2.098000E1	4.196000E4	3.075086E3	-6.008723E0	2.706559E1	2.772456E1	1.304225E5	9.206933E1	9.155044E1
2.098400E1	4.196800E4	3.127317E3	-1.163606E1	2.498059E1	2.755772E1	1.304350E5	9.769667E1	8.946544E1
2.098800E1	4.197600E4	3.136743E3	-1.676785E1	2.182425E1	2.752197E1	1.304475E5	1.028285E2	8.630910E1
2.099200E1	4.198400E4	3.156509E3	-2.096916E1	1.755145E1	2.734518E1	1.304601E5	1.070298E2	8.203630E1
2.099600E1	4.199200E4	3.177802E3	-2.418435E1	1.243568E1	2.719428E1	1.304728E5	1.102450E2	7.692053E1
2.100000E1	4.200000E4	3.203251E3	-2.619574E1	6.778261E0	2.705849E1	1.304855E5	1.122563E2	7.126311E1
2.100400E1	4.200800E4	3.211474E3	-2.700961E1	7.480259E-1	2.701996E1	1.304984E5	1.130702E2	6.523287E1
2.100800E1	4.201600E4	3.186499E3	-2.655071E1	-5.249692E0	2.706472E1	1.305112E5	1.126113E2	5.923516E1
2.101200E1	4.202400E4	3.141468E3	-2.497549E1	-1.107053E1	2.731907E1	1.305239E5	1.110361E2	5.341432E1
2.101600E1	4.203200E4	3.106655E3	-2.222661E1	-1.633674E1	2.758462E1	1.305363E5	1.082872E2	4.814811E1
2.102000E1	4.204000E4	3.093108E3	-1.830300E1	-2.087707E1	2.776422E1	1.305488E5	1.043636E2	4.360778E1
2.102400E1	4.204800E4	3.051164E3	-1.344343E1	-2.431365E1	2.778271E1	1.305611E5	9.950403E1	4.017120E1
2.102800E1	4.205600E4	3.042681E3	-8.115796E0	-2.682691E1	2.802766E1	1.305732E5	9.417640E1	3.765793E1
2.103200E1	4.206400E4	3.034168E3	-2.247167E0	-2.794490E1	2.803511E1	1.305854E5	8.830777E1	3.653995E1
2.103600E1	4.207200E4	2.976750E3	3.644787E0	-2.790506E1	2.814209E1	1.305974E5	8.241582E1	3.657979E1
2.104000E1	4.208000E4	2.942523E3	9.316495E0	-2.672855E1	2.830570E1	1.306092E5	7.674411E1	3.775630E1
2.104400E1	4.208800E4	2.953196E3	1.452686E1	-2.419428E1	2.822043E1	1.306210E5	7.153374E1	4.029057E1
2.104800E1	4.209600E4	2.957043E3	1.932543E1	-2.083886E1	2.842060E1	1.306328E5	6.673517E1	4.364599E1
2.105200E1	4.210400E4	2.942079E3	2.314567E1	-1.642566E1	2.838177E1	1.306446E5	6.291493E1	4.805919E1
2.105600E1	4.211200E4	2.978927E3	2.593068E1	-1.134032E1	2.830200E1	1.306564E5	6.012992E1	5.314453E1
2.106000E1	4.212000E4	3.011947E3	2.765970E1	-5.642790E0	2.822942E1	1.306685E5	5.840091E1	5.884206E1
2.106400E1	4.212800E4	3.046527E3	2.815223E1	2.330398E-1	2.815319E1	1.306805E5	5.790838E1	6.471789E1
2.106800E1	4.213600E4	3.074714E3	2.733917E1	6.232217E0	2.804052E1	1.306928E5	5.872143E1	7.071707E1
2.107200E1	4.214400E4	3.005128E3	2.543859E1	1.190114E1	2.808485E1	1.307051E5	6.062202E1	7.638599E1
2.107600E1	4.215200E4	2.985604E3	2.236467E1	1.678130E1	2.796052E1	1.307169E5	6.369593E1	8.126615E1
2.108000E1	4.216000E4	3.035198E3	1.828527E1	2.100281E1	2.784725E1	1.307290E5	6.777533E1	8.548766E1
2.108400E1	4.216800E4	2.976014E3	1.351745E1	2.455187E1	2.802705E1	1.307412E5	7.254315E1	8.903672E1
2.108800E1	4.217600E4	2.963651E3	8.275929E0	2.667738E1	2.793159E1	1.307528E5	7.778468E1	9.116223E1
2.109200E1	4.218400E4	2.958860E3	2.488236E0	2.773510E1	2.784649E1	1.307649E5	8.357237E1	9.221995E1
2.109600E1	4.219200E4	2.950644E3	-3.109657E0	2.756768E1	2.774251E1	1.307764E5	8.917026E1	9.205252E1
2.110000E1	4.220000E4	3.031266E3	-8.746238E0	2.617220E1	2.759494E1	1.307885E5	9.480684E1	9.065705E1
2.110400E1	4.220800E4	3.053644E3	-1.402698E1	2.363733E1	2.748599E1	1.308007E5	1.000876E2	8.812218E1
2.110800E1	4.221600E4	3.050060E3	-1.866135E1	2.007654E1	2.741009E1	1.308129E5	1.047220E2	8.456139E1
2.111200E1	4.222400E4	3.068853E3	-2.240689E1	1.563916E1	2.732494E1	1.308251E5	1.084675E2	8.012401E1
2.111600E1	4.223200E4	3.063944E3	-2.504976E1	1.039716E1	2.712179E1	1.308375E5	1.111104E2	7.488201E1
2.112000E1	4.224000E4	3.103874E3	-2.663049E1	4.888586E0	2.707548E1	1.308496E5	1.126911E2	6.937343E1
2.112400E1	4.224800E4	3.150794E3	-2.710199E1	-1.083598E0	2.712365E1	1.308623E5	1.131626E2	6.340125E1
2.112800E1	4.225600E4	3.075232E3	-2.632048E1	-6.956293E0	2.722421E1	1.308748E5	1.123811E2	5.752856E1
2.113200E1	4.226400E4	3.061186E3	-2.419411E1	-1.226983E1	2.712754E1	1.308869E5	1.102547E2	5.221502E1
2.113600E1	4.227200E4	3.055301E3	-2.119634E1	-1.734517E1	2.738868E1	1.308993E5	1.072569E2	4.713968E1
2.114000E1	4.228000E4	2.991315E3	-1.729306E1	-2.161143E1	2.767858E1	1.309113E5	1.033537E2	4.287342E1
2.114400E1	4.228800E4	2.968340E3	-1.251215E1	-2.479599E1	2.777400E1	1.309232E5	9.857275E1	3.968886E1
2.114800E1	4.229600E4	2.956157E3	-7.188029E0	-2.697780E1	2.791898E1	1.309351E5	9.324864E1	3.750705E1
2.115200E1	4.230400E4	2.922129E3	-1.521907E0	-2.786326E1	2.790479E1	1.309469E5	8.758251E1	3.662159E1
2.115600E1	4.231200E4	2.884715E3	4.132502E0	-2.779186E1	2.809742E1	1.309585E5	8.192810E1	3.669299E1
2.116000E1	4.232000E4	2.856558E3	9.628869E0	-2.652524E1	2.821885E1	1.309700E5	7.643174E1	3.795961E1
2.116400E1	4.232800E4	2.860112E3	1.472318E1	-2.420579E1	2.833183E1	1.309813E5	7.133742E1	4.027905E1
2.116800E1	4.233600E4	2.872885E3	1.935983E1	-2.088317E1	2.847648E1	1.309928E5	6.670077E1	4.360168E1
2.117200E1	4.234400E4	2.898168E3	2.302729E1	-1.655096E1	2.835825E1	1.310043E5	6.303332E1	4.793389E1
2.117600E1	4.235200E4	2.885383E3	2.587065E1	-1.150887E1	2.831510E1	1.310160E5	6.018995E1	5.297598E1
2.118000E1	4.236000E4	2.886530E3	2.756834E1	-6.174271E0	2.825128E1	1.310274E5	5.849227E1	5.831058E1
2.118400E1	4.236800E4	2.910577E3	2.826677E1	-4.392289E-1	2.827018E1	1.310391E5	5.779383E1	6.404562E1
2.118800E1	4.237600E4	2.927083E3	2.757087E1	5.190053E0	2.805512E1	1.310507E5	5.848974E1	6.967490E1
2.119200E1	4.238400E4	2.942639E3	2.601848E1	1.079127E1	2.816759E1	1.310625E5	6.004213E1	7.527612E1
2.119600E1	4.239200E4	2.916422E3	2.322551E1	1.578519E1	2.808196E1	1.310742E5	6.283510E1	8.027004E1
2.120000E1	4.240000E4	2.930645E3	1.946121E1	2.005285E1	2.794379E1	1.310859E5	6.659939E1	8.453770E1
2.120400E1	4.240800E4	2.924294E3	1.497003E1	2.363192E1	2.797444E1	1.310976E5	7.109058E1	8.811677E1
2.120800E1	4.241600E4	2.902683E3	9.888185E0	2.610239E1	2.791256E1	1.311093E5	7.617242E1	9.058724E1
2.121200E1	4.242400E4	2.902900E3	4.434852E0	2.759078E1	2.794493E1	1.311209E5	8.162575E1	9.207563E1
2.121600E1	4.243200E4	2.940782E3	-1.204486E0	2.786218E1	2.788821E1	1.311325E5	8.726509E1	9.234703E1
2.122000E1	4.244000E4	2.922608E3	-6.896600E0	2.687055E1	2.774148E1	1.311444E5	9.295721E1	9.135540E1
2.122400E1	4.244800E4	2.932607E3	-1.200300E1	2.476735E1	2.752260E1	1.311559E5	9.806361E1	8.925220E1
2.122800E1	4.245600E4	2.983293E3	-1.677643E1	2.158470E1	2.733767E1	1.311679E5	1.028370E2	8.606955E1
2.123200E1	4.246400E4	2.971567E3	-2.080671E1	1.763128E1	2.727235E1	1.311797E5	1.068673E2	8.211613E1
2.123600E1	4.247200E4	3.002826E3	-2.392318E1	1.291999E1	2.718906E1	1.311916E5	1.099838E2	7.740484E1
2.124000E1	4.248000E4	2.982877E3	-2.604132E1	7.592726E0	2.712563E1	1.312037E5	1.121019E2	7.207757E1
2.124400E1	4.248800E4	2.942558E3	-2.707760E1	2.135222E0	2.716165E1	1.312155E5	1.131382E2	6.662007E1
2.124800E1	4.249600E4	2.960210E3	-2.690839E1	-3.440193E0	2.712741E1	1.312273E5	1.129690E2	6.104466E1
2.125200E1	4.250400E4	2.957130E3	-2.574644E1	-8.952213E0	2.725842E1	1.312392E5	1.118070E2	5.553264E1
2.125600E1	4.251200E4	2.981198E3	-2.342882E1	-1.404558E1	2.731644E1	1.312509E5	1.094894E2	5.043927E1
2.126000E1	4.252000E4	2.954000E3	-2.007068E1	-1.873095E1	2.745325E1	1.312630E5	1.061313E2	4.575390E1
2.126400E1	4.252800E4	2.901455E3	-1.603241E1	-2.253870E1	2.765920E1	1.312746E5	1.020930E2	4.194615E1
2.126800E1	4.253600E4	2.873826E3	-1.121919E1	-2.547841E1	2.783917E1	1.312862E5	9.727980E1	3.900644E1
2.127200E1	4.254400E4	2.850258E3	-6.034149E0	-2.736584E1	2.802321E1	1.312976E5	9.209475E1	3.711901E1
2.127600E1	4.255200E4	2.845696E3	-4.742839E-1	-2.819246E1	2.819645E1	1.313090E5	8.653489E1	3.629239E1
2.128000E1	4.256000E4	2.777950E3	5.104161E0	-2.800063E1	2.846204E1	1.313203E5	8.095645E1	3.648422E1
2.128400E1	4.256800E4	2.750884E3	1.029940E1	-2.647146E1	2.840450E1	1.313313E5	7.576121E1	3.801339E1
2.128800E1	4.257600E4	2.798371E3	1.515708E1	-2.394101E1	2.833565E1	1.313423E5	7.090353E1	4.054384E1
2.129200E1	4.258400E4	2.827236E3	1.951874E1	-2.046323E1	2.827941E1	1.313536E5	6.654186E1	4.402162E1
2.129600E1	4.259200E4	2.794970E3	2.328235E1	-1.632924E1	2.843786E1	1.313650E5	6.277826E1	4.815561E1
2.130000E1	4.260000E4	2.776582E3	2.582755E1	-1.149564E1	2.827034E1	1.313760E5	6.023305E1	5.298921E1
2.130400E1	4.260800E4	2.823788E3	2.760275E1	-6.287162E0	2.830972E1	1.313872E5	5.845785E1	5.819769E1
2.130800E1	4.261600E4	2.842805E3	2.821505E1	-6.911226E-1	2.822351E1	1.313986E5	5.784556E1	6.379373E1
2.131200E1	4.262400E4	2.858825E3	2.764540E1	4.830323E0	2.806421E1	1.314099E5	5.841521E1	6.931517E1
2.131600E1	4.263200E4	2.857471E3	2.609663E1	1.026261E1	2.804203E1	1.314215E5	5.996397E1	7.474746E1
2.132000E1	4.264000E4	2.833972E3	2.358272E1	1.518095E1	2.804649E1	1.314328E5	6.247789E1	7.966580E1
2.132400E1	4.264800E4	2.845370E3	2.021430E1	1.961586E1	2.816736E1	1.314441E5	6.584631E1	8.410071E1
2.132800E1	4.265600E4	2.829479E3	1.588308E1	2.313912E1	2.806583E1	1.314555E5	7.017753E1	8.762397E1
2.133200E1	4.266400E4	2.815376E3	1.109163E1	2.584761E1	2.812691E1	1.314668E5	7.496898E1	9.033246E1
2.133600E1	4.267200E4	2.826824E3	5.772692E0	2.729105E1	2.789490E1	1.314781E5	8.028791E1	9.177590E1
2.134000E1	4.268000E4	2.839015E3	2.960419E-1	2.778892E1	2.779050E1	1.314894E5	8.576456E1	9.227377E1
2.134400E1	4.268800E4	2.812053E3	-5.180355E0	2.723701E1	2.772527E1	1.315008E5	9.124096E1	9.172186E1
2.134800E1	4.269600E4	2.811324E3	-1.030956E1	2.566387E1	2.765721E1	1.315119E5	9.637016E1	9.014872E1
2.135200E1	4.270400E4	2.859877E3	-1.501924E1	2.289998E1	2.738589E1	1.315233E5	1.010798E2	8.738483E1
2.135600E1	4.271200E4	2.872663E3	-1.918637E1	1.934435E1	2.724557E1	1.315348E5	1.052470E2	8.382920E1
2.136000E1	4.272000E4	2.893900E3	-2.259098E1	1.510013E1	2.717290E1	1.315462E5	1.086516E2	7.958498E1
2.136400E1	4.272800E4	2.893255E3	-2.518852E1	1.021966E1	2.718277E1	1.315579E5	1.112491E2	7.470451E1
2.136800E1	4.273600E4	2.860655E3	-2.669780E1	5.002764E0	2.716248E1	1.315694E5	1.127584E2	6.948761E1
2.137200E1	4.274400E4	2.917365E3	-2.709528E1	-3.790654E-1	2.709793E1	1.315808E5	1.131559E2	6.410578E1
2.137600E1	4.275200E4	2.903532E3	-2.641943E1	-5.966299E0	2.708473E1	1.315927E5	1.124800E2	5.851855E1
2.138000E1	4.276000E4	2.837929E3	-2.468854E1	-1.100742E1	2.703123E1	1.316040E5	1.107491E2	5.347743E1
2.138400E1	4.276800E4	2.857399E3	-2.217362E1	-1.577492E1	2.721245E1	1.316154E5	1.082342E2	4.870993E1
2.138800E1	4.277600E4	2.838536E3	-1.863879E1	-1.991016E1	2.727305E1	1.316269E5	1.046994E2	4.457469E1
2.139200E1	4.278400E4	2.855695E3	-1.451504E1	-2.335332E1	2.749661E1	1.316381E5	1.005756E2	4.113153E1
2.139600E1	4.279200E4	2.786321E3	-9.605323E0	-2.601473E1	2.773136E1	1.316497E5	9.566593E1	3.847012E1
2.140000E1	4.280000E4	2.730535E3	-4.633155E0	-2.747430E1	2.786222E1	1.316604E5	9.069376E1	3.701054E1
2.140400E1	4.280800E4	2.777785E3	7.713376E-1	-2.798529E1	2.799591E1	1.316716E5	8.528927E1	3.649956E1
2.140800E1	4.281600E4	2.718112E3	6.154892E0	-2.742249E1	2.810473E1	1.316827E5	7.990571E1	3.706236E1
2.141200E1	4.282400E4	2.695703E3	1.118750E1	-2.594753E1	2.825659E1	1.316933E5	7.487311E1	3.853731E1
2.141600E1	4.283200E4	2.713881E3	1.586255E1	-2.332716E1	2.820952E1	1.317042E5	7.019806E1	4.115769E1
2.142000E1	4.284000E4	2.739193E3	2.000753E1	-1.998328E1	2.827778E1	1.317150E5	6.605308E1	4.450157E1
2.142400E1	4.284800E4	2.735273E3	2.346102E1	-1.574769E1	2.825614E1	1.317261E5	6.259959E1	4.873715E1
2.142800E1	4.285600E4	2.786148E3	2.584512E1	-1.101486E1	2.809443E1	1.317369E5	6.021549E1	5.346999E1
2.143200E1	4.286400E4	2.781761E3	2.746255E1	-5.627978E0	2.803330E1	1.317484E5	5.859806E1	5.885687E1
2.143600E1	4.287200E4	2.682954E3	2.798380E1	-4.049145E-1	2.798673E1	1.317592E5	5.807680E1	6.407993E1
2.144000E1	4.288000E4	2.719748E3	2.759224E1	4.806785E0	2.800780E1	1.317699E5	5.846836E1	6.929163E1
2.144400E1	4.288800E4	2.765860E3	2.613797E1	9.996276E0	2.798426E1	1.317809E5	5.992264E1	7.448112E1
2.144800E1	4.289600E4	2.743391E3	2.386133E1	1.491547E1	2.813955E1	1.317920E5	6.219928E1	7.940032E1
2.145200E1	4.290400E4	2.737884E3	2.053024E1	1.906194E1	2.801515E1	1.318029E5	6.553036E1	8.354679E1
2.145600E1	4.291200E4	2.704316E3	1.659114E1	2.276227E1	2.816712E1	1.318139E5	6.946947E1	8.724712E1
2.146000E1	4.292000E4	2.709925E3	1.208182E1	2.534219E1	2.807485E1	1.318245E5	7.397878E1	8.982704E1
2.146400E1	4.292800E4	2.755080E3	6.969260E0	2.712686E1	2.800780E1	1.318356E5	7.909135E1	9.161171E1
2.146800E1	4.293600E4	2.736655E3	1.681468E0	2.790157E1	2.795219E1	1.318466E5	8.437914E1	9.238642E1
2.147200E1	4.294400E4	2.749274E3	-3.610394E0	2.748005E1	2.771621E1	1.318575E5	8.967100E1	9.196490E1
2.147600E1	4.295200E4	2.762064E3	-8.805011E0	2.624616E1	2.768373E1	1.318685E5	9.486562E1	9.073100E1
2.148000E1	4.296000E4	2.777579E3	-1.360918E1	2.397471E1	2.756803E1	1.318796E5	9.966979E1	8.845956E1
2.148400E1	4.296800E4	2.788045E3	-1.799650E1	2.087409E1	2.756087E1	1.318908E5	1.040571E2	8.535894E1
2.148800E1	4.297600E4	2.791311E3	-2.150734E1	1.687260E1	2.733588E1	1.319019E5	1.075679E2	8.135745E1
2.149200E1	4.298400E4	2.793313E3	-2.416387E1	1.226084E1	2.709651E1	1.319131E5	1.102245E2	7.674569E1
2.149600E1	4.299200E4	2.789284E3	-2.598812E1	7.338146E0	2.700427E1	1.319242E5	1.120487E2	7.182299E1
2.150000E1	4.300000E4	2.796477E3	-2.698551E1	2.166054E0	2.707230E1	1.319354E5	1.130461E2	6.665090E1
2.150400E1	4.300800E4	2.834507E3	-2.684870E1	-3.108389E0	2.702804E1	1.319466E5	1.129093E2	6.137646E1
2.150800E1	4.301600E4	2.833539E3	-2.580897E1	-8.429151E0	2.715057E1	1.319581E5	1.118696E2	5.605570E1
2.151200E1	4.302400E4	2.777747E3	-2.385433E1	-1.337126E1	2.734629E1	1.319693E5	1.099149E2	5.111359E1
2.151600E1	4.303200E4	2.752210E3	-2.099953E1	-1.781450E1	2.753792E1	1.319803E5	1.070601E2	4.667034E1
2.152000E1	4.304000E4	2.737260E3	-1.726298E1	-2.153999E1	2.760401E1	1.319913E5	1.033236E2	4.294486E1
2.152400E1	4.304800E4	2.701725E3	-1.294602E1	-2.456156E1	2.776453E1	1.320022E5	9.900662E1	3.992329E1
2.152800E1	4.305600E4	2.689945E3	-8.188394E0	-2.662302E1	2.785381E1	1.320129E5	9.424900E1	3.786183E1
2.153200E1	4.306400E4	2.677466E3	-3.064978E0	-2.788062E1	2.804858E1	1.320237E5	8.912558E1	3.660423E1
2.153600E1	4.307200E4	2.606548E3	2.120137E0	-2.804311E1	2.812314E1	1.320343E5	8.394047E1	3.644174E1
2.154000E1	4.308000E4	2.592388E3	7.139987E0	-2.745223E1	2.836555E1	1.320446E5	7.892062E1	3.703262E1
2.154400E1	4.308800E4	2.620071E3	1.205195E1	-2.577195E1	2.845071E1	1.320551E5	7.400865E1	3.871290E1
2.154800E1	4.309600E4	2.624219E3	1.649786E1	-2.309546E1	2.838274E1	1.320655E5	6.956274E1	4.138939E1
2.155200E1	4.310400E4	2.650294E3	2.053163E1	-1.978817E1	2.851525E1	1.320761E5	6.552898E1	4.469668E1
2.155600E1	4.311200E4	2.666006E3	2.379637E1	-1.560643E1	2.845748E1	1.320867E5	6.226423E1	4.887842E1
2.156000E1	4.312000E4	2.655205E3	2.614223E1	-1.089031E1	2.831987E1	1.320974E5	5.991838E1	5.359454E1
2.156400E1	4.312800E4	2.676082E3	2.766002E1	-5.887649E0	2.827969E1	1.321080E5	5.840059E1	5.859720E1
2.156800E1	4.313600E4	2.658297E3	2.817458E1	-5.935908E-1	2.818084E1	1.321188E5	5.788602E1	6.389126E1
2.157200E1	4.314400E4	2.607440E3	2.777763E1	4.523808E0	2.814359E1	1.321292E5	5.828297E1	6.900866E1
2.157600E1	4.315200E4	2.666487E3	2.649516E1	9.461905E0	2.813399E1	1.321397E5	5.956544E1	7.394675E1
2.158000E1	4.316000E4	2.692436E3	2.426530E1	1.434003E1	2.818583E1	1.321506E5	6.179531E1	7.882488E1
2.158400E1	4.316800E4	2.678676E3	2.120830E1	1.856127E1	2.818356E1	1.321612E5	6.485231E1	8.304612E1
2.158800E1	4.317600E4	2.669091E3	1.725594E1	2.209548E1	2.803529E1	1.321720E5	6.880466E1	8.658032E1
2.159200E1	4.318400E4	2.677654E3	1.303218E1	2.508244E1	2.826600E1	1.321825E5	7.302842E1	8.956729E1
2.159600E1	4.319200E4	2.636920E3	7.983278E0	2.683480E1	2.799713E1	1.321934E5	7.807733E1	9.131965E1
2.160000E1	4.320000E4	2.576729E3	3.096501E0	2.778163E1	2.795367E1	1.322036E5	8.296411E1	9.226648E1
2.160400E1	4.320800E4	2.653744E3	-1.958317E0	2.768420E1	2.775337E1	1.322140E5	8.801892E1	9.216905E1
2.160800E1	4.321600E4	2.690268E3	-7.110376E0	2.677900E1	2.770690E1	1.322249E5	9.317098E1	9.126385E1
2.161200E1	4.322400E4	2.666679E3	-1.185543E1	2.477927E1	2.746932E1	1.322356E5	9.791603E1	8.926412E1
2.161600E1	4.323200E4	2.654153E3	-1.621475E1	2.215178E1	2.745213E1	1.322462E5	1.022754E2	8.663663E1
2.162000E1	4.324000E4	2.703771E3	-1.988165E1	1.866906E1	2.727295E1	1.322568E5	1.059423E2	8.315391E1
2.162400E1	4.324800E4	2.726573E3	-2.303659E1	1.448800E1	2.721372E1	1.322678E5	1.090972E2	7.897285E1
2.162800E1	4.325600E4	2.736395E3	-2.522113E1	9.876852E0	2.708612E1	1.322786E5	1.112817E2	7.436170E1
2.163200E1	4.326400E4	2.747015E3	-2.662418E1	4.826504E0	2.705813E1	1.322897E5	1.126848E2	6.931135E1
2.163600E1	4.327200E4	2.716046E3	-2.712461E1	-2.794699E-1	2.712605E1	1.323006E5	1.131852E2	6.420538E1
2.164000E1	4.328000E4	2.722879E3	-2.661922E1	-5.393115E0	2.716005E1	1.323115E5	1.126798E2	5.909173E1
2.164400E1	4.328800E4	2.725398E3	-2.517528E1	-1.036280E1	2.722466E1	1.323224E5	1.112359E2	5.412205E1
2.164800E1	4.329600E4	2.646915E3	-2.289489E1	-1.501421E1	2.737887E1	1.323333E5	1.089555E2	4.947064E1
2.165200E1	4.330400E4	2.606197E3	-1.990407E1	-1.892041E1	2.746186E1	1.323435E5	1.059647E2	4.556444E1
2.165600E1	4.331200E4	2.648188E3	-1.614682E1	-2.231087E1	2.754078E1	1.323541E5	1.022074E2	4.217398E1
2.166000E1	4.332000E4	2.649413E3	-1.184708E1	-2.510143E1	2.775671E1	1.323647E5	9.790769E1	3.938342E1
2.166400E1	4.332800E4	2.603680E3	-7.101374E0	-2.707132E1	2.798724E1	1.323753E5	9.316198E1	3.741353E1
2.166800E1	4.333600E4	2.527265E3	-2.187090E0	-2.818966E1	2.827438E1	1.323856E5	8.824770E1	3.629519E1
2.167200E1	4.334400E4	2.552646E3	2.734485E0	-2.829820E1	2.843001E1	1.323955E5	8.332612E1	3.618665E1
2.167600E1	4.335200E4	2.575027E3	7.885841E0	-2.752880E1	2.863602E1	1.324060E5	7.817477E1	3.695605E1
2.168000E1	4.336000E4	2.511885E3	1.259606E1	-2.568947E1	2.861135E1	1.324161E5	7.346455E1	3.879538E1
2.168400E1	4.336800E4	2.511140E3	1.685670E1	-2.313339E1	2.862345E1	1.324261E5	6.920390E1	4.135146E1
2.168800E1	4.337600E4	2.544559E3	2.062488E1	-1.977251E1	2.857163E1	1.324362E5	6.543572E1	4.471234E1
2.169200E1	4.338400E4	2.575339E3	2.377111E1	-1.577177E1	2.852743E1	1.324464E5	6.228950E1	4.871308E1
2.169600E1	4.339200E4	2.524401E3	2.610284E1	-1.118151E1	2.839690E1	1.324568E5	5.995777E1	5.330334E1
2.170000E1	4.340000E4	2.531649E3	2.755536E1	-6.548588E0	2.832282E1	1.324666E5	5.850524E1	5.793626E1
2.170400E1	4.340800E4	2.584711E3	2.823331E1	-1.447699E0	2.827040E1	1.324771E5	5.782730E1	6.303715E1
2.170800E1	4.341600E4	2.576003E3	2.789727E1	3.578287E0	2.812583E1	1.324873E5	5.816333E1	6.806314E1
2.171200E1	4.342400E4	2.582849E3	2.675574E1	8.524790E0	2.808099E1	1.324977E5	5.930486E1	7.300964E1
2.171600E1	4.343200E4	2.596154E3	2.481457E1	1.317860E1	2.809695E1	1.325080E5	6.124603E1	7.766345E1
2.172000E1	4.344000E4	2.606536E3	2.200794E1	1.746950E1	2.809863E1	1.325184E5	6.405267E1	8.195435E1
2.172400E1	4.344800E4	2.556856E3	1.854029E1	2.119653E1	2.816088E1	1.325288E5	6.752032E1	8.568138E1
2.172800E1	4.345600E4	2.530330E3	1.454655E1	2.411100E1	2.815923E1	1.325389E5	7.151406E1	8.859585E1
2.173200E1	4.346400E4	2.557553E3	1.008103E1	2.635398E1	2.821629E1	1.325491E5	7.597957E1	9.083882E1
2.173600E1	4.347200E4	2.575994E3	5.172358E0	2.752446E1	2.800624E1	1.325594E5	8.088825E1	9.200931E1
2.174000E1	4.348000E4	2.570210E3	1.582446E-1	2.788810E1	2.788855E1	1.325697E5	8.590236E1	9.237295E1
2.174400E1	4.348800E4	2.572157E3	-4.770080E0	2.727832E1	2.769224E1	1.325799E5	9.083069E1	9.176316E1
2.174800E1	4.349600E4	2.617304E3	-9.565604E0	2.592571E1	2.763409E1	1.325903E5	9.562621E1	9.041056E1
2.175200E1	4.350400E4	2.603867E3	-1.409127E1	2.358468E1	2.747364E1	1.326009E5	1.001519E2	8.806953E1
2.175600E1	4.351200E4	2.584184E3	-1.800785E1	2.065509E1	2.740284E1	1.326111E5	1.040685E2	8.513994E1
2.176000E1	4.352000E4	2.627402E3	-2.130519E1	1.692824E1	2.721170E1	1.326215E5	1.073658E2	8.141309E1
2.176400E1	4.352800E4	2.634449E3	-2.389854E1	1.265240E1	2.704115E1	1.326321E5	1.099591E2	7.713725E1
2.176800E1	4.353600E4	2.597154E3	-2.589119E1	8.110653E0	2.713183E1	1.326426E5	1.119518E2	7.259550E1
2.177200E1	4.354400E4	2.590051E3	-2.691743E1	3.362507E0	2.712664E1	1.326529E5	1.129780E2	6.784736E1
2.177600E1	4.355200E4	2.642009E3	-2.704783E1	-1.572246E0	2.709349E1	1.326633E5	1.131084E2	6.291260E1
2.178000E1	4.356000E4	2.629570E3	-2.628998E1	-6.562435E0	2.709666E1	1.326740E5	1.123506E2	5.792241E1
2.178400E1	4.356800E4	2.609436E3	-2.471706E1	-1.119308E1	2.713334E1	1.326844E5	1.107777E2	5.329177E1
2.178800E1	4.357600E4	2.626178E3	-2.246537E1	-1.566687E1	2.738875E1	1.326949E5	1.085260E2	4.881798E1
2.179200E1	4.358400E4	2.606413E3	-1.926983E1	-1.952220E1	2.743068E1	1.327054E5	1.053304E2	4.496265E1
2.179600E1	4.359200E4	2.512368E3	-1.554607E1	-2.282596E1	2.761711E1	1.327157E5	1.016067E2	4.165889E1
2.180000E1	4.360000E4	2.499457E3	-1.152334E1	-2.525258E1	2.775752E1	1.327255E5	9.758394E1	3.923227E1
2.180400E1	4.360800E4	2.521833E3	-6.880205E0	-2.706722E1	2.792797E1	1.327357E5	9.294081E1	3.741763E1
2.180800E1	4.361600E4	2.453528E3	-2.143464E0	-2.815451E1	2.823598E1	1.327456E5	8.820407E1	3.633034E1
2.181200E1	4.362400E4	2.473762E3	2.661383E0	-2.833244E1	2.845717E1	1.327554E5	8.339922E1	3.615241E1
2.181600E1	4.363200E4	2.476047E3	7.566482E0	-2.740185E1	2.842733E1	1.327654E5	7.849412E1	3.708299E1
2.182000E1	4.364000E4	2.392502E3	1.218833E1	-2.593128E1	2.865286E1	1.327752E5	7.387228E1	3.855357E1
2.182400E1	4.364800E4	2.397137E3	1.615170E1	-2.343381E1	2.846087E1	1.327846E5	6.990891E1	4.105104E1
2.182800E1	4.365600E4	2.452385E3	1.988595E1	-2.034110E1	2.844664E1	1.327944E5	6.617466E1	4.414375E1
2.183200E1	4.366400E4	2.461591E3	2.299385E1	-1.658641E1	2.835183E1	1.328042E5	6.306675E1	4.789844E1
2.183600E1	4.367200E4	2.446131E3	2.542657E1	-1.237694E1	2.827895E1	1.328140E5	6.063404E1	5.210791E1
2.184000E1	4.368000E4	2.475793E3	2.703792E1	-7.873366E0	2.816095E1	1.328238E5	5.902269E1	5.661148E1
2.184400E1	4.368800E4	2.530738E3	2.782355E1	-2.997632E0	2.798456E1	1.328339E5	5.823706E1	6.148722E1
2.184800E1	4.369600E4	2.509745E3	2.806976E1	1.967995E0	2.813866E1	1.328440E5	5.799085E1	6.645284E1
2.185200E1	4.370400E4	2.469729E3	2.715462E1	6.734574E0	2.797728E1	1.328539E5	5.890598E1	7.121942E1
2.185600E1	4.371200E4	2.477587E3	2.558238E1	1.126629E1	2.795331E1	1.328638E5	6.047822E1	7.575113E1
2.186000E1	4.372000E4	2.505865E3	2.334463E1	1.559808E1	2.807618E1	1.328737E5	6.271597E1	8.008293E1
2.186400E1	4.372800E4	2.505707E3	2.026228E1	1.944118E1	2.808059E1	1.328838E5	6.579833E1	8.392603E1
2.186800E1	4.373600E4	2.419969E3	1.651116E1	2.255563E1	2.795308E1	1.328938E5	6.954945E1	8.704048E1
2.187200E1	4.374400E4	2.407872E3	1.261247E1	2.494140E1	2.794902E1	1.329032E5	7.344814E1	8.942625E1
2.187600E1	4.375200E4	2.490592E3	8.096401E0	2.657854E1	2.778436E1	1.329131E5	7.796420E1	9.106339E1
2.188000E1	4.376000E4	2.529047E3	3.331386E0	2.752801E1	2.772886E1	1.329231E5	8.272922E1	9.201286E1
2.188400E1	4.376800E4	2.529433E3	-1.589835E0	2.765252E1	2.769818E1	1.329333E5	8.765044E1	9.213736E1
2.188800E1	4.377600E4	2.489026E3	-6.380500E0	2.691753E1	2.766341E1	1.329433E5	9.244111E1	9.140238E1
2.189200E1	4.378400E4	2.455921E3	-1.081897E1	2.523926E1	2.746034E1	1.329532E5	9.687958E1	8.972411E1
2.189600E1	4.379200E4	2.475077E3	-1.497675E1	2.307755E1	2.751139E1	1.329630E5	1.010374E2	8.756240E1
2.190000E1	4.380000E4	2.500471E3	-1.869321E1	2.004369E1	2.740777E1	1.329730E5	1.047538E2	8.452854E1
2.190400E1	4.380800E4	2.514020E3	-2.186786E1	1.648679E1	2.738644E1	1.329830E5	1.079285E2	8.097164E1
2.190800E1	4.381600E4	2.522669E3	-2.429697E1	1.231831E1	2.724121E1	1.329931E5	1.103576E2	7.680316E1
2.191200E1	4.382400E4	2.551049E3	-2.591464E1	7.840038E0	2.707461E1	1.330032E5	1.119752E2	7.232489E1
2.191600E1	4.383200E4	2.544919E3	-2.695290E1	3.059520E0	2.712599E1	1.330135E5	1.130135E2	6.754437E1
2.192000E1	4.384000E4	2.527894E3	-2.705816E1	-1.667769E0	2.710951E1	1.330235E5	1.131188E2	6.281708E1
2.192400E1	4.384800E4	2.544197E3	-2.626084E1	-6.424539E0	2.703528E1	1.330337E5	1.123214E2	5.806031E1
2.192800E1	4.385600E4	2.495484E3	-2.481399E1	-1.098601E1	2.713718E1	1.330439E5	1.108746E2	5.349884E1
2.193200E1	4.386400E4	2.504481E3	-2.263389E1	-1.510115E1	2.720915E1	1.330537E5	1.086945E2	4.938370E1
2.193600E1	4.387200E4	2.523353E3	-1.977067E1	-1.903669E1	2.744586E1	1.330639E5	1.058313E2	4.544816E1
2.194000E1	4.388000E4	2.489416E3	-1.636945E1	-2.244624E1	2.778116E1	1.330739E5	1.024301E2	4.203861E1
2.194400E1	4.388800E4	2.458847E3	-1.229895E1	-2.502981E1	2.788827E1	1.330838E5	9.835956E1	3.945504E1
2.194800E1	4.389600E4	2.422103E3	-7.960979E0	-2.699426E1	2.814369E1	1.330936E5	9.402158E1	3.749059E1
2.195200E1	4.390400E4	2.361499E3	-3.320988E0	-2.788631E1	2.808336E1	1.331032E5	8.938159E1	3.659854E1
2.195600E1	4.391200E4	2.338204E3	1.208222E0	-2.811789E1	2.814383E1	1.331125E5	8.485238E1	3.636696E1
2.196000E1	4.392000E4	2.357905E3	5.845660E0	-2.770549E1	2.831547E1	1.331219E5	8.021495E1	3.677936E1
2.196400E1	4.392800E4	2.327275E3	1.033383E1	-2.647250E1	2.841798E1	1.331313E5	7.572678E1	3.801235E1
2.196800E1	4.393600E4	2.355934E3	1.447402E1	-2.454022E1	2.849070E1	1.331405E5	7.158658E1	3.994463E1
2.197200E1	4.394400E4	2.372868E3	1.835821E1	-2.174618E1	2.845910E1	1.331502E5	6.770239E1	4.273867E1
2.197600E1	4.395200E4	2.365269E3	2.157461E1	-1.841643E1	2.836598E1	1.331595E5	6.448600E1	4.606841E1
2.198000E1	4.396000E4	2.377977E3	2.430497E1	-1.455006E1	2.832730E1	1.331691E5	6.175563E1	4.993479E1
2.198400E1	4.396800E4	2.340762E3	2.626677E1	-1.032600E1	2.822356E1	1.331785E5	5.979384E1	5.415885E1
2.198800E1	4.397600E4	2.397554E3	2.746217E1	-5.927777E0	2.809465E1	1.331878E5	5.859844E1	5.855707E1
2.199200E1	4.398400E4	2.415122E3	2.795474E1	-1.113181E0	2.797689E1	1.331977E5	5.810587E1	6.337167E1
2.199600E1	4.399200E4	2.394498E3	2.776759E1	3.478529E0	2.798463E1	1.332071E5	5.829301E1	6.796338E1
2.200000E1	4.400000E4	2.440167E3	2.679444E1	8.128324E0	2.800021E1	1.332169E5	5.926617E1	7.261317E1
2.200400E1	4.400800E4	2.402901E3	2.506568E1	1.258577E1	2.804800E1	1.332267E5	6.099492E1	7.707062E1
2.200800E1	4.401600E4	2.361902E3	2.265012E1	1.651604E1	2.803226E1	1.332361E5	6.341049E1	8.100089E1
2.201200E1	4.402400E4	2.400909E3	1.966086E1	2.004687E1	2.807893E1	1.332456E5	6.639974E1	8.453172E1
2.201600E1	4.403200E4	2.401903E3	1.603240E1	2.315900E1	2.816696E1	1.332553E5	7.002820E1	8.764385E1
2.202000E1	4.404000E4	2.367307E3	1.201192E1	2.549449E1	2.818254E1	1.332648E5	7.404869E1	8.997934E1
2.202400E1	4.404800E4	2.392416E3	7.625347E0	2.702762E1	2.808270E1	1.332742E5	7.843526E1	9.151246E1
2.202800E1	4.405600E4	2.356654E3	2.977954E0	2.791852E1	2.807689E1	1.332839E5	8.308265E1	9.240336E1
2.203200E1	4.406400E4	2.342358E3	-1.503158E0	2.777484E1	2.781549E1	1.332931E5	8.756376E1	9.225969E1
2.203600E1	4.407200E4	2.377458E3	-6.060215E0	2.700031E1	2.767206E1	1.333027E5	9.212082E1	9.148515E1
2.204000E1	4.408000E4	2.382369E3	-1.042136E1	2.564231E1	2.767910E1	1.333121E5	9.648197E1	9.012715E1
2.204400E1	4.408800E4	2.392805E3	-1.436823E1	2.325567E1	2.733628E1	1.333217E5	1.004288E2	8.774052E1
2.204800E1	4.409600E4	2.452843E3	-1.803109E1	2.055335E1	2.734155E1	1.333313E5	1.040917E2	8.503820E1
2.205200E1	4.410400E4	2.441176E3	-2.125435E1	1.700842E1	2.722193E1	1.333413E5	1.073150E2	8.149327E1
2.205600E1	4.411200E4	2.434151E3	-2.366506E1	1.323175E1	2.711299E1	1.333508E5	1.097257E2	7.771660E1
2.206000E1	4.412000E4	2.482071E3	-2.550101E1	8.877752E0	2.700215E1	1.333608E5	1.115616E2	7.336260E1
2.206400E1	4.412800E4	2.480771E3	-2.661213E1	4.383721E0	2.697077E1	1.333706E5	1.126727E2	6.886857E1
2.206800E1	4.413600E4	2.461926E3	-2.699936E1	-3.069961E-1	2.700111E1	1.333807E5	1.130600E2	6.417785E1
2.207200E1	4.414400E4	2.402007E3	-2.663877E1	-4.860913E0	2.707864E1	1.333903E5	1.126994E2	5.962394E1
2.207600E1	4.415200E4	2.417951E3	-2.553148E1	-9.225896E0	2.714726E1	1.333999E5	1.115921E2	5.525895E1
2.208000E1	4.416000E4	2.444209E3	-2.378384E1	-1.355775E1	2.737670E1	1.334097E5	1.098444E2	5.092710E1
2.208400E1	4.416800E4	2.396150E3	-2.123185E1	-1.745319E1	2.748464E1	1.334194E5	1.072925E2	4.703166E1
2.208800E1	4.417600E4	2.370772E3	-1.811180E1	-2.072839E1	2.752642E1	1.334289E5	1.041724E2	4.375646E1
2.209200E1	4.418400E4	2.393945E3	-1.449251E1	-2.354560E1	2.764829E1	1.334384E5	1.005531E2	4.093925E1
2.209600E1	4.419200E4	2.388151E3	-1.038814E1	-2.571885E1	2.773757E1	1.334480E5	9.644875E1	3.876600E1
2.210000E1	4.420000E4	2.296206E3	-6.057817E0	-2.730828E1	2.797212E1	1.334575E5	9.211842E1	3.717656E1
2.210400E1	4.420800E4	2.237541E3	-1.779472E0	-2.809057E1	2.814688E1	1.334664E5	8.784008E1	3.639428E1
2.210800E1	4.421600E4	2.271723E3	2.668598E0	-2.826823E1	2.839391E1	1.334754E5	8.339201E1	3.621662E1
2.211200E1	4.422400E4	2.256689E3	7.171077E0	-2.763084E1	2.854624E1	1.334845E5	7.888953E1	3.685401E1
2.211600E1	4.423200E4	2.234775E3	1.134864E1	-2.616699E1	2.852197E1	1.334934E5	7.471197E1	3.831786E1
2.212000E1	4.424000E4	2.264602E3	1.525707E1	-2.401601E1	2.845254E1	1.335024E5	7.080354E1	4.046884E1
2.212400E1	4.424800E4	2.264310E3	1.885416E1	-2.126342E1	2.841852E1	1.335116E5	6.720645E1	4.322142E1
2.212800E1	4.425600E4	2.253209E3	2.191787E1	-1.804089E1	2.838779E1	1.335205E5	6.414274E1	4.644396E1
2.213200E1	4.426400E4	2.269663E3	2.446800E1	-1.436167E1	2.837147E1	1.335296E5	6.159261E1	5.012318E1
2.213600E1	4.427200E4	2.285713E3	2.621114E1	-1.021979E1	2.813304E1	1.335387E5	5.984947E1	5.426506E1
2.214000E1	4.428000E4	2.329070E3	2.743197E1	-5.893628E0	2.805793E1	1.335479E5	5.862864E1	5.859122E1
2.214400E1	4.428800E4	2.323011E3	2.793226E1	-1.301803E0	2.796258E1	1.335573E5	5.812834E1	6.318305E1
2.214800E1	4.429600E4	2.340947E3	2.781859E1	3.149210E0	2.799628E1	1.335665E5	5.824201E1	6.763406E1
2.215200E1	4.430400E4	2.344880E3	2.703419E1	7.782165E0	2.813200E1	1.335761E5	5.902642E1	7.226701E1
2.215600E1	4.431200E4	2.285139E3	2.528742E1	1.190891E1	2.795131E1	1.335852E5	6.077319E1	7.639376E1
2.216000E1	4.432000E4	2.291277E3	2.301675E1	1.572470E1	2.787538E1	1.335943E5	6.304386E1	8.020955E1
2.216400E1	4.432800E4	2.338419E3	2.024552E1	1.924450E1	2.793263E1	1.336035E5	6.581509E1	8.372935E1
2.216800E1	4.433600E4	2.319470E3	1.682850E1	2.237086E1	2.799381E1	1.336130E5	6.923211E1	8.685571E1
2.217200E1	4.434400E4	2.269245E3	1.305249E1	2.465572E1	2.789753E1	1.336221E5	7.300811E1	8.914057E1
2.217600E1	4.435200E4	2.289008E3	8.962900E0	2.633078E1	2.781445E1	1.336312E5	7.709771E1	9.081563E1
2.218000E1	4.436000E4	2.274949E3	4.640336E0	2.748130E1	2.787032E1	1.336404E5	8.142027E1	9.196615E1
2.218400E1	4.436800E4	2.279180E3	2.899462E-1	2.774256E1	2.774408E1	1.336494E5	8.577066E1	9.222741E1
2.218800E1	4.437600E4	2.299908E3	-4.172234E0	2.742827E1	2.774378E1	1.336586E5	9.023284E1	9.191312E1
2.219200E1	4.438400E4	2.271944E3	-8.441384E0	2.629109E1	2.761301E1	1.336678E5	9.450199E1	9.077594E1
2.219600E1	4.439200E4	2.294518E3	-1.240601E1	2.453338E1	2.749174E1	1.336768E5	9.846662E1	8.901823E1
2.220000E1	4.440000E4	2.314740E3	-1.615281E1	2.210512E1	2.737791E1	1.336862E5	1.022134E2	8.658997E1
2.220400E1	4.440800E4	2.320433E3	-1.942111E1	1.919018E1	2.730279E1	1.336953E5	1.054817E2	8.367503E1
2.220800E1	4.441600E4	2.370635E3	-2.213594E1	1.566148E1	2.711608E1	1.337047E5	1.081965E2	8.014632E1
2.221200E1	4.442400E4	2.379321E3	-2.429859E1	1.169007E1	2.696440E1	1.337143E5	1.103592E2	7.617492E1
2.221600E1	4.443200E4	2.363544E3	-2.575707E1	7.505235E0	2.682825E1	1.337238E5	1.118177E2	7.199008E1
2.222000E1	4.444000E4	2.371476E3	-2.682746E1	3.191331E0	2.701661E1	1.337332E5	1.128881E2	6.767618E1
2.222400E1	4.444800E4	2.385961E3	-2.702623E1	-1.287032E0	2.705685E1	1.337427E5	1.130868E2	6.319782E1
2.222800E1	4.445600E4	2.336686E3	-2.644269E1	-5.767274E0	2.706432E1	1.337523E5	1.125033E2	5.871757E1
2.223200E1	4.446400E4	2.296349E3	-2.514409E1	-9.863956E0	2.700968E1	1.337614E5	1.112047E2	5.462089E1
2.223600E1	4.447200E4	2.320301E3	-2.327115E1	-1.380344E1	2.705700E1	1.337707E5	1.093318E2	5.068141E1
2.224000E1	4.448000E4	2.328877E3	-2.078508E1	-1.742984E1	2.712599E1	1.337800E5	1.068457E2	4.705500E1
2.224400E1	4.448800E4	2.274285E3	-1.793542E1	-2.085598E1	2.750729E1	1.337893E5	1.039960E2	4.362887E1
2.224800E1	4.449600E4	2.274072E3	-1.447551E1	-2.332536E1	2.745201E1	1.337982E5	1.005361E2	4.115949E1
2.225200E1	4.450400E4	2.241884E3	-1.060577E1	-2.560228E1	2.771208E1	1.338075E5	9.666637E1	3.888257E1
2.225600E1	4.451200E4	2.203651E3	-6.706911E0	-2.712512E1	2.794199E1	1.338161E5	9.276752E1	3.735973E1
2.226000E1	4.452000E4	2.216107E3	-2.387840E0	-2.801025E1	2.811185E1	1.338251E5	8.844845E1	3.647459E1
2.226400E1	4.452800E4	2.185048E3	1.886943E0	-2.810839E1	2.817165E1	1.338338E5	8.417366E1	3.637646E1
2.226800E1	4.453600E4	2.163810E3	6.197276E0	-2.770737E1	2.839198E1	1.338426E5	7.986333E1	3.677748E1
2.227200E1	4.454400E4	2.148444E3	1.024785E1	-2.648766E1	2.840097E1	1.338512E5	7.581275E1	3.799718E1
2.227600E1	4.455200E4	2.170361E3	1.410393E1	-2.463151E1	2.838366E1	1.338598E5	7.195668E1	3.985334E1
2.228000E1	4.456000E4	2.166072E3	1.768566E1	-2.222284E1	2.840135E1	1.338685E5	6.837495E1	4.226201E1
2.228400E1	4.456800E4	2.169092E3	2.085922E1	-1.936738E1	2.846406E1	1.338771E5	6.520138E1	4.511747E1
2.228800E1	4.457600E4	2.233759E3	2.357623E1	-1.598233E1	2.848286E1	1.338859E5	6.248437E1	4.850252E1
2.229200E1	4.458400E4	2.261635E3	2.570374E1	-1.198914E1	2.836233E1	1.338950E5	6.035687E1	5.249570E1
2.229600E1	4.459200E4	2.217836E3	2.718259E1	-7.815162E0	2.828374E1	1.339040E5	5.887801E1	5.666969E1
2.230000E1	4.460000E4	2.200150E3	2.796574E1	-3.564309E0	2.819196E1	1.339127E5	5.809487E1	6.092054E1
2.230400E1	4.460800E4	2.196596E3	2.815647E1	7.672676E-1	2.816693E1	1.339216E5	5.790413E1	6.525212E1
2.230800E1	4.461600E4	2.210983E3	2.765604E1	5.030654E0	2.810985E1	1.339303E5	5.840457E1	6.951550E1
2.231200E1	4.462400E4	2.228115E3	2.662284E1	9.296484E0	2.819929E1	1.339392E5	5.943777E1	7.378133E1
2.231600E1	4.463200E4	2.225754E3	2.485525E1	1.329062E1	2.818553E1	1.339481E5	6.120536E1	7.777547E1
2.232000E1	4.464000E4	2.206973E3	2.250261E1	1.699071E1	2.819666E1	1.339571E5	6.355800E1	8.147556E1
2.232400E1	4.464800E4	2.196164E3	1.976332E1	2.031606E1	2.834310E1	1.339658E5	6.629729E1	8.480091E1
2.232800E1	4.465600E4	2.201952E3	1.638040E1	2.307003E1	2.829388E1	1.339746E5	6.968021E1	8.755488E1
2.233200E1	4.466400E4	2.186069E3	1.265309E1	2.527397E1	2.826436E1	1.339834E5	7.340752E1	8.975882E1
2.233600E1	4.467200E4	2.164117E3	8.659504E0	2.683066E1	2.819347E1	1.339921E5	7.740110E1	9.131551E1
2.234000E1	4.468000E4	2.158529E3	4.512673E0	2.761372E1	2.798002E1	1.340007E5	8.154793E1	9.209857E1
2.234400E1	4.468800E4	2.212909E3	3.000889E-1	2.777234E1	2.777396E1	1.340094E5	8.576052E1	9.225719E1
2.234800E1	4.469600E4	2.219330E3	-4.055362E0	2.739021E1	2.768880E1	1.340184E5	9.011597E1	9.187506E1
2.235200E1	4.470400E4	2.203376E3	-8.150169E0	2.643414E1	2.766205E1	1.340271E5	9.421078E1	9.091899E1
2.235600E1	4.471200E4	2.250325E3	-1.207910E1	2.471220E1	2.750631E1	1.340360E5	9.813970E1	8.919705E1
2.236000E1	4.472000E4	2.258067E3	-1.574901E1	2.237687E1	2.736340E1	1.340451E5	1.018096E2	8.686172E1
2.236400E1	4.472800E4	2.231130E3	-1.904760E1	1.964633E1	2.736402E1	1.340541E5	1.051082E2	8.413118E1
2.236800E1	4.473600E4	2.245644E3	-2.176796E1	1.641096E1	2.726103E1	1.340630E5	1.078286E2	8.089581E1
2.237200E1	4.474400E4	2.294376E3	-2.404431E1	1.274228E1	2.721203E1	1.340721E5	1.101049E2	7.722713E1
2.237600E1	4.475200E4	2.263815E3	-2.564093E1	8.657925E0	2.706321E1	1.340813E5	1.117015E2	7.314277E1
2.238000E1	4.476000E4	2.252405E3	-2.666838E1	4.611619E0	2.706418E1	1.340902E5	1.127290E2	6.909647E1
2.238400E1	4.476800E4	2.243450E3	-2.714805E1	3.025669E-1	2.714973E1	1.340994E5	1.132087E2	6.478742E1
2.238800E1	4.477600E4	2.193145E3	-2.682465E1	-3.835280E0	2.709744E1	1.341081E5	1.128853E2	6.064957E1
2.239200E1	4.478400E4	2.197561E3	-2.605432E1	-7.919197E0	2.723125E1	1.341169E5	1.121149E2	5.656565E1
2.239600E1	4.479200E4	2.238739E3	-2.449156E1	-1.179608E1	2.718426E1	1.341257E5	1.105522E2	5.268877E1
2.240000E1	4.480000E4	2.251281E3	-2.223715E1	-1.546474E1	2.708595E1	1.341348E5	1.082978E2	4.902011E1
2.240400E1	4.480800E4	2.192216E3	-1.970012E1	-1.884395E1	2.726150E1	1.341437E5	1.057607E2	4.564090E1
2.240800E1	4.481600E4	2.167118E3	-1.674235E1	-2.170452E1	2.741154E1	1.341524E5	1.028030E2	4.278033E1
2.241200E1	4.482400E4	2.180128E3	-1.333109E1	-2.411384E1	2.755350E1	1.341611E5	9.939169E1	4.037100E1
2.241600E1	4.483200E4	2.154293E3	-9.678792E0	-2.629950E1	2.802396E1	1.341698E5	9.573940E1	3.818535E1
2.242000E1	4.484000E4	2.098208E3	-5.692838E0	-2.748676E1	2.807010E1	1.341783E5	9.175344E1	3.699809E1
2.242400E1	4.484800E4	2.074374E3	-1.682431E0	-2.816030E1	2.821051E1	1.341866E5	8.774304E1	3.632455E1
2.242800E1	4.485600E4	2.067574E3	2.417354E0	-2.823321E1	2.833650E1	1.341949E5	8.364325E1	3.625164E1
2.243200E1	4.486400E4	2.058808E3	6.464129E0	-2.773073E1	2.847417E1	1.342031E5	7.959648E1	3.675411E1
2.243600E1	4.487200E4	2.073560E3	1.036430E1	-2.649524E1	2.845025E1	1.342114E5	7.569630E1	3.798961E1
2.244000E1	4.488000E4	2.105236E3	1.405034E1	-2.462286E1	2.834956E1	1.342197E5	7.201027E1	3.986198E1
2.244400E1	4.488800E4	2.125552E3	1.751439E1	-2.225191E1	2.831787E1	1.342282E5	6.854622E1	4.223293E1
2.244800E1	4.489600E4	2.121766E3	2.071095E1	-1.950717E1	2.845124E1	1.342367E5	6.534966E1	4.497768E1
2.245200E1	4.490400E4	2.083463E3	2.334660E1	-1.623824E1	2.843843E1	1.342452E5	6.271400E1	4.824661E1
2.245600E1	4.491200E4	2.072496E3	2.529230E1	-1.267531E1	2.829070E1	1.342534E5	6.076831E1	5.180954E1
2.246000E1	4.492000E4	2.155673E3	2.667137E1	-8.789617E0	2.808237E1	1.342618E5	5.938923E1	5.569523E1
2.246400E1	4.492800E4	2.159545E3	2.779406E1	-4.587564E0	2.817012E1	1.342706E5	5.826654E1	5.989728E1
2.246800E1	4.493600E4	2.094568E3	2.813453E1	-4.731149E-1	2.813851E1	1.342790E5	5.792607E1	6.401173E1
2.247200E1	4.494400E4	2.104017E3	2.786308E1	3.610901E0	2.809608E1	1.342874E5	5.819753E1	6.809575E1
2.247600E1	4.495200E4	2.140839E3	2.701046E1	7.678199E0	2.808060E1	1.342959E5	5.905014E1	7.216305E1
2.248000E1	4.496000E4	2.138981E3	2.546468E1	1.161071E1	2.798676E1	1.343045E5	6.059592E1	7.609556E1
2.248400E1	4.496800E4	2.151347E3	2.342511E1	1.520116E1	2.792510E1	1.343130E5	6.263549E1	7.968601E1
2.248800E1	4.497600E4	2.133050E3	2.085382E1	1.859415E1	2.793965E1	1.343217E5	6.520679E1	8.307900E1
2.249200E1	4.498400E4	2.093769E3	1.797146E1	2.145173E1	2.798482E1	1.343300E5	6.808915E1	8.593658E1
2.249600E1	4.499200E4	2.079703E3	1.464380E1	2.387005E1	2.800393E1	1.343385E5	7.141680E1	8.835490E1
2.250000E1	4.500000E4	2.091644E3	1.103798E1	2.560850E1	2.788605E1	1.343467E5	7.502263E1	9.009334E1
2.250400E1	4.500800E4	2.123401E3	7.091280E0	2.684864E1	2.776933E1	1.343552E5	7.896933E1	9.133349E1
2.250800E1	4.501600E4	2.119856E3	3.051405E0	2.750640E1	2.767514E1	1.343637E5	8.300920E1	9.199125E1
2.251200E1	4.502400E4	2.115834E3	-1.044099E0	2.763495E1	2.765467E1	1.343722E5	8.710471E1	9.211980E1
2.251600E1	4.503200E4	2.098429E3	-5.080067E0	2.715432E1	2.762543E1	1.343806E5	9.114067E1	9.163917E1
2.252000E1	4.504000E4	2.118550E3	-8.980563E0	2.615388E1	2.765277E1	1.343890E5	9.504117E1	9.063873E1
2.252400E1	4.504800E4	2.121225E3	-1.276302E1	2.447072E1	2.759911E1	1.343975E5	9.882363E1	8.895557E1
2.252800E1	4.505600E4	2.129343E3	-1.615194E1	2.229586E1	2.753163E1	1.344059E5	1.022125E2	8.678071E1
2.253200E1	4.506400E4	2.140777E3	-1.922374E1	1.950792E1	2.738816E1	1.344146E5	1.052843E2	8.399277E1
2.253600E1	4.507200E4	2.142164E3	-2.178841E1	1.639064E1	2.726515E1	1.344230E5	1.078490E2	8.087549E1
2.254000E1	4.508000E4	2.176628E3	-2.393527E1	1.287869E1	2.718010E1	1.344317E5	1.099959E2	7.736354E1
2.254400E1	4.508800E4	2.151694E3	-2.556402E1	9.072688E0	2.712624E1	1.344405E5	1.116246E2	7.355754E1
2.254800E1	4.509600E4	2.130417E3	-2.670978E1	5.225495E0	2.721614E1	1.344489E5	1.127704E2	6.971034E1
2.255200E1	4.510400E4	2.150163E3	-2.719658E1	1.185751E0	2.722242E1	1.344575E5	1.132572E2	6.567060E1
2.255600E1	4.511200E4	2.143738E3	-2.698591E1	-2.899106E0	2.714118E1	1.344661E5	1.130465E2	6.158574E1
2.256000E1	4.512000E4	2.136433E3	-2.621958E1	-6.855803E0	2.710107E1	1.344747E5	1.122802E2	5.762905E1
2.256400E1	4.512800E4	2.149613E3	-2.485577E1	-1.066514E1	2.704727E1	1.344832E5	1.109164E2	5.381971E1
2.256800E1	4.513600E4	2.139936E3	-2.310048E1	-1.435102E1	2.719529E1	1.344919E5	1.091611E2	5.013383E1
2.257200E1	4.514400E4	2.121254E3	-2.076818E1	-1.763935E1	2.724819E1	1.345003E5	1.068288E2	4.684550E1
2.257600E1	4.515200E4	2.122048E3	-1.806139E1	-2.064617E1	2.743133E1	1.345088E5	1.041220E2	4.383868E1
2.258000E1	4.516000E4	2.098972E3	-1.484515E1	-2.314069E1	2.749309E1	1.345173E5	1.009058E2	4.134416E1
2.258400E1	4.516800E4	2.084328E3	-1.147549E1	-2.531185E1	2.779166E1	1.345256E5	9.753610E1	3.917300E1
2.258800E1	4.517600E4	2.038489E3	-7.736314E0	-2.696864E1	2.805634E1	1.345340E5	9.379692E1	3.751621E1
2.259200E1	4.518400E4	2.002160E3	-3.928824E0	-2.767478E1	2.795227E1	1.345419E5	8.998943E1	3.681006E1
2.259600E1	4.519200E4	2.015783E3	5.403374E-3	-2.806256E1	2.806256E1	1.345500E5	8.605520E1	3.642229E1
2.260000E1	4.520000E4	2.019759E3	3.961979E0	-2.802653E1	2.830519E1	1.345580E5	8.209863E1	3.645832E1
2.260400E1	4.520800E4	2.009120E3	7.886661E0	-2.720080E1	2.832107E1	1.345662E5	7.817395E1	3.728405E1
2.260800E1	4.521600E4	1.963888E3	1.160419E1	-2.591809E1	2.839726E1	1.345741E5	7.445642E1	3.856676E1
2.261200E1	4.522400E4	1.950874E3	1.497327E1	-2.407409E1	2.835067E1	1.345819E5	7.108734E1	4.041076E1
2.261600E1	4.523200E4	2.001213E3	1.821226E1	-2.191631E1	2.849581E1	1.345897E5	6.784835E1	4.256854E1
2.262000E1	4.524000E4	2.012923E3	2.099629E1	-1.897831E1	2.830230E1	1.345979E5	6.506432E1	4.550653E1
2.262400E1	4.524800E4	2.016840E3	2.343595E1	-1.590933E1	2.832579E1	1.346058E5	6.262465E1	4.857552E1
2.262800E1	4.525600E4	1.998665E3	2.526804E1	-1.231060E1	2.810738E1	1.346140E5	6.079257E1	5.217425E1
2.263200E1	4.526400E4	2.004873E3	2.674803E1	-8.784489E0	2.815358E1	1.346218E5	5.931258E1	5.570036E1
2.263600E1	4.527200E4	2.071536E3	2.769838E1	-4.852265E0	2.812018E1	1.346301E5	5.836223E1	5.963258E1
2.264000E1	4.528000E4	2.055985E3	2.809243E1	-7.889807E-1	2.810350E1	1.346384E5	5.796818E1	6.369587E1
2.264400E1	4.528800E4	2.046175E3	2.794547E1	3.189668E0	2.812691E1	1.346465E5	5.811514E1	6.767452E1
2.264800E1	4.529600E4	2.044104E3	2.713559E1	7.149603E0	2.806166E1	1.346548E5	5.892502E1	7.163445E1
2.265200E1	4.530400E4	1.998582E3	2.592864E1	1.093367E1	2.813964E1	1.346629E5	6.013197E1	7.541852E1
2.265600E1	4.531200E4	2.000364E3	2.409599E1	1.433521E1	2.803774E1	1.346707E5	6.196462E1	7.882006E1
2.266000E1	4.532000E4	1.998791E3	2.180701E1	1.757546E1	2.800790E1	1.346789E5	6.425360E1	8.206031E1
2.266400E1	4.532800E4	2.049305E3	1.917857E1	2.038004E1	2.798506E1	1.346867E5	6.688204E1	8.486489E1
2.266800E1	4.533600E4	2.044218E3	1.597961E1	2.304455E1	2.804281E1	1.346953E5	7.008100E1	8.752939E1
2.267200E1	4.534400E4	1.990261E3	1.269833E1	2.502262E1	2.806028E1	1.347031E5	7.336228E1	8.950747E1
2.267600E1	4.535200E4	2.012895E3	9.073240E0	2.662775E1	2.813113E1	1.347112E5	7.698737E1	9.111260E1
2.268000E1	4.536000E4	2.023625E3	5.246784E0	2.749562E1	2.799175E1	1.347192E5	8.081382E1	9.198047E1
2.268400E1	4.536800E4	2.040555E3	1.276952E0	2.782882E1	2.785810E1	1.347274E5	8.478365E1	9.231367E1
2.268800E1	4.537600E4	2.040931E3	-2.666414E0	2.758580E1	2.771437E1	1.347355E5	8.872702E1	9.207065E1
2.269200E1	4.538400E4	2.034712E3	-6.548740E0	2.686357E1	2.765027E1	1.347437E5	9.260935E1	9.134842E1
2.269600E1	4.539200E4	2.023854E3	-1.024077E1	2.560544E1	2.757738E1	1.347518E5	9.630137E1	9.009029E1
2.270000E1	4.540000E4	2.045923E3	-1.369294E1	2.382136E1	2.747642E1	1.347599E5	9.975355E1	8.830621E1
2.270400E1	4.540800E4	2.025795E3	-1.686799E1	2.146153E1	2.729700E1	1.347682E5	1.029286E2	8.594638E1
2.270800E1	4.541600E4	2.005864E3	-1.971423E1	1.897315E1	2.736113E1	1.347761E5	1.057748E2	8.345799E1
2.271200E1	4.542400E4	1.988579E3	-2.219484E1	1.599977E1	2.736062E1	1.347842E5	1.082554E2	8.048462E1
2.271600E1	4.543200E4	2.021837E3	-2.408936E1	1.280528E1	2.728136E1	1.347920E5	1.101500E2	7.729013E1
2.272000E1	4.544000E4	2.062967E3	-2.557588E1	9.113356E0	2.715104E1	1.348004E5	1.116365E2	7.359820E1
2.272400E1	4.544800E4	2.075416E3	-2.663193E1	5.413591E0	2.717658E1	1.348085E5	1.126925E2	6.989844E1
2.272800E1	4.545600E4	2.075554E3	-2.712996E1	1.426087E0	2.716742E1	1.348170E5	1.131906E2	6.591094E1
2.273200E1	4.546400E4	2.059667E3	-2.697473E1	-2.414178E0	2.708255E1	1.348251E5	1.130353E2	6.207067E1
2.273600E1	4.547200E4	2.097123E3	-2.632780E1	-6.305366E0	2.707232E1	1.348335E5	1.123884E2	5.817948E1
2.274000E1	4.548000E4	2.094800E3	-2.509158E1	-1.008227E1	2.704144E1	1.348419E5	1.111522E2	5.440257E1
2.274400E1	4.548800E4	1.988410E3	-2.358947E1	-1.374415E1	2.730137E1	1.348502E5	1.096501E2	5.074070E1
2.274800E1	4.549600E4	1.929840E3	-2.165182E1	-1.679396E1	2.740143E1	1.348578E5	1.077124E2	4.769089E1
2.275200E1	4.550400E4	2.007608E3	-1.923384E1	-1.968589E1	2.752226E1	1.348657E5	1.052944E2	4.479895E1
2.275600E1	4.551200E4	2.018850E3	-1.625911E1	-2.226361E1	2.756858E1	1.348739E5	1.023197E2	4.222124E1
2.276000E1	4.552000E4	1.980116E3	-1.309450E1	-2.443780E1	2.772494E1	1.348818E5	9.915511E1	4.004705E1
2.276400E1	4.552800E4	1.936681E3	-9.672684E0	-2.614905E1	2.788071E1	1.348897E5	9.573329E1	3.833580E1
2.276800E1	4.553600E4	1.932540E3	-6.176550E0	-2.742921E1	2.811603E1	1.348973E5	9.223716E1	3.705564E1
2.277200E1	4.554400E4	1.943517E3	-2.377888E0	-2.808587E1	2.818635E1	1.349052E5	8.843849E1	3.639898E1
2.277600E1	4.555200E4	1.858910E3	1.418622E0	-2.841768E1	2.845307E1	1.349129E5	8.464198E1	3.606717E1
2.278000E1	4.556000E4	1.851669E3	4.960783E0	-2.804276E1	2.847816E1	1.349200E5	8.109982E1	3.644209E1
2.278400E1	4.556800E4	1.908946E3	8.678438E0	-2.724040E1	2.858941E1	1.349277E5	7.738217E1	3.724445E1
2.278800E1	4.557600E4	1.884461E3	1.223816E1	-2.588600E1	2.863316E1	1.349353E5	7.382244E1	3.859885E1
2.279200E1	4.558400E4	1.871234E3	1.540875E1	-2.395845E1	2.848573E1	1.349427E5	7.065185E1	4.052640E1
2.279600E1	4.559200E4	1.914681E3	1.828947E1	-2.158657E1	2.829284E1	1.349503E5	6.777114E1	4.289827E1
2.280000E1	4.560000E4	1.943651E3	2.100150E1	-1.886717E1	2.823178E1	1.349581E5	6.505911E1	4.561767E1
2.280400E1	4.560800E4	1.933579E3	2.325483E1	-1.579061E1	2.810925E1	1.349658E5	6.280578E1	4.869424E1
2.280800E1	4.561600E4	1.898155E3	2.517236E1	-1.253240E1	2.811954E1	1.349735E5	6.088824E1	5.195245E1
2.281200E1	4.562400E4	1.870845E3	2.657969E1	-9.148096E0	2.810992E1	1.349810E5	5.948092E1	5.533675E1
2.281600E1	4.563200E4	1.925327E3	2.767796E1	-5.631284E0	2.824502E1	1.349885E5	5.838264E1	5.885356E1
2.282000E1	4.564000E4	1.968380E3	2.809509E1	-1.762487E0	2.815032E1	1.349964E5	5.796552E1	6.272236E1
2.282400E1	4.564800E4	1.945734E3	2.804126E1	2.082233E0	2.811846E1	1.350042E5	5.801935E1	6.656708E1
2.282800E1	4.565600E4	1.911989E3	2.750770E1	5.835021E0	2.811976E1	1.350120E5	5.855291E1	7.031987E1
2.283200E1	4.566400E4	1.890255E3	2.652395E1	9.414862E0	2.814533E1	1.350195E5	5.953665E1	7.389971E1
2.283600E1	4.567200E4	1.917905E3	2.510206E1	1.284442E1	2.819739E1	1.350271E5	6.095855E1	7.732927E1
2.284000E1	4.568000E4	1.960755E3	2.298704E1	1.602758E1	2.802297E1	1.350349E5	6.307357E1	8.051243E1
2.284400E1	4.568800E4	1.951358E3	2.055616E1	1.902477E1	2.800889E1	1.350428E5	6.550444E1	8.350962E1
2.284800E1	4.569600E4	1.930323E3	1.794266E1	2.176369E1	2.820633E1	1.350505E5	6.811795E1	8.624854E1
2.285200E1	4.570400E4	1.897742E3	1.473660E1	2.379265E1	2.798674E1	1.350582E5	7.132400E1	8.827750E1
2.285600E1	4.571200E4	1.865897E3	1.152760E1	2.550554E1	2.798960E1	1.350657E5	7.453300E1	8.999038E1
2.286000E1	4.572000E4	1.911299E3	8.098204E0	2.674507E1	2.794422E1	1.350732E5	7.796240E1	9.122991E1
2.286400E1	4.572800E4	1.967750E3	4.351566E0	2.737914E1	2.772280E1	1.350810E5	8.170904E1	9.186399E1
2.286800E1	4.573600E4	1.907209E3	5.349099E-1	2.775960E1	2.776476E1	1.350889E5	8.552570E1	9.224445E1
2.287200E1	4.574400E4	1.907424E3	-2.996519E0	2.746389E1	2.762688E1	1.350962E5	8.905713E1	9.194874E1
2.287600E1	4.575200E4	1.968250E3	-6.738651E0	2.671817E1	2.755486E1	1.351042E5	9.279926E1	9.120302E1
2.288000E1	4.576000E4	1.934490E3	-1.028328E1	2.548687E1	2.748320E1	1.351120E5	9.634389E1	8.997172E1
2.288400E1	4.576800E4	1.986292E3	-1.353533E1	2.379611E1	2.737627E1	1.351196E5	9.959593E1	8.828096E1
2.288800E1	4.577600E4	1.968301E3	-1.681139E1	2.162388E1	2.739005E1	1.351279E5	1.028720E2	8.610873E1
2.289200E1	4.578400E4	1.891842E3	-1.945594E1	1.920103E1	2.733520E1	1.351354E5	1.055165E2	8.368588E1
2.289600E1	4.579200E4	1.914949E3	-2.173508E1	1.637983E1	2.721603E1	1.351430E5	1.077957E2	8.086468E1
2.290000E1	4.580000E4	1.959598E3	-2.374056E1	1.332400E1	2.722394E1	1.351507E5	1.098012E2	7.780885E1
2.290400E1	4.580800E4	2.002191E3	-2.530160E1	9.877585E0	2.716132E1	1.351587E5	1.113622E2	7.436243E1
2.290800E1	4.581600E4	1.946726E3	-2.625861E1	6.200050E0	2.698064E1	1.351667E5	1.123192E2	7.068490E1
2.291200E1	4.582400E4	1.948645E3	-2.687156E1	2.706562E0	2.700753E1	1.351742E5	1.129322E2	6.719141E1
2.291600E1	4.583200E4	1.993647E3	-2.693634E1	-1.083800E0	2.695813E1	1.351823E5	1.129969E2	6.340105E1
2.292000E1	4.584000E4	1.935555E3	-2.662585E1	-4.789604E0	2.705321E1	1.351902E5	1.126865E2	5.969524E1
2.292400E1	4.584800E4	1.922829E3	-2.583779E1	-8.289899E0	2.713510E1	1.351978E5	1.118984E2	5.619495E1
2.292800E1	4.585600E4	1.906388E3	-2.458904E1	-1.177067E1	2.726113E1	1.352056E5	1.106496E2	5.271418E1
2.293200E1	4.586400E4	1.871843E3	-2.294489E1	-1.492316E1	2.737094E1	1.352130E5	1.090055E2	4.956169E1
2.293600E1	4.587200E4	1.882989E3	-2.083785E1	-1.783183E1	2.742608E1	1.352206E5	1.068985E2	4.665302E1
2.294000E1	4.588000E4	1.927635E3	-1.832649E1	-2.042775E1	2.744364E1	1.352281E5	1.043871E2	4.405710E1
2.294400E1	4.588800E4	1.945012E3	-1.538541E1	-2.278928E1	2.749659E1	1.352360E5	1.014460E2	4.169557E1
2.294800E1	4.589600E4	1.883948E3	-1.221700E1	-2.467978E1	2.753810E1	1.352437E5	9.827761E1	3.980507E1
2.295200E1	4.590400E4	1.864540E3	-9.001946E0	-2.621436E1	2.771692E1	1.352510E5	9.506255E1	3.827049E1
2.295600E1	4.591200E4	1.802307E3	-5.533220E0	-2.739225E1	2.794552E1	1.352586E5	9.159383E1	3.709260E1
2.296000E1	4.592000E4	1.808712E3	-2.227954E0	-2.809639E1	2.818458E1	1.352655E5	8.828856E1	3.638846E1
2.296400E1	4.592800E4	1.845800E3	1.506736E0	-2.828128E1	2.832139E1	1.352730E5	8.455387E1	3.620357E1
2.296800E1	4.593600E4	1.795468E3	5.049715E0	-2.797405E1	2.842617E1	1.352802E5	8.101089E1	3.651080E1
2.297200E1	4.594400E4	1.804044E3	8.515496E0	-2.715073E1	2.845480E1	1.352874E5	7.754511E1	3.733412E1
2.297600E1	4.595200E4	1.809328E3	1.191973E1	-2.595728E1	2.856327E1	1.352947E5	7.414087E1	3.852757E1
2.298000E1	4.596000E4	1.762583E3	1.510019E1	-2.427078E1	2.858473E1	1.353019E5	7.096041E1	4.021407E1
2.298400E1	4.596800E4	1.749749E3	1.784672E1	-2.222422E1	2.850301E1	1.353088E5	6.821388E1	4.226063E1
2.298800E1	4.597600E4	1.833484E3	2.047927E1	-1.985549E1	2.852439E1	1.353159E5	6.558134E1	4.462936E1
2.299200E1	4.598400E4	1.840554E3	2.289355E1	-1.698156E1	2.850417E1	1.353234E5	6.316706E1	4.750329E1
2.299600E1	4.599200E4	1.823883E3	2.471085E1	-1.391791E1	2.836079E1	1.353306E5	6.134975E1	5.056693E1
2.300000E1	4.600000E4	1.816913E3	2.623536E1	-1.058675E1	2.829087E1	1.353380E5	5.982525E1	5.389810E1
2.300400E1	4.600800E4	1.776478E3	2.724963E1	-7.227273E0	2.819177E1	1.353451E5	5.881097E1	5.725758E1
2.300800E1	4.601600E4	1.821883E3	2.784595E1	-3.796459E0	2.810356E1	1.353522E5	5.821466E1	6.068839E1
2.301200E1	4.602400E4	1.829642E3	2.813501E1	-1.370940E-1	2.813535E1	1.353597E5	5.792559E1	6.434775E1
2.301600E1	4.603200E4	1.831210E3	2.793336E1	3.367158E0	2.813557E1	1.353669E5	5.812724E1	6.785201E1
2.302000E1	4.604000E4	1.843322E3	2.717801E1	6.963212E0	2.805585E1	1.353744E5	5.888259E1	7.144806E1
2.302400E1	4.604800E4	1.823765E3	2.594663E1	1.028347E1	2.791017E1	1.353816E5	6.011398E1	7.476832E1
2.302800E1	4.605600E4	1.823173E3	2.448157E1	1.354836E1	2.798044E1	1.353890E5	6.157904E1	7.803321E1
2.303200E1	4.606400E4	1.814493E3	2.259845E1	1.654282E1	2.800633E1	1.353962E5	6.346216E1	8.102767E1
2.303600E1	4.607200E4	1.844345E3	2.040774E1	1.935036E1	2.812316E1	1.354035E5	6.565287E1	8.383520E1
2.304000E1	4.608000E4	1.819805E3	1.766263E1	2.178053E1	2.804211E1	1.354110E5	6.839798E1	8.626538E1
2.304400E1	4.608800E4	1.804754E3	1.476857E1	2.366681E1	2.789675E1	1.354180E5	7.129203E1	8.815166E1
2.304800E1	4.609600E4	1.832577E3	1.163570E1	2.541243E1	2.794961E1	1.354254E5	7.442491E1	8.989727E1
2.305200E1	4.610400E4	1.827428E3	8.277836E0	2.656991E1	2.782953E1	1.354327E5	7.778277E1	9.105476E1
2.305600E1	4.611200E4	1.844527E3	4.822739E0	2.740030E1	2.782149E1	1.354400E5	8.123787E1	9.188515E1
2.306000E1	4.612000E4	1.834990E3	1.235692E0	2.776633E1	2.779381E1	1.354475E5	8.482491E1	9.225118E1
2.306400E1	4.612800E4	1.823228E3	-2.272071E0	2.765047E1	2.774366E1	1.354547E5	8.833268E1	9.213532E1
2.306800E1	4.613600E4	1.848309E3	-5.741048E0	2.692250E1	2.752781E1	1.354620E5	9.180165E1	9.140735E1
2.307200E1	4.614400E4	1.805133E3	-9.165798E0	2.590644E1	2.748009E1	1.354695E5	9.522640E1	9.039129E1
2.307600E1	4.615200E4	1.792145E3	-1.220280E1	2.449781E1	2.736880E1	1.354765E5	9.826341E1	8.898266E1
2.308000E1	4.616000E4	1.844447E3	-1.516435E1	2.263417E1	2.724451E1	1.354838E5	1.012250E2	8.711902E1
2.308400E1	4.616800E4	1.848150E3	-1.797032E1	2.050255E1	2.726329E1	1.354912E5	1.040309E2	8.498740E1
2.308800E1	4.617600E4	1.880680E3	-2.037527E1	1.795922E1	2.716036E1	1.354986E5	1.064359E2	8.244406E1
2.309200E1	4.618400E4	1.870685E3	-2.242490E1	1.496701E1	2.696086E1	1.355063E5	1.084855E2	7.945186E1
2.309600E1	4.619200E4	1.913757E3	-2.405804E1	1.195727E1	2.686569E1	1.355136E5	1.101186E2	7.644212E1
2.310000E1	4.620000E4	1.889303E3	-2.545361E1	8.472325E0	2.682660E1	1.355216E5	1.115142E2	7.295717E1
2.310400E1	4.620800E4	1.777138E3	-2.626783E1	5.255392E0	2.678839E1	1.355287E5	1.123284E2	6.974024E1
2.310800E1	4.621600E4	1.848837E3	-2.673874E1	1.960336E0	2.681051E1	1.355358E5	1.127994E2	6.644518E1
2.311200E1	4.622400E4	1.927636E3	-2.694228E1	-1.636973E0	2.699196E1	1.355435E5	1.130029E2	6.284788E1
2.311600E1	4.623200E4	1.852274E3	-2.642398E1	-5.245501E0	2.693960E1	1.355512E5	1.124846E2	5.923935E1
2.312000E1	4.624000E4	1.770132E3	-2.562578E1	-8.472497E0	2.699007E1	1.355583E5	1.116864E2	5.601235E1
2.312400E1	4.624800E4	1.786172E3	-2.453820E1	-1.164584E1	2.716154E1	1.355654E5	1.105988E2	5.283901E1
2.312800E1	4.625600E4	1.798851E3	-2.301729E1	-1.471140E1	2.731705E1	1.355726E5	1.090779E2	4.977345E1
2.313200E1	4.626400E4	1.816374E3	-2.102305E1	-1.750323E1	2.735565E1	1.355798E5	1.070837E2	4.698162E1
2.313600E1	4.627200E4	1.797738E3	-1.868402E1	-2.011731E1	2.745539E1	1.355871E5	1.047446E2	4.436754E1
2.314000E1	4.628000E4	1.768219E3	-1.620927E1	-2.244312E1	2.768455E1	1.355942E5	1.022699E2	4.204173E1
2.314400E1	4.628800E4	1.812417E3	-1.330787E1	-2.426833E1	2.767763E1	1.356013E5	9.936847E1	4.021652E1
2.314800E1	4.629600E4	1.768690E3	-1.014009E1	-2.595589E1	2.786628E1	1.356087E5	9.620069E1	3.852896E1
2.315200E1	4.630400E4	1.724688E3	-7.040008E0	-2.704784E1	2.794901E1	1.356154E5	9.310061E1	3.743701E1
2.315600E1	4.631200E4	1.694285E3	-3.692437E0	-2.789110E1	2.813445E1	1.356225E5	8.975304E1	3.659375E1
2.316000E1	4.632000E4	1.683384E3	-5.082457E-1	-2.813373E1	2.813832E1	1.356290E5	8.656885E1	3.635112E1
2.316400E1	4.632800E4	1.721680E3	2.921139E0	-2.814393E1	2.829512E1	1.356359E5	8.313947E1	3.634092E1
2.316800E1	4.633600E4	1.683845E3	6.275933E0	-2.776155E1	2.846210E1	1.356427E5	7.978467E1	3.672330E1
2.317200E1	4.634400E4	1.617405E3	9.438974E0	-2.680875E1	2.842188E1	1.356494E5	7.662163E1	3.767610E1
2.317600E1	4.635200E4	1.706868E3	1.229764E1	-2.557804E1	2.838077E1	1.356557E5	7.376297E1	3.890681E1
2.318000E1	4.636000E4	1.766549E3	1.548842E1	-2.380332E1	2.839876E1	1.356631E5	7.057218E1	4.068153E1
2.318400E1	4.636800E4	1.684645E3	1.812517E1	-2.174670E1	2.830973E1	1.356698E5	6.793543E1	4.273815E1
2.318800E1	4.637600E4	1.701930E3	2.056979E1	-1.950054E1	2.834409E1	1.356765E5	6.549081E1	4.498431E1
2.319200E1	4.638400E4	1.725326E3	2.280364E1	-1.691970E1	2.839511E1	1.356834E5	6.325696E1	4.756515E1
2.319600E1	4.639200E4	1.699627E3	2.468533E1	-1.406249E1	2.840984E1	1.356903E5	6.137528E1	5.042236E1
2.320000E1	4.640000E4	1.660802E3	2.602803E1	-1.103615E1	2.827110E1	1.356970E5	6.003258E1	5.344870E1
2.320400E1	4.640800E4	1.711733E3	2.710605E1	-7.968720E0	2.825311E1	1.357036E5	5.895456E1	5.651613E1
2.320800E1	4.641600E4	1.748864E3	2.778343E1	-4.541530E0	2.815217E1	1.357107E5	5.827717E1	5.994332E1
2.321200E1	4.642400E4	1.698513E3	2.814366E1	-1.175403E0	2.816819E1	1.357176E5	5.791695E1	6.330945E1
2.321600E1	4.643200E4	1.740097E3	2.795726E1	2.104343E0	2.803635E1	1.357243E5	5.810334E1	6.658919E1
2.322000E1	4.644000E4	1.729964E3	2.751271E1	5.612150E0	2.807927E1	1.357315E5	5.854790E1	7.009700E1
2.322400E1	4.644800E4	1.726117E3	2.675149E1	8.766607E0	2.815130E1	1.357381E5	5.930912E1	7.325145E1
2.322800E1	4.645600E4	1.775348E3	2.529394E1	1.197702E1	2.798629E1	1.357453E5	6.076666E1	7.646187E1
2.323200E1	4.646400E4	1.741729E3	2.367482E1	1.499381E1	2.802341E1	1.357523E5	6.238579E1	7.947866E1
2.323600E1	4.647200E4	1.701162E3	2.183368E1	1.785285E1	2.820343E1	1.357593E5	6.422693E1	8.233770E1
2.324000E1	4.648000E4	1.679635E3	1.950880E1	2.017116E1	2.806187E1	1.357660E5	6.655181E1	8.465601E1
2.324400E1	4.648800E4	1.730320E3	1.709023E1	2.244151E1	2.820811E1	1.357727E5	6.897038E1	8.692636E1
2.324800E1	4.649600E4	1.764931E3	1.411531E1	2.425144E1	2.806019E1	1.357798E5	7.194530E1	8.873629E1
2.325200E1	4.650400E4	1.728114E3	1.102585E1	2.576067E1	2.802109E1	1.357868E5	7.503475E1	9.024552E1
2.325600E1	4.651200E4	1.700468E3	7.865819E0	2.676680E1	2.789862E1	1.357936E5	7.819479E1	9.125165E1
2.326000E1	4.652000E4	1.708209E3	4.623503E0	2.742976E1	2.781669E1	1.358004E5	8.143710E1	9.191460E1
2.326400E1	4.652800E4	1.731809E3	1.310593E0	2.768296E1	2.771397E1	1.358073E5	8.475001E1	9.216781E1
2.326800E1	4.653600E4	1.716735E3	-2.068637E0	2.759736E1	2.767479E1	1.358143E5	8.812924E1	9.208221E1
2.327200E1	4.654400E4	1.690075E3	-5.294509E0	2.717874E1	2.768963E1	1.358210E5	9.135511E1	9.166359E1
2.327600E1	4.655200E4	1.678988E3	-8.469084E0	2.636649E1	2.769327E1	1.358278E5	9.452969E1	9.085134E1
2.328000E1	4.656000E4	1.692484E3	-1.139976E1	2.506634E1	2.753681E1	1.358345E5	9.746036E1	8.955119E1
2.328400E1	4.656800E4	1.726447E3	-1.430427E1	2.348278E1	2.749642E1	1.358413E5	1.003649E2	8.796763E1
2.328800E1	4.657600E4	1.766033E3	-1.694144E1	2.147713E1	2.735469E1	1.358483E5	1.030020E2	8.596198E1
2.329200E1	4.658400E4	1.755590E3	-1.945748E1	1.913719E1	2.729149E1	1.358555E5	1.055181E2	8.362204E1
2.329600E1	4.659200E4	1.740501E3	-2.149734E1	1.660811E1	2.716552E1	1.358623E5	1.075579E2	8.109296E1
2.330000E1	4.660000E4	1.780650E3	-2.322851E1	1.373758E1	2.698675E1	1.358694E5	1.092891E2	7.822243E1
2.330400E1	4.660800E4	1.800030E3	-2.472904E1	1.072338E1	2.695397E1	1.358766E5	1.107897E2	7.520823E1
2.330800E1	4.661600E4	1.770654E3	-2.590342E1	7.525770E0	2.697452E1	1.358838E5	1.119640E2	7.201062E1
2.331200E1	4.662400E4	1.741001E3	-2.667165E1	4.357144E0	2.702520E1	1.358907E5	1.127323E2	6.884199E1
2.331600E1	4.663200E4	1.716647E3	-2.710310E1	1.075429E0	2.712443E1	1.358977E5	1.131637E2	6.556028E1
2.332000E1	4.664000E4	1.759480E3	-2.693815E1	-2.098865E0	2.701979E1	1.359045E5	1.129988E2	6.238598E1
2.332400E1	4.664800E4	1.764041E3	-2.649312E1	-5.536430E0	2.706543E1	1.359118E5	1.125537E2	5.894842E1
2.332800E1	4.665600E4	1.681506E3	-2.563356E1	-8.610453E0	2.704106E1	1.359186E5	1.116942E2	5.587440E1
2.333200E1	4.666400E4	1.691653E3	-2.455366E1	-1.158321E1	2.714871E1	1.359253E5	1.106143E2	5.290164E1
2.333600E1	4.667200E4	1.731778E3	-2.316199E1	-1.452989E1	2.734220E1	1.359321E5	1.092226E2	4.995496E1
2.334000E1	4.668000E4	1.729805E3	-2.122253E1	-1.725314E1	2.735081E1	1.359391E5	1.072831E2	4.723171E1
2.334400E1	4.668800E4	1.710911E3	-1.910297E1	-1.973971E1	2.746961E1	1.359459E5	1.051636E2	4.474514E1
2.334800E1	4.669600E4	1.630398E3	-1.660509E1	-2.187414E1	2.746283E1	1.359528E5	1.026657E2	4.261071E1
2.335200E1	4.670400E4	1.629330E3	-1.422160E1	-2.365218E1	2.759854E1	1.359590E5	1.002822E2	4.083266E1
2.335600E1	4.671200E4	1.681499E3	-1.133785E1	-2.526532E1	2.769265E1	1.359658E5	9.739845E1	3.921953E1
2.336000E1	4.672000E4	1.665269E3	-8.409578E0	-2.656554E1	2.786484E1	1.359724E5	9.447018E1	3.791930E1
2.336400E1	4.672800E4	1.666999E3	-5.263077E0	-2.747000E1	2.796965E1	1.359792E5	9.132368E1	3.701484E1
2.336800E1	4.673600E4	1.611455E3	-2.074893E0	-2.805561E1	2.813223E1	1.359858E5	8.813550E1	3.642924E1
2.337200E1	4.674400E4	1.551108E3	1.012001E0	-2.833372E1	2.835179E1	1.359920E5	8.504861E1	3.615112E1
2.337600E1	4.675200E4	1.549964E3	4.047472E0	-2.816001E1	2.844939E1	1.359982E5	8.201313E1	3.632484E1
2.338000E1	4.676000E4	1.568505E3	7.124721E0	-2.765818E1	2.856111E1	1.360044E5	7.893589E1	3.682666E1
2.338400E1	4.676800E4	1.571616E3	1.006907E1	-2.660877E1	2.845018E1	1.360107E5	7.599154E1	3.787607E1
2.338800E1	4.677600E4	1.574732E3	1.295430E1	-2.540429E1	2.851652E1	1.360170E5	7.310630E1	3.908056E1
2.339200E1	4.678400E4	1.599921E3	1.566708E1	-2.382813E1	2.851731E1	1.360233E5	7.039352E1	4.065672E1
2.339600E1	4.679200E4	1.607910E3	1.821536E1	-2.184912E1	2.844615E1	1.360298E5	6.784525E1	4.263573E1
2.340000E1	4.680000E4	1.579264E3	2.041069E1	-1.958112E1	2.828456E1	1.360362E5	6.564992E1	4.490373E1
2.340400E1	4.680800E4	1.570287E3	2.237619E1	-1.719985E1	2.822285E1	1.360425E5	6.368441E1	4.728499E1
2.340800E1	4.681600E4	1.571821E3	2.408998E1	-1.461779E1	2.817813E1	1.360488E5	6.197063E1	4.986706E1
2.341200E1	4.682400E4	1.638806E3	2.556864E1	-1.190859E1	2.820585E1	1.360550E5	6.049197E1	5.257626E1
2.341600E1	4.683200E4	1.675990E3	2.679816E1	-8.779135E0	2.819955E1	1.360619E5	5.926244E1	5.570571E1
2.342000E1	4.684000E4	1.629324E3	2.760201E1	-5.648722E0	2.817408E1	1.360684E5	5.845860E1	5.883613E1
2.342400E1	4.684800E4	1.615827E3	2.811191E1	-2.511053E0	2.822383E1	1.360749E5	5.794870E1	6.197380E1
2.342800E1	4.685600E4	1.588883E3	2.813170E1	6.682628E-1	2.813963E1	1.360814E5	5.792891E1	6.515311E1
2.343200E1	4.686400E4	1.596440E3	2.784650E1	3.718856E0	2.809373E1	1.360876E5	5.821410E1	6.820370E1
2.343600E1	4.687200E4	1.625792E3	2.719731E1	6.847801E0	2.804614E1	1.360941E5	5.886330E1	7.133265E1
2.344000E1	4.688000E4	1.610264E3	2.617312E1	9.844650E0	2.796335E1	1.361006E5	5.988749E1	7.432950E1
2.344400E1	4.688800E4	1.613839E3	2.480291E1	1.264558E1	2.784052E1	1.361070E5	6.125770E1	7.713043E1
2.344800E1	4.689600E4	1.652679E3	2.321648E1	1.538052E1	2.784898E1	1.361135E5	6.284413E1	7.986537E1
2.345200E1	4.690400E4	1.677091E3	2.128664E1	1.801146E1	2.788429E1	1.361202E5	6.477396E1	8.249630E1
2.345600E1	4.691200E4	1.660924E3	1.907025E1	2.040783E1	2.793124E1	1.361269E5	6.699035E1	8.489268E1
2.346000E1	4.692000E4	1.590465E3	1.668798E1	2.257167E1	2.807079E1	1.361335E5	6.937262E1	8.705652E1
2.346400E1	4.692800E4	1.594463E3	1.414027E1	2.416353E1	2.799685E1	1.361397E5	7.192034E1	8.864838E1
2.346800E1	4.693600E4	1.648510E3	1.129281E1	2.570010E1	2.807174E1	1.361463E5	7.476779E1	9.018495E1
2.347200E1	4.694400E4	1.625296E3	8.211991E0	2.661467E1	2.785278E1	1.361529E5	7.784861E1	9.109952E1
2.347600E1	4.695200E4	1.609068E3	5.175937E0	2.734401E1	2.782957E1	1.361593E5	8.088467E1	9.182886E1
2.348000E1	4.696000E4	1.611782E3	2.076323E0	2.777541E1	2.785290E1	1.361657E5	8.398428E1	9.226025E1
2.348400E1	4.696800E4	1.584223E3	-1.053798E0	2.773941E1	2.775942E1	1.361722E5	8.711440E1	9.222426E1
2.348800E1	4.697600E4	1.597988E3	-4.041345E0	2.737242E1	2.766915E1	1.361784E5	9.010195E1	9.185727E1
2.349200E1	4.698400E4	1.619748E3	-7.132863E0	2.669572E1	2.763221E1	1.361850E5	9.319347E1	9.118057E1
2.349600E1	4.699200E4	1.603145E3	-1.003489E1	2.566319E1	2.755537E1	1.361914E5	9.609550E1	9.014804E1
2.350000E1	4.700000E4	1.618548E3	-1.280532E1	2.430324E1	2.747042E1	1.361978E5	9.886593E1	8.878809E1
2.350400E1	4.700800E4	1.626292E3	-1.545985E1	2.265904E1	2.743062E1	1.362043E5	1.015205E2	8.714389E1
2.350800E1	4.701600E4	1.632390E3	-1.786788E1	2.070381E1	2.734792E1	1.362108E5	1.039285E2	8.518865E1
2.351200E1	4.702400E4	1.636626E3	-2.004335E1	1.845397E1	2.724491E1	1.362174E5	1.061040E2	8.293882E1
2.351600E1	4.703200E4	1.602338E3	-2.195635E1	1.601791E1	2.717821E1	1.362239E5	1.080170E2	8.050275E1
2.352000E1	4.704000E4	1.627863E3	-2.361429E1	1.353343E1	2.721743E1	1.362302E5	1.096749E2	7.801828E1
2.352400E1	4.704800E4	1.678251E3	-2.502944E1	1.067034E1	2.720899E1	1.362369E5	1.110901E2	7.515519E1
2.352800E1	4.705600E4	1.651249E3	-2.600447E1	7.649172E0	2.710613E1	1.362436E5	1.120651E2	7.213402E1
2.353200E1	4.706400E4	1.640692E3	-2.665068E1	4.641285E0	2.705181E1	1.362501E5	1.127113E2	6.912613E1
2.353600E1	4.707200E4	1.634253E3	-2.707883E1	1.545057E0	2.712288E1	1.362567E5	1.131394E2	6.602991E1
2.354000E1	4.708000E4	1.609404E3	-2.706313E1	-1.510643E0	2.710526E1	1.362632E5	1.131237E2	6.297421E1
2.354400E1	4.708800E4	1.627241E3	-2.669244E1	-4.519290E0	2.707232E1	1.362696E5	1.127530E2	5.996556E1
2.354800E1	4.709600E4	1.627939E3	-2.608818E1	-7.585646E0	2.716864E1	1.362762E5	1.121488E2	5.689920E1
2.355200E1	4.710400E4	1.605658E3	-2.506984E1	-1.045257E1	2.716162E1	1.362826E5	1.111305E2	5.403228E1
2.355600E1	4.711200E4	1.598057E3	-2.381839E1	-1.323433E1	2.724818E1	1.362891E5	1.098790E2	5.125052E1
2.356000E1	4.712000E4	1.600759E3	-2.232777E1	-1.587782E1	2.739771E1	1.362954E5	1.083884E2	4.860703E1
2.356400E1	4.712800E4	1.603313E3	-2.035648E1	-1.824185E1	2.733407E1	1.363019E5	1.064171E2	4.624299E1
2.356800E1	4.713600E4	1.593951E3	-1.828461E1	-2.048191E1	2.745607E1	1.363082E5	1.043452E2	4.400294E1
2.357200E1	4.714400E4	1.551533E3	-1.595465E1	-2.246346E1	2.755282E1	1.363146E5	1.020153E2	4.202139E1
2.357600E1	4.715200E4	1.511346E3	-1.357879E1	-2.415397E1	2.770917E1	1.363207E5	9.963940E1	4.033088E1
2.358000E1	4.716000E4	1.498665E3	-1.104842E1	-2.566218E1	2.793949E1	1.363267E5	9.710902E1	3.882266E1
2.358400E1	4.716800E4	1.531320E3	-8.344098E0	-2.670058E1	2.797400E1	1.363326E5	9.440470E1	3.778427E1
2.358800E1	4.717600E4	1.580744E3	-5.364088E0	-2.748593E1	2.800446E1	1.363390E5	9.142469E1	3.699892E1
2.359200E1	4.718400E4	1.507521E3	-2.302592E0	-2.795679E1	2.805146E1	1.363453E5	8.836320E1	3.652805E1
2.359600E1	4.719200E4	1.474560E3	4.981016E-1	-2.805205E1	2.805647E1	1.363510E5	8.556250E1	3.643280E1
2.360000E1	4.720000E4	1.499167E3	3.493874E0	-2.809816E1	2.831455E1	1.363571E5	8.256673E1	3.638669E1
2.360400E1	4.720800E4	1.428565E3	6.425223E0	-2.780723E1	2.853990E1	1.363630E5	7.963538E1	3.667761E1
2.360800E1	4.721600E4	1.448633E3	9.035031E0	-2.697689E1	2.844969E1	1.363685E5	7.702557E1	3.750795E1
2.361200E1	4.722400E4	1.490579E3	1.180575E1	-2.578639E1	2.836042E1	1.363746E5	7.425486E1	3.869846E1
2.361600E1	4.723200E4	1.446992E3	1.439209E1	-2.449033E1	2.840614E1	1.363804E5	7.166852E1	3.999452E1
2.362000E1	4.724000E4	1.471457E3	1.676098E1	-2.292145E1	2.839584E1	1.363862E5	6.929963E1	4.156340E1
2.362400E1	4.724800E4	1.508509E3	1.905612E1	-2.100648E1	2.836209E1	1.363922E5	6.700448E1	4.347837E1
2.362800E1	4.725600E4	1.494280E3	2.104930E1	-1.879140E1	2.821683E1	1.363982E5	6.501131E1	4.569345E1
2.363200E1	4.726400E4	1.463489E3	2.288806E1	-1.652737E1	2.823150E1	1.364042E5	6.317254E1	4.795748E1
2.363600E1	4.727200E4	1.438795E3	2.445026E1	-1.414393E1	2.824652E1	1.364100E5	6.161034E1	5.034092E1
2.364000E1	4.728000E4	1.502830E3	2.569854E1	-1.161550E1	2.820168E1	1.364157E5	6.036206E1	5.286935E1
2.364400E1	4.728800E4	1.530051E3	2.681225E1	-8.725171E0	2.819620E1	1.364220E5	5.924835E1	5.575968E1
2.364800E1	4.729600E4	1.519890E3	2.754057E1	-5.895194E0	2.816445E1	1.364279E5	5.852004E1	5.858965E1
2.365200E1	4.730400E4	1.532196E3	2.806320E1	-2.883549E0	2.821095E1	1.364341E5	5.799741E1	6.160130E1
2.365600E1	4.731200E4	1.530691E3	2.812117E1	8.611389E-2	2.812130E1	1.364402E5	5.793944E1	6.457096E1
2.366000E1	4.732000E4	1.556832E3	2.790568E1	3.119699E0	2.807952E1	1.364464E5	5.815492E1	6.760455E1
2.366400E1	4.732800E4	1.514087E3	2.742613E1	6.145601E0	2.810624E1	1.364526E5	5.863448E1	7.063045E1
2.366800E1	4.733600E4	1.445941E3	2.663396E1	8.907232E0	2.808392E1	1.364585E5	5.942665E1	7.339208E1
2.367200E1	4.734400E4	1.473755E3	2.563043E1	1.151750E1	2.809932E1	1.364642E5	6.043017E1	7.600235E1
2.367600E1	4.735200E4	1.523335E3	2.426964E1	1.417158E1	2.810426E1	1.364703E5	6.179096E1	7.865643E1
2.368000E1	4.736000E4	1.495949E3	2.262108E1	1.666814E1	2.809876E1	1.364764E5	6.343953E1	8.115299E1
2.368400E1	4.736800E4	1.452952E3	2.080786E1	1.889999E1	2.811008E1	1.364822E5	6.525275E1	8.338484E1
2.368800E1	4.737600E4	1.473965E3	1.873547E1	2.081365E1	2.800403E1	1.364880E5	6.732513E1	8.529850E1
2.369200E1	4.738400E4	1.524685E3	1.640312E1	2.261088E1	2.793411E1	1.364940E5	6.965749E1	8.709573E1
2.369600E1	4.739200E4	1.529644E3	1.385306E1	2.419412E1	2.787943E1	1.365002E5	7.220754E1	8.867897E1
2.370000E1	4.740000E4	1.538279E3	1.125507E1	2.561311E1	2.797692E1	1.365063E5	7.480554E1	9.009796E1
2.370400E1	4.740800E4	1.537736E3	8.352135E0	2.650839E1	2.779304E1	1.365125E5	7.770847E1	9.099324E1
2.370800E1	4.741600E4	1.483265E3	5.516445E0	2.730918E1	2.786076E1	1.365186E5	8.054416E1	9.179402E1
2.371200E1	4.742400E4	1.462175E3	2.728007E0	2.771167E1	2.784562E1	1.365244E5	8.333260E1	9.219652E1
2.371600E1	4.743200E4	1.480793E3	-1.344543E-1	2.777621E1	2.777654E1	1.365303E5	8.619506E1	9.226106E1
2.372000E1	4.744000E4	1.518906E3	-2.999304E0	2.750125E1	2.766432E1	1.365362E5	8.905991E1	9.198610E1
2.372400E1	4.744800E4	1.524358E3	-5.946975E0	2.698418E1	2.763173E1	1.365424E5	9.200758E1	9.146903E1
2.372800E1	4.745600E4	1.485933E3	-8.749517E0	2.627296E1	2.769156E1	1.365484E5	9.481012E1	9.075781E1
2.373200E1	4.746400E4	1.497664E3	-1.138783E1	2.520241E1	2.765581E1	1.365543E5	9.744843E1	8.968726E1
2.373600E1	4.747200E4	1.511375E3	-1.394425E1	2.376713E1	2.755574E1	1.365604E5	1.000049E2	8.825198E1
2.374000E1	4.748000E4	1.489179E3	-1.627601E1	2.207055E1	2.742294E1	1.365664E5	1.023366E2	8.655540E1
2.374400E1	4.748800E4	1.483767E3	-1.846013E1	2.027766E1	2.742189E1	1.365723E5	1.045207E2	8.476251E1
2.374800E1	4.749600E4	1.502339E3	-2.036351E1	1.815777E1	2.728327E1	1.365783E5	1.064241E2	8.264262E1
2.375200E1	4.750400E4	1.549277E3	-2.204561E1	1.582246E1	2.713594E1	1.365843E5	1.081062E2	8.030731E1
2.375600E1	4.751200E4	1.577957E3	-2.361359E1	1.326683E1	2.708524E1	1.365907E5	1.096742E2	7.775168E1
2.376000E1	4.752000E4	1.550563E3	-2.495522E1	1.061544E1	2.711919E1	1.365970E5	1.110158E2	7.510029E1
2.376400E1	4.752800E4	1.550519E3	-2.584718E1	7.864844E0	2.701726E1	1.366031E5	1.119078E2	7.234969E1
2.376800E1	4.753600E4	1.518046E3	-2.663464E1	5.003669E0	2.710057E1	1.366094E5	1.126952E2	6.948852E1
2.377200E1	4.754400E4	1.474190E3	-2.702179E1	2.259450E0	2.711609E1	1.366152E5	1.130824E2	6.674430E1
2.377600E1	4.755200E4	1.501496E3	-2.710087E1	-5.458016E-1	2.710637E1	1.366212E5	1.131615E2	6.393905E1
2.378000E1	4.756000E4	1.556282E3	-2.682574E1	-3.404220E0	2.704088E1	1.366272E5	1.128863E2	6.108063E1
2.378400E1	4.756800E4	1.562050E3	-2.628068E1	-6.359917E0	2.703928E1	1.366336E5	1.123413E2	5.812493E1
2.378800E1	4.757600E4	1.522761E3	-2.542343E1	-9.117252E0	2.700880E1	1.366397E5	1.114840E2	5.536760E1
2.379200E1	4.758400E4	1.503483E3	-2.440565E1	-1.179085E1	2.710461E1	1.366458E5	1.104663E2	5.269400E1
2.379600E1	4.759200E4	1.477239E3	-2.301899E1	-1.424820E1	2.707185E1	1.366518E5	1.090796E2	5.023664E1
2.380000E1	4.760000E4	1.416198E3	-2.158243E1	-1.662312E1	2.724205E1	1.366576E5	1.076430E2	4.786173E1
2.380400E1	4.760800E4	1.410400E3	-2.001041E1	-1.871630E1	2.739920E1	1.366631E5	1.060710E2	4.576854E1
2.380800E1	4.761600E4	1.444637E3	-1.805131E1	-2.068330E1	2.745266E1	1.366689E5	1.041119E2	4.380155E1
2.381200E1	4.762400E4	1.429725E3	-1.593800E1	-2.246279E1	2.754263E1	1.366746E5	1.019986E2	4.202206E1
2.381600E1	4.763200E4	1.448143E3	-1.371238E1	-2.406478E1	2.769734E1	1.366803E5	9.977299E1	4.042007E1
2.382000E1	4.764000E4	1.438317E3	-1.123528E1	-2.550796E1	2.787270E1	1.366862E5	9.729589E1	3.897689E1
2.382400E1	4.764800E4	1.389423E3	-8.715800E0	-2.655855E1	2.795213E1	1.366918E5	9.477641E1	3.792630E1
2.382800E1	4.765600E4	1.419904E3	-6.146488E0	-2.737150E1	2.805314E1	1.366973E5	9.220709E1	3.711334E1
2.383200E1	4.766400E4	1.404880E3	-3.330032E0	-2.788834E1	2.808645E1	1.367032E5	8.939064E1	3.659651E1
2.383600E1	4.767200E4	1.345693E3	-6.971079E-1	-2.817688E1	2.818550E1	1.367086E5	8.675771E1	3.630797E1
2.384000E1	4.768000E4	1.373403E3	1.954905E0	-2.826604E1	2.833356E1	1.367140E5	8.410570E1	3.621881E1
2.384400E1	4.768800E4	1.381796E3	4.724253E0	-2.802070E1	2.841616E1	1.367196E5	8.133635E1	3.646415E1
2.384800E1	4.769600E4	1.338591E3	7.355649E0	-2.743117E1	2.840026E1	1.367250E5	7.870496E1	3.705367E1
2.385200E1	4.770400E4	1.346345E3	9.841167E0	-2.663452E1	2.839448E1	1.367303E5	7.621944E1	3.785033E1
2.385600E1	4.771200E4	1.360351E3	1.237780E1	-2.562588E1	2.845866E1	1.367358E5	7.368280E1	3.885897E1
2.386000E1	4.772000E4	1.356113E3	1.468682E1	-2.428760E1	2.838292E1	1.367412E5	7.137379E1	4.019725E1
2.386400E1	4.772800E4	1.366877E3	1.697937E1	-2.283745E1	2.845783E1	1.367466E5	6.908124E1	4.164740E1
2.386800E1	4.773600E4	1.350145E3	1.902909E1	-2.106247E1	2.838545E1	1.367521E5	6.703151E1	4.342238E1
2.387200E1	4.774400E4	1.346117E3	2.095484E1	-1.924770E1	2.845311E1	1.367574E5	6.510577E1	4.523715E1
2.387600E1	4.775200E4	1.377159E3	2.270003E1	-1.718941E1	2.847398E1	1.367629E5	6.336057E1	4.729544E1
2.388000E1	4.776000E4	1.415006E3	2.423574E1	-1.488150E1	2.843994E1	1.367684E5	6.182486E1	4.960335E1
2.388400E1	4.776800E4	1.385908E3	2.542415E1	-1.229844E1	2.824250E1	1.367742E5	6.063646E1	5.218641E1
2.388800E1	4.777600E4	1.359320E3	2.631872E1	-9.821295E0	2.809151E1	1.367795E5	5.974189E1	5.466355E1
2.389200E1	4.778400E4	1.371942E3	2.711009E1	-7.233662E0	2.805856E1	1.367851E5	5.895052E1	5.725119E1
2.389600E1	4.779200E4	1.383962E3	2.764830E1	-4.620993E0	2.803180E1	1.367905E5	5.841231E1	5.986386E1
2.390000E1	4.780000E4	1.431048E3	2.799662E1	-1.893015E0	2.806055E1	1.367961E5	5.806399E1	6.259183E1
2.390400E1	4.780800E4	1.378513E3	2.807035E1	9.605999E-1	2.808678E1	1.368020E5	5.799026E1	6.544545E1
2.390800E1	4.781600E4	1.374961E3	2.783373E1	3.496423E0	2.805248E1	1.368072E5	5.822687E1	6.798127E1
2.391200E1	4.782400E4	1.425167E3	2.730241E1	6.283010E0	2.801603E1	1.368130E5	5.875819E1	7.076786E1
2.391600E1	4.783200E4	1.378489E3	2.653822E1	8.911110E0	2.799438E1	1.368186E5	5.952238E1	7.339596E1
2.392000E1	4.784000E4	1.367669E3	2.555468E1	1.137103E1	2.797038E1	1.368240E5	6.050593E1	7.585588E1
2.392400E1	4.784800E4	1.405940E3	2.445524E1	1.383756E1	2.809870E1	1.368295E5	6.160536E1	7.832241E1
2.392800E1	4.785600E4	1.436937E3	2.280085E1	1.610515E1	2.791513E1	1.368352E5	6.325975E1	8.059000E1
2.393200E1	4.786400E4	1.431217E3	2.117262E1	1.840383E1	2.805318E1	1.368410E5	6.488799E1	8.288868E1
2.393600E1	4.787200E4	1.428643E3	1.919843E1	2.036207E1	2.798560E1	1.368467E5	6.686217E1	8.484692E1
2.394000E1	4.788000E4	1.403766E3	1.706587E1	2.218227E1	2.798744E1	1.368524E5	6.899474E1	8.666712E1
2.394400E1	4.788800E4	1.361752E3	1.486151E1	2.370501E1	2.797842E1	1.368579E5	7.119910E1	8.818986E1
2.394800E1	4.789600E4	1.364752E3	1.255523E1	2.498635E1	2.796339E1	1.368633E5	7.350538E1	8.947120E1
2.395200E1	4.790400E4	1.382104E3	1.013736E1	2.618034E1	2.807448E1	1.368688E5	7.592324E1	9.066519E1
2.395600E1	4.791200E4	1.381054E3	7.571614E0	2.707843E1	2.811709E1	1.368744E5	7.848899E1	9.156328E1
2.396000E1	4.792000E4	1.384288E3	4.936120E0	2.765919E1	2.809620E1	1.368799E5	8.112449E1	9.214404E1
2.396400E1	4.792800E4	1.413137E3	2.211915E0	2.780943E1	2.789726E1	1.368855E5	8.384869E1	9.229428E1
2.396800E1	4.793600E4	1.418795E3	-5.739949E-1	2.771428E1	2.772023E1	1.368912E5	8.663460E1	9.219913E1
2.397200E1	4.794400E4	1.373528E3	-3.288215E0	2.756465E1	2.776008E1	1.368968E5	8.934882E1	9.204950E1
2.397600E1	4.795200E4	1.357292E3	-5.828693E0	2.701649E1	2.763810E1	1.369022E5	9.188930E1	9.150134E1
2.398000E1	4.796000E4	1.373469E3	-8.422761E0	2.645405E1	2.776256E1	1.369077E5	9.448337E1	9.093890E1
2.398400E1	4.796800E4	1.379874E3	-1.085100E1	2.536315E1	2.758683E1	1.369132E5	9.691160E1	8.984800E1
2.398800E1	4.797600E4	1.376145E3	-1.323903E1	2.418153E1	2.756843E1	1.369187E5	9.929964E1	8.866638E1
2.399200E1	4.798400E4	1.373677E3	-1.545418E1	2.276437E1	2.751451E1	1.369242E5	1.015148E2	8.724922E1
2.399600E1	4.799200E4	1.372601E3	-1.747323E1	2.105448E1	2.736065E1	1.369297E5	1.035338E2	8.553933E1
2.400000E1	4.800000E4	1.374326E3	-1.933770E1	1.923508E1	2.727517E1	1.369352E5	1.053983E2	8.371992E1
2.400400E1	4.800800E4	1.394802E3	-2.104794E1	1.723731E1	2.720552E1	1.369407E5	1.071085E2	8.172215E1
2.400800E1	4.801600E4	1.418572E3	-2.265060E1	1.509987E1	2.722234E1	1.369463E5	1.087112E2	7.958472E1
2.401200E1	4.802400E4	1.450154E3	-2.401125E1	1.274946E1	2.718619E1	1.369520E5	1.100719E2	7.723431E1
2.401600E1	4.803200E4	1.416248E3	-2.515441E1	1.020797E1	2.714677E1	1.369579E5	1.112150E2	7.469282E1
2.402000E1	4.804000E4	1.385431E3	-2.586181E1	7.728102E0	2.699179E1	1.369634E5	1.119224E2	7.221295E1
2.402400E1	4.804800E4	1.399807E3	-2.654509E1	5.161993E0	2.704233E1	1.369690E5	1.126057E2	6.964684E1
2.402800E1	4.805600E4	1.396957E3	-2.698845E1	2.569646E0	2.711051E1	1.369746E5	1.130491E2	6.705449E1
2.403200E1	4.806400E4	1.429395E3	-2.705120E1	-8.082204E-2	2.705132E1	1.369802E5	1.131118E2	6.440403E1
2.403600E1	4.807200E4	1.424467E3	-2.693543E1	-2.829252E0	2.708361E1	1.369860E5	1.129960E2	6.165560E1
2.404000E1	4.808000E4	1.371341E3	-2.652784E1	-5.429424E0	2.707775E1	1.369916E5	1.125884E2	5.905542E1
2.404400E1	4.808800E4	1.356144E3	-2.587081E1	-7.893205E0	2.704813E1	1.369970E5	1.119314E2	5.659164E1
2.404800E1	4.809600E4	1.364308E3	-2.502465E1	-1.032263E1	2.707009E1	1.370024E5	1.110853E2	5.416222E1
2.405200E1	4.810400E4	1.341519E3	-2.404343E1	-1.272038E1	2.720100E1	1.370079E5	1.101040E2	5.176447E1
2.405600E1	4.811200E4	1.328875E3	-2.278075E1	-1.487792E1	2.720874E1	1.370131E5	1.088414E2	4.960693E1
2.406000E1	4.812000E4	1.322927E3	-2.133370E1	-1.697716E1	2.726446E1	1.370185E5	1.073943E2	4.750769E1
2.406400E1	4.812800E4	1.304416E3	-1.968380E1	-1.883106E1	2.724079E1	1.370237E5	1.057444E2	4.565379E1
2.406800E1	4.813600E4	1.332009E3	-1.794054E1	-2.060028E1	2.731730E1	1.370289E5	1.040011E2	4.388456E1
2.407200E1	4.814400E4	1.339768E3	-1.601446E1	-2.235862E1	2.750220E1	1.370344E5	1.020751E2	4.212623E1
2.407600E1	4.815200E4	1.311231E3	-1.393049E1	-2.380667E1	2.758290E1	1.370397E5	9.999110E1	4.067818E1
2.408000E1	4.816000E4	1.277407E3	-1.173093E1	-2.501734E1	2.763118E1	1.370449E5	9.779154E1	3.946751E1
2.408400E1	4.816800E4	1.309912E3	-9.504624E0	-2.595180E1	2.763755E1	1.370499E5	9.556523E1	3.853305E1
2.408800E1	4.817600E4	1.286777E3	-6.985578E0	-2.673550E1	2.763305E1	1.370554E5	9.304618E1	3.774935E1
2.409200E1	4.818400E4	1.251261E3	-4.745351E0	-2.741387E1	2.782155E1	1.370602E5	9.080596E1	3.707098E1
2.409600E1	4.819200E4	1.299180E3	-2.254474E0	-2.781971E1	2.791091E1	1.370654E5	8.831508E1	3.666514E1
2.410000E1	4.820000E4	1.266950E3	2.797685E-1	-2.798180E1	2.798320E1	1.370706E5	8.578084E1	3.650305E1
2.410400E1	4.820800E4	1.253678E3	2.683486E0	-2.785610E1	2.798505E1	1.370755E5	8.337712E1	3.662875E1
2.410800E1	4.821600E4	1.243648E3	5.165164E0	-2.759379E1	2.807305E1	1.370806E5	8.089544E1	3.689106E1
2.411200E1	4.822400E4	1.221988E3	7.485476E0	-2.708032E1	2.809584E1	1.370855E5	7.857513E1	3.740453E1
2.411600E1	4.823200E4	1.280916E3	9.919247E0	-2.670319E1	2.848600E1	1.370904E5	7.614136E1	3.778165E1
2.412000E1	4.824000E4	1.237846E3	1.228239E1	-2.552199E1	2.832365E1	1.370957E5	7.377822E1	3.896286E1
2.412400E1	4.824800E4	1.141294E3	1.429128E1	-2.447529E1	2.834220E1	1.371003E5	7.176933E1	4.000956E1
2.412800E1	4.825600E4	1.177510E3	1.626149E1	-2.337160E1	2.847223E1	1.371048E5	6.979912E1	4.111325E1
2.413200E1	4.826400E4	1.258929E3	1.814957E1	-2.186047E1	2.841280E1	1.371097E5	6.791104E1	4.262438E1
2.413600E1	4.827200E4	1.274001E3	1.998179E1	-2.005107E1	2.830755E1	1.371149E5	6.607881E1	4.443378E1
2.414000E1	4.828000E4	1.236641E3	2.170562E1	-1.828235E1	2.837919E1	1.371199E5	6.435498E1	4.620250E1
2.414400E1	4.828800E4	1.236770E3	2.316010E1	-1.634130E1	2.834481E1	1.371248E5	6.290051E1	4.814355E1
2.414800E1	4.829600E4	1.244928E3	2.451789E1	-1.427709E1	2.837185E1	1.371298E5	6.154272E1	5.020776E1
2.415200E1	4.830400E4	1.266465E3	2.569852E1	-1.211834E1	2.841247E1	1.371348E5	6.036209E1	5.236650E1
2.415600E1	4.831200E4	1.314328E3	2.670907E1	-9.764139E0	2.843788E1	1.371399E5	5.935154E1	5.472071E1
2.416000E1	4.832000E4	1.256164E3	2.746407E1	-7.221448E0	2.839761E1	1.371453E5	5.859654E1	5.726340E1
2.416400E1	4.832800E4	1.249109E3	2.775101E1	-4.909125E0	2.818187E1	1.371500E5	5.830960E1	5.957572E1
2.416800E1	4.833600E4	1.273194E3	2.803774E1	-2.324386E0	2.813393E1	1.371553E5	5.802286E1	6.216046E1
2.417200E1	4.834400E4	1.276707E3	2.806511E1	7.531918E-2	2.806521E1	1.371602E5	5.799550E1	6.456017E1
2.417600E1	4.835200E4	1.296473E3	2.796843E1	2.680519E0	2.809658E1	1.371655E5	5.809218E1	6.716537E1
2.418000E1	4.836000E4	1.266122E3	2.749989E1	5.109488E0	2.797053E1	1.371705E5	5.856072E1	6.959434E1
2.418400E1	4.836800E4	1.303502E3	2.705621E1	7.556029E0	2.809150E1	1.371756E5	5.900440E1	7.204088E1
2.418800E1	4.837600E4	1.324751E3	2.615715E1	1.001647E1	2.800940E1	1.371810E5	5.990345E1	7.450132E1
2.419200E1	4.838400E4	1.270356E3	2.513675E1	1.236966E1	2.801544E1	1.371862E5	6.092385E1	7.685451E1
2.419600E1	4.839200E4	1.243505E3	2.401892E1	1.449852E1	2.805558E1	1.371911E5	6.204168E1	7.898337E1
2.420000E1	4.840000E4	1.257488E3	2.256310E1	1.648322E1	2.794262E1	1.371961E5	6.349751E1	8.096807E1
2.420400E1	4.840800E4	1.276208E3	2.114079E1	1.849194E1	2.808709E1	1.372012E5	6.491981E1	8.297678E1
2.420800E1	4.841600E4	1.308012E3	1.931736E1	2.025636E1	2.799072E1	1.372064E5	6.674324E1	8.474121E1
2.421200E1	4.842400E4	1.281532E3	1.737178E1	2.194952E1	2.799214E1	1.372116E5	6.868883E1	8.643437E1
2.421600E1	4.843200E4	1.275652E3	1.531645E1	2.323876E1	2.783224E1	1.372166E5	7.074416E1	8.772361E1
2.422000E1	4.844000E4	1.265819E3	1.316565E1	2.460086E1	2.790227E1	1.372218E5	7.289496E1	8.908571E1
2.422400E1	4.844800E4	1.237655E3	1.100173E1	2.559251E1	2.785704E1	1.372267E5	7.505888E1	9.007736E1
2.422800E1	4.845600E4	1.243042E3	8.719833E0	2.643887E1	2.783971E1	1.372317E5	7.734077E1	9.092372E1
2.423200E1	4.846400E4	1.275100E3	6.405136E0	2.705849E1	2.780625E1	1.372367E5	7.965547E1	9.154334E1
2.423600E1	4.847200E4	1.288448E3	3.912632E0	2.765654E1	2.793194E1	1.372419E5	8.214797E1	9.214139E1
2.424000E1	4.848000E4	1.283698E3	1.457869E0	2.772502E1	2.776332E1	1.372470E5	8.460274E1	9.220987E1
2.424400E1	4.848800E4	1.250320E3	-1.072796E0	2.770807E1	2.772883E1	1.372522E5	8.713340E1	9.219292E1
2.424800E1	4.849600E4	1.219332E3	-3.373817E0	2.750713E1	2.771326E1	1.372570E5	8.943442E1	9.199197E1
2.425200E1	4.850400E4	1.260823E3	-5.731807E0	2.703118E1	2.763220E1	1.372620E5	9.179241E1	9.151603E1
2.425600E1	4.851200E4	1.247727E3	-8.150420E0	2.652773E1	2.775157E1	1.372671E5	9.421103E1	9.101258E1
2.426000E1	4.852000E4	1.227166E3	-1.032556E1	2.561620E1	2.761896E1	1.372720E5	9.638617E1	9.010105E1
2.426400E1	4.852800E4	1.245663E3	-1.245663E1	2.455713E1	2.753580E1	1.372769E5	9.851724E1	8.904198E1
2.426800E1	4.853600E4	1.249404E3	-1.447369E1	2.323576E1	2.737495E1	1.372819E5	1.005343E2	8.772060E1
2.427200E1	4.854400E4	1.261171E3	-1.639548E1	2.184333E1	2.731196E1	1.372869E5	1.024561E2	8.632818E1
2.427600E1	4.855200E4	1.278770E3	-1.819048E1	2.019662E1	2.718083E1	1.372920E5	1.042511E2	8.468147E1
2.428000E1	4.856000E4	1.301691E3	-1.991270E1	1.848988E1	2.717335E1	1.372971E5	1.059733E2	8.297473E1
2.428400E1	4.856800E4	1.293274E3	-2.149334E1	1.653900E1	2.712015E1	1.373024E5	1.075540E2	8.102385E1
2.428800E1	4.857600E4	1.285756E3	-2.279510E1	1.453996E1	2.703751E1	1.373075E5	1.088557E2	7.902481E1
2.429200E1	4.858400E4	1.285209E3	-2.404088E1	1.240418E1	2.705231E1	1.373127E5	1.101015E2	7.688903E1
2.429600E1	4.859200E4	1.250576E3	-2.506012E1	1.025251E1	2.707625E1	1.373177E5	1.111207E2	7.473736E1
2.430000E1	4.860000E4	1.256819E3	-2.585130E1	8.045554E0	2.707436E1	1.373227E5	1.119119E2	7.253040E1
2.430400E1	4.860800E4	1.267194E3	-2.636036E1	5.697253E0	2.696900E1	1.373278E5	1.124210E2	7.018210E1
2.430800E1	4.861600E4	1.266428E3	-2.677820E1	3.359067E0	2.698806E1	1.373329E5	1.128388E2	6.784392E1
2.431200E1	4.862400E4	1.238033E3	-2.701101E1	9.735988E-1	2.702855E1	1.373379E5	1.130716E2	6.545845E1
2.431600E1	4.863200E4	1.252518E3	-2.696156E1	-1.297136E0	2.699274E1	1.373428E5	1.130222E2	6.318771E1
2.432000E1	4.864000E4	1.272835E3	-2.679603E1	-3.744878E0	2.705645E1	1.373480E5	1.128566E2	6.073997E1
2.432400E1	4.864800E4	1.275658E3	-2.629858E1	-6.041098E0	2.698352E1	1.373529E5	1.123592E2	5.844375E1
2.432800E1	4.865600E4	1.265251E3	-2.569678E1	-8.429347E0	2.704401E1	1.373582E5	1.117574E2	5.605550E1
2.433200E1	4.866400E4	1.214543E3	-2.501197E1	-1.064741E1	2.718393E1	1.373631E5	1.110726E2	5.383744E1
2.433600E1	4.867200E4	1.197605E3	-2.405628E1	-1.272503E1	2.721454E1	1.373679E5	1.101169E2	5.175982E1
2.434000E1	4.868000E4	1.200969E3	-2.295034E1	-1.469990E1	2.725446E1	1.373726E5	1.090109E2	4.978494E1
2.434400E1	4.868800E4	1.208686E3	-2.163618E1	-1.659315E1	2.726641E1	1.373775E5	1.076968E2	4.789170E1
2.434800E1	4.869600E4	1.208161E3	-2.025880E1	-1.844018E1	2.739451E1	1.373823E5	1.063194E2	4.604467E1
2.435200E1	4.870400E4	1.221231E3	-1.864568E1	-2.010063E1	2.741709E1	1.373872E5	1.047063E2	4.438422E1
2.435600E1	4.871200E4	1.187546E3	-1.697474E1	-2.178875E1	2.762049E1	1.373921E5	1.030353E2	4.269610E1
2.436000E1	4.872000E4	1.176293E3	-1.518322E1	-2.307109E1	2.761893E1	1.373967E5	1.012438E2	4.141376E1
2.436400E1	4.872800E4	1.208684E3	-1.325516E1	-2.440242E1	2.777008E1	1.374015E5	9.931576E1	4.008243E1
2.436800E1	4.873600E4	1.170802E3	-1.119012E1	-2.551639E1	2.786224E1	1.374063E5	9.725072E1	3.896846E1
2.437200E1	4.874400E4	1.142251E3	-9.168503E0	-2.641150E1	2.795763E1	1.374109E5	9.522911E1	3.807335E1
2.437600E1	4.875200E4	1.150013E3	-7.044081E0	-2.715595E1	2.805467E1	1.374155E5	9.310469E1	3.732890E1
2.438000E1	4.876000E4	1.121173E3	-4.866942E0	-2.776083E1	2.818423E1	1.374201E5	9.092755E1	3.672402E1
2.438400E1	4.876800E4	1.090970E3	-2.738192E0	-2.806603E1	2.819929E1	1.374244E5	8.879880E1	3.641882E1
2.438800E1	4.877600E4	1.093758E3	-6.021464E-1	-2.836551E1	2.837190E1	1.374288E5	8.666275E1	3.611934E1
2.439200E1	4.878400E4	1.128864E3	1.571007E0	-2.829638E1	2.833996E1	1.374332E5	8.448960E1	3.618847E1
2.439600E1	4.879200E4	1.135791E3	3.863073E0	-2.814701E1	2.841087E1	1.374378E5	8.219753E1	3.633784E1
2.440000E1	4.880000E4	1.093961E3	6.054255E0	-2.785113E1	2.850156E1	1.374423E5	8.000635E1	3.663372E1
2.440400E1	4.880800E4	1.074860E3	8.091664E0	-2.720103E1	2.837906E1	1.374466E5	7.796894E1	3.728382E1
2.440800E1	4.881600E4	1.094093E3	1.015370E1	-2.664155E1	2.851087E1	1.374509E5	7.590690E1	3.784330E1
2.441200E1	4.882400E4	1.103473E3	1.219228E1	-2.577056E1	2.850919E1	1.374553E5	7.386832E1	3.871429E1
2.441600E1	4.883200E4	1.104625E3	1.406224E1	-2.466296E1	2.839028E1	1.374597E5	7.199837E1	3.982189E1
2.442000E1	4.884000E4	1.119608E3	1.595527E1	-2.351607E1	2.841789E1	1.374642E5	7.010534E1	4.096878E1
2.442400E1	4.884800E4	1.108501E3	1.773866E1	-2.218298E1	2.840325E1	1.374686E5	6.832195E1	4.230186E1
2.442800E1	4.885600E4	1.105966E3	1.944382E1	-2.083325E1	2.849713E1	1.374730E5	6.661679E1	4.365160E1
2.443200E1	4.886400E4	1.109711E3	2.085992E1	-1.911770E1	2.829528E1	1.374775E5	6.520068E1	4.536715E1
2.443600E1	4.887200E4	1.084156E3	2.233623E1	-1.751261E1	2.838307E1	1.374819E5	6.372438E1	4.697223E1
2.444000E1	4.888000E4	1.090244E3	2.345876E1	-1.572289E1	2.824044E1	1.374862E5	6.260185E1	4.876196E1
2.444400E1	4.888800E4	1.157667E3	2.457036E1	-1.383119E1	2.819582E1	1.374906E5	6.149024E1	5.065366E1
2.444800E1	4.889600E4	1.160166E3	2.569500E1	-1.174785E1	2.825323E1	1.374954E5	6.036561E1	5.273700E1
2.445200E1	4.890400E4	1.148081E3	2.655096E1	-9.713526E0	2.827200E1	1.374999E5	5.950965E1	5.477132E1
2.445600E1	4.891200E4	1.118956E3	2.723948E1	-7.495540E0	2.825194E1	1.375046E5	5.882113E1	5.698931E1
2.446000E1	4.892000E4	1.101288E3	2.770322E1	-5.456814E0	2.823553E1	1.375089E5	5.835739E1	5.902803E1
2.446400E1	4.892800E4	1.119933E3	2.803132E1	-3.230992E0	2.821692E1	1.375134E5	5.802928E1	6.125386E1
2.446800E1	4.893600E4	1.081175E3	2.813421E1	-1.072774E0	2.815466E1	1.375178E5	5.792639E1	6.341207E1
2.447200E1	4.894400E4	1.151335E3	2.802146E1	1.014913E0	2.803984E1	1.375221E5	5.803914E1	6.549976E1
2.447600E1	4.895200E4	1.201588E3	2.783319E1	3.430808E0	2.804384E1	1.375270E5	5.822741E1	6.791566E1
2.448000E1	4.896000E4	1.119307E3	2.741668E1	5.671236E0	2.799710E1	1.375317E5	5.864392E1	7.015608E1
2.448400E1	4.896800E4	1.122601E3	2.686299E1	7.693440E0	2.794297E1	1.375360E5	5.919761E1	7.217829E1
2.448800E1	4.897600E4	1.135675E3	2.613663E1	9.859433E0	2.793442E1	1.375407E5	5.992398E1	7.434428E1
2.449200E1	4.898400E4	1.116512E3	2.525276E1	1.181146E1	2.787853E1	1.375451E5	6.080784E1	7.629631E1
2.449600E1	4.899200E4	1.133025E3	2.420849E1	1.375229E1	2.784199E1	1.375496E5	6.185212E1	7.823714E1
2.450000E1	4.900000E4	1.142306E3	2.301298E1	1.559917E1	2.780164E1	1.375541E5	6.304763E1	8.008402E1
2.450400E1	4.900800E4	1.150313E3	2.170498E1	1.741283E1	2.782648E1	1.375587E5	6.435563E1	8.189768E1
2.450800E1	4.901600E4	1.168945E3	2.029823E1	1.915055E1	2.790630E1	1.375633E5	6.576238E1	8.363540E1
2.451200E1	4.902400E4	1.159888E3	1.868695E1	2.081958E1	2.797601E1	1.375681E5	6.737365E1	8.530443E1
2.451600E1	4.903200E4	1.129527E3	1.695686E1	2.218884E1	2.792633E1	1.375726E5	6.910374E1	8.667369E1
2.452000E1	4.904000E4	1.154967E3	1.517668E1	2.348305E1	2.796042E1	1.375771E5	7.088393E1	8.796790E1
2.452400E1	4.904800E4	1.161459E3	1.314917E1	2.457707E1	2.787352E1	1.375819E5	7.291143E1	8.906192E1
2.452800E1	4.905600E4	1.143985E3	1.115657E1	2.555803E1	2.788695E1	1.375864E5	7.490404E1	9.004288E1
2.453200E1	4.906400E4	1.129158E3	9.058931E0	2.631546E1	2.783105E1	1.375910E5	7.700167E1	9.080031E1
2.453600E1	4.907200E4	1.124444E3	7.006337E0	2.699637E1	2.789073E1	1.375955E5	7.905427E1	9.148122E1
2.454000E1	4.908000E4	1.128770E3	4.859655E0	2.756004E1	2.798521E1	1.376000E5	8.120095E1	9.204489E1
2.454400E1	4.908800E4	1.112712E3	2.683604E0	2.777492E1	2.790426E1	1.376045E5	8.337700E1	9.225977E1
2.454800E1	4.909600E4	1.075480E3	5.323723E-1	2.776520E1	2.777031E1	1.376089E5	8.552823E1	9.225005E1
2.455200E1	4.910400E4	1.077852E3	-1.490586E0	2.765636E1	2.769650E1	1.376131E5	8.755119E1	9.214121E1
2.455600E1	4.911200E4	1.164355E3	-3.609356E0	2.732600E1	2.756334E1	1.376175E5	8.966996E1	9.181085E1
2.456000E1	4.912000E4	1.179004E3	-5.933829E0	2.698881E1	2.763343E1	1.376224E5	9.199444E1	9.147366E1
2.456400E1	4.912800E4	1.132977E3	-8.101213E0	2.657019E1	2.777777E1	1.376270E5	9.416182E1	9.105504E1
2.456800E1	4.913600E4	1.135954E3	-1.009982E1	2.568757E1	2.760177E1	1.376315E5	9.616043E1	9.017242E1
2.457200E1	4.914400E4	1.145900E3	-1.206162E1	2.468183E1	2.747135E1	1.376360E5	9.812222E1	8.916668E1
2.457600E1	4.915200E4	1.163088E3	-1.397099E1	2.359459E1	2.742068E1	1.376406E5	1.000316E2	8.807944E1
2.458000E1	4.916000E4	1.158369E3	-1.584345E1	2.233621E1	2.738469E1	1.376453E5	1.019041E2	8.682105E1
2.458400E1	4.916800E4	1.118943E3	-1.757068E1	2.101588E1	2.739336E1	1.376499E5	1.036313E2	8.550073E1
2.458800E1	4.917600E4	1.108547E3	-1.915438E1	1.962803E1	2.742535E1	1.376543E5	1.052150E2	8.411288E1
2.459200E1	4.918400E4	1.122854E3	-2.060188E1	1.805703E1	2.739515E1	1.376588E5	1.066625E2	8.254188E1
2.459600E1	4.919200E4	1.125256E3	-2.198693E1	1.639864E1	2.742882E1	1.376633E5	1.080475E2	8.088349E1
2.460000E1	4.920000E4	1.137356E3	-2.304557E1	1.453038E1	2.724390E1	1.376678E5	1.091062E2	7.901523E1
2.460400E1	4.920800E4	1.146577E3	-2.404723E1	1.258123E1	2.713958E1	1.376724E5	1.101078E2	7.706608E1
2.460800E1	4.921600E4	1.131372E3	-2.496297E1	1.062654E1	2.713067E1	1.376769E5	1.110236E2	7.511139E1
2.461200E1	4.922400E4	1.139798E3	-2.565906E1	8.618809E0	2.706790E1	1.376814E5	1.117197E2	7.310366E1
2.461600E1	4.923200E4	1.120983E3	-2.624086E1	6.513743E0	2.703722E1	1.376861E5	1.123015E2	7.099859E1
2.462000E1	4.924000E4	1.110320E3	-2.665358E1	4.507733E0	2.703208E1	1.376904E5	1.127142E2	6.899258E1
2.462400E1	4.924800E4	1.121758E3	-2.696935E1	2.387092E0	2.707478E1	1.376949E5	1.130300E2	6.687194E1
2.462800E1	4.925600E4	1.083667E3	-2.706189E1	2.952744E-1	2.706350E1	1.376994E5	1.131225E2	6.478012E1
2.463200E1	4.926400E4	1.066823E3	-2.701429E1	-1.704893E0	2.706803E1	1.377036E5	1.130749E2	6.277996E1
2.463600E1	4.927200E4	1.106170E3	-2.682378E1	-3.726617E0	2.708141E1	1.377079E5	1.128844E2	6.075823E1
2.464000E1	4.928000E4	1.091713E3	-2.646419E1	-5.847856E0	2.710260E1	1.377125E5	1.125248E2	5.863699E1
2.464400E1	4.928800E4	1.097197E3	-2.589011E1	-7.739416E0	2.702215E1	1.377166E5	1.119507E2	5.674543E1
2.464800E1	4.929600E4	1.096575E3	-2.520093E1	-9.794093E0	2.703721E1	1.377212E5	1.112615E2	5.469076E1
2.465200E1	4.930400E4	1.090415E3	-2.438003E1	-1.158471E1	2.699243E1	1.377254E5	1.104406E2	5.290014E1
2.465600E1	4.931200E4	1.128854E3	-2.339838E1	-1.348808E1	2.700764E1	1.377300E5	1.094590E2	5.099677E1
2.466000E1	4.932000E4	1.125246E3	-2.229575E1	-1.529287E1	2.703650E1	1.377344E5	1.083564E2	4.919198E1
2.466400E1	4.932800E4	1.094499E3	-2.112732E1	-1.708624E1	2.717174E1	1.377390E5	1.071879E2	4.739861E1
2.466800E1	4.933600E4	1.028010E3	-1.986285E1	-1.865414E1	2.724903E1	1.377432E5	1.059235E2	4.583071E1
2.467200E1	4.934400E4	1.019004E3	-1.866663E1	-2.014931E1	2.746703E1	1.377472E5	1.047272E2	4.433554E1
2.467600E1	4.935200E4	1.030196E3	-1.723191E1	-2.155100E1	2.759319E1	1.377514E5	1.032925E2	4.293385E1
2.468000E1	4.936000E4	9.865123E2	-1.567199E1	-2.274252E1	2.761944E1	1.377554E5	1.017326E2	4.174233E1
2.468400E1	4.936800E4	1.016038E3	-1.412779E1	-2.374358E1	2.762882E1	1.377592E5	1.001884E2	4.074127E1
2.468800E1	4.937600E4	1.048804E3	-1.229549E1	-2.472289E1	2.761160E1	1.377636E5	9.835609E1	3.976196E1
2.469200E1	4.938400E4	9.664274E2	-1.052879E1	-2.559185E1	2.767306E1	1.377676E5	9.658940E1	3.889300E1
2.469600E1	4.939200E4	9.762943E2	-8.931960E0	-2.637134E1	2.784291E1	1.377713E5	9.499257E1	3.811351E1
2.470000E1	4.940000E4	1.011437E3	-7.011239E0	-2.700834E1	2.790354E1	1.377754E5	9.307185E1	3.747651E1
2.470400E1	4.940800E4	1.018149E3	-5.141048E0	-2.741877E1	2.789658E1	1.377794E5	9.120165E1	3.706608E1
2.470800E1	4.941600E4	1.034374E3	-3.121238E0	-2.779445E1	2.796916E1	1.377836E5	8.918184E1	3.669040E1
2.471200E1	4.942400E4	1.004336E3	-1.146307E0	-2.799564E1	2.801910E1	1.377877E5	8.720691E1	3.648921E1
2.471600E1	4.943200E4	9.904639E2	7.940199E-1	-2.794784E1	2.795911E1	1.377916E5	8.526659E1	3.653701E1
2.472000E1	4.944000E4	9.839435E2	2.719975E0	-2.784558E1	2.797811E1	1.377956E5	8.334063E1	3.663927E1
2.472400E1	4.944800E4	9.739950E2	4.626758E0	-2.765159E1	2.803600E1	1.377995E5	8.143385E1	3.683325E1
2.472800E1	4.945600E4	9.353653E2	6.501978E0	-2.735395E1	2.811609E1	1.378034E5	7.955863E1	3.713090E1
2.473200E1	4.946400E4	9.075150E2	8.288951E0	-2.714268E1	2.838013E1	1.378070E5	7.777166E1	3.734217E1
2.473600E1	4.947200E4	9.465765E2	1.002489E1	-2.662694E1	2.845158E1	1.378106E5	7.603571E1	3.785791E1
2.474000E1	4.948000E4	9.432308E2	1.180545E1	-2.583958E1	2.840867E1	1.378146E5	7.425516E1	3.864527E1
2.474400E1	4.948800E4	8.998487E2	1.341025E1	-2.503422E1	2.839977E1	1.378182E5	7.265036E1	3.945063E1
2.474800E1	4.949600E4	9.267926E2	1.499479E1	-2.422824E1	2.849301E1	1.378218E5	7.106581E1	4.025660E1
2.475200E1	4.950400E4	9.696078E2	1.660409E1	-2.319983E1	2.852942E1	1.378256E5	6.945651E1	4.128502E1
2.475600E1	4.951200E4	9.459521E2	1.819905E1	-2.206927E1	2.860521E1	1.378295E5	6.786156E1	4.241558E1
2.476000E1	4.952000E4	9.661894E2	1.955671E1	-2.085576E1	2.859070E1	1.378332E5	6.650389E1	4.362909E1
2.476400E1	4.952800E4	9.942505E2	2.096974E1	-1.939127E1	2.856136E1	1.378372E5	6.509087E1	4.509358E1
2.476800E1	4.953600E4	9.733891E2	2.217766E1	-1.788689E1	2.849192E1	1.378411E5	6.388294E1	4.659796E1
2.477200E1	4.954400E4	9.535265E2	2.323000E1	-1.624967E1	2.834934E1	1.378450E5	6.283060E1	4.823518E1
2.477600E1	4.955200E4	9.586312E2	2.416924E1	-1.467140E1	2.827370E1	1.378487E5	6.189136E1	4.981345E1
2.478000E1	4.956000E4	9.888354E2	2.505713E1	-1.293528E1	2.819896E1	1.378527E5	6.100347E1	5.154957E1
2.478400E1	4.956800E4	9.607119E2	2.593593E1	-1.119566E1	2.824917E1	1.378567E5	6.012467E1	5.328918E1
2.478800E1	4.957600E4	9.686130E2	2.663675E1	-9.494620E0	2.827834E1	1.378604E5	5.942385E1	5.499023E1
2.479200E1	4.958400E4	9.851349E2	2.719096E1	-7.591504E0	2.823082E1	1.378644E5	5.886965E1	5.689334E1
2.479600E1	4.959200E4	9.948511E2	2.757975E1	-5.730287E0	2.816876E1	1.378683E5	5.848085E1	5.875456E1
2.480000E1	4.960000E4	1.012402E3	2.790873E1	-3.743906E0	2.815873E1	1.378724E5	5.815188E1	6.074094E1
2.480400E1	4.960800E4	9.949013E2	2.807090E1	-1.784872E0	2.812759E1	1.378764E5	5.798970E1	6.269998E1
2.480800E1	4.961600E4	1.010291E3	2.808693E1	1.562311E-1	2.808737E1	1.378803E5	5.797367E1	6.464108E1
2.481200E1	4.962400E4	1.004552E3	2.799118E1	2.175480E0	2.807559E1	1.378844E5	5.806942E1	6.666033E1
2.481600E1	4.963200E4	1.031223E3	2.774090E1	4.074217E0	2.803849E1	1.378884E5	5.831970E1	6.855907E1
2.482000E1	4.964000E4	1.025784E3	2.745959E1	6.185206E0	2.814757E1	1.378927E5	5.860102E1	7.067005E1
2.482400E1	4.964800E4	9.892629E2	2.680941E1	7.972560E0	2.796973E1	1.378966E5	5.925120E1	7.245741E1
2.482800E1	4.965600E4	9.809616E2	2.635208E1	9.909291E0	2.815362E1	1.379006E5	5.970852E1	7.439414E1
2.483200E1	4.966400E4	9.513009E2	2.544604E1	1.154770E1	2.794370E1	1.379044E5	6.061456E1	7.603255E1
2.483600E1	4.967200E4	9.809669E2	2.454163E1	1.316926E1	2.785177E1	1.379082E5	6.151897E1	7.765410E1
2.484000E1	4.968000E4	9.847286E2	2.373676E1	1.498073E1	2.806877E1	1.379123E5	6.232384E1	7.946558E1
2.484400E1	4.968800E4	9.660670E2	2.277626E1	1.660644E1	2.818744E1	1.379161E5	6.328434E1	8.109129E1
2.484800E1	4.969600E4	9.721224E2	2.159319E1	1.810943E1	2.818186E1	1.379200E5	6.446742E1	8.259428E1
2.485200E1	4.970400E4	9.883396E2	2.034155E1	1.955680E1	2.821785E1	1.379239E5	6.571905E1	8.404165E1
2.485600E1	4.971200E4	9.892722E2	1.885465E1	2.086105E1	2.811906E1	1.379279E5	6.720595E1	8.534590E1
2.486000E1	4.972000E4	9.996378E2	1.731407E1	2.199229E1	2.798997E1	1.379318E5	6.874653E1	8.647714E1
2.486400E1	4.972800E4	1.006053E3	1.572486E1	2.321606E1	2.804027E1	1.379359E5	7.033575E1	8.770091E1
2.486800E1	4.973600E4	9.842902E2	1.412755E1	2.430849E1	2.811565E1	1.379398E5	7.193306E1	8.879333E1
2.487200E1	4.974400E4	1.016627E3	1.242218E1	2.520464E1	2.809954E1	1.379438E5	7.363843E1	8.968949E1
2.487600E1	4.975200E4	1.003109E3	1.054303E1	2.605410E1	2.810643E1	1.379480E5	7.551757E1	9.053895E1
2.488000E1	4.976000E4	9.450931E2	8.796989E0	2.673789E1	2.814785E1	1.379518E5	7.726362E1	9.122273E1
2.488400E1	4.976800E4	9.808712E2	6.999750E0	2.712376E1	2.801241E1	1.379555E5	7.906086E1	9.160861E1
2.488800E1	4.977600E4	1.001845E3	5.046092E0	2.758980E1	2.804746E1	1.379596E5	8.101451E1	9.207465E1
2.489200E1	4.978400E4	9.983844E2	3.138965E0	2.774116E1	2.791818E1	1.379635E5	8.292164E1	9.222600E1
2.489600E1	4.979200E4	9.865383E2	1.152413E0	2.775514E1	2.777905E1	1.379676E5	8.490819E1	9.223998E1
2.490000E1	4.980000E4	9.933608E2	-6.936822E-1	2.765955E1	2.766825E1	1.379714E5	8.675429E1	9.214440E1
2.490400E1	4.980800E4	1.017816E3	-2.683914E0	2.752457E1	2.765512E1	1.379756E5	8.874452E1	9.200942E1
2.490800E1	4.981600E4	9.908548E2	-4.599342E0	2.725320E1	2.763857E1	1.379796E5	9.065995E1	9.173805E1
2.491200E1	4.982400E4	9.344155E2	-6.484604E0	2.701836E1	2.778564E1	1.379835E5	9.254521E1	9.150321E1
2.491600E1	4.983200E4	9.383321E2	-8.129216E0	2.649930E1	2.771817E1	1.379871E5	9.418982E1	9.098415E1
2.492000E1	4.984000E4	1.008873E3	-9.930842E0	2.586697E1	2.770779E1	1.379910E5	9.599145E1	9.035182E1
2.492400E1	4.984800E4	1.004186E3	-1.168073E1	2.490685E1	2.750983E1	1.379951E5	9.774134E1	8.939170E1
2.492800E1	4.985600E4	9.564191E2	-1.333051E1	2.401301E1	2.746502E1	1.379990E5	9.939112E1	8.849786E1
2.493200E1	4.986400E4	9.394104E2	-1.488109E1	2.311145E1	2.748793E1	1.380028E5	1.009417E2	8.759630E1
2.493600E1	4.987200E4	9.521517E2	-1.639461E1	2.211439E1	2.752870E1	1.380066E5	1.024552E2	8.659924E1
2.494000E1	4.988000E4	9.958967E2	-1.777917E1	2.089485E1	2.743526E1	1.380104E5	1.038398E2	8.537970E1
2.494400E1	4.988800E4	9.966503E2	-1.917518E1	1.950005E1	2.734848E1	1.380145E5	1.052358E2	8.398489E1
2.494800E1	4.989600E4	9.454836E2	-2.037685E1	1.811226E1	2.726298E1	1.380184E5	1.064375E2	8.259710E1
2.495200E1	4.990400E4	9.595294E2	-2.145015E1	1.670895E1	2.719003E1	1.380221E5	1.075108E2	8.119380E1
2.495600E1	4.991200E4	9.734425E2	-2.249448E1	1.514789E1	2.711938E1	1.380260E5	1.085551E2	7.963274E1
2.496000E1	4.992000E4	9.724866E2	-2.331895E1	1.353376E1	2.696176E1	1.380299E5	1.093796E2	7.801861E1
2.496400E1	4.992800E4	1.007546E3	-2.411365E1	1.185317E1	2.686942E1	1.380338E5	1.101743E2	7.633802E1
2.496800E1	4.993600E4	9.782565E2	-2.491856E1	1.010292E1	2.688873E1	1.380379E5	1.109792E2	7.458777E1
2.497200E1	4.994400E4	9.660035E2	-2.565639E1	8.510169E0	2.703097E1	1.380416E5	1.117170E2	7.299502E1
2.497600E1	4.995200E4	1.001235E3	-2.612608E1	6.679592E0	2.696644E1	1.380457E5	1.121867E2	7.116444E1
2.498000E1	4.996000E4	9.866654E2	-2.642004E1	4.820722E0	2.685625E1	1.380497E5	1.124807E2	6.930557E1
2.498400E1	4.996800E4	9.236564E2	-2.676959E1	3.025466E0	2.694001E1	1.380536E5	1.128302E2	6.751031E1
2.498800E1	4.997600E4	9.199983E2	-2.692749E1	1.388326E0	2.696325E1	1.380570E5	1.129881E2	6.587317E1
2.499200E1	4.998400E4	9.559485E2	-2.695735E1	-4.290562E-1	2.696076E1	1.380609E5	1.130180E2	6.405579E1
2.499600E1	4.999200E4	9.668029E2	-2.687586E1	-2.207778E0	2.696638E1	1.380647E5	1.129365E2	6.227707E1
2.500000E1	5.000000E4	9.924305E2	-2.669478E1	-4.059261E0	2.700165E1	1.380686E5	1.127554E2	6.042559E1
2.500400E1	5.000800E4	9.304421E2	-2.648727E1	-5.937884E0	2.714468E1	1.380726E5	1.125479E2	5.854696E1
2.500800E1	5.001600E4	8.992913E2	-2.593839E1	-7.481734E0	2.699586E1	1.380761E5	1.119990E2	5.700311E1
2.501200E1	5.002400E4	9.282219E2	-2.537945E1	-9.152138E0	2.697921E1	1.380798E5	1.114401E2	5.533271E1
2.501600E1	5.003200E4	9.167639E2	-2.481338E1	-1.079719E1	2.706073E1	1.380835E5	1.108740E2	5.368766E1
2.502000E1	5.004000E4	9.186458E2	-2.410810E1	-1.237075E1	2.709679E1	1.380872E5	1.101687E2	5.211409E1
2.502400E1	5.004800E4	9.004610E2	-2.335387E1	-1.395750E1	2.720690E1	1.380909E5	1.094145E2	5.052735E1
2.502800E1	5.005600E4	9.097378E2	-2.236560E1	-1.529555E1	2.709564E1	1.380944E5	1.084262E2	4.918930E1
2.503200E1	5.006400E4	9.222795E2	-2.135080E1	-1.676685E1	2.714745E1	1.380981E5	1.074114E2	4.771800E1
2.503600E1	5.007200E4	9.025881E2	-2.024827E1	-1.806970E1	2.713865E1	1.381017E5	1.063089E2	4.641515E1
2.504000E1	5.008000E4	8.828211E2	-1.918741E1	-1.943233E1	2.730883E1	1.381054E5	1.052480E2	4.505252E1
2.504400E1	5.008800E4	8.492979E2	-1.805398E1	-2.062909E1	2.741360E1	1.381088E5	1.041146E2	4.385576E1
2.504800E1	5.009600E4	8.317479E2	-1.683391E1	-2.166913E1	2.743960E1	1.381122E5	1.028945E2	4.281572E1
2.505200E1	5.010400E4	8.227062E2	-1.559923E1	-2.266524E1	2.751452E1	1.381155E5	1.016598E2	4.181961E1
2.505600E1	5.011200E4	8.346746E2	-1.432096E1	-2.359036E1	2.759701E1	1.381187E5	1.003816E2	4.089449E1
2.506000E1	5.012000E4	8.715608E2	-1.292832E1	-2.445852E1	2.766515E1	1.381221E5	9.898892E1	4.002633E1
2.506400E1	5.012800E4	8.797472E2	-1.140150E1	-2.526548E1	2.771892E1	1.381257E5	9.746210E1	3.921937E1
2.506800E1	5.013600E4	8.219058E2	-9.888029E0	-2.600018E1	2.781695E1	1.381292E5	9.594864E1	3.848466E1
2.507200E1	5.014400E4	8.152584E2	-8.449959E0	-2.645669E1	2.777334E1	1.381323E5	9.451057E1	3.802816E1
2.507600E1	5.015200E4	8.507373E2	-6.894684E0	-2.704882E1	2.791372E1	1.381357E5	9.295529E1	3.743602E1
2.508000E1	5.016000E4	8.527295E2	-5.309938E0	-2.755604E1	2.806298E1	1.381391E5	9.137054E1	3.692881E1
2.508400E1	5.016800E4	8.084896E2	-3.659383E0	-2.787768E1	2.811683E1	1.381425E5	8.971999E1	3.660717E1
2.508800E1	5.017600E4	7.586876E2	-2.168325E0	-2.793095E1	2.801499E1	1.381456E5	8.822893E1	3.655389E1
2.509200E1	5.018400E4	7.883378E2	-6.893076E-1	-2.803016E1	2.803863E1	1.381486E5	8.674991E1	3.645469E1
2.509600E1	5.019200E4	7.899097E2	9.199295E-1	-2.821174E1	2.822673E1	1.381519E5	8.514068E1	3.627311E1
2.510000E1	5.020000E4	7.481124E2	2.433119E0	-2.831975E1	2.842408E1	1.381549E5	8.362749E1	3.616510E1
2.510400E1	5.020800E4	7.827601E2	3.870145E0	-2.806135E1	2.832697E1	1.381579E5	8.219046E1	3.642350E1
2.510800E1	5.021600E4	8.451339E2	5.509048E0	-2.789261E1	2.843145E1	1.381612E5	8.055156E1	3.659224E1
2.511200E1	5.022400E4	7.960949E2	7.179345E0	-2.753511E1	2.845567E1	1.381646E5	7.888126E1	3.694974E1
2.511600E1	5.023200E4	7.819548E2	8.584246E0	-2.715730E1	2.848172E1	1.381675E5	7.747636E1	3.732754E1
2.512000E1	5.024000E4	8.196061E2	1.017086E1	-2.667780E1	2.855085E1	1.381709E5	7.588975E1	3.780705E1
2.512400E1	5.024800E4	7.973940E2	1.162987E1	-2.600102E1	2.848345E1	1.381741E5	7.443074E1	3.848383E1
2.512800E1	5.025600E4	7.748149E2	1.304297E1	-2.532623E1	2.848748E1	1.381772E5	7.301764E1	3.915862E1
2.513200E1	5.026400E4	7.666424E2	1.438372E1	-2.461797E1	2.851203E1	1.381803E5	7.167689E1	3.986688E1
2.513600E1	5.027200E4	7.872089E2	1.564160E1	-2.373838E1	2.842834E1	1.381834E5	7.041900E1	4.074647E1
2.514000E1	5.028000E4	7.902027E2	1.692965E1	-2.280041E1	2.839845E1	1.381866E5	6.913096E1	4.168444E1
2.514400E1	5.028800E4	7.839268E2	1.812670E1	-2.183126E1	2.837572E1	1.381897E5	6.793391E1	4.265359E1
2.514800E1	5.029600E4	7.827653E2	1.926895E1	-2.076065E1	2.832485E1	1.381929E5	6.679166E1	4.372420E1
2.515200E1	5.030400E4	7.800070E2	2.030388E1	-1.963102E1	2.824225E1	1.381960E5	6.575673E1	4.485383E1
2.515600E1	5.031200E4	7.679577E2	2.133757E1	-1.847933E1	2.822725E1	1.381991E5	6.472304E1	4.600552E1
2.516000E1	5.032000E4	7.628823E2	2.226331E1	-1.732594E1	2.821069E1	1.382021E5	6.379729E1	4.715891E1
2.516400E1	5.032800E4	7.664636E2	2.317344E1	-1.610058E1	2.821768E1	1.382052E5	6.288716E1	4.838427E1
2.516800E1	5.033600E4	7.955679E2	2.400318E1	-1.485903E1	2.823018E1	1.382082E5	6.205743E1	4.962582E1
2.517200E1	5.034400E4	8.127377E2	2.484974E1	-1.345105E1	2.825669E1	1.382116E5	6.121087E1	5.103379E1
2.517600E1	5.035200E4	8.015137E2	2.556880E1	-1.206309E1	2.827157E1	1.382147E5	6.049180E1	5.242176E1
2.518000E1	5.036000E4	8.012262E2	2.624533E1	-1.061146E1	2.830938E1	1.382180E5	5.981527E1	5.387338E1
2.518400E1	5.036800E4	7.994298E2	2.676120E1	-9.135089E0	2.827740E1	1.382212E5	5.929941E1	5.534976E1
2.518800E1	5.037600E4	8.191018E2	2.717413E1	-7.596835E0	2.821604E1	1.382244E5	5.888648E1	5.688801E1
2.519200E1	5.038400E4	8.320340E2	2.749391E1	-5.992038E0	2.813929E1	1.382277E5	5.856669E1	5.849281E1
2.519600E1	5.039200E4	8.151854E2	2.792062E1	-4.403544E0	2.826574E1	1.382310E5	5.813999E1	6.008130E1
2.520000E1	5.040000E4	8.128561E2	2.798284E1	-2.829237E0	2.812550E1	1.382342E5	5.807777E1	6.165561E1
2.520400E1	5.040800E4	7.847958E2	2.813382E1	-1.208581E0	2.815976E1	1.382375E5	5.792679E1	6.327627E1
2.520800E1	5.041600E4	8.013972E2	2.807094E1	2.474360E-1	2.807203E1	1.382405E5	5.798967E1	6.473228E1
2.521200E1	5.042400E4	8.143194E2	2.803415E1	1.936426E0	2.810095E1	1.382440E5	5.802645E1	6.642127E1
2.521600E1	5.043200E4	8.012093E2	2.783956E1	3.427929E0	2.804981E1	1.382470E5	5.822104E1	6.791278E1
2.522000E1	5.044000E4	8.535926E2	2.752878E1	5.033128E0	2.798511E1	1.382504E5	5.853183E1	6.951798E1
2.522400E1	5.044800E4	8.337373E2	2.727914E1	6.724801E0	2.809581E1	1.382538E5	5.878147E1	7.120965E1
2.522800E1	5.045600E4	8.314888E2	2.679883E1	8.209049E0	2.802795E1	1.382570E5	5.926178E1	7.269390E1
2.523200E1	5.046400E4	8.261627E2	2.631230E1	9.837891E0	2.809130E1	1.382605E5	5.974830E1	7.432274E1
2.523600E1	5.047200E4	8.104460E2	2.558171E1	1.119777E1	2.792515E1	1.382636E5	6.047890E1	7.568262E1
2.524000E1	5.048000E4	8.313050E2	2.503076E1	1.274490E1	2.808864E1	1.382670E5	6.102985E1	7.722975E1
2.524400E1	5.048800E4	8.413748E2	2.417099E1	1.411911E1	2.799260E1	1.382703E5	6.188962E1	7.860396E1
2.524800E1	5.049600E4	8.492545E2	2.331179E1	1.555573E1	2.802535E1	1.382737E5	6.274882E1	8.004058E1
2.525200E1	5.050400E4	8.190713E2	2.231045E1	1.686390E1	2.796690E1	1.382771E5	6.375016E1	8.134875E1
2.525600E1	5.051200E4	8.421989E2	2.122944E1	1.798310E1	2.782231E1	1.382803E5	6.483117E1	8.246795E1
2.526000E1	5.052000E4	8.406508E2	2.016647E1	1.935403E1	2.795112E1	1.382838E5	6.589413E1	8.383888E1
2.526400E1	5.052800E4	8.110864E2	1.907513E1	2.045026E1	2.796558E1	1.382870E5	6.698548E1	8.493511E1
2.526800E1	5.053600E4	8.139952E2	1.783079E1	2.148568E1	2.792081E1	1.382903E5	6.822981E1	8.597053E1
2.527200E1	5.054400E4	7.759367E2	1.666484E1	2.252497E1	2.801947E1	1.382935E5	6.939577E1	8.700982E1
2.527600E1	5.055200E4	8.097866E2	1.544403E1	2.334976E1	2.799517E1	1.382965E5	7.061657E1	8.783461E1
2.528000E1	5.056000E4	8.584694E2	1.402312E1	2.427196E1	2.803170E1	1.383000E5	7.203749E1	8.875681E1
2.528400E1	5.056800E4	8.288692E2	1.258029E1	2.510721E1	2.808266E1	1.383034E5	7.348031E1	8.959206E1
2.528800E1	5.057600E4	7.947590E2	1.113929E1	2.575840E1	2.806383E1	1.383066E5	7.492131E1	9.024324E1
2.529200E1	5.058400E4	7.967577E2	9.693165E0	2.626645E1	2.799792E1	1.383097E5	7.636744E1	9.075130E1
2.529600E1	5.059200E4	8.166093E2	8.180720E0	2.673765E1	2.796115E1	1.383130E5	7.787989E1	9.122250E1
2.530000E1	5.060000E4	8.190533E2	6.621187E0	2.711428E1	2.791101E1	1.383163E5	7.943942E1	9.159913E1
2.530400E1	5.060800E4	8.264613E2	5.077825E0	2.750538E1	2.797017E1	1.383195E5	8.098278E1	9.199023E1
2.530800E1	5.061600E4	8.421059E2	3.445809E0	2.762090E1	2.783501E1	1.383229E5	8.261480E1	9.210575E1
2.531200E1	5.062400E4	8.116255E2	1.805778E0	2.775214E1	2.781082E1	1.383263E5	8.425483E1	9.223698E1
2.531600E1	5.063200E4	8.092267E2	2.987890E-1	2.769497E1	2.769658E1	1.383294E5	8.576182E1	9.217981E1
2.532000E1	5.064000E4	8.179692E2	-1.329427E0	2.766769E1	2.769961E1	1.383328E5	8.739003E1	9.215253E1
2.532400E1	5.064800E4	7.927909E2	-2.853462E0	2.749206E1	2.763975E1	1.383359E5	8.891407E1	9.197691E1
2.532800E1	5.065600E4	8.002416E2	-4.373398E0	2.732461E1	2.767238E1	1.383391E5	9.043400E1	9.180946E1
2.533200E1	5.066400E4	8.145377E2	-5.904791E0	2.701935E1	2.765704E1	1.383423E5	9.196540E1	9.150419E1
2.533600E1	5.067200E4	8.012342E2	-7.472864E0	2.674755E1	2.777184E1	1.383456E5	9.353347E1	9.123240E1
2.534000E1	5.068000E4	8.011740E2	-8.876923E0	2.616941E1	2.763400E1	1.383487E5	9.493753E1	9.065426E1
2.534400E1	5.068800E4	8.140936E2	-1.037110E1	2.564493E1	2.766265E1	1.383520E5	9.643170E1	9.012978E1
2.534800E1	5.069600E4	8.225864E2	-1.172314E1	2.485640E1	2.748222E1	1.383553E5	9.778375E1	8.934125E1
2.535200E1	5.070400E4	8.162119E2	-1.314816E1	2.411578E1	2.746716E1	1.383586E5	9.920876E1	8.860063E1
2.535600E1	5.071200E4	7.964673E2	-1.448763E1	2.338448E1	2.750864E1	1.383618E5	1.005482E2	8.786933E1
2.536000E1	5.072000E4	7.989427E2	-1.569828E1	2.244331E1	2.738865E1	1.383650E5	1.017589E2	8.692816E1
2.536400E1	5.072800E4	8.074351E2	-1.691331E1	2.151505E1	2.736709E1	1.383682E5	1.029739E2	8.599990E1
2.536800E1	5.073600E4	7.994666E2	-1.810332E1	2.051190E1	2.735815E1	1.383714E5	1.041639E2	8.499675E1
2.537200E1	5.074400E4	7.905844E2	-1.916282E1	1.945455E1	2.730738E1	1.383746E5	1.052234E2	8.393940E1
2.537600E1	5.075200E4	7.861381E2	-2.017052E1	1.831805E1	2.724703E1	1.383778E5	1.062311E2	8.280290E1
2.538000E1	5.076000E4	7.779950E2	-2.111801E1	1.718893E1	2.722921E1	1.383809E5	1.071786E2	8.167378E1
2.538400E1	5.076800E4	7.750769E2	-2.202618E1	1.601500E1	2.723294E1	1.383840E5	1.080868E2	8.049985E1
2.538800E1	5.077600E4	8.034115E2	-2.283120E1	1.479455E1	2.720556E1	1.383871E5	1.088918E2	7.927940E1
2.539200E1	5.078400E4	8.411231E2	-2.364415E1	1.342804E1	2.719114E1	1.383904E5	1.097048E2	7.791288E1
2.539600E1	5.079200E4	7.696523E2	-2.437310E1	1.200052E1	2.716727E1	1.383938E5	1.104337E2	7.648537E1
2.540000E1	5.080000E4	7.733175E2	-2.486769E1	1.077976E1	2.710360E1	1.383966E5	1.109283E2	7.526461E1
2.540400E1	5.080800E4	7.797824E2	-2.542099E1	9.266349E0	2.705719E1	1.384000E5	1.114816E2	7.375120E1
2.540800E1	5.081600E4	7.861830E2	-2.574709E1	7.968937E0	2.695212E1	1.384028E5	1.118077E2	7.245379E1
2.541200E1	5.082400E4	8.091535E2	-2.620842E1	6.407405E0	2.698029E1	1.384063E5	1.122690E2	7.089225E1
2.541600E1	5.083200E4	7.199357E2	-2.646989E1	5.013261E0	2.694045E1	1.384093E5	1.125305E2	6.949811E1
2.542000E1	5.084000E4	7.489299E2	-2.657174E1	3.724315E0	2.683147E1	1.384120E5	1.126323E2	6.820916E1
2.542400E1	5.084800E4	7.702564E2	-2.690328E1	2.227481E0	2.699534E1	1.384153E5	1.129639E2	6.671233E1
2.542800E1	5.085600E4	7.724106E2	-2.692496E1	8.539562E-1	2.693850E1	1.384182E5	1.129856E2	6.533880E1
2.543200E1	5.086400E4	7.757962E2	-2.705603E1	-6.830771E-1	2.706465E1	1.384214E5	1.131166E2	6.380177E1
2.543600E1	5.087200E4	7.577368E2	-2.688551E1	-2.063902E0	2.696461E1	1.384244E5	1.129461E2	6.242095E1
2.544000E1	5.088000E4	7.429985E2	-2.681108E1	-3.533611E0	2.704294E1	1.384275E5	1.128717E2	6.095124E1
2.544400E1	5.088800E4	7.265242E2	-2.665911E1	-4.861013E0	2.709866E1	1.384303E5	1.127197E2	5.962384E1
2.544800E1	5.089600E4	7.505208E2	-2.634038E1	-6.236463E0	2.706860E1	1.384333E5	1.124010E2	5.824839E1
2.545200E1	5.090400E4	7.085544E2	-2.597350E1	-7.613853E0	2.706647E1	1.384363E5	1.120341E2	5.687100E1
2.545600E1	5.091200E4	6.940887E2	-2.561560E1	-8.814534E0	2.708976E1	1.384390E5	1.116762E2	5.567031E1
2.546000E1	5.092000E4	7.380872E2	-2.514827E1	-1.010477E1	2.710243E1	1.384419E5	1.112089E2	5.438008E1
2.546400E1	5.092800E4	7.285406E2	-2.464988E1	-1.143867E1	2.717462E1	1.384449E5	1.107105E2	5.304618E1
2.546800E1	5.093600E4	6.987539E2	-2.413204E1	-1.267980E1	2.726046E1	1.384477E5	1.101926E2	5.180505E1
2.547200E1	5.094400E4	6.843830E2	-2.348164E1	-1.382263E1	2.724798E1	1.384505E5	1.095423E2	5.066222E1
2.547600E1	5.095200E4	6.579098E2	-2.269475E1	-1.484765E1	2.712019E1	1.384532E5	1.087554E2	4.963720E1
2.548000E1	5.096000E4	6.701021E2	-2.203291E1	-1.585953E1	2.714726E1	1.384557E5	1.080935E2	4.862532E1
2.548400E1	5.096800E4	6.913368E2	-2.122929E1	-1.691975E1	2.714702E1	1.384586E5	1.072899E2	4.756510E1
2.548800E1	5.097600E4	6.970249E2	-2.039543E1	-1.790361E1	2.713877E1	1.384613E5	1.064560E2	4.658124E1
2.549200E1	5.098400E4	7.017949E2	-1.947630E1	-1.889433E1	2.713525E1	1.384641E5	1.055369E2	4.559052E1
2.549600E1	5.099200E4	6.953232E2	-1.847736E1	-1.973968E1	2.703827E1	1.384669E5	1.045380E2	4.474517E1
2.550000E1	5.100000E4	6.492706E2	-1.752895E1	-2.066477E1	2.709791E1	1.384697E5	1.035896E2	4.382008E1
2.550400E1	5.100800E4	6.185285E2	-1.678284E1	-2.154763E1	2.731234E1	1.384721E5	1.028434E2	4.293722E1
2.550800E1	5.101600E4	6.540795E2	-1.587520E1	-2.237317E1	2.743321E1	1.384746E5	1.019358E2	4.211167E1
2.551200E1	5.102400E4	6.742723E2	-1.488469E1	-2.320187E1	2.756593E1	1.384773E5	1.009453E2	4.128298E1
2.551600E1	5.103200E4	6.353519E2	-1.382402E1	-2.397872E1	2.767819E1	1.384800E5	9.988462E1	4.050613E1
2.552000E1	5.104000E4	6.064585E2	-1.280935E1	-2.450351E1	2.764962E1	1.384824E5	9.886996E1	3.998133E1
2.552400E1	5.104800E4	6.376352E2	-1.176606E1	-2.510383E1	2.772440E1	1.384849E5	9.782667E1	3.938102E1
2.552800E1	5.105600E4	6.122585E2	-1.066854E1	-2.575931E1	2.788118E1	1.384875E5	9.672914E1	3.872553E1
2.553200E1	5.106400E4	6.054555E2	-9.650227E0	-2.620847E1	2.792867E1	1.384898E5	9.571083E1	3.827638E1
2.553600E1	5.107200E4	6.613759E2	-8.478421E0	-2.664047E1	2.795708E1	1.384923E5	9.453903E1	3.784438E1
2.554000E1	5.108000E4	6.473358E2	-7.195253E0	-2.699771E1	2.794008E1	1.384951E5	9.325586E1	3.748714E1
2.554400E1	5.108800E4	6.334799E2	-6.019256E0	-2.720692E1	2.786482E1	1.384975E5	9.207986E1	3.727793E1
2.554800E1	5.109600E4	6.109605E2	-4.799030E0	-2.762420E1	2.803796E1	1.385001E5	9.085964E1	3.686065E1
2.555200E1	5.110400E4	5.987041E2	-3.704465E0	-2.781004E1	2.805568E1	1.385024E5	8.976507E1	3.667481E1
2.555600E1	5.111200E4	6.382759E2	-2.463780E0	-2.779376E1	2.790275E1	1.385049E5	8.852439E1	3.669108E1
2.556000E1	5.112000E4	6.399924E2	-1.209123E0	-2.790278E1	2.792896E1	1.385075E5	8.726973E1	3.658207E1
2.556400E1	5.112800E4	5.838646E2	2.644481E-2	-2.795950E1	2.795951E1	1.385101E5	8.603416E1	3.652535E1
2.556800E1	5.113600E4	5.509598E2	1.067195E0	-2.791134E1	2.793173E1	1.385122E5	8.499341E1	3.657351E1
2.557200E1	5.114400E4	5.678743E2	2.175238E0	-2.787618E1	2.796092E1	1.385145E5	8.388537E1	3.660867E1
2.557600E1	5.115200E4	5.539214E2	3.283867E0	-2.781745E1	2.801061E1	1.385167E5	8.277674E1	3.666739E1
2.558000E1	5.116000E4	5.456718E2	4.336892E0	-2.771620E1	2.805346E1	1.385189E5	8.172371E1	3.676864E1
2.558400E1	5.116800E4	5.599794E2	5.412351E0	-2.759204E1	2.811787E1	1.385211E5	8.064825E1	3.689280E1
2.558800E1	5.117600E4	6.004491E2	6.493184E0	-2.731246E1	2.807368E1	1.385234E5	7.956742E1	3.717239E1
2.559200E1	5.118400E4	6.212618E2	7.753122E0	-2.721465E1	2.829749E1	1.385259E5	7.830748E1	3.727020E1
2.559600E1	5.119200E4	5.836580E2	8.939428E0	-2.696217E1	2.840549E1	1.385283E5	7.712118E1	3.752268E1
2.560000E1	5.120000E4	5.645890E2	9.964046E0	-2.654989E1	2.835805E1	1.385306E5	7.609656E1	3.793496E1
2.560400E1	5.120800E4	5.756632E2	1.101559E1	-2.612858E1	2.835570E1	1.385329E5	7.504502E1	3.835627E1
2.560800E1	5.121600E4	5.645452E2	1.209973E1	-2.574102E1	2.844299E1	1.385352E5	7.396087E1	3.874383E1
2.561200E1	5.122400E4	5.576568E2	1.306052E1	-2.522188E1	2.840282E1	1.385374E5	7.300009E1	3.926297E1
2.561600E1	5.123200E4	5.559761E2	1.408544E1	-2.475719E1	2.848365E1	1.385396E5	7.197516E1	3.972766E1
2.562000E1	5.124000E4	5.656462E2	1.500098E1	-2.417144E1	2.844799E1	1.385418E5	7.105962E1	4.031340E1
2.562400E1	5.124800E4	5.893309E2	1.598796E1	-2.355863E1	2.847146E1	1.385442E5	7.007265E1	4.092622E1
2.562800E1	5.125600E4	5.822169E2	1.695696E1	-2.288368E1	2.848160E1	1.385465E5	6.910364E1	4.160117E1
2.563200E1	5.126400E4	5.722196E2	1.782491E1	-2.215360E1	2.843430E1	1.385488E5	6.823570E1	4.233124E1
2.563600E1	5.127200E4	5.723650E2	1.873819E1	-2.146754E1	2.849517E1	1.385511E5	6.732242E1	4.301731E1
2.564000E1	5.128000E4	5.885685E2	1.961292E1	-2.074062E1	2.854541E1	1.385534E5	6.644768E1	4.374422E1
2.564400E1	5.128800E4	6.000289E2	2.040789E1	-1.982849E1	2.845437E1	1.385558E5	6.565271E1	4.465636E1
2.564800E1	5.129600E4	5.786874E2	2.112125E1	-1.888492E1	2.833280E1	1.385582E5	6.493935E1	4.559993E1
2.565200E1	5.130400E4	5.917844E2	2.181098E1	-1.800869E1	2.828484E1	1.385605E5	6.424962E1	4.647615E1
2.565600E1	5.131200E4	5.873436E2	2.257019E1	-1.704880E1	2.828560E1	1.385629E5	6.349041E1	4.743605E1
2.566000E1	5.132000E4	5.345246E2	2.332695E1	-1.624089E1	2.842381E1	1.385652E5	6.273366E1	4.824395E1
2.566400E1	5.132800E4	5.375318E2	2.389156E1	-1.539118E1	2.841997E1	1.385672E5	6.216905E1	4.909367E1
2.566800E1	5.133600E4	5.534166E2	2.440957E1	-1.440502E1	2.834311E1	1.385695E5	6.165104E1	5.007982E1
2.567200E1	5.134400E4	5.660545E2	2.488600E1	-1.343488E1	2.828089E1	1.385716E5	6.117461E1	5.104997E1
2.567600E1	5.135200E4	6.085453E2	2.547309E1	-1.243400E1	2.834577E1	1.385740E5	6.058751E1	5.205085E1
2.568000E1	5.136000E4	6.029889E2	2.605266E1	-1.132496E1	2.840767E1	1.385765E5	6.000795E1	5.315989E1
2.568400E1	5.136800E4	5.446907E2	2.644632E1	-1.025474E1	2.836490E1	1.385788E5	5.961429E1	5.423011E1
2.568800E1	5.137600E4	5.496532E2	2.675125E1	-9.282706E0	2.831604E1	1.385809E5	5.930936E1	5.520214E1
2.569200E1	5.138400E4	5.966918E2	2.711209E1	-8.184032E0	2.832038E1	1.385832E5	5.894852E1	5.630082E1
2.569600E1	5.139200E4	6.046027E2	2.726728E1	-6.982424E0	2.814709E1	1.385856E5	5.879333E1	5.750242E1
2.570000E1	5.140000E4	6.287663E2	2.751612E1	-5.828705E0	2.812669E1	1.385880E5	5.854449E1	5.865614E1
2.570400E1	5.140800E4	6.215446E2	2.785060E1	-4.577259E0	2.822423E1	1.385907E5	5.821001E1	5.990759E1
2.570800E1	5.141600E4	5.826068E2	2.798619E1	-3.430194E0	2.819562E1	1.385930E5	5.807441E1	6.105465E1
2.571200E1	5.142400E4	5.755685E2	2.806890E1	-2.294021E0	2.816249E1	1.385953E5	5.799171E1	6.219083E1
2.571600E1	5.143200E4	5.614552E2	2.811064E1	-1.169924E0	2.813497E1	1.385976E5	5.794997E1	6.331492E1
2.572000E1	5.144000E4	5.603442E2	2.812033E1	-8.866515E-2	2.812047E1	1.385998E5	5.794027E1	6.439618E1
2.572400E1	5.144800E4	6.222318E2	2.801393E1	1.027009E0	2.803275E1	1.386021E5	5.804668E1	6.551186E1
2.572800E1	5.145600E4	6.422724E2	2.794127E1	2.344917E0	2.803949E1	1.386048E5	5.811934E1	6.682977E1
2.573200E1	5.146400E4	5.928343E2	2.787489E1	3.540073E0	2.809878E1	1.386072E5	5.818572E1	6.802492E1
2.573600E1	5.147200E4	5.818998E2	2.769997E1	4.655205E0	2.808842E1	1.386095E5	5.836063E1	6.914005E1
2.574000E1	5.148000E4	5.780469E2	2.754606E1	5.801319E0	2.815032E1	1.386119E5	5.851455E1	7.028617E1
2.574400E1	5.148800E4	5.736222E2	2.732663E1	6.896561E0	2.818346E1	1.386142E5	5.873397E1	7.138141E1
2.574800E1	5.149600E4	5.959396E2	2.687267E1	7.950824E0	2.802421E1	1.386165E5	5.918793E1	7.243567E1
2.575200E1	5.150400E4	6.467272E2	2.644834E1	9.071675E0	2.796086E1	1.386189E5	5.961227E1	7.355652E1
2.575600E1	5.151200E4	6.487887E2	2.593605E1	1.029800E1	2.790569E1	1.386217E5	6.012456E1	7.478285E1
2.576000E1	5.152000E4	6.147937E2	2.552015E1	1.142752E1	2.796187E1	1.386241E5	6.054046E1	7.591236E1
2.576400E1	5.152800E4	6.145976E2	2.511105E1	1.256047E1	2.807722E1	1.386266E5	6.094956E1	7.704532E1
2.576800E1	5.153600E4	5.870110E2	2.447514E1	1.358850E1	2.799428E1	1.386290E5	6.158547E1	7.807334E1
2.577200E1	5.154400E4	5.958971E2	2.401784E1	1.458596E1	2.809995E1	1.386313E5	6.204276E1	7.907081E1
2.577600E1	5.155200E4	6.302043E2	2.332600E1	1.561895E1	2.807230E1	1.386338E5	6.273460E1	8.010380E1
2.578000E1	5.156000E4	5.967320E2	2.251201E1	1.654386E1	2.793725E1	1.386363E5	6.354860E1	8.102871E1
2.578400E1	5.156800E4	6.049836E2	2.192466E1	1.748963E1	2.804599E1	1.386386E5	6.413595E1	8.197447E1
2.578800E1	5.157600E4	6.410208E2	2.112142E1	1.845896E1	2.805080E1	1.386412E5	6.493919E1	8.294381E1
2.579200E1	5.158400E4	6.401168E2	2.023310E1	1.934061E1	2.798995E1	1.386437E5	6.582751E1	8.382546E1
2.579600E1	5.159200E4	6.523361E2	1.935313E1	2.023252E1	2.799819E1	1.386463E5	6.670747E1	8.471737E1
2.580000E1	5.160000E4	6.642167E2	1.839918E1	2.111126E1	2.800384E1	1.386489E5	6.766142E1	8.559611E1
2.580400E1	5.160800E4	6.175578E2	1.738980E1	2.192973E1	2.798783E1	1.386516E5	6.867080E1	8.641458E1
2.580800E1	5.161600E4	5.954144E2	1.643751E1	2.251437E1	2.787631E1	1.386539E5	6.962309E1	8.699922E1
2.581200E1	5.162400E4	6.200581E2	1.544698E1	2.320531E1	2.787643E1	1.386563E5	7.061363E1	8.769016E1
2.581600E1	5.163200E4	5.923632E2	1.444480E1	2.387722E1	2.790652E1	1.386588E5	7.161580E1	8.836207E1
2.582000E1	5.164000E4	6.154704E2	1.343238E1	2.432124E1	2.778401E1	1.386611E5	7.262823E1	8.880609E1
2.582400E1	5.164800E4	6.147633E2	1.230688E1	2.495746E1	2.782686E1	1.386638E5	7.375372E1	8.944231E1
2.582800E1	5.165600E4	5.937846E2	1.128695E1	2.535886E1	2.775729E1	1.386660E5	7.477365E1	8.984371E1
2.583200E1	5.166400E4	5.962405E2	1.019934E1	2.589479E1	2.783103E1	1.386685E5	7.586127E1	9.037964E1
2.583600E1	5.167200E4	5.947200E2	9.140709E0	2.621406E1	2.776201E1	1.386708E5	7.691990E1	9.069890E1
2.584000E1	5.168000E4	5.897255E2	8.006830E0	2.661973E1	2.779783E1	1.386733E5	7.805378E1	9.110457E1
2.584400E1	5.168800E4	5.714352E2	6.961063E0	2.690558E1	2.779149E1	1.386755E5	7.909954E1	9.139043E1
2.584800E1	5.169600E4	5.928279E2	5.847487E0	2.711661E1	2.773993E1	1.386778E5	8.021312E1	9.160146E1
2.585200E1	5.170400E4	5.761775E2	4.723727E0	2.745321E1	2.785664E1	1.386802E5	8.133688E1	9.193806E1
2.585600E1	5.171200E4	5.639061E2	3.668053E0	2.763932E1	2.788165E1	1.386824E5	8.239255E1	9.212417E1
2.586000E1	5.172000E4	5.774660E2	2.546796E0	2.770740E1	2.782420E1	1.386847E5	8.351381E1	9.219225E1
2.586400E1	5.172800E4	6.122770E2	1.419156E0	2.763368E1	2.767010E1	1.386871E5	8.464145E1	9.211853E1
2.586800E1	5.173600E4	6.501650E2	1.705319E-1	2.763867E1	2.763920E1	1.386896E5	8.589007E1	9.212352E1
2.587200E1	5.174400E4	5.990074E2	-1.090607E0	2.761747E1	2.763900E1	1.386923E5	8.715121E1	9.210232E1
2.587600E1	5.175200E4	5.554665E2	-2.140825E0	2.757993E1	2.766289E1	1.386944E5	8.820143E1	9.206478E1
2.588000E1	5.176000E4	5.812353E2	-3.230880E0	2.748185E1	2.767111E1	1.386967E5	8.929149E1	9.196669E1
2.588400E1	5.176800E4	5.714228E2	-4.371189E0	2.732558E1	2.767299E1	1.386991E5	9.043179E1	9.181043E1
2.588800E1	5.177600E4	5.832548E2	-5.414564E0	2.715512E1	2.768967E1	1.387013E5	9.147517E1	9.163997E1
2.589200E1	5.178400E4	6.390274E2	-6.564575E0	2.681815E1	2.760990E1	1.387038E5	9.262518E1	9.130300E1
2.589600E1	5.179200E4	6.215815E2	-7.780848E0	2.645623E1	2.757668E1	1.387064E5	9.384145E1	9.094107E1
2.590000E1	5.180000E4	5.956841E2	-8.869011E0	2.616158E1	2.762405E1	1.387087E5	9.492962E1	9.064643E1
2.590400E1	5.180800E4	5.874052E2	-9.978257E0	2.578657E1	2.764982E1	1.387112E5	9.603886E1	9.027141E1
2.590800E1	5.181600E4	5.672355E2	-1.094811E1	2.526770E1	2.753757E1	1.387134E5	9.700872E1	8.975255E1
2.591200E1	5.182400E4	5.804947E2	-1.194447E1	2.482753E1	2.755135E1	1.387157E5	9.800508E1	8.931238E1
2.591600E1	5.183200E4	5.901720E2	-1.293435E1	2.425413E1	2.748745E1	1.387181E5	9.899496E1	8.873897E1
2.592000E1	5.184000E4	5.824441E2	-1.393103E1	2.373206E1	2.751880E1	1.387204E5	9.999164E1	8.821691E1
2.592400E1	5.184800E4	5.732316E2	-1.485101E1	2.310632E1	2.746734E1	1.387227E5	1.009116E2	8.759117E1
2.592800E1	5.185600E4	5.690306E2	-1.578300E1	2.254101E1	2.751727E1	1.387250E5	1.018436E2	8.702586E1
2.593200E1	5.186400E4	5.835758E2	-1.664768E1	2.186736E1	2.748321E1	1.387273E5	1.027083E2	8.635221E1
2.593600E1	5.187200E4	5.329591E2	-1.750619E1	2.111032E1	2.742467E1	1.387297E5	1.035668E2	8.559517E1
2.594000E1	5.188000E4	5.274189E2	-1.815500E1	2.048748E1	2.737410E1	1.387315E5	1.042156E2	8.497233E1
2.594400E1	5.188800E4	5.818294E2	-1.892039E1	1.966992E1	2.729261E1	1.387339E5	1.049810E2	8.415477E1
2.594800E1	5.189600E4	5.752020E2	-1.968200E1	1.887408E1	2.726926E1	1.387362E5	1.057426E2	8.335893E1
2.595200E1	5.190400E4	5.304749E2	-2.038771E1	1.804456E1	2.722618E1	1.387385E5	1.064483E2	8.252941E1
2.595600E1	5.191200E4	5.205517E2	-2.099392E1	1.734041E1	2.722929E1	1.387404E5	1.070545E2	8.182525E1
2.596000E1	5.192000E4	5.691299E2	-2.165683E1	1.652598E1	2.724200E1	1.387427E5	1.077174E2	8.101083E1
2.596400E1	5.192800E4	5.513103E2	-2.228639E1	1.560668E1	2.720757E1	1.387450E5	1.083470E2	8.009153E1
2.596800E1	5.193600E4	5.563659E2	-2.278854E1	1.476299E1	2.715260E1	1.387471E5	1.088491E2	7.924784E1
2.597200E1	5.194400E4	5.592531E2	-2.329492E1	1.375014E1	2.705032E1	1.387494E5	1.093555E2	7.823499E1
2.597600E1	5.195200E4	5.569251E2	-2.373106E1	1.286463E1	2.699373E1	1.387515E5	1.097917E2	7.734948E1
2.598000E1	5.196000E4	5.564777E2	-2.423031E1	1.186842E1	2.698087E1	1.387539E5	1.102909E2	7.635327E1
2.598400E1	5.196800E4	4.923184E2	-2.467086E1	1.098951E1	2.700779E1	1.387560E5	1.107315E2	7.547436E1
2.598800E1	5.197600E4	4.836122E2	-2.509069E1	1.021780E1	2.709144E1	1.387578E5	1.111513E2	7.470265E1
2.599200E1	5.198400E4	4.814997E2	-2.536709E1	9.303851E0	2.701946E1	1.387599E5	1.114277E2	7.378870E1
2.599600E1	5.199200E4	4.989546E2	-2.563360E1	8.480414E0	2.699998E1	1.387617E5	1.116942E2	7.296526E1
2.600000E1	5.200000E4	5.329447E2	-2.597434E1	7.521575E0	2.704146E1	1.387639E5	1.120349E2	7.200642E1
2.600400E1	5.200800E4	5.281141E2	-2.619074E1	6.550631E0	2.699751E1	1.387660E5	1.122513E2	7.103548E1
2.600800E1	5.201600E4	5.217874E2	-2.633184E1	5.560941E0	2.691264E1	1.387681E5	1.123924E2	7.004579E1
2.601200E1	5.202400E4	5.160963E2	-2.639653E1	4.591746E0	2.679293E1	1.387701E5	1.124571E2	6.907659E1
2.601600E1	5.203200E4	4.744773E2	-2.648353E1	3.625967E0	2.673060E1	1.387722E5	1.125441E2	6.811082E1
2.602000E1	5.204000E4	4.978788E2	-2.657068E1	2.826543E0	2.672060E1	1.387739E5	1.126313E2	6.731139E1
2.602400E1	5.204800E4	5.318930E2	-2.677765E1	1.784717E0	2.683706E1	1.387762E5	1.128383E2	6.626957E1
2.602800E1	5.205600E4	4.938352E2	-2.692571E1	8.541935E-1	2.693925E1	1.387782E5	1.129863E2	6.533904E1
2.603200E1	5.206400E4	4.961434E2	-2.696235E1	-6.474570E-2	2.696243E1	1.387801E5	1.130230E2	6.442010E1
2.603600E1	5.207200E4	4.347792E2	-2.703994E1	-1.016131E0	2.705902E1	1.387822E5	1.131005E2	6.346872E1
2.604000E1	5.208000E4	4.007344E2	-2.696475E1	-1.703953E0	2.701853E1	1.387836E5	1.130254E2	6.278090E1
2.604400E1	5.208800E4	4.466554E2	-2.688881E1	-2.521844E0	2.700681E1	1.387854E5	1.129494E2	6.196300E1
2.604800E1	5.209600E4	4.628676E2	-2.681447E1	-3.382256E0	2.702694E1	1.387872E5	1.128751E2	6.110259E1
2.605200E1	5.210400E4	4.600371E2	-2.672113E1	-4.261339E0	2.705878E1	1.387891E5	1.127817E2	6.022351E1
2.605600E1	5.211200E4	4.854785E2	-2.660491E1	-5.108545E0	2.709093E1	1.387909E5	1.126655E2	5.937630E1
2.606000E1	5.212000E4	4.921435E2	-2.641523E1	-6.071609E0	2.710403E1	1.387929E5	1.124758E2	5.841324E1
2.606400E1	5.212800E4	4.139510E2	-2.620779E1	-6.927582E0	2.710793E1	1.387948E5	1.122684E2	5.755727E1
2.606800E1	5.213600E4	3.737206E2	-2.591457E1	-7.556525E0	2.699381E1	1.387963E5	1.119752E2	5.692832E1
2.607200E1	5.214400E4	4.418138E2	-2.571703E1	-8.254989E0	2.700945E1	1.387978E5	1.117776E2	5.622986E1
2.607600E1	5.215200E4	4.656292E2	-2.549399E1	-9.173809E0	2.709432E1	1.387998E5	1.115546E2	5.531104E1
2.608000E1	5.216000E4	3.861324E2	-2.518487E1	-9.931404E0	2.707232E1	1.388015E5	1.112455E2	5.455344E1
2.608400E1	5.216800E4	3.672184E2	-2.486674E1	-1.049386E1	2.699029E1	1.388029E5	1.109273E2	5.399099E1
2.608800E1	5.217600E4	4.148972E2	-2.463825E1	-1.120704E1	2.706734E1	1.388045E5	1.106989E2	5.327781E1
2.609200E1	5.218400E4	3.893126E2	-2.443074E1	-1.202094E1	2.722800E1	1.388062E5	1.104913E2	5.246391E1
2.609600E1	5.219200E4	3.793673E2	-2.395667E1	-1.251017E1	2.702640E1	1.388076E5	1.100173E2	5.197468E1
2.610000E1	5.220000E4	4.172117E2	-2.363910E1	-1.322988E1	2.708942E1	1.388092E5	1.096997E2	5.125497E1
2.610400E1	5.220800E4	3.826691E2	-2.339213E1	-1.400614E1	2.726470E1	1.388109E5	1.094527E2	5.047871E1
2.610800E1	5.221600E4	3.636153E2	-2.289220E1	-1.446927E1	2.708160E1	1.388123E5	1.089528E2	5.001558E1
2.611200E1	5.222400E4	3.848924E2	-2.253331E1	-1.509623E1	2.712280E1	1.388138E5	1.085939E2	4.938862E1
2.611600E1	5.223200E4	3.770421E2	-2.227358E1	-1.581411E1	2.731663E1	1.388154E5	1.083342E2	4.867074E1
2.612000E1	5.224000E4	3.737497E2	-2.177261E1	-1.630964E1	2.720387E1	1.388168E5	1.078332E2	4.817521E1
2.612400E1	5.224800E4	3.657646E2	-2.142216E1	-1.695741E1	2.732147E1	1.388184E5	1.074828E2	4.752744E1
2.612800E1	5.225600E4	3.589695E2	-2.088119E1	-1.737449E1	2.716426E1	1.388198E5	1.069418E2	4.711036E1
2.613200E1	5.226400E4	3.592876E2	-2.051092E1	-1.797891E1	2.727524E1	1.388212E5	1.065715E2	4.650594E1
2.613600E1	5.227200E4	3.574197E2	-1.997149E1	-1.838849E1	2.714769E1	1.388226E5	1.060321E2	4.609635E1
2.614000E1	5.228000E4	3.256492E2	-1.956491E1	-1.895683E1	2.724238E1	1.388241E5	1.056255E2	4.552801E1
2.614400E1	5.228800E4	3.297963E2	-1.920948E1	-1.937252E1	2.728183E1	1.388252E5	1.052701E2	4.511233E1
2.614800E1	5.229600E4	3.299637E2	-1.872106E1	-1.988995E1	2.731462E1	1.388267E5	1.047817E2	4.459490E1
2.615200E1	5.230400E4	3.446527E2	-1.834115E1	-2.028562E1	2.734784E1	1.388279E5	1.044018E2	4.419923E1
2.615600E1	5.231200E4	3.535231E2	-1.777049E1	-2.080012E1	2.735755E1	1.388295E5	1.038311E2	4.368472E1
2.616000E1	5.232000E4	3.453047E2	-1.735322E1	-2.120906E1	2.740362E1	1.388307E5	1.034138E2	4.327579E1
2.616400E1	5.232800E4	3.307089E2	-1.681258E1	-2.171662E1	2.746406E1	1.388323E5	1.028732E2	4.276823E1
2.616800E1	5.233600E4	2.937693E2	-1.638684E1	-2.202928E1	2.745574E1	1.388334E5	1.024474E2	4.245557E1
2.617200E1	5.234400E4	3.131630E2	-1.586535E1	-2.232787E1	2.739056E1	1.388346E5	1.019260E2	4.215698E1
2.617600E1	5.235200E4	3.180976E2	-1.540110E1	-2.271400E1	2.744303E1	1.388359E5	1.014617E2	4.177085E1
2.618000E1	5.236000E4	3.258157E2	-1.488806E1	-2.305630E1	2.744535E1	1.388371E5	1.009487E2	4.142855E1
2.618400E1	5.236800E4	3.294411E2	-1.442752E1	-2.351364E1	2.758703E1	1.388385E5	1.004881E2	4.097121E1
2.618800E1	5.237600E4	2.826956E2	-1.387840E1	-2.383030E1	2.757704E1	1.388398E5	9.993901E1	4.065455E1
2.619200E1	5.238400E4	3.065466E2	-1.347027E1	-2.403232E1	2.754996E1	1.388407E5	9.953088E1	4.045253E1
2.619600E1	5.239200E4	3.119583E2	-1.289378E1	-2.449305E1	2.767958E1	1.388422E5	9.895439E1	3.999180E1
2.620000E1	5.240000E4	2.912202E2	-1.246907E1	-2.471108E1	2.767879E1	1.388432E5	9.852968E1	3.977377E1
2.620400E1	5.240800E4	2.673886E2	-1.187443E1	-2.496954E1	2.764923E1	1.388446E5	9.793504E1	3.951531E1
2.620800E1	5.241600E4	2.801683E2	-1.148724E1	-2.504855E1	2.755697E1	1.388454E5	9.754785E1	3.943630E1
2.621200E1	5.242400E4	2.976528E2	-1.092205E1	-2.549240E1	2.773361E1	1.388468E5	9.698265E1	3.899245E1
2.621600E1	5.243200E4	2.707410E2	-1.049612E1	-2.564965E1	2.771413E1	1.388477E5	9.655673E1	3.883520E1
2.622000E1	5.244000E4	2.603438E2	-9.935233E0	-2.584649E1	2.769025E1	1.388490E5	9.599584E1	3.863836E1
2.622400E1	5.244800E4	2.409564E2	-9.526329E0	-2.593066E1	2.762517E1	1.388498E5	9.558694E1	3.855419E1
2.622800E1	5.245600E4	2.690986E2	-9.045250E0	-2.612288E1	2.764456E1	1.388509E5	9.510586E1	3.836197E1
2.623200E1	5.246400E4	2.360568E2	-8.611661E0	-2.647349E1	2.783893E1	1.388520E5	9.467227E1	3.801136E1
2.623600E1	5.247200E4	2.429941E2	-8.242312E0	-2.660959E1	2.785688E1	1.388528E5	9.430292E1	3.787526E1
2.624000E1	5.248000E4	2.453311E2	-7.709896E0	-2.675461E1	2.784335E1	1.388539E5	9.377050E1	3.773023E1
2.624400E1	5.248800E4	2.508879E2	-7.323214E0	-2.686548E1	2.784571E1	1.388548E5	9.338382E1	3.761937E1
2.624800E1	5.249600E4	2.449875E2	-6.754196E0	-2.695263E1	2.778603E1	1.388559E5	9.281480E1	3.753222E1
2.625200E1	5.250400E4	2.212232E2	-6.365274E0	-2.695263E1	2.769406E1	1.388567E5	9.242588E1	3.753222E1
2.625600E1	5.251200E4	2.475113E2	-5.901953E0	-2.707210E1	2.770798E1	1.388577E5	9.196256E1	3.741274E1
2.626000E1	5.252000E4	2.767737E2	-5.464349E0	-2.732725E1	2.786822E1	1.388587E5	9.152495E1	3.715760E1
2.626400E1	5.252800E4	2.502819E2	-4.897917E0	-2.754031E1	2.797245E1	1.388599E5	9.095852E1	3.694454E1
2.626800E1	5.253600E4	2.420351E2	-4.520209E0	-2.758679E1	2.795467E1	1.388607E5	9.058081E1	3.689806E1
2.627200E1	5.254400E4	2.523297E2	-3.964200E0	-2.768737E1	2.796972E1	1.388619E5	9.002481E1	3.679748E1
2.627600E1	5.255200E4	1.932133E2	-3.550422E0	-2.776606E1	2.799213E1	1.388627E5	8.961103E1	3.671879E1
2.628000E1	5.256000E4	2.148633E2	-3.211443E0	-2.774565E1	2.793089E1	1.388634E5	8.927205E1	3.673919E1
2.628400E1	5.256800E4	2.117201E2	-2.708963E0	-2.778837E1	2.792010E1	1.388644E5	8.876957E1	3.669648E1
2.628800E1	5.257600E4	2.256402E2	-2.385708E0	-2.777906E1	2.788131E1	1.388651E5	8.844631E1	3.670579E1
2.629200E1	5.258400E4	2.411285E2	-1.832413E0	-2.786189E1	2.792209E1	1.388662E5	8.789302E1	3.662295E1
2.629600E1	5.259200E4	2.281760E2	-1.447285E0	-2.780547E1	2.784311E1	1.388670E5	8.750789E1	3.667938E1
2.630000E1	5.260000E4	2.243258E2	-9.422845E-1	-2.785630E1	2.787223E1	1.388681E5	8.700289E1	3.662855E1
2.630400E1	5.260800E4	1.763655E2	-5.770658E-1	-2.789834E1	2.790431E1	1.388688E5	8.663767E1	3.658651E1
2.630800E1	5.261600E4	1.998772E2	-2.557264E-1	-2.783049E1	2.783166E1	1.388695E5	8.631633E1	3.665436E1
2.631200E1	5.262400E4	2.103188E2	2.016443E-1	-2.790307E1	2.790380E1	1.388704E5	8.585896E1	3.658177E1
2.631600E1	5.263200E4	2.078351E2	5.615473E-1	-2.782648E1	2.783214E1	1.388712E5	8.549906E1	3.665837E1
2.632000E1	5.264000E4	1.980877E2	1.011053E0	-2.788219E1	2.790052E1	1.388721E5	8.504955E1	3.660266E1
2.632400E1	5.264800E4	1.803900E2	1.335401E0	-2.789503E1	2.792698E1	1.388727E5	8.472520E1	3.658982E1
2.632800E1	5.265600E4	2.071530E2	1.711437E0	-2.782358E1	2.787616E1	1.388735E5	8.434917E1	3.666127E1
2.633200E1	5.266400E4	2.067894E2	2.143798E0	-2.787376E1	2.795608E1	1.388744E5	8.391681E1	3.661109E1
2.633600E1	5.267200E4	2.223293E2	2.517159E0	-2.779780E1	2.791153E1	1.388752E5	8.354345E1	3.668705E1
2.634000E1	5.268000E4	2.024470E2	3.009714E0	-2.781044E1	2.797282E1	1.388762E5	8.305089E1	3.667441E1
2.634400E1	5.268800E4	1.624250E2	3.317901E0	-2.785064E1	2.804758E1	1.388768E5	8.274271E1	3.663421E1
2.634800E1	5.269600E4	1.900531E2	3.639982E0	-2.773800E1	2.797581E1	1.388775E5	8.242062E1	3.674685E1
2.635200E1	5.270400E4	2.011665E2	4.060044E0	-2.778251E1	2.807761E1	1.388783E5	8.200056E1	3.670233E1
2.635600E1	5.271200E4	1.639737E2	4.442301E0	-2.777959E1	2.813254E1	1.388791E5	8.161830E1	3.670525E1
2.636000E1	5.272000E4	1.719836E2	4.690004E0	-2.765279E1	2.804769E1	1.388796E5	8.137060E1	3.683206E1
2.636400E1	5.272800E4	1.872707E2	5.107953E0	-2.766445E1	2.813206E1	1.388805E5	8.095265E1	3.682040E1
2.636800E1	5.273600E4	1.575707E2	5.441000E0	-2.767135E1	2.820121E1	1.388811E5	8.061961E1	3.681350E1
2.637200E1	5.274400E4	1.792229E2	5.717149E0	-2.755423E1	2.814110E1	1.388817E5	8.034346E1	3.693062E1
2.637600E1	5.275200E4	2.080077E2	6.136077E0	-2.754629E1	2.822143E1	1.388826E5	7.992453E1	3.693856E1
2.638000E1	5.276000E4	2.027909E2	6.535887E0	-2.746481E1	2.823178E1	1.388834E5	7.952472E1	3.702004E1
2.638400E1	5.276800E4	1.714904E2	6.944463E0	-2.748413E1	2.834789E1	1.388842E5	7.911614E1	3.700072E1
2.638800E1	5.277600E4	1.528752E2	7.232226E0	-2.745473E1	2.839133E1	1.388848E5	7.882838E1	3.703012E1
2.639200E1	5.278400E4	1.991426E2	7.532458E0	-2.734039E1	2.835904E1	1.388854E5	7.852815E1	3.714446E1
2.639600E1	5.279200E4	1.705873E2	8.021842E0	-2.734229E1	2.849475E1	1.388864E5	7.803876E1	3.714256E1
2.640000E1	5.280000E4	1.340985E2	8.218170E0	-2.727506E1	2.848626E1	1.388868E5	7.784244E1	3.720979E1
2.640400E1	5.280800E4	1.789344E2	8.526572E0	-2.716889E1	2.847544E1	1.388874E5	7.753403E1	3.731596E1
2.640800E1	5.281600E4	1.720877E2	8.931050E0	-2.716489E1	2.859537E1	1.388882E5	7.712956E1	3.731995E1
2.641200E1	5.282400E4	1.627157E2	9.222136E0	-2.708918E1	2.861593E1	1.388888E5	7.683847E1	3.739567E1
2.641600E1	5.283200E4	1.973958E2	9.552662E0	-2.697419E1	2.861574E1	1.388895E5	7.650794E1	3.751065E1
2.642000E1	5.284000E4	1.840181E2	9.926389E0	-2.672037E1	2.850459E1	1.388904E5	7.613422E1	3.776448E1
2.642400E1	5.284800E4	1.364390E2	1.019226E1	-2.658881E1	2.847537E1	1.388910E5	7.586835E1	3.789604E1
2.642800E1	5.285600E4	1.306565E2	1.041914E1	-2.648968E1	2.846509E1	1.388915E5	7.564147E1	3.799517E1
2.643200E1	5.286400E4	1.631989E2	1.063682E1	-2.630257E1	2.837195E1	1.388920E5	7.542378E1	3.818228E1
2.643600E1	5.287200E4	1.654526E2	1.103182E1	-2.627355E1	2.849562E1	1.388928E5	7.502879E1	3.821129E1
2.644000E1	5.288000E4	1.413142E2	1.131570E1	-2.622166E1	2.855907E1	1.388933E5	7.474490E1	3.826319E1
2.644400E1	5.288800E4	1.767706E2	1.154928E1	-2.605357E1	2.849868E1	1.388939E5	7.451133E1	3.843127E1
2.644800E1	5.289600E4	1.946035E2	1.199454E1	-2.601063E1	2.864301E1	1.388948E5	7.406606E1	3.847421E1
2.645200E1	5.290400E4	1.512218E2	1.223822E1	-2.569946E1	2.846465E1	1.388955E5	7.382239E1	3.878539E1
2.645600E1	5.291200E4	1.282927E2	1.245126E1	-2.556727E1	2.843799E1	1.388960E5	7.360934E1	3.891758E1
2.646000E1	5.292000E4	1.529255E2	1.265789E1	-2.539846E1	2.837788E1	1.388965E5	7.340272E1	3.908638E1
2.646400E1	5.292800E4	1.528986E2	1.300990E1	-2.532595E1	2.847211E1	1.388972E5	7.305071E1	3.915890E1
2.646800E1	5.293600E4	1.498132E2	1.325595E1	-2.523434E1	2.850425E1	1.388977E5	7.280465E1	3.925051E1
2.647200E1	5.294400E4	1.821010E2	1.355467E1	-2.508140E1	2.850975E1	1.388984E5	7.250594E1	3.940345E1
2.647600E1	5.295200E4	1.882940E2	1.395220E1	-2.499485E1	2.862527E1	1.388992E5	7.210841E1	3.949000E1
2.648000E1	5.296000E4	1.573868E2	1.420910E1	-2.471602E1	2.850930E1	1.388999E5	7.185151E1	3.976882E1
2.648400E1	5.296800E4	1.346563E2	1.441046E1	-2.453311E1	2.845233E1	1.389004E5	7.165014E1	3.995174E1
2.648800E1	5.297600E4	1.574639E2	1.462043E1	-2.435982E1	2.841052E1	1.389010E5	7.144018E1	4.012503E1
2.649200E1	5.298400E4	1.541271E2	1.497153E1	-2.425121E1	2.850031E1	1.389017E5	7.108908E1	4.023364E1
2.649600E1	5.299200E4	1.337004E2	1.522721E1	-2.417609E1	2.857186E1	1.389022E5	7.083339E1	4.030876E1
2.650000E1	5.300000E4	1.583714E2	1.546084E1	-2.402846E1	2.857279E1	1.389028E5	7.059977E1	4.045639E1
2.650400E1	5.300800E4	1.743293E2	1.566833E1	-2.369779E1	2.840919E1	1.389035E5	7.039227E1	4.078705E1
2.650800E1	5.301600E4	1.482328E2	1.596814E1	-2.353754E1	2.844287E1	1.389042E5	7.009247E1	4.094731E1
2.651200E1	5.302400E4	1.290270E2	1.618327E1	-2.340874E1	2.845817E1	1.389047E5	6.987733E1	4.107611E1
2.651600E1	5.303200E4	1.353511E2	1.639872E1	-2.325904E1	2.845876E1	1.389052E5	6.966188E1	4.122581E1
2.652000E1	5.304000E4	1.504413E2	1.661216E1	-2.308402E1	2.844004E1	1.389057E5	6.944844E1	4.140082E1
2.652400E1	5.304800E4	1.786267E2	1.694722E1	-2.299574E1	2.856593E1	1.389064E5	6.911339E1	4.148910E1
2.652800E1	5.305600E4	1.666237E2	1.718751E1	-2.266895E1	2.844805E1	1.389072E5	6.887309E1	4.181590E1
2.653200E1	5.306400E4	1.353685E2	1.738110E1	-2.247055E1	2.840824E1	1.389077E5	6.867951E1	4.201430E1
2.653600E1	5.307200E4	1.485641E2	1.756547E1	-2.227992E1	2.837147E1	1.389083E5	6.849513E1	4.220493E1
2.654000E1	5.308000E4	1.572286E2	1.789915E1	-2.217420E1	2.849692E1	1.389089E5	6.816146E1	4.231065E1
2.654400E1	5.308800E4	1.481778E2	1.815433E1	-2.201510E1	2.853496E1	1.389095E5	6.790627E1	4.246975E1
2.654800E1	5.309600E4	1.386751E2	1.828845E1	-2.172124E1	2.839506E1	1.389101E5	6.777216E1	4.276361E1
2.655200E1	5.310400E4	1.361741E2	1.845260E1	-2.151424E1	2.834362E1	1.389106E5	6.760800E1	4.297061E1
2.655600E1	5.311200E4	1.537696E2	1.864928E1	-2.131379E1	2.832090E1	1.389112E5	6.741132E1	4.317105E1
2.656000E1	5.312000E4	1.507886E2	1.898953E1	-2.120166E1	2.846247E1	1.389118E5	6.707108E1	4.328319E1
2.656400E1	5.312800E4	1.243501E2	1.921621E1	-2.105049E1	2.850238E1	1.389124E5	6.684440E1	4.343436E1
2.656800E1	5.313600E4	1.437848E2	1.937103E1	-2.088632E1	2.848641E1	1.389128E5	6.668957E1	4.359853E1
2.657200E1	5.314400E4	1.927016E2	1.954925E1	-2.057033E1	2.837801E1	1.389135E5	6.651136E1	4.391452E1
2.657600E1	5.315200E4	1.740150E2	1.991410E1	-2.034553E1	2.846949E1	1.389144E5	6.614651E1	4.413932E1
2.658000E1	5.316000E4	1.226258E2	2.012810E1	-2.017438E1	2.849818E1	1.389149E5	6.593251E1	4.431046E1
2.658400E1	5.316800E4	1.488526E2	2.027391E1	-2.001582E1	2.848972E1	1.389154E5	6.578670E1	4.446903E1
2.658800E1	5.317600E4	1.631983E2	2.042385E1	-1.963715E1	2.833287E1	1.389161E5	6.563675E1	4.484770E1
2.659200E1	5.318400E4	1.565101E2	2.061110E1	-1.944153E1	2.833356E1	1.389167E5	6.544950E1	4.504332E1
2.659600E1	5.319200E4	1.618869E2	2.090364E1	-1.923731E1	2.840839E1	1.389174E5	6.515696E1	4.524754E1
2.660000E1	5.320000E4	1.201257E2	2.112249E1	-1.904034E1	2.843755E1	1.389180E5	6.493812E1	4.544451E1
2.660400E1	5.320800E4	1.428487E2	2.126947E1	-1.892504E1	2.847011E1	1.389183E5	6.479114E1	4.555980E1
2.660800E1	5.321600E4	1.660292E2	2.141985E1	-1.854758E1	2.833413E1	1.389191E5	6.464076E1	4.593726E1
2.661200E1	5.322400E4	1.417371E2	2.160269E1	-1.834224E1	2.833926E1	1.389197E5	6.445792E1	4.614261E1
2.661600E1	5.323200E4	1.611208E2	2.188388E1	-1.820425E1	2.846575E1	1.389202E5	6.417672E1	4.628059E1
2.662000E1	5.324000E4	1.736938E2	2.209323E1	-1.791930E1	2.844665E1	1.389210E5	6.396738E1	4.656555E1
2.662400E1	5.324800E4	1.709541E2	2.223051E1	-1.759825E1	2.835302E1	1.389216E5	6.383010E1	4.688660E1
2.662800E1	5.325600E4	1.191682E2	2.241238E1	-1.730793E1	2.831748E1	1.389223E5	6.364822E1	4.717692E1
2.663200E1	5.326400E4	1.374869E2	2.249802E1	-1.720895E1	2.832506E1	1.389226E5	6.356258E1	4.727590E1
2.663600E1	5.327200E4	2.078844E2	2.284332E1	-1.695083E1	2.844553E1	1.389234E5	6.321728E1	4.753402E1
2.664000E1	5.328000E4	1.719200E2	2.300460E1	-1.656072E1	2.834553E1	1.389243E5	6.305601E1	4.792413E1
2.664400E1	5.328800E4	1.356854E2	2.317500E1	-1.634926E1	2.836157E1	1.389248E5	6.288561E1	4.813559E1
2.664800E1	5.329600E4	1.242103E2	2.331699E1	-1.612388E1	2.834893E1	1.389253E5	6.274361E1	4.836097E1
2.665200E1	5.330400E4	1.470929E2	2.341934E1	-1.592062E1	2.831840E1	1.389258E5	6.264126E1	4.856422E1
2.665600E1	5.331200E4	1.826906E2	2.354505E1	-1.557669E1	2.823123E1	1.389265E5	6.251556E1	4.890816E1
2.666000E1	5.332000E4	1.672871E2	2.385748E1	-1.534365E1	2.836559E1	1.389273E5	6.220313E1	4.914120E1
2.666400E1	5.332800E4	1.345170E2	2.404764E1	-1.511379E1	2.840274E1	1.389279E5	6.201297E1	4.937106E1
2.666800E1	5.333600E4	1.655886E2	2.415086E1	-1.489868E1	2.837666E1	1.389283E5	6.190974E1	4.958616E1
2.667200E1	5.334400E4	1.724236E2	2.428896E1	-1.449315E1	2.828435E1	1.389292E5	6.177165E1	4.999170E1
2.667600E1	5.335200E4	1.318753E2	2.438708E1	-1.424556E1	2.824298E1	1.389297E5	6.167353E1	5.023928E1
2.668000E1	5.336000E4	1.926607E2	2.450300E1	-1.401563E1	2.822826E1	1.389302E5	6.155761E1	5.046922E1
2.668400E1	5.336800E4	2.013868E2	2.481950E1	-1.361633E1	2.830922E1	1.389313E5	6.124110E1	5.086852E1
2.668800E1	5.337600E4	1.365484E2	2.497282E1	-1.336692E1	2.832519E1	1.389318E5	6.108779E1	5.111793E1
2.669200E1	5.338400E4	1.305294E2	2.511372E1	-1.316119E1	2.835341E1	1.389323E5	6.094688E1	5.132366E1
2.669600E1	5.339200E4	1.655069E2	2.518739E1	-1.289685E1	2.829723E1	1.389329E5	6.087321E1	5.158800E1
2.670000E1	5.340000E4	1.725585E2	2.529634E1	-1.252055E1	2.822533E1	1.389337E5	6.076427E1	5.196429E1
2.670400E1	5.340800E4	1.453434E2	2.547497E1	-1.227868E1	2.827967E1	1.389343E5	6.058564E1	5.220617E1
2.670800E1	5.341600E4	1.401671E2	2.574223E1	-1.209724E1	2.844303E1	1.389348E5	6.031837E1	5.238760E1
2.671200E1	5.342400E4	1.737927E2	2.585025E1	-1.184186E1	2.843352E1	1.389354E5	6.021036E1	5.264299E1
2.671600E1	5.343200E4	1.819681E2	2.597627E1	-1.144621E1	2.838631E1	1.389362E5	6.008434E1	5.303864E1
2.672000E1	5.344000E4	1.458017E2	2.609608E1	-1.116136E1	2.838277E1	1.389368E5	5.996452E1	5.332349E1
2.672400E1	5.344800E4	1.791093E2	2.610421E1	-1.087354E1	2.827833E1	1.389374E5	5.995639E1	5.361131E1
2.672800E1	5.345600E4	1.793714E2	2.620357E1	-1.044020E1	2.820682E1	1.389383E5	5.985703E1	5.404465E1
2.673200E1	5.346400E4	1.273142E2	2.630540E1	-1.019203E1	2.821084E1	1.389388E5	5.975521E1	5.429281E1
2.673600E1	5.347200E4	1.769559E2	2.631699E1	-9.947058E0	2.813411E1	1.389393E5	5.974361E1	5.453779E1
2.674000E1	5.348000E4	1.827091E2	2.641952E1	-9.492464E0	2.807309E1	1.389402E5	5.964108E1	5.499238E1
2.674400E1	5.348800E4	1.452459E2	2.652877E1	-9.260865E0	2.809875E1	1.389408E5	5.953183E1	5.522398E1
2.674800E1	5.349600E4	2.020436E2	2.673377E1	-8.997563E0	2.820728E1	1.389414E5	5.932683E1	5.548729E1
2.675200E1	5.350400E4	2.066757E2	2.691112E1	-8.550727E0	2.823691E1	1.389424E5	5.914949E1	5.593412E1
2.675600E1	5.351200E4	1.544861E2	2.704391E1	-8.241246E0	2.827174E1	1.389431E5	5.901670E1	5.624360E1
2.676000E1	5.352000E4	1.710824E2	2.705002E1	-7.956752E0	2.819599E1	1.389436E5	5.901058E1	5.652810E1
2.676400E1	5.352800E4	1.865179E2	2.711888E1	-7.561114E0	2.815323E1	1.389444E5	5.894172E1	5.692373E1
2.676800E1	5.353600E4	1.505626E2	2.719616E1	-7.235869E0	2.814229E1	1.389451E5	5.886445E1	5.724898E1
2.677200E1	5.354400E4	1.766723E2	2.719182E1	-6.968872E0	2.807063E1	1.389456E5	5.886879E1	5.751598E1
2.677600E1	5.355200E4	1.938030E2	2.727865E1	-6.541824E0	2.805210E1	1.389465E5	5.878196E1	5.794302E1
2.678000E1	5.356000E4	1.400740E2	2.736667E1	-6.229746E0	2.806678E1	1.389472E5	5.869394E1	5.825510E1
2.678400E1	5.356800E4	1.864018E2	2.730187E1	-5.985279E0	2.795024E1	1.389476E5	5.875873E1	5.849957E1
2.678800E1	5.357600E4	2.029830E2	2.741904E1	-5.495317E0	2.796430E1	1.389487E5	5.864157E1	5.898953E1
2.679200E1	5.358400E4	1.465283E2	2.746241E1	-5.209554E0	2.795216E1	1.389493E5	5.859820E1	5.927529E1
2.679600E1	5.359200E4	1.649811E2	2.744020E1	-4.917907E0	2.787742E1	1.389498E5	5.862040E1	5.956694E1
2.680000E1	5.360000E4	1.893165E2	2.751778E1	-4.566096E0	2.789404E1	1.389506E5	5.854283E1	5.991875E1
2.680400E1	5.360800E4	1.833207E2	2.775856E1	-4.221033E0	2.807765E1	1.389514E5	5.830205E1	6.026382E1
2.680800E1	5.361600E4	1.887361E2	2.784922E1	-3.891566E0	2.811980E1	1.389520E5	5.821139E1	6.059328E1
2.681200E1	5.362400E4	1.918512E2	2.792262E1	-3.495966E0	2.814062E1	1.389529E5	5.813799E1	6.098888E1
2.681600E1	5.363200E4	1.720479E2	2.801895E1	-3.152743E0	2.819576E1	1.389536E5	5.804166E1	6.133211E1
2.682000E1	5.364000E4	1.843897E2	2.797631E1	-2.822011E0	2.811828E1	1.389542E5	5.808429E1	6.166284E1
2.682400E1	5.364800E4	1.904247E2	2.802797E1	-2.424973E0	2.813268E1	1.389551E5	5.803264E1	6.205988E1
2.682800E1	5.365600E4	1.502826E2	2.805810E1	-2.078492E0	2.813498E1	1.389558E5	5.800251E1	6.240636E1
2.683200E1	5.366400E4	1.820240E2	2.801851E1	-1.832817E0	2.807839E1	1.389563E5	5.804210E1	6.265203E1
2.683600E1	5.367200E4	2.057665E2	2.806945E1	-1.363218E0	2.810254E1	1.389572E5	5.799115E1	6.312163E1
2.684000E1	5.368000E4	2.115588E2	2.803863E1	-1.026420E0	2.805741E1	1.389579E5	5.802198E1	6.345843E1
2.684400E1	5.368800E4	2.100352E2	2.806420E1	-5.329632E-1	2.806926E1	1.389589E5	5.799640E1	6.395189E1
2.684800E1	5.369600E4	1.651664E2	2.806375E1	-2.038747E-1	2.806449E1	1.389596E5	5.799685E1	6.428097E1
2.685200E1	5.370400E4	1.967002E2	2.801355E1	1.141001E-1	2.801379E1	1.389602E5	5.804705E1	6.459895E1
2.685600E1	5.371200E4	2.049189E2	2.806184E1	5.669250E-1	2.806757E1	1.389612E5	5.799877E1	6.505177E1
2.686000E1	5.372000E4	1.686563E2	2.807983E1	9.181184E-1	2.809483E1	1.389619E5	5.798078E1	6.540297E1
2.686400E1	5.372800E4	1.887660E2	2.799415E1	1.225493E0	2.802096E1	1.389625E5	5.806645E1	6.571034E1
2.686800E1	5.373600E4	1.994926E2	2.801098E1	1.655743E0	2.805987E1	1.389634E5	5.804962E1	6.614059E1
2.687200E1	5.374400E4	2.227153E2	2.792737E1	2.003115E0	2.799911E1	1.389641E5	5.813324E1	6.648796E1
2.687600E1	5.375200E4	2.196382E2	2.796653E1	2.527716E0	2.808053E1	1.389652E5	5.809408E1	6.701256E1
2.688000E1	5.376000E4	1.679638E2	2.797759E1	2.871301E0	2.812455E1	1.389659E5	5.808301E1	6.735615E1
2.688400E1	5.376800E4	1.968765E2	2.788175E1	3.180805E0	2.806260E1	1.389665E5	5.817885E1	6.766565E1
2.688800E1	5.377600E4	2.120158E2	2.786662E1	3.636395E0	2.810288E1	1.389674E5	5.819399E1	6.812124E1
2.689200E1	5.378400E4	2.217221E2	2.780205E1	4.008518E0	2.808954E1	1.389682E5	5.825855E1	6.849337E1
2.689600E1	5.379200E4	2.049542E2	2.782407E1	4.510731E0	2.818733E1	1.389692E5	5.823653E1	6.899558E1
2.690000E1	5.380000E4	1.699917E2	2.779336E1	4.822749E0	2.820868E1	1.389698E5	5.826725E1	6.930760E1
2.690400E1	5.380800E4	2.084216E2	2.769058E1	5.166341E0	2.816841E1	1.389706E5	5.837003E1	6.965119E1
2.690800E1	5.381600E4	2.345666E2	2.768158E1	5.637622E0	2.824982E1	1.389715E5	5.837903E1	7.012247E1
2.691200E1	5.382400E4	2.090102E2	2.754653E1	6.079143E0	2.820934E1	1.389724E5	5.851408E1	7.056399E1
2.691600E1	5.383200E4	1.886688E2	2.754574E1	6.452422E0	2.829137E1	1.389732E5	5.851487E1	7.093727E1
2.692000E1	5.384000E4	2.021922E2	2.749198E1	6.831220E0	2.832798E1	1.389740E5	5.856863E1	7.131607E1
2.692400E1	5.384800E4	2.315353E2	2.734603E1	7.225660E0	2.828455E1	1.389748E5	5.871457E1	7.171051E1
2.692800E1	5.385600E4	2.188735E2	2.710863E1	7.674319E0	2.817397E1	1.389758E5	5.895198E1	7.215917E1
2.693200E1	5.386400E4	2.229668E2	2.691741E1	7.999889E0	2.808105E1	1.389766E5	5.914320E1	7.248474E1
2.693600E1	5.387200E4	2.227040E2	2.682510E1	8.504421E0	2.814092E1	1.389776E5	5.923550E1	7.298927E1
2.694000E1	5.388000E4	1.708807E2	2.674576E1	8.862742E0	2.817594E1	1.389783E5	5.931485E1	7.334759E1
2.694400E1	5.388800E4	1.966249E2	2.661787E1	9.143104E0	2.814440E1	1.389790E5	5.944274E1	7.362795E1
2.694800E1	5.389600E4	2.391404E2	2.653870E1	9.610359E0	2.822520E1	1.389799E5	5.952190E1	7.409521E1
2.695200E1	5.390400E4	2.519889E2	2.634544E1	1.004478E1	2.819539E1	1.389809E5	5.971517E1	7.452963E1
2.695600E1	5.391200E4	2.294859E2	2.610090E1	1.050443E1	2.813539E1	1.389819E5	5.995971E1	7.498928E1
2.696000E1	5.392000E4	1.875948E2	2.592254E1	1.084701E1	2.810045E1	1.389827E5	6.013807E1	7.533185E1
2.696400E1	5.392800E4	2.045721E2	2.573181E1	1.114759E1	2.804273E1	1.389834E5	6.032879E1	7.563243E1
2.696800E1	5.393600E4	2.018132E2	2.562953E1	1.159530E1	2.813048E1	1.389843E5	6.043108E1	7.608015E1
2.697200E1	5.394400E4	1.874446E2	2.553421E1	1.192733E1	2.818257E1	1.389850E5	6.052640E1	7.641217E1
2.697600E1	5.395200E4	2.258621E2	2.533059E1	1.226846E1	2.814523E1	1.389858E5	6.073001E1	7.675331E1
2.698000E1	5.396000E4	2.321457E2	2.506105E1	1.268381E1	2.808799E1	1.389868E5	6.099956E1	7.716866E1
2.698400E1	5.396800E4	2.327864E2	2.477744E1	1.300825E1	2.798457E1	1.389877E5	6.128317E1	7.749310E1
2.698800E1	5.397600E4	2.411519E2	2.468250E1	1.351720E1	2.814143E1	1.389887E5	6.137811E1	7.800205E1
2.699200E1	5.398400E4	2.005575E2	2.449161E1	1.392949E1	2.817570E1	1.389896E5	6.156899E1	7.841434E1
2.699600E1	5.399200E4	2.227245E2	2.433097E1	1.422441E1	2.818386E1	1.389903E5	6.172964E1	7.870925E1
2.700000E1	5.400000E4	2.319322E2	2.397803E1	1.464237E1	2.809528E1	1.389914E5	6.208258E1	7.912722E1
2.700400E1	5.400800E4	1.783730E2	2.376106E1	1.494399E1	2.806975E1	1.389922E5	6.229955E1	7.942884E1
2.700800E1	5.401600E4	2.210899E2	2.354043E1	1.519267E1	2.801730E1	1.389928E5	6.252017E1	7.967752E1
2.701200E1	5.402400E4	2.438954E2	2.331444E1	1.568772E1	2.810103E1	1.389939E5	6.274616E1	8.017257E1
2.701600E1	5.403200E4	2.534274E2	2.300444E1	1.598184E1	2.801113E1	1.389948E5	6.305616E1	8.046669E1
2.702000E1	5.404000E4	2.459979E2	2.274304E1	1.650140E1	2.809879E1	1.389960E5	6.331757E1	8.098624E1
2.702400E1	5.404800E4	1.857899E2	2.252058E1	1.682107E1	2.810916E1	1.389968E5	6.354003E1	8.130592E1
2.702800E1	5.405600E4	2.328979E2	2.233426E1	1.710635E1	2.813266E1	1.389974E5	6.372635E1	8.159120E1
2.703200E1	5.406400E4	2.568081E2	2.195720E1	1.754074E1	2.810331E1	1.389986E5	6.410340E1	8.202559E1
2.703600E1	5.407200E4	2.063861E2	2.168571E1	1.787877E1	2.810552E1	1.389995E5	6.437490E1	8.236362E1
2.704000E1	5.408000E4	2.415892E2	2.138023E1	1.811319E1	2.802145E1	1.390003E5	6.468038E1	8.259804E1
2.704400E1	5.408800E4	2.469095E2	2.102673E1	1.856142E1	2.804727E1	1.390014E5	6.503388E1	8.304627E1
2.704800E1	5.409600E4	1.930128E2	2.072816E1	1.882572E1	2.800115E1	1.390022E5	6.533244E1	8.331057E1
2.705200E1	5.410400E4	2.057834E2	2.049794E1	1.910171E1	2.801858E1	1.390030E5	6.556267E1	8.358656E1
2.705600E1	5.411200E4	2.437190E2	2.026679E1	1.949813E1	2.812330E1	1.390039E5	6.579381E1	8.398298E1
2.706000E1	5.412000E4	2.194271E2	1.987512E1	1.982690E1	2.807359E1	1.390049E5	6.618549E1	8.431175E1
2.706400E1	5.412800E4	2.266133E2	1.957090E1	2.001868E1	2.799585E1	1.390056E5	6.648970E1	8.450353E1
2.706800E1	5.413600E4	2.657880E2	1.926987E1	2.047970E1	2.812020E1	1.390067E5	6.679073E1	8.496454E1
2.707200E1	5.414400E4	2.203014E2	1.885824E1	2.077902E1	2.806067E1	1.390078E5	6.720236E1	8.526387E1
2.707600E1	5.415200E4	2.170191E2	1.857396E1	2.099828E1	2.803426E1	1.390085E5	6.748665E1	8.548313E1
2.708000E1	5.416000E4	2.586009E2	1.825407E1	2.138068E1	2.811306E1	1.390095E5	6.780654E1	8.586553E1
2.708400E1	5.416800E4	2.273181E2	1.783737E1	2.169592E1	2.808709E1	1.390106E5	6.822323E1	8.618076E1
2.708800E1	5.417600E4	1.765436E2	1.752604E1	2.189879E1	2.804851E1	1.390113E5	6.853457E1	8.638364E1
2.709200E1	5.418400E4	2.360239E2	1.726209E1	2.208405E1	2.803007E1	1.390120E5	6.879852E1	8.656890E1
2.709600E1	5.419200E4	2.573907E2	1.679504E1	2.246446E1	2.804862E1	1.390132E5	6.926557E1	8.694931E1
2.710000E1	5.420000E4	2.374974E2	1.646458E1	2.269987E1	2.804223E1	1.390140E5	6.959603E1	8.718472E1
2.710400E1	5.420800E4	2.232175E2	1.595463E1	2.288506E1	2.789760E1	1.390151E5	7.010598E1	8.736990E1
2.710800E1	5.421600E4	2.143708E2	1.566855E1	2.308309E1	2.789861E1	1.390158E5	7.039205E1	8.756794E1
2.711200E1	5.422400E4	2.412657E2	1.531896E1	2.343853E1	2.800063E1	1.390168E5	7.074165E1	8.792337E1
2.711600E1	5.423200E4	2.366258E2	1.492980E1	2.367318E1	2.798782E1	1.390178E5	7.113081E1	8.815803E1
2.712000E1	5.424000E4	1.835322E2	1.450232E1	2.387574E1	2.793507E1	1.390187E5	7.155829E1	8.836059E1
2.712400E1	5.424800E4	2.282605E2	1.428632E1	2.399422E1	2.792528E1	1.390192E5	7.177428E1	8.847907E1
2.712800E1	5.425600E4	2.721488E2	1.376716E1	2.438423E1	2.800224E1	1.390206E5	7.229345E1	8.886908E1
2.713200E1	5.426400E4	2.384025E2	1.339864E1	2.458233E1	2.799669E1	1.390214E5	7.266197E1	8.906718E1
2.713600E1	5.427200E4	2.282462E2	1.291400E1	2.476372E1	2.792871E1	1.390225E5	7.314661E1	8.924856E1
2.714000E1	5.428000E4	1.796722E2	1.255516E1	2.489093E1	2.787814E1	1.390232E5	7.350545E1	8.937578E1
2.714400E1	5.428800E4	2.322496E2	1.225353E1	2.500798E1	2.784867E1	1.390239E5	7.380707E1	8.949283E1
2.714800E1	5.429600E4	2.601747E2	1.177200E1	2.535052E1	2.795047E1	1.390251E5	7.428861E1	8.983537E1
2.715200E1	5.430400E4	2.419074E2	1.138604E1	2.554616E1	2.796870E1	1.390260E5	7.467456E1	9.003101E1
2.715600E1	5.431200E4	2.333369E2	1.088784E1	2.568322E1	2.789575E1	1.390270E5	7.517277E1	9.016807E1
2.716000E1	5.432000E4	1.758291E2	1.052298E1	2.584241E1	2.790275E1	1.390278E5	7.553762E1	9.032726E1
2.716400E1	5.432800E4	1.902567E2	1.022991E1	2.588160E1	2.782999E1	1.390284E5	7.583070E1	9.036645E1
2.716800E1	5.433600E4	2.078016E2	9.772080E0	2.595142E1	2.773030E1	1.390294E5	7.628853E1	9.043627E1
2.717200E1	5.434400E4	2.478999E2	9.412041E0	2.599424E1	2.764575E1	1.390301E5	7.664856E1	9.047909E1
2.717600E1	5.435200E4	2.641906E2	8.899455E0	2.636683E1	2.782822E1	1.390313E5	7.716115E1	9.085168E1
2.718000E1	5.436000E4	1.945803E2	8.523703E0	2.656276E1	2.789685E1	1.390322E5	7.753690E1	9.104761E1
2.718400E1	5.436800E4	2.107842E2	8.183482E0	2.661047E1	2.784037E1	1.390329E5	7.787712E1	9.109531E1
2.718800E1	5.437600E4	2.201393E2	7.710129E0	2.670432E1	2.779509E1	1.390339E5	7.835048E1	9.118917E1
2.719200E1	5.438400E4	2.279913E2	7.340477E0	2.677158E1	2.775968E1	1.390347E5	7.872013E1	9.125643E1
2.719600E1	5.439200E4	2.231033E2	6.833841E0	2.684807E1	2.770416E1	1.390357E5	7.922676E1	9.133292E1
2.720000E1	5.440000E4	2.297590E2	6.469441E0	2.684759E1	2.761606E1	1.390365E5	7.959116E1	9.133244E1
2.720400E1	5.440800E4	2.100518E2	5.943644E0	2.693774E1	2.758566E1	1.390376E5	8.011696E1	9.142259E1
2.720800E1	5.441600E4	1.767376E2	5.671401E0	2.698786E1	2.757734E1	1.390381E5	8.038921E1	9.147271E1
2.721200E1	5.442400E4	2.322754E2	5.307719E0	2.723302E1	2.774544E1	1.390390E5	8.075289E1	9.171787E1
2.721600E1	5.443200E4	2.243724E2	4.841834E0	2.743251E1	2.785652E1	1.390400E5	8.121877E1	9.191735E1
2.722000E1	5.444000E4	2.267480E2	4.465634E0	2.746923E1	2.782985E1	1.390408E5	8.159497E1	9.195408E1
2.722400E1	5.444800E4	2.232280E2	3.965748E0	2.753528E1	2.781940E1	1.390418E5	8.209486E1	9.202013E1
2.722800E1	5.445600E4	1.759234E2	3.608873E0	2.760610E1	2.784099E1	1.390426E5	8.245173E1	9.209095E1
2.723200E1	5.446400E4	1.914291E2	3.279915E0	2.755431E1	2.774884E1	1.390432E5	8.278069E1	9.203916E1
2.723600E1	5.447200E4	2.072592E2	2.862104E0	2.761841E1	2.776632E1	1.390441E5	8.319850E1	9.210326E1
2.724000E1	5.448000E4	1.709324E2	2.483393E0	2.766140E1	2.777265E1	1.390449E5	8.357721E1	9.214625E1
2.724400E1	5.448800E4	1.846240E2	2.198497E0	2.763241E1	2.771973E1	1.390455E5	8.386211E1	9.211726E1
2.724800E1	5.449600E4	2.113453E2	1.765534E0	2.765283E1	2.770914E1	1.390463E5	8.429507E1	9.213768E1
2.725200E1	5.450400E4	2.197168E2	1.378297E0	2.760621E1	2.764060E1	1.390471E5	8.468231E1	9.209106E1
2.725600E1	5.451200E4	2.087270E2	9.151150E-1	2.765226E1	2.766740E1	1.390481E5	8.514549E1	9.213711E1
2.726000E1	5.452000E4	1.526284E2	5.740546E-1	2.767218E1	2.767813E1	1.390488E5	8.548655E1	9.215702E1
2.726400E1	5.452800E4	1.944512E2	3.250166E-1	2.761115E1	2.761306E1	1.390493E5	8.573559E1	9.209599E1
2.726800E1	5.453600E4	2.088023E2	-1.771825E-1	2.764698E1	2.764754E1	1.390504E5	8.623779E1	9.213182E1
2.727200E1	5.454400E4	1.525062E2	-4.806295E-1	2.764560E1	2.764977E1	1.390510E5	8.654124E1	9.213045E1
2.727600E1	5.455200E4	1.823326E2	-7.645155E-1	2.759024E1	2.760083E1	1.390516E5	8.682512E1	9.207509E1
2.728000E1	5.456000E4	1.843816E2	-1.183123E0	2.759901E1	2.762436E1	1.390525E5	8.724373E1	9.208386E1
2.728400E1	5.456800E4	1.604443E2	-1.477515E0	2.761813E1	2.765762E1	1.390531E5	8.753812E1	9.210298E1
2.728800E1	5.457600E4	2.035020E2	-1.798514E0	2.752670E1	2.758539E1	1.390537E5	8.785912E1	9.201154E1
2.729200E1	5.458400E4	1.939219E2	-2.260876E0	2.755665E1	2.764924E1	1.390547E5	8.832148E1	9.204150E1
2.729600E1	5.459200E4	1.901978E2	-2.545770E0	2.749683E1	2.761442E1	1.390553E5	8.860638E1	9.198167E1
2.730000E1	5.460000E4	1.979294E2	-2.995872E0	2.752427E1	2.768683E1	1.390562E5	8.905648E1	9.200912E1
2.730400E1	5.460800E4	1.651611E2	-3.315879E0	2.750949E1	2.770861E1	1.390569E5	8.937649E1	9.199434E1
2.730800E1	5.461600E4	1.934803E2	-3.625836E0	2.741826E1	2.765696E1	1.390575E5	8.968644E1	9.190311E1
2.731200E1	5.462400E4	1.798224E2	-4.061020E0	2.743200E1	2.773097E1	1.390584E5	9.012163E1	9.191685E1
2.731600E1	5.463200E4	1.471140E2	-4.326388E0	2.740316E1	2.774258E1	1.390590E5	9.038699E1	9.188800E1
2.732000E1	5.464000E4	1.827668E2	-4.618726E0	2.731396E1	2.770171E1	1.390596E5	9.067933E1	9.179880E1
2.732400E1	5.464800E4	1.702618E2	-5.036811E0	2.735229E1	2.781218E1	1.390604E5	9.109742E1	9.183714E1
2.732800E1	5.465600E4	1.243793E2	-5.290387E0	2.731879E1	2.782633E1	1.390610E5	9.135099E1	9.180364E1
2.733200E1	5.466400E4	1.318922E2	-5.517157E0	2.729093E1	2.784302E1	1.390614E5	9.157776E1	9.177578E1
2.733600E1	5.467200E4	1.653431E2	-5.771225E0	2.711652E1	2.772387E1	1.390620E5	9.183183E1	9.160137E1
2.734000E1	5.468000E4	1.666016E2	-6.144730E0	2.715212E1	2.783874E1	1.390628E5	9.220534E1	9.163697E1
2.734400E1	5.468800E4	1.337640E2	-6.437003E0	2.712925E1	2.788246E1	1.390633E5	9.249761E1	9.161410E1
2.734800E1	5.469600E4	1.578487E2	-6.651519E0	2.703576E1	2.784196E1	1.390638E5	9.271213E1	9.152061E1
2.735200E1	5.470400E4	1.754089E2	-7.038647E0	2.700126E1	2.790359E1	1.390646E5	9.309925E1	9.148611E1
2.735600E1	5.471200E4	1.567759E2	-7.341402E0	2.697423E1	2.795541E1	1.390652E5	9.340201E1	9.145907E1
2.736000E1	5.472000E4	1.792306E2	-7.632107E0	2.685527E1	2.791872E1	1.390659E5	9.369271E1	9.134012E1
2.736400E1	5.472800E4	1.680772E2	-7.967566E0	2.662666E1	2.779319E1	1.390667E5	9.402817E1	9.111151E1
2.736800E1	5.473600E4	1.270055E2	-8.204098E0	2.648769E1	2.772914E1	1.390672E5	9.426470E1	9.097254E1
2.737200E1	5.474400E4	1.207215E2	-8.419489E0	2.642163E1	2.773068E1	1.390677E5	9.448009E1	9.090648E1
2.737600E1	5.475200E4	1.440129E2	-8.612791E0	2.623419E1	2.761182E1	1.390682E5	9.467340E1	9.071904E1
2.738000E1	5.476000E4	1.333231E2	-8.945692E0	2.623719E1	2.772031E1	1.390688E5	9.500630E1	9.072204E1
2.738400E1	5.476800E4	9.036810E1	-9.144845E0	2.619885E1	2.774902E1	1.390692E5	9.520545E1	9.068370E1
2.738800E1	5.477600E4	8.538310E1	-9.290043E0	2.616171E1	2.776220E1	1.390695E5	9.535065E1	9.064655E1
2.739200E1	5.478400E4	1.295511E2	-9.462566E0	2.610464E1	2.776675E1	1.390699E5	9.552317E1	9.058949E1
2.739600E1	5.479200E4	1.592649E2	-9.743836E0	2.594175E1	2.771131E1	1.390706E5	9.580444E1	9.042660E1
2.740000E1	5.480000E4	1.508104E2	-9.972209E0	2.571123E1	2.757739E1	1.390712E5	9.603281E1	9.019608E1
2.740400E1	5.480800E4	1.067113E2	-1.021830E1	2.555679E1	2.752386E1	1.390718E5	9.627891E1	9.004163E1
2.740800E1	5.481600E4	7.815175E1	-1.033107E1	2.550275E1	2.751584E1	1.390721E5	9.639167E1	8.998760E1
2.741200E1	5.482400E4	8.317028E1	-1.048606E1	2.541829E1	2.749631E1	1.390724E5	9.654666E1	8.990314E1
2.741600E1	5.483200E4	1.213346E2	-1.060166E1	2.532169E1	2.745147E1	1.390727E5	9.666227E1	8.980654E1
2.742000E1	5.484000E4	1.288693E2	-1.093466E1	2.528209E1	2.754543E1	1.390734E5	9.699526E1	8.976694E1
2.742400E1	5.484800E4	8.641233E1	-1.112290E1	2.527991E1	2.761870E1	1.390737E5	9.718350E1	8.976476E1
2.742800E1	5.485600E4	6.622888E1	-1.126522E1	2.520724E1	2.760997E1	1.390741E5	9.732583E1	8.969209E1
2.743200E1	5.486400E4	8.386704E1	-1.135563E1	2.517473E1	2.761734E1	1.390743E5	9.741624E1	8.965958E1
2.743600E1	5.487200E4	1.291305E2	-1.154888E1	2.505030E1	2.758431E1	1.390748E5	9.760949E1	8.953515E1
2.744000E1	5.488000E4	1.165966E2	-1.183366E1	2.502089E1	2.767816E1	1.390753E5	9.789427E1	8.950574E1
2.744400E1	5.488800E4	8.778705E1	-1.202219E1	2.499837E1	2.773899E1	1.390757E5	9.808280E1	8.948322E1
2.744800E1	5.489600E4	9.241176E1	-1.216389E1	2.492403E1	2.773387E1	1.390760E5	9.822450E1	8.940888E1
2.745200E1	5.490400E4	9.161107E1	-1.225722E1	2.466706E1	2.754457E1	1.390764E5	9.831783E1	8.915191E1
2.745600E1	5.491200E4	6.319893E1	-1.237899E1	2.456261E1	2.750566E1	1.390767E5	9.843960E1	8.904746E1
2.746000E1	5.492000E4	6.317045E1	-1.243412E1	2.447863E1	2.745562E1	1.390769E5	9.849473E1	8.896348E1
2.746400E1	5.492800E4	1.137376E2	-1.253863E1	2.434272E1	2.738220E1	1.390773E5	9.859923E1	8.882757E1
2.746800E1	5.493600E4	1.038974E2	-1.284282E1	2.431887E1	2.750174E1	1.390778E5	9.890342E1	8.880372E1
2.747200E1	5.494400E4	6.882771E1	-1.297323E1	2.431345E1	2.755810E1	1.390781E5	9.903384E1	8.879830E1
2.747600E1	5.495200E4	5.670890E1	-1.311493E1	2.426650E1	2.758377E1	1.390784E5	9.917554E1	8.875135E1
2.748000E1	5.496000E4	2.978039E1	-1.317512E1	2.422795E1	2.757856E1	1.390785E5	9.923572E1	8.871280E1
2.748400E1	5.496800E4	3.475087E1	-1.321318E1	2.420711E1	2.757847E1	1.390786E5	9.927379E1	8.869196E1
2.748800E1	5.497600E4	3.223509E1	-1.328867E1	2.415675E1	2.757059E1	1.390788E5	9.934928E1	8.864160E1
2.749200E1	5.498400E4	3.368384E1	-1.331832E1	2.414071E1	2.757085E1	1.390789E5	9.937892E1	8.862556E1
2.749600E1	5.499200E4	4.426138E1	-1.341087E1	2.410967E1	2.758854E1	1.390791E5	9.947147E1	8.859452E1
2.750000E1	5.500000E4	1.238534E1	-1.346936E1	2.406172E1	2.757517E1	1.390792E5	9.952997E1	8.854656E1
2.750400E1	5.500800E4	4.618782E1	-1.344549E1	2.407383E1	2.757409E1	1.390792E5	9.950610E1	8.855868E1
2.750800E1	5.501600E4	1.263649E2	-1.360922E1	2.394789E1	2.754473E1	1.390796E5	9.966982E1	8.843274E1
2.751200E1	5.502400E4	1.241036E2	-1.381199E1	2.373637E1	2.746245E1	1.390802E5	9.987259E1	8.822122E1
2.751600E1	5.503200E4	7.220669E1	-1.396608E1	2.361372E1	2.743463E1	1.390806E5	1.000267E2	8.809857E1
2.752000E1	5.504000E4	2.726827E1	-1.402076E1	2.354582E1	2.740415E1	1.390808E5	1.000814E2	8.803067E1
2.752400E1	5.504800E4	2.174987E1	-1.404233E1	2.353765E1	2.740818E1	1.390808E5	1.001029E2	8.802250E1
2.752800E1	5.505600E4	2.030875E1	-1.408445E1	2.349020E1	2.738907E1	1.390809E5	1.001451E2	8.797505E1
2.753200E1	5.506400E4	7.967596E0	-1.410354E1	2.348861E1	2.739753E1	1.390810E5	1.001641E2	8.797346E1
2.753600E1	5.507200E4	1.897438E1	-1.411397E1	2.348018E1	2.739567E1	1.390810E5	1.001746E2	8.796502E1
2.754000E1	5.508000E4	2.164304E1	-1.416426E1	2.344875E1	2.739471E1	1.390811E5	1.002249E2	8.793360E1
2.754400E1	5.508800E4	5.103945E0	-1.418020E1	2.342972E1	2.738667E1	1.390812E5	1.002408E2	8.791457E1
2.754800E1	5.509600E4	6.944946E-1	-1.418210E1	2.344053E1	2.739690E1	1.390812E5	1.002427E2	8.792538E1
2.755200E1	5.510400E4	-1.331764E-1	-1.418759E1	2.343679E1	2.739655E1	1.390812E5	1.002482E2	8.792164E1
2.755600E1	5.511200E4	2.986390E0	-1.418177E1	2.344097E1	2.739711E1	1.390812E5	1.002424E2	8.792582E1
2.756000E1	5.512000E4	2.860078E0	-1.419599E1	2.342861E1	2.739390E1	1.390812E5	1.002566E2	8.791346E1
2.756400E1	5.512800E4	-2.717206E-1	-1.418913E1	2.343200E1	2.739325E1	1.390812E5	1.002497E2	8.791685E1
2.756800E1	5.513600E4	8.729574E0	-1.419843E1	2.343465E1	2.740034E1	1.390812E5	1.002590E2	8.791950E1
2.757200E1	5.514400E4	3.429132E0	-1.421645E1	2.341266E1	2.739088E1	1.390813E5	1.002771E2	8.789751E1
2.757600E1	5.515200E4	-3.253142E0	-1.420340E1	2.341754E1	2.738828E1	1.390812E5	1.002640E2	8.790239E1
2.758000E1	5.516000E4	-5.039628E-1	-1.420545E1	2.341852E1	2.739018E1	1.390812E5	1.002661E2	8.790337E1
2.758400E1	5.516800E4	-4.350443E0	-1.420185E1	2.341870E1	2.738846E1	1.390812E5	1.002625E2	8.790354E1
2.758800E1	5.517600E4	-3.693259E0	-1.419415E1	2.343197E1	2.739582E1	1.390812E5	1.002548E2	8.791682E1
2.759200E1	5.518400E4	-2.065750E0	-1.419289E1	2.343117E1	2.739449E1	1.390812E5	1.002535E2	8.791602E1
2.759600E1	5.519200E4	-5.129812E0	-1.419245E1	2.344443E1	2.740560E1	1.390812E5	1.002531E2	8.792928E1
2.760000E1	5.520000E4	-7.327828E0	-1.418396E1	2.345431E1	2.740966E1	1.390812E5	1.002446E2	8.793916E1
2.760400E1	5.520800E4	-1.019709E1	-1.416899E1	2.345981E1	2.740663E1	1.390811E5	1.002296E2	8.794466E1
2.760800E1	5.521600E4		-1.415232E1	2.347742E1	2.741309E1	1.390811E5	1.002129E2	8.796227E1
