	mass_A
t	frame	x	y	r	ω	pixelx	pixely
5.032200E1	1.006440E5	-2.459394E1	1.380333E1	2.820272E1		6.131689E1	5.121578E1
5.032400E1	1.006480E5	-2.712080E1	6.095708E0	2.779740E1	8.441283E3	5.879003E1	5.892340E1
5.032600E1	1.006520E5	-2.744442E1	-2.141536E0	2.752785E1	8.579342E3	5.846641E1	6.716064E1
5.032800E1	1.006560E5	-2.521510E1	-1.000883E1	2.712891E1	8.683940E3	6.069573E1	7.502794E1
5.033000E1	1.006600E5	-2.095846E1	-1.709185E1	2.704419E1	8.811640E3	6.495237E1	8.211095E1
5.033200E1	1.006640E5	-1.462136E1	-2.242618E1	2.677159E1	8.734273E3	7.128947E1	8.744529E1
5.033400E1	1.006680E5	-7.303259E0	-2.569735E1	2.671500E1	8.534065E3	7.860757E1	9.071646E1
5.033600E1	1.006720E5	4.854686E-1	-2.692854E1	2.693291E1	8.535840E3	8.639630E1	9.194764E1
5.033800E1	1.006760E5	8.457710E0	-2.560664E1	2.696725E1	8.565075E3	9.436854E1	9.062574E1
5.034000E1	1.006800E5	1.542105E1	-2.178548E1	2.669113E1	8.566167E3	1.013319E2	8.680459E1
5.034200E1	1.006840E5	2.117656E1	-1.622427E1	2.667721E1	8.737749E3	1.070874E2	8.124337E1
5.034400E1	1.006880E5	2.514782E1	-9.031905E0	2.672056E1	8.842844E3	1.110586E2	7.405101E1
5.034600E1	1.006920E5	2.686775E1	-9.785722E-1	2.688556E1	8.753999E3	1.127786E2	6.599768E1
5.034800E1	1.006960E5	2.609891E1	7.120328E0	2.705276E1	8.653290E3	1.120097E2	5.789878E1
5.035000E1	1.007000E5	2.318189E1	1.478401E1	2.749485E1	8.577575E3	1.090927E2	5.023510E1
5.035200E1	1.007040E5	1.818736E1	2.134773E1	2.804470E1	8.434796E3	1.040982E2	4.367138E1
5.035400E1	1.007080E5	1.156463E1	2.630310E1	2.873315E1	8.164407E3	9.747546E1	3.871601E1
5.035600E1	1.007120E5	3.918381E0	2.870937E1	2.897554E1	7.845466E3	8.982921E1	3.630974E1
5.035800E1	1.007160E5	-3.884307E0	2.892544E1	2.918508E1	7.782091E3	8.202652E1	3.609366E1
5.036000E1	1.007200E5	-1.148917E1	2.660543E1	2.898017E1	7.983026E3	7.442166E1	3.841368E1
5.036200E1	1.007240E5	-1.826778E1	2.209732E1	2.867060E1	8.222967E3	6.764305E1	4.292179E1
5.036400E1	1.007280E5	-2.353604E1	1.572731E1	2.830713E1	8.322552E3	6.237479E1	4.929180E1
5.036600E1	1.007320E5	-2.664395E1	8.211702E0	2.788068E1	8.416239E3	5.926688E1	5.680741E1
5.036800E1	1.007360E5	-2.749204E1	4.163637E-2	2.749207E1	8.624769E3	5.841879E1	6.497747E1
5.037000E1	1.007400E5	-2.591310E1	-8.105631E0	2.715125E1	8.656681E3	5.999772E1	7.312474E1
5.037200E1	1.007440E5	-2.215047E1	-1.524634E1	2.689041E1	8.641460E3	6.376036E1	8.026545E1
5.037400E1	1.007480E5	-1.657226E1	-2.116241E1	2.687912E1	8.688665E3	6.933857E1	8.618152E1
5.037600E1	1.007520E5	-9.487149E0	-2.509987E1	2.683299E1	8.629338E3	7.642368E1	9.011898E1
5.037800E1	1.007560E5	-1.660148E0	-2.678185E1	2.683326E1	8.578053E3	8.425068E1	9.180096E1
5.038000E1	1.007600E5	6.334655E0	-2.617069E1	2.692643E1	8.518733E3	9.224548E1	9.118980E1
5.038200E1	1.007640E5	1.363836E1	-2.312764E1	2.684945E1	8.515522E3	9.954919E1	8.814675E1
5.038400E1	1.007680E5	1.972350E1	-1.796658E1	2.667985E1	8.643923E3	1.056343E2	8.298569E1
5.038600E1	1.007720E5	2.408115E1	-1.117630E1	2.654828E1	8.836603E3	1.099920E2	7.619540E1
5.038800E1	1.007760E5	2.646092E1	-3.241810E0	2.665876E1	8.903057E3	1.123717E2	6.826092E1
5.039000E1	1.007800E5	2.646970E1	5.009040E0	2.693948E1	8.746279E3	1.123805E2	6.001007E1
5.039200E1	1.007840E5	2.413214E1	1.283152E1	2.733145E1	8.586851E3	1.100430E2	5.218759E1
5.039400E1	1.007880E5	1.971347E1	1.975698E1	2.790984E1	8.468720E3	1.056243E2	4.526213E1
5.039600E1	1.007920E5	1.338991E1	2.505109E1	2.840505E1	8.227254E3	9.930074E1	3.996802E1
5.039800E1	1.007960E5	6.012657E0	2.821993E1	2.885336E1	7.921399E3	9.192348E1	3.679918E1
5.040000E1	1.008000E5	-1.799690E0	2.892005E1	2.897600E1	7.791136E3	8.411114E1	3.609906E1
5.040200E1	1.008040E5	-9.482428E0	2.732697E1	2.892542E1	7.858449E3	7.642840E1	3.769214E1
5.040400E1	1.008080E5	-1.658059E1	2.368419E1	2.891119E1	8.038838E3	6.933023E1	4.133491E1
5.040600E1	1.008120E5	-2.224791E1	1.782899E1	2.851039E1	8.242779E3	6.366292E1	4.719012E1
5.040800E1	1.008160E5	-2.611057E1	1.056747E1	2.816795E1	8.332823E3	5.980026E1	5.445163E1
5.041000E1	1.008200E5	-2.773288E1	2.610121E0	2.785543E1	8.392659E3	5.817795E1	6.240899E1
5.041200E1	1.008240E5	-2.671605E1	-5.453150E0	2.726690E1	8.610372E3	5.919478E1	7.047226E1
5.041400E1	1.008280E5	-2.345342E1	-1.303517E1	2.683241E1	8.788954E3	6.245741E1	7.805427E1
5.041600E1	1.008320E5	-1.835954E1	-1.947742E1	2.676645E1	8.768733E3	6.755128E1	8.449652E1
5.041800E1	1.008360E5	-1.161486E1	-2.396219E1	2.662878E1	8.760114E3	7.429596E1	8.898130E1
5.042000E1	1.008400E5	-3.844089E0	-2.645609E1	2.673391E1	8.722350E3	8.206674E1	9.147520E1
5.042200E1	1.008440E5	4.179550E0	-2.630194E1	2.663194E1	8.551919E3	9.009038E1	9.132104E1
5.042400E1	1.008480E5	1.171234E1	-2.407737E1	2.677496E1	8.508082E3	9.762317E1	8.909648E1
5.042600E1	1.008520E5	1.817463E1	-1.944800E1	2.661845E1	8.661252E3	1.040855E2	8.446711E1
5.042800E1	1.008560E5	2.320350E1	-1.308228E1	2.663735E1	8.762136E3	1.091143E2	7.810139E1
5.043000E1	1.008600E5	2.615315E1	-5.506543E0	2.672657E1	8.863378E3	1.120640E2	7.052565E1
5.043200E1	1.008640E5	2.687875E1	2.843538E0	2.702874E1	8.781703E3	1.127896E2	6.217557E1
5.043400E1	1.008680E5	2.504853E1	1.075489E1	2.725980E1	8.552890E3	1.109594E2	5.426421E1
5.043600E1	1.008720E5	2.130302E1	1.803465E1	2.791178E1	8.392309E3	1.072138E2	4.698446E1
5.043800E1	1.008760E5	1.555837E1	2.378120E1	2.841845E1	8.208485E3	1.014692E2	4.123791E1
5.044000E1	1.008800E5	8.397270E0	2.761170E1	2.886035E1	8.080392E3	9.430810E1	3.740741E1
5.044200E1	1.008840E5	4.440570E-1	2.916382E1	2.916720E1	7.913692E3	8.635489E1	3.585529E1
5.044400E1	1.008880E5	-7.395241E0	2.811061E1	2.906709E1	7.878098E3	7.851559E1	3.690850E1
5.044600E1	1.008920E5	-1.473248E1	2.487155E1	2.890744E1	7.966142E3	7.117835E1	4.014755E1
5.044800E1	1.008960E5	-2.072548E1	1.959653E1	2.852313E1	8.098346E3	6.518535E1	4.542258E1
5.045000E1	1.009000E5	-2.504955E1	1.274497E1	2.810542E1	8.267313E3	6.086128E1	5.227413E1
5.045200E1	1.009040E5	-2.716677E1	4.950254E0	2.761410E1	8.420952E3	5.874405E1	6.006885E1
5.045400E1	1.009080E5	-2.716344E1	-3.199261E0	2.735119E1	8.619575E3	5.874739E1	6.821837E1
5.045600E1	1.009120E5	-2.469599E1	-1.107361E1	2.706505E1	8.779942E3	6.121483E1	7.609272E1
5.045800E1	1.009160E5	-2.004645E1	-1.794692E1	2.690636E1	8.864335E3	6.586437E1	8.296602E1
5.046000E1	1.009200E5	-1.354772E1	-2.309952E1	2.677926E1	8.745578E3	7.236311E1	8.811863E1
5.046200E1	1.009240E5	-6.126383E0	-2.615965E1	2.686745E1	8.424574E3	7.978445E1	9.117876E1
5.046400E1	1.009280E5	1.552020E0	-2.686017E1	2.690497E1	8.386179E3	8.746285E1	9.187928E1
5.046600E1	1.009320E5	9.365761E0	-2.523223E1	2.691436E1	8.569993E3	9.527659E1	9.025134E1
5.046800E1	1.009360E5	1.632824E1	-2.121266E1	2.676917E1	8.645317E3	1.022391E2	8.623177E1
5.047000E1	1.009400E5	2.180720E1	-1.530061E1	2.663949E1	8.748379E3	1.077180E2	8.031972E1
5.047200E1	1.009440E5	2.531972E1	-7.944210E0	2.653674E1	8.794785E3	1.112305E2	7.296332E1
5.047400E1	1.009480E5	2.671901E1	5.803522E-2	2.671908E1	8.766867E3	1.126298E2	6.496107E1
5.047600E1	1.009520E5	2.571306E1	8.180336E0	2.698295E1	8.717278E3	1.116239E2	5.683877E1
5.047800E1	1.009560E5	2.239265E1	1.567575E1	2.733422E1	8.588687E3	1.083035E2	4.934336E1
5.048000E1	1.009600E5	1.725587E1	2.208863E1	2.802985E1	8.316353E3	1.031667E2	4.293048E1
5.048200E1	1.009640E5	1.056107E1	2.648358E1	2.851169E1	8.070038E3	9.647190E1	3.853553E1
5.048400E1	1.009680E5	2.887147E0	2.883795E1	2.898212E1	7.968596E3	8.879797E1	3.618116E1
5.048600E1	1.009720E5	-5.132843E0	2.871876E1	2.917385E1	7.914972E3	8.077799E1	3.630035E1
5.048800E1	1.009760E5	-1.277113E1	2.625130E1	2.919302E1	7.875033E3	7.313969E1	3.876781E1
5.049000E1	1.009800E5	-1.907970E1	2.146471E1	2.871879E1	7.958816E3	6.683112E1	4.355440E1
5.049200E1	1.009840E5	-2.386007E1	1.503831E1	2.820379E1	8.234078E3	6.205075E1	4.998080E1
5.049400E1	1.009880E5	-2.675325E1	7.384247E0	2.775362E1	8.325239E3	5.915757E1	5.763486E1
5.049600E1	1.009920E5	-2.738426E1	-5.157271E-1	2.738911E1	8.427607E3	5.852657E1	6.553484E1
5.049800E1	1.009960E5	-2.564912E1	-8.472817E0	2.701233E1	8.663504E3	6.026171E1	7.349193E1
5.050000E1	1.010000E5	-2.172480E1	-1.562980E1	2.676298E1	8.808505E3	6.418603E1	8.064890E1
5.050200E1	1.010040E5	-1.574658E1	-2.129135E1	2.648162E1	8.857735E3	7.016425E1	8.631045E1
5.050400E1	1.010080E5	-8.553282E0	-2.507328E1	2.649203E1	8.751249E3	7.735755E1	9.009238E1
5.050600E1	1.010120E5	-6.881809E-1	-2.662227E1	2.663116E1	8.656795E3	8.522265E1	9.164138E1
5.050800E1	1.010160E5	7.231022E0	-2.556912E1	2.657193E1	8.584833E3	9.314185E1	9.058823E1
5.051000E1	1.010200E5	1.442846E1	-2.233840E1	2.659294E1	8.567871E3	1.003393E2	8.735751E1
5.051200E1	1.010240E5	2.034832E1	-1.703645E1	2.653856E1	8.621329E3	1.062591E2	8.205556E1
5.051400E1	1.010280E5	2.456220E1	-1.025249E1	2.661608E1	8.736184E3	1.104730E2	7.527160E1
5.051600E1	1.010320E5	2.655577E1	-2.319930E0	2.665691E1	8.811300E3	1.124666E2	6.733904E1
5.051800E1	1.010360E5	2.632353E1	5.878745E0	2.697199E1	8.739036E3	1.122344E2	5.914036E1
5.052000E1	1.010400E5	2.382483E1	1.373500E1	2.750041E1	8.603698E3	1.097357E2	5.128411E1
5.052200E1	1.010440E5	1.907713E1	2.046050E1	2.797444E1	8.346179E3	1.049880E2	4.455861E1
5.052400E1	1.010480E5	1.286584E1	2.563450E1	2.868201E1	8.127242E3	9.877667E1	3.938460E1
5.052600E1	1.010520E5	5.306244E0	2.866582E1	2.915279E1	7.939771E3	9.121707E1	3.635329E1
5.052800E1	1.010560E5	-2.614652E0	2.925494E1	2.937155E1	7.814088E3	8.329618E1	3.576417E1
5.053000E1	1.010600E5	-1.032462E1	2.722382E1	2.911587E1	7.939324E3	7.558621E1	3.779529E1
5.053200E1	1.010640E5	-1.725180E1	2.300690E1	2.875661E1	8.106365E3	6.865902E1	4.201220E1
5.053400E1	1.010680E5	-2.278199E1	1.704642E1	2.845346E1	8.195137E3	6.312884E1	4.797269E1
5.053600E1	1.010720E5	-2.629468E1	9.755367E0	2.804599E1	8.293836E3	5.961614E1	5.526374E1
5.053800E1	1.010760E5	-2.764412E1	1.753749E0	2.769969E1	8.413088E3	5.826671E1	6.326536E1
5.054000E1	1.010800E5	-2.652502E1	-6.268989E0	2.725577E1	8.525483E3	5.938581E1	7.128810E1
5.054200E1	1.010840E5	-2.325256E1	-1.368147E1	2.697895E1	8.656860E3	6.265827E1	7.870058E1
5.054400E1	1.010880E5	-1.791423E1	-1.984337E1	2.673348E1	8.838290E3	6.799660E1	8.486248E1
5.054600E1	1.010920E5	-1.094265E1	-2.437706E1	2.672045E1	8.870498E3	7.496818E1	8.939617E1
5.054800E1	1.010960E5	-3.061997E0	-2.649181E1	2.666818E1	8.732735E3	8.284883E1	9.151092E1
5.055000E1	1.011000E5	4.972217E0	-2.617437E1	2.664245E1	8.564095E3	9.088304E1	9.119347E1
5.055200E1	1.011040E5	1.243751E1	-2.372695E1	2.678918E1	8.413203E3	9.834834E1	8.874606E1
5.055400E1	1.011080E5	1.876630E1	-1.915759E1	2.681767E1	8.490716E3	1.046771E2	8.417670E1
5.055600E1	1.011120E5	2.345187E1	-1.266658E1	2.665394E1	8.793923E3	1.093627E2	7.768569E1
5.055800E1	1.011160E5	2.623042E1	-4.821496E0	2.666986E1	8.865107E3	1.121412E2	6.984060E1
5.056000E1	1.011200E5	2.666044E1	3.314366E0	2.686567E1	8.860730E3	1.125713E2	6.170474E1
5.056200E1	1.011240E5	2.471893E1	1.154106E1	2.728042E1	8.795145E3	1.106298E2	5.347805E1
5.056400E1	1.011280E5	2.062295E1	1.874381E1	2.786820E1	8.446821E3	1.065338E2	4.627530E1
5.056600E1	1.011320E5	1.475671E1	2.438038E1	2.849848E1	8.173644E3	1.006675E2	4.063873E1
5.056800E1	1.011360E5	7.550716E0	2.810446E1	2.910110E1	7.975508E3	9.346154E1	3.691465E1
5.057000E1	1.011400E5	-3.651310E-1	2.918514E1	2.918742E1	7.812488E3	8.554570E1	3.583397E1
5.057200E1	1.011440E5	-8.129216E0	2.795975E1	2.911755E1	7.859265E3	7.778161E1	3.705936E1
5.057400E1	1.011480E5	-1.543028E1	2.454671E1	2.899370E1	7.974409E3	7.048055E1	4.047240E1
5.057600E1	1.011520E5	-2.136337E1	1.916201E1	2.869802E1	8.144391E3	6.454746E1	4.585710E1
5.057800E1	1.011560E5	-2.553555E1	1.205348E1	2.823740E1	8.342600E3	6.037528E1	5.296563E1
5.058000E1	1.011600E5	-2.745747E1	4.113506E0	2.776389E1	8.417383E3	5.845336E1	6.090560E1
5.058200E1	1.011640E5	-2.712693E1	-4.006209E0	2.742116E1	8.553077E3	5.878390E1	6.902532E1
5.058400E1	1.011680E5	-2.447509E1	-1.177485E1	2.716021E1	8.690778E3	6.143573E1	7.679396E1
5.058600E1	1.011720E5	-1.976532E1	-1.853754E1	2.709812E1	8.707108E3	6.614551E1	8.355665E1
5.058800E1	1.011760E5	-1.318640E1	-2.332626E1	2.679544E1	8.632207E3	7.272443E1	8.834537E1
5.059000E1	1.011800E5	-5.707904E0	-2.616318E1	2.677858E1	8.618195E3	8.020292E1	9.118229E1
5.059200E1	1.011840E5	2.330269E0	-2.667159E1	2.677319E1	8.663505E3	8.824110E1	9.169070E1
5.059400E1	1.011880E5	1.012936E1	-2.464046E1	2.664125E1	8.709003E3	9.604019E1	8.965957E1
5.059600E1	1.011920E5	1.699454E1	-2.037635E1	2.653318E1	8.702527E3	1.029054E2	8.539545E1
5.059800E1	1.011960E5	2.240566E1	-1.446327E1	2.666833E1	8.720817E3	1.083165E2	7.948238E1
5.060000E1	1.012000E5	2.573281E1	-7.033680E0	2.667677E1	8.734684E3	1.116436E2	7.205279E1
5.060200E1	1.012040E5	2.675949E1	9.792327E-1	2.677740E1	8.680039E3	1.126703E2	6.403988E1
5.060400E1	1.012080E5	2.551663E1	9.002160E0	2.705804E1	8.647293E3	1.114275E2	5.601695E1
5.060600E1	1.012120E5	2.206914E1	1.644079E1	2.751993E1	8.514731E3	1.079800E2	4.857832E1
5.060800E1	1.012160E5	1.685383E1	2.276962E1	2.832855E1	8.307040E3	1.027647E2	4.224949E1
5.061000E1	1.012200E5	9.872394E0	2.699666E1	2.874516E1	8.128909E3	9.578322E1	3.802244E1
5.061200E1	1.012240E5	2.023713E0	2.899272E1	2.906326E1	7.802537E3	8.793454E1	3.602639E1
5.061400E1	1.012280E5	-5.621584E0	2.859212E1	2.913952E1	7.725266E3	8.028924E1	3.642699E1
5.061600E1	1.012320E5	-1.312465E1	2.586086E1	2.900070E1	7.986790E3	7.278618E1	3.915825E1
5.061800E1	1.012360E5	-1.962118E1	2.098939E1	2.873230E1	8.167801E3	6.628965E1	4.402972E1
5.062000E1	1.012400E5	-2.438535E1	1.431856E1	2.827837E1	8.192368E3	6.152548E1	5.070055E1
5.062200E1	1.012440E5	-2.711437E1	6.840928E0	2.796403E1	8.290215E3	5.879646E1	5.817818E1
5.062400E1	1.012480E5	-2.764179E1	-1.323048E0	2.767344E1	8.542834E3	5.826903E1	6.634216E1
5.062600E1	1.012520E5	-2.546744E1	-9.275022E0	2.710381E1	8.643385E3	6.044338E1	7.429413E1
5.062800E1	1.012560E5	-2.138857E1	-1.630190E1	2.689281E1	8.741498E3	6.452225E1	8.132101E1
5.063000E1	1.012600E5	-1.532940E1	-2.187410E1	2.671080E1	8.796771E3	7.058143E1	8.689321E1
5.063200E1	1.012640E5	-8.043404E0	-2.551188E1	2.674981E1	8.772449E3	7.786742E1	9.053099E1
5.063400E1	1.012680E5	3.112779E-2	-2.662985E1	2.662987E1	8.752889E3	8.594196E1	9.164896E1
5.063600E1	1.012720E5	8.001170E0	-2.535719E1	2.658958E1	8.628808E3	9.391200E1	9.037630E1
5.063800E1	1.012760E5	1.514743E1	-2.197205E1	2.668737E1	8.551141E3	1.010583E2	8.699115E1
5.064000E1	1.012800E5	2.101109E1	-1.658340E1	2.676705E1	8.673034E3	1.069219E2	8.160251E1
5.064200E1	1.012840E5	2.506921E1	-9.485697E0	2.680380E1	8.758359E3	1.109800E2	7.450481E1
5.064400E1	1.012880E5	2.691351E1	-1.528027E0	2.695685E1	8.772514E3	1.128243E2	6.654713E1
5.064600E1	1.012920E5	2.652663E1	6.793315E0	2.738268E1	8.717527E3	1.124375E2	5.822579E1
5.064800E1	1.012960E5	2.359849E1	1.452959E1	2.771277E1	8.536380E3	1.095093E2	5.048952E1
5.065000E1	1.013000E5	1.873321E1	2.118143E1	2.827695E1	8.322779E3	1.046440E2	4.383768E1
5.065200E1	1.013040E5	1.213096E1	2.591062E1	2.860979E1	8.034786E3	9.804179E1	3.910849E1
5.065400E1	1.013080E5	4.711490E0	2.861184E1	2.899716E1	7.922638E3	9.062232E1	3.640727E1
5.065600E1	1.013120E5	-3.362376E0	2.905008E1	2.924402E1	7.902331E3	8.254845E1	3.596903E1
5.065800E1	1.013160E5	-1.105326E1	2.700649E1	2.918090E1	7.829979E3	7.485757E1	3.801262E1
5.066000E1	1.013200E5	-1.764131E1	2.264317E1	2.870417E1	8.004641E3	6.826951E1	4.237594E1
5.066200E1	1.013240E5	-2.301551E1	1.655236E1	2.834950E1	8.214125E3	6.289532E1	4.846675E1
5.066400E1	1.013280E5	-2.627291E1	9.160154E0	2.782399E1	8.399457E3	5.963792E1	5.585895E1
5.066600E1	1.013320E5	-2.750836E1	1.020810E0	2.752730E1	8.581927E3	5.840246E1	6.399830E1
5.066800E1	1.013360E5	-2.621292E1	-7.075926E0	2.715116E1	8.656880E3	5.969791E1	7.209503E1
5.067000E1	1.013400E5	-2.278753E1	-1.451855E1	2.701962E1	8.707900E3	6.312329E1	7.953766E1
5.067200E1	1.013440E5	-1.721905E1	-2.047582E1	2.675360E1	8.670224E3	6.869178E1	8.549493E1
5.067400E1	1.013480E5	-1.034143E1	-2.458111E1	2.666789E1	8.631727E3	7.556940E1	8.960022E1
5.067600E1	1.013520E5	-2.559715E0	-2.641403E1	2.653777E1	8.628774E3	8.335111E1	9.143314E1
5.067800E1	1.013560E5	5.381266E0	-2.598904E1	2.654032E1	8.581959E3	9.129209E1	9.100815E1
5.068000E1	1.013600E5	1.285728E1	-2.339434E1	2.669466E1	8.599913E3	9.876811E1	8.841345E1
5.068200E1	1.013640E5	1.906505E1	-1.834802E1	2.645990E1	8.729516E3	1.049759E2	8.336713E1
5.068400E1	1.013680E5	2.381563E1	-1.176483E1	2.656305E1	8.715084E3	1.097265E2	7.678394E1
5.068600E1	1.013720E5	2.626478E1	-4.179538E0	2.659524E1	8.751217E3	1.121756E2	6.919865E1
5.068800E1	1.013760E5	2.661037E1	4.079406E0	2.692124E1	8.769420E3	1.125212E2	6.093970E1
5.069000E1	1.013800E5	2.448266E1	1.196002E1	2.724780E1	8.607165E3	1.103935E2	5.305909E1
5.069200E1	1.013840E5	2.024482E1	1.897417E1	2.774656E1	8.428892E3	1.061556E2	4.604494E1
5.069400E1	1.013880E5	1.426218E1	2.445727E1	2.831197E1	8.204740E3	1.001730E2	4.056184E1
5.069600E1	1.013920E5	7.029754E0	2.811804E1	2.898347E1	7.955091E3	9.294058E1	3.690107E1
5.069800E1	1.013960E5	-7.972151E-1	2.905130E1	2.906224E1	7.800374E3	8.511361E1	3.596780E1
5.070000E1	1.014000E5	-8.554947E0	2.769682E1	2.898795E1	7.895026E3	7.735588E1	3.732229E1
5.070200E1	1.014040E5	-1.577249E1	2.414702E1	2.884181E1	8.070890E3	7.013834E1	4.087209E1
5.070400E1	1.014080E5	-2.153053E1	1.842241E1	2.833635E1	8.204309E3	6.438030E1	4.659670E1
5.070600E1	1.014120E5	-2.561037E1	1.141895E1	2.804075E1	8.268248E3	6.030046E1	5.360016E1
5.070800E1	1.014160E5	-2.744491E1	3.602796E0	2.768038E1	8.400465E3	5.846591E1	6.141631E1
5.071000E1	1.014200E5	-2.687775E1	-4.532085E0	2.725716E1	8.617108E3	5.903308E1	6.955119E1
5.071200E1	1.014240E5	-2.385525E1	-1.214949E1	2.677093E1	8.825268E3	6.205558E1	7.716860E1
5.071400E1	1.014280E5	-1.886368E1	-1.877969E1	2.661795E1	8.928593E3	6.704715E1	8.379880E1
5.071600E1	1.014320E5	-1.224149E1	-2.372166E1	2.669403E1	8.733442E3	7.366934E1	8.874077E1
5.071800E1	1.014360E5	-4.767345E0	-2.651156E1	2.693678E1	8.568945E3	8.114348E1	9.153067E1
5.072000E1	1.014400E5	3.254726E0	-2.658463E1	2.678313E1	8.546405E3	8.916555E1	9.160374E1
5.072200E1	1.014440E5	1.088354E1	-2.445452E1	2.676705E1	8.492914E3	9.679436E1	8.947363E1
5.072400E1	1.014480E5	1.738859E1	-2.003746E1	2.653041E1	8.557182E3	1.032994E2	8.505656E1
5.072600E1	1.014520E5	2.258852E1	-1.399441E1	2.657225E1	8.726206E3	1.084993E2	7.901352E1
5.072800E1	1.014560E5	2.570137E1	-6.476535E0	2.650483E1	8.894040E3	1.116122E2	7.149564E1
5.073000E1	1.014600E5	2.661221E1	1.765922E0	2.667074E1	8.858793E3	1.125230E2	6.325319E1
5.073200E1	1.014640E5	2.523758E1	9.835446E0	2.708637E1	8.650462E3	1.111484E2	5.518366E1
5.073400E1	1.014680E5	2.175872E1	1.724469E1	2.776367E1	8.441709E3	1.076695E2	4.777442E1
5.073600E1	1.014720E5	1.611330E1	2.306218E1	2.813365E1	8.151749E3	1.020241E2	4.195693E1
5.073800E1	1.014760E5	9.321087E0	2.707852E1	2.863789E1	8.009586E3	9.523192E1	3.794059E1
5.074000E1	1.014800E5	1.461642E0	2.882092E1	2.885796E1	7.968370E3	8.737247E1	3.619819E1
5.074200E1	1.014840E5	-6.465229E0	2.827682E1	2.900651E1	7.924251E3	7.944560E1	3.674229E1
5.074400E1	1.014880E5	-1.389936E1	2.528937E1	2.885731E1	7.983400E3	7.201147E1	3.972974E1
5.074600E1	1.014920E5	-1.999712E1	2.012852E1	2.837327E1	8.132841E3	6.591371E1	4.489058E1
5.074800E1	1.014960E5	-2.452917E1	1.341535E1	2.795804E1	8.288958E3	6.138166E1	5.160375E1
5.075000E1	1.015000E5	-2.708083E1	5.771918E0	2.768910E1	8.407790E3	5.883000E1	5.924719E1
5.075200E1	1.015040E5	-2.707468E1	-2.347911E0	2.717630E1	8.584983E3	5.883615E1	6.736702E1
5.075400E1	1.015080E5	-2.472062E1	-1.014276E1	2.672049E1	8.702696E3	6.119021E1	7.516187E1
5.075600E1	1.015120E5	-2.048834E1	-1.705030E1	2.665492E1	8.730502E3	6.542249E1	8.206941E1
5.075800E1	1.015160E5	-1.445208E1	-2.245117E1	2.670052E1	8.666368E3	7.145875E1	8.747028E1
5.076000E1	1.015200E5	-7.170275E0	-2.573745E1	2.671759E1	8.508688E3	7.874055E1	9.075656E1
5.076200E1	1.015240E5	5.940607E-1	-2.690467E1	2.691122E1	8.474267E3	8.650489E1	9.192377E1
5.076400E1	1.015280E5	8.470323E0	-2.556757E1	2.693412E1	8.539496E3	9.438115E1	9.058668E1
5.076600E1	1.015320E5	1.546110E1	-2.173749E1	2.667516E1	8.588307E3	1.013719E2	8.675660E1
5.076800E1	1.015360E5	2.120347E1	-1.616276E1	2.666124E1	8.717892E3	1.071143E2	8.118186E1
5.077000E1	1.015400E5	2.515145E1	-9.008271E0	2.671599E1	8.805355E3	1.110623E2	7.402738E1
5.077200E1	1.015440E5	2.683253E1	-9.819099E-1	2.685049E1	8.751347E3	1.127434E2	6.600102E1
5.077400E1	1.015480E5	2.603699E1	7.122835E0	2.699369E1	8.656333E3	1.119478E2	5.789627E1
5.077600E1	1.015520E5	2.316859E1	1.477684E1	2.747978E1	8.569417E3	1.090794E2	5.024227E1
5.077800E1	1.015560E5	1.818179E1	2.134654E1	2.804019E1	8.425220E3	1.040926E2	4.367256E1
5.078000E1	1.015600E5	1.158859E1	2.631273E1	2.875161E1	8.195711E3	9.749942E1	3.870638E1
5.078200E1	1.015640E5	3.880884E0	2.893313E1	2.919225E1	8.001973E3	8.979171E1	3.608597E1
5.078400E1	1.015680E5	-4.188920E0	2.893188E1	2.923355E1	7.874168E3	8.172191E1	3.608723E1
5.078600E1	1.015720E5	-1.182391E1	2.673630E1	2.923414E1	7.863973E3	7.408691E1	3.828281E1
5.078800E1	1.015760E5	-1.839095E1	2.215653E1	2.879477E1	8.082097E3	6.751988E1	4.286258E1
5.079000E1	1.015800E5	-2.356732E1	1.578564E1	2.836556E1	8.264446E3	6.234350E1	4.923347E1
5.079200E1	1.015840E5	-2.664957E1	8.273875E0	2.790442E1	8.397369E3	5.926126E1	5.674523E1
5.079400E1	1.015880E5	-2.750932E1	1.080826E-1	2.750954E1	8.617899E3	5.840150E1	6.491103E1
5.079600E1	1.015920E5	-2.596477E1	-8.049172E0	2.718379E1	8.682964E3	5.994606E1	7.306828E1
5.079800E1	1.015960E5	-2.214343E1	-1.522260E1	2.687115E1	8.656488E3	6.376740E1	8.024170E1
5.080000E1	1.016000E5	-1.661379E1	-2.114999E1	2.689498E1	8.661631E3	6.929704E1	8.616910E1
5.080200E1	1.016040E5	-9.557797E0	-2.509939E1	2.685761E1	8.603093E3	7.635303E1	9.011850E1
5.080400E1	1.016080E5	-1.752941E0	-2.683046E1	2.688767E1	8.576153E3	8.415789E1	9.184957E1
5.080600E1	1.016120E5	6.268288E0	-2.619411E1	2.693368E1	8.523255E3	9.217912E1	9.121322E1
5.080800E1	1.016160E5	1.358035E1	-2.318889E1	2.687286E1	8.497214E3	9.949118E1	8.820800E1
5.081000E1	1.016200E5	1.967938E1	-1.806651E1	2.671473E1	8.622783E3	1.055902E2	8.308562E1
5.081200E1	1.016240E5	2.404947E1	-1.129319E1	2.656903E1	8.829507E3	1.099603E2	7.631230E1
5.081400E1	1.016280E5	2.648741E1	-3.362687E0	2.670001E1	8.909522E3	1.123982E2	6.838180E1
5.081600E1	1.016320E5	2.652618E1	4.908769E0	2.697655E1	8.736496E3	1.124370E2	6.011034E1
5.081800E1	1.016360E5	2.422813E1	1.272585E1	2.736694E1	8.581981E3	1.101390E2	5.229326E1
5.082000E1	1.016400E5	1.986475E1	1.973490E1	2.800133E1	8.464953E3	1.057756E2	4.528421E1
5.082200E1	1.016440E5	1.354678E1	2.502351E1	2.845507E1	8.213360E3	9.945761E1	3.999560E1
5.082400E1	1.016480E5	6.167555E0	2.820550E1	2.887194E1	7.905504E3	9.207838E1	3.681361E1
5.082600E1	1.016520E5	-1.615092E0	2.895532E1	2.900033E1	7.768638E3	8.429574E1	3.606379E1
5.082800E1	1.016560E5	-9.308170E0	2.743654E1	2.897250E1	7.874656E3	7.660266E1	3.758257E1
5.083000E1	1.016600E5	-1.645602E1	2.377331E1	2.891316E1	8.025843E3	6.945481E1	4.124580E1
5.083200E1	1.016640E5	-2.211531E1	1.800887E1	2.852028E1	8.250489E3	6.379552E1	4.701023E1
5.083400E1	1.016680E5	-2.601361E1	1.067259E1	2.811782E1	8.331412E3	5.989722E1	5.434652E1
5.083600E1	1.016720E5	-2.749300E1	2.807603E0	2.763599E1	8.397778E3	5.841783E1	6.221151E1
5.083800E1	1.016760E5	-2.667617E1	-5.322810E0	2.720202E1	8.620680E3	5.923466E1	7.034192E1
5.084000E1	1.016800E5	-2.356377E1	-1.287506E1	2.685179E1	8.731398E3	6.234705E1	7.789417E1
5.084200E1	1.016840E5	-1.856213E1	-1.936309E1	2.682316E1	8.750827E3	6.734870E1	8.438219E1
5.084400E1	1.016880E5	-1.186077E1	-2.395123E1	2.672713E1	8.741506E3	7.405006E1	8.897034E1
5.084600E1	1.016920E5	-4.117215E0	-2.652176E1	2.683943E1	8.559439E3	8.179361E1	9.154087E1
5.084800E1	1.016960E5	3.673659E0	-2.649871E1	2.675215E1	8.421478E3	8.958449E1	9.151782E1
5.085000E1	1.017000E5	1.117950E1	-2.412628E1	2.659057E1	8.535574E3	9.709033E1	8.914538E1
5.085200E1	1.017040E5	1.783228E1	-1.978029E1	2.663175E1	8.574510E3	1.037431E2	8.479940E1
5.085400E1	1.017080E5	2.279497E1	-1.361020E1	2.654898E1	8.793500E3	1.087058E2	7.862931E1
5.085600E1	1.017120E5	2.577283E1	-5.851087E0	2.642866E1	8.868286E3	1.116837E2	7.087020E1
5.085800E1	1.017160E5	2.655187E1	2.151697E0	2.663891E1	8.668911E3	1.124627E2	6.286741E1
5.086000E1	1.017200E5	2.508043E1	1.007457E1	2.702822E1	8.605176E3	1.109913E2	5.494454E1
5.086200E1	1.017240E5	2.142034E1	1.737911E1	2.758377E1	8.570591E3	1.073312E2	4.764000E1
5.086400E1	1.017280E5	1.577900E1	2.354124E1	2.834020E1	8.360335E3	1.016898E2	4.147787E1
5.086600E1	1.017320E5	8.690560E0	2.755460E1	2.889259E1	8.089436E3	9.460139E1	3.746451E1
5.086800E1	1.017360E5	7.523727E-1	2.921836E1	2.922805E1	7.843765E3	8.666320E1	3.580075E1
5.087000E1	1.017400E5	-7.006588E0	2.837583E1	2.922807E1	7.680053E3	7.890424E1	3.664328E1
5.087200E1	1.017440E5	-1.419834E1	2.535797E1	2.906233E1	7.867010E3	7.171249E1	3.966114E1
5.087400E1	1.017480E5	-2.050018E1	2.025964E1	2.882204E1	8.195338E3	6.541065E1	4.475947E1
5.087600E1	1.017520E5	-2.494836E1	1.325047E1	2.824881E1	8.356950E3	6.096247E1	5.176864E1
5.087800E1	1.017560E5	-2.721578E1	5.405691E0	2.774743E1	8.327576E3	5.869505E1	5.961342E1
5.088000E1	1.017600E5	-2.740283E1	-2.559848E0	2.752213E1	8.452559E3	5.850800E1	6.757896E1
5.088200E1	1.017640E5	-2.498453E1	-1.038786E1	2.705799E1	8.689559E3	6.092629E1	7.540697E1
5.088400E1	1.017680E5	-2.044288E1	-1.721149E1	2.672352E1	8.777498E3	6.546795E1	8.223060E1
5.088600E1	1.017720E5	-1.422643E1	-2.249195E1	2.661352E1	8.698860E3	7.168440E1	8.751106E1
5.088800E1	1.017760E5	-6.925264E0	-2.564927E1	2.656773E1	8.693383E3	7.898556E1	9.066837E1
5.089000E1	1.017800E5	1.136407E0	-2.645512E1	2.647951E1	8.702030E3	8.704723E1	9.147422E1
5.089200E1	1.017840E5	8.945750E0	-2.498640E1	2.653953E1	8.619001E3	9.485658E1	9.000551E1
5.089400E1	1.017880E5	1.606791E1	-2.137271E1	2.673893E1	8.605932E3	1.019787E2	8.639181E1
5.089600E1	1.017920E5	2.166973E1	-1.567339E1	2.674383E1	8.685622E3	1.075806E2	8.069250E1
5.089800E1	1.017960E5	2.527634E1	-8.370034E0	2.662613E1	8.792381E3	1.111872E2	7.338914E1
5.090000E1	1.018000E5	2.681222E1	-3.313920E-1	2.681426E1	8.725632E3	1.127230E2	6.535050E1
5.090200E1	1.018040E5	2.591083E1	7.714856E0	2.703498E1	8.612022E3	1.118217E2	5.730425E1
5.090400E1	1.018080E5	2.303583E1	1.538621E1	2.770172E1	8.456913E3	1.089467E2	4.963289E1
5.090600E1	1.018120E5	1.811448E1	2.190314E1	2.842326E1	8.214418E3	1.040253E2	4.311596E1
5.090800E1	1.018160E5	1.146245E1	2.648515E1	2.885915E1	8.037946E3	9.737327E1	3.853396E1
5.091000E1	1.018200E5	3.782611E0	2.896671E1	2.921264E1	7.953492E3	8.969344E1	3.605240E1
5.091200E1	1.018240E5	-4.279531E0	2.894038E1	2.925509E1	7.868589E3	8.163130E1	3.607873E1
5.091400E1	1.018280E5	-1.188002E1	2.663977E1	2.916869E1	7.855036E3	7.403081E1	3.837933E1
5.091600E1	1.018320E5	-1.840692E1	2.206780E1	2.873678E1	8.086783E3	6.750390E1	4.295131E1
5.091800E1	1.018360E5	-2.357520E1	1.567422E1	2.831027E1	8.268720E3	6.233563E1	4.934489E1
5.092000E1	1.018400E5	-2.665020E1	8.195298E0	2.788182E1	8.396298E3	5.926063E1	5.682381E1
5.092200E1	1.018440E5	-2.745394E1	1.589666E-2	2.745395E1	8.608648E3	5.845689E1	6.500321E1
5.092400E1	1.018480E5	-2.592217E1	-8.094318E0	2.715652E1	8.654830E3	5.998866E1	7.311343E1
5.092600E1	1.018520E5	-2.210870E1	-1.524388E1	2.685462E1	8.642134E3	6.380213E1	8.026299E1
5.092800E1	1.018560E5	-1.656636E1	-2.113527E1	2.685412E1	8.662244E3	6.934447E1	8.615438E1
5.093000E1	1.018600E5	-9.511666E0	-2.508595E1	2.682865E1	8.592230E3	7.639916E1	9.010506E1
5.093200E1	1.018640E5	-1.741899E0	-2.678159E1	2.683817E1	8.563092E3	8.416893E1	9.180070E1
5.093400E1	1.018680E5	6.283824E0	-2.619921E1	2.694225E1	8.525988E3	9.219465E1	9.121832E1
5.093600E1	1.018720E5	1.358546E1	-2.317195E1	2.686083E1	8.498757E3	9.949629E1	8.819106E1
5.093800E1	1.018760E5	1.968478E1	-1.804882E1	2.670675E1	8.617324E3	1.055956E2	8.306793E1
5.094000E1	1.018800E5	2.406627E1	-1.129810E1	2.658632E1	8.807934E3	1.099771E2	7.631721E1
5.094200E1	1.018840E5	2.646341E1	-3.383349E0	2.667881E1	8.910628E3	1.123742E2	6.840246E1
5.094400E1	1.018880E5	2.650747E1	4.910206E0	2.695841E1	8.745667E3	1.124183E2	6.010890E1
5.094600E1	1.018920E5	2.422542E1	1.271697E1	2.736042E1	8.575089E3	1.101363E2	5.230214E1
5.094800E1	1.018960E5	1.985990E1	1.971815E1	2.798608E1	8.444236E3	1.057707E2	4.530096E1
5.095000E1	1.019000E5	1.358081E1	2.498556E1	2.843794E1	8.189471E3	9.949164E1	4.003355E1
5.095200E1	1.019040E5	6.224681E0	2.820039E1	2.887921E1	7.904558E3	9.213551E1	3.681872E1
5.095400E1	1.019080E5	-1.563785E0	2.894839E1	2.899060E1	7.782846E3	8.434704E1	3.607072E1
5.095600E1	1.019120E5	-9.285830E0	2.745896E1	2.898657E1	7.880909E3	7.662500E1	3.756015E1
5.095800E1	1.019160E5	-1.644637E1	2.382637E1	2.895133E1	8.054089E3	6.946445E1	4.119274E1
5.096000E1	1.019200E5	-2.213058E1	1.798477E1	2.851692E1	8.221344E3	6.378024E1	4.703434E1
5.096200E1	1.019240E5	-2.605057E1	1.078991E1	2.819671E1	8.290836E3	5.986026E1	5.422920E1
5.096400E1	1.019280E5	-2.750102E1	2.859535E0	2.764928E1	8.405803E3	5.840981E1	6.215957E1
5.096600E1	1.019320E5	-2.671241E1	-5.252545E0	2.722392E1	8.615770E3	5.919842E1	7.027165E1
5.096800E1	1.019360E5	-2.359087E1	-1.282311E1	2.685072E1	8.747159E3	6.231996E1	7.784222E1
5.097000E1	1.019400E5	-1.861875E1	-1.935651E1	2.685764E1	8.755968E3	6.729207E1	8.437562E1
5.097200E1	1.019440E5	-1.190971E1	-2.394022E1	2.673902E1	8.730095E3	7.400112E1	8.895933E1
5.097400E1	1.019480E5	-4.186192E0	-2.653050E1	2.685873E1	8.522737E3	8.172464E1	9.154961E1
5.097600E1	1.019520E5	3.556663E0	-2.650890E1	2.674643E1	8.414068E3	8.946749E1	9.152801E1
5.097800E1	1.019560E5	1.112091E1	-2.419014E1	2.662400E1	8.568134E3	9.703174E1	8.920924E1
5.098000E1	1.019600E5	1.778115E1	-1.980754E1	2.661782E1	8.570542E3	1.036920E2	8.482665E1
5.098200E1	1.019640E5	2.277446E1	-1.369954E1	2.657731E1	8.642528E3	1.086853E2	7.871865E1
5.098400E1	1.019680E5	2.576434E1	-6.192935E0	2.649819E1	8.825803E3	1.116752E2	7.121204E1
5.098600E1	1.019720E5	2.657269E1	1.986351E0	2.664683E1	8.811005E3	1.124835E2	6.303276E1
5.098800E1	1.019760E5	2.512513E1	1.001290E1	2.704681E1	8.687669E3	1.110360E2	5.500621E1
5.099000E1	1.019800E5	2.140641E1	1.735046E1	2.755490E1	8.565181E3	1.073172E2	4.766865E1
5.099200E1	1.019840E5	1.586724E1	2.351447E1	2.836723E1	8.327323E3	1.017781E2	4.150464E1
5.099400E1	1.019880E5	8.773271E0	2.754832E1	2.891160E1	8.102244E3	9.468410E1	3.747078E1
5.099600E1	1.019920E5	8.180755E-1	2.925159E1	2.926303E1	7.851650E3	8.672890E1	3.576751E1
5.099800E1	1.019960E5	-6.957632E0	2.845164E1	2.929000E1	7.675226E3	7.895320E1	3.656747E1
5.100000E1	1.020000E5	-1.413490E1	2.539651E1	2.906506E1	7.852274E3	7.177593E1	3.962260E1
5.100200E1	1.020040E5	-2.044299E1	2.033576E1	2.883503E1	8.081692E3	6.546784E1	4.468335E1
5.100400E1	1.020080E5	-2.494825E1	1.358771E1	2.840847E1	8.194040E3	6.096257E1	5.143140E1
5.100600E1	1.020120E5	-2.721030E1	5.820062E0	2.782577E1	8.372239E3	5.870053E1	5.919905E1
5.100800E1	1.020160E5	-2.737599E1	-2.354008E0	2.747701E1	8.612569E3	5.853484E1	6.737312E1
5.101000E1	1.020200E5	-2.502553E1	-1.030308E1	2.706345E1	8.756577E3	6.088530E1	7.532218E1
5.101200E1	1.020240E5	-2.046764E1	-1.713849E1	2.669555E1	8.778042E3	6.544318E1	8.215760E1
5.101400E1	1.020280E5	-1.431705E1	-2.246397E1	2.663847E1	8.714548E3	7.159378E1	8.748308E1
5.101600E1	1.020320E5	-6.969183E0	-2.564937E1	2.657931E1	8.714778E3	7.894164E1	9.066848E1
5.101800E1	1.020360E5	1.085344E0	-2.646543E1	2.648768E1	8.660879E3	8.699617E1	9.148454E1
5.102000E1	1.020400E5	8.871335E0	-2.513176E1	2.665156E1	8.469552E3	9.478216E1	9.015087E1
5.102200E1	1.020440E5	1.573237E1	-2.147464E1	2.662082E1	8.567614E3	1.016432E2	8.649375E1
5.102400E1	1.020480E5	2.130670E1	-1.564381E1	2.643301E1	8.836536E3	1.072175E2	8.066292E1
5.102600E1	1.020520E5	2.515269E1	-8.380483E0	2.651208E1	8.893708E3	1.110635E2	7.339959E1
5.102800E1	1.020560E5	2.675023E1	-3.324511E-1	2.675230E1	8.754386E3	1.126611E2	6.535156E1
5.103000E1	1.020600E5	2.593587E1	7.727027E0	2.706245E1	8.616007E3	1.118467E2	5.729208E1
5.103200E1	1.020640E5	2.302678E1	1.538716E1	2.769472E1	8.454782E3	1.089376E2	4.963195E1
5.103400E1	1.020680E5	1.810407E1	2.189137E1	2.840756E1	8.221519E3	1.040149E2	4.312773E1
5.103600E1	1.020720E5	1.144304E1	2.649159E1	2.885736E1	8.048106E3	9.735387E1	3.852752E1
5.103800E1	1.020760E5	3.764883E0	2.899522E1	2.923862E1	7.950392E3	8.967571E1	3.602389E1
5.104000E1	1.020800E5	-4.292172E0	2.892804E1	2.924473E1	7.872750E3	8.161866E1	3.609107E1
5.104200E1	1.020840E5	-1.191666E1	2.664899E1	2.919204E1	7.881415E3	7.399416E1	3.837012E1
5.104400E1	1.020880E5	-1.846140E1	2.202852E1	2.874159E1	8.085197E3	6.744943E1	4.299058E1
5.104600E1	1.020920E5	-2.360208E1	1.566123E1	2.832547E1	8.262305E3	6.230875E1	4.935788E1
5.104800E1	1.020960E5	-2.666663E1	8.145419E0	2.788291E1	8.407922E3	5.924420E1	5.687369E1
5.105000E1	1.021000E5	-2.748901E1	-3.133042E-2	2.748902E1	8.597268E3	5.842182E1	6.505044E1
5.105200E1	1.021040E5	-2.591058E1	-8.121667E0	2.715363E1	8.705091E3	6.000025E1	7.314078E1
5.105400E1	1.021080E5	-2.206515E1	-1.538465E1	2.689904E1	8.774191E3	6.384568E1	8.040376E1
5.105600E1	1.021120E5	-1.622659E1	-2.114717E1	2.665530E1	8.678784E3	6.968424E1	8.616628E1
5.105800E1	1.021160E5	-9.331188E0	-2.509189E1	2.677076E1	8.500755E3	7.657964E1	9.011099E1
5.106000E1	1.021200E5	-1.637918E0	-2.680562E1	2.685561E1	8.513735E3	8.427291E1	9.182473E1
5.106200E1	1.021240E5	6.357416E0	-2.616699E1	2.692820E1	8.509887E3	9.226824E1	9.118610E1
5.106400E1	1.021280E5	1.364203E1	-2.311995E1	2.684468E1	8.510293E3	9.955286E1	8.813906E1
5.106600E1	1.021320E5	1.972297E1	-1.794846E1	2.666726E1	8.632879E3	1.056338E2	8.296757E1
5.106800E1	1.021360E5	2.408593E1	-1.119338E1	2.655981E1	8.807550E3	1.099968E2	7.621249E1
5.107000E1	1.021400E5	2.647399E1	-3.284788E0	2.667699E1	8.901831E3	1.123848E2	6.830390E1
5.107200E1	1.021440E5	2.647871E1	4.994474E0	2.694562E1	8.750079E3	1.123895E2	6.002463E1
5.107400E1	1.021480E5	2.415298E1	1.280315E1	2.733655E1	8.586940E3	1.100638E2	5.221596E1
5.107600E1	1.021520E5	1.974699E1	1.976735E1	2.794086E1	8.453122E3	1.056578E2	4.525176E1
5.107800E1	1.021560E5	1.345209E1	2.502499E1	2.841142E1	8.200083E3	9.936292E1	3.999412E1
5.108000E1	1.021600E5	6.079993E0	2.819219E1	2.884035E1	7.918618E3	9.199082E1	3.682692E1
5.108200E1	1.021640E5	-1.725832E0	2.892633E1	2.897776E1	7.786173E3	8.418500E1	3.609278E1
5.108400E1	1.021680E5	-9.413672E0	2.737880E1	2.895195E1	7.872285E3	7.649716E1	3.764031E1
5.108600E1	1.021720E5	-1.652295E1	2.368197E1	2.887635E1	8.048016E3	6.938788E1	4.133713E1
5.108800E1	1.021760E5	-2.219816E1	1.786909E1	2.849671E1	8.231344E3	6.371267E1	4.715002E1
5.109000E1	1.021800E5	-2.605772E1	1.061863E1	2.813823E1	8.295429E3	5.985310E1	5.440048E1
5.109200E1	1.021840E5	-2.748168E1	2.719630E0	2.761593E1	8.408416E3	5.842914E1	6.229948E1
5.109400E1	1.021880E5	-2.665581E1	-5.405057E0	2.719829E1	8.641980E3	5.925501E1	7.042417E1
5.109600E1	1.021920E5	-2.346923E1	-1.296439E1	2.681195E1	8.755289E3	6.244160E1	7.798350E1
5.109800E1	1.021960E5	-1.843431E1	-1.941466E1	2.677224E1	8.765506E3	6.747652E1	8.443377E1
5.110000E1	1.022000E5	-1.170908E1	-2.398409E1	2.668968E1	8.744148E3	7.420174E1	8.900320E1
5.110200E1	1.022040E5	-3.972973E0	-2.645843E1	2.675506E1	8.700388E3	8.193785E1	9.147754E1
5.110400E1	1.022080E5	4.078227E0	-2.640525E1	2.671833E1	8.551663E3	8.998905E1	9.142436E1
5.110600E1	1.022120E5	1.159061E1	-2.411908E1	2.675952E1	8.498495E3	9.750144E1	8.913819E1
5.110800E1	1.022160E5	1.810974E1	-1.957469E1	2.666704E1	8.664859E3	1.040206E2	8.459380E1
5.111000E1	1.022200E5	2.316593E1	-1.319947E1	2.666245E1	8.749157E3	1.090768E2	7.821857E1
5.111200E1	1.022240E5	2.614699E1	-5.667306E0	2.675413E1	8.772414E3	1.120578E2	7.068641E1
5.111400E1	1.022280E5	2.692773E1	2.553039E0	2.704848E1	8.764419E3	1.128386E2	6.246607E1
5.111600E1	1.022320E5	2.538893E1	1.068718E1	2.754657E1	8.599978E3	1.112998E2	5.433193E1
5.111800E1	1.022360E5	2.152434E1	1.794358E1	2.802266E1	8.405688E3	1.074352E2	4.707553E1
5.112000E1	1.022400E5	1.572530E1	2.371412E1	2.845426E1	8.223897E3	1.016361E2	4.130499E1
5.112200E1	1.022440E5	8.591515E0	2.760381E1	2.890993E1	8.093423E3	9.450234E1	3.741530E1
5.112400E1	1.022480E5	5.989233E-1	2.918954E1	2.919569E1	7.936330E3	8.650975E1	3.582957E1
5.112600E1	1.022520E5	-7.269143E0	2.819520E1	2.911717E1	7.883282E3	7.864168E1	3.682391E1
5.112800E1	1.022560E5	-1.463134E1	2.498079E1	2.895023E1	7.950322E3	7.127948E1	4.003832E1
5.113000E1	1.022600E5	-2.063065E1	1.974391E1	2.855601E1	8.071032E3	6.528018E1	4.527520E1
5.113200E1	1.022640E5	-2.501494E1	1.294337E1	2.816519E1	8.255790E3	6.089589E1	5.207574E1
5.113400E1	1.022680E5	-2.718530E1	5.145888E0	2.766804E1	8.428943E3	5.872553E1	5.987322E1
5.113600E1	1.022720E5	-2.723539E1	-3.034521E0	2.740392E1	8.641026E3	5.867543E1	6.805363E1
5.113800E1	1.022760E5	-2.477780E1	-1.095179E1	2.709024E1	8.714223E3	6.113303E1	7.597090E1
5.114000E1	1.022800E5	-2.023853E1	-1.772653E1	2.690405E1	8.686702E3	6.567229E1	8.274563E1
5.114200E1	1.022840E5	-1.409999E1	-2.309246E1	2.705682E1	8.605106E3	7.181084E1	8.811157E1
5.114400E1	1.022880E5	-6.691046E0	-2.612594E1	2.696914E1	8.544410E3	7.921978E1	9.114505E1
5.114600E1	1.022920E5	1.302327E0	-2.691799E1	2.694948E1	8.555679E3	8.721316E1	9.193710E1
5.114800E1	1.022960E5	9.148476E0	-2.533093E1	2.693233E1	8.586480E3	9.505930E1	9.035004E1
5.115000E1	1.023000E5	1.616709E1	-2.136448E1	2.679208E1	8.663467E3	1.020779E2	8.638359E1
5.115200E1	1.023040E5	2.176174E1	-1.551592E1	2.672671E1	8.771051E3	1.076726E2	8.053503E1
5.115400E1	1.023080E5	2.531403E1	-8.127444E0	2.658676E1	8.824772E3	1.112249E2	7.314655E1
5.115600E1	1.023120E5	2.679072E1	-8.857928E-2	2.679086E1	8.785156E3	1.127015E2	6.510769E1
5.115800E1	1.023160E5	2.583511E1	8.066841E0	2.706523E1	8.709236E3	1.117459E2	5.695227E1
5.116000E1	1.023200E5	2.254324E1	1.557914E1	2.740268E1	8.554703E3	1.084541E2	4.943997E1
5.116200E1	1.023240E5	1.745191E1	2.198684E1	2.807116E1	8.317766E3	1.033627E2	4.303227E1
5.116400E1	1.023280E5	1.075124E1	2.650176E1	2.859952E1	8.111653E3	9.666207E1	3.851735E1
5.116600E1	1.023320E5	3.041337E0	2.896583E1	2.912506E1	7.810329E3	8.895217E1	3.605328E1
5.116800E1	1.023360E5	-4.648493E0	2.882853E1	2.920090E1	7.697078E3	8.126234E1	3.619058E1
5.117000E1	1.023400E5	-1.216127E1	2.632621E1	2.899941E1	7.902913E3	7.374955E1	3.869290E1
5.117200E1	1.023440E5	-1.885187E1	2.186204E1	2.886766E1	8.065626E3	6.705896E1	4.315706E1
5.117400E1	1.023480E5	-2.378177E1	1.541052E1	2.833825E1	8.193099E3	6.212906E1	4.960859E1
5.117600E1	1.023520E5	-2.672246E1	7.893267E0	2.786383E1	8.371573E3	5.918837E1	5.712584E1
5.117800E1	1.023560E5	-2.741972E1	-2.599451E-1	2.742095E1	8.578806E3	5.849111E1	6.527905E1
5.118000E1	1.023600E5	-2.572267E1	-8.287952E0	2.702491E1	8.694016E3	6.018816E1	7.330706E1
5.118200E1	1.023640E5	-2.188592E1	-1.550712E1	2.682283E1	8.791140E3	6.402491E1	8.052623E1
5.118400E1	1.023680E5	-1.599536E1	-2.124485E1	2.659314E1	8.834397E3	6.991547E1	8.626396E1
5.118600E1	1.023720E5	-8.802083E0	-2.507420E1	2.657427E1	8.757658E3	7.710874E1	9.009330E1
5.118800E1	1.023760E5	-9.059454E-1	-2.666815E1	2.668353E1	8.612024E3	8.500488E1	9.168726E1
5.119000E1	1.023800E5	6.937068E0	-2.570117E1	2.662091E1	8.474026E3	9.284790E1	9.072027E1
5.119200E1	1.023840E5	1.420976E1	-2.278419E1	2.685212E1	8.466685E3	1.001206E2	8.780330E1
5.119400E1	1.023880E5	2.031312E1	-1.767558E1	2.692673E1	8.644448E3	1.062239E2	8.269469E1
5.119600E1	1.023920E5	2.450707E1	-1.064162E1	2.671780E1	8.849102E3	1.104179E2	7.566073E1
5.119800E1	1.023960E5	2.657624E1	-2.620786E0	2.670516E1	8.892182E3	1.124871E2	6.763989E1
5.120000E1	1.024000E5	2.638642E1	5.655301E0	2.698566E1	8.725651E3	1.122973E2	5.936381E1
5.120200E1	1.024040E5	2.399518E1	1.344931E1	2.750732E1	8.510561E3	1.099060E2	5.156979E1
5.120400E1	1.024080E5	1.955238E1	2.034579E1	2.821784E1	8.344218E3	1.054632E2	4.467332E1
5.120600E1	1.024120E5	1.325453E1	2.562258E1	2.884786E1	8.066494E3	9.916536E1	3.939653E1
5.120800E1	1.024160E5	5.878571E0	2.865135E1	2.924821E1	7.876255E3	9.178940E1	3.636775E1
5.121000E1	1.024200E5	-2.128877E0	2.932226E1	2.939944E1	7.839651E3	8.378195E1	3.569685E1
5.121200E1	1.024240E5	-9.996938E0	2.782271E1	2.956420E1	7.776392E3	7.591389E1	3.719640E1
5.121400E1	1.024280E5	-1.674940E1	2.369273E1	2.901530E1	7.955110E3	6.916143E1	4.132638E1
5.121600E1	1.024320E5	-2.233132E1	1.770959E1	2.850118E1	8.228971E3	6.357951E1	4.730952E1
5.121800E1	1.024360E5	-2.609905E1	1.045262E1	2.811437E1	8.322002E3	5.981178E1	5.456649E1
5.122000E1	1.024400E5	-2.770924E1	2.486515E0	2.782058E1	8.415448E3	5.820159E1	6.253259E1
5.122200E1	1.024440E5	-2.664090E1	-5.582944E0	2.721960E1	8.575927E3	5.926993E1	7.060205E1
5.122400E1	1.024480E5	-2.340964E1	-1.307031E1	2.681128E1	8.740394E3	6.250119E1	7.808942E1
5.122600E1	1.024520E5	-1.829356E1	-1.947887E1	2.672229E1	8.780810E3	6.761727E1	8.449798E1
5.122800E1	1.024560E5	-1.153436E1	-2.396576E1	2.659698E1	8.753543E3	7.437647E1	8.898487E1
5.123000E1	1.024600E5	-3.802756E0	-2.642700E1	2.669920E1	8.706613E3	8.210807E1	9.144611E1
5.123200E1	1.024640E5	4.225369E0	-2.630447E1	2.664167E1	8.570721E3	9.013620E1	9.132358E1
5.123400E1	1.024680E5	1.174317E1	-2.397670E1	2.669802E1	8.511146E3	9.765400E1	8.899581E1
5.123600E1	1.024720E5	1.820220E1	-1.940357E1	2.660486E1	8.649791E3	1.041130E2	8.442268E1
5.123800E1	1.024760E5	2.323100E1	-1.304005E1	2.664061E1	8.763296E3	1.091418E2	7.805916E1
5.124000E1	1.024800E5	2.615573E1	-5.453062E0	2.671812E1	8.847656E3	1.120666E2	7.047217E1
5.124200E1	1.024840E5	2.686612E1	2.863671E0	2.701831E1	8.780116E3	1.127769E2	6.215544E1
5.124400E1	1.024880E5	2.500419E1	1.079121E1	2.723343E1	8.553480E3	1.109150E2	5.422790E1
5.124600E1	1.024920E5	2.125675E1	1.802584E1	2.787078E1	8.387310E3	1.071676E2	4.699327E1
5.124800E1	1.024960E5	1.549648E1	2.376531E1	2.837130E1	8.200548E3	1.014073E2	4.125380E1
5.125000E1	1.025000E5	8.392169E0	2.762244E1	2.886915E1	8.068149E3	9.430300E1	3.739667E1
5.125200E1	1.025040E5	4.244070E-1	2.914479E1	2.914788E1	7.915730E3	8.633524E1	3.587432E1
5.125400E1	1.025080E5	-7.404528E0	2.809799E1	2.905725E1	7.866865E3	7.850630E1	3.692112E1
5.125600E1	1.025120E5	-1.472350E1	2.486320E1	2.889568E1	7.964894E3	7.118733E1	4.015591E1
5.125800E1	1.025160E5	-2.072753E1	1.958542E1	2.851700E1	8.111114E3	6.518329E1	4.543368E1
5.126000E1	1.025200E5	-2.508522E1	1.273878E1	2.813441E1	8.249289E3	6.082560E1	5.228033E1
5.126200E1	1.025240E5	-2.717507E1	4.977767E0	2.762721E1	8.404373E3	5.873576E1	6.004134E1
5.126400E1	1.025280E5	-2.717092E1	-3.189507E0	2.735748E1	8.634436E3	5.873991E1	6.820862E1
5.126600E1	1.025320E5	-2.468449E1	-1.107176E1	2.705380E1	8.759179E3	6.122633E1	7.609087E1
5.126800E1	1.025360E5	-2.007212E1	-1.790363E1	2.689665E1	8.840097E3	6.583871E1	8.292274E1
5.127000E1	1.025400E5	-1.360036E1	-2.310553E1	2.681110E1	8.750342E3	7.231046E1	8.812463E1
5.127200E1	1.025440E5	-6.170421E0	-2.617047E1	2.688806E1	8.449952E3	7.974041E1	9.118958E1
5.127400E1	1.025480E5	1.557075E0	-2.685849E1	2.690359E1	8.376401E3	8.746790E1	9.187760E1
5.127600E1	1.025520E5	9.309804E0	-2.525050E1	2.691209E1	8.542407E3	9.522063E1	9.026961E1
5.127800E1	1.025560E5	1.629500E1	-2.124562E1	2.677505E1	8.652618E3	1.022058E2	8.626473E1
5.128000E1	1.025600E5	2.178252E1	-1.533783E1	2.664071E1	8.751328E3	1.076933E2	8.035694E1
5.128200E1	1.025640E5	2.531989E1	-7.986805E0	2.654969E1	8.806115E3	1.112307E2	7.300591E1
5.128400E1	1.025680E5	2.673679E1	3.441555E-2	2.673681E1	8.785339E3	1.126476E2	6.498469E1
5.128600E1	1.025720E5	2.571919E1	8.175512E0	2.698733E1	8.715820E3	1.116300E2	5.684360E1
5.128800E1	1.025760E5	2.242185E1	1.566325E1	2.735100E1	8.556711E3	1.083327E2	4.935585E1
5.129000E1	1.025800E5	1.732353E1	2.206261E1	2.805108E1	8.322704E3	1.032344E2	4.295650E1
5.129200E1	1.025840E5	1.058818E1	2.650970E1	2.854600E1	8.094033E3	9.649901E1	3.850940E1
5.129400E1	1.025880E5	2.918316E0	2.891692E1	2.906381E1	7.804381E3	8.882914E1	3.610218E1
5.129600E1	1.025920E5	-4.791540E0	2.880179E1	2.919764E1	7.757141E3	8.111929E1	3.621732E1
5.129800E1	1.025960E5	-1.238230E1	2.623554E1	2.901078E1	7.980880E3	7.352853E1	3.878356E1
5.130000E1	1.026000E5	-1.890915E1	2.147171E1	2.861101E1	8.097637E3	6.700168E1	4.354740E1
5.130200E1	1.026040E5	-2.382625E1	1.508778E1	2.820162E1	8.287464E3	6.208458E1	4.993133E1
5.130400E1	1.026080E5	-2.670471E1	7.396463E0	2.771009E1	8.356638E3	5.920612E1	5.762265E1
5.130600E1	1.026120E5	-2.739117E1	-5.177340E-1	2.739607E1	8.437440E3	5.851965E1	6.553684E1
5.130800E1	1.026160E5	-2.564804E1	-8.466639E0	2.700936E1	8.650385E3	6.026279E1	7.348575E1
5.131000E1	1.026200E5	-2.172322E1	-1.560075E1	2.674475E1	8.789436E3	6.418760E1	8.061985E1
5.131200E1	1.026240E5	-1.578993E1	-2.128152E1	2.649953E1	8.833038E3	7.012090E1	8.630063E1
5.131400E1	1.026280E5	-8.622953E0	-2.506638E1	2.650808E1	8.758496E3	7.728788E1	9.008549E1
5.131600E1	1.026320E5	-7.157743E-1	-2.662805E1	2.663767E1	8.671202E3	8.519505E1	9.164716E1
5.131800E1	1.026360E5	7.192868E0	-2.558714E1	2.657892E1	8.576185E3	9.310370E1	9.060625E1
5.132000E1	1.026400E5	1.437228E1	-2.233139E1	2.655661E1	8.568407E3	1.002831E2	8.735050E1
5.132200E1	1.026440E5	2.032669E1	-1.707125E1	2.654434E1	8.629823E3	1.062375E2	8.209036E1
5.132400E1	1.026480E5	2.454164E1	-1.027391E1	2.660536E1	8.725705E3	1.104525E2	7.529302E1
5.132600E1	1.026520E5	2.653992E1	-2.378994E0	2.664633E1	8.814105E3	1.124508E2	6.739810E1
5.132800E1	1.026560E5	2.631516E1	5.853538E0	2.695833E1	8.769296E3	1.122260E2	5.916557E1
5.133000E1	1.026600E5	2.381861E1	1.372674E1	2.749090E1	8.616275E3	1.097294E2	5.129237E1
5.133200E1	1.026640E5	1.905741E1	2.044070E1	2.794650E1	8.344360E3	1.049682E2	4.457841E1
5.133400E1	1.026680E5	1.287598E1	2.563717E1	2.868894E1	8.135772E3	9.878681E1	3.938194E1
5.133600E1	1.026720E5	5.289151E0	2.867419E1	2.915792E1	7.932584E3	9.119998E1	3.634492E1
5.133800E1	1.026760E5	-2.591696E0	2.925415E1	2.936873E1	7.803443E3	8.331913E1	3.576496E1
5.134000E1	1.026800E5	-1.031439E1	2.720625E1	2.909582E1	7.937266E3	7.559644E1	3.781286E1
5.134200E1	1.026840E5	-1.723463E1	2.302811E1	2.876328E1	8.093783E3	6.867619E1	4.199100E1
5.134400E1	1.026880E5	-2.277870E1	1.707925E1	2.847051E1	8.209221E3	6.313213E1	4.793985E1
5.134600E1	1.026920E5	-2.628275E1	9.749045E0	2.803260E1	8.292694E3	5.962808E1	5.527006E1
5.134800E1	1.026960E5	-2.764167E1	1.783363E0	2.769914E1	8.410304E3	5.826915E1	6.323575E1
5.135000E1	1.027000E5	-2.650954E1	-6.261665E0	2.723902E1	8.539872E3	5.940128E1	7.128077E1
5.135200E1	1.027040E5	-2.326925E1	-1.368916E1	2.699725E1	8.637875E3	6.264157E1	7.870827E1
5.135400E1	1.027080E5	-1.795001E1	-1.982489E1	2.674377E1	8.825850E3	6.796081E1	8.484400E1
5.135600E1	1.027120E5	-1.095923E1	-2.435293E1	2.670525E1	8.862757E3	7.495159E1	8.937204E1
5.135800E1	1.027160E5	-3.119120E0	-2.652163E1	2.670441E1	8.554240E3	8.279171E1	9.154073E1
5.136000E1	1.027200E5	4.624077E0	-2.625552E1	2.665960E1	8.460023E3	9.053491E1	9.127462E1
5.136200E1	1.027240E5	1.213714E1	-2.368488E1	2.661360E1	8.636874E3	9.804797E1	8.870399E1
5.136400E1	1.027280E5	1.860463E1	-1.890850E1	2.652666E1	8.679908E3	1.045155E2	8.392761E1
5.136600E1	1.027320E5	2.340021E1	-1.251966E1	2.653887E1	8.741490E3	1.093110E2	7.753877E1
5.136800E1	1.027360E5	2.621458E1	-4.857705E0	2.666086E1	8.807947E3	1.121254E2	6.987681E1
5.137000E1	1.027400E5	2.665794E1	3.312843E0	2.686300E1	8.888347E3	1.125688E2	6.170626E1
5.137200E1	1.027440E5	2.473874E1	1.156492E1	2.730847E1	8.776730E3	1.106496E2	5.345419E1
5.137400E1	1.027480E5	2.064158E1	1.871065E1	2.785971E1	8.455742E3	1.065524E2	4.630845E1
5.137600E1	1.027520E5	1.471808E1	2.437748E1	2.847602E1	8.198935E3	1.006289E2	4.064162E1
5.137800E1	1.027560E5	7.539190E0	2.811037E1	2.910382E1	7.969753E3	9.345002E1	3.690874E1
5.138000E1	1.027600E5	-3.855097E-1	2.916788E1	2.917043E1	7.831069E3	8.552532E1	3.585123E1
5.138200E1	1.027640E5	-8.176243E0	2.794085E1	2.911258E1	7.857779E3	7.773458E1	3.707826E1
5.138400E1	1.027680E5	-1.543888E1	2.452759E1	2.898209E1	7.964835E3	7.047195E1	4.049152E1
5.138600E1	1.027720E5	-2.141437E1	1.916668E1	2.873911E1	8.152429E3	6.449646E1	4.585243E1
5.138800E1	1.027760E5	-2.554112E1	1.201979E1	2.822808E1	8.347796E3	6.036971E1	5.299931E1
5.139000E1	1.027800E5	-2.748340E1	4.077308E0	2.778420E1	8.508960E3	5.842743E1	6.094180E1
5.139200E1	1.027840E5	-2.708252E1	-4.209008E0	2.740764E1	8.599215E3	5.882830E1	6.922812E1
5.139400E1	1.027880E5	-2.419469E1	-1.177873E1	2.690950E1	8.625091E3	6.171614E1	7.679784E1
5.139600E1	1.027920E5	-1.964049E1	-1.853045E1	2.700234E1	8.687475E3	6.627034E1	8.354956E1
5.139800E1	1.027960E5	-1.308779E1	-2.332997E1	2.675028E1	8.764771E3	7.282304E1	8.834908E1
5.140000E1	1.028000E5	-5.377903E0	-2.618368E1	2.673026E1	8.662754E3	8.053292E1	9.120279E1
5.140200E1	1.028040E5	2.502695E0	-2.667855E1	2.679568E1	8.529489E3	8.841352E1	9.169766E1
5.140400E1	1.028080E5	1.020337E1	-2.461936E1	2.664999E1	8.664471E3	9.611420E1	8.963847E1
5.140600E1	1.028120E5	1.704366E1	-2.029955E1	2.650581E1	8.714587E3	1.029545E2	8.531866E1
5.140800E1	1.028160E5	2.244236E1	-1.436924E1	2.664835E1	8.735560E3	1.083532E2	7.938835E1
5.141000E1	1.028200E5	2.573862E1	-6.916236E0	2.665166E1	8.739768E3	1.116495E2	7.193534E1
5.141200E1	1.028240E5	2.675711E1	1.088114E0	2.677922E1	8.690056E3	1.126679E2	6.393099E1
5.141400E1	1.028280E5	2.548295E1	9.134024E0	2.707049E1	8.644175E3	1.113938E2	5.588508E1
5.141600E1	1.028320E5	2.197306E1	1.650109E1	2.747911E1	8.514694E3	1.078839E2	4.851801E1
5.141800E1	1.028360E5	1.670260E1	2.280310E1	2.826585E1	8.340215E3	1.026134E2	4.221601E1
5.142000E1	1.028400E5	9.682177E0	2.699122E1	2.867526E1	8.140412E3	9.559301E1	3.802789E1
5.142200E1	1.028440E5	1.847463E0	2.888161E1	2.894064E1	7.926535E3	8.775829E1	3.613750E1
5.142400E1	1.028480E5	-6.056430E0	2.856084E1	2.919592E1	7.763059E3	7.985440E1	3.645827E1
5.142600E1	1.028520E5	-1.335713E1	2.577712E1	2.903227E1	7.875473E3	7.255369E1	3.924199E1
5.142800E1	1.028560E5	-1.975002E1	2.083087E1	2.870520E1	8.163628E3	6.616080E1	4.418823E1
5.143000E1	1.028600E5	-2.446042E1	1.409566E1	2.823119E1	8.346359E3	6.145040E1	5.092345E1
5.143200E1	1.028640E5	-2.713472E1	6.334542E0	2.786431E1	8.342016E3	5.877611E1	5.868457E1
5.143400E1	1.028680E5	-2.756301E1	-1.644677E0	2.761204E1	8.382311E3	5.834782E1	6.666379E1
5.143600E1	1.028720E5	-2.538851E1	-9.436355E0	2.708545E1	8.577634E3	6.052231E1	7.445546E1
5.143800E1	1.028760E5	-2.120874E1	-1.640695E1	2.681415E1	8.789278E3	6.470209E1	8.142606E1
5.144000E1	1.028800E5	-1.507645E1	-2.197423E1	2.664894E1	8.948662E3	7.083438E1	8.699334E1
5.144200E1	1.028840E5	-7.555558E0	-2.553981E1	2.663397E1	8.800242E3	7.835527E1	9.055891E1
5.144400E1	1.028880E5	3.465517E-1	-2.657662E1	2.657888E1	8.628713E3	8.625738E1	9.159572E1
5.144600E1	1.028920E5	8.226313E0	-2.526575E1	2.657123E1	8.588530E3	9.413714E1	9.028485E1
5.144800E1	1.028960E5	1.529953E1	-2.176807E1	2.660685E1	8.566451E3	1.012104E2	8.678718E1
5.145000E1	1.029000E5	2.111715E1	-1.632083E1	2.668902E1	8.694484E3	1.070280E2	8.133994E1
5.145200E1	1.029040E5	2.512020E1	-9.203062E0	2.675296E1	8.817532E3	1.110310E2	7.422217E1
5.145400E1	1.029080E5	2.688145E1	-1.140418E0	2.690563E1	8.770923E3	1.127923E2	6.615953E1
5.145600E1	1.029120E5	2.611810E1	6.980165E0	2.703475E1	8.659970E3	1.120289E2	5.803894E1
5.145800E1	1.029160E5	2.330489E1	1.468191E1	2.754408E1	8.535281E3	1.092157E2	5.033720E1
5.146000E1	1.029200E5	1.843560E1	2.128560E1	2.815934E1	8.355320E3	1.043464E2	4.373351E1
5.146200E1	1.029240E5	1.174639E1	2.593315E1	2.846939E1	8.181331E3	9.765722E1	3.908596E1
5.146400E1	1.029280E5	4.106245E0	2.859887E1	2.889216E1	7.930922E3	9.001707E1	3.642023E1
5.146600E1	1.029320E5	-3.733687E0	2.892331E1	2.916330E1	7.808064E3	8.217714E1	3.609580E1
5.146800E1	1.029360E5	-1.136349E1	2.669098E1	2.900926E1	7.975991E3	7.454734E1	3.832813E1
5.147000E1	1.029400E5	-1.819964E1	2.226766E1	2.875892E1	8.214581E3	6.771119E1	4.275145E1
5.147200E1	1.029440E5	-2.350792E1	1.590418E1	2.838248E1	8.310979E3	6.240291E1	4.911493E1
5.147400E1	1.029480E5	-2.670087E1	8.416975E0	2.799611E1	8.254171E3	5.920996E1	5.660213E1
5.147600E1	1.029520E5	-2.755667E1	5.115327E-1	2.756142E1	8.415202E3	5.835416E1	6.450758E1
5.147800E1	1.029560E5	-2.607705E1	-7.558455E0	2.715037E1	8.652293E3	5.983378E1	7.257756E1
5.148000E1	1.029600E5	-2.220314E1	-1.472143E1	2.664019E1	8.819050E3	6.370769E1	7.974054E1
5.148200E1	1.029640E5	-1.671502E1	-2.096891E1	2.681580E1	8.857674E3	6.919580E1	8.598802E1
5.148400E1	1.029680E5	-9.621588E0	-2.503429E1	2.681959E1	8.664505E3	7.628924E1	9.005339E1
5.148600E1	1.029720E5	-1.829138E0	-2.682042E1	2.688272E1	8.594068E3	8.408169E1	9.183952E1
5.148800E1	1.029760E5	6.228120E0	-2.623901E1	2.696804E1	8.538727E3	9.213895E1	9.125812E1
5.149000E1	1.029800E5	1.354305E1	-2.321947E1	2.688044E1	8.509963E3	9.945388E1	8.823858E1
5.149200E1	1.029840E5	1.967578E1	-1.809754E1	2.673308E1	8.632837E3	1.055866E2	8.311665E1
5.149400E1	1.029880E5	2.406284E1	-1.133093E1	2.659718E1	8.841249E3	1.099737E2	7.635004E1
5.149600E1	1.029920E5	2.652444E1	-3.370791E0	2.673777E1	8.939409E3	1.124353E2	6.838990E1
5.149800E1	1.029960E5	2.651944E1	4.935388E0	2.697478E1	8.752414E3	1.124303E2	6.008372E1
5.150000E1	1.030000E5	2.422559E1	1.275498E1	2.737825E1	8.585653E3	1.101364E2	5.226413E1
5.150200E1	1.030040E5	1.982344E1	1.974403E1	2.797849E1	8.467232E3	1.057343E2	4.527508E1
5.150400E1	1.030080E5	1.351387E1	2.503108E1	2.844609E1	8.215320E3	9.942470E1	3.998803E1
5.150600E1	1.030120E5	6.128736E0	2.821844E1	2.887631E1	7.929551E3	9.203956E1	3.680067E1
5.150800E1	1.030160E5	-1.697291E0	2.895862E1	2.900832E1	7.795317E3	8.421354E1	3.606049E1
5.151000E1	1.030200E5	-9.393256E0	2.739245E1	2.895824E1	7.874995E3	7.651757E1	3.762665E1
5.151200E1	1.030240E5	-1.649013E1	2.367828E1	2.885456E1	8.062487E3	6.942069E1	4.134083E1
5.151400E1	1.030280E5	-2.221822E1	1.787828E1	2.851810E1	8.263637E3	6.369260E1	4.714083E1
5.151600E1	1.030320E5	-2.607953E1	1.058511E1	2.814580E1	8.319476E3	5.983130E1	5.443400E1
5.151800E1	1.030360E5	-2.746934E1	2.666574E0	2.759846E1	8.409070E3	5.844149E1	6.235253E1
5.152000E1	1.030400E5	-2.664053E1	-5.441930E0	2.719067E1	8.629762E3	5.927030E1	7.046104E1
5.152200E1	1.030440E5	-2.348469E1	-1.300410E1	2.684469E1	8.752746E3	6.242614E1	7.802320E1
5.152400E1	1.030480E5	-1.840178E1	-1.942950E1	2.676062E1	8.776911E3	6.750905E1	8.444861E1
5.152600E1	1.030520E5	-1.166463E1	-2.400328E1	2.668747E1	8.747533E3	7.424619E1	8.902239E1
5.152800E1	1.030560E5	-3.932994E0	-2.646235E1	2.675303E1	8.727700E3	8.197783E1	9.148146E1
5.153000E1	1.030600E5	4.165965E0	-2.632398E1	2.665159E1	8.596129E3	9.007679E1	9.134309E1
5.153200E1	1.030640E5	1.170427E1	-2.407110E1	2.676579E1	8.516343E3	9.761510E1	8.909020E1
5.153400E1	1.030680E5	1.819298E1	-1.946984E1	2.664693E1	8.675679E3	1.041038E2	8.448895E1
5.153600E1	1.030720E5	2.322839E1	-1.307065E1	2.665334E1	8.776480E3	1.091392E2	7.808976E1
5.153800E1	1.030760E5	2.615558E1	-5.481249E0	2.672375E1	8.792253E3	1.120664E2	7.050036E1
5.154000E1	1.030800E5	2.690914E1	2.734511E0	2.704772E1	8.760744E3	1.128200E2	6.228460E1
5.154200E1	1.030840E5	2.530638E1	1.085008E1	2.753429E1	8.596927E3	1.112172E2	5.416903E1
5.154400E1	1.030880E5	2.136112E1	1.804528E1	2.796300E1	8.425901E3	1.072719E2	4.697383E1
5.154600E1	1.030920E5	1.551290E1	2.380651E1	2.841479E1	8.258928E3	1.014237E2	4.121259E1
5.154800E1	1.030960E5	8.327622E0	2.762755E1	2.885535E1	8.083831E3	9.423845E1	3.739155E1
5.155000E1	1.031000E5	3.833019E-1	2.912872E1	2.913125E1	7.938574E3	8.629413E1	3.589038E1
5.155200E1	1.031040E5	-7.507612E0	2.805757E1	2.904465E1	7.891222E3	7.840322E1	3.696154E1
5.155400E1	1.031080E5	-1.479425E1	2.480678E1	2.888332E1	7.976373E3	7.111658E1	4.021233E1
5.155600E1	1.031120E5	-2.077402E1	1.944971E1	2.845788E1	8.124507E3	6.513681E1	4.556940E1
5.155800E1	1.031160E5	-2.507985E1	1.260891E1	2.807104E1	8.270125E3	6.083098E1	5.241020E1
5.156000E1	1.031200E5	-2.718590E1	4.810149E0	2.760816E1	8.431729E3	5.872493E1	6.020896E1
5.156200E1	1.031240E5	-2.714696E1	-3.350507E0	2.735294E1	8.610523E3	5.876387E1	6.836961E1
5.156400E1	1.031280E5	-2.460749E1	-1.116674E1	2.702267E1	8.749587E3	6.130334E1	7.618585E1
5.156600E1	1.031320E5	-1.992626E1	-1.796328E1	2.682788E1	8.867834E3	6.598457E1	8.298239E1
5.156800E1	1.031360E5	-1.342425E1	-2.313907E1	2.675120E1	8.799489E3	7.248658E1	8.815818E1
5.157000E1	1.031400E5	-5.920868E0	-2.612882E1	2.679126E1	8.629095E3	7.998996E1	9.114793E1
5.157200E1	1.031440E5	2.056210E0	-2.674723E1	2.682615E1	8.561639E3	8.796704E1	9.176634E1
5.157400E1	1.031480E5	9.900914E0	-2.516225E1	2.704010E1	8.452495E3	9.581174E1	9.018136E1
5.157600E1	1.031520E5	1.656423E1	-2.104486E1	2.678170E1	8.512437E3	1.024751E2	8.606396E1
5.157800E1	1.031560E5	2.197539E1	-1.508716E1	2.665595E1	8.802665E3	1.078862E2	8.010627E1
5.158000E1	1.031600E5	2.558773E1	-7.619940E0	2.669823E1	8.984657E3	1.114986E2	7.263905E1
5.158200E1	1.031640E5	2.676329E1	6.854706E-1	2.677207E1	8.945281E3	1.126741E2	6.433364E1
5.158400E1	1.031680E5	2.556155E1	8.900357E0	2.706675E1	8.734572E3	1.114724E2	5.611875E1
5.158600E1	1.031720E5	2.217369E1	1.635111E1	2.755052E1	8.506792E3	1.080845E2	4.866800E1
5.158800E1	1.031760E5	1.697366E1	2.270976E1	2.835204E1	8.205289E3	1.028845E2	4.230935E1
5.159000E1	1.031800E5	1.024619E1	2.701105E1	2.888912E1	7.975229E3	9.615702E1	3.800806E1
5.159200E1	1.031840E5	2.474716E0	2.902017E1	2.912550E1	7.891475E3	8.838554E1	3.599893E1
5.159400E1	1.031880E5	-5.449645E0	2.858836E1	2.910315E1	7.860329E3	8.046118E1	3.643075E1
5.159600E1	1.031920E5	-1.302432E1	2.604623E1	2.912111E1	7.967160E3	7.288651E1	3.897288E1
5.159800E1	1.031960E5	-1.935101E1	2.099905E1	2.855559E1	8.201400E3	6.655982E1	4.402006E1
5.160000E1	1.032000E5	-2.429658E1	1.438455E1	2.823543E1	8.284636E3	6.161424E1	5.063456E1
5.160200E1	1.032040E5	-2.710464E1	6.858687E0	2.795896E1	8.350652E3	5.880619E1	5.816042E1
5.160400E1	1.032080E5	-2.762068E1	-1.338979E0	2.765311E1	8.550939E3	5.829015E1	6.635809E1
5.160600E1	1.032120E5	-2.550044E1	-9.283137E0	2.713760E1	8.643755E3	6.041039E1	7.430225E1
5.160800E1	1.032160E5	-2.136368E1	-1.630448E1	2.687458E1	8.728319E3	6.454714E1	8.132359E1
5.161000E1	1.032200E5	-1.536614E1	-2.187737E1	2.673458E1	8.784122E3	7.054469E1	8.689648E1
5.161200E1	1.032240E5	-8.051142E0	-2.551460E1	2.675473E1	8.816381E3	7.785969E1	9.053371E1
5.161400E1	1.032280E5	8.481574E-2	-2.666526E1	2.666539E1	8.779338E3	8.599564E1	9.168437E1
5.161600E1	1.032320E5	8.045203E0	-2.535518E1	2.660095E1	8.624916E3	9.395603E1	9.037429E1
5.161800E1	1.032360E5	1.516754E1	-2.191949E1	2.665555E1	8.556032E3	1.010784E2	8.693860E1
5.162000E1	1.032400E5	2.102064E1	-1.652477E1	2.673828E1	8.702815E3	1.069315E2	8.154388E1
5.162200E1	1.032440E5	2.507986E1	-9.380385E0	2.677669E1	8.767148E3	1.109907E2	7.439949E1
5.162400E1	1.032480E5	2.691867E1	-1.459296E0	2.695819E1	8.765951E3	1.128295E2	6.647840E1
5.162600E1	1.032520E5	2.649307E1	6.879687E0	2.737176E1	8.730651E3	1.124039E2	5.813942E1
5.162800E1	1.032560E5	2.352731E1	1.459867E1	2.768854E1	8.554482E3	1.094381E2	5.042044E1
5.163000E1	1.032600E5	1.860354E1	2.123187E1	2.822913E1	8.341319E3	1.045144E2	4.378723E1
5.163200E1	1.032640E5	1.198159E1	2.591252E1	2.854850E1	8.046000E3	9.789242E1	3.910659E1
5.163400E1	1.032680E5	4.552393E0	2.860984E1	2.896977E1	7.908988E3	9.046322E1	3.640927E1
5.163600E1	1.032720E5	-3.466969E0	2.898542E1	2.919202E1	7.925955E3	8.244386E1	3.603369E1
5.163800E1	1.032760E5	-1.118966E1	2.679871E1	2.904100E1	7.957227E3	7.472117E1	3.822039E1
5.164000E1	1.032800E5	-1.800376E1	2.251284E1	2.882644E1	8.031898E3	6.790707E1	4.250627E1
5.164200E1	1.032840E5	-2.316547E1	1.634731E1	2.835266E1	8.183202E3	6.274536E1	4.867180E1
5.164400E1	1.032880E5	-2.659816E1	8.960313E0	2.806688E1	8.387401E3	5.931266E1	5.605880E1
5.164600E1	1.032920E5	-2.755745E1	7.986707E-1	2.756902E1	8.527554E3	5.835338E1	6.422044E1
5.164800E1	1.032960E5	-2.615330E1	-7.249375E0	2.713943E1	8.619022E3	5.975753E1	7.226848E1
5.165000E1	1.033000E5	-2.269012E1	-1.463176E1	2.699870E1	8.729724E3	6.322071E1	7.965087E1
5.165200E1	1.033040E5	-1.700747E1	-2.056699E1	2.668810E1	8.866187E3	6.890336E1	8.558609E1
5.165400E1	1.033080E5	-9.788097E0	-2.457237E1	2.645011E1	8.824579E3	7.612273E1	8.959148E1
5.165600E1	1.033120E5	-1.977934E0	-2.636681E1	2.644089E1	8.703013E3	8.393289E1	9.138592E1
5.165800E1	1.033160E5	6.013366E0	-2.585561E1	2.654568E1	8.585115E3	9.192419E1	9.087472E1
5.166000E1	1.033200E5	1.341685E1	-2.319154E1	2.679290E1	8.519768E3	9.932768E1	8.821065E1
5.166200E1	1.033240E5	1.959772E1	-1.816556E1	2.672187E1	8.621243E3	1.055085E2	8.318467E1
5.166400E1	1.033280E5	2.404072E1	-1.144863E1	2.662757E1	8.804742E3	1.099516E2	7.646774E1
5.166600E1	1.033320E5	2.653088E1	-3.544290E0	2.676658E1	8.915989E3	1.124417E2	6.856340E1
5.166800E1	1.033360E5	2.656768E1	4.779954E0	2.699425E1	8.779442E3	1.124785E2	6.023915E1
5.167000E1	1.033400E5	2.430923E1	1.265923E1	2.740793E1	8.567299E3	1.102201E2	5.235988E1
5.167200E1	1.033440E5	1.996314E1	1.959617E1	2.797385E1	8.321487E3	1.058740E2	4.542294E1
5.167400E1	1.033480E5	1.397179E1	2.499400E1	2.863409E1	8.060889E3	9.988262E1	4.002511E1
5.167600E1	1.033520E5	6.656655E0	2.818615E1	2.896153E1	8.004781E3	9.256748E1	3.683296E1
5.167800E1	1.033560E5	-1.425080E0	2.899593E1	2.903093E1	7.957124E3	8.448575E1	3.602318E1
5.168000E1	1.033600E5	-9.214071E0	2.747330E1	2.897725E1	7.931611E3	7.669676E1	3.754581E1
5.168200E1	1.033640E5	-1.642891E1	2.386838E1	2.897600E1	8.079246E3	6.948192E1	4.115073E1
5.168400E1	1.033680E5	-2.213070E1	1.801237E1	2.853442E1	8.251750E3	6.378013E1	4.700674E1
5.168600E1	1.033720E5	-2.606489E1	1.077132E1	2.820283E1	8.310993E3	5.984594E1	5.424779E1
5.168800E1	1.033760E5	-2.748801E1	2.839872E0	2.763432E1	8.450598E3	5.842282E1	6.217924E1
5.169000E1	1.033800E5	-2.670697E1	-5.360588E0	2.723964E1	8.645624E3	5.920386E1	7.037970E1
5.169200E1	1.033840E5	-2.358719E1	-1.290506E1	2.688673E1	8.728913E3	6.232363E1	7.792417E1
5.169400E1	1.033880E5	-1.855965E1	-1.939794E1	2.684661E1	8.762295E3	6.735118E1	8.441705E1
5.169600E1	1.033920E5	-1.182530E1	-2.396161E1	2.672071E1	8.736871E3	7.408553E1	8.898072E1
5.169800E1	1.033960E5	-4.102318E0	-2.653814E1	2.685334E1	8.561671E3	8.180851E1	9.155725E1
5.170000E1	1.034000E5	3.712699E0	-2.648471E1	2.674367E1	8.430293E3	8.962353E1	9.150382E1
5.170200E1	1.034040E5	1.120576E1	-2.410347E1	2.658094E1	8.643608E3	9.711659E1	8.912258E1
5.170400E1	1.034080E5	1.797801E1	-1.958226E1	2.658334E1	8.829975E3	1.038888E2	8.460137E1
5.170600E1	1.034120E5	2.313404E1	-1.322019E1	2.664502E1	8.800670E3	1.090449E2	7.823930E1
5.170800E1	1.034160E5	2.614330E1	-5.672927E0	2.675171E1	8.799156E3	1.120541E2	7.069204E1
5.171000E1	1.034200E5	2.691943E1	2.568507E0	2.704169E1	8.792384E3	1.128303E2	6.245060E1
5.171200E1	1.034240E5	2.540719E1	1.074628E1	2.758637E1	8.623645E3	1.113180E2	5.427283E1
5.171400E1	1.034280E5	2.146544E1	1.797652E1	2.799857E1	8.422087E3	1.073763E2	4.704259E1
5.171600E1	1.034320E5	1.566621E1	2.377248E1	2.847036E1	8.236764E3	1.015770E2	4.124662E1
5.171800E1	1.034360E5	8.501995E0	2.762242E1	2.890125E1	8.104435E3	9.441282E1	3.739668E1
5.172000E1	1.034400E5	4.934356E-1	2.922202E1	2.922619E1	7.949054E3	8.640426E1	3.579709E1
5.172200E1	1.034440E5	-7.371219E0	2.812100E1	2.907104E1	7.881265E3	7.853961E1	3.689811E1
5.172400E1	1.034480E5	-1.470460E1	2.490610E1	2.892299E1	7.967215E3	7.120622E1	4.011301E1
5.172600E1	1.034520E5	-2.071783E1	1.962131E1	2.853462E1	8.115853E3	6.519299E1	4.539780E1
5.172800E1	1.034560E5	-2.505665E1	1.275539E1	2.811647E1	8.280741E3	6.085417E1	5.226372E1
5.173000E1	1.034600E5	-2.718487E1	4.950116E0	2.763188E1	8.436616E3	5.872595E1	6.006899E1
5.173200E1	1.034640E5	-2.717940E1	-3.225336E0	2.737010E1	8.636165E3	5.873143E1	6.824444E1
5.173400E1	1.034680E5	-2.469027E1	-1.110904E1	2.707435E1	8.774538E3	6.122056E1	7.612815E1
5.173600E1	1.034720E5	-2.003240E1	-1.795241E1	2.689956E1	8.849175E3	6.587843E1	8.297152E1
5.173800E1	1.034760E5	-1.354385E1	-2.310469E1	2.678176E1	8.779959E3	7.236698E1	8.812380E1
5.174000E1	1.034800E5	-6.041125E0	-2.613689E1	2.682596E1	8.650399E3	7.986970E1	9.115600E1
5.174200E1	1.034840E5	1.977833E0	-2.678583E1	2.685876E1	8.558590E3	8.788866E1	9.180494E1
5.174400E1	1.034880E5	9.802017E0	-2.524510E1	2.708126E1	8.441524E3	9.571284E1	9.026421E1
5.174600E1	1.034920E5	1.650989E1	-2.114000E1	2.682305E1	8.525516E3	1.024207E2	8.615911E1
5.174800E1	1.034960E5	2.193294E1	-1.517465E1	2.667066E1	8.794721E3	1.078438E2	8.019376E1
5.175000E1	1.035000E5	2.563517E1	-7.755357E0	2.678260E1	8.839362E3	1.115460E2	7.277447E1
5.175200E1	1.035040E5	2.676210E1	3.173591E-1	2.676398E1	8.913272E3	1.126729E2	6.470175E1
5.175400E1	1.035080E5	2.559993E1	8.725426E0	2.704606E1	8.850953E3	1.115108E2	5.629368E1
5.175600E1	1.035120E5	2.233923E1	1.628003E1	2.764201E1	8.474111E3	1.082501E2	4.873908E1
5.175800E1	1.035160E5	1.700525E1	2.233673E1	2.807326E1	8.243215E3	1.029161E2	4.268238E1
5.176000E1	1.035200E5	1.030296E1	2.691885E1	2.882318E1	8.053316E3	9.621379E1	3.810026E1
5.176200E1	1.035240E5	2.568146E0	2.895107E1	2.906475E1	7.915273E3	8.847897E1	3.606804E1
5.176400E1	1.035280E5	-5.421953E0	2.864781E1	2.915638E1	7.913801E3	8.048888E1	3.637130E1
5.176600E1	1.035320E5	-1.301392E1	2.600410E1	2.907877E1	7.976534E3	7.289691E1	3.901501E1
5.176800E1	1.035360E5	-1.932938E1	2.100338E1	2.854412E1	8.204937E3	6.658145E1	4.401572E1
5.177000E1	1.035400E5	-2.428606E1	1.435946E1	2.821359E1	8.347894E3	6.162477E1	5.065964E1
5.177200E1	1.035440E5	-2.708504E1	6.745587E0	2.791241E1	8.368663E3	5.882578E1	5.827352E1
5.177400E1	1.035480E5	-2.730820E1	-1.373994E0	2.734274E1	8.528794E3	5.860263E1	6.639310E1
5.177600E1	1.035520E5	-2.536594E1	-9.297706E0	2.701625E1	8.636545E3	6.054489E1	7.431681E1
5.177800E1	1.035560E5	-2.132222E1	-1.631773E1	2.684969E1	8.749716E3	6.458860E1	8.133684E1
5.178000E1	1.035600E5	-1.527254E1	-2.191624E1	2.671277E1	8.831333E3	7.063829E1	8.693535E1
5.178200E1	1.035640E5	-7.915553E0	-2.549520E1	2.669572E1	8.807369E3	7.799528E1	9.051431E1
5.178400E1	1.035680E5	1.664253E-1	-2.660564E1	2.660616E1	8.778916E3	8.607725E1	9.162475E1
5.178600E1	1.035720E5	8.162354E0	-2.532016E1	2.660328E1	8.672656E3	9.407318E1	9.033927E1
5.178800E1	1.035760E5	1.531445E1	-2.183153E1	2.666736E1	8.576963E3	1.012253E2	8.685064E1
5.179000E1	1.035800E5	2.111256E1	-1.639111E1	2.672843E1	8.688360E3	1.070234E2	8.141022E1
5.179200E1	1.035840E5	2.513374E1	-9.246191E0	2.678054E1	8.791696E3	1.110446E2	7.426530E1
5.179400E1	1.035880E5	2.693574E1	-1.250385E0	2.696475E1	8.771873E3	1.128466E2	6.626949E1
5.179600E1	1.035920E5	2.644195E1	7.030695E0	2.736069E1	8.705456E3	1.123528E2	5.798841E1
5.179800E1	1.035960E5	2.343043E1	1.473438E1	2.767828E1	8.595696E3	1.093413E2	5.028473E1
5.180000E1	1.036000E5	1.836180E1	2.132702E1	2.814245E1	8.463541E3	1.042726E2	4.369209E1
5.180200E1	1.036040E5	1.170716E1	2.631717E1	2.880367E1	8.226940E3	9.761799E1	3.870194E1
5.180400E1	1.036080E5	3.988203E0	2.904107E1	2.931364E1	7.889354E3	8.989903E1	3.597804E1
5.180600E1	1.036120E5	-3.866116E0	2.906969E1	2.932565E1	7.776101E3	8.204471E1	3.594941E1
5.180800E1	1.036160E5	-1.148429E1	2.668558E1	2.905184E1	8.008064E3	7.442654E1	3.833353E1
5.181000E1	1.036200E5	-1.831818E1	2.213671E1	2.873307E1	8.262318E3	6.759265E1	4.288240E1
5.181200E1	1.036240E5	-2.358422E1	1.570840E1	2.833671E1	8.345967E3	6.232661E1	4.931071E1
5.181400E1	1.036280E5	-2.671376E1	8.171444E0	2.793560E1	8.443099E3	5.919707E1	5.684766E1
5.181600E1	1.036320E5	-2.750330E1	-5.115478E-2	2.750335E1	8.639525E3	5.840752E1	6.507026E1
5.181800E1	1.036360E5	-2.589826E1	-8.190449E0	2.716253E1	8.701122E3	6.001257E1	7.320956E1
5.182000E1	1.036400E5	-2.207302E1	-1.540468E1	2.691695E1	8.784438E3	6.383781E1	8.042379E1
5.182200E1	1.036440E5	-1.614750E1	-2.118707E1	2.663895E1	8.758860E3	6.976333E1	8.620618E1
5.182400E1	1.036480E5	-9.174508E0	-2.513370E1	2.675583E1	8.573107E3	7.673632E1	9.015281E1
5.182600E1	1.036520E5	-1.412301E0	-2.676941E1	2.680664E1	8.555615E3	8.449853E1	9.178852E1
5.182800E1	1.036560E5	6.591846E0	-2.611020E1	2.692944E1	8.539790E3	9.250267E1	9.112931E1
5.183000E1	1.036600E5	1.386080E1	-2.294186E1	2.680393E1	8.608075E3	9.977163E1	8.796097E1
5.183200E1	1.036640E5	1.998094E1	-1.761479E1	2.663680E1	8.882430E3	1.058918E2	8.263390E1
5.183400E1	1.036680E5	2.444094E1	-1.054168E1	2.661741E1	9.007494E3	1.103518E2	7.556079E1
5.183600E1	1.036720E5	2.656777E1	-2.496783E0	2.668483E1	8.966412E3	1.124786E2	6.751589E1
5.183800E1	1.036760E5	2.636618E1	5.861909E0	2.700995E1	8.829313E3	1.122770E2	5.915720E1
5.184000E1	1.036800E5	2.386078E1	1.374744E1	2.753777E1	8.638030E3	1.097716E2	5.127167E1
5.184200E1	1.036840E5	1.907531E1	2.051788E1	2.801520E1	8.380971E3	1.049861E2	4.450122E1
5.184400E1	1.036880E5	1.282779E1	2.569753E1	2.872134E1	8.154639E3	9.873862E1	3.932158E1
5.184600E1	1.036920E5	5.208799E0	2.867694E1	2.914616E1	7.974905E3	9.111963E1	3.634216E1
5.184800E1	1.036960E5	-2.747860E0	2.922181E1	2.935072E1	7.854059E3	8.316297E1	3.579730E1
5.185000E1	1.037000E5	-1.047515E1	2.711679E1	2.906973E1	7.995779E3	7.543568E1	3.790232E1
5.185200E1	1.037040E5	-1.742903E1	2.283328E1	2.872508E1	8.155173E3	6.848180E1	4.218582E1
5.185400E1	1.037080E5	-2.287610E1	1.677829E1	2.836947E1	8.293488E3	6.303473E1	4.824082E1
5.185600E1	1.037120E5	-2.635791E1	9.318787E0	2.795674E1	8.354941E3	5.955291E1	5.570032E1
5.185800E1	1.037160E5	-2.761952E1	1.369237E0	2.765344E1	8.400033E3	5.829131E1	6.364987E1
5.186000E1	1.037200E5	-2.636940E1	-6.637818E0	2.719202E1	8.615474E3	5.954143E1	7.165693E1
5.186200E1	1.037240E5	-2.284459E1	-1.406716E1	2.682834E1	8.892445E3	6.306624E1	7.908627E1
5.186400E1	1.037280E5	-1.722701E1	-2.031265E1	2.663407E1	8.879965E3	6.868382E1	8.533176E1
5.186600E1	1.037320E5	-1.034744E1	-2.454798E1	2.663969E1	8.745291E3	7.556338E1	8.956709E1
5.186800E1	1.037360E5	-2.459445E0	-2.641242E1	2.652668E1	8.716849E3	8.345138E1	9.143153E1
5.187000E1	1.037400E5	5.532224E0	-2.600243E1	2.658443E1	8.654863E3	9.144305E1	9.102154E1
5.187200E1	1.037440E5	1.301040E1	-2.318465E1	2.658568E1	8.731265E3	9.892122E1	8.820376E1
5.187400E1	1.037480E5	1.949167E1	-1.821696E1	2.667926E1	8.791384E3	1.054025E2	8.323607E1
5.187600E1	1.037520E5	2.403438E1	-1.148177E1	2.663611E1	8.867911E3	1.099452E2	7.650088E1
5.187800E1	1.037560E5	2.656405E1	-3.540747E0	2.679899E1	8.965008E3	1.124749E2	6.855986E1
5.188000E1	1.037600E5	2.659814E1	4.845766E0	2.703595E1	8.812757E3	1.125090E2	6.017334E1
5.188200E1	1.037640E5	2.431350E1	1.274256E1	2.745030E1	8.579778E3	1.102243E2	5.227654E1
5.188400E1	1.037680E5	1.993233E1	1.968635E1	2.801518E1	8.350685E3	1.058432E2	4.533276E1
5.188600E1	1.037720E5	1.386796E1	2.508192E1	2.866048E1	8.226833E3	9.977878E1	3.993719E1
5.188800E1	1.037760E5	6.234421E0	2.824200E1	2.892194E1	8.076097E3	9.214525E1	3.677711E1
5.189000E1	1.037800E5	-1.703801E0	2.896945E1	2.901951E1	7.879955E3	8.420703E1	3.604965E1
5.189200E1	1.037840E5	-9.467338E0	2.738421E1	2.897457E1	7.942841E3	7.644349E1	3.763490E1
5.189400E1	1.037880E5	-1.660584E1	2.359508E1	2.885276E1	8.129235E3	6.930499E1	4.142403E1
5.189600E1	1.037920E5	-2.230159E1	1.768340E1	2.846162E1	8.307000E3	6.360923E1	4.733570E1
5.189800E1	1.037960E5	-2.616586E1	1.037815E1	2.814886E1	8.382310E3	5.974497E1	5.464096E1
5.190000E1	1.038000E5	-2.771467E1	2.367409E0	2.781560E1	8.456355E3	5.819616E1	6.265170E1
5.190200E1	1.038040E5	-2.654434E1	-5.734571E0	2.715672E1	8.715298E3	5.936649E1	7.075368E1
5.190400E1	1.038080E5	-2.336594E1	-1.347881E1	2.697491E1	8.871662E3	6.254488E1	7.849791E1
5.190600E1	1.038120E5	-1.800853E1	-1.977539E1	2.674646E1	8.939166E3	6.790230E1	8.479450E1
5.190800E1	1.038160E5	-1.099901E1	-2.440036E1	2.676483E1	8.943775E3	7.491182E1	8.941947E1
5.191000E1	1.038200E5	-3.041922E0	-2.650296E1	2.667696E1	8.801550E3	8.286891E1	9.152207E1
5.191200E1	1.038240E5	5.069623E0	-2.622349E1	2.670904E1	8.653119E3	9.098045E1	9.124260E1
5.191400E1	1.038280E5	1.260671E1	-2.364512E1	2.679591E1	8.630179E3	9.851754E1	8.866423E1
5.191600E1	1.038320E5	1.897284E1	-1.866907E1	2.661772E1	8.777515E3	1.048837E2	8.368818E1
5.191800E1	1.038360E5	2.378836E1	-1.202942E1	2.665695E1	8.763489E3	1.096992E2	7.704852E1
5.192000E1	1.038400E5	2.633586E1	-4.399397E0	2.670079E1	8.817342E3	1.122467E2	6.941851E1
5.192200E1	1.038440E5	2.670933E1	3.965210E0	2.700206E1	8.841113E3	1.126202E2	6.105390E1
5.192400E1	1.038480E5	2.461802E1	1.194366E1	2.736235E1	8.639893E3	1.105288E2	5.307544E1
5.192600E1	1.038520E5	2.034357E1	1.897328E1	2.781810E1	8.465733E3	1.062544E2	4.604583E1
5.192800E1	1.038560E5	1.430393E1	2.452117E1	2.838820E1	8.221308E3	1.002148E2	4.049794E1
5.193000E1	1.038600E5	7.070448E0	2.812605E1	2.900114E1	7.990688E3	9.298128E1	3.689305E1
5.193200E1	1.038640E5	-8.666973E-1	2.909145E1	2.910436E1	7.867263E3	8.504413E1	3.592766E1
5.193400E1	1.038680E5	-8.645165E0	2.765747E1	2.897714E1	7.934420E3	7.726566E1	3.736164E1
5.193600E1	1.038720E5	-1.588841E1	2.405569E1	2.882911E1	8.169393E3	7.002242E1	4.096342E1
5.193800E1	1.038760E5	-2.165864E1	1.815074E1	2.825856E1	8.419034E3	6.425218E1	4.686837E1
5.194000E1	1.038800E5	-2.566619E1	1.083112E1	2.785797E1	8.497998E3	6.024464E1	5.418799E1
5.194200E1	1.038840E5	-2.737512E1	2.863837E0	2.752452E1	8.550455E3	5.853570E1	6.215527E1
5.194400E1	1.038880E5	-2.668481E1	-5.342854E0	2.721443E1	8.676795E3	5.922602E1	7.036196E1
5.194600E1	1.038920E5	-2.356585E1	-1.292060E1	2.687547E1	8.770643E3	6.234498E1	7.793971E1
5.194800E1	1.038960E5	-1.848637E1	-1.941577E1	2.680891E1	8.811914E3	6.742446E1	8.443488E1
5.195000E1	1.039000E5	-1.172137E1	-2.401385E1	2.672182E1	8.823413E3	7.418945E1	8.903296E1
5.195200E1	1.039040E5	-3.864453E0	-2.648443E1	2.676489E1	8.779421E3	8.204638E1	9.150354E1
5.195400E1	1.039080E5	4.228043E0	-2.639576E1	2.673224E1	8.630622E3	9.013887E1	9.141487E1
5.195600E1	1.039120E5	1.181868E1	-2.399672E1	2.674927E1	8.577107E3	9.772951E1	8.901583E1
5.195800E1	1.039160E5	1.831740E1	-1.936422E1	2.665521E1	8.695630E3	1.042282E2	8.438333E1
5.196000E1	1.039200E5	2.332684E1	-1.292851E1	2.666998E1	8.808793E3	1.092377E2	7.794761E1
5.196200E1	1.039240E5	2.622171E1	-5.266333E0	2.674532E1	8.901523E3	1.121325E2	7.028544E1
5.196400E1	1.039280E5	2.685974E1	3.112254E0	2.703945E1	8.885520E3	1.127706E2	6.190685E1
5.196600E1	1.039320E5	2.489261E1	1.117985E1	2.728793E1	8.750268E3	1.108034E2	5.383926E1
5.196800E1	1.039360E5	2.061638E1	1.831084E1	2.757394E1	8.646035E3	1.065272E2	4.670827E1
5.197000E1	1.039400E5	1.471826E1	2.427413E1	2.838769E1	8.320135E3	1.006291E2	4.074498E1
5.197200E1	1.039440E5	7.485448E0	2.772506E1	2.871778E1	8.053709E3	9.339628E1	3.729405E1
5.197400E1	1.039480E5	-4.996402E-1	2.906252E1	2.906681E1	7.957494E3	8.541119E1	3.595659E1
5.197600E1	1.039520E5	-8.359858E0	2.782777E1	2.905636E1	7.891351E3	7.755097E1	3.719134E1
5.197800E1	1.039560E5	-1.556261E1	2.438111E1	2.892461E1	8.014391E3	7.034822E1	4.063800E1
5.198000E1	1.039600E5	-2.151669E1	1.885065E1	2.860620E1	8.249625E3	6.439414E1	4.616846E1
5.198200E1	1.039640E5	-2.560965E1	1.164464E1	2.813276E1	8.396601E3	6.030117E1	5.337446E1
5.198400E1	1.039680E5	-2.750507E1	3.687072E0	2.775109E1	8.538527E3	5.840576E1	6.133204E1
5.198600E1	1.039720E5	-2.694931E1	-4.607952E0	2.734042E1	8.687710E3	5.896152E1	6.962706E1
5.198800E1	1.039760E5	-2.386521E1	-1.222076E1	2.681222E1	8.833947E3	6.204562E1	7.723987E1
5.199000E1	1.039800E5	-1.879145E1	-1.881687E1	2.659310E1	8.962476E3	6.711938E1	8.383597E1
5.199200E1	1.039840E5	-1.213799E1	-2.378695E1	2.670486E1	8.793228E3	7.377284E1	8.880605E1
5.199400E1	1.039880E5	-4.571616E0	-2.649893E1	2.689038E1	8.631978E3	8.133921E1	9.151804E1
5.199600E1	1.039920E5	3.497020E0	-2.658533E1	2.681434E1	8.636208E3	8.940785E1	9.160444E1
5.199800E1	1.039960E5	1.115128E1	-2.418180E1	2.662913E1	8.734525E3	9.706210E1	8.920091E1
5.200000E1	1.040000E5	1.798425E1	-1.967337E1	2.665473E1	8.860477E3	1.038951E2	8.469248E1
5.200200E1	1.040040E5	2.317491E1	-1.327327E1	2.670686E1	8.855495E3	1.090857E2	7.829238E1
5.200400E1	1.040080E5	2.618431E1	-5.635557E0	2.678390E1	8.863280E3	1.120951E2	7.065467E1
5.200600E1	1.040120E5	2.696447E1	2.668361E0	2.709618E1	8.815239E3	1.128753E2	6.235075E1
5.200800E1	1.040160E5	2.538109E1	1.083364E1	2.759651E1	8.619584E3	1.112919E2	5.418547E1
5.201000E1	1.040200E5	2.143379E1	1.806801E1	2.803320E1	8.453905E3	1.073446E2	4.695110E1
5.201200E1	1.040240E5	1.552265E1	2.383924E1	2.844753E1	8.300309E3	1.014335E2	4.117987E1
5.201400E1	1.040280E5	8.287187E0	2.767715E1	2.889122E1	8.144206E3	9.419802E1	3.734195E1
5.201600E1	1.040320E5	2.509192E-1	2.916779E1	2.916887E1	7.979711E3	8.616175E1	3.585132E1
5.201800E1	1.040360E5	-7.640331E0	2.802457E1	2.904740E1	7.915740E3	7.827050E1	3.699453E1
5.202000E1	1.040400E5	-1.492722E1	2.467684E1	2.884039E1	8.056398E3	7.098361E1	4.034227E1
5.202200E1	1.040440E5	-2.095441E1	1.921766E1	2.843247E1	8.318857E3	6.495642E1	4.580145E1
5.202400E1	1.040480E5	-2.514656E1	1.202366E1	2.787324E1	8.549206E3	6.076427E1	5.299545E1
5.202600E1	1.040520E5	-2.736658E1	4.005850E0	2.765821E1	8.646532E3	5.854425E1	6.101326E1
5.202800E1	1.040560E5	-2.705888E1	-4.301023E0	2.739858E1	8.668571E3	5.885194E1	6.932013E1
5.203000E1	1.040600E5	-2.409474E1	-1.193276E1	2.688768E1	8.677776E3	6.181609E1	7.695187E1
5.203200E1	1.040640E5	-1.949073E1	-1.865358E1	2.697859E1	8.724223E3	6.642010E1	8.367269E1
5.203400E1	1.040680E5	-1.285173E1	-2.341932E1	2.671389E1	8.829143E3	7.305909E1	8.843843E1
5.203600E1	1.040720E5	-5.050412E0	-2.612648E1	2.661015E1	8.886614E3	8.086042E1	9.114559E1
5.203800E1	1.040760E5	3.157073E0	-2.651553E1	2.670282E1	8.733764E3	8.906790E1	9.153464E1
5.204000E1	1.040800E5	1.088830E1	-2.446198E1	2.677580E1	8.580454E3	9.679912E1	8.948109E1
5.204200E1	1.040840E5	1.744606E1	-1.999050E1	2.653272E1	8.625733E3	1.033569E2	8.500961E1
5.204400E1	1.040880E5	2.267843E1	-1.389883E1	2.659866E1	8.791520E3	1.085893E2	7.891794E1
5.204600E1	1.040920E5	2.576569E1	-6.291549E0	2.652272E1	8.949381E3	1.116765E2	7.131066E1
5.204800E1	1.040960E5	2.662167E1	1.999275E0	2.669664E1	8.890065E3	1.125325E2	6.301983E1
5.205000E1	1.041000E5	2.513152E1	1.007129E1	2.707442E1	8.716666E3	1.110423E2	5.494782E1
5.205200E1	1.041040E5	2.140077E1	1.743010E1	2.760075E1	8.626839E3	1.073116E2	4.758901E1
5.205400E1	1.041080E5	1.573416E1	2.363299E1	2.839158E1	8.410242E3	1.016450E2	4.138612E1
5.205600E1	1.041120E5	8.542013E0	2.759897E1	2.889064E1	8.169774E3	9.445284E1	3.742014E1
5.205800E1	1.041160E5	4.973138E-1	2.920883E1	2.921306E1	7.991890E3	8.640814E1	3.581028E1
5.206000E1	1.041200E5	-7.428061E0	2.817378E1	2.913654E1	7.918299E3	7.848277E1	3.684533E1
5.206200E1	1.041240E5	-1.476973E1	2.487727E1	2.893136E1	7.999865E3	7.114110E1	4.014184E1
5.206400E1	1.041280E5	-2.077048E1	1.952562E1	2.850724E1	8.173467E3	6.514035E1	4.549349E1
5.206600E1	1.041320E5	-2.515180E1	1.259968E1	2.813121E1	8.385818E3	6.075903E1	5.241943E1
5.206800E1	1.041360E5	-2.744897E1	4.685656E0	2.784603E1	8.478305E3	5.846185E1	6.033345E1
5.207000E1	1.041400E5	-2.723852E1	-3.491682E0	2.746141E1	8.593727E3	5.867231E1	6.851079E1
5.207200E1	1.041440E5	-2.459576E1	-1.130637E1	2.707001E1	8.786489E3	6.131507E1	7.632547E1
5.207400E1	1.041480E5	-1.977923E1	-1.809311E1	2.680632E1	8.955016E3	6.613160E1	8.311222E1
5.207600E1	1.041520E5	-1.312769E1	-2.321040E1	2.666569E1	8.859574E3	7.278314E1	8.822951E1
5.207800E1	1.041560E5	-5.609787E0	-2.614307E1	2.673817E1	8.705294E3	8.030104E1	9.116218E1
5.208000E1	1.041600E5	2.484477E0	-2.663582E1	2.675144E1	8.714233E3	8.839531E1	9.165492E1
5.208200E1	1.041640E5	1.028769E1	-2.453810E1	2.660742E1	8.773943E3	9.619851E1	8.955721E1
5.208400E1	1.041680E5	1.719179E1	-2.018267E1	2.651222E1	8.798781E3	1.031026E2	8.520178E1
5.208600E1	1.041720E5	2.254541E1	-1.412015E1	2.660215E1	8.819359E3	1.084562E2	7.913926E1
5.208800E1	1.041760E5	2.573928E1	-6.559855E0	2.656204E1	8.974439E3	1.116501E2	7.157896E1
5.209000E1	1.041800E5	2.664918E1	1.788220E0	2.670911E1	8.933931E3	1.125600E2	6.323089E1
5.209200E1	1.041840E5	2.525020E1	9.914679E0	2.712699E1	8.755693E3	1.111610E2	5.510443E1
5.209400E1	1.041880E5	2.156695E1	1.737854E1	2.769742E1	8.617274E3	1.074778E2	4.764057E1
5.209600E1	1.041920E5	1.593356E1	2.353988E1	2.842542E1	8.249272E3	1.018444E2	4.147922E1
5.209800E1	1.041960E5	9.059919E0	2.765148E1	2.909787E1	7.928741E3	9.497075E1	3.736763E1
5.210000E1	1.042000E5	1.217847E0	2.932460E1	2.934987E1	7.851299E3	8.712867E1	3.569451E1
5.210200E1	1.042040E5	-6.760285E0	2.867854E1	2.946456E1	7.907091E3	7.915054E1	3.634056E1
5.210400E1	1.042080E5	-1.421004E1	2.537360E1	2.908169E1	8.117693E3	7.170079E1	3.964551E1
5.210600E1	1.042120E5	-2.061648E1	2.009438E1	2.878929E1	8.372112E3	6.529435E1	4.492473E1
5.210800E1	1.042160E5	-2.506641E1	1.291631E1	2.819851E1	8.484303E3	6.084441E1	5.210280E1
5.211000E1	1.042200E5	-2.719096E1	4.955182E0	2.763878E1	8.544842E3	5.871987E1	6.006393E1
5.211200E1	1.042240E5	-2.719616E1	-3.299796E0	2.739562E1	8.693282E3	5.871466E1	6.831890E1
5.211400E1	1.042280E5	-2.461499E1	-1.118922E1	2.703880E1	8.824893E3	6.129584E1	7.620833E1
5.211600E1	1.042320E5	-1.988143E1	-1.803853E1	2.684511E1	8.916509E3	6.602940E1	8.305764E1
5.211800E1	1.042360E5	-1.333126E1	-2.319419E1	2.675244E1	8.860651E3	7.257957E1	8.821330E1
5.212000E1	1.042400E5	-5.720676E0	-2.615019E1	2.676861E1	8.716683E3	8.019015E1	9.116929E1
5.212200E1	1.042440E5	2.327766E0	-2.672545E1	2.682663E1	8.634590E3	8.823859E1	9.174456E1
5.212400E1	1.042480E5	1.017823E1	-2.494274E1	2.693949E1	8.634866E3	9.608906E1	8.996184E1
5.212600E1	1.042520E5	1.709070E1	-2.071991E1	2.685902E1	8.676100E3	1.030015E2	8.573902E1
5.212800E1	1.042560E5	2.255699E1	-1.470303E1	2.692577E1	8.746339E3	1.084678E2	7.972214E1
5.213000E1	1.042600E5	2.578472E1	-7.149439E0	2.675754E1	8.911225E3	1.116955E2	7.216855E1
5.213200E1	1.042640E5	2.679395E1	1.192292E0	2.682046E1	8.962896E3	1.127048E2	6.382682E1
5.213400E1	1.042680E5	2.529422E1	9.383856E0	2.697877E1	8.908338E3	1.112050E2	5.563525E1
5.213600E1	1.042720E5	2.179317E1	1.713799E1	2.772460E1	8.687490E3	1.077040E2	4.788112E1
5.213800E1	1.042760E5	1.610138E1	2.308441E1	2.814506E1	8.271117E3	1.020122E2	4.193470E1
5.214000E1	1.042800E5	9.192114E0	2.710352E1	2.861985E1	8.088560E3	9.510294E1	3.791559E1
5.214200E1	1.042840E5	1.280547E0	2.884933E1	2.887774E1	8.019766E3	8.719137E1	3.616978E1
5.214400E1	1.042880E5	-6.685304E0	2.818242E1	2.896450E1	8.029274E3	7.922552E1	3.683669E1
5.214600E1	1.042920E5	-1.415998E1	2.495085E1	2.868885E1	8.177930E3	7.175085E1	4.006825E1
5.214800E1	1.042960E5	-2.052388E1	1.978060E1	2.850442E1	8.314721E3	6.538695E1	4.523851E1
5.215000E1	1.043000E5	-2.502119E1	1.284014E1	2.812346E1	8.391326E3	6.088964E1	5.217897E1
5.215200E1	1.043040E5	-2.720099E1	4.981616E0	2.765340E1	8.503073E3	5.870983E1	6.003749E1
5.215400E1	1.043080E5	-2.719698E1	-3.265543E0	2.739232E1	8.664898E3	5.871385E1	6.828465E1
5.215600E1	1.043120E5	-2.469978E1	-1.114272E1	2.709685E1	8.808753E3	6.121105E1	7.616183E1
5.215800E1	1.043160E5	-1.992421E1	-1.799138E1	2.684518E1	8.912996E3	6.598662E1	8.301049E1
5.216000E1	1.043200E5	-1.341458E1	-2.317247E1	2.677526E1	8.855135E3	7.249625E1	8.819158E1
5.216200E1	1.043240E5	-5.800848E0	-2.617087E1	2.680605E1	8.722259E3	8.010998E1	9.118998E1
5.216400E1	1.043280E5	2.256410E0	-2.674536E1	2.684038E1	8.643569E3	8.816724E1	9.176447E1
5.216600E1	1.043320E5	1.013228E1	-2.498212E1	2.695866E1	8.658674E3	9.604311E1	9.000122E1
5.216800E1	1.043360E5	1.708506E1	-2.075747E1	2.688441E1	8.685659E3	1.029959E2	8.577658E1
5.217000E1	1.043400E5	2.253727E1	-1.473720E1	2.692794E1	8.738761E3	1.084481E2	7.975631E1
5.217200E1	1.043440E5	2.578576E1	-7.193617E0	2.677039E1	8.916973E3	1.116966E2	7.221273E1
5.217400E1	1.043480E5	2.678084E1	1.163230E0	2.680609E1	8.958579E3	1.126917E2	6.385588E1
5.217600E1	1.043520E5	2.528815E1	9.327524E0	2.695354E1	8.895874E3	1.111990E2	5.569158E1
5.217800E1	1.043560E5	2.182708E1	1.709653E1	2.772567E1	8.703400E3	1.077379E2	4.792258E1
5.218000E1	1.043600E5	1.612305E1	2.307756E1	2.815185E1	8.297002E3	1.020339E2	4.194155E1
5.218200E1	1.043640E5	9.196997E0	2.710684E1	2.862456E1	8.083724E3	9.510782E1	3.791227E1
5.218400E1	1.043680E5	1.312086E0	2.883853E1	2.886836E1	8.020803E3	8.722291E1	3.618058E1
5.218600E1	1.043720E5	-6.691324E0	2.821432E1	2.899692E1	8.056636E3	7.921950E1	3.680479E1
5.218800E1	1.043760E5	-1.419612E1	2.496786E1	2.872149E1	8.179414E3	7.171471E1	4.005125E1
5.219000E1	1.043800E5	-2.052477E1	1.977942E1	2.850424E1	8.292328E3	6.538605E1	4.523969E1
5.219200E1	1.043840E5	-2.502317E1	1.286523E1	2.813669E1	8.380919E3	6.088766E1	5.215388E1
5.219400E1	1.043880E5	-2.716767E1	4.994466E0	2.762294E1	8.505189E3	5.874316E1	6.002464E1
5.219600E1	1.043920E5	-2.723879E1	-3.253614E0	2.743242E1	8.672751E3	5.867204E1	6.827272E1
5.219800E1	1.043960E5	-2.475126E1	-1.116217E1	2.715177E1	8.816443E3	6.115957E1	7.618128E1
5.220000E1	1.044000E5	-1.994774E1	-1.800985E1	2.687502E1	8.913328E3	6.596309E1	8.302896E1
5.220200E1	1.044040E5	-1.341542E1	-2.316839E1	2.677215E1	8.862837E3	7.249541E1	8.818750E1
5.220400E1	1.044080E5	-5.786155E0	-2.616168E1	2.679390E1	8.721445E3	8.012467E1	9.118078E1
5.220600E1	1.044120E5	2.252651E0	-2.675200E1	2.684667E1	8.634777E3	8.816348E1	9.177110E1
5.220800E1	1.044160E5	1.012548E1	-2.497629E1	2.695070E1	8.663532E3	9.603631E1	8.999540E1
5.221000E1	1.044200E5	1.709012E1	-2.075606E1	2.688654E1	8.685513E3	1.030010E2	8.577517E1
5.221200E1	1.044240E5	2.255551E1	-1.475437E1	2.695260E1	8.760718E3	1.084663E2	7.977348E1
5.221400E1	1.044280E5	2.579677E1	-7.149116E0	2.676907E1	8.912957E3	1.117076E2	7.216822E1
5.221600E1	1.044320E5	2.678459E1	1.151499E0	2.680933E1	8.943014E3	1.126954E2	6.386761E1
5.221800E1	1.044360E5	2.526519E1	9.337001E0	2.693529E1	8.907714E3	1.111760E2	5.568211E1
5.222000E1	1.044400E5	2.183412E1	1.711555E1	2.774294E1	8.699495E3	1.077449E2	4.790356E1
5.222200E1	1.044440E5	1.609866E1	2.305996E1	2.812345E1	8.293734E3	1.020095E2	4.195915E1
5.222400E1	1.044480E5	9.197132E0	2.712107E1	2.863808E1	8.093818E3	9.510796E1	3.789804E1
5.222600E1	1.044520E5	1.282705E0	2.886476E1	2.889324E1	8.024179E3	8.719353E1	3.615435E1
5.222800E1	1.044560E5	-6.704635E0	2.822132E1	2.900681E1	8.035500E3	7.920619E1	3.679779E1
5.223000E1	1.044600E5	-1.418191E1	2.496718E1	2.871387E1	8.192673E3	7.172892E1	4.005193E1
5.223200E1	1.044640E5	-2.054455E1	1.974638E1	2.849558E1	8.322897E3	6.536628E1	4.527273E1
5.223400E1	1.044680E5	-2.503949E1	1.281935E1	2.813027E1	8.379132E3	6.087133E1	5.219975E1
5.223600E1	1.044720E5	-2.722368E1	4.971229E0	2.767384E1	8.505510E3	5.868715E1	6.004788E1
5.223800E1	1.044760E5	-2.723299E1	-3.300939E0	2.743232E1	8.678617E3	5.867784E1	6.832005E1
5.224000E1	1.044800E5	-2.472358E1	-1.119737E1	2.714105E1	8.790168E3	6.118725E1	7.621648E1
5.224200E1	1.044840E5	-1.995747E1	-1.801515E1	2.688580E1	8.904719E3	6.595335E1	8.303426E1
5.224400E1	1.044880E5	-1.340152E1	-2.319786E1	2.679070E1	8.846995E3	7.250931E1	8.821697E1
5.224600E1	1.044920E5	-5.819829E0	-2.616470E1	2.680414E1	8.712972E3	8.009100E1	9.118381E1
5.224800E1	1.044960E5	2.262345E0	-2.673641E1	2.683196E1	8.649840E3	8.817317E1	9.175552E1
5.225000E1	1.045000E5	1.011261E1	-2.495534E1	2.692646E1	8.663826E3	9.602344E1	8.997445E1
5.225200E1	1.045040E5	1.709930E1	-2.074905E1	2.688697E1	8.701500E3	1.030101E2	8.576815E1
5.225400E1	1.045080E5	2.255466E1	-1.472274E1	2.693458E1	8.758265E3	1.084655E2	7.974185E1
5.225600E1	1.045120E5	2.580562E1	-7.144397E0	2.677634E1	8.910723E3	1.117164E2	7.216351E1
5.225800E1	1.045160E5	2.674135E1	1.171326E0	2.676699E1	8.955075E3	1.126522E2	6.384778E1
5.226000E1	1.045200E5	2.524165E1	9.359872E0	2.692114E1	8.920316E3	1.111525E2	5.565924E1
5.226200E1	1.045240E5	2.178357E1	1.713541E1	2.771545E1	8.711432E3	1.076944E2	4.788370E1
5.226400E1	1.045280E5	1.604477E1	2.307771E1	2.810721E1	8.308211E3	1.019556E2	4.194140E1
5.226600E1	1.045320E5	9.121886E0	2.713988E1	2.863183E1	8.091597E3	9.503271E1	3.787923E1
5.226800E1	1.045360E5	1.229886E0	2.883222E1	2.885844E1	8.013189E3	8.714071E1	3.618688E1
5.227000E1	1.045400E5	-6.759365E0	2.820914E1	2.900767E1	8.031323E3	7.915146E1	3.680996E1
5.227200E1	1.045440E5	-1.420799E1	2.492672E1	2.869161E1	8.179548E3	7.170284E1	4.009239E1
5.227400E1	1.045480E5	-2.056434E1	1.972523E1	2.849520E1	8.306848E3	6.534649E1	4.529388E1
5.227600E1	1.045520E5	-2.503906E1	1.280755E1	2.812451E1	8.375378E3	6.087177E1	5.221155E1
5.227800E1	1.045560E5	-2.717204E1	4.940624E0	2.761756E1	8.510394E3	5.873878E1	6.007848E1
5.228000E1	1.045600E5	-2.720714E1	-3.317336E0	2.740863E1	8.692554E3	5.870369E1	6.833644E1
5.228200E1	1.045640E5	-2.465901E1	-1.121950E1	2.709140E1	8.819393E3	6.125181E1	7.623861E1
5.228400E1	1.045680E5	-1.987163E1	-1.803700E1	2.683683E1	8.933764E3	6.603919E1	8.305611E1
5.228600E1	1.045720E5	-1.328157E1	-2.319084E1	2.672480E1	8.870587E3	7.262926E1	8.820995E1
5.228800E1	1.045760E5	-5.703206E0	-2.618277E1	2.679671E1	8.748834E3	8.020762E1	9.120188E1
5.229000E1	1.045800E5	2.425959E0	-2.668131E1	2.679137E1	8.733599E3	8.833679E1	9.170042E1
5.229200E1	1.045840E5	1.026936E1	-2.461482E1	2.667113E1	8.762855E3	9.618019E1	8.963393E1
5.229400E1	1.045880E5	1.713584E1	-2.024405E1	2.652279E1	8.785666E3	1.030467E2	8.526316E1
5.229600E1	1.045920E5	2.252988E1	-1.419405E1	2.662831E1	8.828633E3	1.084407E2	7.921315E1
5.229800E1	1.045960E5	2.577119E1	-6.635522E0	2.661173E1	8.999359E3	1.116820E2	7.165463E1
5.230000E1	1.046000E5	2.665391E1	1.763861E0	2.671221E1	8.947714E3	1.125647E2	6.325525E1
5.230200E1	1.046040E5	2.529878E1	9.890073E0	2.716325E1	8.756923E3	1.112096E2	5.512904E1
5.230400E1	1.046080E5	2.160705E1	1.738108E1	2.773025E1	8.630059E3	1.075179E2	4.763802E1
5.230600E1	1.046120E5	1.595781E1	2.354506E1	2.844330E1	8.264047E3	1.018686E2	4.147405E1
5.230800E1	1.046160E5	9.048827E0	2.763590E1	2.907962E1	7.954918E3	9.495965E1	3.738321E1
5.231000E1	1.046200E5	1.183055E0	2.935280E1	2.937663E1	7.857292E3	8.709388E1	3.566631E1
5.231200E1	1.046240E5	-6.773803E0	2.865708E1	2.944678E1	7.920364E3	7.913703E1	3.636203E1
5.231400E1	1.046280E5	-1.425055E1	2.531811E1	2.905314E1	8.156463E3	7.166028E1	3.970100E1
5.231600E1	1.046320E5	-2.065730E1	2.000084E1	2.875339E1	8.397986E3	6.525353E1	4.501827E1
5.231800E1	1.046360E5	-2.507515E1	1.279553E1	2.815117E1	8.483311E3	6.083568E1	5.222358E1
5.232000E1	1.046400E5	-2.717199E1	4.860497E0	2.760329E1	8.553163E3	5.873884E1	6.015861E1
5.232200E1	1.046440E5	-2.715033E1	-3.419298E0	2.736479E1	8.711834E3	5.876050E1	6.843841E1
5.232400E1	1.046480E5	-2.455768E1	-1.129817E1	2.703199E1	8.822153E3	6.135315E1	7.631728E1
5.232600E1	1.046520E5	-1.976550E1	-1.809057E1	2.679447E1	8.949461E3	6.614533E1	8.310968E1
5.232800E1	1.046560E5	-1.314747E1	-2.324132E1	2.670234E1	8.871342E3	7.276336E1	8.826043E1
5.233000E1	1.046600E5	-5.576673E0	-2.612851E1	2.671701E1	8.747576E3	8.033415E1	9.114762E1
5.233200E1	1.046640E5	2.563680E0	-2.665538E1	2.677838E1	8.748450E3	8.847451E1	9.167449E1
5.233400E1	1.046680E5	1.037470E1	-2.450569E1	2.661134E1	8.781224E3	9.628553E1	8.952480E1
5.233600E1	1.046720E5	1.725884E1	-2.012298E1	2.651041E1	8.808695E3	1.031697E2	8.514209E1
5.233800E1	1.046760E5	2.259571E1	-1.402054E1	2.659213E1	8.865601E3	1.085065E2	7.903965E1
5.234000E1	1.046800E5	2.577162E1	-6.386882E0	2.655124E1	8.977043E3	1.116824E2	7.140599E1
5.234200E1	1.046840E5	2.663238E1	1.903775E0	2.670034E1	8.907783E3	1.125432E2	6.311533E1
5.234400E1	1.046880E5	2.518909E1	1.003015E1	2.711262E1	8.760106E3	1.110999E2	5.498896E1
5.234600E1	1.046920E5	2.146331E1	1.746091E1	2.766870E1	8.657563E3	1.073741E2	4.755820E1
5.234800E1	1.046960E5	1.574045E1	2.363971E1	2.840066E1	8.435199E3	1.016513E2	4.137940E1
5.235000E1	1.047000E5	8.512912E0	2.762013E1	2.890227E1	8.172456E3	9.442374E1	3.739898E1
5.235200E1	1.047040E5	4.937819E-1	2.923143E1	2.923560E1	7.984804E3	8.640461E1	3.578768E1
5.235400E1	1.047080E5	-7.450249E0	2.817977E1	2.914800E1	7.946365E3	7.846058E1	3.683934E1
5.235600E1	1.047120E5	-1.482885E1	2.485817E1	2.894518E1	8.040935E3	7.108197E1	4.016094E1
5.235800E1	1.047160E5	-2.084336E1	1.945517E1	2.851227E1	8.209297E3	6.506746E1	4.556393E1
5.236000E1	1.047200E5	-2.516815E1	1.246354E1	2.808515E1	8.409054E3	6.074268E1	5.255557E1
5.236200E1	1.047240E5	-2.744547E1	4.539070E0	2.781829E1	8.598181E3	5.846535E1	6.048004E1
5.236400E1	1.047280E5	-2.704457E1	-3.823788E0	2.731355E1	8.762428E3	5.886626E1	6.884290E1
5.236600E1	1.047320E5	-2.430188E1	-1.167422E1	2.696051E1	8.764957E3	6.160895E1	7.669333E1
5.236800E1	1.047360E5	-1.953470E1	-1.828501E1	2.675718E1	8.844450E3	6.637612E1	8.330412E1
5.237000E1	1.047400E5	-1.289129E1	-2.329162E1	2.662114E1	8.973723E3	7.301954E1	8.831073E1
5.237200E1	1.047440E5	-5.075520E0	-2.611697E1	2.660558E1	8.934819E3	8.083531E1	9.113607E1
5.237400E1	1.047480E5	3.154421E0	-2.654863E1	2.673537E1	8.761882E3	8.906525E1	9.156773E1
5.237600E1	1.047520E5	1.090532E1	-2.443649E1	2.675945E1	8.621075E3	9.681615E1	8.945560E1
5.237800E1	1.047560E5	1.748712E1	-1.993305E1	2.651652E1	8.660776E3	1.033979E2	8.495216E1
5.238000E1	1.047600E5	2.269908E1	-1.380507E1	2.656743E1	8.811295E3	1.086099E2	7.882418E1
5.238200E1	1.047640E5	2.581568E1	-6.195217E0	2.654863E1	8.952996E3	1.117265E2	7.121433E1
5.238400E1	1.047680E5	2.661530E1	2.096986E0	2.669778E1	8.901417E3	1.125261E2	6.292212E1
5.238600E1	1.047720E5	2.509160E1	1.019429E1	2.708343E1	8.745790E3	1.110024E2	5.482481E1
5.238800E1	1.047760E5	2.130999E1	1.755918E1	2.761232E1	8.651575E3	1.072208E2	4.745993E1
5.239000E1	1.047800E5	1.553811E1	2.367015E1	2.831446E1	8.435810E3	1.014489E2	4.134896E1
5.239200E1	1.047840E5	8.323468E0	2.762328E1	2.885006E1	8.177821E3	9.423430E1	3.739583E1
5.239400E1	1.047880E5	2.910324E-1	2.918484E1	2.918629E1	7.986215E3	8.620186E1	3.583427E1
5.239600E1	1.047920E5	-7.613632E0	2.806887E1	2.908314E1	7.936976E3	7.829720E1	3.695024E1
5.239800E1	1.047960E5	-1.495089E1	2.470966E1	2.888073E1	8.095095E3	7.095994E1	4.030945E1
5.240000E1	1.048000E5	-2.101853E1	1.922178E1	2.848254E1	8.350785E3	6.489230E1	4.579733E1
5.240200E1	1.048040E5	-2.520860E1	1.198087E1	2.791083E1	8.553220E3	6.070223E1	5.303824E1
5.240400E1	1.048080E5	-2.739177E1	3.962113E0	2.767684E1	8.648529E3	5.851906E1	6.105700E1
5.240600E1	1.048120E5	-2.703728E1	-4.366407E0	2.738759E1	8.736729E3	5.887355E1	6.938552E1
5.240800E1	1.048160E5	-2.404586E1	-1.210243E1	2.691973E1	8.868472E3	6.186497E1	7.712153E1
5.241000E1	1.048200E5	-1.901425E1	-1.878185E1	2.672639E1	8.977623E3	6.689658E1	8.380096E1
5.241200E1	1.048240E5	-1.232262E1	-2.380006E1	2.680093E1	8.820684E3	7.358821E1	8.881917E1
5.241400E1	1.048280E5	-4.718547E0	-2.657154E1	2.698725E1	8.660576E3	8.119228E1	9.159065E1
5.241600E1	1.048320E5	3.396222E0	-2.662526E1	2.684099E1	8.651888E3	8.930705E1	9.164437E1
5.241800E1	1.048360E5	1.107816E1	-2.426615E1	2.667530E1	8.665201E3	9.698899E1	8.928525E1
5.242000E1	1.048400E5	1.783723E1	-1.985900E1	2.669357E1	8.671603E3	1.037481E2	8.487811E1
5.242200E1	1.048440E5	2.284623E1	-1.360590E1	2.659080E1	8.871685E3	1.087571E2	7.862500E1
5.242400E1	1.048480E5	2.583911E1	-5.767803E0	2.647503E1	8.988403E3	1.117499E2	7.078691E1
5.242600E1	1.048520E5	2.649634E1	2.401108E0	2.660491E1	8.941767E3	1.124072E2	6.261800E1
5.242800E1	1.048560E5	2.491432E1	1.066996E1	2.710298E1	8.809607E3	1.108252E2	5.434915E1
5.243000E1	1.048600E5	2.123745E1	1.808500E1	2.789438E1	8.495658E3	1.071483E2	4.693411E1
5.243200E1	1.048640E5	1.540717E1	2.387652E1	2.841600E1	8.280904E3	1.013180E2	4.114259E1
5.243400E1	1.048680E5	8.177487E0	2.767779E1	2.886055E1	8.129863E3	9.408831E1	3.734132E1
5.243600E1	1.048720E5	1.598368E-1	2.915453E1	2.915496E1	7.966690E3	8.607066E1	3.586458E1
5.243800E1	1.048760E5	-7.714439E0	2.799407E1	2.903757E1	7.945045E3	7.819639E1	3.702504E1
5.244000E1	1.048800E5	-1.504514E1	2.458412E1	2.882247E1	8.117002E3	7.086568E1	4.043499E1
5.244200E1	1.048840E5	-2.104946E1	1.903645E1	2.838073E1	8.355821E3	6.486137E1	4.598266E1
5.244400E1	1.048880E5	-2.521594E1	1.181773E1	2.784785E1	8.554974E3	6.069488E1	5.320138E1
5.244600E1	1.048920E5	-2.735082E1	3.797807E0	2.761324E1	8.655974E3	5.856001E1	6.122130E1
5.244800E1	1.048960E5	-2.687875E1	-4.504348E0	2.725356E1	8.731437E3	5.903208E1	6.952346E1
5.245000E1	1.049000E5	-2.394427E1	-1.221099E1	2.687817E1	8.861954E3	6.196656E1	7.723010E1
5.245200E1	1.049040E5	-1.885736E1	-1.883175E1	2.665023E1	8.991347E3	6.705346E1	8.385086E1
5.245400E1	1.049080E5	-1.213898E1	-2.380957E1	2.672546E1	8.826407E3	7.377185E1	8.882868E1
5.245600E1	1.049120E5	-4.550405E0	-2.652810E1	2.691554E1	8.648598E3	8.136042E1	9.154721E1
5.245800E1	1.049160E5	3.535667E0	-2.656844E1	2.680267E1	8.647584E3	8.944649E1	9.158755E1
5.246000E1	1.049200E5	1.118961E1	-2.415336E1	2.661940E1	8.758172E3	9.710044E1	8.917247E1
5.246200E1	1.049240E5	1.805015E1	-1.962049E1	2.666030E1	8.906881E3	1.039610E2	8.463960E1
5.246400E1	1.049280E5	2.321354E1	-1.314185E1	2.667539E1	8.898439E3	1.091244E2	7.816096E1
5.246600E1	1.049320E5	2.620028E1	-5.470329E0	2.676526E1	8.876895E3	1.121111E2	7.048944E1
5.246800E1	1.049360E5	2.690901E1	2.824516E0	2.705684E1	8.820837E3	1.128198E2	6.219459E1
5.247000E1	1.049400E5	2.527399E1	1.098422E1	2.755771E1	8.681646E3	1.111848E2	5.403489E1
5.247200E1	1.049440E5	2.122627E1	1.826954E1	2.800590E1	8.494418E3	1.071371E2	4.674957E1
5.247400E1	1.049480E5	1.525592E1	2.391725E1	2.836861E1	8.316318E3	1.011668E2	4.110186E1
5.247600E1	1.049520E5	7.946579E0	2.768382E1	2.880177E1	8.173970E3	9.385741E1	3.733529E1
5.247800E1	1.049560E5	-8.301978E-2	2.907590E1	2.907602E1	7.973191E3	8.582781E1	3.594321E1
5.248000E1	1.049600E5	-7.928425E0	2.787587E1	2.898144E1	8.030091E3	7.798240E1	3.714324E1
5.248200E1	1.049640E5	-1.533054E1	2.426556E1	2.870266E1	8.330217E3	7.058029E1	4.075355E1
5.248400E1	1.049680E5	-2.142075E1	1.849145E1	2.829809E1	8.406395E3	6.449008E1	4.652766E1
5.248600E1	1.049720E5	-2.561648E1	1.145369E1	2.806048E1	8.390096E3	6.029435E1	5.356542E1
5.248800E1	1.049760E5	-2.746746E1	3.490404E0	2.768835E1	8.561792E3	5.844336E1	6.152870E1
5.249000E1	1.049800E5	-2.676809E1	-4.795462E0	2.719425E1	8.791995E3	5.914274E1	6.981457E1
5.249200E1	1.049840E5	-2.381688E1	-1.262422E1	2.695579E1	8.879135E3	6.209395E1	7.764333E1
5.249400E1	1.049880E5	-1.861199E1	-1.905461E1	2.663615E1	8.925128E3	6.729884E1	8.407372E1
5.249600E1	1.049920E5	-1.185234E1	-2.390414E1	2.668119E1	8.958253E3	7.405848E1	8.892325E1
5.249800E1	1.049960E5	-3.958377E0	-2.650593E1	2.679987E1	8.855383E3	8.195245E1	9.152504E1
5.250000E1	1.050000E5	4.203660E0	-2.639763E1	2.673024E1	8.664482E3	9.011449E1	9.141674E1
5.250200E1	1.050040E5	1.180672E1	-2.403234E1	2.677596E1	8.604810E3	9.771755E1	8.905145E1
5.250400E1	1.050080E5	1.833717E1	-1.934547E1	2.665518E1	8.772188E3	1.042480E2	8.436458E1
5.250600E1	1.050120E5	2.333017E1	-1.279781E1	2.660979E1	8.857608E3	1.092410E2	7.781692E1
5.250800E1	1.050160E5	2.625420E1	-5.151966E0	2.675492E1	8.926536E3	1.121650E2	7.017107E1
5.251000E1	1.050200E5	2.680675E1	3.272024E0	2.700570E1	8.946333E3	1.127176E2	6.174708E1
5.251200E1	1.050240E5	2.465222E1	1.132991E1	2.713114E1	8.887940E3	1.105631E2	5.368920E1
5.251400E1	1.050280E5	2.047726E1	1.877108E1	2.777898E1	8.697433E3	1.063881E2	4.624803E1
5.251600E1	1.050320E5	1.443971E1	2.448713E1	2.842753E1	8.332714E3	1.003505E2	4.053198E1
5.251800E1	1.050360E5	7.101937E0	2.815272E1	2.903469E1	8.042769E3	9.301276E1	3.686639E1
5.252000E1	1.050400E5	-8.351170E-1	2.909996E1	2.911194E1	7.889467E3	8.507571E1	3.591915E1
5.252200E1	1.050440E5	-8.690235E0	2.773131E1	2.906107E1	7.982172E3	7.722059E1	3.728780E1
5.252400E1	1.050480E5	-1.595988E1	2.404655E1	2.886095E1	8.190407E3	6.995095E1	4.097255E1
5.252600E1	1.050520E5	-2.173586E1	1.813459E1	2.830743E1	8.438332E3	6.417497E1	4.688452E1
5.252800E1	1.050560E5	-2.571717E1	1.074409E1	2.787129E1	8.542862E3	6.019366E1	5.427501E1
5.253000E1	1.050600E5	-2.742563E1	2.721663E0	2.756035E1	8.574736E3	5.848520E1	6.229745E1
5.253200E1	1.050640E5	-2.664250E1	-5.480937E0	2.720043E1	8.709922E3	5.926833E1	7.050004E1
5.253400E1	1.050680E5	-2.346416E1	-1.309881E1	2.687277E1	8.813522E3	6.244667E1	7.811792E1
5.253600E1	1.050720E5	-1.830643E1	-1.954823E1	2.678169E1	8.854735E3	6.760440E1	8.456734E1
5.253800E1	1.050760E5	-1.144081E1	-2.408482E1	2.666403E1	8.880114E3	7.447002E1	8.910393E1
5.254000E1	1.050800E5	-3.532983E0	-2.647615E1	2.671083E1	8.832685E3	8.237784E1	9.149526E1
5.254200E1	1.050840E5	4.590176E0	-2.624100E1	2.663944E1	8.749124E3	9.050100E1	9.126011E1
5.254400E1	1.050880E5	1.224871E1	-2.363437E1	2.661982E1	8.770665E3	9.815954E1	8.865348E1
5.254600E1	1.050920E5	1.878167E1	-1.877860E1	2.655912E1	8.787918E3	1.046925E2	8.379771E1
5.254800E1	1.050960E5	2.351246E1	-1.221504E1	2.649609E1	8.886439E3	1.094233E2	7.723415E1
5.255000E1	1.051000E5	2.623067E1	-4.365780E0	2.659150E1	9.041461E3	1.121415E2	6.938489E1
5.255200E1	1.051040E5	2.665345E1	4.084907E0	2.696466E1	8.907329E3	1.125643E2	6.093420E1
5.255400E1	1.051080E5	2.452300E1	1.205604E1	2.732628E1	8.684236E3	1.104338E2	5.296307E1
5.255600E1	1.051120E5	2.018003E1	1.911689E1	2.779728E1	8.502672E3	1.060909E2	4.590222E1
5.255800E1	1.051160E5	1.408368E1	2.458197E1	2.833061E1	8.287877E3	9.999451E1	4.043713E1
5.256000E1	1.051200E5	6.696977E0	2.811490E1	2.890151E1	8.197829E3	9.260780E1	3.690421E1
5.256200E1	1.051240E5	-1.508975E0	2.896954E1	2.900881E1	8.052521E3	8.440185E1	3.604957E1
5.256400E1	1.051280E5	-9.339500E0	2.741595E1	2.896309E1	8.000859E3	7.657133E1	3.760316E1
5.256600E1	1.051320E5	-1.656986E1	2.367724E1	2.889934E1	8.193489E3	6.934097E1	4.134187E1
5.256800E1	1.051360E5	-2.229815E1	1.768226E1	2.845821E1	8.381003E3	6.361268E1	4.733684E1
5.257000E1	1.051400E5	-2.614692E1	1.029470E1	2.810057E1	8.590756E3	5.976391E1	5.472441E1
5.257200E1	1.051440E5	-2.765531E1	1.958648E0	2.772458E1	8.693155E3	5.825552E1	6.306046E1
5.257400E1	1.051480E5	-2.657028E1	-6.272046E0	2.730052E1	8.700260E3	5.934055E1	7.129115E1
5.257600E1	1.051520E5	-2.314417E1	-1.376928E1	2.693038E1	8.836806E3	6.276666E1	7.878839E1
5.257800E1	1.051560E5	-1.784635E1	-2.026340E1	2.700181E1	8.927296E3	6.806448E1	8.528251E1
5.258000E1	1.051600E5	-1.070533E1	-2.457259E1	2.680329E1	8.893079E3	7.520549E1	8.959170E1
5.258200E1	1.051640E5	-2.690629E0	-2.649500E1	2.663127E1	8.796959E3	8.322020E1	9.151411E1
5.258400E1	1.051680E5	5.381482E0	-2.610796E1	2.665681E1	8.731408E3	9.129231E1	9.112706E1
5.258600E1	1.051720E5	1.297503E1	-2.328571E1	2.665662E1	8.782466E3	9.888586E1	8.830481E1
5.258800E1	1.051760E5	1.947302E1	-1.830123E1	2.672328E1	8.817916E3	1.053838E2	8.332034E1
5.259000E1	1.051800E5	2.405140E1	-1.152419E1	2.666977E1	8.936470E3	1.099622E2	7.654330E1
5.259200E1	1.051840E5	2.655672E1	-3.485568E0	2.678448E1	9.052720E3	1.124675E2	6.850468E1
5.259400E1	1.051880E5	2.659792E1	4.982247E0	2.706052E1	8.853494E3	1.125087E2	6.003686E1
5.259600E1	1.051920E5	2.422304E1	1.284528E1	2.741818E1	8.628462E3	1.101339E2	5.217383E1
5.259800E1	1.051960E5	1.978139E1	1.986678E1	2.803555E1	8.545933E3	1.056922E2	4.515233E1
5.260000E1	1.052000E5	1.331733E1	2.517371E1	2.847924E1	8.307562E3	9.922816E1	3.984540E1
5.260200E1	1.052040E5	5.815628E0	2.821559E1	2.880870E1	8.144811E3	9.172646E1	3.680351E1
5.260400E1	1.052080E5	-2.370362E0	2.883361E1	2.893088E1	8.110544E3	8.354047E1	3.618550E1
5.260600E1	1.052120E5	-1.028489E1	2.708112E1	2.896837E1	8.103838E3	7.562594E1	3.793798E1
5.260800E1	1.052160E5	-1.735717E1	2.293783E1	2.876482E1	8.189248E3	6.855366E1	4.208128E1
5.261000E1	1.052200E5	-2.284728E1	1.687353E1	2.840272E1	8.321362E3	6.306355E1	4.814557E1
5.261200E1	1.052240E5	-2.636390E1	9.387542E0	2.798537E1	8.416719E3	5.954693E1	5.563157E1
5.261400E1	1.052280E5	-2.761531E1	1.341106E0	2.764786E1	8.478255E3	5.829551E1	6.367800E1
5.261600E1	1.052320E5	-2.628661E1	-6.706940E0	2.712874E1	8.773368E3	5.962422E1	7.172605E1
5.261800E1	1.052360E5	-2.282039E1	-1.443379E1	2.700194E1	8.949156E3	6.309044E1	7.945290E1
5.262000E1	1.052400E5	-1.713856E1	-2.050481E1	2.672410E1	8.836683E3	6.877227E1	8.552392E1
5.262200E1	1.052440E5	-1.013487E1	-2.466217E1	2.666342E1	8.753351E3	7.577596E1	8.968128E1
5.262400E1	1.052480E5	-2.253151E0	-2.640897E1	2.650492E1	8.749770E3	8.365768E1	9.142808E1
5.262600E1	1.052520E5	5.814826E0	-2.588885E1	2.653384E1	8.735548E3	9.172565E1	9.090796E1
5.262800E1	1.052560E5	1.329179E1	-2.296125E1	2.653094E1	8.766405E3	9.920262E1	8.798036E1
5.263000E1	1.052600E5	1.969327E1	-1.790406E1	2.661542E1	8.864309E3	1.056041E2	8.292317E1
5.263200E1	1.052640E5	2.416669E1	-1.100173E1	2.655310E1	8.947374E3	1.100775E2	7.602084E1
5.263400E1	1.052680E5	2.657153E1	-3.020826E0	2.674269E1	8.997433E3	1.124824E2	6.803993E1
5.263600E1	1.052720E5	2.635603E1	5.368245E0	2.689718E1	9.052747E3	1.122669E2	5.965086E1
5.263800E1	1.052760E5	2.388349E1	1.363676E1	2.750240E1	8.905554E3	1.097943E2	5.138235E1
5.264000E1	1.052800E5	1.902348E1	2.049668E1	2.796438E1	8.486067E3	1.049343E2	4.452243E1
5.264200E1	1.052840E5	1.273723E1	2.573714E1	2.871650E1	8.243173E3	9.864806E1	3.928197E1
5.264400E1	1.052880E5	5.008485E0	2.871963E1	2.915308E1	8.019875E3	9.091931E1	3.629948E1
5.264600E1	1.052920E5	-2.943780E0	2.924063E1	2.938844E1	7.877254E3	8.296705E1	3.577848E1
5.264800E1	1.052960E5	-1.069258E1	2.698360E1	2.902492E1	8.046052E3	7.521825E1	3.803551E1
5.265000E1	1.053000E5	-1.761787E1	2.260423E1	2.865904E1	8.250934E3	6.829296E1	4.241487E1
5.265200E1	1.053040E5	-2.308815E1	1.639559E1	2.831745E1	8.378344E3	6.282268E1	4.862352E1
5.265400E1	1.053080E5	-2.635656E1	8.846195E0	2.780150E1	8.537081E3	5.955427E1	5.617291E1
5.265600E1	1.053120E5	-2.749148E1	5.909300E-1	2.749783E1	8.712132E3	5.841935E1	6.442818E1
5.265800E1	1.053160E5	-2.609002E1	-7.626761E0	2.718191E1	8.768146E3	5.982081E1	7.264587E1
5.266000E1	1.053200E5	-2.214349E1	-1.484684E1	2.666013E1	8.915277E3	6.376734E1	7.986595E1
5.266200E1	1.053240E5	-1.650001E1	-2.108570E1	2.677418E1	8.959862E3	6.941082E1	8.610481E1
5.266400E1	1.053280E5	-9.301210E0	-2.511836E1	2.678516E1	8.764474E3	7.660962E1	9.013747E1
5.266600E1	1.053320E5	-1.397175E0	-2.678456E1	2.682098E1	8.666735E3	8.451365E1	9.180367E1
5.266800E1	1.053360E5	6.677394E0	-2.610586E1	2.694630E1	8.676802E3	9.258822E1	9.112496E1
5.267000E1	1.053400E5	1.403155E1	-2.270025E1	2.668680E1	8.784565E3	9.994237E1	8.771935E1
5.267200E1	1.053440E5	2.037427E1	-1.740998E1	2.679960E1	8.953136E3	1.062851E2	8.242909E1
5.267400E1	1.053480E5	2.461941E1	-1.018073E1	2.664137E1	9.004885E3	1.105302E2	7.519984E1
5.267600E1	1.053520E5	2.659847E1	-2.090830E0	2.668053E1	8.962793E3	1.125093E2	6.710994E1
5.267800E1	1.053560E5	2.625389E1	6.247239E0	2.698694E1	8.837955E3	1.121647E2	5.877187E1
5.268000E1	1.053600E5	2.354980E1	1.407039E1	2.743299E1	8.719057E3	1.094606E2	5.094872E1
5.268200E1	1.053640E5	1.854886E1	2.079035E1	2.786214E1	8.619941E3	1.044597E2	4.422876E1
5.268400E1	1.053680E5	1.186647E1	2.584346E1	2.843761E1	8.392614E3	9.777729E1	3.917565E1
5.268600E1	1.053720E5	4.107976E0	2.861906E1	2.891239E1	8.048549E3	9.001880E1	3.640005E1
5.268800E1	1.053760E5	-3.832517E0	2.898900E1	2.924124E1	7.890629E3	8.207831E1	3.603011E1
5.269000E1	1.053800E5	-1.152637E1	2.664343E1	2.902980E1	8.074920E3	7.438446E1	3.837568E1
5.269200E1	1.053840E5	-1.838154E1	2.203807E1	2.869769E1	8.305771E3	6.752929E1	4.298104E1
5.269400E1	1.053880E5	-2.363578E1	1.557477E1	2.830589E1	8.405595E3	6.227505E1	4.944434E1
5.269600E1	1.053920E5	-2.670753E1	7.934854E0	2.786134E1	8.507991E3	5.920330E1	5.708425E1
5.269800E1	1.053960E5	-2.750561E1	-3.116349E-1	2.750737E1	8.698943E3	5.840522E1	6.533074E1
5.270000E1	1.054000E5	-2.574711E1	-8.489623E0	2.711065E1	8.772301E3	6.016372E1	7.350873E1
5.270200E1	1.054040E5	-2.177142E1	-1.566645E1	2.682223E1	8.865340E3	6.413941E1	8.068556E1
5.270400E1	1.054080E5	-1.570996E1	-2.139463E1	2.654304E1	8.970999E3	7.020086E1	8.641374E1
5.270600E1	1.054120E5	-8.348631E0	-2.512960E1	2.648011E1	8.884142E3	7.756220E1	9.014871E1
5.270800E1	1.054160E5	-3.500153E-1	-2.662836E1	2.663066E1	8.755640E3	8.556081E1	9.164747E1
5.271000E1	1.054200E5	7.607939E0	-2.544749E1	2.656042E1	8.674491E3	9.351877E1	9.046660E1
5.271200E1	1.054240E5	1.479388E1	-2.197841E1	2.649357E1	8.704825E3	1.007047E2	8.699752E1
5.271400E1	1.054280E5	2.066471E1	-1.645855E1	2.641806E1	8.941530E3	1.065755E2	8.147766E1
5.271600E1	1.054320E5	2.472638E1	-9.141166E0	2.636199E1	9.052642E3	1.106372E2	7.416027E1
5.271800E1	1.054360E5	2.651395E1	-1.076614E0	2.653580E1	8.923220E3	1.124248E2	6.609572E1
5.272000E1	1.054400E5	2.598166E1	7.158437E0	2.694976E1	8.769756E3	1.118925E2	5.786067E1
5.272200E1	1.054440E5	2.315426E1	1.489548E1	2.753171E1	8.657548E3	1.090651E2	5.012363E1
5.272400E1	1.054480E5	1.803276E1	2.151659E1	2.807391E1	8.503945E3	1.039436E2	4.350252E1
5.272600E1	1.054520E5	1.135632E1	2.645745E1	2.879171E1	8.260475E3	9.726715E1	3.856166E1
5.272800E1	1.054560E5	3.520737E0	2.899189E1	2.920489E1	8.073329E3	8.943157E1	3.602722E1
5.273000E1	1.054600E5	-4.597807E0	2.882467E1	2.918906E1	8.054446E3	8.131302E1	3.619444E1
5.273200E1	1.054640E5	-1.241509E1	2.627173E1	2.905749E1	8.122850E3	7.349574E1	3.874738E1
5.273400E1	1.054680E5	-1.897282E1	2.140399E1	2.860243E1	8.213377E3	6.693800E1	4.361512E1
5.273600E1	1.054720E5	-2.392652E1	1.486558E1	2.816849E1	8.430762E3	6.198430E1	5.015353E1
5.273800E1	1.054760E5	-2.673273E1	7.024512E0	2.764023E1	8.640160E3	5.917810E1	5.799460E1
5.274000E1	1.054800E5	-2.727818E1	-1.290180E0	2.730868E1	8.733384E3	5.863265E1	6.630929E1
5.274200E1	1.054840E5	-2.539907E1	-9.350502E0	2.706556E1	8.723693E3	6.051176E1	7.436961E1
5.274400E1	1.054880E5	-2.127637E1	-1.638660E1	2.685525E1	8.817355E3	6.463446E1	8.140571E1
5.274600E1	1.054920E5	-1.512438E1	-2.198989E1	2.668899E1	8.901695E3	7.078644E1	8.700900E1
5.274800E1	1.054960E5	-7.718587E0	-2.558046E1	2.671959E1	8.870742E3	7.819224E1	9.059957E1
5.275000E1	1.055000E5	4.472962E-1	-2.660368E1	2.660744E1	8.846687E3	8.635812E1	9.162279E1
5.275200E1	1.055040E5	8.471560E0	-2.517824E1	2.656523E1	8.770566E3	9.438239E1	9.019735E1
5.275400E1	1.055080E5	1.564648E1	-2.149960E1	2.659032E1	8.812053E3	1.015573E2	8.651871E1
5.275600E1	1.055120E5	2.136365E1	-1.561041E1	2.645922E1	8.994567E3	1.072745E2	8.062951E1
5.275800E1	1.055160E5	2.522898E1	-8.185821E0	2.652375E1	9.023966E3	1.111398E2	7.320493E1
5.276000E1	1.055200E5	2.679454E1	-2.792574E-2	2.679456E1	8.926831E3	1.127054E2	6.504703E1
5.276200E1	1.055240E5	2.578621E1	8.244852E0	2.707224E1	8.803620E3	1.116970E2	5.677426E1
5.276400E1	1.055280E5	2.243508E1	1.579969E1	2.744017E1	8.665496E3	1.083459E2	4.921941E1
5.276600E1	1.055320E5	1.712940E1	2.223742E1	2.806990E1	8.393546E3	1.030402E2	4.278169E1
5.276800E1	1.055360E5	1.036041E1	2.661280E1	2.855835E1	8.190279E3	9.627124E1	3.840631E1
5.277000E1	1.055400E5	2.448899E0	2.888620E1	2.898982E1	8.087469E3	8.835973E1	3.613291E1
5.277200E1	1.055440E5	-5.593484E0	2.856609E1	2.910857E1	8.006106E3	8.031734E1	3.645301E1
5.277400E1	1.055480E5	-1.325555E1	2.581621E1	2.902044E1	8.108096E3	7.265527E1	3.920290E1
5.277600E1	1.055520E5	-1.978332E1	2.083910E1	2.873409E1	8.295874E3	6.612751E1	4.418001E1
5.277800E1	1.055560E5	-2.452113E1	1.395139E1	2.821218E1	8.493022E3	6.138970E1	5.106772E1
5.278000E1	1.055600E5	-2.716561E1	6.030777E0	2.782697E1	8.598440E3	5.874522E1	5.898833E1
5.278200E1	1.055640E5	-2.748275E1	-2.286478E0	2.757770E1	8.657679E3	5.842808E1	6.730559E1
5.278400E1	1.055680E5	-2.515057E1	-1.021976E1	2.714765E1	8.743102E3	6.076025E1	7.523887E1
5.278600E1	1.055720E5	-2.075926E1	-1.725198E1	2.699218E1	8.885706E3	6.515157E1	8.227109E1
5.278800E1	1.055760E5	-1.431427E1	-2.260522E1	2.675621E1	8.895534E3	7.159655E1	8.762433E1
5.279000E1	1.055800E5	-6.742118E0	-2.571848E1	2.658752E1	8.855223E3	7.916871E1	9.073758E1
5.279200E1	1.055840E5	1.441118E0	-2.680239E1	2.684110E1	8.789433E3	8.735195E1	9.182150E1
5.279400E1	1.055880E5	9.412845E0	-2.521852E1	2.691794E1	8.701365E3	9.532367E1	9.023763E1
5.279600E1	1.055920E5	1.645627E1	-2.115181E1	2.679940E1	8.785094E3	1.023671E2	8.617092E1
5.279800E1	1.055960E5	2.201824E1	-1.507139E1	2.668239E1	8.941106E3	1.079291E2	8.009050E1
5.280000E1	1.056000E5	2.564888E1	-7.525721E0	2.673016E1	9.084898E3	1.115597E2	7.254483E1
5.280200E1	1.056040E5	2.679559E1	9.114303E-1	2.681108E1	9.014879E3	1.127064E2	6.410768E1
5.280400E1	1.056080E5	2.553795E1	9.147496E0	2.712681E1	8.787465E3	1.114488E2	5.587161E1
5.280600E1	1.056120E5	2.196420E1	1.661018E1	2.753769E1	8.625078E3	1.078750E2	4.840893E1
5.280800E1	1.056160E5	1.656735E1	2.297748E1	2.832740E1	8.420847E3	1.024782E2	4.204163E1
5.281000E1	1.056200E5	9.457569E0	2.713003E1	2.873124E1	8.227857E3	9.536840E1	3.788908E1
5.281200E1	1.056240E5	1.453836E0	2.888743E1	2.892399E1	8.084443E3	8.736466E1	3.613168E1
5.281400E1	1.056280E5	-6.592930E0	2.828861E1	2.904673E1	8.088821E3	7.931790E1	3.673050E1
5.281600E1	1.056320E5	-1.414190E1	2.502206E1	2.874190E1	8.218246E3	7.176893E1	3.999705E1
5.281800E1	1.056360E5	-2.051582E1	1.981735E1	2.852413E1	8.337178E3	6.539501E1	4.520176E1
5.282000E1	1.056400E5	-2.503877E1	1.285555E1	2.814614E1	8.429731E3	6.087206E1	5.216356E1
5.282200E1	1.056440E5	-2.722229E1	4.941704E0	2.766719E1	8.554818E3	5.868854E1	6.007740E1
5.282400E1	1.056480E5	-2.720892E1	-3.361151E0	2.741574E1	8.694462E3	5.870190E1	6.838026E1
5.282600E1	1.056520E5	-2.467137E1	-1.123762E1	2.711016E1	8.824841E3	6.123945E1	7.625673E1
5.282800E1	1.056560E5	-1.985602E1	-1.809390E1	2.686356E1	8.964301E3	6.605480E1	8.311301E1
5.283000E1	1.056600E5	-1.324799E1	-2.326968E1	2.677662E1	8.895333E3	7.266284E1	8.828879E1
5.283200E1	1.056640E5	-5.601516E0	-2.617965E1	2.677220E1	8.775590E3	8.030931E1	9.119875E1
5.283400E1	1.056680E5	2.545050E0	-2.668290E1	2.680400E1	8.760872E3	8.845588E1	9.170201E1
5.283600E1	1.056720E5	1.038315E1	-2.450119E1	2.661049E1	8.821798E3	9.629398E1	8.952030E1
5.283800E1	1.056760E5	1.729236E1	-2.007893E1	2.649885E1	8.841470E3	1.032032E2	8.509804E1
5.284000E1	1.056800E5	2.263334E1	-1.396106E1	2.659284E1	8.888976E3	1.085442E2	7.898017E1
5.284200E1	1.056840E5	2.578053E1	-6.288639E0	2.653645E1	9.004240E3	1.116914E2	7.130775E1
5.284400E1	1.056880E5	2.663779E1	2.025893E0	2.671472E1	8.925531E3	1.125486E2	6.299321E1
5.284600E1	1.056920E5	2.512431E1	1.014766E1	2.709624E1	8.779694E3	1.110351E2	5.487145E1
5.284800E1	1.056960E5	2.134762E1	1.757757E1	2.765306E1	8.688560E3	1.072584E2	4.744154E1
5.285000E1	1.057000E5	1.553469E1	2.369247E1	2.833125E1	8.441755E3	1.014455E2	4.132664E1
5.285200E1	1.057040E5	8.332591E0	2.765986E1	2.888771E1	8.187395E3	9.424342E1	3.735925E1
5.285400E1	1.057080E5	2.561258E-1	2.920365E1	2.920477E1	8.010426E3	8.616695E1	3.581546E1
5.285600E1	1.057120E5	-7.664956E0	2.806327E1	2.909121E1	7.974477E3	7.824587E1	3.695584E1
5.285800E1	1.057160E5	-1.504490E1	2.465194E1	2.888023E1	8.126849E3	7.086592E1	4.036716E1
5.286000E1	1.057200E5	-2.105383E1	1.910113E1	2.842739E1	8.380860E3	6.485700E1	4.591798E1
5.286200E1	1.057240E5	-2.525560E1	1.182046E1	2.788492E1	8.588750E3	6.065522E1	5.319865E1
5.286400E1	1.057280E5	-2.738049E1	3.780334E0	2.764022E1	8.665923E3	5.853034E1	6.123877E1
5.286600E1	1.057320E5	-2.697512E1	-4.554049E0	2.735683E1	8.746811E3	5.893571E1	6.957316E1
5.286800E1	1.057360E5	-2.388690E1	-1.223738E1	2.683910E1	8.911724E3	6.202393E1	7.725649E1
5.287000E1	1.057400E5	-1.876529E1	-1.891619E1	2.664504E1	9.055946E3	6.714554E1	8.393529E1
5.287200E1	1.057440E5	-1.198168E1	-2.387489E1	2.671276E1	9.003762E3	7.392914E1	8.889400E1
5.287400E1	1.057480E5	-4.086868E0	-2.653584E1	2.684871E1	8.875593E3	8.182396E1	9.155495E1
5.287600E1	1.057520E5	4.121179E0	-2.646093E1	2.677994E1	8.674262E3	9.003201E1	9.148004E1
5.287800E1	1.057560E5	1.173790E1	-2.412871E1	2.683231E1	8.616609E3	9.764872E1	8.914781E1
5.288000E1	1.057600E5	1.832315E1	-1.943121E1	2.670786E1	8.788087E3	1.042340E2	8.445032E1
5.288200E1	1.057640E5	2.333110E1	-1.288271E1	2.665153E1	8.874882E3	1.092419E2	7.790181E1
5.288400E1	1.057680E5	2.626642E1	-5.192115E0	2.677467E1	8.959909E3	1.121772E2	7.021122E1
5.288600E1	1.057720E5	2.685378E1	3.265610E0	2.705162E1	8.957849E3	1.127646E2	6.175350E1
5.288800E1	1.057760E5	2.469821E1	1.133371E1	2.717452E1	8.906686E3	1.106090E2	5.368540E1
5.289000E1	1.057800E5	2.048078E1	1.880685E1	2.780575E1	8.713583E3	1.063916E2	4.621226E1
5.289200E1	1.057840E5	1.442090E1	2.448589E1	2.841691E1	8.339216E3	1.003317E2	4.053322E1
5.289400E1	1.057880E5	7.073614E0	2.819692E1	2.907065E1	8.067659E3	9.298444E1	3.682219E1
5.289600E1	1.057920E5	-9.026232E-1	2.913025E1	2.914423E1	7.921363E3	8.500820E1	3.588886E1
5.289800E1	1.057960E5	-8.780904E0	2.767658E1	2.903614E1	7.986947E3	7.712992E1	3.734253E1
5.290000E1	1.058000E5	-1.601835E1	2.399802E1	2.885294E1	8.193123E3	6.989248E1	4.102109E1
5.290200E1	1.058040E5	-2.177172E1	1.802709E1	2.826630E1	8.476448E3	6.413911E1	4.699202E1
5.290400E1	1.058080E5	-2.575509E1	1.060057E1	2.785134E1	8.562959E3	6.015573E1	5.441854E1
5.290600E1	1.058120E5	-2.738453E1	2.575621E0	2.750538E1	8.612256E3	5.852630E1	6.244349E1
5.290800E1	1.058160E5	-2.659688E1	-5.690899E0	2.719890E1	8.710735E3	5.931395E1	7.071001E1
5.291000E1	1.058200E5	-2.333318E1	-1.318508E1	2.680081E1	8.878221E3	6.257765E1	7.820418E1
5.291200E1	1.058240E5	-1.801541E1	-1.972267E1	2.671215E1	9.106659E3	6.789542E1	8.474178E1
5.291400E1	1.058280E5	-1.092903E1	-2.442814E1	2.676150E1	9.066340E3	7.498180E1	8.944725E1
5.291600E1	1.058320E5	-2.855695E0	-2.652700E1	2.668027E1	8.890816E3	8.305513E1	9.154611E1
5.291800E1	1.058360E5	5.298094E0	-2.613492E1	2.666653E1	8.713175E3	9.120892E1	9.115403E1
5.292000E1	1.058400E5	1.287997E1	-2.351762E1	2.681366E1	8.674738E3	9.879080E1	8.853673E1
5.292200E1	1.058440E5	1.917859E1	-1.841815E1	2.659035E1	8.832478E3	1.050894E2	8.343726E1
5.292400E1	1.058480E5	2.390677E1	-1.164036E1	2.659007E1	9.043586E3	1.098176E2	7.665947E1
5.292600E1	1.058520E5	2.658597E1	-3.578949E0	2.682578E1	9.091901E3	1.124968E2	6.859806E1
5.292800E1	1.058560E5	2.664086E1	4.892324E0	2.708635E1	8.863531E3	1.125517E2	6.012678E1
5.293000E1	1.058600E5	2.432085E1	1.281597E1	2.749096E1	8.655069E3	1.102317E2	5.220314E1
5.293200E1	1.058640E5	1.985585E1	1.987396E1	2.809322E1	8.548313E3	1.057667E2	4.514514E1
5.293400E1	1.058680E5	1.340206E1	2.518485E1	2.852879E1	8.323224E3	9.931289E1	3.983426E1
5.293600E1	1.058720E5	5.845376E0	2.827352E1	2.887145E1	8.165399E3	9.175620E1	3.674558E1
5.293800E1	1.058760E5	-2.343368E0	2.886053E1	2.895551E1	8.114370E3	8.356746E1	3.615858E1
5.294000E1	1.058800E5	-1.029249E1	2.712867E1	2.901551E1	8.129005E3	7.561834E1	3.789044E1
5.294200E1	1.058840E5	-1.737270E1	2.292253E1	2.876201E1	8.212386E3	6.853813E1	4.209658E1
5.294400E1	1.058880E5	-2.288020E1	1.685269E1	2.841684E1	8.331370E3	6.303062E1	4.816642E1
5.294600E1	1.058920E5	-2.637529E1	9.348515E0	2.798304E1	8.442646E3	5.953554E1	5.567059E1
5.294800E1	1.058960E5	-2.754176E1	1.252287E0	2.757022E1	8.666622E3	5.836906E1	6.376682E1
5.295000E1	1.059000E5	-2.625376E1	-7.108399E0	2.719907E1	8.830428E3	5.965707E1	7.212751E1
5.295200E1	1.059040E5	-2.276682E1	-1.462634E1	2.706026E1	8.854772E3	6.314401E1	7.964544E1
5.295400E1	1.059080E5	-1.697175E1	-2.063905E1	2.672098E1	8.981426E3	6.893907E1	8.565816E1
5.295600E1	1.059120E5	-9.653820E0	-2.468950E1	2.650977E1	8.964284E3	7.625701E1	8.970861E1
5.295800E1	1.059160E5	-1.646404E0	-2.636145E1	2.641282E1	8.833536E3	8.426442E1	9.138056E1
5.296000E1	1.059200E5	6.406004E0	-2.573481E1	2.652013E1	8.677098E3	9.231683E1	9.075392E1
5.296200E1	1.059240E5	1.383474E1	-2.290281E1	2.675703E1	8.674813E3	9.974557E1	8.792192E1
5.296400E1	1.059280E5	2.002622E1	-1.760744E1	2.666592E1	8.954812E3	1.059370E2	8.262655E1
5.296600E1	1.059320E5	2.451288E1	-1.042840E1	2.663893E1	9.105333E3	1.104237E2	7.544750E1
5.296800E1	1.059360E5	2.660436E1	-2.281373E0	2.670200E1	9.010142E3	1.125152E2	6.730048E1
5.297000E1	1.059400E5	2.633043E1	6.076169E0	2.702242E1	8.857478E3	1.122413E2	5.894294E1
5.297200E1	1.059440E5	2.369441E1	1.397306E1	2.750766E1	8.742614E3	1.096052E2	5.104605E1
5.297400E1	1.059480E5	1.870713E1	2.075080E1	2.793837E1	8.619984E3	1.046180E2	4.426831E1
5.297600E1	1.059520E5	1.204295E1	2.583635E1	2.850525E1	8.269630E3	9.795378E1	3.918276E1
5.297800E1	1.059560E5	4.514099E0	2.864136E1	2.899491E1	8.036348E3	9.042493E1	3.637774E1
5.298000E1	1.059600E5	-3.641903E0	2.901591E1	2.924357E1	8.013869E3	8.226893E1	3.600320E1
5.298200E1	1.059640E5	-1.140145E1	2.673175E1	2.906165E1	8.114547E3	7.450938E1	3.828736E1
5.298400E1	1.059680E5	-1.833086E1	2.214860E1	2.875032E1	8.346912E3	6.757997E1	4.287051E1
5.298600E1	1.059720E5	-2.363173E1	1.564948E1	2.834369E1	8.446367E3	6.227910E1	4.936963E1
5.298800E1	1.059760E5	-2.671447E1	7.965114E0	2.787662E1	8.540464E3	5.919636E1	5.705399E1
5.299000E1	1.059800E5	-2.751017E1	-3.113394E-1	2.751193E1	8.667050E3	5.840066E1	6.533045E1
5.299200E1	1.059840E5	-2.582772E1	-8.424774E0	2.716704E1	8.789694E3	6.008311E1	7.344388E1
5.299400E1	1.059880E5	-2.175188E1	-1.569210E1	2.682138E1	8.921136E3	6.415895E1	8.071120E1
5.299600E1	1.059920E5	-1.570701E1	-2.142198E1	2.656334E1	8.974060E3	7.020382E1	8.644109E1
5.299800E1	1.059960E5	-8.318079E0	-2.515658E1	2.649611E1	8.888796E3	7.759275E1	9.017569E1
5.300000E1	1.060000E5	-3.227129E-1	-2.662602E1	2.662798E1	8.772560E3	8.558812E1	9.164513E1
5.300200E1	1.060040E5	7.679617E0	-2.544630E1	2.657989E1	8.755371E3	9.359045E1	9.046541E1
5.300400E1	1.060080E5	1.490957E1	-2.183444E1	2.643932E1	8.842299E3	1.008204E2	8.685355E1
5.300600E1	1.060120E5	2.106596E1	-1.636232E1	2.667396E1	8.974147E3	1.069768E2	8.138143E1
5.300800E1	1.060160E5	2.516790E1	-9.049258E0	2.674532E1	8.917139E3	1.110787E2	7.406837E1
5.301000E1	1.060200E5	2.695108E1	-1.020559E0	2.697040E1	8.863252E3	1.128619E2	6.603967E1
5.301200E1	1.060240E5	2.627773E1	7.374795E0	2.729298E1	8.947961E3	1.121886E2	5.764431E1
5.301400E1	1.060280E5	2.313935E1	1.538729E1	2.778846E1	8.770904E3	1.090502E2	4.963182E1
5.301600E1	1.060320E5	1.798556E1	2.202129E1	2.843269E1	8.414449E3	1.038964E2	4.299781E1
5.301800E1	1.060360E5	1.115226E1	2.663560E1	2.887608E1	8.190354E3	9.706309E1	3.838351E1
5.302000E1	1.060400E5	3.297692E0	2.904130E1	2.922793E1	8.050419E3	8.920852E1	3.597780E1
5.302200E1	1.060440E5	-4.811586E0	2.880624E1	2.920532E1	8.056342E3	8.109924E1	3.621287E1
5.302400E1	1.060480E5	-1.258066E1	2.608582E1	2.896106E1	8.233077E3	7.333016E1	3.893329E1
5.302600E1	1.060520E5	-1.924218E1	2.106177E1	2.852822E1	8.468521E3	6.666865E1	4.395734E1
5.302800E1	1.060560E5	-2.432297E1	1.425813E1	2.819399E1	8.590382E3	6.158786E1	5.076098E1
5.303000E1	1.060600E5	-2.716291E1	6.382724E0	2.790274E1	8.515629E3	5.874792E1	5.863638E1
5.303200E1	1.060640E5	-2.747773E1	-1.769044E0	2.753461E1	8.693746E3	5.843310E1	6.678815E1
5.303400E1	1.060680E5	-2.531174E1	-9.996877E0	2.721437E1	8.880232E3	6.059908E1	7.501599E1
5.303600E1	1.060720E5	-2.100421E1	-1.713342E1	2.710592E1	8.907663E3	6.490662E1	8.215253E1
5.303800E1	1.060760E5	-1.454587E1	-2.255538E1	2.683892E1	8.893429E3	7.136496E1	8.757449E1
5.304000E1	1.060800E5	-7.008211E0	-2.575598E1	2.669243E1	8.856503E3	7.890262E1	9.077509E1
5.304200E1	1.060840E5	1.223690E0	-2.686276E1	2.689062E1	8.819823E3	8.713452E1	9.188187E1
5.304400E1	1.060880E5	9.254944E0	-2.534841E1	2.698511E1	8.746366E3	9.516577E1	9.036752E1
5.304600E1	1.060920E5	1.635083E1	-2.123684E1	2.680211E1	8.794075E3	1.022617E2	8.625594E1
5.304800E1	1.060960E5	2.195649E1	-1.524089E1	2.672774E1	8.937522E3	1.078673E2	8.026000E1
5.305000E1	1.061000E5	2.564746E1	-7.673256E0	2.677071E1	9.113191E3	1.115583E2	7.269236E1
5.305200E1	1.061040E5	2.683439E1	7.901815E-1	2.684602E1	9.043343E3	1.127452E2	6.422893E1
5.305400E1	1.061080E5	2.554879E1	9.055901E0	2.710627E1	8.821498E3	1.114596E2	5.596321E1
5.305600E1	1.061120E5	2.202762E1	1.658253E1	2.757166E1	8.637514E3	1.079384E2	4.843657E1
5.305800E1	1.061160E5	1.663594E1	2.295397E1	2.834854E1	8.435358E3	1.025468E2	4.206513E1
5.306000E1	1.061200E5	9.500766E0	2.715135E1	2.876561E1	8.261093E3	9.541159E1	3.786776E1
5.306200E1	1.061240E5	1.458501E0	2.890674E1	2.894351E1	8.039000E3	8.736933E1	3.611237E1
5.306400E1	1.061280E5	-6.479489E0	2.835893E1	2.908973E1	7.945483E3	7.943134E1	3.666018E1
5.306600E1	1.061320E5	-1.407301E1	2.550005E1	2.912563E1	8.087463E3	7.183782E1	3.951906E1
5.306800E1	1.061360E5	-2.033062E1	2.017512E1	2.864210E1	8.393516E3	6.558021E1	4.484399E1
5.307000E1	1.061400E5	-2.496237E1	1.301255E1	2.815042E1	8.606830E3	6.094846E1	5.200656E1
5.307200E1	1.061440E5	-2.720413E1	4.969696E0	2.765435E1	8.638737E3	5.870669E1	6.004941E1
5.307400E1	1.061480E5	-2.726543E1	-3.358648E0	2.747152E1	8.732260E3	5.864540E1	6.837776E1
5.307600E1	1.061520E5	-2.470960E1	-1.130058E1	2.717107E1	8.825175E3	6.120123E1	7.631969E1
5.307800E1	1.061560E5	-1.985449E1	-1.808090E1	2.685367E1	8.959991E3	6.605634E1	8.310001E1
5.308000E1	1.061600E5	-1.320640E1	-2.326285E1	2.675012E1	8.927364E3	7.270443E1	8.828196E1
5.308200E1	1.061640E5	-5.551688E0	-2.619206E1	2.677396E1	8.780878E3	8.035914E1	9.121116E1
5.308400E1	1.061680E5	2.586644E0	-2.666919E1	2.679434E1	8.767277E3	8.849747E1	9.168830E1
5.308600E1	1.061720E5	1.043295E1	-2.445761E1	2.658987E1	8.843718E3	9.634378E1	8.947672E1
5.308800E1	1.061760E5	1.734851E1	-2.001732E1	2.648894E1	8.880239E3	1.032593E2	8.503642E1
5.309000E1	1.061800E5	2.266468E1	-1.382224E1	2.654698E1	8.891935E3	1.085755E2	7.884135E1
5.309200E1	1.061840E5	2.576939E1	-6.195056E0	2.650359E1	8.981361E3	1.116802E2	7.121416E1
5.309400E1	1.061880E5	2.659828E1	2.115834E0	2.668230E1	8.956876E3	1.125091E2	6.290327E1
5.309600E1	1.061920E5	2.502395E1	1.026812E1	2.704870E1	8.793625E3	1.109348E2	5.475099E1
5.309800E1	1.061960E5	2.123049E1	1.764009E1	2.760266E1	8.683055E3	1.071413E2	4.737901E1
5.310000E1	1.062000E5	1.537791E1	2.371807E1	2.826706E1	8.472581E3	1.012887E2	4.130104E1
5.310200E1	1.062040E5	8.140526E0	2.768232E1	2.885445E1	8.210701E3	9.405135E1	3.733678E1
5.310400E1	1.062080E5	5.849830E-2	2.912733E1	2.912739E1	8.012331E3	8.596933E1	3.589178E1
5.310600E1	1.062120E5	-7.838441E0	2.795670E1	2.903477E1	7.997309E3	7.807239E1	3.706241E1
5.310800E1	1.062160E5	-1.517920E1	2.441093E1	2.874546E1	8.247980E3	7.073163E1	4.060818E1
5.311000E1	1.062200E5	-2.146310E1	1.888619E1	2.858938E1	8.447362E3	6.444772E1	4.613292E1
5.311200E1	1.062240E5	-2.565388E1	1.160279E1	2.815575E1	8.505684E3	6.025695E1	5.341632E1
5.311400E1	1.062280E5	-2.754103E1	3.539334E0	2.776752E1	8.626626E3	5.836980E1	6.147977E1
5.311600E1	1.062320E5	-2.681188E1	-4.809784E0	2.723987E1	8.903775E3	5.909895E1	6.982889E1
5.311800E1	1.062360E5	-2.369247E1	-1.275286E1	2.690666E1	8.999374E3	6.221836E1	7.777196E1
5.312000E1	1.062400E5	-1.860774E1	-1.938203E1	2.686841E1	8.914799E3	6.730308E1	8.440114E1
5.312200E1	1.062440E5	-1.174959E1	-2.403833E1	2.675620E1	8.910186E3	7.416123E1	8.905744E1
5.312400E1	1.062480E5	-3.817797E0	-2.652108E1	2.679447E1	8.879703E3	8.209303E1	9.154019E1
5.312600E1	1.062520E5	4.402817E0	-2.639484E1	2.675953E1	8.759082E3	9.031365E1	9.141395E1
5.312800E1	1.062560E5	1.204352E1	-2.379597E1	2.667011E1	8.721292E3	9.795434E1	8.881508E1
5.313000E1	1.062600E5	1.879445E1	-1.922226E1	2.688357E1	8.794904E3	1.047053E2	8.424137E1
5.313200E1	1.062640E5	2.354448E1	-1.250601E1	2.665976E1	8.937193E3	1.094553E2	7.752512E1
5.313400E1	1.062680E5	2.626591E1	-4.582231E0	2.666261E1	9.121930E3	1.121767E2	6.960134E1
5.313600E1	1.062720E5	2.672390E1	3.999647E0	2.702155E1	8.968660E3	1.126347E2	6.101946E1
5.313800E1	1.062760E5	2.463020E1	1.200160E1	2.739864E1	8.687706E3	1.105410E2	5.301750E1
5.314000E1	1.062800E5	2.028097E1	1.908701E1	2.785017E1	8.523365E3	1.061918E2	4.593210E1
5.314200E1	1.062840E5	1.414945E1	2.457897E1	2.836076E1	8.329834E3	1.000603E2	4.044013E1
5.314400E1	1.062880E5	6.713491E0	2.814147E1	2.893118E1	8.233043E3	9.262432E1	3.687764E1
5.314600E1	1.062920E5	-1.521741E0	2.899491E1	2.903481E1	8.078977E3	8.438909E1	3.602420E1
5.314800E1	1.062960E5	-9.401524E0	2.746259E1	2.902727E1	8.024137E3	7.650930E1	3.755652E1
5.315000E1	1.063000E5	-1.660846E1	2.363070E1	2.888340E1	8.198318E3	6.930237E1	4.138840E1
5.315200E1	1.063040E5	-2.232936E1	1.764013E1	2.845654E1	8.403276E3	6.358147E1	4.737898E1
5.315400E1	1.063080E5	-2.616696E1	1.019473E1	2.808277E1	8.614757E3	5.974387E1	5.482438E1
5.315600E1	1.063120E5	-2.764219E1	1.860033E0	2.770470E1	8.711677E3	5.826864E1	6.315908E1
5.315800E1	1.063160E5	-2.650840E1	-6.393793E0	2.726859E1	8.783173E3	5.940243E1	7.141290E1
5.316000E1	1.063200E5	-2.304184E1	-1.400034E1	2.696174E1	8.951230E3	6.286899E1	7.901945E1
5.316200E1	1.063240E5	-1.743982E1	-2.032266E1	2.677980E1	8.949245E3	6.847101E1	8.534177E1
5.316400E1	1.063280E5	-1.041093E1	-2.462221E1	2.673277E1	8.813184E3	7.549990E1	8.964132E1
5.316600E1	1.063320E5	-2.494400E0	-2.647833E1	2.659557E1	8.751732E3	8.341643E1	9.149744E1
5.316800E1	1.063360E5	5.573976E0	-2.602911E1	2.661923E1	8.730361E3	9.148480E1	9.104822E1
5.317000E1	1.063400E5	1.311090E1	-2.313596E1	2.659263E1	8.812358E3	9.902172E1	8.815506E1
5.317200E1	1.063440E5	1.959503E1	-1.805873E1	2.664738E1	8.906195E3	1.055059E2	8.307783E1
5.317400E1	1.063480E5	2.412500E1	-1.116544E1	2.658351E1	8.985800E3	1.100358E2	7.618455E1
5.317600E1	1.063520E5	2.657789E1	-3.131766E0	2.676176E1	9.021435E3	1.124887E2	6.815087E1
5.317800E1	1.063560E5	2.651451E1	5.274197E0	2.703399E1	8.834967E3	1.124253E2	5.974491E1
5.318000E1	1.063600E5	2.405205E1	1.312422E1	2.739975E1	8.683037E3	1.099629E2	5.189489E1
5.318200E1	1.063640E5	1.940447E1	2.008158E1	2.792496E1	8.609524E3	1.053153E2	4.493752E1
5.318400E1	1.063680E5	1.284812E1	2.527863E1	2.835637E1	8.464441E3	9.875895E1	3.974048E1
5.318600E1	1.063720E5	5.052717E0	2.819528E1	2.864444E1	8.156497E3	9.096355E1	3.682383E1
5.318800E1	1.063760E5	-2.857517E0	2.871189E1	2.885374E1	7.981938E3	8.305331E1	3.630722E1
5.319000E1	1.063800E5	-1.071083E1	2.682251E1	2.888198E1	8.083172E3	7.519999E1	3.819660E1
5.319200E1	1.063840E5	-1.760211E1	2.251649E1	2.858018E1	8.267134E3	6.830872E1	4.250262E1
5.319400E1	1.063880E5	-2.309173E1	1.626742E1	2.824636E1	8.515972E3	6.281909E1	4.875169E1
5.319600E1	1.063920E5	-2.636133E1	8.524563E0	2.770538E1	8.594747E3	5.954949E1	5.649454E1
5.319800E1	1.063960E5	-2.744800E1	3.758625E-1	2.745057E1	8.672490E3	5.846283E1	6.464325E1
5.320000E1	1.064000E5	-2.585005E1	-7.789882E0	2.699829E1	8.920872E3	6.006077E1	7.280899E1
5.320200E1	1.064040E5	-2.202436E1	-1.536381E1	2.685366E1	9.038537E3	6.388647E1	8.038292E1
5.320400E1	1.064080E5	-1.607689E1	-2.127618E1	2.666725E1	9.018607E3	6.983394E1	8.629529E1
5.320600E1	1.064120E5	-8.676255E0	-2.515969E1	2.661367E1	8.870525E3	7.723457E1	9.017880E1
5.320800E1	1.064160E5	-7.430434E-1	-2.670766E1	2.671799E1	8.692881E3	8.516778E1	9.172677E1
5.321000E1	1.064200E5	7.318651E0	-2.595882E1	2.697078E1	8.667274E3	9.322948E1	9.097793E1
5.321200E1	1.064240E5	1.472529E1	-2.260972E1	2.698210E1	8.714509E3	1.006361E2	8.762883E1
5.321400E1	1.064280E5	2.060647E1	-1.692457E1	2.666585E1	8.846881E3	1.065173E2	8.194368E1
5.321600E1	1.064320E5	2.473800E1	-9.763024E0	2.659483E1	8.911354E3	1.106488E2	7.478213E1
5.321800E1	1.064360E5	2.658379E1	-1.743161E0	2.664088E1	8.932669E3	1.124946E2	6.676227E1
5.322000E1	1.064400E5	2.602481E1	6.582225E0	2.684430E1	8.996853E3	1.119356E2	5.843688E1
5.322200E1	1.064440E5	2.325290E1	1.466341E1	2.749024E1	8.865807E3	1.091637E2	5.035570E1
5.322400E1	1.064480E5	1.818223E1	2.140707E1	2.808659E1	8.580689E3	1.040931E2	4.361203E1
5.322600E1	1.064520E5	1.145364E1	2.641530E1	2.879156E1	8.302368E3	9.736446E1	3.860380E1
5.322800E1	1.064560E5	3.630478E0	2.900834E1	2.923464E1	8.098569E3	8.954131E1	3.601076E1
5.323000E1	1.064600E5	-4.554264E0	2.890862E1	2.926516E1	8.042629E3	8.135656E1	3.611049E1
5.323200E1	1.064640E5	-1.229597E1	2.632454E1	2.905464E1	8.074968E3	7.361486E1	3.869457E1
5.323400E1	1.064680E5	-1.906862E1	2.174155E1	2.891897E1	8.209849E3	6.684221E1	4.327756E1
5.323600E1	1.064720E5	-2.392702E1	1.502320E1	2.825241E1	8.489395E3	6.198381E1	4.999591E1
5.323800E1	1.064760E5	-2.679512E1	7.074447E0	2.771328E1	8.671007E3	5.911571E1	5.794466E1
5.324000E1	1.064800E5	-2.728062E1	-1.219864E0	2.730788E1	8.731397E3	5.863021E1	6.623897E1
5.324200E1	1.064840E5	-2.545119E1	-9.331870E0	2.710806E1	8.763614E3	6.045964E1	7.435098E1
5.324400E1	1.064880E5	-2.129283E1	-1.640643E1	2.688039E1	8.838565E3	6.461799E1	8.142554E1
5.324600E1	1.064920E5	-1.513745E1	-2.201697E1	2.671871E1	8.934859E3	7.077338E1	8.703608E1
5.324800E1	1.064960E5	-7.657100E0	-2.561043E1	2.673060E1	8.934663E3	7.825373E1	9.062954E1
5.325000E1	1.065000E5	5.704508E-1	-2.659566E1	2.660178E1	8.841606E3	8.648128E1	9.161477E1
5.325200E1	1.065040E5	8.528124E0	-2.516543E1	2.657119E1	8.762974E3	9.443895E1	9.018454E1
5.325400E1	1.065080E5	1.573405E1	-2.143449E1	2.658942E1	8.854045E3	1.016449E2	8.645359E1
5.325600E1	1.065120E5	2.142000E1	-1.548454E1	2.643080E1	9.018326E3	1.073308E2	8.050365E1
5.325800E1	1.065160E5	2.528166E1	-8.042187E0	2.652997E1	9.048220E3	1.111925E2	7.306130E1
5.326000E1	1.065200E5	2.681316E1	1.542822E-1	2.681361E1	8.956498E3	1.127240E2	6.486483E1
5.326200E1	1.065240E5	2.562036E1	8.413608E0	2.696649E1	8.921586E3	1.115312E2	5.660550E1
5.326400E1	1.065280E5	2.237782E1	1.626800E1	2.766612E1	8.696922E3	1.082886E2	4.875111E1
5.326600E1	1.065320E5	1.692439E1	2.243304E1	2.810118E1	8.354348E3	1.028352E2	4.258606E1
5.326800E1	1.065360E5	1.014007E1	2.702505E1	2.886476E1	8.177777E3	9.605090E1	3.799406E1
5.327000E1	1.065400E5	2.191747E0	2.900534E1	2.908803E1	8.006554E3	8.810257E1	3.601377E1
5.327200E1	1.065440E5	-5.778289E0	2.850399E1	2.908378E1	7.995219E3	8.013254E1	3.651511E1
5.327400E1	1.065480E5	-1.345264E1	2.566745E1	2.897916E1	8.179486E3	7.245819E1	3.935166E1
5.327600E1	1.065520E5	-1.995205E1	2.053322E1	2.863036E1	8.340312E3	6.595878E1	4.448589E1
5.327800E1	1.065560E5	-2.460460E1	1.362684E1	2.812609E1	8.497872E3	6.130623E1	5.139227E1
5.328000E1	1.065600E5	-2.711647E1	5.680212E0	2.770502E1	8.630426E3	5.879435E1	5.933890E1
5.328200E1	1.065640E5	-2.730704E1	-2.649846E0	2.743530E1	8.717609E3	5.860379E1	6.766895E1
5.328400E1	1.065680E5	-2.495219E1	-1.061188E1	2.711501E1	8.830493E3	6.095864E1	7.563099E1
5.328600E1	1.065720E5	-2.015199E1	-1.743438E1	2.664696E1	8.941873E3	6.575884E1	8.245349E1
5.328800E1	1.065760E5	-1.376039E1	-2.272735E1	2.656842E1	9.057062E3	7.215044E1	8.774646E1
5.329000E1	1.065800E5	-5.962362E0	-2.601799E1	2.669242E1	8.980687E3	7.994847E1	9.103710E1
5.329200E1	1.065840E5	2.209589E0	-2.670603E1	2.679728E1	8.756715E3	8.812042E1	9.172514E1
5.329400E1	1.065880E5	1.014858E1	-2.496837E1	2.695206E1	8.757523E3	9.605941E1	8.998748E1
5.329600E1	1.065920E5	1.719728E1	-2.067027E1	2.688878E1	8.885378E3	1.031081E2	8.568938E1
5.329800E1	1.065960E5	2.257485E1	-1.429266E1	2.671898E1	9.005231E3	1.084857E2	7.931177E1
5.330000E1	1.066000E5	2.577709E1	-6.531821E0	2.659178E1	9.082156E3	1.116879E2	7.155093E1
5.330200E1	1.066040E5	2.668313E1	1.861084E0	2.674795E1	8.978755E3	1.125940E2	6.315802E1
5.330400E1	1.066080E5	2.524505E1	1.004407E1	2.716976E1	8.807644E3	1.111559E2	5.497504E1
5.330600E1	1.066120E5	2.144046E1	1.749910E1	2.767512E1	8.704471E3	1.073513E2	4.752001E1
5.330800E1	1.066160E5	1.566623E1	2.368136E1	2.839432E1	8.446120E3	1.015771E2	4.133775E1
5.331000E1	1.066200E5	8.455623E0	2.766545E1	2.892878E1	8.207406E3	9.436645E1	3.735366E1
5.331200E1	1.066240E5	3.351035E-1	2.923506E1	2.923698E1	8.035244E3	8.624593E1	3.578405E1
5.331400E1	1.066280E5	-7.613078E0	2.812589E1	2.913803E1	7.962453E3	7.829775E1	3.689322E1
5.331600E1	1.066320E5	-1.497536E1	2.473398E1	2.891420E1	8.106951E3	7.093547E1	4.028513E1
5.331800E1	1.066360E5	-2.102078E1	1.921237E1	2.847786E1	8.386237E3	6.489004E1	4.580674E1
5.332000E1	1.066400E5	-2.523443E1	1.190777E1	2.790289E1	8.612466E3	6.067640E1	5.311134E1
5.332200E1	1.066440E5	-2.737169E1	3.835402E0	2.763909E1	8.686632E3	5.853914E1	6.118371E1
5.332400E1	1.066480E5	-2.692938E1	-4.498979E0	2.730261E1	8.756633E3	5.898145E1	6.951809E1
5.332600E1	1.066520E5	-2.393679E1	-1.222273E1	2.687685E1	8.912428E3	6.197404E1	7.724184E1
5.332800E1	1.066560E5	-1.880257E1	-1.889091E1	2.665338E1	9.033487E3	6.710826E1	8.391001E1
5.333000E1	1.066600E5	-1.206504E1	-2.386812E1	2.674420E1	8.995737E3	7.384579E1	8.888723E1
5.333200E1	1.066640E5	-4.153620E0	-2.657675E1	2.689937E1	8.726691E3	8.175721E1	9.159586E1
5.333400E1	1.066680E5	3.774583E0	-2.655243E1	2.681938E1	8.546625E3	8.968541E1	9.157154E1
5.333600E1	1.066720E5	1.138109E1	-2.407282E1	2.662761E1	8.745331E3	9.729192E1	8.909193E1
5.333800E1	1.066760E5	1.816455E1	-1.943006E1	2.659846E1	8.932151E3	1.040754E2	8.444917E1
5.334000E1	1.066800E5	2.328209E1	-1.288830E1	2.661135E1	8.940078E3	1.091929E2	7.790741E1
5.334200E1	1.066840E5	2.623396E1	-5.179068E0	2.674029E1	8.988331E3	1.121448E2	7.019818E1
5.334400E1	1.066880E5	2.682817E1	3.287269E0	2.702881E1	8.967047E3	1.127390E2	6.173184E1
5.334600E1	1.066920E5	2.466440E1	1.134464E1	2.714836E1	8.908285E3	1.105752E2	5.367447E1
5.334800E1	1.066960E5	2.043179E1	1.880037E1	2.776531E1	8.733705E3	1.063426E2	4.621874E1
5.335000E1	1.067000E5	1.436027E1	2.451113E1	2.840797E1	8.374048E3	1.002711E2	4.050797E1
5.335200E1	1.067040E5	6.970320E0	2.819739E1	2.904614E1	8.073867E3	9.288115E1	3.682172E1
5.335400E1	1.067080E5	-9.811464E-1	2.910355E1	2.912008E1	7.891688E3	8.492968E1	3.591556E1
5.335600E1	1.067120E5	-8.820005E0	2.766717E1	2.903902E1	7.981026E3	7.709082E1	3.735194E1
5.335800E1	1.067160E5	-1.606787E1	2.395218E1	2.884239E1	8.218761E3	6.984296E1	4.106693E1
5.336000E1	1.067200E5	-2.180664E1	1.793974E1	2.823764E1	8.481284E3	6.410418E1	4.707937E1
5.336200E1	1.067240E5	-2.574227E1	1.051567E1	2.780726E1	8.586078E3	6.016856E1	5.450344E1
5.336400E1	1.067280E5	-2.735553E1	2.440890E0	2.746421E1	8.618127E3	5.855530E1	6.257822E1
5.336600E1	1.067320E5	-2.643268E1	-5.740346E0	2.704881E1	8.800034E3	5.947815E1	7.075945E1
5.336800E1	1.067360E5	-2.335086E1	-1.353669E1	2.699082E1	8.932826E3	6.255997E1	7.855580E1
5.337000E1	1.067400E5	-1.790738E1	-1.987692E1	2.675381E1	9.017069E3	6.800345E1	8.489603E1
5.337200E1	1.067440E5	-1.080619E1	-2.446563E1	2.674586E1	8.998528E3	7.510464E1	8.948474E1
5.337400E1	1.067480E5	-2.798830E0	-2.653111E1	2.667833E1	8.845175E3	8.311200E1	9.155021E1
5.337600E1	1.067520E5	5.335325E0	-2.610685E1	2.664645E1	8.750737E3	9.124615E1	9.112596E1
5.337800E1	1.067560E5	1.292497E1	-2.333556E1	2.667590E1	8.802250E3	9.883580E1	8.835467E1
5.338000E1	1.067600E5	1.947845E1	-1.831760E1	2.673845E1	8.876591E3	1.053893E2	8.333671E1
5.338200E1	1.067640E5	2.407588E1	-1.149015E1	2.667717E1	8.965530E3	1.099867E2	7.650926E1
5.338400E1	1.067680E5	2.660830E1	-3.445746E0	2.683048E1	9.044042E3	1.125191E2	6.846485E1
5.338600E1	1.067720E5	2.660302E1	5.009134E0	2.707050E1	8.857424E3	1.125138E2	6.000997E1
5.338800E1	1.067760E5	2.422548E1	1.290860E1	2.745006E1	8.670725E3	1.101363E2	5.211051E1
5.339000E1	1.067800E5	1.969554E1	1.993513E1	2.802363E1	8.570828E3	1.056064E2	4.508398E1
5.339200E1	1.067840E5	1.322001E1	2.521711E1	2.847229E1	8.330786E3	9.913084E1	3.980200E1
5.339400E1	1.067880E5	5.654600E0	2.822039E1	2.878133E1	8.166712E3	9.156543E1	3.679872E1
5.339600E1	1.067920E5	-2.523343E0	2.883513E1	2.894532E1	8.123392E3	8.338748E1	3.618398E1
5.339800E1	1.067960E5	-1.045968E1	2.701827E1	2.897226E1	8.112060E3	7.545115E1	3.800084E1
5.340000E1	1.068000E5	-1.746766E1	2.280596E1	2.872684E1	8.240306E3	6.844316E1	4.221314E1
5.340200E1	1.068040E5	-2.299193E1	1.662852E1	2.837493E1	8.369976E3	6.291889E1	4.839059E1
5.340400E1	1.068080E5	-2.636406E1	9.114268E0	2.789505E1	8.559068E3	5.954677E1	5.590484E1
5.340600E1	1.068120E5	-2.753933E1	7.882014E-1	2.755061E1	8.693778E3	5.837150E1	6.423091E1
5.340800E1	1.068160E5	-2.617909E1	-7.360794E0	2.719423E1	8.723937E3	5.973174E1	7.237990E1
5.341000E1	1.068200E5	-2.253872E1	-1.478060E1	2.695293E1	8.934220E3	6.337210E1	7.979971E1
5.341200E1	1.068240E5	-1.678060E1	-2.105181E1	2.692150E1	9.026331E3	6.913023E1	8.607092E1
5.341400E1	1.068280E5	-9.471802E0	-2.514821E1	2.687281E1	8.842701E3	7.643903E1	9.016732E1
5.341600E1	1.068320E5	-1.494712E0	-2.683667E1	2.687826E1	8.706176E3	8.441612E1	9.185578E1
5.341800E1	1.068360E5	6.607541E0	-2.613890E1	2.696112E1	8.678324E3	9.251837E1	9.115801E1
5.342000E1	1.068400E5	1.398269E1	-2.279497E1	2.674184E1	8.795173E3	9.989351E1	8.781408E1
5.342200E1	1.068440E5	2.035820E1	-1.746940E1	2.682603E1	8.974968E3	1.062690E2	8.248851E1
5.342400E1	1.068480E5	2.463278E1	-1.024089E1	2.667676E1	9.039817E3	1.105436E2	7.525999E1
5.342600E1	1.068520E5	2.663025E1	-2.083536E0	2.671164E1	8.992493E3	1.125411E2	6.710264E1
5.342800E1	1.068560E5	2.627677E1	6.257709E0	2.701162E1	8.847503E3	1.121876E2	5.876140E1
5.343000E1	1.068600E5	2.356375E1	1.411174E1	2.746619E1	8.738949E3	1.094746E2	5.090737E1
5.343200E1	1.068640E5	1.852719E1	2.083180E1	2.787868E1	8.647349E3	1.044380E2	4.418731E1
5.343400E1	1.068680E5	1.179232E1	2.588275E1	2.844250E1	8.412033E3	9.770315E1	3.913636E1
5.343600E1	1.068720E5	4.023365E0	2.862477E1	2.890614E1	8.058251E3	8.993419E1	3.639434E1
5.343800E1	1.068760E5	-3.932328E0	2.893678E1	2.920275E1	7.901215E3	8.197850E1	3.608233E1
5.344000E1	1.068800E5	-1.161452E1	2.657948E1	2.900631E1	8.077268E3	7.429631E1	3.843963E1
5.344200E1	1.068840E5	-1.843644E1	2.193450E1	2.865352E1	8.351852E3	6.747439E1	4.308461E1
5.344400E1	1.068880E5	-2.369492E1	1.538093E1	2.824929E1	8.461297E3	6.221591E1	4.963818E1
5.344600E1	1.068920E5	-2.671825E1	7.715366E0	2.780993E1	8.509000E3	5.919257E1	5.730374E1
5.344800E1	1.068960E5	-2.740370E1	-5.010344E-1	2.740828E1	8.680626E3	5.850713E1	6.552014E1
5.345000E1	1.069000E5	-2.565783E1	-8.642541E0	2.707430E1	8.835291E3	6.025300E1	7.366165E1
5.345200E1	1.069040E5	-2.148893E1	-1.583641E1	2.669393E1	9.013652E3	6.442190E1	8.085552E1
5.345400E1	1.069080E5	-1.543233E1	-2.177177E1	2.668645E1	9.039542E3	7.047850E1	8.679088E1
5.345600E1	1.069120E5	-8.031279E0	-2.554467E1	2.677745E1	8.933263E3	7.787955E1	9.056378E1
5.345800E1	1.069160E5	1.875920E-1	-2.665944E1	2.666010E1	8.881647E3	8.609842E1	9.167855E1
5.346000E1	1.069200E5	8.269880E0	-2.534161E1	2.665686E1	8.757649E3	9.418071E1	9.036072E1
5.346200E1	1.069240E5	1.544808E1	-2.171047E1	2.664559E1	8.689966E3	1.013589E2	8.672957E1
5.346400E1	1.069280E5	2.128288E1	-1.613513E1	2.670774E1	8.837123E3	1.071937E2	8.115424E1
5.346600E1	1.069320E5	2.527891E1	-8.811829E0	2.677072E1	8.957283E3	1.111897E2	7.383094E1
5.346800E1	1.069360E5	2.682069E1	-6.262715E-1	2.682800E1	9.076172E3	1.127315E2	6.564538E1
5.347000E1	1.069400E5	2.590400E1	7.962646E0	2.710020E1	9.036068E3	1.118148E2	5.705646E1
5.347200E1	1.069440E5	2.252731E1	1.566076E1	2.743609E1	8.730402E3	1.084381E2	4.935835E1
5.347400E1	1.069480E5	1.732301E1	2.217926E1	2.814261E1	8.449597E3	1.032338E2	4.283984E1
5.347600E1	1.069520E5	1.043588E1	2.663611E1	2.860751E1	8.223874E3	9.634671E1	3.838300E1
5.347800E1	1.069560E5	2.581734E0	2.895082E1	2.906571E1	8.065220E3	8.849256E1	3.606829E1
5.348000E1	1.069600E5	-5.495559E0	2.862976E1	2.915244E1	8.029044E3	8.041527E1	3.638934E1
5.348200E1	1.069640E5	-1.319947E1	2.588284E1	2.905421E1	8.136081E3	7.271136E1	3.913627E1
5.348400E1	1.069680E5	-1.976833E1	2.089694E1	2.876576E1	8.303919E3	6.614250E1	4.412216E1
5.348600E1	1.069720E5	-2.449891E1	1.401029E1	2.822206E1	8.485807E3	6.141191E1	5.100882E1
5.348800E1	1.069760E5	-2.714420E1	6.090600E0	2.781911E1	8.643138E3	5.876663E1	5.892851E1
5.349000E1	1.069800E5	-2.745012E1	-2.309125E0	2.754707E1	8.677872E3	5.846071E1	6.732823E1
5.349200E1	1.069840E5	-2.516571E1	-1.020080E1	2.715454E1	8.720115E3	6.074512E1	7.521991E1
5.349400E1	1.069880E5	-2.076979E1	-1.723662E1	2.699046E1	8.927989E3	6.514104E1	8.225573E1
5.349600E1	1.069920E5	-1.428736E1	-2.266767E1	2.679462E1	8.930485E3	7.162347E1	8.768678E1
5.349800E1	1.069960E5	-6.693837E0	-2.571800E1	2.657485E1	8.835712E3	7.921699E1	9.073711E1
5.350000E1	1.070000E5	1.460013E0	-2.678737E1	2.682713E1	8.786048E3	8.737084E1	9.180648E1
5.350200E1	1.070040E5	9.442766E0	-2.518205E1	2.689427E1	8.724003E3	9.535359E1	9.020116E1
5.350400E1	1.070080E5	1.650287E1	-2.111073E1	2.679566E1	8.786495E3	1.024137E2	8.612984E1
5.350600E1	1.070120E5	2.204215E1	-1.503556E1	2.668191E1	8.969821E3	1.079530E2	8.005467E1
5.350800E1	1.070160E5	2.568640E1	-7.416406E0	2.673564E1	9.100971E3	1.115972E2	7.243551E1
5.351000E1	1.070200E5	2.679291E1	9.847460E-1	2.681100E1	9.003845E3	1.127037E2	6.403436E1
5.351200E1	1.070240E5	2.549142E1	9.233012E0	2.711201E1	8.829676E3	1.114022E2	5.578610E1
5.351400E1	1.070280E5	2.188934E1	1.674996E1	2.756274E1	8.732858E3	1.078002E2	4.826915E1
5.351600E1	1.070320E5	1.618414E1	2.297810E1	2.810551E1	8.436069E3	1.020950E2	4.204100E1
5.351800E1	1.070360E5	9.247890E0	2.711566E1	2.864930E1	8.141924E3	9.515872E1	3.790345E1
5.352000E1	1.070400E5	1.307108E0	2.889104E1	2.892059E1	8.066913E3	8.721794E1	3.612807E1
5.352200E1	1.070440E5	-6.743245E0	2.822752E1	2.902179E1	8.071513E3	7.916758E1	3.679159E1
5.352400E1	1.070480E5	-1.422617E1	2.494558E1	2.871700E1	8.215203E3	7.168466E1	4.007353E1
5.352600E1	1.070520E5	-2.058076E1	1.966991E1	2.846881E1	8.349939E3	6.533007E1	4.534920E1
5.352800E1	1.070560E5	-2.504597E1	1.270910E1	2.808597E1	8.428750E3	6.086486E1	5.231001E1
5.353000E1	1.070600E5	-2.715738E1	4.783037E0	2.757536E1	8.540830E3	5.875345E1	6.023607E1
5.353200E1	1.070640E5	-2.716309E1	-3.459763E0	2.738253E1	8.671533E3	5.874774E1	6.847887E1
5.353400E1	1.070680E5	-2.460653E1	-1.131642E1	2.708399E1	8.831706E3	6.130430E1	7.633553E1
5.353600E1	1.070720E5	-1.974821E1	-1.815019E1	2.682203E1	8.996709E3	6.616262E1	8.316930E1
5.353800E1	1.070760E5	-1.307197E1	-2.327904E1	2.669813E1	9.071856E3	7.283886E1	8.829815E1
5.354000E1	1.070800E5	-5.150673E0	-2.618770E1	2.668941E1	8.832158E3	8.076016E1	9.120680E1
5.354200E1	1.070840E5	2.805522E0	-2.663488E1	2.678223E1	8.619952E3	8.871635E1	9.165399E1
5.354400E1	1.070880E5	1.053279E1	-2.439503E1	2.657174E1	8.770120E3	9.644362E1	8.941414E1
5.354600E1	1.070920E5	1.740755E1	-1.995927E1	2.648387E1	8.862201E3	1.033184E2	8.497838E1
5.354800E1	1.070960E5	2.270125E1	-1.374753E1	2.653943E1	8.898435E3	1.086121E2	7.876664E1
5.355000E1	1.071000E5	2.584412E1	-6.115404E0	2.655780E1	8.986570E3	1.117549E2	7.113451E1
5.355200E1	1.071040E5	2.660011E1	2.209280E0	2.669170E1	8.916421E3	1.125109E2	6.280983E1
5.355400E1	1.071080E5	2.505337E1	1.030214E1	2.708885E1	8.763293E3	1.109642E2	5.471697E1
5.355600E1	1.071120E5	2.121001E1	1.767214E1	2.760741E1	8.678157E3	1.071208E2	4.734697E1
5.355800E1	1.071160E5	1.537788E1	2.373921E1	2.828479E1	8.451726E3	1.012887E2	4.127990E1
5.356000E1	1.071200E5	8.130394E0	2.763877E1	2.880981E1	8.207706E3	9.404122E1	3.738034E1
5.356200E1	1.071240E5	5.271827E-2	2.912702E1	2.912707E1	8.006532E3	8.596355E1	3.589208E1
5.356400E1	1.071280E5	-7.822196E0	2.795186E1	2.902574E1	7.995209E3	7.808863E1	3.706724E1
5.356600E1	1.071320E5	-1.516259E1	2.438140E1	2.871161E1	8.230648E3	7.074824E1	4.063771E1
5.356800E1	1.071360E5	-2.141050E1	1.890473E1	2.856218E1	8.433885E3	6.450033E1	4.611438E1
5.357000E1	1.071400E5	-2.562611E1	1.161768E1	2.813659E1	8.516999E3	6.028472E1	5.340143E1
5.357200E1	1.071440E5	-2.745860E1	3.554259E0	2.768768E1	8.611048E3	5.845222E1	6.146485E1
5.357400E1	1.071480E5	-2.675761E1	-4.745477E0	2.717516E1	8.831358E3	5.915322E1	6.976459E1
5.357600E1	1.071520E5	-2.382089E1	-1.263916E1	2.696634E1	8.904151E3	6.208994E1	7.765827E1
5.357800E1	1.071560E5	-1.860644E1	-1.904908E1	2.662831E1	8.955721E3	6.730439E1	8.406819E1
5.358000E1	1.071600E5	-1.178600E1	-2.392378E1	2.666940E1	9.016240E3	7.412483E1	8.894288E1
5.358200E1	1.071640E5	-3.844681E0	-2.647866E1	2.675632E1	8.874250E3	8.206615E1	9.149777E1
5.358400E1	1.071680E5	4.309492E0	-2.640339E1	2.675277E1	8.656134E3	9.022032E1	9.142250E1
5.358600E1	1.071720E5	1.189280E1	-2.399682E1	2.678220E1	8.617611E3	9.780363E1	8.901593E1
5.358800E1	1.071760E5	1.842874E1	-1.925739E1	2.665456E1	8.803001E3	1.043396E2	8.427650E1
5.359000E1	1.071800E5	2.336212E1	-1.264504E1	2.656474E1	9.014595E3	1.092729E2	7.766415E1
5.359200E1	1.071840E5	2.628815E1	-4.730576E0	2.671039E1	9.007353E3	1.121990E2	6.974968E1
5.359400E1	1.071880E5	2.668670E1	3.562847E0	2.692349E1	8.952140E3	1.125975E2	6.145626E1
5.359600E1	1.071920E5	2.464342E1	1.181101E1	2.732761E1	8.826832E3	1.105542E2	5.320809E1
5.359800E1	1.071960E5	2.038336E1	1.894915E1	2.783077E1	8.562644E3	1.062942E2	4.606995E1
5.360000E1	1.072000E5	1.427476E1	2.458359E1	2.842748E1	8.325152E3	1.001856E2	4.043552E1
5.360200E1	1.072040E5	6.906803E0	2.814560E1	2.898066E1	8.049801E3	9.281763E1	3.687351E1
5.360400E1	1.072080E5	-1.044331E0	2.907508E1	2.909383E1	7.895623E3	8.486650E1	3.594402E1
5.360600E1	1.072120E5	-8.860111E0	2.760460E1	2.899164E1	8.024664E3	7.705072E1	3.741451E1
5.360800E1	1.072160E5	-1.611535E1	2.375246E1	2.870337E1	8.314087E3	6.979548E1	4.126665E1
5.361000E1	1.072200E5	-2.209327E1	1.785814E1	2.840820E1	8.452352E3	6.381756E1	4.716097E1
5.361200E1	1.072240E5	-2.579922E1	1.044182E1	2.783220E1	8.485484E3	6.011161E1	5.457729E1
5.361400E1	1.072280E5	-2.735515E1	2.396585E0	2.745993E1	8.598768E3	5.855568E1	6.262252E1
5.361600E1	1.072320E5	-2.639992E1	-5.785191E0	2.702636E1	8.814480E3	5.951091E1	7.080430E1
5.361800E1	1.072360E5	-2.326322E1	-1.356726E1	2.693042E1	8.936153E3	6.264761E1	7.858637E1
5.362000E1	1.072400E5	-1.784763E1	-1.989490E1	2.672723E1	8.992256E3	6.806319E1	8.491400E1
5.362200E1	1.072440E5	-1.077754E1	-2.445912E1	2.672833E1	8.982177E3	7.513329E1	8.947823E1
5.362400E1	1.072480E5	-2.766637E0	-2.647190E1	2.661608E1	8.843733E3	8.314419E1	9.149101E1
5.362600E1	1.072520E5	5.362029E0	-2.613341E1	2.667782E1	8.759910E3	9.127286E1	9.115251E1
5.362800E1	1.072560E5	1.295629E1	-2.330350E1	2.666306E1	8.790140E3	9.886711E1	8.832261E1
5.363000E1	1.072600E5	1.948353E1	-1.832473E1	2.674703E1	8.845220E3	1.053944E2	8.334384E1
5.363200E1	1.072640E5	2.405996E1	-1.149970E1	2.666692E1	8.948719E3	1.099708E2	7.651881E1
5.363400E1	1.072680E5	2.659282E1	-3.477212E0	2.681920E1	9.024636E3	1.125037E2	6.849632E1
5.363600E1	1.072720E5	2.658984E1	4.953396E0	2.704729E1	8.857144E3	1.125007E2	6.006571E1
5.363800E1	1.072760E5	2.424934E1	1.288220E1	2.745873E1	8.675669E3	1.101602E2	5.213691E1
5.364000E1	1.072800E5	1.972819E1	1.990479E1	2.802503E1	8.535919E3	1.056390E2	4.511432E1
5.364200E1	1.072840E5	1.331458E1	2.517094E1	2.847551E1	8.304731E3	9.922541E1	3.984817E1
5.364400E1	1.072880E5	5.752188E0	2.820792E1	2.878844E1	8.180776E3	9.166302E1	3.681119E1
5.364600E1	1.072920E5	-2.444199E0	2.883098E1	2.893440E1	8.101209E3	8.346663E1	3.618812E1
5.364800E1	1.072960E5	-1.032616E1	2.707122E1	2.897379E1	8.100096E3	7.558467E1	3.794788E1
5.365000E1	1.073000E5	-1.736607E1	2.284072E1	2.869284E1	8.222633E3	6.854476E1	4.217838E1
5.365200E1	1.073040E5	-2.289315E1	1.677393E1	2.838065E1	8.347754E3	6.301767E1	4.824518E1
5.365400E1	1.073080E5	-2.632007E1	9.249573E0	2.789804E1	8.555170E3	5.959076E1	5.576954E1
5.365600E1	1.073120E5	-2.755343E1	9.668762E-1	2.757039E1	8.676281E3	5.835740E1	6.405223E1
5.365800E1	1.073160E5	-2.626874E1	-7.207158E0	2.723949E1	8.709009E3	5.964209E1	7.222627E1
5.366000E1	1.073200E5	-2.276533E1	-1.468604E1	2.709133E1	8.812927E3	6.314550E1	7.970515E1
5.366200E1	1.073240E5	-1.698794E1	-2.067704E1	2.676061E1	8.936134E3	6.892289E1	8.569615E1
5.366400E1	1.073280E5	-9.679971E0	-2.466341E1	2.649501E1	8.946528E3	7.623086E1	8.968252E1
5.366600E1	1.073320E5	-1.667909E0	-2.636461E1	2.641732E1	8.821956E3	8.424292E1	9.138372E1
5.366800E1	1.073360E5	6.365569E0	-2.580190E1	2.657553E1	8.677806E3	9.227640E1	9.082101E1
5.367000E1	1.073400E5	1.382051E1	-2.291835E1	2.676298E1	8.677244E3	9.973133E1	8.793746E1
5.367200E1	1.073440E5	1.998918E1	-1.764291E1	2.666158E1	8.930286E3	1.059000E2	8.266202E1
5.367400E1	1.073480E5	2.447239E1	-1.048257E1	2.662296E1	9.086120E3	1.103832E2	7.550168E1
5.367600E1	1.073520E5	2.658714E1	-2.367174E0	2.669231E1	9.003827E3	1.124980E2	6.738628E1
5.367800E1	1.073560E5	2.635374E1	6.000864E0	2.702831E1	8.869022E3	1.122646E2	5.901824E1
5.368000E1	1.073600E5	2.375099E1	1.392805E1	2.753362E1	8.733419E3	1.096618E2	5.109106E1
5.368200E1	1.073640E5	1.878532E1	2.068934E1	2.794525E1	8.595227E3	1.046961E2	4.432977E1
5.368400E1	1.073680E5	1.215325E1	2.579087E1	2.851088E1	8.249730E3	9.806408E1	3.922824E1
5.368600E1	1.073720E5	4.659666E0	2.864415E1	2.902068E1	8.018690E3	9.057049E1	3.637496E1
5.368800E1	1.073760E5	-3.487878E0	2.906096E1	2.926952E1	8.028313E3	8.242295E1	3.595815E1
5.369000E1	1.073800E5	-1.131383E1	2.681800E1	2.910683E1	8.066414E3	7.459700E1	3.820111E1
5.369200E1	1.073840E5	-1.814511E1	2.231997E1	2.876501E1	8.217302E3	6.776572E1	4.269914E1
5.369400E1	1.073880E5	-2.356991E1	1.605249E1	2.851706E1	8.420612E3	6.234092E1	4.896662E1
5.369600E1	1.073920E5	-2.674227E1	8.282225E0	2.799544E1	8.621553E3	5.916855E1	5.673688E1
5.369800E1	1.073960E5	-2.752979E1	-1.100590E-1	2.753001E1	8.724174E3	5.838103E1	6.512917E1
5.370000E1	1.074000E5	-2.591267E1	-8.264140E0	2.719857E1	8.758960E3	5.999816E1	7.328325E1
5.370200E1	1.074040E5	-2.196535E1	-1.553214E1	2.690211E1	8.876549E3	6.394548E1	8.055125E1
5.370400E1	1.074080E5	-1.597865E1	-2.135510E1	2.667129E1	8.961640E3	6.993218E1	8.637421E1
5.370600E1	1.074120E5	-8.610209E0	-2.516478E1	2.659703E1	8.879283E3	7.730062E1	9.018389E1
5.370800E1	1.074160E5	-6.000211E-1	-2.668683E1	2.669358E1	8.763312E3	8.531081E1	9.170594E1
5.371000E1	1.074200E5	7.412919E0	-2.557422E1	2.662690E1	8.687229E3	9.332375E1	9.059333E1
5.371200E1	1.074240E5	1.465085E1	-2.216787E1	2.657183E1	8.672658E3	1.005617E2	8.718698E1
5.371400E1	1.074280E5	2.057480E1	-1.674733E1	2.652914E1	8.775832E3	1.064856E2	8.176644E1
5.371600E1	1.074320E5	2.472482E1	-9.707358E0	2.656218E1	8.843152E3	1.106356E2	7.472647E1
5.371800E1	1.074360E5	2.657909E1	-1.752358E0	2.663680E1	8.894361E3	1.124899E2	6.677147E1
5.372000E1	1.074400E5	2.603415E1	6.559464E0	2.684779E1	8.958642E3	1.119450E2	5.845964E1
5.372200E1	1.074440E5	2.327618E1	1.457991E1	2.746551E1	8.831915E3	1.091870E2	5.043920E1
5.372400E1	1.074480E5	1.826910E1	2.136720E1	2.811258E1	8.561972E3	1.041799E2	4.365191E1
5.372600E1	1.074520E5	1.157383E1	2.637893E1	2.880628E1	8.290187E3	9.748466E1	3.864018E1
5.372800E1	1.074560E5	3.753858E0	2.902242E1	2.926418E1	8.084465E3	8.966469E1	3.599669E1
5.373000E1	1.074600E5	-4.400710E0	2.893346E1	2.926622E1	8.007144E3	8.151012E1	3.608565E1
5.373200E1	1.074640E5	-1.214698E1	2.645969E1	2.911468E1	8.040248E3	7.376385E1	3.855942E1
5.373400E1	1.074680E5	-1.891804E1	2.190960E1	2.894690E1	8.184005E3	6.699279E1	4.310951E1
5.373600E1	1.074720E5	-2.386784E1	1.526724E1	2.833306E1	8.454655E3	6.204299E1	4.975187E1
5.373800E1	1.074760E5	-2.682822E1	7.375680E0	2.782362E1	8.519514E3	5.908261E1	5.764343E1
5.374000E1	1.074800E5	-2.735989E1	-7.034187E-1	2.736893E1	8.724979E3	5.855094E1	6.572253E1
5.374200E1	1.074840E5	-2.551966E1	-9.050923E0	2.707716E1	8.920409E3	6.039116E1	7.407003E1
5.374400E1	1.074880E5	-2.143254E1	-1.624130E1	2.689114E1	8.838310E3	6.447829E1	8.126041E1
5.374600E1	1.074920E5	-1.542018E1	-2.192526E1	2.680483E1	8.891456E3	7.049065E1	8.694437E1
5.374800E1	1.074960E5	-7.958525E0	-2.558365E1	2.679293E1	8.921346E3	7.795230E1	9.060276E1
5.375000E1	1.075000E5	2.638766E-1	-2.669132E1	2.669263E1	8.859083E3	8.617470E1	9.171043E1
5.375200E1	1.075040E5	8.303331E0	-2.531944E1	2.664619E1	8.698197E3	9.421416E1	9.033855E1
5.375400E1	1.075080E5	1.544640E1	-2.176800E1	2.669151E1	8.643139E3	1.013572E2	8.678710E1
5.375600E1	1.075120E5	2.126708E1	-1.618411E1	2.672478E1	8.798265E3	1.071779E2	8.120322E1
5.375800E1	1.075160E5	2.525857E1	-8.918607E0	2.678688E1	8.843637E3	1.111694E2	7.393772E1
5.376000E1	1.075200E5	2.693206E1	-8.917154E-1	2.694681E1	8.832580E3	1.128429E2	6.591082E1
5.376200E1	1.075240E5	2.622321E1	7.461262E0	2.726403E1	8.895988E3	1.121340E2	5.755785E1
5.376400E1	1.075280E5	2.307364E1	1.538099E1	2.773026E1	8.755135E3	1.089845E2	4.963812E1
5.376600E1	1.075320E5	1.791839E1	2.205103E1	2.841332E1	8.401105E3	1.038292E2	4.296808E1
5.376800E1	1.075360E5	1.112935E1	2.659516E1	2.882993E1	8.162356E3	9.704018E1	3.842395E1
5.377000E1	1.075400E5	3.278276E0	2.900961E1	2.919425E1	8.038586E3	8.918910E1	3.600950E1
5.377200E1	1.075440E5	-4.786654E0	2.876936E1	2.916484E1	8.034586E3	8.112417E1	3.624975E1
5.377400E1	1.075480E5	-1.256832E1	2.612566E1	2.899160E1	8.229983E3	7.334251E1	3.889344E1
5.377600E1	1.075520E5	-1.921869E1	2.107204E1	2.851998E1	8.431285E3	6.669214E1	4.394707E1
5.377800E1	1.075560E5	-2.427873E1	1.434923E1	2.820208E1	8.424499E3	6.163210E1	5.066988E1
5.378000E1	1.075600E5	-2.717238E1	6.742463E0	2.799641E1	8.444152E3	5.873845E1	5.827665E1
5.378200E1	1.075640E5	-2.756606E1	-1.537633E0	2.760892E1	8.604476E3	5.834476E1	6.655674E1
5.378400E1	1.075680E5	-2.542783E1	-9.498066E0	2.714383E1	8.693578E3	6.048300E1	7.451717E1
5.378600E1	1.075720E5	-2.113034E1	-1.648921E1	2.680271E1	8.841335E3	6.478049E1	8.150832E1
5.378800E1	1.075760E5	-1.495684E1	-2.204764E1	2.664217E1	9.054596E3	7.095399E1	8.706675E1
5.379000E1	1.075800E5	-7.252711E0	-2.560553E1	2.661288E1	8.924112E3	7.865812E1	9.062464E1
5.379200E1	1.075840E5	7.150335E-1	-2.652794E1	2.653758E1	8.695273E3	8.662586E1	9.154705E1
5.379400E1	1.075880E5	8.625540E0	-2.509814E1	2.653896E1	8.712235E3	9.453637E1	9.011725E1
5.379600E1	1.075920E5	1.576203E1	-2.138463E1	2.656584E1	8.804691E3	1.016729E2	8.640374E1
5.379800E1	1.075960E5	2.139651E1	-1.544005E1	2.638571E1	8.992814E3	1.073073E2	8.045916E1
5.380000E1	1.076000E5	2.523640E1	-8.022829E0	2.648097E1	9.019891E3	1.111472E2	7.304194E1
5.380200E1	1.076040E5	2.679291E1	1.238116E-1	2.679320E1	8.909480E3	1.127037E2	6.489530E1
5.380400E1	1.076080E5	2.557970E1	8.312379E0	2.689640E1	8.895844E3	1.114905E2	5.670673E1
5.380600E1	1.076120E5	2.239616E1	1.618124E1	2.763006E1	8.695522E3	1.083070E2	4.883787E1
5.380800E1	1.076160E5	1.699443E1	2.237650E1	2.809837E1	8.350000E3	1.029053E2	4.264261E1
5.381000E1	1.076200E5	1.022510E1	2.698604E1	2.885826E1	8.145778E3	9.613593E1	3.803306E1
5.381200E1	1.076240E5	2.348037E0	2.897642E1	2.907140E1	7.984242E3	8.825886E1	3.604269E1
5.381400E1	1.076280E5	-5.650526E0	2.857621E1	2.912951E1	7.981535E3	8.026030E1	3.644290E1
5.381600E1	1.076320E5	-1.329446E1	2.576480E1	2.899254E1	8.120273E3	7.261636E1	3.925431E1
5.381800E1	1.076360E5	-1.980560E1	2.074987E1	2.868482E1	8.290183E3	6.610523E1	4.426924E1
5.382000E1	1.076400E5	-2.451996E1	1.389863E1	2.818511E1	8.495433E3	6.139087E1	5.112048E1
5.382200E1	1.076440E5	-2.709019E1	5.932409E0	2.773214E1	8.594292E3	5.882064E1	5.908670E1
5.382400E1	1.076480E5	-2.713865E1	-2.293844E0	2.723542E1	8.711314E3	5.877218E1	6.731295E1
5.382600E1	1.076520E5	-2.500100E1	-1.035227E1	2.705955E1	8.831492E3	6.090983E1	7.537138E1
5.382800E1	1.076560E5	-2.041692E1	-1.722757E1	2.671404E1	8.861867E3	6.549391E1	8.224668E1
5.383000E1	1.076600E5	-1.414920E1	-2.259136E1	2.665651E1	8.797067E3	7.176162E1	8.761047E1
5.383200E1	1.076640E5	-6.721636E0	-2.570463E1	2.656893E1	8.760358E3	7.918919E1	9.072373E1
5.383400E1	1.076680E5	1.396237E0	-2.680210E1	2.683844E1	8.755175E3	8.730707E1	9.182120E1
5.383600E1	1.076720E5	9.364459E0	-2.522572E1	2.690780E1	8.713041E3	9.527529E1	9.024483E1
5.383800E1	1.076760E5	1.643667E1	-2.116389E1	2.679690E1	8.772328E3	1.023475E2	8.618299E1
5.384000E1	1.076800E5	2.198243E1	-1.513321E1	2.668785E1	8.927894E3	1.078933E2	8.015232E1
5.384200E1	1.076840E5	2.562939E1	-7.569476E0	2.672382E1	9.080162E3	1.115402E2	7.258858E1
5.384400E1	1.076880E5	2.676614E1	8.300450E-1	2.677900E1	8.988958E3	1.126770E2	6.418906E1
5.384600E1	1.076920E5	2.554080E1	9.045304E0	2.709520E1	8.792212E3	1.114516E2	5.597380E1
5.384800E1	1.076960E5	2.201132E1	1.655366E1	2.754127E1	8.624781E3	1.079221E2	4.846545E1
5.385000E1	1.077000E5	1.664195E1	2.290635E1	2.831352E1	8.419110E3	1.025528E2	4.211276E1
5.385200E1	1.077040E5	9.535075E0	2.710881E1	2.873682E1	8.228653E3	9.544590E1	3.791030E1
5.385400E1	1.077080E5	1.558793E0	2.892624E1	2.896821E1	8.021184E3	8.746962E1	3.609287E1
5.385600E1	1.077120E5	-6.392930E0	2.835323E1	2.906502E1	7.931009E3	7.951790E1	3.666587E1
5.385800E1	1.077160E5	-1.397257E1	2.558560E1	2.915228E1	8.016529E3	7.193826E1	3.943351E1
5.386000E1	1.077200E5	-2.018631E1	2.034735E1	2.866185E1	8.238089E3	6.572452E1	4.467176E1
5.386200E1	1.077240E5	-2.494964E1	1.349484E1	2.836539E1	8.377541E3	6.096118E1	5.152427E1
5.386400E1	1.077280E5	-2.726299E1	5.654562E0	2.784322E1	8.488235E3	5.864783E1	5.936455E1
5.386600E1	1.077320E5	-2.736687E1	-2.656696E0	2.749552E1	8.696349E3	5.854396E1	6.767580E1
5.386800E1	1.077360E5	-2.487675E1	-1.059438E1	2.703874E1	8.793827E3	6.103408E1	7.561349E1
5.387000E1	1.077400E5	-2.016548E1	-1.735732E1	2.660683E1	8.899679E3	6.574535E1	8.237643E1
5.387200E1	1.077440E5	-1.379761E1	-2.266336E1	2.653303E1	9.023598E3	7.211322E1	8.768247E1
5.387400E1	1.077480E5	-6.019106E0	-2.569170E1	2.638737E1	9.019560E3	7.989172E1	9.071081E1
5.387600E1	1.077520E5	2.181787E0	-2.628541E1	2.637580E1	8.887305E3	8.809262E1	9.130451E1
5.387800E1	1.077560E5	1.010569E1	-2.456245E1	2.656010E1	8.805730E3	9.601652E1	8.958156E1
5.388000E1	1.077600E5	1.709406E1	-2.039517E1	2.661146E1	8.768404E3	1.030049E2	8.541428E1
5.388200E1	1.077640E5	2.248900E1	-1.436171E1	2.668359E1	8.815264E3	1.083998E2	7.938082E1
5.388400E1	1.077680E5	2.582342E1	-6.808927E0	2.670600E1	8.810164E3	1.117342E2	7.182804E1
5.388600E1	1.077720E5	2.681611E1	1.254261E0	2.684543E1	8.764498E3	1.127269E2	6.376485E1
5.388800E1	1.077760E5	2.534486E1	9.368736E0	2.702101E1	8.850431E3	1.112557E2	5.565037E1
5.389000E1	1.077800E5	2.187204E1	1.713733E1	2.778622E1	8.694702E3	1.077829E2	4.788178E1
5.389200E1	1.077840E5	1.613443E1	2.309866E1	2.817566E1	8.279074E3	1.020453E2	4.192045E1
5.389400E1	1.077880E5	9.243153E0	2.714529E1	2.867582E1	8.093470E3	9.515398E1	3.787382E1
5.389600E1	1.077920E5	1.290542E0	2.885944E1	2.888828E1	8.051721E3	8.720137E1	3.615967E1
5.389800E1	1.077960E5	-6.719637E0	2.819991E1	2.898945E1	8.035699E3	7.919119E1	3.681920E1
5.390000E1	1.078000E5	-1.418228E1	2.498326E1	2.872804E1	8.182545E3	7.172855E1	4.003585E1
5.390200E1	1.078040E5	-2.052371E1	1.972764E1	2.846757E1	8.317008E3	6.538712E1	4.529146E1
5.390400E1	1.078080E5	-2.501878E1	1.283012E1	2.811674E1	8.399300E3	6.089205E1	5.218899E1
5.390600E1	1.078120E5	-2.720020E1	4.928298E0	2.764306E1	8.540601E3	5.871063E1	6.009081E1
5.390800E1	1.078160E5	-2.719270E1	-3.344998E0	2.739766E1	8.683985E3	5.871813E1	6.836411E1
5.391000E1	1.078200E5	-2.465111E1	-1.121658E1	2.708300E1	8.792848E3	6.125971E1	7.623569E1
5.391200E1	1.078240E5	-1.990385E1	-1.803769E1	2.686115E1	8.923917E3	6.600698E1	8.305680E1
5.391400E1	1.078280E5	-1.331420E1	-2.321203E1	2.675941E1	8.872827E3	7.259663E1	8.823114E1
5.391600E1	1.078320E5	-5.717384E0	-2.616846E1	2.678576E1	8.722340E3	8.019344E1	9.118757E1
5.391800E1	1.078360E5	2.359913E0	-2.669922E1	2.680331E1	8.663617E3	8.827074E1	9.171833E1
5.392000E1	1.078400E5	1.024044E1	-2.493165E1	2.695280E1	8.707044E3	9.615126E1	8.995075E1
5.392200E1	1.078440E5	1.723204E1	-2.062439E1	2.687580E1	8.826917E3	1.031429E2	8.564350E1
5.392400E1	1.078480E5	2.257759E1	-1.430739E1	2.672918E1	8.933677E3	1.084884E2	7.932650E1
5.392600E1	1.078520E5	2.575107E1	-6.605014E0	2.658465E1	9.041962E3	1.116619E2	7.162412E1
5.392800E1	1.078560E5	2.667136E1	1.774063E0	2.673030E1	8.966980E3	1.125822E2	6.324505E1
5.393000E1	1.078600E5	2.524060E1	9.933369E0	2.712489E1	8.774904E3	1.111514E2	5.508574E1
5.393200E1	1.078640E5	2.155921E1	1.739924E1	2.770438E1	8.645778E3	1.074700E2	4.761987E1
5.393400E1	1.078680E5	1.588649E1	2.361050E1	2.845762E1	8.402426E3	1.017973E2	4.140860E1
5.393600E1	1.078720E5	8.698017E0	2.761142E1	2.894903E1	8.168180E3	9.460884E1	3.740769E1
5.393800E1	1.078760E5	6.455124E-1	2.929770E1	2.930481E1	8.009129E3	8.655634E1	3.572141E1
5.394000E1	1.078800E5	-7.330856E0	2.824198E1	2.917792E1	7.955961E3	7.857997E1	3.677713E1
5.394200E1	1.078840E5	-1.472691E1	2.493992E1	2.896345E1	8.020907E3	7.118392E1	4.007919E1
5.394400E1	1.078880E5	-2.075266E1	1.960087E1	2.854588E1	8.188363E3	6.515816E1	4.541824E1
5.394600E1	1.078920E5	-2.514766E1	1.263965E1	2.814543E1	8.422855E3	6.076317E1	5.237946E1
5.394800E1	1.078960E5	-2.744625E1	4.678484E0	2.784214E1	8.510020E3	5.846458E1	6.034062E1
5.395000E1	1.079000E5	-2.724067E1	-3.516286E0	2.746668E1	8.600139E3	5.867015E1	6.853539E1
5.395200E1	1.079040E5	-2.459051E1	-1.132436E1	2.707276E1	8.824504E3	6.132032E1	7.634347E1
5.395400E1	1.079080E5	-1.969536E1	-1.814460E1	2.677935E1	8.959960E3	6.621547E1	8.316370E1
5.395600E1	1.079120E5	-1.311325E1	-2.324073E1	2.668499E1	8.872628E3	7.279757E1	8.825983E1
5.395800E1	1.079160E5	-5.483777E0	-2.612115E1	2.669057E1	8.759223E3	8.042705E1	9.114026E1
5.396000E1	1.079200E5	2.613477E0	-2.663689E1	2.676480E1	8.749187E3	8.852431E1	9.165600E1
5.396200E1	1.079240E5	1.044627E1	-2.444308E1	2.658174E1	8.802119E3	9.635710E1	8.946219E1
5.396400E1	1.079280E5	1.731959E1	-2.005636E1	2.649954E1	8.811495E3	1.032304E2	8.507547E1
5.396600E1	1.079320E5	2.262600E1	-1.392699E1	2.656872E1	8.861528E3	1.085368E2	7.894610E1
5.396800E1	1.079360E5	2.578482E1	-6.305582E0	2.654462E1	8.972702E3	1.116956E2	7.132469E1
5.397000E1	1.079400E5	2.663023E1	1.991705E0	2.670461E1	8.910094E3	1.125411E2	6.302740E1
5.397200E1	1.079440E5	2.514993E1	1.010950E1	2.710574E1	8.765861E3	1.110608E2	5.490961E1
5.397400E1	1.079480E5	2.137175E1	1.751794E1	2.763386E1	8.664865E3	1.072826E2	4.750117E1
5.397600E1	1.079520E5	1.562634E1	2.366089E1	2.835525E1	8.425220E3	1.015372E2	4.135822E1
5.397800E1	1.079560E5	8.423964E0	2.762522E1	2.888107E1	8.181684E3	9.433479E1	3.739389E1
5.398000E1	1.079600E5	3.645409E-1	2.920220E1	2.920448E1	8.003560E3	8.627537E1	3.581691E1
5.398200E1	1.079640E5	-7.564042E0	2.811979E1	2.911936E1	7.953956E3	7.834679E1	3.689932E1
5.398400E1	1.079680E5	-1.493072E1	2.475033E1	2.890511E1	8.086691E3	7.098011E1	4.026878E1
5.398600E1	1.079720E5	-2.095738E1	1.926956E1	2.846976E1	8.342176E3	6.495345E1	4.574955E1
5.398800E1	1.079760E5	-2.522262E1	1.204715E1	2.795200E1	8.566413E3	6.068821E1	5.297196E1
5.399000E1	1.079800E5	-2.740858E1	4.014002E0	2.770095E1	8.655219E3	5.850225E1	6.100511E1
5.399200E1	1.079840E5	-2.706387E1	-4.330182E0	2.740809E1	8.685443E3	5.884696E1	6.934929E1
5.399400E1	1.079880E5	-2.411706E1	-1.197706E1	2.692736E1	8.731565E3	6.179377E1	7.699617E1
5.399600E1	1.079920E5	-1.938180E1	-1.872755E1	2.695135E1	8.876143E3	6.652903E1	8.374666E1
5.399800E1	1.079960E5	-1.270062E1	-2.380071E1	2.697739E1	8.909601E3	7.321021E1	8.881982E1
5.400000E1	1.080000E5	-4.852901E0	-2.658472E1	2.702403E1	8.801123E3	8.105793E1	9.160383E1
5.400200E1	1.080040E5	3.323468E0	-2.661020E1	2.681694E1	8.714715E3	8.923430E1	9.162931E1
5.400400E1	1.080080E5	1.106737E1	-2.426971E1	2.667406E1	8.713751E3	9.697819E1	8.928882E1
5.400600E1	1.080120E5	1.786345E1	-1.985744E1	2.670994E1	8.704341E3	1.037743E2	8.487655E1
5.400800E1	1.080160E5	2.290650E1	-1.358408E1	2.663146E1	8.898941E3	1.088173E2	7.860319E1
5.401000E1	1.080200E5	2.617743E1	-5.769932E0	2.680578E1	9.003519E3	1.120883E2	7.078904E1
5.401200E1	1.080240E5	2.687560E1	2.514542E0	2.699298E1	8.894513E3	1.127864E2	6.250457E1
5.401400E1	1.080280E5	2.507033E1	1.071818E1	2.726538E1	8.779359E3	1.109812E2	5.430093E1
5.401600E1	1.080320E5	2.122750E1	1.810604E1	2.790046E1	8.523710E3	1.071383E2	4.691306E1
5.401800E1	1.080360E5	1.536910E1	2.388727E1	2.840442E1	8.312690E3	1.012799E2	4.113184E1
5.402000E1	1.080400E5	8.096026E0	2.771023E1	2.886871E1	8.166134E3	9.400685E1	3.730887E1
5.402200E1	1.080440E5	4.713601E-2	2.912314E1	2.912318E1	8.008202E3	8.595796E1	3.589597E1
5.402400E1	1.080480E5	-7.880200E0	2.794824E1	2.903793E1	7.981084E3	7.803063E1	3.707087E1
5.402600E1	1.080520E5	-1.514681E1	2.439924E1	2.871844E1	8.199194E3	7.076402E1	4.061987E1
5.402800E1	1.080560E5	-2.139391E1	1.889917E1	2.854607E1	8.391770E3	6.451692E1	4.611994E1
5.403000E1	1.080600E5	-2.560881E1	1.172534E1	2.816549E1	8.469503E3	6.030202E1	5.329377E1
5.403200E1	1.080640E5	-2.749788E1	3.658766E0	2.774023E1	8.583998E3	5.841294E1	6.136034E1
5.403400E1	1.080680E5	-2.692136E1	-4.618523E0	2.731465E1	8.727203E3	5.898947E1	6.963763E1
5.403600E1	1.080720E5	-2.380230E1	-1.230094E1	2.679296E1	8.911839E3	6.210853E1	7.732005E1
5.403800E1	1.080760E5	-1.867150E1	-1.892217E1	2.658333E1	9.036122E3	6.723933E1	8.394128E1
5.404000E1	1.080800E5	-1.191318E1	-2.386729E1	2.667530E1	8.986508E3	7.399764E1	8.888640E1
5.404200E1	1.080840E5	-4.042874E0	-2.650713E1	2.681366E1	8.861570E3	8.186795E1	9.152623E1
5.404400E1	1.080880E5	4.149765E0	-2.643785E1	2.676155E1	8.669992E3	9.006059E1	9.145696E1
5.404600E1	1.080920E5	1.175405E1	-2.409080E1	2.680530E1	8.590374E3	9.766488E1	8.910991E1
5.404800E1	1.080960E5	1.829058E1	-1.942170E1	2.667860E1	8.747713E3	1.042014E2	8.444080E1
5.405000E1	1.081000E5	2.330920E1	-1.292109E1	2.665095E1	8.860651E3	1.092200E2	7.794020E1
5.405200E1	1.081040E5	2.623660E1	-5.230862E0	2.675297E1	8.954076E3	1.121474E2	7.024997E1
5.405400E1	1.081080E5	2.683465E1	3.207053E0	2.702561E1	8.916454E3	1.127455E2	6.181206E1
5.405600E1	1.081120E5	2.488112E1	1.128158E1	2.731930E1	8.784439E3	1.107920E2	5.373753E1
5.405800E1	1.081160E5	2.050717E1	1.843427E1	2.757474E1	8.687117E3	1.064180E2	4.658484E1
5.406000E1	1.081200E5	1.453037E1	2.431595E1	2.832662E1	8.421375E3	1.004412E2	4.070316E1
5.406200E1	1.081240E5	7.204009E0	2.813612E1	2.904375E1	8.083341E3	9.311484E1	3.688298E1
5.406400E1	1.081280E5	-7.487061E-1	2.913048E1	2.914010E1	7.898356E3	8.516212E1	3.588863E1
5.406600E1	1.081320E5	-8.609652E0	2.775862E1	2.906316E1	7.971976E3	7.730118E1	3.726048E1
5.406800E1	1.081360E5	-1.587638E1	2.411424E1	2.887137E1	8.197656E3	7.003445E1	4.090487E1
5.407000E1	1.081400E5	-2.169267E1	1.818781E1	2.830845E1	8.447849E3	6.421815E1	4.683130E1
5.407200E1	1.081440E5	-2.565595E1	1.081029E1	2.784044E1	8.526880E3	6.025488E1	5.420882E1
5.407400E1	1.081480E5	-2.740646E1	2.817673E0	2.755092E1	8.609580E3	5.850437E1	6.220143E1
5.407600E1	1.081520E5	-2.666439E1	-5.468517E0	2.721938E1	8.737456E3	5.924644E1	7.048762E1
5.407800E1	1.081560E5	-2.348770E1	-1.306226E1	2.687554E1	8.818040E3	6.242313E1	7.808137E1
5.408000E1	1.081600E5	-1.830089E1	-1.953082E1	2.676520E1	8.841177E3	6.760994E1	8.454993E1
5.408200E1	1.081640E5	-1.151097E1	-2.407327E1	2.668379E1	8.846059E3	7.439986E1	8.909237E1
5.408400E1	1.081680E5	-3.603447E0	-2.646483E1	2.670903E1	8.830161E3	8.230738E1	9.148394E1
5.408600E1	1.081720E5	4.525017E0	-2.629228E1	2.667883E1	8.751280E3	9.043584E1	9.131139E1
5.408800E1	1.081760E5	1.218030E1	-2.364807E1	2.660059E1	8.794408E3	9.809113E1	8.866718E1
5.409000E1	1.081800E5	1.878062E1	-1.881814E1	2.658635E1	8.789220E3	1.046914E2	8.383725E1
5.409200E1	1.081840E5	2.351472E1	-1.228886E1	2.653221E1	8.859313E3	1.094255E2	7.730797E1
5.409400E1	1.081880E5	2.622491E1	-4.444993E0	2.659894E1	9.050768E3	1.121357E2	6.946410E1
5.409600E1	1.081920E5	2.663227E1	4.033160E0	2.693593E1	8.935072E3	1.125431E2	6.098595E1
5.409800E1	1.081960E5	2.451668E1	1.202140E1	2.730534E1	8.697254E3	1.104275E2	5.299771E1
5.410000E1	1.082000E5	2.017332E1	1.907722E1	2.776514E1	8.520615E3	1.060841E2	4.594189E1
5.410200E1	1.082040E5	1.407518E1	2.457946E1	2.832421E1	8.298675E3	9.998601E1	4.043965E1
5.410400E1	1.082080E5	6.691662E0	2.807799E1	2.886437E1	8.198378E3	9.260249E1	3.694112E1
5.410600E1	1.082120E5	-1.517724E0	2.899540E1	2.903510E1	8.067007E3	8.439310E1	3.602370E1
5.410800E1	1.082160E5	-9.373497E0	2.743536E1	2.899243E1	7.992872E3	7.653733E1	3.758375E1
5.411000E1	1.082200E5	-1.660563E1	2.374367E1	2.897428E1	8.159218E3	6.930519E1	4.127543E1
5.411200E1	1.082240E5	-2.233201E1	1.776369E1	2.853537E1	8.376881E3	6.357882E1	4.725542E1
5.411400E1	1.082280E5	-2.621307E1	1.033864E1	2.817822E1	8.458631E3	5.969776E1	5.468047E1
5.411600E1	1.082320E5	-2.767750E1	2.258719E0	2.776951E1	8.627799E3	5.823333E1	6.276039E1
5.411800E1	1.082360E5	-2.659128E1	-6.132502E0	2.728926E1	8.821330E3	5.931955E1	7.115161E1
5.412000E1	1.082400E5	-2.315549E1	-1.370494E1	2.690729E1	8.880623E3	6.275533E1	7.872405E1
5.412200E1	1.082440E5	-1.790679E1	-2.024637E1	2.702903E1	8.962119E3	6.800404E1	8.526548E1
5.412400E1	1.082480E5	-1.069234E1	-2.455355E1	2.678064E1	8.901582E3	7.521849E1	8.957265E1
5.412600E1	1.082520E5	-2.735607E0	-2.654151E1	2.668211E1	8.791993E3	8.317522E1	9.156061E1
5.412800E1	1.082560E5	5.378220E0	-2.611667E1	2.666469E1	8.724132E3	9.128905E1	9.113577E1
5.413000E1	1.082600E5	1.293432E1	-2.332271E1	2.666918E1	8.763516E3	9.884514E1	8.834182E1
5.413200E1	1.082640E5	1.945568E1	-1.834029E1	2.673742E1	8.830930E3	1.053665E2	8.335940E1
5.413400E1	1.082680E5	2.405832E1	-1.156008E1	2.669153E1	8.923053E3	1.099691E2	7.657919E1
5.413600E1	1.082720E5	2.657471E1	-3.554057E0	2.681132E1	9.036992E3	1.124855E2	6.857317E1
5.413800E1	1.082760E5	2.663913E1	4.929373E0	2.709137E1	8.857290E3	1.125500E2	6.008974E1
5.414000E1	1.082800E5	2.429968E1	1.281812E1	2.747323E1	8.635280E3	1.102105E2	5.220099E1
5.414200E1	1.082840E5	1.983942E1	1.985653E1	2.806928E1	8.534083E3	1.057503E2	4.516258E1
5.414400E1	1.082880E5	1.339929E1	2.514537E1	2.849264E1	8.298908E3	9.931012E1	3.987374E1
5.414600E1	1.082920E5	5.892262E0	2.825474E1	2.886259E1	8.157097E3	9.180309E1	3.676437E1
5.414800E1	1.082960E5	-2.310222E0	2.886182E1	2.895413E1	8.100732E3	8.360061E1	3.615729E1
5.415000E1	1.083000E5	-1.021223E1	2.713575E1	2.899377E1	8.104070E3	7.569860E1	3.788335E1
5.415200E1	1.083040E5	-1.731136E1	2.297903E1	2.877010E1	8.208137E3	6.859947E1	4.204008E1
5.415400E1	1.083080E5	-2.286157E1	1.694398E1	2.845610E1	8.300568E3	6.304926E1	4.807513E1
5.415600E1	1.083120E5	-2.634216E1	9.486363E0	2.799822E1	8.412363E3	5.956867E1	5.553275E1
5.415800E1	1.083160E5	-2.766849E1	1.399081E0	2.770384E1	8.482212E3	5.824233E1	6.362003E1
5.416000E1	1.083200E5	-2.642158E1	-6.648330E0	2.724518E1	8.642058E3	5.948925E1	7.166744E1
5.416200E1	1.083240E5	-2.286797E1	-1.410893E1	2.687017E1	8.925736E3	6.304285E1	7.912804E1
5.416400E1	1.083280E5	-1.720158E1	-2.037463E1	2.666495E1	8.924038E3	6.870925E1	8.539374E1
5.416600E1	1.083320E5	-1.025853E1	-2.460777E1	2.666046E1	8.770157E3	7.565230E1	8.962688E1
5.416800E1	1.083360E5	-2.355816E0	-2.643503E1	2.653979E1	8.761071E3	8.355501E1	9.145414E1
5.417000E1	1.083400E5	5.715048E0	-2.596344E1	2.658500E1	8.728129E3	9.162588E1	9.098255E1
5.417200E1	1.083440E5	1.320502E1	-2.303867E1	2.655471E1	8.774776E3	9.911584E1	8.805778E1
5.417400E1	1.083480E5	1.961955E1	-1.796980E1	2.660527E1	8.847222E3	1.055304E2	8.298890E1
5.417600E1	1.083520E5	2.411724E1	-1.113923E1	2.656546E1	8.943720E3	1.100281E2	7.615833E1
5.417800E1	1.083560E5	2.653474E1	-3.122794E0	2.671787E1	9.013470E3	1.124456E2	6.814190E1
5.418000E1	1.083600E5	2.647300E1	5.271905E0	2.699282E1	8.822038E3	1.123838E2	5.974720E1
5.418200E1	1.083640E5	2.401430E1	1.308000E1	2.734544E1	8.643029E3	1.099251E2	5.193910E1
5.418400E1	1.083680E5	1.945134E1	2.002658E1	2.791807E1	8.542811E3	1.053622E2	4.499253E1
5.418600E1	1.083720E5	1.297368E1	2.518705E1	2.833203E1	8.309495E3	9.888451E1	3.983206E1
5.418800E1	1.083760E5	5.439382E0	2.817426E1	2.869453E1	8.140437E3	9.135021E1	3.684485E1
5.419000E1	1.083800E5	-2.670503E0	2.873779E1	2.886161E1	8.074595E3	8.324033E1	3.628131E1
5.419200E1	1.083840E5	-1.052759E1	2.690307E1	2.888954E1	8.107453E3	7.538324E1	3.811604E1
5.419400E1	1.083880E5	-1.752725E1	2.264585E1	2.863633E1	8.229184E3	6.838357E1	4.237325E1
5.419600E1	1.083920E5	-2.299900E1	1.653382E1	2.832527E1	8.339431E3	6.291183E1	4.848529E1
5.419800E1	1.083960E5	-2.639170E1	9.037657E0	2.789626E1	8.532716E3	5.951912E1	5.598145E1
5.420000E1	1.084000E5	-2.755132E1	7.605431E-1	2.756181E1	8.659600E3	5.835951E1	6.425857E1
5.420200E1	1.084040E5	-2.615321E1	-7.368569E0	2.717142E1	8.730992E3	5.975762E1	7.238768E1
5.420400E1	1.084080E5	-2.248920E1	-1.479667E1	2.692035E1	8.934962E3	6.342163E1	7.981578E1
5.420600E1	1.084120E5	-1.673580E1	-2.102083E1	2.686936E1	8.990512E3	6.917502E1	8.603994E1
5.420800E1	1.084160E5	-9.491810E0	-2.512570E1	2.685880E1	8.805122E3	7.641902E1	9.014481E1
5.421000E1	1.084200E5	-1.549241E0	-2.683057E1	2.687526E1	8.685433E3	8.436159E1	9.184968E1
5.421200E1	1.084240E5	6.543715E0	-2.615492E1	2.696108E1	8.610628E3	9.245454E1	9.117403E1
5.421400E1	1.084280E5	1.387841E1	-2.297220E1	2.683901E1	8.675952E3	9.978924E1	8.799131E1
5.421600E1	1.084320E5	2.002514E1	-1.756137E1	2.663471E1	8.966271E3	1.059360E2	8.258048E1
5.421800E1	1.084360E5	2.448950E1	-1.039371E1	2.660385E1	9.079267E3	1.104003E2	7.541282E1
5.422000E1	1.084400E5	2.655882E1	-2.292119E0	2.665754E1	9.001203E3	1.124696E2	6.731123E1
5.422200E1	1.084440E5	2.630762E1	6.077328E0	2.700046E1	8.855757E3	1.122185E2	5.894178E1
5.422400E1	1.084480E5	2.368225E1	1.394458E1	2.748273E1	8.731915E3	1.095931E2	5.107453E1
5.422600E1	1.084520E5	1.869717E1	2.071827E1	2.790754E1	8.592861E3	1.046080E2	4.430083E1
5.422800E1	1.084560E5	1.210978E1	2.580689E1	2.850689E1	8.240546E3	9.802061E1	3.921222E1
5.423000E1	1.084600E5	4.586818E0	2.862869E1	2.899380E1	8.021543E3	9.049765E1	3.639042E1
5.423200E1	1.084640E5	-3.538167E0	2.903372E1	2.924851E1	8.011320E3	8.237266E1	3.598539E1
5.423400E1	1.084680E5	-1.133425E1	2.677604E1	2.907614E1	8.097945E3	7.457658E1	3.824307E1
5.423600E1	1.084720E5	-1.827710E1	2.229862E1	2.883195E1	8.298574E3	6.763372E1	4.272048E1
5.423800E1	1.084760E5	-2.360554E1	1.584006E1	2.842761E1	8.386580E3	6.230529E1	4.917905E1
5.424000E1	1.084800E5	-2.674919E1	8.236212E0	2.798847E1	8.499758E3	5.916163E1	5.678290E1
5.424200E1	1.084840E5	-2.755769E1	-6.549868E-2	2.755776E1	8.709176E3	5.835314E1	6.508461E1
5.424400E1	1.084880E5	-2.590620E1	-8.279103E0	2.719696E1	8.792343E3	6.000463E1	7.329821E1
5.424600E1	1.084920E5	-2.189893E1	-1.550850E1	2.683425E1	8.868946E3	6.401189E1	8.052760E1
5.424800E1	1.084960E5	-1.595773E1	-2.133007E1	2.663872E1	8.957035E3	6.995309E1	8.634918E1
5.425000E1	1.085000E5	-8.595864E0	-2.515472E1	2.658287E1	8.864151E3	7.731496E1	9.017383E1
5.425200E1	1.085040E5	-6.271329E-1	-2.671491E1	2.672227E1	8.700481E3	8.528370E1	9.173402E1
5.425400E1	1.085080E5	7.397747E0	-2.590885E1	2.694430E1	8.586680E3	9.330857E1	9.092796E1
5.425600E1	1.085120E5	1.468427E1	-2.261010E1	2.696005E1	8.659726E3	1.005951E2	8.762921E1
5.425800E1	1.085160E5	2.059177E1	-1.692961E1	2.665770E1	8.799906E3	1.065026E2	8.194872E1
5.426000E1	1.085200E5	2.470402E1	-9.880117E0	2.660649E1	8.862457E3	1.106149E2	7.489923E1
5.426200E1	1.085240E5	2.658698E1	-1.847790E0	2.665111E1	8.928748E3	1.124978E2	6.686690E1
5.426400E1	1.085280E5	2.606279E1	6.457886E0	2.685095E1	8.981744E3	1.119736E2	5.856122E1
5.426600E1	1.085320E5	2.334743E1	1.456153E1	2.751619E1	8.837570E3	1.092583E2	5.045758E1
5.426800E1	1.085360E5	1.837822E1	2.134166E1	2.816426E1	8.528173E3	1.042891E2	4.367745E1
5.427000E1	1.085400E5	1.170923E1	2.637863E1	2.886067E1	8.273647E3	9.762005E1	3.864048E1
5.427200E1	1.085440E5	3.895897E0	2.904922E1	2.930930E1	8.085838E3	8.980673E1	3.596989E1
5.427400E1	1.085480E5	-4.286415E0	2.900174E1	2.931679E1	7.953047E3	8.162441E1	3.601737E1
5.427600E1	1.085520E5	-1.197434E1	2.667696E1	2.924116E1	7.947250E3	7.393649E1	3.834214E1
5.427800E1	1.085560E5	-1.855250E1	2.195674E1	2.874532E1	8.202755E3	6.735833E1	4.306237E1
5.428000E1	1.085600E5	-2.369106E1	1.539418E1	2.825327E1	8.410951E3	6.221977E1	4.962492E1
5.428200E1	1.085640E5	-2.673142E1	7.745877E0	2.783105E1	8.493582E3	5.917941E1	5.727323E1
5.428400E1	1.085680E5	-2.742016E1	-4.589785E-1	2.742400E1	8.643801E3	5.849066E1	6.547809E1
5.428600E1	1.085720E5	-2.567650E1	-8.549086E0	2.706232E1	8.789879E3	6.023433E1	7.356819E1
5.428800E1	1.085760E5	-2.154176E1	-1.571917E1	2.666720E1	8.995985E3	6.436907E1	8.073828E1
5.429000E1	1.085800E5	-1.554534E1	-2.171296E1	2.670412E1	9.018235E3	7.036548E1	8.673207E1
5.429200E1	1.085840E5	-8.218486E0	-2.558443E1	2.687204E1	8.738136E3	7.769234E1	9.060354E1
5.429400E1	1.085880E5	-3.026176E-1	-2.675026E1	2.675198E1	8.584416E3	8.560821E1	9.176937E1
5.429600E1	1.085920E5	7.649323E0	-2.577562E1	2.688670E1	8.657399E3	9.356015E1	9.079473E1
5.429800E1	1.085960E5	1.495910E1	-2.219328E1	2.676409E1	8.860694E3	1.008699E2	8.721238E1
5.430000E1	1.086000E5	2.106444E1	-1.647401E1	2.674142E1	9.023534E3	1.069753E2	8.149312E1
5.430200E1	1.086040E5	2.516981E1	-9.123475E0	2.677232E1	8.936333E3	1.110806E2	7.414258E1
5.430400E1	1.086080E5	2.693811E1	-1.073848E0	2.695950E1	8.841697E3	1.128489E2	6.609296E1
5.430600E1	1.086120E5	2.637293E1	7.285304E0	2.736069E1	8.772131E3	1.122838E2	5.773380E1
5.430800E1	1.086160E5	2.324189E1	1.498166E1	2.765205E1	8.647179E3	1.091527E2	5.003745E1
5.431000E1	1.086200E5	1.804018E1	2.152316E1	2.808371E1	8.533268E3	1.039510E2	4.349595E1
5.431200E1	1.086240E5	1.126446E1	2.645880E1	2.875684E1	8.298014E3	9.717529E1	3.856031E1
5.431400E1	1.086280E5	3.442628E0	2.897029E1	2.917412E1	8.072889E3	8.935346E1	3.604882E1
5.431600E1	1.086320E5	-4.681494E0	2.880771E1	2.918562E1	8.043790E3	8.122933E1	3.621140E1
5.431800E1	1.086360E5	-1.244751E1	2.621640E1	2.902137E1	8.200112E3	7.346332E1	3.880271E1
5.432000E1	1.086400E5	-1.911313E1	2.120435E1	2.854708E1	8.415359E3	6.679770E1	4.381476E1
5.432200E1	1.086440E5	-2.424137E1	1.453130E1	2.826310E1	8.414768E3	6.166946E1	5.048780E1
5.432400E1	1.086480E5	-2.712870E1	6.920125E0	2.799740E1	8.471008E3	5.878213E1	5.809898E1
5.432600E1	1.086520E5	-2.764611E1	-1.421669E0	2.768264E1	8.632454E3	5.826472E1	6.644078E1
5.432800E1	1.086560E5	-2.551073E1	-9.396075E0	2.718609E1	8.691289E3	6.040010E1	7.441518E1
5.433000E1	1.086600E5	-2.127139E1	-1.644570E1	2.688742E1	8.842248E3	6.463944E1	8.146481E1
5.433200E1	1.086640E5	-1.508719E1	-2.202495E1	2.669685E1	9.038788E3	7.082364E1	8.704406E1
5.433400E1	1.086680E5	-7.401684E0	-2.558353E1	2.663272E1	8.928029E3	7.850914E1	9.060264E1
5.433600E1	1.086720E5	6.039160E-1	-2.659589E1	2.660275E1	8.725003E3	8.651474E1	9.161500E1
5.433800E1	1.086760E5	8.546664E0	-2.515732E1	2.656946E1	8.736178E3	9.445749E1	9.017643E1
5.434000E1	1.086800E5	1.573146E1	-2.145853E1	2.660728E1	8.800215E3	1.016423E2	8.647763E1
5.434200E1	1.086840E5	2.138297E1	-1.555563E1	2.644256E1	8.975982E3	1.072938E2	8.057474E1
5.434400E1	1.086880E5	2.525226E1	-8.132200E0	2.652940E1	9.028377E3	1.111631E2	7.315131E1
5.434600E1	1.086920E5	2.681081E1	3.671635E-2	2.681083E1	8.919061E3	1.127216E2	6.498239E1
5.434800E1	1.086960E5	2.579417E1	8.294357E0	2.709494E1	8.787220E3	1.117050E2	5.672475E1
5.435000E1	1.087000E5	2.237902E1	1.580266E1	2.739607E1	8.652105E3	1.082898E2	4.921644E1
5.435200E1	1.087040E5	1.710835E1	2.224302E1	2.806149E1	8.395478E3	1.030192E2	4.277609E1
5.435400E1	1.087080E5	1.031901E1	2.661676E1	2.854705E1	8.197341E3	9.622984E1	3.840235E1
5.435600E1	1.087120E5	2.413553E0	2.888412E1	2.898478E1	8.066442E3	8.832438E1	3.613499E1
5.435800E1	1.087160E5	-5.589266E0	2.855461E1	2.909649E1	7.998741E3	8.032156E1	3.646449E1
5.436000E1	1.087200E5	-1.327661E1	2.581306E1	2.902727E1	8.125960E3	7.263422E1	3.920605E1
5.436200E1	1.087240E5	-1.979284E1	2.079989E1	2.871222E1	8.302581E3	6.611799E1	4.421922E1
5.436400E1	1.087280E5	-2.454897E1	1.392947E1	2.822556E1	8.479185E3	6.136186E1	5.108964E1
5.436600E1	1.087320E5	-2.715653E1	6.022645E0	2.781635E1	8.599720E3	5.875430E1	5.899646E1
5.436800E1	1.087360E5	-2.745482E1	-2.318781E0	2.755257E1	8.640685E3	5.845601E1	6.733789E1
5.437000E1	1.087400E5	-2.518974E1	-1.020716E1	2.717920E1	8.735276E3	6.072109E1	7.522627E1
5.437200E1	1.087440E5	-2.075568E1	-1.727381E1	2.700338E1	8.904103E3	6.515514E1	8.229291E1
5.437400E1	1.087480E5	-1.431116E1	-2.261595E1	2.676361E1	8.875060E3	7.159966E1	8.763506E1
5.437600E1	1.087520E5	-6.767569E0	-2.573965E1	2.661446E1	8.820224E3	7.914326E1	9.075876E1
5.437800E1	1.087560E5	1.383294E0	-2.679161E1	2.682730E1	8.767067E3	8.729412E1	9.181072E1
5.438000E1	1.087600E5	9.356172E0	-2.524258E1	2.692073E1	8.732925E3	9.526700E1	9.026169E1
5.438200E1	1.087640E5	1.644825E1	-2.113834E1	2.678384E1	8.809582E3	1.023591E2	8.615745E1
5.438400E1	1.087680E5	2.201808E1	-1.508989E1	2.669270E1	8.937845E3	1.079289E2	8.010899E1
5.438600E1	1.087720E5	2.565206E1	-7.530974E0	2.673469E1	9.071696E3	1.115629E2	7.255008E1
5.438800E1	1.087760E5	2.679643E1	8.713058E-1	2.681059E1	9.009410E3	1.127073E2	6.414780E1
5.439000E1	1.087800E5	2.551595E1	9.124162E0	2.709823E1	8.804228E3	1.114268E2	5.589495E1
5.439200E1	1.087840E5	2.195496E1	1.659192E1	2.751930E1	8.619883E3	1.078658E2	4.842719E1
5.439400E1	1.087880E5	1.658355E1	2.295639E1	2.831978E1	8.416650E3	1.024944E2	4.206271E1
5.439600E1	1.087920E5	9.467553E0	2.710463E1	2.871055E1	8.235932E3	9.537838E1	3.791448E1
5.439800E1	1.087960E5	1.463910E0	2.889431E1	2.893137E1	8.036838E3	8.737474E1	3.612480E1
5.440000E1	1.088000E5	-6.480045E0	2.830875E1	2.904094E1	7.922218E3	7.943078E1	3.671036E1
5.440200E1	1.088040E5	-1.402648E1	2.552620E1	2.912609E1	8.058068E3	7.188435E1	3.949290E1
5.440400E1	1.088080E5	-2.030621E1	2.021745E1	2.865462E1	8.395879E3	6.560462E1	4.480166E1
5.440600E1	1.088120E5	-2.496109E1	1.306487E1	2.817351E1	8.577140E3	6.094974E1	5.195424E1
5.440800E1	1.088160E5	-2.720422E1	5.074398E0	2.767343E1	8.586004E3	5.870661E1	5.994471E1
5.441000E1	1.088200E5	-2.725695E1	-3.209690E0	2.744528E1	8.713972E3	5.865387E1	6.822880E1
5.441200E1	1.088240E5	-2.473729E1	-1.116409E1	2.713983E1	8.852528E3	6.117354E1	7.618319E1
5.441400E1	1.088280E5	-1.996574E1	-1.805699E1	2.691999E1	8.937254E3	6.594509E1	8.307610E1
5.441600E1	1.088320E5	-1.336587E1	-2.318677E1	2.676327E1	8.879333E3	7.254495E1	8.820588E1
5.441800E1	1.088360E5	-5.739708E0	-2.620047E1	2.682180E1	8.742675E3	8.017112E1	9.121958E1
5.442000E1	1.088400E5	2.343563E0	-2.673515E1	2.683767E1	8.663021E3	8.825439E1	9.175426E1
5.442200E1	1.088440E5	1.021700E1	-2.491712E1	2.693047E1	8.705564E3	9.612783E1	8.993623E1
5.442400E1	1.088480E5	1.722085E1	-2.064571E1	2.688499E1	8.856142E3	1.031317E2	8.566482E1
5.442600E1	1.088520E5	2.256402E1	-1.425329E1	2.668879E1	8.957941E3	1.084748E2	7.927240E1
5.442800E1	1.088560E5	2.577146E1	-6.586466E0	2.659980E1	9.052856E3	1.116823E2	7.160557E1
5.443000E1	1.088600E5	2.668210E1	1.833766E0	2.674504E1	8.989525E3	1.125929E2	6.318534E1
5.443200E1	1.088640E5	2.525747E1	1.001125E1	2.716919E1	8.795351E3	1.111683E2	5.500786E1
5.443400E1	1.088680E5	2.149840E1	1.747935E1	2.770755E1	8.661622E3	1.074092E2	4.753976E1
5.443600E1	1.088720E5	1.578364E1	2.363819E1	2.842336E1	8.409748E3	1.016945E2	4.138091E1
5.443800E1	1.088760E5	8.583389E0	2.764635E1	2.894815E1	8.193466E3	9.449422E1	3.737276E1
5.444000E1	1.088800E5	4.892571E-1	2.926246E1	2.926655E1	8.016062E3	8.640009E1	3.575665E1
5.444200E1	1.088840E5	-7.455455E0	2.818550E1	2.915487E1	7.957705E3	7.845537E1	3.683360E1
5.444400E1	1.088880E5	-1.484642E1	2.483316E1	2.893272E1	8.052242E3	7.106441E1	4.018595E1
5.444600E1	1.088920E5	-2.083298E1	1.940997E1	2.847385E1	8.254867E3	6.507785E1	4.560914E1
5.444800E1	1.088960E5	-2.518354E1	1.234142E1	2.804499E1	8.452776E3	6.072728E1	5.267768E1
5.445000E1	1.089000E5	-2.742600E1	4.424228E0	2.778055E1	8.590148E3	5.848483E1	6.059488E1
5.445200E1	1.089040E5	-2.702488E1	-3.919869E0	2.730768E1	8.878809E3	5.888595E1	6.893898E1
5.445400E1	1.089080E5	-2.406179E1	-1.191900E1	2.685205E1	8.986895E3	6.184904E1	7.693811E1
5.445600E1	1.089120E5	-1.914989E1	-1.862284E1	2.671196E1	8.806471E3	6.676093E1	8.364195E1
5.445800E1	1.089160E5	-1.268428E1	-2.343697E1	2.664925E1	8.828548E3	7.322655E1	8.845607E1
5.446000E1	1.089200E5	-4.838537E0	-2.614405E1	2.658802E1	8.898094E3	8.107229E1	9.116316E1
5.446200E1	1.089240E5	3.330552E0	-2.647640E1	2.668506E1	8.769683E3	8.924138E1	9.149551E1
5.446400E1	1.089280E5	1.108115E1	-2.421058E1	2.662600E1	8.768008E3	9.699198E1	8.922968E1
5.446600E1	1.089320E5	1.792190E1	-1.973615E1	2.665915E1	8.771748E3	1.038327E2	8.475526E1
5.446800E1	1.089360E5	2.318553E1	-1.355911E1	2.685923E1	8.871924E3	1.090964E2	7.857822E1
5.447000E1	1.089400E5	2.626392E1	-5.712303E0	2.687795E1	8.945088E3	1.121747E2	7.073141E1
5.447200E1	1.089440E5	2.690005E1	2.571633E0	2.702269E1	8.905639E3	1.128109E2	6.244748E1
5.447400E1	1.089480E5	2.501776E1	1.080130E1	2.724988E1	8.787011E3	1.109286E2	5.421781E1
5.447600E1	1.089520E5	2.117224E1	1.815251E1	2.788866E1	8.530792E3	1.070831E2	4.686660E1
5.447800E1	1.089560E5	1.523559E1	2.389226E1	2.833661E1	8.336280E3	1.011464E2	4.112685E1
5.448000E1	1.089600E5	7.961135E0	2.767992E1	2.880204E1	8.175906E3	9.387196E1	3.733919E1
5.448200E1	1.089640E5	-9.095000E-2	2.913887E1	2.913901E1	7.997262E3	8.581988E1	3.588024E1
5.448400E1	1.089680E5	-7.973033E0	2.790991E1	2.902641E1	8.048993E3	7.793780E1	3.710920E1
5.448600E1	1.089720E5	-1.536029E1	2.422748E1	2.868639E1	8.326507E3	7.055054E1	4.079163E1
5.448800E1	1.089760E5	-2.144904E1	1.848227E1	2.831352E1	8.429437E3	6.446179E1	4.653684E1
5.449000E1	1.089800E5	-2.564724E1	1.136928E1	2.805426E1	8.410120E3	6.026359E1	5.364983E1
5.449200E1	1.089840E5	-2.749368E1	3.429601E0	2.770676E1	8.525460E3	5.841715E1	6.158951E1
5.449400E1	1.089880E5	-2.675093E1	-4.810550E0	2.718002E1	8.858469E3	5.915990E1	6.982966E1
5.449600E1	1.089920E5	-2.366955E1	-1.275724E1	2.688856E1	9.019378E3	6.224128E1	7.777635E1
5.449800E1	1.089960E5	-1.857863E1	-1.942235E1	2.687738E1	8.924623E3	6.733220E1	8.444146E1
5.450000E1	1.090000E5	-1.171505E1	-2.404278E1	2.674505E1	8.865972E3	7.419578E1	8.906189E1
5.450200E1	1.090040E5	-3.851677E0	-2.651825E1	2.679651E1	8.827198E3	8.205915E1	9.153736E1
5.450400E1	1.090080E5	4.337119E0	-2.639641E1	2.675035E1	8.720620E3	9.024795E1	9.141552E1
5.450600E1	1.090120E5	1.193147E1	-2.380762E1	2.663011E1	8.720992E3	9.784230E1	8.882673E1
5.450800E1	1.090160E5	1.869777E1	-1.921747E1	2.681264E1	8.789578E3	1.046086E2	8.423657E1
5.451000E1	1.090200E5	2.347402E1	-1.259901E1	2.664141E1	8.924496E3	1.093848E2	7.761812E1
5.451200E1	1.090240E5	2.625478E1	-4.670691E0	2.666700E1	9.138037E3	1.121656E2	6.968980E1
5.451400E1	1.090280E5	2.670565E1	3.909612E0	2.699031E1	8.984685E3	1.126165E2	6.110950E1
5.451600E1	1.090320E5	2.466125E1	1.194903E1	2.740359E1	8.703382E3	1.105721E2	5.307007E1
5.451800E1	1.090360E5	2.032391E1	1.904691E1	2.785401E1	8.515292E3	1.062347E2	4.597220E1
5.452000E1	1.090400E5	1.424083E1	2.457918E1	2.840664E1	8.289272E3	1.001517E2	4.043993E1
5.452200E1	1.090440E5	6.862617E0	2.815020E1	2.897463E1	8.202376E3	9.277344E1	3.686891E1
5.452400E1	1.090480E5	-1.379809E0	2.902089E1	2.905367E1	8.089755E3	8.453102E1	3.599822E1
5.452600E1	1.090520E5	-9.299621E0	2.754042E1	2.906816E1	8.024657E3	7.661121E1	3.747869E1
5.452800E1	1.090560E5	-1.653473E1	2.377200E1	2.895696E1	8.145008E3	6.937610E1	4.124711E1
5.453000E1	1.090600E5	-2.225956E1	1.787259E1	2.854676E1	8.351117E3	6.365127E1	4.714652E1
5.453200E1	1.090640E5	-2.616304E1	1.045113E1	2.817323E1	8.487716E3	5.974778E1	5.456798E1
5.453400E1	1.090680E5	-2.776152E1	2.336436E0	2.785966E1	8.532548E3	5.814931E1	6.268267E1
5.453600E1	1.090720E5	-2.657846E1	-5.821962E0	2.720863E1	8.746712E3	5.933237E1	7.084107E1
5.453800E1	1.090760E5	-2.333628E1	-1.356902E1	2.699445E1	8.913047E3	6.257455E1	7.858813E1
5.454000E1	1.090800E5	-1.790756E1	-1.989365E1	2.676636E1	8.998940E3	6.800327E1	8.491276E1
5.454200E1	1.090840E5	-1.080615E1	-2.446828E1	2.674827E1	9.021093E3	7.510468E1	8.948739E1
5.454400E1	1.090880E5	-2.742487E0	-2.650207E1	2.664359E1	8.853419E3	8.316834E1	9.152117E1
5.454600E1	1.090920E5	5.352441E0	-2.610848E1	2.665148E1	8.741621E3	9.126327E1	9.112759E1
5.454800E1	1.090960E5	1.295657E1	-2.331816E1	2.667600E1	8.790825E3	9.886740E1	8.833726E1
5.455000E1	1.091000E5	1.948547E1	-1.833083E1	2.675262E1	8.840543E3	1.053963E2	8.334994E1
5.455200E1	1.091040E5	2.406385E1	-1.151883E1	2.667868E1	8.949574E3	1.099747E2	7.653793E1
5.455400E1	1.091080E5	2.660004E1	-3.479696E0	2.682667E1	9.044166E3	1.125109E2	6.849880E1
5.455600E1	1.091120E5	2.662028E1	4.980536E0	2.708219E1	8.847408E3	1.125311E2	6.003857E1
5.455800E1	1.091160E5	2.428360E1	1.287747E1	2.748677E1	8.653461E3	1.101944E2	5.214164E1
5.456000E1	1.091200E5	1.975621E1	1.990233E1	2.804301E1	8.543006E3	1.056670E2	4.511678E1
5.456200E1	1.091240E5	1.333561E1	2.519595E1	2.850744E1	8.317775E3	9.924644E1	3.982316E1
5.456400E1	1.091280E5	5.758702E0	2.826001E1	2.884078E1	8.173535E3	9.166953E1	3.675910E1
5.456600E1	1.091320E5	-2.423683E0	2.884509E1	2.894673E1	8.093890E3	8.348715E1	3.617402E1
5.456800E1	1.091360E5	-1.031599E1	2.707478E1	2.897349E1	8.099878E3	7.559484E1	3.794433E1
5.457000E1	1.091400E5	-1.736997E1	2.288205E1	2.872810E1	8.222930E3	6.854086E1	4.213706E1
5.457200E1	1.091440E5	-2.288675E1	1.678158E1	2.838001E1	8.350780E3	6.302407E1	4.823753E1
5.457400E1	1.091480E5	-2.632488E1	9.267575E0	2.790856E1	8.582531E3	5.958594E1	5.575153E1
5.457600E1	1.091520E5	-2.754522E1	9.235810E-1	2.756070E1	8.712333E3	5.836560E1	6.409553E1
5.457800E1	1.091560E5	-2.623605E1	-7.253672E0	2.722033E1	8.693536E3	5.967477E1	7.227278E1
5.458000E1	1.091600E5	-2.272186E1	-1.467343E1	2.704796E1	8.800838E3	6.318897E1	7.969254E1
5.458200E1	1.091640E5	-1.694249E1	-2.066894E1	2.672551E1	8.949571E3	6.896834E1	8.568805E1
5.458400E1	1.091680E5	-9.638412E0	-2.466024E1	2.647690E1	8.952268E3	7.627242E1	8.967935E1
5.458600E1	1.091720E5	-1.626680E0	-2.634942E1	2.639958E1	8.838055E3	8.428415E1	9.136853E1
5.458800E1	1.091760E5	6.421233E0	-2.574600E1	2.653467E1	8.693068E3	9.233206E1	9.076511E1
5.459000E1	1.091800E5	1.388961E1	-2.289874E1	2.678196E1	8.668819E3	9.980044E1	8.791785E1
5.459200E1	1.091840E5	2.001386E1	-1.759527E1	2.664861E1	8.941840E3	1.059247E2	8.261438E1
5.459400E1	1.091880E5	2.451731E1	-1.040346E1	2.663326E1	9.093015E3	1.104281E2	7.542257E1
5.459600E1	1.091920E5	2.660912E1	-2.303852E0	2.670867E1	8.987196E3	1.125200E2	6.732296E1
5.459800E1	1.091960E5	2.635603E1	6.063332E0	2.704449E1	8.857237E3	1.122669E2	5.895578E1
5.460000E1	1.092000E5	2.371372E1	1.395761E1	2.751646E1	8.745530E3	1.096246E2	5.106150E1
5.460200E1	1.092040E5	1.870813E1	2.073222E1	2.792524E1	8.604575E3	1.046190E2	4.428689E1
5.460400E1	1.092080E5	1.210064E1	2.583074E1	2.852460E1	8.260065E3	9.801147E1	3.918837E1
5.460600E1	1.092120E5	4.546853E0	2.863694E1	2.899566E1	8.044831E3	9.045768E1	3.638217E1
5.460800E1	1.092160E5	-3.605207E0	2.903452E1	2.925749E1	8.030480E3	8.230562E1	3.598459E1
5.461000E1	1.092200E5	-1.139347E1	2.671156E1	2.903995E1	8.107179E3	7.451736E1	3.830755E1
5.461200E1	1.092240E5	-1.830684E1	2.220253E1	2.877660E1	8.322351E3	6.760399E1	4.281658E1
5.461400E1	1.092280E5	-2.360808E1	1.569143E1	2.834718E1	8.441442E3	6.230275E1	4.932767E1
5.461600E1	1.092320E5	-2.671731E1	8.029478E0	2.789780E1	8.534417E3	5.919352E1	5.698963E1
5.461800E1	1.092360E5	-2.749078E1	-2.529218E-1	2.749195E1	8.685518E3	5.842005E1	6.527203E1
5.462000E1	1.092400E5	-2.585799E1	-8.409118E0	2.719097E1	8.790354E3	6.005284E1	7.342823E1
5.462200E1	1.092440E5	-2.178566E1	-1.564798E1	2.682302E1	8.900028E3	6.412516E1	8.066709E1
5.462400E1	1.092480E5	-1.576479E1	-2.139444E1	2.657537E1	8.986870E3	7.014604E1	8.641355E1
5.462600E1	1.092520E5	-8.356474E0	-2.517331E1	2.652407E1	8.910462E3	7.755435E1	9.019242E1
5.462800E1	1.092560E5	-3.452320E-1	-2.660969E1	2.661193E1	8.770227E3	8.556560E1	9.162880E1
5.463000E1	1.092600E5	7.641476E0	-2.544306E1	2.656579E1	8.710646E3	9.355230E1	9.046216E1
5.463200E1	1.092640E5	1.488397E1	-2.198413E1	2.654872E1	8.724912E3	1.007948E2	8.700324E1
5.463400E1	1.092680E5	2.075348E1	-1.643924E1	2.647557E1	8.958136E3	1.066643E2	8.145835E1
5.463600E1	1.092720E5	2.479078E1	-9.056528E0	2.639325E1	9.051827E3	1.107016E2	7.407564E1
5.463800E1	1.092760E5	2.654217E1	-1.008568E0	2.656133E1	8.905750E3	1.124530E2	6.602768E1
5.464000E1	1.092800E5	2.599414E1	7.235603E0	2.698238E1	8.786255E3	1.119050E2	5.778351E1
5.464200E1	1.092840E5	2.309487E1	1.498017E1	2.752778E1	8.642287E3	1.090057E2	5.003894E1
5.464400E1	1.092880E5	1.800088E1	2.154712E1	2.807686E1	8.503884E3	1.039117E2	4.347199E1
5.464600E1	1.092920E5	1.123421E1	2.644618E1	2.873339E1	8.297098E3	9.714504E1	3.857293E1
5.464800E1	1.092960E5	3.401895E0	2.901297E1	2.921173E1	8.082764E3	8.931272E1	3.600614E1
5.465000E1	1.093000E5	-4.723774E0	2.879754E1	2.918240E1	8.062750E3	8.118705E1	3.622157E1
5.465200E1	1.093040E5	-1.250977E1	2.615281E1	2.899076E1	8.224252E3	7.340106E1	3.886630E1
5.465400E1	1.093080E5	-1.917249E1	2.113504E1	2.853549E1	8.436322E3	6.673834E1	4.388407E1
5.465600E1	1.093120E5	-2.426192E1	1.440072E1	2.821386E1	8.446452E3	6.164891E1	5.061839E1
5.465800E1	1.093160E5	-2.714262E1	6.768265E0	2.797376E1	8.478860E3	5.876821E1	5.825084E1
5.466000E1	1.093200E5	-2.761581E1	-1.555611E0	2.765959E1	8.623840E3	5.829502E1	6.657472E1
5.466200E1	1.093240E5	-2.544469E1	-9.510178E0	2.716387E1	8.709518E3	6.046613E1	7.452929E1
5.466400E1	1.093280E5	-2.112963E1	-1.654522E1	2.683665E1	8.870661E3	6.478120E1	8.156433E1
5.466600E1	1.093320E5	-1.489506E1	-2.206316E1	2.662040E1	9.056399E3	7.101577E1	8.708226E1
5.466800E1	1.093360E5	-7.198310E0	-2.558782E1	2.658105E1	8.957103E3	7.871252E1	9.060693E1
5.467000E1	1.093400E5	8.356315E-1	-2.652050E1	2.653366E1	8.743650E3	8.674646E1	9.153960E1
5.467200E1	1.093440E5	8.749655E0	-2.503781E1	2.652260E1	8.752817E3	9.466048E1	9.005692E1
5.467400E1	1.093480E5	1.590318E1	-2.124585E1	2.653860E1	8.834620E3	1.018140E2	8.626496E1
5.467600E1	1.093520E5	2.149831E1	-1.527758E1	2.637389E1	9.012858E3	1.074091E2	8.029669E1
5.467800E1	1.093560E5	2.529889E1	-7.798702E0	2.647364E1	9.045510E3	1.112097E2	7.281781E1
5.468000E1	1.093600E5	2.664373E1	3.640783E-1	2.664622E1	9.073880E3	1.125546E2	6.465503E1
5.468200E1	1.093640E5	2.557361E1	8.887132E0	2.707380E1	8.968218E3	1.114844E2	5.613198E1
5.468400E1	1.093680E5	2.211160E1	1.645493E1	2.756242E1	8.663423E3	1.080224E2	4.856418E1
5.468600E1	1.093720E5	1.675875E1	2.291189E1	2.838680E1	8.441246E3	1.026696E2	4.210722E1
5.468800E1	1.093760E5	9.652558E0	2.713861E1	2.880409E1	8.245256E3	9.556339E1	3.788050E1
5.469000E1	1.093800E5	1.620299E0	2.896001E1	2.900530E1	8.049851E3	8.753113E1	3.605910E1
5.469200E1	1.093840E5	-6.356709E0	2.839140E1	2.909432E1	7.942746E3	7.955412E1	3.662771E1
5.469400E1	1.093880E5	-1.395438E1	2.562750E1	2.918037E1	8.051505E3	7.195644E1	3.939160E1
5.469600E1	1.093920E5	-2.018088E1	2.030371E1	2.862706E1	8.280149E3	6.572995E1	4.471539E1
5.469800E1	1.093960E5	-2.494012E1	1.343491E1	2.832854E1	8.425426E3	6.097071E1	5.158420E1
5.470000E1	1.094000E5	-2.725364E1	5.531015E0	2.780923E1	8.529319E3	5.865719E1	5.948809E1
5.470200E1	1.094040E5	-2.720944E1	-2.766966E0	2.734977E1	8.858427E3	5.870138E1	6.778607E1
5.470400E1	1.094080E5	-2.475484E1	-1.100167E1	2.708946E1	9.038015E3	6.115599E1	7.602078E1
5.470600E1	1.094120E5	-2.000421E1	-1.798571E1	2.690082E1	9.032547E3	6.590662E1	8.300482E1
5.470800E1	1.094160E5	-1.335713E1	-2.322103E1	2.678860E1	8.943402E3	7.255370E1	8.824014E1
5.471000E1	1.094200E5	-5.694803E0	-2.618942E1	2.680143E1	8.757277E3	8.021603E1	9.120853E1
5.471200E1	1.094240E5	2.393937E0	-2.671365E1	2.682070E1	8.683006E3	8.830476E1	9.173276E1
5.471400E1	1.094280E5	1.028658E1	-2.487793E1	2.692072E1	8.750698E3	9.619741E1	8.989704E1
5.471600E1	1.094320E5	1.730474E1	-2.053282E1	2.685239E1	8.887060E3	1.032156E2	8.555193E1
5.471800E1	1.094360E5	2.265730E1	-1.415100E1	2.671337E1	9.002002E3	1.085681E2	7.917011E1
5.472000E1	1.094400E5	2.583770E1	-6.379032E0	2.661351E1	9.075283E3	1.117485E2	7.139814E1
5.472200E1	1.094440E5	2.667223E1	2.011858E0	2.674800E1	8.958189E3	1.125831E2	6.300725E1
5.472400E1	1.094480E5	2.514427E1	1.014079E1	2.711217E1	8.774543E3	1.110551E2	5.487832E1
5.472600E1	1.094520E5	2.137066E1	1.756141E1	2.766059E1	8.700378E3	1.072815E2	4.745770E1
5.472800E1	1.094560E5	1.554464E1	2.372390E1	2.836299E1	8.471245E3	1.014555E2	4.129521E1
5.473000E1	1.094600E5	8.300727E0	2.766205E1	2.888064E1	8.202392E3	9.421156E1	3.735706E1
5.473200E1	1.094640E5	2.164364E-1	2.921248E1	2.921328E1	8.030818E3	8.612726E1	3.580663E1
5.473400E1	1.094680E5	-7.737343E0	2.805197E1	2.909947E1	7.980658E3	7.817349E1	3.696714E1
5.473600E1	1.094720E5	-1.507568E1	2.460308E1	2.885460E1	8.132342E3	7.083514E1	4.041603E1
5.473800E1	1.094760E5	-2.107798E1	1.901244E1	2.838581E1	8.397734E3	6.483285E1	4.600667E1
5.474000E1	1.094800E5	-2.524146E1	1.172255E1	2.783073E1	8.597947E3	6.066937E1	5.329656E1
5.474200E1	1.094840E5	-2.736894E1	3.680404E0	2.761529E1	8.684480E3	5.854188E1	6.133870E1
5.474400E1	1.094880E5	-2.688860E1	-4.657514E0	2.728899E1	8.731608E3	5.902223E1	6.967662E1
5.474600E1	1.094920E5	-2.386207E1	-1.229905E1	2.684520E1	8.908414E3	6.204876E1	7.731816E1
5.474800E1	1.094960E5	-1.866135E1	-1.896386E1	2.660590E1	9.088044E3	6.724948E1	8.398297E1
5.475000E1	1.095000E5	-1.186152E1	-2.391561E1	2.669554E1	9.015478E3	7.404930E1	8.893472E1
5.475200E1	1.095040E5	-3.945742E0	-2.647288E1	2.676532E1	8.878910E3	8.196509E1	9.149199E1
5.475400E1	1.095080E5	4.247071E0	-2.641080E1	2.675010E1	8.704817E3	9.015790E1	9.142991E1
5.475600E1	1.095120E5	1.188919E1	-2.401179E1	2.679401E1	8.634190E3	9.780001E1	8.903090E1
5.475800E1	1.095160E5	1.841921E1	-1.929335E1	2.667397E1	8.810816E3	1.043300E2	8.431246E1
5.476000E1	1.095200E5	2.338611E1	-1.265268E1	2.658948E1	9.037073E3	1.092969E2	7.767179E1
5.476200E1	1.095240E5	2.628159E1	-4.719112E0	2.670191E1	9.028464E3	1.121924E2	6.973822E1
5.476400E1	1.095280E5	2.665447E1	3.603327E0	2.689693E1	8.957055E3	1.125653E2	6.141578E1
5.476600E1	1.095320E5	2.464560E1	1.183395E1	2.733950E1	8.843945E3	1.105564E2	5.318515E1
5.476800E1	1.095360E5	2.031860E1	1.899700E1	2.781603E1	8.584866E3	1.062294E2	4.602211E1
5.477000E1	1.095400E5	1.420412E1	2.459051E1	2.839806E1	8.334405E3	1.001149E2	4.042860E1
5.477200E1	1.095440E5	6.794573E0	2.811191E1	2.892137E1	8.219424E3	9.270540E1	3.690720E1
5.477400E1	1.095480E5	-1.453242E0	2.902983E1	2.906618E1	8.087786E3	8.445759E1	3.598928E1
5.477600E1	1.095520E5	-9.343438E0	2.750360E1	2.904734E1	8.024169E3	7.656739E1	3.751551E1
5.477800E1	1.095560E5	-1.658456E1	2.371821E1	2.894134E1	8.189632E3	6.932627E1	4.130090E1
5.478000E1	1.095600E5	-2.234129E1	1.775705E1	2.853850E1	8.379912E3	6.356954E1	4.726206E1
5.478200E1	1.095640E5	-2.622957E1	1.034153E1	2.819464E1	8.475625E3	5.968126E1	5.467758E1
5.478400E1	1.095680E5	-2.767732E1	2.214944E0	2.776581E1	8.665972E3	5.823351E1	6.280416E1
5.478600E1	1.095720E5	-2.652831E1	-6.195818E0	2.724223E1	8.917345E3	5.938252E1	7.121493E1
5.478800E1	1.095760E5	-2.306899E1	-1.391276E1	2.693962E1	9.008683E3	6.284184E1	7.893186E1
5.479000E1	1.095800E5	-1.749473E1	-2.025411E1	2.676368E1	8.965795E3	6.841610E1	8.527322E1
5.479200E1	1.095840E5	-1.046740E1	-2.460837E1	2.674207E1	8.836249E3	7.544343E1	8.962748E1
5.479400E1	1.095880E5	-2.540364E0	-2.650777E1	2.662922E1	8.792349E3	8.337046E1	9.152688E1
5.479600E1	1.095920E5	5.595477E0	-2.604185E1	2.663621E1	8.745565E3	9.150631E1	9.106096E1
5.479800E1	1.095960E5	1.312114E1	-2.318393E1	2.663943E1	8.770843E3	9.903197E1	8.820304E1
5.480000E1	1.096000E5	1.960378E1	-1.814705E1	2.671373E1	8.850122E3	1.055146E2	8.316615E1
5.480200E1	1.096040E5	2.413518E1	-1.130135E1	2.665009E1	8.956063E3	1.100460E2	7.632046E1
5.480400E1	1.096080E5	2.660417E1	-3.250511E0	2.680201E1	9.024091E3	1.125150E2	6.826962E1
5.480600E1	1.096120E5	2.655637E1	5.164397E0	2.705387E1	8.825732E3	1.124672E2	5.985471E1
5.480800E1	1.096160E5	2.413426E1	1.301509E1	2.741998E1	8.663561E3	1.100451E2	5.200402E1
5.481000E1	1.096200E5	1.956299E1	2.001837E1	2.799010E1	8.554592E3	1.054738E2	4.500074E1
5.481200E1	1.096240E5	1.309398E1	2.521279E1	2.841016E1	8.330215E3	9.900481E1	3.980631E1
5.481400E1	1.096280E5	5.494565E0	2.821454E1	2.874457E1	8.169176E3	9.140539E1	3.680457E1
5.481600E1	1.096320E5	-2.635404E0	2.877958E1	2.889999E1	8.089428E3	8.327542E1	3.623953E1
5.481800E1	1.096360E5	-1.051768E1	2.692405E1	2.890546E1	8.112855E3	7.539315E1	3.809506E1
5.482000E1	1.096400E5	-1.748837E1	2.264076E1	2.860852E1	8.242136E3	6.842246E1	4.237834E1
5.482200E1	1.096440E5	-2.297401E1	1.650469E1	2.828798E1	8.392731E3	6.293682E1	4.851442E1
5.482400E1	1.096480E5	-2.635078E1	8.942604E0	2.782685E1	8.576403E3	5.956005E1	5.607650E1
5.482600E1	1.096520E5	-2.749377E1	6.662281E-1	2.750184E1	8.664867E3	5.841706E1	6.435288E1
5.482800E1	1.096560E5	-2.610327E1	-7.442563E0	2.714355E1	8.733472E3	5.980756E1	7.246167E1
5.483000E1	1.096600E5	-2.241516E1	-1.486203E1	2.689459E1	8.971010E3	6.349567E1	7.988114E1
5.483200E1	1.096640E5	-1.660314E1	-2.109728E1	2.684696E1	9.009973E3	6.930769E1	8.611639E1
5.483400E1	1.096680E5	-9.362673E0	-2.515620E1	2.684202E1	8.809544E3	7.654815E1	9.017531E1
5.483600E1	1.096720E5	-1.386543E0	-2.677990E1	2.681577E1	8.711255E3	8.452429E1	9.179901E1
5.483800E1	1.096760E5	6.712489E0	-2.608542E1	2.693523E1	8.736379E3	9.262332E1	9.110453E1
5.484000E1	1.096800E5	1.415807E1	-2.267380E1	2.673111E1	8.912144E3	1.000689E2	8.769291E1
5.484200E1	1.096840E5	2.041744E1	-1.708419E1	2.662220E1	8.980926E3	1.063283E2	8.210330E1
5.484400E1	1.096880E5	2.463751E1	-1.000158E1	2.659020E1	8.930117E3	1.105483E2	7.502068E1
5.484600E1	1.096920E5	2.661092E1	-1.954312E0	2.668259E1	8.963458E3	1.125218E2	6.697342E1
5.484800E1	1.096960E5	2.611895E1	6.395704E0	2.689060E1	8.994452E3	1.120298E2	5.862340E1
5.485000E1	1.097000E5	2.342231E1	1.450973E1	2.755244E1	8.858947E3	1.093331E2	5.050938E1
5.485200E1	1.097040E5	1.841995E1	2.133594E1	2.818717E1	8.571936E3	1.043308E2	4.368317E1
5.485400E1	1.097080E5	1.172349E1	2.641234E1	2.889727E1	8.287387E3	9.763432E1	3.860677E1
5.485600E1	1.097120E5	3.902713E0	2.903499E1	2.929610E1	8.096533E3	8.981354E1	3.598412E1
5.485800E1	1.097160E5	-4.309143E0	2.900137E1	2.931976E1	7.975902E3	8.160169E1	3.601774E1
5.486000E1	1.097200E5	-1.201211E1	2.666823E1	2.924868E1	7.958526E3	7.389871E1	3.835088E1
5.486200E1	1.097240E5	-1.858694E1	2.192820E1	2.874579E1	8.240620E3	6.732389E1	4.309090E1
5.486400E1	1.097280E5	-2.372381E1	1.528274E1	2.822023E1	8.569836E3	6.218702E1	4.973637E1
5.486600E1	1.097320E5	-2.674354E1	7.384050E0	2.774421E1	8.551757E3	5.916729E1	5.763506E1
5.486800E1	1.097360E5	-2.739189E1	-6.778792E-1	2.740028E1	8.572055E3	5.851893E1	6.569699E1
5.487000E1	1.097400E5	-2.549162E1	-8.704416E0	2.693677E1	8.889662E3	6.041921E1	7.372352E1
5.487200E1	1.097440E5	-2.146678E1	-1.616245E1	2.687094E1	8.999632E3	6.444405E1	8.118156E1
5.487400E1	1.097480E5	-1.541415E1	-2.189278E1	2.677480E1	8.932480E3	7.049668E1	8.691189E1
5.487600E1	1.097520E5	-7.972182E0	-2.560549E1	2.681784E1	8.928176E3	7.793865E1	9.062459E1
5.487800E1	1.097560E5	2.624633E-1	-2.664783E1	2.664912E1	8.866892E3	8.617329E1	9.166693E1
5.488000E1	1.097600E5	8.306299E0	-2.530279E1	2.663129E1	8.776068E3	9.421713E1	9.032190E1
5.488200E1	1.097640E5	1.555100E1	-2.166658E1	2.666973E1	8.790578E3	1.014618E2	8.668568E1
5.488400E1	1.097680E5	2.128611E1	-1.584534E1	2.653626E1	8.841167E3	1.071969E2	8.086445E1
5.488600E1	1.097720E5	2.522853E1	-8.670507E0	2.667689E1	9.007832E3	1.111394E2	7.368962E1
5.488800E1	1.097760E5	2.687401E1	-2.967233E-1	2.687565E1	9.083883E3	1.127848E2	6.531583E1
5.489000E1	1.097800E5	2.588995E1	8.097930E0	2.712685E1	8.881970E3	1.118008E2	5.692118E1
5.489200E1	1.097840E5	2.253896E1	1.572064E1	2.747987E1	8.668881E3	1.084498E2	4.929847E1
5.489400E1	1.097880E5	1.730867E1	2.218944E1	2.814181E1	8.422688E3	1.032195E2	4.282967E1
5.489600E1	1.097920E5	1.044273E1	2.662761E1	2.860211E1	8.211101E3	9.635356E1	3.839150E1
5.489800E1	1.097960E5	2.586083E0	2.891214E1	2.902757E1	8.059143E3	8.849691E1	3.610697E1
5.490000E1	1.098000E5	-5.474478E0	2.863681E1	2.915539E1	8.008670E3	8.043635E1	3.638230E1
5.490200E1	1.098040E5	-1.317154E1	2.593629E1	2.908918E1	8.132141E3	7.273928E1	3.908282E1
5.490400E1	1.098080E5	-1.972669E1	2.089603E1	2.873650E1	8.318416E3	6.618414E1	4.412308E1
5.490600E1	1.098120E5	-2.448759E1	1.402585E1	2.821997E1	8.477073E3	6.142324E1	5.099326E1
5.490800E1	1.098160E5	-2.712969E1	6.134111E0	2.781452E1	8.616962E3	5.878113E1	5.888500E1
5.491000E1	1.098200E5	-2.747106E1	-2.241591E0	2.756237E1	8.682332E3	5.843976E1	6.726070E1
5.491200E1	1.098240E5	-2.521042E1	-1.017994E1	2.718817E1	8.746020E3	6.070041E1	7.519904E1
5.491400E1	1.098280E5	-2.082299E1	-1.725629E1	2.704397E1	8.922328E3	6.508783E1	8.227539E1
5.491600E1	1.098320E5	-1.434396E1	-2.267072E1	2.682743E1	8.893524E3	7.156686E1	8.768983E1
5.491800E1	1.098360E5	-6.787157E0	-2.573032E1	2.661043E1	8.814567E3	7.912367E1	9.074943E1
5.492000E1	1.098400E5	1.374895E0	-2.680403E1	2.683927E1	8.799062E3	8.728572E1	9.182314E1
5.492200E1	1.098440E5	9.400001E0	-2.524977E1	2.694273E1	8.757547E3	9.531083E1	9.026888E1
5.492400E1	1.098480E5	1.649457E1	-2.113749E1	2.681165E1	8.813065E3	1.024054E2	8.615660E1
5.492600E1	1.098520E5	2.204806E1	-1.505619E1	2.669842E1	8.962783E3	1.079589E2	8.007530E1
5.492800E1	1.098560E5	2.567129E1	-7.449601E0	2.673035E1	9.076119E3	1.115821E2	7.246871E1
5.493000E1	1.098600E5	2.680138E1	9.247141E-1	2.681733E1	8.995889E3	1.127122E2	6.409439E1
5.493200E1	1.098640E5	2.549433E1	9.179153E0	2.709645E1	8.808377E3	1.114052E2	5.583996E1
5.493400E1	1.098680E5	2.191696E1	1.664165E1	2.751904E1	8.630325E3	1.078278E2	4.837746E1
5.493600E1	1.098720E5	1.651690E1	2.300481E1	2.832012E1	8.428197E3	1.024277E2	4.201430E1
5.493800E1	1.098760E5	9.378841E0	2.711870E1	2.869471E1	8.247733E3	9.528967E1	3.790041E1
5.494000E1	1.098800E5	1.355555E0	2.888894E1	2.892073E1	8.103881E3	8.726638E1	3.613017E1
5.494200E1	1.098840E5	-6.697713E0	2.824988E1	2.903300E1	8.075326E3	7.921311E1	3.676923E1
5.494400E1	1.098880E5	-1.419888E1	2.497954E1	2.873301E1	8.210590E3	7.171194E1	4.003956E1
5.494600E1	1.098920E5	-2.057531E1	1.974463E1	2.851656E1	8.346354E3	6.533552E1	4.527447E1
5.494800E1	1.098960E5	-2.506587E1	1.277159E1	2.813204E1	8.439516E3	6.084495E1	5.224752E1
5.495000E1	1.099000E5	-2.723991E1	4.833378E0	2.766540E1	8.560641E3	5.867092E1	6.018573E1
5.495200E1	1.099040E5	-2.720038E1	-3.456837E0	2.741916E1	8.673837E3	5.871045E1	6.847595E1
5.495400E1	1.099080E5	-2.462797E1	-1.129307E1	2.709373E1	8.836427E3	6.128286E1	7.631218E1
5.495600E1	1.099120E5	-1.973436E1	-1.813935E1	2.680449E1	8.998027E3	6.617647E1	8.315846E1
5.495800E1	1.099160E5	-1.309742E1	-2.326863E1	2.670153E1	8.896149E3	7.281341E1	8.828774E1
5.496000E1	1.099200E5	-5.485192E0	-2.619463E1	2.676277E1	8.797563E3	8.042564E1	9.121374E1
5.496200E1	1.099240E5	2.714385E0	-2.664852E1	2.678640E1	8.777104E3	8.862521E1	9.166763E1
5.496400E1	1.099280E5	1.050814E1	-2.442135E1	2.658615E1	8.794395E3	9.641897E1	8.944046E1
5.496600E1	1.099320E5	1.736596E1	-1.998176E1	2.647352E1	8.831167E3	1.032768E2	8.500087E1
5.496800E1	1.099360E5	2.267814E1	-1.383945E1	2.656743E1	8.896257E3	1.085890E2	7.885856E1
5.497000E1	1.099400E5	2.581987E1	-6.161340E0	2.654483E1	9.025963E3	1.117307E2	7.118045E1
5.497200E1	1.099440E5	2.664968E1	2.195690E0	2.673998E1	8.967056E3	1.125605E2	6.282342E1
5.497400E1	1.099480E5	2.494671E1	1.030616E1	2.699176E1	8.852138E3	1.108575E2	5.471295E1
5.497600E1	1.099520E5	2.131512E1	1.796080E1	2.787337E1	8.639477E3	1.072260E2	4.705830E1
5.497800E1	1.099560E5	1.548290E1	2.384591E1	2.843145E1	8.360597E3	1.013937E2	4.117320E1
5.498000E1	1.099600E5	8.183110E0	2.773402E1	2.891607E1	8.193605E3	9.409394E1	3.728509E1
5.498200E1	1.099640E5	1.123961E-1	2.916284E1	2.916306E1	8.000671E3	8.602322E1	3.585627E1
5.498400E1	1.099680E5	-7.792324E0	2.797752E1	2.904242E1	7.992309E3	7.811850E1	3.704159E1
5.498600E1	1.099720E5	-1.510912E1	2.441757E1	2.871417E1	8.263167E3	7.080171E1	4.060153E1
5.498800E1	1.099760E5	-2.140580E1	1.886093E1	2.852969E1	8.441889E3	6.450503E1	4.615818E1
5.499000E1	1.099800E5	-2.556893E1	1.164383E1	2.809535E1	8.498506E3	6.034190E1	5.337528E1
5.499200E1	1.099840E5	-2.746190E1	3.561648E0	2.769190E1	8.626503E3	5.844892E1	6.145746E1
5.499400E1	1.099880E5	-2.675702E1	-4.728569E0	2.717163E1	8.854652E3	5.915381E1	6.974768E1
5.499600E1	1.099920E5	-2.380599E1	-1.267329E1	2.696919E1	8.941185E3	6.210484E1	7.769240E1
5.499800E1	1.099960E5	-1.858413E1	-1.910162E1	2.665037E1	8.932288E3	6.732669E1	8.412073E1
5.500000E1	1.100000E5	-1.179613E1	-2.392868E1	2.667828E1	8.987157E3	7.411470E1	8.894779E1
5.500200E1	1.100040E5	-3.849872E0	-2.650437E1	2.678251E1	8.888375E3	8.206096E1	9.152348E1
5.500400E1	1.100080E5	4.325397E0	-2.638019E1	2.673244E1	8.741662E3	9.023623E1	9.139930E1
5.500600E1	1.100120E5	1.197884E1	-2.381521E1	2.665815E1	8.718908E3	9.788967E1	8.883432E1
5.500800E1	1.100160E5	1.870057E1	-1.923880E1	2.682988E1	8.772845E3	1.046114E2	8.425791E1
5.501000E1	1.100200E5	2.349146E1	-1.259951E1	2.665701E1	8.943757E3	1.094023E2	7.761861E1
5.501200E1	1.100240E5	2.622881E1	-4.642671E0	2.663654E1	9.136339E3	1.121396E2	6.966178E1
5.501400E1	1.100280E5	2.670671E1	3.914526E0	2.699207E1	8.988777E3	1.126175E2	6.110458E1
5.501600E1	1.100320E5	2.462439E1	1.196618E1	2.737791E1	8.719777E3	1.105352E2	5.305293E1
5.501800E1	1.100360E5	2.026683E1	1.904370E1	2.781020E1	8.531545E3	1.061777E2	4.597540E1
5.502000E1	1.100400E5	1.416428E1	2.457635E1	2.836589E1	8.317325E3	1.000751E2	4.044276E1
5.502200E1	1.100440E5	6.762778E0	2.814117E1	2.894237E1	8.211460E3	9.267361E1	3.687793E1
5.502400E1	1.100480E5	-1.463875E0	2.900383E1	2.904075E1	8.081340E3	8.444695E1	3.601528E1
5.502600E1	1.100520E5	-9.361855E0	2.748062E1	2.903151E1	8.025016E3	7.654897E1	3.753849E1
5.502800E1	1.100560E5	-1.657489E1	2.368069E1	2.890505E1	8.183804E3	6.933594E1	4.133842E1
5.503000E1	1.100600E5	-2.230459E1	1.771157E1	2.848148E1	8.388059E3	6.360623E1	4.730754E1
5.503200E1	1.100640E5	-2.616102E1	1.028313E1	2.810946E1	8.617653E3	5.974981E1	5.473598E1
5.503400E1	1.100680E5	-2.766200E1	1.925423E0	2.772893E1	8.686178E3	5.824882E1	6.309368E1
5.503600E1	1.100720E5	-2.657427E1	-6.275224E0	2.730513E1	8.721776E3	5.933656E1	7.129433E1
5.503800E1	1.100760E5	-2.314568E1	-1.385538E1	2.697580E1	8.890750E3	6.276515E1	7.887449E1
5.504000E1	1.100800E5	-1.775181E1	-2.031302E1	2.697676E1	8.953008E3	6.815902E1	8.533213E1
5.504200E1	1.100840E5	-1.059356E1	-2.461863E1	2.680113E1	8.893082E3	7.531727E1	8.963774E1
5.504400E1	1.100880E5	-2.588945E0	-2.650754E1	2.663366E1	8.803904E3	8.332188E1	9.152664E1
5.504600E1	1.100920E5	5.504462E0	-2.604601E1	2.662130E1	8.748237E3	9.141529E1	9.106512E1
5.504800E1	1.100960E5	1.307718E1	-2.319437E1	2.662689E1	8.815121E3	9.898800E1	8.821348E1
5.505000E1	1.101000E5	1.959942E1	-1.815335E1	2.671482E1	8.878506E3	1.055102E2	8.317246E1
5.505200E1	1.101040E5	2.411228E1	-1.128030E1	2.662042E1	8.953085E3	1.100231E2	7.629940E1
5.505400E1	1.101080E5	2.656042E1	-3.258430E0	2.675954E1	9.026512E3	1.124712E2	6.827754E1
5.505600E1	1.101120E5	2.654256E1	5.176052E0	2.704254E1	8.846359E3	1.124534E2	5.984306E1
5.505800E1	1.101160E5	2.411233E1	1.303278E1	2.740908E1	8.668950E3	1.100232E2	5.198633E1
5.506000E1	1.101200E5	1.950428E1	1.999413E1	2.793174E1	8.577879E3	1.054151E2	4.502498E1
5.506200E1	1.101240E5	1.301550E1	2.522016E1	2.838062E1	8.321333E3	9.892633E1	3.979895E1
5.506400E1	1.101280E5	5.484296E0	2.820339E1	2.873167E1	8.151699E3	9.139512E1	3.681572E1
5.506600E1	1.101320E5	-2.674238E0	2.877469E1	2.889869E1	8.119040E3	8.323659E1	3.624442E1
5.506800E1	1.101360E5	-1.058097E1	2.689987E1	2.890606E1	8.117223E3	7.532986E1	3.811923E1
5.507000E1	1.101400E5	-1.755855E1	2.265386E1	2.866183E1	8.239051E3	6.835227E1	4.236525E1
5.507200E1	1.101440E5	-2.300956E1	1.645609E1	2.828856E1	8.382764E3	6.290127E1	4.856302E1
5.507400E1	1.101480E5	-2.638372E1	8.925466E0	2.785255E1	8.572694E3	5.952711E1	5.609364E1
5.507600E1	1.101520E5	-2.752051E1	6.153940E-1	2.752739E1	8.651668E3	5.839032E1	6.440371E1
5.507800E1	1.101560E5	-2.614198E1	-7.454769E0	2.718413E1	8.711725E3	5.976885E1	7.247388E1
5.508000E1	1.101600E5	-2.241150E1	-1.487095E1	2.689648E1	8.963554E3	6.349933E1	7.989006E1
5.508200E1	1.101640E5	-1.663070E1	-2.111148E1	2.687517E1	9.012295E3	6.928012E1	8.613059E1
5.508400E1	1.101680E5	-9.340808E0	-2.513693E1	2.681634E1	8.817595E3	7.657002E1	9.015604E1
5.508600E1	1.101720E5	-1.385387E0	-2.680058E1	2.683637E1	8.681620E3	8.452544E1	9.181969E1
5.508800E1	1.101760E5	6.670927E0	-2.609200E1	2.693127E1	8.734466E3	9.258176E1	9.111110E1
5.509000E1	1.101800E5	1.416202E1	-2.268269E1	2.674074E1	8.931066E3	1.000728E2	8.770180E1
5.509200E1	1.101840E5	2.039404E1	-1.707274E1	2.659691E1	8.981348E3	1.063049E2	8.209185E1
5.509400E1	1.101880E5	2.462880E1	-9.998651E0	2.658103E1	8.939999E3	1.105396E2	7.501776E1
5.509600E1	1.101920E5	2.659784E1	-1.941172E0	2.666858E1	8.976699E3	1.125087E2	6.696028E1
5.509800E1	1.101960E5	2.609894E1	6.415793E0	2.687595E1	9.006080E3	1.120098E2	5.860332E1
5.510000E1	1.102000E5	2.342166E1	1.455044E1	2.757335E1	8.862297E3	1.093325E2	5.046867E1
5.510200E1	1.102040E5	1.837441E1	2.133217E1	2.815458E1	8.567741E3	1.042852E2	4.368694E1
5.510400E1	1.102080E5	1.169336E1	2.641382E1	2.888641E1	8.296529E3	9.760418E1	3.860529E1
5.510600E1	1.102120E5	3.852366E0	2.905094E1	2.930525E1	8.108684E3	8.976319E1	3.596817E1
5.510800E1	1.102160E5	-4.366733E0	2.902496E1	2.935160E1	8.034010E3	8.154410E1	3.599415E1
5.511000E1	1.102200E5	-1.212329E1	2.650123E1	2.914257E1	8.057901E3	7.378753E1	3.851787E1
5.511200E1	1.102240E5	-1.892440E1	2.193384E1	2.896940E1	8.201738E3	6.698643E1	4.308527E1
5.511400E1	1.102280E5	-2.386592E1	1.526922E1	2.833251E1	8.469083E3	6.204491E1	4.974989E1
5.511600E1	1.102320E5	-2.681746E1	7.354655E0	2.780768E1	8.545367E3	5.909337E1	5.766445E1
5.511800E1	1.102360E5	-2.736361E1	-7.503271E-1	2.737390E1	8.744223E3	5.854721E1	6.576944E1
5.512000E1	1.102400E5	-2.549799E1	-9.099824E0	2.707313E1	8.936842E3	6.041284E1	7.411893E1
5.512200E1	1.102440E5	-2.142130E1	-1.632933E1	2.693546E1	8.860798E3	6.448953E1	8.134844E1
5.512400E1	1.102480E5	-1.531128E1	-2.193503E1	2.675034E1	8.907235E3	7.059955E1	8.695414E1
5.512600E1	1.102520E5	-7.858874E0	-2.562043E1	2.679867E1	8.925171E3	7.805195E1	9.063954E1
5.512800E1	1.102560E5	3.649452E-1	-2.665056E1	2.665306E1	8.870583E3	8.627577E1	9.166967E1
5.513000E1	1.102600E5	8.420013E0	-2.526829E1	2.663425E1	8.762892E3	9.433084E1	9.028740E1
5.513200E1	1.102640E5	1.562151E1	-2.163100E1	2.668205E1	8.780279E3	1.015323E2	8.665011E1
5.513400E1	1.102680E5	2.131614E1	-1.574409E1	2.650008E1	8.851245E3	1.072270E2	8.076319E1
5.513600E1	1.102720E5	2.523248E1	-8.569648E0	2.664802E1	9.006579E3	1.111433E2	7.358876E1
5.513800E1	1.102760E5	2.682333E1	-1.981432E-1	2.682406E1	9.077453E3	1.127342E2	6.521725E1
5.514000E1	1.102800E5	2.587200E1	8.182686E0	2.713515E1	8.860584E3	1.117828E2	5.683642E1
5.514200E1	1.102840E5	2.248612E1	1.575613E1	2.745690E1	8.673399E3	1.083970E2	4.926298E1
5.514400E1	1.102880E5	1.722082E1	2.223658E1	2.812512E1	8.425789E3	1.031316E2	4.278252E1
5.514600E1	1.102920E5	1.036821E1	2.662363E1	2.857127E1	8.217892E3	9.627904E1	3.839548E1
5.514800E1	1.102960E5	2.471108E0	2.891950E1	2.902489E1	8.064912E3	8.838194E1	3.609961E1
5.515000E1	1.103000E5	-5.541442E0	2.855640E1	2.908910E1	8.008638E3	8.036939E1	3.646270E1
5.515200E1	1.103040E5	-1.324846E1	2.583346E1	2.903255E1	8.148852E3	7.266237E1	3.918565E1
5.515400E1	1.103080E5	-1.977813E1	2.078556E1	2.869170E1	8.332348E3	6.613270E1	4.423355E1
5.515600E1	1.103120E5	-2.451225E1	1.387966E1	2.816905E1	8.500275E3	6.139858E1	5.113945E1
5.515800E1	1.103160E5	-2.711103E1	5.971457E0	2.776088E1	8.622330E3	5.879980E1	5.904765E1
5.516000E1	1.103200E5	-2.738542E1	-2.381143E0	2.748874E1	8.733223E3	5.852541E1	6.740025E1
5.516200E1	1.103240E5	-2.506156E1	-1.038663E1	2.712865E1	8.849157E3	6.084927E1	7.540574E1
5.516400E1	1.103280E5	-2.036496E1	-1.731109E1	2.672836E1	8.911447E3	6.554587E1	8.233019E1
5.516600E1	1.103320E5	-1.406981E1	-2.265438E1	2.666797E1	8.979858E3	7.184102E1	8.767349E1
5.516800E1	1.103360E5	-6.283941E0	-2.574923E1	2.650492E1	8.848240E3	7.962689E1	9.076834E1
5.517000E1	1.103400E5	1.660325E0	-2.676241E1	2.681386E1	8.623378E3	8.757115E1	9.178152E1
5.517200E1	1.103440E5	9.549603E0	-2.516741E1	2.691827E1	8.705708E3	9.546043E1	9.018652E1
5.517400E1	1.103480E5	1.660607E1	-2.097203E1	2.675047E1	8.805513E3	1.025169E2	8.599114E1
5.517600E1	1.103520E5	2.209456E1	-1.490243E1	2.665056E1	8.941278E3	1.080054E2	7.992154E1
5.517800E1	1.103560E5	2.567028E1	-7.293974E0	2.668643E1	9.095118E3	1.115811E2	7.231308E1
5.518000E1	1.103600E5	2.677795E1	1.113636E0	2.680110E1	9.033641E3	1.126888E2	6.390547E1
5.518200E1	1.103640E5	2.527363E1	9.335239E0	2.694259E1	8.950276E3	1.111845E2	5.568387E1
5.518400E1	1.103680E5	2.178918E1	1.713564E1	2.772000E1	8.750871E3	1.077000E2	4.788347E1
5.518600E1	1.103720E5	1.603376E1	2.313501E1	2.814800E1	8.342527E3	1.019446E2	4.188410E1
5.518800E1	1.103760E5	9.064347E0	2.717342E1	2.864537E1	8.120628E3	9.497517E1	3.784569E1
5.519000E1	1.103800E5	1.129895E0	2.886759E1	2.888969E1	8.039512E3	8.704072E1	3.615152E1
5.519200E1	1.103840E5	-6.871479E0	2.816510E1	2.899121E1	8.071794E3	7.903935E1	3.685400E1
5.519400E1	1.103880E5	-1.435936E1	2.482537E1	2.867909E1	8.236832E3	7.155147E1	4.019374E1
5.519600E1	1.103920E5	-2.067158E1	1.950853E1	2.842353E1	8.361475E3	6.523925E1	4.551058E1
5.519800E1	1.103960E5	-2.511850E1	1.252820E1	2.806946E1	8.477757E3	6.079233E1	5.249090E1
5.520000E1	1.104000E5	-2.743749E1	4.557478E0	2.781342E1	8.523796E3	5.847334E1	6.046163E1
5.520200E1	1.104040E5	-2.720440E1	-3.623469E0	2.744465E1	8.597495E3	5.870643E1	6.864258E1
5.520400E1	1.104080E5	-2.454364E1	-1.142352E1	2.707189E1	8.856537E3	6.136719E1	7.644263E1
5.520600E1	1.104120E5	-1.955804E1	-1.824644E1	2.674789E1	9.036378E3	6.635279E1	8.326555E1
5.520800E1	1.104160E5	-1.285998E1	-2.330017E1	2.661347E1	9.057408E3	7.305085E1	8.831928E1
5.521000E1	1.104200E5	-4.960491E0	-2.610924E1	2.657628E1	8.999379E3	8.095034E1	9.112835E1
5.521200E1	1.104240E5	3.302579E0	-2.650696E1	2.671191E1	8.825325E3	8.921341E1	9.152607E1
5.521400E1	1.104280E5	1.106739E1	-2.423596E1	2.664337E1	8.785779E3	9.697822E1	8.925507E1
5.521600E1	1.104320E5	1.791944E1	-1.973111E1	2.665377E1	8.802444E3	1.038303E2	8.475022E1
5.521800E1	1.104360E5	2.321141E1	-1.353450E1	2.686917E1	8.896903E3	1.091222E2	7.855361E1
5.522000E1	1.104400E5	2.624329E1	-5.658286E0	2.684635E1	9.016043E3	1.121541E2	7.067739E1
5.522200E1	1.104440E5	2.694966E1	2.745925E0	2.708919E1	8.904257E3	1.128605E2	6.227318E1
5.522400E1	1.104480E5	2.532708E1	1.098616E1	2.760718E1	8.720871E3	1.112379E2	5.403295E1
5.522600E1	1.104520E5	2.123606E1	1.826675E1	2.801151E1	8.526160E3	1.071469E2	4.675236E1
5.522800E1	1.104560E5	1.521967E1	2.394028E1	2.836856E1	8.338356E3	1.011305E2	4.107883E1
5.523000E1	1.104600E5	7.912179E0	2.769289E1	2.880102E1	8.192170E3	9.382301E1	3.732622E1
5.523200E1	1.104640E5	-1.635572E-1	2.900114E1	2.900160E1	8.176572E3	8.574727E1	3.601797E1
5.523400E1	1.104680E5	-8.368106E0	2.778478E1	2.901757E1	8.181058E3	7.754272E1	3.723433E1
5.523600E1	1.104720E5	-1.576085E1	2.422572E1	2.890138E1	8.217297E3	7.014998E1	4.079339E1
5.523800E1	1.104760E5	-2.162358E1	1.838345E1	2.838186E1	8.349082E3	6.428725E1	4.663566E1
5.524000E1	1.104800E5	-2.570856E1	1.120846E1	2.804567E1	8.546121E3	6.020227E1	5.381065E1
5.524200E1	1.104840E5	-2.746940E1	2.976997E0	2.763024E1	8.728204E3	5.844143E1	6.204211E1
5.524400E1	1.104880E5	-2.672566E1	-5.367727E0	2.725937E1	8.788198E3	5.918517E1	7.038683E1
5.524600E1	1.104920E5	-2.353281E1	-1.302700E1	2.689788E1	8.837934E3	6.237802E1	7.804611E1
5.524800E1	1.104960E5	-1.839539E1	-1.952634E1	2.682664E1	8.896097E3	6.751543E1	8.454545E1
5.525000E1	1.105000E5	-1.146677E1	-2.409672E1	2.668593E1	8.913034E3	7.444406E1	8.911583E1
5.525200E1	1.105040E5	-3.556941E0	-2.651812E1	2.675561E1	8.851446E3	8.235389E1	9.153723E1
5.525400E1	1.105080E5	4.609506E0	-2.625521E1	2.665678E1	8.774090E3	9.052033E1	9.127432E1
5.525600E1	1.105120E5	1.229218E1	-2.365666E1	2.665961E1	8.781591E3	9.820301E1	8.867576E1
5.525800E1	1.105160E5	1.882056E1	-1.876543E1	2.657733E1	8.783699E3	1.047314E2	8.378454E1
5.526000E1	1.105200E5	2.354666E1	-1.220984E1	2.652405E1	8.884938E3	1.094575E2	7.722895E1
5.526200E1	1.105240E5	2.623255E1	-4.331581E0	2.658776E1	9.068592E3	1.121434E2	6.935069E1
5.526400E1	1.105280E5	2.663651E1	4.154925E0	2.695862E1	8.937579E3	1.125473E2	6.086418E1
5.526600E1	1.105320E5	2.446970E1	1.213308E1	2.731259E1	8.698146E3	1.103805E2	5.288603E1
5.526800E1	1.105360E5	2.008323E1	1.916413E1	2.775969E1	8.530084E3	1.059941E2	4.585498E1
5.527000E1	1.105400E5	1.393737E1	2.462864E1	2.829876E1	8.324653E3	9.984820E1	4.039047E1
5.527200E1	1.105440E5	6.512048E0	2.811072E1	2.885515E1	8.204325E3	9.242288E1	3.690839E1
5.527400E1	1.105480E5	-1.673489E0	2.892045E1	2.896883E1	8.080836E3	8.423734E1	3.609866E1
5.527600E1	1.105520E5	-9.560168E0	2.732946E1	2.895335E1	8.035501E3	7.635066E1	3.768965E1
5.527800E1	1.105560E5	-1.672309E1	2.348498E1	2.883064E1	8.213717E3	6.918774E1	4.153413E1
5.528000E1	1.105600E5	-2.241020E1	1.742370E1	2.838665E1	8.407782E3	6.350063E1	4.759541E1
5.528200E1	1.105640E5	-2.621222E1	1.001740E1	2.806116E1	8.598201E3	5.969861E1	5.500171E1
5.528400E1	1.105680E5	-2.761530E1	1.675425E0	2.766608E1	8.697226E3	5.829553E1	6.334368E1
5.528600E1	1.105720E5	-2.643352E1	-6.528800E0	2.722786E1	8.772828E3	5.947730E1	7.154791E1
5.528800E1	1.105760E5	-2.288263E1	-1.408818E1	2.687176E1	8.972239E3	6.302820E1	7.910729E1
5.529000E1	1.105800E5	-1.724601E1	-2.038099E1	2.669849E1	8.960008E3	6.866482E1	8.540010E1
5.529200E1	1.105840E5	-1.022500E1	-2.463600E1	2.667364E1	8.799407E3	7.568583E1	8.965511E1
5.529400E1	1.105880E5	-2.330996E0	-2.643279E1	2.653537E1	8.753547E3	8.357983E1	9.145190E1
5.529600E1	1.105920E5	5.738569E0	-2.594148E1	2.656862E1	8.758693E3	9.164940E1	9.096059E1
5.529800E1	1.105960E5	1.328622E1	-2.301691E1	2.657634E1	8.797996E3	9.919704E1	8.803602E1
5.530000E1	1.106000E5	1.968377E1	-1.793245E1	2.662750E1	8.875190E3	1.055946E2	8.295156E1
5.530200E1	1.106040E5	2.416122E1	-1.101299E1	2.655279E1	8.990261E3	1.100721E2	7.603210E1
5.530400E1	1.106080E5	2.652036E1	-2.962235E0	2.668529E1	9.042914E3	1.124312E2	6.798134E1
5.530600E1	1.106120E5	2.630777E1	5.432542E0	2.686283E1	9.064297E3	1.122186E2	5.958657E1
5.530800E1	1.106160E5	2.383526E1	1.369695E1	2.749048E1	8.954475E3	1.097461E2	5.132216E1
5.531000E1	1.106200E5	1.890192E1	2.061731E1	2.797063E1	8.662038E3	1.048127E2	4.440180E1
5.531200E1	1.106240E5	1.229183E1	2.580746E1	2.858521E1	8.275803E3	9.820266E1	3.921165E1
5.531400E1	1.106280E5	4.747394E0	2.864152E1	2.903230E1	8.075703E3	9.065822E1	3.637759E1
5.531600E1	1.106320E5	-3.485764E0	2.908216E1	2.929031E1	8.044813E3	8.242506E1	3.593695E1
5.531800E1	1.106360E5	-1.126347E1	2.683680E1	2.910463E1	8.070762E3	7.464735E1	3.818231E1
5.532000E1	1.106400E5	-1.818827E1	2.236641E1	2.882828E1	8.230031E3	6.772255E1	4.265270E1
5.532200E1	1.106440E5	-2.357499E1	1.608898E1	2.854182E1	8.407327E3	6.233584E1	4.893013E1
5.532400E1	1.106480E5	-2.672911E1	8.301054E0	2.798844E1	8.634850E3	5.918172E1	5.671805E1
5.532600E1	1.106520E5	-2.754037E1	-1.093254E-1	2.754059E1	8.771346E3	5.837046E1	6.512843E1
5.532800E1	1.106560E5	-2.589847E1	-8.331325E0	2.720554E1	8.794411E3	6.001236E1	7.335043E1
5.533000E1	1.106600E5	-2.191921E1	-1.558010E1	2.689222E1	8.894439E3	6.399162E1	8.059921E1
5.533200E1	1.106640E5	-1.588130E1	-2.139223E1	2.664288E1	8.983538E3	7.002953E1	8.641134E1
5.533400E1	1.106680E5	-8.508925E0	-2.519534E1	2.659337E1	8.881330E3	7.740190E1	9.021445E1
5.533600E1	1.106720E5	-4.955605E-1	-2.667339E1	2.667799E1	8.782938E3	8.541527E1	9.169250E1
5.533800E1	1.106760E5	7.547947E0	-2.552890E1	2.662134E1	8.737985E3	9.345878E1	9.054800E1
5.534000E1	1.106800E5	1.481367E1	-2.205539E1	2.656850E1	8.738554E3	1.007245E2	8.707450E1
5.534200E1	1.106840E5	2.072091E1	-1.652636E1	2.650427E1	8.956178E3	1.066317E2	8.154547E1
5.534400E1	1.106880E5	2.476786E1	-9.155872E0	2.640600E1	9.066609E3	1.106787E2	7.417498E1
5.534600E1	1.106920E5	2.652488E1	-1.069225E0	2.654642E1	8.938769E3	1.124357E2	6.608833E1
5.534800E1	1.106960E5	2.598997E1	7.191715E0	2.696663E1	8.793044E3	1.119008E2	5.782739E1
5.535000E1	1.107000E5	2.311131E1	1.493068E1	2.751468E1	8.687928E3	1.090221E2	5.008843E1
5.535200E1	1.107040E5	1.796302E1	2.157448E1	2.807362E1	8.552823E3	1.038738E2	4.344463E1
5.535400E1	1.107080E5	1.119445E1	2.646889E1	2.873878E1	8.292736E3	9.710528E1	3.855022E1
5.535600E1	1.107120E5	3.355337E0	2.895514E1	2.914890E1	8.079622E3	8.926617E1	3.606396E1
5.535800E1	1.107160E5	-4.768323E0	2.882309E1	2.921485E1	8.081576E3	8.114250E1	3.619602E1
5.536000E1	1.107200E5	-1.258635E1	2.613346E1	2.900645E1	8.237576E3	7.332447E1	3.888565E1
5.536200E1	1.107240E5	-1.924758E1	2.112028E1	2.857508E1	8.453247E3	6.666325E1	4.389883E1
5.536400E1	1.107280E5	-2.432659E1	1.431270E1	2.822474E1	8.455970E3	6.158424E1	5.070641E1
5.536600E1	1.107320E5	-2.718801E1	6.694228E0	2.800001E1	8.471651E3	5.872282E1	5.832488E1
5.536800E1	1.107360E5	-2.759886E1	-1.647367E0	2.764799E1	8.626857E3	5.831196E1	6.666648E1
5.537000E1	1.107400E5	-2.540621E1	-9.587647E0	2.715509E1	8.733265E3	6.050461E1	7.460676E1
5.537200E1	1.107440E5	-2.108534E1	-1.668148E1	2.688612E1	9.019656E3	6.482549E1	8.170059E1
5.537400E1	1.107480E5	-1.450770E1	-2.213114E1	2.646244E1	9.123382E3	7.140313E1	8.715025E1
5.537600E1	1.107520E5	-6.932971E0	-2.559259E1	2.651503E1	8.999007E3	7.897786E1	9.061170E1
5.537800E1	1.107560E5	1.270531E0	-2.645232E1	2.648282E1	8.872195E3	8.718136E1	9.147143E1
5.538000E1	1.107600E5	9.242599E0	-2.494413E1	2.660141E1	8.759236E3	9.515343E1	8.996323E1
5.538200E1	1.107640E5	1.637312E1	-2.111814E1	2.672180E1	8.768787E3	1.022839E2	8.613725E1
5.538400E1	1.107680E5	2.198238E1	-1.516099E1	2.670357E1	8.933882E3	1.078932E2	8.018010E1
5.538600E1	1.107720E5	2.569194E1	-7.599410E0	2.679229E1	9.107050E3	1.116028E2	7.261852E1
5.538800E1	1.107760E5	2.685661E1	8.602524E-1	2.687039E1	9.035308E3	1.127674E2	6.415886E1
5.539000E1	1.107800E5	2.555554E1	9.131876E0	2.713810E1	8.810510E3	1.114664E2	5.588723E1
5.539200E1	1.107840E5	2.197573E1	1.660605E1	2.754440E1	8.634176E3	1.078866E2	4.841305E1
5.539400E1	1.107880E5	1.656206E1	2.296409E1	2.831345E1	8.454009E3	1.024729E2	4.205502E1
5.539600E1	1.107920E5	9.404436E0	2.714722E1	2.873003E1	8.267781E3	9.531526E1	3.787189E1
5.539800E1	1.107960E5	1.376130E0	2.887431E1	2.890709E1	8.111590E3	8.728696E1	3.614480E1
5.540000E1	1.108000E5	-6.697992E0	2.824845E1	2.903167E1	8.098733E3	7.921284E1	3.677066E1
5.540200E1	1.108040E5	-1.421997E1	2.496436E1	2.873024E1	8.236163E3	7.169085E1	4.005475E1
5.540400E1	1.108080E5	-2.059488E1	1.969209E1	2.849434E1	8.361266E3	6.531595E1	4.532702E1
5.540600E1	1.108120E5	-2.509871E1	1.272703E1	2.814112E1	8.476387E3	6.081212E1	5.229208E1
5.540800E1	1.108160E5	-2.745691E1	4.747929E0	2.786440E1	8.591557E3	5.845392E1	6.027118E1
5.541000E1	1.108200E5	-2.723679E1	-3.574963E0	2.747040E1	8.662504E3	5.867404E1	6.859407E1
5.541200E1	1.108240E5	-2.460370E1	-1.138898E1	2.711183E1	8.824371E3	6.130713E1	7.640809E1
5.541400E1	1.108280E5	-1.967869E1	-1.820679E1	2.680929E1	9.033294E3	6.623213E1	8.322589E1
5.541600E1	1.108320E5	-1.293793E1	-2.331420E1	2.666350E1	9.071588E3	7.297290E1	8.833331E1
5.541800E1	1.108360E5	-5.052948E0	-2.614482E1	2.662863E1	8.978998E3	8.085788E1	9.116393E1
5.542000E1	1.108400E5	3.205274E0	-2.653180E1	2.672472E1	8.858088E3	8.911610E1	9.155091E1
5.542200E1	1.108440E5	1.106337E1	-2.428331E1	2.668477E1	8.778780E3	9.697419E1	8.930242E1
5.542400E1	1.108480E5	1.788674E1	-1.986275E1	2.672947E1	8.728479E3	1.037976E2	8.488186E1
5.542600E1	1.108520E5	2.291522E1	-1.354786E1	2.662052E1	8.933741E3	1.088261E2	7.856697E1
5.542800E1	1.108560E5	2.614611E1	-5.682358E0	2.675647E1	9.180719E3	1.120569E2	7.070147E1
5.543000E1	1.108600E5	2.688562E1	2.887762E0	2.704026E1	8.989108E3	1.127965E2	6.213135E1
5.543200E1	1.108640E5	2.498728E1	1.096603E1	2.728769E1	8.701862E3	1.108981E2	5.405308E1
5.543400E1	1.108680E5	2.109638E1	1.829878E1	2.792674E1	8.523463E3	1.070072E2	4.672033E1
5.543600E1	1.108720E5	1.509925E1	2.396683E1	2.832661E1	8.342963E3	1.010101E2	4.105227E1
5.543800E1	1.108760E5	7.775778E0	2.768155E1	2.875293E1	8.324011E3	9.368661E1	3.733756E1
5.544000E1	1.108800E5	-5.492941E-1	2.900690E1	2.901210E1	8.206443E3	8.536153E1	3.601221E1
5.544200E1	1.108840E5	-8.548026E0	2.772438E1	2.901224E1	8.070012E3	7.736280E1	3.729473E1
5.544400E1	1.108880E5	-1.588572E1	2.412410E1	2.888474E1	8.241977E3	7.002511E1	4.089501E1
5.544600E1	1.108920E5	-2.174147E1	1.817639E1	2.833854E1	8.487759E3	6.416936E1	4.684272E1
5.544800E1	1.108960E5	-2.570606E1	1.074467E1	2.786125E1	8.589311E3	6.020477E1	5.427444E1
5.545000E1	1.109000E5	-2.741054E1	2.658256E0	2.753914E1	8.637674E3	5.850028E1	6.236085E1
5.545200E1	1.109040E5	-2.662880E1	-5.595379E0	2.721032E1	8.714709E3	5.928203E1	7.061449E1
5.545400E1	1.109080E5	-2.343621E1	-1.316236E1	2.687942E1	8.921038E3	6.247462E1	7.818147E1
5.545600E1	1.109120E5	-1.805105E1	-1.973435E1	2.674481E1	9.153689E3	6.785978E1	8.475346E1
5.545800E1	1.109160E5	-1.091162E1	-2.443259E1	2.675845E1	9.066187E3	7.499921E1	8.945169E1
5.546000E1	1.109200E5	-2.877553E0	-2.655541E1	2.671086E1	8.865275E3	8.303327E1	9.157452E1
5.546200E1	1.109240E5	5.278211E0	-2.618761E1	2.671423E1	8.738298E3	9.118904E1	9.120672E1
5.546400E1	1.109280E5	1.288698E1	-2.347166E1	2.677672E1	8.729426E3	9.879780E1	8.849076E1
5.546600E1	1.109320E5	1.921386E1	-1.835269E1	2.657055E1	8.880032E3	1.051247E2	8.337180E1
5.546800E1	1.109360E5	2.396036E1	-1.153708E1	2.659329E1	9.055306E3	1.098712E2	7.655619E1
5.547000E1	1.109400E5	2.656575E1	-3.481206E0	2.679287E1	9.082917E3	1.124766E2	6.850031E1
5.547200E1	1.109440E5	2.659732E1	4.987418E0	2.706089E1	8.885179E3	1.125081E2	6.003169E1
5.547400E1	1.109480E5	2.422116E1	1.291940E1	2.745132E1	8.702856E3	1.101320E2	5.209971E1
5.547600E1	1.109520E5	1.964808E1	1.994659E1	2.799845E1	8.591486E3	1.055589E2	4.507252E1
5.547800E1	1.109560E5	1.315387E1	2.520505E1	2.843095E1	8.346662E3	9.906470E1	3.981406E1
5.548000E1	1.109600E5	5.580252E0	2.823043E1	2.877666E1	8.186454E3	9.149108E1	3.678868E1
5.548200E1	1.109640E5	-2.613705E0	2.879267E1	2.891106E1	8.132997E3	8.329712E1	3.622644E1
5.548400E1	1.109680E5	-1.053523E1	2.695112E1	2.893707E1	8.120276E3	7.537560E1	3.806799E1
5.548600E1	1.109720E5	-1.753938E1	2.271951E1	2.870203E1	8.267149E3	6.837144E1	4.229959E1
5.548800E1	1.109760E5	-2.304291E1	1.648544E1	2.833276E1	8.407809E3	6.286792E1	4.853367E1
5.549000E1	1.109800E5	-2.637946E1	8.929338E0	2.784975E1	8.563345E3	5.953137E1	5.608977E1
5.549200E1	1.109840E5	-2.750461E1	6.373444E-1	2.751199E1	8.744832E3	5.840622E1	6.438176E1
5.549400E1	1.109880E5	-2.608244E1	-7.616455E0	2.717176E1	8.826188E3	5.982838E1	7.263556E1
5.549600E1	1.109920E5	-2.210429E1	-1.489680E1	2.665547E1	8.963516E3	6.380654E1	7.991591E1
5.549800E1	1.109960E5	-1.643207E1	-2.113275E1	2.676950E1	8.987609E3	6.947875E1	8.615186E1
5.550000E1	1.110000E5	-9.192422E0	-2.515723E1	2.678408E1	8.815514E3	7.671841E1	9.017633E1
5.550200E1	1.110040E5	-1.219366E0	-2.679775E1	2.682548E1	8.713266E3	8.469146E1	9.181686E1
5.550400E1	1.110080E5	6.871400E0	-2.604251E1	2.693378E1	8.721686E3	9.278223E1	9.106162E1
5.550600E1	1.110120E5	1.426780E1	-2.258562E1	2.671479E1	8.890957E3	1.001786E2	8.760473E1
5.550800E1	1.110160E5	2.043588E1	-1.693931E1	2.654365E1	9.019915E3	1.063467E2	8.195842E1
5.551000E1	1.110200E5	2.467630E1	-9.789423E0	2.654717E1	8.983199E3	1.105871E2	7.480853E1
5.551200E1	1.110240E5	2.658087E1	-1.729417E0	2.663707E1	8.978021E3	1.124917E2	6.674853E1
5.551400E1	1.110280E5	2.599972E1	6.614286E0	2.682786E1	9.005881E3	1.119105E2	5.840482E1
5.551600E1	1.110320E5	2.322984E1	1.468585E1	2.748272E1	8.870076E3	1.091407E2	5.033326E1
5.551800E1	1.110360E5	1.815883E1	2.145273E1	2.810628E1	8.601740E3	1.040697E2	4.356638E1
5.552000E1	1.110400E5	1.138424E1	2.644398E1	2.879036E1	8.338068E3	9.729507E1	3.857513E1
5.552200E1	1.110440E5	3.509226E0	2.902314E1	2.923452E1	8.115690E3	8.942005E1	3.599597E1
5.552400E1	1.110480E5	-4.664227E0	2.889147E1	2.926555E1	8.105888E3	8.124660E1	3.612764E1
5.552600E1	1.110520E5	-1.251419E1	2.620205E1	2.903708E1	8.237547E3	7.339663E1	3.881706E1
5.552800E1	1.110560E5	-1.919129E1	2.122387E1	2.861395E1	8.406741E3	6.671954E1	4.379524E1
5.553000E1	1.110600E5	-2.428500E1	1.450189E1	2.828544E1	8.458918E3	6.162583E1	5.051721E1
5.553200E1	1.110640E5	-2.717827E1	6.798204E0	2.801560E1	8.520479E3	5.873256E1	5.822090E1
5.553400E1	1.110680E5	-2.764607E1	-1.564142E0	2.769028E1	8.661021E3	5.826476E1	6.658325E1
5.553600E1	1.110720E5	-2.541523E1	-9.553273E0	2.715141E1	8.761407E3	6.049560E1	7.457238E1
5.553800E1	1.110760E5	-2.109164E1	-1.664751E1	2.687000E1	9.025699E3	6.481918E1	8.166662E1
5.554000E1	1.110800E5	-1.453044E1	-2.212336E1	2.646841E1	9.122695E3	7.138039E1	8.714247E1
5.554200E1	1.110840E5	-6.966223E0	-2.559512E1	2.652618E1	9.025301E3	7.894460E1	9.061423E1
5.554400E1	1.110880E5	1.298305E0	-2.650193E1	2.653372E1	8.896293E3	8.720913E1	9.152104E1
5.554600E1	1.110920E5	9.256931E0	-2.494473E1	2.660696E1	8.757643E3	9.516776E1	8.996383E1
5.554800E1	1.110960E5	1.642136E1	-2.114346E1	2.677138E1	8.769335E3	1.023322E2	8.616256E1
5.555000E1	1.111000E5	2.199715E1	-1.515380E1	2.671165E1	8.936727E3	1.079080E2	8.017291E1
5.555200E1	1.111040E5	2.568730E1	-7.568902E0	2.677920E1	9.107972E3	1.115981E2	7.258801E1
5.555400E1	1.111080E5	2.682836E1	8.754575E-1	2.684264E1	9.037330E3	1.127392E2	6.414365E1
5.555600E1	1.111120E5	2.556723E1	9.170217E0	2.716203E1	8.832861E3	1.114781E2	5.584889E1
5.555800E1	1.111160E5	2.194893E1	1.666041E1	2.755585E1	8.634026E3	1.078598E2	4.835870E1
5.556000E1	1.111200E5	1.654341E1	2.299507E1	2.832768E1	8.442485E3	1.024542E2	4.202403E1
5.556200E1	1.111240E5	9.363824E0	2.714893E1	2.871838E1	8.299422E3	9.527465E1	3.787018E1
5.556400E1	1.111280E5	1.279046E0	2.889246E1	2.892076E1	8.128085E3	8.718987E1	3.612665E1
5.556600E1	1.111320E5	-6.766266E0	2.822101E1	2.902081E1	8.105506E3	7.914456E1	3.679810E1
5.556800E1	1.111360E5	-1.431569E1	2.490859E1	2.872937E1	8.266807E3	7.159513E1	4.011052E1
5.557000E1	1.111400E5	-2.066210E1	1.957339E1	2.846120E1	8.385591E3	6.524873E1	4.544572E1
5.557200E1	1.111440E5	-2.514494E1	1.257540E1	2.811421E1	8.502305E3	6.076589E1	5.244371E1
5.557400E1	1.111480E5	-2.743586E1	4.562064E0	2.781257E1	8.693554E3	5.847496E1	6.045704E1
5.557600E1	1.111520E5	-2.705178E1	-3.900063E0	2.733147E1	8.863514E3	5.885905E1	6.891917E1
5.557800E1	1.111560E5	-2.415846E1	-1.178978E1	2.688178E1	8.959703E3	6.175237E1	7.680888E1
5.558000E1	1.111600E5	-1.936790E1	-1.873123E1	2.694391E1	8.989494E3	6.654293E1	8.375034E1
5.558200E1	1.111640E5	-1.269740E1	-2.385140E1	2.702061E1	8.961957E3	7.321343E1	8.887051E1
5.558400E1	1.111680E5	-4.747549E0	-2.662691E1	2.704684E1	8.863312E3	8.116328E1	9.164602E1
5.558600E1	1.111720E5	3.471751E0	-2.664198E1	2.686723E1	8.758464E3	8.938258E1	9.166108E1
5.558800E1	1.111760E5	1.124793E1	-2.420470E1	2.669051E1	8.832837E3	9.715876E1	8.922380E1
5.559000E1	1.111800E5	1.811865E1	-1.959666E1	2.668922E1	8.966600E3	1.040295E2	8.461577E1
5.559200E1	1.111840E5	2.325463E1	-1.300152E1	2.664240E1	8.969787E3	1.091655E2	7.802063E1
5.559400E1	1.111880E5	2.625157E1	-5.276584E0	2.677661E1	9.010545E3	1.121624E2	7.029569E1
5.559600E1	1.111920E5	2.686733E1	3.219382E0	2.705952E1	9.012714E3	1.127782E2	6.179973E1
5.559800E1	1.111960E5	2.470428E1	1.135528E1	2.718904E1	8.934254E3	1.106151E2	5.366383E1
5.560000E1	1.112000E5	2.048090E1	1.881331E1	2.781021E1	8.748694E3	1.063917E2	4.620580E1
5.560200E1	1.112040E5	1.434965E1	2.453738E1	2.842526E1	8.405896E3	1.002605E2	4.048173E1
5.560400E1	1.112080E5	6.932847E0	2.821167E1	2.905104E1	8.102548E3	9.284368E1	3.680744E1
5.560600E1	1.112120E5	-1.062826E0	2.911294E1	2.913233E1	7.922083E3	8.484800E1	3.590617E1
5.560800E1	1.112160E5	-8.911632E0	2.762090E1	2.902294E1	8.051840E3	7.699920E1	3.739821E1
5.561000E1	1.112200E5	-1.615147E1	2.367883E1	2.866281E1	8.350748E3	6.975936E1	4.134028E1
5.561200E1	1.112240E5	-2.219472E1	1.779098E1	2.844512E1	8.560282E3	6.371611E1	4.722813E1
5.561400E1	1.112280E5	-2.615766E1	1.028308E1	2.810631E1	8.706828E3	5.975317E1	5.473603E1
5.561600E1	1.112320E5	-2.768561E1	1.881526E0	2.774947E1	8.741777E3	5.822522E1	6.313758E1
5.561800E1	1.112360E5	-2.654813E1	-6.376762E0	2.730323E1	8.737738E3	5.936269E1	7.139587E1
5.562000E1	1.112400E5	-2.311094E1	-1.392111E1	2.697986E1	8.888720E3	6.279989E1	7.894022E1
5.562200E1	1.112440E5	-1.768915E1	-2.039303E1	2.699596E1	8.996687E3	6.822167E1	8.541214E1
5.562400E1	1.112480E5	-1.044176E1	-2.465885E1	2.677852E1	8.930532E3	7.546907E1	8.967796E1
5.562600E1	1.112520E5	-2.420546E0	-2.651208E1	2.662235E1	8.831626E3	8.349028E1	9.153119E1
5.562800E1	1.112560E5	5.705899E0	-2.600312E1	2.662179E1	8.785777E3	9.161673E1	9.102223E1
5.563000E1	1.112600E5	1.326656E1	-2.304661E1	2.659225E1	8.843497E3	9.917739E1	8.806572E1
5.563200E1	1.112640E5	1.972492E1	-1.791665E1	2.664730E1	8.924074E3	1.056357E2	8.293576E1
5.563400E1	1.112680E5	2.420381E1	-1.096774E1	2.657284E1	9.003704E3	1.101146E2	7.598684E1
5.563600E1	1.112720E5	2.656103E1	-2.901804E0	2.671908E1	9.073807E3	1.124719E2	6.792091E1
5.563800E1	1.112760E5	2.632032E1	5.555199E0	2.690017E1	9.102002E3	1.122311E2	5.946391E1
5.564000E1	1.112800E5	2.374614E1	1.380569E1	2.746773E1	8.984063E3	1.096570E2	5.121342E1
5.564200E1	1.112840E5	1.872657E1	2.069187E1	2.790767E1	8.718159E3	1.046374E2	4.432723E1
5.564400E1	1.112880E5	1.203381E1	2.586051E1	2.852330E1	8.305291E3	9.794463E1	3.915859E1
5.564600E1	1.112920E5	4.497976E0	2.864306E1	2.899408E1	8.072385E3	9.040880E1	3.637604E1
5.564800E1	1.112960E5	-3.736444E0	2.902551E1	2.926502E1	8.084823E3	8.217438E1	3.599360E1
5.565000E1	1.113000E5	-1.154216E1	2.665359E1	2.904540E1	8.160408E3	7.436867E1	3.836552E1
5.565200E1	1.113040E5	-1.847902E1	2.204044E1	2.876204E1	8.352804E3	6.743181E1	4.297867E1
5.565400E1	1.113080E5	-2.371755E1	1.550501E1	2.833598E1	8.473484E3	6.219328E1	4.951410E1
5.565600E1	1.113120E5	-2.678238E1	7.745079E0	2.787978E1	8.610859E3	5.912844E1	5.727403E1
5.565800E1	1.113160E5	-2.747312E1	-6.087539E-1	2.747986E1	8.749320E3	5.843771E1	6.562786E1
5.566000E1	1.113200E5	-2.552705E1	-8.724025E0	2.697664E1	8.913306E3	6.038377E1	7.374313E1
5.566200E1	1.113240E5	-2.150452E1	-1.615931E1	2.689921E1	9.067103E3	6.440631E1	8.117842E1
5.566400E1	1.113280E5	-1.532771E1	-2.200169E1	2.681442E1	9.017585E3	7.058311E1	8.702080E1
5.566600E1	1.113320E5	-7.832637E0	-2.560809E1	2.677918E1	8.943423E3	7.807819E1	9.062720E1
5.566800E1	1.113360E5	4.238588E-1	-2.667690E1	2.668027E1	8.914937E3	8.633469E1	9.169601E1
5.567000E1	1.113400E5	8.515607E0	-2.522688E1	2.662538E1	8.829227E3	9.442644E1	9.024599E1
5.567200E1	1.113440E5	1.575834E1	-2.150962E1	2.666438E1	8.868925E3	1.016692E2	8.652873E1
5.567400E1	1.113480E5	2.144182E1	-1.550511E1	2.646054E1	9.039205E3	1.073526E2	8.052422E1
5.567600E1	1.113520E5	2.530383E1	-8.034625E0	2.654880E1	9.074323E3	1.112147E2	7.305373E1
5.567800E1	1.113560E5	2.683715E1	1.993817E-1	2.683789E1	8.989827E3	1.127480E2	6.481973E1
5.568000E1	1.113600E5	2.564721E1	8.503514E0	2.702016E1	8.997038E3	1.115580E2	5.651559E1
5.568200E1	1.113640E5	2.219307E1	1.637040E1	2.757757E1	8.842929E3	1.081039E2	4.864870E1
5.568400E1	1.113680E5	1.681101E1	2.289800E1	2.840649E1	8.501473E3	1.027218E2	4.212111E1
5.568600E1	1.113720E5	9.650270E0	2.713063E1	2.879581E1	8.296475E3	9.556110E1	3.788848E1
5.568800E1	1.113760E5	1.567484E0	2.895139E1	2.899380E1	8.102206E3	8.747831E1	3.606771E1
5.569000E1	1.113800E5	-6.456163E0	2.835156E1	2.907736E1	8.004958E3	7.945467E1	3.666755E1
5.569200E1	1.113840E5	-1.409290E1	2.550740E1	2.914168E1	8.122682E3	7.181793E1	3.951171E1
5.569400E1	1.113880E5	-2.034471E1	2.011924E1	2.861278E1	8.452240E3	6.556612E1	4.489987E1
5.569600E1	1.113920E5	-2.499830E1	1.288617E1	2.812416E1	8.647325E3	6.091253E1	5.213294E1
5.569800E1	1.113960E5	-2.719313E1	4.839644E0	2.762043E1	8.650246E3	5.871770E1	6.017946E1
5.570000E1	1.114000E5	-2.713982E1	-3.491471E0	2.736348E1	8.750258E3	5.877101E1	6.851058E1
5.570200E1	1.114040E5	-2.457688E1	-1.141321E1	2.709768E1	8.903527E3	6.133395E1	7.643231E1
5.570400E1	1.114080E5	-1.960662E1	-1.824819E1	2.678462E1	9.071641E3	6.630421E1	8.326729E1
5.570600E1	1.114120E5	-1.284121E1	-2.335436E1	2.665188E1	9.130461E3	7.306962E1	8.837346E1
5.570800E1	1.114160E5	-4.863012E0	-2.615349E1	2.660176E1	9.040824E3	8.104782E1	9.117260E1
5.571000E1	1.114200E5	3.418951E0	-2.647115E1	2.669103E1	8.857518E3	8.932978E1	9.149025E1
5.571200E1	1.114240E5	1.122216E1	-2.417971E1	2.665700E1	8.855271E3	9.713299E1	8.919882E1
5.571400E1	1.114280E5	1.812367E1	-1.958513E1	2.668417E1	8.986113E3	1.040345E2	8.460424E1
5.571600E1	1.114320E5	2.329626E1	-1.299788E1	2.667697E1	8.980298E3	1.092071E2	7.801699E1
5.571800E1	1.114360E5	2.627328E1	-5.249099E0	2.679251E1	9.030348E3	1.121841E2	7.026821E1
5.572000E1	1.114400E5	2.688380E1	3.283087E0	2.708353E1	9.036478E3	1.127946E2	6.173602E1
5.572200E1	1.114440E5	2.464712E1	1.141344E1	2.716150E1	8.946348E3	1.105579E2	5.360567E1
5.572400E1	1.114480E5	2.040759E1	1.886323E1	2.779013E1	8.755269E3	1.063184E2	4.615588E1
5.572600E1	1.114520E5	1.426722E1	2.458129E1	2.842170E1	8.410940E3	1.001780E2	4.043782E1
5.572800E1	1.114560E5	6.819052E0	2.816875E1	2.898238E1	8.266532E3	9.272988E1	3.685036E1
5.573000E1	1.114600E5	-1.487973E0	2.902377E1	2.906189E1	8.134210E3	8.442285E1	3.599534E1
5.573200E1	1.114640E5	-9.426112E0	2.748672E1	2.905807E1	8.073711E3	7.648472E1	3.753239E1
5.573400E1	1.114680E5	-1.669072E1	2.363460E1	2.893396E1	8.238900E3	6.922011E1	4.138451E1
5.573600E1	1.114720E5	-2.242047E1	1.758991E1	2.849706E1	8.444160E3	6.349036E1	4.742920E1
5.573800E1	1.114760E5	-2.624425E1	1.007090E1	2.811021E1	8.664750E3	5.966657E1	5.494820E1
5.574000E1	1.114800E5	-2.765962E1	1.670826E0	2.771003E1	8.714614E3	5.825121E1	6.334828E1
5.574200E1	1.114840E5	-2.646115E1	-6.531210E0	2.725526E1	8.793348E3	5.944968E1	7.155032E1
5.574400E1	1.114880E5	-2.288263E1	-1.414173E1	2.689988E1	9.058158E3	6.302820E1	7.916084E1
5.574600E1	1.114920E5	-1.711296E1	-2.046498E1	2.667712E1	9.064748E3	6.879787E1	8.548409E1
5.574800E1	1.114960E5	-9.981787E0	-2.467545E1	2.661793E1	9.026444E3	7.592904E1	8.969456E1
5.575000E1	1.115000E5	-1.751737E0	-2.639581E1	2.645387E1	9.018346E3	8.415909E1	9.141492E1
5.575200E1	1.115040E5	6.451349E0	-2.578116E1	2.657608E1	8.826176E3	9.236218E1	9.080026E1
5.575400E1	1.115080E5	1.393970E1	-2.274050E1	2.667293E1	8.825253E3	9.985053E1	8.775960E1
5.575600E1	1.115120E5	2.038631E1	-1.750411E1	2.686997E1	9.000586E3	1.062971E2	8.252322E1
5.575800E1	1.115160E5	2.467698E1	-1.021638E1	2.670819E1	9.055223E3	1.105878E2	7.523549E1
5.576000E1	1.115200E5	2.667154E1	-2.065927E0	2.675144E1	9.044524E3	1.125824E2	6.708504E1
5.576200E1	1.115240E5	2.616100E1	6.371718E0	2.692577E1	9.079488E3	1.120718E2	5.864739E1
5.576400E1	1.115280E5	2.342730E1	1.457584E1	2.759154E1	8.933900E3	1.093381E2	5.044327E1
5.576600E1	1.115320E5	1.835768E1	2.143638E1	2.822273E1	8.613356E3	1.042685E2	4.358273E1
5.576800E1	1.115360E5	1.159144E1	2.645898E1	2.888666E1	8.335364E3	9.750227E1	3.856013E1
5.577000E1	1.115400E5	3.691226E0	2.907775E1	2.931110E1	8.155929E3	8.960205E1	3.594136E1
5.577200E1	1.115440E5	-4.572384E0	2.898047E1	2.933895E1	8.074099E3	8.133844E1	3.603864E1
5.577400E1	1.115480E5	-1.233250E1	2.637286E1	2.911389E1	8.146375E3	7.357833E1	3.864625E1
5.577600E1	1.115520E5	-1.912542E1	2.157831E1	2.883410E1	8.369924E3	6.678540E1	4.344080E1
5.577800E1	1.115560E5	-2.430036E1	1.486709E1	2.848750E1	8.542181E3	6.161047E1	5.015201E1
5.578000E1	1.115600E5	-2.719061E1	6.920623E0	2.805752E1	8.650795E3	5.872022E1	5.809849E1
5.578200E1	1.115640E5	-2.767055E1	-1.520212E0	2.771228E1	8.717679E3	5.824028E1	6.653932E1
5.578400E1	1.115680E5	-2.547181E1	-9.569584E0	2.721011E1	8.890664E3	6.043901E1	7.458869E1
5.578600E1	1.115720E5	-2.094705E1	-1.678614E1	2.684313E1	9.153102E3	6.496378E1	8.180525E1
5.578800E1	1.115760E5	-1.449973E1	-2.250199E1	2.676905E1	9.097738E3	7.141109E1	8.752110E1
5.579000E1	1.115800E5	-6.844208E0	-2.571928E1	2.661437E1	8.954312E3	7.906662E1	9.073839E1
5.579200E1	1.115840E5	1.415478E0	-2.682520E1	2.686251E1	8.851173E3	8.732631E1	9.184430E1
5.579400E1	1.115880E5	9.445835E0	-2.526007E1	2.696840E1	8.787915E3	9.535666E1	9.027918E1
5.579600E1	1.115920E5	1.657647E1	-2.108600E1	2.682161E1	8.890502E3	1.024873E2	8.610511E1
5.579800E1	1.115960E5	2.215775E1	-1.490907E1	2.670667E1	9.037957E3	1.080686E2	7.992818E1
5.580000E1	1.116000E5	2.575219E1	-7.226977E0	2.674705E1	9.144501E3	1.116630E2	7.224609E1
5.580200E1	1.116040E5	2.680022E1	1.237129E0	2.682876E1	9.076311E3	1.127110E2	6.378198E1
5.580400E1	1.116080E5	2.528892E1	9.520212E0	2.702155E1	9.047246E3	1.111997E2	5.549890E1
5.580600E1	1.116120E5	2.153057E1	1.733079E1	2.763913E1	8.917204E3	1.074414E2	4.768831E1
5.580800E1	1.116160E5	1.578210E1	2.366252E1	2.844274E1	8.535120E3	1.016929E2	4.135659E1
5.581000E1	1.116200E5	8.483280E0	2.769988E1	2.896980E1	8.273188E3	9.439411E1	3.731923E1
5.581200E1	1.116240E5	3.113754E-1	2.928450E1	2.928616E1	8.077537E3	8.622220E1	3.573461E1
5.581400E1	1.116280E5	-7.676491E0	2.809409E1	2.912398E1	8.063081E3	7.823434E1	3.692502E1
5.581600E1	1.116320E5	-1.511672E1	2.453047E1	2.881422E1	8.301325E3	7.079411E1	4.048864E1
5.581800E1	1.116360E5	-2.140891E1	1.894908E1	2.859036E1	8.493077E3	6.450192E1	4.607003E1
5.582000E1	1.116400E5	-2.563278E1	1.161922E1	2.814330E1	8.569314E3	6.027805E1	5.339989E1
5.582200E1	1.116440E5	-2.752031E1	3.493640E0	2.774118E1	8.673330E3	5.839052E1	6.152547E1
5.582400E1	1.116480E5	-2.674355E1	-4.864351E0	2.718233E1	8.944012E3	5.916728E1	6.988346E1
5.582600E1	1.116520E5	-2.363795E1	-1.285636E1	2.690797E1	9.073960E3	6.227288E1	7.787547E1
5.582800E1	1.116560E5	-1.846902E1	-1.953358E1	2.688244E1	9.015493E3	6.744181E1	8.455269E1
5.583000E1	1.116600E5	-1.146518E1	-2.414905E1	2.673251E1	8.969886E3	7.444564E1	8.916816E1
5.583200E1	1.116640E5	-3.503055E0	-2.655156E1	2.678165E1	8.870368E3	8.240777E1	9.157067E1
5.583400E1	1.116680E5	4.672112E0	-2.626992E1	2.668215E1	8.829531E3	9.058294E1	9.128903E1
5.583600E1	1.116720E5	1.241055E1	-2.353645E1	2.660801E1	8.965931E3	9.832138E1	8.855556E1
5.583800E1	1.116760E5	1.905689E1	-1.843625E1	2.651528E1	9.093220E3	1.049677E2	8.345536E1
5.584000E1	1.116800E5	2.392331E1	-1.157778E1	2.657762E1	9.160642E3	1.098341E2	7.659689E1
5.584200E1	1.116840E5	2.656356E1	-3.454287E0	2.678721E1	9.151594E3	1.124744E2	6.847339E1
5.584400E1	1.116880E5	2.656928E1	5.059482E0	2.704672E1	8.924183E3	1.124801E2	5.995963E1
5.584600E1	1.116920E5	2.416327E1	1.300386E1	2.744019E1	8.742874E3	1.100741E2	5.201525E1
5.584800E1	1.116960E5	1.955433E1	2.007520E1	2.802473E1	8.646344E3	1.054652E2	4.494391E1
5.585000E1	1.117000E5	1.294167E1	2.526090E1	2.838309E1	8.395930E3	9.885250E1	3.975821E1
5.585200E1	1.117040E5	5.320741E0	2.825854E1	2.875509E1	8.201725E3	9.123157E1	3.676057E1
5.585400E1	1.117080E5	-2.861245E0	2.876797E1	2.890991E1	8.145625E3	8.304958E1	3.625113E1
5.585600E1	1.117120E5	-1.078694E1	2.680735E1	2.889623E1	8.185314E3	7.512388E1	3.821176E1
5.585800E1	1.117160E5	-1.778084E1	2.241681E1	2.861243E1	8.359085E3	6.812999E1	4.260230E1
5.586000E1	1.117200E5	-2.324817E1	1.606446E1	2.825853E1	8.627224E3	6.266265E1	4.895465E1
5.586200E1	1.117240E5	-2.663534E1	8.178798E0	2.786277E1	8.787033E3	5.927549E1	5.684031E1
5.586400E1	1.117280E5	-2.748326E1	-2.416244E-1	2.748432E1	8.824314E3	5.842757E1	6.526073E1
5.586600E1	1.117320E5	-2.580530E1	-8.497994E0	2.716854E1	8.896363E3	6.010553E1	7.351710E1
5.586800E1	1.117360E5	-2.163790E1	-1.577236E1	2.677622E1	9.097352E3	6.427293E1	8.079147E1
5.587000E1	1.117400E5	-1.552459E1	-2.185874E1	2.681077E1	9.096002E3	7.038624E1	8.687785E1
5.587200E1	1.117440E5	-8.096879E0	-2.563815E1	2.688632E1	8.819296E3	7.781395E1	9.065726E1
5.587400E1	1.117480E5	-4.945502E-2	-2.671237E1	2.671242E1	8.887792E3	8.586137E1	9.173148E1
5.587600E1	1.117520E5	8.338779E0	-2.562708E1	2.694962E1	8.923157E3	9.424961E1	9.064618E1
5.587800E1	1.117560E5	1.556461E1	-2.175120E1	2.674643E1	8.793918E3	1.014754E2	8.677031E1
5.588000E1	1.117600E5	2.139690E1	-1.600692E1	2.672170E1	8.961361E3	1.073077E2	8.102603E1
5.588200E1	1.117640E5	2.530759E1	-8.501216E0	2.669728E1	9.185447E3	1.112184E2	7.352032E1
5.588400E1	1.117680E5	2.685198E1	-2.727476E-2	2.685200E1	9.184959E3	1.127628E2	6.504638E1
5.588600E1	1.117720E5	2.564678E1	8.418262E0	2.699304E1	9.091864E3	1.115576E2	5.660085E1
5.588800E1	1.117760E5	2.223939E1	1.634199E1	2.759803E1	8.882015E3	1.081502E2	4.867712E1
5.589000E1	1.117800E5	1.681340E1	2.288858E1	2.840031E1	8.545259E3	1.027242E2	4.213053E1
5.589200E1	1.117840E5	9.629768E0	2.717900E1	2.883453E1	8.316966E3	9.554060E1	3.784011E1
5.589400E1	1.117880E5	1.535100E0	2.897936E1	2.901999E1	8.094491E3	8.744593E1	3.603975E1
5.589600E1	1.117920E5	-6.483289E0	2.837976E1	2.911088E1	8.033413E3	7.942754E1	3.663935E1
5.589800E1	1.117960E5	-1.412704E1	2.537982E1	2.904666E1	8.222062E3	7.178379E1	3.963929E1
5.590000E1	1.118000E5	-2.061642E1	2.007907E1	2.877856E1	8.460274E3	6.529441E1	4.494004E1
5.590200E1	1.118040E5	-2.509124E1	1.281636E1	2.817497E1	8.595340E3	6.081959E1	5.220275E1
5.590400E1	1.118080E5	-2.722311E1	4.732655E0	2.763143E1	8.755709E3	5.868771E1	6.028645E1
5.590600E1	1.118120E5	-2.699452E1	-3.777178E0	2.725750E1	8.963429E3	5.891630E1	6.879629E1
5.590800E1	1.118160E5	-2.416206E1	-1.178023E1	2.688083E1	9.017129E3	6.174876E1	7.679934E1
5.591000E1	1.118200E5	-1.940329E1	-1.875971E1	2.698915E1	9.024544E3	6.650754E1	8.377882E1
5.591200E1	1.118240E5	-1.266629E1	-2.391213E1	2.705965E1	9.009088E3	7.324454E1	8.893124E1
5.591400E1	1.118280E5	-4.663585E0	-2.663933E1	2.704446E1	8.885876E3	8.124724E1	9.165844E1
5.591600E1	1.118320E5	3.567411E0	-2.661861E1	2.685659E1	8.795389E3	8.947824E1	9.163772E1
5.591800E1	1.118360E5	1.137303E1	-2.411236E1	2.665992E1	8.895717E3	9.728386E1	8.913146E1
5.592000E1	1.118400E5	1.824993E1	-1.942324E1	2.665187E1	9.032684E3	1.041608E2	8.444235E1
5.592200E1	1.118440E5	2.336646E1	-1.274907E1	2.661823E1	8.999516E3	1.092773E2	7.776818E1
5.592400E1	1.118480E5	2.628061E1	-5.006547E0	2.675325E1	9.058957E3	1.121914E2	7.002566E1
5.592600E1	1.118520E5	2.667284E1	3.567599E0	2.691038E1	9.162442E3	1.125837E2	6.145151E1
5.592800E1	1.118560E5	2.458796E1	1.192017E1	2.732505E1	8.938903E3	1.104988E2	5.309894E1
5.593000E1	1.118600E5	2.022639E1	1.910972E1	2.782603E1	8.651956E3	1.061372E2	4.590939E1
5.593200E1	1.118640E5	1.397159E1	2.466636E1	2.834845E1	8.411952E3	9.988242E1	4.035275E1
5.593400E1	1.118680E5	6.490649E0	2.816284E1	2.890111E1	8.261146E3	9.240148E1	3.685627E1
5.593600E1	1.118720E5	-1.779853E0	2.896449E1	2.901912E1	8.167952E3	8.413098E1	3.605462E1
5.593800E1	1.118760E5	-9.764818E0	2.728176E1	2.897664E1	8.200750E3	7.614601E1	3.773735E1
5.594000E1	1.118800E5	-1.694386E1	2.304993E1	2.860758E1	8.405949E3	6.896697E1	4.196918E1
5.594200E1	1.118840E5	-2.254678E1	1.679523E1	2.811471E1	8.544356E3	6.336405E1	4.822387E1
5.594400E1	1.118880E5	-2.621678E1	9.285497E0	2.781259E1	8.719100E3	5.969405E1	5.573361E1
5.594600E1	1.118920E5	-2.752318E1	8.679578E-1	2.753686E1	8.784389E3	5.838765E1	6.415115E1
5.594800E1	1.118960E5	-2.623578E1	-7.342122E0	2.724377E1	8.823737E3	5.967504E1	7.236123E1
5.595000E1	1.119000E5	-2.252992E1	-1.490583E1	2.701446E1	9.027839E3	6.338091E1	7.992494E1
5.595200E1	1.119040E5	-1.669122E1	-2.116945E1	2.695816E1	9.056128E3	6.921961E1	8.618855E1
5.595400E1	1.119080E5	-9.319624E0	-2.521208E1	2.687944E1	8.895238E3	7.659120E1	9.023119E1
5.595600E1	1.119120E5	-1.252898E0	-2.683301E1	2.686224E1	8.806940E3	8.465793E1	9.185211E1
5.595800E1	1.119160E5	6.919987E0	-2.593259E1	2.683999E1	8.880249E3	9.283082E1	9.095170E1
5.596000E1	1.119200E5	1.459308E1	-2.260272E1	2.690429E1	8.947004E3	1.005039E2	8.762183E1
5.596200E1	1.119240E5	2.062231E1	-1.686175E1	2.663828E1	8.992940E3	1.065331E2	8.188086E1
5.596400E1	1.119280E5	2.475970E1	-9.594002E0	2.655349E1	9.180160E3	1.106705E2	7.461311E1
5.596600E1	1.119320E5	2.654506E1	-1.182367E0	2.657138E1	9.162775E3	1.124559E2	6.620148E1
5.596800E1	1.119360E5	2.599082E1	7.193493E0	2.696793E1	8.906392E3	1.119016E2	5.782562E1
5.597000E1	1.119400E5	2.308186E1	1.503264E1	2.754546E1	8.776100E3	1.089927E2	4.998647E1
5.597200E1	1.119440E5	1.786487E1	2.172964E1	2.813060E1	8.739670E3	1.037757E2	4.328946E1
5.597400E1	1.119480E5	1.068989E1	2.650350E1	2.857812E1	8.532745E3	9.660072E1	3.851561E1
5.597600E1	1.119520E5	2.683296E0	2.895745E1	2.908151E1	8.210478E3	8.859412E1	3.606166E1
5.597800E1	1.119560E5	-5.500254E0	2.862757E1	2.915117E1	8.103603E3	8.041057E1	3.639153E1
5.598000E1	1.119600E5	-1.327292E1	2.591490E1	2.911619E1	8.192079E3	7.263791E1	3.910421E1
5.598200E1	1.119640E5	-1.985218E1	2.081474E1	2.876391E1	8.370305E3	6.605865E1	4.420437E1
5.598400E1	1.119680E5	-2.458914E1	1.385440E1	2.822358E1	8.545712E3	6.132169E1	5.116470E1
5.598600E1	1.119720E5	-2.718465E1	5.864148E0	2.780995E1	8.693414E3	5.872618E1	5.915496E1
5.598800E1	1.119760E5	-2.742086E1	-2.580052E0	2.754197E1	8.796107E3	5.848997E1	6.759916E1
5.599000E1	1.119800E5	-2.496064E1	-1.060101E1	2.711853E1	8.880949E3	6.095019E1	7.562012E1
5.599200E1	1.119840E5	-2.014209E1	-1.744700E1	2.664773E1	9.019776E3	6.576874E1	8.246611E1
5.599400E1	1.119880E5	-1.368093E1	-2.285055E1	2.663298E1	9.168025E3	7.222990E1	8.786966E1
5.599600E1	1.119920E5	-5.747790E0	-2.607968E1	2.670555E1	9.097567E3	8.016304E1	9.109878E1
5.599800E1	1.119960E5	2.560535E0	-2.668617E1	2.680873E1	8.899924E3	8.847136E1	9.170528E1
5.600000E1	1.120000E5	1.049423E1	-2.451941E1	2.667078E1	8.881021E3	9.640506E1	8.953852E1
5.600200E1	1.120040E5	1.741230E1	-2.002715E1	2.653817E1	8.914799E3	1.033231E2	8.504625E1
5.600400E1	1.120080E5	2.274672E1	-1.375965E1	2.658461E1	8.972445E3	1.086576E2	7.877875E1
5.600600E1	1.120120E5	2.589065E1	-6.027512E0	2.658301E1	9.098584E3	1.118015E2	7.104662E1
5.600800E1	1.120160E5	2.653158E1	2.425914E0	2.664225E1	9.149983E3	1.124424E2	6.259319E1
5.601000E1	1.120200E5	2.492875E1	1.083650E1	2.718220E1	8.935424E3	1.108396E2	5.418261E1
5.601200E1	1.120240E5	2.107877E1	1.830156E1	2.791526E1	8.592701E3	1.069896E2	4.671755E1
5.601400E1	1.120280E5	1.508723E1	2.401881E1	2.836420E1	8.380795E3	1.009981E2	4.100030E1
5.601600E1	1.120320E5	7.697605E0	2.773634E1	2.878468E1	8.364726E3	9.360843E1	3.728277E1
5.601800E1	1.120360E5	-6.712815E-1	2.903899E1	2.904674E1	8.247276E3	8.523955E1	3.598012E1
5.602000E1	1.120400E5	-8.711251E0	2.766510E1	2.900420E1	8.124658E3	7.719958E1	3.735401E1
5.602200E1	1.120440E5	-1.605907E1	2.396805E1	2.885067E1	8.322789E3	6.985176E1	4.105106E1
5.602400E1	1.120480E5	-2.185360E1	1.784277E1	2.821248E1	8.577019E3	6.405723E1	4.717634E1
5.602600E1	1.120520E5	-2.577226E1	1.034421E1	2.777070E1	8.634311E3	6.013857E1	5.467490E1
5.602800E1	1.120560E5	-2.728178E1	2.239761E0	2.737356E1	8.799600E3	5.862905E1	6.277935E1
5.603000E1	1.120600E5	-2.642846E1	-6.261723E0	2.716013E1	9.012900E3	5.948237E1	7.128083E1
5.603200E1	1.120640E5	-2.299003E1	-1.401021E1	2.692262E1	9.073168E3	6.292080E1	7.902932E1
5.603400E1	1.120680E5	-1.734664E1	-2.039812E1	2.677666E1	9.020807E3	6.856419E1	8.541723E1
5.603600E1	1.120720E5	-1.026411E1	-2.470840E1	2.675551E1	8.881385E3	7.564672E1	8.972751E1
5.603800E1	1.120760E5	-2.277857E0	-2.683177E1	2.692829E1	8.857219E3	8.363297E1	9.185088E1
5.604000E1	1.120800E5	5.990760E0	-2.621927E1	2.689497E1	8.891153E3	9.190159E1	9.123837E1
5.604200E1	1.120840E5	1.372325E1	-2.310140E1	2.687011E1	8.894267E3	9.963408E1	8.812051E1
5.604400E1	1.120880E5	1.997855E1	-1.770821E1	2.669687E1	8.950025E3	1.058894E2	8.272731E1
5.604600E1	1.120920E5	2.455519E1	-1.067064E1	2.677349E1	9.166660E3	1.104660E2	7.568975E1
5.604800E1	1.120960E5	2.664129E1	-2.277355E0	2.673845E1	9.206233E3	1.125521E2	6.729646E1
5.605000E1	1.121000E5	2.631057E1	6.237600E0	2.703986E1	8.971109E3	1.122214E2	5.878151E1
5.605200E1	1.121040E5	2.356889E1	1.416080E1	2.749583E1	8.798133E3	1.094797E2	5.085831E1
5.605400E1	1.121080E5	1.847074E1	2.089922E1	2.789167E1	8.701979E3	1.043816E2	4.411989E1
5.605600E1	1.121120E5	1.165372E1	2.593852E1	2.843617E1	8.484779E3	9.756455E1	3.908059E1
5.605800E1	1.121160E5	3.780894E0	2.859861E1	2.884746E1	8.261053E3	8.969172E1	3.642050E1
5.606000E1	1.121200E5	-4.487953E0	2.882178E1	2.916911E1	8.192846E3	8.142288E1	3.619732E1
5.606200E1	1.121240E5	-1.238771E1	2.627730E1	2.905085E1	8.194740E3	7.352312E1	3.874181E1
5.606400E1	1.121280E5	-1.902314E1	2.140397E1	2.863582E1	8.275015E3	6.688768E1	4.361513E1
5.606600E1	1.121320E5	-2.396703E1	1.477906E1	2.815740E1	8.514298E3	6.194379E1	5.024005E1
5.606800E1	1.121360E5	-2.677281E1	6.830858E0	2.763049E1	8.715922E3	5.913802E1	5.818825E1
5.607000E1	1.121400E5	-2.724175E1	-1.524953E0	2.728440E1	8.775057E3	5.866908E1	6.654406E1
5.607200E1	1.121440E5	-2.528930E1	-9.599967E0	2.705010E1	8.915376E3	6.062153E1	7.461908E1
5.607400E1	1.121480E5	-2.084284E1	-1.679733E1	2.676890E1	9.153928E3	6.506799E1	8.181644E1
5.607600E1	1.121520E5	-1.441787E1	-2.254700E1	2.676270E1	9.097948E3	7.149296E1	8.756611E1
5.607800E1	1.121560E5	-6.764351E0	-2.570607E1	2.658117E1	8.929355E3	7.914648E1	9.072518E1
5.608000E1	1.121600E5	1.461438E0	-2.680974E1	2.684955E1	8.870799E3	8.737227E1	9.182885E1
5.608200E1	1.121640E5	9.543117E0	-2.520126E1	2.694763E1	8.825136E3	9.545394E1	9.022037E1
5.608400E1	1.121680E5	1.663966E1	-2.097843E1	2.677635E1	8.869018E3	1.025505E2	8.599754E1
5.608600E1	1.121720E5	2.216097E1	-1.482621E1	2.666318E1	9.029373E3	1.080718E2	7.984532E1
5.608800E1	1.121760E5	2.574031E1	-7.119929E0	2.670687E1	9.175697E3	1.116511E2	7.213904E1
5.609000E1	1.121800E5	2.664707E1	1.358900E0	2.668170E1	9.216320E3	1.125579E2	6.366021E1
5.609200E1	1.121840E5	2.525792E1	9.900253E0	2.712891E1	9.087296E3	1.111687E2	5.511886E1
5.609400E1	1.121880E5	2.144347E1	1.753161E1	2.769801E1	8.819339E3	1.073543E2	4.748750E1
5.609600E1	1.121920E5	1.559375E1	2.372194E1	2.838829E1	8.511981E3	1.015046E2	4.129717E1
5.609800E1	1.121960E5	8.302382E0	2.770217E1	2.891954E1	8.264249E3	9.421321E1	3.731693E1
5.610000E1	1.122000E5	1.338060E-1	2.924566E1	2.924597E1	8.083196E3	8.604463E1	3.577345E1
5.610200E1	1.122040E5	-7.848071E0	2.801567E1	2.909415E1	8.069534E3	7.806276E1	3.700344E1
5.610400E1	1.122080E5	-1.523583E1	2.436729E1	2.873840E1	8.311436E3	7.067499E1	4.065182E1
5.610600E1	1.122120E5	-2.151039E1	1.876802E1	2.854707E1	8.533093E3	6.440044E1	4.625108E1
5.610800E1	1.122160E5	-2.568779E1	1.135733E1	2.808650E1	8.575393E3	6.022304E1	5.366178E1
5.611000E1	1.122200E5	-2.739839E1	3.268733E0	2.759269E1	8.789653E3	5.851243E1	6.175037E1
5.611200E1	1.122240E5	-2.677126E1	-5.352819E0	2.730116E1	8.975854E3	5.913957E1	7.037193E1
5.611400E1	1.122280E5	-2.354631E1	-1.310569E1	2.694787E1	8.963606E3	6.236452E1	7.812480E1
5.611600E1	1.122320E5	-1.823294E1	-1.966320E1	2.681569E1	8.969128E3	6.767789E1	8.468230E1
5.611800E1	1.122360E5	-1.128386E1	-2.417240E1	2.667640E1	8.962771E3	7.462697E1	8.919151E1
5.612000E1	1.122400E5	-3.248158E0	-2.650188E1	2.670019E1	8.923980E3	8.266267E1	9.152099E1
5.612200E1	1.122440E5	4.916877E0	-2.609073E1	2.654999E1	8.942546E3	9.082771E1	9.110984E1
5.612400E1	1.122480E5	1.286266E1	-2.341386E1	2.671436E1	8.980020E3	9.877349E1	8.843297E1
5.612600E1	1.122520E5	1.926266E1	-1.822059E1	2.651490E1	9.006941E3	1.051735E2	8.323970E1
5.612800E1	1.122560E5	2.404495E1	-1.130934E1	2.657180E1	9.141922E3	1.099558E2	7.632845E1
5.613000E1	1.122600E5	2.658413E1	-3.188713E0	2.677469E1	9.140394E3	1.124950E2	6.820782E1
5.613200E1	1.122640E5	2.638050E1	5.305835E0	2.690878E1	9.074970E3	1.122913E2	5.971327E1
5.613400E1	1.122680E5	2.396768E1	1.353820E1	2.752694E1	8.876564E3	1.098785E2	5.148091E1
5.613600E1	1.122720E5	1.932431E1	2.063472E1	2.827049E1	8.589722E3	1.052351E2	4.438439E1
5.613800E1	1.122760E5	1.269731E1	2.582587E1	2.877841E1	8.400043E3	9.860813E1	3.919324E1
5.614000E1	1.122800E5	4.818882E0	2.873010E1	2.913143E1	8.291246E3	9.072971E1	3.628901E1
5.614200E1	1.122840E5	-3.566239E0	2.911226E1	2.932988E1	8.161568E3	8.234459E1	3.590685E1
5.614400E1	1.122880E5	-1.142354E1	2.675013E1	2.908722E1	8.165288E3	7.448729E1	3.826898E1
5.614600E1	1.122920E5	-1.839663E1	2.220212E1	2.883349E1	8.386627E3	6.751420E1	4.281699E1
5.614800E1	1.122960E5	-2.368118E1	1.557266E1	2.834266E1	8.525316E3	6.222965E1	4.944645E1
5.615000E1	1.123000E5	-2.677595E1	7.806340E0	2.789069E1	8.615525E3	5.913487E1	5.721277E1
5.615200E1	1.123040E5	-2.747099E1	-5.434546E-1	2.747637E1	8.771019E3	5.843984E1	6.556256E1
5.615400E1	1.123080E5	-2.556119E1	-8.716877E0	2.700663E1	8.968853E3	6.034964E1	7.373599E1
5.615600E1	1.123120E5	-2.148503E1	-1.619527E1	2.690526E1	9.072126E3	6.442580E1	8.121437E1
5.615800E1	1.123160E5	-1.531503E1	-2.196903E1	2.678037E1	9.053582E3	7.059580E1	8.698813E1
5.616000E1	1.123200E5	-7.742286E0	-2.568105E1	2.682274E1	9.003523E3	7.816854E1	9.070016E1
5.616200E1	1.123240E5	5.271282E-1	-2.665339E1	2.665860E1	8.913851E3	8.643796E1	9.167249E1
5.616400E1	1.123280E5	8.610627E0	-2.518046E1	2.661199E1	8.837996E3	9.452145E1	9.019956E1
5.616600E1	1.123320E5	1.584659E1	-2.142719E1	2.665031E1	8.882253E3	1.017574E2	8.644629E1
5.616800E1	1.123360E5	2.150093E1	-1.538891E1	2.644066E1	9.074405E3	1.074118E2	8.040802E1
5.617000E1	1.123400E5	2.533693E1	-7.851520E0	2.652558E1	9.126322E3	1.112478E2	7.287063E1
5.617200E1	1.123440E5	2.672598E1	4.258024E-1	2.672937E1	9.138530E3	1.126368E2	6.459331E1
5.617400E1	1.123480E5	2.556194E1	8.970064E0	2.709013E1	9.028954E3	1.114728E2	5.604904E1
5.617600E1	1.123520E5	2.201575E1	1.660728E1	2.757708E1	8.722974E3	1.079266E2	4.841182E1
5.617800E1	1.123560E5	1.658182E1	2.301549E1	2.836670E1	8.475105E3	1.024926E2	4.200362E1
5.618000E1	1.123600E5	9.397830E0	2.718381E1	2.876245E1	8.299921E3	9.530866E1	3.783530E1
5.618200E1	1.123640E5	1.299446E0	2.893143E1	2.896060E1	8.161035E3	8.721027E1	3.608767E1
5.618400E1	1.123680E5	-6.820574E0	2.825081E1	2.906249E1	8.142785E3	7.909025E1	3.676830E1
5.618600E1	1.123720E5	-1.435771E1	2.486883E1	2.871589E1	8.300231E3	7.155312E1	4.015028E1
5.618800E1	1.123760E5	-2.070253E1	1.945861E1	2.841183E1	8.447853E3	6.520830E1	4.556050E1
5.619000E1	1.123800E5	-2.516131E1	1.238589E1	2.804464E1	8.543705E3	6.074952E1	5.263322E1
5.619200E1	1.123840E5	-2.743631E1	4.370579E0	2.778225E1	8.668977E3	5.847451E1	6.064853E1
5.619400E1	1.123880E5	-2.700380E1	-4.019734E0	2.730135E1	8.945058E3	5.890703E1	6.903884E1
5.619600E1	1.123920E5	-2.401127E1	-1.209171E1	2.688402E1	9.157001E3	6.189955E1	7.711081E1
5.619800E1	1.123960E5	-1.883472E1	-1.889713E1	2.668048E1	9.154982E3	6.707611E1	8.391624E1
5.620000E1	1.124000E5	-1.201175E1	-2.393373E1	2.677883E1	9.086895E3	7.389907E1	8.895284E1
5.620200E1	1.124040E5	-3.999161E0	-2.657606E1	2.687527E1	8.959781E3	8.191167E1	9.159517E1
5.620400E1	1.124080E5	4.281870E0	-2.647170E1	2.681576E1	8.806298E3	9.019270E1	9.149080E1
5.620600E1	1.124120E5	1.198334E1	-2.385989E1	2.670009E1	8.777968E3	9.789417E1	8.887900E1
5.620800E1	1.124160E5	1.877134E1	-1.923568E1	2.687702E1	8.866806E3	1.046822E2	8.425478E1
5.621000E1	1.124200E5	2.355687E1	-1.245443E1	2.664656E1	9.021871E3	1.094677E2	7.747354E1
5.621200E1	1.124240E5	2.627907E1	-4.450658E0	2.665329E1	9.185662E3	1.121899E2	6.946977E1
5.621400E1	1.124280E5	2.666396E1	4.164695E0	2.698725E1	9.043801E3	1.125748E2	6.085441E1
5.621600E1	1.124320E5	2.445337E1	1.222545E1	2.733915E1	8.762388E3	1.103642E2	5.279366E1
5.621800E1	1.124360E5	2.000066E1	1.926520E1	2.777003E1	8.597216E3	1.059115E2	4.575390E1
5.622000E1	1.124400E5	1.373583E1	2.473079E1	2.828930E1	8.534859E3	9.964665E1	4.028832E1
5.622200E1	1.124440E5	5.951795E0	2.816143E1	2.878350E1	8.305002E3	9.186262E1	3.685768E1
5.622400E1	1.124480E5	-2.101306E0	2.880985E1	2.888638E1	8.194977E3	8.380952E1	3.620926E1
5.622600E1	1.124520E5	-1.030777E1	2.706948E1	2.896561E1	8.311251E3	7.560306E1	3.794963E1
5.622800E1	1.124560E5	-1.746353E1	2.282764E1	2.874154E1	8.328111E3	6.844729E1	4.219147E1
5.623000E1	1.124600E5	-2.301577E1	1.662470E1	2.839201E1	8.452765E3	6.289506E1	4.839441E1
5.623200E1	1.124640E5	-2.641289E1	8.977453E0	2.789687E1	8.628535E3	5.949794E1	5.604166E1
5.623400E1	1.124680E5	-2.755320E1	6.383155E-1	2.756060E1	8.701536E3	5.835762E1	6.438079E1
5.623600E1	1.124720E5	-2.615011E1	-7.515124E0	2.720855E1	8.775072E3	5.976072E1	7.253423E1
5.623800E1	1.124760E5	-2.238895E1	-1.497292E1	2.693425E1	9.039318E3	6.352187E1	7.999203E1
5.624000E1	1.124800E5	-1.647879E1	-2.123750E1	2.688088E1	9.111901E3	6.943204E1	8.625661E1
5.624200E1	1.124840E5	-9.055217E0	-2.518048E1	2.675918E1	9.072191E3	7.685561E1	9.019959E1
5.624400E1	1.124880E5	-7.089251E-1	-2.671357E1	2.672297E1	8.953066E3	8.520190E1	9.173268E1
5.624600E1	1.124920E5	7.445362E0	-2.590866E1	2.695723E1	8.763955E3	9.335619E1	9.092777E1
5.624800E1	1.124960E5	1.488820E1	-2.246323E1	2.694912E1	8.817182E3	1.007990E2	8.748234E1
5.625000E1	1.125000E5	2.078317E1	-1.664941E1	2.662974E1	9.079925E3	1.066940E2	8.166852E1
5.625200E1	1.125040E5	2.481406E1	-9.102585E0	2.643094E1	9.176580E3	1.107249E2	7.412169E1
5.625400E1	1.125080E5	2.654649E1	-9.232700E-1	2.656254E1	9.129999E3	1.124573E2	6.594238E1
5.625600E1	1.125120E5	2.578863E1	7.577953E0	2.687896E1	9.135392E3	1.116995E2	5.744116E1
5.625800E1	1.125160E5	2.258736E1	1.555270E1	2.742399E1	8.896846E3	1.084982E2	4.946640E1
5.626000E1	1.125200E5	1.734664E1	2.217295E1	2.815219E1	8.530489E3	1.032575E2	4.284616E1
5.626200E1	1.125240E5	1.041066E1	2.666293E1	2.862331E1	8.277727E3	9.632149E1	3.835618E1
5.626400E1	1.125280E5	2.498362E0	2.898547E1	2.909294E1	8.107036E3	8.840919E1	3.603364E1
5.626600E1	1.125320E5	-5.616367E0	2.862749E1	2.917322E1	8.071932E3	8.029446E1	3.639161E1
5.626800E1	1.125360E5	-1.334587E1	2.578933E1	2.903793E1	8.199718E3	7.256496E1	3.922978E1
5.627000E1	1.125400E5	-1.990965E1	2.069017E1	2.871371E1	8.398866E3	6.600118E1	4.432893E1
5.627200E1	1.125440E5	-2.460886E1	1.366516E1	2.814840E1	8.554336E3	6.130197E1	5.135395E1
5.627400E1	1.125480E5	-2.715073E1	5.713649E0	2.774541E1	8.653066E3	5.876010E1	5.930546E1
5.627600E1	1.125520E5	-2.736580E1	-2.668343E0	2.749559E1	8.777819E3	5.854502E1	6.768745E1
5.627800E1	1.125560E5	-2.491606E1	-1.069307E1	2.711368E1	8.918280E3	6.099477E1	7.571218E1
5.628000E1	1.125600E5	-2.006394E1	-1.759079E1	2.668328E1	9.120274E3	6.584689E1	8.260989E1
5.628200E1	1.125640E5	-1.333115E1	-2.282116E1	2.642962E1	9.143813E3	7.257968E1	8.784027E1
5.628400E1	1.125680E5	-5.628428E0	-2.607101E1	2.667165E1	8.976598E3	8.028240E1	9.109012E1
5.628600E1	1.125720E5	2.620817E0	-2.665853E1	2.678705E1	8.861187E3	8.853164E1	9.167764E1
5.628800E1	1.125760E5	1.051040E1	-2.444924E1	2.661266E1	8.873951E3	9.642123E1	8.946834E1
5.629000E1	1.125800E5	1.743989E1	-1.998430E1	2.652399E1	8.906548E3	1.033507E2	8.500341E1
5.629200E1	1.125840E5	2.274842E1	-1.372900E1	2.657021E1	8.955882E3	1.086592E2	7.874811E1
5.629400E1	1.125880E5	2.584963E1	-5.999194E0	2.653665E1	9.093510E3	1.117605E2	7.101830E1
5.629600E1	1.125920E5	2.644912E1	2.436132E0	2.656107E1	9.225062E3	1.123599E2	6.258298E1
5.629800E1	1.125960E5	2.483117E1	1.096962E1	2.714626E1	9.110422E3	1.107420E2	5.404948E1
5.630000E1	1.126000E5	2.056364E1	1.832420E1	2.754341E1	8.833994E3	1.064745E2	4.669491E1
5.630200E1	1.126040E5	1.455081E1	2.438047E1	2.839249E1	8.491339E3	1.004616E2	4.063864E1
5.630400E1	1.126080E5	7.200911E0	2.818760E1	2.909285E1	8.127195E3	9.311174E1	3.683151E1
5.630600E1	1.126120E5	-8.559666E-1	2.920007E1	2.921261E1	7.979379E3	8.505486E1	3.581904E1
5.630800E1	1.126160E5	-8.795177E0	2.774773E1	2.910827E1	8.087556E3	7.711565E1	3.727138E1
5.631000E1	1.126200E5	-1.610994E1	2.385763E1	2.878744E1	8.369001E3	6.980089E1	4.116148E1
5.631200E1	1.126240E5	-2.218054E1	1.792109E1	2.851564E1	8.552138E3	6.373029E1	4.709802E1
5.631400E1	1.126280E5	-2.618826E1	1.045449E1	2.819789E1	8.565720E3	5.972257E1	5.456462E1
5.631600E1	1.126320E5	-2.767700E1	2.262868E0	2.776935E1	8.742589E3	5.823383E1	6.275624E1
5.631800E1	1.126360E5	-2.656392E1	-6.234529E0	2.728573E1	8.897169E3	5.934691E1	7.125364E1
5.632000E1	1.126400E5	-2.312588E1	-1.384855E1	2.695530E1	8.963702E3	6.278495E1	7.886765E1
5.632200E1	1.126440E5	-1.767213E1	-2.037467E1	2.697093E1	9.040952E3	6.823870E1	8.539378E1
5.632400E1	1.126480E5	-1.043674E1	-2.468125E1	2.679719E1	8.951675E3	7.547409E1	8.970035E1
5.632600E1	1.126520E5	-2.378444E0	-2.649181E1	2.659836E1	8.893904E3	8.353238E1	9.151092E1
5.632800E1	1.126560E5	5.840689E0	-2.601455E1	2.666215E1	8.804507E3	9.175152E1	9.103366E1
5.633000E1	1.126600E5	1.334096E1	-2.302570E1	2.661135E1	8.805180E3	9.925178E1	8.804481E1
5.633200E1	1.126640E5	1.977018E1	-1.787958E1	2.665594E1	8.928596E3	1.056810E2	8.289868E1
5.633400E1	1.126680E5	2.423056E1	-1.088856E1	2.656466E1	9.033110E3	1.101414E2	7.590767E1
5.633600E1	1.126720E5	2.659387E1	-2.791769E0	2.674001E1	9.082013E3	1.125047E2	6.781088E1
5.633800E1	1.126760E5	2.629673E1	5.652024E0	2.689727E1	9.088124E3	1.122076E2	5.936708E1
5.634000E1	1.126800E5	2.368483E1	1.387339E1	2.744890E1	8.978879E3	1.095957E2	5.114571E1
5.634200E1	1.126840E5	1.866125E1	2.075869E1	2.791353E1	8.726686E3	1.045721E2	4.426042E1
5.634400E1	1.126880E5	1.192794E1	2.589318E1	2.850847E1	8.333123E3	9.783877E1	3.912592E1
5.634600E1	1.126920E5	4.345692E0	2.866078E1	2.898837E1	8.084661E3	9.025652E1	3.635833E1
5.634800E1	1.126960E5	-3.863292E0	2.893461E1	2.919138E1	8.086765E3	8.204754E1	3.608450E1
5.635000E1	1.127000E5	-1.166463E1	2.654096E1	2.899114E1	8.172407E3	7.424620E1	3.847814E1
5.635200E1	1.127040E5	-1.854976E1	2.187725E1	2.868288E1	8.420367E3	6.736107E1	4.314186E1
5.635400E1	1.127080E5	-2.376587E1	1.519498E1	2.820823E1	8.638448E3	6.214495E1	4.982413E1
5.635600E1	1.127120E5	-2.671029E1	7.232770E0	2.767223E1	8.765259E3	5.920054E1	5.778634E1
5.635800E1	1.127160E5	-2.732724E1	-1.177728E0	2.735260E1	8.817289E3	5.858359E1	6.619684E1
5.636000E1	1.127200E5	-2.548069E1	-9.333493E0	2.713631E1	8.812767E3	6.043014E1	7.435260E1
5.636200E1	1.127240E5	-2.131239E1	-1.648328E1	2.694283E1	8.899149E3	6.459844E1	8.150238E1
5.636400E1	1.127280E5	-1.508068E1	-2.211924E1	2.677102E1	9.099708E3	7.083015E1	8.713835E1
5.636600E1	1.127320E5	-7.301712E0	-2.566288E1	2.668143E1	8.988512E3	7.860912E1	9.068199E1
5.636800E1	1.127360E5	7.748733E-1	-2.660516E1	2.661644E1	8.767901E3	8.668570E1	9.162427E1
5.637000E1	1.127400E5	8.728954E0	-2.508127E1	2.655682E1	8.835471E3	9.463978E1	9.010038E1
5.637200E1	1.127440E5	1.594573E1	-2.115290E1	2.648984E1	8.965585E3	1.018566E2	8.617201E1
5.637400E1	1.127480E5	2.182021E1	-1.524940E1	2.662078E1	9.042144E3	1.077310E2	8.026851E1
5.637600E1	1.127520E5	2.538269E1	-7.673772E0	2.651731E1	9.184725E3	1.112935E2	7.269288E1
5.637800E1	1.127560E5	2.670584E1	8.348352E-1	2.671888E1	9.145439E3	1.126167E2	6.418427E1
5.638000E1	1.127600E5	2.551067E1	9.164536E0	2.710688E1	8.917195E3	1.114215E2	5.585457E1
5.638200E1	1.127640E5	2.190338E1	1.678234E1	2.759357E1	8.796048E3	1.078142E2	4.823677E1
5.638400E1	1.127680E5	1.615431E1	2.302340E1	2.812541E1	8.476448E3	1.020651E2	4.199571E1
5.638600E1	1.127720E5	9.165057E0	2.717861E1	2.868231E1	8.198912E3	9.507589E1	3.784050E1
5.638800E1	1.127760E5	1.139255E0	2.887170E1	2.889416E1	8.100311E3	8.705008E1	3.614741E1
5.639000E1	1.127800E5	-6.904445E0	2.818136E1	2.901483E1	8.097759E3	7.900638E1	3.683775E1
5.639200E1	1.127840E5	-1.441253E1	2.483158E1	2.871111E1	8.275431E3	7.149830E1	4.018753E1
5.639400E1	1.127880E5	-2.073617E1	1.942626E1	2.841423E1	8.432199E3	6.517466E1	4.559284E1
5.639600E1	1.127920E5	-2.518793E1	1.236117E1	2.805763E1	8.526206E3	6.072289E1	5.265794E1
5.639800E1	1.127960E5	-2.747386E1	4.364767E0	2.781841E1	8.663908E3	5.843697E1	6.065434E1
5.640000E1	1.128000E5	-2.697802E1	-4.039491E0	2.727876E1	8.910701E3	5.893281E1	6.905860E1
5.640200E1	1.128040E5	-2.401942E1	-1.203625E1	2.686640E1	9.119472E3	6.189141E1	7.705536E1
5.640400E1	1.128080E5	-1.885860E1	-1.885444E1	2.666714E1	9.178982E3	6.705223E1	8.387354E1
5.640600E1	1.128120E5	-1.202047E1	-2.393292E1	2.678202E1	9.087717E3	7.389036E1	8.895203E1
5.640800E1	1.128160E5	-4.044078E0	-2.656628E1	2.687232E1	8.951211E3	8.186675E1	9.158539E1
5.641000E1	1.128200E5	4.258912E0	-2.648140E1	2.682169E1	8.798544E3	9.016974E1	9.150051E1
5.641200E1	1.128240E5	1.193540E1	-2.389824E1	2.671291E1	8.729472E3	9.784622E1	8.891735E1
5.641400E1	1.128280E5	1.871771E1	-1.934601E1	2.691878E1	8.818821E3	1.046285E2	8.436512E1
5.641600E1	1.128320E5	2.351134E1	-1.259927E1	2.667443E1	9.006501E3	1.094222E2	7.761838E1
5.641800E1	1.128360E5	2.630090E1	-4.599544E0	2.670006E1	9.185760E3	1.122117E2	6.961865E1
5.642000E1	1.128400E5	2.674157E1	4.023777E0	2.704260E1	9.027210E3	1.126524E2	6.099533E1
5.642200E1	1.128440E5	2.457594E1	1.208709E1	2.738749E1	8.752603E3	1.104868E2	5.293201E1
5.642400E1	1.128480E5	2.016000E1	1.917629E1	2.782365E1	8.560503E3	1.060708E2	4.584282E1
5.642600E1	1.128520E5	1.397237E1	2.462702E1	2.831462E1	8.352626E3	9.988320E1	4.039208E1
5.642800E1	1.128560E5	6.509162E0	2.814489E1	2.888778E1	8.246765E3	9.241999E1	3.687422E1
5.643000E1	1.128600E5	-1.729497E0	2.895497E1	2.900657E1	8.170512E3	8.418133E1	3.606414E1
5.643200E1	1.128640E5	-9.747196E0	2.728285E1	2.897174E1	8.188955E3	7.616363E1	3.773626E1
5.643400E1	1.128680E5	-1.686405E1	2.306370E1	2.857150E1	8.367428E3	6.904678E1	4.195541E1
5.643600E1	1.128720E5	-2.248064E1	1.686072E1	2.810094E1	8.529488E3	6.343018E1	4.815839E1
5.643800E1	1.128760E5	-2.622588E1	9.394349E0	2.785769E1	8.571019E3	5.968494E1	5.562476E1
5.644000E1	1.128800E5	-2.751164E1	1.242657E0	2.753969E1	8.733059E3	5.839919E1	6.377645E1
5.644200E1	1.128840E5	-2.629011E1	-7.154815E0	2.724631E1	8.913134E3	5.962072E1	7.217392E1
5.644400E1	1.128880E5	-2.263029E1	-1.473356E1	2.700385E1	9.035754E3	6.328054E1	7.975267E1
5.644600E1	1.128920E5	-1.685919E1	-2.109442E1	2.700383E1	9.063632E3	6.905163E1	8.611353E1
5.644800E1	1.128960E5	-9.508404E0	-2.519100E1	2.692575E1	8.860104E3	7.640242E1	9.021011E1
5.645000E1	1.129000E5	-1.499324E0	-2.688207E1	2.692385E1	8.754633E3	8.441150E1	9.190118E1
5.645200E1	1.129040E5	6.688027E0	-2.616301E1	2.700431E1	8.745861E3	9.259886E1	9.118212E1
5.645400E1	1.129080E5	1.410341E1	-2.275433E1	2.677062E1	8.837306E3	1.000142E2	8.777344E1
5.645600E1	1.129120E5	2.044465E1	-1.734531E1	2.681125E1	9.019655E3	1.063555E2	8.236441E1
5.645800E1	1.129160E5	2.468090E1	-1.003706E1	2.664375E1	9.075239E3	1.105917E2	7.505617E1
5.646000E1	1.129200E5	2.662425E1	-1.866617E0	2.668960E1	9.034055E3	1.125351E2	6.688572E1
5.646200E1	1.129240E5	2.607079E1	6.503065E0	2.686961E1	9.033542E3	1.119816E2	5.851604E1
5.646400E1	1.129280E5	2.330369E1	1.463183E1	2.751640E1	8.911961E3	1.092145E2	5.038727E1
5.646600E1	1.129320E5	1.821578E1	2.144424E1	2.813663E1	8.626370E3	1.041266E2	4.357487E1
5.646800E1	1.129360E5	1.143913E1	2.647130E1	2.883719E1	8.342390E3	9.734996E1	3.854781E1
5.647000E1	1.129400E5	3.552887E0	2.903385E1	2.925042E1	8.123697E3	8.946371E1	3.598526E1
5.647200E1	1.129440E5	-4.641260E0	2.889879E1	2.926912E1	8.090484E3	8.126957E1	3.612031E1
5.647400E1	1.129480E5	-1.245244E1	2.624214E1	2.904674E1	8.261804E3	7.345839E1	3.877697E1
5.647600E1	1.129520E5	-1.920287E1	2.119920E1	2.860343E1	8.476079E3	6.670796E1	4.381991E1
5.647800E1	1.129560E5	-2.425538E1	1.440773E1	2.821181E1	8.482140E3	6.165544E1	5.061138E1
5.648000E1	1.129600E5	-2.716276E1	6.722208E0	2.798220E1	8.536614E3	5.874807E1	5.829690E1
5.648200E1	1.129640E5	-2.757409E1	-1.655631E0	2.762375E1	8.636278E3	5.833674E1	6.667474E1
5.648400E1	1.129680E5	-2.541477E1	-9.575521E0	2.715881E1	8.817005E3	6.049606E1	7.459463E1
5.648600E1	1.129720E5	-2.092208E1	-1.676420E1	2.680992E1	9.132921E3	6.498875E1	8.178331E1
5.648800E1	1.129760E5	-1.448795E1	-2.246073E1	2.672799E1	9.107811E3	7.142288E1	8.747984E1
5.649000E1	1.129800E5	-6.838442E0	-2.576472E1	2.665680E1	8.924862E3	7.907239E1	9.078382E1
5.649200E1	1.129840E5	1.347749E0	-2.682706E1	2.686090E1	8.816956E3	8.725858E1	9.184617E1
5.649400E1	1.129880E5	9.395864E0	-2.526043E1	2.695128E1	8.779056E3	9.530669E1	9.027954E1
5.649600E1	1.129920E5	1.650988E1	-2.113758E1	2.682114E1	8.847977E3	1.024207E2	8.615668E1
5.649800E1	1.129960E5	2.207765E1	-1.500673E1	2.669503E1	9.025113E3	1.079885E2	8.002584E1
5.650000E1	1.130000E5	2.569297E1	-7.322371E0	2.671603E1	9.133741E3	1.116038E2	7.234148E1
5.650200E1	1.130040E5	2.679115E1	1.090115E0	2.681332E1	9.066954E3	1.127020E2	6.392899E1
5.650400E1	1.130080E5	2.529412E1	9.386966E0	2.697976E1	9.001123E3	1.112049E2	5.563214E1
5.650600E1	1.130120E5	2.175665E1	1.720367E1	2.773659E1	8.818325E3	1.076675E2	4.781544E1
5.650800E1	1.130160E5	1.590520E1	2.325841E1	2.817674E1	8.508534E3	1.018160E2	4.176070E1
5.651000E1	1.130200E5	8.636898E0	2.717539E1	2.851487E1	8.335775E3	9.454773E1	3.784372E1
5.651200E1	1.130240E5	5.146486E-1	2.881905E1	2.882365E1	8.165403E3	8.642548E1	3.620006E1
5.651400E1	1.130280E5	-7.524544E0	2.802272E1	2.901537E1	8.028416E3	7.838628E1	3.699639E1
5.651600E1	1.130320E5	-1.493938E1	2.477449E1	2.893026E1	8.124120E3	7.097145E1	4.024462E1
5.651800E1	1.130360E5	-2.102301E1	1.924598E1	2.850219E1	8.395078E3	6.488782E1	4.577313E1
5.652000E1	1.130400E5	-2.527280E1	1.196211E1	2.796080E1	8.640061E3	6.063803E1	5.305700E1
5.652200E1	1.130440E5	-2.741654E1	3.810696E0	2.768011E1	8.735769E3	5.849428E1	6.120841E1
5.652400E1	1.130480E5	-2.694603E1	-4.564340E0	2.732987E1	8.779455E3	5.896479E1	6.958345E1
5.652600E1	1.130520E5	-2.389905E1	-1.228499E1	2.687165E1	8.935282E3	6.201178E1	7.730410E1
5.652800E1	1.130560E5	-1.872307E1	-1.895660E1	2.664406E1	9.104112E3	6.718776E1	8.397571E1
5.653000E1	1.130600E5	-1.186320E1	-2.392055E1	2.670072E1	9.069350E3	7.404763E1	8.893966E1
5.653200E1	1.130640E5	-3.905448E0	-2.655186E1	2.683754E1	8.939216E3	8.200538E1	9.157097E1
5.653400E1	1.130680E5	4.366645E0	-2.643936E1	2.679753E1	8.762798E3	9.027747E1	9.145847E1
5.653600E1	1.130720E5	1.198011E1	-2.383670E1	2.667792E1	8.716155E3	9.789094E1	8.885581E1
5.653800E1	1.130760E5	1.871884E1	-1.922029E1	2.682936E1	8.831544E3	1.046297E2	8.423939E1
5.654000E1	1.130800E5	2.352261E1	-1.250199E1	2.663856E1	9.003636E3	1.094334E2	7.752110E1
5.654200E1	1.130840E5	2.625940E1	-4.508745E0	2.664366E1	9.177309E3	1.121702E2	6.952785E1
5.654400E1	1.130880E5	2.669081E1	4.093380E0	2.700288E1	9.009846E3	1.126016E2	6.092573E1
5.654600E1	1.130920E5	2.454784E1	1.213053E1	2.738150E1	8.730762E3	1.104587E2	5.288857E1
5.654800E1	1.130960E5	2.011232E1	1.918095E1	2.779234E1	8.584861E3	1.060232E2	4.583816E1
5.655000E1	1.131000E5	1.388845E1	2.468441E1	2.832330E1	8.497400E3	9.979928E1	4.033470E1
5.655200E1	1.131040E5	6.174393E0	2.815716E1	2.882618E1	8.267879E3	9.208522E1	3.686195E1
5.655400E1	1.131080E5	-1.876671E0	2.896049E1	2.902123E1	8.032947E3	8.403416E1	3.605862E1
5.655600E1	1.131120E5	-9.796073E0	2.726405E1	2.897053E1	8.144969E3	7.611476E1	3.775505E1
5.655800E1	1.131160E5	-1.691135E1	2.303253E1	2.857431E1	8.351356E3	6.899947E1	4.198658E1
5.656000E1	1.131200E5	-2.250096E1	1.685188E1	2.811190E1	8.536911E3	6.340987E1	4.816723E1
5.656200E1	1.131240E5	-2.622706E1	9.320903E0	2.783411E1	8.580297E3	5.968377E1	5.569821E1
5.656400E1	1.131280E5	-2.748346E1	1.204685E0	2.750985E1	8.708665E3	5.842737E1	6.381442E1
5.656600E1	1.131320E5	-2.624654E1	-7.165387E0	2.720705E1	8.899692E3	5.966429E1	7.218450E1
5.656800E1	1.131360E5	-2.261588E1	-1.473688E1	2.699359E1	9.049302E3	6.329495E1	7.975599E1
5.657000E1	1.131400E5	-1.679091E1	-2.108416E1	2.695323E1	9.061327E3	6.911992E1	8.610327E1
5.657200E1	1.131440E5	-9.496791E0	-2.517801E1	2.690950E1	8.849356E3	7.641404E1	9.019712E1
5.657400E1	1.131480E5	-1.471097E0	-2.685453E1	2.689479E1	8.740358E3	8.443973E1	9.187364E1
5.657600E1	1.131520E5	6.666205E0	-2.616083E1	2.699680E1	8.728803E3	9.257703E1	9.117994E1
5.657800E1	1.131560E5	1.408989E1	-2.274268E1	2.675359E1	8.828193E3	1.000007E2	8.776179E1
5.658000E1	1.131600E5	2.042759E1	-1.738006E1	2.682076E1	9.018246E3	1.063384E2	8.239917E1
5.658200E1	1.131640E5	2.466301E1	-1.003836E1	2.662767E1	9.072966E3	1.105738E2	7.505747E1
5.658400E1	1.131680E5	2.660637E1	-1.907028E0	2.667463E1	9.030213E3	1.125172E2	6.692614E1
5.658600E1	1.131720E5	2.608800E1	6.491660E0	2.688356E1	9.055382E3	1.119988E2	5.852745E1
5.658800E1	1.131760E5	2.331356E1	1.463695E1	2.752749E1	8.902296E3	1.092244E2	5.038216E1
5.659000E1	1.131800E5	1.824084E1	2.141980E1	2.813425E1	8.628860E3	1.041517E2	4.359931E1
5.659200E1	1.131840E5	1.143662E1	2.647571E1	2.884025E1	8.353708E3	9.734745E1	3.854339E1
5.659400E1	1.131880E5	3.564530E0	2.902042E1	2.923851E1	8.105044E3	8.947536E1	3.599869E1
5.659600E1	1.131920E5	-4.607446E0	2.890268E1	2.926762E1	8.098544E3	8.130338E1	3.611643E1
5.659800E1	1.131960E5	-1.247120E1	2.627411E1	2.908367E1	8.257103E3	7.343963E1	3.874500E1
5.660000E1	1.132000E5	-1.916572E1	2.122165E1	2.859517E1	8.465315E3	6.674510E1	4.379745E1
5.660200E1	1.132040E5	-2.425844E1	1.443055E1	2.822610E1	8.474164E3	6.165239E1	5.058855E1
5.660400E1	1.132080E5	-2.714854E1	6.777693E0	2.798179E1	8.515649E3	5.876228E1	5.824142E1
5.660600E1	1.132120E5	-2.763658E1	-1.601047E0	2.768292E1	8.654148E3	5.827425E1	6.662015E1
5.660800E1	1.132160E5	-2.545529E1	-9.567561E0	2.719393E1	8.837232E3	6.045554E1	7.458667E1
5.661000E1	1.132200E5	-2.092760E1	-1.674488E1	2.680216E1	9.139228E3	6.498323E1	8.176399E1
5.661200E1	1.132240E5	-1.452487E1	-2.250024E1	2.678120E1	9.076462E3	7.138596E1	8.751935E1
5.661400E1	1.132280E5	-6.902664E0	-2.570785E1	2.661842E1	8.914583E3	7.900816E1	9.072696E1
5.661600E1	1.132320E5	1.319839E0	-2.684827E1	2.688069E1	8.849316E3	8.723067E1	9.186738E1
5.661800E1	1.132360E5	9.387415E0	-2.528575E1	2.697208E1	8.770475E3	9.529824E1	9.030486E1
5.662000E1	1.132400E5	1.646910E1	-2.115835E1	2.681245E1	8.839756E3	1.023799E2	8.617746E1
5.662200E1	1.132440E5	2.208046E1	-1.504724E1	2.672014E1	9.022944E3	1.079913E2	8.006635E1
5.662400E1	1.132480E5	2.569873E1	-7.374806E0	2.673597E1	9.134099E3	1.116096E2	7.239391E1
5.662600E1	1.132520E5	2.680914E1	1.059436E0	2.683007E1	9.074910E3	1.127200E2	6.395967E1
5.662800E1	1.132560E5	2.531742E1	9.358998E0	2.699189E1	8.998585E3	1.112282E2	5.566011E1
5.663000E1	1.132600E5	2.179442E1	1.718588E1	2.775520E1	8.782215E3	1.077052E2	4.783323E1
5.663200E1	1.132640E5	1.598485E1	2.318566E1	2.816186E1	8.373881E3	1.018957E2	4.183345E1
5.663400E1	1.132680E5	8.968209E0	2.720156E1	2.864181E1	8.169403E3	9.487904E1	3.781755E1
5.663600E1	1.132720E5	9.602235E-1	2.885640E1	2.887237E1	8.081513E3	8.687105E1	3.616271E1
5.663800E1	1.132760E5	-7.044359E0	2.808846E1	2.895833E1	8.079922E3	7.886647E1	3.693065E1
5.664000E1	1.132800E5	-1.451352E1	2.472403E1	2.866915E1	8.293252E3	7.139731E1	4.029508E1
5.664200E1	1.132840E5	-2.086861E1	1.928943E1	2.841797E1	8.548806E3	6.504222E1	4.572968E1
5.664400E1	1.132880E5	-2.522849E1	1.197449E1	2.792606E1	8.678403E3	6.068234E1	5.304462E1
5.664600E1	1.132920E5	-2.740395E1	3.868174E0	2.767561E1	8.741717E3	5.850688E1	6.115093E1
5.664800E1	1.132960E5	-2.696253E1	-4.548714E0	2.734354E1	8.801575E3	5.894829E1	6.956782E1
5.665000E1	1.133000E5	-2.393120E1	-1.228411E1	2.689985E1	8.920393E3	6.197962E1	7.730322E1
5.665200E1	1.133040E5	-1.878168E1	-1.895125E1	2.668148E1	9.087014E3	6.712915E1	8.397036E1
5.665400E1	1.133080E5	-1.192019E1	-2.392903E1	2.673367E1	9.070604E3	7.399064E1	8.894814E1
5.665600E1	1.133120E5	-3.947666E0	-2.654089E1	2.683287E1	8.937450E3	8.196316E1	9.156000E1
5.665800E1	1.133160E5	4.318716E0	-2.646051E1	2.681063E1	8.757575E3	9.022954E1	9.147962E1
5.666000E1	1.133200E5	1.193593E1	-2.386650E1	2.668475E1	8.712669E3	9.784676E1	8.888560E1
5.666200E1	1.133240E5	1.869350E1	-1.927646E1	2.685198E1	8.840615E3	1.046043E2	8.429557E1
5.666400E1	1.133280E5	2.349485E1	-1.252787E1	2.662622E1	9.004970E3	1.094057E2	7.754698E1
5.666600E1	1.133320E5	2.625819E1	-4.563768E0	2.665183E1	9.190205E3	1.121690E2	6.958288E1
5.666800E1	1.133360E5	2.668240E1	4.079877E0	2.699251E1	9.028641E3	1.125932E2	6.093923E1
5.667000E1	1.133400E5	2.453092E1	1.209989E1	2.735276E1	8.723016E3	1.104417E2	5.291922E1
5.667200E1	1.133440E5	2.013848E1	1.916794E1	2.780231E1	8.558863E3	1.060493E2	4.585117E1
5.667400E1	1.133480E5	1.395805E1	2.466102E1	2.833713E1	8.379203E3	9.986888E1	4.035809E1
5.667600E1	1.133520E5	6.450559E0	2.816996E1	2.889907E1	8.241233E3	9.236139E1	3.684915E1
5.667800E1	1.133560E5	-1.747379E0	2.894052E1	2.899323E1	8.109585E3	8.416345E1	3.607858E1
5.668000E1	1.133600E5	-9.692746E0	2.730980E1	2.897886E1	8.077534E3	7.621808E1	3.770931E1
5.668200E1	1.133640E5	-1.682837E1	2.336287E1	2.879267E1	8.253035E3	6.908245E1	4.165623E1
5.668400E1	1.133680E5	-2.254523E1	1.726655E1	2.839756E1	8.574538E3	6.336560E1	4.775256E1
5.668600E1	1.133720E5	-2.628066E1	9.532400E0	2.795603E1	8.685038E3	5.963017E1	5.548671E1
5.668800E1	1.133760E5	-2.752600E1	1.301467E0	2.755675E1	8.784223E3	5.838482E1	6.371764E1
5.669000E1	1.133800E5	-2.625075E1	-7.132370E0	2.720244E1	8.893494E3	5.966008E1	7.215148E1
5.669200E1	1.133840E5	-2.269358E1	-1.466259E1	2.701833E1	8.892174E3	6.321724E1	7.968170E1
5.669400E1	1.133880E5	-1.689578E1	-2.069348E1	2.671493E1	9.011875E3	6.901505E1	8.571258E1
5.669600E1	1.133920E5	-9.524618E0	-2.470220E1	2.647483E1	9.005111E3	7.638621E1	8.972130E1
5.669800E1	1.133960E5	-1.498840E0	-2.672124E1	2.676324E1	8.857067E3	8.441199E1	9.174035E1
5.670000E1	1.134000E5	6.677281E0	-2.611461E1	2.695476E1	8.706880E3	9.258811E1	9.113372E1
5.670200E1	1.134040E5	1.402757E1	-2.278628E1	2.675794E1	8.786883E3	9.993840E1	8.780539E1
5.670400E1	1.134080E5	2.040066E1	-1.742980E1	2.683254E1	9.003954E3	1.063115E2	8.244891E1
5.670600E1	1.134120E5	2.463787E1	-1.013846E1	2.664232E1	9.083466E3	1.105487E2	7.515757E1
5.670800E1	1.134160E5	2.663755E1	-1.944859E0	2.670846E1	9.061215E3	1.125484E2	6.696397E1
5.671000E1	1.134200E5	2.611085E1	6.451018E0	2.689595E1	9.039219E3	1.120217E2	5.856809E1
5.671200E1	1.134240E5	2.336664E1	1.459033E1	2.754773E1	8.896788E3	1.092775E2	5.042878E1
5.671400E1	1.134280E5	1.832474E1	2.142891E1	2.819564E1	8.607806E3	1.042356E2	4.359020E1
5.671600E1	1.134320E5	1.155806E1	2.647076E1	2.888408E1	8.338473E3	9.746889E1	3.854835E1
5.671800E1	1.134360E5	3.659479E0	2.904434E1	2.927397E1	8.131435E3	8.957031E1	3.597477E1
5.672000E1	1.134400E5	-4.550624E0	2.893420E1	2.928987E1	8.089545E3	8.136020E1	3.608490E1
5.672200E1	1.134440E5	-1.236446E1	2.630325E1	2.906443E1	8.179190E3	7.354637E1	3.871586E1
5.672400E1	1.134480E5	-1.905239E1	2.141798E1	2.866572E1	8.298492E3	6.685844E1	4.360113E1
5.672600E1	1.134520E5	-2.398226E1	1.477076E1	2.816601E1	8.474481E3	6.192857E1	5.024835E1
5.672800E1	1.134560E5	-2.675777E1	6.893800E0	2.763155E1	8.649363E3	5.915306E1	5.812531E1
5.673000E1	1.134600E5	-2.722711E1	-1.411849E0	2.726370E1	8.743392E3	5.868371E1	6.643096E1
5.673200E1	1.134640E5	-2.532583E1	-9.482154E0	2.704272E1	8.858343E3	6.058500E1	7.450126E1
5.673400E1	1.134680E5	-2.106331E1	-1.669563E1	2.687763E1	9.024244E3	6.484752E1	8.171473E1
5.673600E1	1.134720E5	-1.457368E1	-2.212164E1	2.649074E1	9.084757E3	7.133714E1	8.714075E1
5.673800E1	1.134760E5	-6.988209E0	-2.561622E1	2.655232E1	9.029514E3	7.892262E1	9.063533E1
5.674000E1	1.134800E5	1.268481E0	-2.649261E1	2.652296E1	8.926241E3	8.717931E1	9.151172E1
5.674200E1	1.134840E5	9.288422E0	-2.491490E1	2.658998E1	8.790620E3	9.519925E1	8.993401E1
5.674400E1	1.134880E5	1.643192E1	-2.110489E1	2.674742E1	8.798668E3	1.023428E2	8.612400E1
5.674600E1	1.134920E5	2.206083E1	-1.508252E1	2.672382E1	8.972516E3	1.079717E2	8.010162E1
5.674800E1	1.134960E5	2.569497E1	-7.468093E0	2.675825E1	9.101985E3	1.116058E2	7.248720E1
5.675000E1	1.135000E5	2.681181E1	9.589500E-1	2.682895E1	9.043469E3	1.127226E2	6.406016E1
5.675200E1	1.135040E5	2.549911E1	9.264632E0	2.713002E1	8.891967E3	1.114099E2	5.575448E1
5.675400E1	1.135080E5	2.181711E1	1.681128E1	2.754279E1	8.784473E3	1.077279E2	4.820783E1
5.675600E1	1.135120E5	1.607148E1	2.304270E1	2.809374E1	8.467040E3	1.019823E2	4.197641E1
5.675800E1	1.135160E5	9.094747E0	2.715675E1	2.863919E1	8.183864E3	9.500557E1	3.786236E1
5.676000E1	1.135200E5	1.088842E0	2.888253E1	2.890304E1	8.094328E3	8.699967E1	3.613658E1
5.676200E1	1.135240E5	-6.944379E0	2.814158E1	2.898574E1	8.090991E3	7.896645E1	3.687753E1
5.676400E1	1.135280E5	-1.443105E1	2.479006E1	2.868453E1	8.271891E3	7.147978E1	4.022905E1
5.676600E1	1.135320E5	-2.073346E1	1.936861E1	2.837287E1	8.421080E3	6.517737E1	4.565049E1
5.676800E1	1.135360E5	-2.518383E1	1.234326E1	2.804606E1	8.509310E3	6.072700E1	5.267585E1
5.677000E1	1.135400E5	-2.744939E1	4.354183E0	2.779259E1	8.641285E3	5.846144E1	6.066493E1
5.677200E1	1.135440E5	-2.700871E1	-4.014531E0	2.730543E1	8.916737E3	5.890212E1	6.903364E1
5.677400E1	1.135480E5	-2.405665E1	-1.207476E1	2.691694E1	9.125813E3	6.185418E1	7.709386E1
5.677600E1	1.135520E5	-1.888981E1	-1.886195E1	2.669453E1	9.111769E3	6.702101E1	8.388106E1
5.677800E1	1.135560E5	-1.211355E1	-2.387766E1	2.677463E1	8.917163E3	7.379728E1	8.889677E1
5.678000E1	1.135600E5	-4.393253E0	-2.661347E1	2.697364E1	8.716922E3	8.151758E1	9.163258E1
5.678200E1	1.135640E5	3.711651E0	-2.651648E1	2.677499E1	8.686805E3	8.962248E1	9.153559E1
5.678400E1	1.135680E5	1.141452E1	-2.406755E1	2.663716E1	8.841262E3	9.732535E1	8.908666E1
5.678600E1	1.135720E5	1.825681E1	-1.935114E1	2.660409E1	9.021691E3	1.041676E2	8.437024E1
5.678800E1	1.135760E5	2.336431E1	-1.270673E1	2.659609E1	8.975043E3	1.092751E2	7.772584E1
5.679000E1	1.135800E5	2.625088E1	-4.991746E0	2.672127E1	9.014653E3	1.121617E2	7.001085E1
5.679200E1	1.135840E5	2.665462E1	3.518119E0	2.688580E1	9.123578E3	1.125654E2	6.150099E1
5.679400E1	1.135880E5	2.458146E1	1.184493E1	2.728645E1	8.935920E3	1.104923E2	5.317418E1
5.679600E1	1.135920E5	2.023230E1	1.904106E1	2.778323E1	8.632720E3	1.061431E2	4.597805E1
5.679800E1	1.135960E5	1.407749E1	2.463911E1	2.837713E1	8.379573E3	9.998831E1	4.038000E1
5.680000E1	1.136000E5	6.605392E0	2.812013E1	2.888551E1	8.242500E3	9.251622E1	3.689898E1
5.680200E1	1.136040E5	-1.635139E0	2.898670E1	2.903278E1	8.100816E3	8.427569E1	3.603241E1
5.680400E1	1.136080E5	-9.533580E0	2.740105E1	2.901218E1	8.045948E3	7.637725E1	3.761806E1
5.680600E1	1.136120E5	-1.675945E1	2.357201E1	2.892263E1	8.240058E3	6.915138E1	4.144710E1
5.680800E1	1.136160E5	-2.247987E1	1.747213E1	2.847139E1	8.442967E3	6.343096E1	4.754698E1
5.681000E1	1.136200E5	-2.629388E1	9.996358E0	2.812998E1	8.633628E3	5.961694E1	5.502275E1
5.681200E1	1.136240E5	-2.770466E1	1.607660E0	2.775126E1	8.711118E3	5.820617E1	6.341145E1
5.681400E1	1.136280E5	-2.651393E1	-6.624807E0	2.732905E1	8.804453E3	5.939689E1	7.164392E1
5.681600E1	1.136320E5	-2.283445E1	-1.421140E1	2.689565E1	8.990299E3	6.307637E1	7.923051E1
5.681800E1	1.136360E5	-1.716874E1	-2.045363E1	2.670424E1	9.022300E3	6.874209E1	8.547274E1
5.682000E1	1.136400E5	-9.967649E0	-2.465339E1	2.659217E1	9.025395E3	7.594318E1	8.967249E1
5.682200E1	1.136440E5	-1.805198E0	-2.642211E1	2.648371E1	8.969954E3	8.410563E1	9.144122E1
5.682400E1	1.136480E5	6.368243E0	-2.579898E1	2.657333E1	8.756032E3	9.227907E1	9.081809E1
5.682600E1	1.136520E5	1.383653E1	-2.292290E1	2.677516E1	8.730944E3	9.974736E1	8.794201E1
5.682800E1	1.136560E5	2.005961E1	-1.756733E1	2.666456E1	9.000650E3	1.059704E2	8.258644E1
5.683000E1	1.136600E5	2.453706E1	-1.035564E1	2.663281E1	9.125843E3	1.104479E2	7.537475E1
5.683200E1	1.136640E5	2.662080E1	-2.191946E0	2.671089E1	9.039448E3	1.125316E2	6.721105E1
5.683400E1	1.136680E5	2.631535E1	6.209075E0	2.703794E1	8.880941E3	1.122262E2	5.881003E1
5.683600E1	1.136720E5	2.362379E1	1.409192E1	2.750755E1	8.756757E3	1.095346E2	5.092719E1
5.683800E1	1.136760E5	1.857283E1	2.084795E1	2.792109E1	8.662641E3	1.044837E2	4.417116E1
5.684000E1	1.136800E5	1.181542E1	2.588734E1	2.845626E1	8.436705E3	9.772625E1	3.913176E1
5.684200E1	1.136840E5	4.000324E0	2.864478E1	2.892276E1	8.094937E3	8.991115E1	3.637432E1
5.684400E1	1.136880E5	-3.989887E0	2.895031E1	2.922396E1	7.923741E3	8.192094E1	3.606880E1
5.684600E1	1.136920E5	-1.166271E1	2.651197E1	2.896383E1	8.106502E3	7.424812E1	3.850714E1
5.684800E1	1.136960E5	-1.850206E1	2.183775E1	2.862191E1	8.392562E3	6.740876E1	4.318136E1
5.685000E1	1.137000E5	-2.372432E1	1.522191E1	2.818776E1	8.622881E3	6.218651E1	4.979720E1
5.685200E1	1.137040E5	-2.670596E1	7.273613E0	2.767876E1	8.762696E3	5.920487E1	5.774550E1
5.685400E1	1.137080E5	-2.734281E1	-1.129703E0	2.736614E1	8.802478E3	5.856802E1	6.614881E1
5.685600E1	1.137120E5	-2.549834E1	-9.267748E0	2.713036E1	8.786370E3	6.041249E1	7.428686E1
5.685800E1	1.137160E5	-2.137956E1	-1.641186E1	2.695245E1	8.853529E3	6.453127E1	8.143097E1
5.686000E1	1.137200E5	-1.521282E1	-2.204281E1	2.678274E1	8.939907E3	7.069800E1	8.706192E1
5.686200E1	1.137240E5	-7.703584E0	-2.563026E1	2.676295E1	8.941328E3	7.820724E1	9.064937E1
5.686400E1	1.137280E5	5.360982E-1	-2.661701E1	2.662241E1	8.884306E3	8.644693E1	9.163612E1
5.686600E1	1.137320E5	8.581720E0	-2.519677E1	2.661810E1	8.800481E3	9.449255E1	9.021588E1
5.686800E1	1.137360E5	1.577187E1	-2.142706E1	2.660584E1	8.869429E3	1.016827E2	8.644617E1
5.687000E1	1.137400E5	2.147014E1	-1.543585E1	2.644300E1	9.054771E3	1.073810E2	8.045495E1
5.687200E1	1.137440E5	2.530486E1	-7.942259E0	2.652198E1	9.055287E3	1.112157E2	7.296137E1
5.687400E1	1.137480E5	2.678459E1	2.370645E-1	2.678564E1	8.984862E3	1.126954E2	6.478204E1
5.687600E1	1.137520E5	2.554890E1	8.555635E0	2.694337E1	8.978614E3	1.114597E2	5.646347E1
5.687800E1	1.137560E5	2.214634E1	1.634056E1	2.752225E1	8.815146E3	1.080572E2	4.867855E1
5.688000E1	1.137600E5	1.675425E1	2.287074E1	2.835094E1	8.516090E3	1.026651E2	4.214837E1
5.688200E1	1.137640E5	9.616574E0	2.713517E1	2.878881E1	8.291900E3	9.552740E1	3.788394E1
5.688400E1	1.137680E5	1.545556E0	2.893520E1	2.897644E1	8.073205E3	8.745638E1	3.608391E1
5.688600E1	1.137720E5	-6.444069E0	2.841248E1	2.913409E1	7.988342E3	7.946676E1	3.660663E1
5.688800E1	1.137760E5	-1.406553E1	2.548402E1	2.910798E1	8.115521E3	7.184530E1	3.953509E1
5.689000E1	1.137800E5	-2.031615E1	2.014608E1	2.861137E1	8.419506E3	6.559468E1	4.487303E1
5.689200E1	1.137840E5	-2.496569E1	1.295543E1	2.812701E1	8.631437E3	6.094514E1	5.206368E1
5.689400E1	1.137880E5	-2.722734E1	4.915374E0	2.766747E1	8.639335E3	5.868348E1	6.010373E1
5.689600E1	1.137920E5	-2.722823E1	-3.406522E0	2.744050E1	8.738723E3	5.868260E1	6.842563E1
5.689800E1	1.137960E5	-2.461385E1	-1.133228E1	2.709728E1	8.891681E3	6.129697E1	7.635139E1
5.690000E1	1.138000E5	-1.972296E1	-1.819851E1	2.683618E1	9.024599E3	6.618787E1	8.321762E1
5.690200E1	1.138040E5	-1.303170E1	-2.333647E1	2.672856E1	9.072836E3	7.287913E1	8.835558E1
5.690400E1	1.138080E5	-5.097874E0	-2.620012E1	2.669147E1	8.879814E3	8.081295E1	9.121923E1
5.690600E1	1.138120E5	2.948460E0	-2.654068E1	2.670395E1	8.837973E3	8.885929E1	9.155979E1
5.690800E1	1.138160E5	1.098043E1	-2.427244E1	2.664060E1	8.893132E3	9.689126E1	8.929155E1
5.691000E1	1.138200E5	1.787642E1	-1.991545E1	2.676176E1	8.774051E3	1.037873E2	8.493456E1
5.691200E1	1.138240E5	2.291700E1	-1.353290E1	2.661443E1	8.963854E3	1.088278E2	7.855201E1
5.691400E1	1.138280E5	2.614368E1	-5.668197E0	2.675108E1	9.194389E3	1.120545E2	7.068731E1
5.691600E1	1.138320E5	2.690354E1	2.929756E0	2.706259E1	8.987660E3	1.128144E2	6.208935E1
5.691800E1	1.138360E5	2.498481E1	1.097677E1	2.728975E1	8.747529E3	1.108956E2	5.404233E1
5.692000E1	1.138400E5	2.094023E1	1.833505E1	2.783285E1	8.639226E3	1.068511E2	4.668406E1
5.692200E1	1.138440E5	1.505127E1	2.434594E1	2.862282E1	8.389411E3	1.009621E2	4.067317E1
5.692400E1	1.138480E5	7.658450E0	2.811542E1	2.913981E1	8.254234E3	9.356928E1	3.690369E1
5.692600E1	1.138520E5	-6.571861E-1	2.914934E1	2.915675E1	8.133726E3	8.525364E1	3.586976E1
5.692800E1	1.138560E5	-8.640211E0	2.774461E1	2.905885E1	8.068172E3	7.727062E1	3.727450E1
5.693000E1	1.138600E5	-1.597254E1	2.407320E1	2.889015E1	8.250601E3	6.993829E1	4.094591E1
5.693200E1	1.138640E5	-2.177917E1	1.808142E1	2.830671E1	8.519677E3	6.413165E1	4.693769E1
5.693400E1	1.138680E5	-2.575347E1	1.059224E1	2.784666E1	8.596551E3	6.015736E1	5.442687E1
5.693600E1	1.138720E5	-2.742312E1	2.550623E0	2.754148E1	8.632459E3	5.848771E1	6.246848E1
5.693800E1	1.138760E5	-2.649933E1	-5.716178E0	2.710884E1	8.844632E3	5.941150E1	7.073529E1
5.694000E1	1.138800E5	-2.338685E1	-1.353766E1	2.702245E1	8.951152E3	6.252398E1	7.855677E1
5.694200E1	1.138840E5	-1.795900E1	-1.992966E1	2.682754E1	9.044117E3	6.795183E1	8.494877E1
5.694400E1	1.138880E5	-1.080205E1	-2.453932E1	2.681161E1	9.032636E3	7.510877E1	8.955843E1
5.694600E1	1.138920E5	-2.741108E0	-2.656107E1	2.670214E1	8.874833E3	8.316972E1	9.158018E1
5.694800E1	1.138960E5	5.426111E0	-2.610866E1	2.666655E1	8.781168E3	9.133694E1	9.112777E1
5.695000E1	1.139000E5	1.302724E1	-2.327839E1	2.667569E1	8.811707E3	9.893807E1	8.829750E1
5.695200E1	1.139040E5	1.954442E1	-1.823353E1	2.672912E1	8.888836E3	1.054553E2	8.325264E1
5.695400E1	1.139080E5	2.410972E1	-1.135137E1	2.664830E1	9.006733E3	1.100205E2	7.637048E1
5.695600E1	1.139120E5	2.661284E1	-3.260903E0	2.681187E1	9.071974E3	1.125237E2	6.828001E1
5.695800E1	1.139160E5	2.655184E1	5.197638E0	2.705579E1	8.853611E3	1.124627E2	5.982147E1
5.696000E1	1.139200E5	2.412708E1	1.306111E1	2.743554E1	8.678764E3	1.100379E2	5.195800E1
5.696200E1	1.139240E5	1.947415E1	2.001934E1	2.792878E1	8.602131E3	1.053850E2	4.499977E1
5.696400E1	1.139280E5	1.296624E1	2.526999E1	2.840239E1	8.365214E3	9.887707E1	3.974912E1
5.696600E1	1.139320E5	5.353101E0	2.820029E1	2.870387E1	8.176098E3	9.126393E1	3.681881E1
5.696800E1	1.139360E5	-2.787184E0	2.872705E1	2.886195E1	8.128327E3	8.312364E1	3.629205E1
5.697000E1	1.139400E5	-1.070864E1	2.682095E1	2.887972E1	8.160068E3	7.520219E1	3.819816E1
5.697200E1	1.139440E5	-1.766618E1	2.246429E1	2.857863E1	8.313416E3	6.824464E1	4.255482E1
5.697400E1	1.139480E5	-2.313877E1	1.619068E1	2.824076E1	8.573320E3	6.277206E1	4.882843E1
5.697600E1	1.139520E5	-2.661627E1	8.404740E0	2.791175E1	8.618516E3	5.929455E1	5.661437E1
5.697800E1	1.139560E5	-2.748742E1	2.433422E-1	2.748849E1	8.766572E3	5.842341E1	6.477577E1
5.698000E1	1.139600E5	-2.592375E1	-8.194378E0	2.718803E1	8.951510E3	5.998707E1	7.321349E1
5.698200E1	1.139640E5	-2.196209E1	-1.554934E1	2.690939E1	8.947098E3	6.394874E1	8.056845E1
5.698400E1	1.139680E5	-1.591838E1	-2.137941E1	2.665472E1	8.995706E3	6.999245E1	8.639852E1
5.698600E1	1.139720E5	-8.540838E0	-2.520623E1	2.661390E1	8.875237E3	7.736999E1	9.022533E1
5.698800E1	1.139760E5	-5.448389E-1	-2.669669E1	2.670225E1	8.730909E3	8.536599E1	9.171580E1
5.699000E1	1.139800E5	7.517275E0	-2.586573E1	2.693595E1	8.671644E3	9.342810E1	9.088484E1
5.699200E1	1.139840E5	1.484620E1	-2.241535E1	2.688601E1	8.733418E3	1.007570E2	8.743446E1
5.699400E1	1.139880E5	2.068574E1	-1.666808E1	2.656548E1	9.039795E3	1.065966E2	8.168719E1
5.699600E1	1.139920E5	2.475448E1	-9.168453E0	2.639781E1	9.157389E3	1.106653E2	7.418756E1
5.699800E1	1.139960E5	2.651040E1	-1.033018E0	2.653052E1	9.095598E3	1.124212E2	6.605213E1
5.700000E1	1.140000E5	2.578724E1	7.423115E0	2.683439E1	9.130221E3	1.116981E2	5.759599E1
5.700200E1	1.140040E5	2.261607E1	1.542150E1	2.737351E1	8.877600E3	1.085269E2	4.959761E1
5.700400E1	1.140080E5	1.749365E1	2.204728E1	2.814446E1	8.486628E3	1.034045E2	4.297182E1
5.700600E1	1.140120E5	1.062995E1	2.662515E1	2.866870E1	8.255472E3	9.654078E1	3.839396E1
5.700800E1	1.140160E5	2.744552E0	2.898724E1	2.911688E1	8.091332E3	8.865538E1	3.603187E1
5.701000E1	1.140200E5	-5.371933E0	2.870124E1	2.919964E1	8.011295E3	8.053890E1	3.631787E1
5.701200E1	1.140240E5	-1.309376E1	2.610613E1	2.920577E1	8.069980E3	7.281707E1	3.891297E1
5.701400E1	1.140280E5	-1.948162E1	2.097855E1	2.862923E1	8.346359E3	6.642921E1	4.404056E1
5.701600E1	1.140320E5	-2.443463E1	1.409489E1	2.820846E1	8.582351E3	6.147620E1	5.092421E1
5.701800E1	1.140360E5	-2.713980E1	6.160749E0	2.783026E1	8.657618E3	5.877103E1	5.885836E1
5.702000E1	1.140400E5	-2.751107E1	-2.238796E0	2.760201E1	8.716149E3	5.839976E1	6.725790E1
5.702200E1	1.140440E5	-2.517096E1	-1.020816E1	2.716217E1	8.782087E3	6.073987E1	7.522726E1
5.702400E1	1.140480E5	-2.074513E1	-1.727236E1	2.699434E1	8.967018E3	6.516570E1	8.229147E1
5.702600E1	1.140520E5	-1.422677E1	-2.271748E1	2.680457E1	8.981332E3	7.168405E1	8.773659E1
5.702800E1	1.140560E5	-6.641529E0	-2.606724E1	2.690002E1	8.867172E3	7.926930E1	9.108635E1
5.703000E1	1.140600E5	1.604118E0	-2.690587E1	2.695365E1	8.770825E3	8.751495E1	9.192498E1
5.703200E1	1.140640E5	9.576300E0	-2.522392E1	2.698058E1	8.743443E3	9.548713E1	9.024303E1
5.703400E1	1.140680E5	1.662897E1	-2.099130E1	2.677979E1	8.813040E3	1.025398E2	8.601041E1
5.703600E1	1.140720E5	2.211457E1	-1.489317E1	2.666197E1	8.970952E3	1.080254E2	7.991228E1
5.703800E1	1.140760E5	2.571794E1	-7.243762E0	2.671862E1	9.129368E3	1.116288E2	7.226287E1
5.704000E1	1.140800E5	2.674324E1	1.195215E0	2.676993E1	9.053475E3	1.126541E2	6.382389E1
5.704200E1	1.140840E5	2.528576E1	9.445610E0	2.699239E1	8.963481E3	1.111966E2	5.557350E1
5.704400E1	1.140880E5	2.171397E1	1.721824E1	2.771217E1	8.797055E3	1.076248E2	4.780087E1
5.704600E1	1.140920E5	1.588257E1	2.325822E1	2.816383E1	8.508049E3	1.017934E2	4.176088E1
5.704800E1	1.140960E5	8.596355E0	2.717333E1	2.850065E1	8.321229E3	9.450718E1	3.784578E1
5.705000E1	1.141000E5	5.243603E-1	2.878896E1	2.879374E1	8.144323E3	8.643519E1	3.623014E1
5.705200E1	1.141040E5	-7.512015E0	2.799147E1	2.898194E1	8.028054E3	7.839881E1	3.702764E1
5.705400E1	1.141080E5	-1.489875E1	2.472842E1	2.886983E1	8.123571E3	7.101208E1	4.029069E1
5.705600E1	1.141120E5	-2.101630E1	1.924665E1	2.849769E1	8.413090E3	6.489452E1	4.577246E1
5.705800E1	1.141160E5	-2.525041E1	1.192443E1	2.792446E1	8.636312E3	6.066042E1	5.309467E1
5.706000E1	1.141200E5	-2.740476E1	3.821291E0	2.766989E1	8.688249E3	5.850607E1	6.119782E1
5.706200E1	1.141240E5	-2.704096E1	-4.512541E0	2.741489E1	8.759694E3	5.886987E1	6.953165E1
5.706400E1	1.141280E5	-2.397469E1	-1.226884E1	2.693158E1	8.927919E3	6.193614E1	7.728794E1
5.706600E1	1.141320E5	-1.881580E1	-1.893822E1	2.669626E1	9.074581E3	6.709503E1	8.395732E1
5.706800E1	1.141360E5	-1.198381E1	-2.393010E1	2.676306E1	9.034926E3	7.392702E1	8.894921E1
5.707000E1	1.141400E5	-4.048742E0	-2.653759E1	2.684466E1	8.897006E3	8.186209E1	9.155670E1
5.707200E1	1.141440E5	4.187570E0	-2.647802E1	2.680712E1	8.725446E3	9.009840E1	9.149713E1
5.707400E1	1.141480E5	1.186135E1	-2.407651E1	2.683971E1	8.670078E3	9.777218E1	8.909562E1
5.707600E1	1.141520E5	1.842132E1	-1.929881E1	2.667938E1	8.823459E3	1.043321E2	8.431792E1
5.707800E1	1.141560E5	2.339251E1	-1.268994E1	2.661286E1	9.040264E3	1.093033E2	7.770905E1
5.708000E1	1.141600E5	2.628675E1	-4.716276E0	2.670648E1	9.067671E3	1.121976E2	6.973538E1
5.708200E1	1.141640E5	2.669694E1	3.653128E0	2.694573E1	8.997802E3	1.126078E2	6.136598E1
5.708400E1	1.141680E5	2.459577E1	1.190045E1	2.732348E1	8.864639E3	1.105066E2	5.311865E1
5.708600E1	1.141720E5	2.025697E1	1.905609E1	2.781150E1	8.595843E3	1.061678E2	4.596302E1
5.708800E1	1.141760E5	1.409829E1	2.461998E1	2.837085E1	8.358011E3	1.000091E2	4.039913E1
5.709000E1	1.141800E5	6.657256E0	2.812356E1	2.890075E1	8.227033E3	9.256808E1	3.689555E1
5.709200E1	1.141840E5	-1.575574E0	2.898792E1	2.903071E1	8.092330E3	8.433525E1	3.603119E1
5.709400E1	1.141880E5	-9.466920E0	2.741354E1	2.900215E1	8.062055E3	7.644391E1	3.760557E1
5.709600E1	1.141920E5	-1.670084E1	2.353571E1	2.885910E1	8.244316E3	6.920999E1	4.148339E1
5.709800E1	1.141960E5	-2.238173E1	1.746831E1	2.839161E1	8.425012E3	6.352910E1	4.755080E1
5.710000E1	1.142000E5	-2.619835E1	1.002546E1	2.805109E1	8.635629E3	5.971247E1	5.499365E1
5.710200E1	1.142040E5	-2.764033E1	1.655941E0	2.768989E1	8.699261E3	5.827050E1	6.336317E1
5.710400E1	1.142080E5	-2.645207E1	-6.524882E0	2.724492E1	8.782310E3	5.945876E1	7.154399E1
5.710600E1	1.142120E5	-2.288491E1	-1.413441E1	2.689797E1	9.006932E3	6.302592E1	7.915352E1
5.710800E1	1.142160E5	-1.721129E1	-2.042759E1	2.671170E1	8.994718E3	6.869954E1	8.544670E1
5.711000E1	1.142200E5	-1.012765E1	-2.466875E1	2.666676E1	8.825051E3	7.578318E1	8.968785E1
5.711200E1	1.142240E5	-2.228619E0	-2.645333E1	2.654704E1	8.787425E3	8.368221E1	9.147243E1
5.711400E1	1.142280E5	5.892775E0	-2.587589E1	2.653840E1	8.771145E3	9.180360E1	9.089500E1
5.711600E1	1.142320E5	1.337989E1	-2.292546E1	2.654427E1	8.822702E3	9.929072E1	8.794457E1
5.711800E1	1.142360E5	1.979300E1	-1.774671E1	2.658399E1	8.923457E3	1.057038E2	8.276582E1
5.712000E1	1.142400E5	2.420905E1	-1.079742E1	2.650778E1	9.002283E3	1.101199E2	7.581653E1
5.712200E1	1.142440E5	2.652834E1	-2.727755E0	2.666821E1	9.065154E3	1.124392E2	6.774686E1
5.712400E1	1.142480E5	2.622663E1	5.681607E0	2.683500E1	9.058343E3	1.121375E2	5.933750E1
5.712600E1	1.142520E5	2.363963E1	1.384856E1	2.739735E1	8.957318E3	1.095505E2	5.117055E1
5.712800E1	1.142560E5	1.863060E1	2.072966E1	2.787145E1	8.739548E3	1.045414E2	4.428945E1
5.713000E1	1.142600E5	1.187676E1	2.584665E1	2.844480E1	8.451059E3	9.778759E1	3.917246E1
5.713200E1	1.142640E5	4.102646E0	2.867206E1	2.896409E1	8.082595E3	9.001347E1	3.634705E1
5.713400E1	1.142680E5	-3.894053E0	2.898702E1	2.924741E1	7.926340E3	8.201677E1	3.603209E1
5.713600E1	1.142720E5	-1.161617E1	2.663617E1	2.905892E1	8.113741E3	7.429466E1	3.838294E1
5.713800E1	1.142760E5	-1.850826E1	2.197449E1	2.873037E1	8.356741E3	6.740256E1	4.304462E1
5.714000E1	1.142800E5	-2.374067E1	1.542372E1	2.831096E1	8.463660E3	6.217016E1	4.959539E1
5.714200E1	1.142840E5	-2.679489E1	7.703160E0	2.788018E1	8.567006E3	5.911594E1	5.731595E1
5.714400E1	1.142880E5	-2.746512E1	-6.027661E-1	2.747173E1	8.739815E3	5.844571E1	6.562187E1
5.714600E1	1.142920E5	-2.554166E1	-8.754852E0	2.700044E1	8.931454E3	6.036916E1	7.377396E1
5.714800E1	1.142960E5	-2.146640E1	-1.616615E1	2.687286E1	9.035808E3	6.444443E1	8.118526E1
5.715000E1	1.143000E5	-1.534361E1	-2.196454E1	2.679305E1	8.978326E3	7.056721E1	8.698365E1
5.715200E1	1.143040E5	-7.873772E0	-2.558832E1	2.677234E1	8.963009E3	7.803706E1	9.060743E1
5.715400E1	1.143080E5	4.261598E-1	-2.667396E1	2.667736E1	8.929487E3	8.633699E1	9.169307E1
5.715600E1	1.143120E5	8.511039E0	-2.526916E1	2.666399E1	8.794454E3	9.442187E1	9.028827E1
5.715800E1	1.143160E5	1.572480E1	-2.156952E1	2.669295E1	8.824689E3	1.016356E2	8.658863E1
5.716000E1	1.143200E5	2.143780E1	-1.562523E1	2.652786E1	9.009301E3	1.073486E2	8.064434E1
5.716200E1	1.143240E5	2.530295E1	-8.157838E0	2.658551E1	9.037789E3	1.112138E2	7.317695E1
5.716400E1	1.143280E5	2.684064E1	3.008658E-2	2.684066E1	8.992713E3	1.127515E2	6.498902E1
5.716600E1	1.143320E5	2.563642E1	8.379863E0	2.697125E1	8.949327E3	1.115473E2	5.663925E1
5.716800E1	1.143360E5	2.239623E1	1.618926E1	2.763482E1	8.693778E3	1.083071E2	4.882985E1
5.717000E1	1.143400E5	1.696849E1	2.241709E1	2.811504E1	8.388385E3	1.028793E2	4.260202E1
5.717200E1	1.143440E5	1.014082E1	2.700078E1	2.884230E1	8.197683E3	9.605165E1	3.801833E1
5.717400E1	1.143480E5	2.197374E0	2.900094E1	2.908406E1	8.008961E3	8.810820E1	3.601817E1
5.717600E1	1.143520E5	-5.784540E0	2.855713E1	2.913710E1	8.005743E3	8.012629E1	3.646198E1
5.717800E1	1.143560E5	-1.345555E1	2.563992E1	2.895613E1	8.200161E3	7.245528E1	3.937919E1
5.718000E1	1.143600E5	-1.998771E1	2.051684E1	2.864349E1	8.374475E3	6.592312E1	4.450226E1
5.718200E1	1.143640E5	-2.462254E1	1.354313E1	2.810135E1	8.537919E3	6.128829E1	5.147598E1
5.718400E1	1.143680E5	-2.716299E1	5.574163E0	2.772903E1	8.644299E3	5.874784E1	5.944495E1
5.718600E1	1.143720E5	-2.718603E1	-2.744725E0	2.732423E1	8.877878E3	5.872480E1	6.776383E1
5.718800E1	1.143760E5	-2.481089E1	-1.100231E1	2.714095E1	9.046274E3	6.109994E1	7.602142E1
5.719000E1	1.143800E5	-2.000856E1	-1.798432E1	2.690313E1	9.056851E3	6.590226E1	8.300343E1
5.719200E1	1.143840E5	-1.337707E1	-2.330309E1	2.686969E1	8.947721E3	7.253376E1	8.832220E1
5.719400E1	1.143880E5	-5.692946E0	-2.620044E1	2.681180E1	8.763439E3	8.021788E1	9.121955E1
5.719600E1	1.143920E5	2.430073E0	-2.672317E1	2.683343E1	8.693892E3	8.834090E1	9.174227E1
5.719800E1	1.143960E5	1.031435E1	-2.488059E1	2.693379E1	8.762465E3	9.622517E1	8.989969E1
5.720000E1	1.144000E5	1.733415E1	-2.047900E1	2.683025E1	8.904840E3	1.032450E2	8.549811E1
5.720200E1	1.144040E5	2.265055E1	-1.407899E1	2.666956E1	9.004332E3	1.085614E2	7.909809E1
5.720400E1	1.144080E5	2.579521E1	-6.305800E0	2.655477E1	9.087536E3	1.117060E2	7.132491E1
5.720600E1	1.144120E5	2.665338E1	2.091183E0	2.673529E1	8.999863E3	1.125642E2	6.292792E1
5.720800E1	1.144160E5	2.508504E1	1.026897E1	2.710555E1	8.795417E3	1.109959E2	5.475014E1
5.721000E1	1.144200E5	2.126408E1	1.763361E1	2.762436E1	8.706760E3	1.071749E2	4.738550E1
5.721200E1	1.144240E5	1.537883E1	2.376258E1	2.830493E1	8.480345E3	1.012897E2	4.125653E1
5.721400E1	1.144280E5	8.148842E0	2.766813E1	2.884318E1	8.209851E3	9.405967E1	3.735098E1
5.721600E1	1.144320E5	3.615863E-2	2.917333E1	2.917336E1	8.046638E3	8.594699E1	3.584577E1
5.721800E1	1.144360E5	-7.897309E0	2.795365E1	2.904779E1	8.035216E3	7.801352E1	3.706546E1
5.722000E1	1.144400E5	-1.523491E1	2.431495E1	2.869354E1	8.265167E3	7.067592E1	4.070416E1
5.722200E1	1.144440E5	-2.145340E1	1.875696E1	2.849688E1	8.473950E3	6.445743E1	4.626215E1
5.722400E1	1.144480E5	-2.564922E1	1.143820E1	2.808407E1	8.523690E3	6.026161E1	5.358091E1
5.722600E1	1.144520E5	-2.745968E1	3.405109E0	2.767000E1	8.588834E3	5.845115E1	6.161400E1
5.722800E1	1.144560E5	-2.671063E1	-4.864252E0	2.714993E1	8.900521E3	5.920020E1	6.988336E1
5.723000E1	1.144600E5	-2.361332E1	-1.283874E1	2.687791E1	9.050565E3	6.229751E1	7.785785E1
5.723200E1	1.144640E5	-1.847767E1	-1.948723E1	2.685473E1	8.948055E3	6.743316E1	8.450634E1
5.723400E1	1.144680E5	-1.157915E1	-2.408711E1	2.672575E1	8.908140E3	7.433168E1	8.910622E1
5.723600E1	1.144720E5	-3.651194E0	-2.650233E1	2.675266E1	8.854048E3	8.225963E1	9.152144E1
5.723800E1	1.144760E5	4.518415E0	-2.631854E1	2.670358E1	8.787796E3	9.042924E1	9.133764E1
5.724000E1	1.144800E5	1.221385E1	-2.365682E1	2.662374E1	8.833206E3	9.812468E1	8.867593E1
5.724200E1	1.144840E5	1.880529E1	-1.875645E1	2.656018E1	8.829623E3	1.047161E2	8.377556E1
5.724400E1	1.144880E5	2.353118E1	-1.218413E1	2.649848E1	8.909117E3	1.094420E2	7.720324E1
5.724600E1	1.144920E5	2.622094E1	-4.288689E0	2.656935E1	9.091317E3	1.121318E2	6.930780E1
5.724800E1	1.144960E5	2.660089E1	4.208767E0	2.693179E1	8.967425E3	1.125117E2	6.081034E1
5.725000E1	1.145000E5	2.437865E1	1.219763E1	2.725987E1	8.738567E3	1.102895E2	5.282148E1
5.725200E1	1.145040E5	1.992640E1	1.920578E1	2.767532E1	8.572984E3	1.058372E2	4.581333E1
5.725400E1	1.145080E5	1.373397E1	2.464734E1	2.821548E1	8.478858E3	9.964480E1	4.037177E1
5.725600E1	1.145120E5	6.055222E0	2.815027E1	2.879416E1	8.262928E3	9.196605E1	3.686884E1
5.725800E1	1.145160E5	-1.983802E0	2.891859E1	2.898656E1	8.019814E3	8.392703E1	3.610052E1
5.726000E1	1.145200E5	-9.878621E0	2.723041E1	2.896692E1	8.114006E3	7.603221E1	3.778870E1
5.726200E1	1.145240E5	-1.693666E1	2.298884E1	2.855411E1	8.312941E3	6.897417E1	4.203027E1
5.726400E1	1.145280E5	-2.253133E1	1.686082E1	2.814158E1	8.482152E3	6.337950E1	4.815829E1
5.726600E1	1.145320E5	-2.627358E1	9.402676E0	2.790540E1	8.536581E3	5.963725E1	5.561643E1
5.726800E1	1.145360E5	-2.751273E1	1.279280E0	2.754245E1	8.704229E3	5.839810E1	6.373983E1
5.727000E1	1.145400E5	-2.628797E1	-7.105770E0	2.723140E1	8.843413E3	5.962286E1	7.212488E1
5.727200E1	1.145440E5	-2.275845E1	-1.461708E1	2.704822E1	8.867754E3	6.315238E1	7.963619E1
5.727400E1	1.145480E5	-1.697062E1	-2.065807E1	2.673496E1	8.998439E3	6.894021E1	8.567718E1
5.727600E1	1.145520E5	-9.623573E0	-2.468981E1	2.649906E1	8.984255E3	7.628726E1	8.970892E1
5.727800E1	1.145560E5	-1.598461E0	-2.639083E1	2.643920E1	8.867011E3	8.431237E1	9.140994E1
5.728000E1	1.145600E5	6.504608E0	-2.575652E1	2.656517E1	8.733606E3	9.241544E1	9.077563E1
5.728200E1	1.145640E5	1.391721E1	-2.273903E1	2.665994E1	8.751499E3	9.982804E1	8.775814E1
5.728400E1	1.145680E5	2.033712E1	-1.756739E1	2.687400E1	8.952169E3	1.062480E2	8.258650E1
5.728600E1	1.145720E5	2.463735E1	-1.031765E1	2.671054E1	9.028536E3	1.105482E2	7.533676E1
5.728800E1	1.145760E5	2.667851E1	-2.196471E0	2.676878E1	8.993000E3	1.125893E2	6.721558E1
5.729000E1	1.145800E5	2.631738E1	6.196432E0	2.703702E1	8.858042E3	1.122282E2	5.882268E1
5.729200E1	1.145840E5	2.364732E1	1.405502E1	2.750889E1	8.729021E3	1.095581E2	5.096409E1
5.729400E1	1.145880E5	1.862440E1	2.080472E1	2.792319E1	8.649576E3	1.045352E2	4.421439E1
5.729600E1	1.145920E5	1.188597E1	2.587033E1	2.847016E1	8.431125E3	9.779680E1	3.914878E1
5.729800E1	1.145960E5	4.081613E0	2.864155E1	2.893092E1	8.078033E3	8.999244E1	3.637756E1
5.730000E1	1.146000E5	-3.880546E0	2.894461E1	2.920358E1	7.923448E3	8.203028E1	3.607450E1
5.730200E1	1.146040E5	-1.160371E1	2.658088E1	2.900327E1	8.104314E3	7.430711E1	3.843822E1
5.730400E1	1.146080E5	-1.847066E1	2.197098E1	2.870347E1	8.347558E3	6.744016E1	4.304813E1
5.730600E1	1.146120E5	-2.368076E1	1.539398E1	2.824452E1	8.469764E3	6.223007E1	4.962513E1
5.730800E1	1.146160E5	-2.675243E1	7.705354E0	2.783999E1	8.532025E3	5.915839E1	5.731375E1
5.731000E1	1.146200E5	-2.741564E1	-5.272197E-1	2.742071E1	8.682692E3	5.849518E1	6.554633E1
5.731200E1	1.146240E5	-2.567024E1	-8.670461E0	2.709498E1	8.827513E3	6.024059E1	7.368957E1
5.731400E1	1.146280E5	-2.150224E1	-1.585962E1	2.671842E1	9.015848E3	6.440859E1	8.087873E1
5.731600E1	1.146320E5	-1.542305E1	-2.180411E1	2.670748E1	9.034675E3	7.048778E1	8.682322E1
5.731800E1	1.146360E5	-8.030471E0	-2.554781E1	2.678020E1	8.943838E3	7.788036E1	9.056692E1
5.732000E1	1.146400E5	2.336322E-1	-2.667455E1	2.667557E1	8.911074E3	8.614446E1	9.169366E1
5.732200E1	1.146440E5	8.320444E0	-2.531460E1	2.664693E1	8.796877E3	9.423127E1	9.033371E1
5.732400E1	1.146480E5	1.556897E1	-2.167504E1	2.668708E1	8.812778E3	1.014798E2	8.669415E1
5.732600E1	1.146520E5	2.130372E1	-1.579510E1	2.652044E1	8.871422E3	1.072146E2	8.081421E1
5.732800E1	1.146560E5	2.524183E1	-8.605305E0	2.666835E1	9.035231E3	1.111527E2	7.362441E1
5.733000E1	1.146600E5	2.685262E1	-1.936656E-1	2.685332E1	9.076848E3	1.127634E2	6.521277E1
5.733200E1	1.146640E5	2.586846E1	8.147562E0	2.712121E1	8.867101E3	1.117793E2	5.687155E1
5.733400E1	1.146680E5	2.248284E1	1.577494E1	2.746501E1	8.690866E3	1.083937E2	4.924416E1
5.733600E1	1.146720E5	1.721737E1	2.223323E1	2.812035E1	8.427395E3	1.031282E2	4.278588E1
5.733800E1	1.146760E5	1.035118E1	2.663833E1	2.857880E1	8.228879E3	9.626201E1	3.838077E1
5.734000E1	1.146800E5	2.448860E0	2.892884E1	2.903231E1	8.080313E3	8.835969E1	3.609026E1
5.734200E1	1.146840E5	-5.590537E0	2.853206E1	2.907460E1	8.019731E3	8.032029E1	3.648705E1
5.734400E1	1.146880E5	-1.327394E1	2.578367E1	2.899992E1	8.148735E3	7.263688E1	3.923543E1
5.734600E1	1.146920E5	-1.980660E1	2.074022E1	2.867853E1	8.339094E3	6.610423E1	4.427889E1
5.734800E1	1.146960E5	-2.452672E1	1.382197E1	2.815327E1	8.507485E3	6.138411E1	5.119714E1
5.735000E1	1.147000E5	-2.709815E1	5.902953E0	2.773363E1	8.614804E3	5.881268E1	5.911615E1
5.735200E1	1.147040E5	-2.738442E1	-2.422750E0	2.749139E1	8.742026E3	5.852641E1	6.744186E1
5.735400E1	1.147080E5	-2.503111E1	-1.045996E1	2.712871E1	8.863540E3	6.087972E1	7.547907E1
5.735600E1	1.147120E5	-2.032612E1	-1.736632E1	2.673463E1	8.954869E3	6.558470E1	8.238543E1
5.735800E1	1.147160E5	-1.394004E1	-2.274672E1	2.667842E1	9.043730E3	7.197079E1	8.776583E1
5.736000E1	1.147200E5	-6.177918E0	-2.610386E1	2.682495E1	8.796500E3	7.973291E1	9.112297E1
5.736200E1	1.147240E5	1.727622E0	-2.682848E1	2.688404E1	8.569959E3	8.763845E1	9.184758E1
5.736400E1	1.147280E5	9.629209E0	-2.513107E1	2.691268E1	8.720824E3	9.554004E1	9.015018E1
5.736600E1	1.147320E5	1.665459E1	-2.088693E1	2.671403E1	8.837472E3	1.025654E2	8.590604E1
5.736800E1	1.147360E5	2.212575E1	-1.474784E1	2.659036E1	8.971340E3	1.080366E2	7.976695E1
5.737000E1	1.147400E5	2.567210E1	-7.142122E0	2.664707E1	9.080571E3	1.115829E2	7.216123E1
5.737200E1	1.147440E5	2.670364E1	1.229878E0	2.673195E1	9.057206E3	1.126145E2	6.378923E1
5.737400E1	1.147480E5	2.517653E1	9.504358E0	2.691079E1	8.961121E3	1.110874E2	5.551475E1
5.737600E1	1.147520E5	2.162450E1	1.718949E1	2.762422E1	8.758575E3	1.075353E2	4.782962E1
5.737800E1	1.147560E5	1.584632E1	2.324401E1	2.813165E1	8.502592E3	1.017572E2	4.177510E1
5.738000E1	1.147600E5	8.572144E0	2.717387E1	2.849387E1	8.325004E3	9.448297E1	3.784524E1
5.738200E1	1.147640E5	4.941865E-1	2.878034E1	2.878459E1	8.130030E3	8.640501E1	3.623876E1
5.738400E1	1.147680E5	-7.506902E0	2.799277E1	2.898187E1	8.017433E3	7.840393E1	3.702634E1
5.738600E1	1.147720E5	-1.492395E1	2.475338E1	2.890422E1	8.097269E3	7.098688E1	4.026573E1
5.738800E1	1.147760E5	-2.099114E1	1.930165E1	2.851634E1	8.362538E3	6.491969E1	4.571746E1
5.739000E1	1.147800E5	-2.523841E1	1.201856E1	2.795394E1	8.613423E3	6.067242E1	5.300055E1
5.739200E1	1.147840E5	-2.741990E1	3.924540E0	2.769934E1	8.711630E3	5.849092E1	6.109457E1
5.739400E1	1.147880E5	-2.698530E1	-4.459006E0	2.735122E1	8.762384E3	5.892552E1	6.947811E1
5.739600E1	1.147920E5	-2.402215E1	-1.218938E1	2.693779E1	8.895998E3	6.188868E1	7.720849E1
5.739800E1	1.147960E5	-1.888477E1	-1.886281E1	2.669158E1	9.034208E3	6.702605E1	8.388192E1
5.740000E1	1.148000E5	-1.214326E1	-2.387480E1	2.678553E1	8.881697E3	7.376757E1	8.889391E1
5.740200E1	1.148040E5	-4.449896E0	-2.657289E1	2.694290E1	8.710570E3	8.146093E1	9.159200E1
5.740400E1	1.148080E5	3.678969E0	-2.656953E1	2.682303E1	8.684966E3	8.958980E1	9.158864E1
5.740600E1	1.148120E5	1.136053E1	-2.410595E1	2.664880E1	8.791397E3	9.727136E1	8.912506E1
5.740800E1	1.148160E5	1.819443E1	-1.947774E1	2.665370E1	8.944954E3	1.041053E2	8.449685E1
5.741000E1	1.148200E5	2.330009E1	-1.290847E1	2.663687E1	8.929513E3	1.092109E2	7.792757E1
5.741200E1	1.148240E5	2.627264E1	-5.217842E0	2.678577E1	8.977569E3	1.121835E2	7.023695E1
5.741400E1	1.148280E5	2.689125E1	3.265349E0	2.708877E1	8.972461E3	1.128021E2	6.175376E1
5.741600E1	1.148320E5	2.472411E1	1.134927E1	2.720455E1	8.905295E3	1.106349E2	5.366983E1
5.741800E1	1.148360E5	2.047197E1	1.878844E1	2.778681E1	8.713504E3	1.063828E2	4.623067E1
5.742000E1	1.148400E5	1.442341E1	2.449672E1	2.842752E1	8.349674E3	1.003342E2	4.052239E1
5.742200E1	1.148440E5	7.048660E0	2.815190E1	2.902091E1	8.088571E3	9.295949E1	3.686720E1
5.742400E1	1.148480E5	-9.485477E-1	2.912812E1	2.914356E1	7.912752E3	8.496228E1	3.589098E1
5.742600E1	1.148520E5	-8.771887E0	2.766204E1	2.901955E1	8.009917E3	7.713894E1	3.735707E1
5.742800E1	1.148560E5	-1.608094E1	2.392661E1	2.882845E1	8.243983E3	6.982989E1	4.109250E1
5.743000E1	1.148600E5	-2.178643E1	1.791454E1	2.820602E1	8.489599E3	6.412439E1	4.710457E1
5.743200E1	1.148640E5	-2.573709E1	1.047000E1	2.778522E1	8.582642E3	6.017374E1	5.454911E1
5.743400E1	1.148680E5	-2.734770E1	2.440332E0	2.745636E1	8.615159E3	5.856313E1	6.257878E1
5.743600E1	1.148720E5	-2.644814E1	-5.778167E0	2.707197E1	8.826924E3	5.946268E1	7.079728E1
5.743800E1	1.148760E5	-2.332203E1	-1.357838E1	2.698684E1	8.944251E3	6.258879E1	7.859749E1
5.744000E1	1.148800E5	-1.786507E1	-1.991155E1	2.675127E1	9.020872E3	6.804576E1	8.493066E1
5.744200E1	1.148840E5	-1.075396E1	-2.448888E1	2.674608E1	8.986438E3	7.515687E1	8.950799E1
5.744400E1	1.148880E5	-2.766648E0	-2.653053E1	2.667439E1	8.847147E3	8.314418E1	9.154964E1
5.744600E1	1.148920E5	5.395236E0	-2.609717E1	2.664903E1	8.785865E3	9.130606E1	9.111628E1
5.744800E1	1.148960E5	1.300877E1	-2.328592E1	2.667325E1	8.809717E3	9.891960E1	8.830503E1
5.745000E1	1.149000E5	1.952633E1	-1.825999E1	2.673397E1	8.866404E3	1.054372E2	8.327910E1
5.745200E1	1.149040E5	2.409878E1	-1.141425E1	2.666526E1	8.967505E3	1.100096E2	7.643336E1
5.745400E1	1.149080E5	2.659122E1	-3.364223E0	2.680319E1	9.042764E3	1.125021E2	6.838333E1
5.745600E1	1.149120E5	2.657010E1	5.081375E0	2.705163E1	8.855082E3	1.124809E2	5.993773E1
5.745800E1	1.149160E5	2.416996E1	1.296514E1	2.742776E1	8.667537E3	1.100808E2	5.205397E1
5.746000E1	1.149200E5	1.960216E1	1.994514E1	2.796521E1	8.570564E3	1.055130E2	4.507397E1
5.746200E1	1.149240E5	1.313235E1	2.521845E1	2.843288E1	8.334633E3	9.904317E1	3.980066E1
5.746400E1	1.149280E5	5.572191E0	2.823324E1	2.877786E1	8.163564E3	9.148302E1	3.678587E1
5.746600E1	1.149320E5	-2.592490E0	2.878555E1	2.890206E1	8.114894E3	8.331834E1	3.623356E1
5.746800E1	1.149360E5	-1.049298E1	2.692004E1	2.889276E1	8.127956E3	7.541784E1	3.809906E1
5.747000E1	1.149400E5	-1.751141E1	2.269138E1	2.866267E1	8.244937E3	6.839941E1	4.232773E1
5.747200E1	1.149440E5	-2.295919E1	1.651320E1	2.828091E1	8.383286E3	6.295164E1	4.850591E1
5.747400E1	1.149480E5	-2.636281E1	8.979117E0	2.784999E1	8.568873E3	5.954802E1	5.603999E1
5.747600E1	1.149520E5	-2.751085E1	6.962555E-1	2.751966E1	8.672946E3	5.839998E1	6.432285E1
5.747800E1	1.149560E5	-2.615626E1	-7.442442E0	2.719449E1	8.746162E3	5.975456E1	7.246155E1
5.748000E1	1.149600E5	-2.242936E1	-1.486532E1	2.690825E1	8.970035E3	6.348147E1	7.988443E1
5.748200E1	1.149640E5	-1.663294E1	-2.110877E1	2.687443E1	9.032620E3	6.927789E1	8.612788E1
5.748400E1	1.149680E5	-9.324165E0	-2.515976E1	2.683195E1	8.811976E3	7.658666E1	9.017887E1
5.748600E1	1.149720E5	-1.398738E0	-2.678875E1	2.682524E1	8.697353E3	8.451209E1	9.180786E1
5.748800E1	1.149760E5	6.726961E0	-2.609617E1	2.694925E1	8.753349E3	9.263779E1	9.111527E1
5.749000E1	1.149800E5	1.419256E1	-2.269125E1	2.676418E1	8.888035E3	1.001034E2	8.771036E1
5.749200E1	1.149840E5	2.039583E1	-1.710993E1	2.662216E1	8.962698E3	1.063067E2	8.212904E1
5.749400E1	1.149880E5	2.462791E1	-1.001273E1	2.658550E1	8.938751E3	1.105387E2	7.503184E1
5.749600E1	1.149920E5	2.660289E1	-1.971368E0	2.667583E1	8.973614E3	1.125137E2	6.699048E1
5.749800E1	1.149960E5	2.611034E1	6.398694E0	2.688295E1	9.019660E3	1.120212E2	5.862041E1
5.750000E1	1.150000E5	2.339791E1	1.453026E1	2.754252E1	8.882632E3	1.093087E2	5.048884E1
5.750200E1	1.150040E5	1.836249E1	2.134856E1	2.815923E1	8.568326E3	1.042733E2	4.367055E1
5.750400E1	1.150080E5	1.168873E1	2.639437E1	2.886675E1	8.288509E3	9.759956E1	3.862474E1
5.750600E1	1.150120E5	3.845218E0	2.902842E1	2.928199E1	8.108600E3	8.975605E1	3.599069E1
5.750800E1	1.150160E5	-4.356940E0	2.898589E1	2.931151E1	8.024195E3	8.155389E1	3.603322E1
5.751000E1	1.150200E5	-1.209407E1	2.647543E1	2.910696E1	8.056806E3	7.381676E1	3.854368E1
5.751200E1	1.150240E5	-1.888724E1	2.190000E1	2.891951E1	8.233259E3	6.702359E1	4.311911E1
5.751400E1	1.150280E5	-2.386619E1	1.521374E1	2.830287E1	8.485896E3	6.204464E1	4.980537E1
5.751600E1	1.150320E5	-2.681113E1	7.325101E0	2.779378E1	8.530419E3	5.909969E1	5.769401E1
5.751800E1	1.150360E5	-2.731962E1	-7.658739E-1	2.733035E1	8.719539E3	5.859121E1	6.578498E1
5.752000E1	1.150400E5	-2.551698E1	-9.084800E0	2.708597E1	8.913454E3	6.039385E1	7.410391E1
5.752200E1	1.150440E5	-2.144898E1	-1.631587E1	2.694933E1	8.870005E3	6.446184E1	8.133498E1
5.752400E1	1.150480E5	-1.534787E1	-2.198205E1	2.680984E1	8.899816E3	7.056296E1	8.700116E1
5.752600E1	1.150520E5	-7.902984E0	-2.562361E1	2.681467E1	8.902883E3	7.800784E1	9.064271E1
5.752800E1	1.150560E5	3.204227E-1	-2.665258E1	2.665451E1	8.860850E3	8.623125E1	9.167169E1
5.753000E1	1.150600E5	8.357078E0	-2.526609E1	2.661233E1	8.787709E3	9.426791E1	9.028520E1
5.753200E1	1.150640E5	1.561530E1	-2.161961E1	2.666918E1	8.822624E3	1.015261E2	8.663872E1
5.753400E1	1.150680E5	2.132175E1	-1.572390E1	2.649261E1	8.860986E3	1.072326E2	8.074301E1
5.753600E1	1.150720E5	2.523860E1	-8.550865E0	2.664778E1	8.998203E3	1.111494E2	7.356997E1
5.753800E1	1.150760E5	2.681708E1	-1.939670E-1	2.681779E1	9.069288E3	1.127279E2	6.521308E1
5.754000E1	1.150800E5	2.582583E1	8.172954E0	2.708821E1	8.875423E3	1.117367E2	5.684615E1
5.754200E1	1.150840E5	2.245368E1	1.577326E1	2.744018E1	8.704594E3	1.083645E2	4.924584E1
5.754400E1	1.150880E5	1.715537E1	2.225990E1	2.810356E1	8.424170E3	1.030662E2	4.275921E1
5.754600E1	1.150920E5	1.033295E1	2.661784E1	2.855309E1	8.190161E3	9.624378E1	3.840127E1
5.754800E1	1.150960E5	2.456715E0	2.889179E1	2.899606E1	8.076678E3	8.836754E1	3.612731E1
5.755000E1	1.151000E5	-5.599912E0	2.856761E1	2.911129E1	8.020325E3	8.031092E1	3.645150E1
5.755200E1	1.151040E5	-1.327807E1	2.581302E1	2.902790E1	8.130549E3	7.263275E1	3.920609E1
5.755400E1	1.151080E5	-1.980424E1	2.078715E1	2.871086E1	8.317267E3	6.610659E1	4.423196E1
5.755600E1	1.151120E5	-2.456741E1	1.390517E1	2.822962E1	8.505070E3	6.134342E1	5.111394E1
5.755800E1	1.151160E5	-2.719219E1	5.962101E0	2.783813E1	8.618986E3	5.871864E1	5.905701E1
5.756000E1	1.151200E5	-2.743863E1	-2.384190E0	2.754202E1	8.727684E3	5.847220E1	6.740330E1
5.756200E1	1.151240E5	-2.509141E1	-1.041572E1	2.716737E1	8.825178E3	6.081942E1	7.543483E1
5.756400E1	1.151280E5	-2.040267E1	-1.728239E1	2.673855E1	8.912714E3	6.550815E1	8.230150E1
5.756600E1	1.151320E5	-1.405005E1	-2.265576E1	2.665872E1	8.988048E3	7.186078E1	8.767487E1
5.756800E1	1.151360E5	-6.313954E0	-2.574259E1	2.650560E1	8.835182E3	7.959687E1	9.076169E1
5.757000E1	1.151400E5	1.653684E0	-2.676558E1	2.681662E1	8.645827E3	8.756451E1	9.178469E1
5.757200E1	1.151440E5	9.566848E0	-2.518190E1	2.693794E1	8.679523E3	9.547768E1	9.020101E1
5.757400E1	1.151480E5	1.656047E1	-2.100417E1	2.674742E1	8.776128E3	1.024713E2	8.602328E1
5.757600E1	1.151520E5	2.205384E1	-1.492776E1	2.663099E1	8.945910E3	1.079647E2	7.994687E1
5.757800E1	1.151560E5	2.565101E1	-7.337290E0	2.667977E1	9.092389E3	1.115618E2	7.235640E1
5.758000E1	1.151600E5	2.676205E1	1.063804E0	2.678318E1	9.045235E3	1.126729E2	6.395530E1
5.758200E1	1.151640E5	2.530750E1	9.320444E0	2.696925E1	8.960267E3	1.112183E2	5.569866E1
5.758400E1	1.151680E5	2.183725E1	1.713330E1	2.775636E1	8.744423E3	1.077481E2	4.788580E1
5.758600E1	1.151720E5	1.606791E1	2.311510E1	2.815112E1	8.306664E3	1.019787E2	4.190401E1
5.758800E1	1.151760E5	9.177332E0	2.718207E1	2.868952E1	8.113412E3	9.508816E1	3.783704E1
5.759000E1	1.151800E5	1.184235E0	2.885043E1	2.887472E1	8.077052E3	8.709506E1	3.616868E1
5.759200E1	1.151840E5	-6.844498E0	2.817927E1	2.899859E1	8.055867E3	7.906633E1	3.683984E1
5.759400E1	1.151880E5	-1.428288E1	2.486585E1	2.867597E1	8.212887E3	7.162795E1	4.015326E1
5.759600E1	1.151920E5	-2.062343E1	1.956830E1	2.842963E1	8.366575E3	6.528740E1	4.545081E1
5.759800E1	1.151960E5	-2.509410E1	1.259949E1	2.807955E1	8.475988E3	6.081672E1	5.241962E1
5.760000E1	1.152000E5	-2.743158E1	4.635879E0	2.782055E1	8.534418E3	5.847925E1	6.038323E1
5.760200E1	1.152040E5	-2.721554E1	-3.571839E0	2.744893E1	8.612944E3	5.869529E1	6.859095E1
5.760400E1	1.152080E5	-2.459131E1	-1.139381E1	2.710261E1	8.837331E3	6.131952E1	7.641292E1
5.760600E1	1.152120E5	-1.963627E1	-1.820009E1	2.677361E1	9.019738E3	6.627456E1	8.321920E1
5.760800E1	1.152160E5	-1.295343E1	-2.330956E1	2.666696E1	9.056944E3	7.295740E1	8.832866E1
5.761000E1	1.152200E5	-5.052865E0	-2.612621E1	2.661034E1	8.978939E3	8.085796E1	9.114532E1
5.761200E1	1.152240E5	3.190006E0	-2.653846E1	2.672949E1	8.828971E3	8.910083E1	9.155756E1
5.761400E1	1.152280E5	1.099810E1	-2.427907E1	2.665392E1	8.738527E3	9.690893E1	8.929818E1
5.761600E1	1.152320E5	1.781435E1	-1.991842E1	2.672255E1	8.666214E3	1.037252E2	8.493753E1
5.761800E1	1.152360E5	2.283700E1	-1.370300E1	2.663270E1	8.766454E3	1.087478E2	7.872211E1
5.762000E1	1.152400E5	2.585016E1	-6.027805E0	2.654364E1	8.991408E3	1.117610E2	7.104691E1
5.762200E1	1.152440E5	2.646450E1	2.315524E0	2.656560E1	9.170473E3	1.123753E2	6.270358E1
5.762400E1	1.152480E5	2.486156E1	1.083905E1	2.712162E1	9.039738E3	1.107724E2	5.418005E1
5.762600E1	1.152520E5	2.079704E1	1.818038E1	2.762324E1	8.661335E3	1.067079E2	4.683873E1
5.762800E1	1.152560E5	1.481340E1	2.389288E1	2.811239E1	8.391722E3	1.007242E2	4.112623E1
5.763000E1	1.152600E5	7.550041E0	2.764802E1	2.866036E1	8.196618E3	9.346087E1	3.737109E1
5.763200E1	1.152640E5	-5.008583E-1	2.904632E1	2.905064E1	8.014460E3	8.540997E1	3.597279E1
5.763400E1	1.152680E5	-8.406537E0	2.787180E1	2.911198E1	7.938163E3	7.750429E1	3.714730E1
5.763600E1	1.152720E5	-1.565172E1	2.434217E1	2.893990E1	8.063087E3	7.025911E1	4.067694E1
5.763800E1	1.152760E5	-2.162244E1	1.877198E1	2.863419E1	8.302421E3	6.428839E1	4.624712E1
5.764000E1	1.152800E5	-2.566646E1	1.145418E1	2.810632E1	8.465425E3	6.024437E1	5.356493E1
5.764200E1	1.152840E5	-2.749324E1	3.425383E0	2.770580E1	8.576512E3	5.841759E1	6.159373E1
5.764400E1	1.152880E5	-2.672446E1	-4.835586E0	2.715842E1	8.859481E3	5.918637E1	6.985469E1
5.764600E1	1.152920E5	-2.366523E1	-1.276162E1	2.688684E1	9.017963E3	6.224560E1	7.778073E1
5.764800E1	1.152960E5	-1.854070E1	-1.942080E1	2.685004E1	8.939818E3	6.737013E1	8.443991E1
5.765000E1	1.153000E5	-1.168379E1	-2.405681E1	2.674399E1	8.909336E3	7.422703E1	8.907592E1
5.765200E1	1.153040E5	-3.747195E0	-2.654653E1	2.680970E1	8.838607E3	8.216363E1	9.156564E1
5.765400E1	1.153080E5	4.391508E0	-2.638479E1	2.674775E1	8.701272E3	9.030234E1	9.140389E1
5.765600E1	1.153120E5	1.199126E1	-2.376902E1	2.662249E1	8.719937E3	9.790209E1	8.878813E1
5.765800E1	1.153160E5	1.874103E1	-1.918488E1	2.681951E1	8.785940E3	1.046519E2	8.420399E1
5.766000E1	1.153200E5	2.348519E1	-1.253239E1	2.661982E1	8.948629E3	1.093960E2	7.755150E1
5.766200E1	1.153240E5	2.624391E1	-4.568967E0	2.663866E1	9.132660E3	1.121547E2	6.958808E1
5.766400E1	1.153280E5	2.668262E1	3.961535E0	2.697510E1	8.979693E3	1.125934E2	6.105757E1
5.766600E1	1.153320E5	2.456557E1	1.200414E1	2.734166E1	8.709492E3	1.104764E2	5.301497E1
5.766800E1	1.153360E5	2.022212E1	1.904498E1	2.777850E1	8.539952E3	1.061329E2	4.597413E1
5.767000E1	1.153400E5	1.409583E1	2.461527E1	2.836554E1	8.309439E3	1.000067E2	4.040384E1
5.767200E1	1.153440E5	6.732800E0	2.808876E1	2.888441E1	8.188824E3	9.264363E1	3.693035E1
5.767400E1	1.153480E5	-1.497471E0	2.898109E1	2.901975E1	8.089159E3	8.441336E1	3.603802E1
5.767600E1	1.153520E5	-9.392427E0	2.746854E1	2.902996E1	8.014794E3	7.651840E1	3.755057E1
5.767800E1	1.153560E5	-1.660081E1	2.369341E1	2.893034E1	8.190604E3	6.931001E1	4.132570E1
5.768000E1	1.153600E5	-2.233061E1	1.767384E1	2.847843E1	8.383623E3	6.358021E1	4.734527E1
5.768200E1	1.153640E5	-2.617040E1	1.028161E1	2.811763E1	8.598157E3	5.974043E1	5.473750E1
5.768400E1	1.153680E5	-2.768734E1	1.920381E0	2.775386E1	8.697084E3	5.822349E1	6.309873E1
5.768600E1	1.153720E5	-2.656006E1	-6.298058E0	2.729657E1	8.699452E3	5.935076E1	7.131717E1
5.768800E1	1.153760E5	-2.314624E1	-1.381444E1	2.695528E1	8.855181E3	6.276459E1	7.883355E1
5.769000E1	1.153800E5	-1.779712E1	-2.030131E1	2.699779E1	8.943306E3	6.811371E1	8.532041E1
5.769200E1	1.153840E5	-1.065541E1	-2.462719E1	2.683349E1	8.871200E3	7.525542E1	8.964629E1
5.769400E1	1.153880E5	-2.671266E0	-2.650705E1	2.664130E1	8.802633E3	8.323956E1	9.152615E1
5.769600E1	1.153920E5	5.453632E0	-2.607344E1	2.663769E1	8.768739E3	9.136446E1	9.109255E1
5.769800E1	1.153960E5	1.304672E1	-2.322963E1	2.664268E1	8.789829E3	9.895754E1	8.824874E1
5.770000E1	1.154000E5	1.952163E1	-1.822127E1	2.670409E1	8.867418E3	1.054325E2	8.324038E1
5.770200E1	1.154040E5	2.409107E1	-1.134151E1	2.662723E1	8.965838E3	1.100019E2	7.636062E1
5.770400E1	1.154080E5	2.654546E1	-3.336255E0	2.675429E1	9.013661E3	1.124563E2	6.835536E1
5.770600E1	1.154120E5	2.655061E1	5.086260E0	2.703340E1	8.844693E3	1.124614E2	5.993285E1
5.770800E1	1.154160E5	2.415595E1	1.296064E1	2.741329E1	8.669988E3	1.100668E2	5.205847E1
5.771000E1	1.154200E5	1.959868E1	1.996091E1	2.797403E1	8.579705E3	1.055095E2	4.505819E1
5.771200E1	1.154240E5	1.309477E1	2.519148E1	2.839161E1	8.326616E3	9.900559E1	3.982763E1
5.771400E1	1.154280E5	5.568760E0	2.820462E1	2.874911E1	8.133065E3	9.147959E1	3.681449E1
5.771600E1	1.154320E5	-2.551849E0	2.878335E1	2.889625E1	8.107705E3	8.335898E1	3.623575E1
5.771800E1	1.154360E5	-1.048132E1	2.693608E1	2.890346E1	8.104801E3	7.542951E1	3.808303E1
5.772000E1	1.154400E5	-1.746468E1	2.277223E1	2.869825E1	8.210615E3	6.844615E1	4.224688E1
5.772200E1	1.154440E5	-2.296529E1	1.662143E1	2.834919E1	8.381552E3	6.294553E1	4.839768E1
5.772400E1	1.154480E5	-2.634888E1	9.066557E0	2.786514E1	8.568817E3	5.956194E1	5.595255E1
5.772600E1	1.154520E5	-2.755690E1	7.795326E-1	2.756792E1	8.659290E3	5.835393E1	6.423958E1
5.772800E1	1.154560E5	-2.616602E1	-7.329815E0	2.717328E1	8.719268E3	5.974480E1	7.234892E1
5.773000E1	1.154600E5	-2.254448E1	-1.478459E1	2.695993E1	8.946206E3	6.336635E1	7.980370E1
5.773200E1	1.154640E5	-1.679691E1	-2.106663E1	2.694326E1	8.993647E3	6.911391E1	8.608574E1
5.773400E1	1.154680E5	-9.533602E0	-2.513875E1	2.688580E1	8.815784E3	7.637723E1	9.015786E1
5.773600E1	1.154720E5	-1.548969E0	-2.683924E1	2.688390E1	8.703965E3	8.436186E1	9.185835E1
5.773800E1	1.154760E5	6.543968E0	-2.615468E1	2.696091E1	8.659033E3	9.245480E1	9.117379E1
5.774000E1	1.154800E5	1.393163E1	-2.288372E1	2.679095E1	8.771650E3	9.984246E1	8.790283E1
5.774200E1	1.154840E5	2.030099E1	-1.756434E1	2.684467E1	8.965341E3	1.062118E2	8.258345E1
5.774400E1	1.154880E5	2.459396E1	-1.034115E1	2.667962E1	9.035013E3	1.105048E2	7.536026E1
5.774600E1	1.154920E5	2.660281E1	-2.199389E0	2.669357E1	8.991386E3	1.125136E2	6.721850E1
5.774800E1	1.154960E5	2.631731E1	6.153290E0	2.702709E1	8.829394E3	1.122281E2	5.886582E1
5.775000E1	1.155000E5	2.364497E1	1.397880E1	2.746801E1	8.718405E3	1.095558E2	5.104030E1
5.775200E1	1.155040E5	1.865207E1	2.073968E1	2.789327E1	8.640299E3	1.045629E2	4.427942E1
5.775400E1	1.155080E5	1.197608E1	2.586239E1	2.850069E1	8.267903E3	9.788691E1	3.915672E1
5.775600E1	1.155120E5	4.478380E0	2.861544E1	2.896376E1	8.002886E3	9.038921E1	3.640367E1
5.775800E1	1.155160E5	-3.643654E0	2.898843E1	2.921652E1	8.035026E3	8.226717E1	3.603068E1
5.776000E1	1.155200E5	-1.144573E1	2.664663E1	2.900082E1	8.120684E3	7.446510E1	3.837248E1
5.776200E1	1.155240E5	-1.831756E1	2.210529E1	2.870848E1	8.323495E3	6.759327E1	4.291382E1
5.776400E1	1.155280E5	-2.361110E1	1.560456E1	2.830170E1	8.425347E3	6.229973E1	4.941455E1
5.776600E1	1.155320E5	-2.668359E1	7.980971E0	2.785157E1	8.519764E3	5.922724E1	5.703814E1
5.776800E1	1.155360E5	-2.747537E1	-2.965432E-1	2.747697E1	8.693182E3	5.843546E1	6.531565E1
5.777000E1	1.155400E5	-2.581398E1	-8.447775E0	2.716112E1	8.776520E3	6.009685E1	7.346688E1
5.777200E1	1.155440E5	-2.178635E1	-1.566918E1	2.683595E1	8.896320E3	6.412448E1	8.068829E1
5.777400E1	1.155480E5	-1.571632E1	-2.140008E1	2.655120E1	8.965182E3	7.019451E1	8.641919E1
5.777600E1	1.155520E5	-8.378430E0	-2.516476E1	2.652288E1	8.868114E3	7.753240E1	9.018386E1
5.777800E1	1.155560E5	-3.817952E-1	-2.663372E1	2.663646E1	8.773764E3	8.552903E1	9.165283E1
5.778000E1	1.155600E5	7.627918E0	-2.545707E1	2.657532E1	8.726546E3	9.353875E1	9.047618E1
5.778200E1	1.155640E5	1.487608E1	-2.198435E1	2.654448E1	8.719262E3	1.007869E2	8.700346E1
5.778400E1	1.155680E5	2.075134E1	-1.647251E1	2.649456E1	8.930781E3	1.066622E2	8.149162E1
5.778600E1	1.155720E5	2.475526E1	-9.104224E0	2.637631E1	9.047221E3	1.106661E2	7.412333E1
5.778800E1	1.155760E5	2.651688E1	-1.043626E0	2.653741E1	9.031651E3	1.124277E2	6.606273E1
5.779000E1	1.155800E5	2.578609E1	7.362213E0	2.681649E1	9.084769E3	1.116969E2	5.765689E1
5.779200E1	1.155840E5	2.266083E1	1.533403E1	2.736139E1	8.838099E3	1.085717E2	4.968508E1
5.779400E1	1.155880E5	1.760707E1	2.196701E1	2.815242E1	8.442038E3	1.035179E2	4.305209E1
5.779600E1	1.155920E5	1.083062E1	2.661048E1	2.873012E1	8.199425E3	9.674144E1	3.840863E1
5.779800E1	1.155960E5	3.009083E0	2.904258E1	2.919805E1	7.919067E3	8.891991E1	3.597652E1
5.780000E1	1.156000E5	-4.839764E0	2.882958E1	2.923299E1	7.863311E3	8.107106E1	3.618953E1
5.780200E1	1.156040E5	-1.249605E1	2.615388E1	2.898580E1	8.155146E3	7.341478E1	3.886523E1
5.780400E1	1.156080E5	-1.917154E1	2.118019E1	2.856831E1	8.421139E3	6.673929E1	4.383892E1
5.780600E1	1.156120E5	-2.427145E1	1.445576E1	2.825017E1	8.436175E3	6.163937E1	5.056335E1
5.780800E1	1.156160E5	-2.712203E1	6.815123E0	2.796516E1	8.472757E3	5.878880E1	5.820398E1
5.781000E1	1.156200E5	-2.762813E1	-1.502844E0	2.766897E1	8.629594E3	5.828270E1	6.652195E1
5.781200E1	1.156240E5	-2.547400E1	-9.480440E0	2.718093E1	8.683397E3	6.043683E1	7.449955E1
5.781400E1	1.156280E5	-2.121760E1	-1.648604E1	2.686961E1	8.860593E3	6.469323E1	8.150515E1
5.781600E1	1.156320E5	-1.496622E1	-2.206824E1	2.666449E1	9.063752E3	7.094461E1	8.708735E1
5.781800E1	1.156360E5	-7.290168E0	-2.559599E1	2.661393E1	8.945625E3	7.862066E1	9.061510E1
5.782000E1	1.156400E5	7.593504E-1	-2.655092E1	2.656178E1	8.748606E3	8.667018E1	9.157003E1
5.782200E1	1.156440E5	8.687391E0	-2.509253E1	2.655383E1	8.743584E3	9.459822E1	9.011164E1
5.782400E1	1.156480E5	1.584293E1	-2.132277E1	2.656424E1	8.823211E3	1.017538E2	8.634188E1
5.782600E1	1.156520E5	2.145339E1	-1.536511E1	2.638815E1	8.986277E3	1.073642E2	8.038422E1
5.782800E1	1.156560E5	2.527497E1	-7.941219E0	2.649315E1	9.023776E3	1.111858E2	7.296033E1
5.783000E1	1.156600E5	2.676366E1	2.263361E-1	2.676461E1	8.943419E3	1.126745E2	6.479277E1
5.783200E1	1.156640E5	2.557194E1	8.472623E0	2.693900E1	8.912884E3	1.114828E2	5.654649E1
5.783400E1	1.156680E5	2.229485E1	1.627919E1	2.760566E1	8.694849E3	1.082057E2	4.873991E1
5.783600E1	1.156720E5	1.687345E1	2.248208E1	2.810973E1	8.502261E3	1.027843E2	4.253703E1
5.783800E1	1.156760E5	9.745044E0	2.698676E1	2.869235E1	8.344818E3	9.565587E1	3.803235E1
5.784000E1	1.156800E5	1.774084E0	2.892307E1	2.897743E1	8.062993E3	8.768491E1	3.609603E1
5.784200E1	1.156840E5	-6.239834E0	2.838728E1	2.906499E1	7.952840E3	7.967099E1	3.663182E1
5.784400E1	1.156880E5	-1.384179E1	2.570555E1	2.919538E1	7.988985E3	7.206904E1	3.931356E1
5.784600E1	1.156920E5	-2.006622E1	2.052458E1	2.870386E1	8.206505E3	6.584461E1	4.449453E1
5.784800E1	1.156960E5	-2.462807E1	1.358008E1	2.812402E1	8.441905E3	6.128276E1	5.143903E1
5.785000E1	1.157000E5	-2.711491E1	5.703805E0	2.770833E1	8.590125E3	5.879592E1	5.931530E1
5.785200E1	1.157040E5	-2.735328E1	-2.627977E0	2.747923E1	8.710242E3	5.855755E1	6.764709E1
5.785400E1	1.157080E5	-2.494720E1	-1.056974E1	2.709395E1	8.834999E3	6.096362E1	7.558885E1
5.785600E1	1.157120E5	-2.014644E1	-1.740704E1	2.662488E1	8.961010E3	6.576439E1	8.242615E1
5.785800E1	1.157160E5	-1.378097E1	-2.276016E1	2.660714E1	9.034741E3	7.212985E1	8.777927E1
5.786000E1	1.157200E5	-6.022107E0	-2.601589E1	2.670379E1	8.955957E3	7.988872E1	9.103500E1
5.786200E1	1.157240E5	2.165379E0	-2.674102E1	2.682854E1	8.776922E3	8.807621E1	9.176012E1
5.786400E1	1.157280E5	1.013757E1	-2.499771E1	2.697510E1	8.732071E3	9.604840E1	9.001682E1
5.786600E1	1.157320E5	1.713427E1	-2.074289E1	2.690448E1	8.731097E3	1.030451E2	8.576200E1
5.786800E1	1.157360E5	2.257277E1	-1.465954E1	2.691527E1	8.941969E3	1.084836E2	7.967865E1
5.787000E1	1.157400E5	2.587495E1	-6.775793E0	2.674742E1	9.037786E3	1.117858E2	7.179490E1
5.787200E1	1.157440E5	2.666145E1	1.467292E0	2.670180E1	9.000911E3	1.125723E2	6.355182E1
5.787400E1	1.157480E5	2.525027E1	9.859538E0	2.710695E1	8.961441E3	1.111611E2	5.515957E1
5.787600E1	1.157520E5	2.151584E1	1.742058E1	2.768408E1	8.741728E3	1.074267E2	4.759853E1
5.787800E1	1.157560E5	1.576314E1	2.363242E1	2.840718E1	8.434493E3	1.016740E2	4.138668E1
5.788000E1	1.157600E5	8.597197E0	2.765986E1	2.896514E1	8.197293E3	9.450802E1	3.735925E1
5.788200E1	1.157640E5	4.667504E-1	2.923635E1	2.924007E1	8.049796E3	8.637758E1	3.578276E1
5.788400E1	1.157680E5	-7.509251E0	2.815663E1	2.914077E1	7.970749E3	7.840158E1	3.686248E1
5.788600E1	1.157720E5	-1.488630E1	2.480598E1	2.892989E1	8.105577E3	7.102453E1	4.021313E1
5.788800E1	1.157760E5	-2.095270E1	1.929720E1	2.848505E1	8.390048E3	6.495812E1	4.572190E1
5.789000E1	1.157800E5	-2.517884E1	1.199429E1	2.788972E1	8.601794E3	6.073199E1	5.302482E1
5.789200E1	1.157840E5	-2.738034E1	3.963883E0	2.766578E1	8.670053E3	5.853049E1	6.105523E1
5.789400E1	1.157880E5	-2.703344E1	-4.382706E0	2.738640E1	8.756428E3	5.887739E1	6.940181E1
5.789600E1	1.157920E5	-2.408424E1	-1.215958E1	2.697974E1	8.913444E3	6.182659E1	7.717869E1
5.789800E1	1.157960E5	-1.894792E1	-1.885722E1	2.673235E1	9.032218E3	6.696291E1	8.387633E1
5.790000E1	1.158000E5	-1.220388E1	-2.386597E1	2.680521E1	8.835355E3	7.370695E1	8.888508E1
5.790200E1	1.158040E5	-4.589167E0	-2.657940E1	2.697267E1	8.662123E3	8.132166E1	9.159851E1
5.790400E1	1.158080E5	3.533595E0	-2.660515E1	2.683878E1	8.692788E3	8.944442E1	9.162426E1
5.790600E1	1.158120E5	1.126300E1	-2.418099E1	2.667537E1	8.822210E3	9.717383E1	8.920010E1
5.790800E1	1.158160E5	1.812384E1	-1.953475E1	2.664733E1	8.969108E3	1.040347E2	8.455386E1
5.791000E1	1.158200E5	2.327310E1	-1.297943E1	2.664775E1	8.918234E3	1.091839E2	7.799854E1
5.791200E1	1.158240E5	2.624634E1	-5.326854E0	2.678145E1	8.957475E3	1.121572E2	7.034596E1
5.791400E1	1.158280E5	2.685437E1	3.145848E0	2.703800E1	8.959289E3	1.127652E2	6.187326E1
5.791600E1	1.158320E5	2.485775E1	1.125739E1	2.728803E1	8.826455E3	1.107686E2	5.376172E1
5.791800E1	1.158360E5	2.046287E1	1.841662E1	2.753000E1	8.743924E3	1.063737E2	4.660249E1
5.792000E1	1.158400E5	1.444587E1	2.436851E1	2.832856E1	8.448982E3	1.003567E2	4.065060E1
5.792200E1	1.158440E5	7.127503E0	2.813292E1	2.902176E1	8.091383E3	9.303833E1	3.688619E1
5.792400E1	1.158480E5	-8.677569E-1	2.914024E1	2.915315E1	7.925464E3	8.504307E1	3.587887E1
5.792600E1	1.158520E5	-8.731947E0	2.771941E1	2.906222E1	7.994092E3	7.717888E1	3.729970E1
5.792800E1	1.158560E5	-1.601932E1	2.403626E1	2.888530E1	8.225779E3	6.989151E1	4.098285E1
5.793000E1	1.158600E5	-2.179096E1	1.803463E1	2.828593E1	8.471313E3	6.411987E1	4.698448E1
5.793200E1	1.158640E5	-2.575066E1	1.063085E1	2.785878E1	8.550366E3	6.016016E1	5.438826E1
5.793400E1	1.158680E5	-2.740631E1	2.595663E0	2.752895E1	8.609503E3	5.850452E1	6.242345E1
5.793600E1	1.158720E5	-2.661780E1	-5.660372E0	2.721300E1	8.708795E3	5.929302E1	7.067948E1
5.793800E1	1.158760E5	-2.337540E1	-1.318470E1	2.683739E1	8.897618E3	6.253543E1	7.820381E1
5.794000E1	1.158800E5	-1.803133E1	-1.974391E1	2.673856E1	9.140701E3	6.787950E1	8.476302E1
5.794200E1	1.158840E5	-1.088552E1	-2.443507E1	2.675009E1	9.057379E3	7.502530E1	8.945418E1
5.794400E1	1.158880E5	-2.870705E0	-2.653444E1	2.668928E1	8.853312E3	8.304012E1	9.155355E1
5.794600E1	1.158920E5	5.274074E0	-2.615445E1	2.668091E1	8.710706E3	9.118490E1	9.117356E1
5.794800E1	1.158960E5	1.285349E1	-2.350841E1	2.679286E1	8.698880E3	9.876432E1	8.852752E1
5.795000E1	1.159000E5	1.918632E1	-1.840134E1	2.658429E1	8.874342E3	1.050971E2	8.342045E1
5.795200E1	1.159040E5	2.395534E1	-1.159826E1	2.661537E1	9.066898E3	1.098662E2	7.661737E1
5.795400E1	1.159080E5	2.656737E1	-3.514653E0	2.679884E1	9.094398E3	1.124782E2	6.853376E1
5.795600E1	1.159120E5	2.662004E1	4.954445E0	2.707717E1	8.855550E3	1.125309E2	6.006466E1
5.795800E1	1.159160E5	2.428699E1	1.285180E1	2.747775E1	8.655360E3	1.101978E2	5.216731E1
5.796000E1	1.159200E5	1.978009E1	1.989403E1	2.805396E1	8.573490E3	1.056909E2	4.512508E1
5.796200E1	1.159240E5	1.329927E1	2.520314E1	2.849682E1	8.343488E3	9.921010E1	3.981597E1
5.796400E1	1.159280E5	5.731194E0	2.826690E1	2.884205E1	8.165404E3	9.164202E1	3.675221E1
5.796600E1	1.159320E5	-2.443932E0	2.885183E1	2.895515E1	8.115653E3	8.346690E1	3.616728E1
5.796800E1	1.159360E5	-1.037697E1	2.703139E1	2.895475E1	8.129151E3	7.553386E1	3.798772E1
5.797000E1	1.159400E5	-1.741785E1	2.281594E1	2.870451E1	8.236954E3	6.849298E1	4.220316E1
5.797200E1	1.159440E5	-2.292666E1	1.668845E1	2.835729E1	8.369873E3	6.298417E1	4.833066E1
5.797400E1	1.159480E5	-2.632738E1	9.148668E0	2.787166E1	8.581680E3	5.958345E1	5.587044E1
5.797600E1	1.159520E5	-2.753586E1	8.289659E-1	2.754833E1	8.683877E3	5.837497E1	6.419014E1
5.797800E1	1.159560E5	-2.622021E1	-7.307672E0	2.721950E1	8.753738E3	5.969062E1	7.232678E1
5.798000E1	1.159600E5	-2.255406E1	-1.480994E1	2.698185E1	8.965080E3	6.335677E1	7.982905E1
5.798200E1	1.159640E5	-1.680026E1	-2.107070E1	2.694853E1	9.010514E3	6.911057E1	8.608981E1
5.798400E1	1.159680E5	-9.491814E0	-2.516270E1	2.689342E1	8.816186E3	7.641901E1	9.018181E1
5.798600E1	1.159720E5	-1.547677E0	-2.682872E1	2.687332E1	8.700683E3	8.436315E1	9.184783E1
5.798800E1	1.159760E5	6.590598E0	-2.616988E1	2.698701E1	8.724469E3	9.250143E1	9.118899E1
5.799000E1	1.159800E5	1.401988E1	-2.279229E1	2.675903E1	8.802498E3	9.993071E1	8.781140E1
5.799200E1	1.159840E5	2.036892E1	-1.749200E1	2.684889E1	8.966236E3	1.062798E2	8.251111E1
5.799400E1	1.159880E5	2.459878E1	-1.020865E1	2.663300E1	9.043980E3	1.105096E2	7.522776E1
5.799600E1	1.159920E5	2.661272E1	-2.084519E0	2.669424E1	8.987538E3	1.125236E2	6.710363E1
5.799800E1	1.159960E5	2.624862E1	6.258820E0	2.698450E1	8.869787E3	1.121595E2	5.876029E1
5.800000E1	1.160000E5	2.354732E1	1.414890E1	2.747121E1	8.761671E3	1.094581E2	5.087021E1
5.800200E1	1.160040E5	1.845930E1	2.083370E1	2.783503E1	8.651874E3	1.043701E2	4.418541E1
5.800400E1	1.160080E5	1.173406E1	2.587711E1	2.841325E1	8.423160E3	9.764489E1	3.914200E1
5.800600E1	1.160120E5	3.946255E0	2.862521E1	2.889594E1	8.074490E3	8.985708E1	3.639390E1
5.800800E1	1.160160E5	-4.014367E0	2.890816E1	2.918556E1	7.910536E3	8.189646E1	3.611094E1
5.801000E1	1.160200E5	-1.168021E1	2.649152E1	2.895217E1	8.080058E3	7.423062E1	3.852759E1
5.801200E1	1.160240E5	-1.851532E1	2.188967E1	2.867010E1	8.363858E3	6.739551E1	4.312944E1
5.801400E1	1.160280E5	-2.370408E1	1.524798E1	2.818483E1	8.590886E3	6.220675E1	4.977113E1
5.801600E1	1.160320E5	-2.674060E1	7.370780E0	2.773785E1	8.573040E3	5.917023E1	5.764833E1
5.801800E1	1.160360E5	-2.733742E1	-7.351680E-1	2.734730E1	8.737327E3	5.857341E1	6.575428E1
5.802000E1	1.160400E5	-2.552917E1	-9.059900E0	2.708912E1	8.936741E3	6.038165E1	7.407901E1
5.802200E1	1.160440E5	-2.145994E1	-1.634064E1	2.697306E1	8.883263E3	6.445089E1	8.135975E1
5.802400E1	1.160480E5	-1.535679E1	-2.199055E1	2.682192E1	8.895965E3	7.055404E1	8.700966E1
5.802600E1	1.160520E5	-7.896743E0	-2.562304E1	2.681229E1	8.910258E3	7.801408E1	9.064215E1
5.802800E1	1.160560E5	3.318013E-1	-2.665980E1	2.666187E1	8.858391E3	8.624263E1	9.167891E1
5.803000E1	1.160600E5	8.353761E0	-2.525229E1	2.659818E1	8.795308E3	9.426459E1	9.027140E1
5.803200E1	1.160640E5	1.562664E1	-2.159189E1	2.665337E1	8.837414E3	1.015375E2	8.661100E1
5.803400E1	1.160680E5	2.136942E1	-1.572354E1	2.653077E1	8.869200E3	1.072802E2	8.074265E1
5.803600E1	1.160720E5	2.524933E1	-8.511526E0	2.664535E1	9.017098E3	1.111602E2	7.353063E1
5.803800E1	1.160760E5	2.681872E1	-1.297103E-1	2.681904E1	9.078338E3	1.127296E2	6.514882E1
5.804000E1	1.160800E5	2.578215E1	8.220415E0	2.706094E1	8.884581E3	1.116930E2	5.679869E1
5.804200E1	1.160840E5	2.239590E1	1.583443E1	2.742819E1	8.693646E3	1.083067E2	4.918468E1
5.804400E1	1.160880E5	1.710604E1	2.226004E1	2.807359E1	8.425461E3	1.030169E2	4.275906E1
5.804600E1	1.160920E5	1.024157E1	2.662887E1	2.853045E1	8.238861E3	9.615240E1	3.839024E1
5.804800E1	1.160960E5	2.317286E0	2.889240E1	2.898518E1	8.083310E3	8.822811E1	3.612671E1
5.805000E1	1.161000E5	-5.697181E0	2.852120E1	2.908465E1	8.009690E3	8.021365E1	3.649791E1
5.805200E1	1.161040E5	-1.336983E1	2.573447E1	2.900026E1	8.160781E3	7.254100E1	3.928464E1
5.805400E1	1.161080E5	-1.991874E1	2.067016E1	2.870560E1	8.346037E3	6.599209E1	4.434895E1
5.805600E1	1.161120E5	-2.458238E1	1.371759E1	2.815077E1	8.510500E3	6.132845E1	5.130152E1
5.805800E1	1.161160E5	-2.716783E1	5.783912E0	2.777670E1	8.615717E3	5.874299E1	5.923520E1
5.806000E1	1.161200E5	-2.739973E1	-2.541912E0	2.751738E1	8.712408E3	5.851110E1	6.756102E1
5.806200E1	1.161240E5	-2.500034E1	-1.052512E1	2.712555E1	8.839889E3	6.091049E1	7.554423E1
5.806400E1	1.161280E5	-2.023184E1	-1.737745E1	2.667027E1	8.984091E3	6.567898E1	8.239655E1
5.806600E1	1.161320E5	-1.380105E1	-2.275903E1	2.661658E1	9.090508E3	7.210977E1	8.777813E1
5.806800E1	1.161360E5	-6.002944E0	-2.604687E1	2.672966E1	8.984636E3	7.990788E1	9.106598E1
5.807000E1	1.161400E5	2.202572E0	-2.675633E1	2.684684E1	8.763243E3	8.811340E1	9.177544E1
5.807200E1	1.161440E5	1.014899E1	-2.502551E1	2.700515E1	8.729787E3	9.605982E1	9.004462E1
5.807400E1	1.161480E5	1.717560E1	-2.074323E1	2.693108E1	8.737021E3	1.030864E2	8.576234E1
5.807600E1	1.161520E5	2.259722E1	-1.466198E1	2.693711E1	8.948849E3	1.085080E2	7.968109E1
5.807800E1	1.161560E5	2.586857E1	-6.728373E0	2.672927E1	9.044424E3	1.117794E2	7.174748E1
5.808000E1	1.161600E5	2.669858E1	1.492953E0	2.674029E1	9.001594E3	1.126094E2	6.352616E1
5.808200E1	1.161640E5	2.524627E1	9.907568E0	2.712073E1	8.965696E3	1.111571E2	5.511154E1
5.808400E1	1.161680E5	2.150432E1	1.745327E1	2.769571E1	8.735689E3	1.074152E2	4.756584E1
5.808600E1	1.161720E5	1.574195E1	2.366632E1	2.842365E1	8.452959E3	1.016528E2	4.135278E1
5.808800E1	1.161760E5	8.522253E0	2.765941E1	2.894256E1	8.217846E3	9.443308E1	3.735970E1
5.809000E1	1.161800E5	3.875718E-1	2.925621E1	2.925877E1	8.054232E3	8.629840E1	3.576290E1
5.809200E1	1.161840E5	-7.580802E0	2.811106E1	2.911529E1	7.976589E3	7.833003E1	3.690805E1
5.809400E1	1.161880E5	-1.494908E1	2.473510E1	2.890156E1	8.125411E3	7.096175E1	4.028401E1
5.809600E1	1.161920E5	-2.098460E1	1.916575E1	2.841970E1	8.416339E3	6.492623E1	4.585335E1
5.809800E1	1.161960E5	-2.523688E1	1.186872E1	2.788847E1	8.614054E3	6.067395E1	5.315038E1
5.810000E1	1.162000E5	-2.737374E1	3.822778E0	2.763938E1	8.669796E3	5.853709E1	6.119633E1
5.810200E1	1.162040E5	-2.697937E1	-4.510885E0	2.735388E1	8.756229E3	5.893146E1	6.952999E1
5.810400E1	1.162080E5	-2.395627E1	-1.224581E1	2.690470E1	8.933765E3	6.195456E1	7.726491E1
5.810600E1	1.162120E5	-1.877447E1	-1.892382E1	2.665692E1	9.065216E3	6.713636E1	8.394292E1
5.810800E1	1.162160E5	-1.200810E1	-2.391264E1	2.675834E1	9.002536E3	7.390272E1	8.893174E1
5.811000E1	1.162200E5	-4.095127E0	-2.656675E1	2.688052E1	8.726325E3	8.181570E1	9.158586E1
5.811200E1	1.162240E5	3.841733E0	-2.652509E1	2.680185E1	8.579683E3	8.975256E1	9.154420E1
5.811400E1	1.162280E5	1.147323E1	-2.399391E1	2.659591E1	8.766885E3	9.738406E1	8.901301E1
5.811600E1	1.162320E5	1.825265E1	-1.936341E1	2.661016E1	8.928758E3	1.041635E2	8.438252E1
5.811800E1	1.162360E5	2.330938E1	-1.277691E1	2.658150E1	8.934275E3	1.092202E2	7.779602E1
5.812000E1	1.162400E5	2.622705E1	-5.076314E0	2.671380E1	9.001164E3	1.121379E2	7.009542E1
5.812200E1	1.162440E5	2.666918E1	3.404831E0	2.688565E1	9.130253E3	1.125800E2	6.161428E1
5.812400E1	1.162480E5	2.464044E1	1.178813E1	2.731503E1	8.921077E3	1.105513E2	5.323098E1
5.812600E1	1.162520E5	2.034292E1	1.894344E1	2.779727E1	8.595961E3	1.062537E2	4.607567E1
5.812800E1	1.162560E5	1.422362E1	2.458701E1	2.840479E1	8.340490E3	1.001344E2	4.043210E1
5.813000E1	1.162600E5	6.839196E0	2.810199E1	2.892225E1	8.218832E3	9.275002E1	3.691712E1
5.813200E1	1.162640E5	-1.432301E0	2.901682E1	2.905215E1	8.097657E3	8.447853E1	3.600228E1
5.813400E1	1.162680E5	-9.315865E0	2.750288E1	2.903780E1	8.044353E3	7.659496E1	3.751623E1
5.813600E1	1.162720E5	-1.660957E1	2.371802E1	2.895552E1	8.216637E3	6.930126E1	4.130109E1
5.813800E1	1.162760E5	-2.233036E1	1.771217E1	2.850203E1	8.378007E3	6.358047E1	4.730694E1
5.814000E1	1.162800E5	-2.620248E1	1.031334E1	2.815910E1	8.476578E3	5.970834E1	5.470577E1
5.814200E1	1.162840E5	-2.764067E1	2.182506E0	2.772670E1	8.667368E3	5.827016E1	6.283660E1
5.814400E1	1.162880E5	-2.656613E1	-6.223594E0	2.728539E1	8.837356E3	5.934470E1	7.124270E1
5.814600E1	1.162920E5	-2.315671E1	-1.382319E1	2.696876E1	8.923374E3	6.275412E1	7.884230E1
5.814800E1	1.162960E5	-1.775512E1	-2.033752E1	2.699739E1	8.990252E3	6.815570E1	8.535663E1
5.815000E1	1.163000E5	-1.057030E1	-2.465728E1	2.682747E1	8.903647E3	7.534053E1	8.967639E1
5.815200E1	1.163040E5	-2.556526E0	-2.651600E1	2.663896E1	8.806957E3	8.335430E1	9.153511E1
5.815400E1	1.163080E5	5.542827E0	-2.602434E1	2.660807E1	8.762445E3	9.145366E1	9.104345E1
5.815600E1	1.163120E5	1.311612E1	-2.314244E1	2.660085E1	8.819598E3	9.902695E1	8.816155E1
5.815800E1	1.163160E5	1.960140E1	-1.808642E1	2.667083E1	8.890807E3	1.055122E2	8.310553E1
5.816000E1	1.163200E5	2.412766E1	-1.119667E1	2.659904E1	8.985014E3	1.100385E2	7.621578E1
5.816200E1	1.163240E5	2.654068E1	-3.145054E0	2.672637E1	9.053587E3	1.124515E2	6.816416E1
5.816400E1	1.163280E5	2.646371E1	5.297691E0	2.698876E1	8.865524E3	1.123745E2	5.972142E1
5.816600E1	1.163320E5	2.399917E1	1.314139E1	2.736158E1	8.686118E3	1.099100E2	5.187772E1
5.816800E1	1.163360E5	1.934299E1	2.007557E1	2.787794E1	8.600206E3	1.052538E2	4.494354E1
5.817000E1	1.163400E5	1.280794E1	2.525120E1	2.831372E1	8.492458E3	9.871877E1	3.976791E1
5.817200E1	1.163440E5	4.958671E0	2.822149E1	2.865381E1	8.206049E3	9.086950E1	3.679762E1
5.817400E1	1.163480E5	-2.982915E0	2.872230E1	2.887678E1	7.980044E3	8.292791E1	3.629680E1
5.817600E1	1.163520E5	-1.078857E1	2.676353E1	2.885619E1	8.070378E3	7.512226E1	3.825558E1
5.817800E1	1.163560E5	-1.769316E1	2.247542E1	2.860406E1	8.282016E3	6.821767E1	4.254369E1
5.818000E1	1.163600E5	-2.320906E1	1.620124E1	2.830442E1	8.565758E3	6.270177E1	4.881787E1
5.818200E1	1.163640E5	-2.667975E1	8.425580E0	2.797855E1	8.571715E3	5.923108E1	5.659353E1
5.818400E1	1.163680E5	-2.760861E1	3.037587E-1	2.761028E1	8.612850E3	5.830222E1	6.471535E1
5.818600E1	1.163720E5	-2.589376E1	-7.879498E0	2.706609E1	8.924959E3	6.001707E1	7.289861E1
5.818800E1	1.163760E5	-2.196805E1	-1.542193E1	2.684085E1	9.061127E3	6.394278E1	8.044104E1
5.819000E1	1.163800E5	-1.595726E1	-2.130690E1	2.661988E1	9.033221E3	6.995357E1	8.632601E1
5.819200E1	1.163840E5	-8.567084E0	-2.516904E1	2.658713E1	8.882273E3	7.734374E1	9.018815E1
5.819400E1	1.163880E5	-6.064778E-1	-2.669763E1	2.670452E1	8.721582E3	8.530435E1	9.171674E1
5.819600E1	1.163920E5	7.468988E0	-2.589611E1	2.695170E1	8.649835E3	9.337982E1	9.091522E1
5.819800E1	1.163960E5	1.478548E1	-2.251045E1	2.693197E1	8.715765E3	1.006963E2	8.752956E1
5.820000E1	1.164000E5	2.062631E1	-1.673164E1	2.655922E1	8.852762E3	1.065371E2	8.175074E1
5.820200E1	1.164040E5	2.472270E1	-9.634480E0	2.653366E1	9.087066E3	1.106335E2	7.465359E1
5.820400E1	1.164080E5	2.651561E1	-1.250440E0	2.654508E1	9.131232E3	1.124264E2	6.626955E1
5.820600E1	1.164120E5	2.601019E1	7.083378E0	2.695745E1	8.849453E3	1.119210E2	5.793573E1
5.820800E1	1.164160E5	2.319069E1	1.488692E1	2.755773E1	8.682602E3	1.091015E2	5.013219E1
5.821000E1	1.164200E5	1.809328E1	2.153553E1	2.812731E1	8.530867E3	1.040041E2	4.348358E1
5.821200E1	1.164240E5	1.133312E1	2.646930E1	2.879346E1	8.305891E3	9.724394E1	3.854981E1
5.821400E1	1.164280E5	3.467369E0	2.902631E1	2.923267E1	8.091267E3	8.937820E1	3.599280E1
5.821600E1	1.164320E5	-4.665882E0	2.885155E1	2.922640E1	8.081718E3	8.124495E1	3.616756E1
5.821800E1	1.164360E5	-1.250568E1	2.620127E1	2.903272E1	8.230768E3	7.340514E1	3.881784E1
5.822000E1	1.164400E5	-1.915116E1	2.118799E1	2.856042E1	8.425023E3	6.675967E1	4.383112E1
5.822200E1	1.164440E5	-2.425803E1	1.445213E1	2.823679E1	8.458204E3	6.165280E1	5.056698E1
5.822400E1	1.164480E5	-2.713923E1	6.795636E0	2.797711E1	8.508486E3	5.877159E1	5.822347E1
5.822600E1	1.164520E5	-2.763544E1	-1.568702E0	2.767993E1	8.626770E3	5.827539E1	6.658781E1
5.822800E1	1.164560E5	-2.548222E1	-9.501732E0	2.719607E1	8.704198E3	6.042861E1	7.452084E1
5.823000E1	1.164600E5	-2.111646E1	-1.653699E1	2.682120E1	8.886243E3	6.479437E1	8.155609E1
5.823200E1	1.164640E5	-1.491626E1	-2.210952E1	2.667069E1	9.068764E3	7.099457E1	8.712863E1
5.823400E1	1.164680E5	-7.183300E0	-2.562528E1	2.661305E1	8.949743E3	7.872753E1	9.064438E1
5.823600E1	1.164720E5	8.307257E-1	-2.653342E1	2.654642E1	8.731646E3	8.674155E1	9.155253E1
5.823800E1	1.164760E5	8.744761E0	-2.501690E1	2.650124E1	8.799347E3	9.465559E1	9.003600E1
5.824000E1	1.164800E5	1.592254E1	-2.113710E1	2.646326E1	8.940573E3	1.018334E2	8.615620E1
5.824200E1	1.164840E5	2.178083E1	-1.523435E1	2.657987E1	9.007170E3	1.076917E2	8.025345E1
5.824400E1	1.164880E5	2.536025E1	-7.744047E0	2.651627E1	8.976955E3	1.112711E2	7.276316E1
5.824600E1	1.164920E5	2.666006E1	4.362165E-1	2.666363E1	9.065910E3	1.125709E2	6.458289E1
5.824800E1	1.164960E5	2.550366E1	8.922747E0	2.701947E1	8.995675E3	1.114145E2	5.609636E1
5.825000E1	1.165000E5	2.200665E1	1.653514E1	2.752642E1	8.690448E3	1.079175E2	4.848397E1
5.825200E1	1.165040E5	1.662686E1	2.292255E1	2.831777E1	8.452542E3	1.025377E2	4.209656E1
5.825400E1	1.165080E5	9.490250E0	2.714586E1	2.875696E1	8.265798E3	9.540108E1	3.787324E1
5.825600E1	1.165120E5	1.460857E0	2.891726E1	2.895413E1	8.054906E3	8.737169E1	3.610185E1
5.825800E1	1.165160E5	-6.514616E0	2.833091E1	2.907028E1	7.995092E3	7.939621E1	3.668819E1
5.826000E1	1.165200E5	-1.411147E1	2.536548E1	2.902656E1	8.148706E3	7.179935E1	3.965363E1
5.826200E1	1.165240E5	-2.058272E1	2.019503E1	2.883552E1	8.392962E3	6.532811E1	4.482408E1
5.826400E1	1.165280E5	-2.508830E1	1.297113E1	2.824311E1	8.536965E3	6.082253E1	5.204798E1
5.826600E1	1.165320E5	-2.721392E1	4.949250E0	2.766031E1	8.622317E3	5.869690E1	6.006986E1
5.826800E1	1.165360E5	-2.722632E1	-3.415080E0	2.743967E1	8.740650E3	5.868451E1	6.843419E1
5.827000E1	1.165400E5	-2.463622E1	-1.130805E1	2.710747E1	8.830563E3	6.127461E1	7.632716E1
5.827200E1	1.165440E5	-1.980487E1	-1.812983E1	2.685002E1	8.995346E3	6.610596E1	8.314894E1
5.827400E1	1.165480E5	-1.310082E1	-2.328495E1	2.671742E1	8.933173E3	7.281001E1	8.830406E1
5.827600E1	1.165520E5	-5.466342E0	-2.617591E1	2.674059E1	8.799232E3	8.044449E1	9.119502E1
5.827800E1	1.165560E5	2.722603E0	-2.664857E1	2.678729E1	8.785933E3	8.863343E1	9.166768E1
5.828000E1	1.165600E5	1.054661E1	-2.443246E1	2.661158E1	8.818117E3	9.645744E1	8.945157E1
5.828200E1	1.165640E5	1.739877E1	-1.994039E1	2.646387E1	8.859322E3	1.033096E2	8.495950E1
5.828400E1	1.165680E5	2.271549E1	-1.376489E1	2.656060E1	8.915063E3	1.086263E2	7.878400E1
5.828600E1	1.165720E5	2.581114E1	-6.070009E0	2.651528E1	9.028449E3	1.117220E2	7.108912E1
5.828800E1	1.165760E5	2.659255E1	2.279414E0	2.669007E1	9.046366E3	1.125034E2	6.273969E1
5.829000E1	1.165800E5	2.486841E1	1.053127E1	2.700640E1	9.018004E3	1.107792E2	5.448784E1
5.829200E1	1.165840E5	2.082758E1	1.808678E1	2.758477E1	8.803795E3	1.067384E2	4.693233E1
5.829400E1	1.165880E5	1.482099E1	2.387297E1	2.809948E1	8.456122E3	1.007318E2	4.114614E1
5.829600E1	1.165920E5	7.524961E0	2.768826E1	2.869259E1	8.215083E3	9.343579E1	3.733085E1
5.829800E1	1.165960E5	-5.213165E-1	2.907554E1	2.908021E1	8.003558E3	8.538951E1	3.594357E1
5.830000E1	1.166000E5	-8.417830E0	2.786373E1	2.910751E1	7.999759E3	7.749300E1	3.715538E1
5.830200E1	1.166040E5	-1.579328E1	2.429517E1	2.897728E1	8.178443E3	7.011755E1	4.072394E1
5.830400E1	1.166080E5	-2.160923E1	1.844057E1	2.840798E1	8.343113E3	6.430160E1	4.657854E1
5.830600E1	1.166120E5	-2.569206E1	1.122529E1	2.803728E1	8.560854E3	6.021877E1	5.379382E1
5.830800E1	1.166160E5	-2.746171E1	2.999239E0	2.762501E1	8.726532E3	5.844911E1	6.201987E1
5.831000E1	1.166200E5	-2.676589E1	-5.350685E0	2.729547E1	8.782099E3	5.914494E1	7.036979E1
5.831200E1	1.166240E5	-2.361950E1	-1.303626E1	2.697823E1	8.857969E3	6.229133E1	7.805537E1
5.831400E1	1.166280E5	-1.842827E1	-1.958071E1	2.688876E1	8.880563E3	6.748256E1	8.459981E1
5.831600E1	1.166320E5	-1.154576E1	-2.411706E1	2.673831E1	8.891457E3	7.436507E1	8.913617E1
5.831800E1	1.166360E5	-3.580258E0	-2.648888E1	2.672974E1	8.846539E3	8.233057E1	9.150799E1
5.832000E1	1.166400E5	4.542004E0	-2.628464E1	2.667418E1	8.769494E3	9.045283E1	9.130374E1
5.832200E1	1.166440E5	1.224447E1	-2.364169E1	2.662436E1	8.848328E3	9.815530E1	8.866080E1
5.832400E1	1.166480E5	1.883577E1	-1.870653E1	2.654657E1	8.841079E3	1.047466E2	8.372564E1
5.832600E1	1.166520E5	2.356356E1	-1.213874E1	2.650642E1	8.909136E3	1.094744E2	7.715785E1
5.832800E1	1.166560E5	2.623788E1	-4.233731E0	2.657727E1	9.067689E3	1.121487E2	6.925284E1
5.833000E1	1.166600E5	2.658317E1	4.217760E0	2.691569E1	8.942071E3	1.124940E2	6.080135E1
5.833200E1	1.166640E5	2.440837E1	1.222391E1	2.729821E1	8.736301E3	1.103192E2	5.279520E1
5.833400E1	1.166680E5	1.994943E1	1.923855E1	2.771465E1	8.567502E3	1.058603E2	4.578055E1
5.833600E1	1.166720E5	1.374238E1	2.466190E1	2.823229E1	8.469563E3	9.965321E1	4.035721E1
5.833800E1	1.166760E5	6.061628E0	2.812885E1	2.877457E1	8.238712E3	9.197246E1	3.689026E1
5.834000E1	1.166800E5	-1.932711E0	2.889298E1	2.895755E1	7.995510E3	8.397812E1	3.612613E1
5.834200E1	1.166840E5	-9.813199E0	2.722582E1	2.894035E1	8.096657E3	7.609763E1	3.779329E1
5.834400E1	1.166880E5	-1.686289E1	2.302877E1	2.854262E1	8.312920E3	6.904794E1	4.199033E1
5.834600E1	1.166920E5	-2.248907E1	1.690201E1	2.813248E1	8.528454E3	6.342176E1	4.811710E1
5.834800E1	1.166960E5	-2.625716E1	9.387274E0	2.788476E1	8.565632E3	5.965366E1	5.563183E1
5.835000E1	1.167000E5	-2.752907E1	1.281259E0	2.755887E1	8.677205E3	5.838176E1	6.373785E1
5.835200E1	1.167040E5	-2.630999E1	-7.067559E0	2.724273E1	8.812492E3	5.960083E1	7.208667E1
5.835400E1	1.167080E5	-2.284313E1	-1.460050E1	2.711058E1	8.875780E3	6.306769E1	7.961961E1
5.835600E1	1.167120E5	-1.703666E1	-2.069604E1	2.680622E1	8.996362E3	6.887417E1	8.571514E1
5.835800E1	1.167160E5	-9.685605E0	-2.467757E1	2.651025E1	8.962077E3	7.622522E1	8.969668E1
5.836000E1	1.167200E5	-1.666494E0	-2.639718E1	2.644973E1	8.853662E3	8.424433E1	9.141629E1
5.836200E1	1.167240E5	6.416001E0	-2.576128E1	2.654823E1	8.685570E3	9.232683E1	9.078039E1
5.836400E1	1.167280E5	1.382944E1	-2.289829E1	2.675043E1	8.674662E3	9.974027E1	8.791740E1
5.836600E1	1.167320E5	2.001119E1	-1.759018E1	2.664324E1	8.945003E3	1.059220E2	8.260929E1
5.836800E1	1.167360E5	2.450462E1	-1.044710E1	2.663866E1	9.118111E3	1.104155E2	7.546620E1
5.837000E1	1.167400E5	2.658768E1	-2.252997E0	2.668297E1	9.033015E3	1.124985E2	6.727211E1
5.837200E1	1.167440E5	2.634111E1	6.101654E0	2.703857E1	8.847897E3	1.122519E2	5.891745E1
5.837400E1	1.167480E5	2.369665E1	1.398515E1	2.751574E1	8.752339E3	1.096075E2	5.103395E1
5.837600E1	1.167520E5	1.867603E1	2.077924E1	2.793870E1	8.637933E3	1.045869E2	4.423986E1
5.837800E1	1.167560E5	1.200119E1	2.585404E1	2.850368E1	8.270895E3	9.791202E1	3.916507E1
5.838000E1	1.167600E5	4.464802E0	2.862573E1	2.897183E1	8.039365E3	9.037563E1	3.639338E1
5.838200E1	1.167640E5	-3.694793E0	2.901432E1	2.924863E1	8.043270E3	8.221603E1	3.600479E1
5.838400E1	1.167680E5	-1.148018E1	2.664646E1	2.901428E1	8.107546E3	7.443064E1	3.837265E1
5.838600E1	1.167720E5	-1.835212E1	2.211514E1	2.873813E1	8.343142E3	6.755871E1	4.290396E1
5.838800E1	1.167760E5	-2.365378E1	1.554912E1	2.830682E1	8.467318E3	6.225705E1	4.946999E1
5.839000E1	1.167800E5	-2.672245E1	7.886817E0	2.786201E1	8.532238E3	5.918837E1	5.713229E1
5.839200E1	1.167840E5	-2.747363E1	-3.881917E-1	2.747637E1	8.700424E3	5.843720E1	6.540730E1
5.839400E1	1.167880E5	-2.573639E1	-8.540585E0	2.711648E1	8.813881E3	6.017444E1	7.355969E1
5.839600E1	1.167920E5	-2.159386E1	-1.572634E1	2.671352E1	9.018562E3	6.431697E1	8.074544E1
5.839800E1	1.167960E5	-1.557138E1	-2.177604E1	2.677057E1	9.047303E3	7.033945E1	8.679515E1
5.840000E1	1.168000E5	-8.197243E0	-2.561472E1	2.689440E1	8.745758E3	7.771359E1	9.063383E1
5.840200E1	1.168040E5	-2.729133E-1	-2.675759E1	2.675898E1	8.596947E3	8.563791E1	9.177670E1
5.840400E1	1.168080E5	7.700520E0	-2.576183E1	2.688810E1	8.678754E3	9.361135E1	9.078094E1
5.840600E1	1.168120E5	1.502335E1	-2.216384E1	2.677568E1	8.873300E3	1.009342E2	8.718295E1
5.840800E1	1.168160E5	2.109939E1	-1.640459E1	2.672629E1	9.044012E3	1.070102E2	8.142370E1
5.841000E1	1.168200E5	2.520238E1	-9.020437E0	2.676805E1	8.969451E3	1.111132E2	7.403954E1
5.841200E1	1.168240E5	2.691812E1	-9.338676E-1	2.693431E1	8.897550E3	1.128289E2	6.595298E1
5.841400E1	1.168280E5	2.618766E1	7.458217E0	2.722900E1	8.969463E3	1.120985E2	5.756089E1
5.841600E1	1.168320E5	2.303308E1	1.547227E1	2.774732E1	8.801318E3	1.089439E2	4.954684E1
5.841800E1	1.168360E5	1.785548E1	2.213026E1	2.843530E1	8.554464E3	1.037663E2	4.288885E1
5.842000E1	1.168400E5	1.069393E1	2.661374E1	2.868190E1	8.376703E3	9.660476E1	3.840537E1
5.842200E1	1.168440E5	2.730193E0	2.893083E1	2.905937E1	8.127099E3	8.864102E1	3.608827E1
5.842400E1	1.168480E5	-5.377435E0	2.868660E1	2.918626E1	8.043334E3	8.053339E1	3.633251E1
5.842600E1	1.168520E5	-1.309454E1	2.594268E1	2.906011E1	8.143799E3	7.281629E1	3.907643E1
5.842800E1	1.168560E5	-1.971231E1	2.099711E1	2.880024E1	8.327877E3	6.619852E1	4.402200E1
5.843000E1	1.168600E5	-2.449398E1	1.408817E1	2.825653E1	8.486784E3	6.141685E1	5.093093E1
5.843200E1	1.168640E5	-2.715863E1	6.200467E0	2.785744E1	8.614372E3	5.875220E1	5.881864E1
5.843400E1	1.168680E5	-2.749211E1	-2.188452E0	2.757907E1	8.690321E3	5.841872E1	6.720756E1
5.843600E1	1.168720E5	-2.525481E1	-1.015276E1	2.721918E1	8.750521E3	6.065602E1	7.517186E1
5.843800E1	1.168760E5	-2.086828E1	-1.723517E1	2.706541E1	8.905204E3	6.504255E1	8.225428E1
5.844000E1	1.168800E5	-1.439480E1	-2.261409E1	2.680686E1	8.913127E3	7.151603E1	8.763320E1
5.844200E1	1.168840E5	-6.797770E0	-2.573927E1	2.662179E1	8.867109E3	7.911306E1	9.075837E1
5.844400E1	1.168880E5	1.401068E0	-2.682344E1	2.686001E1	8.795521E3	8.731190E1	9.184255E1
5.844600E1	1.168920E5	9.391928E0	-2.527035E1	2.695921E1	8.717527E3	9.530276E1	9.028946E1
5.844800E1	1.168960E5	1.644940E1	-2.116055E1	2.680208E1	8.791501E3	1.023602E2	8.617966E1
5.845000E1	1.169000E5	2.203079E1	-1.511080E1	2.671502E1	8.968831E3	1.079416E2	8.012991E1
5.845200E1	1.169040E5	2.568875E1	-7.494671E0	2.675971E1	9.095610E3	1.115996E2	7.251378E1
5.845400E1	1.169080E5	2.679199E1	9.058361E-1	2.680730E1	9.024330E3	1.127028E2	6.411327E1
5.845600E1	1.169120E5	2.552084E1	9.204555E0	2.713000E1	8.813561E3	1.114317E2	5.581455E1
5.845800E1	1.169160E5	2.195316E1	1.665772E1	2.755759E1	8.619536E3	1.078640E2	4.836139E1
5.846000E1	1.169200E5	1.651311E1	2.298966E1	2.830561E1	8.434071E3	1.024239E2	4.202945E1
5.846200E1	1.169240E5	9.385581E0	2.714524E1	2.872200E1	8.250686E3	9.529641E1	3.787387E1
5.846400E1	1.169280E5	1.355181E0	2.888278E1	2.891456E1	8.104561E3	8.726601E1	3.613633E1
5.846600E1	1.169320E5	-6.695622E0	2.822499E1	2.900830E1	8.092156E3	7.921521E1	3.679411E1
5.846800E1	1.169360E5	-1.421076E1	2.493203E1	2.869759E1	8.240042E3	7.170007E1	4.008708E1
5.847000E1	1.169400E5	-2.059576E1	1.967804E1	2.848527E1	8.356441E3	6.531507E1	4.534106E1
5.847200E1	1.169440E5	-2.503053E1	1.269429E1	2.806550E1	8.443371E3	6.088030E1	5.232481E1
5.847400E1	1.169480E5	-2.716634E1	4.751619E0	2.757876E1	8.551229E3	5.874449E1	6.026749E1
5.847600E1	1.169520E5	-2.715901E1	-3.485391E0	2.738174E1	8.670300E3	5.875182E1	6.850450E1
5.847800E1	1.169560E5	-2.461433E1	-1.135260E1	2.710621E1	8.847909E3	6.129650E1	7.637170E1
5.848000E1	1.169600E5	-1.970195E1	-1.818336E1	2.681047E1	9.023568E3	6.620888E1	8.320247E1
5.848200E1	1.169640E5	-1.299708E1	-2.330739E1	2.668630E1	9.068879E3	7.291375E1	8.832650E1
5.848400E1	1.169680E5	-5.098183E0	-2.617935E1	2.667114E1	8.823743E3	8.081264E1	9.119846E1
5.848600E1	1.169720E5	2.866517E0	-2.660602E1	2.675999E1	8.639279E3	8.877735E1	9.162513E1
5.848800E1	1.169760E5	1.061351E1	-2.436611E1	2.657732E1	8.778707E3	9.652434E1	8.938522E1
5.849000E1	1.169800E5	1.744250E1	-1.987948E1	2.644682E1	8.857817E3	1.033533E2	8.489859E1
5.849200E1	1.169840E5	2.273382E1	-1.367688E1	2.653081E1	9.044320E3	1.086447E2	7.869599E1
5.849400E1	1.169880E5	2.580585E1	-5.748716E0	2.643841E1	9.078359E3	1.117167E2	7.076782E1
5.849600E1	1.169920E5	2.646225E1	2.446410E0	2.657510E1	9.052162E3	1.123731E2	6.257270E1
5.849800E1	1.169960E5	2.488165E1	1.089642E1	2.716300E1	8.973032E3	1.107925E2	5.412269E1
5.850000E1	1.170000E5	2.081571E1	1.820613E1	2.765424E1	8.660791E3	1.067265E2	4.681298E1
5.850200E1	1.170040E5	1.478003E1	2.392456E1	2.812177E1	8.412679E3	1.006909E2	4.109455E1
5.850400E1	1.170080E5	7.505939E0	2.767372E1	2.867358E1	8.181497E3	9.341677E1	3.734539E1
5.850600E1	1.170120E5	-5.166397E-1	2.904062E1	2.904521E1	8.011076E3	8.539419E1	3.597849E1
5.850800E1	1.170160E5	-8.441817E0	2.783930E1	2.909108E1	8.010893E3	7.746901E1	3.717980E1
5.851000E1	1.170200E5	-1.579697E1	2.426695E1	2.895564E1	8.167763E3	7.011386E1	4.075216E1
5.851200E1	1.170240E5	-2.160408E1	1.842548E1	2.839427E1	8.342585E3	6.430675E1	4.659363E1
5.851400E1	1.170280E5	-2.565492E1	1.119071E1	2.798941E1	8.574325E3	6.025591E1	5.382840E1
5.851600E1	1.170320E5	-2.740670E1	2.959208E0	2.756600E1	8.717195E3	5.850413E1	6.205990E1
5.851800E1	1.170360E5	-2.673019E1	-5.342137E0	2.725879E1	8.763007E3	5.918063E1	7.036125E1
5.852000E1	1.170400E5	-2.358558E1	-1.301428E1	2.693791E1	8.860323E3	6.232525E1	7.803338E1
5.852200E1	1.170440E5	-1.839214E1	-1.954676E1	2.683928E1	8.892400E3	6.751869E1	8.456587E1
5.852400E1	1.170480E5	-1.151894E1	-2.410561E1	2.671640E1	8.899220E3	7.439189E1	8.912471E1
5.852600E1	1.170520E5	-3.565878E0	-2.651342E1	2.675213E1	8.830825E3	8.234495E1	9.153252E1
5.852800E1	1.170560E5	4.535750E0	-2.630749E1	2.669563E1	8.763334E3	9.044658E1	9.132659E1
5.853000E1	1.170600E5	1.225167E1	-2.364253E1	2.662841E1	8.850908E3	9.816250E1	8.866163E1
5.853200E1	1.170640E5	1.883048E1	-1.870862E1	2.654429E1	8.826113E3	1.047413E2	8.372773E1
5.853400E1	1.170680E5	2.354766E1	-1.215497E1	2.649972E1	8.891297E3	1.094585E2	7.717408E1
5.853600E1	1.170720E5	2.622657E1	-4.270716E0	2.657201E1	9.076406E3	1.121374E2	6.928982E1
5.853800E1	1.170760E5	2.661108E1	4.216437E0	2.694305E1	8.954029E3	1.125219E2	6.080267E1
5.854000E1	1.170800E5	2.441204E1	1.220721E1	2.729402E1	8.724270E3	1.103229E2	5.281190E1
5.854200E1	1.170840E5	1.997757E1	1.922522E1	2.772567E1	8.551283E3	1.058884E2	4.579388E1
5.854400E1	1.170880E5	1.379206E1	2.465012E1	2.824623E1	8.469761E3	9.970289E1	4.036898E1
5.854600E1	1.170920E5	6.095059E0	2.814225E1	2.879472E1	8.254198E3	9.200589E1	3.687686E1
5.854800E1	1.170960E5	-1.915306E0	2.891864E1	2.898200E1	8.001295E3	8.399552E1	3.610047E1
5.855000E1	1.171000E5	-9.799955E0	2.724312E1	2.895215E1	8.105780E3	7.611087E1	3.777598E1
5.855200E1	1.171040E5	-1.687017E1	2.303976E1	2.855579E1	8.314398E3	6.904065E1	4.197935E1
5.855400E1	1.171080E5	-2.248079E1	1.691444E1	2.813333E1	8.499798E3	6.343004E1	4.810467E1
5.855600E1	1.171120E5	-2.624299E1	9.442095E0	2.788992E1	8.545778E3	5.966784E1	5.557701E1
5.855800E1	1.171160E5	-2.760803E1	1.337948E0	2.764044E1	8.550975E3	5.830279E1	6.368116E1
5.856000E1	1.171200E5	-2.625545E1	-6.748786E0	2.710894E1	8.776682E3	5.965538E1	7.176789E1
5.856200E1	1.171240E5	-2.285314E1	-1.446515E1	2.704638E1	8.995674E3	6.305768E1	7.948426E1
5.856400E1	1.171280E5	-1.705199E1	-2.061093E1	2.675034E1	9.034524E3	6.885884E1	8.563004E1
5.856600E1	1.171320E5	-9.739919E0	-2.468870E1	2.654050E1	8.970853E3	7.617091E1	8.970781E1
5.856800E1	1.171360E5	-1.717188E0	-2.642202E1	2.647777E1	8.834674E3	8.419364E1	9.144113E1
5.857000E1	1.171400E5	6.337284E0	-2.578330E1	2.655070E1	8.694852E3	9.224811E1	9.080241E1
5.857200E1	1.171440E5	1.380255E1	-2.291606E1	2.675175E1	8.697589E3	9.971338E1	8.793517E1
5.857400E1	1.171480E5	1.999202E1	-1.762573E1	2.665235E1	8.971427E3	1.059029E2	8.264484E1
5.857600E1	1.171520E5	2.450474E1	-1.042858E1	2.663151E1	9.116707E3	1.104156E2	7.544769E1
5.857800E1	1.171560E5	2.659428E1	-2.295744E0	2.669319E1	9.016664E3	1.125051E2	6.731485E1
5.858000E1	1.171600E5	2.632041E1	6.082983E0	2.701420E1	8.876350E3	1.122312E2	5.893613E1
5.858200E1	1.171640E5	2.368178E1	1.398952E1	2.750516E1	8.756331E3	1.095926E2	5.102959E1
5.858400E1	1.171680E5	1.867495E1	2.076877E1	2.793019E1	8.641032E3	1.045858E2	4.425034E1
5.858600E1	1.171720E5	1.198156E1	2.585424E1	2.849561E1	8.282953E3	9.789239E1	3.916486E1
5.858800E1	1.171760E5	4.448185E0	2.863579E1	2.897922E1	8.040743E3	9.035901E1	3.638331E1
5.859000E1	1.171800E5	-3.717555E0	2.902534E1	2.926244E1	8.038548E3	8.219327E1	3.599377E1
5.859200E1	1.171840E5	-1.150313E1	2.667840E1	2.905270E1	8.128181E3	7.440769E1	3.834071E1
5.859400E1	1.171880E5	-1.841356E1	2.209170E1	2.875939E1	8.350192E3	6.749726E1	4.292741E1
5.859600E1	1.171920E5	-2.368384E1	1.554235E1	2.832823E1	8.451320E3	6.222699E1	4.947676E1
5.859800E1	1.171960E5	-2.675773E1	7.866758E0	2.789018E1	8.550645E3	5.915310E1	5.715235E1
5.860000E1	1.172000E5	-2.748130E1	-4.451351E-1	2.748490E1	8.701213E3	5.842953E1	6.546424E1
5.860200E1	1.172040E5	-2.572959E1	-8.569842E0	2.711926E1	8.807947E3	6.018124E1	7.358895E1
5.860400E1	1.172080E5	-2.155392E1	-1.575186E1	2.669630E1	9.017321E3	6.435691E1	8.077096E1
5.860600E1	1.172120E5	-1.552848E1	-2.176275E1	2.673482E1	9.069426E3	7.038235E1	8.678186E1
5.860800E1	1.172160E5	-8.092161E0	-2.556773E1	2.681776E1	8.950568E3	7.781867E1	9.058684E1
5.861000E1	1.172200E5	1.365840E-1	-2.669937E1	2.669972E1	8.874802E3	8.604741E1	9.171848E1
5.861200E1	1.172240E5	8.313602E0	-2.568317E1	2.699521E1	8.762095E3	9.422443E1	9.070228E1
5.861400E1	1.172280E5	1.551467E1	-2.187854E1	2.682118E1	8.710968E3	1.014255E2	8.689765E1
5.861600E1	1.172320E5	2.131634E1	-1.619139E1	2.676840E1	8.846286E3	1.072272E2	8.121050E1
5.861800E1	1.172360E5	2.529075E1	-8.843503E0	2.679234E1	8.885668E3	1.112016E2	7.386261E1
5.862000E1	1.172400E5	2.697086E1	-7.895326E-1	2.698242E1	8.839476E3	1.128817E2	6.580864E1
5.862200E1	1.172440E5	2.617184E1	7.546458E0	2.723810E1	8.928690E3	1.120827E2	5.747265E1
5.862400E1	1.172480E5	2.295653E1	1.550653E1	2.770297E1	8.798736E3	1.088674E2	4.951258E1
5.862600E1	1.172520E5	1.778781E1	2.218652E1	2.843673E1	8.563878E3	1.036986E2	4.283259E1
5.862800E1	1.172560E5	1.059042E1	2.660376E1	2.863419E1	8.375967E3	9.650124E1	3.841535E1
5.863000E1	1.172600E5	2.643059E0	2.894909E1	2.906950E1	8.139215E3	8.855389E1	3.607001E1
5.863200E1	1.172640E5	-5.479660E0	2.858884E1	2.910925E1	8.061017E3	8.043117E1	3.643027E1
5.863400E1	1.172680E5	-1.318926E1	2.585480E1	2.902460E1	8.150453E3	7.272156E1	3.916431E1
5.863600E1	1.172720E5	-1.977082E1	2.086896E1	2.874716E1	8.335445E3	6.614000E1	4.415014E1
5.863800E1	1.172760E5	-2.448821E1	1.392866E1	2.817233E1	8.515459E3	6.142261E1	5.109045E1
5.864000E1	1.172800E5	-2.711694E1	6.004725E0	2.777382E1	8.648698E3	5.879389E1	5.901438E1
5.864200E1	1.172840E5	-2.741422E1	-2.381071E0	2.751743E1	8.678173E3	5.849661E1	6.740018E1
5.864400E1	1.172880E5	-2.513796E1	-1.027228E1	2.715579E1	8.749003E3	6.077286E1	7.529139E1
5.864600E1	1.172920E5	-2.067566E1	-1.732435E1	2.697436E1	8.959856E3	6.523517E1	8.234346E1
5.864800E1	1.172960E5	-1.415729E1	-2.271469E1	2.676538E1	8.980711E3	7.175354E1	8.773380E1
5.865000E1	1.173000E5	-6.563586E0	-2.609765E1	2.691037E1	8.803007E3	7.934724E1	9.111676E1
5.865200E1	1.173040E5	1.537402E0	-2.684151E1	2.688550E1	8.720870E3	8.744823E1	9.186062E1
5.865400E1	1.173080E5	9.547339E0	-2.517812E1	2.692748E1	8.768252E3	9.545817E1	9.019723E1
5.865600E1	1.173120E5	1.657575E1	-2.095006E1	2.671442E1	8.824947E3	1.024866E2	8.596916E1
5.865800E1	1.173160E5	2.209764E1	-1.486798E1	2.663386E1	8.990478E3	1.080085E2	7.988708E1
5.866000E1	1.173200E5	2.568186E1	-7.212523E0	2.667543E1	9.112352E3	1.115927E2	7.223163E1
5.866200E1	1.173240E5	2.674717E1	1.175065E0	2.677297E1	9.037777E3	1.126580E2	6.384404E1
5.866400E1	1.173280E5	2.524610E1	9.421142E0	2.694667E1	8.968598E3	1.111569E2	5.559797E1
5.866600E1	1.173320E5	2.172164E1	1.721013E1	2.771314E1	8.783169E3	1.076325E2	4.780898E1
5.866800E1	1.173360E5	1.589158E1	2.320633E1	2.812607E1	8.482048E3	1.018024E2	4.181278E1
5.867000E1	1.173400E5	8.654056E0	2.714635E1	2.849240E1	8.299517E3	9.456488E1	3.787276E1
5.867200E1	1.173440E5	6.058476E-1	2.880096E1	2.880733E1	8.135041E3	8.651668E1	3.621815E1
5.867400E1	1.173480E5	-7.436773E0	2.803160E1	2.900131E1	8.029151E3	7.847406E1	3.698751E1
5.867600E1	1.173520E5	-1.485468E1	2.480904E1	2.891626E1	8.066223E3	7.105615E1	4.021007E1
5.867800E1	1.173560E5	-2.086573E1	1.937393E1	2.847328E1	8.244619E3	6.504509E1	4.564518E1
5.868000E1	1.173600E5	-2.518873E1	1.234528E1	2.805134E1	8.473944E3	6.072210E1	5.267383E1
5.868200E1	1.173640E5	-2.743577E1	4.336105E0	2.777631E1	8.639792E3	5.847506E1	6.068300E1
5.868400E1	1.173680E5	-2.696705E1	-4.005796E0	2.726294E1	8.889694E3	5.894378E1	6.902490E1
5.868600E1	1.173720E5	-2.402066E1	-1.201697E1	2.685888E1	9.076409E3	6.189017E1	7.703607E1
5.868800E1	1.173760E5	-1.895206E1	-1.879054E1	2.668829E1	9.085547E3	6.695877E1	8.380965E1
5.869000E1	1.173800E5	-1.218586E1	-2.383367E1	2.676825E1	8.892398E3	7.372496E1	8.885278E1
5.869200E1	1.173840E5	-4.532559E0	-2.658472E1	2.696834E1	8.677739E3	8.137827E1	9.160383E1
5.869400E1	1.173880E5	3.561645E0	-2.658407E1	2.682160E1	8.685311E3	8.947247E1	9.160318E1
5.869600E1	1.173920E5	1.129043E1	-2.414015E1	2.664997E1	8.828303E3	9.720125E1	8.915926E1
5.869800E1	1.173960E5	1.814297E1	-1.949407E1	2.663054E1	8.954640E3	1.040538E2	8.451317E1
5.870000E1	1.174000E5	2.329047E1	-1.297172E1	2.665918E1	8.926276E3	1.092013E2	7.799083E1
5.870200E1	1.174040E5	2.622514E1	-5.264499E0	2.674833E1	8.990889E3	1.121360E2	7.028361E1
5.870400E1	1.174080E5	2.687011E1	3.226782E0	2.706316E1	8.987855E3	1.127809E2	6.179233E1
5.870600E1	1.174120E5	2.472451E1	1.132007E1	2.719274E1	8.925633E3	1.106353E2	5.369904E1
5.870800E1	1.174160E5	2.047077E1	1.879108E1	2.778772E1	8.736204E3	1.063816E2	4.622802E1
5.871000E1	1.174200E5	1.439868E1	2.448846E1	2.840787E1	8.362037E3	1.003095E2	4.053064E1
5.871200E1	1.174240E5	7.026064E0	2.817673E1	2.903952E1	8.097533E3	9.293689E1	3.684238E1
5.871400E1	1.174280E5	-9.838100E-1	2.911165E1	2.912827E1	7.914506E3	8.492702E1	3.590746E1
5.871600E1	1.174320E5	-8.812261E0	2.768508E1	2.905374E1	7.995842E3	7.709857E1	3.733403E1
5.871800E1	1.174360E5	-1.606601E1	2.389171E1	2.879115E1	8.242835E3	6.984482E1	4.112740E1
5.872000E1	1.174400E5	-2.184009E1	1.792192E1	2.825216E1	8.479867E3	6.407073E1	4.709719E1
5.872200E1	1.174440E5	-2.576528E1	1.049449E1	2.782057E1	8.590126E3	6.014555E1	5.452462E1
5.872400E1	1.174480E5	-2.736503E1	2.399759E0	2.747005E1	8.641796E3	5.854580E1	6.261935E1
5.872600E1	1.174520E5	-2.644081E1	-5.816078E0	2.707293E1	8.814306E3	5.947002E1	7.083519E1
5.872800E1	1.174560E5	-2.329086E1	-1.358039E1	2.696092E1	8.926382E3	6.261997E1	7.859950E1
5.873000E1	1.174600E5	-1.785495E1	-1.990741E1	2.674143E1	9.042332E3	6.805588E1	8.492652E1
5.873200E1	1.174640E5	-1.069440E1	-2.449582E1	2.672855E1	9.022553E3	7.521643E1	8.951493E1
5.873400E1	1.174680E5	-2.693345E0	-2.652147E1	2.665788E1	8.839982E3	8.321748E1	9.154058E1
5.873600E1	1.174720E5	5.438504E0	-2.609001E1	2.665081E1	8.773099E3	9.134933E1	9.110912E1
5.873800E1	1.174760E5	1.304387E1	-2.324989E1	2.665895E1	8.802884E3	9.895469E1	8.826900E1
5.874000E1	1.174800E5	1.953594E1	-1.822629E1	2.671798E1	8.878768E3	1.054468E2	8.324539E1
5.874200E1	1.174840E5	2.411177E1	-1.134163E1	2.664602E1	8.997492E3	1.100226E2	7.636074E1
5.874400E1	1.174880E5	2.660057E1	-3.277316E0	2.680170E1	9.045019E3	1.125114E2	6.829642E1
5.874600E1	1.174920E5	2.656244E1	5.157848E0	2.705858E1	8.839473E3	1.124733E2	5.986126E1
5.874800E1	1.174960E5	2.415100E1	1.302256E1	2.743825E1	8.660515E3	1.100618E2	5.199655E1
5.875000E1	1.175000E5	1.956297E1	1.999861E1	2.797595E1	8.587532E3	1.054738E2	4.502050E1
5.875200E1	1.175040E5	1.303367E1	2.523531E1	2.840242E1	8.355742E3	9.894450E1	3.978380E1
5.875400E1	1.175080E5	5.458719E0	2.822433E1	2.874736E1	8.169970E3	9.136955E1	3.679478E1
5.875600E1	1.175120E5	-2.701271E0	2.876839E1	2.889494E1	8.124426E3	8.320956E1	3.625071E1
5.875800E1	1.175160E5	-1.060046E1	2.683996E1	2.885746E1	8.139312E3	7.531037E1	3.817915E1
5.876000E1	1.175200E5	-1.760007E1	2.259084E1	2.863754E1	8.263749E3	6.831076E1	4.242826E1
5.876200E1	1.175240E5	-2.302599E1	1.635975E1	2.824602E1	8.407240E3	6.288483E1	4.865936E1
5.876400E1	1.175280E5	-2.637734E1	8.799946E0	2.780653E1	8.574137E3	5.953349E1	5.621916E1
5.876600E1	1.175320E5	-2.749131E1	5.263634E-1	2.749635E1	8.753762E3	5.841952E1	6.449274E1
5.876800E1	1.175360E5	-2.592441E1	-7.711379E0	2.704701E1	8.990786E3	5.998641E1	7.273049E1
5.877000E1	1.175400E5	-2.203724E1	-1.535411E1	2.685868E1	9.104645E3	6.387359E1	8.037322E1
5.877200E1	1.175440E5	-1.606096E1	-2.130125E1	2.667766E1	9.006054E3	6.984987E1	8.632035E1
5.877400E1	1.175480E5	-8.726361E0	-2.518669E1	2.665555E1	8.861215E3	7.718447E1	9.020579E1
5.877600E1	1.175520E5	-7.331145E-1	-2.672860E1	2.673865E1	8.731077E3	8.517771E1	9.174771E1
5.877800E1	1.175560E5	7.355380E0	-2.596779E1	2.698940E1	8.671635E3	9.326621E1	9.098689E1
5.878000E1	1.175600E5	1.472834E1	-2.257994E1	2.695881E1	8.730546E3	1.006392E2	8.759905E1
5.878200E1	1.175640E5	2.063015E1	-1.686337E1	2.664538E1	8.874600E3	1.065410E2	8.188247E1
5.878400E1	1.175680E5	2.477162E1	-9.701000E0	2.660343E1	8.916452E3	1.106824E2	7.472011E1
5.878600E1	1.175720E5	2.649263E1	-1.665486E0	2.654493E1	9.068065E3	1.124035E2	6.668459E1
5.878800E1	1.175760E5	2.603260E1	6.919968E0	2.693664E1	9.037599E3	1.119434E2	5.809914E1
5.879000E1	1.175800E5	2.321778E1	1.482167E1	2.754537E1	8.750644E3	1.091286E2	5.019744E1
5.879200E1	1.175840E5	1.810280E1	2.148913E1	2.809794E1	8.547753E3	1.040136E2	4.352998E1
5.879400E1	1.175880E5	1.136490E1	2.644512E1	2.878377E1	8.316050E3	9.727573E1	3.857399E1
5.879600E1	1.175920E5	3.484512E0	2.901889E1	2.922734E1	8.103046E3	8.939534E1	3.600022E1
5.879800E1	1.175960E5	-4.650429E0	2.885181E1	2.922420E1	8.079021E3	8.126040E1	3.616730E1
5.880000E1	1.176000E5	-1.248366E1	2.620909E1	2.903029E1	8.247404E3	7.342717E1	3.881002E1
5.880200E1	1.176040E5	-1.917076E1	2.118250E1	2.856950E1	8.436039E3	6.674006E1	4.383661E1
5.880400E1	1.176080E5	-2.423574E1	1.443989E1	2.821137E1	8.447649E3	6.167509E1	5.057922E1
5.880600E1	1.176120E5	-2.713183E1	6.796632E0	2.797017E1	8.510774E3	5.877899E1	5.822248E1
5.880800E1	1.176160E5	-2.764452E1	-1.572768E0	2.768922E1	8.650105E3	5.826631E1	6.659188E1
5.881000E1	1.176200E5	-2.545183E1	-9.534789E0	2.717918E1	8.698955E3	6.045900E1	7.455390E1
5.881200E1	1.176240E5	-2.114844E1	-1.655391E1	2.685682E1	8.892469E3	6.476239E1	8.157302E1
5.881400E1	1.176280E5	-1.485425E1	-2.211120E1	2.663745E1	9.098504E3	7.105657E1	8.713031E1
5.881600E1	1.176320E5	-7.133168E0	-2.562761E1	2.660181E1	8.948595E3	7.877766E1	9.064672E1
5.881800E1	1.176360E5	8.800587E-1	-2.651142E1	2.652602E1	8.722107E3	8.679089E1	9.153053E1
5.882000E1	1.176400E5	8.780061E0	-2.502367E1	2.651930E1	8.804268E3	9.469089E1	9.004277E1
5.882200E1	1.176440E5	1.595293E1	-2.107953E1	2.643563E1	8.942533E3	1.018638E2	8.609864E1
5.882400E1	1.176480E5	2.180501E1	-1.520879E1	2.658507E1	9.006103E3	1.077158E2	8.022790E1
5.882600E1	1.176520E5	2.536005E1	-7.684309E0	2.649869E1	9.145859E3	1.112709E2	7.270342E1
5.882800E1	1.176560E5	2.669662E1	7.867528E-1	2.670821E1	9.132310E3	1.126075E2	6.423236E1
5.883000E1	1.176600E5	2.549411E1	9.114152E0	2.707429E1	8.843473E3	1.114049E2	5.590496E1
5.883200E1	1.176640E5	2.196839E1	1.659162E1	2.752984E1	8.629748E3	1.078792E2	4.842749E1
5.883400E1	1.176680E5	1.656639E1	2.296224E1	2.831448E1	8.452231E3	1.024772E2	4.205687E1
5.883600E1	1.176720E5	9.411977E0	2.713549E1	2.872143E1	8.277354E3	9.532280E1	3.788361E1
5.883800E1	1.176760E5	1.363486E0	2.891689E1	2.894902E1	8.130857E3	8.727431E1	3.610222E1
5.884000E1	1.176800E5	-6.728405E0	2.825543E1	2.904549E1	8.093318E3	7.918242E1	3.676368E1
5.884200E1	1.176840E5	-1.423631E1	2.498558E1	2.875677E1	8.227202E3	7.167452E1	4.003353E1
5.884400E1	1.176880E5	-2.061736E1	1.970026E1	2.851624E1	8.369149E3	6.529347E1	4.531885E1
5.884600E1	1.176920E5	-2.510825E1	1.271046E1	2.814214E1	8.479388E3	6.080258E1	5.230865E1
5.884800E1	1.176960E5	-2.746813E1	4.734389E0	2.787316E1	8.562438E3	5.844269E1	6.028472E1
5.885000E1	1.177000E5	-2.726813E1	-3.541520E0	2.749715E1	8.634169E3	5.864270E1	6.856063E1
5.885200E1	1.177040E5	-2.462540E1	-1.135627E1	2.711781E1	8.853152E3	6.128542E1	7.637538E1
5.885400E1	1.177080E5	-1.966859E1	-1.822137E1	2.681178E1	9.054222E3	6.624223E1	8.324048E1
5.885600E1	1.177120E5	-1.294564E1	-2.332975E1	2.668083E1	9.095089E3	7.296519E1	8.834886E1
5.885800E1	1.177160E5	-4.993152E0	-2.615761E1	2.662991E1	9.008714E3	8.091768E1	9.117672E1
5.886000E1	1.177200E5	3.263805E0	-2.654693E1	2.674681E1	8.843125E3	8.917463E1	9.156604E1
5.886200E1	1.177240E5	1.108858E1	-2.425817E1	2.667237E1	8.801128E3	9.699941E1	8.927728E1
5.886400E1	1.177280E5	1.790804E1	-1.974043E1	2.665300E1	8.808234E3	1.038189E2	8.475953E1
5.886600E1	1.177320E5	2.322685E1	-1.351921E1	2.687481E1	8.918692E3	1.091377E2	7.853831E1
5.886800E1	1.177360E5	2.626732E1	-5.636825E0	2.686533E1	9.039273E3	1.121781E2	7.065593E1
5.887000E1	1.177400E5	2.697239E1	2.813739E0	2.711876E1	8.918047E3	1.128832E2	6.220537E1
5.887200E1	1.177440E5	2.534121E1	1.105051E1	2.764581E1	8.761401E3	1.112520E2	5.396860E1
5.887400E1	1.177480E5	2.110647E1	1.834829E1	2.796682E1	8.647311E3	1.070173E2	4.667081E1
5.887600E1	1.177520E5	1.514270E1	2.437492E1	2.869561E1	8.396006E3	1.010535E2	4.064419E1
5.887800E1	1.177560E5	7.747158E0	2.809741E1	2.914589E1	8.248501E3	9.365799E1	3.692170E1
5.888000E1	1.177600E5	-5.819551E-1	2.914873E1	2.915454E1	8.149290E3	8.532887E1	3.587038E1
5.888200E1	1.177640E5	-8.580992E0	2.775105E1	2.904745E1	8.076396E3	7.732984E1	3.726805E1
5.888400E1	1.177680E5	-1.591317E1	2.408843E1	2.887008E1	8.239144E3	6.999766E1	4.093068E1
5.888600E1	1.177720E5	-2.170294E1	1.812147E1	2.827375E1	8.500692E3	6.420789E1	4.689764E1
5.888800E1	1.177760E5	-2.569237E1	1.066729E1	2.781886E1	8.619382E3	6.021846E1	5.435181E1
5.889000E1	1.177800E5	-2.736632E1	2.578975E0	2.748757E1	8.630454E3	5.854451E1	6.244013E1
5.889200E1	1.177840E5	-2.662214E1	-5.646048E0	2.721426E1	8.713596E3	5.928869E1	7.066516E1
5.889400E1	1.177880E5	-2.338185E1	-1.321308E1	2.685696E1	8.930546E3	6.252898E1	7.823219E1
5.889600E1	1.177920E5	-1.799384E1	-1.977227E1	2.673427E1	9.163593E3	6.791699E1	8.479138E1
5.889800E1	1.177960E5	-1.082886E1	-2.446572E1	2.675511E1	9.055754E3	7.508196E1	8.948483E1
5.890000E1	1.178000E5	-2.827012E0	-2.653686E1	2.668702E1	8.862271E3	8.308382E1	9.155597E1
5.890200E1	1.178040E5	5.351274E0	-2.612900E1	2.667135E1	8.792736E3	9.126210E1	9.114811E1
5.890400E1	1.178080E5	1.298118E1	-2.333210E1	2.670015E1	8.808043E3	9.889201E1	8.835120E1
5.890600E1	1.178120E5	1.951722E1	-1.832378E1	2.677093E1	8.885334E3	1.054280E2	8.334288E1
5.890800E1	1.178160E5	2.410698E1	-1.143064E1	2.667969E1	8.992950E3	1.100178E2	7.644975E1
5.891000E1	1.178200E5	2.658363E1	-3.368562E0	2.679620E1	9.060069E3	1.124945E2	6.838767E1
5.891200E1	1.178240E5	2.655622E1	5.100312E0	2.704156E1	8.873844E3	1.124670E2	5.991880E1
5.891400E1	1.178280E5	2.414724E1	1.298760E1	2.741837E1	8.688914E3	1.100581E2	5.203151E1
5.891600E1	1.178320E5	1.957226E1	2.000562E1	2.798746E1	8.602270E3	1.054831E2	4.501349E1
5.891800E1	1.178360E5	1.303099E1	2.522835E1	2.839501E1	8.353811E3	9.894182E1	3.979075E1
5.892000E1	1.178400E5	5.468528E0	2.824520E1	2.876971E1	8.164397E3	9.137936E1	3.677391E1
5.892200E1	1.178440E5	-2.688033E0	2.875642E1	2.888178E1	8.131796E3	8.322280E1	3.626269E1
5.892400E1	1.178480E5	-1.061225E1	2.684487E1	2.886636E1	8.149465E3	7.529858E1	3.817424E1
5.892600E1	1.178520E5	-1.758634E1	2.255967E1	2.860451E1	8.279297E3	6.832449E1	4.245944E1
5.892800E1	1.178560E5	-2.304992E1	1.632813E1	2.824724E1	8.414573E3	6.286091E1	4.869098E1
5.893000E1	1.178600E5	-2.635285E1	8.768260E0	2.777328E1	8.581153E3	5.955797E1	5.625085E1
5.893200E1	1.178640E5	-2.745662E1	4.737128E-1	2.746071E1	8.772721E3	5.845421E1	6.454540E1
5.893400E1	1.178680E5	-2.590580E1	-7.765852E0	2.704475E1	8.986778E3	6.000503E1	7.278496E1
5.893600E1	1.178720E5	-2.200968E1	-1.538770E1	2.685530E1	9.102689E3	6.390115E1	8.040681E1
5.893800E1	1.178760E5	-1.599728E1	-2.130487E1	2.664227E1	9.029557E3	6.991354E1	8.632398E1
5.894000E1	1.178800E5	-8.638191E0	-2.519695E1	2.663652E1	8.882926E3	7.727264E1	9.021605E1
5.894200E1	1.178840E5	-6.394099E-1	-2.673144E1	2.673909E1	8.736413E3	8.527142E1	9.175055E1
5.894400E1	1.178880E5	7.436575E0	-2.589594E1	2.694257E1	8.684756E3	9.334740E1	9.091505E1
5.894600E1	1.178920E5	1.482893E1	-2.251593E1	2.696042E1	8.754823E3	1.007398E2	8.753504E1
5.894800E1	1.178960E5	2.070923E1	-1.674498E1	2.663206E1	8.884190E3	1.066201E2	8.176408E1
5.895000E1	1.179000E5	2.478489E1	-9.560941E0	2.656506E1	9.092416E3	1.106957E2	7.458005E1
5.895200E1	1.179040E5	2.651228E1	-1.198577E0	2.653936E1	9.122619E3	1.124231E2	6.621769E1
5.895400E1	1.179080E5	2.597664E1	7.153215E0	2.694354E1	8.863177E3	1.118875E2	5.786589E1
5.895600E1	1.179120E5	2.312108E1	1.493723E1	2.752644E1	8.700178E3	1.090319E2	5.008188E1
5.895800E1	1.179160E5	1.795435E1	2.154698E1	2.804695E1	8.564055E3	1.038652E2	4.347213E1
5.896000E1	1.179200E5	1.117494E1	2.648114E1	2.874248E1	8.313972E3	9.708577E1	3.853797E1
5.896200E1	1.179240E5	3.327424E0	2.899123E1	2.918156E1	8.103448E3	8.923825E1	3.602788E1
5.896400E1	1.179280E5	-4.838221E0	2.880632E1	2.920980E1	8.094204E3	8.107261E1	3.621278E1
5.896600E1	1.179320E5	-1.261551E1	2.606226E1	2.895501E1	8.254710E3	7.329532E1	3.895685E1
5.896800E1	1.179360E5	-1.928299E1	2.100460E1	2.851363E1	8.493494E3	6.662783E1	4.401451E1
5.897000E1	1.179400E5	-2.433824E1	1.416326E1	2.815933E1	8.602656E3	6.157258E1	5.085585E1
5.897200E1	1.179440E5	-2.712381E1	6.280128E0	2.784136E1	8.664850E3	5.878702E1	5.873898E1
5.897400E1	1.179480E5	-2.748116E1	-2.144866E0	2.756473E1	8.732863E3	5.842967E1	6.716397E1
5.897600E1	1.179520E5	-2.526746E1	-1.015497E1	2.723174E1	8.797695E3	6.064337E1	7.517408E1
5.897800E1	1.179560E5	-2.083448E1	-1.726863E1	2.706070E1	8.913765E3	6.507635E1	8.228774E1
5.898000E1	1.179600E5	-1.440824E1	-2.266020E1	2.685297E1	8.919692E3	7.150259E1	8.767931E1
5.898200E1	1.179640E5	-6.743809E0	-2.576514E1	2.663309E1	8.872419E3	7.916702E1	9.078425E1
5.898400E1	1.179680E5	1.424297E0	-2.681996E1	2.685775E1	8.791299E3	8.733512E1	9.183906E1
5.898600E1	1.179720E5	9.428522E0	-2.522101E1	2.692576E1	8.763429E3	9.533935E1	9.024012E1
5.898800E1	1.179760E5	1.654446E1	-2.110478E1	2.681662E1	8.841494E3	1.024553E2	8.612389E1
5.899000E1	1.179800E5	2.208173E1	-1.497096E1	2.667831E1	9.001687E3	1.079926E2	7.999007E1
5.899200E1	1.179840E5	2.568960E1	-7.317705E0	2.671150E1	9.115101E3	1.116004E2	7.233681E1
5.899400E1	1.179880E5	2.678545E1	1.087021E0	2.680750E1	9.046185E3	1.126963E2	6.393209E1
5.899600E1	1.179920E5	2.531288E1	9.356031E0	2.698661E1	8.984767E3	1.112237E2	5.566308E1
5.899800E1	1.179960E5	2.178724E1	1.718369E1	2.774821E1	8.782098E3	1.076981E2	4.783541E1
5.900000E1	1.180000E5	1.598183E1	2.317865E1	2.815438E1	8.363373E3	1.018927E2	4.184046E1
5.900200E1	1.180040E5	8.981935E0	2.718511E1	2.863049E1	8.143832E3	9.489276E1	3.783400E1
5.900400E1	1.180080E5	1.012952E0	2.884564E1	2.886342E1	8.065347E3	8.692378E1	3.617346E1
5.900600E1	1.180120E5	-6.992853E0	2.809301E1	2.895025E1	8.075189E3	7.891797E1	3.692610E1
5.900800E1	1.180160E5	-1.445218E1	2.474228E1	2.865390E1	8.298795E3	7.145865E1	4.027683E1
5.901000E1	1.180200E5	-2.082418E1	1.930160E1	2.839363E1	8.536657E3	6.508665E1	4.571751E1
5.901200E1	1.180240E5	-2.514164E1	1.202633E1	2.786996E1	8.655357E3	6.076919E1	5.299277E1
5.901400E1	1.180280E5	-2.737750E1	3.947848E0	2.766067E1	8.719491E3	5.853333E1	6.107126E1
5.901600E1	1.180320E5	-2.698026E1	-4.425032E0	2.734072E1	8.776694E3	5.893057E1	6.944414E1
5.901800E1	1.180360E5	-2.405519E1	-1.220456E1	2.697412E1	8.928245E3	6.185564E1	7.722366E1
5.902000E1	1.180400E5	-1.887850E1	-1.889639E1	2.671089E1	9.038218E3	6.703232E1	8.391550E1
5.902200E1	1.180440E5	-1.213276E1	-2.386759E1	2.677435E1	8.874485E3	7.377807E1	8.888670E1
5.902400E1	1.180480E5	-4.437122E0	-2.658667E1	2.695439E1	8.713811E3	8.147371E1	9.160578E1
5.902600E1	1.180520E5	3.691441E0	-2.657085E1	2.682605E1	8.699584E3	8.960227E1	9.158996E1
5.902800E1	1.180560E5	1.139289E1	-2.407637E1	2.663587E1	8.811269E3	9.730372E1	8.909548E1
5.903000E1	1.180600E5	1.819651E1	-1.940821E1	2.660435E1	8.985672E3	1.041073E2	8.442732E1
5.903200E1	1.180640E5	2.333266E1	-1.279221E1	2.660928E1	8.953975E3	1.092435E2	7.781131E1
5.903400E1	1.180680E5	2.625314E1	-5.117195E0	2.674721E1	9.012806E3	1.121640E2	7.013630E1
5.903600E1	1.180720E5	2.669662E1	3.428121E0	2.691582E1	9.146916E3	1.126074E2	6.159099E1
5.903800E1	1.180760E5	2.464952E1	1.178787E1	2.732312E1	8.915225E3	1.105604E2	5.323124E1
5.904000E1	1.180800E5	2.038514E1	1.899497E1	2.786329E1	8.614431E3	1.062960E2	4.602414E1
5.904200E1	1.180840E5	1.419788E1	2.460706E1	2.840928E1	8.362873E3	1.001087E2	4.041205E1
5.904400E1	1.180880E5	6.787845E0	2.812139E1	2.892901E1	8.223650E3	9.269867E1	3.689771E1
5.904600E1	1.180920E5	-1.474925E0	2.901186E1	2.904932E1	8.101146E3	8.443590E1	3.600725E1
5.904800E1	1.180960E5	-9.376657E0	2.748980E1	2.904498E1	8.056925E3	7.653417E1	3.752931E1
5.905000E1	1.181000E5	-1.663698E1	2.363865E1	2.890631E1	8.240609E3	6.927385E1	4.138046E1
5.905200E1	1.181040E5	-2.237426E1	1.760887E1	2.847244E1	8.413085E3	6.353657E1	4.741024E1
5.905400E1	1.181080E5	-2.615257E1	1.014897E1	2.805278E1	8.642315E3	5.975826E1	5.487014E1
5.905600E1	1.181120E5	-2.767246E1	1.757492E0	2.772821E1	8.730764E3	5.823837E1	6.326162E1
5.905800E1	1.181160E5	-2.649920E1	-6.466388E0	2.727676E1	8.807875E3	5.941163E1	7.148550E1
5.906000E1	1.181200E5	-2.294640E1	-1.411533E1	2.694030E1	8.998384E3	6.296443E1	7.913444E1
5.906200E1	1.181240E5	-1.729130E1	-2.039422E1	2.673786E1	8.968931E3	6.861953E1	8.541333E1
5.906400E1	1.181280E5	-1.023495E1	-2.467672E1	2.671507E1	8.846499E3	7.567588E1	8.969583E1
5.906600E1	1.181320E5	-2.275507E0	-2.650439E1	2.660189E1	8.801572E3	8.363532E1	9.152349E1
5.906800E1	1.181360E5	5.832591E0	-2.592448E1	2.657250E1	8.777933E3	9.174342E1	9.094359E1
5.907000E1	1.181400E5	1.337165E1	-2.297046E1	2.657900E1	8.831286E3	9.928248E1	8.798957E1
5.907200E1	1.181440E5	1.976218E1	-1.779104E1	2.659069E1	8.938800E3	1.056730E2	8.281015E1
5.907400E1	1.181480E5	2.421379E1	-1.080099E1	2.651356E1	9.020437E3	1.101246E2	7.582010E1
5.907600E1	1.181520E5	2.654442E1	-2.749468E0	2.668643E1	9.043678E3	1.124552E2	6.776858E1
5.907800E1	1.181560E5	2.627544E1	5.649569E0	2.687595E1	9.063256E3	1.121863E2	5.936954E1
5.908000E1	1.181600E5	2.363293E1	1.383179E1	2.738309E1	8.969972E3	1.095438E2	5.118732E1
5.908200E1	1.181640E5	1.864973E1	2.072317E1	2.787942E1	8.717109E3	1.045606E2	4.429594E1
5.908400E1	1.181680E5	1.194023E1	2.585033E1	2.847470E1	8.310577E3	9.785106E1	3.916878E1
5.908600E1	1.181720E5	4.403297E0	2.863129E1	2.896791E1	8.075587E3	9.031412E1	3.638782E1
5.908800E1	1.181760E5	-3.819596E0	2.897283E1	2.922352E1	8.070677E3	8.209123E1	3.604628E1
5.909000E1	1.181800E5	-1.157855E1	2.657870E1	2.899121E1	8.135254E3	7.433228E1	3.844040E1
5.909200E1	1.181840E5	-1.848592E1	2.199071E1	2.872839E1	8.381516E3	6.742491E1	4.302840E1
5.909400E1	1.181880E5	-2.370366E1	1.535480E1	2.824240E1	8.472483E3	6.220716E1	4.966431E1
5.909600E1	1.181920E5	-2.673105E1	7.694723E0	2.781650E1	8.559774E3	5.917978E1	5.732439E1
5.909800E1	1.181960E5	-2.741613E1	-6.243981E-1	2.742324E1	8.726859E3	5.849470E1	6.564351E1
5.910000E1	1.182000E5	-2.554028E1	-8.718797E0	2.698746E1	8.941459E3	6.037055E1	7.373791E1
5.910200E1	1.182040E5	-2.147652E1	-1.622520E1	2.691650E1	9.072598E3	6.443430E1	8.124431E1
5.910400E1	1.182080E5	-1.532856E1	-2.200486E1	2.681751E1	8.990284E3	7.058227E1	8.702397E1
5.910600E1	1.182120E5	-7.822343E0	-2.563637E1	2.680322E1	8.938845E3	7.808849E1	9.065547E1
5.910800E1	1.182160E5	4.161046E-1	-2.665481E1	2.665806E1	8.880522E3	8.632693E1	9.167392E1
5.911000E1	1.182200E5	8.474561E0	-2.524907E1	2.663332E1	8.808122E3	9.438539E1	9.026818E1
5.911200E1	1.182240E5	1.569537E1	-2.150255E1	2.662150E1	8.853967E3	1.016062E2	8.652166E1
5.911400E1	1.182280E5	2.141794E1	-1.557841E1	2.648424E1	9.042869E3	1.073288E2	8.059752E1
5.911600E1	1.182320E5	2.528232E1	-8.069431E0	2.653886E1	9.089778E3	1.111931E2	7.308854E1
5.911800E1	1.182360E5	2.682478E1	1.539001E-1	2.682522E1	8.983389E3	1.127356E2	6.486521E1
5.912000E1	1.182400E5	2.562100E1	8.439556E0	2.697520E1	8.986850E3	1.115318E2	5.657955E1
5.912200E1	1.182440E5	2.221989E1	1.630787E1	2.756211E1	8.828019E3	1.081307E2	4.871124E1
5.912400E1	1.182480E5	1.688750E1	2.285880E1	2.842029E1	8.512153E3	1.027983E2	4.216030E1
5.912600E1	1.182520E5	9.699691E0	2.712707E1	2.880906E1	8.288438E3	9.561052E1	3.789204E1
5.912800E1	1.182560E5	1.671074E0	2.896154E1	2.900971E1	8.075577E3	8.758190E1	3.605757E1
5.913000E1	1.182600E5	-6.365324E0	2.841385E1	2.911811E1	7.976520E3	7.954550E1	3.660526E1
5.913200E1	1.182640E5	-1.396925E1	2.561738E1	2.917859E1	8.085394E3	7.194158E1	3.940173E1
5.913400E1	1.182680E5	-2.026139E1	2.028361E1	2.866965E1	8.428885E3	6.564943E1	4.473550E1
5.913600E1	1.182720E5	-2.494490E1	1.308563E1	2.816881E1	8.647424E3	6.096593E1	5.193348E1
5.913800E1	1.182760E5	-2.717236E1	5.007503E0	2.762991E1	8.652569E3	5.873847E1	6.001161E1
5.914000E1	1.182800E5	-2.722310E1	-3.308630E0	2.742342E1	8.736916E3	5.868773E1	6.832774E1
5.914200E1	1.182840E5	-2.471853E1	-1.126799E1	2.716566E1	8.891285E3	6.119230E1	7.628710E1
5.914400E1	1.182880E5	-1.982080E1	-1.815907E1	2.688152E1	9.011824E3	6.609003E1	8.317818E1
5.914600E1	1.182920E5	-1.315242E1	-2.329733E1	2.675354E1	8.926301E3	7.275841E1	8.831644E1
5.914800E1	1.182960E5	-5.472951E0	-2.619742E1	2.676300E1	8.816306E3	8.043788E1	9.121653E1
5.915000E1	1.183000E5	2.717839E0	-2.667101E1	2.680913E1	8.798891E3	8.862867E1	9.169012E1
5.915200E1	1.183040E5	1.055951E1	-2.440684E1	2.659318E1	8.848549E3	9.647034E1	8.942595E1
5.915400E1	1.183080E5	1.742765E1	-1.989856E1	2.645139E1	8.904831E3	1.033385E2	8.491767E1
5.915600E1	1.183120E5	2.274143E1	-1.365642E1	2.652679E1	9.082005E3	1.086523E2	7.867553E1
5.915800E1	1.183160E5	2.583992E1	-5.709315E0	2.646314E1	9.102591E3	1.117507E2	7.072842E1
5.916000E1	1.183200E5	2.646311E1	2.513244E0	2.658219E1	9.072617E3	1.123739E2	6.250586E1
5.916200E1	1.183240E5	2.485789E1	1.097979E1	2.717481E1	8.995146E3	1.107687E2	5.403931E1
5.916400E1	1.183280E5	2.074087E1	1.828926E1	2.765286E1	8.675288E3	1.066517E2	4.672985E1
5.916600E1	1.183320E5	1.466514E1	2.396167E1	2.809320E1	8.442383E3	1.005760E2	4.105744E1
5.916800E1	1.183360E5	7.328460E0	2.768880E1	2.864221E1	8.227922E3	9.323929E1	3.733031E1
5.917000E1	1.183400E5	-7.321063E-1	2.904243E1	2.905165E1	8.032537E3	8.517872E1	3.597668E1
5.917200E1	1.183440E5	-8.643294E0	2.774111E1	2.905642E1	8.010023E3	7.726753E1	3.727800E1
5.917400E1	1.183480E5	-1.593739E1	2.409329E1	2.888749E1	8.231752E3	6.997344E1	4.092582E1
5.917600E1	1.183520E5	-2.177871E1	1.812444E1	2.833385E1	8.496469E3	6.413212E1	4.689467E1
5.917800E1	1.183560E5	-2.569683E1	1.065975E1	2.782009E1	8.597792E3	6.021400E1	5.435936E1
5.918000E1	1.183600E5	-2.737290E1	2.576107E0	2.749385E1	8.628500E3	5.853793E1	6.244300E1
5.918200E1	1.183640E5	-2.660036E1	-5.646310E0	2.719302E1	8.735085E3	5.931046E1	7.066542E1
5.918400E1	1.183680E5	-2.334507E1	-1.324244E1	2.683942E1	8.948652E3	6.256576E1	7.826155E1
5.918600E1	1.183720E5	-1.794275E1	-1.977324E1	2.670062E1	9.141087E3	6.796808E1	8.479235E1
5.918800E1	1.183760E5	-1.083591E1	-2.448531E1	2.677587E1	9.080303E3	7.507491E1	8.950441E1
5.919000E1	1.183800E5	-2.740578E0	-2.651912E1	2.666035E1	8.878678E3	8.317025E1	9.153823E1
5.919200E1	1.183840E5	5.382903E0	-2.612382E1	2.667264E1	8.784389E3	9.129373E1	9.114293E1
5.919400E1	1.183880E5	1.303495E1	-2.328764E1	2.668753E1	8.831589E3	9.894578E1	8.830675E1
5.919600E1	1.183920E5	1.953919E1	-1.824012E1	2.672980E1	8.895070E3	1.054500E2	8.325923E1
5.919800E1	1.183960E5	2.413808E1	-1.134945E1	2.667315E1	9.010957E3	1.100489E2	7.636855E1
5.920000E1	1.184000E5	2.658906E1	-3.258498E0	2.678798E1	9.063312E3	1.124999E2	6.827761E1
5.920200E1	1.184040E5	2.656570E1	5.197966E0	2.706946E1	8.869059E3	1.124765E2	5.982114E1
5.920400E1	1.184080E5	2.411004E1	1.308494E1	2.743191E1	8.689867E3	1.100209E2	5.193417E1
5.920600E1	1.184120E5	1.947579E1	2.004863E1	2.795092E1	8.626369E3	1.053866E2	4.497048E1
5.920800E1	1.184160E5	1.288656E1	2.528578E1	2.838017E1	8.530188E3	9.879739E1	3.973333E1
5.921000E1	1.184200E5	5.003425E0	2.823492E1	2.867481E1	8.219184E3	9.091425E1	3.678419E1
5.921200E1	1.184240E5	-2.954700E0	2.873095E1	2.888248E1	7.999453E3	8.295613E1	3.628816E1
5.921400E1	1.184280E5	-1.078779E1	2.676940E1	2.886134E1	8.104682E3	7.512304E1	3.824971E1
5.921600E1	1.184320E5	-1.772236E1	2.244813E1	2.860070E1	8.318067E3	6.818847E1	4.257098E1
5.921800E1	1.184360E5	-2.317864E1	1.609687E1	2.821982E1	8.582227E3	6.273219E1	4.892224E1
5.922000E1	1.184400E5	-2.661601E1	8.331102E0	2.788941E1	8.612312E3	5.929482E1	5.668801E1
5.922200E1	1.184440E5	-2.744474E1	1.578639E-1	2.744520E1	8.765594E3	5.846608E1	6.486124E1
5.922400E1	1.184480E5	-2.588640E1	-8.252289E0	2.716995E1	8.942302E3	6.002442E1	7.327140E1
5.922600E1	1.184520E5	-2.189967E1	-1.558610E1	2.687977E1	8.960442E3	6.401116E1	8.060521E1
5.922800E1	1.184560E5	-1.584346E1	-2.142954E1	2.665034E1	9.029523E3	7.006737E1	8.644865E1
5.923000E1	1.184600E5	-8.411032E0	-2.522236E1	2.658783E1	8.918691E3	7.749980E1	9.024147E1
5.923200E1	1.184640E5	-3.731427E-1	-2.666313E1	2.666574E1	8.806273E3	8.553769E1	9.168223E1
5.923400E1	1.184680E5	7.693194E0	-2.550872E1	2.664357E1	8.780206E3	9.360402E1	9.052783E1
5.923600E1	1.184720E5	1.490904E1	-2.184024E1	2.644382E1	8.867614E3	1.008199E2	8.685935E1
5.923800E1	1.184760E5	2.110063E1	-1.633592E1	2.668517E1	9.019830E3	1.070115E2	8.135502E1
5.924000E1	1.184800E5	2.522506E1	-8.983056E0	2.677684E1	8.941542E3	1.111359E2	7.400216E1
5.924200E1	1.184840E5	2.696245E1	-9.323861E-1	2.697856E1	8.879094E3	1.128733E2	6.595149E1
5.924400E1	1.184880E5	2.621618E1	7.475164E0	2.726107E1	8.983237E3	1.121270E2	5.754394E1
5.924600E1	1.184920E5	2.304001E1	1.551285E1	2.777572E1	8.823767E3	1.089508E2	4.950626E1
5.924800E1	1.184960E5	1.784259E1	2.219948E1	2.848114E1	8.578897E3	1.037534E2	4.281962E1
5.925000E1	1.185000E5	1.061275E1	2.662536E1	2.866252E1	8.395362E3	9.652358E1	3.839375E1
5.925200E1	1.185040E5	2.640886E0	2.896942E1	2.908954E1	8.157070E3	8.855171E1	3.604969E1
5.925400E1	1.185080E5	-5.503771E0	2.859072E1	2.911565E1	8.066368E3	8.040706E1	3.642838E1
5.925600E1	1.185120E5	-1.321001E1	2.586277E1	2.904113E1	8.174006E3	7.270082E1	3.915634E1
5.925800E1	1.185160E5	-1.981068E1	2.080887E1	2.873104E1	8.373472E3	6.610015E1	4.421023E1
5.926000E1	1.185200E5	-2.451454E1	1.384109E1	2.815206E1	8.543459E3	6.139629E1	5.117802E1
5.926200E1	1.185240E5	-2.711036E1	5.878246E0	2.774032E1	8.671635E3	5.880047E1	5.914086E1
5.926400E1	1.185280E5	-2.739015E1	-2.510607E0	2.750497E1	8.764157E3	5.852068E1	6.752971E1
5.926600E1	1.185320E5	-2.500771E1	-1.052396E1	2.713189E1	8.852011E3	6.090311E1	7.554307E1
5.926800E1	1.185360E5	-2.028479E1	-1.741394E1	2.673421E1	8.949947E3	6.562604E1	8.243305E1
5.927000E1	1.185400E5	-1.386430E1	-2.273348E1	2.662761E1	9.058499E3	7.204653E1	8.775259E1
5.927200E1	1.185440E5	-6.069971E0	-2.604130E1	2.673937E1	8.989418E3	7.984086E1	9.106041E1
5.927400E1	1.185480E5	2.146172E0	-2.679015E1	2.687598E1	8.797766E3	8.805700E1	9.180926E1
5.927600E1	1.185520E5	1.014478E1	-2.502084E1	2.699924E1	8.770868E3	9.605561E1	9.003994E1
5.927800E1	1.185560E5	1.718569E1	-2.072698E1	2.692500E1	8.775245E3	1.030965E2	8.574609E1
5.928000E1	1.185600E5	2.256595E1	-1.455880E1	2.685481E1	8.967609E3	1.084768E2	7.957791E1
5.928200E1	1.185640E5	2.576747E1	-6.647553E0	2.661114E1	9.205278E3	1.116783E2	7.166666E1
5.928400E1	1.185680E5	2.663972E1	1.859256E0	2.670452E1	9.047446E3	1.125505E2	6.315985E1
5.928600E1	1.185720E5	2.514780E1	1.001968E1	2.707039E1	8.827066E3	1.110586E2	5.499943E1
5.928800E1	1.185760E5	2.137686E1	1.749714E1	2.762463E1	8.745992E3	1.072877E2	4.752197E1
5.929000E1	1.185800E5	1.554949E1	2.367893E1	2.832805E1	8.478973E3	1.014603E2	4.134018E1
5.929200E1	1.185840E5	8.338254E0	2.764641E1	2.887647E1	8.211123E3	9.424908E1	3.737269E1
5.929400E1	1.185880E5	2.281423E-1	2.920084E1	2.920173E1	8.043657E3	8.613897E1	3.581827E1
5.929600E1	1.185920E5	-7.728727E0	2.807594E1	2.912029E1	7.976905E3	7.818210E1	3.694317E1
5.929800E1	1.185960E5	-1.509360E1	2.466917E1	2.892031E1	8.128673E3	7.081723E1	4.034994E1
5.930000E1	1.186000E5	-2.111628E1	1.907612E1	2.845691E1	8.437117E3	6.479455E1	4.594298E1
5.930200E1	1.186040E5	-2.556883E1	1.180988E1	2.816449E1	8.565598E3	6.034200E1	5.320923E1
5.930400E1	1.186080E5	-2.753960E1	3.788021E0	2.779890E1	8.577271E3	5.837123E1	6.123109E1
5.930600E1	1.186120E5	-2.701700E1	-4.529597E0	2.739408E1	8.703539E3	5.889383E1	6.954871E1
5.930800E1	1.186160E5	-2.401494E1	-1.222692E1	2.694837E1	8.890418E3	6.189589E1	7.724602E1
5.931000E1	1.186200E5	-1.881780E1	-1.886990E1	2.664926E1	9.047033E3	6.709302E1	8.388901E1
5.931200E1	1.186240E5	-1.207557E1	-2.387501E1	2.675510E1	8.996451E3	7.383526E1	8.889412E1
5.931400E1	1.186280E5	-4.177841E0	-2.657296E1	2.689938E1	8.725602E3	8.173299E1	9.159207E1
5.931600E1	1.186320E5	3.766450E0	-2.655445E1	2.682023E1	8.530649E3	8.967728E1	9.157355E1
5.931800E1	1.186360E5	1.134863E1	-2.413062E1	2.666605E1	8.694003E3	9.725946E1	8.914973E1
5.932000E1	1.186400E5	1.812175E1	-1.953622E1	2.664699E1	8.873033E3	1.040326E2	8.455533E1
5.932200E1	1.186440E5	2.324927E1	-1.305769E1	2.666518E1	8.851977E3	1.091601E2	7.807680E1
5.932400E1	1.186480E5	2.618989E1	-5.444247E0	2.674977E1	8.930854E3	1.121007E2	7.046336E1
5.932600E1	1.186520E5	2.687096E1	3.015559E0	2.703964E1	8.853303E3	1.127818E2	6.200355E1
5.932800E1	1.186560E5	2.495691E1	1.093976E1	2.724933E1	8.591037E3	1.108677E2	5.407935E1
5.933000E1	1.186600E5	2.109364E1	1.818654E1	2.785124E1	8.480163E3	1.070045E2	4.683257E1
5.933200E1	1.186640E5	1.516371E1	2.388561E1	2.829241E1	8.295317E3	1.010745E2	4.113350E1
5.933400E1	1.186680E5	7.954231E0	2.764602E1	2.876755E1	8.112899E3	9.386506E1	3.737309E1
5.933600E1	1.186720E5	-2.147138E-2	2.908837E1	2.908838E1	7.945301E3	8.588936E1	3.593073E1
5.933800E1	1.186760E5	-7.864887E0	2.792452E1	2.901095E1	7.965917E3	7.804594E1	3.709459E1
5.934000E1	1.186800E5	-1.515458E1	2.434121E1	2.867326E1	8.202441E3	7.075624E1	4.067790E1
5.934200E1	1.186840E5	-2.142938E1	1.893277E1	2.859490E1	8.366958E3	6.448144E1	4.608634E1
5.934400E1	1.186880E5	-2.561697E1	1.174254E1	2.818007E1	8.399527E3	6.029386E1	5.327657E1
5.934600E1	1.186920E5	-2.756836E1	3.806966E0	2.782997E1	8.499100E3	5.834247E1	6.121214E1
5.934800E1	1.186960E5	-2.705299E1	-4.464135E0	2.741884E1	8.596876E3	5.885784E1	6.948324E1
5.935000E1	1.187000E5	-2.410749E1	-1.203277E1	2.694362E1	8.665178E3	6.180333E1	7.705187E1
5.935200E1	1.187040E5	-1.936755E1	-1.872323E1	2.693810E1	8.808116E3	6.654327E1	8.374234E1
5.935400E1	1.187080E5	-1.277663E1	-2.378604E1	2.700034E1	8.822028E3	7.313420E1	8.880515E1
5.935600E1	1.187120E5	-5.007163E0	-2.654795E1	2.701602E1	8.737270E3	8.090366E1	9.156706E1
5.935800E1	1.187160E5	3.136034E0	-2.666891E1	2.685266E1	8.624947E3	8.904686E1	9.168801E1
5.936000E1	1.187200E5	1.081595E1	-2.450126E1	2.678239E1	8.536889E3	9.672678E1	8.952037E1
5.936200E1	1.187240E5	1.733626E1	-2.004585E1	2.650249E1	8.589647E3	1.032471E2	8.506496E1
5.936400E1	1.187280E5	2.253592E1	-1.398518E1	2.652269E1	8.741239E3	1.084467E2	7.900429E1
5.936600E1	1.187320E5	2.562966E1	-6.476161E0	2.643521E1	8.911420E3	1.115405E2	7.149527E1
5.936800E1	1.187360E5	2.654003E1	1.773520E0	2.659922E1	8.883302E3	1.124509E2	6.324559E1
5.937000E1	1.187400E5	2.512422E1	9.822012E0	2.697589E1	8.668401E3	1.110351E2	5.519710E1
5.937200E1	1.187440E5	2.165598E1	1.722389E1	2.767027E1	8.455060E3	1.075668E2	4.779522E1
5.937400E1	1.187480E5	1.604628E1	2.306407E1	2.809688E1	8.165782E3	1.019571E2	4.195503E1
5.937600E1	1.187520E5	9.237393E0	2.707239E1	2.860496E1	8.008946E3	9.514822E1	3.794672E1
5.937800E1	1.187560E5	1.405672E0	2.882807E1	2.886232E1	7.955765E3	8.731650E1	3.619103E1
5.938000E1	1.187600E5	-6.519648E0	2.827829E1	2.902012E1	7.907036E3	7.939118E1	3.674082E1
5.938200E1	1.187640E5	-1.391864E1	2.527967E1	2.885810E1	7.963467E3	7.199219E1	3.973944E1
5.938400E1	1.187680E5	-2.007227E1	2.018700E1	2.846772E1	8.103483E3	6.583856E1	4.483211E1
5.938600E1	1.187720E5	-2.458282E1	1.348631E1	2.803918E1	8.182647E3	6.132801E1	5.153280E1
5.938800E1	1.187760E5	-2.715241E1	5.986084E0	2.780443E1	8.283630E3	5.875842E1	5.903302E1
5.939000E1	1.187800E5	-2.745373E1	-2.105237E0	2.753433E1	8.498993E3	5.845710E1	6.712435E1
5.939200E1	1.187840E5	-2.524989E1	-9.978429E0	2.715007E1	8.659695E3	6.066094E1	7.499754E1
5.939400E1	1.187880E5	-2.105335E1	-1.706316E1	2.709972E1	8.757006E3	6.485748E1	8.208227E1
5.939600E1	1.187920E5	-1.476470E1	-2.238446E1	2.681530E1	8.709084E3	7.114613E1	8.740356E1
5.939800E1	1.187960E5	-7.434246E0	-2.568948E1	2.674355E1	8.524991E3	7.847658E1	9.070859E1
5.940000E1	1.188000E5	3.212097E-1	-2.662190E1	2.662384E1	8.465047E3	8.623204E1	9.164101E1
5.940200E1	1.188040E5	8.088405E0	-2.531329E1	2.657414E1	8.499073E3	9.399923E1	9.033240E1
5.940400E1	1.188080E5	1.513670E1	-2.187032E1	2.659757E1	8.448764E3	1.010475E2	8.688942E1
5.940600E1	1.188120E5	2.089754E1	-1.661349E1	2.669673E1	8.578589E3	1.068084E2	8.163260E1
5.940800E1	1.188160E5	2.461711E1	-9.448675E0	2.636815E1	8.749743E3	1.105279E2	7.446778E1
5.941000E1	1.188200E5	2.636391E1	-1.605850E0	2.641277E1	8.777436E3	1.122747E2	6.662496E1
5.941200E1	1.188240E5	2.600526E1	6.537699E0	2.681446E1	8.659988E3	1.119161E2	5.848141E1
5.941400E1	1.188280E5	2.357358E1	1.425100E1	2.754641E1	8.416363E3	1.094844E2	5.076811E1
5.941600E1	1.188320E5	1.871966E1	2.062834E1	2.785595E1	8.282454E3	1.046305E2	4.439077E1
5.941800E1	1.188360E5	1.234857E1	2.564025E1	2.845891E1	8.043978E3	9.825939E1	3.937886E1
5.942000E1	1.188400E5	5.069663E0	2.861430E1	2.905993E1	7.739356E3	9.098049E1	3.640481E1
5.942200E1	1.188440E5	-2.678192E0	2.919375E1	2.931634E1	7.719089E3	8.323264E1	3.582536E1
5.942400E1	1.188480E5	-1.035476E1	2.721704E1	2.912024E1	7.864749E3	7.555607E1	3.780207E1
5.942600E1	1.188520E5	-1.721544E1	2.309582E1	2.880605E1	7.944217E3	6.869539E1	4.192329E1
5.942800E1	1.188560E5	-2.273341E1	1.737707E1	2.861417E1	7.932074E3	6.317742E1	4.764203E1
5.943000E1	1.188600E5	-2.636216E1	1.042217E1	2.834758E1	7.982447E3	5.954867E1	5.459694E1
5.943200E1	1.188640E5	-2.785503E1	2.664450E0	2.798217E1	8.177317E3	5.805580E1	6.235466E1
5.943400E1	1.188680E5	-2.684927E1	-5.286172E0	2.736471E1	8.465859E3	5.906155E1	7.030528E1
5.943600E1	1.188720E5	-2.372149E1	-1.282588E1	2.696688E1	8.672560E3	6.218934E1	7.784499E1
5.943800E1	1.188760E5	-1.872953E1	-1.927908E1	2.687895E1	8.624651E3	6.718130E1	8.429819E1
5.944000E1	1.188800E5	-1.219680E1	-2.383267E1	2.677233E1	8.435822E3	7.371403E1	8.885177E1
5.944200E1	1.188840E5	-4.871046E0	-2.646648E1	2.691099E1	8.380189E3	8.103978E1	9.148559E1
5.944400E1	1.188880E5	2.993537E0	-2.660901E1	2.677687E1	8.417768E3	8.890436E1	9.162812E1
5.944600E1	1.188920E5	1.055505E1	-2.457616E1	2.674690E1	8.401655E3	9.646588E1	8.959527E1
5.944800E1	1.188960E5	1.703332E1	-2.028121E1	2.648512E1	8.424122E3	1.029441E2	8.530032E1
5.945000E1	1.189000E5	2.228377E1	-1.450489E1	2.658868E1	8.564246E3	1.081946E2	7.952400E1
5.945200E1	1.189040E5	2.553481E1	-7.185957E0	2.652668E1	8.600518E3	1.114456E2	7.220506E1
5.945400E1	1.189080E5	2.661736E1	6.232206E-1	2.662465E1	8.606250E3	1.125282E2	6.439589E1
5.945600E1	1.189120E5	2.551339E1	8.639500E0	2.693649E1	8.524737E3	1.114242E2	5.637961E1
5.945800E1	1.189160E5	2.241733E1	1.595487E1	2.751535E1	8.242395E3	1.083282E2	4.906424E1
5.946000E1	1.189200E5	1.740396E1	2.201908E1	2.806667E1	8.060595E3	1.033148E2	4.300003E1
5.946200E1	1.189240E5	1.085150E1	2.643583E1	2.857635E1	7.938677E3	9.676233E1	3.858328E1
5.946400E1	1.189280E5	3.329471E0	2.891601E1	2.910706E1	7.685233E3	8.924030E1	3.610310E1
5.946600E1	1.189320E5	-4.277468E0	2.888482E1	2.919982E1	7.553565E3	8.163336E1	3.613429E1
5.946800E1	1.189360E5	-1.172183E1	2.677162E1	2.922535E1	7.617920E3	7.418900E1	3.824749E1
5.947000E1	1.189400E5	-1.813165E1	2.247463E1	2.887674E1	7.745895E3	6.777918E1	4.254447E1
5.947200E1	1.189440E5	-2.343107E1	1.663341E1	2.873474E1	7.886335E3	6.247976E1	4.838570E1
5.947400E1	1.189480E5	-2.666774E1	9.474684E0	2.830084E1	7.942176E3	5.924309E1	5.554442E1
5.947600E1	1.189520E5	-2.773020E1	1.745477E0	2.778509E1	8.158006E3	5.818062E1	6.327363E1
5.947800E1	1.189560E5	-2.653779E1	-6.162156E0	2.724383E1	8.376720E3	5.937304E1	7.118126E1
5.948000E1	1.189600E5	-2.340301E1	-1.346013E1	2.699771E1	8.406313E3	6.250781E1	7.847924E1
5.948200E1	1.189640E5	-1.835349E1	-1.947478E1	2.676038E1	8.436993E3	6.755734E1	8.449389E1
5.948400E1	1.189680E5	-1.182663E1	-2.388016E1	2.664828E1	8.481274E3	7.408420E1	8.889926E1
5.948600E1	1.189720E5	-4.360629E0	-2.640602E1	2.676365E1	8.343279E3	8.155020E1	9.142513E1
5.948800E1	1.189760E5	3.266366E0	-2.650208E1	2.670261E1	8.229643E3	8.917719E1	9.152119E1
5.949000E1	1.189800E5	1.063643E1	-2.441374E1	2.663014E1	8.265908E3	9.654726E1	8.943285E1
5.949200E1	1.189840E5	1.703703E1	-2.023938E1	2.645549E1	8.320848E3	1.029479E2	8.525849E1
5.949400E1	1.189880E5	2.221544E1	-1.452359E1	2.654167E1	8.485096E3	1.081263E2	7.954270E1
5.949600E1	1.189920E5	2.550719E1	-7.299497E0	2.653111E1	8.517955E3	1.114180E2	7.231861E1
5.949800E1	1.189960E5	2.661071E1	4.165101E-1	2.661397E1	8.536839E3	1.125215E2	6.460260E1
5.950000E1	1.190000E5	2.553794E1	8.385388E0	2.687938E1	8.511646E3	1.114488E2	5.663372E1
5.950200E1	1.190040E5	2.258696E1	1.578227E1	2.755450E1	8.205659E3	1.084978E2	4.923684E1
5.950400E1	1.190080E5	1.767493E1	2.182691E1	2.808589E1	7.949326E3	1.035858E2	4.319219E1
5.950600E1	1.190120E5	1.130779E1	2.630771E1	2.863497E1	7.692998E3	9.721862E1	3.871140E1
5.950800E1	1.190160E5	4.186317E0	2.895163E1	2.925273E1	7.472319E3	9.009714E1	3.606748E1
5.951000E1	1.190200E5	-3.382956E0	2.910507E1	2.930102E1	7.479237E3	8.252787E1	3.591404E1
5.951200E1	1.190240E5	-1.079361E1	2.713806E1	2.920576E1	7.572843E3	7.511722E1	3.788105E1
5.951400E1	1.190280E5	-1.731281E1	2.304069E1	2.882025E1	7.685011E3	6.859802E1	4.197842E1
5.951600E1	1.190320E5	-2.265379E1	1.742737E1	2.858159E1	7.725519E3	6.325704E1	4.759174E1
5.951800E1	1.190360E5	-2.621448E1	1.068548E1	2.830863E1	7.798931E3	5.969635E1	5.433363E1
5.952000E1	1.190400E5	-2.774128E1	3.099452E0	2.791389E1	8.081746E3	5.816955E1	6.191966E1
5.952200E1	1.190440E5	-2.696838E1	-4.828238E0	2.739718E1	8.312003E3	5.894245E1	6.984735E1
5.952400E1	1.190480E5	-2.413351E1	-1.222931E1	2.705517E1	8.272603E3	6.177732E1	7.724842E1
5.952600E1	1.190520E5	-1.966777E1	-1.849560E1	2.699831E1	8.214430E3	6.624305E1	8.351471E1
5.952800E1	1.190560E5	-1.351945E1	-2.316423E1	2.682083E1	8.240581E3	7.239138E1	8.818334E1
5.953000E1	1.190600E5	-6.395423E0	-2.604349E1	2.681724E1	8.121091E3	7.951541E1	9.106259E1
5.953200E1	1.190640E5	1.036928E0	-2.680851E1	2.682856E1	8.101746E3	8.694776E1	9.182762E1
5.953400E1	1.190680E5	8.602070E0	-2.554573E1	2.695515E1	8.119020E3	9.451290E1	9.056484E1
5.953600E1	1.190720E5	1.514320E1	-2.187679E1	2.660659E1	8.103603E3	1.010540E2	8.689590E1
5.953800E1	1.190760E5	2.068788E1	-1.673811E1	2.661114E1	8.178983E3	1.065987E2	8.175721E1
5.954000E1	1.190800E5	2.442472E1	-1.016350E1	2.645493E1	8.340234E3	1.103355E2	7.518261E1
5.954200E1	1.190840E5	2.633315E1	-2.588771E0	2.646009E1	8.541095E3	1.122440E2	6.760788E1
5.954400E1	1.190880E5	2.616279E1	5.356857E0	2.670557E1	8.451643E3	1.120736E2	5.966225E1
5.954600E1	1.190920E5	2.408465E1	1.290972E1	2.732639E1	8.153476E3	1.099955E2	5.210939E1
5.954800E1	1.190960E5	1.997105E1	1.941106E1	2.785017E1	7.914145E3	1.058819E2	4.560805E1
5.955000E1	1.191000E5	1.434986E1	2.470363E1	2.856900E1	7.721524E3	1.002607E2	4.031547E1
5.955200E1	1.191040E5	7.463568E0	2.799398E1	2.897184E1	7.578751E3	9.337440E1	3.702513E1
5.955400E1	1.191080E5	-8.328385E-2	2.917852E1	2.917864E1	7.418969E3	8.582754E1	3.584058E1
5.955600E1	1.191120E5	-7.393186E0	2.808664E1	2.904339E1	7.438597E3	7.851764E1	3.693246E1
5.955800E1	1.191160E5	-1.441172E1	2.504462E1	2.889516E1	7.599547E3	7.149911E1	3.997449E1
5.956000E1	1.191200E5	-2.029241E1	2.018961E1	2.862520E1	7.675877E3	6.561842E1	4.482950E1
5.956200E1	1.191240E5	-2.469465E1	1.390255E1	2.833914E1	7.707904E3	6.121618E1	5.111655E1
5.956400E1	1.191280E5	-2.713978E1	6.778223E0	2.797342E1	7.796110E3	5.877104E1	5.824088E1
5.956600E1	1.191320E5	-2.755366E1	-8.687362E-1	2.756735E1	8.073625E3	5.835717E1	6.588784E1
5.956800E1	1.191360E5	-2.591407E1	-8.556019E0	2.729001E1	8.134563E3	5.999676E1	7.357513E1
5.957000E1	1.191400E5	-2.217068E1	-1.514885E1	2.685194E1	8.153903E3	6.374015E1	8.016795E1
5.957200E1	1.191440E5	-1.692509E1	-2.081684E1	2.682908E1	8.264611E3	6.898573E1	8.583595E1
5.957400E1	1.191480E5	-1.033168E1	-2.482341E1	2.688764E1	8.090673E3	7.557915E1	8.984252E1
5.957600E1	1.191520E5	-3.180821E0	-2.687430E1	2.706188E1	7.831941E3	8.273001E1	9.189340E1
5.957800E1	1.191560E5	4.103371E0	-2.672102E1	2.703425E1	7.886825E3	9.001420E1	9.174013E1
5.958000E1	1.191600E5	1.132051E1	-2.450294E1	2.699163E1	8.058072E3	9.723133E1	8.952205E1
5.958200E1	1.191640E5	1.751722E1	-2.017783E1	2.672074E1	8.092634E3	1.034281E2	8.519694E1
5.958400E1	1.191680E5	2.231545E1	-1.439911E1	2.655774E1	8.241826E3	1.082263E2	7.941822E1
5.958600E1	1.191720E5	2.545615E1	-7.333137E0	2.649133E1	8.321965E3	1.113670E2	7.235225E1
5.958800E1	1.191760E5	2.659134E1	2.114577E-1	2.659218E1	8.242109E3	1.125022E2	6.480765E1
5.959000E1	1.191800E5	2.562681E1	7.785221E0	2.678326E1	8.192331E3	1.115376E2	5.723389E1
5.959200E1	1.191840E5	2.280247E1	1.493570E1	2.725854E1	8.051874E3	1.087133E2	5.008341E1
5.959400E1	1.191880E5	1.813843E1	2.094390E1	2.770649E1	7.804048E3	1.040493E2	4.407521E1
5.959600E1	1.191920E5	1.221893E1	2.554994E1	2.832140E1	7.536807E3	9.812976E1	3.946917E1
5.959800E1	1.191960E5	5.398559E0	2.844339E1	2.895118E1	7.394368E3	9.130939E1	3.657571E1
5.960000E1	1.192000E5	-2.054767E0	2.924807E1	2.932015E1	7.222471E3	8.385606E1	3.577104E1
5.960200E1	1.192040E5	-9.083896E0	2.772179E1	2.917216E1	7.152072E3	7.682693E1	3.729732E1
5.960400E1	1.192080E5	-1.558110E1	2.433831E1	2.889852E1	7.384511E3	7.032973E1	4.068079E1
5.960600E1	1.192120E5	-2.123009E1	1.933075E1	2.871227E1	7.535836E3	6.468074E1	4.568835E1
5.960800E1	1.192160E5	-2.533983E1	1.303955E1	2.849801E1	7.675763E3	6.057100E1	5.197956E1
5.961000E1	1.192200E5	-2.748295E1	5.649404E0	2.805759E1	7.808512E3	5.842788E1	5.936970E1
5.961200E1	1.192240E5	-2.751581E1	-1.926159E0	2.758314E1	7.961294E3	5.839502E1	6.694527E1
5.961400E1	1.192280E5	-2.554584E1	-9.413846E0	2.722518E1	8.098205E3	6.036499E1	7.443295E1
5.961600E1	1.192320E5	-2.168300E1	-1.598439E1	2.693796E1	8.108171E3	6.422783E1	8.100350E1
5.961800E1	1.192360E5	-1.627867E1	-2.133937E1	2.683960E1	8.024013E3	6.963216E1	8.635848E1
5.962000E1	1.192400E5	-9.840793E0	-2.497356E1	2.684250E1	7.941127E3	7.607004E1	8.999267E1
5.962200E1	1.192440E5	-2.610023E0	-2.674614E1	2.687319E1	7.903112E3	8.330081E1	9.176525E1
5.962400E1	1.192480E5	4.743214E0	-2.661318E1	2.703256E1	7.774987E3	9.065404E1	9.163229E1
5.962600E1	1.192520E5	1.151817E1	-2.411976E1	2.672884E1	7.819515E3	9.742900E1	8.913887E1
5.962800E1	1.192560E5	1.755169E1	-1.991993E1	2.654931E1	7.966278E3	1.034625E2	8.493904E1
5.963000E1	1.192600E5	2.228876E1	-1.425892E1	2.645950E1	8.141176E3	1.081996E2	7.927802E1
5.963200E1	1.192640E5	2.538931E1	-7.305038E0	2.641933E1	8.230392E3	1.113001E2	7.232415E1
5.963400E1	1.192680E5	2.658170E1	1.452441E-1	2.658209E1	8.170320E3	1.124925E2	6.487386E1
5.963600E1	1.192720E5	2.566066E1	7.664234E0	2.678078E1	8.143322E3	1.115715E2	5.735487E1
5.963800E1	1.192760E5	2.288560E1	1.479763E1	2.725290E1	7.999088E3	1.087964E2	5.022148E1
5.964000E1	1.192800E5	1.832001E1	2.079899E1	2.771680E1	7.706704E3	1.042308E2	4.422012E1
5.964200E1	1.192840E5	1.256260E1	2.543321E1	2.836665E1	7.458161E3	9.847343E1	3.958590E1
5.964400E1	1.192880E5	5.801868E0	2.841210E1	2.899844E1	7.292445E3	9.171270E1	3.660700E1
5.964600E1	1.192920E5	-1.477797E0	2.934498E1	2.938216E1	7.133273E3	8.443303E1	3.567413E1
5.964800E1	1.192960E5	-8.632948E0	2.825168E1	2.954124E1	7.120776E3	7.727788E1	3.676743E1
5.965000E1	1.193000E5	-1.513571E1	2.482933E1	2.907895E1	7.261457E3	7.077512E1	4.018977E1
5.965200E1	1.193040E5	-2.075801E1	2.001949E1	2.883878E1	7.390116E3	6.515282E1	4.499962E1
5.965400E1	1.193080E5	-2.476763E1	1.377048E1	2.833834E1	7.516568E3	6.114320E1	5.124863E1
5.965600E1	1.193120E5	-2.703021E1	6.687380E0	2.784517E1	7.621679E3	5.888062E1	5.833173E1
5.965800E1	1.193160E5	-2.736656E1	-6.751476E-1	2.737488E1	7.789279E3	5.854427E1	6.569426E1
5.966000E1	1.193200E5	-2.576491E1	-8.005619E0	2.698001E1	7.943608E3	6.014591E1	7.302473E1
5.966200E1	1.193240E5	-2.243420E1	-1.467363E1	2.680688E1	7.972436E3	6.347663E1	7.969274E1
5.966400E1	1.193280E5	-1.742910E1	-2.015671E1	2.664707E1	7.952407E3	6.848173E1	8.517582E1
5.966600E1	1.193320E5	-1.128123E1	-2.418968E1	2.669094E1	7.842568E3	7.462960E1	8.920879E1
5.966800E1	1.193360E5	-4.404179E0	-2.637763E1	2.674278E1	7.743629E3	8.150665E1	9.139674E1
5.967000E1	1.193400E5	2.778975E0	-2.656593E1	2.671088E1	7.676270E3	8.868980E1	9.158504E1
5.967200E1	1.193440E5	9.607810E0	-2.473705E1	2.653736E1	7.723638E3	9.551864E1	8.975616E1
5.967400E1	1.193480E5	1.591292E1	-2.121995E1	2.652371E1	7.916223E3	1.018237E2	8.623906E1
5.967600E1	1.193520E5	2.117946E1	-1.602317E1	2.655770E1	7.975883E3	1.070903E2	8.104228E1
5.967800E1	1.193560E5	2.470301E1	-9.596602E0	2.650157E1	8.049685E3	1.106138E2	7.461571E1
5.968000E1	1.193600E5	2.634031E1	-2.262940E0	2.643734E1	8.086570E3	1.122511E2	6.728205E1
5.968200E1	1.193640E5	2.626532E1	5.160750E0	2.676753E1	7.885972E3	1.121762E2	5.985836E1
5.968400E1	1.193680E5	2.427951E1	1.217607E1	2.716158E1	7.770986E3	1.101903E2	5.284304E1
5.968600E1	1.193720E5	2.039219E1	1.849058E1	2.752713E1	7.732760E3	1.063030E2	4.652853E1
5.968800E1	1.193760E5	1.513029E1	2.380901E1	2.820983E1	7.449611E3	1.010411E2	4.121010E1
5.969000E1	1.193800E5	8.874619E0	2.731093E1	2.871665E1	7.344520E3	9.478545E1	3.770818E1
5.969200E1	1.193840E5	1.554309E0	2.910100E1	2.914248E1	7.224679E3	8.746514E1	3.591811E1
5.969400E1	1.193880E5	-5.524062E0	2.869339E1	2.922030E1	7.006537E3	8.038677E1	3.632572E1
5.969600E1	1.193920E5	-1.233513E1	2.649037E1	2.922149E1	7.086979E3	7.357570E1	3.852873E1
5.969800E1	1.193960E5	-1.838718E1	2.250864E1	2.906419E1	7.182897E3	6.752365E1	4.251047E1
5.970000E1	1.194000E5	-2.318447E1	1.703042E1	2.876725E1	7.352447E3	6.272636E1	4.798869E1
5.970200E1	1.194040E5	-2.644839E1	1.033574E1	2.839622E1	7.419002E3	5.946244E1	5.468336E1
5.970400E1	1.194080E5	-2.767135E1	3.213219E0	2.785728E1	7.637895E3	5.823948E1	6.180589E1
5.970600E1	1.194120E5	-2.705184E1	-4.384622E0	2.740487E1	7.843574E3	5.885899E1	6.940373E1
5.970800E1	1.194160E5	-2.446701E1	-1.127982E1	2.694195E1	7.807672E3	6.144382E1	7.629893E1
5.971000E1	1.194200E5	-2.040291E1	-1.738713E1	2.680655E1	7.802074E3	6.550791E1	8.240623E1
5.971200E1	1.194240E5	-1.497293E1	-2.216407E1	2.674761E1	7.829333E3	7.093790E1	8.718318E1
5.971400E1	1.194280E5	-8.355947E0	-2.534702E1	2.668882E1	7.747942E3	7.755488E1	9.036613E1
5.971600E1	1.194320E5	-1.421336E0	-2.668223E1	2.672006E1	7.577047E3	8.448949E1	9.170134E1
5.971800E1	1.194360E5	5.568819E0	-2.605883E1	2.664722E1	7.594824E3	9.147965E1	9.107793E1
5.972000E1	1.194400E5	1.220850E1	-2.362308E1	2.659130E1	7.743490E3	9.811932E1	8.864219E1
5.972200E1	1.194440E5	1.806689E1	-1.934948E1	2.647291E1	7.845372E3	1.039777E2	8.436859E1
5.972400E1	1.194480E5	2.260790E1	-1.373956E1	2.645548E1	7.771069E3	1.085187E2	7.875867E1
5.972600E1	1.194520E5	2.541369E1	-7.229208E0	2.642190E1	7.822359E3	1.113245E2	7.224832E1
5.972800E1	1.194560E5	2.654861E1	4.684255E-4	2.654861E1	7.950575E3	1.124594E2	6.501864E1
5.973000E1	1.194600E5	2.566332E1	7.321673E0	2.668731E1	7.949390E3	1.115741E2	5.769744E1
5.973200E1	1.194640E5	2.307217E1	1.430456E1	2.714674E1	7.789582E3	1.089830E2	5.071455E1
5.973400E1	1.194680E5	1.904053E1	2.047688E1	2.796148E1	7.447639E3	1.049514E2	4.454223E1
5.973600E1	1.194720E5	1.362483E1	2.518718E1	2.863617E1	7.208042E3	9.953566E1	3.983193E1
5.973800E1	1.194760E5	7.032216E0	2.802498E1	2.889380E1	7.047735E3	9.294304E1	3.699412E1
5.974000E1	1.194800E5	1.116829E-1	2.909488E1	2.909509E1	6.891424E3	8.602251E1	3.592423E1
5.974200E1	1.194840E5	-6.779091E0	2.828153E1	2.908266E1	6.937116E3	7.913174E1	3.673757E1
5.974400E1	1.194880E5	-1.333433E1	2.558390E1	2.885031E1	7.081242E3	7.257650E1	3.943521E1
5.974600E1	1.194920E5	-1.913241E1	2.139509E1	2.870190E1	7.165283E3	6.677841E1	4.362402E1
5.974800E1	1.194960E5	-2.370341E1	1.587425E1	2.852794E1	7.238865E3	6.220742E1	4.914486E1
5.975000E1	1.195000E5	-2.645098E1	9.231956E0	2.801577E1	7.478223E3	5.945985E1	5.578715E1
5.975200E1	1.195040E5	-2.752043E1	1.874924E0	2.758423E1	7.655818E3	5.839040E1	6.314418E1
5.975400E1	1.195080E5	-2.666715E1	-5.368901E0	2.720224E1	7.690823E3	5.924368E1	7.038801E1
5.975600E1	1.195120E5	-2.398743E1	-1.215154E1	2.688972E1	7.789103E3	6.192340E1	7.717065E1
5.975800E1	1.195160E5	-1.966701E1	-1.804652E1	2.669210E1	7.744931E3	6.624382E1	8.306563E1
5.976000E1	1.195200E5	-1.423774E1	-2.264908E1	2.675246E1	7.544530E3	7.167308E1	8.766819E1
5.976200E1	1.195240E5	-7.913036E0	-2.543355E1	2.663609E1	7.562461E3	7.799779E1	9.045265E1
5.976400E1	1.195280E5	-8.843059E-1	-2.659279E1	2.660749E1	7.631814E3	8.502652E1	9.161190E1
5.976600E1	1.195320E5	6.090460E0	-2.587541E1	2.658252E1	7.525414E3	9.200129E1	9.089452E1
5.976800E1	1.195360E5	1.264800E1	-2.359132E1	2.676794E1	7.496506E3	9.855883E1	8.861043E1
5.977000E1	1.195400E5	1.816895E1	-1.932699E1	2.652628E1	7.600806E3	1.040798E2	8.434610E1
5.977200E1	1.195440E5	2.259675E1	-1.379296E1	2.647374E1	7.663128E3	1.085076E2	7.881207E1
5.977400E1	1.195480E5	2.538692E1	-7.335468E0	2.642546E1	7.742618E3	1.112977E2	7.235458E1
5.977600E1	1.195520E5	2.650786E1	-1.985898E-1	2.650860E1	7.850919E3	1.124187E2	6.521770E1
5.977800E1	1.195560E5	2.580907E1	7.054366E0	2.675579E1	7.750522E3	1.117199E2	5.796474E1
5.978000E1	1.195600E5	2.326941E1	1.374661E1	2.702656E1	7.590641E3	1.091802E2	5.127250E1
5.978200E1	1.195640E5	1.931666E1	1.975982E1	2.763302E1	7.433117E3	1.052275E2	4.525929E1
5.978400E1	1.195680E5	1.399291E1	2.453747E1	2.824693E1	7.137536E3	9.990374E1	4.048164E1
5.978600E1	1.195720E5	7.858027E0	2.776951E1	2.885991E1	7.075511E3	9.376886E1	3.724960E1
5.978800E1	1.195760E5	7.071082E-1	2.908605E1	2.909465E1	6.995369E3	8.661794E1	3.593306E1
5.979000E1	1.195800E5	-6.148333E0	2.848196E1	2.913802E1	6.803479E3	7.976250E1	3.653714E1
5.979200E1	1.195840E5	-1.276923E1	2.638941E1	2.931646E1	6.811031E3	7.314159E1	3.862969E1
5.979400E1	1.195880E5	-1.845463E1	2.244665E1	2.905900E1	6.910718E3	6.745620E1	4.257246E1
5.979600E1	1.195920E5	-2.307389E1	1.709613E1	2.871728E1	7.112748E3	6.283694E1	4.792298E1
5.979800E1	1.195960E5	-2.603691E1	1.058494E1	2.810626E1	7.232723E3	5.987391E1	5.443417E1
5.980000E1	1.196000E5	-2.733220E1	3.649302E0	2.757474E1	7.433208E3	5.857863E1	6.136981E1
5.980200E1	1.196040E5	-2.703163E1	-3.611271E0	2.727179E1	7.588494E3	5.887920E1	6.863038E1
5.980400E1	1.196080E5	-2.469133E1	-1.035344E1	2.677415E1	7.627427E3	6.121950E1	7.537254E1
5.980600E1	1.196120E5	-2.096269E1	-1.644810E1	2.664535E1	7.697660E3	6.494814E1	8.146721E1
5.980800E1	1.196160E5	-1.573917E1	-2.130108E1	2.648504E1	7.635401E3	7.017166E1	8.632019E1
5.981000E1	1.196200E5	-9.663891E0	-2.473638E1	2.655709E1	7.547847E3	7.624694E1	8.975549E1
5.981200E1	1.196240E5	-2.924411E0	-2.662123E1	2.678137E1	7.490399E3	8.298642E1	9.164034E1
5.981400E1	1.196280E5	4.000630E0	-2.638366E1	2.668525E1	7.428981E3	8.991146E1	9.140277E1
5.981600E1	1.196320E5	1.063880E1	-2.452963E1	2.673736E1	7.361495E3	9.654963E1	8.954873E1
5.981800E1	1.196360E5	1.636222E1	-2.089137E1	2.653624E1	7.351491E3	1.022731E2	8.591048E1
5.982000E1	1.196400E5	2.116981E1	-1.603795E1	2.655893E1	7.493858E3	1.070806E2	8.105706E1
5.982200E1	1.196440E5	2.458929E1	-9.912933E0	2.651225E1	7.607822E3	1.105001E2	7.493204E1
5.982400E1	1.196480E5	2.630581E1	-3.097565E0	2.648755E1	7.665355E3	1.122166E2	6.811667E1
5.982600E1	1.196520E5	2.637970E1	4.039052E0	2.668712E1	7.668663E3	1.122905E2	6.098006E1
5.982800E1	1.196560E5	2.468342E1	1.096854E1	2.701074E1	7.567628E3	1.105942E2	5.405056E1
5.983000E1	1.196600E5	2.126914E1	1.720841E1	2.735883E1	7.405639E3	1.071800E2	4.781070E1
5.983200E1	1.196640E5	1.652806E1	2.240291E1	2.784002E1	7.272686E3	1.024389E2	4.261620E1
5.983400E1	1.196680E5	1.065624E1	2.646329E1	2.852826E1	7.104470E3	9.656707E1	3.855581E1
5.983600E1	1.196720E5	4.050593E0	2.881895E1	2.910222E1	6.784044E3	8.996142E1	3.620016E1
5.983800E1	1.196760E5	-2.655822E0	2.916843E1	2.928908E1	6.651091E3	8.325501E1	3.585068E1
5.984000E1	1.196800E5	-9.288578E0	2.759460E1	2.911597E1	6.770300E3	7.662225E1	3.742451E1
5.984200E1	1.196840E5	-1.550760E1	2.454606E1	2.903437E1	6.830237E3	7.040322E1	4.047305E1
5.984400E1	1.196880E5	-2.065568E1	1.999954E1	2.875132E1	6.951671E3	6.525515E1	4.501957E1
5.984600E1	1.196920E5	-2.451897E1	1.410450E1	2.828634E1	7.158178E3	6.139186E1	5.091460E1
5.984800E1	1.196960E5	-2.680396E1	7.404520E0	2.780790E1	7.172596E3	5.910687E1	5.761459E1
5.985000E1	1.197000E5	-2.736966E1	5.825016E-1	2.737586E1	7.262185E3	5.854117E1	6.443661E1
5.985200E1	1.197040E5	-2.630332E1	-6.366394E0	2.706281E1	7.503404E3	5.960751E1	7.138550E1
5.985400E1	1.197080E5	-2.350174E1	-1.291720E1	2.681764E1	7.595467E3	6.240908E1	7.793630E1
5.985600E1	1.197120E5	-1.929497E1	-1.862509E1	2.681771E1	7.493780E3	6.661586E1	8.364420E1
5.985800E1	1.197160E5	-1.383864E1	-2.282289E1	2.669068E1	7.467997E3	7.207219E1	8.784200E1
5.986000E1	1.197200E5	-7.451936E0	-2.575024E1	2.680683E1	7.409324E3	7.845889E1	9.076934E1
5.986200E1	1.197240E5	-7.491516E-1	-2.693463E1	2.694505E1	7.278066E3	8.516168E1	9.195374E1
5.986400E1	1.197280E5	6.047775E0	-2.625391E1	2.694148E1	7.256992E3	9.195860E1	9.127302E1
5.986600E1	1.197320E5	1.236422E1	-2.381761E1	2.683565E1	7.214483E3	9.827505E1	8.883671E1
5.986800E1	1.197360E5	1.787060E1	-1.996604E1	2.679554E1	7.280305E3	1.037814E2	8.498514E1
5.987000E1	1.197400E5	2.210241E1	-1.459822E1	2.648820E1	7.571894E3	1.080132E2	7.961733E1
5.987200E1	1.197440E5	2.515915E1	-8.117599E0	2.643630E1	7.671472E3	1.110700E2	7.313671E1
5.987400E1	1.197480E5	2.646123E1	-1.274783E0	2.649192E1	7.584330E3	1.123721E2	6.629389E1
5.987600E1	1.197520E5	2.604079E1	5.751660E0	2.666841E1	7.546035E3	1.119516E2	5.926745E1
5.987800E1	1.197560E5	2.407195E1	1.249159E1	2.712008E1	7.469612E3	1.099828E2	5.252752E1
5.988000E1	1.197600E5	2.051526E1	1.868937E1	2.775191E1	7.323637E3	1.064261E2	4.632974E1
5.988200E1	1.197640E5	1.549785E1	2.361169E1	2.824350E1	7.061655E3	1.014087E2	4.140742E1
5.988400E1	1.197680E5	9.562762E0	2.712484E1	2.876115E1	6.874585E3	9.547359E1	3.789426E1
5.988600E1	1.197720E5	2.924392E0	2.888493E1	2.903259E1	6.644978E3	8.883522E1	3.613418E1
5.988800E1	1.197760E5	-3.640207E0	2.897787E1	2.920562E1	6.599214E3	8.227062E1	3.604123E1
5.989000E1	1.197800E5	-1.023380E1	2.720385E1	2.906510E1	6.791624E3	7.567703E1	3.781526E1
5.989200E1	1.197840E5	-1.628623E1	2.385102E1	2.888101E1	6.841729E3	6.962459E1	4.116808E1
5.989400E1	1.197880E5	-2.133638E1	1.922304E1	2.871874E1	6.869193E3	6.457445E1	4.579607E1
5.989600E1	1.197920E5	-2.496700E1	1.338535E1	2.832876E1	6.893129E3	6.094383E1	5.163375E1
5.989800E1	1.197960E5	-2.692324E1	6.935156E0	2.780210E1	7.037833E3	5.898759E1	5.808395E1
5.990000E1	1.198000E5	-2.731993E1	2.164631E-2	2.731994E1	7.321332E3	5.859090E1	6.499746E1
5.990200E1	1.198040E5	-2.618875E1	-6.939186E0	2.709249E1	7.408170E3	5.972208E1	7.195829E1
5.990400E1	1.198080E5	-2.354186E1	-1.336673E1	2.707192E1	7.343694E3	6.236896E1	7.838584E1
5.990600E1	1.198120E5	-1.927746E1	-1.875653E1	2.689662E1	7.328708E3	6.663336E1	8.377564E1
5.990800E1	1.198160E5	-1.394525E1	-2.311924E1	2.699943E1	7.339753E3	7.196557E1	8.813835E1
5.991000E1	1.198200E5	-7.620441E0	-2.584924E1	2.694911E1	7.246558E3	7.829039E1	9.086835E1
5.991200E1	1.198240E5	-9.951773E-1	-2.699006E1	2.700840E1	7.171972E3	8.491565E1	9.200917E1
5.991400E1	1.198280E5	5.754079E0	-2.647450E1	2.709259E1	7.071041E3	9.166491E1	9.149360E1
5.991600E1	1.198320E5	1.181839E1	-2.404726E1	2.679450E1	7.062485E3	9.772922E1	8.906637E1
5.991800E1	1.198360E5	1.724441E1	-2.018195E1	2.654582E1	7.292621E3	1.031552E2	8.520105E1
5.992000E1	1.198400E5	2.171845E1	-1.501447E1	2.640313E1	7.414591E3	1.076293E2	8.003357E1
5.992200E1	1.198440E5	2.469417E1	-8.904812E0	2.625067E1	7.411868E3	1.106050E2	7.392392E1
5.992400E1	1.198480E5	2.612329E1	-2.289870E0	2.622346E1	7.541090E3	1.120341E2	6.730898E1
5.992600E1	1.198520E5	2.610589E1	4.760655E0	2.653641E1	7.573784E3	1.120167E2	6.025845E1
5.992800E1	1.198560E5	2.437256E1	1.151337E1	2.695514E1	7.414178E3	1.102834E2	5.350574E1
5.993000E1	1.198600E5	2.108605E1	1.768801E1	2.752249E1	7.195507E3	1.069969E2	4.733110E1
5.993200E1	1.198640E5	1.651727E1	2.279060E1	2.814661E1	6.974991E3	1.024281E2	4.222851E1
5.993400E1	1.198680E5	1.076976E1	2.651149E1	2.861550E1	6.828986E3	9.668059E1	3.850762E1
5.993600E1	1.198720E5	4.362524E0	2.879003E1	2.911868E1	6.646175E3	9.027335E1	3.622907E1
5.993800E1	1.198760E5	-2.284707E0	2.918469E1	2.927398E1	6.531258E3	8.362612E1	3.583442E1
5.994000E1	1.198800E5	-8.791641E0	2.786892E1	2.922276E1	6.505735E3	7.711919E1	3.715019E1
5.994200E1	1.198840E5	-1.473044E1	2.500815E1	2.902401E1	6.535203E3	7.118039E1	4.001096E1
5.994400E1	1.198880E5	-1.977316E1	2.072803E1	2.864662E1	6.689267E3	6.613767E1	4.429108E1
5.994600E1	1.198920E5	-2.373712E1	1.526457E1	2.822159E1	6.917925E3	6.217370E1	4.975454E1
5.994800E1	1.198960E5	-2.627938E1	8.884283E0	2.774052E1	7.094971E3	5.963145E1	5.613483E1
5.995000E1	1.199000E5	-2.733416E1	2.085909E0	2.741363E1	7.211543E3	5.857667E1	6.293320E1
5.995200E1	1.199040E5	-2.666675E1	-4.782392E0	2.709219E1	7.322853E3	5.924408E1	6.980150E1
5.995400E1	1.199080E5	-2.441231E1	-1.134609E1	2.692015E1	7.301551E3	6.149852E1	7.636519E1
5.995600E1	1.199120E5	-2.074426E1	-1.702347E1	2.683511E1	7.243789E3	6.516656E1	8.204257E1
5.995800E1	1.199160E5	-1.579779E1	-2.166632E1	2.681417E1	7.192704E3	7.011304E1	8.668543E1
5.996000E1	1.199200E5	-9.934787E0	-2.476889E1	2.668704E1	7.187136E3	7.597604E1	8.978800E1
5.996200E1	1.199240E5	-3.439878E0	-2.667234E1	2.689324E1	7.062536E3	8.247095E1	9.169145E1
5.996400E1	1.199280E5	2.972941E0	-2.652753E1	2.669360E1	7.008205E3	8.888377E1	9.154664E1
5.996600E1	1.199320E5	9.424409E0	-2.496197E1	2.668182E1	7.071318E3	9.533524E1	8.998108E1
5.996800E1	1.199360E5	1.516872E1	-2.192298E1	2.665909E1	7.051560E3	1.010796E2	8.694209E1
5.997000E1	1.199400E5	2.006453E1	-1.750939E1	2.663013E1	7.227399E3	1.059754E2	8.252849E1
5.997200E1	1.199440E5	2.372925E1	-1.178481E1	2.649451E1	7.287380E3	1.096401E2	7.680392E1
5.997400E1	1.199480E5	2.571331E1	-5.446856E0	2.628388E1	7.350142E3	1.116241E2	7.046596E1
5.997600E1	1.199520E5	2.626706E1	1.371952E0	2.630287E1	7.483221E3	1.121779E2	6.364716E1
5.997800E1	1.199560E5	2.547539E1	8.264041E0	2.678227E1	7.344070E3	1.113862E2	5.675507E1
5.998000E1	1.199600E5	2.290544E1	1.451727E1	2.711845E1	7.187686E3	1.088163E2	5.050184E1
5.998200E1	1.199640E5	1.891945E1	2.009330E1	2.759867E1	6.926176E3	1.048303E2	4.492581E1
5.998400E1	1.199680E5	1.406077E1	2.442369E1	2.818195E1	6.634915E3	9.997160E1	4.059542E1
5.998600E1	1.199720E5	8.319883E0	2.766688E1	2.889077E1	6.620229E3	9.423071E1	3.735223E1
5.998800E1	1.199760E5	1.749675E0	2.903766E1	2.909033E1	6.543065E3	8.766050E1	3.598145E1
5.999000E1	1.199800E5	-4.796526E0	2.886287E1	2.925871E1	6.399770E3	8.111430E1	3.615623E1
5.999200E1	1.199840E5	-1.101160E1	2.704937E1	2.920486E1	6.405860E3	7.489923E1	3.796973E1
5.999400E1	1.199880E5	-1.656317E1	2.360306E1	2.883475E1	6.556352E3	6.934766E1	4.141605E1
5.999600E1	1.199920E5	-2.134123E1	1.896343E1	2.854925E1	6.737376E3	6.456960E1	4.605567E1
5.999800E1	1.199960E5	-2.486031E1	1.321383E1	2.815387E1	6.877328E3	6.105052E1	5.180528E1
6.000000E1	1.200000E5	-2.680286E1	6.739578E0	2.763721E1	6.938800E3	5.910797E1	5.827953E1
6.000200E1	1.200040E5	-2.720877E1	1.123034E-1	2.720901E1	7.067340E3	5.870205E1	6.490680E1
6.000400E1	1.200080E5	-2.626070E1	-6.623015E0	2.708300E1	7.146966E3	5.965013E1	7.164212E1
6.000600E1	1.200120E5	-2.361999E1	-1.274539E1	2.683931E1	7.199110E3	6.229084E1	7.776450E1
6.000800E1	1.200160E5	-1.963512E1	-1.827893E1	2.682643E1	7.191421E3	6.627571E1	8.329804E1
6.001000E1	1.200200E5	-1.454372E1	-2.249586E1	2.678775E1	7.056524E3	7.136710E1	8.751497E1
6.001200E1	1.200240E5	-8.608515E0	-2.525482E1	2.668169E1	7.042035E3	7.730231E1	9.027393E1
6.001400E1	1.200280E5	-2.197502E0	-2.664449E1	2.673495E1	6.924207E3	8.371333E1	9.166359E1
6.001600E1	1.200320E5	4.102721E0	-2.627649E1	2.659485E1	6.956398E3	9.001355E1	9.129560E1
6.001800E1	1.200360E5	1.045272E1	-2.449328E1	2.663044E1	7.077601E3	9.636355E1	8.951239E1
6.002000E1	1.200400E5	1.597769E1	-2.106149E1	2.643620E1	7.049308E3	1.018885E2	8.608059E1
6.002200E1	1.200440E5	2.066705E1	-1.655267E1	2.647863E1	7.118999E3	1.065779E2	8.157178E1
6.002400E1	1.200480E5	2.394004E1	-1.082911E1	2.627537E1	7.114470E3	1.098509E2	7.584822E1
6.002600E1	1.200520E5	2.599235E1	-4.692730E0	2.641257E1	7.297000E3	1.119032E2	6.971184E1
6.002800E1	1.200560E5	2.661040E1	2.257325E0	2.670597E1	7.306444E3	1.125212E2	6.276178E1
6.003000E1	1.200600E5	2.536097E1	8.728366E0	2.682095E1	7.124324E3	1.112718E2	5.629074E1
6.003200E1	1.200640E5	2.276468E1	1.497978E1	2.725113E1	7.132876E3	1.086755E2	5.003933E1
6.003400E1	1.200680E5	1.864121E1	2.035985E1	2.760468E1	6.978959E3	1.045520E2	4.465926E1
6.003600E1	1.200720E5	1.360379E1	2.480860E1	2.829363E1	6.702069E3	9.951462E1	4.021051E1
6.003800E1	1.200760E5	7.770714E0	2.770359E1	2.877278E1	6.548090E3	9.368154E1	3.731552E1
6.004000E1	1.200800E5	1.293647E0	2.909574E1	2.912448E1	6.333871E3	8.720447E1	3.592337E1
6.004200E1	1.200840E5	-4.914910E0	2.885363E1	2.926924E1	6.166942E3	8.099592E1	3.616548E1
6.004400E1	1.200880E5	-1.100040E1	2.706094E1	2.921136E1	6.288238E3	7.491043E1	3.795817E1
6.004600E1	1.200920E5	-1.647523E1	2.368719E1	2.885336E1	6.456653E3	6.943560E1	4.133192E1
6.004800E1	1.200960E5	-2.124467E1	1.916333E1	2.861065E1	6.661105E3	6.466616E1	4.585577E1
6.005000E1	1.201000E5	-2.480875E1	1.349006E1	2.823926E1	6.674913E3	6.110208E1	5.152904E1
6.005200E1	1.201040E5	-2.682409E1	7.364293E0	2.781663E1	6.684901E3	5.908674E1	5.765481E1
6.005400E1	1.201080E5	-2.732685E1	8.569074E-1	2.734028E1	6.939333E3	5.858398E1	6.416220E1
6.005600E1	1.201120E5	-2.643574E1	-5.814968E0	2.706773E1	7.185337E3	5.947509E1	7.083408E1
6.005800E1	1.201160E5	-2.406887E1	-1.223476E1	2.700000E1	7.162407E3	6.184196E1	7.725387E1
6.006000E1	1.201200E5	-2.019909E1	-1.759300E1	2.678651E1	6.949689E3	6.571174E1	8.261211E1
6.006200E1	1.201240E5	-1.543565E1	-2.183611E1	2.674089E1	6.902091E3	7.047518E1	8.685522E1
6.006400E1	1.201280E5	-9.791265E0	-2.506618E1	2.691064E1	6.970047E3	7.611956E1	9.008529E1
6.006600E1	1.201320E5	-3.454980E0	-2.669018E1	2.691287E1	6.862340E3	8.245585E1	9.170929E1
6.006800E1	1.201360E5	2.852636E0	-2.663594E1	2.678826E1	6.714684E3	8.876346E1	9.165504E1
6.007000E1	1.201400E5	8.861175E0	-2.504687E1	2.656814E1	6.742473E3	9.477200E1	9.006598E1
6.007200E1	1.201440E5	1.441436E1	-2.212609E1	2.640715E1	6.942254E3	1.003252E2	8.714520E1
6.007400E1	1.201480E5	1.930555E1	-1.784464E1	2.628946E1	7.061440E3	1.052164E2	8.286375E1
6.007600E1	1.201520E5	2.305085E1	-1.260504E1	2.627221E1	7.222845E3	1.089617E2	7.762415E1
6.007800E1	1.201560E5	2.545509E1	-6.279063E0	2.621809E1	7.282900E3	1.113659E2	7.129817E1
6.008000E1	1.201600E5	2.635611E1	2.116829E-1	2.635696E1	7.161600E3	1.122669E2	6.480743E1
6.008200E1	1.201640E5	2.567504E1	6.778724E0	2.655483E1	7.139880E3	1.115859E2	5.824038E1
6.008400E1	1.201680E5	2.354695E1	1.306287E1	2.692763E1	7.025233E3	1.094578E2	5.195624E1
6.008600E1	1.201720E5	2.002539E1	1.860267E1	2.733268E1	6.834565E3	1.059362E2	4.641644E1
6.008800E1	1.201760E5	1.555038E1	2.336799E1	2.806915E1	6.673665E3	1.014612E2	4.165112E1
6.009000E1	1.201800E5	1.001810E1	2.691678E1	2.872065E1	6.411250E3	9.592893E1	3.810233E1
6.009200E1	1.201840E5	4.044696E0	2.879026E1	2.907299E1	6.201262E3	8.995552E1	3.622885E1
6.009400E1	1.201880E5	-2.233647E0	2.909265E1	2.917827E1	6.280609E3	8.367718E1	3.592646E1
6.009600E1	1.201920E5	-8.577552E0	2.783788E1	2.912940E1	6.340501E3	7.733328E1	3.718123E1
6.009800E1	1.201960E5	-1.438616E1	2.516812E1	2.898958E1	6.354768E3	7.152467E1	3.985099E1
6.010000E1	1.202000E5	-1.940276E1	2.114144E1	2.869542E1	6.466865E3	6.650807E1	4.387767E1
6.010200E1	1.202040E5	-2.338309E1	1.599884E1	2.833252E1	6.575756E3	6.252774E1	4.902027E1
6.010400E1	1.202080E5	-2.599995E1	1.005994E1	2.787830E1	6.638899E3	5.991088E1	5.495917E1
6.010600E1	1.202120E5	-2.713190E1	3.728453E0	2.738688E1	6.804147E3	5.877893E1	6.129066E1
6.010800E1	1.202160E5	-2.694334E1	-2.862325E0	2.709496E1	6.981052E3	5.896748E1	6.788143E1
6.011000E1	1.202200E5	-2.516963E1	-9.210607E0	2.680197E1	6.965996E3	6.074119E1	7.422971E1
6.011200E1	1.202240E5	-2.222621E1	-1.495120E1	2.678699E1	6.935560E3	6.368461E1	7.997031E1
6.011400E1	1.202280E5	-1.804669E1	-1.993199E1	2.688805E1	6.987228E3	6.786414E1	8.495110E1
6.011600E1	1.202320E5	-1.265134E1	-2.367095E1	2.683971E1	6.878759E3	7.325949E1	8.869006E1
6.011800E1	1.202360E5	-6.756646E0	-2.585946E1	2.672759E1	6.747448E3	7.915418E1	9.087857E1
6.012000E1	1.202400E5	-5.323853E-1	-2.691352E1	2.691879E1	6.666388E3	8.537844E1	9.193263E1
6.012200E1	1.202440E5	5.617638E0	-2.637801E1	2.696956E1	6.593373E3	9.152847E1	9.139712E1
6.012400E1	1.202480E5	1.141489E1	-2.421371E1	2.676945E1	6.693201E3	9.732572E1	8.923282E1
6.012600E1	1.202520E5	1.664122E1	-2.070100E1	2.656053E1	6.753950E3	1.025521E2	8.572010E1
6.012800E1	1.202560E5	2.091325E1	-1.618924E1	2.644722E1	6.929785E3	1.068241E2	8.120834E1
6.013000E1	1.202600E5	2.418791E1	-1.050996E1	2.637260E1	7.133670E3	1.100987E2	7.552907E1
6.013200E1	1.202640E5	2.600401E1	-4.216048E0	2.634357E1	7.139096E3	1.119148E2	6.923516E1
6.013400E1	1.202680E5	2.640721E1	2.343221E0	2.651097E1	7.146099E3	1.123180E2	6.267589E1
6.013600E1	1.202720E5	2.529950E1	8.897019E0	2.681831E1	7.035804E3	1.112103E2	5.612209E1
6.013800E1	1.202760E5	2.281112E1	1.493515E1	2.726547E1	6.872919E3	1.087219E2	5.008395E1
6.014000E1	1.202800E5	1.887989E1	2.015208E1	2.761443E1	6.740041E3	1.047907E2	4.486703E1
6.014200E1	1.202840E5	1.391733E1	2.427567E1	2.798214E1	6.403237E3	9.982816E1	4.074344E1
6.014400E1	1.202880E5	8.559414E0	2.711358E1	2.843254E1	6.256714E3	9.447024E1	3.790553E1
6.014600E1	1.202920E5	2.405701E0	2.865501E1	2.875582E1	6.253811E3	8.831653E1	3.636410E1
6.014800E1	1.202960E5	-3.799817E0	2.888197E1	2.913085E1	6.082144E3	8.211101E1	3.613714E1
6.015000E1	1.203000E5	-9.736245E0	2.744920E1	2.912478E1	6.097545E3	7.617458E1	3.756991E1
6.015200E1	1.203040E5	-1.533434E1	2.464986E1	2.903029E1	6.241853E3	7.057649E1	4.036925E1
6.015400E1	1.203080E5	-2.022151E1	2.057969E1	2.885192E1	6.348686E3	6.568931E1	4.443941E1
6.015600E1	1.203120E5	-2.396465E1	1.539690E1	2.848454E1	6.373292E3	6.194617E1	4.962221E1
6.015800E1	1.203160E5	-2.633294E1	9.589509E0	2.802468E1	6.509436E3	5.957788E1	5.542960E1
6.016000E1	1.203200E5	-2.737249E1	3.206973E0	2.755971E1	6.844120E3	5.853834E1	6.181213E1
6.016200E1	1.203240E5	-2.706756E1	-3.499456E0	2.729283E1	6.939147E3	5.884327E1	6.851856E1
6.016400E1	1.203280E5	-2.507974E1	-9.664519E0	2.687743E1	6.840006E3	6.083109E1	7.468363E1
6.016600E1	1.203320E5	-2.186413E1	-1.515452E1	2.660263E1	6.874692E3	6.404670E1	8.017363E1
6.016800E1	1.203360E5	-1.759244E1	-1.993577E1	2.658814E1	6.842694E3	6.831839E1	8.495488E1
6.017000E1	1.203400E5	-1.253185E1	-2.366604E1	2.677926E1	6.693001E3	7.337897E1	8.868514E1
6.017200E1	1.203440E5	-6.754418E0	-2.582898E1	2.669753E1	6.659356E3	7.915641E1	9.084809E1
6.017400E1	1.203480E5	-5.931279E-1	-2.685812E1	2.686467E1	6.607661E3	8.531770E1	9.187723E1
6.017600E1	1.203520E5	5.504451E0	-2.640434E1	2.697199E1	6.532028E3	9.141528E1	9.142345E1
6.017800E1	1.203560E5	1.122837E1	-2.423040E1	2.670559E1	6.629889E3	9.713920E1	8.924951E1
6.018000E1	1.203600E5	1.645982E1	-2.084532E1	2.656036E1	6.713450E3	1.023706E2	8.586443E1
6.018200E1	1.203640E5	2.072090E1	-1.635451E1	2.639745E1	6.832847E3	1.066317E2	8.137362E1
6.018400E1	1.203680E5	2.376539E1	-1.076716E1	2.609072E1	6.912523E3	1.096762E2	7.578627E1
6.018600E1	1.203720E5	2.557538E1	-4.801595E0	2.602221E1	6.926125E3	1.114862E2	6.982070E1
6.018800E1	1.203760E5	2.605703E1	1.516634E0	2.610113E1	7.067032E3	1.119679E2	6.350247E1
6.019000E1	1.203800E5	2.534482E1	8.056910E0	2.659462E1	6.978859E3	1.112557E2	5.696220E1
6.019200E1	1.203840E5	2.307247E1	1.399882E1	2.698714E1	6.763778E3	1.089833E2	5.102029E1
6.019400E1	1.203880E5	1.953190E1	1.932178E1	2.747410E1	6.697925E3	1.054427E2	4.569733E1
6.019600E1	1.203920E5	1.490864E1	2.389429E1	2.816389E1	6.390494E3	1.008195E2	4.112482E1
6.019800E1	1.203960E5	9.685348E0	2.697907E1	2.866489E1	6.209302E3	9.559618E1	3.804004E1
6.020000E1	1.204000E5	3.587702E0	2.870353E1	2.892687E1	6.223391E3	8.949853E1	3.631558E1
6.020200E1	1.204040E5	-2.619490E0	2.908885E1	2.920655E1	6.058032E3	8.329134E1	3.593026E1
6.020400E1	1.204080E5	-8.567267E0	2.783523E1	2.912385E1	6.042024E3	7.734356E1	3.718387E1
6.020600E1	1.204120E5	-1.419221E1	2.527597E1	2.898781E1	6.172926E3	7.171862E1	3.974314E1
6.020800E1	1.204160E5	-1.911220E1	2.137637E1	2.867448E1	6.202300E3	6.679863E1	4.364274E1
6.021000E1	1.204200E5	-2.309444E1	1.670347E1	2.850192E1	6.278612E3	6.281639E1	4.831563E1
6.021200E1	1.204240E5	-2.584728E1	1.101748E1	2.809745E1	6.436232E3	6.006354E1	5.400163E1
6.021400E1	1.204280E5	-2.711940E1	4.846373E0	2.754903E1	6.562282E3	5.879143E1	6.017274E1
6.021600E1	1.204320E5	-2.724715E1	-1.505635E0	2.728871E1	6.712903E3	5.866368E1	6.652474E1
6.021800E1	1.204360E5	-2.581901E1	-7.755665E0	2.695871E1	6.878464E3	6.009181E1	7.277477E1
6.022000E1	1.204400E5	-2.308173E1	-1.369224E1	2.683736E1	6.803154E3	6.282910E1	7.871135E1
6.022200E1	1.204440E5	-1.909813E1	-1.839919E1	2.651921E1	6.613955E3	6.681270E1	8.341830E1
6.022400E1	1.204480E5	-1.445534E1	-2.237240E1	2.663608E1	6.615136E3	7.145549E1	8.739151E1
6.022600E1	1.204520E5	-8.937732E0	-2.508992E1	2.663433E1	6.716826E3	7.697310E1	9.010903E1
6.022800E1	1.204560E5	-2.787254E0	-2.651823E1	2.666431E1	6.670934E3	8.312357E1	9.153734E1
6.023000E1	1.204600E5	3.286341E0	-2.647316E1	2.667636E1	6.523719E3	8.919717E1	9.149227E1
6.023200E1	1.204640E5	9.150736E0	-2.501271E1	2.663403E1	6.494124E3	9.506156E1	9.003182E1
6.023400E1	1.204680E5	1.451982E1	-2.231342E1	2.662168E1	6.523155E3	1.004306E2	8.733253E1
6.023600E1	1.204720E5	1.909113E1	-1.831584E1	2.645640E1	6.684529E3	1.050020E2	8.333495E1
6.023800E1	1.204760E5	2.274665E1	-1.324363E1	2.632117E1	6.770731E3	1.086575E2	7.826274E1
6.024000E1	1.204800E5	2.504152E1	-7.526986E0	2.614829E1	6.862209E3	1.109523E2	7.254609E1
6.024200E1	1.204840E5	2.630234E1	-1.268055E0	2.633289E1	6.908373E3	1.122132E2	6.628716E1
6.024400E1	1.204880E5	2.610781E1	5.029345E0	2.658782E1	6.764016E3	1.120186E2	5.998976E1
6.024600E1	1.204920E5	2.457817E1	1.109537E1	2.696653E1	6.701763E3	1.104890E2	5.392374E1
6.024800E1	1.204960E5	2.153367E1	1.664960E1	2.721963E1	6.662507E3	1.074445E2	4.836951E1
6.025000E1	1.205000E5	1.751714E1	2.159020E1	2.780265E1	6.501186E3	1.034280E2	4.342890E1
6.025200E1	1.205040E5	1.257197E1	2.545484E1	2.839020E1	6.301398E3	9.848280E1	3.956427E1
6.025400E1	1.205080E5	6.936227E0	2.813653E1	2.897889E1	6.021548E3	9.284706E1	3.688257E1
6.025600E1	1.205120E5	1.117597E0	2.911493E1	2.913637E1	5.813426E3	8.702843E1	3.590418E1
6.025800E1	1.205160E5	-4.769754E0	2.879536E1	2.918772E1	5.914867E3	8.114107E1	3.622375E1
6.026000E1	1.205200E5	-1.065126E1	2.709358E1	2.911205E1	6.021128E3	7.525956E1	3.792552E1
6.026200E1	1.205240E5	-1.591899E1	2.406031E1	2.884983E1	6.060365E3	6.999184E1	4.095880E1
6.026400E1	1.205280E5	-2.039811E1	1.990382E1	2.849991E1	6.217117E3	6.551272E1	4.511528E1
6.026600E1	1.205320E5	-2.398748E1	1.478131E1	2.817599E1	6.295863E3	6.192335E1	5.023780E1
6.026800E1	1.205360E5	-2.620371E1	9.080957E0	2.773262E1	6.419389E3	5.970711E1	5.593815E1
6.027000E1	1.205400E5	-2.734802E1	2.857123E0	2.749686E1	6.601985E3	5.856281E1	6.216199E1
6.027200E1	1.205440E5	-2.706705E1	-3.464518E0	2.728788E1	6.565087E3	5.884377E1	6.848363E1
6.027400E1	1.205480E5	-2.522270E1	-9.328224E0	2.689238E1	6.546057E3	6.068813E1	7.434733E1
6.027600E1	1.205520E5	-2.241720E1	-1.482541E1	2.687608E1	6.623733E3	6.349362E1	7.984452E1
6.027800E1	1.205560E5	-1.847251E1	-1.966508E1	2.698054E1	6.544110E3	6.743831E1	8.468419E1
6.028000E1	1.205600E5	-1.357674E1	-2.319172E1	2.687347E1	6.475883E3	7.233409E1	8.821082E1
6.028200E1	1.205640E5	-7.972577E0	-2.558850E1	2.680174E1	6.544946E3	7.793825E1	9.060761E1
6.028400E1	1.205680E5	-1.935805E0	-2.657984E1	2.665024E1	6.527962E3	8.397502E1	9.159895E1
6.028600E1	1.205720E5	4.074907E0	-2.630272E1	2.661650E1	6.404214E3	8.998573E1	9.132183E1
6.028800E1	1.205760E5	9.746087E0	-2.480360E1	2.664967E1	6.292357E3	9.565692E1	8.982271E1
6.029000E1	1.205800E5	1.484133E1	-2.202317E1	2.655720E1	6.350220E3	1.007522E2	8.704228E1
6.029200E1	1.205840E5	1.921090E1	-1.800729E1	2.633099E1	6.600787E3	1.051217E2	8.302640E1
6.029400E1	1.205880E5	2.277303E1	-1.294791E1	2.619655E1	6.731958E3	1.086839E2	7.796702E1
6.029600E1	1.205920E5	2.497165E1	-7.264349E0	2.600681E1	6.821747E3	1.108825E2	7.228346E1
6.029800E1	1.205960E5	2.619708E1	-1.067751E0	2.621883E1	6.853404E3	1.121079E2	6.608686E1
6.030000E1	1.206000E5	2.597187E1	5.139600E0	2.647552E1	6.704242E3	1.118827E2	5.987951E1
6.030200E1	1.206040E5	2.446923E1	1.114249E1	2.688677E1	6.648072E3	1.103801E2	5.387662E1
6.030400E1	1.206080E5	2.144641E1	1.662714E1	2.713688E1	6.610908E3	1.073572E2	4.839197E1
6.030600E1	1.206120E5	1.747733E1	2.152626E1	2.772791E1	6.467207E3	1.033882E2	4.349284E1
6.030800E1	1.206160E5	1.257687E1	2.539692E1	2.834045E1	6.226927E3	9.848770E1	3.962219E1
6.031000E1	1.206200E5	7.087663E0	2.808088E1	2.896154E1	5.945271E3	9.299849E1	3.693823E1
6.031200E1	1.206240E5	1.301854E0	2.907097E1	2.910011E1	5.773103E3	8.721268E1	3.594814E1
6.031400E1	1.206280E5	-4.525673E0	2.881241E1	2.916568E1	5.855759E3	8.138516E1	3.620670E1
6.031600E1	1.206320E5	-1.036624E1	2.720498E1	2.911305E1	5.967637E3	7.554459E1	3.781413E1
6.031800E1	1.206360E5	-1.565332E1	2.429173E1	2.889835E1	5.961172E3	7.025751E1	4.072738E1
6.032000E1	1.206400E5	-2.005983E1	2.026844E1	2.851677E1	6.058392E3	6.585100E1	4.475067E1
6.032200E1	1.206440E5	-2.346658E1	1.522142E1	2.797092E1	6.267894E3	6.244425E1	4.979768E1
6.032400E1	1.206480E5	-2.591401E1	9.547236E0	2.761676E1	6.317172E3	5.999682E1	5.547187E1
6.032600E1	1.206520E5	-2.695479E1	3.644656E0	2.720008E1	6.348899E3	5.895604E1	6.137445E1
6.032800E1	1.206560E5	-2.671117E1	-2.417180E0	2.682032E1	6.476202E3	5.919966E1	6.743629E1
6.033000E1	1.206600E5	-2.528418E1	-8.315135E0	2.661637E1	6.556371E3	6.062665E1	7.333424E1
6.033200E1	1.206640E5	-2.269474E1	-1.385091E1	2.658757E1	6.668398E3	6.321608E1	7.887002E1
6.033400E1	1.206680E5	-1.890454E1	-1.882415E1	2.667827E1	6.667065E3	6.700629E1	8.384326E1
6.033600E1	1.206720E5	-1.418064E1	-2.275075E1	2.680834E1	6.434759E3	7.173019E1	8.776986E1
6.033800E1	1.206760E5	-8.969374E0	-2.549401E1	2.702580E1	6.359757E3	7.694145E1	9.051312E1
6.034000E1	1.206800E5	-3.035172E0	-2.665413E1	2.682639E1	6.393946E3	8.287566E1	9.167324E1
6.034200E1	1.206840E5	2.895388E0	-2.668396E1	2.684058E1	6.213953E3	8.880622E1	9.170307E1
6.034400E1	1.206880E5	8.385851E0	-2.526859E1	2.662375E1	6.152422E3	9.429668E1	9.028770E1
6.034600E1	1.206920E5	1.359560E1	-2.280462E1	2.654978E1	6.275731E3	9.950642E1	8.782373E1
6.034800E1	1.206960E5	1.818733E1	-1.919071E1	2.643979E1	6.442668E3	1.040982E2	8.420982E1
6.035000E1	1.207000E5	2.197186E1	-1.450258E1	2.632655E1	6.683480E3	1.078827E2	7.952168E1
6.035200E1	1.207040E5	2.471803E1	-8.900878E0	2.627179E1	6.622036E3	1.106289E2	7.391999E1
6.035400E1	1.207080E5	2.602010E1	-3.166635E0	2.621208E1	6.580298E3	1.119309E2	6.818574E1
6.035600E1	1.207120E5	2.630543E1	3.005226E0	2.647654E1	6.651837E3	1.122163E2	6.201388E1
6.035800E1	1.207160E5	2.514637E1	8.988158E0	2.670443E1	6.570115E3	1.110572E2	5.603095E1
6.036000E1	1.207200E5	2.279420E1	1.468866E1	2.711701E1	6.565679E3	1.087050E2	5.033045E1
6.036200E1	1.207240E5	1.911438E1	1.974609E1	2.748214E1	6.383920E3	1.050252E2	4.527301E1
6.036400E1	1.207280E5	1.475526E1	2.392213E1	2.810669E1	6.140955E3	1.006661E2	4.109698E1
6.036600E1	1.207320E5	9.523987E0	2.688765E1	2.852459E1	6.002599E3	9.543481E1	3.813146E1
6.036800E1	1.207360E5	3.845601E0	2.860794E1	2.886526E1	5.924860E3	8.975643E1	3.641117E1
6.037000E1	1.207400E5	-2.133650E0	2.909249E1	2.917063E1	5.844603E3	8.377718E1	3.592662E1
6.037200E1	1.207440E5	-7.937666E0	2.819689E1	2.929285E1	5.697641E3	7.797316E1	3.682222E1
6.037400E1	1.207480E5	-1.316279E1	2.585001E1	2.900831E1	5.737400E3	7.274803E1	3.916910E1
6.037600E1	1.207520E5	-1.807433E1	2.258309E1	2.892538E1	5.813356E3	6.783650E1	4.243602E1
6.037800E1	1.207560E5	-2.188609E1	1.820986E1	2.847104E1	5.969046E3	6.402474E1	4.680925E1
6.038000E1	1.207600E5	-2.478523E1	1.287591E1	2.793022E1	6.186301E3	6.112559E1	5.214319E1
6.038200E1	1.207640E5	-2.659282E1	7.133600E0	2.753300E1	6.317219E3	5.931801E1	5.788551E1
6.038400E1	1.207680E5	-2.726770E1	1.039405E0	2.728750E1	6.449272E3	5.864313E1	6.397970E1
6.038600E1	1.207720E5	-2.667300E1	-5.078912E0	2.715225E1	6.479523E3	5.923782E1	7.009802E1
6.038800E1	1.207760E5	-2.469622E1	-1.085894E1	2.697813E1	6.459149E3	6.121461E1	7.587805E1
6.039000E1	1.207800E5	-2.164669E1	-1.608648E1	2.696950E1	6.371880E3	6.426414E1	8.110559E1
6.039200E1	1.207840E5	-1.763824E1	-2.045043E1	2.700607E1	6.257554E3	6.827259E1	8.546954E1
6.039400E1	1.207880E5	-1.278469E1	-2.369187E1	2.692124E1	6.203055E3	7.312614E1	8.871098E1
6.039600E1	1.207920E5	-7.378100E0	-2.578970E1	2.682433E1	6.159871E3	7.853273E1	9.080881E1
6.039800E1	1.207960E5	-1.746645E0	-2.691606E1	2.697267E1	6.190767E3	8.416418E1	9.193516E1
6.040000E1	1.208000E5	4.129708E0	-2.668267E1	2.700036E1	6.209369E3	9.004054E1	9.170178E1
6.040200E1	1.208040E5	9.628430E0	-2.492076E1	2.671612E1	6.152778E3	9.553926E1	8.993987E1
6.040400E1	1.208080E5	1.461192E1	-2.215253E1	2.653757E1	6.250036E3	1.005227E2	8.717164E1
6.040600E1	1.208120E5	1.894484E1	-1.821526E1	2.628122E1	6.487296E3	1.048557E2	8.323437E1
6.040800E1	1.208160E5	2.251829E1	-1.333945E1	2.617278E1	6.649017E3	1.084291E2	7.835856E1
6.041000E1	1.208200E5	2.482550E1	-7.722379E0	2.599886E1	6.570630E3	1.107363E2	7.274149E1
6.041200E1	1.208240E5	2.586137E1	-1.971426E0	2.593641E1	6.574376E3	1.117722E2	6.699053E1
6.041400E1	1.208280E5	2.566357E1	4.073131E0	2.598478E1	6.631614E3	1.115744E2	6.094598E1
6.041600E1	1.208320E5	2.439107E1	9.937528E0	2.633779E1	6.576984E3	1.103019E2	5.508158E1
6.041800E1	1.208360E5	2.189904E1	1.552047E1	2.684126E1	6.527357E3	1.078099E2	4.949864E1
6.042000E1	1.208400E5	1.824275E1	2.045840E1	2.741065E1	6.273322E3	1.041536E2	4.456071E1
6.042200E1	1.208440E5	1.391953E1	2.452230E1	2.819746E1	5.851240E3	9.983036E1	4.049681E1
6.042400E1	1.208480E5	9.083030E0	2.743497E1	2.889946E1	5.682376E3	9.499386E1	3.758414E1
6.042600E1	1.208520E5	3.492994E0	2.907330E1	2.928238E1	5.742152E3	8.940382E1	3.594581E1
6.042800E1	1.208560E5	-2.371782E0	2.915890E1	2.925520E1	5.697127E3	8.353905E1	3.586021E1
6.043000E1	1.208600E5	-8.027604E0	2.811114E1	2.923489E1	5.596271E3	7.788322E1	3.690797E1
6.043200E1	1.208640E5	-1.315399E1	2.577690E1	2.893918E1	5.664735E3	7.275684E1	3.924221E1
6.043400E1	1.208680E5	-1.794470E1	2.248174E1	2.876527E1	5.777173E3	6.796613E1	4.253737E1
6.043600E1	1.208720E5	-2.176855E1	1.817296E1	2.835712E1	5.945018E3	6.414228E1	4.684615E1
6.043800E1	1.208760E5	-2.464781E1	1.289839E1	2.781875E1	6.142219E3	6.126302E1	5.212072E1
6.044000E1	1.208800E5	-2.645955E1	7.232135E0	2.743012E1	6.270173E3	5.945128E1	5.778697E1
6.044200E1	1.208840E5	-2.713248E1	1.204898E0	2.715922E1	6.411781E3	5.877835E1	6.381421E1
6.044400E1	1.208880E5	-2.659900E1	-4.862625E0	2.703983E1	6.431354E3	5.931182E1	6.988173E1
6.044600E1	1.208920E5	-2.477170E1	-1.060831E1	2.694761E1	6.291717E3	6.113913E1	7.562742E1
6.044800E1	1.208960E5	-2.177174E1	-1.554502E1	2.675176E1	6.248175E3	6.413909E1	8.056413E1
6.045000E1	1.209000E5	-1.774546E1	-1.983008E1	2.661078E1	6.328873E3	6.816536E1	8.484919E1
6.045200E1	1.209040E5	-1.303804E1	-2.336935E1	2.676036E1	6.312027E3	7.287279E1	8.838846E1
6.045400E1	1.209080E5	-7.637084E0	-2.565652E1	2.676905E1	6.187004E3	7.827374E1	9.067563E1
6.045600E1	1.209120E5	-2.048432E0	-2.656327E1	2.664213E1	6.114747E3	8.386240E1	9.158237E1
6.045800E1	1.209160E5	3.660727E0	-2.644079E1	2.669300E1	6.049673E3	8.957155E1	9.145990E1
6.046000E1	1.209200E5	9.003658E0	-2.502364E1	2.659414E1	6.097111E3	9.491449E1	9.004275E1
6.046200E1	1.209240E5	1.422273E1	-2.252342E1	2.663814E1	6.215823E3	1.001336E2	8.754253E1
6.046400E1	1.209280E5	1.858572E1	-1.881266E1	2.644513E1	6.163164E3	1.044965E2	8.383176E1
6.046600E1	1.209320E5	2.204959E1	-1.436101E1	2.631393E1	6.342754E3	1.079604E2	7.938012E1
6.046800E1	1.209360E5	2.466071E1	-8.964383E0	2.623948E1	6.430275E3	1.105715E2	7.398349E1
6.047000E1	1.209400E5	2.593537E1	-3.347849E0	2.615055E1	6.460698E3	1.118462E2	6.836696E1
6.047200E1	1.209440E5	2.629028E1	2.701136E0	2.642868E1	6.562131E3	1.122011E2	6.231797E1
6.047400E1	1.209480E5	2.525423E1	8.643113E0	2.669231E1	6.409817E3	1.111651E2	5.637600E1
6.047600E1	1.209520E5	2.316943E1	1.420126E1	2.717533E1	6.164166E3	1.090803E2	5.081785E1
6.047800E1	1.209560E5	1.993963E1	1.895502E1	2.751148E1	6.001236E3	1.058505E2	4.606409E1
6.048000E1	1.209600E5	1.589734E1	2.313973E1	2.807442E1	6.050006E3	1.018082E2	4.187937E1
6.048200E1	1.209640E5	1.071556E1	2.619220E1	2.829937E1	5.960733E3	9.662639E1	3.882691E1
6.048400E1	1.209680E5	5.292495E0	2.815324E1	2.864639E1	5.711527E3	9.120332E1	3.686587E1
6.048600E1	1.209720E5	-2.997728E-1	2.881690E1	2.881846E1	5.569502E3	8.561106E1	3.620221E1
6.048800E1	1.209760E5	-5.865591E0	2.849590E1	2.909332E1	5.524822E3	8.004524E1	3.652321E1
6.049000E1	1.209800E5	-1.121866E1	2.682527E1	2.907668E1	5.635417E3	7.469216E1	3.819384E1
6.049200E1	1.209840E5	-1.624005E1	2.392078E1	2.891268E1	5.752366E3	6.967078E1	4.109833E1
6.049400E1	1.209880E5	-2.051584E1	2.001724E1	2.866338E1	5.815197E3	6.539499E1	4.500187E1
6.049600E1	1.209920E5	-2.376927E1	1.518136E1	2.820376E1	5.955852E3	6.214155E1	4.983775E1
6.049800E1	1.209960E5	-2.600896E1	9.709780E0	2.776231E1	6.046660E3	5.990187E1	5.530933E1
6.050000E1	1.210000E5	-2.699792E1	3.976887E0	2.728925E1	6.153428E3	5.891291E1	6.104222E1
6.050200E1	1.210040E5	-2.686570E1	-1.945497E0	2.693605E1	6.292081E3	5.904512E1	6.696461E1
6.050400E1	1.210080E5	-2.563159E1	-7.733128E0	2.677275E1	6.310956E3	6.027923E1	7.275224E1
6.050600E1	1.210120E5	-2.340245E1	-1.317891E1	2.685812E1	6.193539E3	6.250838E1	7.819802E1
6.050800E1	1.210160E5	-2.013600E1	-1.785426E1	2.691158E1	6.093784E3	6.577483E1	8.287337E1
6.051000E1	1.210200E5	-1.603964E1	-2.188398E1	2.713261E1	6.132420E3	6.987119E1	8.690309E1
6.051200E1	1.210240E5	-1.100763E1	-2.483142E1	2.716187E1	6.134024E3	7.490320E1	8.985053E1
6.051400E1	1.210280E5	-5.524745E0	-2.667080E1	2.723701E1	5.937899E3	8.038608E1	9.168991E1
6.051600E1	1.210320E5	-7.335939E-2	-2.696958E1	2.696968E1	5.888302E3	8.583747E1	9.198869E1
6.051800E1	1.210360E5	5.554508E0	-2.647216E1	2.704862E1	5.948424E3	9.146534E1	9.149127E1
6.052000E1	1.210400E5	1.072656E1	-2.450798E1	2.675257E1	5.992684E3	9.663739E1	8.952709E1
6.052200E1	1.210440E5	1.543013E1	-2.137797E1	2.636488E1	6.158336E3	1.013410E2	8.639708E1
6.052400E1	1.210480E5	1.952970E1	-1.741795E1	2.616857E1	6.289700E3	1.054405E2	8.243706E1
6.052600E1	1.210520E5	2.267104E1	-1.257728E1	2.592613E1	6.468164E3	1.085819E2	7.759638E1
6.052800E1	1.210560E5	2.479771E1	-7.043304E0	2.577857E1	6.493722E3	1.107085E2	7.206241E1
6.053000E1	1.210600E5	2.570516E1	-1.367589E0	2.574151E1	6.480645E3	1.116160E2	6.638670E1
6.053200E1	1.210640E5	2.554349E1	4.534547E0	2.594286E1	6.471336E3	1.114543E2	6.048456E1
6.053400E1	1.210680E5	2.440761E1	1.028003E1	2.648415E1	6.224666E3	1.103184E2	5.473908E1
6.053600E1	1.210720E5	2.200080E1	1.538516E1	2.684657E1	6.071995E3	1.079116E2	4.963395E1
6.053800E1	1.210760E5	1.883597E1	2.028972E1	2.768513E1	5.983251E3	1.047468E2	4.472939E1
6.054000E1	1.210800E5	1.446337E1	2.397439E1	2.799929E1	5.783857E3	1.003742E2	4.104472E1
6.054200E1	1.210840E5	9.611770E0	2.679058E1	2.846263E1	5.647089E3	9.552260E1	3.822853E1
6.054400E1	1.210880E5	4.286409E0	2.863470E1	2.895374E1	5.545819E3	9.019724E1	3.638441E1
6.054600E1	1.210920E5	-1.245301E0	2.914537E1	2.917196E1	5.442318E3	8.466553E1	3.587374E1
6.054800E1	1.210960E5	-6.697640E0	2.843114E1	2.920938E1	5.370081E3	7.921319E1	3.658797E1
6.055000E1	1.211000E5	-1.184838E1	2.670349E1	2.921405E1	5.412840E3	7.406245E1	3.831561E1
6.055200E1	1.211040E5	-1.651209E1	2.366330E1	2.885483E1	5.572784E3	6.939873E1	4.135581E1
6.055400E1	1.211080E5	-2.057141E1	1.971482E1	2.849310E1	5.745262E3	6.533942E1	4.530429E1
6.055600E1	1.211120E5	-2.373757E1	1.489741E1	2.802508E1	5.928416E3	6.217326E1	5.012170E1
6.055800E1	1.211160E5	-2.588193E1	9.455193E0	2.755495E1	5.986874E3	6.002890E1	5.556392E1
6.056000E1	1.211200E5	-2.684780E1	3.851789E0	2.712269E1	6.099716E3	5.906303E1	6.116732E1
6.056200E1	1.211240E5	-2.667132E1	-2.019749E0	2.674768E1	6.261626E3	5.923951E1	6.703886E1
6.056400E1	1.211280E5	-2.544883E1	-7.723275E0	2.659496E1	6.293742E3	6.046200E1	7.274238E1
6.056600E1	1.211320E5	-2.319225E1	-1.312452E1	2.664833E1	6.213885E3	6.271858E1	7.814363E1
6.056800E1	1.211360E5	-1.997216E1	-1.781811E1	2.676514E1	6.205145E3	6.593866E1	8.283722E1
6.057000E1	1.211400E5	-1.564475E1	-2.179296E1	2.682706E1	6.135287E3	7.026607E1	8.681206E1
6.057200E1	1.211440E5	-1.087273E1	-2.474390E1	2.702733E1	5.981197E3	7.503810E1	8.976301E1
6.057400E1	1.211480E5	-5.536718E0	-2.662096E1	2.719064E1	5.847795E3	8.037411E1	9.164007E1
6.057600E1	1.211520E5	-1.557518E-1	-2.704170E1	2.704215E1	5.699523E3	8.575508E1	9.206081E1
6.057800E1	1.211560E5	5.165831E0	-2.645504E1	2.695468E1	5.820699E3	9.107666E1	9.147415E1
6.058000E1	1.211600E5	1.044422E1	-2.466151E1	2.678192E1	5.996715E3	9.635504E1	8.968061E1
6.058200E1	1.211640E5	1.520518E1	-2.168633E1	2.648575E1	6.094383E3	1.011160E2	8.670544E1
6.058400E1	1.211680E5	1.933863E1	-1.782623E1	2.630128E1	6.073790E3	1.052495E2	8.284534E1
6.058600E1	1.211720E5	2.255959E1	-1.337838E1	2.622815E1	6.178897E3	1.084704E2	7.839749E1
6.058800E1	1.211760E5	2.477592E1	-8.028241E0	2.604418E1	6.308229E3	1.106868E2	7.304735E1
6.059000E1	1.211800E5	2.580479E1	-2.455650E0	2.592137E1	6.388965E3	1.117156E2	6.747476E1
6.059200E1	1.211840E5	2.573401E1	3.434462E0	2.596218E1	6.458622E3	1.116448E2	6.158465E1
6.059400E1	1.211880E5	2.473293E1	9.197331E0	2.638766E1	6.243576E3	1.106438E2	5.582178E1
6.059600E1	1.211920E5	2.247013E1	1.435704E1	2.666517E1	6.068136E3	1.083810E2	5.066207E1
6.059800E1	1.211960E5	1.948797E1	1.926543E1	2.740325E1	5.885174E3	1.053988E2	4.575367E1
6.060000E1	1.212000E5	1.553182E1	2.312842E1	2.785967E1	5.706184E3	1.014427E2	4.189069E1
6.060200E1	1.212040E5	1.081691E1	2.610881E1	2.826085E1	5.634747E3	9.672774E1	3.891029E1
6.060400E1	1.212080E5	5.630392E0	2.806458E1	2.862380E1	5.515077E3	9.154122E1	3.695453E1
6.060600E1	1.212120E5	2.240866E-1	2.891860E1	2.891947E1	5.320435E3	8.613491E1	3.610051E1
6.060800E1	1.212160E5	-5.030063E0	2.870998E1	2.914729E1	5.256515E3	8.088077E1	3.630913E1
6.061000E1	1.212200E5	-1.020271E1	2.716966E1	2.902216E1	5.422712E3	7.570812E1	3.784945E1
6.061200E1	1.212240E5	-1.514356E1	2.458823E1	2.887747E1	5.530011E3	7.076727E1	4.043088E1
6.061400E1	1.212280E5	-1.949854E1	2.112879E1	2.875098E1	5.598549E3	6.641229E1	4.389032E1
6.061600E1	1.212320E5	-2.291447E1	1.663456E1	2.831575E1	5.652230E3	6.299636E1	4.838455E1
6.061800E1	1.212360E5	-2.534991E1	1.165373E1	2.790031E1	5.782929E3	6.056092E1	5.336538E1
6.062000E1	1.212400E5	-2.687079E1	6.127454E0	2.756058E1	5.945893E3	5.904003E1	5.889165E1
6.062200E1	1.212440E5	-2.728631E1	4.312074E-1	2.728972E1	5.962380E3	5.862452E1	6.458790E1
6.062400E1	1.212480E5	-2.660043E1	-5.172425E0	2.709865E1	6.028569E3	5.931040E1	7.019153E1
6.062600E1	1.212520E5	-2.476044E1	-1.061689E1	2.694063E1	6.032018E3	6.115039E1	7.563600E1
6.062800E1	1.212560E5	-2.187858E1	-1.539471E1	2.675200E1	5.999718E3	6.403225E1	8.041382E1
6.063000E1	1.212600E5	-1.811448E1	-1.956719E1	2.666476E1	5.915938E3	6.779635E1	8.458629E1
6.063200E1	1.212640E5	-1.386320E1	-2.288692E1	2.675817E1	5.920461E3	7.204762E1	8.790603E1
6.063400E1	1.212680E5	-8.801405E0	-2.540206E1	2.688363E1	5.934248E3	7.710942E1	9.042117E1
6.063600E1	1.212720E5	-3.490501E0	-2.663009E1	2.685787E1	5.712577E3	8.242033E1	9.164920E1
6.063800E1	1.212760E5	1.745856E0	-2.670854E1	2.676554E1	5.673504E3	8.765668E1	9.172765E1
6.064000E1	1.212800E5	7.030059E0	-2.582748E1	2.676715E1	5.815529E3	9.294089E1	9.084659E1
6.064200E1	1.212840E5	1.213417E1	-2.381255E1	2.672594E1	5.900303E3	9.804500E1	8.883166E1
6.064400E1	1.212880E5	1.667699E1	-2.072137E1	2.659881E1	5.906675E3	1.025878E2	8.574047E1
6.064600E1	1.212920E5	2.038210E1	-1.672493E1	2.636576E1	5.999952E3	1.062929E2	8.174404E1
6.064800E1	1.212960E5	2.329718E1	-1.195892E1	2.618729E1	6.198638E3	1.092080E2	7.697803E1
6.065000E1	1.213000E5	2.518199E1	-6.548482E0	2.601951E1	6.340753E3	1.110928E2	7.156759E1
6.065200E1	1.213040E5	2.616738E1	-8.266140E-1	2.618043E1	6.336993E3	1.120782E2	6.584572E1
6.065400E1	1.213080E5	2.589861E1	4.926967E0	2.636310E1	6.259021E3	1.118094E2	6.009214E1
6.065600E1	1.213120E5	2.431791E1	1.043611E1	2.646268E1	6.179063E3	1.102287E2	5.458300E1
6.065800E1	1.213160E5	2.201495E1	1.569588E1	2.703736E1	6.003260E3	1.079258E2	4.932323E1
6.066000E1	1.213200E5	1.881010E1	2.034137E1	2.770543E1	5.892019E3	1.047209E2	4.467774E1
6.066200E1	1.213240E5	1.456425E1	2.429235E1	2.832377E1	5.643592E3	1.004751E2	4.072675E1
6.066400E1	1.213280E5	9.860388E0	2.682019E1	2.857534E1	5.421918E3	9.577122E1	3.819892E1
6.066600E1	1.213320E5	4.660711E0	2.859669E1	2.897400E1	5.409388E3	9.057154E1	3.642242E1
6.066800E1	1.213360E5	-7.420825E-1	2.928217E1	2.929157E1	5.197157E3	8.516875E1	3.573694E1
6.067000E1	1.213400E5	-5.845129E0	2.864806E1	2.923828E1	5.108406E3	8.006570E1	3.637105E1
6.067200E1	1.213440E5	-1.086035E1	2.703597E1	2.913574E1	5.266259E3	7.505048E1	3.798313E1
6.067400E1	1.213480E5	-1.550047E1	2.424026E1	2.877246E1	5.434227E3	7.041036E1	4.077885E1
6.067600E1	1.213520E5	-1.956325E1	2.052748E1	2.835663E1	5.558338E3	6.634757E1	4.449162E1
6.067800E1	1.213560E5	-2.290143E1	1.613705E1	2.801571E1	5.698923E3	6.300940E1	4.888206E1
6.068000E1	1.213600E5	-2.523909E1	1.101728E1	2.753892E1	5.866552E3	6.067174E1	5.400182E1
6.068200E1	1.213640E5	-2.673544E1	5.538347E0	2.730306E1	5.902213E3	5.917539E1	5.948076E1
6.068400E1	1.213680E5	-2.695268E1	-1.259789E-2	2.695268E1	5.904396E3	5.895815E1	6.503171E1
6.068600E1	1.213720E5	-2.612498E1	-5.512103E0	2.670014E1	5.943087E3	5.978585E1	7.053121E1
6.068800E1	1.213760E5	-2.434650E1	-1.073764E1	2.660919E1	6.039974E3	6.156433E1	7.575675E1
6.069000E1	1.213800E5	-2.156760E1	-1.571237E1	2.668408E1	6.111303E3	6.434323E1	8.073148E1
6.069200E1	1.213840E5	-1.787869E1	-2.002739E1	2.684667E1	5.945546E3	6.803214E1	8.504650E1
6.069400E1	1.213880E5	-1.350811E1	-2.326168E1	2.689935E1	5.767534E3	7.240272E1	8.828079E1
6.069600E1	1.213920E5	-8.630120E0	-2.551781E1	2.693766E1	5.668331E3	7.728071E1	9.053692E1
6.069800E1	1.213960E5	-3.492903E0	-2.663717E1	2.686521E1	5.570235E3	8.241793E1	9.165628E1
6.070000E1	1.214000E5	1.680904E0	-2.675138E1	2.680414E1	5.551229E3	8.759173E1	9.177049E1
6.070200E1	1.214040E5	6.848046E0	-2.603948E1	2.692490E1	5.560014E3	9.275887E1	9.105859E1
6.070400E1	1.214080E5	1.163416E1	-2.402845E1	2.669682E1	5.696331E3	9.754499E1	8.904756E1
6.070600E1	1.214120E5	1.610445E1	-2.097277E1	2.644259E1	5.928060E3	1.020153E2	8.599188E1
6.070800E1	1.214160E5	2.007393E1	-1.711587E1	2.638022E1	6.044371E3	1.059848E2	8.213498E1
6.071000E1	1.214200E5	2.309234E1	-1.243539E1	2.622776E1	6.153350E3	1.090032E2	7.745450E1
6.071200E1	1.214240E5	2.516561E1	-7.139601E0	2.615878E1	6.139012E3	1.110764E2	7.215871E1
6.071400E1	1.214280E5	2.620849E1	-1.716297E0	2.626463E1	6.008092E3	1.121193E2	6.673541E1
6.071600E1	1.214320E5	2.610424E1	3.758646E0	2.637345E1	6.057384E3	1.120151E2	6.126046E1
6.071800E1	1.214360E5	2.493569E1	9.314540E0	2.661859E1	6.149403E3	1.108465E2	5.570457E1
6.072000E1	1.214400E5	2.290178E1	1.475415E1	2.724292E1	6.058162E3	1.088126E2	5.026496E1
6.072200E1	1.214440E5	1.957294E1	1.937948E1	2.754386E1	5.853317E3	1.054838E2	4.563963E1
6.072400E1	1.214480E5	1.566502E1	2.340397E1	2.816272E1	5.650788E3	1.015758E2	4.161513E1
6.072600E1	1.214520E5	1.109633E1	2.655083E1	2.877630E1	5.322250E3	9.700716E1	3.846827E1
6.072800E1	1.214560E5	6.343367E0	2.859739E1	2.929248E1	5.129692E3	9.225419E1	3.642171E1
6.073000E1	1.214600E5	1.114925E0	2.952425E1	2.954529E1	5.063784E3	8.702575E1	3.549486E1
6.073200E1	1.214640E5	-4.001578E0	2.940881E1	2.967980E1	5.052211E3	8.190925E1	3.561030E1
6.073400E1	1.214680E5	-9.106845E0	2.795127E1	2.939741E1	5.248296E3	7.680398E1	3.706784E1
6.073600E1	1.214720E5	-1.405681E1	2.563100E1	2.923255E1	5.332655E3	7.185402E1	3.938811E1
6.073800E1	1.214760E5	-1.820492E1	2.218131E1	2.869546E1	5.478241E3	6.770591E1	4.283780E1
6.074000E1	1.214800E5	-2.189739E1	1.795177E1	2.831540E1	5.627013E3	6.401344E1	4.706734E1
6.074200E1	1.214840E5	-2.452710E1	1.310457E1	2.780843E1	5.692657E3	6.138372E1	5.191454E1
6.074400E1	1.214880E5	-2.640077E1	7.857732E0	2.754532E1	5.758404E3	5.951006E1	5.716138E1
6.074600E1	1.214920E5	-2.726747E1	2.424684E0	2.737506E1	5.774198E3	5.864336E1	6.259442E1
6.074800E1	1.214960E5	-2.696108E1	-3.082344E0	2.713670E1	5.830005E3	5.894975E1	6.810145E1
6.075000E1	1.215000E5	-2.552668E1	-8.411766E0	2.687693E1	5.825647E3	6.038415E1	7.343087E1
6.075200E1	1.215040E5	-2.320023E1	-1.330016E1	2.674220E1	5.741597E3	6.271059E1	7.831927E1
6.075400E1	1.215080E5	-2.020119E1	-1.768786E1	2.685048E1	5.685994E3	6.570964E1	8.270697E1
6.075600E1	1.215120E5	-1.628827E1	-2.128001E1	2.679826E1	5.700140E3	6.962256E1	8.629912E1
6.075800E1	1.215160E5	-1.177314E1	-2.414436E1	2.686181E1	5.748719E3	7.413769E1	8.916347E1
6.076000E1	1.215200E5	-6.708107E0	-2.605743E1	2.690704E1	5.695166E3	7.920272E1	9.107654E1
6.076200E1	1.215240E5	-1.513516E0	-2.695414E1	2.699660E1	5.554316E3	8.439731E1	9.197325E1
6.076400E1	1.215280E5	3.660000E0	-2.678552E1	2.703441E1	5.519925E3	8.957083E1	9.180462E1
6.076600E1	1.215320E5	8.720346E0	-2.551970E1	2.696849E1	5.600293E3	9.463117E1	9.053881E1
6.076800E1	1.215360E5	1.332213E1	-2.290632E1	2.649865E1	5.743514E3	9.923296E1	8.792543E1
6.077000E1	1.215400E5	1.758806E1	-1.964363E1	2.636687E1	5.922986E3	1.034989E2	8.466274E1
6.077200E1	1.215440E5	2.103671E1	-1.535493E1	2.604452E1	6.088290E3	1.069475E2	8.037403E1
6.077400E1	1.215480E5	2.375298E1	-1.047976E1	2.596207E1	6.117564E3	1.096638E2	7.549886E1
6.077600E1	1.215520E5	2.532113E1	-5.223412E0	2.585427E1	6.021062E3	1.112320E2	7.024252E1
6.077800E1	1.215560E5	2.609389E1	1.262870E-1	2.609419E1	6.016131E3	1.120047E2	6.489282E1
6.078000E1	1.215600E5	2.572612E1	5.660333E0	2.634146E1	6.000751E3	1.116369E2	5.935878E1
6.078200E1	1.215640E5	2.428144E1	1.095344E1	2.663769E1	5.825934E3	1.101923E2	5.406567E1
6.078400E1	1.215680E5	2.203411E1	1.584035E1	2.713703E1	5.645609E3	1.079449E2	4.917876E1
6.078600E1	1.215720E5	1.896819E1	2.024345E1	2.774148E1	5.474334E3	1.048790E2	4.477566E1
6.078800E1	1.215760E5	1.509841E1	2.380023E1	2.818533E1	5.349095E3	1.010092E2	4.121888E1
6.079000E1	1.215800E5	1.060480E1	2.659344E1	2.862993E1	5.336331E3	9.651563E1	3.842567E1
6.079200E1	1.215840E5	5.569780E0	2.853454E1	2.907305E1	5.254372E3	9.148061E1	3.648457E1
6.079400E1	1.215880E5	3.702602E-1	2.932443E1	2.932676E1	5.097517E3	8.628109E1	3.569468E1
6.079600E1	1.215920E5	-4.792856E0	2.912436E1	2.951609E1	5.008134E3	8.111797E1	3.589475E1
6.079800E1	1.215960E5	-9.648786E0	2.753853E1	2.917995E1	5.101303E3	7.626204E1	3.748058E1
6.080000E1	1.216000E5	-1.435233E1	2.511103E1	2.892323E1	5.293412E3	7.155849E1	3.990808E1
6.080200E1	1.216040E5	-1.851066E1	2.168639E1	2.851218E1	5.382188E3	6.740016E1	4.333271E1
6.080400E1	1.216080E5	-2.192666E1	1.757971E1	2.810382E1	5.421333E3	6.398416E1	4.743940E1
6.080600E1	1.216120E5	-2.444742E1	1.290706E1	2.764541E1	5.591488E3	6.146340E1	5.211205E1
6.080800E1	1.216160E5	-2.624113E1	7.700770E0	2.734774E1	5.767232E3	5.966970E1	5.731834E1
6.081000E1	1.216200E5	-2.693556E1	2.244306E0	2.702890E1	5.869759E3	5.897527E1	6.277480E1
6.081200E1	1.216240E5	-2.650684E1	-3.312918E0	2.671307E1	5.820280E3	5.940399E1	6.833203E1
6.081400E1	1.216280E5	-2.526606E1	-8.462811E0	2.664569E1	5.734414E3	6.064477E1	7.348192E1
6.081600E1	1.216320E5	-2.304272E1	-1.333685E1	2.662402E1	5.795389E3	6.286811E1	7.835596E1
6.081800E1	1.216360E5	-1.981093E1	-1.765072E1	2.653339E1	5.762923E3	6.609990E1	8.266982E1
6.082000E1	1.216400E5	-1.589120E1	-2.117542E1	2.647506E1	5.696259E3	7.001963E1	8.619453E1
6.082200E1	1.216440E5	-1.149264E1	-2.407832E1	2.668045E1	5.577573E3	7.441819E1	8.909743E1
6.082400E1	1.216480E5	-6.767771E0	-2.602605E1	2.689159E1	5.479698E3	7.914306E1	9.104515E1
6.082600E1	1.216520E5	-1.693015E0	-2.693630E1	2.698945E1	5.432824E3	8.421781E1	9.195541E1
6.082800E1	1.216560E5	3.371238E0	-2.685564E1	2.706641E1	5.406977E3	8.928207E1	9.187475E1
6.083000E1	1.216600E5	8.369146E0	-2.570955E1	2.703745E1	5.476863E3	9.427997E1	9.072866E1
6.083200E1	1.216640E5	1.304355E1	-2.347079E1	2.685167E1	5.656027E3	9.895437E1	8.848990E1
6.083400E1	1.216680E5	1.731001E1	-2.015635E1	2.656906E1	5.727701E3	1.032208E2	8.517546E1
6.083600E1	1.216720E5	2.075334E1	-1.622988E1	2.634597E1	5.743528E3	1.066642E2	8.124899E1
6.083800E1	1.216760E5	2.332076E1	-1.156147E1	2.602932E1	5.955453E3	1.092316E2	7.658058E1
6.084000E1	1.216800E5	2.516251E1	-6.369393E0	2.595614E1	6.003519E3	1.110733E2	7.138850E1
6.084200E1	1.216840E5	2.609316E1	-1.073670E0	2.611524E1	5.880668E3	1.120040E2	6.609278E1
6.084400E1	1.216880E5	2.606602E1	4.276768E0	2.641454E1	5.780761E3	1.119768E2	6.074234E1
6.084600E1	1.216920E5	2.492228E1	9.450562E0	2.665395E1	5.780538E3	1.108331E2	5.556855E1
6.084800E1	1.216960E5	2.294607E1	1.458445E1	2.718876E1	5.701177E3	1.088569E2	5.043466E1
6.085000E1	1.217000E5	2.013447E1	1.915471E1	2.779029E1	5.479347E3	1.060453E2	4.586440E1
6.085200E1	1.217040E5	1.639889E1	2.286969E1	2.814154E1	5.388964E3	1.023097E2	4.214942E1
6.085400E1	1.217080E5	1.199291E1	2.586885E1	2.851363E1	5.234279E3	9.790374E1	3.915026E1
6.085600E1	1.217120E5	7.343648E0	2.798120E1	2.892882E1	5.107022E3	9.325448E1	3.703791E1
6.085800E1	1.217160E5	2.252939E0	2.898486E1	2.907229E1	5.070370E3	8.816377E1	3.603424E1
6.086000E1	1.217200E5	-2.834203E0	2.903124E1	2.916926E1	4.981866E3	8.307663E1	3.598787E1
6.086200E1	1.217240E5	-7.746896E0	2.796680E1	2.901993E1	5.038259E3	7.816393E1	3.705231E1
6.086400E1	1.217280E5	-1.249166E1	2.592225E1	2.877507E1	5.171071E3	7.341917E1	3.909686E1
6.086600E1	1.217320E5	-1.683215E1	2.302588E1	2.852214E1	5.251929E3	6.907867E1	4.199323E1
6.086800E1	1.217360E5	-2.050802E1	1.930104E1	2.816219E1	5.418018E3	6.540281E1	4.571807E1
6.087000E1	1.217400E5	-2.351906E1	1.478824E1	2.778197E1	5.519962E3	6.239177E1	5.023087E1
6.087200E1	1.217440E5	-2.563492E1	9.934644E0	2.749266E1	5.548200E3	6.027591E1	5.508446E1
6.087400E1	1.217480E5	-2.680976E1	4.711816E0	2.722066E1	5.604572E3	5.910107E1	6.030729E1
6.087600E1	1.217520E5	-2.697126E1	-5.813457E-1	2.697752E1	5.625126E3	5.893957E1	6.560045E1
6.087800E1	1.217560E5	-2.597391E1	-5.773767E0	2.660790E1	5.753990E3	5.993692E1	7.079287E1
6.088000E1	1.217600E5	-2.417526E1	-1.089053E1	2.651503E1	5.756843E3	6.173557E1	7.590964E1
6.088200E1	1.217640E5	-2.178339E1	-1.557235E1	2.677712E1	5.587116E3	6.412743E1	8.059146E1
6.088400E1	1.217680E5	-1.835152E1	-1.940564E1	2.670874E1	5.457241E3	6.755931E1	8.442475E1
6.088600E1	1.217720E5	-1.445928E1	-2.259970E1	2.682941E1	5.394418E3	7.145154E1	8.761881E1
6.088800E1	1.217760E5	-9.961462E0	-2.487631E1	2.679667E1	5.523166E3	7.594937E1	8.989542E1
6.089000E1	1.217800E5	-4.910005E0	-2.644452E1	2.689648E1	5.515468E3	8.100082E1	9.146363E1
6.089200E1	1.217840E5	1.119801E-1	-2.687338E1	2.687361E1	5.419741E3	8.602281E1	9.189249E1
6.089400E1	1.217880E5	5.222147E0	-2.646946E1	2.697968E1	5.415574E3	9.113298E1	9.148857E1
6.089600E1	1.217920E5	9.960813E0	-2.477700E1	2.670426E1	5.436342E3	9.587164E1	8.979611E1
6.089800E1	1.217960E5	1.453348E1	-2.246028E1	2.675231E1	5.522618E3	1.004443E2	8.747939E1
6.090000E1	1.218000E5	1.835505E1	-1.901285E1	2.642719E1	5.564125E3	1.042659E2	8.403195E1
6.090200E1	1.218040E5	2.154455E1	-1.499483E1	2.624905E1	5.676225E3	1.074554E2	8.001394E1
6.090400E1	1.218080E5	2.388311E1	-1.028746E1	2.600451E1	5.798632E3	1.097939E2	7.530657E1
6.090600E1	1.218120E5	2.531654E1	-5.216578E0	2.584840E1	5.836409E3	1.112274E2	7.023569E1
6.090800E1	1.218160E5	2.605502E1	1.912200E-2	2.605503E1	5.915168E3	1.119659E2	6.499999E1
6.091000E1	1.218200E5	2.571878E1	5.474951E0	2.629507E1	5.931995E3	1.116296E2	5.954416E1
6.091200E1	1.218240E5	2.438308E1	1.073899E1	2.664320E1	5.747367E3	1.102939E2	5.428012E1
6.091400E1	1.218280E5	2.221035E1	1.555594E1	2.711618E1	5.522091E3	1.081212E2	4.946317E1
6.091600E1	1.218320E5	1.933077E1	1.991885E1	2.775679E1	5.361745E3	1.052416E2	4.510026E1
6.091800E1	1.218360E5	1.562108E1	2.355979E1	2.826803E1	5.268106E3	1.015319E2	4.145932E1
6.092000E1	1.218400E5	1.127290E1	2.646840E1	2.876899E1	5.076896E3	9.718373E1	3.855071E1
6.092200E1	1.218440E5	6.694746E0	2.845746E1	2.923434E1	4.941786E3	9.260557E1	3.656165E1
6.092400E1	1.218480E5	1.697446E0	2.942089E1	2.946982E1	4.918646E3	8.760827E1	3.559822E1
6.092600E1	1.218520E5	-3.320999E0	2.943940E1	2.962612E1	4.857949E3	8.258983E1	3.557971E1
6.092800E1	1.218560E5	-8.195827E0	2.833985E1	2.950117E1	4.880734E3	7.771500E1	3.667926E1
6.093000E1	1.218600E5	-1.288012E1	2.645602E1	2.942479E1	4.910590E3	7.303071E1	3.856309E1
6.093200E1	1.218640E5	-1.691363E1	2.347540E1	2.893381E1	5.020596E3	6.899720E1	4.154371E1
6.093400E1	1.218680E5	-2.047879E1	1.974747E1	2.844896E1	5.278748E3	6.543204E1	4.527164E1
6.093600E1	1.218720E5	-2.344411E1	1.529054E1	2.798976E1	5.494832E3	6.246672E1	4.972857E1
6.093800E1	1.218760E5	-2.556964E1	1.031998E1	2.757369E1	5.506326E3	6.034119E1	5.469913E1
6.094000E1	1.218800E5	-2.666430E1	5.225327E0	2.717147E1	5.605215E3	5.924653E1	5.979378E1
6.094200E1	1.218840E5	-2.689188E1	-2.073253E-1	2.689268E1	5.718861E3	5.901895E1	6.522643E1
6.094400E1	1.218880E5	-2.607386E1	-5.441348E0	2.663559E1	5.609197E3	5.983696E1	7.046046E1
6.094600E1	1.218920E5	-2.432403E1	-1.026412E1	2.640096E1	5.594641E3	6.158679E1	7.528323E1
6.094800E1	1.218960E5	-2.193608E1	-1.488896E1	2.651174E1	5.661952E3	6.397475E1	7.990807E1
6.095000E1	1.219000E5	-1.865370E1	-1.899959E1	2.662602E1	5.579109E3	6.725713E1	8.401870E1
6.095200E1	1.219040E5	-1.482072E1	-2.237712E1	2.684007E1	5.391959E3	7.109010E1	8.739623E1
6.095400E1	1.219080E5	-1.046667E1	-2.477104E1	2.689155E1	5.318820E3	7.544415E1	8.979014E1
6.095600E1	1.219120E5	-5.748046E0	-2.649204E1	2.710845E1	5.274213E3	8.016278E1	9.151115E1
6.095800E1	1.219160E5	-8.523796E-1	-2.698819E1	2.700164E1	5.279296E3	8.505845E1	9.200729E1
6.096000E1	1.219200E5	4.168703E0	-2.669601E1	2.701953E1	5.344567E3	9.007953E1	9.171511E1
6.096200E1	1.219240E5	8.964797E0	-2.521887E1	2.676488E1	5.344056E3	9.487563E1	9.023797E1
6.096400E1	1.219280E5	1.344205E1	-2.304804E1	2.668148E1	5.354652E3	9.935288E1	8.806715E1
6.096600E1	1.219320E5	1.738085E1	-2.000293E1	2.649926E1	5.411773E3	1.032917E2	8.502203E1
6.096800E1	1.219360E5	2.068600E1	-1.622069E1	2.628729E1	5.532058E3	1.065968E2	8.123980E1
6.097000E1	1.219400E5	2.322788E1	-1.177596E1	2.604242E1	5.626697E3	1.091387E2	7.679507E1
6.097200E1	1.219440E5	2.509996E1	-7.005475E0	2.605926E1	5.676052E3	1.110108E2	7.202458E1
6.097400E1	1.219480E5	2.609726E1	-1.907157E0	2.616685E1	5.713714E3	1.120081E2	6.692627E1
6.097600E1	1.219520E5	2.603823E1	3.317228E0	2.624868E1	5.811498E3	1.119491E2	6.170188E1
6.097800E1	1.219560E5	2.524152E1	8.724043E0	2.670661E1	5.758734E3	1.111523E2	5.629507E1
6.098000E1	1.219600E5	2.340908E1	1.367654E1	2.711148E1	5.551506E3	1.093199E2	5.134257E1
6.098200E1	1.219640E5	2.073225E1	1.819600E1	2.758479E1	5.391972E3	1.066431E2	4.682311E1
6.098400E1	1.219680E5	1.723333E1	2.194935E1	2.790630E1	5.174004E3	1.031442E2	4.306976E1
6.098600E1	1.219720E5	1.333735E1	2.505051E1	2.837980E1	4.978100E3	9.924817E1	3.996860E1
6.098800E1	1.219760E5	9.001094E0	2.733759E1	2.878130E1	4.903994E3	9.491192E1	3.768152E1
6.099000E1	1.219800E5	4.280191E0	2.893064E1	2.924555E1	4.908389E3	9.019102E1	3.608847E1
6.099200E1	1.219840E5	-7.198692E-1	2.926568E1	2.927454E1	4.825761E3	8.519096E1	3.575342E1
6.099400E1	1.219880E5	-5.489689E0	2.854142E1	2.906457E1	4.862192E3	8.042114E1	3.647769E1
6.099600E1	1.219920E5	-1.034230E1	2.714375E1	2.904731E1	4.969658E3	7.556852E1	3.787536E1
6.099800E1	1.219960E5	-1.472941E1	2.474217E1	2.879463E1	4.982859E3	7.118142E1	4.027693E1
6.100000E1	1.220000E5	-1.861005E1	2.156812E1	2.848715E1	5.074088E3	6.730078E1	4.345099E1
6.100200E1	1.220040E5	-2.187625E1	1.767565E1	2.812470E1	5.171361E3	6.403458E1	4.734346E1
6.100400E1	1.220080E5	-2.435972E1	1.324017E1	2.772541E1	5.359275E3	6.155111E1	5.177894E1
6.100600E1	1.220120E5	-2.619114E1	8.258308E0	2.746226E1	5.525336E3	5.971969E1	5.676080E1
6.100800E1	1.220160E5	-2.710896E1	3.052228E0	2.728025E1	5.542111E3	5.880187E1	6.196688E1
6.101000E1	1.220200E5	-2.708389E1	-2.211424E0	2.717402E1	5.520569E3	5.882694E1	6.723053E1
6.101200E1	1.220240E5	-2.586284E1	-7.249427E0	2.685965E1	5.499582E3	6.004799E1	7.226854E1
6.101400E1	1.220280E5	-2.390363E1	-1.200463E1	2.674873E1	5.464280E3	6.200719E1	7.702373E1
6.101600E1	1.220320E5	-2.126122E1	-1.632342E1	2.680474E1	5.358218E3	6.464960E1	8.134253E1
6.101800E1	1.220360E5	-1.801595E1	-2.007847E1	2.697628E1	5.321972E3	6.789487E1	8.509758E1
6.102000E1	1.220400E5	-1.402293E1	-2.315766E1	2.707249E1	5.321752E3	7.188790E1	8.817677E1
6.102200E1	1.220440E5	-9.539694E0	-2.536127E1	2.709612E1	5.211346E3	7.637113E1	9.038038E1
6.102400E1	1.220480E5	-4.861027E0	-2.661310E1	2.705341E1	5.146762E3	8.104980E1	9.163221E1
6.102600E1	1.220520E5	-1.260346E-2	-2.690074E1	2.690074E1	5.242953E3	8.589822E1	9.191985E1
6.102800E1	1.220560E5	4.969058E0	-2.649939E1	2.696126E1	5.274220E3	9.087989E1	9.151850E1
6.103000E1	1.220600E5	9.643105E0	-2.502966E1	2.682300E1	5.137123E3	9.555393E1	9.004876E1
6.103200E1	1.220640E5	1.377944E1	-2.278033E1	2.662361E1	5.183174E3	9.969026E1	8.779944E1
6.103400E1	1.220680E5	1.760447E1	-1.968764E1	2.641061E1	5.477087E3	1.035153E2	8.470674E1
6.103600E1	1.220720E5	2.077198E1	-1.560887E1	2.598292E1	5.674811E3	1.066828E2	8.062798E1
6.103800E1	1.220760E5	2.326217E1	-1.109450E1	2.577240E1	5.718216E3	1.091730E2	7.611361E1
6.104000E1	1.220800E5	2.509286E1	-6.279503E0	2.586666E1	5.684845E3	1.110037E2	7.129861E1
6.104200E1	1.220840E5	2.605376E1	-1.255391E0	2.608399E1	5.638774E3	1.119646E2	6.627450E1
6.104400E1	1.220880E5	2.612773E1	3.907305E0	2.641827E1	5.558871E3	1.120386E2	6.111180E1
6.104600E1	1.220920E5	2.525918E1	8.933255E0	2.679233E1	5.472799E3	1.111700E2	5.608585E1
6.104800E1	1.220960E5	2.344190E1	1.375138E1	2.717762E1	5.421654E3	1.093527E2	5.126773E1
6.105000E1	1.221000E5	2.084866E1	1.822815E1	2.769354E1	5.286750E3	1.067595E2	4.679096E1
6.105200E1	1.221040E5	1.739240E1	2.189938E1	2.796567E1	5.090092E3	1.033032E2	4.311973E1
6.105400E1	1.221080E5	1.354088E1	2.496394E1	2.839989E1	4.917976E3	9.945170E1	4.005517E1
6.105600E1	1.221120E5	9.291195E0	2.731684E1	2.885370E1	4.837898E3	9.520202E1	3.770227E1
6.105800E1	1.221160E5	4.637560E0	2.887393E1	2.924398E1	4.781698E3	9.054839E1	3.614518E1
6.106000E1	1.221200E5	-1.750470E-1	2.930557E1	2.930609E1	4.748927E3	8.573578E1	3.571354E1
6.106200E1	1.221240E5	-5.064729E0	2.910618E1	2.954355E1	4.652297E3	8.084610E1	3.591293E1
6.106400E1	1.221280E5	-9.444587E0	2.750481E1	2.908117E1	4.692509E3	7.646624E1	3.751430E1
6.106600E1	1.221320E5	-1.385270E1	2.536428E1	2.890059E1	4.860125E3	7.205813E1	3.965483E1
6.106800E1	1.221360E5	-1.771456E1	2.235668E1	2.852414E1	4.970692E3	6.819627E1	4.266243E1
6.107000E1	1.221400E5	-2.109054E1	1.864363E1	2.814952E1	5.119494E3	6.482029E1	4.637548E1
6.107200E1	1.221440E5	-2.363553E1	1.427481E1	2.761174E1	5.371002E3	6.227530E1	5.074430E1
6.107400E1	1.221480E5	-2.550431E1	9.278807E0	2.713975E1	5.566828E3	6.040652E1	5.574030E1
6.107600E1	1.221520E5	-2.656503E1	4.142298E0	2.688604E1	5.529242E3	5.934580E1	6.087681E1
6.107800E1	1.221560E5	-2.668214E1	-9.900038E-1	2.670050E1	5.498578E3	5.922868E1	6.600911E1
6.108000E1	1.221600E5	-2.589950E1	-6.042026E0	2.659493E1	5.467134E3	6.001133E1	7.106113E1
6.108200E1	1.221640E5	-2.421163E1	-1.077639E1	2.650158E1	5.413313E3	6.169920E1	7.579550E1
6.108400E1	1.221680E5	-2.203325E1	-1.530483E1	2.682726E1	5.344877E3	6.387758E1	8.032393E1
6.108600E1	1.221720E5	-1.881906E1	-1.906566E1	2.678911E1	5.291768E3	6.709177E1	8.408477E1
6.108800E1	1.221760E5	-1.509220E1	-2.233460E1	2.695568E1	5.218828E3	7.081863E1	8.735370E1
6.109000E1	1.221800E5	-1.084975E1	-2.465590E1	2.693753E1	5.098533E3	7.506108E1	8.967501E1
6.109200E1	1.221840E5	-6.358986E0	-2.617688E1	2.693818E1	4.997304E3	7.955184E1	9.119599E1
6.109400E1	1.221880E5	-1.772123E0	-2.694712E1	2.700532E1	5.033257E3	8.413870E1	9.196622E1
6.109600E1	1.221920E5	3.052361E0	-2.687779E1	2.705055E1	5.115375E3	8.896319E1	9.189689E1
6.109800E1	1.221960E5	7.790853E0	-2.596995E1	2.711339E1	5.046888E3	9.370168E1	9.098906E1
6.110000E1	1.222000E5	1.202220E1	-2.393828E1	2.678758E1	5.186021E3	9.793303E1	8.895739E1
6.110200E1	1.222040E5	1.621727E1	-2.117831E1	2.667434E1	5.337637E3	1.021281E2	8.619741E1
6.110400E1	1.222080E5	1.965036E1	-1.768265E1	2.643507E1	5.431784E3	1.055612E2	8.270176E1
6.110600E1	1.222120E5	2.238141E1	-1.335778E1	2.606449E1	5.592002E3	1.082922E2	7.837689E1
6.110800E1	1.222160E5	2.447272E1	-8.721509E0	2.598035E1	5.495838E3	1.103835E2	7.374062E1
6.111000E1	1.222200E5	2.565553E1	-3.992987E0	2.596441E1	5.437812E3	1.115664E2	6.901210E1
6.111200E1	1.222240E5	2.605626E1	9.719991E-1	2.607438E1	5.539593E3	1.119671E2	6.404711E1
6.111400E1	1.222280E5	2.568908E1	6.078285E0	2.639838E1	5.498896E3	1.115999E2	5.894082E1
6.111600E1	1.222320E5	2.432755E1	1.089852E1	2.665723E1	5.391874E3	1.102384E2	5.412058E1
6.111800E1	1.222360E5	2.225875E1	1.551603E1	2.713299E1	5.326879E3	1.081696E2	4.950307E1
6.112000E1	1.222400E5	1.949971E1	1.980116E1	2.779073E1	5.141453E3	1.054105E2	4.521795E1
6.112200E1	1.222440E5	1.603058E1	2.327694E1	2.826297E1	4.868261E3	1.019414E2	4.174217E1
6.112400E1	1.222480E5	1.214249E1	2.593617E1	2.863783E1	4.692287E3	9.805332E1	3.908293E1
6.112600E1	1.222520E5	7.874926E0	2.785608E1	2.894781E1	4.775122E3	9.378575E1	3.716302E1
6.112800E1	1.222560E5	3.041242E0	2.899876E1	2.915779E1	4.733846E3	8.895207E1	3.602035E1
6.113000E1	1.222600E5	-1.602156E0	2.911463E1	2.915868E1	4.588468E3	8.430867E1	3.590448E1
6.113200E1	1.222640E5	-6.211439E0	2.832934E1	2.900231E1	4.696431E3	7.969939E1	3.668976E1
6.113400E1	1.222680E5	-1.085701E1	2.695939E1	2.906344E1	4.740877E3	7.505382E1	3.805972E1
6.113600E1	1.222720E5	-1.494076E1	2.454391E1	2.873378E1	4.763483E3	7.097007E1	4.047520E1
6.113800E1	1.222760E5	-1.859939E1	2.140413E1	2.835620E1	4.935601E3	6.731144E1	4.361498E1
6.114000E1	1.222800E5	-2.179424E1	1.760284E1	2.801515E1	5.048277E3	6.411659E1	4.741627E1
6.114200E1	1.222840E5	-2.424126E1	1.333637E1	2.766762E1	5.136007E3	6.166957E1	5.168274E1
6.114400E1	1.222880E5	-2.604059E1	8.654068E0	2.744094E1	5.239663E3	5.987024E1	5.636504E1
6.114600E1	1.222920E5	-2.671674E1	3.687683E0	2.697004E1	5.289706E3	5.919409E1	6.133143E1
6.114800E1	1.222960E5	-2.670678E1	-1.294793E0	2.673815E1	5.399972E3	5.920405E1	6.631390E1
6.115000E1	1.223000E5	-2.582774E1	-6.315743E0	2.658874E1	5.418350E3	6.008308E1	7.133485E1
6.115200E1	1.223040E5	-2.410485E1	-1.095933E1	2.647925E1	5.334073E3	6.180597E1	7.597844E1
6.115400E1	1.223080E5	-2.191370E1	-1.538827E1	2.677703E1	5.272367E3	6.399713E1	8.040738E1
6.115600E1	1.223120E5	-1.874619E1	-1.910192E1	2.676383E1	5.236093E3	6.716464E1	8.412102E1
6.115800E1	1.223160E5	-1.504220E1	-2.231924E1	2.691498E1	5.191440E3	7.086863E1	8.733834E1
6.116000E1	1.223200E5	-1.080858E1	-2.462762E1	2.689507E1	5.059761E3	7.510224E1	8.964672E1
6.116200E1	1.223240E5	-6.384763E0	-2.611365E1	2.688286E1	4.943010E3	7.952606E1	9.113276E1
6.116400E1	1.223280E5	-1.846581E0	-2.692250E1	2.698575E1	4.957808E3	8.406425E1	9.194161E1
6.116600E1	1.223320E5	2.880884E0	-2.699272E1	2.714602E1	4.947664E3	8.879171E1	9.201183E1
6.116800E1	1.223360E5	7.374783E0	-2.594616E1	2.697389E1	4.973134E3	9.328561E1	9.096527E1
6.117000E1	1.223400E5	1.174664E1	-2.410067E1	2.681093E1	5.084001E3	9.765747E1	8.911978E1
6.117200E1	1.223440E5	1.567962E1	-2.142116E1	2.654650E1	5.235369E3	1.015904E2	8.644027E1
6.117400E1	1.223480E5	1.912569E1	-1.788122E1	2.618263E1	5.356495E3	1.050365E2	8.290032E1
6.117600E1	1.223520E5	2.209579E1	-1.400676E1	2.616129E1	5.424423E3	1.080066E2	7.902587E1
6.117800E1	1.223560E5	2.432028E1	-9.519399E0	2.611694E1	5.555306E3	1.102311E2	7.453851E1
6.118000E1	1.223600E5	2.562020E1	-4.586649E0	2.602753E1	5.600413E3	1.115310E2	6.960576E1
6.118200E1	1.223640E5	2.612188E1	4.675302E-1	2.612607E1	5.531944E3	1.120327E2	6.455158E1
6.118400E1	1.223680E5	2.590643E1	5.496156E0	2.648303E1	5.405227E3	1.118173E2	5.952295E1
6.118600E1	1.223720E5	2.494348E1	1.040662E1	2.702730E1	5.236869E3	1.108543E2	5.461249E1
6.118800E1	1.223760E5	2.322935E1	1.504236E1	2.767445E1	5.036967E3	1.091402E2	4.997675E1
6.119000E1	1.223800E5	2.057545E1	1.904917E1	2.803962E1	4.928830E3	1.064863E2	4.596994E1
6.119200E1	1.223840E5	1.721416E1	2.254839E1	2.836824E1	4.844103E3	1.031250E2	4.247072E1
6.119400E1	1.223880E5	1.348967E1	2.555359E1	2.889563E1	4.728955E3	9.940050E1	3.946551E1
6.119600E1	1.223920E5	9.270608E0	2.779808E1	2.930320E1	4.638231E3	9.518144E1	3.722103E1
6.119800E1	1.223960E5	4.734659E0	2.898733E1	2.937145E1	4.582258E3	9.064549E1	3.603178E1
6.120000E1	1.224000E5	5.879639E-2	2.944333E1	2.944339E1	4.535609E3	8.596962E1	3.557578E1
6.120200E1	1.224040E5	-4.536030E0	2.907964E1	2.943129E1	4.542483E3	8.137480E1	3.593947E1
6.120400E1	1.224080E5	-9.041838E0	2.773644E1	2.917302E1	4.623920E3	7.686899E1	3.728266E1
6.120600E1	1.224120E5	-1.323526E1	2.557534E1	2.879705E1	4.799819E3	7.267557E1	3.944377E1
6.120800E1	1.224160E5	-1.729896E1	2.274534E1	2.857629E1	4.943071E3	6.861187E1	4.227377E1
6.121000E1	1.224200E5	-2.069852E1	1.921146E1	2.824020E1	5.016028E3	6.521231E1	4.580765E1
6.121200E1	1.224240E5	-2.339920E1	1.501112E1	2.780030E1	5.074247E3	6.251162E1	5.000799E1
6.121400E1	1.224280E5	-2.545686E1	1.058058E1	2.756811E1	5.059796E3	6.045396E1	5.443853E1
6.121600E1	1.224320E5	-2.661221E1	5.871485E0	2.725223E1	5.183718E3	5.929862E1	5.914762E1
6.121800E1	1.224360E5	-2.695309E1	8.631664E-1	2.696690E1	5.243538E3	5.895774E1	6.415594E1
6.122000E1	1.224400E5	-2.639445E1	-3.959862E0	2.668984E1	5.260643E3	5.951638E1	6.897897E1
6.122200E1	1.224440E5	-2.526523E1	-8.802397E0	2.675470E1	5.261527E3	6.064560E1	7.382150E1
6.122400E1	1.224480E5	-2.342705E1	-1.329671E1	2.693750E1	5.117959E3	6.248378E1	7.831582E1
6.122600E1	1.224520E5	-2.078328E1	-1.724245E1	2.700457E1	5.062816E3	6.512755E1	8.226156E1
6.122800E1	1.224560E5	-1.744923E1	-2.067004E1	2.705043E1	4.960796E3	6.846160E1	8.568914E1
6.123000E1	1.224600E5	-1.369692E1	-2.327443E1	2.700565E1	4.930550E3	7.221391E1	8.829354E1
6.123200E1	1.224640E5	-9.450342E0	-2.534594E1	2.705042E1	4.994336E3	7.646049E1	9.036505E1
6.123400E1	1.224680E5	-4.913627E0	-2.651332E1	2.696479E1	4.967106E3	8.099720E1	9.153242E1
6.123600E1	1.224720E5	-2.725038E-1	-2.692959E1	2.693097E1	4.905617E3	8.563832E1	9.194870E1
6.123800E1	1.224760E5	4.271870E0	-2.660135E1	2.694217E1	4.927438E3	9.018270E1	9.162046E1
6.124000E1	1.224800E5	8.768586E0	-2.527937E1	2.675695E1	4.956606E3	9.467941E1	9.029848E1
6.124200E1	1.224840E5	1.282981E1	-2.319371E1	2.650570E1	5.010973E3	9.874064E1	8.821282E1
6.124400E1	1.224880E5	1.655550E1	-2.031796E1	2.620885E1	5.188185E3	1.024663E2	8.533706E1
6.124600E1	1.224920E5	1.983246E1	-1.681777E1	2.600315E1	5.213951E3	1.057433E2	8.183688E1
6.124800E1	1.224960E5	2.241453E1	-1.292556E1	2.587434E1	5.304727E3	1.083254E2	7.794467E1
6.125000E1	1.225000E5	2.441641E1	-8.444815E0	2.583556E1	5.490821E3	1.103272E2	7.346392E1
6.125200E1	1.225040E5	2.556327E1	-3.595882E0	2.581494E1	5.516161E3	1.114741E2	6.861499E1
6.125400E1	1.225080E5	2.600785E1	1.356580E0	2.604320E1	5.540649E3	1.119187E2	6.366253E1
6.125600E1	1.225120E5	2.569941E1	6.481747E0	2.650420E1	5.387130E3	1.116102E2	5.853736E1
6.125800E1	1.225160E5	2.453402E1	1.119858E1	2.696899E1	5.079431E3	1.104448E2	5.382053E1
6.126000E1	1.225200E5	2.253810E1	1.547454E1	2.733912E1	4.975212E3	1.084489E2	4.954457E1
6.126200E1	1.225240E5	1.992371E1	1.953475E1	2.790270E1	4.814876E3	1.058345E2	4.548436E1
6.126400E1	1.225280E5	1.691754E1	2.305809E1	2.859858E1	4.549257E3	1.028284E2	4.196102E1
6.126600E1	1.225320E5	1.331488E1	2.572244E1	2.896429E1	4.508930E3	9.922571E1	3.929667E1
6.126800E1	1.225360E5	9.175110E0	2.785466E1	2.932686E1	4.518294E3	9.508594E1	3.716445E1
6.127000E1	1.225400E5	4.736932E0	2.894394E1	2.932900E1	4.527065E3	9.064776E1	3.607517E1
6.127200E1	1.225440E5	6.330256E-2	2.943352E1	2.943358E1	4.499830E3	8.597413E1	3.558559E1
6.127400E1	1.225480E5	-4.446746E0	2.904349E1	2.938194E1	4.492290E3	8.146408E1	3.597561E1
6.127600E1	1.225520E5	-8.937860E0	2.776169E1	2.916499E1	4.594911E3	7.697297E1	3.725742E1
6.127800E1	1.225560E5	-1.312466E1	2.566506E1	2.882624E1	4.762359E3	7.278617E1	3.935405E1
6.128000E1	1.225600E5	-1.717529E1	2.287919E1	2.860853E1	4.872848E3	6.873554E1	4.213992E1
6.128200E1	1.225640E5	-2.059034E1	1.948780E1	2.835025E1	4.822009E3	6.532049E1	4.553131E1
6.128400E1	1.225680E5	-2.332431E1	1.562405E1	2.807373E1	4.860377E3	6.258652E1	4.939506E1
6.128600E1	1.225720E5	-2.537276E1	1.128750E1	2.777021E1	5.070298E3	6.053807E1	5.373161E1
6.128800E1	1.225760E5	-2.671341E1	6.430783E0	2.747656E1	5.049730E3	5.919742E1	5.858833E1
6.129000E1	1.225800E5	-2.711252E1	1.793101E0	2.717175E1	5.057410E3	5.879831E1	6.322601E1
6.129200E1	1.225840E5	-2.689288E1	-3.156444E0	2.707748E1	5.192761E3	5.901795E1	6.817555E1
6.129400E1	1.225880E5	-2.570772E1	-7.853393E0	2.688053E1	5.169556E3	6.020311E1	7.287250E1
6.129600E1	1.225920E5	-2.397030E1	-1.241041E1	2.699247E1	5.063080E3	6.194053E1	7.742952E1
6.129800E1	1.225960E5	-2.144930E1	-1.630427E1	2.694256E1	4.920797E3	6.446153E1	8.132338E1
6.130000E1	1.226000E5	-1.843868E1	-1.981161E1	2.706446E1	4.935562E3	6.747215E1	8.483072E1
6.130200E1	1.226040E5	-1.488771E1	-2.290916E1	2.732167E1	4.929745E3	7.102312E1	8.792827E1
6.130400E1	1.226080E5	-1.080695E1	-2.518371E1	2.740455E1	4.871426E3	7.510387E1	9.020281E1
6.130600E1	1.226120E5	-6.398660E0	-2.658597E1	2.734514E1	4.745162E3	7.951217E1	9.160508E1
6.130800E1	1.226160E5	-2.007914E0	-2.705344E1	2.712785E1	4.771992E3	8.390291E1	9.207255E1
6.131000E1	1.226200E5	2.630216E0	-2.704124E1	2.716886E1	4.856634E3	8.854104E1	9.206035E1
6.131200E1	1.226240E5	7.061010E0	-2.602148E1	2.696248E1	4.896070E3	9.297184E1	9.104059E1
6.131400E1	1.226280E5	1.138603E1	-2.426270E1	2.680149E1	4.996411E3	9.729685E1	8.928180E1
6.131600E1	1.226320E5	1.529504E1	-2.170826E1	2.655535E1	5.031162E3	1.012059E2	8.672737E1
6.131800E1	1.226360E5	1.877082E1	-1.859835E1	2.642428E1	5.156310E3	1.046816E2	8.361746E1
6.132000E1	1.226400E5	2.151583E1	-1.462615E1	2.601644E1	5.363885E3	1.074267E2	7.964526E1
6.132200E1	1.226440E5	2.374788E1	-1.021764E1	2.585270E1	5.341441E3	1.096587E2	7.523675E1
6.132400E1	1.226480E5	2.529924E1	-5.767140E0	2.594825E1	5.183851E3	1.112101E2	7.078625E1
6.132600E1	1.226520E5	2.618897E1	-1.163873E0	2.621482E1	5.217985E3	1.120998E2	6.618298E1
6.132800E1	1.226560E5	2.625208E1	3.703694E0	2.651206E1	5.265818E3	1.121629E2	6.131541E1
6.133000E1	1.226600E5	2.549330E1	8.539166E0	2.688542E1	5.114637E3	1.114041E2	5.647994E1
6.133200E1	1.226640E5	2.407946E1	1.306806E1	2.739698E1	4.867101E3	1.099903E2	5.195104E1
6.133400E1	1.226680E5	2.197798E1	1.716308E1	2.788553E1	4.678215E3	1.078888E2	4.785603E1
6.133600E1	1.226720E5	1.926055E1	2.080082E1	2.834859E1	4.648811E3	1.051714E2	4.421829E1
6.133800E1	1.226760E5	1.586360E1	2.404224E1	2.880422E1	4.666807E3	1.017744E2	4.097687E1
6.134000E1	1.226800E5	1.185217E1	2.645749E1	2.899091E1	4.598942E3	9.776300E1	3.856162E1
6.134200E1	1.226840E5	7.617057E0	2.838376E1	2.938805E1	4.478876E3	9.352788E1	3.663535E1
6.134400E1	1.226880E5	3.208582E0	2.946145E1	2.963565E1	4.361589E3	8.911941E1	3.555766E1
6.134600E1	1.226920E5	-1.253339E0	2.960226E1	2.962878E1	4.388692E3	8.465749E1	3.541685E1
6.134800E1	1.226960E5	-5.805848E0	2.895206E1	2.952845E1	4.397718E3	8.010498E1	3.606705E1
6.135000E1	1.227000E5	-9.979128E0	2.739469E1	2.915565E1	4.434336E3	7.593170E1	3.762442E1
6.135200E1	1.227040E5	-1.404407E1	2.525643E1	2.889850E1	4.615065E3	7.186676E1	3.976267E1
6.135400E1	1.227080E5	-1.755395E1	2.208768E1	2.821359E1	4.803192E3	6.835688E1	4.293143E1
6.135600E1	1.227120E5	-2.079242E1	1.853226E1	2.785263E1	4.841811E3	6.511841E1	4.648685E1
6.135800E1	1.227160E5	-2.336206E1	1.468752E1	2.759545E1	4.857680E3	6.254877E1	5.033159E1
6.136000E1	1.227200E5	-2.532289E1	1.037528E1	2.736595E1	4.936505E3	6.058794E1	5.464383E1
6.136200E1	1.227240E5	-2.652709E1	5.837788E0	2.716185E1	5.063191E3	5.938374E1	5.918132E1
6.136400E1	1.227280E5	-2.690961E1	9.524466E-1	2.692646E1	5.137336E3	5.900121E1	6.406666E1
6.136600E1	1.227320E5	-2.640672E1	-3.776177E0	2.667535E1	5.115278E3	5.950411E1	6.879529E1
6.136800E1	1.227360E5	-2.548203E1	-8.493549E0	2.686027E1	4.993294E3	6.042880E1	7.351266E1
6.137000E1	1.227400E5	-2.373782E1	-1.268085E1	2.691260E1	4.820290E3	6.217301E1	7.769996E1
6.137200E1	1.227440E5	-2.122937E1	-1.641690E1	2.683656E1	4.820971E3	6.468146E1	8.143601E1
6.137400E1	1.227480E5	-1.830592E1	-1.990420E1	2.704226E1	4.835498E3	6.760491E1	8.492331E1
6.137600E1	1.227520E5	-1.481164E1	-2.285783E1	2.723720E1	4.867589E3	7.109918E1	8.787694E1
6.137800E1	1.227560E5	-1.075075E1	-2.516287E1	2.736327E1	4.847207E3	7.516008E1	9.018198E1
6.138000E1	1.227600E5	-6.401244E0	-2.655282E1	2.731352E1	4.689026E3	7.950958E1	9.157193E1
6.138200E1	1.227640E5	-2.068369E0	-2.701445E1	2.709352E1	4.701330E3	8.384246E1	9.203356E1
6.138400E1	1.227680E5	2.486487E0	-2.705341E1	2.716744E1	4.770332E3	8.839732E1	9.207252E1
6.138600E1	1.227720E5	6.869189E0	-2.617820E1	2.706444E1	4.698294E3	9.278002E1	9.119731E1
6.138800E1	1.227760E5	1.089708E1	-2.442418E1	2.674484E1	4.761269E3	9.680791E1	8.944328E1
6.139000E1	1.227800E5	1.465183E1	-2.192961E1	2.637393E1	4.939723E3	1.005627E2	8.694872E1
6.139200E1	1.227840E5	1.809863E1	-1.887084E1	2.614706E1	5.082155E3	1.040095E2	8.388995E1
6.139400E1	1.227880E5	2.116751E1	-1.533584E1	2.613908E1	5.219069E3	1.070783E2	8.035495E1
6.139600E1	1.227920E5	2.353772E1	-1.113645E1	2.603930E1	5.209172E3	1.094485E2	7.615556E1
6.139800E1	1.227960E5	2.514327E1	-6.777872E0	2.604080E1	5.123734E3	1.110541E2	7.179698E1
6.140000E1	1.228000E5	2.612532E1	-2.205469E0	2.621825E1	5.199829E3	1.120362E2	6.722458E1
6.140200E1	1.228040E5	2.632980E1	2.633959E0	2.646122E1	5.269053E3	1.122406E2	6.238515E1
6.140400E1	1.228080E5	2.566073E1	7.479815E0	2.672865E1	5.168044E3	1.115716E2	5.753929E1
6.140600E1	1.228120E5	2.433731E1	1.207314E1	2.716736E1	4.895889E3	1.102481E2	5.294597E1
6.140800E1	1.228160E5	2.241416E1	1.618605E1	2.764748E1	4.679640E3	1.083250E2	4.883306E1
6.141000E1	1.228200E5	1.978207E1	1.985363E1	2.802671E1	4.649925E3	1.056929E2	4.516548E1
6.141200E1	1.228240E5	1.653904E1	2.313054E1	2.843522E1	4.549081E3	1.024499E2	4.188857E1
6.141400E1	1.228280E5	1.292786E1	2.570392E1	2.877188E1	4.311634E3	9.883869E1	3.931519E1
6.141600E1	1.228320E5	9.193885E0	2.776820E1	2.925065E1	4.271837E3	9.510471E1	3.725091E1
6.141800E1	1.228360E5	4.895212E0	2.890269E1	2.931430E1	4.412838E3	9.080604E1	3.611642E1
6.142000E1	1.228400E5	3.423573E-1	2.936130E1	2.936330E1	4.419070E3	8.625319E1	3.565781E1
6.142200E1	1.228440E5	-4.117511E0	2.906426E1	2.935447E1	4.426772E3	8.179332E1	3.595485E1
6.142400E1	1.228480E5	-8.539703E0	2.786419E1	2.914343E1	4.465989E3	7.737112E1	3.715492E1
6.142600E1	1.228520E5	-1.264083E1	2.600117E1	2.891110E1	4.479628E3	7.327000E1	3.901794E1
6.142800E1	1.228560E5	-1.639035E1	2.344479E1	2.860598E1	4.515222E3	6.952048E1	4.157432E1
6.143000E1	1.228600E5	-1.970046E1	2.040881E1	2.836596E1	4.575660E3	6.621037E1	4.461030E1
6.143200E1	1.228640E5	-2.248501E1	1.678412E1	2.805855E1	4.719885E3	6.342582E1	4.823499E1
6.143400E1	1.228680E5	-2.465075E1	1.263193E1	2.769883E1	4.777704E3	6.126008E1	5.238718E1
6.143600E1	1.228720E5	-2.619281E1	8.323437E0	2.748350E1	4.846414E3	5.971802E1	5.669567E1
6.143800E1	1.228760E5	-2.705572E1	3.680473E0	2.730491E1	4.947671E3	5.885511E1	6.133863E1
6.144000E1	1.228800E5	-2.688819E1	-1.014938E0	2.690734E1	4.946399E3	5.902264E1	6.603405E1
6.144200E1	1.228840E5	-2.630373E1	-5.609759E0	2.689527E1	4.922106E3	5.960710E1	7.062887E1
6.144400E1	1.228880E5	-2.496502E1	-1.001064E1	2.689731E1	4.959752E3	6.094581E1	7.502974E1
6.144600E1	1.228920E5	-2.286126E1	-1.421772E1	2.692175E1	4.915255E3	6.304957E1	7.923683E1
6.144800E1	1.228960E5	-2.023581E1	-1.791014E1	2.702334E1	4.747929E3	6.567502E1	8.292925E1
6.145000E1	1.229000E5	-1.724268E1	-2.119423E1	2.732225E1	4.616531E3	6.866815E1	8.621334E1
6.145200E1	1.229040E5	-1.373103E1	-2.376106E1	2.744320E1	4.640786E3	7.217980E1	8.878017E1
6.145400E1	1.229080E5	-9.681331E0	-2.580173E1	2.755825E1	4.700694E3	7.622950E1	9.082084E1
6.145600E1	1.229120E5	-5.371998E0	-2.708104E1	2.760871E1	4.632788E3	8.053883E1	9.210015E1
6.145800E1	1.229160E5	-9.731634E-1	-2.737519E1	2.739249E1	4.654381E3	8.493766E1	9.239430E1
6.146000E1	1.229200E5	3.499932E0	-2.695697E1	2.718323E1	4.653064E3	8.941076E1	9.197608E1
6.146200E1	1.229240E5	7.734162E0	-2.598299E1	2.710964E1	4.595357E3	9.364499E1	9.100209E1
6.146400E1	1.229280E5	1.165161E1	-2.412509E1	2.679142E1	4.754012E3	9.756244E1	8.914420E1
6.146600E1	1.229320E5	1.542900E1	-2.155708E1	2.650965E1	5.006826E3	1.013398E2	8.657619E1
6.146800E1	1.229360E5	1.875766E1	-1.823703E1	2.616179E1	5.062971E3	1.046685E2	8.325613E1
6.147000E1	1.229400E5	2.146181E1	-1.456123E1	2.593528E1	5.150720E3	1.073726E2	7.958033E1
6.147200E1	1.229440E5	2.365255E1	-1.032904E1	2.580954E1	5.182576E3	1.095634E2	7.534815E1
6.147400E1	1.229480E5	2.522575E1	-6.021471E0	2.593447E1	5.068565E3	1.111366E2	7.104058E1
6.147600E1	1.229520E5	2.614767E1	-1.515251E0	2.619154E1	5.105101E3	1.120585E2	6.653436E1
6.147800E1	1.229560E5	2.642230E1	3.241881E0	2.662044E1	5.007526E3	1.123331E2	6.177723E1
6.148000E1	1.229600E5	2.574336E1	7.730009E0	2.687887E1	4.867173E3	1.116542E2	5.728910E1
6.148200E1	1.229640E5	2.442036E1	1.215619E1	2.727870E1	4.736872E3	1.103312E2	5.286291E1
6.148400E1	1.229680E5	2.253085E1	1.616683E1	2.773096E1	4.577851E3	1.084417E2	4.885228E1
6.148600E1	1.229720E5	1.994101E1	1.978503E1	2.809077E1	4.455376E3	1.058518E2	4.523408E1
6.148800E1	1.229760E5	1.707958E1	2.306701E1	2.870189E1	4.311450E3	1.029904E2	4.195210E1
6.149000E1	1.229800E5	1.361584E1	2.563014E1	2.902232E1	4.345922E3	9.952667E1	3.938897E1
6.149200E1	1.229840E5	9.606529E0	2.768919E1	2.930830E1	4.385047E3	9.551736E1	3.732992E1
6.149400E1	1.229880E5	5.335070E0	2.895753E1	2.944489E1	4.260716E3	9.124590E1	3.606157E1
6.149600E1	1.229920E5	1.074842E0	2.943998E1	2.945960E1	4.207484E3	8.698567E1	3.557913E1
6.149800E1	1.229960E5	-3.272230E0	2.921422E1	2.939691E1	4.358055E3	8.263860E1	3.580489E1
6.150000E1	1.230000E5	-7.701937E0	2.807402E1	2.911134E1	4.420445E3	7.820889E1	3.694509E1
6.150200E1	1.230040E5	-1.175089E1	2.630301E1	2.880854E1	4.413528E3	7.415994E1	3.871610E1
6.150400E1	1.230080E5	-1.546735E1	2.382181E1	2.840277E1	4.492926E3	7.044348E1	4.119730E1
6.150600E1	1.230120E5	-1.885499E1	2.090795E1	2.815409E1	4.559627E3	6.705584E1	4.411116E1
6.150800E1	1.230160E5	-2.166015E1	1.739411E1	2.777980E1	4.594419E3	6.425067E1	4.762500E1
6.151000E1	1.230200E5	-2.395859E1	1.359814E1	2.754857E1	4.637616E3	6.195224E1	5.142096E1
6.151200E1	1.230240E5	-2.559354E1	9.424508E0	2.727362E1	4.746978E3	6.031729E1	5.559460E1
6.151400E1	1.230280E5	-2.659875E1	4.973002E0	2.705964E1	4.899021E3	5.931208E1	6.004611E1
6.151600E1	1.230320E5	-2.686836E1	2.905360E-1	2.686993E1	4.973468E3	5.904247E1	6.472857E1
6.151800E1	1.230360E5	-2.648152E1	-4.338366E0	2.683454E1	4.893258E3	5.942931E1	6.935747E1
6.152000E1	1.230400E5	-2.541156E1	-8.726841E0	2.686830E1	4.865921E3	6.049926E1	7.374595E1
6.152200E1	1.230440E5	-2.376665E1	-1.304832E1	2.711296E1	4.793493E3	6.214417E1	7.806743E1
6.152400E1	1.230480E5	-2.140458E1	-1.679991E1	2.721017E1	4.647498E3	6.450625E1	8.181902E1
6.152600E1	1.230520E5	-1.860237E1	-2.019989E1	2.746058E1	4.558878E3	6.730846E1	8.521900E1
6.152800E1	1.230560E5	-1.525673E1	-2.293107E1	2.754273E1	4.486383E3	7.065410E1	8.795018E1
6.153000E1	1.230600E5	-1.156610E1	-2.515009E1	2.768216E1	4.491633E3	7.434473E1	9.016920E1
6.153200E1	1.230640E5	-7.444708E0	-2.653786E1	2.756232E1	4.471079E3	7.846612E1	9.155697E1
6.153400E1	1.230680E5	-3.247815E0	-2.718624E1	2.737955E1	4.440838E3	8.266301E1	9.220535E1
6.153600E1	1.230720E5	9.920673E-1	-2.714748E1	2.716560E1	4.629235E3	8.690290E1	9.216658E1
6.153800E1	1.230760E5	5.489091E0	-2.649566E1	2.705827E1	4.689325E3	9.139992E1	9.151477E1
6.154000E1	1.230800E5	9.510529E0	-2.497076E1	2.672058E1	4.633205E3	9.542136E1	8.998987E1
6.154200E1	1.230840E5	1.336212E1	-2.292419E1	2.653422E1	4.747470E3	9.927295E1	8.794330E1
6.154400E1	1.230880E5	1.690568E1	-2.026202E1	2.638847E1	4.836784E3	1.028165E2	8.528112E1
6.154600E1	1.230920E5	1.983196E1	-1.688768E1	2.604804E1	4.881865E3	1.057428E2	8.190679E1
6.154800E1	1.230960E5	2.230422E1	-1.320776E1	2.592148E1	5.023517E3	1.082150E2	7.822687E1
6.155000E1	1.231000E5	2.436731E1	-9.024191E0	2.598464E1	5.090536E3	1.102781E2	7.404330E1
6.155200E1	1.231040E5	2.558268E1	-4.635487E0	2.599926E1	5.080862E3	1.114935E2	6.965460E1
6.155400E1	1.231080E5	2.626482E1	8.415965E-4	2.626482E1	5.034433E3	1.121756E2	6.501827E1
6.155600E1	1.231120E5	2.617374E1	4.552695E0	2.656674E1	4.908176E3	1.120846E2	6.046641E1
6.155800E1	1.231160E5	2.551671E1	9.103428E0	2.709197E1	4.719931E3	1.114275E2	5.591568E1
6.156000E1	1.231200E5	2.410581E1	1.322332E1	2.749448E1	4.486747E3	1.100166E2	5.179579E1
6.156200E1	1.231240E5	2.214504E1	1.704261E1	2.794376E1	4.437712E3	1.080559E2	4.797650E1
6.156400E1	1.231280E5	1.955227E1	2.060232E1	2.840328E1	4.455798E3	1.054631E2	4.441679E1
6.156600E1	1.231320E5	1.639665E1	2.377249E1	2.887874E1	4.372542E3	1.023075E2	4.124661E1
6.156800E1	1.231360E5	1.277413E1	2.617707E1	2.912761E1	4.274328E3	9.868496E1	3.884204E1
6.157000E1	1.231400E5	8.778510E0	2.784533E1	2.919631E1	4.290140E3	9.468934E1	3.717378E1
6.157200E1	1.231440E5	4.507813E0	2.894717E1	2.929606E1	4.235602E3	9.041864E1	3.607194E1
6.157400E1	1.231480E5	2.845391E-1	2.934431E1	2.934569E1	4.159902E3	8.619537E1	3.567480E1
6.157600E1	1.231520E5	-3.995970E0	2.921571E1	2.948772E1	4.138905E3	8.191486E1	3.580340E1
6.157800E1	1.231560E5	-8.038229E0	2.803251E1	2.916222E1	4.193670E3	7.787260E1	3.698659E1
6.158000E1	1.231600E5	-1.196917E1	2.618764E1	2.879329E1	4.331214E3	7.394166E1	3.883147E1
6.158200E1	1.231640E5	-1.559079E1	2.371222E1	2.837855E1	4.430662E3	7.032004E1	4.130688E1
6.158400E1	1.231680E5	-1.895153E1	2.083797E1	2.816703E1	4.520288E3	6.695929E1	4.418113E1
6.158600E1	1.231720E5	-2.176991E1	1.737491E1	2.785349E1	4.532458E3	6.414092E1	4.764419E1
6.158800E1	1.231760E5	-2.405014E1	1.365381E1	2.765567E1	4.575545E3	6.186068E1	5.136530E1
6.159000E1	1.231800E5	-2.567217E1	9.492222E0	2.737084E1	4.660628E3	6.023866E1	5.552689E1
6.159200E1	1.231840E5	-2.671094E1	5.164047E0	2.720555E1	4.741393E3	5.919988E1	5.985506E1
6.159400E1	1.231880E5	-2.718761E1	6.294006E-1	2.719490E1	4.805535E3	5.872322E1	6.438971E1
6.159600E1	1.231920E5	-2.691399E1	-3.916780E0	2.719750E1	4.789182E3	5.899684E1	6.893589E1
6.159800E1	1.231960E5	-2.592057E1	-8.337435E0	2.722846E1	4.682088E3	5.999026E1	7.335654E1
6.160000E1	1.232000E5	-2.424949E1	-1.236024E1	2.721789E1	4.523270E3	6.166134E1	7.737935E1
6.160200E1	1.232040E5	-2.219397E1	-1.607971E1	2.740674E1	4.465118E3	6.371686E1	8.109882E1
6.160400E1	1.232080E5	-1.955636E1	-1.946708E1	2.759381E1	4.468290E3	6.635447E1	8.448619E1
6.160600E1	1.232120E5	-1.626908E1	-2.222626E1	2.754432E1	4.440773E3	6.964175E1	8.724537E1
6.160800E1	1.232160E5	-1.267102E1	-2.447834E1	2.756345E1	4.447817E3	7.323981E1	8.949745E1
6.161000E1	1.232200E5	-8.667524E0	-2.603742E1	2.744218E1	4.531949E3	7.724330E1	9.105653E1
6.161200E1	1.232240E5	-4.398228E0	-2.703531E1	2.739074E1	4.504284E3	8.151260E1	9.205442E1
6.161400E1	1.232280E5	-1.882805E-1	-2.732374E1	2.732439E1	4.416722E3	8.572255E1	9.234285E1
6.161600E1	1.232320E5	3.955128E0	-2.669797E1	2.698935E1	4.621473E3	8.986596E1	9.171708E1
6.161800E1	1.232360E5	8.393551E0	-2.569363E1	2.702988E1	4.773267E3	9.430438E1	9.071274E1
6.162000E1	1.232400E5	1.226462E1	-2.354028E1	2.654365E1	4.761959E3	9.817544E1	8.855938E1
6.162200E1	1.232440E5	1.591338E1	-2.101157E1	2.635757E1	4.831679E3	1.018242E2	8.603068E1
6.162400E1	1.232480E5	1.925976E1	-1.805673E1	2.640045E1	4.807975E3	1.051706E2	8.307584E1
6.162600E1	1.232520E5	2.187403E1	-1.454913E1	2.627072E1	4.876740E3	1.077849E2	7.956824E1
6.162800E1	1.232560E5	2.381247E1	-1.042646E1	2.599510E1	4.943390E3	1.097233E2	7.544557E1
6.163000E1	1.232600E5	2.529429E1	-6.238912E0	2.605236E1	4.886913E3	1.112051E2	7.125802E1
6.163200E1	1.232640E5	2.634578E1	-1.887983E0	2.641334E1	4.834076E3	1.122566E2	6.690709E1
6.163400E1	1.232680E5	2.655445E1	2.547871E0	2.667640E1	4.771987E3	1.124653E2	6.247124E1
6.163600E1	1.232720E5	2.618924E1	7.012019E0	2.711171E1	4.615910E3	1.121001E2	5.800709E1
6.163800E1	1.232760E5	2.528815E1	1.122958E1	2.766937E1	4.428306E3	1.111990E2	5.378953E1
6.164000E1	1.232800E5	2.365288E1	1.518620E1	2.810836E1	4.376305E3	1.095637E2	4.983290E1
6.164200E1	1.232840E5	2.126378E1	1.877925E1	2.836915E1	4.316239E3	1.071746E2	4.623985E1
6.164400E1	1.232880E5	1.856078E1	2.209420E1	2.885578E1	4.233768E3	1.044716E2	4.292491E1
6.164600E1	1.232920E5	1.524025E1	2.475778E1	2.907255E1	4.194006E3	1.011511E2	4.026132E1
6.164800E1	1.232960E5	1.158492E1	2.695588E1	2.933990E1	4.147546E3	9.749575E1	3.806323E1
6.165000E1	1.233000E5	7.630531E0	2.842753E1	2.943382E1	4.160915E3	9.354136E1	3.659157E1
6.165200E1	1.233040E5	3.408113E0	2.939663E1	2.959353E1	4.130748E3	8.931894E1	3.562248E1
6.165400E1	1.233080E5	-7.755924E-1	2.966215E1	2.967228E1	4.072561E3	8.513524E1	3.535696E1
6.165600E1	1.233120E5	-4.962476E0	2.910155E1	2.952163E1	4.082914E3	8.094835E1	3.591756E1
6.165800E1	1.233160E5	-8.903865E0	2.768338E1	2.908004E1	4.149374E3	7.700696E1	3.733573E1
6.166000E1	1.233200E5	-1.274134E1	2.580888E1	2.878263E1	4.325093E3	7.316949E1	3.921023E1
6.166200E1	1.233240E5	-1.634894E1	2.323646E1	2.841164E1	4.513293E3	6.956189E1	4.178265E1
6.166400E1	1.233280E5	-1.961206E1	2.007771E1	2.806684E1	4.581405E3	6.629876E1	4.494139E1
6.166600E1	1.233320E5	-2.233988E1	1.655754E1	2.780687E1	4.546061E3	6.357095E1	4.846157E1
6.166800E1	1.233360E5	-2.456781E1	1.278262E1	2.769427E1	4.526064E3	6.134302E1	5.223649E1
6.167000E1	1.233400E5	-2.615064E1	8.719591E0	2.756605E1	4.582700E3	5.976019E1	5.629952E1
6.167200E1	1.233440E5	-2.721832E1	4.387511E0	2.756968E1	4.560881E3	5.869251E1	6.063160E1
6.167400E1	1.233480E5	-2.748105E1	9.437866E-2	2.748121E1	4.558506E3	5.842978E1	6.492473E1
6.167600E1	1.233520E5	-2.715840E1	-4.338836E0	2.750280E1	4.565753E3	5.875243E1	6.935794E1
6.167800E1	1.233560E5	-2.627560E1	-8.571057E0	2.763820E1	4.451925E3	5.963523E1	7.359016E1
6.168000E1	1.233600E5	-2.462476E1	-1.248453E1	2.760873E1	4.445520E3	6.128607E1	7.750363E1
6.168200E1	1.233640E5	-2.235120E1	-1.614886E1	2.757466E1	4.491080E3	6.355963E1	8.116797E1
6.168400E1	1.233680E5	-1.960560E1	-1.950247E1	2.765368E1	4.444267E3	6.630523E1	8.452158E1
6.168600E1	1.233720E5	-1.635110E1	-2.219867E1	2.757063E1	4.371771E3	6.955973E1	8.721778E1
6.168800E1	1.233760E5	-1.280767E1	-2.443230E1	2.758575E1	4.408089E3	7.310316E1	8.945141E1
6.169000E1	1.233800E5	-8.808252E0	-2.595980E1	2.741344E1	4.476523E3	7.710258E1	9.097891E1
6.169200E1	1.233840E5	-4.644523E0	-2.700718E1	2.740364E1	4.442032E3	8.126630E1	9.202629E1
6.169400E1	1.233880E5	-4.646876E-1	-2.732909E1	2.733304E1	4.351241E3	8.544614E1	9.234819E1
6.169600E1	1.233920E5	3.610642E0	-2.689203E1	2.713333E1	4.372700E3	8.952147E1	9.191113E1
6.169800E1	1.233960E5	7.673067E0	-2.587620E1	2.698988E1	4.440702E3	9.358390E1	9.089530E1
6.170000E1	1.234000E5	1.146571E1	-2.413600E1	2.672095E1	4.583364E3	9.737653E1	8.915511E1
6.170200E1	1.234040E5	1.513388E1	-2.173420E1	2.648415E1	4.736585E3	1.010447E2	8.675331E1
6.170400E1	1.234080E5	1.849174E1	-1.891205E1	2.645014E1	4.759916E3	1.044026E2	8.393115E1
6.170600E1	1.234120E5	2.124498E1	-1.549790E1	2.629703E1	4.880154E3	1.071558E2	8.051701E1
6.170800E1	1.234160E5	2.349380E1	-1.152128E1	2.616675E1	4.976640E3	1.094046E2	7.654039E1
6.171000E1	1.234200E5	2.515977E1	-7.311327E0	2.620056E1	4.879414E3	1.110706E2	7.233044E1
6.171200E1	1.234240E5	2.630516E1	-3.046181E0	2.648095E1	4.777945E3	1.122160E2	6.806529E1
6.171400E1	1.234280E5	2.666210E1	1.354437E0	2.669648E1	4.785821E3	1.125729E2	6.366467E1
6.171600E1	1.234320E5	2.641720E1	5.874819E0	2.706256E1	4.631165E3	1.123280E2	5.914429E1
6.171800E1	1.234360E5	2.562953E1	1.006103E1	2.753356E1	4.361056E3	1.115404E2	5.495808E1
6.172000E1	1.234400E5	2.418582E1	1.395355E1	2.792232E1	4.266695E3	1.100967E2	5.106556E1
6.172200E1	1.234440E5	2.222428E1	1.767772E1	2.839754E1	4.232218E3	1.081351E2	4.734139E1
6.172400E1	1.234480E5	1.971708E1	2.107813E1	2.886262E1	4.183944E3	1.056279E2	4.394098E1
6.172600E1	1.234520E5	1.656010E1	2.385826E1	2.904227E1	4.161017E3	1.024709E2	4.116085E1
6.172800E1	1.234560E5	1.302094E1	2.617877E1	2.923821E1	4.009145E3	9.893176E1	3.884034E1
6.173000E1	1.234600E5	9.430137E0	2.781526E1	2.937032E1	3.981702E3	9.534097E1	3.720385E1
6.173200E1	1.234640E5	5.364413E0	2.889237E1	2.938615E1	4.071960E3	9.127524E1	3.612674E1
6.173400E1	1.234680E5	1.252076E0	2.938050E1	2.940717E1	4.007784E3	8.716290E1	3.563861E1
6.173600E1	1.234720E5	-2.835947E0	2.938326E1	2.951980E1	3.989648E3	8.307488E1	3.563585E1
6.173800E1	1.234760E5	-6.874671E0	2.859470E1	2.940949E1	4.090187E3	7.903616E1	3.642441E1
6.174000E1	1.234800E5	-1.085107E1	2.702884E1	2.912566E1	4.235291E3	7.505976E1	3.799027E1
6.174200E1	1.234840E5	-1.455399E1	2.474774E1	2.871009E1	4.321012E3	7.135684E1	4.027137E1
6.174400E1	1.234880E5	-1.796030E1	2.205476E1	2.844266E1	4.382617E3	6.795052E1	4.296435E1
6.174600E1	1.234920E5	-2.085689E1	1.878622E1	2.807012E1	4.437081E3	6.505394E1	4.623289E1
6.174800E1	1.234960E5	-2.332859E1	1.520424E1	2.784587E1	4.544085E3	6.258224E1	4.981487E1
6.175000E1	1.235000E5	-2.539587E1	1.121874E1	2.776347E1	4.616850E3	6.051496E1	5.380036E1
6.175200E1	1.235040E5	-2.677268E1	6.987041E0	2.766939E1	4.529058E3	5.913814E1	5.803207E1
6.175400E1	1.235080E5	-2.748609E1	2.751925E0	2.762351E1	4.416835E3	5.842474E1	6.226718E1
6.175600E1	1.235120E5	-2.764422E1	-1.468478E0	2.768320E1	4.319407E3	5.826661E1	6.648759E1
6.175800E1	1.235160E5	-2.711368E1	-5.546009E0	2.767507E1	4.378468E3	5.879715E1	7.056512E1
6.176000E1	1.235200E5	-2.599064E1	-9.745740E0	2.775775E1	4.524473E3	5.992019E1	7.476485E1
6.176200E1	1.235240E5	-2.410937E1	-1.372837E1	2.774400E1	4.427877E3	6.180146E1	7.874748E1
6.176400E1	1.235280E5	-2.204758E1	-1.739097E1	2.808098E1	4.320080E3	6.386324E1	8.241007E1
6.176600E1	1.235320E5	-1.906027E1	-2.039564E1	2.791551E1	4.328665E3	6.685056E1	8.541474E1
6.176800E1	1.235360E5	-1.567262E1	-2.287281E1	2.772718E1	4.319773E3	7.023821E1	8.789192E1
6.177000E1	1.235400E5	-1.208999E1	-2.502884E1	2.779588E1	4.355207E3	7.382084E1	9.004795E1
6.177200E1	1.235440E5	-8.106290E0	-2.651712E1	2.772850E1	4.207398E3	7.780454E1	9.153623E1
6.177400E1	1.235480E5	-4.279364E0	-2.716331E1	2.749833E1	4.123035E3	8.163146E1	9.218242E1
6.177600E1	1.235520E5	-2.416606E-1	-2.734894E1	2.735001E1	4.239861E3	8.566917E1	9.236805E1
6.177800E1	1.235560E5	3.772148E0	-2.681804E1	2.708203E1	4.318769E3	8.968298E1	9.183715E1
6.178000E1	1.235600E5	7.775893E0	-2.580576E1	2.695184E1	4.405705E3	9.368672E1	9.082487E1
6.178200E1	1.235640E5	1.155346E1	-2.408226E1	2.671025E1	4.584030E3	9.746429E1	8.910137E1
6.178400E1	1.235680E5	1.524273E1	-2.168424E1	2.650561E1	4.792795E3	1.011536E2	8.670335E1
6.178600E1	1.235720E5	1.850592E1	-1.863522E1	2.626291E1	4.861194E3	1.044167E2	8.365433E1
6.178800E1	1.235760E5	2.128448E1	-1.515423E1	2.612814E1	4.806738E3	1.071953E2	8.017334E1
6.179000E1	1.235800E5	2.355633E1	-1.147521E1	2.620270E1	4.759926E3	1.094672E2	7.649432E1
6.179200E1	1.235840E5	2.525495E1	-7.438007E0	2.632748E1	4.765590E3	1.111658E2	7.245711E1
6.179400E1	1.235880E5	2.646078E1	-3.206867E0	2.665440E1	4.602445E3	1.123716E2	6.822598E1
6.179600E1	1.235920E5	2.699925E1	9.424530E-1	2.701569E1	4.414262E3	1.129101E2	6.407666E1
6.179800E1	1.235960E5	2.707373E1	5.138586E0	2.755707E1	4.336381E3	1.129846E2	5.988052E1
6.180000E1	1.236000E5	2.644672E1	9.284688E0	2.802918E1	4.205902E3	1.123576E2	5.573442E1
6.180200E1	1.236040E5	2.508809E1	1.309929E1	2.830201E1	4.132870E3	1.109989E2	5.191982E1
6.180400E1	1.236080E5	2.321866E1	1.679281E1	2.865492E1	4.181176E3	1.091295E2	4.822630E1
6.180600E1	1.236120E5	2.078598E1	2.028079E1	2.904079E1	4.169017E3	1.066968E2	4.473832E1
6.180800E1	1.236160E5	1.766961E1	2.307103E1	2.906007E1	4.113922E3	1.035804E2	4.194808E1
6.181000E1	1.236200E5	1.426471E1	2.547240E1	2.919461E1	4.080923E3	1.001755E2	3.954671E1
6.181200E1	1.236240E5	1.063444E1	2.752540E1	2.950829E1	4.067942E3	9.654527E1	3.749370E1
6.181400E1	1.236280E5	6.642918E0	2.882563E1	2.958117E1	4.036048E3	9.255375E1	3.619347E1
6.181600E1	1.236320E5	2.566022E0	2.944901E1	2.956060E1	4.004941E3	8.847685E1	3.557010E1
6.181800E1	1.236360E5	-1.571171E0	2.956099E1	2.960271E1	3.990798E3	8.433966E1	3.545812E1
6.182000E1	1.236400E5	-5.615198E0	2.893261E1	2.947247E1	4.006110E3	8.029563E1	3.608650E1
6.182200E1	1.236440E5	-9.523421E0	2.755354E1	2.915292E1	4.105630E3	7.638741E1	3.746557E1
6.182400E1	1.236480E5	-1.333930E1	2.572768E1	2.898017E1	4.178637E3	7.257153E1	3.929143E1
6.182600E1	1.236520E5	-1.679967E1	2.330926E1	2.873239E1	4.146861E3	6.911116E1	4.170985E1
6.182800E1	1.236560E5	-1.981701E1	2.052592E1	2.853117E1	4.221623E3	6.609382E1	4.449319E1
6.183000E1	1.236600E5	-2.246858E1	1.713637E1	2.825760E1	4.439419E3	6.344225E1	4.788274E1
6.183200E1	1.236640E5	-2.467794E1	1.325939E1	2.801450E1	4.497010E3	6.123289E1	5.175971E1
6.183400E1	1.236680E5	-2.629130E1	9.229789E0	2.786434E1	4.491935E3	5.961952E1	5.578932E1
6.183600E1	1.236720E5	-2.742409E1	4.974549E0	2.787162E1	4.470618E3	5.848674E1	6.004456E1
6.183800E1	1.236760E5	-2.791866E1	7.123487E-1	2.792774E1	4.320266E3	5.799217E1	6.430676E1
6.184000E1	1.236800E5	-2.765432E1	-3.395416E0	2.786199E1	4.256636E3	5.825651E1	6.841452E1
6.184200E1	1.236840E5	-2.683907E1	-7.475910E0	2.786082E1	4.231837E3	5.907175E1	7.249502E1
6.184400E1	1.236880E5	-2.547335E1	-1.130267E1	2.786830E1	4.200863E3	6.043748E1	7.632178E1
6.184600E1	1.236920E5	-2.362836E1	-1.497674E1	2.797503E1	4.247222E3	6.228247E1	7.999585E1
6.184800E1	1.236960E5	-2.117844E1	-1.835570E1	2.802602E1	4.168589E3	6.473239E1	8.337481E1
6.185000E1	1.237000E5	-1.840082E1	-2.119966E1	2.807162E1	4.114100E3	6.751000E1	8.621877E1
6.185200E1	1.237040E5	-1.506557E1	-2.353242E1	2.794183E1	4.239273E3	7.084525E1	8.855152E1
6.185400E1	1.237080E5	-1.126268E1	-2.529622E1	2.769019E1	4.201566E3	7.464815E1	9.031532E1
6.185600E1	1.237120E5	-7.501611E0	-2.647253E1	2.751489E1	4.150832E3	7.840922E1	9.149164E1
6.185800E1	1.237160E5	-3.514577E0	-2.707249E1	2.729967E1	4.279740E3	8.239625E1	9.209160E1
6.186000E1	1.237200E5	6.153754E-1	-2.716645E1	2.717342E1	4.355299E3	8.652620E1	9.218556E1
6.186200E1	1.237240E5	4.697745E0	-2.657612E1	2.698813E1	4.386397E3	9.060857E1	9.159523E1
6.186400E1	1.237280E5	8.619340E0	-2.525666E1	2.668692E1	4.468476E3	9.453017E1	9.027577E1
6.186600E1	1.237320E5	1.236707E1	-2.335903E1	2.643083E1	4.530797E3	9.827790E1	8.837814E1
6.186800E1	1.237360E5	1.584675E1	-2.105501E1	2.635209E1	4.541264E3	1.017576E2	8.607412E1
6.187000E1	1.237400E5	1.889609E1	-1.820742E1	2.624067E1	4.568152E3	1.048069E2	8.322653E1
6.187200E1	1.237440E5	2.149709E1	-1.491916E1	2.616689E1	4.627789E3	1.074079E2	7.993827E1
6.187400E1	1.237480E5	2.369824E1	-1.126569E1	2.623971E1	4.672695E3	1.096091E2	7.628479E1
6.187600E1	1.237520E5	2.538925E1	-7.313924E0	2.642172E1	4.662171E3	1.113001E2	7.233303E1
6.187800E1	1.237560E5	2.654738E1	-3.154695E0	2.673416E1	4.510302E3	1.124582E2	6.817380E1
6.188000E1	1.237600E5	2.711372E1	9.330989E-1	2.712977E1	4.348681E3	1.130245E2	6.408601E1
6.188200E1	1.237640E5	2.718449E1	5.096227E0	2.765805E1	4.267110E3	1.130953E2	5.992288E1
6.188400E1	1.237680E5	2.653114E1	9.155845E0	2.806655E1	4.146430E3	1.124420E2	5.586326E1
6.188600E1	1.237720E5	2.520852E1	1.295743E1	2.834369E1	4.112608E3	1.111194E2	5.206168E1
6.188800E1	1.237760E5	2.332786E1	1.663339E1	2.865063E1	4.117200E3	1.092387E2	4.838572E1
6.189000E1	1.237800E5	2.098495E1	2.003434E1	2.901281E1	4.004700E3	1.068958E2	4.498477E1
6.189200E1	1.237840E5	1.818855E1	2.287326E1	2.922344E1	3.952360E3	1.040994E2	4.214585E1
6.189400E1	1.237880E5	1.491445E1	2.530139E1	2.937007E1	3.922521E3	1.008253E2	3.971772E1
6.189600E1	1.237920E5	1.137208E1	2.705147E1	2.934461E1	3.896131E3	9.728290E1	3.796764E1
6.189800E1	1.237960E5	7.553931E0	2.832287E1	2.931291E1	4.079604E3	9.346476E1	3.669624E1
6.190000E1	1.238000E5	3.328494E0	2.929191E1	2.948042E1	4.104658E3	8.923932E1	3.572719E1
6.190200E1	1.238040E5	-7.581145E-1	2.924353E1	2.925335E1	3.951986E3	8.515271E1	3.577558E1
6.190400E1	1.238080E5	-4.707104E0	2.866574E1	2.904963E1	3.976680E3	8.120372E1	3.635337E1
6.190600E1	1.238120E5	-8.675116E0	2.769633E1	2.902317E1	4.111910E3	7.723571E1	3.732278E1
6.190800E1	1.238160E5	-1.257003E1	2.603392E1	2.890969E1	4.188413E3	7.334080E1	3.898519E1
6.191000E1	1.238200E5	-1.611461E1	2.376062E1	2.870972E1	4.238025E3	6.979621E1	4.125849E1
6.191200E1	1.238240E5	-1.950159E1	2.111528E1	2.874312E1	4.280574E3	6.640924E1	4.390383E1
6.191400E1	1.238280E5	-2.232590E1	1.790710E1	2.862010E1	4.244014E3	6.358493E1	4.711200E1
6.191600E1	1.238320E5	-2.467169E1	1.441644E1	2.857492E1	4.134630E3	6.123913E1	5.060267E1
6.191800E1	1.238360E5	-2.642637E1	1.078106E1	2.854092E1	4.149778E3	5.948446E1	5.423805E1
6.192000E1	1.238400E5	-2.768077E1	6.747825E0	2.849137E1	4.195402E3	5.823006E1	5.827128E1
6.192200E1	1.238440E5	-2.835900E1	2.686801E0	2.848600E1	4.145219E3	5.755182E1	6.233231E1
6.192400E1	1.238480E5	-2.851645E1	-1.435056E0	2.855254E1	4.146674E3	5.739438E1	6.645416E1
6.192600E1	1.238520E5	-2.791600E1	-5.514610E0	2.845547E1	4.129462E3	5.799483E1	7.053372E1
6.192800E1	1.238560E5	-2.670601E1	-9.404021E0	2.831337E1	4.157012E3	5.920481E1	7.442313E1
6.193000E1	1.238600E5	-2.496820E1	-1.316566E1	2.822669E1	4.185948E3	6.094263E1	7.818477E1
6.193200E1	1.238640E5	-2.268810E1	-1.657027E1	2.809490E1	4.128760E3	6.322273E1	8.158938E1
6.193400E1	1.238680E5	-1.997697E1	-1.950670E1	2.792115E1	4.137437E3	6.593385E1	8.452580E1
6.193600E1	1.238720E5	-1.677965E1	-2.202030E1	2.768483E1	4.212677E3	6.913118E1	8.703940E1
6.193800E1	1.238760E5	-1.335081E1	-2.425325E1	2.768509E1	4.188153E3	7.256002E1	8.927236E1
6.194000E1	1.238800E5	-9.674761E0	-2.580067E1	2.755496E1	4.215119E3	7.623607E1	9.081978E1
6.194200E1	1.238840E5	-5.705316E0	-2.690786E1	2.750606E1	4.304401E3	8.020551E1	9.192697E1
6.194400E1	1.238880E5	-1.594855E0	-2.734845E1	2.739492E1	4.266221E3	8.431597E1	9.236756E1
6.194600E1	1.238920E5	2.410213E0	-2.703967E1	2.714688E1	4.294406E3	8.832104E1	9.205878E1
6.194800E1	1.238960E5	6.460468E0	-2.622300E1	2.700710E1	4.359964E3	9.237130E1	9.124211E1
6.195000E1	1.239000E5	1.026498E1	-2.474091E1	2.678586E1	4.391123E3	9.617581E1	8.976002E1
6.195200E1	1.239040E5	1.397567E1	-2.289166E1	2.682066E1	4.475153E3	9.988650E1	8.791077E1
6.195400E1	1.239080E5	1.744598E1	-2.047422E1	2.689900E1	4.537424E3	1.033568E2	8.549333E1
6.195600E1	1.239120E5	2.041378E1	-1.740157E1	2.682419E1	4.528458E3	1.063246E2	8.242068E1
6.195800E1	1.239160E5	2.296134E1	-1.404430E1	2.691589E1	4.478353E3	1.088722E2	7.906341E1
6.196000E1	1.239200E5	2.512901E1	-1.042536E1	2.720579E1	4.492075E3	1.110398E2	7.544447E1
6.196200E1	1.239240E5	2.666175E1	-6.392916E0	2.741748E1	4.423045E3	1.125726E2	7.141202E1
6.196400E1	1.239280E5	2.754541E1	-2.332461E0	2.764398E1	4.309315E3	1.134562E2	6.735157E1
6.196600E1	1.239320E5	2.786188E1	1.827886E0	2.792177E1	4.204415E3	1.137727E2	6.319122E1
6.196800E1	1.239360E5	2.751648E1	5.837554E0	2.812888E1	4.100350E3	1.134273E2	5.918155E1
6.197000E1	1.239400E5	2.669338E1	9.797417E0	2.843459E1	4.054640E3	1.126042E2	5.522169E1
6.197200E1	1.239440E5	2.527828E1	1.355190E1	2.868180E1	3.976102E3	1.111891E2	5.146721E1
6.197400E1	1.239480E5	2.350580E1	1.711519E1	2.907666E1	3.896292E3	1.094166E2	4.790392E1
6.197600E1	1.239520E5	2.106750E1	2.018981E1	2.917993E1	3.811533E3	1.069783E2	4.482929E1
6.197800E1	1.239560E5	1.832680E1	2.288005E1	2.931498E1	3.857864E3	1.042376E2	4.213905E1
6.198000E1	1.239600E5	1.504061E1	2.524365E1	2.938472E1	3.879129E3	1.009514E2	3.977546E1
6.198200E1	1.239640E5	1.154407E1	2.696291E1	2.933026E1	3.911745E3	9.745490E1	3.805620E1
6.198400E1	1.239680E5	7.648742E0	2.826851E1	2.928501E1	4.031913E3	9.355957E1	3.675060E1
6.198600E1	1.239720E5	3.569959E0	2.886519E1	2.908511E1	4.052995E3	8.948079E1	3.615392E1
6.198800E1	1.239760E5	-5.444915E-1	2.910596E1	2.911105E1	3.999583E3	8.536634E1	3.591315E1
6.199000E1	1.239800E5	-4.516075E0	2.868193E1	2.903529E1	3.993996E3	8.139475E1	3.633718E1
6.199200E1	1.239840E5	-8.505217E0	2.773669E1	2.901143E1	4.096331E3	7.740561E1	3.728241E1
6.199400E1	1.239880E5	-1.240223E1	2.619772E1	2.898509E1	4.102158E3	7.350860E1	3.882139E1
6.199600E1	1.239920E5	-1.591618E1	2.408659E1	2.887020E1	4.028307E3	6.999465E1	4.093252E1
6.199800E1	1.239960E5	-1.901564E1	2.153374E1	2.872797E1	3.995215E3	6.689519E1	4.348537E1
6.200000E1	1.240000E5	-2.178347E1	1.864618E1	2.867402E1	4.045515E3	6.412736E1	4.637293E1
6.200200E1	1.240040E5	-2.423215E1	1.536124E1	2.869085E1	4.084486E3	6.167867E1	4.965786E1
6.200400E1	1.240080E5	-2.631161E1	1.183863E1	2.885227E1	4.113146E3	5.959922E1	5.318048E1
6.200600E1	1.240120E5	-2.766271E1	7.889765E0	2.876585E1	4.099253E3	5.824812E1	5.712934E1
6.200800E1	1.240160E5	-2.843309E1	3.908929E0	2.870053E1	4.072233E3	5.747774E1	6.111018E1
6.201000E1	1.240200E5	-2.867514E1	-1.852252E-1	2.867574E1	4.046766E3	5.723569E1	6.520433E1
6.201200E1	1.240240E5	-2.826555E1	-4.153338E0	2.856907E1	4.034430E3	5.764528E1	6.917245E1
6.201400E1	1.240280E5	-2.739179E1	-8.117882E0	2.856940E1	4.079882E3	5.851903E1	7.313699E1
6.201600E1	1.240320E5	-2.588231E1	-1.189290E1	2.848395E1	4.078462E3	6.002851E1	7.691201E1
6.201800E1	1.240360E5	-2.380257E1	-1.535245E1	2.832419E1	4.029926E3	6.210826E1	8.037156E1
6.202000E1	1.240400E5	-2.122781E1	-1.832235E1	2.804155E1	3.977702E3	6.468302E1	8.334146E1
6.202200E1	1.240440E5	-1.843662E1	-2.100996E1	2.795224E1	4.061253E3	6.747421E1	8.602907E1
6.202400E1	1.240480E5	-1.510945E1	-2.330520E1	2.777459E1	4.088998E3	7.080137E1	8.832431E1
6.202600E1	1.240520E5	-1.163274E1	-2.504739E1	2.761688E1	4.158846E3	7.427809E1	9.006649E1
6.202800E1	1.240560E5	-7.682729E0	-2.623692E1	2.733862E1	4.288758E3	7.822810E1	9.125603E1
6.203000E1	1.240600E5	-3.662700E0	-2.689016E1	2.713846E1	4.298718E3	8.224813E1	9.190926E1
6.203200E1	1.240640E5	4.132679E-1	-2.709885E1	2.710200E1	4.320193E3	8.632410E1	9.211796E1
6.203400E1	1.240680E5	4.464899E0	-2.661195E1	2.698390E1	4.356490E3	9.037573E1	9.163105E1
6.203600E1	1.240720E5	8.406047E0	-2.541803E1	2.677196E1	4.379524E3	9.431688E1	9.043713E1
6.203800E1	1.240760E5	1.211446E1	-2.373257E1	2.664573E1	4.328452E3	9.802528E1	8.875168E1
6.204000E1	1.240800E5	1.567699E1	-2.188650E1	2.692186E1	4.229578E3	1.015878E2	8.690561E1
6.204200E1	1.240840E5	1.871818E1	-1.940989E1	2.696505E1	4.276616E3	1.046290E2	8.442900E1
6.204400E1	1.240880E5	2.142290E1	-1.630809E1	2.692386E1	4.337824E3	1.073337E2	8.132720E1
6.204600E1	1.240920E5	2.372883E1	-1.298471E1	2.704921E1	4.253610E3	1.096397E2	7.800382E1
6.204800E1	1.240960E5	2.548137E1	-9.408465E0	2.716283E1	4.267831E3	1.113922E2	7.442757E1
6.205000E1	1.241000E5	2.673264E1	-5.495548E0	2.729167E1	4.268789E3	1.126435E2	7.051466E1
6.205200E1	1.241040E5	2.740162E1	-1.527411E0	2.744416E1	4.222323E3	1.133125E2	6.654652E1
6.205400E1	1.241080E5	2.761139E1	2.548105E0	2.772872E1	4.165558E3	1.135222E2	6.247100E1
6.205600E1	1.241120E5	2.716802E1	6.508311E0	2.793670E1	4.067851E3	1.130788E2	5.851080E1
6.205800E1	1.241160E5	2.628094E1	1.037565E1	2.825495E1	3.980111E3	1.121918E2	5.464346E1
6.206000E1	1.241200E5	2.493136E1	1.404364E1	2.861462E1	3.826334E3	1.108422E2	5.097547E1
6.206200E1	1.241240E5	2.304712E1	1.727241E1	2.880114E1	3.755754E3	1.089579E2	4.774670E1
6.206400E1	1.241280E5	2.060336E1	2.018703E1	2.884466E1	3.899519E3	1.065142E2	4.483208E1
6.206600E1	1.241320E5	1.753184E1	2.280456E1	2.876480E1	4.024413E3	1.034427E2	4.221455E1
6.206800E1	1.241360E5	1.419408E1	2.510113E1	2.883641E1	3.947824E3	1.001049E2	3.991798E1
6.207000E1	1.241400E5	1.069821E1	2.679990E1	2.885630E1	3.965106E3	9.660904E1	3.821921E1
6.207200E1	1.241440E5	6.809847E0	2.809127E1	2.890491E1	4.051577E3	9.272068E1	3.692783E1
6.207400E1	1.241480E5	2.794042E0	2.872814E1	2.886369E1	4.029120E3	8.870487E1	3.629097E1
6.207600E1	1.241520E5	-1.259442E0	2.896441E1	2.899178E1	3.952611E3	8.465139E1	3.605469E1
6.207800E1	1.241560E5	-5.168988E0	2.856938E1	2.903322E1	3.874881E3	8.074184E1	3.644972E1
6.208000E1	1.241600E5	-9.049425E0	2.786895E1	2.930138E1	3.787078E3	7.686140E1	3.715016E1
6.208200E1	1.241640E5	-1.249767E1	2.631558E1	2.913248E1	3.727017E3	7.341316E1	3.870353E1
6.208400E1	1.241680E5	-1.589519E1	2.457269E1	2.926558E1	3.787543E3	7.001564E1	4.044642E1
6.208600E1	1.241720E5	-1.893985E1	2.213350E1	2.913091E1	3.889835E3	6.697098E1	4.288561E1
6.208800E1	1.241760E5	-2.162302E1	1.915957E1	2.889021E1	3.990773E3	6.428781E1	4.585954E1
6.209000E1	1.241800E5	-2.397193E1	1.585644E1	2.874161E1	3.937230E3	6.193890E1	4.916267E1
6.209200E1	1.241840E5	-2.574872E1	1.244429E1	2.859820E1	3.855030E3	6.016211E1	5.257482E1
6.209400E1	1.241880E5	-2.709264E1	8.835807E0	2.849706E1	3.897224E3	5.881819E1	5.618330E1
6.209600E1	1.241920E5	-2.775820E1	4.997223E0	2.820443E1	4.019332E3	5.815263E1	6.002189E1
6.209800E1	1.241960E5	-2.804409E1	9.722322E-1	2.806094E1	4.060896E3	5.786674E1	6.404688E1
6.210000E1	1.242000E5	-2.767780E1	-2.927672E0	2.783221E1	4.069536E3	5.823303E1	6.794678E1
6.210200E1	1.242040E5	-2.686226E1	-6.843414E0	2.772027E1	4.067010E3	5.904857E1	7.186252E1
6.210400E1	1.242080E5	-2.559631E1	-1.050103E1	2.766663E1	3.980347E3	6.031452E1	7.552013E1
6.210600E1	1.242120E5	-2.373196E1	-1.382009E1	2.746271E1	4.030147E3	6.217887E1	7.883920E1
6.210800E1	1.242160E5	-2.146467E1	-1.702901E1	2.739926E1	4.095335E3	6.444615E1	8.204812E1
6.211000E1	1.242200E5	-1.879090E1	-1.986757E1	2.734626E1	4.121405E3	6.711993E1	8.488668E1
6.211200E1	1.242240E5	-1.567190E1	-2.230909E1	2.726360E1	4.114435E3	7.023893E1	8.732819E1
6.211400E1	1.242280E5	-1.230232E1	-2.420005E1	2.714755E1	4.048870E3	7.360851E1	8.921916E1
6.211600E1	1.242320E5	-8.741608E0	-2.554356E1	2.699795E1	4.106168E3	7.716922E1	9.056267E1
6.211800E1	1.242360E5	-4.887893E0	-2.631567E1	2.676576E1	4.229513E3	8.102293E1	9.133478E1
6.212000E1	1.242400E5	-9.199980E-1	-2.669119E1	2.670704E1	4.227299E3	8.499083E1	9.171030E1
6.212200E1	1.242440E5	2.957775E0	-2.642352E1	2.658854E1	4.156011E3	8.886860E1	9.144263E1
6.212400E1	1.242480E5	6.762657E0	-2.586978E1	2.673909E1	3.990454E3	9.267349E1	9.088889E1
6.212600E1	1.242520E5	1.019146E1	-2.478925E1	2.680248E1	3.960587E3	9.610229E1	8.980836E1
6.212800E1	1.242560E5	1.366661E1	-2.320843E1	2.693339E1	4.061604E3	9.957743E1	8.822754E1
6.213000E1	1.242600E5	1.676176E1	-2.100072E1	2.686982E1	4.046970E3	1.026726E2	8.601983E1
6.213200E1	1.242640E5	1.953577E1	-1.842235E1	2.685199E1	4.129251E3	1.054466E2	8.344146E1
6.213400E1	1.242680E5	2.199063E1	-1.533392E1	2.680889E1	4.252698E3	1.079015E2	8.035303E1
6.213600E1	1.242720E5	2.418804E1	-1.195922E1	2.698304E1	4.202057E3	1.100989E2	7.697833E1
6.213800E1	1.242760E5	2.571557E1	-8.395006E0	2.705119E1	4.137576E3	1.116264E2	7.341411E1
6.214000E1	1.242800E5	2.660563E1	-4.575858E0	2.699626E1	4.145929E3	1.125165E2	6.959497E1
6.214200E1	1.242840E5	2.720144E1	-7.103359E-1	2.721072E1	3.991040E3	1.131123E2	6.572944E1
6.214400E1	1.242880E5	2.725418E1	2.963364E0	2.741481E1	3.989514E3	1.131650E2	6.205574E1
6.214600E1	1.242920E5	2.669292E1	6.884462E0	2.756643E1	4.112551E3	1.126037E2	5.813465E1
6.214800E1	1.242960E5	2.553466E1	1.065815E1	2.766975E1	4.033734E3	1.114455E2	5.436095E1
6.215000E1	1.243000E5	2.405984E1	1.422731E1	2.795161E1	3.889292E3	1.099707E2	5.079179E1
6.215200E1	1.243040E5	2.208304E1	1.738562E1	2.810552E1	3.908903E3	1.079939E2	4.763348E1
6.215400E1	1.243080E5	1.973134E1	2.059919E1	2.852460E1	4.003674E3	1.056422E2	4.441991E1
6.215600E1	1.243120E5	1.678089E1	2.329083E1	2.870646E1	3.914194E3	1.026917E2	4.172828E1
6.215800E1	1.243160E5	1.350699E1	2.528519E1	2.866670E1	3.790113E3	9.941782E1	3.973391E1
6.216000E1	1.243200E5	1.011016E1	2.688047E1	2.871889E1	3.719875E3	9.602099E1	3.813864E1
6.216200E1	1.243240E5	6.603978E0	2.808783E1	2.885375E1	3.767426E3	9.251481E1	3.693128E1
6.216400E1	1.243280E5	2.787945E0	2.873129E1	2.886624E1	3.879640E3	8.869877E1	3.628782E1
6.216600E1	1.243320E5	-1.156811E0	2.895892E1	2.898201E1	3.809418E3	8.475402E1	3.606019E1
6.216800E1	1.243360E5	-4.907847E0	2.872622E1	2.914245E1	3.661649E3	8.100298E1	3.629289E1
6.217000E1	1.243400E5	-8.472409E0	2.782634E1	2.908757E1	3.656781E3	7.743842E1	3.719277E1
6.217200E1	1.243440E5	-1.200558E1	2.656167E1	2.914886E1	3.674195E3	7.390525E1	3.845744E1
6.217400E1	1.243480E5	-1.520361E1	2.468325E1	2.898987E1	3.752793E3	7.070721E1	4.033586E1
6.217600E1	1.243520E5	-1.839264E1	2.244454E1	2.901804E1	3.824568E3	6.751819E1	4.257457E1
6.217800E1	1.243560E5	-2.116924E1	1.978960E1	2.897870E1	3.835044E3	6.474158E1	4.522951E1
6.218000E1	1.243600E5	-2.355231E1	1.669215E1	2.886761E1	3.866232E3	6.235852E1	4.832696E1
6.218200E1	1.243640E5	-2.537761E1	1.327040E1	2.863785E1	3.934135E3	6.053322E1	5.174871E1
6.218400E1	1.243680E5	-2.679302E1	9.535120E0	2.843913E1	3.885103E3	5.911781E1	5.548399E1
6.218600E1	1.243720E5	-2.759840E1	5.899182E0	2.822183E1	3.896750E3	5.831243E1	5.911993E1
6.218800E1	1.243760E5	-2.798943E1	1.958521E0	2.805787E1	4.001519E3	5.792140E1	6.306059E1
6.219000E1	1.243800E5	-2.772498E1	-1.909847E0	2.779068E1	4.043978E3	5.818585E1	6.692896E1
6.219200E1	1.243840E5	-2.702863E1	-5.830586E0	2.765036E1	4.081496E3	5.888220E1	7.084969E1
6.219400E1	1.243880E5	-2.592305E1	-9.572053E0	2.763383E1	3.916137E3	5.998778E1	7.459116E1
6.219600E1	1.243920E5	-2.425125E1	-1.280669E1	2.742507E1	3.869300E3	6.165958E1	7.782579E1
6.219800E1	1.243960E5	-2.238029E1	-1.610783E1	2.757426E1	3.914085E3	6.353053E1	8.112694E1
6.220000E1	1.244000E5	-1.998550E1	-1.896164E1	2.754930E1	4.000211E3	6.592533E1	8.398075E1
6.220200E1	1.244040E5	-1.695130E1	-2.149849E1	2.737757E1	4.035060E3	6.895953E1	8.651759E1
6.220400E1	1.244080E5	-1.373435E1	-2.344185E1	2.716897E1	3.972417E3	7.217647E1	8.846096E1
6.220600E1	1.244120E5	-1.029633E1	-2.502330E1	2.705883E1	3.961932E3	7.561449E1	9.004241E1
6.220800E1	1.244160E5	-6.772621E0	-2.615407E1	2.701673E1	4.009644E3	7.913821E1	9.117318E1
6.221000E1	1.244200E5	-2.968500E0	-2.677219E1	2.693626E1	4.134802E3	8.294233E1	9.179130E1
6.221200E1	1.244240E5	9.532541E-1	-2.700962E1	2.702644E1	4.143993E3	8.686408E1	9.202873E1
6.221400E1	1.244280E5	4.825000E0	-2.668563E1	2.711832E1	4.007987E3	9.073583E1	9.170474E1
6.221600E1	1.244320E5	8.313538E0	-2.550575E1	2.682644E1	3.961834E3	9.422437E1	9.052486E1
6.221800E1	1.244360E5	1.175634E1	-2.400170E1	2.672626E1	4.020563E3	9.766717E1	8.902081E1
6.222000E1	1.244400E5	1.499967E1	-2.212487E1	2.673014E1	4.087088E3	1.009105E2	8.714398E1
6.222200E1	1.244440E5	1.816538E1	-1.986259E1	2.691660E1	4.088901E3	1.040762E2	8.488170E1
6.222400E1	1.244480E5	2.086965E1	-1.720905E1	2.704983E1	3.996182E3	1.067805E2	8.222815E1
6.222600E1	1.244520E5	2.297328E1	-1.411708E1	2.696412E1	4.030937E3	1.088841E2	7.913619E1
6.222800E1	1.244560E5	2.497922E1	-1.080178E1	2.721471E1	4.066299E3	1.108901E2	7.582089E1
6.223000E1	1.244600E5	2.641566E1	-7.229249E0	2.738703E1	4.027400E3	1.123265E2	7.224836E1
6.223200E1	1.244640E5	2.721054E1	-3.473943E0	2.743140E1	4.084680E3	1.131214E2	6.849305E1
6.223400E1	1.244680E5	2.755663E1	4.969704E-1	2.756111E1	4.105122E3	1.134675E2	6.452214E1
6.223600E1	1.244720E5	2.728851E1	4.392871E0	2.763983E1	4.044554E3	1.131993E2	6.062624E1
6.223800E1	1.244760E5	2.672935E1	8.279949E0	2.798242E1	3.883468E3	1.126402E2	5.673916E1
6.224000E1	1.244800E5	2.543991E1	1.168966E1	2.799709E1	3.793688E3	1.113507E2	5.332945E1
6.224200E1	1.244840E5	2.387538E1	1.514369E1	2.827304E1	3.838559E3	1.097862E2	4.987542E1
6.224400E1	1.244880E5	2.165159E1	1.818914E1	2.827783E1	3.779624E3	1.075624E2	4.682997E1
6.224600E1	1.244920E5	1.917258E1	2.092662E1	2.838153E1	3.727290E3	1.050834E2	4.409249E1
6.224800E1	1.244960E5	1.645668E1	2.345220E1	2.865009E1	3.758870E3	1.023675E2	4.156691E1
6.225000E1	1.245000E5	1.335716E1	2.570280E1	2.896631E1	3.745892E3	9.926798E1	3.931631E1
6.225200E1	1.245040E5	1.001353E1	2.740145E1	2.917380E1	3.630946E3	9.592436E1	3.761766E1
6.225400E1	1.245080E5	6.576030E0	2.862959E1	2.937512E1	3.706521E3	9.248686E1	3.638952E1
6.225600E1	1.245120E5	2.682506E0	2.920394E1	2.932688E1	3.811954E3	8.859333E1	3.581517E1
6.225800E1	1.245160E5	-1.175199E0	2.911123E1	2.913495E1	3.719403E3	8.473563E1	3.590787E1
6.226000E1	1.245200E5	-4.883503E0	2.878293E1	2.919427E1	3.621870E3	8.102733E1	3.623618E1
6.226200E1	1.245240E5	-8.410660E0	2.785883E1	2.910075E1	3.627792E3	7.750017E1	3.716028E1
6.226400E1	1.245280E5	-1.191631E1	2.658862E1	2.913680E1	3.661303E3	7.399452E1	3.843049E1
6.226600E1	1.245320E5	-1.513745E1	2.475594E1	2.901721E1	3.723404E3	7.077338E1	4.026317E1
6.226800E1	1.245360E5	-1.828801E1	2.255622E1	2.903850E1	3.784479E3	6.762282E1	4.246289E1
6.227000E1	1.245400E5	-2.105757E1	1.992546E1	2.899043E1	3.724495E3	6.485325E1	4.509365E1
6.227200E1	1.245440E5	-2.320348E1	1.690027E1	2.870576E1	3.775719E3	6.270735E1	4.811883E1
6.227400E1	1.245480E5	-2.527203E1	1.361600E1	2.870664E1	3.815541E3	6.063880E1	5.140311E1
6.227600E1	1.245520E5	-2.668866E1	1.014105E1	2.855040E1	3.807747E3	5.922217E1	5.487806E1
6.227800E1	1.245560E5	-2.765317E1	6.426852E0	2.839018E1	3.806561E3	5.825766E1	5.859226E1
6.228000E1	1.245600E5	-2.807228E1	2.742295E0	2.820590E1	3.795246E3	5.783855E1	6.227681E1
6.228200E1	1.245640E5	-2.793611E1	-1.022997E0	2.795483E1	3.866217E3	5.797472E1	6.604210E1
6.228400E1	1.245680E5	-2.729450E1	-4.756545E0	2.770585E1	3.921739E3	5.861633E1	6.977565E1
6.228600E1	1.245720E5	-2.654208E1	-8.513625E0	2.787407E1	3.871047E3	5.936875E1	7.353273E1
6.228800E1	1.245760E5	-2.500097E1	-1.185514E1	2.766935E1	3.903278E3	6.090985E1	7.687425E1
6.229000E1	1.245800E5	-2.300293E1	-1.516606E1	2.755257E1	3.957776E3	6.290789E1	8.018516E1
6.229200E1	1.245840E5	-2.060726E1	-1.804081E1	2.738850E1	3.898786E3	6.530357E1	8.305992E1
6.229400E1	1.245880E5	-1.794479E1	-2.063759E1	2.734823E1	3.874210E3	6.796603E1	8.565670E1
6.229600E1	1.245920E5	-1.485149E1	-2.260722E1	2.704909E1	3.883110E3	7.105934E1	8.762633E1
6.229800E1	1.245960E5	-1.156354E1	-2.427053E1	2.688445E1	3.947693E3	7.434729E1	8.928964E1
6.230000E1	1.246000E5	-8.061016E0	-2.554828E1	2.678983E1	4.019036E3	7.784981E1	9.056739E1
6.230200E1	1.246040E5	-4.359303E0	-2.633522E1	2.669358E1	3.994811E3	8.155152E1	9.135433E1
6.230400E1	1.246080E5	-7.124492E-1	-2.663312E1	2.664265E1	3.976787E3	8.519838E1	9.165223E1
6.230600E1	1.246120E5	3.009202E0	-2.637815E1	2.654924E1	3.994737E3	8.892003E1	9.139726E1
6.230800E1	1.246160E5	6.655178E0	-2.583292E1	2.667642E1	3.886161E3	9.256601E1	9.085203E1
6.231000E1	1.246200E5	1.004020E1	-2.478462E1	2.674103E1	3.901663E3	9.595103E1	8.980372E1
6.231200E1	1.246240E5	1.348166E1	-2.330086E1	2.691998E1	3.963328E3	9.939249E1	8.831997E1
6.231400E1	1.246280E5	1.652336E1	-2.122054E1	2.689485E1	3.935324E3	1.024342E2	8.623965E1
6.231600E1	1.246320E5	1.928824E1	-1.876055E1	2.690715E1	3.914278E3	1.051991E2	8.377966E1
6.231800E1	1.246360E5	2.173573E1	-1.604652E1	2.701727E1	3.880537E3	1.076466E2	8.106563E1
6.232000E1	1.246400E5	2.367242E1	-1.295130E1	2.698369E1	3.915631E3	1.095832E2	7.797040E1
6.232200E1	1.246440E5	2.526368E1	-9.583796E0	2.702042E1	4.056369E3	1.111745E2	7.460290E1
6.232400E1	1.246480E5	2.652735E1	-5.860480E0	2.716699E1	3.977953E3	1.124382E2	7.087959E1
6.232600E1	1.246520E5	2.719229E1	-2.313256E0	2.729051E1	3.893561E3	1.131031E2	6.733236E1
6.232800E1	1.246560E5	2.741714E1	1.492748E0	2.745775E1	3.971980E3	1.133280E2	6.352636E1
6.233000E1	1.246600E5	2.720521E1	5.300702E0	2.771680E1	3.825793E3	1.131160E2	5.971841E1
6.233200E1	1.246640E5	2.642836E1	8.801592E0	2.785545E1	3.734696E3	1.123392E2	5.621752E1
6.233400E1	1.246680E5	2.524307E1	1.229237E1	2.807695E1	3.757308E3	1.111539E2	5.272674E1
6.233600E1	1.246720E5	2.348438E1	1.551384E1	2.814597E1	3.820468E3	1.093952E2	4.950527E1
6.233800E1	1.246760E5	2.133445E1	1.870725E1	2.837463E1	3.797928E3	1.072453E2	4.631186E1
6.234000E1	1.246800E5	1.892965E1	2.150213E1	2.864739E1	3.674629E3	1.048405E2	4.351698E1
6.234200E1	1.246840E5	1.621558E1	2.399055E1	2.895672E1	3.616102E3	1.021264E2	4.102856E1
6.234400E1	1.246880E5	1.313355E1	2.589319E1	2.903356E1	3.554974E3	9.904437E1	3.912592E1
6.234600E1	1.246920E5	9.874986E0	2.737563E1	2.910225E1	3.692838E3	9.578581E1	3.764347E1
6.234800E1	1.246960E5	6.156430E0	2.865937E1	2.931316E1	3.741849E3	9.206726E1	3.635974E1
6.235000E1	1.247000E5	2.486727E0	2.919754E1	2.930324E1	3.643743E3	8.839756E1	3.582157E1
6.235200E1	1.247040E5	-1.244088E0	2.906130E1	2.908791E1	3.619569E3	8.466674E1	3.595781E1
6.235400E1	1.247080E5	-4.869324E0	2.875805E1	2.916737E1	3.572856E3	8.104150E1	3.626106E1
6.235600E1	1.247120E5	-8.374495E0	2.783824E1	2.907060E1	3.585256E3	7.753633E1	3.718087E1
6.235800E1	1.247160E5	-1.181534E1	2.659862E1	2.910479E1	3.552467E3	7.409548E1	3.842049E1
6.236000E1	1.247200E5	-1.496907E1	2.495948E1	2.910410E1	3.541960E3	7.094176E1	4.005962E1
6.236200E1	1.247240E5	-1.782456E1	2.271694E1	2.887515E1	3.632316E3	6.808627E1	4.230217E1
6.236400E1	1.247280E5	-2.049519E1	2.015335E1	2.874387E1	3.739291E3	6.541564E1	4.486576E1
6.236600E1	1.247320E5	-2.283522E1	1.715999E1	2.856419E1	3.761615E3	6.307561E1	4.785912E1
6.236800E1	1.247360E5	-2.470422E1	1.396087E1	2.837613E1	3.706384E3	6.120661E1	5.105823E1
6.237000E1	1.247400E5	-2.626605E1	1.066460E1	2.834852E1	3.706729E3	5.964478E1	5.435451E1
6.237200E1	1.247440E5	-2.739842E1	7.159629E0	2.831843E1	3.797512E3	5.851241E1	5.785948E1
6.237400E1	1.247480E5	-2.805272E1	3.398821E0	2.825786E1	3.733017E3	5.785811E1	6.162029E1
6.237600E1	1.247520E5	-2.798694E1	-1.403262E-1	2.798729E1	3.658961E3	5.792389E1	6.515943E1
6.237800E1	1.247560E5	-2.745515E1	-3.725575E0	2.770677E1	3.842721E3	5.845568E1	6.874468E1
6.238000E1	1.247600E5	-2.674217E1	-7.495820E0	2.777285E1	3.810196E3	5.916866E1	7.251493E1
6.238200E1	1.247640E5	-2.536385E1	-1.074983E1	2.754785E1	3.769796E3	6.054698E1	7.576894E1
6.238400E1	1.247680E5	-2.374721E1	-1.412101E1	2.762848E1	3.843162E3	6.216362E1	7.914011E1
6.238600E1	1.247720E5	-2.155882E1	-1.705125E1	2.748687E1	3.818816E3	6.435200E1	8.207036E1
6.238800E1	1.247760E5	-1.903312E1	-1.971805E1	2.740550E1	3.937388E3	6.687771E1	8.473716E1
6.239000E1	1.247800E5	-1.603579E1	-2.214496E1	2.734128E1	3.940822E3	6.987504E1	8.716407E1
6.239200E1	1.247840E5	-1.288783E1	-2.401143E1	2.725151E1	3.854614E3	7.302300E1	8.903054E1
6.239400E1	1.247880E5	-9.508564E0	-2.544412E1	2.716277E1	3.796663E3	7.640226E1	9.046323E1
6.239600E1	1.247920E5	-6.073828E0	-2.623041E1	2.692444E1	3.838348E3	7.983700E1	9.124952E1
6.239800E1	1.247960E5	-2.410063E0	-2.680600E1	2.691412E1	3.834153E3	8.350077E1	9.182510E1
6.240000E1	1.248000E5	1.082785E0	-2.696884E1	2.699056E1	3.838631E3	8.699361E1	9.198794E1
6.240200E1	1.248040E5	4.802901E0	-2.664801E1	2.707738E1	3.866319E3	9.071373E1	9.166712E1
6.240400E1	1.248080E5	8.182055E0	-2.553857E1	2.681724E1	3.816942E3	9.409288E1	9.055768E1
6.240600E1	1.248120E5	1.150309E1	-2.413324E1	2.673451E1	3.864971E3	9.741392E1	8.915235E1
6.240800E1	1.248160E5	1.465880E1	-2.238025E1	2.675361E1	3.846446E3	1.005696E2	8.739935E1
6.241000E1	1.248200E5	1.749608E1	-2.021901E1	2.673801E1	3.851710E3	1.034069E2	8.523812E1
6.241200E1	1.248240E5	2.009832E1	-1.769964E1	2.678096E1	3.846392E3	1.060092E2	8.271875E1
6.241400E1	1.248280E5	2.245877E1	-1.500300E1	2.700901E1	3.829036E3	1.083696E2	8.002211E1
6.241600E1	1.248320E5	2.433810E1	-1.189821E1	2.709078E1	3.859845E3	1.102489E2	7.691731E1
6.241800E1	1.248360E5	2.571437E1	-8.506454E0	2.708484E1	3.916308E3	1.116252E2	7.352556E1
6.242000E1	1.248400E5	2.665196E1	-4.885520E0	2.709603E1	3.818358E3	1.125628E2	6.990463E1
6.242200E1	1.248440E5	2.715358E1	-1.437822E0	2.719162E1	3.807228E3	1.130644E2	6.645693E1
6.242400E1	1.248480E5	2.727052E1	2.309839E0	2.736817E1	3.920612E3	1.131813E2	6.270927E1
6.242600E1	1.248520E5	2.698675E1	6.057669E0	2.765827E1	3.766414E3	1.128976E2	5.896144E1
6.242800E1	1.248560E5	2.620557E1	9.489963E0	2.787098E1	3.690179E3	1.121164E2	5.552915E1
6.243000E1	1.248600E5	2.497729E1	1.295369E1	2.813651E1	3.661265E3	1.108881E2	5.206542E1
6.243200E1	1.248640E5	2.338451E1	1.610310E1	2.839270E1	3.597163E3	1.092953E2	4.891601E1
6.243400E1	1.248680E5	2.117992E1	1.893753E1	2.841160E1	3.632296E3	1.070907E2	4.608158E1
6.243600E1	1.248720E5	1.873909E1	2.161878E1	2.860988E1	3.721268E3	1.046499E2	4.340033E1
6.243800E1	1.248760E5	1.578095E1	2.401124E1	2.873287E1	3.732034E3	1.016918E2	4.100786E1
6.244000E1	1.248800E5	1.259980E1	2.584427E1	2.875207E1	3.577197E3	9.851062E1	3.917484E1
6.244200E1	1.248840E5	9.427837E0	2.737206E1	2.895020E1	3.542458E3	9.533867E1	3.764705E1
6.244400E1	1.248880E5	5.992741E0	2.863400E1	2.925438E1	3.521969E3	9.190357E1	3.638511E1
6.244600E1	1.248920E5	2.508181E0	2.915194E1	2.925964E1	3.519011E3	8.841901E1	3.586716E1
6.244800E1	1.248960E5	-1.144827E0	2.906843E1	2.909097E1	3.554268E3	8.476600E1	3.595068E1
6.245000E1	1.249000E5	-4.708876E0	2.875680E1	2.913978E1	3.508788E3	8.120195E1	3.626231E1
6.245200E1	1.249040E5	-8.159076E0	2.791902E1	2.908680E1	3.546629E3	7.775175E1	3.710009E1
6.245400E1	1.249080E5	-1.160225E1	2.670109E1	2.911289E1	3.530427E3	7.430858E1	3.831801E1
6.245600E1	1.249120E5	-1.473094E1	2.509602E1	2.910001E1	3.484223E3	7.117988E1	3.992309E1
6.245800E1	1.249160E5	-1.758416E1	2.298003E1	2.893587E1	3.528116E3	6.832667E1	4.203908E1
6.246000E1	1.249200E5	-2.020666E1	2.054473E1	2.881658E1	3.560794E3	6.570417E1	4.447438E1
6.246200E1	1.249240E5	-2.261327E1	1.788059E1	2.882838E1	3.580034E3	6.329756E1	4.713852E1
6.246400E1	1.249280E5	-2.453821E1	1.483465E1	2.867386E1	3.599050E3	6.137262E1	5.018446E1
6.246600E1	1.249320E5	-2.605163E1	1.156499E1	2.850327E1	3.585579E3	5.985919E1	5.345412E1
6.246800E1	1.249360E5	-2.699773E1	8.157709E0	2.820329E1	3.636605E3	5.891310E1	5.686140E1
6.247000E1	1.249400E5	-2.767661E1	4.577485E0	2.805259E1	3.680095E3	5.823422E1	6.044162E1
6.247200E1	1.249440E5	-2.790521E1	1.019572E0	2.792383E1	3.676978E3	5.800562E1	6.399954E1
6.247400E1	1.249480E5	-2.771639E1	-2.579306E0	2.783615E1	3.683272E3	5.819444E1	6.759841E1
6.247600E1	1.249520E5	-2.693769E1	-6.041334E0	2.760683E1	3.719598E3	5.897313E1	7.106044E1
6.247800E1	1.249560E5	-2.584562E1	-9.506806E0	2.753861E1	3.672278E3	6.006521E1	7.452591E1
6.248000E1	1.249600E5	-2.432514E1	-1.257112E1	2.738149E1	3.566050E3	6.158568E1	7.759023E1
6.248200E1	1.249640E5	-2.252983E1	-1.546075E1	2.732449E1	3.628918E3	6.338100E1	8.047986E1
6.248400E1	1.249680E5	-2.026322E1	-1.814631E1	2.720086E1	3.727978E3	6.564761E1	8.316542E1
6.248600E1	1.249720E5	-1.769627E1	-2.062559E1	2.717670E1	3.772871E3	6.821455E1	8.564470E1
6.248800E1	1.249760E5	-1.468590E1	-2.255985E1	2.691881E1	3.786663E3	7.122493E1	8.757896E1
6.249000E1	1.249800E5	-1.152486E1	-2.418173E1	2.678765E1	3.852245E3	7.438597E1	8.920084E1
6.249200E1	1.249840E5	-8.123440E0	-2.552461E1	2.678612E1	3.777568E3	7.778739E1	9.054372E1
6.249400E1	1.249880E5	-4.799274E0	-2.622160E1	2.665719E1	3.792769E3	8.111155E1	9.124071E1
6.249600E1	1.249920E5	-1.157420E0	-2.669027E1	2.671535E1	3.814035E3	8.475341E1	9.170938E1
6.249800E1	1.249960E5	2.260319E0	-2.645097E1	2.654737E1	3.782126E3	8.817115E1	9.147008E1
6.250000E1	1.250000E5	5.827531E0	-2.597411E1	2.661981E1	3.786986E3	9.173836E1	9.099322E1
6.250200E1	1.250040E5	9.140142E0	-2.506851E1	2.668281E1	3.791155E3	9.505097E1	9.008762E1
6.250400E1	1.250080E5	1.249012E1	-2.367954E1	2.677169E1	3.863176E3	9.840094E1	8.869865E1
6.250600E1	1.250120E5	1.546846E1	-2.169809E1	2.664733E1	3.765300E3	1.013793E2	8.671719E1
6.250800E1	1.250160E5	1.828254E1	-1.969416E1	2.687212E1	3.798658E3	1.041934E2	8.471327E1
6.251000E1	1.250200E5	2.071680E1	-1.696887E1	2.677925E1	3.799132E3	1.066276E2	8.198798E1
6.251200E1	1.250240E5	2.275668E1	-1.418255E1	2.681439E1	3.731665E3	1.086675E2	7.920166E1
6.251400E1	1.250280E5	2.442557E1	-1.107675E1	2.681982E1	3.806980E3	1.103364E2	7.609586E1
6.251600E1	1.250320E5	2.581941E1	-7.748305E0	2.695697E1	3.723253E3	1.117302E2	7.276741E1
6.251800E1	1.250360E5	2.656862E1	-4.446446E0	2.693813E1	3.712262E3	1.124795E2	6.946555E1
6.252000E1	1.250400E5	2.715103E1	-8.794637E-1	2.716527E1	3.750801E3	1.130619E2	6.589857E1
6.252200E1	1.250440E5	2.722689E1	2.622802E0	2.735293E1	3.792042E3	1.131377E2	6.239631E1
6.252400E1	1.250480E5	2.677060E1	6.334676E0	2.750987E1	3.895459E3	1.126814E2	5.868443E1
6.252600E1	1.250520E5	2.587338E1	9.975527E0	2.772982E1	3.703896E3	1.117842E2	5.504358E1
6.252800E1	1.250560E5	2.450586E1	1.310058E1	2.778782E1	3.543244E3	1.104167E2	5.191852E1
6.253000E1	1.250600E5	2.283288E1	1.614099E1	2.796197E1	3.581804E3	1.087437E2	4.887811E1
6.253200E1	1.250640E5	2.066016E1	1.890220E1	2.800242E1	3.589977E3	1.065710E2	4.611691E1
6.253400E1	1.250680E5	1.829963E1	2.151501E1	2.824486E1	3.576087E3	1.042105E2	4.350410E1
6.253600E1	1.250720E5	1.566327E1	2.389961E1	2.857498E1	3.549260E3	1.015741E2	4.111950E1
6.253800E1	1.250760E5	1.267099E1	2.576692E1	2.871391E1	3.511071E3	9.858182E1	3.925218E1
6.254000E1	1.250800E5	9.497725E0	2.728043E1	2.888647E1	3.443769E3	9.540855E1	3.773868E1
6.254200E1	1.250840E5	6.205121E0	2.819725E1	2.887193E1	3.368244E3	9.211595E1	3.682186E1
6.254400E1	1.250880E5	2.874224E0	2.868119E1	2.882485E1	3.472661E3	8.878505E1	3.633792E1
6.254600E1	1.250920E5	-7.498457E-1	2.902493E1	2.903462E1	3.449378E3	8.516098E1	3.599418E1
6.254800E1	1.250960E5	-4.090248E0	2.883032E1	2.911902E1	3.313266E3	8.182058E1	3.618879E1
6.255000E1	1.251000E5	-7.379672E0	2.806388E1	2.901794E1	3.408238E3	7.853116E1	3.695522E1
6.255200E1	1.251040E5	-1.073570E1	2.696694E1	2.902535E1	3.434250E3	7.517513E1	3.805217E1
6.255400E1	1.251080E5	-1.379060E1	2.543093E1	2.892944E1	3.369823E3	7.212023E1	3.958818E1
6.255600E1	1.251120E5	-1.669681E1	2.368056E1	2.897503E1	3.417111E3	6.921402E1	4.133855E1
6.255800E1	1.251160E5	-1.939749E1	2.143874E1	2.891163E1	3.480267E3	6.651333E1	4.358037E1
6.256000E1	1.251200E5	-2.181511E1	1.889141E1	2.885801E1	3.500882E3	6.409571E1	4.612770E1
6.256200E1	1.251240E5	-2.373765E1	1.592584E1	2.858511E1	3.534420E3	6.217318E1	4.909327E1
6.256400E1	1.251280E5	-2.542737E1	1.281877E1	2.847581E1	3.594798E3	6.048346E1	5.220034E1
6.256600E1	1.251320E5	-2.678069E1	9.472440E0	2.840656E1	3.533102E3	5.913014E1	5.554667E1
6.256800E1	1.251360E5	-2.753803E1	6.166461E0	2.822000E1	3.568411E3	5.837279E1	5.885265E1
6.257000E1	1.251400E5	-2.803989E1	2.554421E0	2.815601E1	3.627464E3	5.787093E1	6.246469E1
6.257200E1	1.251440E5	-2.784061E1	-9.177789E-1	2.785574E1	3.583460E3	5.807022E1	6.593689E1
6.257400E1	1.251480E5	-2.739653E1	-4.402236E0	2.774797E1	3.584607E3	5.851429E1	6.942134E1
6.257600E1	1.251520E5	-2.652630E1	-7.719921E0	2.762683E1	3.660518E3	5.938453E1	7.273903E1
6.257800E1	1.251560E5	-2.532402E1	-1.115374E1	2.767150E1	3.664427E3	6.058681E1	7.617285E1
6.258000E1	1.251600E5	-2.368667E1	-1.416733E1	2.760020E1	3.602770E3	6.222416E1	7.918643E1
6.258200E1	1.251640E5	-2.158562E1	-1.697507E1	2.746073E1	3.636261E3	6.432521E1	8.199418E1
6.258400E1	1.251680E5	-1.924112E1	-1.953163E1	2.741724E1	3.586497E3	6.666971E1	8.455074E1
6.258600E1	1.251720E5	-1.656115E1	-2.160455E1	2.722183E1	3.570331E3	6.934968E1	8.662366E1
6.258800E1	1.251760E5	-1.363013E1	-2.333509E1	2.702419E1	3.667761E3	7.228070E1	8.835420E1
6.259000E1	1.251800E5	-1.044828E1	-2.485398E1	2.696084E1	3.737462E3	7.546255E1	8.987309E1
6.259200E1	1.251840E5	-7.151255E0	-2.606988E1	2.703292E1	3.688542E3	7.875957E1	9.108898E1
6.259400E1	1.251880E5	-3.771570E0	-2.667711E1	2.694240E1	3.667777E3	8.213926E1	9.169622E1
6.259600E1	1.251920E5	-3.123558E-1	-2.677270E1	2.677452E1	3.723554E3	8.559847E1	9.179181E1
6.259800E1	1.251960E5	3.203160E0	-2.667576E1	2.686738E1	3.748032E3	8.911399E1	9.169486E1
6.260000E1	1.252000E5	6.618023E0	-2.591876E1	2.675033E1	3.635818E3	9.252885E1	9.093787E1
6.260200E1	1.252040E5	9.798458E0	-2.501502E1	2.686561E1	3.596919E3	9.570929E1	9.003413E1
6.260400E1	1.252080E5	1.287015E1	-2.349674E1	2.679063E1	3.687408E3	9.878098E1	8.851585E1
6.260600E1	1.252120E5	1.569818E1	-2.149600E1	2.661787E1	3.753508E3	1.016090E2	8.651511E1
6.260800E1	1.252160E5	1.837749E1	-1.921389E1	2.658770E1	3.769432E3	1.042883E2	8.423300E1
6.261000E1	1.252200E5	2.079780E1	-1.671123E1	2.667984E1	3.648546E3	1.067086E2	8.173034E1
6.261200E1	1.252240E5	2.272882E1	-1.402688E1	2.670866E1	3.626651E3	1.086397E2	7.904599E1
6.261400E1	1.252280E5	2.441273E1	-1.101026E1	2.678073E1	3.753510E3	1.103236E2	7.602937E1
6.261600E1	1.252320E5	2.576752E1	-7.714150E0	2.689746E1	3.663087E3	1.116784E2	7.273326E1
6.261800E1	1.252360E5	2.651521E1	-4.495786E0	2.689365E1	3.667459E3	1.124260E2	6.951489E1
6.262000E1	1.252400E5	2.706531E1	-9.435060E-1	2.708175E1	3.730383E3	1.129761E2	6.596261E1
6.262200E1	1.252440E5	2.720748E1	2.523133E0	2.732423E1	3.670466E3	1.131183E2	6.249598E1
6.262400E1	1.252480E5	2.691822E1	6.059037E0	2.759171E1	3.610744E3	1.128290E2	5.896007E1
6.262600E1	1.252520E5	2.613235E1	9.377963E0	2.776411E1	3.593164E3	1.120432E2	5.564115E1
6.262800E1	1.252560E5	2.500300E1	1.277155E1	2.807601E1	3.594906E3	1.109138E2	5.224756E1
6.263000E1	1.252600E5	2.343659E1	1.588021E1	2.830998E1	3.532257E3	1.093474E2	4.913889E1
6.263200E1	1.252640E5	2.136736E1	1.869715E1	2.839274E1	3.517497E3	1.072782E2	4.632195E1
6.263400E1	1.252680E5	1.904378E1	2.129247E1	2.856633E1	3.389540E3	1.049546E2	4.372664E1
6.263600E1	1.252720E5	1.654319E1	2.340388E1	2.866040E1	3.454245E3	1.024540E2	4.161523E1
6.263800E1	1.252760E5	1.355037E1	2.549295E1	2.887046E1	3.571912E3	9.946120E1	3.952616E1
6.264000E1	1.252800E5	1.039088E1	2.711556E1	2.903832E1	3.394895E3	9.630171E1	3.790355E1
6.264200E1	1.252840E5	7.231821E0	2.814042E1	2.905482E1	3.287924E3	9.314265E1	3.687869E1
6.264400E1	1.252880E5	3.953690E0	2.880472E1	2.907479E1	3.326905E3	8.986452E1	3.621439E1
6.264600E1	1.252920E5	5.601287E-1	2.904069E1	2.904609E1	3.353121E3	8.647096E1	3.597841E1
6.264800E1	1.252960E5	-2.836884E0	2.894841E1	2.908708E1	3.313901E3	8.307394E1	3.607070E1
6.265000E1	1.253000E5	-6.099091E0	2.832754E1	2.897669E1	3.386703E3	7.981174E1	3.669156E1
6.265200E1	1.253040E5	-9.585963E0	2.761431E1	2.923082E1	3.426589E3	7.632487E1	3.740480E1
6.265400E1	1.253080E5	-1.274070E1	2.628864E1	2.921333E1	3.365122E3	7.317012E1	3.873046E1
6.265600E1	1.253120E5	-1.561334E1	2.440987E1	2.897617E1	3.334881E3	7.029749E1	4.060924E1
6.265800E1	1.253160E5	-1.834581E1	2.249697E1	2.902899E1	3.349991E3	6.756502E1	4.252214E1
6.266000E1	1.253200E5	-2.083731E1	2.011937E1	2.896520E1	3.419503E3	6.507351E1	4.489974E1
6.266200E1	1.253240E5	-2.287491E1	1.731614E1	2.868990E1	3.356845E3	6.303592E1	4.770296E1
6.266400E1	1.253280E5	-2.463313E1	1.454964E1	2.860915E1	3.351813E3	6.127770E1	5.046947E1
6.266600E1	1.253320E5	-2.611332E1	1.147285E1	2.852248E1	3.442082E3	5.979751E1	5.354626E1
6.266800E1	1.253360E5	-2.726669E1	8.232316E0	2.848233E1	3.584948E3	5.864414E1	5.678679E1
6.267000E1	1.253400E5	-2.794976E1	4.616240E0	2.832841E1	3.575633E3	5.796107E1	6.040287E1
6.267200E1	1.253440E5	-2.800929E1	1.221689E0	2.803593E1	3.512233E3	5.790153E1	6.379742E1
6.267400E1	1.253480E5	-2.772985E1	-2.265438E0	2.782224E1	3.483784E3	5.818098E1	6.728455E1
6.267600E1	1.253520E5	-2.717972E1	-5.498974E0	2.773041E1	3.432818E3	5.873111E1	7.051808E1
6.267800E1	1.253560E5	-2.623011E1	-8.726500E0	2.764363E1	3.601207E3	5.968072E1	7.374561E1
6.268000E1	1.253600E5	-2.491280E1	-1.206610E1	2.768101E1	3.672516E3	6.099803E1	7.708521E1
6.268200E1	1.253640E5	-2.305119E1	-1.502221E1	2.751407E1	3.660361E3	6.285964E1	8.004132E1
6.268400E1	1.253680E5	-2.077533E1	-1.773372E1	2.731481E1	3.648604E3	6.513550E1	8.275283E1
6.268600E1	1.253720E5	-1.840549E1	-2.021763E1	2.734071E1	3.528822E3	6.750534E1	8.523674E1
6.268800E1	1.253760E5	-1.578512E1	-2.221116E1	2.724896E1	3.531545E3	7.012571E1	8.723027E1
6.269000E1	1.253800E5	-1.283388E1	-2.394757E1	2.716973E1	3.635839E3	7.307695E1	8.896667E1
6.269200E1	1.253840E5	-9.655288E0	-2.534115E1	2.711824E1	3.602586E3	7.625554E1	9.036026E1
6.269400E1	1.253880E5	-6.426329E0	-2.620831E1	2.698468E1	3.498398E3	7.948450E1	9.122742E1
6.269600E1	1.253920E5	-3.223404E0	-2.677840E1	2.697171E1	3.466899E3	8.268742E1	9.179751E1
6.269800E1	1.253960E5	4.258183E-2	-2.699495E1	2.699498E1	3.588475E3	8.595341E1	9.201405E1
6.270000E1	1.254000E5	3.525414E0	-2.681419E1	2.704495E1	3.618958E3	8.943624E1	9.183330E1
6.270200E1	1.254040E5	6.820429E0	-2.624748E1	2.711915E1	3.490011E3	9.273126E1	9.126658E1
6.270400E1	1.254080E5	9.870376E0	-2.512156E1	2.699106E1	3.508247E3	9.578120E1	9.014067E1
6.270600E1	1.254120E5	1.284663E1	-2.356318E1	2.683765E1	3.622688E3	9.875746E1	8.858229E1
6.270800E1	1.254160E5	1.563121E1	-2.156129E1	2.663126E1	3.697405E3	1.015420E2	8.658040E1
6.271000E1	1.254200E5	1.825640E1	-1.931315E1	2.657619E1	3.706080E3	1.041672E2	8.433226E1
6.271200E1	1.254240E5	2.064863E1	-1.686153E1	2.665852E1	3.607917E3	1.065595E2	8.188063E1
6.271400E1	1.254280E5	2.260757E1	-1.422546E1	2.671079E1	3.577976E3	1.085184E2	7.924457E1
6.271600E1	1.254320E5	2.427954E1	-1.128200E1	2.677274E1	3.672119E3	1.101904E2	7.630111E1
6.271800E1	1.254360E5	2.563803E1	-8.079230E0	2.688089E1	3.603613E3	1.115489E2	7.309834E1
6.272000E1	1.254400E5	2.648654E1	-4.913047E0	2.693835E1	3.505023E3	1.123974E2	6.993216E1
6.272200E1	1.254440E5	2.700610E1	-1.638018E0	2.705573E1	3.635664E3	1.129169E2	6.665713E1
6.272400E1	1.254480E5	2.731096E1	1.926137E0	2.737880E1	3.588996E3	1.132218E2	6.309297E1
6.272600E1	1.254520E5	2.702517E1	5.196909E0	2.752031E1	3.450832E3	1.129360E2	5.982220E1
6.272800E1	1.254560E5	2.633919E1	8.475608E0	2.766927E1	3.545562E3	1.122500E2	5.654350E1
6.273000E1	1.254600E5	2.524904E1	1.180994E1	2.787452E1	3.545851E3	1.111599E2	5.320917E1
6.273200E1	1.254640E5	2.381754E1	1.489494E1	2.809154E1	3.516399E3	1.097284E2	5.012417E1
6.273400E1	1.254680E5	2.180310E1	1.773969E1	2.810821E1	3.528786E3	1.077139E2	4.727942E1
6.273600E1	1.254720E5	1.955913E1	2.035056E1	2.822596E1	3.484497E3	1.054700E2	4.466855E1
6.273800E1	1.254760E5	1.717438E1	2.284992E1	2.858458E1	3.355572E3	1.030852E2	4.216919E1
6.274000E1	1.254800E5	1.457138E1	2.479499E1	2.875963E1	3.298456E3	1.004822E2	4.022412E1
6.274200E1	1.254840E5	1.163428E1	2.645932E1	2.890419E1	3.336351E3	9.754511E1	3.855979E1
6.274400E1	1.254880E5	8.561920E0	2.783742E1	2.912437E1	3.288213E3	9.447275E1	3.718168E1
6.274600E1	1.254920E5	5.358849E0	2.868333E1	2.917963E1	3.288119E3	9.126968E1	3.633578E1
6.274800E1	1.254960E5	2.013098E0	2.920035E1	2.926966E1	3.201004E3	8.792393E1	3.581876E1
6.275000E1	1.255000E5	-1.126230E0	2.903178E1	2.905362E1	3.238482E3	8.478460E1	3.598733E1
6.275200E1	1.255040E5	-4.558574E0	2.874876E1	2.910794E1	3.324718E3	8.135225E1	3.627035E1
6.275400E1	1.255080E5	-7.803726E0	2.810041E1	2.916387E1	3.219369E3	7.810710E1	3.691870E1
6.275600E1	1.255120E5	-1.081708E1	2.692514E1	2.901676E1	3.196075E3	7.509375E1	3.809397E1
6.275800E1	1.255160E5	-1.374133E1	2.551537E1	2.898031E1	3.228420E3	7.216950E1	3.950374E1
6.276000E1	1.255200E5	-1.653928E1	2.379575E1	2.897905E1	3.290703E3	6.937155E1	4.122336E1
6.276200E1	1.255240E5	-1.915522E1	2.167576E1	2.892682E1	3.358439E3	6.675561E1	4.334335E1
6.276400E1	1.255280E5	-2.156810E1	1.926037E1	2.891616E1	3.394507E3	6.434273E1	4.575874E1
6.276600E1	1.255320E5	-2.353953E1	1.645467E1	2.872048E1	3.298000E3	6.237130E1	4.856444E1
6.276800E1	1.255360E5	-2.521387E1	1.373161E1	2.871056E1	3.280122E3	6.069696E1	5.128750E1
6.277000E1	1.255400E5	-2.659817E1	1.065679E1	2.865361E1	3.363473E3	5.931266E1	5.436232E1
6.277200E1	1.255440E5	-2.750619E1	7.431553E0	2.849243E1	3.352788E3	5.840464E1	5.758756E1
6.277400E1	1.255480E5	-2.792756E1	4.135333E0	2.823206E1	3.433034E3	5.798327E1	6.088378E1
6.277600E1	1.255520E5	-2.798992E1	6.776649E-1	2.799813E1	3.451246E3	5.792090E1	6.434144E1
6.277800E1	1.255560E5	-2.770583E1	-2.610287E0	2.782852E1	3.374179E3	5.820500E1	6.762940E1
6.278000E1	1.255600E5	-2.693925E1	-5.780093E0	2.755236E1	3.539286E3	5.897158E1	7.079920E1
6.278200E1	1.255640E5	-2.590877E1	-9.194805E0	2.749198E1	3.566306E3	6.000205E1	7.421391E1
6.278400E1	1.255680E5	-2.450563E1	-1.215139E1	2.735292E1	3.449762E3	6.140519E1	7.717050E1
6.278600E1	1.255720E5	-2.283849E1	-1.502400E1	2.733711E1	3.517016E3	6.307233E1	8.004311E1
6.278800E1	1.255760E5	-2.074811E1	-1.768495E1	2.726246E1	3.437384E3	6.516271E1	8.270406E1
6.279000E1	1.255800E5	-1.842187E1	-1.981592E1	2.705616E1	3.440989E3	6.748896E1	8.483503E1
6.279200E1	1.255840E5	-1.588815E1	-2.203517E1	2.716583E1	3.576813E3	7.002268E1	8.705428E1
6.279400E1	1.255880E5	-1.298563E1	-2.381257E1	2.712315E1	3.625485E3	7.292519E1	8.883168E1
6.279600E1	1.255920E5	-9.844576E0	-2.526173E1	2.711218E1	3.577687E3	7.606625E1	9.028083E1
6.279800E1	1.255960E5	-6.662791E0	-2.615047E1	2.698592E1	3.439755E3	7.924804E1	9.116958E1
6.280000E1	1.256000E5	-3.539371E0	-2.676865E1	2.700163E1	3.441430E3	8.237146E1	9.178776E1
6.280200E1	1.256040E5	-2.499876E-1	-2.710853E1	2.710968E1	3.373759E3	8.566084E1	9.212764E1
6.280400E1	1.256080E5	2.817778E0	-2.697678E1	2.712354E1	3.366710E3	8.872861E1	9.199589E1
6.280600E1	1.256120E5	6.037595E0	-2.628039E1	2.696500E1	3.574636E3	9.194842E1	9.129949E1
6.280800E1	1.256160E5	9.328497E0	-2.527027E1	2.693710E1	3.587230E3	9.523932E1	9.028938E1
6.281000E1	1.256200E5	1.230334E1	-2.385014E1	2.683656E1	3.517856E3	9.821416E1	8.886924E1
6.281200E1	1.256240E5	1.519274E1	-2.224420E1	2.693740E1	3.526447E3	1.011036E2	8.726331E1
6.281400E1	1.256280E5	1.779774E1	-2.019241E1	2.691641E1	3.461087E3	1.037086E2	8.521152E1
6.281600E1	1.256320E5	2.000960E1	-1.790489E1	2.685086E1	3.468221E3	1.059204E2	8.292399E1
6.281800E1	1.256360E5	2.219010E1	-1.538460E1	2.700160E1	3.568461E3	1.081009E2	8.040370E1
6.282000E1	1.256400E5	2.393055E1	-1.248338E1	2.699086E1	3.650336E3	1.098414E2	7.750249E1
6.282200E1	1.256440E5	2.544618E1	-9.328385E0	2.710215E1	3.592501E3	1.113570E2	7.434749E1
6.282400E1	1.256480E5	2.638096E1	-6.177305E0	2.709454E1	3.421193E3	1.122918E2	7.119641E1
6.282600E1	1.256520E5	2.704123E1	-3.056005E0	2.721337E1	3.421867E3	1.129521E2	6.807511E1
6.282800E1	1.256560E5	2.745828E1	2.437744E-1	2.745937E1	3.421692E3	1.133691E2	6.477533E1
6.283000E1	1.256600E5	2.720348E1	3.455399E0	2.742206E1	3.494344E3	1.131143E2	6.156371E1
6.283200E1	1.256640E5	2.674386E1	6.909478E0	2.762200E1	3.541801E3	1.126547E2	5.810963E1
6.283400E1	1.256680E5	2.575304E1	1.009571E1	2.766120E1	3.387685E3	1.116639E2	5.492340E1
6.283600E1	1.256720E5	2.445831E1	1.302486E1	2.771021E1	3.348174E3	1.103691E2	5.199425E1
6.283800E1	1.256760E5	2.289863E1	1.591430E1	2.788570E1	3.420931E3	1.088095E2	4.910481E1
6.284000E1	1.256800E5	2.085580E1	1.859523E1	2.794185E1	3.464576E3	1.067666E2	4.642388E1
6.284200E1	1.256840E5	1.861875E1	2.116136E1	2.818618E1	3.335748E3	1.045296E2	4.385775E1
6.284400E1	1.256880E5	1.621719E1	2.321525E1	2.831863E1	3.172934E3	1.021280E2	4.180386E1
6.284600E1	1.256920E5	1.363467E1	2.495478E1	2.843669E1	3.223787E3	9.954550E1	4.006433E1
6.284800E1	1.256960E5	1.072810E1	2.649788E1	2.858723E1	3.301614E3	9.663893E1	3.852123E1
6.285000E1	1.257000E5	7.681990E0	2.780467E1	2.884636E1	3.275692E3	9.359282E1	3.721444E1
6.285200E1	1.257040E5	4.501191E0	2.861786E1	2.896968E1	3.238625E3	9.041202E1	3.640125E1
6.285400E1	1.257080E5	1.267225E0	2.913936E1	2.916691E1	3.152152E3	8.717805E1	3.587974E1
6.285600E1	1.257120E5	-1.863802E0	2.905767E1	2.911738E1	3.051435E3	8.404703E1	3.596144E1
6.285800E1	1.257160E5	-4.913867E0	2.870024E1	2.911786E1	3.056058E3	8.099696E1	3.631887E1
6.286000E1	1.257200E5	-7.985514E0	2.804407E1	2.915884E1	3.122883E3	7.792531E1	3.697504E1
6.286200E1	1.257240E5	-1.097274E1	2.687832E1	2.903179E1	3.143405E3	7.493808E1	3.814079E1
6.286400E1	1.257280E5	-1.378137E1	2.541611E1	2.891202E1	3.177403E3	7.212946E1	3.960299E1
6.286600E1	1.257320E5	-1.657286E1	2.374185E1	2.895402E1	3.241645E3	6.933796E1	4.127726E1
6.286800E1	1.257360E5	-1.910678E1	2.164615E1	2.887257E1	3.303913E3	6.680404E1	4.337296E1
6.287000E1	1.257400E5	-2.155233E1	1.931581E1	2.894138E1	3.255113E3	6.435850E1	4.570330E1
6.287200E1	1.257440E5	-2.349777E1	1.678873E1	2.887918E1	3.235427E3	6.241305E1	4.823038E1
6.287400E1	1.257480E5	-2.513506E1	1.389012E1	2.871771E1	3.337414E3	6.077576E1	5.112898E1
6.287600E1	1.257520E5	-2.653121E1	1.082473E1	2.865449E1	3.272107E3	5.937962E1	5.419438E1
6.287800E1	1.257560E5	-2.744405E1	7.785270E0	2.852694E1	3.290050E3	5.846678E1	5.723384E1
6.288000E1	1.257600E5	-2.798018E1	4.449278E0	2.833172E1	3.302782E3	5.793065E1	6.056983E1
6.288200E1	1.257640E5	-2.796438E1	1.282736E0	2.799378E1	3.361021E3	5.794645E1	6.373637E1
6.288400E1	1.257680E5	-2.770724E1	-2.136248E0	2.778947E1	3.377666E3	5.820359E1	6.715536E1
6.288600E1	1.257720E5	-2.720132E1	-5.230432E0	2.769962E1	3.306850E3	5.870951E1	7.024954E1
6.288800E1	1.257760E5	-2.642885E1	-8.402120E0	2.773229E1	3.301946E3	5.948198E1	7.342123E1
6.289000E1	1.257800E5	-2.519069E1	-1.126418E1	2.759443E1	3.307455E3	6.072014E1	7.628328E1
6.289200E1	1.257840E5	-2.363489E1	-1.412617E1	2.753464E1	3.432986E3	6.227594E1	7.914528E1
6.289400E1	1.257880E5	-2.161565E1	-1.678135E1	2.736512E1	3.484213E3	6.429518E1	8.180046E1
6.289600E1	1.257920E5	-1.942513E1	-1.929193E1	2.737726E1	3.446167E3	6.648570E1	8.431104E1
6.289800E1	1.257960E5	-1.690342E1	-2.133348E1	2.721843E1	3.435597E3	6.900741E1	8.635259E1
6.290000E1	1.258000E5	-1.413642E1	-2.310951E1	2.709036E1	3.393284E3	7.177441E1	8.812862E1
6.290200E1	1.258040E5	-1.137670E1	-2.460097E1	2.710419E1	3.327442E3	7.453413E1	8.962008E1
6.290400E1	1.258080E5	-8.360299E0	-2.551058E1	2.684556E1	3.372860E3	7.755053E1	9.052969E1
6.290600E1	1.258120E5	-5.256418E0	-2.624214E1	2.676341E1	3.400456E3	8.065441E1	9.126125E1
6.290800E1	1.258160E5	-2.120955E0	-2.669241E1	2.677655E1	3.381376E3	8.378987E1	9.171152E1
6.291000E1	1.258200E5	1.018269E0	-2.652078E1	2.654032E1	3.511149E3	8.692910E1	9.153989E1
6.291200E1	1.258240E5	4.382269E0	-2.618328E1	2.654748E1	3.585679E3	9.029310E1	9.120239E1
6.291400E1	1.258280E5	7.596328E0	-2.557671E1	2.668093E1	3.452878E3	9.350716E1	9.059581E1
6.291600E1	1.258320E5	1.051423E1	-2.439854E1	2.656761E1	3.423090E3	9.642505E1	8.941765E1
6.291800E1	1.258360E5	1.336528E1	-2.293265E1	2.654312E1	3.446697E3	9.927611E1	8.795176E1
6.292000E1	1.258400E5	1.611463E1	-2.130755E1	2.671503E1	3.447280E3	1.020255E2	8.632665E1
6.292200E1	1.258440E5	1.862614E1	-1.927244E1	2.680224E1	3.402957E3	1.045370E2	8.429155E1
6.292400E1	1.258480E5	2.069193E1	-1.692916E1	2.673485E1	3.358427E3	1.066028E2	8.194826E1
6.292600E1	1.258520E5	2.255040E1	-1.439016E1	2.675065E1	3.430451E3	1.084612E2	7.940926E1
6.292800E1	1.258560E5	2.414197E1	-1.154959E1	2.676243E1	3.558095E3	1.100528E2	7.656870E1
6.293000E1	1.258600E5	2.551574E1	-8.443915E0	2.687662E1	3.537343E3	1.114266E2	7.346302E1
6.293200E1	1.258640E5	2.639261E1	-5.329942E0	2.692542E1	3.391654E3	1.123034E2	7.034905E1
6.293400E1	1.258680E5	2.701667E1	-2.242205E0	2.710956E1	3.357917E3	1.129275E2	6.726131E1
6.293600E1	1.258720E5	2.736962E1	9.626746E-1	2.738655E1	3.334289E3	1.132804E2	6.405643E1
6.293800E1	1.258760E5	2.722588E1	4.114057E0	2.753496E1	3.292575E3	1.131367E2	6.090505E1
6.294000E1	1.258800E5	2.669461E1	7.245131E0	2.766034E1	3.286396E3	1.126054E2	5.777398E1
6.294200E1	1.258840E5	2.570800E1	1.025044E1	2.767621E1	3.251129E3	1.116188E2	5.476867E1
6.294400E1	1.258880E5	2.439322E1	1.307364E1	2.767579E1	3.275011E3	1.103040E2	5.194547E1
6.294600E1	1.258920E5	2.285075E1	1.590446E1	2.784078E1	3.387642E3	1.087616E2	4.911464E1
6.294800E1	1.258960E5	2.084421E1	1.859751E1	2.793472E1	3.419685E3	1.067550E2	4.642160E1
6.295000E1	1.259000E5	1.864191E1	2.108361E1	2.814320E1	3.283775E3	1.045527E2	4.393549E1
6.295200E1	1.259040E5	1.627750E1	2.313901E1	2.829082E1	3.153997E3	1.021883E2	4.188010E1
6.295400E1	1.259080E5	1.371863E1	2.488535E1	2.841622E1	3.197521E3	9.962946E1	4.013375E1
6.295600E1	1.259120E5	1.086379E1	2.644265E1	2.858733E1	3.251030E3	9.677462E1	3.857646E1
6.295800E1	1.259160E5	7.910726E0	2.783967E1	2.894178E1	3.045458E3	9.382155E1	3.717944E1
6.296000E1	1.259200E5	5.127624E0	2.863242E1	2.908793E1	2.990880E3	9.103845E1	3.638669E1
6.296200E1	1.259240E5	1.986985E0	2.915260E1	2.922024E1	3.072121E3	8.789781E1	3.586651E1
6.296400E1	1.259280E5	-1.086017E0	2.912694E1	2.914717E1	3.005522E3	8.482481E1	3.589217E1
6.296600E1	1.259320E5	-4.094167E0	2.868475E1	2.897546E1	3.183266E3	8.181666E1	3.633436E1
6.296800E1	1.259360E5	-7.465004E0	2.811797E1	2.909204E1	3.280718E3	7.844582E1	3.690113E1
6.297000E1	1.259400E5	-1.051020E1	2.703277E1	2.900405E1	3.160341E3	7.540063E1	3.798634E1
6.297200E1	1.259440E5	-1.338761E1	2.570667E1	2.898381E1	3.132219E3	7.252322E1	3.931243E1
6.297400E1	1.259480E5	-1.613069E1	2.411877E1	2.901576E1	3.161193E3	6.978014E1	4.090034E1
6.297600E1	1.259520E5	-1.868143E1	2.214211E1	2.897013E1	3.148428E3	6.722940E1	4.287700E1
6.297800E1	1.259560E5	-2.085380E1	1.988074E1	2.881188E1	3.085223E3	6.505703E1	4.513837E1
6.298000E1	1.259600E5	-2.273765E1	1.745011E1	2.866194E1	3.045693E3	6.317318E1	4.756900E1
6.298200E1	1.259640E5	-2.443814E1	1.494570E1	2.864606E1	3.148215E3	6.147269E1	5.007341E1
6.298400E1	1.259680E5	-2.582422E1	1.199363E1	2.847345E1	3.234309E3	6.008661E1	5.302548E1
6.298600E1	1.259720E5	-2.681396E1	8.977854E0	2.827703E1	3.212545E3	5.909686E1	5.604125E1
6.298800E1	1.259760E5	-2.752960E1	5.882512E0	2.815107E1	3.241213E3	5.838123E1	5.913660E1
6.299000E1	1.259800E5	-2.791522E1	2.710910E0	2.804654E1	3.214090E3	5.799561E1	6.230820E1
6.299200E1	1.259840E5	-2.789434E1	-3.869787E-1	2.789703E1	3.156915E3	5.801648E1	6.540609E1
6.299400E1	1.259880E5	-2.751750E1	-3.418185E0	2.772899E1	3.211938E3	5.839333E1	6.843729E1
6.299600E1	1.259920E5	-2.686316E1	-6.520012E0	2.764308E1	3.244153E3	5.904766E1	7.153912E1
6.299800E1	1.259960E5	-2.574504E1	-9.399720E0	2.740733E1	3.251600E3	6.016579E1	7.441883E1
6.300000E1	1.260000E5	-2.439134E1	-1.224035E1	2.729036E1	3.328666E3	6.151949E1	7.725946E1
6.300200E1	1.260040E5	-2.274967E1	-1.498482E1	2.724137E1	3.385514E3	6.316115E1	8.000393E1
6.300400E1	1.260080E5	-2.078988E1	-1.756323E1	2.721555E1	3.327115E3	6.512095E1	8.258234E1
6.300600E1	1.260120E5	-1.854285E1	-1.966390E1	2.702788E1	3.266175E3	6.736798E1	8.468301E1
6.300800E1	1.260160E5	-1.606114E1	-2.151296E1	2.684712E1	3.370480E3	6.984969E1	8.653207E1
6.301000E1	1.260200E5	-1.331288E1	-2.321044E1	2.675738E1	3.375650E3	7.259795E1	8.822955E1
6.301200E1	1.260240E5	-1.056857E1	-2.460886E1	2.678228E1	3.306726E3	7.534226E1	8.962797E1
6.301400E1	1.260280E5	-7.603620E0	-2.548876E1	2.659872E1	3.341475E3	7.830721E1	9.050787E1
6.301600E1	1.260320E5	-4.560879E0	-2.619805E1	2.659209E1	3.375537E3	8.134995E1	9.121716E1
6.301800E1	1.260360E5	-1.445004E0	-2.660933E1	2.664854E1	3.336564E3	8.446582E1	9.162844E1
6.302000E1	1.260400E5	1.608338E0	-2.652034E1	2.656907E1	3.295536E3	8.751917E1	9.153945E1
6.302200E1	1.260440E5	4.647692E0	-2.616133E1	2.657097E1	3.312460E3	9.055852E1	9.118044E1
6.302400E1	1.260480E5	7.668146E0	-2.552637E1	2.665326E1	3.318062E3	9.357897E1	9.054548E1
6.302600E1	1.260520E5	1.051715E1	-2.436666E1	2.653949E1	3.343286E3	9.642798E1	8.938577E1
6.302800E1	1.260560E5	1.331082E1	-2.296840E1	2.654667E1	3.384881E3	9.922164E1	8.798751E1
6.303000E1	1.260600E5	1.601126E1	-2.133620E1	2.667572E1	3.429281E3	1.019221E2	8.635531E1
6.303200E1	1.260640E5	1.854371E1	-1.933005E1	2.678656E1	3.366804E3	1.044545E2	8.434916E1
6.303400E1	1.260680E5	2.058588E1	-1.705873E1	2.673535E1	3.271755E3	1.064967E2	8.207783E1
6.303600E1	1.260720E5	2.242643E1	-1.462094E1	2.677157E1	3.372742E3	1.083373E2	7.964005E1
6.303800E1	1.260760E5	2.408540E1	-1.182866E1	2.683326E1	3.380434E3	1.099962E2	7.684777E1
6.304000E1	1.260800E5	2.546106E1	-9.056593E0	2.702383E1	3.262141E3	1.113719E2	7.407570E1
6.304200E1	1.260840E5	2.634369E1	-6.134100E0	2.704842E1	3.249964E3	1.122545E2	7.115321E1
6.304400E1	1.260880E5	2.700705E1	-3.115653E0	2.718617E1	3.313708E3	1.129179E2	6.813476E1
6.304600E1	1.260920E5	2.739773E1	7.035671E-2	2.739782E1	3.275008E3	1.133086E2	6.494875E1
6.304800E1	1.260960E5	2.729423E1	3.119064E0	2.747187E1	3.244726E3	1.132051E2	6.190004E1
6.305000E1	1.261000E5	2.687818E1	6.267626E0	2.759927E1	3.221683E3	1.127890E2	5.875148E1
6.305200E1	1.261040E5	2.592973E1	9.134331E0	2.749158E1	3.134825E3	1.118406E2	5.588478E1
6.305400E1	1.261080E5	2.503955E1	1.203207E1	2.778039E1	3.212784E3	1.109504E2	5.298704E1
6.305600E1	1.261120E5	2.363879E1	1.491905E1	2.795300E1	3.331413E3	1.095496E2	5.010005E1
6.305800E1	1.261160E5	2.175195E1	1.760872E1	2.798597E1	3.342318E3	1.076628E2	4.741039E1
6.306000E1	1.261200E5	1.971492E1	2.015075E1	2.819097E1	3.236079E3	1.056257E2	4.486836E1
6.306200E1	1.261240E5	1.741306E1	2.223590E1	2.824270E1	3.109826E3	1.033239E2	4.278320E1
6.306400E1	1.261280E5	1.498764E1	2.404652E1	2.833487E1	3.025842E3	1.008985E2	4.097258E1
6.306600E1	1.261320E5	1.249966E1	2.567206E1	2.855339E1	3.078506E3	9.841049E1	3.934705E1
6.306800E1	1.261360E5	9.641867E0	2.704717E1	2.871437E1	3.155823E3	9.555270E1	3.797194E1
6.307000E1	1.261400E5	6.628884E0	2.795924E1	2.873432E1	3.122674E3	9.253971E1	3.705987E1
6.307200E1	1.261440E5	3.578693E0	2.861091E1	2.883385E1	3.123389E3	8.948952E1	3.640820E1
6.307400E1	1.261480E5	4.274892E-1	2.900191E1	2.900507E1	3.061065E3	8.633832E1	3.601719E1
6.307600E1	1.261520E5	-2.589534E0	2.893161E1	2.904727E1	2.955924E3	8.332129E1	3.608750E1
6.307800E1	1.261560E5	-5.534342E0	2.852697E1	2.905885E1	2.980806E3	8.037649E1	3.649214E1
6.308000E1	1.261600E5	-8.551641E0	2.790517E1	2.918611E1	3.037260E3	7.735919E1	3.711394E1
6.308200E1	1.261640E5	-1.143182E1	2.676495E1	2.910411E1	3.030040E3	7.447901E1	3.825416E1
6.308400E1	1.261680E5	-1.419056E1	2.543474E1	2.912556E1	3.027758E3	7.172027E1	3.958437E1
6.308600E1	1.261720E5	-1.686623E1	2.387464E1	2.923129E1	2.988053E3	6.904459E1	4.114447E1
6.308800E1	1.261760E5	-1.909183E1	2.187748E1	2.903656E1	2.955794E3	6.681900E1	4.314163E1
6.309000E1	1.261800E5	-2.107470E1	1.960957E1	2.878677E1	2.988319E3	6.483613E1	4.540954E1
6.309200E1	1.261840E5	-2.285967E1	1.718630E1	2.859954E1	3.091983E3	6.305115E1	4.783281E1
6.309400E1	1.261880E5	-2.451749E1	1.448205E1	2.847520E1	3.117037E3	6.139334E1	5.053705E1
6.309600E1	1.261920E5	-2.588020E1	1.177701E1	2.843383E1	3.082127E3	6.003063E1	5.324210E1
6.309800E1	1.261960E5	-2.681112E1	8.836362E0	2.822972E1	3.140850E3	5.909971E1	5.618275E1
6.310000E1	1.262000E5	-2.748825E1	5.795151E0	2.809248E1	3.174378E3	5.842258E1	5.922396E1
6.310200E1	1.262040E5	-2.789580E1	2.707480E0	2.802688E1	3.148780E3	5.801503E1	6.231163E1
6.310400E1	1.262080E5	-2.784886E1	-3.354872E-1	2.785088E1	3.128713E3	5.806197E1	6.535460E1
6.310600E1	1.262120E5	-2.748923E1	-3.361258E0	2.769396E1	3.190875E3	5.842160E1	6.838037E1
6.310800E1	1.262160E5	-2.685083E1	-6.423367E0	2.760846E1	3.203726E3	5.905999E1	7.144248E1
6.311000E1	1.262200E5	-2.578201E1	-9.275064E0	2.739962E1	3.195259E3	6.012882E1	7.429417E1
6.311200E1	1.262240E5	-2.448099E1	-1.206458E1	2.729236E1	3.277813E3	6.142984E1	7.708369E1
6.311400E1	1.262280E5	-2.290690E1	-1.481768E1	2.728167E1	3.345579E3	6.300393E1	7.983678E1
6.311600E1	1.262320E5	-2.098434E1	-1.737028E1	2.724095E1	3.291708E3	6.492649E1	8.238938E1
6.311800E1	1.262360E5	-1.876586E1	-1.947628E1	2.704594E1	3.205038E3	6.714497E1	8.449539E1
6.312000E1	1.262400E5	-1.643162E1	-2.136557E1	2.695340E1	3.165906E3	6.947921E1	8.638468E1
6.312200E1	1.262440E5	-1.399294E1	-2.303959E1	2.695598E1	3.289392E3	7.191789E1	8.805869E1
6.312400E1	1.262480E5	-1.111991E1	-2.450775E1	2.691249E1	3.213725E3	7.479092E1	8.952686E1
6.312600E1	1.262520E5	-8.462684E0	-2.541426E1	2.678622E1	3.115915E3	7.744814E1	9.043337E1
6.312800E1	1.262560E5	-5.536433E0	-2.617810E1	2.675714E1	3.280815E3	8.037439E1	9.119720E1
6.313000E1	1.262600E5	-2.468297E0	-2.663794E1	2.675206E1	3.271769E3	8.344253E1	9.165705E1
6.313200E1	1.262640E5	5.326304E-1	-2.663767E1	2.664299E1	3.228750E3	8.644346E1	9.165678E1
6.313400E1	1.262680E5	3.520781E0	-2.631332E1	2.654782E1	3.234567E3	8.943161E1	9.133243E1
6.313600E1	1.262720E5	6.477694E0	-2.581974E1	2.661991E1	3.225183E3	9.238852E1	9.083885E1
6.313800E1	1.262760E5	9.382329E0	-2.506514E1	2.676358E1	3.233088E3	9.529316E1	9.008425E1
6.314000E1	1.262800E5	1.214935E1	-2.382787E1	2.674647E1	3.267585E3	9.806018E1	8.884697E1
6.314200E1	1.262840E5	1.488470E1	-2.240997E1	2.690280E1	3.248500E3	1.007955E2	8.742907E1
6.314400E1	1.262880E5	1.717973E1	-2.046666E1	2.672129E1	3.296611E3	1.030906E2	8.548577E1
6.314600E1	1.262920E5	1.948319E1	-1.830966E1	2.673646E1	3.316726E3	1.053940E2	8.332877E1
6.314800E1	1.262960E5	2.145111E1	-1.600255E1	2.676251E1	3.223026E3	1.073619E2	8.102166E1
6.315000E1	1.263000E5	2.315872E1	-1.354878E1	2.683088E1	3.305576E3	1.090696E2	7.856789E1
6.315200E1	1.263040E5	2.466812E1	-1.072635E1	2.689927E1	3.255917E3	1.105789E2	7.574546E1
6.315400E1	1.263080E5	2.570037E1	-8.007568E0	2.691896E1	3.122014E3	1.116112E2	7.302668E1
6.315600E1	1.263120E5	2.643833E1	-5.145136E0	2.693433E1	3.206196E3	1.123492E2	7.016424E1
6.315800E1	1.263160E5	2.700269E1	-2.116097E0	2.708548E1	3.240688E3	1.129135E2	6.713521E1
6.316000E1	1.263200E5	2.732604E1	9.304340E-1	2.734188E1	3.194620E3	1.132369E2	6.408867E1
6.316200E1	1.263240E5	2.718239E1	3.964312E0	2.746995E1	3.193824E3	1.130932E2	6.105480E1
6.316400E1	1.263280E5	2.666458E1	7.007970E0	2.757012E1	3.231508E3	1.125754E2	5.801114E1
6.316600E1	1.263320E5	2.575255E1	1.000097E1	2.762631E1	3.192319E3	1.116634E2	5.501814E1
6.316800E1	1.263360E5	2.453421E1	1.276882E1	2.765810E1	3.180345E3	1.104450E2	5.225029E1
6.317000E1	1.263400E5	2.308147E1	1.553643E1	2.782328E1	3.171907E3	1.089923E2	4.948268E1
6.317200E1	1.263440E5	2.153467E1	1.818683E1	2.818693E1	3.067431E3	1.074455E2	4.683228E1
6.317400E1	1.263480E5	1.953585E1	2.038227E1	2.823272E1	3.105362E3	1.054467E2	4.463683E1
6.317600E1	1.263520E5	1.734390E1	2.268798E1	2.855793E1	3.118932E3	1.032547E2	4.233113E1
6.317800E1	1.263560E5	1.493900E1	2.456112E1	2.874756E1	2.981287E3	1.008498E2	4.045799E1
6.318000E1	1.263600E5	1.246197E1	2.616105E1	2.897759E1	2.929920E3	9.837280E1	3.885806E1
6.318200E1	1.263640E5	9.680265E0	2.720056E1	2.887175E1	2.993860E3	9.559109E1	3.781855E1
6.318400E1	1.263680E5	6.715760E0	2.798256E1	2.877716E1	3.038760E3	9.262659E1	3.703655E1
6.318600E1	1.263720E5	3.731223E0	2.859272E1	2.883515E1	3.077576E3	8.964205E1	3.642639E1
6.318800E1	1.263760E5	5.999895E-1	2.899792E1	2.900413E1	3.034510E3	8.651082E1	3.602118E1
6.319000E1	1.263800E5	-2.380361E0	2.893306E1	2.903081E1	2.919672E3	8.353047E1	3.608605E1
6.319200E1	1.263840E5	-5.294523E0	2.858517E1	2.907136E1	2.940375E3	8.061630E1	3.643393E1
6.319400E1	1.263880E5	-8.271958E0	2.798896E1	2.918574E1	2.957126E3	7.763887E1	3.703015E1
6.319600E1	1.263920E5	-1.109056E1	2.701220E1	2.920033E1	2.835547E3	7.482027E1	3.800691E1
6.319800E1	1.263960E5	-1.354531E1	2.568347E1	2.903645E1	2.854401E3	7.236552E1	3.933564E1
6.320000E1	1.264000E5	-1.613134E1	2.415186E1	2.904364E1	3.011676E3	6.977949E1	4.086724E1
6.320200E1	1.264040E5	-1.858362E1	2.226237E1	2.899938E1	3.026719E3	6.732721E1	4.275674E1
6.320400E1	1.264080E5	-2.067987E1	2.007777E1	2.882315E1	2.970102E3	6.523096E1	4.494134E1
6.320600E1	1.264120E5	-2.253467E1	1.777511E1	2.870132E1	2.924106E3	6.337616E1	4.724400E1
6.320800E1	1.264160E5	-2.420478E1	1.539476E1	2.868571E1	2.916258E3	6.170605E1	4.962435E1
6.321000E1	1.264200E5	-2.565247E1	1.284634E1	2.868933E1	2.953559E3	6.025836E1	5.217277E1
6.321200E1	1.264240E5	-2.665950E1	1.004348E1	2.848861E1	3.041422E3	5.925132E1	5.497562E1
6.321400E1	1.264280E5	-2.740602E1	7.054660E0	2.829944E1	3.132127E3	5.850481E1	5.796445E1
6.321600E1	1.264320E5	-2.789627E1	3.977422E0	2.817839E1	3.118122E3	5.801456E1	6.104169E1
6.321800E1	1.264360E5	-2.793702E1	9.574183E-1	2.795342E1	3.056936E3	5.797380E1	6.406169E1
6.322000E1	1.264400E5	-2.768282E1	-1.990769E0	2.775431E1	3.090694E3	5.822801E1	6.700988E1
6.322200E1	1.264440E5	-2.720932E1	-4.993839E0	2.766380E1	3.120149E3	5.870150E1	7.001295E1
6.322400E1	1.264480E5	-2.653644E1	-7.907759E0	2.768963E1	3.139520E3	5.937439E1	7.292687E1
6.322600E1	1.264520E5	-2.543828E1	-1.077594E1	2.762656E1	3.131347E3	6.047255E1	7.579505E1
6.322800E1	1.264560E5	-2.413687E1	-1.344503E1	2.762892E1	3.025707E3	6.177396E1	7.846414E1
6.323000E1	1.264600E5	-2.253874E1	-1.581752E1	2.753522E1	3.082375E3	6.337209E1	8.083663E1
6.323200E1	1.264640E5	-2.059474E1	-1.818787E1	2.747621E1	3.142382E3	6.531609E1	8.320698E1
6.323400E1	1.264680E5	-1.844727E1	-2.022390E1	2.737349E1	3.107738E3	6.746355E1	8.524301E1
6.323600E1	1.264720E5	-1.607014E1	-2.202126E1	2.726142E1	3.209754E3	6.984069E1	8.704037E1
6.323800E1	1.264760E5	-1.339515E1	-2.364642E1	2.717689E1	3.153200E3	7.251567E1	8.866552E1
6.324000E1	1.264800E5	-1.074634E1	-2.470603E1	2.694201E1	3.151166E3	7.516449E1	8.972514E1
6.324200E1	1.264840E5	-7.871132E0	-2.586491E1	2.703606E1	3.286436E3	7.803970E1	9.088402E1
6.324400E1	1.264880E5	-4.861511E0	-2.658822E1	2.702902E1	3.199050E3	8.104932E1	9.160733E1
6.324600E1	1.264920E5	-1.932888E0	-2.677062E1	2.684031E1	3.166479E3	8.397794E1	9.178973E1
6.324800E1	1.264960E5	1.085191E0	-2.697013E1	2.699196E1	3.179303E3	8.699602E1	9.198924E1
6.325000E1	1.265000E5	4.033323E0	-2.670847E1	2.701129E1	3.167126E3	8.994415E1	9.172758E1
6.325200E1	1.265040E5	7.011103E0	-2.621583E1	2.713716E1	3.163424E3	9.292193E1	9.123494E1
6.325400E1	1.265080E5	9.832155E0	-2.529483E1	2.713853E1	3.045069E3	9.574298E1	9.031394E1
6.325600E1	1.265120E5	1.227778E1	-2.393832E1	2.690329E1	3.045002E3	9.818861E1	8.895743E1
6.325800E1	1.265160E5	1.483314E1	-2.247752E1	2.693066E1	3.145561E3	1.007440E2	8.749662E1
6.326000E1	1.265200E5	1.709161E1	-2.056124E1	2.673738E1	3.240483E3	1.030024E2	8.558035E1
6.326200E1	1.265240E5	1.937260E1	-1.845914E1	2.675887E1	3.275461E3	1.052834E2	8.347825E1
6.326400E1	1.265280E5	2.134198E1	-1.617772E1	2.678057E1	3.161775E3	1.072528E2	8.119683E1
6.326600E1	1.265320E5	2.306106E1	-1.383991E1	2.689527E1	3.113295E3	1.089719E2	7.885902E1
6.326800E1	1.265360E5	2.453810E1	-1.129135E1	2.701135E1	3.161155E3	1.104489E2	7.631046E1
6.327000E1	1.265400E5	2.557663E1	-8.471106E0	2.694297E1	3.192036E3	1.114875E2	7.349021E1
6.327200E1	1.265440E5	2.634497E1	-5.571762E0	2.692771E1	3.269629E3	1.122558E2	7.059087E1
6.327400E1	1.265480E5	2.689099E1	-2.469329E0	2.700412E1	3.204158E3	1.128018E2	6.748844E1
6.327600E1	1.265520E5	2.702271E1	4.127015E-1	2.702587E1	3.134458E3	1.129335E2	6.460641E1
6.327800E1	1.265560E5	2.711295E1	3.469028E0	2.733398E1	3.213307E3	1.130238E2	6.155008E1
6.328000E1	1.265600E5	2.678123E1	6.542527E0	2.756880E1	3.124523E3	1.126921E2	5.847658E1
6.328200E1	1.265640E5	2.593241E1	9.330779E0	2.755999E1	3.034228E3	1.118432E2	5.568833E1
6.328400E1	1.265680E5	2.523020E1	1.223215E1	2.803905E1	2.904076E3	1.111410E2	5.278696E1
6.328600E1	1.265720E5	2.395729E1	1.462682E1	2.806947E1	2.875483E3	1.098681E2	5.039229E1
6.328800E1	1.265760E5	2.251547E1	1.719387E1	2.832976E1	2.978587E3	1.084263E2	4.782524E1
6.329000E1	1.265800E5	2.059379E1	1.942017E1	2.830631E1	3.057114E3	1.065046E2	4.559894E1
6.329200E1	1.265840E5	1.847181E1	2.170085E1	2.849798E1	3.061584E3	1.043826E2	4.331826E1
6.329400E1	1.265880E5	1.621662E1	2.365392E1	2.867903E1	2.923185E3	1.021274E2	4.136519E1
6.329600E1	1.265920E5	1.386943E1	2.532070E1	2.887038E1	2.996734E3	9.978026E1	3.969841E1
6.329800E1	1.265960E5	1.108139E1	2.682331E1	2.902218E1	2.894426E3	9.699222E1	3.819580E1
6.330000E1	1.266000E5	8.577543E0	2.782289E1	2.911507E1	2.794233E3	9.448837E1	3.719622E1
6.330200E1	1.266040E5	5.693851E0	2.857324E1	2.913503E1	2.982430E3	9.160468E1	3.644586E1
6.330400E1	1.266080E5	2.648884E0	2.908195E1	2.920234E1	2.988390E3	8.855971E1	3.593715E1
6.330600E1	1.266120E5	-3.470873E-1	2.908388E1	2.908596E1	2.901816E3	8.556374E1	3.593522E1
6.330800E1	1.266160E5	-3.240506E0	2.887644E1	2.905769E1	2.823516E3	8.267032E1	3.614267E1
6.331000E1	1.266200E5	-6.065028E0	2.858818E1	2.922445E1	2.719461E3	7.984580E1	3.643093E1
6.331200E1	1.266240E5	-8.686321E0	2.792156E1	2.924151E1	2.766119E3	7.722451E1	3.709754E1
6.331400E1	1.266280E5	-1.138886E1	2.677552E1	2.909699E1	2.853317E3	7.452197E1	3.824359E1
6.331600E1	1.266320E5	-1.401515E1	2.560552E1	2.919019E1	2.803349E3	7.189568E1	3.941359E1
6.331800E1	1.266360E5	-1.633680E1	2.398870E1	2.902325E1	2.878669E3	6.957403E1	4.103040E1
6.332000E1	1.266400E5	-1.870161E1	2.212354E1	2.896897E1	2.952097E3	6.720922E1	4.289557E1
6.332200E1	1.266440E5	-2.073333E1	1.997720E1	2.879166E1	2.901904E3	6.517749E1	4.504191E1
6.332400E1	1.266480E5	-2.253709E1	1.772454E1	2.867194E1	2.866062E3	6.337373E1	4.729456E1
6.332600E1	1.266520E5	-2.419784E1	1.539893E1	2.868209E1	2.861723E3	6.171298E1	4.962018E1
6.332800E1	1.266560E5	-2.562155E1	1.290691E1	2.868888E1	2.931769E3	6.028928E1	5.211220E1
6.333000E1	1.266600E5	-2.659903E1	1.007462E1	2.844304E1	3.003083E3	5.931180E1	5.494449E1
6.333200E1	1.266640E5	-2.736352E1	7.191165E0	2.829267E1	3.038946E3	5.854731E1	5.782794E1
6.333400E1	1.266680E5	-2.782381E1	4.202409E0	2.813938E1	3.086852E3	5.808702E1	6.081670E1
6.333600E1	1.266720E5	-2.790288E1	1.158276E0	2.792692E1	3.055385E3	5.800794E1	6.386083E1
6.333800E1	1.266760E5	-2.769100E1	-1.758040E0	2.774676E1	2.989369E3	5.821982E1	6.677715E1
6.334000E1	1.266800E5	-2.740352E1	-4.625333E0	2.779112E1	2.905606E3	5.850731E1	6.964444E1
6.334200E1	1.266840E5	-2.669332E1	-7.280003E0	2.766825E1	2.920219E3	5.921750E1	7.229911E1
6.334400E1	1.266880E5	-2.563707E1	-9.975538E0	2.750946E1	3.027819E3	6.027376E1	7.499465E1
6.334600E1	1.266920E5	-2.441618E1	-1.263799E1	2.749306E1	3.007467E3	6.149465E1	7.765709E1
6.334800E1	1.266960E5	-2.284006E1	-1.499808E1	2.732418E1	3.050980E3	6.307077E1	8.001719E1
6.335000E1	1.267000E5	-2.100630E1	-1.735960E1	2.725106E1	3.109003E3	6.490453E1	8.237871E1
6.335200E1	1.267040E5	-1.889173E1	-1.937747E1	2.706259E1	3.104282E3	6.701909E1	8.439657E1
6.335400E1	1.267080E5	-1.658138E1	-2.121363E1	2.692509E1	3.055575E3	6.932944E1	8.623273E1
6.335600E1	1.267120E5	-1.433052E1	-2.288871E1	2.700476E1	3.035188E3	7.158030E1	8.790781E1
6.335800E1	1.267160E5	-1.179863E1	-2.432879E1	2.703882E1	3.100614E3	7.411220E1	8.934790E1
6.336000E1	1.267200E5	-9.044263E0	-2.533199E1	2.689811E1	3.141600E3	7.686657E1	9.035110E1
6.336200E1	1.267240E5	-6.179358E0	-2.612954E1	2.685027E1	3.049734E3	7.973147E1	9.114865E1
6.336400E1	1.267280E5	-3.484285E0	-2.664862E1	2.687544E1	3.001885E3	8.242654E1	9.166773E1
6.336600E1	1.267320E5	-6.046061E-1	-2.668670E1	2.669355E1	3.063875E3	8.530622E1	9.170581E1
6.336800E1	1.267360E5	2.225405E0	-2.646628E1	2.655968E1	3.114959E3	8.813623E1	9.148539E1
6.337000E1	1.267400E5	5.143838E0	-2.606905E1	2.657169E1	3.166626E3	9.105467E1	9.108816E1
6.337200E1	1.267440E5	8.015235E0	-2.546309E1	2.669481E1	3.125494E3	9.392606E1	9.048220E1
6.337400E1	1.267480E5	1.074050E1	-2.450941E1	2.675948E1	3.018020E3	9.665133E1	8.952852E1
6.337600E1	1.267520E5	1.312053E1	-2.314805E1	2.660790E1	3.044631E3	9.903135E1	8.816716E1
6.337800E1	1.267560E5	1.565771E1	-2.167606E1	2.673977E1	3.065165E3	1.015685E2	8.669516E1
6.338000E1	1.267600E5	1.773640E1	-1.983316E1	2.660703E1	2.933353E3	1.036472E2	8.485227E1
6.338200E1	1.267640E5	1.970706E1	-1.801023E1	2.669713E1	2.958865E3	1.056179E2	8.302934E1
6.338400E1	1.267680E5	2.151426E1	-1.583788E1	2.671520E1	3.035715E3	1.074251E2	8.085699E1
6.338600E1	1.267720E5	2.314982E1	-1.351750E1	2.680741E1	3.166389E3	1.090607E2	7.853661E1
6.338800E1	1.267760E5	2.460805E1	-1.079878E1	2.687321E1	3.134865E3	1.105189E2	7.581788E1
6.339000E1	1.267800E5	2.559963E1	-8.190462E0	2.687796E1	3.027497E3	1.115105E2	7.320957E1
6.339200E1	1.267840E5	2.634584E1	-5.400056E0	2.689357E1	3.172935E3	1.122567E2	7.041916E1
6.339400E1	1.267880E5	2.689433E1	-2.376624E0	2.699913E1	3.143727E3	1.128052E2	6.739573E1
6.339600E1	1.267920E5	2.700218E1	4.673350E-1	2.700623E1	3.077874E3	1.129130E2	6.455177E1
6.339800E1	1.267960E5	2.707434E1	3.449786E0	2.729324E1	3.159087E3	1.129852E2	6.156932E1
6.340000E1	1.268000E5	2.670823E1	6.475161E0	2.748194E1	3.053754E3	1.126191E2	5.854395E1
6.340200E1	1.268040E5	2.607832E1	9.222761E0	2.766113E1	2.847331E3	1.119891E2	5.579635E1
6.340400E1	1.268080E5	2.521321E1	1.176633E1	2.782360E1	2.854584E3	1.111240E2	5.325278E1
6.340600E1	1.268120E5	2.399607E1	1.435839E1	2.796381E1	2.968930E3	1.099069E2	5.066072E1
6.340800E1	1.268160E5	2.261783E1	1.697758E1	2.828082E1	2.952298E3	1.085287E2	4.804152E1
6.341000E1	1.268200E5	2.079682E1	1.919343E1	2.830010E1	2.897575E3	1.067076E2	4.582568E1
6.341200E1	1.268240E5	1.871691E1	2.114314E1	2.823748E1	2.902216E3	1.046277E2	4.387596E1
6.341400E1	1.268280E5	1.650953E1	2.298632E1	2.830081E1	2.877459E3	1.024204E2	4.203278E1
6.341600E1	1.268320E5	1.423616E1	2.465087E1	2.846636E1	2.872698E3	1.001470E2	4.036824E1
6.341800E1	1.268360E5	1.173907E1	2.612506E1	2.864131E1	2.861499E3	9.764990E1	3.889405E1
6.342000E1	1.268400E5	9.133794E0	2.720185E1	2.869437E1	2.746644E3	9.504462E1	3.781726E1
6.342200E1	1.268440E5	6.555635E0	2.792865E1	2.868773E1	2.778921E3	9.246646E1	3.709046E1
6.342400E1	1.268480E5	3.730012E0	2.854298E1	2.878567E1	2.926356E3	8.964084E1	3.647612E1
6.342600E1	1.268520E5	7.603544E-1	2.895263E1	2.896262E1	2.910147E3	8.667118E1	3.606647E1
6.342800E1	1.268560E5	-2.121730E0	2.892472E1	2.900243E1	2.810834E3	8.378910E1	3.609439E1
6.343000E1	1.268600E5	-4.932942E0	2.874115E1	2.916141E1	2.696223E3	8.097789E1	3.627795E1
6.343200E1	1.268640E5	-7.535300E0	2.816099E1	2.915171E1	2.724808E3	7.837553E1	3.685812E1
6.343400E1	1.268680E5	-1.022857E1	2.715766E1	2.902003E1	2.811191E3	7.568226E1	3.786145E1
6.343600E1	1.268720E5	-1.284439E1	2.607453E1	2.906646E1	2.762005E3	7.306644E1	3.894458E1
6.343800E1	1.268760E5	-1.518014E1	2.459196E1	2.889985E1	2.749903E3	7.073069E1	4.042715E1
6.344000E1	1.268800E5	-1.754427E1	2.309313E1	2.900162E1	2.787793E3	6.836656E1	4.192598E1
6.344200E1	1.268840E5	-1.963840E1	2.117979E1	2.888339E1	2.824544E3	6.627243E1	4.383932E1
6.344400E1	1.268880E5	-2.154998E1	1.905054E1	2.876325E1	2.831402E3	6.436085E1	4.596857E1
6.344600E1	1.268920E5	-2.327212E1	1.680723E1	2.870670E1	2.800322E3	6.263871E1	4.821188E1
6.344800E1	1.268960E5	-2.475736E1	1.445309E1	2.866738E1	2.752670E3	6.115347E1	5.056602E1
6.345000E1	1.269000E5	-2.585228E1	1.195984E1	2.848470E1	2.768507E3	6.005855E1	5.305927E1
6.345200E1	1.269040E5	-2.670780E1	9.301637E0	2.828122E1	2.885979E3	5.920302E1	5.571747E1
6.345400E1	1.269080E5	-2.743960E1	6.477544E0	2.819380E1	2.900922E3	5.847123E1	5.854156E1
6.345600E1	1.269120E5	-2.786931E1	3.717676E0	2.811618E1	2.854897E3	5.804152E1	6.130143E1
6.345800E1	1.269160E5	-2.790429E1	9.075468E-1	2.791904E1	2.896903E3	5.800654E1	6.411156E1
6.346000E1	1.269200E5	-2.764500E1	-1.927986E0	2.771215E1	2.970352E3	5.826583E1	6.694709E1
6.346200E1	1.269240E5	-2.718042E1	-4.801740E0	2.760130E1	3.001491E3	5.873041E1	6.982085E1
6.346400E1	1.269280E5	-2.669265E1	-7.651655E0	2.776770E1	2.876332E3	5.921818E1	7.267076E1
6.346600E1	1.269320E5	-2.559649E1	-1.009507E1	2.751528E1	2.855236E3	6.031434E1	7.511418E1
6.346800E1	1.269360E5	-2.440784E1	-1.266063E1	2.749608E1	2.925984E3	6.150299E1	7.767974E1
6.347000E1	1.269400E5	-2.283375E1	-1.495785E1	2.729684E1	2.994926E3	6.307707E1	7.997696E1
6.347200E1	1.269440E5	-2.106098E1	-1.729722E1	2.725360E1	3.062765E3	6.484985E1	8.231633E1
6.347400E1	1.269480E5	-1.896958E1	-1.928939E1	2.705412E1	3.051225E3	6.694125E1	8.430849E1
6.347600E1	1.269520E5	-1.674213E1	-2.112400E1	2.695407E1	3.028903E3	6.916870E1	8.614310E1
6.347800E1	1.269560E5	-1.445958E1	-2.277985E1	2.698150E1	2.968100E3	7.145124E1	8.779896E1
6.348000E1	1.269600E5	-1.209057E1	-2.422167E1	2.707160E1	3.011685E3	7.382025E1	8.924078E1
6.348200E1	1.269640E5	-9.393556E0	-2.531431E1	2.700099E1	2.964272E3	7.651727E1	9.033342E1
6.348400E1	1.269680E5	-6.816426E0	-2.603894E1	2.691635E1	2.966109E3	7.909440E1	9.105805E1
6.348600E1	1.269720E5	-3.971644E0	-2.659302E1	2.688796E1	3.032788E3	8.193918E1	9.161213E1
6.348800E1	1.269760E5	-1.189146E0	-2.682283E1	2.684918E1	2.863220E3	8.472168E1	9.184194E1
6.349000E1	1.269800E5	1.391112E0	-2.691618E1	2.695211E1	2.903957E3	8.730194E1	9.193529E1
6.349200E1	1.269840E5	4.255026E0	-2.663234E1	2.697011E1	3.044337E3	9.016585E1	9.165145E1
6.349400E1	1.269880E5	6.994423E0	-2.585799E1	2.678726E1	3.011005E3	9.290525E1	9.087709E1
6.349600E1	1.269920E5	9.722343E0	-2.516805E1	2.698064E1	2.911608E3	9.563317E1	9.018716E1
6.349800E1	1.269960E5	1.210198E1	-2.397617E1	2.685730E1	2.949281E3	9.801280E1	8.899528E1
6.350000E1	1.270000E5	1.461567E1	-2.257639E1	2.689444E1	3.004035E3	1.005265E2	8.759549E1
6.350200E1	1.270040E5	1.676463E1	-2.085211E1	2.675562E1	2.903704E3	1.026755E2	8.587122E1
6.350400E1	1.270080E5	1.878147E1	-1.908993E1	2.678001E1	2.899460E3	1.046923E2	8.410904E1
6.350600E1	1.270120E5	2.059057E1	-1.703621E1	2.672459E1	2.962255E3	1.065014E2	8.205532E1
6.350800E1	1.270160E5	2.230178E1	-1.482717E1	2.678086E1	3.015187E3	1.082126E2	7.984628E1
6.351000E1	1.270200E5	2.378775E1	-1.240577E1	2.682835E1	3.032584E3	1.096986E2	7.742488E1
6.351200E1	1.270240E5	2.498898E1	-9.837026E0	2.685547E1	2.988910E3	1.108998E2	7.485613E1
6.351400E1	1.270280E5	2.604667E1	-7.266123E0	2.704118E1	3.041696E3	1.119575E2	7.228523E1
6.351600E1	1.270320E5	2.675057E1	-4.390413E0	2.710846E1	3.066069E3	1.126614E2	6.940952E1
6.351800E1	1.270360E5	2.704518E1	-1.570305E0	2.709073E1	3.054312E3	1.129560E2	6.658941E1
6.352000E1	1.270400E5	2.725086E1	1.378908E0	2.728573E1	3.053426E3	1.131617E2	6.364020E1
6.352200E1	1.270440E5	2.720069E1	4.254996E0	2.753149E1	2.891976E3	1.131115E2	6.076411E1
6.352400E1	1.270480E5	2.673706E1	6.897069E0	2.761232E1	2.877599E3	1.126479E2	5.812204E1
6.352600E1	1.270520E5	2.586259E1	9.618778E0	2.759337E1	3.023550E3	1.117734E2	5.540033E1
6.352800E1	1.270560E5	2.468461E1	1.233896E1	2.759674E1	3.011155E3	1.105954E2	5.268015E1
6.353000E1	1.270600E5	2.350135E1	1.494073E1	2.784850E1	2.824893E3	1.094122E2	5.007837E1
6.353200E1	1.270640E5	2.210278E1	1.718079E1	2.799486E1	2.680628E3	1.080136E2	4.783832E1
6.353400E1	1.270680E5	2.056711E1	1.929236E1	2.819931E1	2.697831E3	1.064779E2	4.572675E1
6.353600E1	1.270720E5	1.862168E1	2.115914E1	2.818646E1	2.784008E3	1.045325E2	4.385997E1
6.353800E1	1.270760E5	1.647936E1	2.293706E1	2.824319E1	2.815851E3	1.023902E2	4.208205E1
6.354000E1	1.270800E5	1.423972E1	2.457778E1	2.840487E1	2.820868E3	1.001505E2	4.044133E1
6.354200E1	1.270840E5	1.183649E1	2.607857E1	2.863904E1	2.801957E3	9.774732E1	3.894054E1
6.354400E1	1.270880E5	9.277382E0	2.712939E1	2.867183E1	2.714371E3	9.518821E1	3.788972E1
6.354600E1	1.270920E5	6.720836E0	2.787687E1	2.867559E1	2.743924E3	9.263166E1	3.714224E1
6.354800E1	1.270960E5	3.971795E0	2.861091E1	2.888528E1	2.720574E3	8.988262E1	3.640820E1
6.355000E1	1.271000E5	1.353055E0	2.898738E1	2.901894E1	2.662844E3	8.726388E1	3.603173E1
6.355200E1	1.271040E5	-1.389426E0	2.894696E1	2.898029E1	2.727576E3	8.452140E1	3.607214E1
6.355400E1	1.271080E5	-4.154427E0	2.869551E1	2.899469E1	2.703744E3	8.175640E1	3.632359E1
6.355600E1	1.271120E5	-6.850880E0	2.839835E1	2.921303E1	2.633084E3	7.905995E1	3.662075E1
6.355800E1	1.271160E5	-9.413609E0	2.769957E1	2.925546E1	2.640690E3	7.649722E1	3.731954E1
6.356000E1	1.271200E5	-1.198460E1	2.675961E1	2.932076E1	2.636927E3	7.392623E1	3.825950E1
6.356200E1	1.271240E5	-1.427188E1	2.541361E1	2.914684E1	2.674184E3	7.163895E1	3.960550E1
6.356400E1	1.271280E5	-1.666237E1	2.395394E1	2.917920E1	2.737104E3	6.924845E1	4.106517E1
6.356600E1	1.271320E5	-1.873730E1	2.212064E1	2.898981E1	2.748519E3	6.717353E1	4.289847E1
6.356800E1	1.271360E5	-2.065638E1	2.007583E1	2.880495E1	2.787556E3	6.525445E1	4.494328E1
6.357000E1	1.271400E5	-2.242468E1	1.789081E1	2.868706E1	2.780727E3	6.348615E1	4.712830E1
6.357200E1	1.271440E5	-2.398994E1	1.561529E1	2.862437E1	2.680746E3	6.192089E1	4.940381E1
6.357400E1	1.271480E5	-2.524520E1	1.334438E1	2.855508E1	2.639107E3	6.066562E1	5.167473E1
6.357600E1	1.271520E5	-2.640602E1	1.093994E1	2.858251E1	2.747476E3	5.950481E1	5.407917E1
6.357800E1	1.271560E5	-2.719366E1	8.246829E0	2.841664E1	2.918335E3	5.871717E1	5.677228E1
6.358000E1	1.271600E5	-2.785437E1	5.328997E0	2.835955E1	2.827770E3	5.805646E1	5.969011E1
6.358200E1	1.271640E5	-2.797205E1	2.722735E0	2.810425E1	2.724841E3	5.793877E1	6.229637E1
6.358400E1	1.271680E5	-2.785994E1	-3.336650E-2	2.785996E1	2.883741E3	5.805089E1	6.505247E1
6.358600E1	1.271720E5	-2.752991E1	-2.881580E0	2.768031E1	2.860932E3	5.838091E1	6.790069E1
6.358800E1	1.271760E5	-2.713555E1	-5.526880E0	2.769267E1	2.749945E3	5.877528E1	7.054599E1
6.359000E1	1.271800E5	-2.644963E1	-8.073956E0	2.765450E1	2.811514E3	5.946120E1	7.309306E1
6.359200E1	1.271840E5	-2.547906E1	-1.068865E1	2.763023E1	2.826911E3	6.043177E1	7.570776E1
6.359400E1	1.271880E5	-2.417085E1	-1.300534E1	2.744757E1	2.834431E3	6.173998E1	7.802445E1
6.359600E1	1.271920E5	-2.273313E1	-1.538925E1	2.745221E1	2.913954E3	6.317770E1	8.040835E1
6.359800E1	1.271960E5	-2.088883E1	-1.748975E1	2.724398E1	2.921091E3	6.502200E1	8.250886E1
6.360000E1	1.272000E5	-1.884828E1	-1.936892E1	2.702615E1	2.942887E3	6.706255E1	8.438802E1
6.360200E1	1.272040E5	-1.669022E1	-2.114124E1	2.693539E1	2.932539E3	6.922061E1	8.616035E1
6.360400E1	1.272080E5	-1.449026E1	-2.275448E1	2.697654E1	2.955059E3	7.142057E1	8.777359E1
6.360600E1	1.272120E5	-1.205959E1	-2.422004E1	2.705631E1	2.993279E3	7.385124E1	8.923914E1
6.360800E1	1.272160E5	-9.445766E0	-2.524205E1	2.695150E1	2.892224E3	7.646506E1	9.026116E1
6.361000E1	1.272200E5	-6.917544E0	-2.599687E1	2.690148E1	2.939988E3	7.899328E1	9.101598E1
6.361200E1	1.272240E5	-4.105850E0	-2.665672E1	2.697107E1	2.838478E3	8.180498E1	9.167582E1
6.361400E1	1.272280E5	-1.655580E0	-2.671098E1	2.676224E1	2.765776E3	8.425525E1	9.173009E1
6.361600E1	1.272320E5	1.083487E0	-2.689654E1	2.691835E1	2.937969E3	8.699431E1	9.191564E1
6.361800E1	1.272360E5	3.863658E0	-2.679488E1	2.707201E1	2.845995E3	8.977449E1	9.181399E1
6.362000E1	1.272400E5	6.403549E0	-2.628675E1	2.705547E1	2.845057E3	9.231438E1	9.130585E1
6.362200E1	1.272440E5	9.015542E0	-2.533905E1	2.689512E1	2.946797E3	9.492637E1	9.035816E1
6.362400E1	1.272480E5	1.155991E1	-2.425982E1	2.687323E1	2.882024E3	9.747073E1	8.927893E1
6.362600E1	1.272520E5	1.385892E1	-2.296199E1	2.682019E1	2.828648E3	9.976975E1	8.798109E1
6.362800E1	1.272560E5	1.601494E1	-2.141338E1	2.673969E1	2.971134E3	1.019258E2	8.643249E1
6.363000E1	1.272600E5	1.827922E1	-1.960343E1	2.680343E1	3.057153E3	1.041900E2	8.462253E1
6.363200E1	1.272640E5	2.021700E1	-1.756124E1	2.677918E1	3.001989E3	1.061278E2	8.258035E1
6.363400E1	1.272680E5	2.196068E1	-1.537363E1	2.680708E1	2.962753E3	1.078715E2	8.039273E1
6.363600E1	1.272720E5	2.353444E1	-1.311406E1	2.694157E1	2.863590E3	1.094453E2	7.813316E1
6.363800E1	1.272760E5	2.469428E1	-1.075772E1	2.693577E1	2.757962E3	1.106051E2	7.577683E1
6.364000E1	1.272800E5	2.556490E1	-8.353895E0	2.689520E1	2.809318E3	1.114757E2	7.337300E1
6.364200E1	1.272840E5	2.634679E1	-5.745685E0	2.696602E1	2.854926E3	1.122576E2	7.076479E1
6.364400E1	1.272880E5	2.685898E1	-3.143914E0	2.704236E1	2.818951E3	1.127698E2	6.816302E1
6.364600E1	1.272920E5	2.699778E1	-4.837842E-1	2.700212E1	2.918868E3	1.129086E2	6.550289E1
6.364800E1	1.272960E5	2.716755E1	2.376485E0	2.727129E1	2.964998E3	1.130784E2	6.264262E1
6.365000E1	1.273000E5	2.703499E1	5.173534E0	2.752556E1	2.841203E3	1.129458E2	5.984557E1
6.365200E1	1.273040E5	2.651307E1	7.785146E0	2.763244E1	2.831989E3	1.124239E2	5.723396E1
6.365400E1	1.273080E5	2.560422E1	1.042875E1	2.764661E1	2.896139E3	1.115150E2	5.459036E1
6.365600E1	1.273120E5	2.458556E1	1.304410E1	2.783161E1	2.816609E3	1.104964E2	5.197501E1
6.365800E1	1.273160E5	2.325134E1	1.534762E1	2.785991E1	2.807819E3	1.091622E2	4.967149E1
6.366000E1	1.273200E5	2.186043E1	1.781615E1	2.820095E1	2.811104E3	1.077713E2	4.720296E1
6.366200E1	1.273240E5	2.006573E1	1.983743E1	2.821626E1	2.672724E3	1.059766E2	4.518167E1
6.366400E1	1.273280E5	1.835794E1	2.177820E1	2.848340E1	2.640666E3	1.042688E2	4.324090E1
6.366600E1	1.273320E5	1.633600E1	2.353498E1	2.864891E1	2.701003E3	1.022468E2	4.148413E1
6.366800E1	1.273360E5	1.411929E1	2.513435E1	2.882863E1	2.664175E3	1.000301E2	3.988475E1
6.367000E1	1.273400E5	1.175124E1	2.625986E1	2.876929E1	2.618859E3	9.766207E1	3.875925E1
6.367200E1	1.273440E5	9.277896E0	2.717623E1	2.871632E1	2.623703E3	9.518872E1	3.784288E1
6.367400E1	1.273480E5	6.750138E0	2.787273E1	2.867845E1	2.679746E3	9.266097E1	3.714638E1
6.367600E1	1.273520E5	4.085043E0	2.859284E1	2.888318E1	2.682213E3	8.999587E1	3.642627E1
6.367800E1	1.273560E5	1.460172E0	2.897664E1	2.901340E1	2.633964E3	8.737100E1	3.604247E1
6.368000E1	1.273600E5	-1.215528E0	2.894050E1	2.896602E1	2.633854E3	8.469530E1	3.607861E1
6.368200E1	1.273640E5	-3.879118E0	2.887791E1	2.913729E1	2.553669E3	8.203171E1	3.614120E1
6.368400E1	1.273680E5	-6.345199E0	2.834092E1	2.904254E1	2.542321E3	7.956563E1	3.667819E1
6.368600E1	1.273720E5	-8.971321E0	2.790904E1	2.931551E1	2.601744E3	7.693951E1	3.711007E1
6.368800E1	1.273760E5	-1.138574E1	2.678840E1	2.910762E1	2.597134E3	7.452509E1	3.823071E1
6.369000E1	1.273800E5	-1.377870E1	2.568805E1	2.915010E1	2.550265E3	7.213213E1	3.933106E1
6.369200E1	1.273840E5	-1.592741E1	2.431390E1	2.906627E1	2.512627E3	6.998342E1	4.070521E1
6.369400E1	1.273880E5	-1.797924E1	2.279922E1	2.903545E1	2.567639E3	6.793159E1	4.221989E1
6.369600E1	1.273920E5	-1.986831E1	2.093805E1	2.886437E1	2.671955E3	6.604252E1	4.408106E1
6.369800E1	1.273960E5	-2.163720E1	1.884424E1	2.869275E1	2.717366E3	6.427363E1	4.617487E1
6.370000E1	1.274000E5	-2.328823E1	1.669254E1	2.865279E1	2.710026E3	6.262260E1	4.832657E1
6.370200E1	1.274040E5	-2.474950E1	1.441213E1	2.863996E1	2.639035E3	6.116133E1	5.060698E1
6.370400E1	1.274080E5	-2.580730E1	1.207588E1	2.849286E1	2.679605E3	6.010353E1	5.294323E1
6.370600E1	1.274120E5	-2.671785E1	9.458498E0	2.834266E1	2.688664E3	5.919298E1	5.556061E1
6.370800E1	1.274160E5	-2.734614E1	6.981328E0	2.822323E1	2.727390E3	5.856468E1	5.803778E1
6.371000E1	1.274200E5	-2.777480E1	4.193170E0	2.808954E1	2.872620E3	5.813603E1	6.082594E1
6.371200E1	1.274240E5	-2.795823E1	1.382515E0	2.799239E1	2.712885E3	5.795260E1	6.363659E1
6.371400E1	1.274280E5	-2.773800E1	-1.097786E0	2.775971E1	2.662667E3	5.817283E1	6.611689E1
6.371600E1	1.274320E5	-2.736909E1	-3.758705E0	2.762599E1	2.864813E3	5.854173E1	6.877781E1
6.371800E1	1.274360E5	-2.689450E1	-6.568936E0	2.768511E1	2.832646E3	5.901632E1	7.158804E1
6.372000E1	1.274400E5	-2.591828E1	-9.000509E0	2.743659E1	2.765650E3	5.999255E1	7.401962E1
6.372200E1	1.274440E5	-2.482628E1	-1.146518E1	2.734583E1	2.733921E3	6.108455E1	7.648429E1
6.372400E1	1.274480E5	-2.358098E1	-1.366172E1	2.725262E1	2.674093E3	6.232985E1	7.868083E1
6.372600E1	1.274520E5	-2.205252E1	-1.572099E1	2.708252E1	2.861162E3	6.385831E1	8.074010E1
6.372800E1	1.274560E5	-2.029402E1	-1.797399E1	2.710925E1	2.901006E3	6.561681E1	8.299310E1
6.373000E1	1.274600E5	-1.852672E1	-1.992922E1	2.721053E1	2.801818E3	6.738410E1	8.494833E1
6.373200E1	1.274640E5	-1.650750E1	-2.169897E1	2.726432E1	2.797923E3	6.940332E1	8.671808E1
6.373400E1	1.274680E5	-1.435479E1	-2.322457E1	2.730276E1	2.738495E3	7.155604E1	8.824368E1
6.373600E1	1.274720E5	-1.205579E1	-2.438435E1	2.720181E1	2.828627E3	7.385504E1	8.940346E1
6.373800E1	1.274760E5	-9.419562E0	-2.532148E1	2.701677E1	2.814771E3	7.649127E1	9.034059E1
6.374000E1	1.274800E5	-6.977018E0	-2.594977E1	2.687135E1	2.829596E3	7.893381E1	9.096888E1
6.374200E1	1.274840E5	-4.254904E0	-2.660363E1	2.694174E1	2.781600E3	8.165592E1	9.162274E1
6.374400E1	1.274880E5	-1.831341E0	-2.670773E1	2.677044E1	2.754463E3	8.407949E1	9.172683E1
6.374600E1	1.274920E5	9.069698E-1	-2.689968E1	2.691497E1	2.890137E3	8.681780E1	9.191879E1
6.374800E1	1.274960E5	3.598087E0	-2.683089E1	2.707107E1	2.810494E3	8.950892E1	9.185000E1
6.375000E1	1.275000E5	6.157738E0	-2.630927E1	2.702028E1	2.782395E3	9.206857E1	9.132838E1
6.375200E1	1.275040E5	8.690399E0	-2.557540E1	2.701156E1	2.756266E3	9.460123E1	9.059451E1
6.375400E1	1.275080E5	1.095361E1	-2.437502E1	2.672308E1	2.833716E3	9.686444E1	8.939413E1
6.375600E1	1.275120E5	1.341803E1	-2.314510E1	2.675330E1	2.828262E3	9.932885E1	8.816420E1
6.375800E1	1.275160E5	1.555665E1	-2.180062E1	2.678202E1	2.696025E3	1.014675E2	8.681973E1
6.376000E1	1.275200E5	1.756526E1	-2.028756E1	2.683511E1	2.761105E3	1.034761E2	8.530667E1
6.376200E1	1.275240E5	1.945099E1	-1.842246E1	2.679045E1	2.875368E3	1.053618E2	8.344157E1
6.376400E1	1.275280E5	2.119819E1	-1.633191E1	2.675994E1	2.884273E3	1.071090E2	8.135102E1
6.376600E1	1.275320E5	2.276574E1	-1.417445E1	2.681779E1	2.784100E3	1.086766E2	7.919356E1
6.376800E1	1.275360E5	2.399734E1	-1.195190E1	2.680896E1	2.750514E3	1.099082E2	7.697101E1
6.377000E1	1.275400E5	2.522329E1	-9.634488E0	2.700070E1	2.868659E3	1.111341E2	7.465360E1
6.377200E1	1.275440E5	2.614062E1	-7.004855E0	2.706289E1	2.875201E3	1.120514E2	7.202396E1
6.377400E1	1.275480E5	2.674800E1	-4.430235E0	2.711240E1	2.779572E3	1.126588E2	6.944934E1
6.377600E1	1.275520E5	2.709869E1	-1.839199E0	2.716103E1	2.702909E3	1.130095E2	6.685831E1
6.377800E1	1.275560E5	2.728292E1	6.702052E-1	2.729116E1	2.757167E3	1.131938E2	6.434890E1
6.378000E1	1.275600E5	2.714755E1	3.403511E0	2.736007E1	2.821130E3	1.130584E2	6.161560E1
6.378200E1	1.275640E5	2.690959E1	6.060247E0	2.758356E1	2.719066E3	1.128204E2	5.895886E1
6.378400E1	1.275680E5	2.636340E1	8.577282E0	2.772361E1	2.738130E3	1.122742E2	5.644183E1
6.378600E1	1.275720E5	2.553248E1	1.117835E1	2.787226E1	2.730442E3	1.114433E2	5.384076E1
6.378800E1	1.275760E5	2.435732E1	1.347036E1	2.783397E1	2.707448E3	1.102681E2	5.154875E1
6.379000E1	1.275800E5	2.313256E1	1.588313E1	2.806045E1	2.695613E3	1.090434E2	4.913598E1
6.379200E1	1.275840E5	2.171856E1	1.804802E1	2.823875E1	2.648318E3	1.076294E2	4.697109E1
6.379400E1	1.275880E5	1.990901E1	1.995583E1	2.818872E1	2.589818E3	1.058198E2	4.506328E1
6.379600E1	1.275920E5	1.825044E1	2.181620E1	2.844337E1	2.568529E3	1.041613E2	4.320290E1
6.379800E1	1.275960E5	1.626496E1	2.352590E1	2.860100E1	2.646004E3	1.021758E2	4.149320E1
6.380000E1	1.276000E5	1.411077E1	2.511396E1	2.880668E1	2.593812E3	1.000216E2	3.990514E1
6.380200E1	1.276040E5	1.182154E1	2.620212E1	2.874544E1	2.584453E3	9.773237E1	3.881698E1
6.380400E1	1.276080E5	9.335922E0	2.712505E1	2.868671E1	2.613452E3	9.524675E1	3.789406E1
6.380600E1	1.276120E5	6.851175E0	2.783106E1	2.866193E1	2.625607E3	9.276200E1	3.718805E1
6.380800E1	1.276160E5	4.259640E0	2.853580E1	2.885198E1	2.624680E3	9.017047E1	3.648330E1
6.381000E1	1.276200E5	1.683172E0	2.892086E1	2.896980E1	2.583553E3	8.759400E1	3.609825E1
6.381200E1	1.276240E5	-9.359838E-1	2.906988E1	2.908494E1	2.492599E3	8.497484E1	3.594923E1
6.381400E1	1.276280E5	-3.353561E0	2.880965E1	2.900418E1	2.446139E3	8.255727E1	3.620946E1
6.381600E1	1.276320E5	-5.872644E0	2.853669E1	2.913470E1	2.494855E3	8.003818E1	3.648242E1
6.381800E1	1.276360E5	-8.333249E0	2.791950E1	2.913660E1	2.531724E3	7.757758E1	3.709961E1
6.382000E1	1.276400E5	-1.080802E1	2.708281E1	2.915977E1	2.537725E3	7.510281E1	3.793629E1
6.382200E1	1.276440E5	-1.309090E1	2.594944E1	2.906450E1	2.460411E3	7.281993E1	3.906967E1
6.382400E1	1.276480E5	-1.512738E1	2.459185E1	2.887208E1	2.545051E3	7.078345E1	4.042726E1
6.382600E1	1.276520E5	-1.744602E1	2.319365E1	2.902256E1	2.648563E3	6.846481E1	4.182546E1
6.382800E1	1.276560E5	-1.939950E1	2.140105E1	2.888504E1	2.534153E3	6.651132E1	4.361806E1
6.383000E1	1.276600E5	-2.124295E1	1.974934E1	2.900516E1	2.519499E3	6.466788E1	4.526976E1
6.383200E1	1.276640E5	-2.285143E1	1.768103E1	2.889302E1	2.524026E3	6.305940E1	4.733808E1
6.383400E1	1.276680E5	-2.417056E1	1.558712E1	2.876064E1	2.526475E3	6.174027E1	4.943199E1
6.383600E1	1.276720E5	-2.549522E1	1.334252E1	2.877549E1	2.541492E3	6.041561E1	5.167659E1
6.383800E1	1.276760E5	-2.644486E1	1.103567E1	2.865514E1	2.585587E3	5.946597E1	5.398343E1
6.384000E1	1.276800E5	-2.722484E1	8.470342E0	2.851208E1	2.651335E3	5.868599E1	5.654877E1
6.384200E1	1.276840E5	-2.776165E1	5.924154E0	2.838670E1	2.665586E3	5.814918E1	5.909495E1
6.384400E1	1.276880E5	-2.790523E1	3.238570E0	2.809253E1	2.726489E3	5.800559E1	6.178054E1
6.384600E1	1.276920E5	-2.792288E1	5.556067E-1	2.792841E1	2.649674E3	5.798795E1	6.446350E1
6.384800E1	1.276960E5	-2.765969E1	-1.923865E0	2.772651E1	2.642836E3	5.825114E1	6.694297E1
6.385000E1	1.277000E5	-2.735662E1	-4.544279E0	2.773148E1	2.653579E3	5.855421E1	6.956339E1
6.385200E1	1.277040E5	-2.672631E1	-6.958249E0	2.761726E1	2.680119E3	5.918452E1	7.197736E1
6.385400E1	1.277080E5	-2.585318E1	-9.487488E0	2.753905E1	2.709582E3	6.005765E1	7.450660E1
6.385600E1	1.277120E5	-2.465923E1	-1.172565E1	2.730510E1	2.729865E3	6.125160E1	7.674476E1
6.385800E1	1.277160E5	-2.342175E1	-1.411294E1	2.734508E1	2.730395E3	6.248908E1	7.913205E1
6.386000E1	1.277200E5	-2.205564E1	-1.623292E1	2.738538E1	2.697502E3	6.385519E1	8.125203E1
6.386200E1	1.277240E5	-2.023672E1	-1.813276E1	2.717208E1	2.706384E3	6.567411E1	8.315187E1
6.386400E1	1.277280E5	-1.853021E1	-1.999579E1	2.726170E1	2.702725E3	6.738062E1	8.501490E1
6.386600E1	1.277320E5	-1.650958E1	-2.165018E1	2.722676E1	2.639514E3	6.940125E1	8.666929E1
6.386800E1	1.277360E5	-1.445230E1	-2.289365E1	2.707375E1	2.658463E3	7.145853E1	8.791276E1
6.387000E1	1.277400E5	-1.217890E1	-2.422149E1	2.711100E1	2.689008E3	7.373193E1	8.924060E1
6.387200E1	1.277440E5	-9.909834E0	-2.514810E1	2.703020E1	2.706785E3	7.600099E1	9.016721E1
6.387400E1	1.277480E5	-7.378373E0	-2.595918E1	2.698739E1	2.811434E3	7.853245E1	9.097829E1
6.387600E1	1.277520E5	-4.802601E0	-2.652798E1	2.695921E1	2.746711E3	8.110823E1	9.154709E1
6.387800E1	1.277560E5	-2.284495E0	-2.675784E1	2.685518E1	2.643637E3	8.362633E1	9.177694E1
6.388000E1	1.277600E5	1.471734E-1	-2.694732E1	2.694772E1	2.691309E3	8.605800E1	9.196643E1
6.388200E1	1.277640E5	2.778332E0	-2.695277E1	2.709559E1	2.727820E3	8.868916E1	9.197188E1
6.388400E1	1.277680E5	5.261070E0	-2.651157E1	2.702855E1	2.682333E3	9.117190E1	9.153068E1
6.388600E1	1.277720E5	7.689397E0	-2.576945E1	2.689222E1	2.652861E3	9.360022E1	9.078856E1
6.388800E1	1.277760E5	1.000284E1	-2.496384E1	2.689331E1	2.719454E3	9.591367E1	8.998295E1
6.389000E1	1.277800E5	1.243899E1	-2.390272E1	2.694566E1	2.764479E3	9.834982E1	8.892183E1
6.389200E1	1.277840E5	1.462760E1	-2.261640E1	2.693452E1	2.717490E3	1.005384E2	8.763551E1
6.389400E1	1.277880E5	1.660806E1	-2.098238E1	2.675982E1	2.707234E3	1.025189E2	8.600149E1
6.389600E1	1.277920E5	1.849251E1	-1.933609E1	2.675551E1	2.741185E3	1.044033E2	8.435520E1
6.389800E1	1.277960E5	2.027842E1	-1.742545E1	2.673688E1	2.801015E3	1.061892E2	8.244456E1
6.390000E1	1.278000E5	2.191343E1	-1.538585E1	2.677542E1	2.826640E3	1.078243E2	8.040496E1
6.390200E1	1.278040E5	2.345768E1	-1.319952E1	2.691636E1	2.760403E3	1.093685E2	7.821863E1
6.390400E1	1.278080E5	2.458074E1	-1.096042E1	2.691363E1	2.630419E3	1.104916E2	7.597952E1
6.390600E1	1.278120E5	2.543789E1	-8.681851E0	2.687863E1	2.720914E3	1.113487E2	7.370096E1
6.390800E1	1.278160E5	2.623844E1	-6.129137E0	2.694480E1	2.792252E3	1.121493E2	7.114825E1
6.391000E1	1.278200E5	2.674845E1	-3.604916E0	2.699028E1	2.710836E3	1.126593E2	6.862402E1
6.391200E1	1.278240E5	2.705272E1	-1.088833E0	2.707462E1	2.674838E3	1.129635E2	6.610794E1
6.391400E1	1.278280E5	2.720362E1	1.437009E0	2.724155E1	2.700909E3	1.131144E2	6.358210E1
6.391600E1	1.278320E5	2.718045E1	4.061568E0	2.748224E1	2.693595E3	1.130913E2	6.095754E1
6.391800E1	1.278360E5	2.673158E1	6.565000E0	2.752592E1	2.637597E3	1.126424E2	5.845411E1
6.392000E1	1.278400E5	2.608793E1	9.007858E0	2.759931E1	2.595878E3	1.119988E2	5.601125E1
6.392200E1	1.278440E5	2.527253E1	1.134821E1	2.770348E1	2.634773E3	1.111834E2	5.367089E1
6.392400E1	1.278480E5	2.433697E1	1.381874E1	2.798653E1	2.625786E3	1.102478E2	5.120036E1
6.392600E1	1.278520E5	2.309784E1	1.598466E1	2.808949E1	2.526757E3	1.090087E2	4.903445E1
6.392800E1	1.278560E5	2.172628E1	1.803451E1	2.823605E1	2.542525E3	1.076371E2	4.698460E1
6.393000E1	1.278600E5	1.999995E1	1.989892E1	2.821285E1	2.529371E3	1.059108E2	4.512018E1
6.393200E1	1.278640E5	1.835527E1	2.173037E1	2.844512E1	2.541356E3	1.042661E2	4.328873E1
6.393400E1	1.278680E5	1.638822E1	2.342251E1	2.858649E1	2.593187E3	1.022990E2	4.159660E1
6.393600E1	1.278720E5	1.429683E1	2.494909E1	2.875511E1	2.541529E3	1.002077E2	4.007002E1
6.393800E1	1.278760E5	1.209708E1	2.616424E1	2.882546E1	2.424600E3	9.800791E1	3.885487E1
6.394000E1	1.278800E5	9.922708E0	2.709155E1	2.885156E1	2.338464E3	9.583354E1	3.792755E1
6.394200E1	1.278840E5	7.683049E0	2.778008E1	2.882294E1	2.478086E3	9.359388E1	3.723903E1
6.394400E1	1.278880E5	5.133046E0	2.851768E1	2.897596E1	2.581880E3	9.104387E1	3.650143E1
6.394600E1	1.278920E5	2.600920E0	2.895915E1	2.907571E1	2.538625E3	8.851175E1	3.605996E1
6.394800E1	1.278960E5	2.500123E-2	2.911114E1	2.911116E1	2.437603E3	8.593583E1	3.590796E1
6.395000E1	1.279000E5	-2.334290E0	2.889734E1	2.899147E1	2.408019E3	8.357654E1	3.612176E1
6.395200E1	1.279040E5	-4.844825E0	2.869650E1	2.910261E1	2.464933E3	8.106600E1	3.632260E1
6.395400E1	1.279080E5	-7.272064E0	2.816362E1	2.908733E1	2.462673E3	7.863876E1	3.685548E1
6.395600E1	1.279120E5	-9.668239E0	2.740321E1	2.905874E1	2.407246E3	7.624259E1	3.761590E1
6.395800E1	1.279160E5	-1.193590E1	2.667434E1	2.922304E1	2.332503E3	7.397493E1	3.834477E1
6.396000E1	1.279200E5	-1.402971E1	2.555842E1	2.915588E1	2.358460E3	7.188112E1	3.946069E1
6.396200E1	1.279240E5	-1.606159E1	2.422890E1	2.906913E1	2.429999E3	6.984924E1	4.079021E1
6.396400E1	1.279280E5	-1.792166E1	2.254388E1	2.879952E1	2.453723E3	6.798917E1	4.247523E1
6.396600E1	1.279320E5	-1.974446E1	2.091154E1	2.875998E1	2.502411E3	6.616637E1	4.410756E1
6.396800E1	1.279360E5	-2.146560E1	1.899569E1	2.866370E1	2.580265E3	6.444523E1	4.602342E1
6.397000E1	1.279400E5	-2.302125E1	1.692517E1	2.857341E1	2.523595E3	6.288957E1	4.809393E1
6.397200E1	1.279440E5	-2.432012E1	1.485229E1	2.849664E1	2.496701E3	6.159071E1	5.016682E1
6.397400E1	1.279480E5	-2.555776E1	1.265166E1	2.851777E1	2.508197E3	6.035307E1	5.236745E1
6.397600E1	1.279520E5	-2.650650E1	1.037691E1	2.846532E1	2.434356E3	5.940433E1	5.464220E1
6.397800E1	1.279560E5	-2.717764E1	8.101497E0	2.835945E1	2.549107E3	5.873318E1	5.691761E1
6.398000E1	1.279600E5	-2.779028E1	5.494151E0	2.832817E1	2.601628E3	5.812055E1	5.952496E1
6.398200E1	1.279640E5	-2.790629E1	3.027896E0	2.807008E1	2.550573E3	5.800453E1	6.199121E1
6.398400E1	1.279680E5	-2.792900E1	4.781884E-1	2.793310E1	2.538069E3	5.798182E1	6.454092E1
6.398600E1	1.279720E5	-2.762141E1	-1.911994E0	2.768751E1	2.549608E3	5.828941E1	6.693110E1
6.398800E1	1.279760E5	-2.734261E1	-4.437124E0	2.770029E1	2.607427E3	5.856822E1	6.945623E1
6.399000E1	1.279800E5	-2.671525E1	-6.854087E0	2.758048E1	2.657707E3	5.919558E1	7.187320E1
6.399200E1	1.279840E5	-2.591686E1	-9.355364E0	2.755370E1	2.635984E3	5.999397E1	7.437447E1
6.399400E1	1.279880E5	-2.480672E1	-1.153249E1	2.735638E1	2.521278E3	6.110411E1	7.655160E1
6.399600E1	1.279920E5	-2.357447E1	-1.357425E1	2.720324E1	2.496668E3	6.233636E1	7.859336E1
6.399800E1	1.279960E5	-2.223974E1	-1.552626E1	2.712325E1	2.514813E3	6.367109E1	8.054537E1
6.400000E1	1.280000E5	-2.077869E1	-1.743090E1	2.712176E1	2.638711E3	6.513214E1	8.245000E1
6.400200E1	1.280040E5	-1.891146E1	-1.922761E1	2.696932E1	2.752106E3	6.699937E1	8.424672E1
6.400400E1	1.280080E5	-1.692838E1	-2.090567E1	2.690013E1	2.774510E3	6.898245E1	8.592477E1
6.400600E1	1.280120E5	-1.482599E1	-2.246174E1	2.691357E1	2.690503E3	7.108483E1	8.748085E1
6.400800E1	1.280160E5	-1.267418E1	-2.360080E1	2.678867E1	2.599022E3	7.323665E1	8.861991E1
6.401000E1	1.280200E5	-1.045331E1	-2.458955E1	2.671924E1	2.553897E3	7.545751E1	8.960866E1
6.401200E1	1.280240E5	-8.239822E0	-2.532760E1	2.663422E1	2.525285E3	7.767101E1	9.034671E1
6.401400E1	1.280280E5	-5.963554E0	-2.597617E1	2.665193E1	2.683565E3	7.994727E1	9.099528E1
6.401600E1	1.280320E5	-3.394648E0	-2.654721E1	2.676337E1	2.726423E3	8.251618E1	9.156631E1
6.401800E1	1.280360E5	-9.405231E-1	-2.661216E1	2.662878E1	2.644512E3	8.497030E1	9.163127E1
6.402000E1	1.280400E5	1.525722E0	-2.653288E1	2.657671E1	2.608666E3	8.743655E1	9.155198E1
6.402200E1	1.280440E5	3.894688E0	-2.634115E1	2.662752E1	2.534582E3	8.980552E1	9.136026E1
6.402400E1	1.280480E5	6.170002E0	-2.584016E1	2.656658E1	2.587170E3	9.208083E1	9.085927E1
6.402600E1	1.280520E5	8.617785E0	-2.537372E1	2.679723E1	2.611534E3	9.452861E1	9.039282E1
6.402800E1	1.280560E5	1.081381E1	-2.443093E1	2.671720E1	2.586345E3	9.672464E1	8.945004E1
6.403000E1	1.280600E5	1.292139E1	-2.321075E1	2.656504E1	2.701596E3	9.883222E1	8.822986E1
6.403200E1	1.280640E5	1.521367E1	-2.198617E1	2.673663E1	2.721184E3	1.011245E2	8.700528E1
6.403400E1	1.280680E5	1.724065E1	-2.055435E1	2.682762E1	2.685229E3	1.031515E2	8.557346E1
6.403600E1	1.280720E5	1.910338E1	-1.882349E1	2.681908E1	2.618947E3	1.050142E2	8.384260E1
6.403800E1	1.280760E5	2.078444E1	-1.715461E1	2.694947E1	2.512708E3	1.066953E2	8.217372E1
6.404000E1	1.280800E5	2.213450E1	-1.522762E1	2.686664E1	2.598714E3	1.080453E2	8.024672E1
6.404200E1	1.280840E5	2.352259E1	-1.311402E1	2.693120E1	2.646791E3	1.094334E2	7.813313E1
6.404400E1	1.280880E5	2.459014E1	-1.091698E1	2.690456E1	2.575127E3	1.105010E2	7.593608E1
6.404600E1	1.280920E5	2.549525E1	-8.698901E0	2.693842E1	2.504762E3	1.114061E2	7.371801E1
6.404800E1	1.280960E5	2.618832E1	-6.490722E0	2.698068E1	2.678753E3	1.120991E2	7.150983E1
6.405000E1	1.281000E5	2.683813E1	-3.831328E0	2.711022E1	2.644416E3	1.127490E2	6.885044E1
6.405200E1	1.281040E5	2.695474E1	-1.574250E0	2.700067E1	2.573174E3	1.128656E2	6.659336E1
6.405400E1	1.281080E5	2.729625E1	1.033454E0	2.731580E1	2.652009E3	1.132071E2	6.398565E1
6.405600E1	1.281120E5	2.710058E1	3.455109E0	2.731994E1	2.653721E3	1.130114E2	6.156400E1
6.405800E1	1.281160E5	2.690165E1	6.103564E0	2.758536E1	2.598381E3	1.128125E2	5.891554E1
6.406000E1	1.281200E5	2.612657E1	8.317499E0	2.741858E1	2.586715E3	1.120374E2	5.670161E1
6.406200E1	1.281240E5	2.548144E1	1.088451E1	2.770878E1	2.593420E3	1.113923E2	5.413460E1
6.406400E1	1.281280E5	2.455746E1	1.307545E1	2.782150E1	2.448742E3	1.104683E2	5.194366E1
6.406600E1	1.281320E5	2.338953E1	1.514581E1	2.786513E1	2.414801E3	1.093004E2	4.987330E1
6.406800E1	1.281360E5	2.211019E1	1.708375E1	2.794128E1	2.402137E3	1.080210E2	4.793536E1
6.407000E1	1.281400E5	2.072997E1	1.901781E1	2.813199E1	2.492349E3	1.066408E2	4.600129E1
6.407200E1	1.281440E5	1.894896E1	2.079645E1	2.813459E1	2.501963E3	1.048598E2	4.422266E1
6.407400E1	1.281480E5	1.728363E1	2.255814E1	2.841819E1	2.468906E3	1.031945E2	4.246097E1
6.407600E1	1.281520E5	1.536604E1	2.415425E1	2.862766E1	2.435808E3	1.012769E2	4.086486E1
6.407800E1	1.281560E5	1.331555E1	2.534580E1	2.863064E1	2.445391E3	9.922638E1	3.967330E1
6.408000E1	1.281600E5	1.114828E1	2.667508E1	2.891097E1	2.394577E3	9.705911E1	3.834403E1
6.408200E1	1.281640E5	9.060668E0	2.766045E1	2.910664E1	2.280034E3	9.497150E1	3.735866E1
6.408400E1	1.281680E5	6.827550E0	2.830532E1	2.911712E1	2.461617E3	9.273838E1	3.671378E1
6.408600E1	1.281720E5	4.223296E0	2.898274E1	2.928883E1	2.505503E3	9.013412E1	3.603637E1
6.408800E1	1.281760E5	1.797913E0	2.906839E1	2.912394E1	2.429881E3	8.770874E1	3.595072E1
6.409000E1	1.281800E5	-7.258133E-1	2.909810E1	2.910715E1	2.365423E3	8.518501E1	3.592101E1
6.409200E1	1.281840E5	-3.004328E0	2.896157E1	2.911698E1	2.227495E3	8.290650E1	3.605753E1
6.409400E1	1.281880E5	-5.204532E0	2.852871E1	2.899956E1	2.353984E3	8.070630E1	3.649040E1
6.409600E1	1.281920E5	-7.726907E0	2.817076E1	2.921124E1	2.368466E3	7.818392E1	3.684835E1
6.409800E1	1.281960E5	-9.858277E0	2.736336E1	2.908503E1	2.234052E3	7.605255E1	3.765575E1
6.410000E1	1.282000E5	-1.201327E1	2.663799E1	2.922159E1	2.244935E3	7.389756E1	3.838112E1
6.410200E1	1.282040E5	-1.403466E1	2.553691E1	2.913941E1	2.290550E3	7.187617E1	3.948220E1
6.410400E1	1.282080E5	-1.601353E1	2.425194E1	2.906182E1	2.374660E3	6.989730E1	4.076717E1
6.410600E1	1.282120E5	-1.784349E1	2.260100E1	2.879576E1	2.411361E3	6.806733E1	4.241811E1
6.410800E1	1.282160E5	-1.964777E1	2.100915E1	2.876489E1	2.462956E3	6.626306E1	4.400996E1
6.411000E1	1.282200E5	-2.136226E1	1.913839E1	2.868142E1	2.526449E3	6.454857E1	4.588072E1
6.411200E1	1.282240E5	-2.290530E1	1.714284E1	2.860996E1	2.468835E3	6.300553E1	4.787626E1
6.411400E1	1.282280E5	-2.414350E1	1.507583E1	2.846383E1	2.453942E3	6.176733E1	4.994327E1
6.411600E1	1.282320E5	-2.541701E1	1.294852E1	2.852523E1	2.442569E3	6.049381E1	5.207059E1
6.411800E1	1.282360E5	-2.639776E1	1.077889E1	2.851361E1	2.360831E3	5.951307E1	5.424022E1
6.412000E1	1.282400E5	-2.712023E1	8.578525E0	2.844464E1	2.375527E3	5.879060E1	5.644058E1
6.412200E1	1.282440E5	-2.767008E1	6.240471E0	2.836506E1	2.508360E3	5.824075E1	5.877864E1
6.412400E1	1.282480E5	-2.797233E1	3.692307E0	2.821497E1	2.480431E3	5.793849E1	6.132680E1
6.412600E1	1.282520E5	-2.797509E1	1.362157E0	2.800823E1	2.332744E3	5.793574E1	6.365695E1
6.412800E1	1.282560E5	-2.772861E1	-8.769715E-1	2.774248E1	2.432968E3	5.818222E1	6.589608E1
6.413000E1	1.282600E5	-2.749268E1	-3.348520E0	2.769585E1	2.553566E3	5.841815E1	6.836763E1
6.413200E1	1.282640E5	-2.698612E1	-5.748753E0	2.759164E1	2.565166E3	5.892471E1	7.076786E1
6.413400E1	1.282680E5	-2.626198E1	-8.131904E0	2.749217E1	2.514765E3	5.964885E1	7.315101E1
6.413600E1	1.282720E5	-2.552226E1	-1.035564E1	2.754315E1	2.413172E3	6.038856E1	7.537474E1
6.413800E1	1.282760E5	-2.450045E1	-1.240699E1	2.746280E1	2.431057E3	6.141038E1	7.742610E1
6.414000E1	1.282800E5	-2.325617E1	-1.442452E1	2.736633E1	2.469795E3	6.265466E1	7.944362E1
6.414200E1	1.282840E5	-2.188997E1	-1.633814E1	2.731493E1	2.522743E3	6.402086E1	8.135725E1
6.414400E1	1.282880E5	-2.020548E1	-1.812934E1	2.714653E1	2.556885E3	6.570535E1	8.314845E1
6.414600E1	1.282920E5	-1.854315E1	-1.986028E1	2.717129E1	2.590736E3	6.736768E1	8.487938E1
6.414800E1	1.282960E5	-1.664319E1	-2.150502E1	2.719304E1	2.543763E3	6.926764E1	8.652413E1
6.415000E1	1.283000E5	-1.466969E1	-2.271009E1	2.703605E1	2.538737E3	7.124114E1	8.772919E1
6.415200E1	1.283040E5	-1.255852E1	-2.404052E1	2.712310E1	2.598665E3	7.335231E1	8.905962E1
6.415400E1	1.283080E5	-1.036063E1	-2.505484E1	2.711250E1	2.506544E3	7.555020E1	9.007395E1
6.415600E1	1.283120E5	-8.185177E0	-2.587198E1	2.713589E1	2.475018E3	7.772565E1	9.089109E1
6.415800E1	1.283160E5	-5.893078E0	-2.643801E1	2.708684E1	2.534786E3	8.001775E1	9.145712E1
6.416000E1	1.283200E5	-3.479405E0	-2.672864E1	2.695416E1	2.570001E3	8.243142E1	9.174775E1
6.416200E1	1.283240E5	-1.077368E0	-2.698979E1	2.701128E1	2.607313E3	8.483346E1	9.200890E1
6.416400E1	1.283280E5	1.422348E0	-2.702745E1	2.706485E1	2.514300E3	8.733318E1	9.204656E1
6.416600E1	1.283320E5	3.663005E0	-2.684056E1	2.708936E1	2.446961E3	8.957383E1	9.185967E1
6.416800E1	1.283360E5	5.987176E0	-2.635198E1	2.702356E1	2.611550E3	9.189800E1	9.137108E1
6.417000E1	1.283400E5	8.435153E0	-2.562927E1	2.698169E1	2.601330E3	9.434598E1	9.064838E1
6.417200E1	1.283440E5	1.055907E1	-2.462947E1	2.679748E1	2.505966E3	9.646990E1	8.964858E1
6.417400E1	1.283480E5	1.259961E1	-2.345748E1	2.662712E1	2.516178E3	9.851043E1	8.847659E1
6.417600E1	1.283520E5	1.456890E1	-2.220406E1	2.655698E1	2.493511E3	1.004797E2	8.722317E1
6.417800E1	1.283560E5	1.646881E1	-2.091655E1	2.662186E1	2.499841E3	1.023796E2	8.593565E1
6.418000E1	1.283600E5	1.831846E1	-1.945968E1	2.672537E1	2.577801E3	1.042293E2	8.447879E1
6.418200E1	1.283640E5	2.001848E1	-1.769429E1	2.671755E1	2.663600E3	1.059293E2	8.271340E1
6.418400E1	1.283680E5	2.161989E1	-1.575156E1	2.674941E1	2.509157E3	1.075307E2	8.077067E1
6.418600E1	1.283720E5	2.289778E1	-1.399704E1	2.683702E1	2.350790E3	1.088086E2	7.901614E1
6.418800E1	1.283760E5	2.393864E1	-1.202561E1	2.678943E1	2.498093E3	1.098495E2	7.704472E1
6.419000E1	1.283800E5	2.517551E1	-9.888676E0	2.704796E1	2.521360E3	1.110863E2	7.490778E1
6.419200E1	1.283840E5	2.602487E1	-7.752063E0	2.715489E1	2.481771E3	1.119357E2	7.277117E1
6.419400E1	1.283880E5	2.662089E1	-5.424451E0	2.716793E1	2.524902E3	1.125317E2	7.044356E1
6.419600E1	1.283920E5	2.697932E1	-3.068028E0	2.715320E1	2.532441E3	1.128901E2	6.808714E1
6.419800E1	1.283960E5	2.725223E1	-6.600977E-1	2.726022E1	2.616777E3	1.131631E2	6.567921E1
6.420000E1	1.284000E5	2.733341E1	1.901476E0	2.739947E1	2.549121E3	1.132442E2	6.311763E1
6.420200E1	1.284040E5	2.718076E1	4.212151E0	2.750520E1	2.443448E3	1.130916E2	6.080696E1
6.420400E1	1.284080E5	2.671219E1	6.538021E0	2.750067E1	2.493720E3	1.126230E2	5.848109E1
6.420600E1	1.284120E5	2.607488E1	8.868403E0	2.754175E1	2.461438E3	1.119857E2	5.615070E1
6.420800E1	1.284160E5	2.544280E1	1.111514E1	2.776477E1	2.386956E3	1.113536E2	5.390397E1
6.421000E1	1.284200E5	2.448126E1	1.319925E1	2.781280E1	2.357492E3	1.103921E2	5.181986E1
6.421200E1	1.284240E5	2.332845E1	1.516643E1	2.782512E1	2.349332E3	1.092393E2	4.985268E1
6.421400E1	1.284280E5	2.208428E1	1.708653E1	2.792248E1	2.371908E3	1.079951E2	4.793258E1
6.421600E1	1.284320E5	2.069981E1	1.897890E1	2.808346E1	2.448166E3	1.066106E2	4.604021E1
6.421800E1	1.284360E5	1.898788E1	2.073736E1	2.811722E1	2.436073E3	1.048987E2	4.428174E1
6.422000E1	1.284400E5	1.738721E1	2.246469E1	2.840735E1	2.428435E3	1.032980E2	4.255442E1
6.422200E1	1.284440E5	1.548088E1	2.405423E1	2.860531E1	2.413223E3	1.013917E2	4.096487E1
6.422400E1	1.284480E5	1.346283E1	2.522821E1	2.859564E1	2.342994E3	9.937366E1	3.979090E1
6.422600E1	1.284520E5	1.133446E1	2.620162E1	2.854812E1	2.271909E3	9.724528E1	3.881749E1
6.422800E1	1.284560E5	9.308272E0	2.703532E1	2.859287E1	2.250470E3	9.521910E1	3.798379E1
6.423000E1	1.284600E5	7.135990E0	2.781148E1	2.871238E1	2.290488E3	9.304682E1	3.720763E1
6.423200E1	1.284640E5	4.936857E0	2.847273E1	2.889756E1	2.261150E3	9.084768E1	3.654637E1
6.423400E1	1.284680E5	2.704001E0	2.889517E1	2.902141E1	2.348601E3	8.861483E1	3.612394E1
6.423600E1	1.284720E5	2.243271E-1	2.906204E1	2.906291E1	2.346387E3	8.613516E1	3.595706E1
6.423800E1	1.284760E5	-2.048256E0	2.900483E1	2.907706E1	2.189284E3	8.386257E1	3.601428E1
6.424000E1	1.284800E5	-4.187833E0	2.865444E1	2.895885E1	2.254032E3	8.172299E1	3.636467E1
6.424200E1	1.284840E5	-6.581948E0	2.838403E1	2.913718E1	2.307243E3	7.932888E1	3.663508E1
6.424400E1	1.284880E5	-8.834126E0	2.794367E1	2.930683E1	2.227464E3	7.707670E1	3.707544E1
6.424600E1	1.284920E5	-1.091744E1	2.706870E1	2.918742E1	2.240328E3	7.499339E1	3.795041E1
6.424800E1	1.284960E5	-1.294524E1	2.595826E1	2.900708E1	2.239196E3	7.296559E1	3.906084E1
6.425000E1	1.285000E5	-1.487547E1	2.483330E1	2.894775E1	2.239973E3	7.103536E1	4.018581E1
6.425200E1	1.285040E5	-1.674006E1	2.349900E1	2.885191E1	2.284756E3	6.917076E1	4.152010E1
6.425400E1	1.285080E5	-1.856851E1	2.208116E1	2.885077E1	2.335429E3	6.734232E1	4.293795E1
6.425600E1	1.285120E5	-2.029981E1	2.043719E1	2.880557E1	2.328354E3	6.561102E1	4.458192E1
6.425800E1	1.285160E5	-2.189905E1	1.878661E1	2.885316E1	2.287950E3	6.401177E1	4.623250E1
6.426000E1	1.285200E5	-2.319704E1	1.687927E1	2.868819E1	2.354013E3	6.271379E1	4.813984E1
6.426200E1	1.285240E5	-2.454039E1	1.486766E1	2.869283E1	2.361140E3	6.137043E1	5.015144E1
6.426400E1	1.285280E5	-2.556583E1	1.280066E1	2.859141E1	2.312523E3	6.034500E1	5.221844E1
6.426600E1	1.285320E5	-2.646485E1	1.067061E1	2.853507E1	2.264784E3	5.944598E1	5.434850E1
6.426800E1	1.285360E5	-2.713130E1	8.574113E0	2.845388E1	2.300390E3	5.877952E1	5.644500E1
6.427000E1	1.285400E5	-2.764435E1	6.259183E0	2.834410E1	2.465985E3	5.826647E1	5.875993E1
6.427200E1	1.285440E5	-2.791091E1	3.760703E0	2.816313E1	2.430130E3	5.799992E1	6.125841E1
6.427400E1	1.285480E5	-2.795703E1	1.483356E0	2.799635E1	2.284436E3	5.795380E1	6.353575E1
6.427600E1	1.285520E5	-2.772475E1	-7.085451E-1	2.773380E1	2.413733E3	5.818608E1	6.572765E1
6.427800E1	1.285560E5	-2.750187E1	-3.190712E0	2.768634E1	2.429873E3	5.840896E1	6.820982E1
6.428000E1	1.285600E5	-2.716920E1	-5.371491E0	2.769510E1	2.317525E3	5.874163E1	7.039060E1
6.428200E1	1.285640E5	-2.668114E1	-7.594208E0	2.774085E1	2.339899E3	5.922969E1	7.261332E1
6.428400E1	1.285680E5	-2.579338E1	-9.665842E0	2.754500E1	2.324795E3	6.011745E1	7.468495E1
6.428600E1	1.285720E5	-2.472128E1	-1.162612E1	2.731865E1	2.339412E3	6.118954E1	7.664523E1
6.428800E1	1.285760E5	-2.353176E1	-1.353174E1	2.714502E1	2.387118E3	6.237906E1	7.855085E1
6.429000E1	1.285800E5	-2.225801E1	-1.543259E1	2.708476E1	2.438746E3	6.365282E1	8.045170E1
6.429200E1	1.285840E5	-2.086925E1	-1.729874E1	2.710668E1	2.507382E3	6.504157E1	8.231785E1
6.429400E1	1.285880E5	-1.915016E1	-1.899373E1	2.697203E1	2.515682E3	6.676067E1	8.401284E1
6.429600E1	1.285920E5	-1.752420E1	-2.067729E1	2.710439E1	2.428062E3	6.838662E1	8.569640E1
6.429800E1	1.285960E5	-1.564682E1	-2.191765E1	2.692965E1	2.472444E3	7.026401E1	8.693675E1
6.430000E1	1.286000E5	-1.364831E1	-2.327059E1	2.697770E1	2.537058E3	7.226252E1	8.828970E1
6.430200E1	1.286040E5	-1.154582E1	-2.434341E1	2.694268E1	2.453872E3	7.436501E1	8.936252E1
6.430400E1	1.286080E5	-9.436422E0	-2.513672E1	2.684959E1	2.397624E3	7.647441E1	9.015583E1
6.430600E1	1.286120E5	-7.314753E0	-2.587739E1	2.689135E1	2.444015E3	7.859608E1	9.089649E1
6.430800E1	1.286160E5	-5.041736E0	-2.642903E1	2.690563E1	2.572395E3	8.086909E1	9.144814E1
6.431000E1	1.286200E5	-2.564647E0	-2.666214E1	2.678520E1	2.537277E3	8.334618E1	9.168125E1
6.431200E1	1.286240E5	-3.031624E-1	-2.667420E1	2.667592E1	2.340852E3	8.560767E1	9.169331E1
6.431400E1	1.286280E5	1.793661E0	-2.652184E1	2.658243E1	2.307758E3	8.770449E1	9.154095E1
6.431600E1	1.286320E5	3.952691E0	-2.619820E1	2.649470E1	2.496825E3	8.986352E1	9.121730E1
6.431800E1	1.286360E5	6.382299E0	-2.587429E1	2.664981E1	2.529067E3	9.229313E1	9.089340E1
6.432000E1	1.286400E5	8.591734E0	-2.538881E1	2.680317E1	2.386038E3	9.450256E1	9.040792E1
6.432200E1	1.286440E5	1.061512E1	-2.452958E1	2.672791E1	2.389014E3	9.652595E1	8.954869E1
6.432400E1	1.286480E5	1.259604E1	-2.344021E1	2.661022E1	2.444085E3	9.850687E1	8.845932E1
6.432600E1	1.286520E5	1.454378E1	-2.224488E1	2.657736E1	2.459546E3	1.004546E2	8.726399E1
6.432800E1	1.286560E5	1.640406E1	-2.092811E1	2.659095E1	2.455405E3	1.023149E2	8.594721E1
6.433000E1	1.286600E5	1.822358E1	-1.954348E1	2.672165E1	2.495727E3	1.041344E2	8.456259E1
6.433200E1	1.286640E5	1.989897E1	-1.787107E1	2.674592E1	2.397295E3	1.058098E2	8.289018E1
6.433400E1	1.286680E5	2.121518E1	-1.622751E1	2.670985E1	2.397309E3	1.071260E2	8.124662E1
6.433600E1	1.286720E5	2.262095E1	-1.432109E1	2.677314E1	2.510083E3	1.085318E2	7.934020E1
6.433800E1	1.286760E5	2.371184E1	-1.227639E1	2.670133E1	2.458625E3	1.096227E2	7.729550E1
6.434000E1	1.286800E5	2.465218E1	-1.021277E1	2.668391E1	2.427759E3	1.105630E2	7.523188E1
6.434200E1	1.286840E5	2.546494E1	-8.107825E0	2.672452E1	2.397847E3	1.113758E2	7.312693E1
6.434400E1	1.286880E5	2.618729E1	-6.003263E0	2.686658E1	2.411915E3	1.120981E2	7.102237E1
6.434600E1	1.286920E5	2.675082E1	-3.765954E0	2.701460E1	2.406856E3	1.126616E2	6.878506E1
6.434800E1	1.286960E5	2.690586E1	-1.543920E0	2.695012E1	2.416912E3	1.128167E2	6.656303E1
6.435000E1	1.287000E5	2.694593E1	7.782084E-1	2.695717E1	2.426942E3	1.128568E2	6.424090E1
6.435200E1	1.287040E5	2.710601E1	3.051735E0	2.727726E1	2.317510E3	1.130168E2	6.196737E1
6.435400E1	1.287080E5	2.697317E1	5.206080E0	2.747099E1	2.325988E3	1.128840E2	5.981303E1
6.435600E1	1.287120E5	2.650427E1	7.463769E0	2.753514E1	2.503041E3	1.124151E2	5.755534E1
6.435800E1	1.287160E5	2.582892E1	9.881947E0	2.765476E1	2.502863E3	1.117397E2	5.513716E1
6.436000E1	1.287200E5	2.489218E1	1.200068E1	2.763398E1	2.372108E3	1.108030E2	5.301843E1
6.436200E1	1.287240E5	2.383591E1	1.399837E1	2.764245E1	2.353210E3	1.097467E2	5.102074E1
6.436400E1	1.287280E5	2.261321E1	1.592342E1	2.765705E1	2.348370E3	1.085240E2	4.909569E1
6.436600E1	1.287320E5	2.135644E1	1.780513E1	2.780504E1	2.304365E3	1.072673E2	4.721398E1
6.436800E1	1.287360E5	2.005195E1	1.961529E1	2.805068E1	2.254483E3	1.059628E2	4.540382E1
6.437000E1	1.287400E5	1.865346E1	2.133494E1	2.833957E1	2.347220E3	1.045643E2	4.368417E1
6.437200E1	1.287440E5	1.687517E1	2.302172E1	2.854419E1	2.392861E3	1.027860E2	4.199739E1
6.437400E1	1.287480E5	1.494281E1	2.429656E1	2.852386E1	2.129477E3	1.008536E2	4.072255E1
6.437600E1	1.287520E5	1.328942E1	2.528699E1	2.856642E1	2.071450E3	9.920025E1	3.973212E1
6.437800E1	1.287560E5	1.128682E1	2.619959E1	2.852737E1	2.151897E3	9.719765E1	3.881952E1
6.438000E1	1.287600E5	9.360665E0	2.700711E1	2.858332E1	2.172632E3	9.527149E1	3.801200E1
6.438200E1	1.287640E5	7.238977E0	2.775925E1	2.868761E1	2.204779E3	9.314980E1	3.725986E1
6.438400E1	1.287680E5	5.158810E0	2.839499E1	2.885981E1	2.206378E3	9.106964E1	3.662412E1
6.438600E1	1.287720E5	2.940495E0	2.899696E1	2.914567E1	2.204934E3	8.885132E1	3.602215E1
6.438800E1	1.287760E5	7.477359E-1	2.899066E1	2.900030E1	2.264059E3	8.665856E1	3.602845E1
6.439000E1	1.287800E5	-1.653405E0	2.897590E1	2.902303E1	2.242004E3	8.425742E1	3.604321E1
6.439200E1	1.287840E5	-3.791736E0	2.883784E1	2.908605E1	2.088528E3	8.211909E1	3.618127E1
6.439400E1	1.287880E5	-5.863824E0	2.851592E1	2.911258E1	2.104827E3	8.004700E1	3.650319E1
6.439600E1	1.287920E5	-8.011429E0	2.810598E1	2.922549E1	2.155025E3	7.789940E1	3.691313E1
6.439800E1	1.287960E5	-1.005904E1	2.728081E1	2.907622E1	2.165409E3	7.585179E1	3.773830E1
6.440000E1	1.288000E5	-1.202236E1	2.629367E1	2.891184E1	2.190989E3	7.388846E1	3.872544E1
6.440200E1	1.288040E5	-1.392418E1	2.511575E1	2.871731E1	2.218479E3	7.198665E1	3.990336E1
6.440400E1	1.288080E5	-1.578479E1	2.389765E1	2.864014E1	2.213486E3	7.012604E1	4.112146E1
6.440600E1	1.288120E5	-1.759937E1	2.264166E1	2.867722E1	2.208972E3	6.831145E1	4.237745E1
6.440800E1	1.288160E5	-1.935753E1	2.128760E1	2.877283E1	2.297326E3	6.655330E1	4.373151E1
6.441000E1	1.288200E5	-2.102237E1	1.957130E1	2.872239E1	2.222760E3	6.488845E1	4.544781E1
6.441200E1	1.288240E5	-2.232123E1	1.796448E1	2.865239E1	2.181116E3	6.358960E1	4.705463E1
6.441400E1	1.288280E5	-2.364791E1	1.608818E1	2.860163E1	2.286976E3	6.226292E1	4.893093E1
6.441600E1	1.288320E5	-2.472447E1	1.409101E1	2.845797E1	2.264782E3	6.118636E1	5.092810E1
6.441800E1	1.288360E5	-2.566698E1	1.206109E1	2.835954E1	2.253539E3	6.024385E1	5.295801E1
6.442000E1	1.288400E5	-2.645680E1	9.979040E0	2.827620E1	2.223897E3	5.945403E1	5.504007E1
6.442200E1	1.288440E5	-2.712427E1	7.918114E0	2.825637E1	2.266651E3	5.878656E1	5.710099E1
6.442400E1	1.288480E5	-2.769363E1	5.684179E0	2.827096E1	2.256234E3	5.821719E1	5.933493E1
6.442600E1	1.288520E5	-2.789927E1	3.548563E0	2.812404E1	2.171217E3	5.801156E1	6.147055E1
6.442800E1	1.288560E5	-2.795108E1	1.422849E0	2.798727E1	2.165733E3	5.795975E1	6.359626E1
6.443000E1	1.288600E5	-2.780963E1	-6.865943E-1	2.781811E1	2.193851E3	5.810120E1	6.570570E1
6.443200E1	1.288640E5	-2.746578E1	-2.819553E0	2.761012E1	2.325607E3	5.844505E1	6.783866E1
6.443400E1	1.288680E5	-2.718224E1	-5.144354E0	2.766475E1	2.399325E3	5.872859E1	7.016346E1
6.443600E1	1.288720E5	-2.670226E1	-7.384408E0	2.770452E1	2.332818E3	5.920857E1	7.240352E1
6.443800E1	1.288760E5	-2.585819E1	-9.436146E0	2.752611E1	2.300697E3	6.005264E1	7.445525E1
6.444000E1	1.288800E5	-2.483810E1	-1.140397E1	2.733097E1	2.328376E3	6.107272E1	7.642308E1
6.444200E1	1.288840E5	-2.372460E1	-1.334713E1	2.722136E1	2.334510E3	6.218623E1	7.836623E1
6.444400E1	1.288880E5	-2.250885E1	-1.518207E1	2.715039E1	2.339899E3	6.340198E1	8.020118E1
6.444600E1	1.288920E5	-2.119901E1	-1.699642E1	2.717124E1	2.357825E3	6.471182E1	8.201553E1
6.444800E1	1.288960E5	-1.977919E1	-1.872434E1	2.723632E1	2.442902E3	6.613164E1	8.374345E1
6.445000E1	1.289000E5	-1.806670E1	-2.041545E1	2.726163E1	2.470104E3	6.784413E1	8.543456E1
6.445200E1	1.289040E5	-1.616164E1	-2.169128E1	2.705014E1	2.224725E3	6.974919E1	8.671039E1
6.445400E1	1.289080E5	-1.453843E1	-2.272576E1	2.697825E1	2.255115E3	7.137240E1	8.774487E1
6.445600E1	1.289120E5	-1.258920E1	-2.401104E1	2.711122E1	2.414452E3	7.332163E1	8.903015E1
6.445800E1	1.289160E5	-1.055523E1	-2.492631E1	2.706906E1	2.338898E3	7.535559E1	8.994542E1
6.446000E1	1.289200E5	-8.512521E0	-2.572017E1	2.709225E1	2.376313E3	7.739831E1	9.073928E1
6.446200E1	1.289240E5	-6.325046E0	-2.645687E1	2.720243E1	2.293006E3	7.958578E1	9.147598E1
6.446400E1	1.289280E5	-4.299428E0	-2.672036E1	2.706405E1	2.232345E3	8.161140E1	9.173947E1
6.446600E1	1.289320E5	-2.140287E0	-2.709840E1	2.718279E1	2.263119E3	8.377054E1	9.211751E1
6.446800E1	1.289360E5	-4.165039E-2	-2.701760E1	2.701763E1	2.385951E3	8.586918E1	9.203671E1
6.447000E1	1.289400E5	2.371552E0	-2.695610E1	2.706022E1	2.477769E3	8.828238E1	9.197521E1
6.447200E1	1.289440E5	4.620329E0	-2.668568E1	2.708271E1	2.343914E3	9.053116E1	9.170479E1
6.447400E1	1.289480E5	6.680475E0	-2.601214E1	2.685629E1	2.280323E3	9.259130E1	9.103125E1
6.447600E1	1.289520E5	8.728198E0	-2.542918E1	2.688540E1	2.284394E3	9.463903E1	9.044829E1
6.447800E1	1.289560E5	1.067247E1	-2.449696E1	2.672082E1	2.341434E3	9.658329E1	8.951607E1
6.448000E1	1.289600E5	1.260770E1	-2.340547E1	2.658515E1	2.411062E3	9.851853E1	8.842458E1
6.448200E1	1.289640E5	1.452160E1	-2.220375E1	2.653080E1	2.393902E3	1.004324E2	8.722286E1
6.448400E1	1.289680E5	1.633486E1	-2.099409E1	2.660036E1	2.373628E3	1.022457E2	8.601320E1
6.448600E1	1.289720E5	1.811208E1	-1.964174E1	2.671788E1	2.454513E3	1.040229E2	8.466085E1
6.448800E1	1.289760E5	1.978168E1	-1.799777E1	2.674387E1	2.349154E3	1.056925E2	8.301688E1
6.449000E1	1.289800E5	2.107023E1	-1.641664E1	2.671068E1	2.334935E3	1.069811E2	8.143575E1
6.449200E1	1.289840E5	2.246632E1	-1.456574E1	2.677493E1	2.449889E3	1.083772E2	7.958485E1
6.449400E1	1.289880E5	2.354926E1	-1.258681E1	2.670197E1	2.415218E3	1.094601E2	7.760592E1
6.449600E1	1.289920E5	2.449649E1	-1.054780E1	2.667085E1	2.414287E3	1.104073E2	7.556691E1
6.449800E1	1.289960E5	2.534088E1	-8.462641E0	2.671660E1	2.363615E3	1.112517E2	7.348175E1
6.450000E1	1.290000E5	2.606883E1	-6.423140E0	2.684848E1	2.346464E3	1.119797E2	7.144225E1
6.450200E1	1.290040E5	2.663678E1	-4.257459E0	2.697488E1	2.273851E3	1.125476E2	6.927657E1
6.450400E1	1.290080E5	2.694149E1	-2.236812E0	2.703419E1	2.233019E3	1.128523E2	6.725592E1
6.450600E1	1.290120E5	2.727329E1	-7.088684E-2	2.727338E1	2.247522E3	1.131841E2	6.509000E1
6.450800E1	1.290160E5	2.732222E1	2.027515E0	2.739734E1	2.198224E3	1.132330E2	6.299159E1
6.451000E1	1.290200E5	2.715761E1	4.128527E0	2.746963E1	2.230177E3	1.130684E2	6.089058E1
6.451200E1	1.290240E5	2.686228E1	6.283038E0	2.758729E1	2.204487E3	1.127731E2	5.873607E1
6.451400E1	1.290280E5	2.618793E1	8.237895E0	2.745307E1	2.187756E3	1.120988E2	5.678121E1
6.451600E1	1.290320E5	2.559897E1	1.029888E1	2.759301E1	2.235100E3	1.115098E2	5.472022E1
6.451800E1	1.290360E5	2.473761E1	1.228111E1	2.761838E1	2.255623E3	1.106484E2	5.273800E1
6.452000E1	1.290400E5	2.364886E1	1.417499E1	2.757170E1	2.274816E3	1.095597E2	5.084412E1
6.452200E1	1.290440E5	2.247204E1	1.603009E1	2.760355E1	2.306191E3	1.083829E2	4.898902E1
6.452400E1	1.290480E5	2.120326E1	1.789468E1	2.774524E1	2.278781E3	1.071141E2	4.712442E1
6.452600E1	1.290520E5	1.991203E1	1.964739E1	2.797336E1	2.203927E3	1.058229E2	4.537172E1
6.452800E1	1.290560E5	1.858471E1	2.136322E1	2.831570E1	2.277946E3	1.044955E2	4.365589E1
6.453000E1	1.290600E5	1.685280E1	2.296624E1	2.848623E1	2.330179E3	1.027636E2	4.205287E1
6.453200E1	1.290640E5	1.496350E1	2.422741E1	2.847584E1	2.117981E3	1.008743E2	4.079170E1
6.453400E1	1.290680E5	1.330835E1	2.524199E1	2.853543E1	2.028765E3	9.921918E1	3.977712E1
6.453600E1	1.290720E5	1.140165E1	2.611534E1	2.849577E1	2.096662E3	9.731248E1	3.890377E1
6.453800E1	1.290760E5	9.495241E0	2.694379E1	2.856795E1	2.133172E3	9.540607E1	3.807531E1
6.454000E1	1.290800E5	7.447361E0	2.769176E1	2.867572E1	2.163820E3	9.335819E1	3.732735E1
6.454200E1	1.290840E5	5.386175E0	2.834915E1	2.885628E1	2.166149E3	9.129700E1	3.666996E1
6.454400E1	1.290880E5	3.238539E0	2.892581E1	2.910654E1	2.143980E3	8.914937E1	3.609330E1
6.454600E1	1.290920E5	1.107946E0	2.908239E1	2.910348E1	2.053489E3	8.701877E1	3.593672E1
6.454800E1	1.290960E5	-9.261397E-1	2.905487E1	2.906963E1	2.001578E3	8.498469E1	3.596424E1
6.455000E1	1.291000E5	-2.948229E0	2.890143E1	2.905141E1	1.985605E3	8.296260E1	3.611768E1
6.455200E1	1.291040E5	-4.933034E0	2.865422E1	2.907575E1	2.044679E3	8.097779E1	3.636489E1
6.455400E1	1.291080E5	-7.055975E0	2.829303E1	2.915960E1	2.071125E3	7.885485E1	3.672608E1
6.455600E1	1.291120E5	-8.987469E0	2.757436E1	2.900207E1	2.041430E3	7.692336E1	3.744474E1
6.455800E1	1.291160E5	-1.095865E1	2.689491E1	2.904184E1	2.085551E3	7.495218E1	3.812420E1
6.456000E1	1.291200E5	-1.286793E1	2.592815E1	2.894568E1	2.122907E3	7.304289E1	3.909096E1
6.456200E1	1.291240E5	-1.473518E1	2.485575E1	2.889522E1	2.160765E3	7.117565E1	4.016336E1
6.456400E1	1.291280E5	-1.656664E1	2.362633E1	2.885580E1	2.167232E3	6.934419E1	4.139278E1
6.456600E1	1.291320E5	-1.830614E1	2.234220E1	2.888405E1	2.117312E3	6.760469E1	4.267691E1
6.456800E1	1.291360E5	-1.993245E1	2.099917E1	2.895285E1	2.121494E3	6.597838E1	4.401994E1
6.457000E1	1.291400E5	-2.135244E1	1.935065E1	2.881622E1	2.123098E3	6.455839E1	4.566846E1
6.457200E1	1.291440E5	-2.272444E1	1.775457E1	2.883791E1	2.105404E3	6.318639E1	4.726454E1
6.457400E1	1.291480E5	-2.383288E1	1.593235E1	2.866786E1	2.156075E3	6.207794E1	4.908676E1
6.457600E1	1.291520E5	-2.481535E1	1.396913E1	2.847698E1	2.185763E3	6.109548E1	5.104998E1
6.457800E1	1.291560E5	-2.567019E1	1.198100E1	2.832848E1	2.191607E3	6.024064E1	5.303811E1
6.458000E1	1.291600E5	-2.648922E1	9.961779E0	2.830046E1	2.221005E3	5.942160E1	5.505733E1
6.458200E1	1.291640E5	-2.708936E1	7.837264E0	2.820029E1	2.162245E3	5.882147E1	5.718184E1
6.458400E1	1.291680E5	-2.741727E1	5.808095E0	2.802572E1	2.143597E3	5.849355E1	5.921101E1
6.458600E1	1.291720E5	-2.780252E1	3.690574E0	2.804640E1	2.159229E3	5.810831E1	6.132853E1
6.458800E1	1.291760E5	-2.787243E1	1.618748E0	2.791940E1	2.132652E3	5.803840E1	6.340036E1
6.459000E1	1.291800E5	-2.778267E1	-4.700240E-1	2.778665E1	2.134954E3	5.812815E1	6.548913E1
6.459200E1	1.291840E5	-2.760798E1	-2.520288E0	2.772278E1	2.102627E3	5.830285E1	6.753940E1
6.459400E1	1.291880E5	-2.726892E1	-4.504434E0	2.763845E1	2.162465E3	5.864191E1	6.952354E1
6.459600E1	1.291920E5	-2.685693E1	-6.629428E0	2.766304E1	2.232649E3	5.905390E1	7.164854E1
6.459800E1	1.291960E5	-2.601621E1	-8.609244E0	2.740369E1	2.186359E3	5.989462E1	7.362835E1
6.460000E1	1.292000E5	-2.512195E1	-1.046306E1	2.721375E1	2.166723E3	6.078887E1	7.548217E1
6.460200E1	1.292040E5	-2.431940E1	-1.237918E1	2.728877E1	2.216498E3	6.159143E1	7.739829E1
6.460400E1	1.292080E5	-2.327266E1	-1.424880E1	2.728818E1	2.285901E3	6.263817E1	7.926791E1
6.460600E1	1.292120E5	-2.205380E1	-1.609419E1	2.730189E1	2.381531E3	6.385703E1	8.111330E1
6.460800E1	1.292160E5	-2.047900E1	-1.780425E1	2.713634E1	2.405697E3	6.543182E1	8.282336E1
6.461000E1	1.292200E5	-1.898796E1	-1.948734E1	2.720844E1	2.319901E3	6.692287E1	8.450645E1
6.461200E1	1.292240E5	-1.723702E1	-2.074956E1	2.697516E1	2.253546E3	6.867381E1	8.576867E1
6.461400E1	1.292280E5	-1.568036E1	-2.219360E1	2.717406E1	2.248240E3	7.023047E1	8.721271E1
6.461600E1	1.292320E5	-1.382615E1	-2.326364E1	2.706214E1	2.301667E3	7.208468E1	8.828275E1
6.461800E1	1.292360E5	-1.183388E1	-2.422490E1	2.696083E1	2.327804E3	7.407695E1	8.924401E1
6.462000E1	1.292400E5	-9.830025E0	-2.506674E1	2.692529E1	2.289767E3	7.608080E1	9.008585E1
6.462200E1	1.292440E5	-7.808759E0	-2.573966E1	2.689808E1	2.301348E3	7.810207E1	9.075876E1
6.462400E1	1.292480E5	-5.711241E0	-2.639895E1	2.700968E1	2.274010E3	8.019959E1	9.141805E1
6.462600E1	1.292520E5	-3.639535E0	-2.663692E1	2.688441E1	2.203934E3	8.227129E1	9.165602E1
6.462800E1	1.292560E5	-1.580722E0	-2.667182E1	2.671862E1	2.194654E3	8.433011E1	9.169093E1
6.463000E1	1.292600E5	4.635080E-1	-2.660258E1	2.660662E1	2.192755E3	8.637434E1	9.162169E1
6.463200E1	1.292640E5	2.489701E0	-2.644015E1	2.655711E1	2.211383E3	8.840053E1	9.145926E1
6.463400E1	1.292680E5	4.541606E0	-2.617400E1	2.656510E1	2.202142E3	9.045243E1	9.119310E1
6.463600E1	1.292720E5	6.535708E0	-2.585184E1	2.666521E1	2.190384E3	9.244654E1	9.087095E1
6.463800E1	1.292760E5	8.554676E0	-2.541199E1	2.681328E1	2.237947E3	9.446550E1	9.043110E1
6.464000E1	1.292800E5	1.048965E1	-2.454552E1	2.669298E1	2.283158E3	9.640048E1	8.956463E1
6.464200E1	1.292840E5	1.237901E1	-2.354069E1	2.659707E1	2.332351E3	9.828983E1	8.855980E1
6.464400E1	1.292880E5	1.427773E1	-2.243826E1	2.659566E1	2.355696E3	1.001886E2	8.745736E1
6.464600E1	1.292920E5	1.605239E1	-2.117842E1	2.657451E1	2.278484E3	1.019632E2	8.619753E1
6.464800E1	1.292960E5	1.774850E1	-2.000255E1	2.674156E1	2.175187E3	1.036593E2	8.502166E1
6.465000E1	1.293000E5	1.919432E1	-1.862566E1	2.674579E1	2.237857E3	1.051051E2	8.364477E1
6.465200E1	1.293040E5	2.061491E1	-1.697281E1	2.670301E1	2.238683E3	1.065257E2	8.199192E1
6.465400E1	1.293080E5	2.183849E1	-1.539614E1	2.672004E1	2.183539E3	1.077493E2	8.041525E1
6.465600E1	1.293120E5	2.287156E1	-1.359709E1	2.660806E1	2.295917E3	1.087824E2	7.861620E1
6.465800E1	1.293160E5	2.379686E1	-1.160660E1	2.647648E1	2.341963E3	1.097077E2	7.662571E1
6.466000E1	1.293200E5	2.462467E1	-9.632230E0	2.644152E1	2.313259E3	1.105355E2	7.465134E1
6.466200E1	1.293240E5	2.534654E1	-7.627065E0	2.646922E1	2.296769E3	1.112574E2	7.264617E1
6.466400E1	1.293280E5	2.604217E1	-5.619321E0	2.664154E1	2.343176E3	1.119530E2	7.063843E1
6.466600E1	1.293320E5	2.663490E1	-3.447188E0	2.685705E1	2.334688E3	1.125457E2	6.846630E1
6.466800E1	1.293360E5	2.686305E1	-1.331546E0	2.689603E1	2.239281E3	1.127739E2	6.635065E1
6.467000E1	1.293400E5	2.688728E1	7.428982E-1	2.689754E1	2.192459E3	1.127981E2	6.427621E1
6.467200E1	1.293440E5	2.676806E1	2.781379E0	2.691218E1	2.171155E3	1.126789E2	6.223773E1
6.467400E1	1.293480E5	2.656683E1	4.812351E0	2.699917E1	2.121729E3	1.124777E2	6.020676E1
6.467600E1	1.293520E5	2.629336E1	6.760300E0	2.714852E1	2.081670E3	1.122042E2	5.825881E1
6.467800E1	1.293560E5	2.594689E1	8.729059E0	2.737585E1	2.128195E3	1.118577E2	5.629005E1
6.468000E1	1.293600E5	2.545920E1	1.077105E1	2.764392E1	2.178274E3	1.113700E2	5.424806E1
6.468200E1	1.293640E5	2.464856E1	1.272592E1	2.773987E1	2.200906E3	1.105594E2	5.229318E1
6.468400E1	1.293680E5	2.364871E1	1.462596E1	2.780612E1	2.213965E3	1.095595E2	5.039315E1
6.468600E1	1.293720E5	2.252360E1	1.646242E1	2.789845E1	2.180494E3	1.084344E2	4.855669E1
6.468800E1	1.293760E5	2.139279E1	1.824369E1	2.811554E1	2.037372E3	1.073036E2	4.677542E1
6.469000E1	1.293800E5	2.015311E1	1.967514E1	2.816485E1	1.993147E3	1.060639E2	4.534397E1
6.469200E1	1.293840E5	1.882720E1	2.122797E1	2.837411E1	2.067464E3	1.047380E2	4.379114E1
6.469400E1	1.293880E5	1.719799E1	2.247963E1	2.830379E1	2.091293E3	1.031088E2	4.253948E1
6.469600E1	1.293920E5	1.563922E1	2.389485E1	2.855782E1	2.085390E3	1.015501E2	4.112426E1
6.469800E1	1.293960E5	1.387036E1	2.494453E1	2.854149E1	2.127414E3	9.978118E1	4.007458E1
6.470000E1	1.294000E5	1.193881E1	2.596260E1	2.857607E1	2.003874E3	9.784964E1	3.905651E1
6.470200E1	1.294040E5	1.032126E1	2.680294E1	2.872153E1	1.892948E3	9.623209E1	3.821617E1
6.470400E1	1.294080E5	8.501496E0	2.759448E1	2.887439E1	2.074924E3	9.441232E1	3.742463E1
6.470600E1	1.294120E5	6.404004E0	2.827649E1	2.899260E1	2.053814E3	9.231483E1	3.674262E1
6.470800E1	1.294160E5	4.473435E0	2.854028E1	2.888874E1	2.020859E3	9.038426E1	3.647883E1
6.471000E1	1.294200E5	2.369584E0	2.896090E1	2.905768E1	2.060746E3	8.828041E1	3.605821E1
6.471200E1	1.294240E5	3.371468E-1	2.904086E1	2.904282E1	1.978874E3	8.624797E1	3.597825E1
6.471400E1	1.294280E5	-1.640151E0	2.899154E1	2.903789E1	1.958766E3	8.427068E1	3.602757E1
6.471600E1	1.294320E5	-3.625672E0	2.882181E1	2.904897E1	1.953931E3	8.228516E1	3.619730E1
6.471800E1	1.294360E5	-5.575613E0	2.854122E1	2.908073E1	1.998977E3	8.033522E1	3.647789E1
6.472000E1	1.294400E5	-7.640675E0	2.818878E1	2.920595E1	2.004124E3	7.827015E1	3.683033E1
6.472200E1	1.294440E5	-9.504734E0	2.749429E1	2.909082E1	1.987593E3	7.640609E1	3.752482E1
6.472400E1	1.294480E5	-1.146147E1	2.684999E1	2.919396E1	2.027935E3	7.444936E1	3.816912E1
6.472600E1	1.294520E5	-1.331825E1	2.593463E1	2.915443E1	2.063409E3	7.259258E1	3.908448E1
6.472800E1	1.294560E5	-1.516740E1	2.487762E1	2.913668E1	2.063499E3	7.074343E1	4.014148E1
6.473000E1	1.294600E5	-1.688884E1	2.373338E1	2.912913E1	1.948459E3	6.902199E1	4.128573E1
6.473200E1	1.294640E5	-1.830459E1	2.247272E1	2.898416E1	1.914854E3	6.760623E1	4.254639E1
6.473400E1	1.294680E5	-1.984778E1	2.121326E1	2.905059E1	2.007066E3	6.606305E1	4.380585E1
6.473600E1	1.294720E5	-2.117778E1	1.961638E1	2.886695E1	2.056569E3	6.473304E1	4.540273E1
6.473800E1	1.294760E5	-2.253191E1	1.803751E1	2.886242E1	2.067676E3	6.337891E1	4.698160E1
6.474000E1	1.294800E5	-2.365732E1	1.628195E1	2.871882E1	2.084213E3	6.225350E1	4.873716E1
6.474200E1	1.294840E5	-2.466855E1	1.443913E1	2.858366E1	1.975379E3	6.124228E1	5.057998E1
6.474400E1	1.294880E5	-2.551909E1	1.279898E1	2.854886E1	1.968847E3	6.039174E1	5.222013E1
6.474600E1	1.294920E5	-2.633094E1	1.088840E1	2.849343E1	2.111810E3	5.957989E1	5.413070E1
6.474800E1	1.294960E5	-2.698795E1	8.867238E0	2.840735E1	2.060211E3	5.892287E1	5.615187E1
6.475000E1	1.295000E5	-2.736449E1	6.937137E0	2.823011E1	2.068316E3	5.854634E1	5.808197E1
6.475200E1	1.295040E5	-2.773627E1	4.848405E0	2.815684E1	2.130172E3	5.817456E1	6.017070E1
6.475400E1	1.295080E5	-2.787167E1	2.784228E0	2.801039E1	2.076927E3	5.803916E1	6.223488E1
6.475600E1	1.295120E5	-2.784645E1	7.815316E-1	2.785742E1	2.062082E3	5.806438E1	6.423758E1
6.475800E1	1.295160E5	-2.772904E1	-1.231875E0	2.775639E1	2.084928E3	5.818179E1	6.625098E1
6.476000E1	1.295200E5	-2.748460E1	-3.244302E0	2.767541E1	2.056395E3	5.842623E1	6.826341E1
6.476200E1	1.295240E5	-2.717408E1	-5.168643E0	2.766127E1	2.115198E3	5.873674E1	7.018775E1
6.476400E1	1.295280E5	-2.669385E1	-7.248995E0	2.766061E1	2.188438E3	5.921698E1	7.226810E1
6.476600E1	1.295320E5	-2.597534E1	-9.210111E0	2.755983E1	2.188336E3	5.993549E1	7.422922E1
6.476800E1	1.295360E5	-2.500285E1	-1.110388E1	2.735761E1	2.220777E3	6.090797E1	7.612299E1
6.477000E1	1.295400E5	-2.396741E1	-1.296246E1	2.724815E1	2.233071E3	6.194342E1	7.798156E1
6.477200E1	1.295440E5	-2.281913E1	-1.475021E1	2.717133E1	2.211939E3	6.309170E1	7.976932E1
6.477400E1	1.295480E5	-2.168688E1	-1.649342E1	2.724617E1	2.082731E3	6.422395E1	8.151253E1
6.477600E1	1.295520E5	-2.041942E1	-1.788179E1	2.714242E1	2.050927E3	6.549141E1	8.290089E1
6.477800E1	1.295560E5	-1.909090E1	-1.939832E1	2.721686E1	2.170223E3	6.681992E1	8.441743E1
6.478000E1	1.295600E5	-1.743970E1	-2.070321E1	2.706965E1	2.201390E3	6.847113E1	8.572232E1
6.478200E1	1.295640E5	-1.588076E1	-2.207047E1	2.719014E1	2.167357E3	7.003007E1	8.708957E1
6.478400E1	1.295680E5	-1.414154E1	-2.313100E1	2.711137E1	2.057738E3	7.176929E1	8.815011E1
6.478600E1	1.295720E5	-1.254801E1	-2.409847E1	2.716963E1	2.065803E3	7.336282E1	8.911758E1
6.478800E1	1.295760E5	-1.067641E1	-2.493752E1	2.712684E1	2.201420E3	7.523442E1	8.995663E1
6.479000E1	1.295800E5	-8.679663E0	-2.564268E1	2.707182E1	2.154752E3	7.723116E1	9.066179E1
6.479200E1	1.295840E5	-6.757179E0	-2.601933E1	2.688243E1	2.173178E3	7.915365E1	9.103844E1
6.479400E1	1.295880E5	-4.674149E0	-2.648820E1	2.689744E1	2.223141E3	8.123668E1	9.150730E1
6.479600E1	1.295920E5	-2.640890E0	-2.662065E1	2.675133E1	2.149090E3	8.326994E1	9.163976E1
6.479800E1	1.295960E5	-6.565141E-1	-2.665108E1	2.665917E1	2.136457E3	8.525431E1	9.167019E1
6.480000E1	1.296000E5	1.332937E0	-2.649223E1	2.652574E1	2.147751E3	8.724376E1	9.151134E1
6.480200E1	1.296040E5	3.317346E0	-2.633385E1	2.654198E1	2.163806E3	8.922817E1	9.135296E1
6.480400E1	1.296080E5	5.318536E0	-2.605858E1	2.659579E1	2.142888E3	9.122936E1	9.107768E1
6.480600E1	1.296120E5	7.248369E0	-2.569831E1	2.670098E1	2.128207E3	9.315920E1	9.071742E1
6.480800E1	1.296160E5	9.226975E0	-2.528440E1	2.691539E1	2.165073E3	9.513780E1	9.030351E1
6.481000E1	1.296200E5	1.108781E1	-2.442965E1	2.682810E1	2.204202E3	9.699864E1	8.944876E1
6.481200E1	1.296240E5	1.292764E1	-2.345202E1	2.677912E1	2.226131E3	9.883847E1	8.847113E1
6.481400E1	1.296280E5	1.473831E1	-2.242307E1	2.683303E1	2.134037E3	1.006491E2	8.744218E1
6.481600E1	1.296320E5	1.621746E1	-2.121051E1	2.670003E1	2.061153E3	1.021283E2	8.622961E1
6.481800E1	1.296360E5	1.777177E1	-2.004439E1	2.678830E1	2.063093E3	1.036826E2	8.506349E1
6.482000E1	1.296400E5	1.914763E1	-1.871560E1	2.677509E1	2.055738E3	1.050585E2	8.373471E1
6.482200E1	1.296440E5	2.052683E1	-1.735646E1	2.688117E1	2.125378E3	1.064377E2	8.237556E1
6.482400E1	1.296480E5	2.169974E1	-1.567613E1	2.676976E1	2.230991E3	1.076106E2	8.069524E1
6.482600E1	1.296520E5	2.277860E1	-1.384537E1	2.665631E1	2.140161E3	1.086894E2	7.886448E1
6.482800E1	1.296560E5	2.369987E1	-1.222409E1	2.666669E1	2.076880E3	1.096107E2	7.724320E1
6.483000E1	1.296600E5	2.452048E1	-1.040060E1	2.663506E1	2.205831E3	1.104313E2	7.541971E1
6.483200E1	1.296640E5	2.531482E1	-8.450955E0	2.668817E1	2.232084E3	1.112256E2	7.347006E1
6.483400E1	1.296680E5	2.599875E1	-6.509387E0	2.680125E1	2.238986E3	1.119096E2	7.152850E1
6.483600E1	1.296720E5	2.658193E1	-4.450597E0	2.695194E1	2.250489E3	1.124928E2	6.946971E1
6.483800E1	1.296760E5	2.682729E1	-2.372755E0	2.693202E1	2.193332E3	1.127381E2	6.739186E1
6.484000E1	1.296800E5	2.690112E1	-3.434719E-1	2.690331E1	2.155452E3	1.128119E2	6.536258E1
6.484200E1	1.296840E5	2.682530E1	1.672384E0	2.687738E1	2.148570E3	1.127361E2	6.334672E1
6.484400E1	1.296880E5	2.667419E1	3.683685E0	2.692735E1	2.112606E3	1.125850E2	6.133542E1
6.484600E1	1.296920E5	2.641426E1	5.623114E0	2.700615E1	2.062590E3	1.123251E2	5.939599E1
6.484800E1	1.296960E5	2.615086E1	7.554551E0	2.722019E1	2.106524E3	1.120617E2	5.746456E1
6.485000E1	1.297000E5	2.574321E1	9.596286E0	2.747365E1	2.099868E3	1.116540E2	5.542282E1
6.485200E1	1.297040E5	2.501307E1	1.140576E1	2.749082E1	2.057429E3	1.109239E2	5.361335E1
6.485400E1	1.297080E5	2.441536E1	1.335242E1	2.782799E1	2.070700E3	1.103262E2	5.166669E1
6.485600E1	1.297120E5	2.359018E1	1.520015E1	2.806317E1	1.968982E3	1.095010E2	4.981895E1
6.485800E1	1.297160E5	2.248323E1	1.666683E1	2.798712E1	1.974707E3	1.083941E2	4.835227E1
6.486000E1	1.297200E5	2.131624E1	1.833112E1	2.811426E1	2.034844E3	1.072271E2	4.668799E1
6.486200E1	1.297240E5	2.019353E1	1.997545E1	2.840418E1	1.913199E3	1.061044E2	4.504366E1
6.486400E1	1.297280E5	1.892148E1	2.127213E1	2.846973E1	1.803064E3	1.048323E2	4.374698E1
6.486600E1	1.297320E5	1.759576E1	2.244168E1	2.851736E1	1.985458E3	1.035066E2	4.257743E1
6.486800E1	1.297360E5	1.590196E1	2.383394E1	2.865186E1	2.134700E3	1.018128E2	4.118517E1
6.487000E1	1.297400E5	1.412195E1	2.489960E1	2.862550E1	1.973328E3	1.000328E2	4.011951E1
6.487200E1	1.297440E5	1.251099E1	2.585967E1	2.872712E1	1.911305E3	9.842181E1	3.915943E1
6.487400E1	1.297480E5	1.073683E1	2.668881E1	2.876755E1	1.970731E3	9.664766E1	3.833030E1
6.487600E1	1.297520E5	8.884590E0	2.745003E1	2.885203E1	2.073669E3	9.479542E1	3.756908E1
6.487800E1	1.297560E5	6.818455E0	2.814091E1	2.895518E1	2.028786E3	9.272928E1	3.687820E1
6.488000E1	1.297600E5	4.946516E0	2.857849E1	2.900342E1	1.821546E3	9.085734E1	3.644062E1
6.488200E1	1.297640E5	3.214737E0	2.896154E1	2.913941E1	1.805672E3	8.912557E1	3.605757E1
6.488400E1	1.297680E5	1.318448E0	2.906719E1	2.909708E1	1.885542E3	8.722928E1	3.595192E1
6.488600E1	1.297720E5	-6.123888E-1	2.903543E1	2.904189E1	1.894799E3	8.529844E1	3.598367E1
6.488800E1	1.297760E5	-2.518613E0	2.889173E1	2.900130E1	1.904589E3	8.339222E1	3.612738E1
6.489000E1	1.297800E5	-4.455354E0	2.869170E1	2.903556E1	1.911410E3	8.145547E1	3.632741E1
6.489200E1	1.297840E5	-6.369311E0	2.842996E1	2.913470E1	1.945187E3	7.954152E1	3.658915E1
6.489400E1	1.297880E5	-8.360066E0	2.803014E1	2.925029E1	1.936589E3	7.755076E1	3.698897E1
6.489600E1	1.297920E5	-1.014143E1	2.730724E1	2.912961E1	1.895364E3	7.576940E1	3.771187E1
6.489800E1	1.297960E5	-1.205115E1	2.682903E1	2.941134E1	1.817713E3	7.385968E1	3.819008E1
6.490000E1	1.298000E5	-1.355807E1	2.588471E1	2.922053E1	1.852988E3	7.235276E1	3.913440E1
6.490200E1	1.298040E5	-1.526916E1	2.481892E1	2.913977E1	1.949875E3	7.064167E1	4.020019E1
6.490400E1	1.298080E5	-1.690388E1	2.374702E1	2.914896E1	1.860003E3	6.900695E1	4.127209E1
6.490600E1	1.298120E5	-1.829784E1	2.256310E1	2.905003E1	1.882959E3	6.761299E1	4.245601E1
6.490800E1	1.298160E5	-1.979116E1	2.124103E1	2.903225E1	1.974747E3	6.611967E1	4.377808E1
6.491000E1	1.298200E5	-2.104954E1	1.967043E1	2.880987E1	1.894794E3	6.486129E1	4.534868E1
6.491200E1	1.298240E5	-2.214323E1	1.821749E1	2.867402E1	1.970477E3	6.376760E1	4.680162E1
6.491400E1	1.298280E5	-2.347336E1	1.654534E1	2.871841E1	2.003793E3	6.243747E1	4.847376E1
6.491600E1	1.298320E5	-2.447991E1	1.495982E1	2.868906E1	1.925953E3	6.143092E1	5.005929E1
6.491800E1	1.298360E5	-2.537966E1	1.319747E1	2.860595E1	2.010850E3	6.053117E1	5.182164E1
6.492000E1	1.298400E5	-2.621689E1	1.133743E1	2.856331E1	1.942963E3	5.969394E1	5.368168E1
6.492200E1	1.298440E5	-2.686324E1	9.619844E0	2.853375E1	1.839439E3	5.904759E1	5.539926E1
6.492400E1	1.298480E5	-2.726379E1	7.832289E0	2.836652E1	1.958846E3	5.864703E1	5.718682E1
6.492600E1	1.298520E5	-2.770531E1	5.821905E0	2.831040E1	2.036118E3	5.820552E1	5.919720E1
6.492800E1	1.298560E5	-2.785271E1	3.856818E0	2.811847E1	2.013755E3	5.805812E1	6.116229E1
6.493000E1	1.298600E5	-2.787718E1	1.857595E0	2.793900E1	2.028383E3	5.803365E1	6.316151E1
6.493200E1	1.298640E5	-2.778629E1	-1.114494E-1	2.778651E1	2.020577E3	5.812454E1	6.513056E1
6.493400E1	1.298680E5	-2.763907E1	-2.063658E0	2.771600E1	2.023689E3	5.827176E1	6.708277E1
6.493600E1	1.298720E5	-2.737077E1	-4.004949E0	2.766223E1	2.074293E3	5.854006E1	6.902406E1
6.493800E1	1.298760E5	-2.701111E1	-6.021471E0	2.767415E1	2.071216E3	5.889972E1	7.104058E1
6.494000E1	1.298800E5	-2.636497E1	-7.864462E0	2.751293E1	2.077246E3	5.954586E1	7.288357E1
6.494200E1	1.298840E5	-2.574947E1	-9.820510E0	2.755862E1	2.103374E3	6.016136E1	7.483962E1
6.494400E1	1.298880E5	-2.493955E1	-1.164165E1	2.752289E1	1.976129E3	6.097127E1	7.666076E1
6.494600E1	1.298920E5	-2.391043E1	-1.313439E1	2.728042E1	1.981821E3	6.200039E1	7.815350E1
6.494800E1	1.298960E5	-2.282302E1	-1.479326E1	2.719799E1	2.099185E3	6.308781E1	7.981237E1
6.495000E1	1.299000E5	-2.169563E1	-1.645442E1	2.722955E1	2.019029E3	6.421520E1	8.147353E1
6.495200E1	1.299040E5	-2.048068E1	-1.782011E1	2.714801E1	1.991213E3	6.543015E1	8.283922E1
6.495400E1	1.299080E5	-1.922209E1	-1.931781E1	2.725191E1	1.991850E3	6.668874E1	8.433691E1
6.495600E1	1.299120E5	-1.786121E1	-2.054243E1	2.722157E1	1.971621E3	6.804962E1	8.556153E1
6.495800E1	1.299160E5	-1.623410E1	-2.156591E1	2.699323E1	1.958420E3	6.967673E1	8.658502E1
6.496000E1	1.299200E5	-1.471236E1	-2.250633E1	2.688845E1	1.990302E3	7.119847E1	8.752544E1
6.496200E1	1.299240E5	-1.298016E1	-2.340718E1	2.676529E1	2.141947E3	7.293067E1	8.842629E1
6.496400E1	1.299280E5	-1.109181E1	-2.422125E1	2.664014E1	2.196136E3	7.481902E1	8.924035E1
6.496600E1	1.299320E5	-9.240447E0	-2.508039E1	2.672849E1	2.038167E3	7.667038E1	9.009950E1
6.496800E1	1.299360E5	-7.597442E0	-2.572743E1	2.682576E1	2.047298E3	7.831339E1	9.074654E1
6.497000E1	1.299400E5	-5.620670E0	-2.636109E1	2.695365E1	2.118161E3	8.029016E1	9.138020E1
6.497200E1	1.299440E5	-3.722781E0	-2.655792E1	2.681757E1	2.076206E3	8.218805E1	9.157702E1
6.497400E1	1.299480E5	-1.737163E0	-2.663611E1	2.669270E1	2.104710E3	8.417367E1	9.165522E1
6.497600E1	1.299520E5	2.037628E-1	-2.657270E1	2.657348E1	2.075422E3	8.611459E1	9.159181E1
6.497800E1	1.299560E5	2.112665E0	-2.642969E1	2.651399E1	2.103949E3	8.802349E1	9.144880E1
6.498000E1	1.299600E5	4.083501E0	-2.621094E1	2.652713E1	2.100113E3	8.999433E1	9.123005E1
6.498200E1	1.299640E5	5.984133E0	-2.598076E1	2.666101E1	2.097971E3	9.189496E1	9.099986E1
6.498400E1	1.299680E5	7.940381E0	-2.557690E1	2.678110E1	2.065985E3	9.385121E1	9.059601E1
6.498600E1	1.299720E5	9.710816E0	-2.499116E1	2.681153E1	1.922731E3	9.562164E1	9.001027E1
6.498800E1	1.299760E5	1.130543E1	-2.431329E1	2.681322E1	1.950734E3	9.721626E1	8.933240E1
6.499000E1	1.299800E5	1.299142E1	-2.340094E1	2.676529E1	2.086343E3	9.890224E1	8.842005E1
6.499200E1	1.299840E5	1.470942E1	-2.240716E1	2.680388E1	2.042737E3	1.006202E2	8.742627E1
6.499400E1	1.299880E5	1.614878E1	-2.126866E1	2.670466E1	2.012136E3	1.020596E2	8.628777E1
6.499600E1	1.299920E5	1.767602E1	-2.009764E1	2.676484E1	1.994013E3	1.035868E2	8.511675E1
6.499800E1	1.299960E5	1.896464E1	-1.884284E1	2.673406E1	2.002223E3	1.048755E2	8.386195E1
6.500000E1	1.300000E5	2.040691E1	-1.752747E1	2.690082E1	2.089182E3	1.063177E2	8.254658E1
6.500200E1	1.300040E5	2.155906E1	-1.592883E1	2.680524E1	2.018863E3	1.074699E2	8.094794E1
6.500400E1	1.300080E5	2.258528E1	-1.443489E1	2.680412E1	2.028459E3	1.084961E2	7.945400E1
6.500600E1	1.300120E5	2.350636E1	-1.268062E1	2.670856E1	2.148075E3	1.094172E2	7.769973E1
6.500800E1	1.300160E5	2.442698E1	-1.087125E1	2.673689E1	2.027254E3	1.103378E2	7.589035E1
6.501000E1	1.300200E5	2.519825E1	-9.289056E0	2.685588E1	2.047185E3	1.111091E2	7.430816E1
6.501200E1	1.300240E5	2.584887E1	-7.315833E0	2.686420E1	2.086819E3	1.117597E2	7.233494E1
6.501400E1	1.300280E5	2.619836E1	-5.515405E0	2.677263E1	2.065856E3	1.121092E2	7.053451E1
6.501600E1	1.300320E5	2.664068E1	-3.525917E0	2.687300E1	2.171165E3	1.125515E2	6.854503E1
6.501800E1	1.300360E5	2.683975E1	-1.502415E0	2.688177E1	2.138083E3	1.127506E2	6.652152E1
6.502000E1	1.300400E5	2.684182E1	4.746192E-1	2.684601E1	2.107207E3	1.127526E2	6.454449E1
6.502200E1	1.300440E5	2.672605E1	2.443979E0	2.683756E1	2.080347E3	1.126369E2	6.257513E1
6.502400E1	1.300480E5	2.653028E1	4.360853E0	2.688630E1	2.005077E3	1.124411E2	6.065825E1
6.502600E1	1.300520E5	2.647369E1	6.231397E0	2.719718E1	1.822605E3	1.123845E2	5.878771E1
6.502800E1	1.300560E5	2.615325E1	7.808954E0	2.729418E1	1.840861E3	1.120641E2	5.721015E1
6.503000E1	1.300600E5	2.572984E1	9.675653E0	2.748896E1	1.987310E3	1.116407E2	5.534346E1
6.503200E1	1.300640E5	2.498624E1	1.142591E1	2.747478E1	1.963291E3	1.108971E2	5.359320E1
6.503400E1	1.300680E5	2.451465E1	1.328923E1	2.788497E1	1.874858E3	1.104255E2	5.172988E1
6.503600E1	1.300720E5	2.358656E1	1.478061E1	2.783509E1	1.913086E3	1.094974E2	5.023849E1
6.503800E1	1.300760E5	2.251058E1	1.642353E1	2.786501E1	2.017413E3	1.084214E2	4.859558E1
6.504000E1	1.300800E5	2.148213E1	1.811729E1	2.810192E1	1.910219E3	1.073930E2	4.690182E1
6.504200E1	1.300840E5	2.030805E1	1.944416E1	2.811569E1	1.873354E3	1.062189E2	4.557495E1
6.504400E1	1.300880E5	1.909944E1	2.094337E1	2.834454E1	1.848063E3	1.050103E2	4.407574E1
6.504600E1	1.300920E5	1.786159E1	2.217355E1	2.847284E1	1.878058E3	1.037724E2	4.284556E1
6.504800E1	1.300960E5	1.622062E1	2.329395E1	2.838514E1	1.852038E3	1.021314E2	4.172516E1
6.505000E1	1.301000E5	1.478592E1	2.418093E1	2.834327E1	1.828575E3	1.006967E2	4.083818E1
6.505200E1	1.301040E5	1.308635E1	2.509914E1	2.830581E1	1.878971E3	9.899717E1	3.991997E1
6.505400E1	1.301080E5	1.152407E1	2.597047E1	2.841249E1	1.834439E3	9.743490E1	3.904864E1
6.505600E1	1.301120E5	9.842670E0	2.675280E1	2.850597E1	1.926725E3	9.575350E1	3.826631E1
6.505800E1	1.301160E5	8.028400E0	2.759481E1	2.873898E1	1.889059E3	9.393923E1	3.742429E1
6.506000E1	1.301200E5	6.324785E0	2.819621E1	2.889687E1	1.765631E3	9.223561E1	3.682290E1
6.506200E1	1.301240E5	4.587227E0	2.845064E1	2.881808E1	1.858213E3	9.049806E1	3.656846E1
6.506400E1	1.301280E5	2.633733E0	2.888357E1	2.900340E1	1.948553E3	8.854456E1	3.613554E1
6.506600E1	1.301320E5	6.903618E-1	2.897198E1	2.898020E1	1.900403E3	8.660119E1	3.604713E1
6.506800E1	1.301360E5	-1.208379E0	2.893322E1	2.895844E1	1.858142E3	8.470245E1	3.608589E1
6.507000E1	1.301400E5	-3.078434E0	2.896086E1	2.912401E1	1.695201E3	8.283239E1	3.605825E1
6.507200E1	1.301440E5	-4.637733E0	2.872208E1	2.909410E1	1.645720E3	8.127309E1	3.629702E1
6.507400E1	1.301480E5	-6.381854E0	2.843320E1	2.914061E1	1.835466E3	7.952897E1	3.658590E1
6.507600E1	1.301520E5	-8.314817E0	2.804483E1	2.925147E1	1.838145E3	7.759601E1	3.697428E1
6.507800E1	1.301560E5	-1.000781E1	2.749173E1	2.925665E1	1.712588E3	7.590302E1	3.752738E1
6.508000E1	1.301600E5	-1.159686E1	2.684432E1	2.924218E1	1.767092E3	7.431397E1	3.817478E1
6.508200E1	1.301640E5	-1.326398E1	2.595205E1	2.914519E1	1.875252E3	7.264685E1	3.906706E1
6.508400E1	1.301680E5	-1.496442E1	2.503787E1	2.916897E1	1.828802E3	7.094641E1	3.998124E1
6.508600E1	1.301720E5	-1.636660E1	2.391483E1	2.897904E1	1.818480E3	6.954422E1	4.110428E1
6.508800E1	1.301760E5	-1.788462E1	2.277676E1	2.895929E1	1.791302E3	6.802621E1	4.224234E1
6.509000E1	1.301800E5	-1.918566E1	2.164598E1	2.892469E1	1.792199E3	6.672517E1	4.337313E1
6.509200E1	1.301840E5	-2.059428E1	2.037386E1	2.896927E1	1.816634E3	6.531655E1	4.464525E1
6.509400E1	1.301880E5	-2.177826E1	1.905312E1	2.893637E1	1.806359E3	6.413257E1	4.596599E1
6.509600E1	1.301920E5	-2.281147E1	1.748254E1	2.874026E1	1.819515E3	6.309936E1	4.753656E1
6.509800E1	1.301960E5	-2.376328E1	1.597044E1	2.863125E1	1.835010E3	6.214754E1	4.904867E1
6.510000E1	1.302000E5	-2.465531E1	1.430728E1	2.850583E1	1.819452E3	6.125552E1	5.071183E1
6.510200E1	1.302040E5	-2.552391E1	1.279580E1	2.855176E1	1.834051E3	6.038691E1	5.222330E1
6.510400E1	1.302080E5	-2.626143E1	1.103392E1	2.848526E1	1.968512E3	5.964940E1	5.398519E1
6.510600E1	1.302120E5	-2.685449E1	9.116789E0	2.835982E1	1.955744E3	5.905634E1	5.590232E1
6.510800E1	1.302160E5	-2.732280E1	7.304295E0	2.828230E1	1.819802E3	5.858803E1	5.771481E1
6.511000E1	1.302200E5	-2.769742E1	5.621285E0	2.826209E1	1.810299E3	5.821341E1	5.939782E1
6.511200E1	1.302240E5	-2.783528E1	3.776278E0	2.809027E1	1.905999E3	5.807554E1	6.124283E1
6.511400E1	1.302280E5	-2.786732E1	1.874665E0	2.793030E1	1.943076E3	5.804351E1	6.314444E1
6.511600E1	1.302320E5	-2.779160E1	-2.252182E-2	2.779161E1	1.955432E3	5.811923E1	6.504163E1
6.511800E1	1.302360E5	-2.762385E1	-1.918653E0	2.769040E1	1.971649E3	5.828698E1	6.693776E1
6.512000E1	1.302400E5	-2.738114E1	-3.815536E0	2.764571E1	1.941435E3	5.852969E1	6.883464E1
6.512200E1	1.302440E5	-2.718167E1	-5.648310E0	2.776232E1	1.842212E3	5.872916E1	7.066742E1
6.512400E1	1.302480E5	-2.674935E1	-7.318735E0	2.773250E1	1.872692E3	5.916148E1	7.233784E1
6.512600E1	1.302520E5	-2.599722E1	-9.068295E0	2.753342E1	1.986593E3	5.991361E1	7.408740E1
6.512800E1	1.302560E5	-2.511877E1	-1.079096E1	2.733857E1	1.956692E3	6.079206E1	7.581007E1
6.513000E1	1.302600E5	-2.453312E1	-1.253071E1	2.754801E1	1.889475E3	6.137771E1	7.754982E1
6.513200E1	1.302640E5	-2.353424E1	-1.403264E1	2.740028E1	1.906088E3	6.237659E1	7.905175E1
6.513400E1	1.302680E5	-2.250238E1	-1.557024E1	2.736402E1	1.884749E3	6.340845E1	8.058935E1
6.513600E1	1.302720E5	-2.136570E1	-1.690096E1	2.724217E1	1.929696E3	6.454513E1	8.192007E1
6.513800E1	1.302760E5	-2.016641E1	-1.841420E1	2.730874E1	1.931424E3	6.574441E1	8.343331E1
6.514000E1	1.302800E5	-1.890616E1	-1.962641E1	2.725140E1	1.894711E3	6.700466E1	8.464551E1
6.514200E1	1.302840E5	-1.734508E1	-2.065527E1	2.697206E1	1.906157E3	6.856575E1	8.567438E1
6.514400E1	1.302880E5	-1.590722E1	-2.165146E1	2.686681E1	1.932552E3	7.000361E1	8.667057E1
6.514600E1	1.302920E5	-1.424569E1	-2.254199E1	2.666610E1	1.933460E3	7.166513E1	8.756110E1
6.514800E1	1.302960E5	-1.275352E1	-2.342009E1	2.666745E1	1.981961E3	7.315731E1	8.843920E1
6.515000E1	1.303000E5	-1.097340E1	-2.423174E1	2.660061E1	2.110755E3	7.493743E1	8.925084E1
6.515200E1	1.303040E5	-9.187070E0	-2.506732E1	2.669780E1	1.996273E3	7.672376E1	9.008643E1
6.515400E1	1.303080E5	-7.547538E0	-2.568004E1	2.676621E1	1.904342E3	7.836329E1	9.069915E1
6.515600E1	1.303120E5	-5.771899E0	-2.601320E1	2.664585E1	2.024564E3	8.013893E1	9.103231E1
6.515800E1	1.303160E5	-3.844724E0	-2.641866E1	2.669696E1	2.091684E3	8.206610E1	9.143777E1
6.516000E1	1.303200E5	-1.924585E0	-2.656601E1	2.663564E1	2.057432E3	8.398624E1	9.158512E1
6.516200E1	1.303240E5	-2.334719E-2	-2.652394E1	2.652395E1	2.013936E3	8.588748E1	9.154305E1
6.516400E1	1.303280E5	1.815495E0	-2.654755E1	2.660956E1	1.858607E3	8.772632E1	9.156666E1
6.516600E1	1.303320E5	3.411099E0	-2.632157E1	2.654168E1	1.851770E3	8.932193E1	9.134068E1
6.516800E1	1.303360E5	5.219420E0	-2.607505E1	2.659231E1	1.958745E3	9.113025E1	9.109416E1
6.517000E1	1.303400E5	7.003221E0	-2.574244E1	2.667805E1	1.957819E3	9.291405E1	9.076154E1
6.517200E1	1.303440E5	8.846616E0	-2.547483E1	2.696719E1	1.878016E3	9.475744E1	9.049394E1
6.517400E1	1.303480E5	1.034480E1	-2.469246E1	2.677186E1	1.889581E3	9.625563E1	8.971157E1
6.517600E1	1.303520E5	1.194929E1	-2.374939E1	2.658607E1	1.983926E3	9.786012E1	8.876849E1
6.517800E1	1.303560E5	1.370996E1	-2.312076E1	2.687996E1	1.912117E3	9.962078E1	8.813987E1
6.518000E1	1.303600E5	1.513231E1	-2.213553E1	2.681359E1	1.907296E3	1.010431E2	8.715464E1
6.518200E1	1.303640E5	1.663173E1	-2.106250E1	2.683734E1	1.911430E3	1.025426E2	8.608160E1
6.518400E1	1.303680E5	1.795950E1	-1.994392E1	2.683848E1	1.940886E3	1.038703E2	8.496303E1
6.518600E1	1.303720E5	1.940220E1	-1.869760E1	2.694524E1	1.928327E3	1.053130E2	8.371671E1
6.518800E1	1.303760E5	2.055974E1	-1.742584E1	2.695112E1	1.913965E3	1.064706E2	8.244495E1
6.519000E1	1.303800E5	2.162933E1	-1.587941E1	2.683251E1	1.928146E3	1.075402E2	8.089852E1
6.519200E1	1.303840E5	2.258111E1	-1.442516E1	2.679537E1	1.953074E3	1.084919E2	7.944427E1
6.519400E1	1.303880E5	2.350949E1	-1.274994E1	2.674429E1	1.944738E3	1.094203E2	7.776905E1
6.519600E1	1.303920E5	2.435818E1	-1.125099E1	2.683106E1	1.929662E3	1.102690E2	7.627010E1
6.519800E1	1.303960E5	2.513473E1	-9.524567E0	2.687884E1	2.074094E3	1.110456E2	7.454368E1
6.520000E1	1.304000E5	2.574477E1	-7.623865E0	2.684989E1	2.053285E3	1.116556E2	7.264297E1
6.520200E1	1.304040E5	2.622078E1	-5.832497E0	2.686163E1	1.906854E3	1.121316E2	7.085160E1
6.520400E1	1.304080E5	2.665398E1	-4.158803E0	2.697648E1	1.910720E3	1.125648E2	6.917791E1
6.520600E1	1.304120E5	2.680944E1	-2.297300E0	2.690769E1	1.997373E3	1.127203E2	6.731641E1
6.520800E1	1.304160E5	2.685503E1	-4.119452E-1	2.685819E1	2.005262E3	1.127659E2	6.543105E1
6.521000E1	1.304200E5	2.678097E1	1.461348E0	2.682081E1	2.019787E3	1.126918E2	6.355776E1
6.521200E1	1.304240E5	2.660445E1	3.361076E0	2.681592E1	1.987728E3	1.125153E2	6.165803E1
6.521400E1	1.304280E5	2.657982E1	5.202350E0	2.708415E1	1.798136E3	1.124906E2	5.981676E1
6.521600E1	1.304320E5	2.630417E1	6.750272E0	2.715650E1	1.732515E3	1.122150E2	5.826884E1
6.521800E1	1.304360E5	2.597510E1	8.441982E0	2.731250E1	1.914113E3	1.118859E2	5.657713E1
6.522000E1	1.304400E5	2.557090E1	1.035693E1	2.758871E1	1.941230E3	1.114817E2	5.466218E1
6.522200E1	1.304440E5	2.498676E1	1.206252E1	2.774604E1	1.790521E3	1.108976E2	5.295658E1
6.522400E1	1.304480E5	2.433789E1	1.360834E1	2.788404E1	1.794907E3	1.102487E2	5.141077E1
6.522600E1	1.304520E5	2.352708E1	1.524883E1	2.803659E1	1.803547E3	1.094379E2	4.977028E1
6.522800E1	1.304560E5	2.247923E1	1.658862E1	2.793739E1	1.816188E3	1.083901E2	4.843049E1
6.523000E1	1.304600E5	2.145238E1	1.813741E1	2.809218E1	1.820664E3	1.073632E2	4.688170E1
6.523200E1	1.304640E5	2.033667E1	1.943975E1	2.813332E1	1.800030E3	1.062475E2	4.557936E1
6.523400E1	1.304680E5	1.919615E1	2.088570E1	2.836732E1	1.785552E3	1.051070E2	4.413341E1
6.523600E1	1.304720E5	1.795753E1	2.205773E1	2.844321E1	1.695340E3	1.038684E2	4.296138E1
6.523800E1	1.304760E5	1.668396E1	2.312870E1	2.851826E1	1.739450E3	1.025948E2	4.189041E1
6.524000E1	1.304800E5	1.514552E1	2.405835E1	2.842870E1	1.753730E3	1.010563E2	4.096075E1
6.524200E1	1.304840E5	1.371042E1	2.494949E1	2.846845E1	1.818443E3	9.962125E1	4.006962E1
6.524400E1	1.304880E5	1.201359E1	2.585981E1	2.851413E1	1.791444E3	9.792441E1	3.915930E1
6.524600E1	1.304920E5	1.056452E1	2.665001E1	2.866761E1	1.726380E3	9.647534E1	3.836910E1
6.524800E1	1.304960E5	8.928283E0	2.745812E1	2.887321E1	1.757216E3	9.483911E1	3.756099E1
6.525000E1	1.305000E5	7.324183E0	2.812733E1	2.906528E1	1.687690E3	9.323501E1	3.689177E1
6.525200E1	1.305040E5	5.656658E0	2.840763E1	2.896535E1	1.806026E3	9.156749E1	3.661147E1
6.525400E1	1.305080E5	3.730636E0	2.883762E1	2.907793E1	1.906949E3	8.964146E1	3.618149E1
6.525600E1	1.305120E5	1.839885E0	2.897060E1	2.902897E1	1.846196E3	8.775071E1	3.604851E1
6.525800E1	1.305160E5	-6.881754E-3	2.911663E1	2.911664E1	1.671537E3	8.590395E1	3.590247E1
6.526000E1	1.305200E5	-1.544206E0	2.895988E1	2.900102E1	1.609022E3	8.436662E1	3.605923E1
6.526200E1	1.305240E5	-3.256479E0	2.880688E1	2.899036E1	1.721371E3	8.265435E1	3.621223E1
6.526400E1	1.305280E5	-5.036273E0	2.874476E1	2.918262E1	1.617048E3	8.087455E1	3.627435E1
6.526600E1	1.305320E5	-6.517321E0	2.841550E1	2.915332E1	1.648039E3	7.939351E1	3.660361E1
6.526800E1	1.305360E5	-8.317129E0	2.802446E1	2.923260E1	1.760102E3	7.759370E1	3.699465E1
6.527000E1	1.305400E5	-9.988264E0	2.750490E1	2.926235E1	1.653757E3	7.592256E1	3.751421E1
6.527200E1	1.305440E5	-1.148270E1	2.686244E1	2.921375E1	1.697290E3	7.442813E1	3.815666E1
6.527400E1	1.305480E5	-1.310494E1	2.600267E1	2.911835E1	1.810661E3	7.280589E1	3.901644E1
6.527600E1	1.305520E5	-1.475135E1	2.515557E1	2.916170E1	1.770045E3	7.115948E1	3.986354E1
6.527800E1	1.305560E5	-1.612571E1	2.406325E1	2.896685E1	1.767773E3	6.978512E1	4.095586E1
6.528000E1	1.305600E5	-1.763328E1	2.301450E1	2.899310E1	1.736793E3	6.827755E1	4.200461E1
6.528200E1	1.305640E5	-1.885162E1	2.185929E1	2.886541E1	1.626206E3	6.705921E1	4.315982E1
6.528400E1	1.305680E5	-2.000845E1	2.074581E1	2.882233E1	1.608253E3	6.590238E1	4.427330E1
6.528600E1	1.305720E5	-2.108813E1	1.952252E1	2.873740E1	1.633556E3	6.482270E1	4.549659E1
6.528800E1	1.305760E5	-2.207192E1	1.819617E1	2.860542E1	1.722342E3	6.383891E1	4.682294E1
6.529000E1	1.305800E5	-2.303887E1	1.667912E1	2.844262E1	1.734216E3	6.287195E1	4.833999E1
6.529200E1	1.305840E5	-2.388313E1	1.525360E1	2.833860E1	1.789800E3	6.202770E1	4.976550E1
6.529400E1	1.305880E5	-2.476879E1	1.358507E1	2.824973E1	1.786509E3	6.114204E1	5.143404E1
6.529600E1	1.305920E5	-2.552371E1	1.213014E1	2.825951E1	1.766660E3	6.038712E1	5.288897E1
6.529800E1	1.305960E5	-2.631367E1	1.045926E1	2.831617E1	1.798815E3	5.959716E1	5.455984E1
6.530000E1	1.306000E5	-2.688804E1	8.852891E0	2.830796E1	1.719237E3	5.902279E1	5.616622E1
6.530200E1	1.306040E5	-2.721092E1	7.189478E0	2.814468E1	1.844082E3	5.869991E1	5.782963E1
6.530400E1	1.306080E5	-2.770870E1	5.309683E0	2.821285E1	1.784907E3	5.820213E1	5.970943E1
6.530600E1	1.306120E5	-2.782402E1	3.742403E0	2.807458E1	1.721922E3	5.808681E1	6.127671E1
6.530800E1	1.306160E5	-2.785425E1	1.928277E0	2.792091E1	1.830573E3	5.805658E1	6.309083E1
6.531000E1	1.306200E5	-2.776605E1	1.638790E-1	2.776654E1	1.876001E3	5.814478E1	6.485523E1
6.531200E1	1.306240E5	-2.761917E1	-1.710494E0	2.767208E1	1.906406E3	5.829166E1	6.672960E1
6.531400E1	1.306280E5	-2.751405E1	-3.518512E0	2.773811E1	1.745289E3	5.839678E1	6.853762E1
6.531600E1	1.306320E5	-2.719804E1	-5.053154E0	2.766347E1	1.776493E3	5.871279E1	7.007226E1
6.531800E1	1.306360E5	-2.683938E1	-6.887903E0	2.770912E1	1.858680E3	5.907145E1	7.190701E1
6.532000E1	1.306400E5	-2.627328E1	-8.516310E0	2.761906E1	1.762592E3	5.963755E1	7.353542E1
6.532200E1	1.306440E5	-2.564296E1	-1.007199E1	2.755007E1	1.796265E3	6.026787E1	7.509110E1
6.532400E1	1.306480E5	-2.488050E1	-1.167862E1	2.748508E1	1.805481E3	6.103033E1	7.669773E1
6.532600E1	1.306520E5	-2.392596E1	-1.308049E1	2.726813E1	1.845727E3	6.198487E1	7.809959E1
6.532800E1	1.306560E5	-2.292084E1	-1.461779E1	2.718538E1	1.842625E3	6.298999E1	7.963689E1
6.533000E1	1.306600E5	-2.183679E1	-1.588646E1	2.700416E1	1.881592E3	6.407404E1	8.090557E1
6.533200E1	1.306640E5	-2.070785E1	-1.740929E1	2.705363E1	1.867537E3	6.520298E1	8.242840E1
6.533400E1	1.306680E5	-1.958508E1	-1.858969E1	2.700281E1	1.742167E3	6.632575E1	8.360880E1
6.533600E1	1.306720E5	-1.837793E1	-1.972362E1	2.695866E1	1.849273E3	6.753290E1	8.474273E1
6.533800E1	1.306760E5	-1.707638E1	-2.101507E1	2.707833E1	1.976192E3	6.883445E1	8.603418E1
6.534000E1	1.306800E5	-1.552858E1	-2.211751E1	2.702445E1	1.900965E3	7.038225E1	8.713662E1
6.534200E1	1.306840E5	-1.413539E1	-2.307349E1	2.705911E1	1.734087E3	7.177543E1	8.809260E1
6.534400E1	1.306880E5	-1.279027E1	-2.391775E1	2.712286E1	1.842787E3	7.312056E1	8.893685E1
6.534600E1	1.306920E5	-1.112237E1	-2.483932E1	2.721578E1	1.865688E3	7.478846E1	8.985843E1
6.534800E1	1.306960E5	-9.599152E0	-2.543918E1	2.718999E1	1.757013E3	7.631168E1	9.045828E1
6.535000E1	1.307000E5	-7.939263E0	-2.581744E1	2.701059E1	1.925044E3	7.797157E1	9.083655E1
6.535200E1	1.307040E5	-6.059395E0	-2.630227E1	2.699121E1	2.001151E3	7.985143E1	9.132138E1
6.535400E1	1.307080E5	-4.259162E0	-2.662396E1	2.696248E1	1.829745E3	8.165167E1	9.164307E1
6.535600E1	1.307120E5	-2.637581E0	-2.664056E1	2.677081E1	1.798593E3	8.327325E1	9.165967E1
6.535800E1	1.307160E5	-8.798137E-1	-2.659871E1	2.661326E1	1.896491E3	8.503101E1	9.161782E1
6.536000E1	1.307200E5	8.975949E-1	-2.661256E1	2.662769E1	1.759316E3	8.680842E1	9.163167E1
6.536200E1	1.307240E5	2.376756E0	-2.640839E1	2.651513E1	1.769672E3	8.828758E1	9.142750E1
6.536400E1	1.307280E5	4.153252E0	-2.619171E1	2.651896E1	1.901280E3	9.006408E1	9.121082E1
6.536600E1	1.307320E5	5.895903E0	-2.606061E1	2.671923E1	1.806643E3	9.180673E1	9.107972E1
6.536800E1	1.307360E5	7.471924E0	-2.565666E1	2.672253E1	1.806034E3	9.338275E1	9.067577E1
6.537000E1	1.307400E5	9.079737E0	-2.498433E1	2.658304E1	1.871544E3	9.499056E1	9.000343E1
6.537200E1	1.307440E5	1.076659E1	-2.450003E1	2.676137E1	1.837751E3	9.667742E1	8.951914E1
6.537400E1	1.307480E5	1.222755E1	-2.366711E1	2.663917E1	1.843851E3	9.813838E1	8.868622E1
6.537600E1	1.307520E5	1.373785E1	-2.277476E1	2.659733E1	1.796296E3	9.964868E1	8.779387E1
6.537800E1	1.307560E5	1.513044E1	-2.200817E1	2.670748E1	1.784096E3	1.010413E2	8.702728E1
6.538000E1	1.307600E5	1.659429E1	-2.106112E1	2.681308E1	1.809846E3	1.025051E2	8.608022E1
6.538200E1	1.307640E5	1.784535E1	-1.999571E1	2.680084E1	1.773198E3	1.037562E2	8.501482E1
6.538400E1	1.307680E5	1.902215E1	-1.880575E1	2.674880E1	1.837703E3	1.049330E2	8.382486E1
6.538600E1	1.307720E5	2.034384E1	-1.762338E1	2.691570E1	1.930400E3	1.062547E2	8.264248E1
6.538800E1	1.307760E5	2.143869E1	-1.612627E1	2.682674E1	1.920315E3	1.073495E2	8.114537E1
6.539000E1	1.307800E5	2.244506E1	-1.469901E1	2.682986E1	1.795438E3	1.083559E2	7.971812E1
6.539200E1	1.307840E5	2.334760E1	-1.335446E1	2.689706E1	1.820213E3	1.092584E2	7.837357E1
6.539400E1	1.307880E5	2.421380E1	-1.177822E1	2.692646E1	1.798042E3	1.101246E2	7.679732E1
6.539600E1	1.307920E5	2.494252E1	-1.037067E1	2.701259E1	1.868347E3	1.108533E2	7.538978E1
6.539800E1	1.307960E5	2.562021E1	-8.555546E0	2.701097E1	1.963094E3	1.115310E2	7.357465E1
6.540000E1	1.308000E5	2.613398E1	-6.867984E0	2.702136E1	1.820827E3	1.120448E2	7.188709E1
6.540200E1	1.308040E5	2.653405E1	-5.245600E0	2.704759E1	1.826762E3	1.124449E2	7.026471E1
6.540400E1	1.308080E5	2.673109E1	-3.479964E0	2.695666E1	1.824902E3	1.126419E2	6.849907E1
6.540600E1	1.308120E5	2.697934E1	-1.831309E0	2.704142E1	1.729844E3	1.128902E2	6.685042E1
6.540800E1	1.308160E5	2.720103E1	-2.363879E-1	2.720205E1	1.759684E3	1.131119E2	6.525550E1
6.541000E1	1.308200E5	2.723141E1	1.501286E0	2.727276E1	1.870727E3	1.131422E2	6.351782E1
6.541200E1	1.308240E5	2.710493E1	3.320863E0	2.730760E1	1.890514E3	1.130158E2	6.169825E1
6.541400E1	1.308280E5	2.707593E1	5.124673E0	2.755664E1	1.801237E3	1.129868E2	5.989444E1
6.541600E1	1.308320E5	2.673740E1	6.760610E0	2.757887E1	1.763904E3	1.126482E2	5.825850E1
6.541800E1	1.308360E5	2.616473E1	8.387092E0	2.747610E1	1.853282E3	1.120756E2	5.663202E1
6.542000E1	1.308400E5	2.579452E1	1.021437E1	2.774330E1	1.759180E3	1.117053E2	5.480474E1
6.542200E1	1.308440E5	2.503353E1	1.157239E1	2.757894E1	1.668046E3	1.109444E2	5.344672E1
6.542400E1	1.308480E5	2.454090E1	1.320024E1	2.786579E1	1.719520E3	1.104517E2	5.181887E1
6.542600E1	1.308520E5	2.367739E1	1.461662E1	2.782561E1	1.776947E3	1.095882E2	5.040249E1
6.542800E1	1.308560E5	2.273391E1	1.614602E1	2.788413E1	1.792374E3	1.086447E2	4.887308E1
6.543000E1	1.308600E5	2.168067E1	1.746758E1	2.784183E1	1.790464E3	1.075915E2	4.755153E1
6.543200E1	1.308640E5	2.062469E1	1.892880E1	2.799424E1	1.741985E3	1.065355E2	4.609031E1
6.543400E1	1.308680E5	1.955881E1	2.013067E1	2.806761E1	1.628284E3	1.054696E2	4.488844E1
6.543600E1	1.308720E5	1.841060E1	2.122234E1	2.809516E1	1.605953E3	1.043214E2	4.379677E1
6.543800E1	1.308760E5	1.722567E1	2.224668E1	2.813607E1	1.600257E3	1.031365E2	4.277243E1
6.544000E1	1.308800E5	1.600293E1	2.324880E1	2.822411E1	1.542274E3	1.019138E2	4.177031E1
6.544200E1	1.308840E5	1.479949E1	2.407353E1	2.825880E1	1.646793E3	1.007103E2	4.094558E1
6.544400E1	1.308880E5	1.325918E1	2.498551E1	2.828572E1	1.750899E3	9.917001E1	4.003359E1
6.544600E1	1.308920E5	1.179568E1	2.579011E1	2.835962E1	1.735474E3	9.770650E1	3.922900E1
6.544800E1	1.308960E5	1.023523E1	2.664718E1	2.854526E1	1.670650E3	9.614606E1	3.837193E1
6.545000E1	1.309000E5	8.829435E0	2.734391E1	2.873410E1	1.716582E3	9.474026E1	3.767520E1
6.545200E1	1.309040E5	7.084247E0	2.810898E1	2.898795E1	1.642144E3	9.299507E1	3.691013E1
6.545400E1	1.309080E5	5.686498E0	2.838888E1	2.895281E1	1.598158E3	9.159733E1	3.663022E1
6.545600E1	1.309120E5	3.935483E0	2.890637E1	2.917304E1	1.649385E3	8.984631E1	3.611274E1
6.545800E1	1.309160E5	2.400946E0	2.902143E1	2.912058E1	1.595368E3	8.831177E1	3.599768E1
6.546000E1	1.309200E5	6.942520E-1	2.899874E1	2.900705E1	1.669695E3	8.660508E1	3.602037E1
6.546200E1	1.309240E5	-9.886995E-1	2.904718E1	2.906400E1	1.578235E3	8.492213E1	3.597193E1
6.546400E1	1.309280E5	-2.498620E0	2.889917E1	2.900699E1	1.566222E3	8.341221E1	3.611993E1
6.546600E1	1.309320E5	-4.141427E0	2.868861E1	2.898599E1	1.647895E3	8.176940E1	3.633050E1
6.546800E1	1.309360E5	-5.831546E0	2.857850E1	2.916741E1	1.618314E3	8.007928E1	3.644061E1
6.547000E1	1.309400E5	-7.401625E0	2.823820E1	2.919212E1	1.586465E3	7.850920E1	3.678091E1
6.547200E1	1.309440E5	-8.950160E0	2.774510E1	2.915297E1	1.574659E3	7.696067E1	3.727401E1
6.547400E1	1.309480E5	-1.042322E1	2.717292E1	2.910346E1	1.576607E3	7.548761E1	3.784619E1
6.547600E1	1.309520E5	-1.191026E1	2.651965E1	2.907140E1	1.566769E3	7.400056E1	3.849946E1
6.547800E1	1.309560E5	-1.332320E1	2.586490E1	2.909469E1	1.613900E3	7.258763E1	3.915421E1
6.548000E1	1.309600E5	-1.483997E1	2.505212E1	2.911758E1	1.653771E3	7.107086E1	3.996699E1
6.548200E1	1.309640E5	-1.614569E1	2.405598E1	2.897194E1	1.676768E3	6.976513E1	4.096313E1
6.548400E1	1.309680E5	-1.758338E1	2.304139E1	2.898415E1	1.671382E3	6.832744E1	4.197772E1
6.548600E1	1.309720E5	-1.877549E1	2.194143E1	2.887811E1	1.576232E3	6.713533E1	4.307768E1
6.548800E1	1.309760E5	-1.988987E1	2.084780E1	2.881384E1	1.546120E3	6.602096E1	4.417131E1
6.549000E1	1.309800E5	-2.091451E1	1.968238E1	2.871956E1	1.535687E3	6.499632E1	4.533673E1
6.549200E1	1.309840E5	-2.190740E1	1.851599E1	2.868407E1	1.543605E3	6.400343E1	4.650312E1
6.549400E1	1.309880E5	-2.281952E1	1.725023E1	2.860596E1	1.665062E3	6.309131E1	4.776888E1
6.549600E1	1.309920E5	-2.372356E1	1.572851E1	2.846389E1	1.716950E3	6.218727E1	4.929059E1
6.549800E1	1.309960E5	-2.458934E1	1.432247E1	2.845643E1	1.581512E3	6.132149E1	5.069664E1
6.550000E1	1.310000E5	-2.537090E1	1.304894E1	2.852994E1	1.636000E3	6.053992E1	5.197017E1
6.550200E1	1.310040E5	-2.610803E1	1.144724E1	2.850734E1	1.728561E3	5.980280E1	5.357187E1
6.550400E1	1.310080E5	-2.672867E1	9.889221E0	2.849945E1	1.708891E3	5.918216E1	5.512989E1
6.550600E1	1.310120E5	-2.706379E1	8.191563E0	2.827633E1	1.691858E3	5.884703E1	5.682755E1
6.550800E1	1.310160E5	-2.737268E1	6.589949E0	2.815477E1	1.663255E3	5.853815E1	5.842916E1
6.551000E1	1.310200E5	-2.768094E1	4.973996E0	2.812428E1	1.707408E3	5.822989E1	6.004511E1
6.551200E1	1.310240E5	-2.776769E1	3.265235E0	2.795901E1	1.779372E3	5.814314E1	6.175387E1
6.551400E1	1.310280E5	-2.790322E1	1.496189E0	2.794330E1	1.680760E3	5.800761E1	6.352292E1
6.551600E1	1.310320E5	-2.779090E1	-7.936460E-3	2.779090E1	1.629852E3	5.811993E1	6.502704E1
6.551800E1	1.310360E5	-2.772179E1	-1.671309E0	2.777212E1	1.621605E3	5.818904E1	6.669042E1
6.552000E1	1.310400E5	-2.745508E1	-3.129461E0	2.763286E1	1.630299E3	5.845575E1	6.814857E1
6.552200E1	1.310440E5	-2.721446E1	-4.784591E0	2.763185E1	1.804200E3	5.869637E1	6.980370E1
6.552400E1	1.310480E5	-2.697672E1	-6.585984E0	2.776902E1	1.732202E3	5.893411E1	7.160509E1
6.552600E1	1.310520E5	-2.630526E1	-7.992206E0	2.749258E1	1.672281E3	5.960557E1	7.301131E1
6.552800E1	1.310560E5	-2.586137E1	-9.622231E0	2.759344E1	1.719039E3	6.004946E1	7.464134E1
6.553000E1	1.310600E5	-2.504338E1	-1.103306E1	2.736603E1	1.716249E3	6.086744E1	7.605217E1
6.553200E1	1.310640E5	-2.421979E1	-1.248669E1	2.724914E1	1.690659E3	6.169104E1	7.750580E1
6.553400E1	1.310680E5	-2.349499E1	-1.386111E1	2.727902E1	1.719278E3	6.241583E1	7.888021E1
6.553600E1	1.310720E5	-2.260715E1	-1.533545E1	2.731774E1	1.747831E3	6.330368E1	8.035456E1
6.553800E1	1.310760E5	-2.162381E1	-1.661067E1	2.726726E1	1.670457E3	6.428702E1	8.162977E1
6.554000E1	1.310800E5	-2.050989E1	-1.772407E1	2.710716E1	1.756879E3	6.540094E1	8.274317E1
6.554200E1	1.310840E5	-1.939331E1	-1.909621E1	2.721701E1	1.798020E3	6.651752E1	8.411532E1
6.554400E1	1.310880E5	-1.820258E1	-2.023356E1	2.721637E1	1.690699E3	6.770825E1	8.525267E1
6.554600E1	1.310920E5	-1.700020E1	-2.123532E1	2.720194E1	1.749321E3	6.891063E1	8.625442E1
6.554800E1	1.310960E5	-1.551351E1	-2.217370E1	2.706182E1	1.796688E3	7.039732E1	8.719281E1
6.555000E1	1.311000E5	-1.414303E1	-2.308593E1	2.707370E1	1.675211E3	7.176780E1	8.810504E1
6.555200E1	1.311040E5	-1.284878E1	-2.388559E1	2.712218E1	1.789852E3	7.306205E1	8.890470E1
6.555400E1	1.311080E5	-1.116684E1	-2.469355E1	2.710110E1	1.737392E3	7.474398E1	8.971266E1
6.555600E1	1.311120E5	-9.792275E0	-2.508021E1	2.692407E1	1.710004E3	7.611855E1	9.009931E1
6.555800E1	1.311160E5	-8.096774E0	-2.569020E1	2.693592E1	1.720041E3	7.781405E1	9.070930E1
6.556000E1	1.311200E5	-6.679830E0	-2.592712E1	2.677379E1	1.706589E3	7.923100E1	9.094623E1
6.556200E1	1.311240E5	-4.963383E0	-2.635135E1	2.681471E1	1.889352E3	8.094744E1	9.137045E1
6.556400E1	1.311280E5	-3.214188E0	-2.659951E1	2.679300E1	1.754386E3	8.269664E1	9.161862E1
6.556600E1	1.311320E5	-1.696562E0	-2.660025E1	2.665430E1	1.732396E3	8.421427E1	9.161936E1
6.556800E1	1.311360E5	1.831448E-2	-2.651476E1	2.651477E1	1.819466E3	8.592914E1	9.153387E1
6.557000E1	1.311400E5	1.681350E0	-2.651395E1	2.656720E1	1.718328E3	8.759218E1	9.153305E1
6.557200E1	1.311440E5	3.190345E0	-2.631396E1	2.650666E1	1.714743E3	8.910117E1	9.133307E1
6.557400E1	1.311480E5	4.849469E0	-2.619740E1	2.664247E1	1.672701E3	9.076030E1	9.121651E1
6.557600E1	1.311520E5	6.267678E0	-2.590017E1	2.664776E1	1.702310E3	9.217851E1	9.091928E1
6.557800E1	1.311560E5	7.952645E0	-2.553819E1	2.674778E1	1.818245E3	9.386347E1	9.055730E1
6.558000E1	1.311600E5	9.535403E0	-2.500129E1	2.675796E1	1.735179E3	9.544623E1	9.002040E1
6.558200E1	1.311640E5	1.097937E1	-2.438760E1	2.674512E1	1.727829E3	9.689020E1	8.940671E1
6.558400E1	1.311680E5	1.248972E1	-2.370090E1	2.679041E1	1.664877E3	9.840055E1	8.872001E1
6.558600E1	1.311720E5	1.382119E1	-2.309634E1	2.691590E1	1.613036E3	9.973201E1	8.811544E1
6.558800E1	1.311760E5	1.509289E1	-2.217508E1	2.682405E1	1.732471E3	1.010037E2	8.719419E1
6.559000E1	1.311800E5	1.647920E1	-2.122435E1	2.687074E1	1.747378E3	1.023900E2	8.624345E1
6.559200E1	1.311840E5	1.766667E1	-2.015942E1	2.680510E1	1.703243E3	1.035775E2	8.517853E1
6.559400E1	1.311880E5	1.879032E1	-1.902810E1	2.674219E1	1.671059E3	1.047011E2	8.404720E1
6.559600E1	1.311920E5	1.982186E1	-1.790170E1	2.670912E1	1.639340E3	1.057327E2	8.292081E1
6.559800E1	1.311960E5	2.078456E1	-1.671292E1	2.667057E1	1.631620E3	1.066954E2	8.173203E1
6.560000E1	1.312000E5	2.173481E1	-1.553745E1	2.671731E1	1.767750E3	1.076456E2	8.055656E1
6.560200E1	1.312040E5	2.263754E1	-1.399863E1	2.661615E1	1.828938E3	1.085484E2	7.901773E1
6.560400E1	1.312080E5	2.344182E1	-1.259252E1	2.660997E1	1.819614E3	1.093527E2	7.761163E1
6.560600E1	1.312120E5	2.426906E1	-1.103622E1	2.666056E1	1.779468E3	1.101799E2	7.605533E1
6.560800E1	1.312160E5	2.498780E1	-9.655028E0	2.678824E1	1.834966E3	1.108986E2	7.467414E1
6.561000E1	1.312200E5	2.570887E1	-7.915736E0	2.689991E1	1.774385E3	1.116197E2	7.293484E1
6.561200E1	1.312240E5	2.606503E1	-6.512504E0	2.686631E1	1.699577E3	1.119759E2	7.153161E1
6.561400E1	1.312280E5	2.656044E1	-4.834148E0	2.699678E1	1.732677E3	1.124713E2	6.985326E1
6.561600E1	1.312320E5	2.674886E1	-3.330690E0	2.695542E1	1.613290E3	1.126597E2	6.834980E1
6.561800E1	1.312360E5	2.694722E1	-1.819159E0	2.700855E1	1.615301E3	1.128580E2	6.683827E1
6.562000E1	1.312400E5	2.718453E1	-3.020376E-1	2.718621E1	1.687746E3	1.130954E2	6.532115E1
6.562200E1	1.312440E5	2.721498E1	1.373369E0	2.724961E1	1.792628E3	1.131258E2	6.364574E1
6.562400E1	1.312480E5	2.725599E1	3.121788E0	2.743419E1	1.684056E3	1.131668E2	6.189732E1
6.562600E1	1.312520E5	2.700317E1	4.579430E0	2.738873E1	1.699946E3	1.129140E2	6.043968E1
6.562800E1	1.312560E5	2.675861E1	6.342105E0	2.749992E1	1.809616E3	1.126694E2	5.867700E1
6.563000E1	1.312600E5	2.636249E1	7.991246E0	2.754707E1	1.727674E3	1.122733E2	5.702786E1
6.563200E1	1.312640E5	2.586371E1	9.538770E0	2.756664E1	1.663391E3	1.117745E2	5.548034E1
6.563400E1	1.312680E5	2.528064E1	1.100134E1	2.757064E1	1.634760E3	1.111915E2	5.401777E1
6.563600E1	1.312720E5	2.467767E1	1.245665E1	2.764336E1	1.643499E3	1.105885E2	5.256246E1
6.563800E1	1.312760E5	2.401871E1	1.391821E1	2.775995E1	1.577949E3	1.099295E2	5.110090E1
6.564000E1	1.312800E5	2.342788E1	1.526968E1	2.796478E1	1.524323E3	1.093387E2	4.974942E1
6.564200E1	1.312840E5	2.249435E1	1.645641E1	2.787130E1	1.644628E3	1.084052E2	4.856270E1
6.564400E1	1.312880E5	2.159529E1	1.791206E1	2.805706E1	1.666146E3	1.075061E2	4.710705E1
6.564600E1	1.312920E5	2.058093E1	1.909356E1	2.807381E1	1.574605E3	1.064918E2	4.592555E1
6.564800E1	1.312960E5	1.952185E1	2.019584E1	2.808869E1	1.530120E3	1.054327E2	4.482327E1
6.565000E1	1.313000E5	1.843402E1	2.118612E1	2.808318E1	1.511931E3	1.043448E2	4.383299E1
6.565200E1	1.313040E5	1.729830E1	2.215668E1	2.810960E1	1.517605E3	1.032091E2	4.286243E1
6.565400E1	1.313080E5	1.614413E1	2.309388E1	2.817730E1	1.513214E3	1.020550E2	4.192523E1
6.565600E1	1.313120E5	1.496786E1	2.402143E1	2.830311E1	1.497541E3	1.008787E2	4.099768E1
6.565800E1	1.313160E5	1.376410E1	2.486597E1	2.842124E1	1.631806E3	9.967492E1	4.015314E1
6.566000E1	1.313200E5	1.221391E1	2.572244E1	2.847496E1	1.655205E3	9.812474E1	3.929667E1
6.566200E1	1.313240E5	1.090893E1	2.653921E1	2.869380E1	1.495922E3	9.681975E1	3.847990E1
6.566400E1	1.313280E5	9.594783E0	2.722112E1	2.886260E1	1.521998E3	9.550561E1	3.779799E1
6.566600E1	1.313320E5	8.072951E0	2.768428E1	2.883733E1	1.573255E3	9.398378E1	3.733483E1
6.566800E1	1.313360E5	6.555941E0	2.812069E1	2.887479E1	1.538874E3	9.246677E1	3.689842E1
6.567000E1	1.313400E5	5.074176E0	2.848166E1	2.893012E1	1.507253E3	9.098500E1	3.653745E1
6.567200E1	1.313440E5	3.584755E0	2.880358E1	2.902579E1	1.584750E3	8.949558E1	3.621553E1
6.567400E1	1.313480E5	1.911378E0	2.906405E1	2.912683E1	1.530072E3	8.782221E1	3.595506E1
6.567600E1	1.313520E5	4.927295E-1	2.898240E1	2.898659E1	1.501635E3	8.640356E1	3.603671E1
6.567800E1	1.313560E5	-1.132395E0	2.889926E1	2.892144E1	1.603883E3	8.477843E1	3.611985E1
6.568000E1	1.313600E5	-2.754089E0	2.891148E1	2.904236E1	1.534250E3	8.315674E1	3.610763E1
6.568200E1	1.313640E5	-4.228054E0	2.869837E1	2.900815E1	1.490558E3	8.168277E1	3.632074E1
6.568400E1	1.313680E5	-5.767693E0	2.859485E1	2.917074E1	1.499897E3	8.014314E1	3.642426E1
6.568600E1	1.313720E5	-7.250480E0	2.827864E1	2.919334E1	1.518104E3	7.866035E1	3.674047E1
6.568800E1	1.313760E5	-8.747615E0	2.778415E1	2.912867E1	1.533190E3	7.716321E1	3.723496E1
6.569000E1	1.313800E5	-1.019091E1	2.723757E1	2.908161E1	1.525437E3	7.571992E1	3.778154E1
6.569200E1	1.313840E5	-1.162114E1	2.662768E1	2.905312E1	1.474897E3	7.428969E1	3.839143E1
6.569400E1	1.313880E5	-1.297159E1	2.611636E1	2.916036E1	1.433910E3	7.293924E1	3.890275E1
6.569600E1	1.313920E5	-1.419626E1	2.528339E1	2.899627E1	1.534474E3	7.171457E1	3.973572E1
6.569800E1	1.313960E5	-1.558072E1	2.440907E1	2.895793E1	1.499047E3	7.033011E1	4.061004E1
6.570000E1	1.314000E5	-1.679645E1	2.371390E1	2.905976E1	1.381482E3	6.911438E1	4.130521E1
6.570200E1	1.314040E5	-1.788776E1	2.283221E1	2.900486E1	1.423040E3	6.802307E1	4.218690E1
6.570400E1	1.314080E5	-1.896785E1	2.181853E1	2.891068E1	1.471623E3	6.694298E1	4.320058E1
6.570600E1	1.314120E5	-1.999245E1	2.072941E1	2.879942E1	1.490053E3	6.591838E1	4.428970E1
6.570800E1	1.314160E5	-2.099600E1	1.960505E1	2.872612E1	1.495413E3	6.491482E1	4.541406E1
6.571000E1	1.314200E5	-2.191755E1	1.842699E1	2.863448E1	1.466086E3	6.399327E1	4.659212E1
6.571200E1	1.314240E5	-2.278557E1	1.727860E1	2.859602E1	1.584640E3	6.312526E1	4.774051E1
6.571400E1	1.314280E5	-2.366984E1	1.579572E1	2.845639E1	1.637606E3	6.224099E1	4.922338E1
6.571600E1	1.314320E5	-2.451755E1	1.451298E1	2.849099E1	1.516437E3	6.139328E1	5.050613E1
6.571800E1	1.314360E5	-2.526847E1	1.323860E1	2.852641E1	1.636980E3	6.064236E1	5.178051E1
6.572000E1	1.314400E5	-2.601125E1	1.162187E1	2.848953E1	1.605442E3	5.989957E1	5.339724E1
6.572200E1	1.314440E5	-2.637981E1	1.024746E1	2.830026E1	1.585774E3	5.953102E1	5.477165E1
6.572400E1	1.314480E5	-2.692021E1	8.607942E0	2.826295E1	1.556041E3	5.899062E1	5.641117E1
6.572600E1	1.314520E5	-2.717317E1	7.283523E0	2.813238E1	1.567030E3	5.873766E1	5.773559E1
6.572800E1	1.314560E5	-2.764592E1	5.606517E0	2.820869E1	1.613672E3	5.826490E1	5.941259E1
6.573000E1	1.314600E5	-2.777266E1	4.175542E0	2.808480E1	1.569931E3	5.813817E1	6.084357E1
6.573200E1	1.314640E5	-2.786548E1	2.528226E0	2.797994E1	1.561777E3	5.804534E1	6.249088E1
6.573400E1	1.314680E5	-2.781906E1	1.118843E0	2.784155E1	1.558086E3	5.809177E1	6.390027E1
6.573600E1	1.314720E5	-2.779023E1	-5.084245E-1	2.779488E1	1.583704E3	5.812060E1	6.552753E1
6.573800E1	1.314760E5	-2.761348E1	-1.946278E0	2.768199E1	1.529718E3	5.829735E1	6.696539E1
6.574000E1	1.314800E5	-2.749574E1	-3.457425E0	2.771226E1	1.553847E3	5.841509E1	6.847653E1
6.574200E1	1.314840E5	-2.721296E1	-4.919480E0	2.765405E1	1.624420E3	5.869786E1	6.993859E1
6.574400E1	1.314880E5	-2.697913E1	-6.559179E0	2.776502E1	1.597445E3	5.893170E1	7.157829E1
6.574600E1	1.314920E5	-2.635560E1	-7.875418E0	2.750709E1	1.597909E3	5.955523E1	7.289453E1
6.574800E1	1.314960E5	-2.589639E1	-9.454346E0	2.756824E1	1.632294E3	6.001443E1	7.447345E1
6.575000E1	1.315000E5	-2.513597E1	-1.075566E1	2.734047E1	1.616731E3	6.077486E1	7.577477E1
6.575200E1	1.315040E5	-2.461906E1	-1.228708E1	2.751491E1	1.640672E3	6.129177E1	7.730619E1
6.575400E1	1.315080E5	-2.381607E1	-1.360028E1	2.742577E1	1.558073E3	6.209476E1	7.861939E1
6.575600E1	1.315120E5	-2.287688E1	-1.471802E1	2.720243E1	1.678943E3	6.303394E1	7.973713E1
6.575800E1	1.315160E5	-2.189930E1	-1.617183E1	2.722329E1	1.742936E3	6.401153E1	8.119094E1
6.576000E1	1.315200E5	-2.087548E1	-1.734795E1	2.714290E1	1.618921E3	6.503535E1	8.236706E1
6.576200E1	1.315240E5	-1.981806E1	-1.842910E1	2.706266E1	1.581535E3	6.609277E1	8.344821E1
6.576400E1	1.315280E5	-1.869013E1	-1.939034E1	2.693151E1	1.577433E3	6.722070E1	8.440944E1
6.576600E1	1.315320E5	-1.755884E1	-2.036361E1	2.688846E1	1.579399E3	6.835199E1	8.538272E1
6.576800E1	1.315360E5	-1.642546E1	-2.130658E1	2.690290E1	1.564437E3	6.948537E1	8.632569E1
6.577000E1	1.315400E5	-1.525906E1	-2.219185E1	2.693171E1	1.547526E3	7.065177E1	8.721095E1
6.577200E1	1.315440E5	-1.408240E1	-2.303550E1	2.699904E1	1.682700E3	7.182843E1	8.805461E1
6.577400E1	1.315480E5	-1.256501E1	-2.385030E1	2.695768E1	1.794131E3	7.334582E1	8.886941E1
6.577600E1	1.315520E5	-1.111196E1	-2.465342E1	2.704194E1	1.562108E3	7.479887E1	8.967253E1
6.577800E1	1.315560E5	-9.877606E0	-2.503335E1	2.691163E1	1.563814E3	7.603322E1	9.005246E1
6.578000E1	1.315600E5	-8.309482E0	-2.556316E1	2.687978E1	1.633644E3	7.760135E1	9.058227E1
6.578200E1	1.315640E5	-6.927826E0	-2.585768E1	2.676965E1	1.649776E3	7.898300E1	9.087678E1
6.578400E1	1.315680E5	-5.318417E0	-2.635740E1	2.688862E1	1.679110E3	8.059241E1	9.137651E1
6.578600E1	1.315720E5	-3.858047E0	-2.650398E1	2.678331E1	1.641286E3	8.205278E1	9.152309E1
6.578800E1	1.315760E5	-2.256171E0	-2.662911E1	2.672451E1	1.635911E3	8.365466E1	9.164821E1
6.579000E1	1.315800E5	-8.058538E-1	-2.655142E1	2.656364E1	1.628041E3	8.510497E1	9.157052E1
6.579200E1	1.315840E5	7.746564E-1	-2.658115E1	2.659244E1	1.586513E3	8.668548E1	9.160026E1
6.579400E1	1.315880E5	2.126087E0	-2.638089E1	2.646643E1	1.590743E3	8.803692E1	9.140000E1
6.579600E1	1.315920E5	3.713590E0	-2.631600E1	2.657673E1	1.635103E3	8.962442E1	9.133511E1
6.579800E1	1.315960E5	5.139564E0	-2.608083E1	2.658241E1	1.605838E3	9.105039E1	9.109993E1
6.580000E1	1.316000E5	6.679930E0	-2.591215E1	2.675931E1	1.627170E3	9.259076E1	9.093126E1
6.580200E1	1.316040E5	8.125894E0	-2.552836E1	2.679043E1	1.630277E3	9.403672E1	9.054747E1
6.580400E1	1.316080E5	9.579116E0	-2.498477E1	2.675814E1	1.609915E3	9.548994E1	9.000388E1
6.580600E1	1.316120E5	1.091074E1	-2.439541E1	2.672416E1	1.647232E3	9.682157E1	8.941452E1
6.580800E1	1.316160E5	1.238331E1	-2.372170E1	2.675940E1	1.609992E3	9.829414E1	8.874081E1
6.581000E1	1.316200E5	1.367662E1	-2.318465E1	2.691799E1	1.529305E3	9.958745E1	8.820376E1
6.581200E1	1.316240E5	1.488328E1	-2.233099E1	2.683626E1	1.573248E3	1.007941E2	8.735010E1
6.581400E1	1.316280E5	1.600014E1	-2.136501E1	2.669210E1	1.677030E3	1.019110E2	8.638412E1
6.581600E1	1.316320E5	1.732935E1	-2.036840E1	2.674281E1	1.729468E3	1.032402E2	8.538751E1
6.581800E1	1.316360E5	1.848473E1	-1.931129E1	2.673221E1	1.636839E3	1.043956E2	8.433040E1
6.582000E1	1.316400E5	1.950657E1	-1.822944E1	2.669866E1	1.572786E3	1.054174E2	8.324855E1
6.582200E1	1.316440E5	2.046635E1	-1.714997E1	2.670193E1	1.575880E3	1.063772E2	8.216908E1
6.582400E1	1.316480E5	2.143900E1	-1.601400E1	2.675965E1	1.582609E3	1.073498E2	8.103310E1
6.582600E1	1.316520E5	2.233007E1	-1.485360E1	2.681905E1	1.544689E3	1.082409E2	7.987271E1
6.582800E1	1.316560E5	2.316805E1	-1.369029E1	2.691064E1	1.669821E3	1.090789E2	7.870940E1
6.583000E1	1.316600E5	2.398303E1	-1.219463E1	2.690529E1	1.759070E3	1.098939E2	7.721374E1
6.583200E1	1.316640E5	2.472915E1	-1.077466E1	2.697451E1	1.528307E3	1.106400E2	7.579377E1
6.583400E1	1.316680E5	2.516298E1	-9.577972E0	2.692421E1	1.596684E3	1.110738E2	7.459708E1
6.583600E1	1.316720E5	2.575235E1	-7.950185E0	2.695160E1	1.640592E3	1.116632E2	7.296929E1
6.583800E1	1.316760E5	2.602849E1	-6.623131E0	2.685793E1	1.625537E3	1.119393E2	7.164224E1
6.584000E1	1.316800E5	2.652812E1	-4.990577E0	2.699346E1	1.670360E3	1.124389E2	7.000969E1
6.584200E1	1.316840E5	2.670013E1	-3.560137E0	2.693643E1	1.626699E3	1.126110E2	6.857924E1
6.584400E1	1.316880E5	2.687704E1	-1.948921E0	2.694761E1	1.603530E3	1.127879E2	6.696803E1
6.584600E1	1.316920E5	2.681407E1	-5.526741E-1	2.681977E1	1.602885E3	1.127249E2	6.557178E1
6.584800E1	1.316960E5	2.689530E1	1.063368E0	2.691631E1	1.606080E3	1.128061E2	6.395574E1
6.585000E1	1.317000E5	2.669187E1	2.449604E0	2.680404E1	1.591600E3	1.126027E2	6.256950E1
6.585200E1	1.317040E5	2.666250E1	4.046863E0	2.696787E1	1.566743E3	1.125733E2	6.097225E1
6.585400E1	1.317080E5	2.639359E1	5.374880E0	2.693531E1	1.522907E3	1.123044E2	5.964423E1
6.585600E1	1.317120E5	2.632220E1	6.916385E0	2.721570E1	1.510867E3	1.122330E2	5.810272E1
6.585800E1	1.317160E5	2.614484E1	8.270526E0	2.742178E1	1.458528E3	1.120557E2	5.674858E1
6.586000E1	1.317200E5	2.576375E1	9.661527E0	2.751574E1	1.527811E3	1.116746E2	5.535758E1
6.586200E1	1.317240E5	2.521692E1	1.105120E1	2.753220E1	1.528255E3	1.111277E2	5.396790E1
6.586400E1	1.317280E5	2.466358E1	1.238794E1	2.759988E1	1.569585E3	1.105744E2	5.263117E1
6.586600E1	1.317320E5	2.401855E1	1.383559E1	2.771848E1	1.541701E3	1.099294E2	5.118352E1
6.586800E1	1.317360E5	2.347900E1	1.515213E1	2.794370E1	1.426697E3	1.093898E2	4.986698E1
6.587000E1	1.317400E5	2.267576E1	1.626441E1	2.790558E1	1.469069E3	1.085866E2	4.875469E1
6.587200E1	1.317440E5	2.171682E1	1.740616E1	2.783154E1	1.620963E3	1.076276E2	4.761295E1
6.587400E1	1.317480E5	2.075792E1	1.877875E1	2.799166E1	1.637163E3	1.066688E2	4.624036E1
6.587600E1	1.317520E5	1.971487E1	1.989533E1	2.800894E1	1.518084E3	1.056257E2	4.512377E1
6.587800E1	1.317560E5	1.869035E1	2.090883E1	2.804476E1	1.478845E3	1.046012E2	4.411028E1
6.588000E1	1.317600E5	1.763204E1	2.191135E1	2.812465E1	1.470639E3	1.035429E2	4.310776E1
6.588200E1	1.317640E5	1.653157E1	2.282833E1	2.818555E1	1.435197E3	1.024424E2	4.219078E1
6.588400E1	1.317680E5	1.545909E1	2.372976E1	2.832111E1	1.416274E3	1.013699E2	4.128935E1
6.588600E1	1.317720E5	1.435081E1	2.461189E1	2.849019E1	1.421594E3	1.002616E2	4.040722E1
6.588800E1	1.317760E5	1.320154E1	2.547225E1	2.869001E1	1.408777E3	9.911237E1	3.954686E1
6.589000E1	1.317800E5	1.204886E1	2.630401E1	2.893227E1	1.400529E3	9.795968E1	3.871509E1
6.589200E1	1.317840E5	1.077524E1	2.694779E1	2.902222E1	1.421478E3	9.668607E1	3.807132E1
6.589400E1	1.317880E5	9.405485E0	2.743245E1	2.900004E1	1.450901E3	9.531631E1	3.758666E1
6.589600E1	1.317920E5	8.036191E0	2.804270E1	2.917145E1	1.407473E3	9.394702E1	3.697640E1
6.589800E1	1.317960E5	6.675531E0	2.825074E1	2.902873E1	1.378039E3	9.258636E1	3.676837E1
6.590000E1	1.318000E5	5.269098E0	2.848904E1	2.897221E1	1.408811E3	9.117993E1	3.653007E1
6.590200E1	1.318040E5	3.869919E0	2.877517E1	2.903423E1	1.498754E3	8.978075E1	3.624394E1
6.590400E1	1.318080E5	2.275100E0	2.901451E1	2.910357E1	1.485989E3	8.818593E1	3.600460E1
6.590600E1	1.318120E5	8.671585E-1	2.895034E1	2.896333E1	1.431927E3	8.677799E1	3.606877E1
6.590800E1	1.318160E5	-6.298935E-1	2.900276E1	2.900960E1	1.409508E3	8.528093E1	3.601635E1
6.591000E1	1.318200E5	-1.989160E0	2.901131E1	2.907942E1	1.283740E3	8.392167E1	3.600780E1
6.591200E1	1.318240E5	-3.217522E0	2.877945E1	2.895875E1	1.332336E3	8.269331E1	3.623966E1
6.591400E1	1.318280E5	-4.681697E0	2.874135E1	2.912016E1	1.355809E3	8.122913E1	3.627775E1
6.591600E1	1.318320E5	-5.971426E0	2.857769E1	2.919490E1	1.330635E3	7.993940E1	3.644142E1
6.591800E1	1.318360E5	-7.343155E0	2.824287E1	2.918188E1	1.417267E3	7.856767E1	3.677623E1
6.592000E1	1.318400E5	-8.740474E0	2.776950E1	2.911256E1	1.369038E3	7.717035E1	3.724961E1
6.592200E1	1.318440E5	-9.999272E0	2.739779E1	2.916546E1	1.307682E3	7.591156E1	3.762132E1
6.592400E1	1.318480E5	-1.124843E1	2.688739E1	2.914548E1	1.432208E3	7.466239E1	3.813172E1
6.592600E1	1.318520E5	-1.269707E1	2.628948E1	2.919507E1	1.450767E3	7.321376E1	3.872963E1
6.592800E1	1.318560E5	-1.386241E1	2.552581E1	2.904709E1	1.332166E3	7.204842E1	3.949329E1
6.593000E1	1.318600E5	-1.503398E1	2.491437E1	2.909891E1	1.338466E3	7.087684E1	4.010474E1
6.593200E1	1.318640E5	-1.611630E1	2.402061E1	2.892620E1	1.485166E3	6.979452E1	4.099850E1
6.593400E1	1.318680E5	-1.746045E1	2.312999E1	2.898040E1	1.533640E3	6.845038E1	4.188911E1
6.593600E1	1.318720E5	-1.856346E1	2.212804E1	2.888343E1	1.437913E3	6.734737E1	4.289107E1
6.593800E1	1.318760E5	-1.958809E1	2.115306E1	2.882959E1	1.436341E3	6.632274E1	4.386604E1
6.594000E1	1.318800E5	-2.059043E1	2.006600E1	2.875083E1	1.438743E3	6.532039E1	4.495311E1
6.594200E1	1.318840E5	-2.151602E1	1.899886E1	2.870359E1	1.396985E3	6.439481E1	4.602025E1
6.594400E1	1.318880E5	-2.241149E1	1.793768E1	2.870602E1	1.396416E3	6.349933E1	4.708143E1
6.594600E1	1.318920E5	-2.328300E1	1.682881E1	2.872815E1	1.416194E3	6.262783E1	4.819030E1
6.594800E1	1.318960E5	-2.407653E1	1.564042E1	2.871066E1	1.328450E3	6.183430E1	4.937869E1
6.595000E1	1.319000E5	-2.462185E1	1.452965E1	2.858927E1	1.306532E3	6.128897E1	5.048946E1
6.595200E1	1.319040E5	-2.533003E1	1.334492E1	2.863035E1	1.393293E3	6.058080E1	5.167419E1
6.595400E1	1.319080E5	-2.589650E1	1.206044E1	2.856717E1	1.428103E3	6.001432E1	5.295867E1
6.595600E1	1.319120E5	-2.636015E1	1.068752E1	2.844435E1	1.462716E3	5.955068E1	5.433159E1
6.595800E1	1.319160E5	-2.679836E1	9.290937E0	2.836324E1	1.487282E3	5.911247E1	5.572817E1
6.596000E1	1.319200E5	-2.713124E1	7.841596E0	2.824172E1	1.497898E3	5.877959E1	5.717751E1
6.596200E1	1.319240E5	-2.759382E1	6.436381E0	2.833453E1	1.422324E3	5.831701E1	5.858273E1
6.596400E1	1.319280E5	-2.771951E1	5.103135E0	2.818534E1	1.453150E3	5.819131E1	5.991597E1
6.596600E1	1.319320E5	-2.784737E1	3.575797E0	2.807601E1	1.492561E3	5.806346E1	6.144331E1
6.596800E1	1.319360E5	-2.782712E1	2.171009E0	2.791168E1	1.485759E3	5.808370E1	6.284810E1
6.597000E1	1.319400E5	-2.782548E1	6.674549E-1	2.783348E1	1.441511E3	5.808535E1	6.435165E1
6.597200E1	1.319440E5	-2.779166E1	-6.331042E-1	2.779887E1	1.365695E3	5.811917E1	6.565221E1
6.597400E1	1.319480E5	-2.759695E1	-1.972693E0	2.766737E1	1.436648E3	5.831387E1	6.699180E1
6.597600E1	1.319520E5	-2.749006E1	-3.400482E0	2.769958E1	1.474820E3	5.842077E1	6.841959E1
6.597800E1	1.319560E5	-2.720672E1	-4.791383E0	2.762540E1	1.563264E3	5.870411E1	6.981049E1
6.598000E1	1.319600E5	-2.701146E1	-6.387550E0	2.775644E1	1.500298E3	5.889937E1	7.140666E1
6.598200E1	1.319640E5	-2.650286E1	-7.594142E0	2.756942E1	1.406454E3	5.940796E1	7.261325E1
6.598400E1	1.319680E5	-2.595757E1	-8.902683E0	2.744182E1	1.534994E3	5.995326E1	7.392179E1
6.598600E1	1.319720E5	-2.538260E1	-1.032184E1	2.740103E1	1.517348E3	6.052823E1	7.534095E1
6.598800E1	1.319760E5	-2.485204E1	-1.158862E1	2.742116E1	1.451436E3	6.105879E1	7.660773E1
6.599000E1	1.319800E5	-2.405093E1	-1.275306E1	2.722293E1	1.571137E3	6.185989E1	7.777217E1
6.599200E1	1.319840E5	-2.323558E1	-1.411879E1	2.718882E1	1.551077E3	6.267525E1	7.913790E1
6.599400E1	1.319880E5	-2.260896E1	-1.532997E1	2.731617E1	1.441579E3	6.330187E1	8.034908E1
6.599600E1	1.319920E5	-2.176157E1	-1.642874E1	2.726664E1	1.461983E3	6.414926E1	8.144785E1
6.599800E1	1.319960E5	-2.077680E1	-1.742584E1	2.711707E1	1.487830E3	6.513403E1	8.244495E1
6.600000E1	1.320000E5	-1.974837E1	-1.841696E1	2.700338E1	1.501886E3	6.616246E1	8.343607E1
6.600200E1	1.320040E5	-1.871621E1	-1.937758E1	2.694044E1	1.511602E3	6.719462E1	8.439669E1
6.600400E1	1.320080E5	-1.761602E1	-2.029955E1	2.687743E1	1.519016E3	6.829481E1	8.531866E1
6.600600E1	1.320120E5	-1.653310E1	-2.121532E1	2.689671E1	1.503393E3	6.937773E1	8.623443E1
6.600800E1	1.320160E5	-1.542654E1	-2.208222E1	2.693701E1	1.489170E3	7.048428E1	8.710133E1
6.601000E1	1.320200E5	-1.431793E1	-2.293787E1	2.703977E1	1.481450E3	7.159290E1	8.795698E1
6.601200E1	1.320240E5	-1.317588E1	-2.375801E1	2.716702E1	1.513383E3	7.273494E1	8.877712E1
6.601400E1	1.320280E5	-1.187550E1	-2.443591E1	2.716876E1	1.552841E3	7.403533E1	8.945502E1
6.601600E1	1.320320E5	-1.048484E1	-2.494145E1	2.705565E1	1.562599E3	7.542599E1	8.996056E1
6.601800E1	1.320360E5	-9.110532E0	-2.548863E1	2.706791E1	1.426791E3	7.680030E1	9.050774E1
6.602000E1	1.320400E5	-7.907563E0	-2.571407E1	2.690247E1	1.513630E3	7.800326E1	9.073318E1
6.602200E1	1.320440E5	-6.366866E0	-2.628905E1	2.704905E1	1.618976E3	7.954396E1	9.130816E1
6.602400E1	1.320480E5	-4.958041E0	-2.644774E1	2.690846E1	1.560008E3	8.095279E1	9.146685E1
6.602600E1	1.320520E5	-3.440459E0	-2.658406E1	2.680576E1	1.528206E3	8.247037E1	9.160316E1
6.602800E1	1.320560E5	-2.091008E0	-2.653960E1	2.662184E1	1.560687E3	8.381982E1	9.155871E1
6.603000E1	1.320600E5	-5.250802E-1	-2.658792E1	2.659310E1	1.539961E3	8.538575E1	9.160703E1
6.603200E1	1.320640E5	7.673506E-1	-2.655948E1	2.657056E1	1.382285E3	8.667818E1	9.157859E1
6.603400E1	1.320680E5	2.029561E0	-2.638997E1	2.646790E1	1.498373E3	8.794039E1	9.140908E1
6.603600E1	1.320720E5	3.536048E0	-2.633172E1	2.656808E1	1.529097E3	8.944688E1	9.135082E1
6.603800E1	1.320760E5	4.860067E0	-2.618648E1	2.663367E1	1.409641E3	9.077089E1	9.120559E1
6.604000E1	1.320800E5	6.121924E0	-2.592389E1	2.663693E1	1.473024E3	9.203275E1	9.094299E1
6.604200E1	1.320840E5	7.570896E0	-2.571335E1	2.680475E1	1.483722E3	9.348172E1	9.073246E1
6.604400E1	1.320880E5	8.881657E0	-2.547335E1	2.697731E1	1.413936E3	9.479249E1	9.049246E1
6.604600E1	1.320920E5	1.003715E1	-2.476563E1	2.672229E1	1.507782E3	9.594798E1	8.978474E1
6.604800E1	1.320960E5	1.147163E1	-2.432005E1	2.688984E1	1.558133E3	9.738246E1	8.933916E1
6.605000E1	1.321000E5	1.271482E1	-2.361938E1	2.682428E1	1.501578E3	9.862564E1	8.863849E1
6.605200E1	1.321040E5	1.384211E1	-2.280274E1	2.667525E1	1.434836E3	9.975293E1	8.782185E1
6.605400E1	1.321080E5	1.494532E1	-2.212912E1	2.670319E1	1.537902E3	1.008561E2	8.714823E1
6.605600E1	1.321120E5	1.630044E1	-2.131169E1	2.683081E1	1.622833E3	1.022113E2	8.633079E1
6.605800E1	1.321160E5	1.741454E1	-2.037165E1	2.680056E1	1.536653E3	1.033254E2	8.539076E1
6.606000E1	1.321200E5	1.843064E1	-1.938283E1	2.674664E1	1.524268E3	1.043415E2	8.440194E1
6.606200E1	1.321240E5	1.941581E1	-1.834633E1	2.671257E1	1.512392E3	1.053266E2	8.336544E1
6.606400E1	1.321280E5	2.034907E1	-1.731408E1	2.671820E1	1.511986E3	1.062599E2	8.233319E1
6.606600E1	1.321320E5	2.126020E1	-1.621340E1	2.673706E1	1.503183E3	1.071710E2	8.123251E1
6.606800E1	1.321360E5	2.215333E1	-1.515744E1	2.684247E1	1.473560E3	1.080642E2	8.017655E1
6.607000E1	1.321400E5	2.298236E1	-1.404807E1	2.693579E1	1.509371E3	1.088932E2	7.906718E1
6.607200E1	1.321440E5	2.377906E1	-1.282657E1	2.701786E1	1.403591E3	1.096899E2	7.784568E1
6.607400E1	1.321480E5	2.426898E1	-1.174315E1	2.696081E1	1.357854E3	1.101798E2	7.676226E1
6.607600E1	1.321520E5	2.480637E1	-1.048437E1	2.693098E1	1.506938E3	1.107172E2	7.550348E1
6.607800E1	1.321560E5	2.527378E1	-9.095848E0	2.686073E1	1.549882E3	1.111846E2	7.411496E1
6.608000E1	1.321600E5	2.577014E1	-7.737171E0	2.690658E1	1.425247E3	1.116810E2	7.275628E1
6.608200E1	1.321640E5	2.602694E1	-6.533866E0	2.683455E1	1.490627E3	1.119378E2	7.155297E1
6.608400E1	1.321680E5	2.651323E1	-5.033328E0	2.698677E1	1.586252E3	1.124241E2	7.005244E1
6.608600E1	1.321720E5	2.665539E1	-3.626424E0	2.690095E1	1.580618E3	1.125662E2	6.864553E1
6.608800E1	1.321760E5	2.682445E1	-2.076634E0	2.690472E1	1.516389E3	1.127353E2	6.709574E1
6.609000E1	1.321800E5	2.688616E1	-7.894516E-1	2.689775E1	1.370385E3	1.127970E2	6.580856E1
6.609200E1	1.321840E5	2.680291E1	4.934790E-1	2.680745E1	1.488176E3	1.127137E2	6.452563E1
6.609400E1	1.321880E5	2.679306E1	2.000861E0	2.686767E1	1.486711E3	1.127039E2	6.301825E1
6.609600E1	1.321920E5	2.672972E1	3.282764E0	2.693055E1	1.355743E3	1.126405E2	6.173634E1
6.609800E1	1.321960E5	2.651835E1	4.529909E0	2.690247E1	1.440379E3	1.124292E2	6.048920E1
6.610000E1	1.322000E5	2.639764E1	5.979538E0	2.706640E1	1.448581E3	1.123085E2	5.903957E1
6.610200E1	1.322040E5	2.629169E1	7.285459E0	2.728242E1	1.310015E3	1.122025E2	5.773365E1
6.610400E1	1.322080E5	2.596006E1	8.436534E0	2.729651E1	1.432797E3	1.118709E2	5.658257E1
6.610600E1	1.322120E5	2.574001E1	9.993872E0	2.761205E1	1.481267E3	1.116508E2	5.502524E1
6.610800E1	1.322160E5	2.520180E1	1.118278E1	2.757145E1	1.353138E3	1.111126E2	5.383633E1
6.611000E1	1.322200E5	2.465928E1	1.236560E1	2.758601E1	1.466312E3	1.105701E2	5.265351E1
6.611200E1	1.322240E5	2.406538E1	1.377875E1	2.773078E1	1.479489E3	1.099762E2	5.124036E1
6.611400E1	1.322280E5	2.352968E1	1.501884E1	2.791436E1	1.371903E3	1.094405E2	5.000027E1
6.611600E1	1.322320E5	2.278828E1	1.612374E1	2.791560E1	1.361964E3	1.086991E2	4.889537E1
6.611800E1	1.322360E5	2.192829E1	1.713082E1	2.782651E1	1.284561E3	1.078391E2	4.788829E1
6.612000E1	1.322400E5	2.130792E1	1.814689E1	2.798816E1	1.263033E3	1.072188E2	4.687222E1
6.612200E1	1.322440E5	2.047788E1	1.912924E1	2.802269E1	1.350280E3	1.063887E2	4.588987E1
6.612400E1	1.322480E5	1.950870E1	2.007559E1	2.799319E1	1.397239E3	1.054195E2	4.494352E1
6.612600E1	1.322520E5	1.852930E1	2.104606E1	2.804053E1	1.399659E3	1.044401E2	4.397305E1
6.612800E1	1.322560E5	1.751488E1	2.195554E1	2.808588E1	1.398312E3	1.034257E2	4.306357E1
6.613000E1	1.322600E5	1.646032E1	2.284970E1	2.816116E1	1.396267E3	1.023712E2	4.216941E1
6.613200E1	1.322640E5	1.541318E1	2.373801E1	2.830299E1	1.377930E3	1.013240E2	4.128109E1
6.613400E1	1.322680E5	1.434160E1	2.458576E1	2.846297E1	1.353018E3	1.002524E2	4.043335E1
6.613600E1	1.322720E5	1.327818E1	2.541639E1	2.867583E1	1.384110E3	9.918901E1	3.960272E1
6.613800E1	1.322760E5	1.206026E1	2.619699E1	2.883977E1	1.273919E3	9.797108E1	3.882212E1
6.614000E1	1.322800E5	1.102134E1	2.662355E1	2.881464E1	1.188191E3	9.693217E1	3.839556E1
6.614200E1	1.322840E5	9.859571E0	2.713747E1	2.887306E1	1.337635E3	9.577040E1	3.788163E1
6.614400E1	1.322880E5	8.489424E0	2.753114E1	2.881031E1	1.429610E3	9.440025E1	3.748797E1
6.614600E1	1.322920E5	7.131344E0	2.808256E1	2.897389E1	1.271460E3	9.304217E1	3.693655E1
6.614800E1	1.322960E5	6.051556E0	2.834459E1	2.898340E1	1.205561E3	9.196238E1	3.667451E1
6.615000E1	1.323000E5	4.768016E0	2.871917E1	2.911228E1	1.381265E3	9.067884E1	3.629993E1
6.615200E1	1.323040E5	3.312197E0	2.895118E1	2.914004E1	1.380456E3	8.922302E1	3.606792E1
6.615400E1	1.323080E5	1.982301E0	2.904337E1	2.911094E1	1.253474E3	8.789313E1	3.597574E1
6.615600E1	1.323120E5	7.643816E-1	2.894492E1	2.895501E1	1.289268E3	8.667521E1	3.607419E1
6.615800E1	1.323160E5	-6.336702E-1	2.898246E1	2.898938E1	1.317757E3	8.527716E1	3.603665E1
6.616000E1	1.323200E5	-1.904346E0	2.899031E1	2.905279E1	1.211233E3	8.400648E1	3.602879E1
6.616200E1	1.323240E5	-3.087184E0	2.889971E1	2.906414E1	1.166928E3	8.282364E1	3.611940E1
6.616400E1	1.323280E5	-4.244388E0	2.865290E1	2.896556E1	1.273563E3	8.166644E1	3.636621E1
6.616600E1	1.323320E5	-5.654621E0	2.857967E1	2.913369E1	1.296405E3	8.025621E1	3.643944E1
6.616800E1	1.323360E5	-6.885171E0	2.843462E1	2.925633E1	1.253598E3	7.902566E1	3.658449E1
6.617000E1	1.323400E5	-8.153286E0	2.805267E1	2.921349E1	1.350905E3	7.775754E1	3.696644E1
6.617200E1	1.323440E5	-9.519364E0	2.762234E1	2.921664E1	1.341712E3	7.639146E1	3.739676E1
6.617400E1	1.323480E5	-1.075272E1	2.719580E1	2.924436E1	1.238509E3	7.515811E1	3.782331E1
6.617600E1	1.323520E5	-1.183570E1	2.662180E1	2.913424E1	1.214035E3	7.407513E1	3.839731E1
6.617800E1	1.323560E5	-1.298606E1	2.612695E1	2.917628E1	1.219476E3	7.292477E1	3.889216E1
6.618000E1	1.323600E5	-1.398582E1	2.539054E1	2.898763E1	1.188445E3	7.192501E1	3.962857E1
6.618200E1	1.323640E5	-1.505291E1	2.487210E1	2.907252E1	1.218062E3	7.085792E1	4.014701E1
6.618400E1	1.323680E5	-1.608989E1	2.410805E1	2.898418E1	1.290940E3	6.982094E1	4.091106E1
6.618600E1	1.323720E5	-1.705456E1	2.317742E1	2.877587E1	1.308492E3	6.885627E1	4.184169E1
6.618800E1	1.323760E5	-1.802068E1	2.229073E1	2.866394E1	1.336980E3	6.789014E1	4.272838E1
6.619000E1	1.323800E5	-1.898867E1	2.131651E1	2.854756E1	1.252757E3	6.692216E1	4.370260E1
6.619200E1	1.323840E5	-1.990203E1	2.063477E1	2.866853E1	1.216029E3	6.600879E1	4.438433E1
6.619400E1	1.323880E5	-2.080523E1	1.970299E1	2.865424E1	1.304736E3	6.510560E1	4.531612E1
6.619600E1	1.323920E5	-2.168854E1	1.873202E1	2.865800E1	1.328864E3	6.422229E1	4.628709E1
6.619800E1	1.323960E5	-2.254178E1	1.769147E1	2.865519E1	1.342645E3	6.336905E1	4.732764E1
6.620000E1	1.324000E5	-2.338507E1	1.664720E1	2.870524E1	1.329931E3	6.252575E1	4.837190E1
6.620200E1	1.324040E5	-2.420137E1	1.560040E1	2.879373E1	1.352457E3	6.170946E1	4.941871E1
6.620400E1	1.324080E5	-2.489138E1	1.439203E1	2.875258E1	1.288238E3	6.101945E1	5.062708E1
6.620600E1	1.324120E5	-2.540732E1	1.331269E1	2.868379E1	1.226813E3	6.050351E1	5.170642E1
6.620800E1	1.324160E5	-2.589271E1	1.214500E1	2.859953E1	1.337296E3	6.001812E1	5.287411E1
6.621000E1	1.324200E5	-2.633058E1	1.080112E1	2.845986E1	1.420644E3	5.958025E1	5.421799E1
6.621200E1	1.324240E5	-2.680356E1	9.463421E0	2.842511E1	1.262878E3	5.910727E1	5.555569E1
6.621400E1	1.324280E5	-2.710390E1	8.417286E0	2.838084E1	1.246809E3	5.880693E1	5.660182E1
6.621600E1	1.324320E5	-2.749915E1	7.090850E0	2.839865E1	1.434832E3	5.841168E1	5.792826E1
6.621800E1	1.324360E5	-2.771367E1	5.645049E0	2.828275E1	1.381307E3	5.819716E1	5.937406E1
6.622000E1	1.324400E5	-2.784463E1	4.377244E0	2.818659E1	1.280860E3	5.806620E1	6.064186E1
6.622200E1	1.324440E5	-2.784106E1	3.117827E0	2.801509E1	1.377455E3	5.806977E1	6.190128E1
6.622400E1	1.324480E5	-2.787805E1	1.668029E0	2.792790E1	1.387292E3	5.803278E1	6.335108E1
6.622600E1	1.324520E5	-2.783264E1	4.083548E-1	2.783563E1	1.245333E3	5.807819E1	6.461075E1
6.622800E1	1.324560E5	-2.765605E1	-7.518437E-1	2.766627E1	1.393883E3	5.825477E1	6.577095E1
6.623000E1	1.324600E5	-2.763578E1	-2.289053E0	2.773042E1	1.408025E3	5.827504E1	6.730816E1
6.623200E1	1.324640E5	-2.750223E1	-3.469138E0	2.772017E1	1.268689E3	5.840859E1	6.848825E1
6.623400E1	1.324680E5	-2.720913E1	-4.704585E0	2.761285E1	1.456782E3	5.870170E1	6.972369E1
6.623600E1	1.324720E5	-2.707995E1	-6.260094E0	2.779411E1	1.435721E3	5.883087E1	7.127920E1
6.623800E1	1.324760E5	-2.653386E1	-7.384730E0	2.754233E1	1.257578E3	5.937697E1	7.240384E1
6.624000E1	1.324800E5	-2.617103E1	-8.527107E0	2.752516E1	1.288954E3	5.973980E1	7.354622E1
6.624200E1	1.324840E5	-2.574810E1	-9.733721E0	2.752653E1	1.431908E3	6.016273E1	7.475283E1
6.624400E1	1.324880E5	-2.511236E1	-1.106247E1	2.744100E1	1.431065E3	6.079847E1	7.608158E1
6.624600E1	1.324920E5	-2.468044E1	-1.226903E1	2.756181E1	1.357787E3	6.123038E1	7.728814E1
6.624800E1	1.324960E5	-2.394896E1	-1.338766E1	2.743688E1	1.353933E3	6.196187E1	7.840677E1
6.625000E1	1.325000E5	-2.315086E1	-1.438124E1	2.725404E1	1.294471E3	6.275996E1	7.940035E1
6.625200E1	1.325040E5	-2.254553E1	-1.542767E1	2.731875E1	1.310371E3	6.336530E1	8.044678E1
6.625400E1	1.325080E5	-2.171846E1	-1.641952E1	2.722668E1	1.380293E3	6.419237E1	8.143863E1
6.625600E1	1.325120E5	-2.079105E1	-1.738685E1	2.710296E1	1.410535E3	6.511978E1	8.240596E1
6.625800E1	1.325160E5	-1.984277E1	-1.833093E1	2.701405E1	1.446645E3	6.606806E1	8.335004E1
6.626000E1	1.325200E5	-1.881314E1	-1.927261E1	2.693266E1	1.468681E3	6.709768E1	8.429172E1
6.626200E1	1.325240E5	-1.778192E1	-2.017443E1	2.689246E1	1.446582E3	6.812891E1	8.519354E1
6.626400E1	1.325280E5	-1.675148E1	-2.104254E1	2.689611E1	1.435479E3	6.915935E1	8.606165E1
6.626600E1	1.325320E5	-1.569198E1	-2.187689E1	2.692279E1	1.434465E3	7.021885E1	8.689600E1
6.626800E1	1.325360E5	-1.464388E1	-2.273625E1	2.704404E1	1.441538E3	7.126695E1	8.775536E1
6.627000E1	1.325400E5	-1.354258E1	-2.356537E1	2.717955E1	1.332676E3	7.236825E1	8.858448E1
6.627200E1	1.325440E5	-1.245862E1	-2.397985E1	2.702315E1	1.304397E3	7.345221E1	8.899896E1
6.627400E1	1.325480E5	-1.129475E1	-2.459320E1	2.706283E1	1.303893E3	7.461607E1	8.961230E1
6.627600E1	1.325520E5	-1.021432E1	-2.498163E1	2.698915E1	1.290094E3	7.569650E1	9.000073E1
6.627800E1	1.325560E5	-9.005638E0	-2.542097E1	2.696901E1	1.426379E3	7.690519E1	9.044008E1
6.628000E1	1.325600E5	-7.636174E0	-2.572515E1	2.683457E1	1.483974E3	7.827465E1	9.074425E1
6.628200E1	1.325640E5	-6.337347E0	-2.625296E1	2.700703E1	1.408204E3	7.957348E1	9.127206E1
6.628400E1	1.325680E5	-5.101801E0	-2.649323E1	2.697999E1	1.289803E3	8.080903E1	9.151234E1
6.628600E1	1.325720E5	-3.921672E0	-2.651875E1	2.680716E1	1.395672E3	8.198916E1	9.153786E1
6.628800E1	1.325760E5	-2.474193E0	-2.658356E1	2.669845E1	1.453454E3	8.343664E1	9.160266E1
6.629000E1	1.325800E5	-1.208537E0	-2.663163E1	2.665904E1	1.321551E3	8.470229E1	9.165074E1
6.629200E1	1.325840E5	-1.437921E-2	-2.646691E1	2.646691E1	1.416095E3	8.589645E1	9.148602E1
6.629400E1	1.325880E5	1.418986E0	-2.649115E1	2.652912E1	1.461667E3	8.732981E1	9.151026E1
6.629600E1	1.325920E5	2.690067E0	-2.641197E1	2.654861E1	1.319996E3	8.860089E1	9.143108E1
6.629800E1	1.325960E5	3.859355E0	-2.630679E1	2.658838E1	1.299846E3	8.977018E1	9.132590E1
6.630000E1	1.326000E5	5.072782E0	-2.606096E1	2.655008E1	1.416386E3	9.098361E1	9.108007E1
6.630200E1	1.326040E5	6.474072E0	-2.594367E1	2.673925E1	1.386930E3	9.238490E1	9.096278E1
6.630400E1	1.326080E5	7.651458E0	-2.572756E1	2.684124E1	1.291993E3	9.356229E1	9.074667E1
6.630600E1	1.326120E5	8.867259E0	-2.549253E1	2.699069E1	1.276893E3	9.477809E1	9.051164E1
6.630800E1	1.326160E5	9.899733E0	-2.491462E1	2.680939E1	1.302462E3	9.581056E1	8.993373E1
6.631000E1	1.326200E5	1.104537E1	-2.436132E1	2.674835E1	1.454208E3	9.695620E1	8.938043E1
6.631200E1	1.326240E5	1.234735E1	-2.373214E1	2.675203E1	1.458405E3	9.825818E1	8.875124E1
6.631400E1	1.326280E5	1.354190E1	-2.324579E1	2.690259E1	1.383771E3	9.945273E1	8.826489E1
6.631600E1	1.326320E5	1.460463E1	-2.247016E1	2.679931E1	1.390672E3	1.005155E2	8.748926E1
6.631800E1	1.326360E5	1.561666E1	-2.166439E1	2.670629E1	1.402711E3	1.015275E2	8.668350E1
6.632000E1	1.326400E5	1.658982E1	-2.075719E1	2.657222E1	1.336451E3	1.025006E2	8.577630E1
6.632200E1	1.326440E5	1.756554E1	-2.011338E1	2.670386E1	1.305920E3	1.034764E2	8.513249E1
6.632400E1	1.326480E5	1.849852E1	-1.925194E1	2.669892E1	1.403992E3	1.044093E2	8.427104E1
6.632600E1	1.326520E5	1.944610E1	-1.829465E1	2.669915E1	1.433425E3	1.053569E2	8.331376E1
6.632800E1	1.326560E5	2.033893E1	-1.731569E1	2.671152E1	1.448904E3	1.062498E2	8.233480E1
6.633000E1	1.326600E5	2.122077E1	-1.625790E1	2.673276E1	1.426670E3	1.071316E2	8.127701E1
6.633200E1	1.326640E5	2.204625E1	-1.526723E1	2.681651E1	1.421294E3	1.079571E2	8.028634E1
6.633400E1	1.326680E5	2.282695E1	-1.413770E1	2.685040E1	1.340001E3	1.087378E2	7.915680E1
6.633600E1	1.326720E5	2.335197E1	-1.312755E1	2.678894E1	1.252573E3	1.092628E2	7.814666E1
6.633800E1	1.326760E5	2.398325E1	-1.209453E1	2.686027E1	1.372200E3	1.098941E2	7.711364E1
6.634000E1	1.326800E5	2.464748E1	-1.089868E1	2.694958E1	1.335853E3	1.105583E2	7.591779E1
6.634200E1	1.326840E5	2.510183E1	-9.846389E0	2.696393E1	1.286399E3	1.110127E2	7.486550E1
6.634400E1	1.326880E5	2.553834E1	-8.648506E0	2.696300E1	1.466961E3	1.114492E2	7.366761E1
6.634600E1	1.326920E5	2.589047E1	-7.204467E0	2.687416E1	1.417363E3	1.118013E2	7.222358E1
6.634800E1	1.326960E5	2.612060E1	-6.049201E0	2.681191E1	1.302733E3	1.120314E2	7.106831E1
6.635000E1	1.327000E5	2.653626E1	-4.841216E0	2.697426E1	1.307711E3	1.124471E2	6.986032E1
6.635200E1	1.327040E5	2.664115E1	-3.653301E0	2.689047E1	1.420883E3	1.125520E2	6.867241E1
6.635400E1	1.327080E5	2.678571E1	-2.181325E0	2.687438E1	1.440878E3	1.126965E2	6.720043E1
6.635600E1	1.327120E5	2.684843E1	-9.585673E-1	2.686554E1	1.290439E3	1.127593E2	6.597768E1
6.635800E1	1.327160E5	2.688373E1	2.374658E-1	2.688478E1	1.257021E3	1.127946E2	6.478164E1
6.636000E1	1.327200E5	2.673373E1	1.393254E0	2.677001E1	1.380305E3	1.126446E2	6.362585E1
6.636200E1	1.327240E5	2.669302E1	2.818412E0	2.684140E1	1.436349E3	1.126039E2	6.220070E1
6.636400E1	1.327280E5	2.665830E1	4.092970E0	2.697068E1	1.267134E3	1.125691E2	6.092614E1
6.636600E1	1.327320E5	2.652388E1	5.201779E0	2.702915E1	1.164828E3	1.124347E2	5.981733E1
6.636800E1	1.327360E5	2.641219E1	6.286442E0	2.715001E1	1.187354E3	1.123230E2	5.873267E1
6.637000E1	1.327400E5	2.614058E1	7.419343E0	2.717308E1	1.329044E3	1.120514E2	5.759977E1
6.637200E1	1.327440E5	2.598026E1	8.795961E0	2.742887E1	1.364482E3	1.118911E2	5.622315E1
6.637400E1	1.327480E5	2.570634E1	1.002413E1	2.759165E1	1.276138E3	1.116172E2	5.499498E1
6.637600E1	1.327520E5	2.521592E1	1.112615E1	2.756145E1	1.225911E3	1.111267E2	5.389296E1
6.637800E1	1.327560E5	2.483143E1	1.222225E1	2.767641E1	1.219257E3	1.107423E2	5.279685E1
6.638000E1	1.327600E5	2.419090E1	1.323633E1	2.757535E1	1.254948E3	1.101017E2	5.178278E1
6.638200E1	1.327640E5	2.360955E1	1.431345E1	2.760952E1	1.395063E3	1.095204E2	5.070566E1
6.638400E1	1.327680E5	2.294336E1	1.563098E1	2.776195E1	1.379091E3	1.088542E2	4.938812E1
6.638600E1	1.327720E5	2.244227E1	1.675416E1	2.800638E1	1.278127E3	1.083531E2	4.826495E1
6.638800E1	1.327760E5	2.169908E1	1.781022E1	2.807230E1	1.321881E3	1.076099E2	4.720888E1
6.639000E1	1.327800E5	2.085467E1	1.879775E1	2.807619E1	1.327775E3	1.067655E2	4.622136E1
6.639200E1	1.327840E5	1.993623E1	1.972142E1	2.804260E1	1.216045E3	1.058471E2	4.529769E1
6.639400E1	1.327880E5	1.932752E1	2.065001E1	2.828384E1	1.172416E3	1.052384E2	4.436910E1
6.639600E1	1.327920E5	1.850428E1	2.157355E1	2.842229E1	1.275523E3	1.044151E2	4.344556E1
6.639800E1	1.327960E5	1.754508E1	2.245409E1	2.849589E1	1.301926E3	1.034559E2	4.256502E1
6.640000E1	1.328000E5	1.658392E1	2.332464E1	2.861931E1	1.308135E3	1.024947E2	4.169447E1
6.640200E1	1.328040E5	1.554974E1	2.415561E1	2.872782E1	1.198094E3	1.014606E2	4.086350E1
6.640400E1	1.328080E5	1.457891E1	2.463136E1	2.862251E1	1.170151E3	1.004897E2	4.038775E1
6.640600E1	1.328120E5	1.350239E1	2.529827E1	2.867607E1	1.172739E3	9.941321E1	3.972084E1
6.640800E1	1.328160E5	1.249625E1	2.570114E1	2.857805E1	1.165816E3	9.840708E1	3.931796E1
6.641000E1	1.328200E5	1.139017E1	2.628739E1	2.864896E1	1.154939E3	9.730100E1	3.873172E1
6.641200E1	1.328240E5	1.039635E1	2.665165E1	2.860760E1	1.124468E3	9.630718E1	3.836746E1
6.641400E1	1.328280E5	9.326838E0	2.719663E1	2.875147E1	1.117490E3	9.523767E1	3.782247E1
6.641600E1	1.328320E5	8.327311E0	2.751205E1	2.874469E1	1.166722E3	9.423814E1	3.750706E1
6.641800E1	1.328360E5	7.134318E0	2.806671E1	2.895925E1	1.187967E3	9.304515E1	3.695240E1
6.642000E1	1.328400E5	6.060799E0	2.829983E1	2.894156E1	1.044175E3	9.197163E1	3.671927E1
6.642200E1	1.328440E5	5.053952E0	2.841482E1	2.886077E1	1.089649E3	9.096478E1	3.660429E1
6.642400E1	1.328480E5	3.898626E0	2.872355E1	2.898692E1	1.310989E3	8.980945E1	3.629556E1
6.642600E1	1.328520E5	2.449095E0	2.891498E1	2.901851E1	1.314256E3	8.835992E1	3.610413E1
6.642800E1	1.328560E5	1.252267E0	2.900158E1	2.902860E1	1.154990E3	8.716310E1	3.601753E1
6.643000E1	1.328600E5	1.121446E-1	2.901752E1	2.901774E1	1.084539E3	8.602297E1	3.600159E1
6.643200E1	1.328640E5	-9.455509E-1	2.902762E1	2.904302E1	1.062032E3	8.496528E1	3.599149E1
6.643400E1	1.328680E5	-2.038921E0	2.896398E1	2.903566E1	1.077842E3	8.387191E1	3.605512E1
6.643600E1	1.328720E5	-3.111453E0	2.874857E1	2.891646E1	1.218797E3	8.279937E1	3.627054E1
6.643800E1	1.328760E5	-4.494169E0	2.869298E1	2.904281E1	1.256361E3	8.141666E1	3.632613E1
6.644000E1	1.328800E5	-5.663322E0	2.859529E1	2.915071E1	1.102524E3	8.024751E1	3.642382E1
6.644200E1	1.328840E5	-6.739699E0	2.848433E1	2.927082E1	1.104238E3	7.917113E1	3.653478E1
6.644400E1	1.328880E5	-7.905269E0	2.827640E1	2.936066E1	1.114076E3	7.800556E1	3.674270E1
6.644600E1	1.328920E5	-8.895842E0	2.776009E1	2.915062E1	1.078578E3	7.701499E1	3.725902E1
6.644800E1	1.328960E5	-9.932806E0	2.738861E1	2.913412E1	1.099568E3	7.597802E1	3.763049E1
6.645000E1	1.329000E5	-1.102777E1	2.706788E1	2.922810E1	1.102685E3	7.488306E1	3.795123E1
6.645200E1	1.329040E5	-1.199345E1	2.650761E1	2.909461E1	1.117247E3	7.391738E1	3.851150E1
6.645400E1	1.329080E5	-1.306190E1	2.604364E1	2.913562E1	1.131927E3	7.284893E1	3.897547E1
6.645600E1	1.329120E5	-1.399369E1	2.537859E1	2.898096E1	1.124616E3	7.191714E1	3.964052E1
6.645800E1	1.329160E5	-1.501906E1	2.486399E1	2.904807E1	1.158852E3	7.089177E1	4.015512E1
6.646000E1	1.329200E5	-1.598840E1	2.414884E1	2.896196E1	1.193428E3	6.992243E1	4.087027E1
6.646200E1	1.329240E5	-1.689100E1	2.332738E1	2.880057E1	1.147923E3	6.901983E1	4.169172E1
6.646400E1	1.329280E5	-1.783022E1	2.274027E1	2.889700E1	1.161817E3	6.808061E1	4.227884E1
6.646600E1	1.329320E5	-1.876173E1	2.192452E1	2.885632E1	1.233894E3	6.714909E1	4.309458E1
6.646800E1	1.329360E5	-1.963868E1	2.103421E1	2.877700E1	1.262447E3	6.627214E1	4.398490E1
6.647000E1	1.329400E5	-2.052483E1	2.009604E1	2.872489E1	1.276013E3	6.538600E1	4.492306E1
6.647200E1	1.329440E5	-2.139758E1	1.917270E1	2.873062E1	1.269171E3	6.451325E1	4.584641E1
6.647400E1	1.329480E5	-2.221685E1	1.819629E1	2.871747E1	1.267736E3	6.369398E1	4.682282E1
6.647600E1	1.329520E5	-2.299509E1	1.719633E1	2.871390E1	1.199126E3	6.291573E1	4.782278E1
6.647800E1	1.329560E5	-2.350940E1	1.617088E1	2.853400E1	1.160149E3	6.240142E1	4.884823E1
6.648000E1	1.329600E5	-2.414314E1	1.517405E1	2.851566E1	1.222226E3	6.176769E1	4.984506E1
6.648200E1	1.329640E5	-2.482352E1	1.412071E1	2.855874E1	1.184711E3	6.108731E1	5.089839E1
6.648400E1	1.329680E5	-2.525944E1	1.309921E1	2.845397E1	1.193656E3	6.065139E1	5.191989E1
6.648600E1	1.329720E5	-2.579677E1	1.195176E1	2.843093E1	1.164047E3	6.011406E1	5.306735E1
6.648800E1	1.329760E5	-2.616898E1	1.097597E1	2.837758E1	1.148956E3	5.974185E1	5.404314E1
6.649000E1	1.329800E5	-2.665544E1	9.840416E0	2.841384E1	1.173262E3	5.925539E1	5.517869E1
6.649200E1	1.329840E5	-2.694275E1	8.786175E0	2.833917E1	1.082921E3	5.896808E1	5.623293E1
6.649400E1	1.329880E5	-2.715480E1	7.751137E0	2.823940E1	1.120845E3	5.875602E1	5.726797E1
6.649600E1	1.329920E5	-2.755813E1	6.655836E0	2.835049E1	1.182370E3	5.835270E1	5.836327E1
6.649800E1	1.329960E5	-2.772757E1	5.490971E0	2.826604E1	1.147324E3	5.818326E1	5.952814E1
6.650000E1	1.330000E5	-2.782311E1	4.401146E0	2.816905E1	1.110022E3	5.808772E1	6.061796E1
6.650200E1	1.330040E5	-2.777170E1	3.292617E0	2.796621E1	1.296150E3	5.813913E1	6.172649E1
6.650400E1	1.330080E5	-2.784011E1	1.851163E0	2.790159E1	1.306471E3	5.807071E1	6.316795E1
6.650600E1	1.330120E5	-2.780704E1	7.454172E-1	2.781703E1	1.179050E3	5.810379E1	6.427369E1
6.650800E1	1.330160E5	-2.777861E1	-4.422258E-1	2.778213E1	1.171597E3	5.813222E1	6.546133E1
6.651000E1	1.330200E5	-2.770989E1	-1.525375E0	2.775185E1	1.147320E3	5.820093E1	6.654448E1
6.651200E1	1.330240E5	-2.760817E1	-2.659012E0	2.773592E1	1.151875E3	5.830266E1	6.767812E1
6.651400E1	1.330280E5	-2.737068E1	-3.729044E0	2.762354E1	1.246588E3	5.854015E1	6.874815E1
6.651600E1	1.330320E5	-2.723402E1	-5.041472E0	2.769672E1	1.373886E3	5.867681E1	7.006058E1
6.651800E1	1.330360E5	-2.704468E1	-6.370111E0	2.778476E1	1.252102E3	5.886615E1	7.138922E1
6.652000E1	1.330400E5	-2.654989E1	-7.360986E0	2.755142E1	1.147814E3	5.936094E1	7.238009E1
6.652200E1	1.330440E5	-2.621930E1	-8.440887E0	2.754451E1	1.199106E3	5.969153E1	7.346000E1
6.652400E1	1.330480E5	-2.587028E1	-9.565866E0	2.758219E1	1.165853E3	6.004054E1	7.458497E1
6.652600E1	1.330520E5	-2.530359E1	-1.048552E1	2.739010E1	1.169437E3	6.060724E1	7.550462E1
6.652800E1	1.330560E5	-2.481005E1	-1.155344E1	2.736825E1	1.203896E3	6.110077E1	7.657255E1
6.653000E1	1.330600E5	-2.419827E1	-1.250257E1	2.723730E1	1.183620E3	6.171256E1	7.752168E1
6.653200E1	1.330640E5	-2.370838E1	-1.352562E1	2.729523E1	1.238392E3	6.220245E1	7.854473E1
6.653400E1	1.330680E5	-2.298528E1	-1.451817E1	2.718640E1	1.301717E3	6.292555E1	7.953728E1
6.653600E1	1.330720E5	-2.213854E1	-1.545073E1	2.699703E1	1.233732E3	6.377229E1	8.046984E1
6.653800E1	1.330760E5	-2.158087E1	-1.638827E1	2.709814E1	1.242169E3	6.432996E1	8.140738E1
6.654000E1	1.330800E5	-2.076020E1	-1.734609E1	2.705315E1	1.327831E3	6.515062E1	8.236520E1
6.654200E1	1.330840E5	-1.989194E1	-1.824292E1	2.699062E1	1.365734E3	6.601888E1	8.326203E1
6.654400E1	1.330880E5	-1.891586E1	-1.914385E1	2.691276E1	1.396113E3	6.699497E1	8.416296E1
6.654600E1	1.330920E5	-1.795760E1	-2.001999E1	2.689378E1	1.375030E3	6.795323E1	8.503909E1
6.654800E1	1.330960E5	-1.699977E1	-2.087600E1	2.692210E1	1.377234E3	6.891106E1	8.589511E1
6.655000E1	1.331000E5	-1.599833E1	-2.171337E1	2.697066E1	1.373791E3	6.991250E1	8.673247E1
6.655200E1	1.331040E5	-1.498906E1	-2.250790E1	2.704214E1	1.263454E3	7.092177E1	8.752701E1
6.655400E1	1.331080E5	-1.398691E1	-2.297837E1	2.690055E1	1.241880E3	7.192391E1	8.799748E1
6.655600E1	1.331120E5	-1.294513E1	-2.365066E1	2.696164E1	1.231613E3	7.296570E1	8.866977E1
6.655800E1	1.331160E5	-1.190379E1	-2.397753E1	2.676980E1	1.240791E3	7.400704E1	8.899664E1
6.656000E1	1.331200E5	-1.080182E1	-2.457133E1	2.684082E1	1.226609E3	7.510901E1	8.959044E1
6.656200E1	1.331240E5	-9.799049E0	-2.488150E1	2.674155E1	1.219985E3	7.611178E1	8.990061E1
6.656400E1	1.331280E5	-8.678842E0	-2.541993E1	2.686066E1	1.259069E3	7.723199E1	9.043904E1
6.656600E1	1.331320E5	-7.588070E0	-2.568327E1	2.678076E1	1.145821E3	7.832276E1	9.070238E1
6.656800E1	1.331360E5	-6.579568E0	-2.587382E1	2.669729E1	1.193550E3	7.933126E1	9.089293E1
6.657000E1	1.331400E5	-5.435525E0	-2.628072E1	2.683694E1	1.230461E3	8.047530E1	9.129983E1
6.657200E1	1.331440E5	-4.356164E0	-2.646899E1	2.682505E1	1.179884E3	8.155466E1	9.148810E1
6.657400E1	1.331480E5	-3.244987E0	-2.655884E1	2.675634E1	1.162370E3	8.266584E1	9.157795E1
6.657600E1	1.331520E5	-2.184148E0	-2.658755E1	2.667711E1	1.158210E3	8.372668E1	9.160666E1
6.657800E1	1.331560E5	-1.080025E0	-2.650844E1	2.653043E1	1.340750E3	8.483080E1	9.152754E1
6.658000E1	1.331600E5	3.083923E-1	-2.650025E1	2.650205E1	1.381069E3	8.621922E1	9.151936E1
6.658200E1	1.331640E5	1.475919E0	-2.647185E1	2.651296E1	1.229599E3	8.738675E1	9.149096E1
6.658400E1	1.331680E5	2.582234E0	-2.640619E1	2.653215E1	1.181707E3	8.849306E1	9.142530E1
6.658600E1	1.331720E5	3.660071E0	-2.631595E1	2.656926E1	1.190325E3	8.957090E1	9.133506E1
6.658800E1	1.331760E5	4.781858E0	-2.619218E1	2.662511E1	1.181510E3	9.069269E1	9.121129E1
6.659000E1	1.331800E5	5.841613E0	-2.603982E1	2.668702E1	1.146018E3	9.175244E1	9.105893E1
6.659200E1	1.331840E5	6.899491E0	-2.587474E1	2.677882E1	1.195448E3	9.281032E1	9.089385E1
6.659400E1	1.331880E5	8.011753E0	-2.552519E1	2.675301E1	1.359325E3	9.392258E1	9.054430E1
6.659600E1	1.331920E5	9.304717E0	-2.506272E1	2.673420E1	1.373339E3	9.521554E1	9.008183E1
6.659800E1	1.331960E5	1.043235E1	-2.467376E1	2.678858E1	1.275587E3	9.634317E1	8.969287E1
6.660000E1	1.332000E5	1.145848E1	-2.405543E1	2.664508E1	1.242419E3	9.736930E1	8.907453E1
6.660200E1	1.332040E5	1.250638E1	-2.363154E1	2.673685E1	1.230159E3	9.841721E1	8.865065E1
6.660400E1	1.332080E5	1.346135E1	-2.295277E1	2.660898E1	1.247748E3	9.937218E1	8.797188E1
6.660600E1	1.332120E5	1.450756E1	-2.244257E1	2.672337E1	1.229950E3	1.004184E2	8.746168E1
6.660800E1	1.332160E5	1.541610E1	-2.176440E1	2.667105E1	1.187436E3	1.013269E2	8.678350E1
6.661000E1	1.332200E5	1.636639E1	-2.122949E1	2.680578E1	1.233831E3	1.022772E2	8.624859E1
6.661200E1	1.332240E5	1.730334E1	-2.044249E1	2.678247E1	1.331041E3	1.032142E2	8.546159E1
6.661400E1	1.332280E5	1.823028E1	-1.958124E1	2.675384E1	1.335579E3	1.041411E2	8.460034E1
6.661600E1	1.332320E5	1.911416E1	-1.872566E1	2.675820E1	1.214010E3	1.050250E2	8.374477E1
6.661800E1	1.332360E5	1.996088E1	-1.809319E1	2.694068E1	1.190475E3	1.058717E2	8.311230E1
6.662000E1	1.332400E5	2.077774E1	-1.721932E1	2.698555E1	1.204546E3	1.066886E2	8.223843E1
6.662200E1	1.332440E5	2.133692E1	-1.629679E1	2.684864E1	1.191100E3	1.072477E2	8.131590E1
6.662400E1	1.332480E5	2.203642E1	-1.536451E1	2.686395E1	1.285203E3	1.079472E2	8.038361E1
6.662600E1	1.332520E5	2.272856E1	-1.433023E1	2.686900E1	1.263783E3	1.086394E2	7.934934E1
6.662800E1	1.332560E5	2.322140E1	-1.331535E1	2.676811E1	1.255290E3	1.091322E2	7.833446E1
6.663000E1	1.332600E5	2.379722E1	-1.223538E1	2.675840E1	1.212111E3	1.097080E2	7.725448E1
6.663200E1	1.332640E5	2.422671E1	-1.128778E1	2.672727E1	1.194702E3	1.101375E2	7.630688E1
6.663400E1	1.332680E5	2.473889E1	-1.021241E1	2.676389E1	1.194372E3	1.106497E2	7.523152E1
6.663600E1	1.332720E5	2.512143E1	-9.245074E0	2.676859E1	1.219242E3	1.110323E2	7.426418E1
6.663800E1	1.332760E5	2.560528E1	-8.099980E0	2.685591E1	1.262346E3	1.115161E2	7.311909E1
6.664000E1	1.332800E5	2.587945E1	-7.009475E0	2.681191E1	1.107048E3	1.117903E2	7.202858E1
6.664200E1	1.332840E5	2.608287E1	-6.082183E0	2.678262E1	1.116469E3	1.119937E2	7.110129E1
6.664400E1	1.332880E5	2.648695E1	-4.999560E0	2.695467E1	1.212962E3	1.123978E2	7.001867E1
6.664600E1	1.332920E5	2.669893E1	-3.882684E0	2.697977E1	1.165200E3	1.126098E2	6.890179E1
6.664800E1	1.332960E5	2.679854E1	-2.830040E0	2.694755E1	1.131084E3	1.127094E2	6.784915E1
6.665000E1	1.333000E5	2.684576E1	-1.759507E0	2.690336E1	1.146362E3	1.127566E2	6.677862E1
6.665200E1	1.333040E5	2.675264E1	-6.738583E-1	2.676113E1	1.324048E3	1.126635E2	6.569297E1
6.665400E1	1.333080E5	2.678530E1	7.230644E-1	2.679506E1	1.376659E3	1.126961E2	6.429604E1
6.665600E1	1.333120E5	2.677062E1	1.901918E0	2.683810E1	1.217831E3	1.126814E2	6.311719E1
6.665800E1	1.333160E5	2.672061E1	3.005525E0	2.688911E1	1.142348E3	1.126314E2	6.201358E1
6.666000E1	1.333200E5	2.663774E1	4.044341E0	2.694301E1	1.104663E3	1.125486E2	6.097477E1
6.666200E1	1.333240E5	2.650866E1	5.074199E0	2.698993E1	1.096007E3	1.124195E2	5.994491E1
6.666400E1	1.333280E5	2.642750E1	6.109611E0	2.712453E1	1.089788E3	1.123383E2	5.890950E1
6.666600E1	1.333320E5	2.627854E1	7.137474E0	2.723059E1	1.076423E3	1.121894E2	5.788163E1
6.666800E1	1.333360E5	2.608267E1	8.135264E0	2.732193E1	1.057735E3	1.119935E2	5.688384E1
6.667000E1	1.333400E5	2.592401E1	9.142703E0	2.748896E1	1.106905E3	1.118348E2	5.587641E1
6.667200E1	1.333440E5	2.567382E1	1.024306E1	2.764173E1	1.140714E3	1.115846E2	5.477604E1
6.667400E1	1.333480E5	2.517502E1	1.120297E1	2.755519E1	1.124271E3	1.110858E2	5.381613E1
6.667600E1	1.333520E5	2.480208E1	1.222972E1	2.765338E1	1.145320E3	1.107129E2	5.278939E1
6.667800E1	1.333560E5	2.419279E1	1.317419E1	2.754723E1	1.158330E3	1.101036E2	5.184492E1
6.668000E1	1.333600E5	2.373960E1	1.419710E1	2.766092E1	1.163760E3	1.096504E2	5.082201E1
6.668200E1	1.333640E5	2.305742E1	1.510304E1	2.756350E1	1.135777E3	1.089682E2	4.991606E1
6.668400E1	1.333680E5	2.258798E1	1.606668E1	2.771921E1	1.134017E3	1.084988E2	4.895243E1
6.668600E1	1.333720E5	2.190739E1	1.696962E1	2.771104E1	1.135170E3	1.078182E2	4.804949E1
6.668800E1	1.333760E5	2.139874E1	1.793320E1	2.791963E1	1.147070E3	1.073096E2	4.708591E1
6.669000E1	1.333800E5	2.069350E1	1.886261E1	2.800034E1	1.229588E3	1.066043E2	4.615650E1
6.669200E1	1.333840E5	1.982781E1	1.974701E1	2.798368E1	1.258139E3	1.057386E2	4.527210E1
6.669400E1	1.333880E5	1.898653E1	2.063502E1	2.804090E1	1.138957E3	1.048974E2	4.438409E1
6.669600E1	1.333920E5	1.840466E1	2.150258E1	2.830357E1	1.098699E3	1.043155E2	4.351653E1
6.669800E1	1.333960E5	1.759474E1	2.234067E1	2.843731E1	1.208235E3	1.035056E2	4.267844E1
6.670000E1	1.334000E5	1.668769E1	2.319928E1	2.857771E1	1.125363E3	1.025985E2	4.181983E1
6.670200E1	1.334040E5	1.577256E1	2.363093E1	2.841117E1	1.076501E3	1.016834E2	4.138818E1
6.670400E1	1.334080E5	1.485339E1	2.431257E1	2.849077E1	1.205805E3	1.007642E2	4.070654E1
6.670600E1	1.334120E5	1.382950E1	2.505409E1	2.861752E1	1.143266E3	9.974033E1	3.996502E1
6.670800E1	1.334160E5	1.291473E1	2.551243E1	2.859501E1	9.625430E2	9.882556E1	3.950667E1
6.671000E1	1.334200E5	1.220081E1	2.610773E1	2.881793E1	8.944354E2	9.811164E1	3.891138E1
6.671200E1	1.334240E5	1.136796E1	2.643242E1	2.877330E1	9.963345E2	9.727878E1	3.858669E1
6.671400E1	1.334280E5	1.038349E1	2.696188E1	2.889221E1	1.050534E3	9.629432E1	3.805723E1
6.671600E1	1.334320E5	9.426446E0	2.726926E1	2.885257E1	9.748270E2	9.533727E1	3.774984E1
6.671800E1	1.334360E5	8.486854E0	2.747897E1	2.875970E1	1.060794E3	9.439768E1	3.754014E1
6.672000E1	1.334400E5	7.402171E0	2.796455E1	2.892763E1	1.098503E3	9.331300E1	3.705456E1
6.672200E1	1.334440E5	6.384929E0	2.817337E1	2.888782E1	9.867489E2	9.229576E1	3.684574E1
6.672400E1	1.334480E5	5.444309E0	2.832758E1	2.884601E1	1.023350E3	9.135514E1	3.669153E1
6.672600E1	1.334520E5	4.383660E0	2.872836E1	2.906089E1	1.075606E3	9.029449E1	3.629075E1
6.672800E1	1.334560E5	3.333624E0	2.891483E1	2.910637E1	1.033420E3	8.924445E1	3.610427E1
6.673000E1	1.334600E5	2.302871E0	2.898803E1	2.907936E1	1.024285E3	8.821370E1	3.603108E1
6.673200E1	1.334640E5	1.255741E0	2.899906E1	2.902624E1	1.009593E3	8.716657E1	3.602004E1
6.673400E1	1.334680E5	2.550719E-1	2.900857E1	2.900969E1	9.842025E2	8.616590E1	3.601054E1
6.673600E1	1.334720E5	-7.372721E-1	2.898081E1	2.899019E1	9.850502E2	8.517356E1	3.603829E1
6.673800E1	1.334760E5	-1.738505E0	2.895156E1	2.900371E1	9.861051E2	8.417232E1	3.606755E1
6.674000E1	1.334800E5	-2.730845E0	2.888012E1	2.900894E1	9.928649E2	8.317998E1	3.613899E1
6.674200E1	1.334840E5	-3.744074E0	2.879679E1	2.903917E1	9.935342E2	8.216675E1	3.622232E1
6.674400E1	1.334880E5	-4.737830E0	2.869397E1	2.908248E1	9.777811E2	8.117300E1	3.632514E1
6.674600E1	1.334920E5	-5.720673E0	2.857985E1	2.914677E1	9.742482E2	8.019015E1	3.643926E1
6.674800E1	1.334960E5	-6.711173E0	2.845049E1	2.923132E1	1.031918E3	7.919966E1	3.656862E1
6.675000E1	1.335000E5	-7.807578E0	2.825532E1	2.931418E1	1.038918E3	7.810325E1	3.676379E1
6.675200E1	1.335040E5	-8.722009E0	2.778350E1	2.912038E1	9.850881E2	7.718882E1	3.723560E1
6.675400E1	1.335080E5	-9.674343E0	2.749166E1	2.914420E1	1.017268E3	7.623648E1	3.752745E1
6.675600E1	1.335120E5	-1.070673E1	2.718399E1	2.921649E1	1.050805E3	7.520409E1	3.783512E1
6.675800E1	1.335160E5	-1.164193E1	2.665971E1	2.909080E1	1.050850E3	7.426889E1	3.835940E1
6.676000E1	1.335200E5	-1.263992E1	2.626266E1	2.914610E1	1.059000E3	7.327091E1	3.875644E1
6.676200E1	1.335240E5	-1.354667E1	2.566504E1	2.902080E1	1.049664E3	7.236416E1	3.935406E1
6.676400E1	1.335280E5	-1.449853E1	2.521408E1	2.908535E1	1.057590E3	7.141230E1	3.980502E1
6.676600E1	1.335320E5	-1.539165E1	2.457773E1	2.899944E1	1.059570E3	7.051918E1	4.044138E1
6.676800E1	1.335360E5	-1.633400E1	2.409086E1	2.910617E1	1.066023E3	6.957683E1	4.092825E1
6.677000E1	1.335400E5	-1.719766E1	2.339406E1	2.903518E1	1.026952E3	6.871317E1	4.162505E1
6.677200E1	1.335440E5	-1.806525E1	2.291918E1	2.918290E1	9.280366E2	6.784558E1	4.209993E1
6.677400E1	1.335480E5	-1.863560E1	2.218320E1	2.897205E1	9.801142E2	6.727523E1	4.283591E1
6.677600E1	1.335520E5	-1.939520E1	2.141531E1	2.889273E1	1.015529E3	6.651563E1	4.360379E1
6.677800E1	1.335560E5	-2.019038E1	2.083853E1	2.901544E1	1.048462E3	6.572045E1	4.418058E1
6.678000E1	1.335600E5	-2.097762E1	2.000464E1	2.898700E1	1.031765E3	6.493321E1	4.501447E1
6.678200E1	1.335640E5	-2.148840E1	1.919800E1	2.881518E1	1.013296E3	6.442243E1	4.582111E1
6.678400E1	1.335680E5	-2.219271E1	1.835079E1	2.879701E1	1.040577E3	6.371812E1	4.666832E1
6.678600E1	1.335720E5	-2.290062E1	1.764584E1	2.891045E1	9.529026E2	6.301021E1	4.737327E1
6.678800E1	1.335760E5	-2.336267E1	1.683431E1	2.879598E1	1.017442E3	6.254816E1	4.818480E1
6.679000E1	1.335800E5	-2.395203E1	1.588112E1	2.873865E1	1.052592E3	6.195879E1	4.913799E1
6.679200E1	1.335840E5	-2.437613E1	1.497566E1	2.860885E1	1.075670E3	6.153470E1	5.004344E1
6.679400E1	1.335880E5	-2.489259E1	1.393666E1	2.852843E1	1.061448E3	6.101824E1	5.108245E1
6.679600E1	1.335920E5	-2.529378E1	1.306572E1	2.846908E1	1.057278E3	6.061705E1	5.195338E1
6.679800E1	1.335960E5	-2.579148E1	1.203451E1	2.846103E1	1.105509E3	6.011934E1	5.298460E1
6.680000E1	1.336000E5	-2.608897E1	1.101879E1	2.832045E1	1.006245E3	5.982186E1	5.400032E1
6.680200E1	1.336040E5	-2.635194E1	1.010983E1	2.822470E1	1.069001E3	5.955889E1	5.490928E1
6.680400E1	1.336080E5	-2.675921E1	9.016377E0	2.823740E1	1.151011E3	5.915162E1	5.600273E1
6.680600E1	1.336120E5	-2.696488E1	7.928574E0	2.810635E1	1.009085E3	5.894595E1	5.709053E1
6.680800E1	1.336160E5	-2.716940E1	7.069319E0	2.807404E1	1.017829E3	5.874142E1	5.794979E1
6.681000E1	1.336200E5	-2.753108E1	6.009683E0	2.817936E1	1.109046E3	5.837975E1	5.900943E1
6.681200E1	1.336240E5	-2.769321E1	4.957076E0	2.813337E1	1.060328E3	5.821761E1	6.006203E1
6.681400E1	1.336280E5	-2.777031E1	3.938688E0	2.804824E1	1.042733E3	5.814051E1	6.108042E1
6.681600E1	1.336320E5	-2.779444E1	2.910286E0	2.794639E1	1.079277E3	5.811639E1	6.210882E1
6.681800E1	1.336360E5	-2.783738E1	1.827175E0	2.789728E1	1.043118E3	5.807345E1	6.319193E1
6.682000E1	1.336400E5	-2.779471E1	8.759341E-1	2.780851E1	1.016455E3	5.811612E1	6.414317E1
6.682200E1	1.336440E5	-2.776555E1	-1.504488E-1	2.776595E1	1.057342E3	5.814528E1	6.516956E1
6.682400E1	1.336480E5	-2.769983E1	-1.172746E0	2.772464E1	1.066327E3	5.821100E1	6.619185E1
6.682600E1	1.336520E5	-2.762852E1	-2.211177E0	2.771686E1	1.048142E3	5.828231E1	6.723029E1
6.682800E1	1.336560E5	-2.752099E1	-3.192508E0	2.770554E1	1.051846E3	5.838984E1	6.821162E1
6.683000E1	1.336600E5	-2.739375E1	-4.232527E0	2.771880E1	1.021179E3	5.851708E1	6.925164E1
6.683200E1	1.336640E5	-2.724794E1	-5.149343E0	2.773024E1	1.081104E3	5.866289E1	7.016845E1
6.683400E1	1.336680E5	-2.708310E1	-6.306205E0	2.780760E1	1.121865E3	5.882773E1	7.132531E1
6.683600E1	1.336720E5	-2.658191E1	-7.216698E0	2.754412E1	1.055317E3	5.932892E1	7.223581E1
6.683800E1	1.336760E5	-2.629399E1	-8.204183E0	2.754419E1	1.100009E3	5.961684E1	7.322329E1
6.684000E1	1.336800E5	-2.597426E1	-9.243451E0	2.756998E1	1.108735E3	5.993657E1	7.426256E1
6.684200E1	1.336840E5	-2.548438E1	-1.017434E1	2.744032E1	1.099803E3	6.042645E1	7.519345E1
6.684400E1	1.336880E5	-2.504857E1	-1.114622E1	2.741659E1	1.136615E3	6.086225E1	7.616533E1
6.684600E1	1.336920E5	-2.445686E1	-1.209277E1	2.728320E1	1.145981E3	6.145397E1	7.711188E1
6.684800E1	1.336960E5	-2.402777E1	-1.308527E1	2.735979E1	1.119004E3	6.188306E1	7.810437E1
6.685000E1	1.337000E5	-2.341259E1	-1.394909E1	2.725300E1	1.135585E3	6.249824E1	7.896820E1
6.685200E1	1.337040E5	-2.291006E1	-1.494319E1	2.735269E1	1.166511E3	6.300077E1	7.996229E1
6.685400E1	1.337080E5	-2.223391E1	-1.583138E1	2.729431E1	1.127433E3	6.367692E1	8.085049E1
6.685600E1	1.337120E5	-2.171594E1	-1.673821E1	2.741805E1	1.122447E3	6.419489E1	8.175731E1
6.685800E1	1.337160E5	-2.102686E1	-1.760744E1	2.742536E1	1.054454E3	6.488397E1	8.262655E1
6.686000E1	1.337200E5	-2.024746E1	-1.813012E1	2.717832E1	9.720344E2	6.566337E1	8.314923E1
6.686200E1	1.337240E5	-1.967696E1	-1.888946E1	2.727626E1	1.106543E3	6.623387E1	8.390857E1
6.686400E1	1.337280E5	-1.884089E1	-1.969404E1	2.725498E1	1.116188E3	6.706994E1	8.471314E1
6.686600E1	1.337320E5	-1.797433E1	-2.017038E1	2.701704E1	1.100741E3	6.793650E1	8.518948E1
6.686800E1	1.337360E5	-1.710273E1	-2.087408E1	2.698575E1	1.119554E3	6.880810E1	8.589319E1
6.687000E1	1.337400E5	-1.644737E1	-2.164757E1	2.718701E1	9.914312E2	6.946345E1	8.666668E1
6.687200E1	1.337440E5	-1.563283E1	-2.202763E1	2.701114E1	1.057884E3	7.027800E1	8.704673E1
6.687400E1	1.337480E5	-1.471368E1	-2.266116E1	2.701889E1	1.119244E3	7.119715E1	8.768027E1
6.687600E1	1.337520E5	-1.379479E1	-2.306216E1	2.687303E1	1.140126E3	7.211604E1	8.808127E1
6.687800E1	1.337560E5	-1.279184E1	-2.362373E1	2.686469E1	1.148592E3	7.311899E1	8.864283E1
6.688000E1	1.337600E5	-1.184243E1	-2.397012E1	2.673593E1	1.155391E3	7.406839E1	8.898922E1
6.688200E1	1.337640E5	-1.082039E1	-2.451780E1	2.679932E1	1.158538E3	7.509044E1	8.953691E1
6.688400E1	1.337680E5	-9.860781E0	-2.483262E1	2.671880E1	1.148176E3	7.605005E1	8.985173E1
6.688600E1	1.337720E5	-8.838639E0	-2.535190E1	2.684847E1	1.176288E3	7.707219E1	9.037101E1
6.688800E1	1.337760E5	-7.798706E0	-2.558447E1	2.674668E1	1.081189E3	7.811212E1	9.060358E1
6.689000E1	1.337800E5	-6.851744E0	-2.575844E1	2.665415E1	1.119695E3	7.905908E1	9.077755E1
6.689200E1	1.337840E5	-5.799042E0	-2.621497E1	2.684872E1	1.169360E3	8.011179E1	9.123408E1
6.689400E1	1.337880E5	-4.754149E0	-2.637409E1	2.679915E1	1.109932E3	8.115668E1	9.139320E1
6.689600E1	1.337920E5	-3.736681E0	-2.647434E1	2.673674E1	1.088612E3	8.217415E1	9.149345E1
6.689800E1	1.337960E5	-2.723659E0	-2.651988E1	2.665937E1	1.086899E3	8.318717E1	9.153898E1
6.690000E1	1.338000E5	-1.711401E0	-2.656369E1	2.661877E1	1.097029E3	8.419943E1	9.158280E1
6.690200E1	1.338040E5	-6.833103E-1	-2.652357E1	2.653237E1	1.085586E3	8.522752E1	9.154268E1
6.690400E1	1.338080E5	3.033715E-1	-2.649241E1	2.649415E1	1.066728E3	8.621420E1	9.151152E1
6.690600E1	1.338120E5	1.290037E0	-2.646036E1	2.649178E1	1.082040E3	8.720087E1	9.147946E1
6.690800E1	1.338160E5	2.301930E0	-2.639481E1	2.649499E1	1.106816E3	8.821276E1	9.141391E1
6.691000E1	1.338200E5	3.334847E0	-2.632992E1	2.654027E1	1.097322E3	8.924568E1	9.134903E1
6.691200E1	1.338240E5	4.330116E0	-2.623132E1	2.658631E1	1.074031E3	9.024094E1	9.125043E1
6.691400E1	1.338280E5	5.319487E0	-2.611216E1	2.664848E1	1.074715E3	9.123031E1	9.113127E1
6.691600E1	1.338320E5	6.321682E0	-2.598701E1	2.674487E1	1.071793E3	9.223251E1	9.100612E1
6.691800E1	1.338360E5	7.313877E0	-2.584372E1	2.685871E1	1.086892E3	9.322471E1	9.086283E1
6.692000E1	1.338400E5	8.336651E0	-2.562720E1	2.694909E1	1.105439E3	9.424748E1	9.064631E1
6.692200E1	1.338440E5	9.265577E0	-2.515128E1	2.680369E1	1.077063E3	9.517641E1	9.017039E1
6.692400E1	1.338480E5	1.017794E1	-2.478163E1	2.679029E1	1.083756E3	9.608877E1	8.980074E1
6.692600E1	1.338520E5	1.119004E1	-2.448801E1	2.692359E1	1.126063E3	9.710087E1	8.950712E1
6.692800E1	1.338560E5	1.210950E1	-2.393902E1	2.682754E1	1.139372E3	9.802033E1	8.895813E1
6.693000E1	1.338600E5	1.308164E1	-2.348763E1	2.688491E1	1.133538E3	9.899247E1	8.850674E1
6.693200E1	1.338640E5	1.396785E1	-2.291302E1	2.683482E1	1.102330E3	9.987868E1	8.793213E1
6.693400E1	1.338680E5	1.489450E1	-2.248155E1	2.696787E1	9.939016E2	1.008053E2	8.750066E1
6.693600E1	1.338720E5	1.547370E1	-2.182017E1	2.674986E1	9.564567E2	1.013845E2	8.683928E1
6.693800E1	1.338760E5	1.628661E1	-2.133969E1	2.684466E1	1.094554E3	1.021974E2	8.635880E1
6.694000E1	1.338800E5	1.712844E1	-2.061633E1	2.680329E1	1.197263E3	1.030393E2	8.563544E1
6.694200E1	1.338840E5	1.795987E1	-1.984857E1	2.676794E1	1.115863E3	1.038707E2	8.486768E1
6.694400E1	1.338880E5	1.875787E1	-1.930000E1	2.691371E1	1.020545E3	1.046687E2	8.431910E1
6.694600E1	1.338920E5	1.933517E1	-1.852727E1	2.677888E1	1.084857E3	1.052460E2	8.354638E1
6.694800E1	1.338960E5	2.004592E1	-1.772059E1	2.675553E1	1.081420E3	1.059567E2	8.273970E1
6.695000E1	1.339000E5	2.076912E1	-1.709150E1	2.689750E1	9.938194E2	1.066799E2	8.211061E1
6.695200E1	1.339040E5	2.126375E1	-1.631708E1	2.680287E1	1.071637E3	1.071746E2	8.133618E1
6.695400E1	1.339080E5	2.189011E1	-1.542198E1	2.677713E1	1.098924E3	1.078009E2	8.044109E1
6.695600E1	1.339120E5	2.230481E1	-1.454349E1	2.662739E1	1.125732E3	1.082156E2	7.956260E1
6.695800E1	1.339160E5	2.288863E1	-1.357000E1	2.660891E1	1.129556E3	1.087995E2	7.858911E1
6.696000E1	1.339200E5	2.328931E1	-1.269115E1	2.652277E1	1.137315E3	1.092001E2	7.771025E1
6.696200E1	1.339240E5	2.379355E1	-1.166314E1	2.649833E1	1.168272E3	1.097044E2	7.668225E1
6.696400E1	1.339280E5	2.426253E1	-1.075897E1	2.654102E1	9.854945E2	1.101734E2	7.577808E1
6.696600E1	1.339320E5	2.472612E1	-1.007606E1	2.670033E1	9.103068E2	1.106369E2	7.509517E1
6.696800E1	1.339360E5	2.506703E1	-9.259232E0	2.672245E1	1.060069E3	1.109779E2	7.427834E1
6.697000E1	1.339400E5	2.552163E1	-8.258492E0	2.682455E1	1.143371E3	1.114325E2	7.327760E1
6.697200E1	1.339440E5	2.576930E1	-7.243270E0	2.676792E1	1.019921E3	1.116801E2	7.226238E1
6.697400E1	1.339480E5	2.595187E1	-6.399021E0	2.672914E1	1.071043E3	1.118627E2	7.141813E1
6.697600E1	1.339520E5	2.637425E1	-5.325411E0	2.690652E1	1.146072E3	1.122851E2	7.034452E1
6.697800E1	1.339560E5	2.655082E1	-4.332156E0	2.690193E1	1.068495E3	1.124616E2	6.935126E1
6.698000E1	1.339600E5	2.665293E1	-3.339420E0	2.686132E1	1.084309E3	1.125638E2	6.835853E1
6.698200E1	1.339640E5	2.670305E1	-2.303226E0	2.680220E1	1.083798E3	1.126139E2	6.732233E1
6.698400E1	1.339680E5	2.677220E1	-1.312349E0	2.680435E1	1.052025E3	1.126830E2	6.633146E1
6.698600E1	1.339720E5	2.674003E1	-3.368126E-1	2.674216E1	1.062389E3	1.126509E2	6.535592E1
6.698800E1	1.339760E5	2.672716E1	6.733696E-1	2.673564E1	1.072944E3	1.126380E2	6.434574E1
6.699000E1	1.339800E5	2.673707E1	1.668159E0	2.678906E1	1.053966E3	1.126479E2	6.335095E1
6.699200E1	1.339840E5	2.668380E1	2.644151E0	2.681449E1	1.063935E3	1.125946E2	6.237496E1
6.699400E1	1.339880E5	2.661441E1	3.657964E0	2.686462E1	1.042343E3	1.125252E2	6.136114E1
6.699600E1	1.339920E5	2.652303E1	4.594887E0	2.691810E1	1.013884E3	1.124339E2	6.042422E1
6.699800E1	1.339960E5	2.642868E1	5.560439E0	2.700729E1	1.016865E3	1.123395E2	5.945867E1
6.700000E1	1.340000E5	2.634560E1	6.517880E0	2.713989E1	1.003436E3	1.122564E2	5.850123E1
6.700200E1	1.340040E5	2.620543E1	7.462414E0	2.724724E1	9.955188E2	1.121163E2	5.755669E1
6.700400E1	1.340080E5	2.608888E1	8.415410E0	2.741257E1	9.908375E2	1.119997E2	5.660370E1
6.700600E1	1.340120E5	2.592418E1	9.363190E0	2.756325E1	1.033379E3	1.118350E2	5.565592E1
6.700800E1	1.340160E5	2.574918E1	1.040936E1	2.777364E1	1.032549E3	1.116600E2	5.460975E1
6.701000E1	1.340200E5	2.536745E1	1.128832E1	2.776569E1	8.352266E2	1.112783E2	5.373079E1
6.701200E1	1.340240E5	2.503815E1	1.186351E1	2.770653E1	8.173374E2	1.109490E2	5.315560E1
6.701400E1	1.340280E5	2.471597E1	1.273395E1	2.780347E1	9.924056E2	1.106268E2	5.228515E1
6.701600E1	1.340320E5	2.420025E1	1.359278E1	2.775636E1	1.045134E3	1.101111E2	5.142633E1
6.701800E1	1.340360E5	2.380020E1	1.454971E1	2.789523E1	1.076083E3	1.097110E2	5.046940E1
6.702000E1	1.340400E5	2.318392E1	1.541874E1	2.784298E1	1.051556E3	1.090947E2	4.960037E1
6.702200E1	1.340440E5	2.277082E1	1.632926E1	2.802062E1	9.998650E2	1.086817E2	4.868985E1
6.702400E1	1.340480E5	2.224511E1	1.714702E1	2.808675E1	8.947764E2	1.081559E2	4.787209E1
6.702600E1	1.340520E5	2.173771E1	1.774396E1	2.806022E1	8.987597E2	1.076485E2	4.727515E1
6.702800E1	1.340560E5	2.108674E1	1.847361E1	2.803435E1	9.579463E2	1.069976E2	4.654550E1
6.703000E1	1.340600E5	2.065204E1	1.929591E1	2.826374E1	8.667706E2	1.065629E2	4.572320E1
6.703200E1	1.340640E5	1.997720E1	1.976077E1	2.809941E1	8.451809E2	1.058880E2	4.525834E1
6.703400E1	1.340680E5	1.949243E1	2.049514E1	2.828438E1	9.529551E2	1.054033E2	4.452397E1
6.703600E1	1.340720E5	1.880227E1	2.125193E1	2.837552E1	9.793772E2	1.047131E2	4.376718E1
6.703800E1	1.340760E5	1.799977E1	2.172240E1	2.821089E1	8.806208E2	1.039106E2	4.329671E1
6.704000E1	1.340800E5	1.747808E1	2.238884E1	2.840323E1	9.440843E2	1.033889E2	4.263027E1
6.704200E1	1.340840E5	1.670383E1	2.310111E1	2.850753E1	9.931306E2	1.026147E2	4.191800E1
6.704400E1	1.340880E5	1.590840E1	2.358052E1	2.844500E1	8.652371E2	1.018192E2	4.143858E1
6.704600E1	1.340920E5	1.533695E1	2.415898E1	2.861605E1	8.112747E2	1.012478E2	4.086013E1
6.704800E1	1.340960E5	1.460079E1	2.453184E1	2.854811E1	9.541472E2	1.005116E2	4.048726E1
6.705000E1	1.341000E5	1.370038E1	2.513642E1	2.862761E1	9.899414E2	9.961121E1	3.988269E1
6.705200E1	1.341040E5	1.285024E1	2.543874E1	2.850014E1	1.009342E3	9.876107E1	3.958037E1
6.705400E1	1.341080E5	1.190681E1	2.606099E1	2.865218E1	8.825935E2	9.781764E1	3.895812E1
6.705600E1	1.341120E5	1.134365E1	2.637769E1	2.871343E1	7.924587E2	9.725448E1	3.864142E1
6.705800E1	1.341160E5	1.052405E1	2.687494E1	2.886205E1	9.324617E2	9.643488E1	3.814417E1
6.706000E1	1.341200E5	9.632319E0	2.714038E1	2.879899E1	8.694467E2	9.554315E1	3.787873E1
6.706200E1	1.341240E5	8.828951E0	2.732321E1	2.871425E1	9.499167E2	9.473978E1	3.769590E1
6.706400E1	1.341280E5	7.833642E0	2.779368E1	2.887654E1	1.039609E3	9.374447E1	3.722543E1
6.706600E1	1.341320E5	6.853698E0	2.801135E1	2.883763E1	9.710133E2	9.276453E1	3.700776E1
6.706800E1	1.341360E5	5.935525E0	2.827263E1	2.888896E1	7.382749E2	9.184635E1	3.674648E1
6.707000E1	1.341400E5	5.397714E0	2.830742E1	2.881745E1	7.282080E2	9.130854E1	3.671169E1
6.707200E1	1.341440E5	4.512920E0	2.867614E1	2.902908E1	9.227468E2	9.042375E1	3.634297E1
6.707400E1	1.341480E5	3.592470E0	2.882285E1	2.904587E1	9.388787E2	8.950330E1	3.619625E1
6.707600E1	1.341520E5	2.625467E0	2.891568E1	2.903462E1	9.483919E2	8.853630E1	3.610343E1
6.707800E1	1.341560E5	1.673344E0	2.892339E1	2.897176E1	9.249229E2	8.758417E1	3.609571E1
6.708000E1	1.341600E5	7.521648E-1	2.894821E1	2.895798E1	9.115179E2	8.666299E1	3.607090E1
6.708200E1	1.341640E5	-1.689723E-1	2.890340E1	2.890389E1	9.164967E2	8.574186E1	3.611571E1
6.708400E1	1.341680E5	-1.099269E0	2.890943E1	2.893032E1	9.099851E2	8.481156E1	3.610968E1
6.708600E1	1.341720E5	-2.014656E0	2.899349E1	2.906340E1	7.528264E2	8.389617E1	3.602562E1
6.708800E1	1.341760E5	-2.624240E0	2.889754E1	2.901645E1	7.071002E2	8.328659E1	3.612157E1
6.709000E1	1.341800E5	-3.439135E0	2.882735E1	2.903178E1	8.438140E2	8.247169E1	3.619175E1
6.709200E1	1.341840E5	-4.325626E0	2.872338E1	2.904726E1	8.780335E2	8.158520E1	3.629573E1
6.709400E1	1.341880E5	-5.211757E0	2.863461E1	2.910504E1	8.593041E2	8.069907E1	3.638449E1
6.709600E1	1.341920E5	-6.092686E0	2.866045E1	2.930089E1	7.325761E2	7.981814E1	3.635866E1
6.709800E1	1.341960E5	-6.715593E0	2.852963E1	2.930937E1	7.103654E2	7.919523E1	3.648948E1
6.710000E1	1.342000E5	-7.511719E0	2.834489E1	2.932335E1	8.805630E2	7.839911E1	3.667422E1
6.710200E1	1.342040E5	-8.481827E0	2.815000E1	2.940007E1	9.371707E2	7.742900E1	3.686911E1
6.710400E1	1.342080E5	-9.316870E0	2.769808E1	2.922306E1	9.042852E2	7.659396E1	3.732103E1
6.710600E1	1.342120E5	-1.018760E1	2.741541E1	2.924709E1	9.137210E2	7.572323E1	3.760369E1
6.710800E1	1.342160E5	-1.111596E1	2.717589E1	2.936143E1	9.221842E2	7.479487E1	3.784322E1
6.711000E1	1.342200E5	-1.194977E1	2.674677E1	2.929483E1	7.893430E2	7.396106E1	3.827234E1
6.711200E1	1.342240E5	-1.253285E1	2.638964E1	2.921447E1	7.614469E2	7.337797E1	3.862947E1
6.711400E1	1.342280E5	-1.336544E1	2.609628E1	2.931980E1	8.883593E2	7.254539E1	3.892283E1
6.711600E1	1.342320E5	-1.414543E1	2.556404E1	2.921667E1	9.105829E2	7.176539E1	3.945507E1
6.711800E1	1.342360E5	-1.500673E1	2.521205E1	2.934024E1	8.392185E2	7.090409E1	3.980706E1
6.712000E1	1.342400E5	-1.554880E1	2.458239E1	2.908710E1	8.091156E2	7.036203E1	4.043672E1
6.712200E1	1.342440E5	-1.628151E1	2.413974E1	2.911725E1	8.785410E2	6.962932E1	4.087937E1
6.712400E1	1.342480E5	-1.703683E1	2.359761E1	2.910499E1	8.210820E2	6.887400E1	4.142150E1
6.712600E1	1.342520E5	-1.757254E1	2.308165E1	2.900960E1	8.162159E2	6.833829E1	4.193746E1
6.712800E1	1.342560E5	-1.827445E1	2.249222E1	2.898026E1	8.876795E2	6.763638E1	4.252688E1
6.713000E1	1.342600E5	-1.899486E1	2.197977E1	2.905022E1	8.352140E2	6.691597E1	4.303934E1
6.713200E1	1.342640E5	-1.951462E1	2.134581E1	2.892169E1	8.064629E2	6.639621E1	4.367330E1
6.713400E1	1.342680E5	-2.017087E1	2.084430E1	2.900602E1	8.936460E2	6.573996E1	4.417481E1
6.713600E1	1.342720E5	-2.088469E1	2.016208E1	2.902895E1	9.230310E2	6.502614E1	4.485703E1
6.713800E1	1.342760E5	-2.135904E1	1.940019E1	2.885439E1	8.567812E2	6.455179E1	4.561892E1
6.714000E1	1.342800E5	-2.196503E1	1.880259E1	2.891366E1	8.243820E2	6.394580E1	4.621652E1
6.714200E1	1.342840E5	-2.238817E1	1.809790E1	2.878826E1	8.923208E2	6.352266E1	4.692120E1
6.714400E1	1.342880E5	-2.293974E1	1.728322E1	2.872179E1	9.275059E2	6.297109E1	4.773589E1
6.714600E1	1.342920E5	-2.336171E1	1.650491E1	2.860387E1	8.678802E2	6.254912E1	4.851420E1
6.714800E1	1.342960E5	-2.389247E1	1.582819E1	2.865976E1	8.300575E2	6.201836E1	4.919092E1
6.715000E1	1.343000E5	-2.425165E1	1.510752E1	2.857236E1	8.950231E2	6.165917E1	4.991159E1
6.715200E1	1.343040E5	-2.474859E1	1.425604E1	2.856095E1	9.364151E2	6.116223E1	5.076307E1
6.715400E1	1.343080E5	-2.516448E1	1.347899E1	2.854705E1	8.594109E2	6.074635E1	5.154011E1
6.715600E1	1.343120E5	-2.562983E1	1.278179E1	2.864023E1	8.570331E2	6.028099E1	5.223732E1
6.715800E1	1.343160E5	-2.589120E1	1.193434E1	2.850935E1	8.426274E2	6.001962E1	5.308477E1
6.716000E1	1.343200E5	-2.610608E1	1.115418E1	2.838913E1	9.290731E2	5.980475E1	5.386492E1
6.716200E1	1.343240E5	-2.657167E1	1.021623E1	2.846796E1	1.012620E3	5.933916E1	5.480288E1
6.716400E1	1.343280E5	-2.676391E1	9.259879E0	2.832053E1	9.734415E2	5.914692E1	5.575923E1
6.716600E1	1.343320E5	-2.700403E1	8.326566E0	2.825862E1	8.036047E2	5.890680E1	5.669254E1
6.716800E1	1.343360E5	-2.709177E1	7.702149E0	2.816535E1	7.093362E2	5.881906E1	5.731696E1
6.717000E1	1.343400E5	-2.720414E1	6.934023E0	2.807393E1	8.897650E2	5.870669E1	5.808508E1
6.717200E1	1.343440E5	-2.753009E1	6.008223E0	2.817808E1	9.889312E2	5.838074E1	5.901089E1
6.717400E1	1.343480E5	-2.766445E1	5.049348E0	2.812148E1	9.543925E2	5.824638E1	5.996976E1
6.717600E1	1.343520E5	-2.772381E1	4.140255E0	2.803125E1	9.489593E2	5.818702E1	6.087885E1
6.717800E1	1.343560E5	-2.775049E1	3.185319E0	2.793271E1	9.714153E2	5.816033E1	6.183379E1
6.718000E1	1.343600E5	-2.777731E1	2.238852E0	2.786739E1	9.643913E2	5.813352E1	6.278026E1
6.718200E1	1.343640E5	-2.787575E1	1.309921E0	2.790651E1	7.952164E2	5.803507E1	6.370919E1
6.718400E1	1.343680E5	-2.780607E1	6.927813E-1	2.781470E1	7.457039E2	5.810476E1	6.432633E1
6.718600E1	1.343720E5	-2.774292E1	-1.415761E-1	2.774328E1	8.985995E2	5.816791E1	6.516068E1
6.718800E1	1.343760E5	-2.769633E1	-1.048099E0	2.771615E1	9.429118E2	5.821450E1	6.606721E1
6.719000E1	1.343800E5	-2.761996E1	-1.962397E0	2.768959E1	9.645540E2	5.829086E1	6.698151E1
6.719200E1	1.343840E5	-2.754012E1	-2.906927E0	2.769311E1	9.674250E2	5.837071E1	6.792604E1
6.719400E1	1.343880E5	-2.743480E1	-3.823358E0	2.769994E1	9.841859E2	5.847602E1	6.884247E1
6.719600E1	1.343920E5	-2.731598E1	-4.797937E0	2.773415E1	9.256510E2	5.859485E1	6.981705E1
6.719800E1	1.343960E5	-2.730445E1	-5.622847E0	2.787740E1	8.271661E2	5.860638E1	7.064196E1
6.720000E1	1.344000E5	-2.707197E1	-6.384981E0	2.781474E1	8.422391E2	5.883885E1	7.140409E1
6.720200E1	1.344040E5	-2.661584E1	-7.134329E0	2.755543E1	8.975261E2	5.929499E1	7.215344E1
6.720400E1	1.344080E5	-2.635606E1	-7.987946E0	2.753995E1	9.902443E2	5.955477E1	7.300705E1
6.720600E1	1.344120E5	-2.608613E1	-8.965000E0	2.758364E1	1.030544E3	5.982470E1	7.398411E1
6.720800E1	1.344160E5	-2.560341E1	-9.819559E0	2.742186E1	9.649794E2	6.030742E1	7.483867E1
6.721000E1	1.344200E5	-2.537505E1	-1.068034E1	2.753112E1	8.351847E2	6.053578E1	7.569945E1
6.721200E1	1.344240E5	-2.501283E1	-1.130625E1	2.744946E1	8.306027E2	6.089800E1	7.632536E1
6.721400E1	1.344280E5	-2.452028E1	-1.203816E1	2.731595E1	9.482760E2	6.139055E1	7.705727E1
6.721600E1	1.344320E5	-2.410357E1	-1.287926E1	2.732869E1	9.741343E2	6.180726E1	7.789837E1
6.721800E1	1.344360E5	-2.379448E1	-1.376276E1	2.748801E1	9.920190E2	6.211635E1	7.878186E1
6.722000E1	1.344400E5	-2.327471E1	-1.459171E1	2.747054E1	8.882232E2	6.263611E1	7.961082E1
6.722200E1	1.344440E5	-2.282924E1	-1.516658E1	2.740801E1	8.612087E2	6.308159E1	8.018569E1
6.722400E1	1.344480E5	-2.220932E1	-1.585921E1	2.729045E1	9.686387E2	6.370151E1	8.087832E1
6.722600E1	1.344520E5	-2.177746E1	-1.669388E1	2.743982E1	8.902942E2	6.413337E1	8.171299E1
6.722800E1	1.344560E5	-2.111665E1	-1.715554E1	2.720709E1	8.555899E2	6.479417E1	8.217465E1
6.723000E1	1.344600E5	-2.063748E1	-1.787356E1	2.730146E1	9.798737E2	6.527335E1	8.289266E1
6.723200E1	1.344640E5	-1.998440E1	-1.864262E1	2.732990E1	9.889100E2	6.592642E1	8.366172E1
6.723400E1	1.344680E5	-1.918743E1	-1.908762E1	2.706464E1	8.947556E2	6.672339E1	8.410673E1
6.723600E1	1.344720E5	-1.868616E1	-1.975284E1	2.719094E1	1.002945E3	6.722466E1	8.477194E1
6.723800E1	1.344760E5	-1.790504E1	-2.049774E1	2.721668E1	1.037285E3	6.800579E1	8.551685E1
6.724000E1	1.344800E5	-1.711466E1	-2.093885E1	2.704343E1	9.105458E2	6.879617E1	8.595796E1
6.724200E1	1.344840E5	-1.653709E1	-2.155509E1	2.716795E1	8.614567E2	6.937374E1	8.657420E1
6.724400E1	1.344880E5	-1.582198E1	-2.192522E1	2.703794E1	9.685224E2	7.008884E1	8.694433E1
6.724600E1	1.344920E5	-1.495842E1	-2.249603E1	2.701528E1	1.032911E3	7.095241E1	8.751514E1
6.724800E1	1.344960E5	-1.413501E1	-2.290096E1	2.691194E1	9.107701E2	7.177582E1	8.792007E1
6.725000E1	1.345000E5	-1.351833E1	-2.343493E1	2.705441E1	8.559019E2	7.239250E1	8.845404E1
6.725200E1	1.345040E5	-1.277128E1	-2.375832E1	2.697339E1	1.001067E3	7.313955E1	8.877743E1
6.725400E1	1.345080E5	-1.184143E1	-2.430650E1	2.703748E1	1.081203E3	7.406940E1	8.932561E1
6.725600E1	1.345120E5	-1.091192E1	-2.458310E1	2.689607E1	9.672660E2	7.499890E1	8.960221E1
6.725800E1	1.345160E5	-1.009752E1	-2.486104E1	2.683339E1	8.748068E2	7.581331E1	8.988014E1
6.726000E1	1.345200E5	-9.436653E0	-2.532540E1	2.702640E1	8.627675E2	7.647417E1	9.034451E1
6.726200E1	1.345240E5	-8.599683E0	-2.547417E1	2.688657E1	9.312716E2	7.731114E1	9.049328E1
6.726400E1	1.345280E5	-7.691588E0	-2.561933E1	2.674903E1	9.369515E2	7.821924E1	9.063844E1
6.726600E1	1.345320E5	-6.856111E0	-2.575617E1	2.665308E1	1.025668E3	7.905472E1	9.077528E1
6.726800E1	1.345360E5	-5.855809E0	-2.617925E1	2.682618E1	1.085491E3	8.005502E1	9.119836E1
6.727000E1	1.345400E5	-4.911513E0	-2.633567E1	2.678974E1	1.008852E3	8.099931E1	9.135477E1
6.727200E1	1.345440E5	-3.982126E0	-2.641464E1	2.671312E1	1.011209E3	8.192870E1	9.143375E1
6.727400E1	1.345480E5	-3.025161E0	-2.647233E1	2.664462E1	1.008456E3	8.288567E1	9.149144E1
6.727600E1	1.345520E5	-2.112457E0	-2.660848E1	2.669220E1	8.239633E2	8.379837E1	9.162759E1
6.727800E1	1.345560E5	-1.495013E0	-2.654559E1	2.658765E1	7.786744E2	8.441581E1	9.156470E1
6.728000E1	1.345600E5	-6.590603E-1	-2.650276E1	2.651095E1	9.302481E2	8.525177E1	9.152187E1
6.728200E1	1.345640E5	2.298447E-1	-2.646603E1	2.646703E1	9.868544E2	8.614067E1	9.148514E1
6.728400E1	1.345680E5	1.165852E0	-2.645970E1	2.648537E1	9.971463E2	8.707668E1	9.147881E1
6.728600E1	1.345720E5	2.070435E0	-2.638887E1	2.646996E1	1.008415E3	8.798126E1	9.140797E1
6.728800E1	1.345760E5	3.026771E0	-2.633447E1	2.650784E1	1.016094E3	8.893760E1	9.135358E1
6.729000E1	1.345800E5	3.945449E0	-2.624127E1	2.653622E1	9.725150E2	8.985628E1	9.126038E1
6.729200E1	1.345840E5	4.845127E0	-2.627857E1	2.672150E1	8.044133E2	9.075595E1	9.129768E1
6.729400E1	1.345880E5	5.445596E0	-2.613910E1	2.670032E1	7.936816E2	9.135642E1	9.115820E1
6.729600E1	1.345920E5	6.301135E0	-2.600338E1	2.675593E1	9.223303E2	9.221196E1	9.102248E1
6.729800E1	1.345960E5	7.150796E0	-2.585940E1	2.682988E1	9.562356E2	9.306162E1	9.087850E1
6.730000E1	1.346000E5	8.068428E0	-2.567368E1	2.691166E1	1.012858E3	9.397926E1	9.069279E1
6.730200E1	1.346040E5	8.936045E0	-2.522211E1	2.675832E1	9.749468E2	9.484687E1	9.024121E1
6.730400E1	1.346080E5	9.789467E0	-2.504914E1	2.689411E1	8.119332E2	9.570029E1	9.006825E1
6.730600E1	1.346120E5	1.037932E1	-2.474380E1	2.683255E1	8.097140E2	9.629015E1	8.976290E1
6.730800E1	1.346160E5	1.120515E1	-2.449118E1	2.693275E1	9.640302E2	9.711598E1	8.951029E1
6.731000E1	1.346200E5	1.200995E1	-2.396994E1	2.681039E1	9.855833E2	9.792078E1	8.898905E1
6.731200E1	1.346240E5	1.288051E1	-2.369604E1	2.697054E1	8.923369E2	9.879133E1	8.871515E1
6.731400E1	1.346280E5	1.342334E1	-2.308016E1	2.669981E1	8.899745E2	9.933417E1	8.809927E1
6.731600E1	1.346320E5	1.421281E1	-2.266843E1	2.675559E1	1.002618E3	1.001236E2	8.768754E1
6.731800E1	1.346360E5	1.497523E1	-2.204150E1	2.664742E1	9.879723E2	1.008861E2	8.706060E1
6.732000E1	1.346400E5	1.576350E1	-2.166552E1	2.679333E1	8.826278E2	1.016743E2	8.668463E1
6.732200E1	1.346440E5	1.628917E1	-2.105815E1	2.662297E1	8.960020E2	1.022000E2	8.607726E1
6.732400E1	1.346480E5	1.705466E1	-2.059865E1	2.674258E1	9.591678E2	1.029655E2	8.561776E1
6.732600E1	1.346520E5	1.773322E1	-2.000166E1	2.673076E1	8.814201E2	1.036441E2	8.502077E1
6.732800E1	1.346560E5	1.826911E1	-1.948954E1	2.671334E1	8.902984E2	1.041799E2	8.450864E1
6.733000E1	1.346600E5	1.895446E1	-1.887458E1	2.674922E1	9.337855E2	1.048653E2	8.389368E1
6.733200E1	1.346640E5	1.959867E1	-1.835045E1	2.684860E1	8.798930E2	1.055095E2	8.336956E1
6.733400E1	1.346680E5	2.010429E1	-1.769904E1	2.678505E1	8.597827E2	1.060151E2	8.271815E1
6.733600E1	1.346720E5	2.072004E1	-1.718805E1	2.692116E1	8.521456E2	1.066309E2	8.220716E1
6.733800E1	1.346760E5	2.115910E1	-1.650210E1	2.683331E1	9.533953E2	1.070699E2	8.152120E1
6.734000E1	1.346800E5	2.171668E1	-1.569913E1	2.679696E1	8.701771E2	1.076275E2	8.071824E1
6.734200E1	1.346840E5	2.211437E1	-1.518183E1	2.682411E1	8.570919E2	1.080252E2	8.020093E1
6.734400E1	1.346880E5	2.266011E1	-1.439999E1	2.684847E1	9.658259E2	1.085709E2	7.941910E1
6.734600E1	1.346920E5	2.303799E1	-1.362834E1	2.676715E1	9.992515E2	1.089488E2	7.864745E1
6.734800E1	1.346960E5	2.357037E1	-1.276468E1	2.680484E1	9.213467E2	1.094812E2	7.778378E1
6.735000E1	1.347000E5	2.388132E1	-1.212693E1	2.678395E1	7.777760E2	1.097921E2	7.714604E1
6.735200E1	1.347040E5	2.412659E1	-1.141846E1	2.669220E1	9.078698E2	1.100374E2	7.643757E1
6.735400E1	1.347080E5	2.455517E1	-1.057004E1	2.673354E1	1.023630E3	1.104660E2	7.558915E1
6.735600E1	1.347120E5	2.483492E1	-9.648992E0	2.664350E1	9.593859E2	1.107457E2	7.466810E1
6.735800E1	1.347160E5	2.515089E1	-8.882908E0	2.667346E1	8.529184E2	1.110617E2	7.390202E1
6.736000E1	1.347200E5	2.551723E1	-8.202871E0	2.680328E1	8.633384E2	1.114281E2	7.322198E1
6.736200E1	1.347240E5	2.568267E1	-7.363941E0	2.671754E1	9.183496E2	1.115935E2	7.238305E1
6.736400E1	1.347280E5	2.583370E1	-6.511671E0	2.664173E1	8.692988E2	1.117445E2	7.153078E1
6.736600E1	1.347320E5	2.609962E1	-5.796608E0	2.673557E1	7.998649E2	1.120104E2	7.081572E1
6.736800E1	1.347360E5	2.640983E1	-5.108621E0	2.689939E1	8.232581E2	1.123207E2	7.012773E1
6.737000E1	1.347400E5	2.653369E1	-4.311235E0	2.688166E1	9.177811E2	1.124445E2	6.933034E1
6.737200E1	1.347440E5	2.662780E1	-3.400118E0	2.684400E1	9.726992E2	1.125386E2	6.841923E1
6.737400E1	1.347480E5	2.664454E1	-2.489591E0	2.676060E1	9.608697E2	1.125554E2	6.750870E1
6.737600E1	1.347520E5	2.668711E1	-1.601059E0	2.673509E1	9.647208E2	1.125979E2	6.662017E1
6.737800E1	1.347560E5	2.665173E1	-6.882068E-1	2.666061E1	9.959084E2	1.125626E2	6.570732E1
6.738000E1	1.347600E5	2.684422E1	2.578635E-1	2.684546E1	8.012720E2	1.127551E2	6.476124E1
6.738200E1	1.347640E5	2.677037E1	8.066440E-1	2.678252E1	7.447043E2	1.126812E2	6.421246E1
6.738400E1	1.347680E5	2.672775E1	1.648403E0	2.677854E1	8.943425E2	1.126386E2	6.337071E1
6.738600E1	1.347720E5	2.665293E1	2.474058E0	2.676752E1	9.070814E2	1.125638E2	6.254505E1
6.738800E1	1.347760E5	2.654558E1	3.333485E0	2.675406E1	9.176069E2	1.124564E2	6.168562E1
6.739000E1	1.347800E5	2.668649E1	4.214173E0	2.701718E1	7.668834E2	1.125973E2	6.080494E1
6.739200E1	1.347840E5	2.654482E1	4.788144E0	2.697320E1	7.319222E2	1.124556E2	6.023096E1
6.739400E1	1.347880E5	2.642544E1	5.569387E0	2.700596E1	8.648218E2	1.123363E2	5.944972E1
6.739600E1	1.347920E5	2.634796E1	6.415305E0	2.711773E1	8.779147E2	1.122588E2	5.860380E1
6.739800E1	1.347960E5	2.635458E1	7.265722E0	2.733778E1	7.163810E2	1.122654E2	5.775339E1
6.740000E1	1.348000E5	2.621070E1	7.788775E0	2.734348E1	6.876279E2	1.121215E2	5.723033E1
6.740200E1	1.348040E5	2.606225E1	8.550474E0	2.742903E1	8.339136E2	1.119731E2	5.646863E1
6.740400E1	1.348080E5	2.591799E1	9.374765E0	2.756136E1	9.187357E2	1.118288E2	5.564434E1
6.740600E1	1.348120E5	2.572716E1	1.031019E1	2.771618E1	9.451136E2	1.116380E2	5.470892E1
6.740800E1	1.348160E5	2.540980E1	1.113612E1	2.774294E1	7.731259E2	1.113206E2	5.388299E1
6.741000E1	1.348200E5	2.508610E1	1.166109E1	2.766394E1	7.401371E2	1.109969E2	5.335802E1
6.741200E1	1.348240E5	2.485145E1	1.245906E1	2.779969E1	8.672845E2	1.107623E2	5.256005E1
6.741400E1	1.348280E5	2.443583E1	1.321249E1	2.777913E1	7.490656E2	1.103467E2	5.180662E1
6.741600E1	1.348320E5	2.408516E1	1.369494E1	2.770643E1	7.391459E2	1.099960E2	5.132417E1
6.741800E1	1.348360E5	2.380239E1	1.450438E1	2.787348E1	8.677885E2	1.097132E2	5.051472E1
6.742000E1	1.348400E5	2.334397E1	1.521422E1	2.786420E1	7.479404E2	1.092548E2	4.980489E1
6.742200E1	1.348440E5	2.294931E1	1.568344E1	2.779642E1	7.116650E2	1.088601E2	4.933567E1
6.742400E1	1.348480E5	2.267103E1	1.643557E1	2.800185E1	8.429228E2	1.085819E2	4.858353E1
6.742600E1	1.348520E5	2.216106E1	1.714049E1	2.801623E1	7.912158E2	1.080719E2	4.787862E1
6.742800E1	1.348560E5	2.176126E1	1.768833E1	2.804335E1	7.904719E2	1.076721E2	4.733078E1
6.743000E1	1.348600E5	2.116712E1	1.832395E1	2.799668E1	8.502752E2	1.070779E2	4.669516E1
6.743200E1	1.348640E5	2.080731E1	1.907076E1	2.822477E1	7.784605E2	1.067181E2	4.594835E1
6.743400E1	1.348680E5	2.020713E1	1.951102E1	2.808929E1	7.565976E2	1.061180E2	4.550809E1
6.743600E1	1.348720E5	1.979290E1	2.016458E1	2.825543E1	7.484780E2	1.057037E2	4.485453E1
6.743800E1	1.348760E5	1.919187E1	2.057343E1	2.813528E1	7.526994E2	1.051027E2	4.444567E1
6.744000E1	1.348800E5	1.874658E1	2.122178E1	2.831604E1	7.373104E2	1.046574E2	4.379733E1
6.744200E1	1.348840E5	1.814101E1	2.157299E1	2.818670E1	7.027759E2	1.040518E2	4.344612E1
6.744400E1	1.348880E5	1.771639E1	2.215709E1	2.836912E1	7.390093E2	1.036272E2	4.286202E1
6.744600E1	1.348920E5	1.705819E1	2.255097E1	2.827592E1	7.587108E2	1.029690E2	4.246814E1
6.744800E1	1.348960E5	1.656886E1	2.313434E1	2.845566E1	7.256868E2	1.024797E2	4.188477E1
6.745000E1	1.349000E5	1.597377E1	2.350281E1	2.841731E1	6.992033E2	1.018846E2	4.151630E1
6.745200E1	1.349040E5	1.548829E1	2.402069E1	2.858112E1	7.001642E2	1.013991E2	4.099842E1
6.745400E1	1.349080E5	1.485727E1	2.433869E1	2.851509E1	8.456575E2	1.007681E2	4.068042E1
6.745600E1	1.349120E5	1.407095E1	2.494047E1	2.863597E1	7.814382E2	9.998177E1	4.007864E1
6.745800E1	1.349160E5	1.356449E1	2.521758E1	2.863428E1	6.323048E2	9.947532E1	3.980153E1
6.746000E1	1.349200E5	1.290159E1	2.542861E1	2.851430E1	8.382947E2	9.881242E1	3.959050E1
6.746200E1	1.349240E5	1.207333E1	2.598299E1	2.865102E1	7.689843E2	9.798416E1	3.903612E1
6.746400E1	1.349280E5	1.156274E1	2.618440E1	2.862376E1	6.213441E2	9.747357E1	3.883471E1
6.746600E1	1.349320E5	1.092738E1	2.646307E1	2.863043E1	6.670256E2	9.683821E1	3.855604E1
6.746800E1	1.349360E5	1.039875E1	2.686851E1	2.881060E1	6.811046E2	9.630958E1	3.815060E1
6.747000E1	1.349400E5	9.700028E0	2.707213E1	2.875745E1	7.204211E2	9.561086E1	3.794698E1
6.747200E1	1.349440E5	9.026285E0	2.733147E1	2.878338E1	6.888329E2	9.493711E1	3.768764E1
6.747400E1	1.349480E5	8.456431E0	2.773343E1	2.899404E1	7.274443E2	9.436726E1	3.728568E1
6.747600E1	1.349520E5	7.669032E0	2.790662E1	2.894121E1	8.067652E2	9.357986E1	3.711249E1
6.747800E1	1.349560E5	6.846606E0	2.802136E1	2.884566E1	8.247755E2	9.275743E1	3.699775E1
6.748000E1	1.349600E5	6.034041E0	2.822547E1	2.886324E1	6.801621E2	9.194487E1	3.679364E1
6.748200E1	1.349640E5	5.493575E0	2.823643E1	2.876587E1	6.313389E2	9.140440E1	3.678268E1
6.748400E1	1.349680E5	4.743235E0	2.821828E1	2.861415E1	6.970091E2	9.065406E1	3.680082E1
6.748600E1	1.349720E5	4.102180E0	2.839105E1	2.868588E1	6.573673E2	9.001301E1	3.662806E1
6.748800E1	1.349760E5	3.478762E0	2.869559E1	2.890568E1	6.949240E2	8.938959E1	3.632352E1
6.749000E1	1.349800E5	2.744730E0	2.881086E1	2.894131E1	7.852014E2	8.865556E1	3.620825E1
6.749200E1	1.349840E5	1.911753E0	2.900156E1	2.906450E1	6.646480E2	8.782258E1	3.601755E1
6.749400E1	1.349880E5	1.406871E0	2.893748E1	2.897166E1	6.109600E2	8.731770E1	3.608163E1
6.749600E1	1.349920E5	6.701560E-1	2.891740E1	2.892517E1	7.685208E2	8.658098E1	3.610171E1
6.749800E1	1.349960E5	-1.466259E-1	2.890009E1	2.890046E1	7.728500E2	8.576420E1	3.611902E1
6.750000E1	1.350000E5	-8.931219E-1	2.900297E1	2.901672E1	6.466985E2	8.501771E1	3.601614E1
6.750200E1	1.350040E5	-1.452274E0	2.889302E1	2.892949E1	6.542344E2	8.445855E1	3.612609E1
6.750400E1	1.350080E5	-2.209877E0	2.884657E1	2.893110E1	7.324737E2	8.370095E1	3.617253E1
6.750600E1	1.350120E5	-2.945523E0	2.896103E1	2.911043E1	6.200480E2	8.296531E1	3.605808E1
6.750800E1	1.350160E5	-3.467846E0	2.882143E1	2.902931E1	6.172480E2	8.244298E1	3.619767E1
6.751000E1	1.350200E5	-4.176272E0	2.871019E1	2.901234E1	7.100677E2	8.173456E1	3.630892E1
6.751200E1	1.350240E5	-4.922183E0	2.879227E1	2.920998E1	6.389958E2	8.098865E1	3.622684E1
6.751400E1	1.350280E5	-5.478647E0	2.863222E1	2.915167E1	6.444943E2	8.043218E1	3.638688E1
6.751600E1	1.350320E5	-6.207019E0	2.851771E1	2.918539E1	7.021180E2	7.970381E1	3.650140E1
6.751800E1	1.350360E5	-6.928183E0	2.854866E1	2.937729E1	6.076977E2	7.898264E1	3.647045E1
6.752000E1	1.350400E5	-7.449272E0	2.837479E1	2.933633E1	6.675087E2	7.846156E1	3.664432E1
6.752200E1	1.350440E5	-8.258824E0	2.822312E1	2.940667E1	7.561749E2	7.765200E1	3.679599E1
6.752400E1	1.350480E5	-8.928859E0	2.791945E1	2.931246E1	6.333665E2	7.698197E1	3.709966E1
6.752600E1	1.350520E5	-9.431438E0	2.763457E1	2.919968E1	6.326331E2	7.647939E1	3.738454E1
6.752800E1	1.350560E5	-1.010958E1	2.738081E1	2.918754E1	7.007922E2	7.580125E1	3.763830E1
6.753000E1	1.350600E5	-1.084232E1	2.731838E1	2.939132E1	6.616761E2	7.506851E1	3.770073E1
6.753200E1	1.350640E5	-1.145321E1	2.709780E1	2.941882E1	6.541709E2	7.445762E1	3.792130E1
6.753400E1	1.350680E5	-1.205162E1	2.673594E1	2.932664E1	6.237686E2	7.385921E1	3.828317E1
6.753600E1	1.350720E5	-1.254299E1	2.640715E1	2.923464E1	6.326370E2	7.336784E1	3.861196E1
6.753800E1	1.350760E5	-1.318938E1	2.611651E1	2.925803E1	7.333281E2	7.272144E1	3.890259E1
6.754000E1	1.350800E5	-1.388235E1	2.573892E1	2.924400E1	6.849721E2	7.202848E1	3.928019E1
6.754200E1	1.350840E5	-1.437451E1	2.537109E1	2.916022E1	6.804089E2	7.153632E1	3.964802E1
6.754400E1	1.350880E5	-1.510830E1	2.508296E1	2.928166E1	7.553968E2	7.080253E1	3.993615E1
6.754600E1	1.350920E5	-1.572602E1	2.463156E1	2.922364E1	6.985615E2	7.018481E1	4.038755E1
6.754800E1	1.350960E5	-1.627213E1	2.425552E1	2.920809E1	6.989768E2	6.963870E1	4.076358E1
6.755000E1	1.351000E5	-1.684251E1	2.374172E1	2.910909E1	6.539611E2	6.906832E1	4.127739E1
6.755200E1	1.351040E5	-1.727798E1	2.337369E1	2.906644E1	5.954755E2	6.863285E1	4.164541E1
6.755400E1	1.351080E5	-1.786146E1	2.308170E1	2.918555E1	6.461807E2	6.804937E1	4.193741E1
6.755600E1	1.351120E5	-1.829462E1	2.254627E1	2.903493E1	6.722943E2	6.761621E1	4.247284E1
6.755800E1	1.351160E5	-1.885603E1	2.213760E1	2.907960E1	6.880459E2	6.705480E1	4.288151E1
6.756000E1	1.351200E5	-1.929039E1	2.156835E1	2.893636E1	6.870391E2	6.662044E1	4.345076E1
6.756200E1	1.351240E5	-1.986315E1	2.117331E1	2.903195E1	6.748991E2	6.604768E1	4.384580E1
6.756400E1	1.351280E5	-2.026180E1	2.061241E1	2.890349E1	6.996014E2	6.564903E1	4.440670E1
6.756600E1	1.351320E5	-2.081887E1	2.012580E1	2.895640E1	7.045695E2	6.509196E1	4.489331E1
6.756800E1	1.351360E5	-2.120555E1	1.954955E1	2.884199E1	6.765755E2	6.470528E1	4.546956E1
6.757000E1	1.351400E5	-2.173193E1	1.910806E1	2.893777E1	6.672399E2	6.417890E1	4.591105E1
6.757200E1	1.351440E5	-2.210459E1	1.855073E1	2.885727E1	6.885613E2	6.380624E1	4.646838E1
6.757400E1	1.351480E5	-2.261371E1	1.803272E1	2.892333E1	7.215505E2	6.329712E1	4.698639E1
6.757600E1	1.351520E5	-2.298382E1	1.739389E1	2.882366E1	6.019857E2	6.292701E1	4.762522E1
6.757800E1	1.351560E5	-2.322895E1	1.697723E1	2.877170E1	6.438051E2	6.268187E1	4.804188E1
6.758000E1	1.351600E5	-2.371311E1	1.632367E1	2.878843E1	6.926012E2	6.219771E1	4.869544E1
6.758200E1	1.351640E5	-2.400034E1	1.582011E1	2.874530E1	6.113249E2	6.191048E1	4.919899E1
6.758400E1	1.351680E5	-2.425375E1	1.521287E1	2.862998E1	7.389498E2	6.165708E1	4.980624E1
6.758600E1	1.351720E5	-2.468028E1	1.450043E1	2.862479E1	7.236874E2	6.123055E1	5.051868E1
6.758800E1	1.351760E5	-2.495976E1	1.395111E1	2.859411E1	6.629834E2	6.095107E1	5.106800E1
6.759000E1	1.351800E5	-2.525163E1	1.330445E1	2.854213E1	6.390780E2	6.065920E1	5.171466E1
6.759200E1	1.351840E5	-2.560729E1	1.284915E1	2.865020E1	6.821674E2	6.030354E1	5.216996E1
6.759400E1	1.351880E5	-2.581411E1	1.206747E1	2.849548E1	8.017316E2	6.009672E1	5.295164E1
6.759600E1	1.351920E5	-2.608457E1	1.130916E1	2.843065E1	6.144689E2	5.982626E1	5.370994E1
6.759800E1	1.351960E5	-2.619763E1	1.090345E1	2.837607E1	6.368015E2	5.971320E1	5.411566E1
6.760000E1	1.352000E5	-2.655843E1	1.013759E1	2.842746E1	8.438496E2	5.935240E1	5.488152E1
6.760200E1	1.352040E5	-2.679698E1	9.343065E0	2.837906E1	6.755055E2	5.911385E1	5.567604E1
6.760400E1	1.352080E5	-2.689063E1	8.836137E0	2.830518E1	6.306919E2	5.902020E1	5.618297E1
6.760600E1	1.352120E5	-2.696872E1	8.090443E0	2.815612E1	7.090982E2	5.894211E1	5.692867E1
6.760800E1	1.352160E5	-2.716549E1	7.459107E0	2.817094E1	6.685836E2	5.874534E1	5.756000E1
6.761000E1	1.352200E5	-2.746113E1	6.859342E0	2.830485E1	7.276784E2	5.844969E1	5.815977E1
6.761200E1	1.352240E5	-2.757963E1	6.085568E0	2.824306E1	7.849487E2	5.833119E1	5.893354E1
6.761400E1	1.352280E5	-2.774057E1	5.334350E0	2.824880E1	6.672766E2	5.817026E1	5.968476E1
6.761600E1	1.352320E5	-2.772814E1	4.776561E0	2.813655E1	6.578432E2	5.818268E1	6.024255E1
6.761800E1	1.352360E5	-2.775207E1	4.025544E0	2.804251E1	8.004544E2	5.815876E1	6.099356E1
6.762000E1	1.352400E5	-2.773366E1	3.195285E0	2.791713E1	8.012400E2	5.817717E1	6.182382E1
6.762200E1	1.352440E5	-2.782828E1	2.458371E0	2.793665E1	6.792941E2	5.808255E1	6.256074E1
6.762400E1	1.352480E5	-2.781494E1	1.874324E0	2.787802E1	6.679811E2	5.809588E1	6.314478E1
6.762600E1	1.352520E5	-2.774294E1	1.151386E0	2.776682E1	7.666869E2	5.816789E1	6.386772E1
6.762800E1	1.352560E5	-2.783819E1	3.830486E-1	2.784082E1	6.715802E2	5.807264E1	6.463606E1
6.763000E1	1.352600E5	-2.774788E1	-1.500343E-1	2.774829E1	6.611604E2	5.816295E1	6.516914E1
6.763200E1	1.352640E5	-2.768242E1	-8.971895E-1	2.769695E1	7.815048E2	5.822841E1	6.591630E1
6.763400E1	1.352680E5	-2.775673E1	-1.666467E0	2.780671E1	6.778488E2	5.815410E1	6.668558E1
6.763600E1	1.352720E5	-2.761394E1	-2.206101E0	2.770192E1	6.684854E2	5.829689E1	6.722521E1
6.763800E1	1.352760E5	-2.751945E1	-2.945722E0	2.767666E1	7.570121E2	5.839137E1	6.796483E1
6.764000E1	1.352800E5	-2.754826E1	-3.673645E0	2.779213E1	6.554749E2	5.836257E1	6.869275E1
6.764200E1	1.352840E5	-2.741078E1	-4.209940E0	2.773219E1	6.651011E2	5.850005E1	6.922905E1
6.764400E1	1.352880E5	-2.727001E1	-4.934249E0	2.771282E1	7.842411E2	5.864081E1	6.995336E1
6.764600E1	1.352920E5	-2.714879E1	-5.705622E0	2.774186E1	8.057511E2	5.876204E1	7.072473E1
6.764800E1	1.352960E5	-2.713371E1	-6.503792E0	2.790228E1	7.565900E2	5.877712E1	7.152290E1
6.765000E1	1.353000E5	-2.691692E1	-7.159515E0	2.785281E1	7.279846E2	5.899391E1	7.217862E1
6.765200E1	1.353040E5	-2.649623E1	-7.793795E0	2.761872E1	7.604886E2	5.941459E1	7.281290E1
6.765400E1	1.353080E5	-2.636459E1	-8.534305E0	2.771148E1	7.413566E2	5.954624E1	7.355341E1
6.765600E1	1.353120E5	-2.609172E1	-9.166099E0	2.765493E1	7.391422E2	5.981911E1	7.418521E1
6.765800E1	1.353160E5	-2.561228E1	-9.777051E0	2.741495E1	7.805303E2	6.029855E1	7.479616E1
6.766000E1	1.353200E5	-2.541035E1	-1.051422E1	2.749972E1	6.830983E2	6.050048E1	7.553333E1
6.766200E1	1.353240E5	-2.514342E1	-1.099843E1	2.744370E1	7.034854E2	6.076741E1	7.601753E1
6.766400E1	1.353280E5	-2.493039E1	-1.178060E1	2.757366E1	8.183015E2	6.098044E1	7.679971E1
6.766600E1	1.353320E5	-2.451494E1	-1.243666E1	2.748914E1	7.277598E2	6.139589E1	7.745577E1
6.766800E1	1.353360E5	-2.416868E1	-1.296111E1	2.742472E1	6.989634E2	6.174215E1	7.798021E1
6.767000E1	1.353400E5	-2.393346E1	-1.364861E1	2.755168E1	6.930700E2	6.197737E1	7.866772E1
6.767200E1	1.353440E5	-2.343275E1	-1.406641E1	2.733053E1	7.204694E2	6.247808E1	7.908552E1
6.767400E1	1.353480E5	-2.305427E1	-1.473069E1	2.735859E1	8.529200E2	6.285656E1	7.974980E1
6.767600E1	1.353520E5	-2.255347E1	-1.543551E1	2.732972E1	7.606184E2	6.335736E1	8.045462E1
6.767800E1	1.353560E5	-2.216622E1	-1.588076E1	2.726793E1	6.823834E2	6.374461E1	8.089987E1
6.768000E1	1.353600E5	-2.186837E1	-1.654920E1	2.742447E1	7.162955E2	6.404246E1	8.156830E1
6.768200E1	1.353640E5	-2.130804E1	-1.693976E1	2.722110E1	7.296924E2	6.460279E1	8.195887E1
6.768400E1	1.353680E5	-2.092139E1	-1.757748E1	2.732531E1	7.256215E2	6.498943E1	8.259659E1
6.768600E1	1.353720E5	-2.035938E1	-1.794099E1	2.713639E1	7.320516E2	6.555144E1	8.296010E1
6.768800E1	1.353760E5	-1.991812E1	-1.855063E1	2.721869E1	7.468897E2	6.599271E1	8.356974E1
6.769000E1	1.353800E5	-1.935037E1	-1.893244E1	2.707164E1	7.546600E2	6.656046E1	8.395155E1
6.769200E1	1.353840E5	-1.887500E1	-1.953386E1	2.716316E1	7.648330E2	6.703583E1	8.455296E1
6.769400E1	1.353880E5	-1.829193E1	-1.991595E1	2.704145E1	7.444346E2	6.761889E1	8.493505E1
6.769600E1	1.353920E5	-1.780950E1	-2.045896E1	2.712466E1	7.620196E2	6.810133E1	8.547807E1
6.769800E1	1.353960E5	-1.721272E1	-2.086730E1	2.705037E1	7.471833E2	6.869810E1	8.588641E1
6.770000E1	1.354000E5	-1.673588E1	-2.138186E1	2.715278E1	7.478091E2	6.917495E1	8.640097E1
6.770200E1	1.354040E5	-1.605892E1	-2.168116E1	2.698077E1	7.523309E2	6.985190E1	8.670027E1
6.770400E1	1.354080E5	-1.540650E1	-2.196891E1	2.683269E1	7.651812E2	7.050433E1	8.698801E1
6.770600E1	1.354120E5	-1.484180E1	-2.245237E1	2.691446E1	7.519698E2	7.106903E1	8.747148E1
6.770800E1	1.354160E5	-1.426642E1	-2.280129E1	2.689664E1	7.374645E2	7.164441E1	8.782039E1
6.771000E1	1.354200E5	-1.375269E1	-2.333232E1	2.708383E1	7.699785E2	7.215813E1	8.835143E1
6.771200E1	1.354240E5	-1.302876E1	-2.354939E1	2.691323E1	7.685764E2	7.288207E1	8.856850E1
6.771400E1	1.354280E5	-1.236800E1	-2.381761E1	2.683740E1	7.621555E2	7.354283E1	8.883672E1
6.771600E1	1.354320E5	-1.177538E1	-2.424501E1	2.695330E1	7.778308E2	7.413544E1	8.926412E1
6.771800E1	1.354360E5	-1.106946E1	-2.448127E1	2.686756E1	7.793962E2	7.484136E1	8.950038E1
6.772000E1	1.354400E5	-1.038404E1	-2.471780E1	2.681041E1	7.583268E2	7.552678E1	8.973691E1
6.772200E1	1.354440E5	-9.803240E0	-2.514752E1	2.699076E1	7.686793E2	7.610759E1	9.016662E1
6.772400E1	1.354480E5	-9.080374E0	-2.534273E1	2.692039E1	8.262921E2	7.683045E1	9.036184E1
6.772600E1	1.354520E5	-8.292687E0	-2.553420E1	2.684705E1	7.164236E2	7.761814E1	9.055331E1
6.772800E1	1.354560E5	-7.750225E0	-2.559400E1	2.674171E1	6.713908E2	7.816060E1	9.061311E1
6.773000E1	1.354600E5	-7.012132E0	-2.562050E1	2.656276E1	7.486512E2	7.889870E1	9.063961E1
6.773200E1	1.354640E5	-6.370468E0	-2.583379E1	2.660766E1	7.210616E2	7.954036E1	9.085290E1
6.773400E1	1.354680E5	-5.759272E0	-2.614610E1	2.677289E1	7.671843E2	8.015156E1	9.116521E1
6.773600E1	1.354720E5	-5.005616E0	-2.628095E1	2.675340E1	8.245569E2	8.090521E1	9.130006E1
6.773800E1	1.354760E5	-4.248304E0	-2.645182E1	2.679080E1	6.987161E2	8.166252E1	9.147093E1
6.774000E1	1.354800E5	-3.710608E0	-2.643969E1	2.669880E1	6.988870E2	8.220022E1	9.145880E1
6.774200E1	1.354840E5	-2.933251E0	-2.644825E1	2.661041E1	8.240170E2	8.297758E1	9.146735E1
6.774400E1	1.354880E5	-2.179672E0	-2.655285E1	2.664216E1	6.802731E2	8.373116E1	9.157195E1
6.774600E1	1.354920E5	-1.671332E0	-2.651004E1	2.656268E1	6.903418E2	8.423950E1	9.152915E1
6.774800E1	1.354960E5	-8.931260E-1	-2.648477E1	2.649982E1	8.255770E2	8.501770E1	9.150388E1
6.775000E1	1.355000E5	-1.414984E-1	-2.656847E1	2.656885E1	6.657799E2	8.576933E1	9.158758E1
6.775200E1	1.355040E5	3.382343E-1	-2.648368E1	2.648584E1	6.707556E2	8.624906E1	9.150279E1
6.775400E1	1.355080E5	1.097282E0	-2.642418E1	2.644696E1	8.190726E2	8.700811E1	9.144329E1
6.775600E1	1.355120E5	1.855007E0	-2.647471E1	2.653962E1	6.930119E2	8.776583E1	9.149382E1
6.775800E1	1.355160E5	2.380157E0	-2.640921E1	2.651625E1	6.938887E2	8.829099E1	9.142832E1
6.776000E1	1.355200E5	3.129207E0	-2.630655E1	2.649200E1	7.990668E2	8.904004E1	9.132565E1
6.776200E1	1.355240E5	3.865731E0	-2.634988E1	2.663194E1	6.868124E2	8.977656E1	9.136899E1
6.776400E1	1.355280E5	4.401967E0	-2.621852E1	2.658549E1	6.963794E2	9.031280E1	9.123763E1
6.776600E1	1.355320E5	5.140542E0	-2.612502E1	2.662596E1	7.703100E2	9.105137E1	9.114413E1
6.776800E1	1.355360E5	5.849852E0	-2.614492E1	2.679137E1	6.721056E2	9.176068E1	9.116403E1
6.777000E1	1.355400E5	6.391908E0	-2.598377E1	2.675841E1	6.899850E2	9.230274E1	9.100288E1
6.777200E1	1.355440E5	7.117384E0	-2.588894E1	2.684948E1	7.514828E2	9.302821E1	9.090805E1
6.777400E1	1.355480E5	7.805511E0	-2.581066E1	2.696509E1	6.849100E2	9.371634E1	9.082977E1
6.777600E1	1.355520E5	8.389350E0	-2.564963E1	2.698675E1	7.392204E2	9.430018E1	9.066873E1
6.777800E1	1.355560E5	9.060947E0	-2.519127E1	2.677127E1	7.850930E2	9.497177E1	9.021038E1
6.778000E1	1.355600E5	9.732141E0	-2.502358E1	2.684947E1	6.837274E2	9.564297E1	9.004269E1
6.778200E1	1.355640E5	1.026767E1	-2.476652E1	2.681055E1	7.222958E2	9.617850E1	8.978563E1
6.778400E1	1.355680E5	1.099415E1	-2.453041E1	2.688145E1	8.086071E2	9.690497E1	8.954952E1
6.778600E1	1.355720E5	1.166514E1	-2.418188E1	2.684845E1	7.230477E2	9.757597E1	8.920099E1
6.778800E1	1.355760E5	1.217078E1	-2.385215E1	2.677784E1	6.732214E2	9.808161E1	8.887126E1
6.779000E1	1.355800E5	1.283280E1	-2.368912E1	2.694170E1	7.039369E2	9.874363E1	8.870823E1
6.779200E1	1.355840E5	1.328712E1	-2.315457E1	2.669609E1	7.380559E2	9.919795E1	8.817367E1
6.779400E1	1.355880E5	1.391665E1	-2.280147E1	2.671293E1	7.570061E2	9.982748E1	8.782058E1
6.779600E1	1.355920E5	1.460510E1	-2.259580E1	2.690500E1	7.472467E2	1.005159E2	8.761491E1
6.779800E1	1.355960E5	1.510134E1	-2.206620E1	2.673888E1	7.241240E2	1.010122E2	8.708531E1
6.780000E1	1.356000E5	1.567825E1	-2.175953E1	2.681949E1	6.414460E2	1.015891E2	8.677864E1
6.780200E1	1.356040E5	1.614885E1	-2.146751E1	2.686334E1	6.941233E2	1.020597E2	8.648662E1
6.780400E1	1.356080E5	1.671588E1	-2.097704E1	2.682269E1	7.041749E2	1.026267E2	8.599615E1
6.780600E1	1.356120E5	1.711681E1	-2.056695E1	2.675789E1	7.111988E2	1.030276E2	8.558606E1
6.780800E1	1.356160E5	1.767957E1	-2.005712E1	2.673678E1	7.401510E2	1.035904E2	8.507623E1
6.781000E1	1.356200E5	1.814404E1	-1.964223E1	2.673993E1	7.431660E2	1.040549E2	8.466134E1
6.781200E1	1.356240E5	1.868470E1	-1.910180E1	2.672072E1	6.986456E2	1.045955E2	8.412090E1
6.781400E1	1.356280E5	1.905353E1	-1.870813E1	2.670264E1	6.221726E2	1.049644E2	8.372724E1
6.781600E1	1.356320E5	1.959360E1	-1.836343E1	2.685377E1	6.945565E2	1.055044E2	8.338254E1
6.781800E1	1.356360E5	1.999181E1	-1.781062E1	2.677481E1	7.093413E2	1.059026E2	8.282973E1
6.782000E1	1.356400E5	2.052378E1	-1.740935E1	2.691303E1	7.107744E2	1.064346E2	8.242846E1
6.782200E1	1.356440E5	2.087256E1	-1.681475E1	2.680298E1	6.302466E2	1.067834E2	8.183386E1
6.782400E1	1.356480E5	2.115468E1	-1.640060E1	2.676753E1	6.742031E2	1.070655E2	8.141971E1
6.782600E1	1.356520E5	2.162188E1	-1.580039E1	2.677980E1	6.938852E2	1.075327E2	8.081949E1
6.782800E1	1.356560E5	2.197740E1	-1.539436E1	2.683267E1	7.202780E2	1.078882E2	8.041347E1
6.783000E1	1.356600E5	2.247220E1	-1.474840E1	2.687964E1	7.115515E2	1.083830E2	7.976750E1
6.783200E1	1.356640E5	2.272252E1	-1.428900E1	2.684192E1	6.107659E2	1.086334E2	7.930810E1
6.783400E1	1.356680E5	2.302961E1	-1.374674E1	2.682044E1	6.709260E2	1.089404E2	7.876584E1
6.783600E1	1.356720E5	2.343355E1	-1.324722E1	2.691877E1	7.056293E2	1.093444E2	7.826633E1
6.783800E1	1.356760E5	2.364524E1	-1.257828E1	2.678265E1	7.264142E2	1.095561E2	7.759739E1
6.784000E1	1.356800E5	2.393904E1	-1.197433E1	2.676682E1	7.141481E2	1.098499E2	7.699344E1
6.784200E1	1.356840E5	2.433534E1	-1.142776E1	2.688499E1	7.380473E2	1.102462E2	7.644687E1
6.784400E1	1.356880E5	2.460670E1	-1.076170E1	2.685710E1	6.466617E2	1.105175E2	7.578080E1
6.784600E1	1.356920E5	2.475274E1	-1.028729E1	2.680534E1	5.741433E2	1.106636E2	7.530640E1
6.784800E1	1.356960E5	2.496084E1	-9.744623E0	2.679554E1	6.334939E2	1.108717E2	7.476373E1
6.785000E1	1.357000E5	2.533961E1	-9.239850E0	2.697167E1	7.043420E2	1.112504E2	7.425896E1
6.785200E1	1.357040E5	2.548851E1	-8.532358E0	2.687871E1	7.816901E2	1.113993E2	7.355147E1
6.785400E1	1.357080E5	2.569967E1	-7.811657E0	2.686066E1	6.733699E2	1.116105E2	7.283077E1
6.785600E1	1.357120E5	2.574019E1	-7.290850E0	2.675283E1	6.238353E2	1.116510E2	7.230996E1
6.785800E1	1.357160E5	2.578895E1	-6.627141E0	2.662685E1	6.875981E2	1.116998E2	7.164625E1
6.786000E1	1.357200E5	2.598595E1	-6.030035E0	2.667641E1	6.604552E2	1.118968E2	7.104914E1
6.786200E1	1.357240E5	2.627363E1	-5.474484E0	2.683792E1	6.999762E2	1.121845E2	7.049359E1
6.786400E1	1.357280E5	2.651409E1	-4.801388E0	2.694532E1	6.247135E2	1.124249E2	6.982050E1
6.786600E1	1.357320E5	2.653837E1	-4.332095E0	2.688963E1	6.108742E2	1.124492E2	6.935120E1
6.786800E1	1.357360E5	2.655295E1	-3.647149E0	2.680225E1	7.506248E2	1.124638E2	6.866626E1
6.787000E1	1.357400E5	2.666973E1	-2.929587E0	2.683016E1	6.601396E2	1.125806E2	6.794870E1
6.787200E1	1.357440E5	2.662878E1	-2.414177E0	2.673799E1	6.231019E2	1.125396E2	6.743329E1
6.787400E1	1.357480E5	2.679122E1	-1.768304E0	2.684951E1	5.917803E2	1.127020E2	6.678741E1
6.787600E1	1.357520E5	2.671143E1	-1.312565E0	2.674366E1	5.909664E2	1.126223E2	6.633167E1
6.787800E1	1.357560E5	2.665716E1	-6.572392E-1	2.666526E1	7.639496E2	1.125680E2	6.567635E1
6.788000E1	1.357600E5	2.680737E1	1.135175E-1	2.680761E1	6.708050E2	1.127182E2	6.490559E1
6.788200E1	1.357640E5	2.670114E1	5.923485E-1	2.670771E1	5.959814E2	1.126120E2	6.442676E1
6.788400E1	1.357680E5	2.678399E1	1.228690E0	2.681216E1	5.845793E2	1.126948E2	6.379042E1
6.788600E1	1.357720E5	2.669090E1	1.683543E0	2.674395E1	5.843315E2	1.126017E2	6.333557E1
6.788800E1	1.357760E5	2.661931E1	2.311976E0	2.671952E1	7.411666E2	1.125301E2	6.270713E1
6.789000E1	1.357800E5	2.672203E1	3.079484E0	2.689888E1	6.678011E2	1.126329E2	6.193962E1
6.789200E1	1.357840E5	2.660087E1	3.565890E0	2.683881E1	5.799700E2	1.125117E2	6.145322E1
6.789400E1	1.357880E5	2.666802E1	4.173110E0	2.699256E1	5.661859E2	1.125789E2	6.084600E1
6.789600E1	1.357920E5	2.652247E1	4.628827E0	2.692337E1	5.629383E2	1.124333E2	6.039028E1
6.789800E1	1.357960E5	2.656912E1	5.234560E0	2.707986E1	5.388158E2	1.124800E2	5.978455E1
6.790000E1	1.358000E5	2.645282E1	5.649308E0	2.704934E1	5.505431E2	1.123637E2	5.936980E1
6.790200E1	1.358040E5	2.647614E1	6.281951E0	2.721120E1	5.529753E2	1.123870E2	5.873716E1
6.790400E1	1.358080E5	2.632095E1	6.692977E0	2.715858E1	5.621938E2	1.122318E2	5.832613E1
6.790600E1	1.358120E5	2.622676E1	7.320881E0	2.722937E1	6.848857E2	1.121376E2	5.769823E1
6.790800E1	1.358160E5	2.623227E1	8.023278E0	2.743182E1	5.941276E2	1.121431E2	5.699583E1
6.791000E1	1.358200E5	2.609708E1	8.465829E0	2.743588E1	5.633864E2	1.120079E2	5.655328E1
6.791200E1	1.358240E5	2.608241E1	9.113532E0	2.762877E1	5.381972E2	1.119932E2	5.590558E1
6.791400E1	1.358280E5	2.592518E1	9.500471E0	2.761112E1	5.749589E2	1.118360E2	5.551864E1
6.791600E1	1.358320E5	2.587839E1	1.022504E1	2.782522E1	6.126514E2	1.117892E2	5.479407E1
6.791800E1	1.358360E5	2.541795E1	1.056815E1	2.752741E1	5.743933E2	1.113288E2	5.445095E1
6.792000E1	1.358400E5	2.526271E1	1.117247E1	2.762297E1	5.384025E2	1.111735E2	5.384664E1
6.792200E1	1.358440E5	2.506848E1	1.154609E1	2.759965E1	5.087108E2	1.109793E2	5.347302E1
6.792400E1	1.358480E5	2.497785E1	1.212446E1	2.776500E1	5.633655E2	1.108887E2	5.289465E1
6.792600E1	1.358520E5	2.477744E1	1.261570E1	2.780427E1	6.101335E2	1.106883E2	5.240341E1
6.792800E1	1.358560E5	2.441355E1	1.316341E1	2.773620E1	5.737969E2	1.103244E2	5.185570E1
6.793000E1	1.358600E5	2.414822E1	1.353949E1	2.768491E1	5.202423E2	1.100591E2	5.147962E1
6.793200E1	1.358640E5	2.402402E1	1.410261E1	2.785745E1	5.524391E2	1.099349E2	5.091650E1
6.793400E1	1.358680E5	2.378276E1	1.456744E1	2.788960E1	6.152657E2	1.096936E2	5.045167E1
6.793600E1	1.358720E5	2.338570E1	1.511435E1	2.784483E1	5.851772E2	1.092965E2	4.990475E1
6.793800E1	1.358760E5	2.308496E1	1.547100E1	2.778970E1	5.149754E2	1.089958E2	4.954811E1
6.794000E1	1.358800E5	2.294622E1	1.602823E1	2.798988E1	5.260554E2	1.088570E2	4.899088E1
6.794200E1	1.358840E5	2.268986E1	1.644481E1	2.802252E1	5.893548E2	1.086007E2	4.857430E1
6.794400E1	1.358880E5	2.229605E1	1.698025E1	2.802575E1	5.793167E2	1.082069E2	4.803886E1
6.794600E1	1.358920E5	2.198672E1	1.733328E1	2.799747E1	5.359339E2	1.078976E2	4.768583E1
6.794800E1	1.358960E5	2.181489E1	1.794189E1	2.824537E1	5.909369E2	1.077257E2	4.707722E1
6.795000E1	1.359000E5	2.134023E1	1.830003E1	2.811221E1	4.734777E2	1.072511E2	4.671908E1
6.795200E1	1.359040E5	2.103063E1	1.849529E1	2.800649E1	4.552379E2	1.069415E2	4.652382E1
6.795400E1	1.359080E5	2.081234E1	1.902776E1	2.819945E1	5.553070E2	1.067232E2	4.599134E1
6.795600E1	1.359120E5	2.035372E1	1.934948E1	2.808338E1	5.958964E2	1.062645E2	4.566963E1
6.795800E1	1.359160E5	2.002665E1	1.990040E1	2.823282E1	5.185946E2	1.059375E2	4.511871E1
6.796000E1	1.359200E5	1.979422E1	2.023117E1	2.830391E1	4.476718E2	1.057050E2	4.478794E1
6.796200E1	1.359240E5	1.931761E1	2.043460E1	2.812015E1	5.504923E2	1.052284E2	4.458451E1
6.796400E1	1.359280E5	1.897112E1	2.094237E1	2.825750E1	4.830389E2	1.048819E2	4.407674E1
6.796600E1	1.359320E5	1.878240E1	2.126078E1	2.836898E1	4.445815E2	1.046932E2	4.375833E1
6.796800E1	1.359360E5	1.826538E1	2.146613E1	2.818544E1	5.581507E2	1.041762E2	4.355298E1
6.797000E1	1.359400E5	1.793656E1	2.197225E1	2.836370E1	4.587653E2	1.038474E2	4.304686E1
6.797200E1	1.359440E5	1.771654E1	2.222559E1	2.842275E1	4.347324E2	1.036274E2	4.279352E1
6.797400E1	1.359480E5	1.721977E1	2.245196E1	2.829507E1	5.539541E2	1.031306E2	4.256715E1
6.797600E1	1.359520E5	1.685292E1	2.290611E1	2.843784E1	5.799050E2	1.027637E2	4.211299E1
6.797800E1	1.359560E5	1.632666E1	2.317269E1	2.834667E1	5.077748E2	1.022375E2	4.184642E1
6.798000E1	1.359600E5	1.597581E1	2.340889E1	2.834083E1	4.380841E2	1.018866E2	4.161021E1
6.798200E1	1.359640E5	1.572804E1	2.383939E1	2.856025E1	5.164385E2	1.016389E2	4.117972E1
6.798400E1	1.359680E5	1.520437E1	2.410072E1	2.849592E1	4.762039E2	1.011152E2	4.091839E1
6.798600E1	1.359720E5	1.485243E1	2.422745E1	2.841767E1	4.472774E2	1.007633E2	4.079166E1
6.798800E1	1.359760E5	1.435879E1	2.441788E1	2.832681E1	5.542031E2	1.002696E2	4.060122E1
6.799000E1	1.359800E5	1.396113E1	2.488535E1	2.853408E1	4.559528E2	9.987196E1	4.013376E1
6.799200E1	1.359840E5	1.369291E1	2.507957E1	2.857413E1	4.472684E2	9.960373E1	3.993953E1
6.799400E1	1.359880E5	1.314126E1	2.523967E1	2.845582E1	4.340931E2	9.905209E1	3.977944E1
6.799600E1	1.359920E5	1.286399E1	2.535937E1	2.843554E1	5.249498E2	9.877482E1	3.965974E1
6.799800E1	1.359960E5	1.227275E1	2.584130E1	2.860758E1	5.891648E2	9.818358E1	3.917780E1
6.800000E1	1.360000E5	1.187557E1	2.600976E1	2.859260E1	5.015762E2	9.778640E1	3.900935E1
6.800200E1	1.360040E5	1.132791E1	2.617973E1	2.852542E1	4.450118E2	9.723874E1	3.883938E1
6.800400E1	1.360080E5	1.104001E1	2.631391E1	2.853601E1	3.942731E2	9.695084E1	3.870520E1
6.800600E1	1.360120E5	1.068794E1	2.669345E1	2.875365E1	5.017141E2	9.659876E1	3.832566E1
6.800800E1	1.360160E5	1.020393E1	2.692762E1	2.879612E1	4.534827E2	9.611475E1	3.809149E1
6.801000E1	1.360200E5	9.829348E0	2.699564E1	2.872944E1	4.506341E2	9.574018E1	3.802347E1
6.801200E1	1.360240E5	9.314478E0	2.712637E1	2.868099E1	4.704755E2	9.522531E1	3.789274E1
6.801400E1	1.360280E5	8.884063E0	2.714054E1	2.855759E1	4.959683E2	9.479489E1	3.787856E1
6.801600E1	1.360320E5	8.324753E0	2.728482E1	2.852653E1	4.151351E2	9.423558E1	3.773429E1
6.801800E1	1.360360E5	8.100682E0	2.740968E1	2.858166E1	3.354416E2	9.401151E1	3.760943E1
6.802000E1	1.360400E5	7.748526E0	2.770453E1	2.876771E1	5.121241E2	9.365935E1	3.731457E1
6.802200E1	1.360440E5	7.186745E0	2.795797E1	2.886689E1	4.919025E2	9.309757E1	3.706114E1
6.802400E1	1.360480E5	6.797005E0	2.797181E1	2.878579E1	4.699617E2	9.270783E1	3.704730E1
6.802600E1	1.360520E5	6.250720E0	2.811106E1	2.879762E1	4.677851E2	9.216155E1	3.690805E1
6.802800E1	1.360560E5	5.857683E0	2.807163E1	2.867628E1	4.725098E2	9.176851E1	3.694748E1
6.803000E1	1.360600E5	5.296856E0	2.817786E1	2.867139E1	4.732551E2	9.120768E1	3.684124E1
6.803200E1	1.360640E5	4.930676E0	2.826983E1	2.869660E1	3.273375E2	9.084150E1	3.674928E1
6.803400E1	1.360680E5	4.638162E0	2.820984E1	2.858859E1	3.569155E2	9.054899E1	3.680927E1
6.803600E1	1.360720E5	4.212859E0	2.830363E1	2.861544E1	4.413651E2	9.012369E1	3.671548E1
6.803800E1	1.360760E5	3.805844E0	2.863259E1	2.888442E1	5.142901E2	8.971667E1	3.638652E1
6.804000E1	1.360800E5	3.237814E0	2.882541E1	2.900669E1	4.853860E2	8.914864E1	3.619369E1
6.804200E1	1.360840E5	2.839157E0	2.880155E1	2.894115E1	4.622228E2	8.874999E1	3.621755E1
6.804400E1	1.360880E5	2.306027E0	2.891376E1	2.900557E1	4.447710E2	8.821685E1	3.610535E1
6.804600E1	1.360920E5	1.949646E0	2.896536E1	2.903090E1	3.312644E2	8.786047E1	3.605375E1
6.804800E1	1.360960E5	1.631894E0	2.887268E1	2.891877E1	4.296621E2	8.754272E1	3.614642E1
6.805000E1	1.361000E5	1.079009E0	2.898277E1	2.900285E1	4.408950E2	8.698984E1	3.603633E1
6.805200E1	1.361040E5	7.418459E-1	2.888174E1	2.889127E1	4.369111E2	8.665267E1	3.613737E1
6.805400E1	1.361080E5	1.944584E-1	2.898007E1	2.898072E1	4.327681E2	8.610529E1	3.603904E1
6.805600E1	1.361120E5	-1.308528E-1	2.886703E1	2.886732E1	4.546534E2	8.577998E1	3.615208E1
6.805800E1	1.361160E5	-7.251868E-1	2.896571E1	2.897478E1	4.604668E2	8.518564E1	3.605340E1
6.806000E1	1.361200E5	-1.064552E0	2.901000E1	2.902953E1	3.131665E2	8.484628E1	3.600910E1
6.806200E1	1.361240E5	-1.355606E0	2.888671E1	2.891850E1	3.819949E2	8.455522E1	3.613240E1
6.806400E1	1.361280E5	-1.835827E0	2.894132E1	2.899949E1	4.189853E2	8.407500E1	3.607779E1
6.806600E1	1.361320E5	-2.199640E0	2.883180E1	2.891559E1	4.464784E2	8.371119E1	3.618731E1
6.806800E1	1.361360E5	-2.740766E0	2.891092E1	2.904054E1	4.316146E2	8.317006E1	3.610819E1
6.807000E1	1.361400E5	-3.086236E0	2.893013E1	2.909428E1	3.113189E2	8.282459E1	3.608898E1
6.807200E1	1.361440E5	-3.363978E0	2.880645E1	2.900221E1	3.884974E2	8.254685E1	3.621266E1
6.807400E1	1.361480E5	-3.873468E0	2.886420E1	2.912295E1	4.266112E2	8.203736E1	3.615491E1
6.807600E1	1.361520E5	-4.221595E0	2.870228E1	2.901108E1	4.348185E2	8.168923E1	3.631683E1
6.807800E1	1.361560E5	-4.754826E0	2.877615E1	2.916634E1	4.374067E2	8.115600E1	3.624295E1
6.808000E1	1.361600E5	-5.110253E0	2.864008E1	2.909242E1	4.612658E2	8.080057E1	3.637902E1
6.808200E1	1.361640E5	-5.692627E0	2.867748E1	2.923703E1	4.287961E2	8.021820E1	3.634162E1
6.808400E1	1.361680E5	-6.011070E0	2.869328E1	2.931616E1	2.889797E2	7.989976E1	3.632583E1
6.808600E1	1.361720E5	-6.266811E0	2.854235E1	2.922223E1	3.924115E2	7.964402E1	3.647676E1
6.808800E1	1.361760E5	-6.813284E0	2.859551E1	2.939599E1	4.123447E2	7.909754E1	3.642360E1
6.809000E1	1.361800E5	-7.098731E0	2.840207E1	2.927575E1	4.173109E2	7.881210E1	3.661704E1
6.809200E1	1.361840E5	-7.662859E0	2.845728E1	2.947094E1	4.157686E2	7.824797E1	3.656183E1
6.809400E1	1.361880E5	-7.983262E0	2.840912E1	2.950950E1	3.534631E2	7.792757E1	3.660999E1
6.809600E1	1.361920E5	-8.353581E0	2.822880E1	2.943888E1	4.480143E2	7.755725E1	3.679030E1
6.809800E1	1.361960E5	-8.798714E0	2.792638E1	2.927969E1	4.477318E2	7.711211E1	3.709273E1
6.810000E1	1.362000E5	-9.143897E0	2.768801E1	2.915882E1	4.386303E2	7.676693E1	3.733110E1
6.810200E1	1.362040E5	-9.650219E0	2.764561E1	2.928150E1	4.043859E2	7.626061E1	3.737350E1
6.810400E1	1.362080E5	-9.985416E0	2.759461E1	2.934571E1	3.331343E2	7.592541E1	3.742450E1
6.810600E1	1.362120E5	-1.028237E1	2.739201E1	2.925832E1		7.562846E1	3.762709E1
6.811200E1	1.362240E5	-1.144667E1	2.690523E1	2.923898E1		7.446415E1	3.811388E1
6.812000E1	1.362400E5	-1.297205E1	2.618634E1	2.922325E1		7.293878E1	3.883277E1
6.812800E1	1.362560E5	-1.436996E1	2.523517E1	2.903980E1		7.154086E1	3.978393E1
6.813600E1	1.362720E5	-1.578522E1	2.425986E1	2.894329E1		7.012561E1	4.075925E1
6.814400E1	1.362880E5	-1.707520E1	2.324617E1	2.884349E1		6.883563E1	4.177294E1
6.815200E1	1.363040E5	-1.818629E1	2.215861E1	2.866610E1		6.772454E1	4.286049E1
6.816000E1	1.363200E5	-1.956957E1	2.103272E1	2.872879E1		6.634126E1	4.398639E1
6.816800E1	1.363360E5	-2.070824E1	1.989896E1	2.871933E1		6.520259E1	4.512015E1
6.817600E1	1.363520E5	-2.171121E1	1.874242E1	2.868197E1		6.419962E1	4.627668E1
6.818400E1	1.363680E5	-2.268218E1	1.755171E1	2.868002E1		6.322865E1	4.746740E1
6.819200E1	1.363840E5	-2.356382E1	1.626939E1	2.863471E1		6.234701E1	4.874972E1
6.820000E1	1.364000E5	-2.447081E1	1.474966E1	2.857224E1		6.144002E1	5.026945E1
6.820800E1	1.364160E5	-2.531724E1	1.338574E1	2.863810E1		6.059359E1	5.163336E1
6.821600E1	1.364320E5	-2.596997E1	1.193899E1	2.858284E1		5.994085E1	5.308012E1
6.822400E1	1.364480E5	-2.649463E1	1.037096E1	2.845211E1		5.941619E1	5.464815E1
6.823200E1	1.364640E5	-2.696658E1	8.816817E0	2.837134E1		5.894424E1	5.620229E1
6.824000E1	1.364800E5	-2.722936E1	7.239992E0	2.817544E1		5.868147E1	5.777912E1
6.824800E1	1.364960E5	-2.769360E1	5.405209E0	2.821616E1		5.821723E1	5.961390E1
6.825600E1	1.365120E5	-2.781310E1	3.828395E0	2.807535E1		5.809773E1	6.119071E1
6.826400E1	1.365280E5	-2.784934E1	2.074660E0	2.792651E1		5.806149E1	6.294445E1
6.827200E1	1.365440E5	-2.787699E1	3.320984E-1	2.787896E1		5.803384E1	6.468701E1
6.828000E1	1.365600E5	-2.768400E1	-1.243357E0	2.771191E1		5.822683E1	6.626247E1
6.828800E1	1.365760E5	-2.747560E1	-2.958334E0	2.763441E1		5.843522E1	6.797744E1
6.829600E1	1.365920E5	-2.722019E1	-4.701446E0	2.762322E1		5.869064E1	6.972055E1
6.830400E1	1.366080E5	-2.698073E1	-6.598688E0	2.777593E1		5.893010E1	7.161780E1
6.831200E1	1.366240E5	-2.630856E1	-8.044032E0	2.751085E1		5.960226E1	7.306314E1
6.832000E1	1.366400E5	-2.574534E1	-9.799628E0	2.754733E1		6.016549E1	7.481874E1
6.832800E1	1.366560E5	-2.497734E1	-1.151751E1	2.750492E1		6.093349E1	7.653662E1
6.833600E1	1.366720E5	-2.398277E1	-1.294095E1	2.725145E1		6.192806E1	7.796006E1
6.834400E1	1.366880E5	-2.307378E1	-1.450037E1	2.725179E1		6.283705E1	7.951948E1
6.835200E1	1.367040E5	-2.194102E1	-1.582227E1	2.705093E1		6.396981E1	8.084138E1
6.836000E1	1.367200E5	-2.083961E1	-1.733513E1	2.710712E1		6.507122E1	8.235424E1
6.836800E1	1.367360E5	-1.966232E1	-1.856538E1	2.704219E1		6.624851E1	8.358449E1
6.837600E1	1.367520E5	-1.846518E1	-1.964700E1	2.696234E1		6.744565E1	8.466611E1
6.838400E1	1.367680E5	-1.711249E1	-2.068369E1	2.684497E1		6.879834E1	8.570280E1
6.839200E1	1.367840E5	-1.582255E1	-2.160972E1	2.678307E1		7.008827E1	8.662882E1
6.840000E1	1.368000E5	-1.424646E1	-2.256483E1	2.668583E1		7.166437E1	8.758394E1
6.840800E1	1.368160E5	-1.281953E1	-2.338194E1	2.666563E1		7.309130E1	8.840105E1
6.841600E1	1.368320E5	-1.105308E1	-2.417865E1	2.658529E1		7.485775E1	8.919775E1
6.842400E1	1.368480E5	-9.346818E0	-2.501673E1	2.670580E1		7.656401E1	9.003584E1
6.843200E1	1.368640E5	-7.695333E0	-2.560857E1	2.673980E1		7.821550E1	9.062768E1
6.844000E1	1.368800E5	-5.970410E0	-2.596470E1	2.664229E1		7.994042E1	9.098381E1
6.844800E1	1.368960E5	-4.130994E0	-2.645688E1	2.677745E1		8.177983E1	9.147599E1
6.845600E1	1.369120E5	-2.538788E0	-2.658804E1	2.670898E1		8.337204E1	9.160715E1
6.846400E1	1.369280E5	-8.197003E-1	-2.653031E1	2.654297E1		8.509113E1	9.154941E1
6.847200E1	1.369440E5	9.702375E-1	-2.645069E1	2.646848E1		8.688107E1	9.146980E1
6.848000E1	1.369600E5	2.690745E0	-2.642023E1	2.655690E1		8.860157E1	9.143934E1
6.848800E1	1.369760E5	4.262575E0	-2.620004E1	2.654453E1		9.017340E1	9.121915E1
6.849600E1	1.369920E5	5.927168E0	-2.592479E1	2.659372E1		9.183800E1	9.094389E1
6.850400E1	1.370080E5	7.614635E0	-2.570420E1	2.680837E1		9.352546E1	9.072331E1
6.851200E1	1.370240E5	9.140680E0	-2.532456E1	2.692370E1		9.505151E1	9.034367E1
6.852000E1	1.370400E5	1.068214E1	-2.467304E1	2.688619E1		9.659297E1	8.969215E1
6.852800E1	1.370560E5	1.195315E1	-2.378488E1	2.661951E1		9.786398E1	8.880398E1
6.853600E1	1.370720E5	1.347937E1	-2.320921E1	2.683954E1		9.939020E1	8.822831E1
6.854400E1	1.370880E5	1.472379E1	-2.237661E1	2.678624E1		1.006346E2	8.739572E1
6.855200E1	1.371040E5	1.587949E1	-2.143226E1	2.667396E1		1.017903E2	8.645137E1
6.856000E1	1.371200E5	1.696540E1	-2.040396E1	2.653576E1		1.028762E2	8.542307E1
6.856800E1	1.371360E5	1.826720E1	-1.939339E1	2.664196E1		1.041780E2	8.441250E1
6.857600E1	1.371520E5	1.936019E1	-1.833045E1	2.666126E1		1.052710E2	8.334956E1
6.858400E1	1.371680E5	2.032203E1	-1.730851E1	2.669400E1		1.062329E2	8.232762E1
6.859200E1	1.371840E5	2.123380E1	-1.624139E1	2.673307E1		1.071446E2	8.126050E1
6.860000E1	1.372000E5	2.209948E1	-1.518207E1	2.681198E1		1.080103E2	8.020118E1
6.860800E1	1.372160E5	2.287342E1	-1.405776E1	2.684798E1		1.087842E2	7.907687E1
6.861600E1	1.372320E5	2.337008E1	-1.300500E1	2.674492E1		1.092809E2	7.802411E1
6.862400E1	1.372480E5	2.402628E1	-1.196945E1	2.684268E1		1.099371E2	7.698856E1
6.863200E1	1.372640E5	2.466614E1	-1.081537E1	2.693308E1		1.105770E2	7.583448E1
6.864000E1	1.372800E5	2.512994E1	-9.806646E0	2.697562E1		1.110408E2	7.482575E1
6.864800E1	1.372960E5	2.550825E1	-8.688766E0	2.694746E1		1.114191E2	7.370787E1
6.865600E1	1.373120E5	2.580691E1	-7.276378E0	2.681310E1		1.117177E2	7.229549E1
6.866400E1	1.373280E5	2.601191E1	-6.265011E0	2.675574E1		1.119227E2	7.128412E1
6.867200E1	1.373440E5	2.643262E1	-5.162437E0	2.693203E1		1.123434E2	7.018155E1
6.868000E1	1.373600E5	2.659375E1	-4.113556E0	2.691001E1		1.125046E2	6.913266E1
6.868800E1	1.373760E5	2.668490E1	-3.090774E0	2.686329E1		1.125957E2	6.810988E1
6.869600E1	1.373920E5	2.676541E1	-2.129547E0	2.685000E1		1.126762E2	6.714866E1
6.870400E1	1.374080E5	2.679858E1	-1.151260E0	2.682329E1		1.127094E2	6.617037E1
6.871200E1	1.374240E5	2.676005E1	-1.979223E-1	2.676079E1		1.126709E2	6.521703E1
6.872000E1	1.374400E5	2.673760E1	7.377349E-1	2.674778E1		1.126484E2	6.428137E1
6.872800E1	1.374560E5	2.670031E1	1.660660E0	2.675191E1		1.126111E2	6.335845E1
6.873600E1	1.374720E5	2.665934E1	2.547340E0	2.678076E1		1.125702E2	6.247177E1
6.874400E1	1.374880E5	2.656738E1	3.425743E0	2.678734E1		1.124782E2	6.159337E1
6.875200E1	1.375040E5	2.669444E1	4.250731E0	2.703075E1		1.126053E2	6.076838E1
6.876000E1	1.375200E5	2.651694E1	4.780754E0	2.694446E1		1.124278E2	6.023835E1
6.876800E1	1.375360E5	2.641853E1	5.463765E0	2.697761E1		1.123294E2	5.955534E1
6.877600E1	1.375520E5	2.647543E1	6.171305E0	2.718517E1		1.123863E2	5.884780E1
6.878400E1	1.375680E5	2.632118E1	6.650407E0	2.714834E1		1.122320E2	5.836870E1
6.879200E1	1.375840E5	2.634843E1	7.263051E0	2.733115E1		1.122593E2	5.775606E1
6.880000E1	1.376000E5	2.621201E1	7.643835E0	2.730380E1		1.121228E2	5.737527E1
6.880800E1	1.376160E5	2.621084E1	8.189936E0	2.746058E1		1.121217E2	5.682917E1
6.881600E1	1.376320E5	2.606156E1	8.591402E0	2.744116E1		1.119724E2	5.642771E1
6.882400E1	1.376480E5	2.607859E1	9.115984E0	2.762596E1		1.119894E2	5.590312E1
6.883200E1	1.376640E5	2.592229E1	9.441781E0	2.758826E1		1.118331E2	5.557733E1
6.884000E1	1.376800E5	2.590489E1	1.004090E1	2.778279E1		1.118157E2	5.497821E1
6.884800E1	1.376960E5	2.557963E1	1.028549E1	2.757007E1		1.114905E2	5.473362E1
6.885600E1	1.377120E5	2.534654E1	1.045812E1	2.741933E1		1.112574E2	5.456099E1
6.886400E1	1.377280E5	2.530790E1	1.089272E1	2.755252E1		1.112187E2	5.412639E1
6.887200E1	1.377440E5	2.527555E1	1.108306E1	2.759869E1		1.111864E2	5.393605E1
6.888000E1	1.377600E5	2.525935E1	1.121045E1	2.763528E1		1.111702E2	5.380866E1
6.888800E1	1.377760E5	2.524756E1	1.129974E1	2.766086E1		1.111584E2	5.371936E1
6.889600E1	1.377920E5	2.511639E1	1.133858E1	2.755714E1		1.110272E2	5.368053E1
6.890400E1	1.378080E5	2.514862E1	1.170994E1	2.774123E1		1.110594E2	5.330917E1
6.891200E1	1.378240E5	2.515012E1	1.184601E1	2.780030E1		1.110610E2	5.317310E1
6.892000E1	1.378400E5	2.516196E1	1.188512E1	2.782769E1		1.110728E2	5.313399E1
6.892800E1	1.378560E5	2.518408E1	1.189852E1	2.785341E1		1.110949E2	5.312058E1
6.893600E1	1.378720E5	2.515717E1	1.187616E1	2.781953E1		1.110680E2	5.314295E1
6.894400E1	1.378880E5	2.517000E1	1.184325E1	2.781711E1		1.110808E2	5.317585E1
6.895200E1	1.379040E5	2.521597E1	1.182725E1	2.785191E1		1.111268E2	5.319186E1
6.896000E1	1.379200E5	2.522128E1	1.178846E1	2.784027E1		1.111321E2	5.323065E1
6.896800E1	1.379360E5	2.523560E1	1.175516E1	2.783917E1		1.111464E2	5.326395E1
6.897600E1	1.379520E5	2.526305E1	1.172622E1	2.785185E1		1.111739E2	5.329289E1
6.898400E1	1.379680E5	2.526612E1	1.167837E1	2.783453E1		1.111769E2	5.334074E1
6.899200E1	1.379840E5	2.530094E1	1.164908E1	2.785388E1		1.112118E2	5.337003E1
6.900000E1	1.380000E5	2.531150E1	1.162180E1	2.785208E1		1.112223E2	5.339731E1
6.900800E1	1.380160E5	2.533612E1	1.155222E1	2.784552E1		1.112470E2	5.346689E1
6.901600E1	1.380320E5	2.534944E1	1.149659E1	2.783461E1		1.112603E2	5.352252E1
6.902400E1	1.380480E5	2.537485E1	1.146866E1	2.784624E1		1.112857E2	5.355045E1
6.903200E1	1.380640E5	2.538655E1	1.140174E1	2.782942E1		1.112974E2	5.361737E1
6.904000E1	1.380800E5	2.537677E1	1.135395E1	2.780094E1		1.112876E2	5.366516E1
6.904800E1	1.380960E5	2.551682E1	1.125371E1	2.788824E1		1.114276E2	5.376540E1
6.905600E1	1.381120E5	2.550773E1	1.084299E1	2.771669E1		1.114186E2	5.417612E1
6.906400E1	1.381280E5	2.549468E1	1.066740E1	2.763643E1		1.114055E2	5.435170E1
6.907200E1	1.381440E5	2.549941E1	1.057635E1	2.760578E1		1.114102E2	5.444275E1
6.908000E1	1.381600E5	2.550834E1	1.047606E1	2.757577E1		1.114192E2	5.454305E1
6.908800E1	1.381760E5	2.552240E1	1.038681E1	2.755501E1		1.114332E2	5.463230E1
6.909600E1	1.381920E5	2.551614E1	1.031245E1	2.752126E1		1.114270E2	5.470666E1
6.910400E1	1.382080E5	2.570778E1	1.020744E1	2.766011E1		1.116186E2	5.481167E1
6.911200E1	1.382240E5	2.568635E1	9.801729E0	2.749295E1		1.115972E2	5.521738E1
6.912000E1	1.382400E5	2.567322E1	9.567168E0	2.739790E1		1.115840E2	5.545194E1
6.912800E1	1.382560E5	2.567278E1	9.462482E0	2.736110E1		1.115836E2	5.555663E1
6.913600E1	1.382720E5	2.564486E1	9.331712E0	2.728992E1		1.115557E2	5.568740E1
6.914400E1	1.382880E5	2.586473E1	9.216283E0	2.745767E1		1.117756E2	5.580283E1
6.915200E1	1.383040E5	2.578705E1	8.770634E0	2.723777E1		1.116979E2	5.624847E1
6.916000E1	1.383200E5	2.576502E1	8.569216E0	2.715267E1		1.116758E2	5.644989E1
6.916800E1	1.383360E5	2.576989E1	8.417196E0	2.710971E1		1.116807E2	5.660191E1
6.917600E1	1.383520E5	2.597502E1	8.081918E0	2.720329E1		1.118858E2	5.693719E1
6.918400E1	1.383680E5	2.625851E1	7.716670E0	2.736890E1		1.121693E2	5.730244E1
6.919200E1	1.383840E5	2.634588E1	7.492612E0	2.739059E1		1.122567E2	5.752650E1
6.920000E1	1.384000E5	2.635856E1	7.334033E0	2.735985E1		1.122694E2	5.768508E1
6.920800E1	1.384160E5	2.654222E1	7.159621E0	2.749090E1		1.124530E2	5.785949E1
6.921600E1	1.384320E5	2.651389E1	6.722603E0	2.735287E1		1.124247E2	5.829651E1
6.922400E1	1.384480E5	2.649089E1	6.479360E0	2.727177E1		1.124017E2	5.853975E1
6.923200E1	1.384640E5	2.664586E1	6.266417E0	2.737280E1		1.125567E2	5.875269E1
6.924000E1	1.384800E5	2.656986E1	5.780862E0	2.719147E1		1.124807E2	5.923825E1
6.924800E1	1.384960E5	2.656620E1	5.518149E0	2.713325E1		1.124770E2	5.950096E1
6.925600E1	1.385120E5	2.656363E1	5.308438E0	2.708885E1		1.124745E2	5.971067E1
6.926400E1	1.385280E5	2.676475E1	5.134871E0	2.725287E1		1.126756E2	5.988424E1
6.927200E1	1.385440E5	2.668562E1	4.679638E0	2.709283E1		1.125965E2	6.033947E1
6.928000E1	1.385600E5	2.664665E1	4.381203E0	2.700442E1		1.125575E2	6.063791E1
6.928800E1	1.385760E5	2.681337E1	4.158704E0	2.713396E1		1.127242E2	6.086040E1
6.929600E1	1.385920E5	2.671403E1	3.663441E0	2.696405E1		1.126249E2	6.135567E1
6.930400E1	1.386080E5	2.666735E1	3.361086E0	2.687833E1		1.125782E2	6.165802E1
6.931200E1	1.386240E5	2.683657E1	3.107089E0	2.701584E1		1.127474E2	6.191202E1
6.932000E1	1.386400E5	2.676295E1	2.624438E0	2.689132E1		1.126738E2	6.239467E1
6.932800E1	1.386560E5	2.687541E1	2.277441E0	2.697173E1		1.127862E2	6.274167E1
6.933600E1	1.386720E5	2.677682E1	1.732231E0	2.683279E1		1.126876E2	6.328688E1
6.934400E1	1.386880E5	2.671653E1	1.414394E0	2.675394E1		1.126274E2	6.360471E1
6.935200E1	1.387040E5	2.683610E1	1.142366E0	2.686040E1		1.127469E2	6.387674E1
6.936000E1	1.387200E5	2.672875E1	6.149798E-1	2.673582E1		1.126396E2	6.440413E1
6.936800E1	1.387360E5	2.683535E1	2.633908E-1	2.683665E1		1.127462E2	6.475572E1
6.937600E1	1.387520E5	2.674075E1	-2.873517E-1	2.674230E1		1.126516E2	6.530646E1
6.938400E1	1.387680E5	2.664539E1	-6.738354E-1	2.665390E1		1.125562E2	6.569294E1
6.939200E1	1.387840E5	2.676426E1	-9.245255E-1	2.678022E1		1.126751E2	6.594363E1
6.940000E1	1.388000E5	2.665932E1	-1.457716E0	2.669915E1		1.125702E2	6.647682E1
6.940800E1	1.388160E5	2.672539E1	-1.839219E0	2.678861E1		1.126362E2	6.685833E1
6.941600E1	1.388320E5	2.659217E1	-2.411427E0	2.670129E1		1.125030E2	6.743054E1
6.942400E1	1.388480E5	2.667107E1	-2.802291E0	2.681788E1		1.125819E2	6.782140E1
6.943200E1	1.388640E5	2.655343E1	-3.381848E0	2.676792E1		1.124643E2	6.840096E1
6.944000E1	1.388800E5	2.658618E1	-3.801114E0	2.685654E1		1.124970E2	6.882022E1
6.944800E1	1.388960E5	2.643995E1	-4.378538E0	2.680004E1		1.123508E2	6.939765E1
6.945600E1	1.389120E5	2.644863E1	-4.798241E0	2.688035E1		1.123595E2	6.981735E1
6.946400E1	1.389280E5	2.634925E1	-5.368407E0	2.689057E1		1.122601E2	7.038751E1
6.947200E1	1.389440E5	2.632828E1	-5.818515E0	2.696355E1		1.122391E2	7.083762E1
6.948000E1	1.389600E5	2.621066E1	-6.390073E0	2.697836E1		1.121215E2	7.140918E1
6.948800E1	1.389760E5	2.619356E1	-6.803589E0	2.706273E1		1.121044E2	7.182270E1
6.949600E1	1.389920E5	2.603438E1	-7.407918E0	2.706781E1		1.119452E2	7.242703E1
6.950400E1	1.390080E5	2.600585E1	-7.861036E0	2.716800E1		1.119167E2	7.288014E1
6.951200E1	1.390240E5	2.582294E1	-8.284146E0	2.711920E1		1.117338E2	7.330325E1
6.952000E1	1.390400E5	2.551116E1	-8.788759E0	2.698261E1		1.114220E2	7.380787E1
6.952800E1	1.390560E5	2.527981E1	-9.400025E0	2.697089E1		1.111906E2	7.441913E1
6.953600E1	1.390720E5	2.517437E1	-9.829798E0	2.702543E1		1.110852E2	7.484891E1
6.954400E1	1.390880E5	2.496133E1	-1.044174E1	2.705731E1		1.108722E2	7.546085E1
6.955200E1	1.391040E5	2.486015E1	-1.076655E1	2.709143E1		1.107710E2	7.578566E1
6.956000E1	1.391200E5	2.439806E1	-1.139444E1	2.692765E1		1.103089E2	7.641355E1
6.956800E1	1.391360E5	2.420272E1	-1.184400E1	2.694535E1		1.101135E2	7.686311E1
6.957600E1	1.391520E5	2.395016E1	-1.246188E1	2.699831E1		1.098610E2	7.748099E1
6.958400E1	1.391680E5	2.378092E1	-1.281076E1	2.701199E1		1.096917E2	7.782987E1
6.959200E1	1.391840E5	2.331429E1	-1.342122E1	2.690140E1		1.092251E2	7.844033E1
6.960000E1	1.392000E5	2.306363E1	-1.389222E1	2.692442E1		1.089745E2	7.891132E1
6.960800E1	1.392160E5	2.276779E1	-1.438813E1	2.693307E1		1.086786E2	7.940724E1
6.961600E1	1.392320E5	2.234940E1	-1.482513E1	2.681940E1		1.082602E2	7.984423E1
6.962400E1	1.392480E5	2.202113E1	-1.544547E1	2.689782E1		1.079320E2	8.046458E1
6.963200E1	1.392640E5	2.178563E1	-1.578082E1	2.690070E1		1.076965E2	8.079993E1
6.964000E1	1.392800E5	2.128354E1	-1.638654E1	2.686090E1		1.071944E2	8.140565E1
6.964800E1	1.392960E5	2.097640E1	-1.680668E1	2.687887E1		1.068872E2	8.182579E1
6.965600E1	1.393120E5	2.064564E1	-1.729876E1	2.693491E1		1.065565E2	8.231787E1
6.966400E1	1.393280E5	2.019860E1	-1.774678E1	2.688739E1		1.061094E2	8.276589E1
6.967200E1	1.393440E5	1.980300E1	-1.825044E1	2.693023E1		1.057138E2	8.326955E1
6.968000E1	1.393600E5	1.926209E1	-1.866281E1	2.682030E1		1.051729E2	8.368192E1
6.968800E1	1.393760E5	1.887220E1	-1.891976E1	2.672298E1		1.047830E2	8.393887E1
6.969600E1	1.393920E5	1.834042E1	-1.941996E1	2.671152E1		1.042512E2	8.443906E1
6.970400E1	1.394080E5	1.793224E1	-1.975847E1	2.668263E1		1.038431E2	8.477758E1
6.971200E1	1.394240E5	1.765044E1	-2.029924E1	2.689976E1		1.035613E2	8.531835E1
6.972000E1	1.394400E5	1.711740E1	-2.064418E1	2.681767E1		1.030282E2	8.566328E1
6.972800E1	1.394560E5	1.667120E1	-2.090896E1	2.674160E1		1.025820E2	8.592807E1
6.973600E1	1.394720E5	1.614438E1	-2.134700E1	2.676445E1		1.020552E2	8.636611E1
6.974400E1	1.394880E5	1.572145E1	-2.166075E1	2.676475E1		1.016323E2	8.667986E1
6.975200E1	1.395040E5	1.515253E1	-2.189070E1	2.662333E1		1.010634E2	8.690980E1
6.976000E1	1.395200E5	1.470868E1	-2.235250E1	2.675779E1		1.006195E2	8.737160E1
6.976800E1	1.395360E5	1.418003E1	-2.261191E1	2.669029E1		1.000909E2	8.763102E1
6.977600E1	1.395520E5	1.369198E1	-2.286724E1	2.665297E1		9.960281E1	8.788635E1
6.978400E1	1.395680E5	1.316476E1	-2.324939E1	2.671788E1		9.907559E1	8.826850E1
6.979200E1	1.395840E5	1.275368E1	-2.352663E1	2.676114E1		9.866451E1	8.854573E1
6.980000E1	1.396000E5	1.220388E1	-2.366384E1	2.662540E1		9.811470E1	8.868294E1
6.980800E1	1.396160E5	1.170091E1	-2.388765E1	2.659946E1		9.761174E1	8.890676E1
6.981600E1	1.396320E5	1.118052E1	-2.420949E1	2.666653E1		9.709135E1	8.922860E1
6.982400E1	1.396480E5	1.077498E1	-2.449355E1	2.675881E1		9.668581E1	8.951266E1
6.983200E1	1.396640E5	1.024096E1	-2.458350E1	2.663129E1		9.615178E1	8.960261E1
6.984000E1	1.396800E5	9.724178E0	-2.478532E1	2.662465E1		9.563501E1	8.980443E1
6.984800E1	1.396960E5	9.222026E0	-2.509083E1	2.673192E1		9.513285E1	9.010994E1
6.985600E1	1.397120E5	8.819071E0	-2.534457E1	2.683511E1		9.472990E1	9.036368E1
6.986400E1	1.397280E5	8.284762E0	-2.538603E1	2.670370E1		9.419559E1	9.040513E1
6.987200E1	1.397440E5	7.915006E0	-2.543068E1	2.663394E1		9.382583E1	9.044979E1
6.988000E1	1.397600E5	7.613024E0	-2.559553E1	2.670374E1		9.352385E1	9.061464E1
6.988800E1	1.397760E5	7.105844E0	-2.557383E1	2.654268E1		9.301667E1	9.059294E1
6.989600E1	1.397920E5	6.653919E0	-2.570623E1	2.655343E1		9.256475E1	9.072534E1
6.990400E1	1.398080E5	6.173510E0	-2.601565E1	2.673810E1		9.208434E1	9.103476E1
6.991200E1	1.398240E5	5.794129E0	-2.623829E1	2.687042E1		9.170496E1	9.125739E1
6.992000E1	1.398400E5	5.302689E0	-2.625694E1	2.678704E1		9.121352E1	9.127605E1
6.992800E1	1.398560E5	4.940752E0	-2.624501E1	2.670603E1		9.085158E1	9.126412E1
6.993600E1	1.398720E5	4.685994E0	-2.637838E1	2.679137E1		9.059682E1	9.139749E1
6.994400E1	1.398880E5	4.216736E0	-2.634722E1	2.668252E1		9.012756E1	9.136632E1
6.995200E1	1.399040E5	3.902928E0	-2.646585E1	2.675209E1		8.981376E1	9.148496E1
6.996000E1	1.399200E5	3.382016E0	-2.640775E1	2.662344E1		8.929284E1	9.142686E1
6.996800E1	1.399360E5	3.101292E0	-2.638047E1	2.656214E1		8.901212E1	9.139958E1
6.997600E1	1.399520E5	2.853321E0	-2.650361E1	2.665675E1		8.876415E1	9.152271E1
6.998400E1	1.399680E5	2.361882E0	-2.644360E1	2.654887E1		8.827271E1	9.146271E1
6.999200E1	1.399840E5	2.119403E0	-2.640948E1	2.649439E1		8.803023E1	9.142859E1
7.000000E1	1.400000E5	1.946696E0	-2.641529E1	2.648692E1		8.785752E1	9.143440E1
7.000800E1	1.400160E5	1.764455E0	-2.652333E1	2.658196E1		8.767528E1	9.154244E1
7.001600E1	1.400320E5	1.352614E0	-2.646831E1	2.650285E1		8.726344E1	9.148742E1
7.002400E1	1.400480E5	1.155571E0	-2.643061E1	2.645586E1		8.706640E1	9.144972E1
7.003200E1	1.400640E5	9.908734E-1	-2.643295E1	2.645151E1		8.690170E1	9.145206E1
7.004000E1	1.400800E5	8.642045E-1	-2.656890E1	2.658295E1		8.677503E1	9.158801E1
7.004800E1	1.400960E5	4.541239E-1	-2.648668E1	2.649057E1		8.636495E1	9.150578E1
7.005600E1	1.401120E5	2.555326E-1	-2.645697E1	2.645820E1		8.616636E1	9.147608E1
7.006400E1	1.401280E5	1.631162E-1	-2.644063E1	2.644114E1		8.607394E1	9.145974E1
7.007200E1	1.401440E5	6.371323E-2	-2.642674E1	2.642682E1		8.597454E1	9.144585E1
7.008000E1	1.401600E5	-1.187753E-2	-2.643854E1	2.643855E1		8.589895E1	9.145765E1
7.008800E1	1.401760E5	-5.840051E-2	-2.641708E1	2.641714E1		8.585243E1	9.143619E1
7.009600E1	1.401920E5	-1.044963E-1	-2.658703E1	2.658724E1		8.580633E1	9.160614E1
7.010400E1	1.402080E5	-4.786611E-1	-2.648452E1	2.648884E1		8.543217E1	9.150362E1
7.011200E1	1.402240E5	-6.103509E-1	-2.646984E1	2.647688E1		8.530048E1	9.148895E1
7.012000E1	1.402400E5	-6.521404E-1	-2.644743E1	2.645547E1		8.525869E1	9.146654E1
7.012800E1	1.402560E5	-6.795791E-1	-2.644255E1	2.645128E1		8.523125E1	9.146165E1
7.013600E1	1.402720E5	-6.989952E-1	-2.644226E1	2.645150E1		8.521183E1	9.146137E1
7.014400E1	1.402880E5	-6.923156E-1	-2.645433E1	2.646339E1		8.521851E1	9.147344E1
7.015200E1	1.403040E5	-6.661588E-1	-2.645333E1	2.646172E1		8.524467E1	9.147244E1
7.016000E1	1.403200E5	-6.669879E-1	-2.645314E1	2.646155E1		8.524384E1	9.147225E1
7.016800E1	1.403360E5	-6.485804E-1	-2.644604E1	2.645399E1		8.526225E1	9.146515E1
7.017600E1	1.403520E5	-6.431059E-1	-2.645986E1	2.646767E1		8.526772E1	9.147897E1
7.018400E1	1.403680E5	-6.237258E-1	-2.647435E1	2.648170E1		8.528710E1	9.149346E1
7.019200E1	1.403840E5	-5.953268E-1	-2.645626E1	2.646296E1		8.531550E1	9.147537E1
7.020000E1	1.404000E5	-6.031319E-1	-2.646088E1	2.646776E1		8.530770E1	9.147999E1
7.020800E1	1.404160E5	-5.624875E-1	-2.648056E1	2.648654E1		8.534834E1	9.149967E1
7.021600E1	1.404320E5	-5.732916E-1	-2.647146E1	2.647767E1		8.533754E1	9.149057E1
7.022400E1	1.404480E5	-5.610485E-1	-2.647379E1	2.647973E1		8.534978E1	9.149290E1
7.023200E1	1.404640E5	-5.449648E-1	-2.648108E1	2.648669E1		8.536586E1	9.150019E1
7.024000E1	1.404800E5	-5.425852E-1	-2.647765E1	2.648320E1		8.536824E1	9.149675E1
7.024800E1	1.404960E5	-5.389018E-1	-2.649078E1	2.649626E1		8.537193E1	9.150989E1
7.025600E1	1.405120E5	-5.395008E-1	-2.648706E1	2.649255E1		8.537133E1	9.150617E1
7.026400E1	1.405280E5	-5.300901E-1	-2.646548E1	2.647079E1		8.538074E1	9.148459E1
7.027200E1	1.405440E5	-5.353001E-1	-2.648364E1	2.648905E1		8.537553E1	9.150275E1
7.028000E1	1.405600E5	-5.372247E-1	-2.645601E1	2.646146E1		8.537360E1	9.147512E1
7.028800E1	1.405760E5	-5.404055E-1	-2.647860E1	2.648411E1		8.537042E1	9.149770E1
7.029600E1	1.405920E5	-5.298338E-1	-2.648753E1	2.649283E1		8.538099E1	9.150664E1
7.030400E1	1.406080E5	-5.515749E-1	-2.646292E1	2.646866E1		8.535925E1	9.148202E1
7.031200E1	1.406240E5	-5.498575E-1	-2.648068E1	2.648638E1		8.536097E1	9.149978E1
7.032000E1	1.406400E5	-5.597283E-1	-2.648087E1	2.648678E1		8.535110E1	9.149997E1
7.032800E1	1.406560E5	-5.833918E-1	-2.647131E1	2.647773E1		8.532744E1	9.149041E1
7.033600E1	1.406720E5	-5.422444E-1	-2.647130E1	2.647686E1		8.536858E1	9.149041E1
7.034400E1	1.406880E5	-5.763152E-1	-2.645958E1	2.646586E1		8.533451E1	9.147869E1
7.035200E1	1.407040E5	-5.840727E-1	-2.646105E1	2.646750E1		8.532676E1	9.148016E1
7.036000E1	1.407200E5	-5.766381E-1	-2.645604E1	2.646232E1		8.533419E1	9.147515E1
7.036800E1	1.407360E5	-5.826550E-1	-2.645770E1	2.646411E1		8.532817E1	9.147680E1
7.037600E1	1.407520E5	-5.896068E-1	-2.646817E1	2.647474E1		8.532122E1	9.148728E1
7.038400E1	1.407680E5	-5.855740E-1	-2.647095E1	2.647742E1		8.532525E1	9.149006E1
7.039200E1	1.407840E5	-5.819570E-1	-2.646669E1	2.647309E1		8.532887E1	9.148580E1
7.040000E1	1.408000E5	-5.922998E-1	-2.647289E1	2.647951E1		8.531853E1	9.149200E1
