	mass_A
t	frame	x	y	r	θ	ω	pixelx	pixely
1.172000E0	2.344000E3	1.977070E1	-1.650955E1	2.575745E1	-3.986362E1		1.091465E2	8.132484E1
1.176000E0	2.352000E3	2.043515E1	-1.723018E1	2.672966E1	-4.013638E1	2.809495E1	1.098109E2	8.204547E1
1.180000E0	2.360000E3	2.057101E1	-1.704133E1	2.671279E1	-3.963886E1	1.157398E2	1.099468E2	8.185662E1
1.184000E0	2.368000E3	2.067964E1	-1.687219E1	2.668929E1	-3.921046E1	9.585999E1	1.100554E2	8.168747E1
1.188000E0	2.376000E3	2.073790E1	-1.671664E1	2.663656E1	-3.887198E1	1.257023E2	1.101137E2	8.153192E1
1.192000E0	2.384000E3	2.082037E1	-1.638687E1	2.649561E1	-3.820484E1	1.283730E2	1.101962E2	8.120215E1
1.196000E0	2.392000E3	2.089984E1	-1.623788E1	2.646643E1	-3.784500E1	1.367310E2	1.102756E2	8.105317E1
1.200000E0	2.400000E3	2.117413E1	-1.602026E1	2.655170E1	-3.711099E1	1.588543E2	1.105499E2	8.083554E1
1.204000E0	2.408000E3	2.135870E1	-1.584743E1	2.659578E1	-3.657416E1	1.263830E2	1.107345E2	8.066272E1
1.208000E0	2.416000E3	2.146545E1	-1.565283E1	2.656645E1	-3.609993E1	1.488432E2	1.108412E2	8.046812E1
1.212000E0	2.424000E3	2.158445E1	-1.532987E1	2.647439E1	-3.538342E1	1.632606E2	1.109602E2	8.014516E1
1.216000E0	2.432000E3	2.171247E1	-1.508710E1	2.643959E1	-3.479384E1	1.383310E2	1.110883E2	7.990238E1
1.220000E0	2.440000E3	2.182501E1	-1.487505E1	2.641208E1	-3.427677E1	1.117369E2	1.112008E2	7.969033E1
1.224000E0	2.448000E3	2.181689E1	-1.466031E1	2.628500E1	-3.389995E1	1.157990E2	1.111927E2	7.947560E1
1.228000E0	2.456000E3	2.190208E1	-1.441456E1	2.621985E1	-3.335038E1	1.756812E2	1.112779E2	7.922985E1
1.232000E0	2.464000E3	2.219080E1	-1.413410E1	2.630978E1	-3.249450E1	1.955822E2	1.115666E2	7.894939E1
1.236000E0	2.472000E3	2.238297E1	-1.387031E1	2.633216E1	-3.178572E1	1.549673E2	1.117588E2	7.868559E1
1.240000E0	2.480000E3	2.246155E1	-1.363255E1	2.627485E1	-3.125476E1	1.699111E2	1.118373E2	7.844784E1
1.244000E0	2.488000E3	2.262650E1	-1.328893E1	2.624032E1	-3.042643E1	1.871516E2	1.120023E2	7.810421E1
1.248000E0	2.496000E3	2.273870E1	-1.300021E1	2.619264E1	-2.975755E1	1.518896E2	1.121145E2	7.781550E1
1.252000E0	2.504000E3	2.275863E1	-1.272527E1	2.607466E1	-2.921132E1	1.782942E2	1.121344E2	7.754056E1
1.256000E0	2.512000E3	2.285963E1	-1.232470E1	2.597039E1	-2.833119E1	1.672334E2	1.122354E2	7.713999E1
1.260000E0	2.520000E3	2.297423E1	-1.215060E1	2.598947E1	-2.787345E1	1.663472E2	1.123500E2	7.696589E1
1.264000E0	2.528000E3	2.322737E1	-1.183515E1	2.606879E1	-2.700042E1	1.789675E2	1.126032E2	7.665044E1
1.268000E0	2.536000E3	2.330969E1	-1.159219E1	2.603306E1	-2.644171E1	1.779909E2	1.126855E2	7.640747E1
1.272000E0	2.544000E3	2.347195E1	-1.123404E1	2.602184E1	-2.557649E1	2.115014E2	1.128477E2	7.604932E1
1.276000E0	2.552000E3	2.361229E1	-1.088527E1	2.600057E1	-2.474970E1	1.716067E2	1.129881E2	7.570055E1
1.280000E0	2.560000E3	2.360968E1	-1.061241E1	2.588514E1	-2.420363E1	1.843098E2	1.129855E2	7.542770E1
1.284000E0	2.568000E3	2.373548E1	-1.020995E1	2.583827E1	-2.327522E1	2.096790E2	1.131113E2	7.502523E1
1.288000E0	2.576000E3	2.382905E1	-9.883086E0	2.579727E1	-2.252620E1	1.713019E2	1.132048E2	7.469837E1
1.292000E0	2.584000E3	2.379575E1	-9.568148E0	2.564736E1	-2.190480E1	1.602835E2	1.131715E2	7.438343E1
1.296000E0	2.592000E3	2.389773E1	-9.290406E0	2.564007E1	-2.124393E1	2.084564E2	1.132735E2	7.410569E1
1.300000E0	2.600000E3	2.417523E1	-8.912556E0	2.576578E1	-2.023715E1	2.247033E2	1.135510E2	7.372784E1
1.304000E0	2.608000E3	2.426440E1	-8.566892E0	2.573233E1	-1.944631E1	2.222488E2	1.136402E2	7.338218E1
1.308000E0	2.616000E3	2.441740E1	-8.150599E0	2.574183E1	-1.845916E1	2.266164E2	1.137932E2	7.296589E1
1.312000E0	2.624000E3	2.444010E1	-7.768528E0	2.564505E1	-1.763338E1	2.449174E2	1.138159E2	7.258381E1
1.316000E0	2.632000E3	2.456255E1	-7.275674E0	2.561746E1	-1.649982E1	2.594920E2	1.139383E2	7.209096E1
1.320000E0	2.640000E3	2.466897E1	-6.867952E0	2.560716E1	-1.555744E1	2.006205E2	1.140448E2	7.168324E1
1.324000E0	2.648000E3	2.463597E1	-6.552759E0	2.549255E1	-1.489486E1	2.131321E2	1.140118E2	7.136805E1
1.328000E0	2.656000E3	2.472495E1	-6.097006E0	2.546560E1	-1.385238E1	2.367473E2	1.141008E2	7.091229E1
1.332000E0	2.664000E3	2.466851E1	-5.695574E0	2.531749E1	-1.300088E1	2.524712E2	1.140443E2	7.051086E1
1.336000E0	2.672000E3	2.475260E1	-5.185793E0	2.528999E1	-1.183261E1	2.553276E2	1.141284E2	7.000108E1
1.340000E0	2.680000E3	2.466942E1	-4.776601E0	2.512760E1	-1.095826E1	2.642843E2	1.140452E2	6.959189E1
1.344000E0	2.688000E3	2.475931E1	-4.240344E0	2.511980E1	-9.718339E0	2.712285E2	1.141351E2	6.905563E1
1.348000E0	2.696000E3	2.466969E1	-3.813969E0	2.496277E1	-8.788430E0	2.773988E2	1.140455E2	6.862926E1
1.352000E0	2.704000E3	2.474054E1	-3.256780E0	2.495398E1	-7.499149E0	2.849447E2	1.141163E2	6.807207E1
1.356000E0	2.712000E3	2.481755E1	-2.831496E0	2.497856E1	-6.508872E0	2.283647E2	1.141934E2	6.764678E1
1.360000E0	2.720000E3	2.468846E1	-2.452152E0	2.480994E1	-5.672231E0	2.419290E2	1.140643E2	6.726744E1
1.364000E0	2.728000E3	2.475952E1	-1.980552E0	2.483861E1	-4.573440E0	2.624539E2	1.141353E2	6.679584E1
1.368000E0	2.736000E3	2.465599E1	-1.539385E0	2.470399E1	-3.572599E0	2.706475E2	1.140318E2	6.635467E1
1.372000E0	2.744000E3	2.471949E1	-1.039624E0	2.474134E1	-2.408261E0	2.719652E2	1.140953E2	6.585491E1
1.376000E0	2.752000E3	2.458081E1	-5.994017E-1	2.458812E1	-1.396878E0	2.809930E2	1.139566E2	6.541469E1
1.380000E0	2.760000E3	2.467296E1	-6.903653E-2	2.467306E1	-1.603169E-1	2.871230E2	1.140488E2	6.488432E1
1.384000E0	2.768000E3	2.453779E1	3.855160E-1	2.454082E1	9.001064E-1	2.884966E2	1.139136E2	6.442977E1
1.388000E0	2.776000E3	2.458622E1	9.220134E-1	2.460350E1	2.147656E0	3.017561E2	1.139620E2	6.389327E1
1.392000E0	2.784000E3	2.445674E1	1.416229E0	2.449771E1	3.314155E0	2.951577E2	1.138325E2	6.339906E1
1.396000E0	2.792000E3	2.453243E1	1.934586E0	2.460859E1	4.508917E0	2.894881E2	1.139082E2	6.288070E1
1.400000E0	2.800000E3	2.441165E1	2.406514E0	2.452998E1	5.630059E0	2.968126E2	1.137874E2	6.240877E1
1.404000E0	2.808000E3	2.445864E1	2.952639E0	2.463622E1	6.883418E0	3.039337E2	1.138344E2	6.186265E1
1.408000E0	2.816000E3	2.432996E1	3.446001E0	2.457279E1	8.061529E0	2.991823E2	1.137058E2	6.136929E1
1.412000E0	2.824000E3	2.437555E1	3.981548E0	2.469858E1	9.276877E0	2.979465E2	1.137513E2	6.083374E1
1.416000E0	2.832000E3	2.426676E1	4.473532E0	2.467566E1	1.044510E1	3.123160E2	1.136426E2	6.034175E1
1.420000E0	2.840000E3	2.427990E1	5.061459E0	2.480185E1	1.177540E1	3.032904E2	1.136557E2	5.975383E1
1.424000E0	2.848000E3	2.415765E1	5.520162E0	2.478032E1	1.287142E1	2.864353E2	1.135334E2	5.929513E1
1.428000E0	2.856000E3	2.417444E1	6.057350E0	2.492178E1	1.406689E1	2.986985E2	1.135502E2	5.875794E1
1.432000E0	2.864000E3	2.401553E1	6.552345E0	2.489335E1	1.526101E1	3.035442E2	1.133913E2	5.826294E1
1.436000E0	2.872000E3	2.403817E1	7.118258E0	2.506996E1	1.649524E1	3.359692E2	1.134140E2	5.769703E1
1.440000E0	2.880000E3	2.385509E1	7.727412E0	2.507545E1	1.794877E1	3.604483E2	1.132309E2	5.708787E1
1.444000E0	2.888000E3	2.351822E1	8.272305E0	2.493066E1	1.937883E1	3.631226E2	1.128940E2	5.654298E1
1.448000E0	2.896000E3	2.339999E1	8.913947E0	2.504032E1	2.085375E1	3.516687E2	1.127758E2	5.590134E1
1.452000E0	2.904000E3	2.313282E1	9.436644E0	2.498355E1	2.219218E1	3.291420E2	1.125086E2	5.537864E1
1.456000E0	2.912000E3	2.307003E1	1.002486E1	2.515401E1	2.348688E1	3.582465E2	1.124458E2	5.479043E1
1.460000E0	2.920000E3	2.279768E1	1.065891E1	2.516638E1	2.505815E1	3.898493E2	1.121735E2	5.415637E1
1.464000E0	2.928000E3	2.240625E1	1.122299E1	2.505984E1	2.660568E1	3.802834E2	1.117820E2	5.359230E1
1.468000E0	2.936000E3	2.223615E1	1.187321E1	2.520752E1	2.810042E1	3.633767E2	1.116119E2	5.294208E1
1.472000E0	2.944000E3	2.192551E1	1.241127E1	2.519459E1	2.951269E1	3.725503E2	1.113013E2	5.240402E1
1.476000E0	2.952000E3	2.174449E1	1.310719E1	2.538939E1	3.108082E1	3.791953E2	1.111203E2	5.170810E1
1.480000E0	2.960000E3	2.130395E1	1.359630E1	2.527287E1	3.254625E1	3.634572E2	1.106797E2	5.121898E1
1.484000E0	2.968000E3	2.101359E1	1.416770E1	2.534353E1	3.398848E1	3.524518E2	1.103894E2	5.064759E1
1.488000E0	2.976000E3	2.068538E1	1.468179E1	2.536612E1	3.536587E1	3.790672E2	1.100612E2	5.013349E1
1.492000E0	2.984000E3	2.021568E1	1.524524E1	2.531978E1	3.702101E1	4.240526E2	1.095915E2	4.957005E1
1.496000E0	2.992000E3	1.986109E1	1.594494E1	2.546967E1	3.875829E1	4.307682E2	1.092369E2	4.887035E1
1.500000E0	3.000000E3	1.932173E1	1.648317E1	2.539733E1	4.046716E1	4.087998E2	1.086975E2	4.833212E1
1.504000E0	3.008000E3	1.891933E1	1.705220E1	2.546995E1	4.202869E1	3.810324E2	1.082951E2	4.776309E1
1.508000E0	3.016000E3	1.850412E1	1.756922E1	2.551627E1	4.351542E1	3.874345E2	1.078799E2	4.724607E1
1.512000E0	3.024000E3	1.803396E1	1.811482E1	2.556111E1	4.512816E1	3.867858E2	1.074098E2	4.670047E1
1.516000E0	3.032000E3	1.758342E1	1.860026E1	2.559583E1	4.660971E1	4.014498E2	1.069592E2	4.621503E1
1.520000E0	3.040000E3	1.703897E1	1.915087E1	2.563362E1	4.833976E1	4.113902E2	1.064148E2	4.566442E1
1.524000E0	3.048000E3	1.651715E1	1.961532E1	2.564327E1	4.990083E1	4.060089E2	1.058929E2	4.519996E1
1.528000E0	3.056000E3	1.596825E1	2.013814E1	2.570077E1	5.158783E1	4.088387E2	1.053440E2	4.467715E1
1.532000E0	3.064000E3	1.542715E1	2.060056E1	2.573674E1	5.317154E1	4.253263E2	1.048029E2	4.421473E1
1.536000E0	3.072000E3	1.477811E1	2.109783E1	2.575871E1	5.499044E1	4.522256E2	1.041539E2	4.371745E1
1.540000E0	3.080000E3	1.410597E1	2.154744E1	2.575404E1	5.678934E1	4.457612E2	1.034818E2	4.326785E1
1.544000E0	3.088000E3	1.346691E1	2.202475E1	2.581564E1	5.855653E1	4.433319E2	1.028427E2	4.279053E1
1.548000E0	3.096000E3	1.279196E1	2.245947E1	2.584690E1	6.033600E1	4.778537E2	1.021678E2	4.235582E1
1.552000E0	3.104000E3	1.201024E1	2.295333E1	2.590562E1	6.237936E1	4.611115E2	1.013860E2	4.186196E1
1.556000E0	3.112000E3	1.137892E1	2.335599E1	2.598042E1	6.402489E1	4.595525E2	1.007547E2	4.145930E1
1.560000E0	3.120000E3	1.057484E1	2.381385E1	2.605623E1	6.605578E1	5.092052E2	9.995064E1	4.100143E1
1.564000E0	3.128000E3	9.712550E0	2.415894E1	2.603820E1	6.809853E1	4.933000E2	9.908835E1	4.065635E1
1.568000E0	3.136000E3	8.940325E0	2.456625E1	2.614250E1	7.000218E1	4.633079E2	9.831612E1	4.024903E1
1.572000E0	3.144000E3	8.184298E0	2.490000E1	2.621054E1	7.180499E1	4.404917E2	9.756009E1	3.991529E1
1.576000E0	3.152000E3	7.449542E0	2.519139E1	2.626979E1	7.352612E1	4.823463E2	9.682534E1	3.962390E1
1.580000E0	3.160000E3	6.547208E0	2.561802E1	2.644142E1	7.566376E1	5.286231E2	9.592300E1	3.919727E1
1.584000E0	3.168000E3	5.618480E0	2.588827E1	2.649093E1	7.775510E1	5.364043E2	9.499428E1	3.892702E1
1.588000E0	3.176000E3	4.627026E0	2.612118E1	2.652782E1	7.995500E1	5.140144E2	9.400282E1	3.869411E1
1.592000E0	3.184000E3	3.754608E0	2.627347E1	2.654039E1	8.186722E1	5.342072E2	9.313040E1	3.854181E1
1.596000E0	3.192000E3	2.687598E0	2.659118E1	2.672666E1	8.422866E1	5.756235E2	9.206339E1	3.822411E1
1.600000E0	3.200000E3	1.650851E0	2.677797E1	2.682881E1	8.647220E1	5.668871E2	9.102665E1	3.803731E1
1.604000E0	3.208000E3	5.801182E-1	2.688228E1	2.688854E1	8.876375E1	5.626344E2	8.995591E1	3.793301E1
1.608000E0	3.216000E3	-4.578271E-1	2.694916E1	2.695305E1	9.097328E1	5.482045E2	8.891797E1	3.786612E1
1.612000E0	3.224000E3	-1.484870E0	2.698655E1	2.702737E1	9.314939E1	5.463773E2	8.789093E1	3.782874E1
1.616000E0	3.232000E3	-2.521579E0	2.695520E1	2.707289E1	9.534430E1	5.497609E2	8.685422E1	3.786008E1
1.620000E0	3.240000E3	-3.567637E0	2.692647E1	2.716179E1	9.754748E1	5.403150E2	8.580816E1	3.788882E1
1.624000E0	3.248000E3	-4.574141E0	2.685346E1	2.724025E1	9.966682E1	5.348937E2	8.480165E1	3.796182E1
1.628000E0	3.256000E3	-5.603935E0	2.676239E1	2.734282E1	1.018266E2	5.418922E2	8.377186E1	3.805290E1
1.632000E0	3.264000E3	-6.651376E0	2.667334E1	2.749014E1	1.040020E2	5.394765E2	8.272442E1	3.814195E1
1.636000E0	3.272000E3	-7.686801E0	2.655770E1	2.764776E1	1.061424E2	5.296560E2	8.168900E1	3.825758E1
1.640000E0	3.280000E3	-8.698377E0	2.639538E1	2.779169E1	1.082392E2	5.215628E2	8.067742E1	3.841991E1
1.644000E0	3.288000E3	-9.697880E0	2.619578E1	2.793328E1	1.103149E2	5.565470E2	7.967792E1	3.861950E1
1.648000E0	3.296000E3	-1.086838E1	2.599243E1	2.817319E1	1.126916E2	5.775810E2	7.850741E1	3.882285E1
1.652000E0	3.304000E3	-1.189912E1	2.559283E1	2.822379E1	1.149356E2	5.564099E2	7.747667E1	3.922245E1
1.656000E0	3.312000E3	-1.291592E1	2.519343E1	2.831130E1	1.171429E2	5.656489E2	7.645988E1	3.962186E1
1.660000E0	3.320000E3	-1.401959E1	2.481916E1	2.850508E1	1.194608E2	5.573576E2	7.535621E1	3.999612E1
1.664000E0	3.328000E3	-1.496151E1	2.431796E1	2.855188E1	1.216017E2	5.606045E2	7.441428E1	4.049733E1
1.668000E0	3.336000E3	-1.601985E1	2.379910E1	2.868854E1	1.239456E2	5.957474E2	7.335595E1	4.101619E1
1.672000E0	3.344000E3	-1.703356E1	2.313105E1	2.872608E1	1.263677E2	6.101910E2	7.234224E1	4.168424E1
1.676000E0	3.352000E3	-1.798082E1	2.234195E1	2.867879E1	1.288271E2	6.117977E2	7.139497E1	4.247333E1
1.680000E0	3.360000E3	-1.898233E1	2.163600E1	2.878273E1	1.312621E2	6.069868E2	7.039346E1	4.317929E1
1.684000E0	3.368000E3	-1.989730E1	2.083368E1	2.880876E1	1.336830E2	6.326163E2	6.947850E1	4.398161E1
1.688000E0	3.376000E3	-2.084655E1	1.990538E1	2.882365E1	1.363230E2	6.709598E2	6.852925E1	4.490991E1
1.692000E0	3.384000E3	-2.179687E1	1.891389E1	2.885895E1	1.390507E2	6.885138E2	6.757892E1	4.590140E1
1.696000E0	3.392000E3	-2.271288E1	1.785331E1	2.888972E1	1.418311E2	7.021096E2	6.666291E1	4.696198E1
1.700000E0	3.400000E3	-2.362411E1	1.674687E1	2.895784E1	1.446676E2	7.078009E2	6.575168E1	4.806841E1
1.704000E0	3.408000E3	-2.452061E1	1.562524E1	2.907591E1	1.474935E2	7.049966E2	6.485519E1	4.919004E1
1.708000E0	3.416000E3	-2.538209E1	1.447325E1	2.921858E1	1.503076E2	6.988055E2	6.399371E1	5.034204E1
1.712000E0	3.424000E3	-2.621923E1	1.331100E1	2.940460E1	1.530840E2	7.143485E2	6.315657E1	5.150429E1
1.716000E0	3.432000E3	-2.692825E1	1.197664E1	2.947153E1	1.560224E2	7.325225E2	6.244754E1	5.283864E1
1.720000E0	3.440000E3	-2.756430E1	1.061178E1	2.953643E1	1.589442E2	7.256512E2	6.181150E1	5.420350E1
1.724000E0	3.448000E3	-2.822589E1	9.265156E0	2.970764E1	1.618276E2	7.312803E2	6.114991E1	5.555013E1
1.728000E0	3.456000E3	-2.873150E1	7.809196E0	2.977386E1	1.647944E2	7.429431E2	6.064429E1	5.700609E1
1.732000E0	3.464000E3	-2.924288E1	6.337972E0	2.992183E1	1.677711E2	7.535141E2	6.013292E1	5.847731E1
1.736000E0	3.472000E3	-2.959678E1	4.781701E0	2.998056E1	1.708225E2	7.921295E2	5.977902E1	6.003359E1
1.740000E0	3.480000E3	-2.978164E1	3.073356E0	2.993980E1	1.741081E2	8.157870E2	5.959415E1	6.174193E1
1.744000E0	3.488000E3	-3.000528E1	1.389399E0	3.003743E1	1.773488E2	8.006070E2	5.937052E1	6.342589E1
1.748000E0	3.496000E3	-2.996882E1	-2.683335E-1	2.997002E1	1.805130E2	7.966734E2	5.940698E1	6.508362E1
1.752000E0	3.504000E3	-2.983995E1	-1.941268E0	2.990303E1	1.837222E2	8.223943E2	5.953585E1	6.675656E1
1.756000E0	3.512000E3	-2.978101E1	-3.705279E0	3.001063E1	1.870922E2	8.139489E2	5.959479E1	6.852057E1
1.760000E0	3.520000E3	-2.950392E1	-5.326554E0	2.998089E1	1.902338E2	7.994872E2	5.987188E1	7.014184E1
1.764000E0	3.528000E3	-2.919034E1	-7.001542E0	3.001829E1	1.934881E2	8.410344E2	6.018546E1	7.181683E1
1.768000E0	3.536000E3	-2.889369E1	-8.812768E0	3.020778E1	1.969621E2	8.324747E2	6.048211E1	7.362805E1
1.772000E0	3.544000E3	-2.829672E1	-1.038193E1	3.014115E1	2.001478E2	8.342476E2	6.107907E1	7.519722E1
1.776000E0	3.552000E3	-2.765838E1	-1.210437E1	3.019109E1	2.036360E2	8.721251E2	6.171741E1	7.691966E1
1.780000E0	3.560000E3	-2.694222E1	-1.380178E1	3.027164E1	2.071248E2	8.714451E2	6.243357E1	7.861707E1
1.784000E0	3.568000E3	-2.591087E1	-1.532829E1	3.010531E1	2.106076E2	8.892601E2	6.346493E1	8.014357E1
1.788000E0	3.576000E3	-2.483947E1	-1.690557E1	3.004659E1	2.142389E2	9.123809E2	6.453632E1	8.172086E1
1.792000E0	3.584000E3	-2.374598E1	-1.849017E1	3.009582E1	2.179066E2	9.060041E2	6.562981E1	8.330546E1
1.796000E0	3.592000E3	-2.250791E1	-1.990419E1	3.004634E1	2.214870E2	9.150542E2	6.686789E1	8.471947E1
1.800000E0	3.600000E3	-2.119250E1	-2.136115E1	3.009021E1	2.252271E2	9.118357E2	6.818330E1	8.617644E1
1.804000E0	3.608000E3	-1.983152E1	-2.263872E1	3.009652E1	2.287816E2	9.021953E2	6.954428E1	8.745401E1
1.808000E0	3.616000E3	-1.827420E1	-2.376782E1	2.998092E1	2.324446E2	8.974319E2	7.110160E1	8.858310E1
1.812000E0	3.624000E3	-1.672129E1	-2.475407E1	2.987249E1	2.359611E2	9.067298E2	7.265450E1	8.956936E1
1.816000E0	3.632000E3	-1.496964E1	-2.561591E1	2.966927E1	2.396985E2	9.587611E2	7.440615E1	9.043120E1
1.820000E0	3.640000E3	-1.313055E1	-2.648752E1	2.956349E1	2.436312E2	9.415747E2	7.624525E1	9.130280E1
1.824000E0	3.648000E3	-1.140831E1	-2.718055E1	2.947765E1	2.472311E2	9.481075E2	7.796749E1	9.199584E1
1.828000E0	3.656000E3	-9.455235E0	-2.780010E1	2.936404E1	2.512161E2	9.692531E2	7.992056E1	9.261538E1
1.832000E0	3.664000E3	-7.567166E0	-2.821171E1	2.920894E1	2.549851E2	9.822475E2	8.180863E1	9.302699E1
1.836000E0	3.672000E3	-5.511585E0	-2.855156E1	2.907867E1	2.590740E2	1.016078E3	8.386421E1	9.336684E1
1.840000E0	3.680000E3	-3.463730E0	-2.868035E1	2.888875E1	2.631137E2	1.004285E3	8.591207E1	9.349564E1
1.844000E0	3.688000E3	-1.448177E0	-2.866974E1	2.870629E1	2.671083E2	9.976468E2	8.792762E1	9.348503E1
1.848000E0	3.696000E3	5.445614E-1	-2.849313E1	2.849834E1	2.710949E2	9.955257E2	8.992036E1	9.330842E1
1.852000E0	3.704000E3	2.508247E0	-2.825744E1	2.836854E1	2.750725E2	1.021598E3	9.188404E1	9.307273E1
1.856000E0	3.712000E3	4.542312E0	-2.783668E1	2.820484E1	2.792677E2	1.059507E3	9.391811E1	9.265196E1
1.860000E0	3.720000E3	6.588039E0	-2.733904E1	2.812162E1	2.835486E2	1.078889E3	9.596384E1	9.215433E1
1.864000E0	3.728000E3	8.572264E0	-2.654214E1	2.789210E1	2.878988E2	1.108189E3	9.794806E1	9.135743E1
1.868000E0	3.736000E3	1.053471E1	-2.554131E1	2.762859E1	2.924141E2	1.133123E3	9.991051E1	9.035660E1
1.872000E0	3.744000E3	1.240437E1	-2.438304E1	2.735692E1	2.969638E2	1.148008E3	1.017802E2	8.919833E1
1.876000E0	3.752000E3	1.423953E1	-2.314770E1	2.717683E1	3.015981E2	1.183730E3	1.036153E2	8.796298E1
1.880000E0	3.760000E3	1.603389E1	-2.172114E1	2.699803E1	3.064336E2	1.211816E3	1.054097E2	8.653643E1
1.884000E0	3.768000E3	1.767962E1	-2.012948E1	2.679114E1	3.112927E2	1.207733E3	1.070554E2	8.494477E1
1.888000E0	3.776000E3	1.915763E1	-1.843870E1	2.658948E1	3.160955E2	1.223231E3	1.085334E2	8.325399E1
1.892000E0	3.784000E3	2.053054E1	-1.657877E1	2.638861E1	3.210785E2	1.264203E3	1.099063E2	8.139406E1
1.896000E0	3.792000E3	2.172920E1	-1.454143E1	2.614596E1	3.262091E2	1.286348E3	1.111050E2	7.935672E1
1.900000E0	3.800000E3	2.273022E1	-1.240872E1	2.589671E1	3.313693E2	1.276781E3	1.121060E2	7.722401E1
1.904000E0	3.808000E3	2.355840E1	-1.028098E1	2.570402E1	3.364234E2	1.275782E3	1.129342E2	7.509626E1
1.908000E0	3.816000E3	2.426809E1	-8.084421E0	2.557926E1	3.415756E2	1.307380E3	1.136439E2	7.289971E1
1.912000E0	3.824000E3	2.472910E1	-5.762649E0	2.539166E1	3.468824E2	1.331412E3	1.141049E2	7.057794E1
1.916000E0	3.832000E3	2.509078E1	-3.425031E0	2.532347E1	3.522269E2	1.355130E3	1.144666E2	6.824032E1
1.920000E0	3.840000E3	2.535591E1	-1.008008E0	2.537594E1	3.577234E2	1.346781E3	1.147317E2	6.582329E1
1.924000E0	3.848000E3	2.521112E1	1.321745E0	2.524575E1	3.630011E2	1.350267E3	1.145869E2	6.349354E1
1.928000E0	3.856000E3	2.504217E1	3.754008E0	2.532199E1	3.685256E2	1.405646E3	1.144180E2	6.106128E1
1.932000E0	3.864000E3	2.456076E1	6.235936E0	2.534004E1	3.742463E2	1.399422E3	1.139366E2	5.857935E1
1.936000E0	3.872000E3	2.388943E1	8.563510E0	2.537791E1	3.797210E2	1.353593E3	1.132652E2	5.625178E1
1.940000E0	3.880000E3	2.316383E1	1.083841E1	2.557410E1	3.850750E2	1.336598E3	1.125396E2	5.397687E1
1.944000E0	3.888000E3	2.217340E1	1.301620E1	2.571150E1	3.904137E2	1.329590E3	1.115492E2	5.179908E1
1.948000E0	3.896000E3	2.093067E1	1.504671E1	2.577783E1	3.957117E2	1.337310E3	1.103065E2	4.976858E1
1.952000E0	3.904000E3	1.949525E1	1.701411E1	2.587556E1	4.011122E2	1.360970E3	1.088710E2	4.780118E1
1.956000E0	3.912000E3	1.779598E1	1.881839E1	2.590036E1	4.065995E2	1.390925E3	1.071718E2	4.599690E1
1.960000E0	3.920000E3	1.590677E1	2.053619E1	2.597615E1	4.122396E2	1.381470E3	1.052826E2	4.427910E1
1.964000E0	3.928000E3	1.402996E1	2.215145E1	2.622072E1	4.176513E2	1.342435E3	1.034058E2	4.266384E1
1.968000E0	3.936000E3	1.197059E1	2.347243E1	2.634862E1	4.229791E2	1.357884E3	1.013464E2	4.134286E1
1.972000E0	3.944000E3	9.719134E0	2.469157E1	2.653554E1	4.285143E2	1.403170E3	9.909493E1	4.012372E1
1.976000E0	3.952000E3	7.276727E0	2.572304E1	2.673248E1	4.342045E2	1.380760E3	9.665252E1	3.909225E1
1.980000E0	3.960000E3	4.881478E0	2.649396E1	2.693991E1	4.395604E2	1.408808E3	9.425727E1	3.832133E1
1.984000E0	3.968000E3	2.144222E0	2.709326E1	2.717798E1	4.454749E2	1.409133E3	9.152002E1	3.772203E1
1.988000E0	3.976000E3	-3.972161E-1	2.730413E1	2.730702E1	4.508335E2	1.366536E3	8.897858E1	3.751115E1
1.992000E0	3.984000E3	-3.088562E0	2.750393E1	2.767680E1	4.564072E2	1.344068E3	8.628723E1	3.731136E1
1.996000E0	3.992000E3	-5.599749E0	2.731370E1	2.788181E1	4.615860E2	1.346744E3	8.377605E1	3.750159E1
2.000000E0	4.000000E3	-8.305743E0	2.686279E1	2.811752E1	4.671812E2	1.372483E3	8.107005E1	3.795249E1
2.004000E0	4.008000E3	-1.087798E1	2.617659E1	2.834686E1	4.725659E2	1.362307E3	7.849782E1	3.863869E1
2.008000E0	4.016000E3	-1.346488E1	2.523910E1	2.860621E1	4.780796E2	1.379297E3	7.591091E1	3.957619E1
2.012000E0	4.024000E3	-1.601130E1	2.409871E1	2.893285E1	4.836003E2	1.375396E3	7.336450E1	4.071658E1
2.016000E0	4.032000E3	-1.825585E1	2.247761E1	2.895719E1	4.890828E2	1.377075E3	7.111995E1	4.233767E1
2.020000E0	4.040000E3	-2.051390E1	2.079011E1	2.920700E1	4.946169E2	1.392406E3	6.886190E1	4.402518E1
2.024000E0	4.048000E3	-2.255810E1	1.878001E1	2.935228E1	5.002220E2	1.397961E3	6.681770E1	4.603528E1
2.028000E0	4.056000E3	-2.442518E1	1.659899E1	2.953161E1	5.058005E2	1.390343E3	6.495062E1	4.821629E1
2.032000E0	4.064000E3	-2.607738E1	1.425047E1	2.971709E1	5.113448E2	1.359607E3	6.329842E1	5.056481E1
2.036000E0	4.072000E3	-2.734850E1	1.179091E1	2.978197E1	5.166774E2	1.380436E3	6.202730E1	5.302438E1
2.040000E0	4.080000E3	-2.850076E1	9.047403E0	2.990232E1	5.223883E2	1.438101E3	6.087504E1	5.576788E1
2.044000E0	4.088000E3	-2.939711E1	6.150901E0	3.003371E1	5.281822E2	1.474764E3	5.997869E1	5.866439E1
2.048000E0	4.096000E3	-2.993581E1	3.047962E0	3.009058E1	5.341864E2	1.487733E3	5.943998E1	6.176732E1
2.052000E0	4.104000E3	-3.011212E1	-4.418793E-2	3.011215E1	5.400841E2	1.460102E3	5.926368E1	6.485947E1
2.056000E0	4.112000E3	-2.992718E1	-3.075354E0	3.008478E1	5.458672E2	1.459886E3	5.944862E1	6.789064E1
2.060000E0	4.120000E3	-2.950287E1	-6.143679E0	3.013576E1	5.517632E2	1.477827E3	5.987293E1	7.095897E1
2.064000E0	4.128000E3	-2.879679E1	-9.184579E0	3.022600E1	5.576898E2	1.480683E3	6.057901E1	7.399987E1
2.068000E0	4.136000E3	-2.774452E1	-1.212626E1	3.027878E1	5.636086E2	1.474138E3	6.163128E1	7.694155E1
2.072000E0	4.144000E3	-2.634845E1	-1.489686E1	3.026809E1	5.694829E2	1.475260E3	6.302735E1	7.971215E1
2.076000E0	4.152000E3	-2.480456E1	-1.763466E1	3.043431E1	5.754107E2	1.480663E3	6.457124E1	8.244995E1
2.080000E0	4.160000E3	-2.278562E1	-2.003755E1	3.034284E1	5.813282E2	1.494039E3	6.659018E1	8.485283E1
2.084000E0	4.168000E3	-2.056349E1	-2.233369E1	3.035870E1	5.873630E2	1.505054E3	6.881230E1	8.714897E1
2.088000E0	4.176000E3	-1.805768E1	-2.428690E1	3.026439E1	5.933686E2	1.517430E3	7.131812E1	8.910219E1
2.092000E0	4.184000E3	-1.531540E1	-2.600294E1	3.017805E1	5.995025E2	1.523568E3	7.406040E1	9.081823E1
2.096000E0	4.192000E3	-1.246485E1	-2.742411E1	3.012398E1	6.055572E2	1.517818E3	7.691095E1	9.223940E1
2.100000E0	4.200000E3	-9.430341E0	-2.842318E1	2.994676E1	6.116450E2	1.517777E3	7.994546E1	9.323847E1
2.104000E0	4.208000E3	-6.345655E0	-2.910235E1	2.978613E1	6.176994E2	1.528683E3	8.303014E1	9.391763E1
2.108000E0	4.216000E3	-3.160366E0	-2.944810E1	2.961720E1	6.238745E2	1.541413E3	8.621543E1	9.426339E1
2.112000E0	4.224000E3	1.569283E-2	-2.927754E1	2.927754E1	6.300307E2	1.567191E3	8.939149E1	9.409282E1
2.116000E0	4.232000E3	3.246077E0	-2.888483E1	2.906666E1	6.364120E2	1.594585E3	9.262187E1	9.370012E1
2.120000E0	4.240000E3	6.392398E0	-2.816494E1	2.888125E1	6.427874E2	1.622853E3	9.576819E1	9.298022E1
2.124000E0	4.248000E3	9.487819E0	-2.694990E1	2.857124E1	6.493948E2	1.670513E3	9.886362E1	9.176519E1
2.128000E0	4.256000E3	1.245738E1	-2.537093E1	2.826429E1	6.561515E2	1.703763E3	1.018332E2	9.018621E1
2.132000E0	4.264000E3	1.519388E1	-2.337426E1	2.787849E1	6.630249E2	1.741000E3	1.045697E2	8.818955E1
2.136000E0	4.272000E3	1.769762E1	-2.103187E1	2.748719E1	6.700795E2	1.745213E3	1.070734E2	8.584716E1
2.140000E0	4.280000E3	1.984988E1	-1.851897E1	2.714720E1	6.769866E2	1.774083E3	1.092257E2	8.333426E1
2.144000E0	4.288000E3	2.163406E1	-1.556159E1	2.664950E1	6.842722E2	1.847730E3	1.110099E2	8.037688E1
2.148000E0	4.296000E3	2.316685E1	-1.243837E1	2.629479E1	6.917685E2	1.891304E3	1.125426E2	7.725366E1
2.152000E0	4.304000E3	2.436192E1	-9.155783E0	2.602559E1	6.994026E2	1.900205E3	1.137377E2	7.397107E1
2.156000E0	4.312000E3	2.508291E1	-5.804629E0	2.574580E1	7.069701E2	1.956541E3	1.144587E2	7.061992E1
2.160000E0	4.320000E3	2.553386E1	-2.209260E0	2.562926E1	7.150549E2	1.991976E3	1.149097E2	6.702455E1
2.164000E0	4.328000E3	2.538505E1	1.288581E0	2.541774E1	7.229059E2	1.969622E3	1.147609E2	6.352671E1
2.168000E0	4.336000E3	2.495939E1	4.766633E0	2.541047E1	7.308119E2	1.971787E3	1.143352E2	6.004865E1
2.172000E0	4.344000E3	2.415535E1	8.166841E0	2.549860E1	7.386802E2	1.974922E3	1.135312E2	5.664845E1
2.176000E0	4.352000E3	2.273559E1	1.139074E1	2.542944E1	7.466113E2	1.991770E3	1.121114E2	5.342455E1
2.180000E0	4.360000E3	2.097187E1	1.447530E1	2.548242E1	7.546144E2	1.996477E3	1.103477E2	5.033999E1
2.184000E0	4.368000E3	1.892317E1	1.739044E1	2.570046E1	7.625831E2	1.966774E3	1.082990E2	4.742484E1
2.188000E0	4.376000E3	1.657973E1	2.000487E1	2.598234E1	7.703486E2	1.941777E3	1.059555E2	4.481042E1
2.192000E0	4.384000E3	1.378266E1	2.215769E1	2.609454E1	7.781173E2	1.954868E3	1.031585E2	4.265760E1
2.196000E0	4.392000E3	1.064351E1	2.389170E1	2.615526E1	7.859875E2	1.965369E3	1.000193E2	4.092359E1
2.200000E0	4.400000E3	7.356472E0	2.538771E1	2.643206E1	7.938403E2	1.938240E3	9.673227E1	3.942757E1
2.204000E0	4.408000E3	3.976206E0	2.658459E1	2.688030E1	8.014934E2	1.915280E3	9.335200E1	3.823070E1
2.208000E0	4.416000E3	3.966114E-1	2.713140E1	2.713430E1	8.091625E2	1.924876E3	8.977241E1	3.768389E1
2.212000E0	4.424000E3	-3.280968E0	2.714247E1	2.734005E1	8.168924E2	1.896736E3	8.609483E1	3.767282E1
2.216000E0	4.432000E3	-6.854069E0	2.681841E1	2.768041E1	8.243364E2	1.869070E3	8.252173E1	3.799688E1
2.220000E0	4.440000E3	-1.038202E1	2.589790E1	2.790139E1	8.318450E2	1.873664E3	7.899377E1	3.891739E1
2.224000E0	4.448000E3	-1.384842E1	2.465168E1	2.827515E1	8.393257E2	1.866044E3	7.552737E1	4.016361E1
2.228000E0	4.456000E3	-1.710719E1	2.288984E1	2.857623E1	8.467734E2	1.841289E3	7.226861E1	4.192545E1
2.232000E0	4.464000E3	-1.999359E1	2.066350E1	2.875281E1	8.540560E2	1.827351E3	6.938220E1	4.415178E1
2.236000E0	4.472000E3	-2.263683E1	1.807582E1	2.896828E1	8.613922E2	1.858645E3	6.673896E1	4.673947E1
2.240000E0	4.480000E3	-2.499901E1	1.506539E1	2.918761E1	8.689252E2	1.885425E3	6.437679E1	4.974990E1
2.244000E0	4.488000E3	-2.685211E1	1.168925E1	2.928607E1	8.764756E2	1.856279E3	6.252369E1	5.312604E1
2.248000E0	4.496000E3	-2.839470E1	8.262642E0	2.957245E1	8.837754E2	1.820828E3	6.098110E1	5.655264E1
2.252000E0	4.504000E3	-2.946454E1	4.644488E0	2.982835E1	8.910422E2	1.850132E3	5.991126E1	6.017080E1
2.256000E0	4.512000E3	-2.994204E1	7.440766E-1	2.995128E1	8.985765E2	1.882223E3	5.943376E1	6.407121E1
2.260000E0	4.520000E3	-2.985881E1	-3.190973E0	3.002883E1	9.061000E2	1.867956E3	5.951699E1	6.800626E1
2.264000E0	4.528000E3	-2.925221E1	-7.033695E0	3.008596E1	9.135201E2	1.883531E3	6.012358E1	7.184898E1
2.268000E0	4.536000E3	-2.817672E1	-1.091105E1	3.021553E1	9.211682E2	1.895768E3	6.119908E1	7.572634E1
2.272000E0	4.544000E3	-2.670696E1	-1.461330E1	3.044356E1	9.286862E2	1.877317E3	6.266884E1	7.942859E1
2.276000E0	4.552000E3	-2.452842E1	-1.794339E1	3.039093E1	9.361868E2	1.892932E3	6.484737E1	8.275867E1
2.280000E0	4.560000E3	-2.199404E1	-2.111343E1	3.048794E1	9.438297E2	1.911007E3	6.738176E1	8.592871E1
2.284000E0	4.568000E3	-1.893427E1	-2.378217E1	3.039898E1	9.514748E2	1.893459E3	7.044153E1	8.859746E1
2.288000E0	4.576000E3	-1.555047E1	-2.585719E1	3.017302E1	9.589774E2	1.908103E3	7.382533E1	9.067248E1
2.292000E0	4.584000E3	-1.186656E1	-2.760641E1	3.004878E1	9.667396E2	1.957447E3	7.750923E1	9.242169E1
2.296000E0	4.592000E3	-7.885406E0	-2.870007E1	2.976363E1	9.746370E2	1.966618E3	8.149039E1	9.351536E1
2.300000E0	4.600000E3	-3.859908E0	-2.921089E1	2.946481E1	9.824726E2	1.975846E3	8.551589E1	9.402618E1
2.304000E0	4.608000E3	2.263475E-1	-2.922695E1	2.922783E1	9.904437E2	2.007845E3	8.960214E1	9.404224E1
2.308000E0	4.616000E3	4.303376E0	-2.867357E1	2.899470E1	9.985353E2	2.008807E3	9.367917E1	9.348886E1
2.312000E0	4.624000E3	8.130201E0	-2.742219E1	2.860204E1	1.006514E3	2.065090E3	9.750600E1	9.223747E1
2.316000E0	4.632000E3	1.194607E1	-2.555313E1	2.820765E1	1.015056E3	2.146386E3	1.013219E2	9.036842E1
2.320000E0	4.640000E3	1.545119E1	-2.318099E1	2.785853E1	1.023685E3	2.139134E3	1.048270E2	8.799628E1
2.324000E0	4.648000E3	1.846617E1	-2.038741E1	2.750720E1	1.032169E3	2.150541E3	1.078420E2	8.520270E1
2.328000E0	4.656000E3	2.104186E1	-1.710661E1	2.711818E1	1.040890E3	2.219768E3	1.104177E2	8.192189E1
2.332000E0	4.664000E3	2.323954E1	-1.345671E1	2.685441E1	1.049927E3	2.286846E3	1.126153E2	7.827200E1
2.336000E0	4.672000E3	2.476983E1	-9.416919E0	2.649949E1	1.059184E3	2.315866E3	1.141456E2	7.423221E1
2.340000E0	4.680000E3	2.562750E1	-5.235311E0	2.615678E1	1.068454E3	2.301293E3	1.150033E2	7.005060E1
2.344000E0	4.688000E3	2.590554E1	-1.088166E0	2.592838E1	1.077595E3	2.355972E3	1.152813E2	6.590345E1
2.348000E0	4.696000E3	2.557328E1	3.276909E0	2.578238E1	1.087302E3	2.441257E3	1.149491E2	6.153838E1
2.352000E0	4.704000E3	2.457373E1	7.571490E0	2.571373E1	1.097125E3	2.423233E3	1.139495E2	5.724380E1
2.356000E0	4.712000E3	2.296949E1	1.154634E1	2.570827E1	1.106688E3	2.413648E3	1.123453E2	5.326895E1
2.360000E0	4.720000E3	2.082994E1	1.537621E1	2.589043E1	1.116434E3	2.437795E3	1.102057E2	4.943908E1
2.364000E0	4.728000E3	1.800028E1	1.876409E1	2.600195E1	1.126190E3	2.404720E3	1.073761E2	4.605119E1
2.368000E0	4.736000E3	1.483312E1	2.172149E1	2.630294E1	1.135672E3	2.370723E3	1.042089E2	4.309380E1
2.372000E0	4.744000E3	1.114568E1	2.407288E1	2.652791E1	1.145156E3	2.331319E3	1.005215E2	4.074240E1
2.376000E0	4.752000E3	7.226803E0	2.574854E1	2.674348E1	1.154322E3	2.303183E3	9.660260E1	3.906675E1
2.380000E0	4.760000E3	3.028138E0	2.691778E1	2.708757E1	1.163581E3	2.285115E3	9.240393E1	3.789751E1
2.384000E0	4.768000E3	-1.242818E0	2.733568E1	2.736392E1	1.172603E3	2.280545E3	8.813298E1	3.747961E1
2.388000E0	4.776000E3	-5.700263E0	2.722436E1	2.781472E1	1.181826E3	2.262192E3	8.367553E1	3.759093E1
2.392000E0	4.784000E3	-1.000041E1	2.646433E1	2.829079E1	1.190701E3	2.241481E3	7.937539E1	3.835096E1
2.396000E0	4.792000E3	-1.414466E1	2.474035E1	2.849836E1	1.199758E3	2.274234E3	7.523113E1	4.007493E1
2.400000E0	4.800000E3	-1.813484E1	2.247911E1	2.888223E1	1.208895E3	2.247491E3	7.124095E1	4.233618E1
2.404000E0	4.808000E3	-2.165804E1	1.968134E1	2.926476E1	1.217738E3	2.194044E3	6.771776E1	4.513394E1
2.408000E0	4.816000E3	-2.460989E1	1.632174E1	2.953043E1	1.226447E3	2.174530E3	6.476590E1	4.849355E1
2.412000E0	4.824000E3	-2.699135E1	1.250960E1	2.974933E1	1.235134E3	2.156361E3	6.238445E1	5.230569E1
2.416000E0	4.832000E3	-2.869792E1	8.393048E0	2.990007E1	1.243698E3	2.156799E3	6.067787E1	5.642224E1
2.420000E0	4.840000E3	-2.970413E1	3.969595E0	2.996820E1	1.252388E3	2.205009E3	5.967166E1	6.084569E1
2.424000E0	4.848000E3	-3.009769E1	-7.029260E-1	3.010589E1	1.261338E3	2.204152E3	5.927811E1	6.551821E1
2.428000E0	4.856000E3	-2.956988E1	-5.225374E0	3.002802E1	1.270021E3	2.194167E3	5.980592E1	7.004066E1
2.432000E0	4.864000E3	-2.849933E1	-9.752628E0	3.012185E1	1.278891E3	2.203606E3	6.087646E1	7.456791E1
2.436000E0	4.872000E3	-2.659178E1	-1.393158E1	3.002019E1	1.287650E3	2.241583E3	6.278401E1	7.874686E1
2.440000E0	4.880000E3	-2.407425E1	-1.802550E1	3.007471E1	1.296824E3	2.282837E3	6.530155E1	8.284078E1
2.444000E0	4.888000E3	-2.086240E1	-2.153808E1	2.998547E1	1.305913E3	2.247639E3	6.851340E1	8.635337E1
2.448000E0	4.896000E3	-1.718994E1	-2.437281E1	2.982496E1	1.314805E3	2.226465E3	7.218586E1	8.918810E1
2.452000E0	4.904000E3	-1.312669E1	-2.658869E1	2.965246E1	1.323725E3	2.219956E3	7.624911E1	9.140397E1
2.456000E0	4.912000E3	-8.801921E0	-2.802637E1	2.937603E1	1.332565E3	2.266862E3	8.057387E1	9.284165E1
2.460000E0	4.920000E3	-4.135466E0	-2.891113E1	2.920541E1	1.341860E3	2.295308E3	8.524033E1	9.372642E1
2.464000E0	4.928000E3	4.682322E-1	-2.893412E1	2.893791E1	1.350927E3	2.300483E3	8.984403E1	9.374941E1
2.468000E0	4.936000E3	5.096765E0	-2.814770E1	2.860542E1	1.360263E3	2.357939E3	9.447256E1	9.296299E1
2.472000E0	4.944000E3	9.567399E0	-2.658811E1	2.825709E1	1.369791E3	2.409894E3	9.894319E1	9.140340E1
2.476000E0	4.952000E3	1.368567E1	-2.414740E1	2.775598E1	1.379543E3	2.463061E3	1.030615E2	8.896269E1
2.480000E0	4.960000E3	1.733537E1	-2.103313E1	2.725633E1	1.389495E3	2.515741E3	1.067112E2	8.584842E1
2.484000E0	4.968000E3	2.042933E1	-1.734462E1	2.679913E1	1.399669E3	2.586609E3	1.098051E2	8.215991E1
2.488000E0	4.976000E3	2.291883E1	-1.313212E1	2.641449E1	1.410188E3	2.661645E3	1.122946E2	7.794741E1
2.492000E0	4.984000E3	2.463419E1	-8.500653E0	2.605963E1	1.420962E3	2.711223E3	1.140100E2	7.331594E1
2.496000E0	4.992000E3	2.544353E1	-3.631223E0	2.570134E1	1.431878E3	2.771373E3	1.148193E2	6.844651E1
2.500000E0	5.000000E3	2.545402E1	1.393106E0	2.549212E1	1.443133E3	2.822244E3	1.148298E2	6.342218E1
2.504000E0	5.008000E3	2.462110E1	6.347153E0	2.542606E1	1.454456E3	2.801771E3	1.139969E2	5.846813E1
2.508000E0	5.016000E3	2.299456E1	1.099093E1	2.548628E1	1.465547E3	2.768994E3	1.123704E2	5.382435E1
2.512000E0	5.024000E3	2.059187E1	1.529716E1	2.565206E1	1.476608E3	2.793603E3	1.099677E2	4.951813E1
2.516000E0	5.032000E3	1.736081E1	1.921068E1	2.589301E1	1.487896E3	2.793434E3	1.067366E2	4.560461E1
2.520000E0	5.040000E3	1.358738E1	2.257315E1	2.634700E1	1.498955E3	2.730260E3	1.029632E2	4.224213E1
2.524000E0	5.048000E3	9.244570E0	2.504202E1	2.669391E1	1.509738E3	2.656405E3	9.862037E1	3.977326E1
2.528000E0	5.056000E3	4.605203E0	2.667902E1	2.707357E1	1.520206E3	2.634088E3	9.398100E1	3.813627E1
2.532000E0	5.064000E3	-3.893299E-1	2.752182E1	2.752457E1	1.530810E3	2.617108E3	8.898647E1	3.729347E1
2.536000E0	5.072000E3	-5.415353E0	2.749242E1	2.802069E1	1.541143E3	2.568483E3	8.396044E1	3.732287E1
2.540000E0	5.080000E3	-1.038068E1	2.654519E1	2.850273E1	1.551358E3	2.555675E3	7.899512E1	3.827010E1
2.544000E0	5.088000E3	-1.516545E1	2.466203E1	2.895180E1	1.561589E3	2.559747E3	7.421035E1	4.015326E1
2.548000E0	5.096000E3	-1.959322E1	2.188590E1	2.937493E1	1.571836E3	2.510665E3	6.978258E1	4.292939E1
2.552000E0	5.104000E3	-2.330182E1	1.841986E1	2.970296E1	1.581674E3	2.453758E3	6.607398E1	4.639543E1
2.556000E0	5.112000E3	-2.643687E1	1.437415E1	3.009193E1	1.591466E3	2.439030E3	6.293892E1	5.044114E1
2.560000E0	5.120000E3	-2.872315E1	9.785871E0	3.034440E1	1.601186E3	2.449232E3	6.065265E1	5.502942E1
2.564000E0	5.128000E3	-3.004890E1	4.726904E0	3.041841E1	1.611060E3	2.449570E3	5.932690E1	6.008838E1
2.568000E0	5.136000E3	-3.047229E1	-4.163359E-1	3.047514E1	1.620783E3	2.450800E3	5.890350E1	6.523162E1
2.572000E0	5.144000E3	-3.001168E1	-5.652665E0	3.053938E1	1.630667E3	2.447007E3	5.936411E1	7.046795E1
2.576000E0	5.152000E3	-2.852929E1	-1.058661E1	3.043019E1	1.640359E3	2.442422E3	6.084651E1	7.540190E1
2.580000E0	5.160000E3	-2.618939E1	-1.524627E1	3.030400E1	1.650206E3	2.467151E3	6.318641E1	8.006155E1
2.584000E0	5.168000E3	-2.315794E1	-1.949806E1	3.027317E1	1.660096E3	2.476317E3	6.621785E1	8.431335E1
2.588000E0	5.176000E3	-1.936871E1	-2.309627E1	3.014273E1	1.670017E3	2.500157E3	7.000709E1	8.791155E1
2.592000E0	5.184000E3	-1.491688E1	-2.593842E1	2.992181E1	1.680097E3	2.548366E3	7.445891E1	9.075370E1
2.596000E0	5.192000E3	-9.920757E0	-2.786607E1	2.957937E1	1.690403E3	2.595970E3	7.945504E1	9.268135E1
2.600000E0	5.200000E3	-4.653099E0	-2.893723E1	2.930895E1	1.700865E3	2.593408E3	8.472270E1	9.375251E1
2.604000E0	5.208000E3	5.826094E-1	-2.900456E1	2.901041E1	1.711151E3	2.581549E3	8.995841E1	9.381985E1
2.608000E0	5.216000E3	5.713931E0	-2.804118E1	2.861742E1	1.721517E3	2.602134E3	9.508973E1	9.285647E1
2.612000E0	5.224000E3	1.049835E1	-2.602643E1	2.806404E1	1.731968E3	2.701600E3	9.987415E1	9.084172E1
2.616000E0	5.232000E3	1.503747E1	-2.304083E1	2.751373E1	1.743130E3	2.822081E3	1.044133E2	8.785612E1
2.620000E0	5.240000E3	1.897469E1	-1.927884E1	2.705019E1	1.754544E3	2.890863E3	1.083505E2	8.409413E1
2.624000E0	5.248000E3	2.210133E1	-1.476365E1	2.657883E1	1.766257E3	2.971832E3	1.114771E2	7.957894E1
2.628000E0	5.256000E3	2.428672E1	-9.655478E0	2.613566E1	1.778319E3	3.036337E3	1.136625E2	7.447076E1
2.632000E0	5.264000E3	2.545780E1	-4.238327E0	2.580820E1	1.790548E3	3.074926E3	1.148336E2	6.905361E1
2.636000E0	5.272000E3	2.548931E1	1.299490E0	2.552242E1	1.802919E3	3.113288E3	1.148651E2	6.351580E1
2.640000E0	5.280000E3	2.456812E1	6.792172E0	2.548973E1	1.815454E3	3.102715E3	1.139439E2	5.802311E1
2.644000E0	5.288000E3	2.254566E1	1.185694E1	2.547340E1	1.827740E3	3.087413E3	1.119215E2	5.295835E1
2.648000E0	5.296000E3	1.956406E1	1.650568E1	2.559668E1	1.840153E3	3.098505E3	1.089399E2	4.830960E1
2.652000E0	5.304000E3	1.577156E1	2.057491E1	2.592429E1	1.852528E3	3.072321E3	1.051474E2	4.424038E1
2.656000E0	5.312000E3	1.123270E1	2.379736E1	2.631516E1	1.864732E3	2.993288E3	1.006085E2	4.101793E1
2.660000E0	5.320000E3	6.254552E0	2.600126E1	2.674295E1	1.876475E3	2.941965E3	9.563035E1	3.881402E1
2.664000E0	5.328000E3	8.197178E-1	2.710443E1	2.711682E1	1.888268E3	2.918521E3	9.019551E1	3.771086E1
2.668000E0	5.336000E3	-4.708756E0	2.719639E1	2.760102E1	1.899823E3	2.834885E3	8.466704E1	3.761890E1
2.672000E0	5.344000E3	-1.010488E1	2.639734E1	2.826532E1	1.910947E3	2.781494E3	7.927091E1	3.841795E1
2.676000E0	5.352000E3	-1.523185E1	2.430548E1	2.868389E1	1.922075E3	2.789846E3	7.414394E1	4.050981E1
2.680000E0	5.360000E3	-2.002251E1	2.127296E1	2.921369E1	1.933266E3	2.747352E3	6.935329E1	4.354233E1
2.684000E0	5.368000E3	-2.392906E1	1.735135E1	2.955789E1	1.944054E3	2.696577E3	6.544674E1	4.746394E1
2.688000E0	5.376000E3	-2.696111E1	1.266499E1	2.978764E1	1.954838E3	2.702662E3	6.241468E1	5.215030E1
2.692000E0	5.384000E3	-2.899473E1	7.404235E0	2.992519E1	1.965675E3	2.718348E3	6.038107E1	5.741105E1
2.696000E0	5.392000E3	-2.994013E1	1.786650E0	2.999340E1	1.976585E3	2.734718E3	5.943566E1	6.302864E1
2.700000E0	5.400000E3	-2.972814E1	-3.941534E0	2.998830E1	1.987553E3	2.749735E3	5.964766E1	6.875682E1
2.704000E0	5.408000E3	-2.852665E1	-9.590779E0	3.009573E1	1.998583E3	2.727003E3	6.084914E1	7.440607E1
2.708000E0	5.416000E3	-2.625372E1	-1.477426E1	3.012535E1	2.009369E3	2.701256E3	6.312207E1	7.958954E1
2.712000E0	5.424000E3	-2.294672E1	-1.938661E1	3.003985E1	2.020193E3	2.749559E3	6.642908E1	8.420190E1
2.716000E0	5.432000E3	-1.862887E1	-2.330682E1	2.983694E1	2.031365E3	2.771998E3	7.074692E1	8.812211E1
2.720000E0	5.440000E3	-1.375174E1	-2.626990E1	2.965161E1	2.042369E3	2.776549E3	7.562406E1	9.108518E1
2.724000E0	5.448000E3	-8.288662E0	-2.812160E1	2.931767E1	2.053577E3	2.789661E3	8.108713E1	9.293688E1
2.728000E0	5.456000E3	-2.688602E0	-2.890647E1	2.903123E1	2.064686E3	2.831777E3	8.668719E1	9.372175E1
2.732000E0	5.464000E3	3.110756E0	-2.848834E1	2.865767E1	2.076232E3	2.867833E3	9.248655E1	9.330363E1
2.736000E0	5.472000E3	8.554563E0	-2.692036E1	2.824688E1	2.087629E3	2.880828E3	9.793036E1	9.173564E1
2.740000E0	5.480000E3	1.357672E1	-2.421493E1	2.776131E1	2.099278E3	2.975262E3	1.029525E2	8.903022E1
2.744000E0	5.488000E3	1.801730E1	-2.041438E1	2.722810E1	2.111431E3	3.090395E3	1.073931E2	8.522966E1
2.748000E0	5.496000E3	2.163480E1	-1.571777E1	2.674159E1	2.124001E3	3.178390E3	1.110106E2	8.053305E1
2.752000E0	5.504000E3	2.414217E1	-1.031840E1	2.625478E1	2.136858E3	3.231136E3	1.135180E2	7.513369E1
2.756000E0	5.512000E3	2.552213E1	-4.568921E0	2.592786E1	2.149851E3	3.301741E3	1.148979E2	6.938421E1
2.760000E0	5.520000E3	2.564787E1	1.466270E0	2.568975E1	2.163272E3	3.351709E3	1.150237E2	6.334902E1
2.764000E0	5.528000E3	2.451072E1	7.336879E0	2.558525E1	2.176664E3	3.341138E3	1.138865E2	5.747841E1
2.768000E0	5.536000E3	2.229529E1	1.287276E1	2.574466E1	2.190001E3	3.299896E3	1.116711E2	5.194253E1
2.772000E0	5.544000E3	1.896603E1	1.772537E1	2.595957E1	2.203063E3	3.251144E3	1.083418E2	4.708991E1
2.776000E0	5.552000E3	1.473737E1	2.185747E1	2.636170E1	2.216010E3	3.234797E3	1.041132E2	4.295781E1
2.780000E0	5.560000E3	9.584734E0	2.489340E1	2.667487E1	2.228942E3	3.200424E3	9.896053E1	3.992188E1
2.784000E0	5.568000E3	3.954821E0	2.682617E1	2.711612E1	2.241614E3	3.120629E3	9.333062E1	3.798911E1
2.788000E0	5.576000E3	-1.878837E0	2.751181E1	2.757589E1	2.253907E3	3.064889E3	8.749696E1	3.730348E1
2.792000E0	5.584000E3	-7.806027E0	2.698672E1	2.809300E1	2.266133E3	3.068822E3	8.156977E1	3.782857E1
2.796000E0	5.592000E3	-1.353098E1	2.496526E1	2.839633E1	2.278457E3	3.071204E3	7.584482E1	3.985003E1
2.800000E0	5.600000E3	-1.879898E1	2.185399E1	2.882705E1	2.290702E3	3.039014E3	7.057682E1	4.296129E1
2.804000E0	5.608000E3	-2.323482E1	1.765571E1	2.918186E1	2.302769E3	2.985998E3	6.614097E1	4.715958E1
2.808000E0	5.616000E3	-2.676752E1	1.271567E1	2.963425E1	2.314590E3	2.939519E3	6.260827E1	5.209961E1
2.812000E0	5.624000E3	-2.903865E1	7.086580E0	2.989085E1	2.326286E3	2.952787E3	6.033714E1	5.772871E1
2.816000E0	5.632000E3	-2.997805E1	9.354683E-1	2.999264E1	2.338213E3	2.965850E3	5.939775E1	6.387982E1
2.820000E0	5.640000E3	-2.967329E1	-5.238837E0	3.013220E1	2.350012E3	2.949107E3	5.970251E1	7.005412E1
2.824000E0	5.648000E3	-2.811306E1	-1.124756E1	3.027956E1	2.361806E3	2.911253E3	6.126274E1	7.606284E1
2.828000E0	5.656000E3	-2.525191E1	-1.658895E1	3.021344E1	2.373302E3	2.879747E3	6.412389E1	8.140423E1
2.832000E0	5.664000E3	-2.141318E1	-2.129651E1	3.020042E1	2.384843E3	2.893149E3	6.796262E1	8.611180E1
2.836000E0	5.672000E3	-1.665418E1	-2.511183E1	3.013247E1	2.396448E3	2.933672E3	7.272162E1	8.992712E1
2.840000E0	5.680000E3	-1.102212E1	-2.771547E1	2.982673E1	2.408313E3	2.974683E3	7.835368E1	9.253075E1
2.844000E0	5.688000E3	-4.984522E0	-2.899337E1	2.941872E1	2.420245E3	3.017289E3	8.439127E1	9.380866E1
2.848000E0	5.696000E3	1.245520E0	-2.909607E1	2.912272E1	2.432451E3	3.051737E3	9.062132E1	9.391136E1
2.852000E0	5.704000E3	7.258836E0	-2.774992E1	2.868360E1	2.444659E3	3.056169E3	9.663463E1	9.256521E1
2.856000E0	5.712000E3	1.272681E1	-2.508533E1	2.812909E1	2.456901E3	3.102634E3	1.021026E2	8.990062E1
2.860000E0	5.720000E3	1.749181E1	-2.123430E1	2.751107E1	2.469480E3	3.211075E3	1.068676E2	8.604959E1
2.864000E0	5.728000E3	2.139699E1	-1.636567E1	2.693820E1	2.482589E3	3.339540E3	1.107728E2	8.118096E1
2.868000E0	5.736000E3	2.417570E1	-1.066458E1	2.642343E1	2.496196E3	3.443836E3	1.135515E2	7.547986E1
2.872000E0	5.744000E3	2.563159E1	-4.455075E0	2.601588E1	2.510140E3	3.512331E3	1.150074E2	6.927036E1
2.876000E0	5.752000E3	2.568603E1	1.929107E0	2.575837E1	2.524295E3	3.510908E3	1.150618E2	6.288618E1
2.880000E0	5.760000E3	2.433983E1	8.015279E0	2.562562E1	2.538227E3	3.506122E3	1.137156E2	5.680001E1
2.884000E0	5.768000E3	2.167800E1	1.372758E1	2.565896E1	2.552344E3	3.545942E3	1.110538E2	5.108771E1
2.888000E0	5.776000E3	1.773401E1	1.874966E1	2.580784E1	2.566595E3	3.537253E3	1.071098E2	4.606563E1
2.892000E0	5.784000E3	1.282511E1	2.280000E1	2.615958E1	2.580642E3	3.494276E3	1.022009E2	4.201528E1
2.896000E0	5.792000E3	7.080177E0	2.561504E1	2.657554E1	2.594549E3	3.401478E3	9.645597E1	3.920025E1
2.900000E0	5.800000E3	1.014967E0	2.708410E1	2.710311E1	2.607854E3	3.318716E3	9.039076E1	3.773119E1
2.904000E0	5.808000E3	-5.302197E0	2.702914E1	2.754428E1	2.621099E3	3.300118E3	8.407360E1	3.778615E1
2.908000E0	5.816000E3	-1.152321E1	2.557484E1	2.805097E1	2.634255E3	3.278969E3	7.785259E1	3.924045E1
2.912000E0	5.824000E3	-1.736215E1	2.276609E1	2.863108E1	2.647330E3	3.241520E3	7.201365E1	4.204920E1
2.916000E0	5.832000E3	-2.240952E1	1.867954E1	2.917382E1	2.660187E3	3.184810E3	6.696628E1	4.613575E1
2.920000E0	5.840000E3	-2.641155E1	1.356857E1	2.969303E1	2.672809E3	3.122465E3	6.296425E1	5.124671E1
2.924000E0	5.848000E3	-2.909355E1	7.704945E0	3.009653E1	2.685167E3	3.058131E3	6.028224E1	5.711034E1
2.928000E0	5.856000E3	-3.029657E1	1.442621E0	3.033090E1	2.697274E3	3.032115E3	5.907922E1	6.337267E1
2.932000E0	5.864000E3	-3.013670E1	-5.001856E0	3.054896E1	2.709424E3	3.044231E3	5.923910E1	6.981714E1
2.936000E0	5.872000E3	-2.857186E1	-1.132837E1	3.073569E1	2.721628E3	3.049216E3	6.080394E1	7.614365E1
2.940000E0	5.880000E3	-2.549519E1	-1.707871E1	3.068692E1	2.733817E3	3.049501E3	6.388061E1	8.189400E1
2.944000E0	5.888000E3	-2.124858E1	-2.202176E1	3.060163E1	2.746024E3	3.055491E3	6.812722E1	8.683704E1
2.948000E0	5.896000E3	-1.601312E1	-2.588828E1	3.044048E1	2.758261E3	3.097780E3	7.336268E1	9.070357E1
2.952000E0	5.904000E3	-9.879303E0	-2.837895E1	3.004938E1	2.770806E3	3.137873E3	7.949649E1	9.319423E1
2.956000E0	5.912000E3	-3.419232E0	-2.939089E1	2.958911E1	2.783364E3	3.164331E3	8.595656E1	9.420618E1
2.960000E0	5.920000E3	3.090876E0	-2.882409E1	2.898934E1	2.796121E3	3.218476E3	9.246667E1	9.363938E1
2.964000E0	5.928000E3	9.254352E0	-2.670680E1	2.826476E1	2.809112E3	3.272984E3	9.863015E1	9.152209E1
2.968000E0	5.936000E3	1.478034E1	-2.337618E1	2.765690E1	2.822304E3	3.363976E3	1.041561E2	8.819146E1
2.972000E0	5.944000E3	1.938179E1	-1.870118E1	2.693303E1	2.836024E3	3.514038E3	1.087576E2	8.351647E1
2.976000E0	5.952000E3	2.286642E1	-1.298110E1	2.629415E1	2.850417E3	3.605248E3	1.122422E2	7.779638E1
2.980000E0	5.960000E3	2.485600E1	-6.722564E0	2.574905E1	2.864866E3	3.669336E3	1.142318E2	7.153785E1
2.984000E0	5.968000E3	2.537507E1	-1.012276E-1	2.537527E1	2.879771E3	3.754773E3	1.147509E2	6.491651E1
2.988000E0	5.976000E3	2.441187E1	6.497333E0	2.526173E1	2.894904E3	3.768794E3	1.137877E2	5.831795E1
2.992000E0	5.984000E3	2.201265E1	1.266897E1	2.539802E1	2.909922E3	3.722136E3	1.113884E2	5.214631E1
2.996000E0	5.992000E3	1.833085E1	1.812793E1	2.578064E1	2.924681E3	3.669986E3	1.077066E2	4.668736E1
3.000000E0	6.000000E3	1.335037E1	2.246822E1	2.613529E1	2.939282E3	3.627136E3	1.027262E2	4.234707E1
3.004000E0	6.008000E3	7.486639E0	2.559931E1	2.667161E1	2.953698E3	3.550896E3	9.686243E1	3.921597E1
3.008000E0	6.016000E3	1.099286E0	2.723748E1	2.725966E1	2.967689E3	3.465782E3	9.047508E1	3.757780E1
3.012000E0	6.024000E3	-5.530000E0	2.736547E1	2.791863E1	2.981424E3	3.414887E3	8.384580E1	3.744982E1
3.016000E0	6.032000E3	-1.208064E1	2.589765E1	2.857674E1	2.995008E3	3.376752E3	7.729516E1	3.891764E1
3.020000E0	6.040000E3	-1.797727E1	2.265042E1	2.891753E1	3.008438E3	3.336320E3	7.139852E1	4.216487E1
3.024000E0	6.048000E3	-2.298478E1	1.815326E1	2.928893E1	3.021698E3	3.331958E3	6.639102E1	4.666202E1
3.028000E0	6.056000E3	-2.680081E1	1.244386E1	2.954882E1	3.035094E3	3.299274E3	6.257499E1	5.237143E1
3.032000E0	6.064000E3	-2.928527E1	6.175275E0	2.992927E1	3.048093E3	3.222227E3	6.009053E1	5.864001E1
3.036000E0	6.072000E3	-3.026553E1	-4.606266E-1	3.026903E1	3.060872E3	3.201664E3	5.911027E1	6.527591E1
3.040000E0	6.080000E3	-2.954159E1	-7.204742E0	3.040746E1	3.073706E3	3.208211E3	5.983421E1	7.202003E1
3.044000E0	6.088000E3	-2.726065E1	-1.361402E1	3.047105E1	3.086538E3	3.209129E3	6.211514E1	7.842931E1
3.048000E0	6.096000E3	-2.342867E1	-1.923017E1	3.031010E1	3.099379E3	3.233853E3	6.594713E1	8.404546E1
3.052000E0	6.104000E3	-1.835906E1	-2.384700E1	3.009542E1	3.112408E3	3.266860E3	7.101674E1	8.866229E1
3.056000E0	6.112000E3	-1.238206E1	-2.718744E1	2.987427E1	3.125514E3	3.286711E3	7.699374E1	9.200273E1
3.060000E0	6.120000E3	-5.758926E0	-2.882623E1	2.939586E1	3.138702E3	3.334232E3	8.361687E1	9.364152E1
3.064000E0	6.128000E3	1.105653E0	-2.894195E1	2.896306E1	3.152188E3	3.394296E3	9.048145E1	9.375724E1
3.068000E0	6.136000E3	7.790929E0	-2.742926E1	2.851425E1	3.165857E3	3.416752E3	9.716672E1	9.224454E1
3.072000E0	6.144000E3	1.367060E1	-2.414128E1	2.774323E1	3.179522E3	3.485543E3	1.030464E2	8.895657E1
3.076000E0	6.152000E3	1.868535E1	-1.952521E1	2.702547E1	3.193741E3	3.646265E3	1.080611E2	8.434049E1
3.080000E0	6.160000E3	2.244685E1	-1.365224E1	2.627251E1	3.208692E3	3.804374E3	1.118227E2	7.846753E1
3.084000E0	6.168000E3	2.476382E1	-7.018726E0	2.573926E1	3.224176E3	3.870116E3	1.141396E2	7.183401E1
3.088000E0	6.176000E3	2.534886E1	-1.535934E-1	2.534933E1	3.239653E3	3.911781E3	1.147247E2	6.496888E1
3.092000E0	6.184000E3	2.430649E1	6.727129E0	2.522022E1	3.255470E3	3.974228E3	1.136823E2	5.808816E1
3.096000E0	6.192000E3	2.157576E1	1.319403E1	2.529023E1	3.271447E3	3.983359E3	1.109516E2	5.162126E1
3.100000E0	6.200000E3	1.741561E1	1.889757E1	2.569867E1	3.287337E3	3.899048E3	1.067914E2	4.591771E1
3.104000E0	6.208000E3	1.202275E1	2.323297E1	2.615946E1	3.302639E3	3.778983E3	1.013985E2	4.158231E1
3.108000E0	6.216000E3	5.786026E0	2.624827E1	2.687843E1	3.317569E3	3.731495E3	9.516182E1	3.856701E1
3.112000E0	6.224000E3	-1.197839E0	2.753417E1	2.756021E1	3.332491E3	3.676353E3	8.817796E1	3.728112E1
3.116000E0	6.232000E3	-8.250386E0	2.702009E1	2.825163E1	3.346980E3	3.584904E3	8.112541E1	3.779519E1
3.120000E0	6.240000E3	-1.493301E1	2.468626E1	2.885145E1	3.361170E3	3.506100E3	7.444278E1	4.012903E1
3.124000E0	6.248000E3	-2.076046E1	2.073984E1	2.934515E1	3.375028E3	3.465073E3	6.861534E1	4.407544E1
3.128000E0	6.256000E3	-2.548664E1	1.538009E1	2.976771E1	3.388891E3	3.430976E3	6.388915E1	4.943519E1
3.132000E0	6.264000E3	-2.874085E1	9.075042E0	3.013956E1	3.402476E3	3.398079E3	6.063495E1	5.574024E1
3.136000E0	6.272000E3	-3.033005E1	2.080747E0	3.040134E1	3.416075E3	3.406404E3	5.904575E1	6.273454E1
3.140000E0	6.280000E3	-3.025773E1	-5.186998E0	3.069910E1	3.429728E3	3.380291E3	5.911807E1	7.000228E1
3.144000E0	6.288000E3	-2.837678E1	-1.211413E1	3.085439E1	3.443118E3	3.341146E3	6.099902E1	7.692942E1
3.148000E0	6.296000E3	-2.482285E1	-1.833891E1	3.086243E1	3.456457E3	3.346142E3	6.455294E1	8.315420E1
3.152000E0	6.304000E3	-1.968408E1	-2.336476E1	3.055119E1	3.469887E3	3.367767E3	6.969172E1	8.818005E1
3.156000E0	6.312000E3	-1.351089E1	-2.697923E1	3.017322E1	3.483399E3	3.410518E3	7.586490E1	9.179451E1
3.160000E0	6.320000E3	-6.592760E0	-2.895046E1	2.969164E1	3.497171E3	3.464118E3	8.278304E1	9.376575E1
3.164000E0	6.328000E3	5.666334E-1	-2.919864E1	2.920413E1	3.511112E3	3.510378E3	8.994243E1	9.401392E1
3.168000E0	6.336000E3	7.500134E0	-2.750244E1	2.850678E1	3.525254E3	3.575828E3	9.687593E1	9.231773E1
3.172000E0	6.344000E3	1.374048E1	-2.407168E1	2.771726E1	3.539718E3	3.675221E3	1.031163E2	8.888697E1
3.176000E0	6.352000E3	1.894462E1	-1.917358E1	2.695412E1	3.554656E3	3.832799E3	1.083204E2	8.398886E1
3.180000E0	6.360000E3	2.294306E1	-1.304366E1	2.639169E1	3.570381E3	3.956563E3	1.123189E2	7.785895E1
3.184000E0	6.368000E3	2.521879E1	-6.143779E0	2.595638E1	3.586308E3	4.018992E3	1.145946E2	7.095907E1
3.188000E0	6.376000E3	2.558494E1	1.131693E0	2.560996E1	3.602533E3	4.049923E3	1.149607E2	6.368359E1
3.192000E0	6.384000E3	2.403770E1	8.139936E0	2.537853E1	3.618708E3	4.073373E3	1.134135E2	5.667535E1
3.196000E0	6.392000E3	2.076890E1	1.460729E1	2.539134E1	3.635120E3	4.112018E3	1.101447E2	5.020800E1
3.200000E0	6.400000E3	1.591349E1	2.008063E1	2.562169E1	3.651604E3	4.049473E3	1.052893E2	4.473466E1
3.204000E0	6.408000E3	9.958375E0	2.406002E1	2.603946E1	3.667515E3	3.930350E3	9.933417E1	4.075527E1
3.208000E0	6.416000E3	3.214501E0	2.635758E1	2.655287E1	3.683047E3	3.885671E3	9.259030E1	3.845771E1
3.212000E0	6.424000E3	-4.071642E0	2.691982E1	2.722600E1	3.698601E3	3.814373E3	8.530415E1	3.789546E1
3.216000E0	6.432000E3	-1.110338E1	2.546105E1	2.777679E1	3.713562E3	3.748270E3	7.827241E1	3.935424E1
3.220000E0	6.440000E3	-1.767273E1	2.214855E1	2.833520E1	3.728587E3	3.759155E3	7.170307E1	4.266673E1
3.224000E0	6.448000E3	-2.318678E1	1.707297E1	2.879432E1	3.743635E3	3.726507E3	6.618902E1	4.774232E1
3.228000E0	6.456000E3	-2.736154E1	1.083372E1	2.942827E1	3.758399E3	3.656432E3	6.201426E1	5.398157E1
3.232000E0	6.464000E3	-2.971189E1	3.707988E0	2.994237E1	3.772886E3	3.556306E3	5.966391E1	6.110730E1
3.236000E0	6.472000E3	-3.016049E1	-3.622856E0	3.037730E1	3.786850E3	3.491233E3	5.921530E1	6.843814E1
3.240000E0	6.480000E3	-2.864792E1	-1.089161E1	3.064850E1	3.800816E3	3.475451E3	6.072788E1	7.570690E1
3.244000E0	6.488000E3	-2.535526E1	-1.752613E1	3.082295E1	3.814653E3	3.455167E3	6.402054E1	8.234142E1
3.248000E0	6.496000E3	-2.035246E1	-2.296998E1	3.068946E1	3.828458E3	3.467340E3	6.902333E1	8.778527E1
3.252000E0	6.504000E3	-1.416805E1	-2.709158E1	3.057266E1	3.842392E3	3.489246E3	7.520775E1	9.190687E1
3.256000E0	6.512000E3	-7.074618E0	-2.917954E1	3.002492E1	3.856372E3	3.578272E3	8.230118E1	9.399483E1
3.260000E0	6.520000E3	5.239361E-1	-2.948493E1	2.948959E1	3.871018E3	3.649965E3	8.989973E1	9.430022E1
3.264000E0	6.528000E3	7.724459E0	-2.771957E1	2.877572E1	3.885571E3	3.680972E3	9.710026E1	9.253486E1
3.268000E0	6.536000E3	1.413676E1	-2.403226E1	2.788184E1	3.900466E3	3.806830E3	1.035126E2	8.884754E1
3.272000E0	6.544000E3	1.958022E1	-1.889130E1	2.720783E1	3.916026E3	3.944879E3	1.089560E2	8.370659E1
3.276000E0	6.552000E3	2.340349E1	-1.243086E1	2.649999E1	3.932025E3	4.073008E3	1.127793E2	7.724614E1
3.280000E0	6.560000E3	2.540699E1	-5.118350E0	2.591741E1	3.948610E3	4.186306E3	1.147828E2	6.993364E1
3.284000E0	6.568000E3	2.537577E1	2.450234E0	2.549379E1	3.965515E3	4.274036E3	1.147516E2	6.236505E1
3.288000E0	6.576000E3	2.343241E1	9.851159E0	2.541895E1	3.982802E3	4.309788E3	1.128082E2	5.496413E1
3.292000E0	6.584000E3	1.950949E1	1.636668E1	2.546543E1	3.999994E3	4.273942E3	1.088853E2	4.844861E1
3.296000E0	6.592000E3	1.410895E1	2.172072E1	2.590081E1	4.016994E3	4.190153E3	1.034847E2	4.309457E1
3.300000E0	6.600000E3	7.508392E0	2.537196E1	2.645964E1	4.033515E3	4.097644E3	9.688419E1	3.944332E1
3.304000E0	6.608000E3	1.065472E-1	2.712439E1	2.712460E1	4.049775E3	3.992145E3	8.948234E1	3.769090E1
3.308000E0	6.616000E3	-7.369780E0	2.666136E1	2.766120E1	4.065452E3	3.915350E3	8.200602E1	3.815392E1
3.312000E0	6.624000E3	-1.463487E1	2.426266E1	2.833472E1	4.081098E3	3.856824E3	7.474093E1	4.055262E1
3.316000E0	6.632000E3	-2.097845E1	2.004286E1	2.901398E1	4.096307E3	3.798237E3	6.839735E1	4.477243E1
3.320000E0	6.640000E3	-2.582822E1	1.403313E1	2.939431E1	4.111484E3	3.779975E3	6.354758E1	5.078215E1
3.324000E0	6.648000E3	-2.896107E1	6.928166E0	2.977823E1	4.126546E3	3.714461E3	6.041473E1	5.788712E1
3.328000E0	6.656000E3	-3.019999E1	-6.322383E-1	3.020661E1	4.141199E3	3.639054E3	5.917580E1	6.544752E1
3.332000E0	6.664000E3	-2.943485E1	-8.250917E0	3.056940E1	4.155659E3	3.609128E3	5.994095E1	7.306620E1
3.336000E0	6.672000E3	-2.659923E1	-1.540188E1	3.073658E1	4.170072E3	3.599527E3	6.277656E1	8.021717E1
3.340000E0	6.680000E3	-2.185386E1	-2.144202E1	3.061619E1	4.184455E3	3.612398E3	6.752193E1	8.625730E1
3.344000E0	6.688000E3	-1.562807E1	-2.598021E1	3.031844E1	4.198972E3	3.672851E3	7.374773E1	9.079550E1
3.348000E0	6.696000E3	-8.308854E0	-2.866985E1	2.984958E1	4.213838E3	3.703982E3	8.106694E1	9.348514E1
3.352000E0	6.704000E3	-7.125690E-1	-2.922704E1	2.923573E1	4.228603E3	3.770643E3	8.866323E1	9.404233E1
3.356000E0	6.712000E3	6.906624E0	-2.769489E1	2.854309E1	4.244003E3	3.897200E3	9.628242E1	9.251017E1
3.360000E0	6.720000E3	1.384931E1	-2.420089E1	2.788345E1	4.259781E3	3.949430E3	1.032251E2	8.901618E1
3.364000E0	6.728000E3	1.938270E1	-1.898201E1	2.712942E1	4.275598E3	4.063646E3	1.087585E2	8.379729E1
3.368000E0	6.736000E3	2.347289E1	-1.232870E1	2.651365E1	4.292290E3	4.229081E3	1.128487E2	7.714398E1
3.372000E0	6.744000E3	2.549427E1	-4.756830E0	2.593425E1	4.309431E3	4.349056E3	1.148701E2	6.957212E1
3.376000E0	6.752000E3	2.549752E1	3.168016E0	2.569358E1	4.327083E3	4.375428E3	1.148733E2	6.164727E1
3.380000E0	6.760000E3	2.328066E1	1.057747E1	2.557092E1	4.344434E3	4.363261E3	1.126565E2	5.423782E1
3.384000E0	6.768000E3	1.914625E1	1.723251E1	2.575923E1	4.361989E3	4.352014E3	1.085220E2	4.758278E1
3.388000E0	6.776000E3	1.345735E1	2.262030E1	2.632068E1	4.379251E3	4.260576E3	1.028332E2	4.219499E1
3.392000E0	6.784000E3	6.470291E0	2.609305E1	2.688331E1	4.396073E3	4.164918E3	9.584609E1	3.872223E1
3.396000E0	6.792000E3	-1.226398E0	2.732388E1	2.735139E1	4.412570E3	4.090666E3	8.814940E1	3.749140E1
3.400000E0	6.800000E3	-9.073095E0	2.665415E1	2.815608E1	4.428799E3	4.001232E3	8.030270E1	3.816113E1
3.404000E0	6.808000E3	-1.625215E1	2.357662E1	2.863546E1	4.444580E3	3.955295E3	7.312365E1	4.123866E1
3.408000E0	6.816000E3	-2.256096E1	1.863689E1	2.926312E1	4.460441E3	3.916115E3	6.681484E1	4.617840E1
3.412000E0	6.824000E3	-2.715113E1	1.214034E1	2.974175E1	4.475909E3	3.865906E3	6.222467E1	5.267495E1
3.416000E0	6.832000E3	-2.989491E1	4.538142E0	3.023740E1	4.491368E3	3.795569E3	5.948089E1	6.027714E1
3.420000E0	6.840000E3	-3.033139E1	-3.334287E0	3.051410E1	4.506273E3	3.737849E3	5.904441E1	6.814957E1
3.424000E0	6.848000E3	-2.865127E1	-1.115397E1	3.074583E1	4.521271E3	3.736164E3	6.072453E1	7.596926E1
3.428000E0	6.856000E3	-2.482297E1	-1.814277E1	3.074638E1	4.536163E3	3.722326E3	6.455283E1	8.295806E1
3.432000E0	6.864000E3	-1.920009E1	-2.375217E1	3.054193E1	4.551050E3	3.714417E3	7.017570E1	8.856746E1
3.436000E0	6.872000E3	-1.227786E1	-2.741912E1	3.004254E1	4.565878E3	3.762377E3	7.709794E1	9.223441E1
3.440000E0	6.880000E3	-4.520439E0	-2.902812E1	2.937799E1	4.581149E3	3.894758E3	8.485536E1	9.384341E1
3.444000E0	6.888000E3	3.517105E0	-2.849662E1	2.871284E1	4.597036E3	4.000393E3	9.289290E1	9.331191E1
3.448000E0	6.896000E3	1.093939E1	-2.558296E1	2.782369E1	4.613152E3	4.090282E3	1.003152E2	9.039824E1
3.452000E0	6.904000E3	1.738275E1	-2.089439E1	2.717969E1	4.629758E3	4.233411E3	1.067585E2	8.570968E1
3.456000E0	6.912000E3	2.224495E1	-1.443552E1	2.651834E1	4.647019E3	4.358521E3	1.116208E2	7.925080E1
3.460000E0	6.920000E3	2.517391E1	-6.921575E0	2.610812E1	4.664626E3	4.436545E3	1.145497E2	7.173686E1
3.464000E0	6.928000E3	2.585011E1	1.133809E0	2.587497E1	4.682511E3	4.452947E3	1.152259E2	6.368148E1
3.468000E0	6.936000E3	2.403705E1	8.867723E0	2.562062E1	4.700250E3	4.452089E3	1.134128E2	5.594756E1
3.472000E0	6.944000E3	2.032291E1	1.595132E1	2.583535E1	4.718128E3	4.470468E3	1.096987E2	4.886397E1
3.476000E0	6.952000E3	1.459836E1	2.165414E1	2.611540E1	4.736014E3	4.441446E3	1.039742E2	4.316115E1
3.480000E0	6.960000E3	7.490485E0	2.554876E1	2.662417E1	4.753660E3	4.337307E3	9.686628E1	3.926653E1
3.484000E0	6.968000E3	-3.388065E-1	2.725639E1	2.725850E1	4.770712E3	4.242384E3	8.903699E1	3.755889E1
3.488000E0	6.976000E3	-8.475797E0	2.672107E1	2.803310E1	4.787599E3	4.174549E3	8.090000E1	3.809422E1
3.492000E0	6.984000E3	-1.608850E1	2.375497E1	2.869038E1	4.804109E3	4.087563E3	7.328730E1	4.106032E1
3.496000E0	6.992000E3	-2.240461E1	1.860114E1	2.911991E1	4.820299E3	4.039834E3	6.697118E1	4.621415E1
3.500000E0	7.000000E3	-2.719235E1	1.186466E1	2.966806E1	4.836427E3	3.999977E3	6.218345E1	5.295063E1
3.504000E0	7.008000E3	-2.988654E1	4.041295E0	3.015854E1	4.852299E3	3.933627E3	5.948926E1	6.077399E1
3.508000E0	7.016000E3	-3.019791E1	-4.188288E0	3.048697E1	4.867896E3	3.878688E3	5.917789E1	6.900357E1
3.512000E0	7.024000E3	-2.836042E1	-1.223072E1	3.088533E1	4.883329E3	3.813092E3	6.101538E1	7.704600E1
3.516000E0	7.032000E3	-2.427224E1	-1.923862E1	3.097202E1	4.898401E3	3.772619E3	6.510356E1	8.405390E1
3.520000E0	7.040000E3	-1.829702E1	-2.473563E1	3.076739E1	4.913510E3	3.787527E3	7.107877E1	8.955092E1
3.524000E0	7.048000E3	-1.094903E1	-2.808455E1	3.014337E1	4.928701E3	3.906487E3	7.842677E1	9.289983E1
3.528000E0	7.056000E3	-2.687235E0	-2.930927E1	2.943220E1	4.944761E3	4.047139E3	8.668856E1	9.412456E1
3.532000E0	7.064000E3	5.508008E0	-2.813091E1	2.866507E1	4.961078E3	4.137101E3	9.488380E1	9.294619E1
3.536000E0	7.072000E3	1.299629E1	-2.458902E1	2.781229E1	4.977858E3	4.279676E3	1.023721E2	8.940431E1
3.540000E0	7.080000E3	1.926044E1	-1.904933E1	2.708951E1	4.995316E3	4.415834E3	1.086362E2	8.386462E1
3.544000E0	7.088000E3	2.363044E1	-1.194440E1	2.647766E1	5.013185E3	4.490034E3	1.130062E2	7.675968E1
3.548000E0	7.096000E3	2.574278E1	-3.968637E0	2.604689E1	5.031236E3	4.563439E3	1.151186E2	6.878392E1
3.552000E0	7.104000E3	2.529074E1	4.319592E0	2.565697E1	5.049692E3	4.671257E3	1.146665E2	6.049570E1
3.556000E0	7.112000E3	2.262204E1	1.233704E1	2.576741E1	5.068606E3	4.672915E3	1.119978E2	5.247825E1
3.560000E0	7.120000E3	1.779423E1	1.913263E1	2.612837E1	5.087076E3	4.563347E3	1.071700E2	4.568266E1
3.564000E0	7.128000E3	1.113645E1	2.400548E1	2.646287E1	5.105113E3	4.449650E3	1.005122E2	4.080981E1
3.568000E0	7.136000E3	3.442573E0	2.677324E1	2.699366E1	5.122673E3	4.362262E3	9.281837E1	3.804205E1
3.572000E0	7.144000E3	-4.802727E0	2.720730E1	2.762795E1	5.140011E3	4.285662E3	8.457307E1	3.760798E1
3.576000E0	7.152000E3	-1.282631E1	2.521846E1	2.829284E1	5.156958E3	4.219792E3	7.654948E1	3.959683E1
3.580000E0	7.160000E3	-2.000811E1	2.088669E1	2.892367E1	5.173769E3	4.200522E3	6.936768E1	4.392859E1
3.584000E0	7.168000E3	-2.555205E1	1.441992E1	2.934010E1	5.190562E3	4.148149E3	6.382375E1	5.039536E1
3.588000E0	7.176000E3	-2.902818E1	6.726000E0	2.979722E1	5.206954E3	4.060432E3	6.034761E1	5.808929E1
3.592000E0	7.184000E3	-3.013942E1	-1.603744E0	3.018206E1	5.223046E3	4.022757E3	5.923638E1	6.641903E1
3.596000E0	7.192000E3	-2.887536E1	-1.001959E1	3.056433E1	5.239136E3	3.974111E3	6.050044E1	7.483488E1
3.600000E0	7.200000E3	-2.523947E1	-1.756723E1	3.075123E1	5.254839E3	3.896856E3	6.413633E1	8.238251E1
3.604000E0	7.208000E3	-1.955389E1	-2.356227E1	3.061920E1	5.270311E3	3.895607E3	6.982191E1	8.837756E1
3.608000E0	7.216000E3	-1.225168E1	-2.752240E1	3.012617E1	5.286004E3	3.971618E3	7.712412E1	9.233769E1
3.612000E0	7.224000E3	-4.037400E0	-2.903749E1	2.931683E1	5.302084E3	4.135137E3	8.533840E1	9.385278E1
3.616000E0	7.232000E3	4.518704E0	-2.825945E1	2.861844E1	5.319085E3	4.274750E3	9.389450E1	9.307474E1
3.620000E0	7.240000E3	1.230438E1	-2.491540E1	2.778804E1	5.336282E3	4.395580E3	1.016802E2	8.973069E1
3.624000E0	7.248000E3	1.891961E1	-1.942195E1	2.711390E1	5.354249E3	4.574195E3	1.082954E2	8.423724E1
3.628000E0	7.256000E3	2.367962E1	-1.213007E1	2.660570E1	5.372876E3	4.634791E3	1.130554E2	7.694536E1
3.632000E0	7.264000E3	2.597754E1	-3.962276E0	2.627798E1	5.391328E3	4.678275E3	1.153533E2	6.877756E1
3.636000E0	7.272000E3	2.574250E1	4.679157E0	2.616430E1	5.410302E3	4.709685E3	1.151183E2	6.013613E1
3.640000E0	7.280000E3	2.288577E1	1.268849E1	2.616785E1	5.429005E3	4.647973E3	1.122616E2	5.212679E1
3.644000E0	7.288000E3	1.793459E1	1.956246E1	2.653939E1	5.447486E3	4.580057E3	1.073104E2	4.525283E1
3.648000E0	7.296000E3	1.112160E1	2.456943E1	2.696937E1	5.465646E3	4.505740E3	1.004974E2	4.024586E1
3.652000E0	7.304000E3	3.090571E0	2.725993E1	2.743456E1	5.483532E3	4.462461E3	9.246637E1	3.755536E1
3.656000E0	7.312000E3	-5.490633E0	2.736529E1	2.791068E1	5.501345E3	4.446832E3	8.388516E1	3.745000E1
3.660000E0	7.320000E3	-1.382235E1	2.482732E1	2.841572E1	5.519106E3	4.422603E3	7.555345E1	3.998797E1
3.664000E0	7.328000E3	-2.099468E1	1.976632E1	2.883546E1	5.536726E3	4.388276E3	6.838111E1	4.504897E1
3.668000E0	7.336000E3	-2.635404E1	1.273288E1	2.926878E1	5.554213E3	4.309166E3	6.302176E1	5.208241E1
3.672000E0	7.344000E3	-2.949117E1	4.565757E0	2.984251E1	5.571199E3	4.214479E3	5.988463E1	6.024953E1
3.676000E0	7.352000E3	-2.999981E1	-4.178007E0	3.028935E1	5.587928E3	4.142386E3	5.937598E1	6.899329E1
3.680000E0	7.360000E3	-2.788351E1	-1.261248E1	3.060335E1	5.604339E3	4.050244E3	6.149229E1	7.742777E1
3.684000E0	7.368000E3	-2.332883E1	-1.980558E1	3.060221E1	5.620330E3	4.004065E3	6.604697E1	8.462087E1
3.688000E0	7.376000E3	-1.678984E1	-2.524308E1	3.031685E1	5.636371E3	4.074235E3	7.258596E1	9.005836E1
3.692000E0	7.384000E3	-8.729078E0	-2.841718E1	2.972764E1	5.652924E3	4.178163E3	8.064672E1	9.323246E1
3.696000E0	7.392000E3	-1.030790E-1	-2.900454E1	2.900473E1	5.669796E3	4.308275E3	8.927272E1	9.381983E1
3.700000E0	7.400000E3	8.456465E0	-2.700032E1	2.829362E1	5.687390E3	4.442491E3	9.783226E1	9.181561E1
3.704000E0	7.408000E3	1.597283E1	-2.252894E1	2.761674E1	5.705336E3	4.607702E3	1.053486E2	8.734423E1
3.708000E0	7.416000E3	2.196098E1	-1.580841E1	2.705902E1	5.724252E3	4.774477E3	1.113368E2	8.062370E1
3.712000E0	7.424000E3	2.560184E1	-7.567998E0	2.669698E1	5.743532E3	4.819120E3	1.149776E2	7.238328E1
3.716000E0	7.432000E3	2.647105E1	1.296996E0	2.650280E1	5.762805E3	4.795555E3	1.158468E2	6.351829E1
3.720000E0	7.440000E3	2.476934E1	9.955488E0	2.669517E1	5.781897E3	4.724554E3	1.141451E2	5.485980E1
3.724000E0	7.448000E3	2.038153E1	1.747001E1	2.684414E1	5.800601E3	4.660928E3	1.097573E2	4.734528E1
3.728000E0	7.456000E3	1.394357E1	2.337570E1	2.721850E1	5.819184E3	4.588329E3	1.033194E2	4.143958E1
3.732000E0	7.464000E3	6.084045E0	2.701492E1	2.769154E1	5.837308E3	4.545982E3	9.545984E1	3.780037E1
3.736000E0	7.472000E3	-2.705751E0	2.783624E1	2.796744E1	5.855552E3	4.552058E3	8.667004E1	3.697904E1
3.740000E0	7.480000E3	-1.136073E1	2.585031E1	2.823658E1	5.873725E3	4.564884E3	7.801507E1	3.896498E1
3.744000E0	7.488000E3	-1.925743E1	2.133438E1	2.874029E1	5.892071E3	4.534048E3	7.011836E1	4.348091E1
3.748000E0	7.496000E3	-2.543345E1	1.468579E1	2.936891E1	5.909997E3	4.411844E3	6.394235E1	5.012949E1
3.752000E0	7.504000E3	-2.920162E1	6.545710E0	2.992626E1	5.927366E3	4.295958E3	6.017417E1	5.826958E1
3.756000E0	7.512000E3	-3.034650E1	-2.316199E0	3.043477E1	5.944365E3	4.228997E3	5.902929E1	6.713149E1
3.760000E0	7.520000E3	-2.868648E1	-1.112539E1	3.076830E1	5.961198E3	4.167618E3	6.068932E1	7.594068E1
3.764000E0	7.528000E3	-2.440677E1	-1.886749E1	3.084919E1	5.977706E3	4.132546E3	6.496903E1	8.368278E1
3.768000E0	7.536000E3	-1.792170E1	-2.490215E1	3.068068E1	5.994258E3	4.172845E3	7.145410E1	8.971744E1
3.772000E0	7.544000E3	-9.764712E0	-2.850147E1	3.012778E1	6.011088E3	4.237637E3	7.961108E1	9.331675E1
3.776000E0	7.552000E3	-9.399420E-1	-2.924462E1	2.925972E1	6.028159E3	4.370583E3	8.843585E1	9.405991E1
3.780000E0	7.560000E3	7.860414E0	-2.731711E1	2.842553E1	6.046053E3	4.521334E3	9.723621E1	9.213240E1
3.784000E0	7.568000E3	1.549423E1	-2.268835E1	2.747421E1	6.064330E3	4.725277E3	1.048700E2	8.750364E1
3.788000E0	7.576000E3	2.151777E1	-1.571679E1	2.664642E1	6.083855E3	4.935355E3	1.108936E2	8.053208E1
3.792000E0	7.584000E3	2.521132E1	-7.318544E0	2.625208E1	6.103813E3	4.978635E3	1.145871E2	7.213383E1
3.796000E0	7.592000E3	2.617522E1	1.685477E0	2.622943E1	6.123684E3	4.943380E3	1.155510E2	6.312981E1
3.800000E0	7.600000E3	2.423078E1	1.046535E1	2.639420E1	6.143360E3	4.893342E3	1.136066E2	5.434994E1
3.804000E0	7.608000E3	1.964466E1	1.821094E1	2.678714E1	6.162831E3	4.810387E3	1.090205E2	4.660435E1
3.808000E0	7.616000E3	1.286348E1	2.403333E1	2.725931E1	6.181843E3	4.729185E3	1.022393E2	4.078196E1
3.812000E0	7.624000E3	4.477793E0	2.723850E1	2.760411E1	6.200665E3	4.680719E3	9.385359E1	3.757678E1
3.816000E0	7.632000E3	-4.542519E0	2.777444E1	2.814345E1	6.219289E3	4.642955E3	8.483328E1	3.704085E1
3.820000E0	7.640000E3	-1.332231E1	2.525927E1	2.855722E1	6.237808E3	4.599820E3	7.605349E1	3.955601E1
3.824000E0	7.648000E3	-2.102967E1	2.024645E1	2.919188E1	6.256087E3	4.543436E3	6.834612E1	4.456884E1
3.828000E0	7.656000E3	-2.669200E1	1.292891E1	2.965838E1	6.274156E3	4.483215E3	6.268380E1	5.188637E1
3.832000E0	7.664000E3	-2.983394E1	4.217956E0	3.013063E1	6.291953E3	4.396830E3	5.954186E1	6.059733E1
3.836000E0	7.672000E3	-3.002989E1	-4.933887E0	3.043251E1	6.309330E3	4.305950E3	5.934590E1	6.974917E1
3.840000E0	7.680000E3	-2.752810E1	-1.366530E1	3.073332E1	6.326400E3	4.214956E3	6.184770E1	7.848059E1
3.844000E0	7.688000E3	-2.241560E1	-2.093944E1	3.067441E1	6.343050E3	4.198523E3	6.696019E1	8.575473E1
3.848000E0	7.696000E3	-1.522056E1	-2.635065E1	3.043061E1	6.359989E3	4.242529E3	7.415523E1	9.116594E1
3.852000E0	7.704000E3	-6.687103E0	-2.894237E1	2.970485E1	6.376990E3	4.353812E3	8.268869E1	9.375766E1
3.856000E0	7.712000E3	2.420657E0	-2.871222E1	2.881408E1	6.394819E3	4.545227E3	9.179645E1	9.352751E1
3.860000E0	7.720000E3	1.096557E1	-2.539832E1	2.766439E1	6.413352E3	4.770959E3	1.003414E2	9.021360E1
3.864000E0	7.728000E3	1.830516E1	-1.963899E1	2.684714E1	6.432987E3	5.012770E3	1.076810E2	8.445428E1
3.868000E0	7.736000E3	2.347838E1	-1.172936E1	2.624524E1	6.453454E3	5.119798E3	1.128542E2	7.654465E1
3.872000E0	7.744000E3	2.596290E1	-2.753952E0	2.610855E1	6.473945E3	5.137901E3	1.153387E2	6.756924E1
3.876000E0	7.752000E3	2.558356E1	6.643692E0	2.643213E1	6.494557E3	5.021453E3	1.149594E2	5.817159E1
3.880000E0	7.760000E3	2.222430E1	1.505646E1	2.684430E1	6.514117E3	4.833157E3	1.116001E2	4.975882E1
3.884000E0	7.768000E3	1.631453E1	2.182604E1	2.724959E1	6.533223E3	4.762292E3	1.056903E2	4.298924E1
3.888000E0	7.776000E3	8.442506E0	2.631913E1	2.764006E1	6.552215E3	4.742872E3	9.781830E1	3.849615E1
3.892000E0	7.784000E3	-5.705987E-1	2.804443E1	2.805024E1	6.571166E3	4.697768E3	8.880520E1	3.677085E1
3.896000E0	7.792000E3	-9.585421E0	2.662858E1	2.830126E1	6.589797E3	4.688127E3	7.979037E1	3.818671E1
3.900000E0	7.800000E3	-1.791805E1	2.238891E1	2.867612E1	6.608671E3	4.700008E3	7.145774E1	4.242637E1
3.904000E0	7.808000E3	-2.449362E1	1.566595E1	2.907506E1	6.627397E3	4.654982E3	6.488218E1	4.914933E1
3.908000E0	7.816000E3	-2.870398E1	7.204367E0	2.959428E1	6.645910E3	4.573926E3	6.067181E1	5.761092E1
3.912000E0	7.824000E3	-2.994613E1	-2.088102E0	3.001885E1	6.663989E3	4.474537E3	5.942966E1	6.690339E1
3.916000E0	7.832000E3	-2.821902E1	-1.123357E1	3.037279E1	6.681707E3	4.376706E3	6.115677E1	7.604886E1
3.920000E0	7.840000E3	-2.385023E1	-1.931516E1	3.069053E1	6.699002E3	4.305891E3	6.552556E1	8.413044E1
3.924000E0	7.848000E3	-1.699953E1	-2.534945E1	3.052178E1	6.716154E3	4.328174E3	7.237626E1	9.016474E1
3.928000E0	7.856000E3	-8.423965E0	-2.867343E1	2.988526E1	6.733628E3	4.368750E3	8.095183E1	9.348871E1
3.932000E0	7.864000E3	5.587828E-1	-2.899916E1	2.900454E1	6.751104E3	4.490326E3	8.993458E1	9.381444E1
3.936000E0	7.872000E3	9.345131E0	-2.631632E1	2.792633E1	6.769550E3	4.766532E3	9.872093E1	9.113160E1
3.940000E0	7.880000E3	1.699934E1	-2.081642E1	2.687566E1	6.789236E3	5.085388E3	1.063751E2	8.563171E1
3.944000E0	7.888000E3	2.263273E1	-1.294434E1	2.607291E1	6.810233E3	5.231592E3	1.120085E2	7.775963E1
3.948000E0	7.896000E3	2.548467E1	-3.995857E0	2.579603E1	6.831089E3	5.245142E3	1.148605E2	6.881114E1
3.952000E0	7.904000E3	2.531574E1	5.470953E0	2.590015E1	6.852195E3	5.215212E3	1.146915E2	5.934433E1
3.956000E0	7.912000E3	2.225751E1	1.434980E1	2.648232E1	6.872811E3	5.053756E3	1.116333E2	5.046549E1
3.960000E0	7.920000E3	1.651089E1	2.161461E1	2.719928E1	6.892625E3	4.888827E3	1.058867E2	4.320068E1
3.964000E0	7.928000E3	8.590421E0	2.631538E1	2.768203E1	6.911921E3	4.800922E3	9.796622E1	3.849990E1
3.968000E0	7.936000E3	-5.066799E-1	2.812721E1	2.813178E1	6.931032E3	4.739817E3	8.886912E1	3.668807E1
3.972000E0	7.944000E3	-9.589201E0	2.657720E1	2.825421E1	6.949840E3	4.744966E3	7.978660E1	3.823809E1
3.976000E0	7.952000E3	-1.795837E1	2.218328E1	2.854122E1	6.968992E3	4.775379E3	7.141743E1	4.263200E1
3.980000E0	7.960000E3	-2.441653E1	1.523181E1	2.877803E1	6.988043E3	4.745715E3	6.495927E1	4.958347E1
3.984000E0	7.968000E3	-2.839108E1	6.576804E0	2.914288E1	7.006957E3	4.707959E3	6.098472E1	5.823848E1
3.988000E0	7.976000E3	-2.937564E1	-2.935410E0	2.952194E1	7.025706E3	4.650537E3	6.000015E1	6.775070E1
3.992000E0	7.984000E3	-2.744190E1	-1.231087E1	3.007683E1	7.044162E3	4.522694E3	6.193389E1	7.712615E1
3.996000E0	7.992000E3	-2.265129E1	-2.031527E1	3.042681E1	7.061888E3	4.373862E3	6.672451E1	8.513055E1
4.000000E0	8.000000E3	-1.558322E1	-2.609204E1	3.039130E1	7.079153E3	4.328695E3	7.379258E1	9.090733E1
4.004000E0	8.008000E3	-6.963162E0	-2.904284E1	2.986591E1	7.096518E3	4.405982E3	8.241263E1	9.385813E1
4.008000E0	8.016000E3	2.223251E0	-2.889039E1	2.897580E1	7.114401E3	4.547580E3	9.159905E1	9.370567E1
4.012000E0	8.024000E3	1.083651E1	-2.565586E1	2.785055E1	7.132898E3	4.795571E3	1.002123E2	9.047115E1
4.016000E0	8.032000E3	1.788414E1	-1.933675E1	2.633918E1	7.152765E3	5.165852E3	1.072599E2	8.415204E1
4.020000E0	8.040000E3	2.290001E1	-1.105797E1	2.543008E1	7.174225E3	5.448121E3	1.122758E2	7.587326E1
4.024000E0	8.048000E3	2.496553E1	-1.592555E0	2.501627E1	7.196350E3	5.544421E3	1.143413E2	6.640784E1
4.028000E0	8.056000E3	2.400056E1	8.067932E0	2.532032E1	7.218580E3	5.402577E3	1.133764E2	5.674736E1
4.032000E0	8.064000E3	1.999580E1	1.652472E1	2.594029E1	7.239571E3	5.126637E3	1.093716E2	4.829057E1
4.036000E0	8.072000E3	1.358605E1	2.315082E1	2.684290E1	7.259593E3	4.914780E3	1.029618E2	4.166446E1
4.040000E0	8.080000E3	5.283444E0	2.690232E1	2.741623E1	7.278889E3	4.791950E3	9.465924E1	3.791297E1
4.044000E0	8.088000E3	-3.834091E0	2.752818E1	2.779390E1	7.297929E3	4.774673E3	8.554171E1	3.728710E1
4.048000E0	8.096000E3	-1.272039E1	2.487252E1	2.793654E1	7.317086E3	4.842804E3	7.665540E1	3.994277E1
4.052000E0	8.104000E3	-2.034666E1	1.919284E1	2.797055E1	7.336672E3	4.909579E3	6.902913E1	4.562245E1
4.056000E0	8.112000E3	-2.589384E1	1.133271E1	2.826520E1	7.356363E3	4.893244E3	6.348195E1	5.348257E1
4.060000E0	8.120000E3	-2.834707E1	2.072993E0	2.842277E1	7.375817E3	4.874378E3	6.102873E1	6.274229E1
4.064000E0	8.128000E3	-2.782382E1	-7.641981E0	2.885420E1	7.395358E3	4.790662E3	6.155197E1	7.245727E1
4.068000E0	8.136000E3	-2.421848E1	-1.642352E1	2.926203E1	7.414143E3	4.611555E3	6.515732E1	8.123880E1
4.072000E0	8.144000E3	-1.816445E1	-2.346003E1	2.967019E1	7.432250E3	4.453191E3	7.121134E1	8.827531E1
4.076000E0	8.152000E3	-1.027880E1	-2.788932E1	2.972318E1	7.449768E3	4.388448E3	7.909700E1	9.270460E1
4.080000E0	8.160000E3	-1.352464E0	-2.930892E1	2.934010E1	7.467358E3	4.434207E3	8.802333E1	9.412420E1
4.084000E0	8.168000E3	7.453052E0	-2.735264E1	2.834987E1	7.485242E3	4.617660E3	9.682885E1	9.216793E1
4.088000E0	8.176000E3	1.523919E1	-2.234046E1	2.704310E1	7.504299E3	4.968671E3	1.046150E2	8.715575E1
4.092000E0	8.184000E3	2.099959E1	-1.470882E1	2.563849E1	7.524991E3	5.376539E3	1.103754E2	7.952411E1
4.096000E0	8.192000E3	2.404338E1	-5.413320E0	2.464524E1	7.547312E3	5.660770E3	1.134192E2	7.022861E1
4.100000E0	8.200000E3	2.392907E1	4.338927E0	2.431927E1	7.570277E3	5.741557E3	1.133049E2	6.047636E1
4.104000E0	8.208000E3	2.082817E1	1.365243E1	2.490384E1	7.593244E3	5.584443E3	1.102040E2	5.116286E1
4.108000E0	8.216000E3	1.480375E1	2.110508E1	2.577936E1	7.614953E3	5.274674E3	1.041795E2	4.371021E1
4.112000E0	8.224000E3	6.727301E0	2.590321E1	2.676253E1	7.635441E3	4.992123E3	9.610310E1	3.891208E1
4.116000E0	8.232000E3	-2.359086E0	2.757416E1	2.767489E1	7.654890E3	4.786018E3	8.701671E1	3.724113E1
4.120000E0	8.240000E3	-1.137313E1	2.587247E1	2.826186E1	7.673730E3	4.729905E3	7.800267E1	3.894282E1
4.124000E0	8.248000E3	-1.935686E1	2.095537E1	2.852745E1	7.692729E3	4.790743E3	7.001894E1	4.385992E1
4.128000E0	8.256000E3	-2.530465E1	1.342331E1	2.864456E1	7.712055E3	4.844868E3	6.407115E1	5.139198E1
4.132000E0	8.264000E3	-2.850748E1	4.266488E0	2.882498E1	7.731488E3	4.851332E3	6.086832E1	6.054880E1
4.136000E0	8.272000E3	-2.848790E1	-5.468444E0	2.900800E1	7.750866E3	4.823286E3	6.088790E1	7.028373E1
4.140000E0	8.280000E3	-2.533609E1	-1.467173E1	2.927759E1	7.770074E3	4.747114E3	6.403970E1	7.948702E1
4.144000E0	8.288000E3	-1.938396E1	-2.217572E1	2.945336E1	7.788843E3	4.631073E3	6.999183E1	8.699100E1
4.148000E0	8.296000E3	-1.145912E1	-2.715801E1	2.947658E1	7.807123E3	4.554275E3	7.791667E1	9.197329E1
4.152000E0	8.304000E3	-2.396789E0	-2.901161E1	2.911045E1	7.825277E3	4.564672E3	8.697901E1	9.382690E1
4.156000E0	8.312000E3	6.674555E0	-2.750440E1	2.830268E1	7.843640E3	4.694018E3	9.605035E1	9.231968E1
4.160000E0	8.320000E3	1.460405E1	-2.263553E1	2.693781E1	7.862829E3	4.989224E3	1.039798E2	8.745082E1
4.164000E0	8.328000E3	2.049607E1	-1.513631E1	2.547934E1	7.883554E3	5.395316E3	1.098719E2	7.995159E1
4.168000E0	8.336000E3	2.369409E1	-5.911151E0	2.442031E1	7.905992E3	5.734683E3	1.130699E2	7.072644E1
4.172000E0	8.344000E3	2.352565E1	3.908009E0	2.384804E1	7.929432E3	5.869894E3	1.129014E2	6.090728E1
4.176000E0	8.352000E3	2.022951E1	1.311265E1	2.410757E1	7.952951E3	5.770978E3	1.096053E2	5.170264E1
4.180000E0	8.360000E3	1.413602E1	2.064475E1	2.502064E1	7.975599E3	5.478095E3	1.035118E2	4.417054E1
4.184000E0	8.368000E3	6.032817E0	2.567232E1	2.637163E1	7.996776E3	5.125614E3	9.540861E1	3.914297E1
4.188000E0	8.376000E3	-3.159195E0	2.728575E1	2.746803E1	8.016604E3	4.880257E3	8.621660E1	3.752954E1
4.192000E0	8.384000E3	-1.236141E1	2.555046E1	2.838363E1	8.035818E3	4.788569E3	7.701438E1	3.926483E1
4.196000E0	8.392000E3	-2.040935E1	2.047146E1	2.890713E1	8.054913E3	4.798495E3	6.896645E1	4.434383E1
4.200000E0	8.400000E3	-2.621330E1	1.266871E1	2.911414E1	8.074206E3	4.851120E3	6.316249E1	5.214658E1
4.204000E0	8.408000E3	-2.917611E1	3.209776E0	2.935214E1	8.093722E3	4.870926E3	6.019968E1	6.160551E1
4.208000E0	8.416000E3	-2.875148E1	-6.729441E0	2.952851E1	8.113173E3	4.852807E3	6.062431E1	7.154473E1
4.212000E0	8.424000E3	-2.489164E1	-1.588484E1	2.952832E1	8.132544E3	4.816424E3	6.448416E1	8.070012E1
4.216000E0	8.432000E3	-1.836033E1	-2.325208E1	2.962703E1	8.151705E3	4.733841E3	7.101547E1	8.806737E1
4.220000E0	8.440000E3	-9.864122E0	-2.772480E1	2.942729E1	8.170415E3	4.670281E3	7.951167E1	9.254008E1
4.224000E0	8.448000E3	-4.700648E-1	-2.886098E1	2.886480E1	8.189067E3	4.711258E3	8.890573E1	9.367626E1
4.228000E0	8.456000E3	8.699099E0	-2.660681E1	2.799279E1	8.208105E3	4.848573E3	9.807490E1	9.142209E1
4.232000E0	8.464000E3	1.636875E1	-2.106032E1	2.667345E1	8.227855E3	5.158467E3	1.057445E2	8.587561E1
4.236000E0	8.472000E3	2.183007E1	-1.292421E1	2.536902E1	8.249373E3	5.533993E3	1.112059E2	7.773949E1
4.240000E0	8.480000E3	2.416354E1	-3.341181E0	2.439344E1	8.272127E3	5.843859E3	1.135393E2	6.815647E1
4.244000E0	8.488000E3	2.319737E1	6.706007E0	2.414723E1	8.296124E3	5.948257E3	1.125732E2	5.810928E1
4.248000E0	8.496000E3	1.895999E1	1.574843E1	2.464740E1	8.319713E3	5.736908E3	1.083358E2	4.906686E1
4.252000E0	8.504000E3	1.208966E1	2.275558E1	2.576774E1	8.342019E3	5.397747E3	1.014655E2	4.205971E1
4.256000E0	8.512000E3	3.331726E0	2.673140E1	2.693823E1	8.362895E3	5.126973E3	9.270752E1	3.808389E1
4.260000E0	8.520000E3	-6.275193E0	2.710566E1	2.782256E1	8.383035E3	4.990094E3	8.310060E1	3.770962E1
4.264000E0	8.528000E3	-1.540774E1	2.389329E1	2.843041E1	8.402816E3	4.936772E3	7.396805E1	4.092199E1
4.268000E0	8.536000E3	-2.285780E1	1.752103E1	2.880045E1	8.422529E3	4.941248E3	6.651799E1	4.729425E1
4.272000E0	8.544000E3	-2.761796E1	8.789492E0	2.898287E1	8.442346E3	4.979964E3	6.175784E1	5.602579E1
4.276000E0	8.552000E3	-2.917666E1	-1.206904E0	2.920161E1	8.462369E3	4.992287E3	6.019913E1	6.602219E1
4.280000E0	8.560000E3	-2.737248E1	-1.121761E1	2.958187E1	8.482284E3	4.914212E3	6.200332E1	7.603289E1
4.284000E0	8.568000E3	-2.230863E1	-1.986398E1	2.987060E1	8.501682E3	4.798637E3	6.706717E1	8.467927E1
4.288000E0	8.576000E3	-1.469461E1	-2.615721E1	3.000219E1	8.520674E3	4.731924E3	7.468119E1	9.097250E1
4.292000E0	8.584000E3	-5.388568E0	-2.918153E1	2.967488E1	8.539538E3	4.732957E3	8.398723E1	9.399682E1
4.296000E0	8.592000E3	4.285771E0	-2.854986E1	2.886974E1	8.558537E3	4.826252E3	9.366157E1	9.336514E1
4.300000E0	8.600000E3	1.302724E1	-2.434894E1	2.761485E1	8.578148E3	5.053783E3	1.024030E2	8.916422E1
4.304000E0	8.608000E3	1.984651E1	-1.727209E1	2.630986E1	8.598967E3	5.435480E3	1.092223E2	8.208737E1
4.308000E0	8.616000E3	2.373275E1	-7.880276E0	2.500684E1	8.621632E3	5.793970E3	1.131085E2	7.269556E1
4.312000E0	8.624000E3	2.414687E1	2.248221E0	2.425131E1	8.645319E3	6.007171E3	1.135227E2	6.256707E1
4.316000E0	8.632000E3	2.132141E1	1.215610E1	2.454329E1	8.669689E3	5.944639E3	1.106972E2	5.265919E1
4.320000E0	8.640000E3	1.525044E1	2.014742E1	2.526845E1	8.692876E3	5.634092E3	1.046262E2	4.466787E1
4.324000E0	8.648000E3	6.908642E0	2.536112E1	2.628527E1	8.714762E3	5.323936E3	9.628444E1	3.945417E1
4.328000E0	8.656000E3	-2.606440E0	2.722903E1	2.735349E1	8.735468E3	5.110075E3	8.676936E1	3.758626E1
4.332000E0	8.664000E3	-1.216708E1	2.534655E1	2.811557E1	8.755642E3	5.056357E3	7.720872E1	3.946874E1
4.336000E0	8.672000E3	-2.060402E1	1.995364E1	2.868228E1	8.775919E3	5.086262E3	6.877178E1	4.486165E1
4.340000E0	8.680000E3	-2.647091E1	1.160204E1	2.890184E1	8.796332E3	5.104941E3	6.290489E1	5.321325E1
4.344000E0	8.688000E3	-2.910623E1	1.648571E0	2.915288E1	8.816758E3	5.093545E3	6.026956E1	6.316672E1
4.348000E0	8.696000E3	-2.807210E1	-8.625816E0	2.936746E1	8.837081E3	5.023561E3	6.130369E1	7.344110E1
4.352000E0	8.704000E3	-2.360260E1	-1.775145E1	2.953297E1	8.856947E3	4.920831E3	6.577320E1	8.256674E1
4.356000E0	8.712000E3	-1.636686E1	-2.467844E1	2.961249E1	8.876447E3	4.843881E3	7.300893E1	8.949372E1
4.360000E0	8.720000E3	-7.249657E0	-2.843693E1	2.934649E1	8.895698E3	4.821453E3	8.212614E1	9.325221E1
4.364000E0	8.728000E3	2.512361E0	-2.860668E1	2.871679E1	8.915019E3	4.888543E3	9.188816E1	9.342197E1
4.368000E0	8.736000E3	1.155732E1	-2.500532E1	2.754701E1	8.934806E3	5.097048E3	1.009331E2	8.982061E1
4.372000E0	8.744000E3	1.885905E1	-1.834253E1	2.630803E1	8.955795E3	5.492223E3	1.082348E2	8.315782E1
4.376000E0	8.752000E3	2.331611E1	-9.069998E0	2.501811E1	8.978744E3	5.884251E3	1.126919E2	7.388528E1
4.380000E0	8.760000E3	2.434398E1	1.220210E0	2.437454E1	9.002869E3	6.131969E3	1.137198E2	6.359508E1
4.384000E0	8.768000E3	2.171828E1	1.145059E1	2.455198E1	9.027800E3	6.084112E3	1.110941E2	5.336470E1
4.388000E0	8.776000E3	1.584397E1	1.994887E1	2.547526E1	9.051542E3	5.768531E3	1.052198E2	4.486642E1
4.392000E0	8.784000E3	7.348637E0	2.554007E1	2.657626E1	9.073948E3	5.412417E3	9.672443E1	3.927521E1
4.396000E0	8.792000E3	-2.339855E0	2.762342E1	2.772234E1	9.094842E3	5.144244E3	8.703594E1	3.719187E1
4.400000E0	8.800000E3	-1.211666E1	2.586411E1	2.856161E1	9.115102E3	5.034480E3	7.725914E1	3.895117E1
4.404000E0	8.808000E3	-2.047518E1	2.039134E1	2.889705E1	9.135118E3	5.064168E3	6.890062E1	4.442395E1
4.408000E0	8.816000E3	-2.651263E1	1.201818E1	2.910938E1	9.155615E3	5.161095E3	6.286317E1	5.279711E1
4.412000E0	8.824000E3	-2.916684E1	1.831799E0	2.922430E1	9.176406E3	5.169790E3	6.020896E1	6.298349E1
4.416000E0	8.832000E3	-2.823525E1	-8.618116E0	2.952120E1	9.196974E3	5.090654E3	6.114055E1	7.343340E1
4.420000E0	8.840000E3	-2.365738E1	-1.791241E1	2.967366E1	9.217132E3	5.016311E3	6.571842E1	8.272770E1
4.424000E0	8.848000E3	-1.615800E1	-2.498030E1	2.975057E1	9.237104E3	4.948248E3	7.321780E1	8.979558E1
4.428000E0	8.856000E3	-6.763755E0	-2.865183E1	2.943936E1	9.256718E3	4.931185E3	8.261204E1	9.346712E1
4.432000E0	8.864000E3	3.266348E0	-2.843233E1	2.861934E1	9.276553E3	5.016568E3	9.264214E1	9.324762E1
4.436000E0	8.872000E3	1.238624E1	-2.446745E1	2.742398E1	9.296850E3	5.225189E3	1.017620E2	8.928273E1
4.440000E0	8.880000E3	1.948033E1	-1.732282E1	2.606843E1	9.318355E3	5.639995E3	1.088561E2	8.213810E1
4.444000E0	8.888000E3	2.355868E1	-7.668307E0	2.477528E1	9.341970E3	6.051108E3	1.129345E2	7.248359E1
4.448000E0	8.896000E3	2.406068E1	2.853675E0	2.422931E1	9.366764E3	6.203779E3	1.134365E2	6.196161E1
4.452000E0	8.904000E3	2.091676E1	1.286821E1	2.455812E1	9.391600E3	6.079312E3	1.102926E2	5.194708E1
4.456000E0	8.912000E3	1.448149E1	2.099083E1	2.550154E1	9.415398E3	5.781004E3	1.038573E2	4.382445E1
4.460000E0	8.920000E3	5.610004E0	2.605358E1	2.665072E1	9.437848E3	5.469808E3	9.498580E1	3.876171E1
4.464000E0	8.928000E3	-4.401315E0	2.730489E1	2.765734E1	9.459157E3	5.253287E3	8.497448E1	3.751039E1
4.468000E0	8.936000E3	-1.419424E1	2.470991E1	2.849660E1	9.479875E3	5.157172E3	7.518155E1	4.010538E1
4.472000E0	8.944000E3	-2.233337E1	1.846645E1	2.897911E1	9.500414E3	5.159950E3	6.704243E1	4.634884E1
4.476000E0	8.952000E3	-2.766687E1	9.443269E0	2.923408E1	9.521154E3	5.185965E3	6.170892E1	5.537202E1
4.480000E0	8.960000E3	-2.930005E1	-9.729661E-1	2.931620E1	9.541902E3	5.211868E3	6.007575E1	6.578825E1
4.484000E0	8.968000E3	-2.729034E1	-1.149934E1	2.961414E1	9.562849E3	5.165518E3	6.208546E1	7.631463E1
4.488000E0	8.976000E3	-2.165138E1	-2.035054E1	2.971409E1	9.583226E3	5.051349E3	6.772442E1	8.516583E1
4.492000E0	8.984000E3	-1.332789E1	-2.645343E1	2.962122E1	9.603260E3	4.990158E3	7.604791E1	9.126872E1
4.496000E0	8.992000E3	-3.476819E0	-2.893126E1	2.913943E1	9.623147E3	5.022845E3	8.589898E1	9.374655E1
4.500000E0	9.000000E3	6.581857E0	-2.753676E1	2.831244E1	9.643443E3	5.160154E3	9.595765E1	9.235205E1
4.504000E0	9.008000E3	1.523302E1	-2.222349E1	2.694306E1	9.664429E3	5.432093E3	1.046088E2	8.703878E1
4.508000E0	9.016000E3	2.146556E1	-1.399353E1	2.562399E1	9.686899E3	5.839576E3	1.108414E2	7.880882E1
4.512000E0	9.024000E3	2.420423E1	-3.770732E0	2.449618E1	9.711145E3	6.223001E3	1.135800E2	6.858602E1
4.516000E0	9.032000E3	2.325642E1	6.969925E0	2.427841E1	9.736683E3	6.334271E3	1.126322E2	5.784536E1
4.520000E0	9.040000E3	1.847080E1	1.652602E1	2.478467E1	9.761819E3	6.122983E3	1.078466E2	4.828926E1
4.524000E0	9.048000E3	1.068117E1	2.362019E1	2.592297E1	9.785667E3	5.768101E3	1.000570E2	4.119510E1
4.528000E0	9.056000E3	9.665285E-1	2.718993E1	2.720711E1	9.807964E3	5.416632E3	9.034232E1	3.762535E1
4.532000E0	9.064000E3	-9.190625E0	2.669100E1	2.822901E1	9.829000E3	5.233126E3	8.018517E1	3.812429E1
4.536000E0	9.072000E3	-1.852423E1	2.221048E1	2.892149E1	9.849829E3	5.198774E3	7.085157E1	4.260481E1
4.540000E0	9.080000E3	-2.551385E1	1.438187E1	2.928813E1	9.870591E3	5.233758E3	6.386195E1	5.043342E1
4.544000E0	9.088000E3	-2.907510E1	4.241999E0	2.938292E1	9.891699E3	5.266201E3	6.030070E1	6.057329E1
4.548000E0	9.096000E3	-2.859628E1	-6.455017E0	2.931577E1	9.912720E3	5.267205E3	6.077951E1	7.127030E1
4.552000E0	9.104000E3	-2.441189E1	-1.636509E1	2.938974E1	9.933837E3	5.218795E3	6.496391E1	8.118038E1
4.556000E0	9.112000E3	-1.710631E1	-2.395607E1	2.943670E1	9.954471E3	5.182909E3	7.226948E1	8.877136E1
4.560000E0	9.120000E3	-7.403868E0	-2.822214E1	2.917716E1	9.975300E3	5.179578E3	8.197193E1	9.303743E1
4.564000E0	9.128000E3	2.932231E0	-2.834010E1	2.849139E1	9.995907E3	5.224397E3	9.230803E1	9.315539E1
4.568000E0	9.136000E3	1.253048E1	-2.449164E1	2.751097E1	1.001710E4	5.402916E3	1.019063E2	8.930692E1
4.572000E0	9.144000E3	1.981692E1	-1.714753E1	2.620588E1	1.003913E4	5.743067E3	1.091927E2	8.196281E1
4.576000E0	9.152000E3	2.391915E1	-7.294627E0	2.500675E1	1.006304E4	6.159912E3	1.132949E2	7.210991E1
4.580000E0	9.160000E3	2.431794E1	3.595190E0	2.458226E1	1.008841E4	6.347006E3	1.136937E2	6.122010E1
4.584000E0	9.168000E3	2.068146E1	1.385335E1	2.489253E1	1.011382E4	6.237339E3	1.100573E2	5.096194E1
4.588000E0	9.176000E3	1.353762E1	2.192652E1	2.576897E1	1.013831E4	5.923189E3	1.029134E2	4.288876E1
4.592000E0	9.184000E3	4.120813E0	2.662320E1	2.694022E1	1.016120E4	5.567391E3	9.349661E1	3.819209E1
4.596000E0	9.192000E3	-6.209336E0	2.722579E1	2.792489E1	1.018285E4	5.376810E3	8.316646E1	3.758949E1
4.600000E0	9.200000E3	-1.617840E1	2.379159E1	2.877117E1	1.020422E4	5.324819E3	7.319739E1	4.102370E1
4.604000E0	9.208000E3	-2.403155E1	1.654970E1	2.917889E1	1.022545E4	5.319729E3	6.534425E1	4.826558E1
4.608000E0	9.216000E3	-2.846508E1	6.690193E0	2.924072E1	1.024677E4	5.367654E3	6.091071E1	5.812509E1
4.612000E0	9.224000E3	-2.902467E1	-4.279457E0	2.933846E1	1.026839E4	5.370965E3	6.035113E1	6.909474E1
4.616000E0	9.232000E3	-2.556606E1	-1.460715E1	2.944473E1	1.028974E4	5.303580E3	6.380974E1	7.942243E1
4.620000E0	9.240000E3	-1.863631E1	-2.286341E1	2.949657E1	1.031082E4	5.235572E3	7.073949E1	8.767870E1
4.624000E0	9.248000E3	-9.269016E0	-2.790601E1	2.940510E1	1.033163E4	5.177663E3	8.010678E1	9.272130E1
4.628000E0	9.256000E3	1.126968E0	-2.884601E1	2.886801E1	1.035224E4	5.249287E3	9.050276E1	9.366129E1
4.632000E0	9.264000E3	1.119936E1	-2.560955E1	2.795129E1	1.037362E4	5.432677E3	1.005752E2	9.042483E1
4.636000E0	9.272000E3	1.906108E1	-1.860175E1	2.663363E1	1.039570E4	5.766732E3	1.084369E2	8.341704E1
4.640000E0	9.280000E3	2.380504E1	-8.780170E0	2.537265E1	1.041975E4	6.204918E3	1.131808E2	7.359546E1
4.644000E0	9.288000E3	2.450901E1	2.290060E0	2.461577E1	1.044534E4	6.417010E3	1.138848E2	6.252523E1
4.648000E0	9.296000E3	2.130088E1	1.284457E1	2.487389E1	1.047109E4	6.318060E3	1.106767E2	5.197071E1
4.652000E0	9.304000E3	1.443556E1	2.130725E1	2.573683E1	1.049588E4	6.004056E3	1.038114E2	4.350803E1
4.656000E0	9.312000E3	5.100244E0	2.654183E1	2.702741E1	1.051912E4	5.663945E3	9.447604E1	3.827346E1
4.660000E0	9.320000E3	-5.440088E0	2.748929E1	2.802242E1	1.054119E4	5.439819E3	8.393571E1	3.732599E1
4.664000E0	9.328000E3	-1.549357E1	2.418824E1	2.872493E1	1.056264E4	5.360118E3	7.388222E1	4.062705E1
4.668000E0	9.336000E3	-2.360858E1	1.710544E1	2.915410E1	1.058408E4	5.418713E3	6.576721E1	4.770985E1
4.672000E0	9.344000E3	-2.836547E1	7.077063E0	2.923499E1	1.060599E4	5.501400E3	6.101033E1	5.773822E1
4.676000E0	9.352000E3	-2.902311E1	-4.123491E0	2.931457E1	1.062809E4	5.473294E3	6.035269E1	6.893878E1
4.680000E0	9.360000E3	-2.555168E1	-1.462015E1	2.943870E1	1.064978E4	5.379284E3	6.382412E1	7.943544E1
4.684000E0	9.368000E3	-1.852165E1	-2.297096E1	2.950790E1	1.067112E4	5.291231E3	7.085415E1	8.778624E1
4.688000E0	9.376000E3	-9.014933E0	-2.792269E1	2.934188E1	1.069211E4	5.279922E3	8.036086E1	9.273798E1
4.692000E0	9.384000E3	1.694239E0	-2.885850E1	2.890819E1	1.071336E4	5.312326E3	9.107003E1	9.367379E1
4.696000E0	9.392000E3	1.161060E1	-2.535300E1	2.788513E1	1.073461E4	5.456099E3	1.009864E2	9.016829E1
4.700000E0	9.400000E3	1.940875E1	-1.809345E1	2.653436E1	1.075701E4	5.832674E3	1.087845E2	8.290874E1
4.704000E0	9.408000E3	2.394228E1	-8.119316E0	2.528153E1	1.078127E4	6.263781E3	1.133181E2	7.293460E1
4.708000E0	9.416000E3	2.452238E1	3.062654E0	2.471289E1	1.080712E4	6.490702E3	1.138982E2	6.175263E1
4.712000E0	9.424000E3	2.071464E1	1.355154E1	2.475359E1	1.083319E4	6.441892E3	1.100904E2	5.126374E1
4.716000E0	9.432000E3	1.331762E1	2.186414E1	2.560077E1	1.085865E4	6.153343E3	1.026934E2	4.295115E1
4.720000E0	9.440000E3	3.525230E0	2.648917E1	2.672272E1	1.088242E4	5.813911E3	9.290103E1	3.832611E1
4.724000E0	9.448000E3	-7.274636E0	2.683924E1	2.780765E1	1.090517E4	5.609763E3	8.210116E1	3.797604E1
4.728000E0	9.456000E3	-1.731528E1	2.273152E1	2.857518E1	1.092730E4	5.513997E3	7.206051E1	4.208376E1
4.732000E0	9.464000E3	-2.498897E1	1.485074E1	2.906876E1	1.094928E4	5.514214E3	6.438683E1	4.996455E1
4.736000E0	9.472000E3	-2.891311E1	4.366852E0	2.924102E1	1.097141E4	5.511682E3	6.046269E1	6.044843E1
4.740000E0	9.480000E3	-2.860880E1	-6.800159E0	2.940587E1	1.099337E4	5.463168E3	6.076700E1	7.161545E1
4.744000E0	9.488000E3	-2.417566E1	-1.700145E1	2.955524E1	1.101512E4	5.392595E3	6.520013E1	8.181674E1
4.748000E0	9.496000E3	-1.643122E1	-2.483574E1	2.977917E1	1.103651E4	5.317584E3	7.294457E1	8.965102E1
4.752000E0	9.504000E3	-6.319961E0	-2.888262E1	2.956599E1	1.105766E4	5.314236E3	8.305584E1	9.369791E1
4.756000E0	9.512000E3	4.525156E0	-2.848887E1	2.884602E1	1.107903E4	5.422652E3	9.390095E1	9.330415E1
4.760000E0	9.520000E3	1.419265E1	-2.358458E1	2.752569E1	1.110104E4	5.669874E3	1.035684E2	8.839987E1
4.764000E0	9.528000E3	2.122171E1	-1.520198E1	2.610481E1	1.112438E4	6.089081E3	1.105975E2	8.001727E1
4.768000E0	9.536000E3	2.454195E1	-4.437375E0	2.493988E1	1.114975E4	6.487171E3	1.139177E2	6.925266E1
4.772000E0	9.544000E3	2.353274E1	6.873339E0	2.451596E1	1.117628E4	6.610305E3	1.129085E2	5.794195E1
4.776000E0	9.552000E3	1.831126E1	1.685793E1	2.488959E1	1.120263E4	6.453370E3	1.076871E2	4.795736E1
4.780000E0	9.560000E3	9.747860E0	2.401662E1	2.591946E1	1.122791E4	6.138745E3	9.912366E1	4.079867E1
4.784000E0	9.568000E3	-8.240803E-1	2.707131E1	2.708385E1	1.125174E4	5.786215E3	8.855172E1	3.774398E1
4.788000E0	9.576000E3	-1.146637E1	2.551563E1	2.797365E1	1.127420E4	5.600021E3	7.790943E1	3.929966E1
4.792000E0	9.584000E3	-2.087511E1	1.977945E1	2.875756E1	1.129654E4	5.570783E3	6.850068E1	4.503583E1
4.796000E0	9.592000E3	-2.714995E1	1.054999E1	2.912768E1	1.131876E4	5.571412E3	6.222585E1	5.426529E1
4.800000E0	9.600000E3	-2.950161E1	-5.742207E-1	2.950720E1	1.134112E4	5.558305E3	5.987419E1	6.538951E1
4.804000E0	9.608000E3	-2.731552E1	-1.172505E1	2.972566E1	1.136323E4	5.486791E3	6.206027E1	7.654034E1
4.808000E0	9.616000E3	-2.110100E1	-2.110792E1	2.984622E1	1.138501E4	5.436416E3	6.827480E1	8.592321E1
4.812000E0	9.624000E3	-1.172231E1	-2.724837E1	2.966287E1	1.140672E4	5.422396E3	7.765349E1	9.206365E1
4.816000E0	9.632000E3	-8.195011E-1	-2.913029E1	2.914182E1	1.142839E4	5.463059E3	8.855630E1	9.394558E1
4.820000E0	9.640000E3	9.854687E0	-2.646031E1	2.823584E1	1.145043E4	5.598662E3	9.923048E1	9.127560E1
4.824000E0	9.648000E3	1.833095E1	-1.953560E1	2.678924E1	1.147318E4	5.944562E3	1.077067E2	8.435089E1
4.828000E0	9.656000E3	2.352961E1	-9.514475E0	2.538046E1	1.149798E4	6.405263E3	1.129054E2	7.432976E1
4.832000E0	9.664000E3	2.453939E1	1.896803E0	2.461259E1	1.152442E4	6.654294E3	1.139152E2	6.291848E1
4.836000E0	9.672000E3	2.110015E1	1.278768E1	2.467268E1	1.155122E4	6.623320E3	1.104759E2	5.202761E1
4.840000E0	9.680000E3	1.376946E1	2.153610E1	2.556172E1	1.157741E4	6.354848E3	1.031453E2	4.327919E1
4.844000E0	9.688000E3	3.703893E0	2.654484E1	2.680201E1	1.160206E4	6.007613E3	9.307969E1	3.827044E1
4.848000E0	9.696000E3	-7.455655E0	2.694370E1	2.795621E1	1.162547E4	5.740892E3	8.192014E1	3.787158E1
4.852000E0	9.704000E3	-1.769217E1	2.265819E1	2.874728E1	1.164798E4	5.604390E3	7.168363E1	4.215710E1
4.856000E0	9.712000E3	-2.540856E1	1.449129E1	2.925051E1	1.167030E4	5.598936E3	6.396724E1	5.032400E1
4.860000E0	9.720000E3	-2.929104E1	3.713181E0	2.952545E1	1.169278E4	5.639563E3	6.008476E1	6.110211E1
4.864000E0	9.728000E3	-2.862464E1	-7.894782E0	2.969339E1	1.171542E4	5.628821E3	6.075116E1	7.271007E1
4.868000E0	9.736000E3	-2.360299E1	-1.831218E1	2.987369E1	1.173781E4	5.534875E3	6.577281E1	8.312747E1
4.872000E0	9.744000E3	-1.501913E1	-2.570016E1	2.976697E1	1.175970E4	5.475921E3	7.435667E1	9.051544E1
4.876000E0	9.752000E3	-4.263956E0	-2.892145E1	2.923409E1	1.178161E4	5.507673E3	8.511184E1	9.373674E1
4.880000E0	9.760000E3	6.769594E0	-2.764531E1	2.846209E1	1.180376E4	5.649204E3	9.614539E1	9.246060E1
4.884000E0	9.768000E3	1.618328E1	-2.162728E1	2.701181E1	1.182681E4	5.964236E3	1.055591E2	8.644257E1
4.888000E0	9.776000E3	2.254046E1	-1.225206E1	2.565513E1	1.185147E4	6.394589E3	1.119163E2	7.706735E1
4.892000E0	9.784000E3	2.468894E1	-8.778984E-1	2.470455E1	1.187796E4	6.697980E3	1.140647E2	6.569318E1
4.896000E0	9.792000E3	2.217849E1	1.036896E1	2.448266E1	1.190506E4	6.746126E3	1.115543E2	5.444633E1
4.900000E0	9.800000E3	1.562392E1	1.994923E1	2.533927E1	1.193193E4	6.522052E3	1.049997E2	4.486605E1
4.904000E0	9.808000E3	5.853686E0	2.583519E1	2.649005E1	1.195723E4	6.151736E3	9.522948E1	3.898010E1
4.908000E0	9.816000E3	-5.359393E0	2.720042E1	2.772338E1	1.198115E4	5.831696E3	8.401640E1	3.761487E1
4.912000E0	9.824000E3	-1.606382E1	2.391706E1	2.881097E1	1.200389E4	5.675331E3	7.331198E1	4.089823E1
4.916000E0	9.832000E3	-2.440690E1	1.612454E1	2.925231E1	1.202655E4	5.689080E3	6.496889E1	4.869075E1
4.920000E0	9.840000E3	-2.908521E1	5.443256E0	2.959018E1	1.204940E4	5.702325E3	6.029058E1	5.937203E1
4.924000E0	9.848000E3	-2.896250E1	-6.244805E0	2.962810E1	1.207217E4	5.691702E3	6.041329E1	7.106009E1
4.928000E0	9.856000E3	-2.435457E1	-1.701110E1	2.970728E1	1.209493E4	5.622696E3	6.502123E1	8.182639E1
4.932000E0	9.864000E3	-1.618774E1	-2.506964E1	2.984175E1	1.211715E4	5.519631E3	7.318805E1	8.988493E1
4.936000E0	9.872000E3	-5.578089E0	-2.894065E1	2.947331E1	1.213909E4	5.539035E3	8.379771E1	9.375593E1
4.940000E0	9.880000E3	5.702643E0	-2.812608E1	2.869838E1	1.216146E4	5.681289E3	9.507844E1	9.294137E1
4.944000E0	9.888000E3	1.550806E1	-2.253000E1	2.735143E1	1.218454E4	5.955101E3	1.048839E2	8.734529E1
4.948000E0	9.896000E3	2.218994E1	-1.327918E1	2.585982E1	1.220910E4	6.403619E3	1.115657E2	7.809447E1
4.952000E0	9.904000E3	2.466053E1	-1.824060E0	2.472790E1	1.223577E4	6.818255E3	1.140363E2	6.663935E1
4.956000E0	9.912000E3	2.246379E1	9.836771E0	2.452313E1	1.226365E4	6.879606E3	1.118396E2	5.497852E1
4.960000E0	9.920000E3	1.591148E1	1.951397E1	2.517876E1	1.229081E4	6.578625E3	1.052873E2	4.530132E1
4.964000E0	9.928000E3	6.280613E0	2.571993E1	2.647567E1	1.231628E4	6.193554E3	9.565641E1	3.909536E1
4.968000E0	9.936000E3	-4.978243E0	2.724482E1	2.769591E1	1.234035E4	5.899112E3	8.439755E1	3.757047E1
4.972000E0	9.944000E3	-1.577256E1	2.385665E1	2.859918E1	1.236347E4	5.795541E3	7.360323E1	4.095864E1
4.976000E0	9.952000E3	-2.431219E1	1.595839E1	2.908183E1	1.238672E4	5.807977E3	6.506361E1	4.885690E1
4.980000E0	9.960000E3	-2.896731E1	5.142094E0	2.942016E1	1.240993E4	5.818211E3	6.040849E1	5.967319E1
4.984000E0	9.968000E3	-2.880001E1	-6.789464E0	2.958948E1	1.243327E4	5.776338E3	6.057578E1	7.160475E1
4.988000E0	9.976000E3	-2.394502E1	-1.748969E1	2.965220E1	1.245614E4	5.693594E3	6.543078E1	8.230497E1
4.992000E0	9.984000E3	-1.530932E1	-2.529241E1	2.956486E1	1.247881E4	5.633855E3	7.406647E1	9.010769E1
4.996000E0	9.992000E3	-4.465990E0	-2.890063E1	2.924365E1	1.250122E4	5.662020E3	8.490981E1	9.371591E1
5.000000E0	1.000000E4	6.939322E0	-2.760637E1	2.846517E1	1.252411E4	5.823110E3	9.631512E1	9.242165E1
5.004000E0	1.000800E4	1.671906E1	-2.155370E1	2.727800E1	1.254780E4	6.091540E3	1.060949E2	8.636899E1
5.008000E0	1.001600E4	2.305185E1	-1.182557E1	2.590814E1	1.257284E4	6.447215E3	1.124276E2	7.664085E1
5.012000E0	1.002400E4	2.504366E1	-2.717921E-1	2.504513E1	1.259938E4	6.781849E3	1.144195E2	6.508708E1
5.016000E0	1.003200E4	2.219005E1	1.135377E1	2.492602E1	1.262710E4	6.851762E3	1.115658E2	5.346151E1
5.020000E0	1.004000E4	1.503864E1	2.084569E1	2.570415E1	1.265419E4	6.562800E3	1.044144E2	4.396960E1
5.024000E0	1.004800E4	4.837711E0	2.635714E1	2.679743E1	1.267960E4	6.255164E3	9.421351E1	3.845815E1
5.028000E0	1.005600E4	-6.859019E0	2.703985E1	2.789623E1	1.270423E4	6.036597E3	8.251678E1	3.777544E1
5.032000E0	1.006400E4	-1.752246E1	2.251490E1	2.852994E1	1.272789E4	5.902090E3	7.185334E1	4.230038E1
5.036000E0	1.007200E4	-2.553025E1	1.389046E1	2.906439E1	1.275145E4	5.884021E3	6.384554E1	5.092483E1
5.040000E0	1.008000E4	-2.925480E1	2.577793E0	2.936815E1	1.277496E4	5.887643E3	6.012100E1	6.223749E1
5.044000E0	1.008800E4	-2.801973E1	-9.403276E0	2.955548E1	1.279855E4	5.858372E3	6.135607E1	7.421856E1
5.048000E0	1.009600E4	-2.204739E1	-1.973436E1	2.958940E1	1.282183E4	5.781331E3	6.732840E1	8.454965E1
5.052000E0	1.010400E4	-1.250563E1	-2.657839E1	2.937348E1	1.284480E4	5.734443E3	7.687017E1	9.139368E1
5.056000E0	1.011200E4	-1.156145E0	-2.887218E1	2.889532E1	1.286771E4	5.766800E3	8.821965E1	9.368747E1
5.060000E0	1.012000E4	1.002632E1	-2.620618E1	2.805871E1	1.289094E4	5.945730E3	9.940212E1	9.102147E1
5.064000E0	1.012800E4	1.914220E1	-1.896082E1	2.694321E1	1.291527E4	6.262891E3	1.085180E2	8.377611E1
5.068000E0	1.013600E4	2.435204E1	-8.366229E0	2.574909E1	1.294104E4	6.662719E3	1.137278E2	7.318152E1
5.072000E0	1.014400E4	2.473784E1	3.729980E0	2.501746E1	1.296857E4	6.908022E3	1.141136E2	6.108531E1
5.076000E0	1.015200E4	2.023145E1	1.486356E1	2.510452E1	1.299630E4	6.839754E3	1.096072E2	4.995172E1
5.080000E0	1.016000E4	1.165043E1	2.315677E1	2.592235E1	1.302329E4	6.582184E3	1.010262E2	4.165852E1
5.084000E0	1.016800E4	4.889874E-1	2.697050E1	2.697494E1	1.304896E4	6.262519E3	8.986478E1	3.784478E1
5.088000E0	1.017600E4	-1.111047E1	2.568378E1	2.798390E1	1.307339E4	6.030685E3	7.826533E1	3.913151E1
5.092000E0	1.018400E4	-2.104763E1	1.948568E1	2.868265E1	1.309721E4	5.954066E3	6.832817E1	4.532961E1
5.096000E0	1.019200E4	-2.751183E1	9.459544E0	2.909267E1	1.312103E4	5.947253E3	6.186397E1	5.535574E1
5.100000E0	1.020000E4	-2.933008E1	-2.455089E0	2.943265E1	1.314478E4	5.957261E3	6.004572E1	6.727038E1
5.104000E0	1.020800E4	-2.598859E1	-1.421849E1	2.962385E1	1.316868E4	5.935511E3	6.338720E1	7.903378E1
5.108000E0	1.021600E4	-1.813671E1	-2.343986E1	2.963726E1	1.319227E4	5.812556E3	7.123908E1	8.825515E1
5.112000E0	1.022400E4	-7.520329E0	-2.843063E1	2.940844E1	1.321518E4	5.782378E3	8.185547E1	9.324592E1
5.116000E0	1.023200E4	4.249659E0	-2.834063E1	2.865748E1	1.323853E4	5.923366E3	9.362546E1	9.315592E1
5.120000E0	1.024000E4	1.484910E1	-2.324509E1	2.758315E1	1.326257E4	6.134118E3	1.042249E2	8.806038E1
5.124000E0	1.024800E4	2.214958E1	-1.405608E1	2.623314E1	1.328760E4	6.507156E3	1.115254E2	7.887137E1
5.128000E0	1.025600E4	2.509756E1	-2.360080E0	2.520828E1	1.331463E4	6.912723E3	1.144734E2	6.717537E1
5.132000E0	1.026400E4	2.297742E1	9.707297E0	2.494380E1	1.334290E4	7.010529E3	1.123532E2	5.510799E1
5.136000E0	1.027200E4	1.617215E1	1.976705E1	2.553967E1	1.337071E4	6.787794E3	1.055479E2	4.504823E1
5.140000E0	1.028000E4	5.888951E0	2.593080E1	2.659109E1	1.339721E4	6.443526E3	9.526475E1	3.888449E1
5.144000E0	1.028800E4	-5.859550E0	2.696395E1	2.759327E1	1.342226E4	6.193997E3	8.351625E1	3.785134E1
5.148000E0	1.029600E4	-1.693544E1	2.267354E1	2.830015E1	1.344676E4	6.106878E3	7.244036E1	4.214175E1
5.152000E0	1.030400E4	-2.525219E1	1.393112E1	2.884007E1	1.347112E4	6.077910E3	6.412360E1	5.088417E1
5.156000E0	1.031200E4	-2.922626E1	2.361624E0	2.932152E1	1.349538E4	6.058670E3	6.014954E1	6.245366E1
5.160000E0	1.032000E4	-2.780159E1	-9.891355E0	2.950876E1	1.351958E4	6.016148E3	6.157421E1	7.470664E1
5.164000E0	1.032800E4	-2.155360E1	-2.046036E1	2.971841E1	1.354351E4	5.917983E3	6.782219E1	8.527565E1
5.168000E0	1.033600E4	-1.160562E1	-2.724667E1	2.961539E1	1.356693E4	5.855010E3	7.777018E1	9.206195E1
5.172000E0	1.034400E4	1.778701E-1	-2.915730E1	2.915784E1	1.359035E4	5.922990E3	8.955367E1	9.397258E1
5.176000E0	1.035200E4	1.159412E1	-2.566317E1	2.816064E1	1.361431E4	6.099190E3	1.009699E2	9.047846E1
5.180000E0	1.036000E4	2.028514E1	-1.754489E1	2.681996E1	1.363914E4	6.478767E3	1.096609E2	8.236018E1
5.184000E0	1.036800E4	2.486146E1	-6.132948E0	2.560674E1	1.366614E4	6.878060E3	1.142373E2	7.094823E1
5.188000E0	1.037600E4	2.418749E1	6.105788E0	2.494625E1	1.369417E4	7.053639E3	1.135633E2	5.870950E1
5.192000E0	1.038400E4	1.853522E1	1.702717E1	2.516901E1	1.372257E4	7.010123E3	1.079110E2	4.778812E1
5.196000E0	1.039200E4	8.806098E0	2.452500E1	2.605807E1	1.375025E4	6.724803E3	9.818189E1	4.029029E1
5.200000E0	1.040000E4	-3.030607E0	2.714592E1	2.731457E1	1.377637E4	6.352974E3	8.634519E1	3.766937E1
5.204000E0	1.040800E4	-1.456095E1	2.416436E1	2.821237E1	1.380107E4	6.164561E3	7.481485E1	4.065092E1
5.208000E0	1.041600E4	-2.386998E1	1.629112E1	2.889942E1	1.382569E4	6.104611E3	6.550582E1	4.852417E1
5.212000E0	1.042400E4	-2.889019E1	5.141348E0	2.934410E1	1.384991E4	6.092892E3	6.048561E1	5.967394E1
5.216000E0	1.043200E4	-2.869755E1	-7.384205E0	2.963235E1	1.387443E4	6.066297E3	6.067824E1	7.219949E1
5.220000E0	1.044000E4	-2.335502E1	-1.853723E1	2.981754E1	1.389844E4	5.968015E3	6.602078E1	8.335252E1
5.224000E0	1.044800E4	-1.390905E1	-2.635181E1	2.979731E1	1.392217E4	5.916935E3	7.546675E1	9.116710E1
5.228000E0	1.045600E4	-2.161285E0	-2.925663E1	2.933635E1	1.394578E4	5.932901E3	8.721451E1	9.407192E1
5.232000E0	1.046400E4	9.528825E0	-2.670524E1	2.835433E1	1.396964E4	6.117116E3	9.890462E1	9.152053E1
5.236000E0	1.047200E4	1.899504E1	-1.918699E1	2.699911E1	1.399471E4	6.479383E3	1.083708E2	8.400227E1
5.240000E0	1.048000E4	2.445012E1	-8.194081E0	2.578665E1	1.402147E4	6.900520E3	1.138259E2	7.300937E1
5.244000E0	1.048800E4	2.456000E1	4.293529E0	2.493246E1	1.404992E4	7.185833E3	1.139358E2	6.052176E1
5.248000E0	1.049600E4	1.956609E1	1.582107E1	2.516224E1	1.407896E4	7.117694E3	1.089419E2	4.899422E1
5.252000E0	1.050400E4	1.023752E1	2.395250E1	2.604859E1	1.410686E4	6.774785E3	9.961332E1	4.086279E1
5.256000E0	1.051200E4	-1.496879E0	2.713768E1	2.717893E1	1.413316E4	6.443089E3	8.787892E1	3.767761E1
5.260000E0	1.052000E4	-1.338362E1	2.475002E1	2.813689E1	1.415840E4	6.239584E3	7.599218E1	4.006527E1
5.264000E0	1.052800E4	-2.316117E1	1.740644E1	2.897282E1	1.418307E4	6.146511E3	6.621462E1	4.740884E1
5.268000E0	1.053600E4	-2.892950E1	6.374076E0	2.962339E1	1.420757E4	6.112718E3	6.044629E1	5.844121E1
5.272000E0	1.054400E4	-2.911032E1	-6.174623E0	2.975797E1	1.423198E4	6.098362E3	6.026548E1	7.098991E1
5.276000E0	1.055200E4	-2.401517E1	-1.768053E1	2.982163E1	1.425636E4	6.061132E3	6.536063E1	8.249582E1
5.280000E0	1.056000E4	-1.461248E1	-2.579031E1	2.964227E1	1.428046E4	5.995496E3	7.476332E1	9.060560E1
5.284000E0	1.056800E4	-2.874861E0	-2.893183E1	2.907431E1	1.430433E4	6.060244E3	8.650094E1	9.374712E1
5.288000E0	1.057600E4	9.176474E0	-2.673134E1	2.826255E1	1.432895E4	6.247065E3	9.855227E1	9.154662E1
5.292000E0	1.058400E4	1.888026E1	-1.934607E1	2.703210E1	1.435430E4	6.539642E3	1.082561E2	8.416136E1
5.296000E0	1.059200E4	2.435512E1	-8.260942E0	2.571799E1	1.438126E4	6.969158E3	1.137309E2	7.307623E1
5.300000E0	1.060000E4	2.461021E1	4.363862E0	2.499412E1	1.441006E4	7.239569E3	1.139860E2	6.045142E1
5.304000E0	1.060800E4	1.960489E1	1.597812E1	2.529135E1	1.443918E4	7.143288E3	1.089807E2	4.883716E1
5.308000E0	1.061600E4	1.015004E1	2.414769E1	2.619417E1	1.446720E4	6.787303E3	9.952584E1	4.066760E1
5.312000E0	1.062400E4	-1.657026E0	2.725839E1	2.730870E1	1.449348E4	6.442063E3	8.771877E1	3.755690E1
5.316000E0	1.063200E4	-1.366244E1	2.491578E1	2.841581E1	1.451874E4	6.274068E3	7.571336E1	3.989951E1
5.320000E0	1.064000E4	-2.340524E1	1.721094E1	2.905205E1	1.454367E4	6.191574E3	6.597056E1	4.760434E1
5.324000E0	1.064800E4	-2.892218E1	6.005016E0	2.953900E1	1.456827E4	6.187729E3	6.045362E1	5.881027E1
5.328000E0	1.065600E4	-2.892609E1	-6.770216E0	2.970782E1	1.459317E4	6.178077E3	6.044971E1	7.158550E1
5.332000E0	1.066400E4	-2.346570E1	-1.813317E1	2.965553E1	1.461770E4	6.122622E3	6.591010E1	8.294846E1
5.336000E0	1.067200E4	-1.381667E1	-2.615479E1	2.957995E1	1.464215E4	6.091805E3	7.555912E1	9.097008E1
5.340000E0	1.068000E4	-1.809907E0	-2.900660E1	2.906301E1	1.466643E4	6.141396E3	8.756589E1	9.382189E1
5.344000E0	1.068800E4	1.022013E1	-2.623325E1	2.815377E1	1.469129E4	6.312704E3	9.959592E1	9.104854E1
5.348000E0	1.069600E4	1.967356E1	-1.839010E1	2.693037E1	1.471693E4	6.651235E3	1.090494E2	8.320539E1
5.352000E0	1.070400E4	2.471950E1	-6.857602E0	2.565308E1	1.474450E4	7.040064E3	1.140953E2	7.167289E1
5.356000E0	1.071200E4	2.430969E1	5.724945E0	2.497471E1	1.477325E4	7.268178E3	1.136855E2	5.909034E1
5.360000E0	1.072000E4	1.857944E1	1.710894E1	2.525690E1	1.480264E4	7.218253E3	1.079552E2	4.770635E1
5.364000E0	1.072800E4	8.502395E0	2.468960E1	2.611258E1	1.483100E4	6.889020E3	9.787819E1	4.012569E1
5.368000E0	1.073600E4	-3.689955E0	2.710378E1	2.735381E1	1.485775E4	6.528527E3	8.568584E1	3.771151E1
5.372000E0	1.074400E4	-1.551844E1	2.369122E1	2.832129E1	1.488323E4	6.340641E3	7.385736E1	4.112407E1
5.376000E0	1.075200E4	-2.478750E1	1.520301E1	2.907837E1	1.490848E4	6.246243E3	6.458830E1	4.961228E1
5.380000E0	1.076000E4	-2.939167E1	3.506871E0	2.960014E1	1.493320E4	6.195270E3	5.998412E1	6.130842E1
5.384000E0	1.076800E4	-2.835219E1	-9.234056E0	2.981802E1	1.495804E4	6.199761E3	6.102361E1	7.404934E1
5.388000E0	1.077600E4	-2.194662E1	-2.031853E1	2.990814E1	1.498279E4	6.142934E3	6.742917E1	8.513382E1
5.392000E0	1.078400E4	-1.149871E1	-2.733225E1	2.965252E1	1.500718E4	6.095292E3	7.787708E1	9.214753E1
5.396000E0	1.079200E4	7.890019E-1	-2.903956E1	2.905028E1	1.503156E4	6.165233E3	9.016480E1	9.385485E1
5.400000E0	1.080000E4	1.243714E1	-2.493926E1	2.786842E1	1.505651E4	6.394758E3	1.018129E2	8.975454E1
5.404000E0	1.080800E4	2.107327E1	-1.604516E1	2.648640E1	1.508271E4	6.786489E3	1.104491E2	8.086044E1
5.408000E0	1.081600E4	2.505070E1	-4.058575E0	2.537735E1	1.511080E4	7.218079E3	1.144265E2	6.887386E1
5.412000E0	1.082400E4	2.332443E1	8.701645E0	2.489473E1	1.514046E4	7.405171E3	1.127002E2	5.611364E1
5.416000E0	1.083200E4	1.626310E1	1.940814E1	2.532122E1	1.517004E4	7.218336E3	1.056389E2	4.540715E1
5.420000E0	1.084000E4	5.413489E0	2.592586E1	2.648502E1	1.519821E4	6.846899E3	9.478929E1	3.888942E1
5.424000E0	1.084800E4	-7.070987E0	2.673657E1	2.765580E1	1.522481E4	6.530375E3	8.230481E1	3.807872E1
5.428000E0	1.085600E4	-1.847570E1	2.167151E1	2.847816E1	1.525045E4	6.389190E3	7.090009E1	4.314378E1
5.432000E0	1.086400E4	-2.663559E1	1.189945E1	2.917279E1	1.527593E4	6.328435E3	6.274021E1	5.291584E1
5.436000E0	1.087200E4	-2.963994E1	-5.568018E-1	2.964517E1	1.530108E4	6.287855E3	5.973585E1	6.537209E1
5.440000E0	1.088000E4	-2.674944E1	-1.317983E1	2.982013E1	1.532623E4	6.251395E3	6.262636E1	7.799512E1
5.444000E0	1.088800E4	-1.875563E1	-2.323363E1	2.985925E1	1.535109E4	6.179397E3	7.062016E1	8.804891E1
5.448000E0	1.089600E4	-7.325156E0	-2.866522E1	2.958636E1	1.537567E4	6.147336E3	8.205064E1	9.348050E1
5.452000E0	1.090400E4	5.112647E0	-2.822814E1	2.868740E1	1.540027E4	6.294391E3	9.448844E1	9.304343E1
5.456000E0	1.091200E4	1.618944E1	-2.226614E1	2.752960E1	1.542602E4	6.599192E3	1.055652E2	8.708143E1
5.460000E0	1.092000E4	2.339982E1	-1.189217E1	2.624834E1	1.545306E4	6.970453E3	1.127756E2	7.670745E1
5.464000E0	1.092800E4	2.525790E1	7.867279E-1	2.527015E1	1.548178E4	7.319442E3	1.146337E2	6.402856E1
5.468000E0	1.093600E4	2.140274E1	1.317484E1	2.513272E1	1.551162E4	7.391417E3	1.107785E2	5.164044E1
5.472000E0	1.094400E4	1.250226E1	2.247635E1	2.571950E1	1.554092E4	7.158213E3	1.018781E2	4.233894E1
5.476000E0	1.095200E4	5.252274E-1	2.688551E1	2.689064E1	1.556888E4	6.781925E3	8.990102E1	3.792978E1
5.480000E0	1.096000E4	-1.190533E1	2.533363E1	2.799160E1	1.559517E4	6.501602E3	7.747046E1	3.948166E1
5.484000E0	1.096800E4	-2.237031E1	1.818398E1	2.882860E1	1.562089E4	6.395290E3	6.700548E1	4.663131E1
5.488000E0	1.097600E4	-2.860382E1	6.955343E0	2.943731E1	1.564633E4	6.377328E3	6.077198E1	5.785994E1
5.492000E0	1.098400E4	-2.909168E1	-6.137088E0	2.973196E1	1.567191E4	6.372138E3	6.028412E1	7.095237E1
5.496000E0	1.099200E4	-2.373168E1	-1.808539E1	2.983745E1	1.569731E4	6.287831E3	6.564412E1	8.290067E1
5.500000E0	1.100000E4	-1.389558E1	-2.637196E1	2.980885E1	1.572221E4	6.209970E3	7.548021E1	9.118725E1
5.504000E0	1.100800E4	-1.536936E0	-2.922871E1	2.926909E1	1.574699E4	6.232399E3	8.783886E1	9.404400E1
5.508000E0	1.101600E4	1.063697E1	-2.622969E1	2.830445E1	1.577207E4	6.418754E3	1.000128E2	9.104498E1
5.512000E0	1.102400E4	2.014496E1	-1.792328E1	2.696411E1	1.579834E4	6.789033E3	1.095208E2	8.273857E1
5.516000E0	1.103200E4	2.505257E1	-6.067162E0	2.577677E1	1.582639E4	7.204094E3	1.144284E2	7.088245E1
5.520000E0	1.104000E4	2.418791E1	6.923331E0	2.515924E1	1.585597E4	7.455873E3	1.135637E2	5.789196E1
5.524000E0	1.104800E4	1.760581E1	1.825261E1	2.535986E1	1.588603E4	7.379808E3	1.069816E2	4.656268E1
5.528000E0	1.105600E4	6.815435E0	2.545551E1	2.635210E1	1.591501E4	7.045274E3	9.619123E1	3.935978E1
5.532000E0	1.106400E4	-5.923000E0	2.694932E1	2.759253E1	1.594240E4	6.680095E3	8.345280E1	3.786597E1
5.536000E0	1.107200E4	-1.766490E1	2.224605E1	2.840661E1	1.596845E4	6.482106E3	7.171090E1	4.256923E1
5.540000E0	1.108000E4	-2.626371E1	1.266675E1	2.915869E1	1.599425E4	6.421859E3	6.311209E1	5.214853E1
5.544000E0	1.108800E4	-2.957520E1	8.937145E-2	2.957533E1	1.601983E4	6.425512E3	5.980060E1	6.472592E1
5.548000E0	1.109600E4	-2.686508E1	-1.290418E1	2.980353E1	1.604566E4	6.403026E3	6.251071E1	7.771946E1
5.552000E0	1.110400E4	-1.880094E1	-2.325959E1	2.990792E1	1.607105E4	6.285154E3	7.057485E1	8.807488E1
5.556000E0	1.111200E4	-7.195388E0	-2.872608E1	2.961353E1	1.609594E4	6.228651E3	8.218041E1	9.354137E1
5.560000E0	1.112000E4	5.422370E0	-2.821027E1	2.872667E1	1.612088E4	6.361805E3	9.479817E1	9.302556E1
5.564000E0	1.112800E4	1.645205E1	-2.196618E1	2.744418E1	1.614683E4	6.683413E3	1.058278E2	8.678147E1
5.568000E0	1.113600E4	2.348355E1	-1.127786E1	2.605125E1	1.617435E4	7.129110E3	1.128593E2	7.609315E1
5.572000E0	1.114400E4	2.502770E1	1.690879E0	2.508475E1	1.620387E4	7.503141E3	1.144035E2	6.312441E1
5.576000E0	1.115200E4	2.071995E1	1.417275E1	2.510345E1	1.623437E4	7.527842E3	1.100957E2	5.064253E1
5.580000E0	1.116000E4	1.124266E1	2.314078E1	2.572729E1	1.626409E4	7.226874E3	1.006185E2	4.167450E1
5.584000E0	1.116800E4	-1.026390E0	2.686811E1	2.688771E1	1.629219E4	6.829067E3	8.834941E1	3.794717E1
5.588000E0	1.117600E4	-1.344604E1	2.453902E1	2.798142E1	1.631872E4	6.589964E3	7.592976E1	4.027626E1
5.592000E0	1.118400E4	-2.362826E1	1.660166E1	2.887749E1	1.634491E4	6.497843E3	6.574754E1	4.821363E1
5.596000E0	1.119200E4	-2.910891E1	4.765169E0	2.949636E1	1.637070E4	6.436656E3	6.026689E1	6.005012E1
5.600000E0	1.120000E4	-2.850651E1	-8.390276E0	2.971561E1	1.639640E4	6.403583E3	6.086929E1	7.320556E1
5.604000E0	1.120800E4	-2.226445E1	-1.999902E1	2.992769E1	1.642193E4	6.320622E3	6.711134E1	8.481430E1
5.608000E0	1.121600E4	-1.168396E1	-2.747985E1	2.986063E1	1.644697E4	6.262177E3	7.769184E1	9.229513E1
5.612000E0	1.122400E4	1.033291E0	-2.916427E1	2.918257E1	1.647203E4	6.372293E3	9.040909E1	9.397956E1
5.616000E0	1.123200E4	1.313729E1	-2.476603E1	2.803471E1	1.649794E4	6.628271E3	1.025131E2	8.958132E1
5.620000E0	1.124000E4	2.181038E1	-1.524043E1	2.660758E1	1.652506E4	7.010327E3	1.111862E2	8.005572E1
5.624000E0	1.124800E4	2.522473E1	-2.639389E0	2.536244E1	1.655403E4	7.460761E3	1.146005E2	6.745468E1
5.628000E0	1.125600E4	2.274060E1	1.047942E1	2.503903E1	1.658474E4	7.613072E3	1.121164E2	5.433587E1
5.632000E0	1.126400E4	1.471346E1	2.095937E1	2.560823E1	1.661493E4	7.358730E3	1.040893E2	4.385591E1
5.636000E0	1.127200E4	2.980933E0	2.662276E1	2.678913E1	1.664361E4	6.930831E3	9.235673E1	3.819253E1
5.640000E0	1.128000E4	-9.733600E0	2.620391E1	2.795331E1	1.667038E4	6.619932E3	7.964220E1	3.861138E1
5.644000E0	1.128800E4	-2.097642E1	1.985675E1	2.888427E1	1.669657E4	6.529752E3	6.839937E1	4.495854E1
5.648000E0	1.129600E4	-2.801260E1	8.770116E0	2.935337E1	1.672262E4	6.495118E3	6.136320E1	5.604517E1
5.652000E0	1.130400E4	-2.926893E1	-4.390796E0	2.959644E1	1.674853E4	6.475911E3	6.010686E1	6.920608E1
5.656000E0	1.131200E4	-2.456703E1	-1.683596E1	2.978235E1	1.677442E4	6.435595E3	6.480876E1	8.165125E1
5.660000E0	1.132000E4	-1.486815E1	-2.576943E1	2.975106E1	1.680002E4	6.357295E3	7.450764E1	9.058472E1
5.664000E0	1.132800E4	-2.398843E0	-2.906264E1	2.916147E1	1.682528E4	6.384941E3	8.697695E1	9.387792E1
5.668000E0	1.133600E4	1.015511E1	-2.632314E1	2.821407E1	1.685110E4	6.598236E3	9.953090E1	9.113843E1
5.672000E0	1.134400E4	2.002075E1	-1.798419E1	2.691211E1	1.687807E4	6.958465E3	1.093965E2	8.279947E1
5.676000E0	1.135200E4	2.510862E1	-5.905981E0	2.579386E1	1.690676E4	7.343924E3	1.144844E2	7.072127E1
5.680000E0	1.136000E4	2.405795E1	7.272116E0	2.513301E1	1.693682E4	7.573913E3	1.134337E2	5.754317E1
5.684000E0	1.136800E4	1.732523E1	1.881134E1	2.557401E1	1.696735E4	7.446604E3	1.067010E2	4.600394E1
5.688000E0	1.137600E4	6.244832E0	2.579647E1	2.654159E1	1.699639E4	7.084394E3	9.562063E1	3.901881E1
5.692000E0	1.138400E4	-6.692377E0	2.678169E1	2.760519E1	1.702403E4	6.793395E3	8.268342E1	3.803360E1
5.696000E0	1.139200E4	-1.856856E1	2.155844E1	2.845273E1	1.705074E4	6.633866E3	7.080723E1	4.325685E1
5.700000E0	1.140000E4	-2.684031E1	1.133722E1	2.913649E1	1.707710E4	6.549251E3	6.253548E1	5.347807E1
5.704000E0	1.140800E4	-2.943033E1	-1.610764E0	2.947437E1	1.710313E4	6.517080E3	5.994547E1	6.642605E1
5.708000E0	1.141600E4	-2.585633E1	-1.447294E1	2.963133E1	1.712924E4	6.494766E3	6.351946E1	7.928823E1
5.712000E0	1.142400E4	-1.691826E1	-2.424353E1	2.956309E1	1.715509E4	6.460150E3	7.245754E1	8.905882E1
5.716000E0	1.143200E4	-4.606642E0	-2.882103E1	2.918686E1	1.718092E4	6.458959E3	8.476915E1	9.363631E1
5.720000E0	1.144000E4	8.152297E0	-2.706563E1	2.826673E1	1.720676E4	6.596926E3	9.752809E1	9.188091E1
5.724000E0	1.144800E4	1.874976E1	-1.962442E1	2.714169E1	1.723369E4	6.947869E3	1.081256E2	8.443971E1
5.728000E0	1.145600E4	2.466937E1	-7.851419E0	2.588866E1	1.726235E4	7.352136E3	1.140452E2	7.266671E1
5.732000E0	1.146400E4	2.454790E1	5.447250E0	2.514502E1	1.729251E4	7.622248E3	1.139237E2	5.936804E1
5.736000E0	1.147200E4	1.852220E1	1.746878E1	2.546037E1	1.732332E4	7.540300E3	1.078980E2	4.734651E1
5.740000E0	1.148000E4	7.825583E0	2.533322E1	2.651437E1	1.735283E4	7.163326E3	9.720138E1	3.948206E1
5.744000E0	1.148800E4	-5.138207E0	2.737624E1	2.785426E1	1.738063E4	6.806028E3	8.423759E1	3.743905E1
5.748000E0	1.149600E4	-1.752668E1	2.302206E1	2.893440E1	1.740728E4	6.602884E3	7.184912E1	4.179323E1
5.752000E0	1.150400E4	-2.643396E1	1.320648E1	2.954937E1	1.743345E4	6.490578E3	6.294184E1	5.160881E1
5.756000E0	1.151200E4	-2.988735E1	4.138798E-1	2.989022E1	1.745921E4	6.479922E3	5.948845E1	6.440141E1
5.760000E0	1.152000E4	-2.698519E1	-1.275154E1	2.984631E1	1.748529E4	6.505895E3	6.239060E1	7.756683E1
5.764000E0	1.152800E4	-1.847141E1	-2.301800E1	2.951307E1	1.751125E4	6.486547E3	7.090439E1	8.783329E1
5.768000E0	1.153600E4	-6.455358E0	-2.837877E1	2.910372E1	1.753718E4	6.500981E3	8.292044E1	9.319406E1
5.772000E0	1.154400E4	6.456498E0	-2.739485E1	2.814541E1	1.756326E4	6.671055E3	9.583229E1	9.221014E1
5.776000E0	1.155200E4	1.744443E1	-2.038634E1	2.683116E1	1.759055E4	7.033094E3	1.068202E2	8.520162E1
5.780000E0	1.156000E4	2.403514E1	-8.973760E0	2.565573E1	1.761953E4	7.468874E3	1.134109E2	7.378905E1
5.784000E0	1.156800E4	2.463513E1	4.478893E0	2.503897E1	1.765030E4	7.717102E3	1.140109E2	6.033639E1
5.788000E0	1.157600E4	1.909085E1	1.675001E1	2.539731E1	1.768126E4	7.570857E3	1.084666E2	4.806528E1
5.792000E0	1.158400E4	8.685344E0	2.504106E1	2.650453E1	1.771087E4	7.192707E3	9.806114E1	3.977423E1
5.796000E0	1.159200E4	-4.242595E0	2.739014E1	2.771677E1	1.773880E4	6.830213E3	8.513320E1	3.742515E1
5.800000E0	1.160000E4	-1.676405E1	2.349114E1	2.885943E1	1.776551E4	6.620343E3	7.261174E1	4.132415E1
5.804000E0	1.160800E4	-2.597057E1	1.394421E1	2.947731E1	1.779177E4	6.569581E3	6.340523E1	5.087107E1
5.808000E0	1.161600E4	-2.967901E1	1.000341E0	2.969586E1	1.781807E4	6.568731E3	5.969679E1	6.381495E1
5.812000E0	1.162400E4	-2.716445E1	-1.227518E1	2.980918E1	1.784432E4	6.554642E3	6.221135E1	7.709046E1
5.816000E0	1.163200E4	-1.896852E1	-2.301614E1	2.982528E1	1.787051E4	6.512665E3	7.040727E1	8.783142E1
5.820000E0	1.164000E4	-6.881963E0	-2.848744E1	2.930692E1	1.789642E4	6.523914E3	8.249383E1	9.330272E1
5.824000E0	1.164800E4	6.247074E0	-2.772494E1	2.842004E1	1.792270E4	6.688061E3	9.562287E1	9.254023E1
5.828000E0	1.165600E4	1.738118E1	-2.077052E1	2.708357E1	1.794992E4	7.027984E3	1.067570E2	8.558581E1
5.832000E0	1.166400E4	2.405834E1	-9.272789E0	2.578349E1	1.797892E4	7.499333E3	1.134341E2	7.408808E1
5.836000E0	1.167200E4	2.476769E1	4.330632E0	2.514344E1	1.800992E4	7.756518E3	1.141435E2	6.048465E1
5.840000E0	1.168000E4	1.922299E1	1.669500E1	2.546068E1	1.804097E4	7.603604E3	1.085988E2	4.812029E1
5.844000E0	1.168800E4	8.757310E0	2.507251E1	2.655789E1	1.807075E4	7.232166E3	9.813311E1	3.974277E1
5.848000E0	1.169600E4	-4.258769E0	2.741077E1	2.773964E1	1.809883E4	6.864864E3	8.511703E1	3.740451E1
5.852000E0	1.170400E4	-1.681826E1	2.343470E1	2.884509E1	1.812567E4	6.650714E3	7.255754E1	4.138059E1
5.856000E0	1.171200E4	-2.602864E1	1.381809E1	2.946913E1	1.815204E4	6.600799E3	6.334715E1	5.099720E1
5.860000E0	1.172000E4	-2.965976E1	7.911427E-1	2.967031E1	1.817847E4	6.622465E3	5.971603E1	6.402414E1
5.864000E0	1.172800E4	-2.693899E1	-1.257147E1	2.972795E1	1.820502E4	6.610085E3	6.243680E1	7.738675E1
5.868000E0	1.173600E4	-1.844296E1	-2.306405E1	2.953123E1	1.823135E4	6.559666E3	7.093283E1	8.787934E1
5.872000E0	1.174400E4	-6.320414E0	-2.849568E1	2.918820E1	1.825749E4	6.549496E3	8.305538E1	9.331096E1
5.876000E0	1.175200E4	6.709572E0	-2.742244E1	2.823134E1	1.828375E4	6.711535E3	9.608537E1	9.223773E1
5.880000E0	1.176000E4	1.769483E1	-2.022233E1	2.687098E1	1.831119E4	7.092014E3	1.070706E2	8.503762E1
5.884000E0	1.176800E4	2.413000E1	-8.552076E0	2.560068E1	1.834048E4	7.574473E3	1.135058E2	7.336736E1
5.888000E0	1.177600E4	2.453396E1	5.117445E0	2.506199E1	1.837178E4	7.823383E3	1.139098E2	5.969784E1
5.892000E0	1.178400E4	1.849997E1	1.729495E1	2.532517E1	1.840307E4	7.678824E3	1.078758E2	4.752034E1
5.896000E0	1.179200E4	7.664147E0	2.540533E1	2.653620E1	1.843321E4	7.282021E3	9.703994E1	3.940995E1
5.900000E0	1.180000E4	-5.498668E0	2.744820E1	2.799355E1	1.846133E4	6.856865E3	8.387713E1	3.736709E1
5.904000E0	1.180800E4	-1.791806E1	2.287831E1	2.905983E1	1.848807E4	6.654300E3	7.145774E1	4.193698E1
5.908000E0	1.181600E4	-2.672505E1	1.271145E1	2.959407E1	1.851456E4	6.620288E3	6.265075E1	5.210383E1
5.912000E0	1.182400E4	-2.984090E1	-5.365003E-1	2.984572E1	1.854103E4	6.605089E3	5.953490E1	6.535179E1
5.916000E0	1.183200E4	-2.647263E1	-1.372397E1	2.981858E1	1.856740E4	6.582966E3	6.290317E1	7.853925E1
5.920000E0	1.184000E4	-1.748266E1	-2.379429E1	2.952645E1	1.859369E4	6.588856E3	7.189314E1	8.860957E1
5.924000E0	1.184800E4	-4.949810E0	-2.840216E1	2.883025E1	1.862011E4	6.688515E3	8.442599E1	9.321745E1
5.928000E0	1.185600E4	8.236473E0	-2.660472E1	2.785051E1	1.864720E4	6.918498E3	9.761227E1	9.142001E1
5.932000E0	1.186400E4	1.893368E1	-1.863077E1	2.656295E1	1.867546E4	7.276971E3	1.083095E2	8.344606E1
5.936000E0	1.187200E4	2.473008E1	-6.433589E0	2.555324E1	1.870542E4	7.649808E3	1.141059E2	7.124888E1
5.940000E0	1.188000E4	2.407397E1	7.204438E0	2.512887E1	1.873666E4	7.805642E3	1.134498E2	5.761085E1
5.944000E0	1.188800E4	1.739370E1	1.922484E1	2.592557E1	1.876786E4	7.564752E3	1.067695E2	4.559045E1
5.948000E0	1.189600E4	6.055265E0	2.660610E1	2.728646E1	1.879718E4	7.102052E3	9.543106E1	3.820919E1
5.952000E0	1.190400E4	-7.203996E0	2.750075E1	2.842867E1	1.882468E4	6.808531E3	8.217180E1	3.731453E1
5.956000E0	1.191200E4	-1.945221E1	2.187360E1	2.927188E1	1.885165E4	6.713743E3	6.992358E1	4.294169E1
5.960000E0	1.192000E4	-2.763218E1	1.094643E1	2.972140E1	1.887839E4	6.676988E3	6.174362E1	5.386885E1
5.964000E0	1.192800E4	-2.969545E1	-2.630732E0	2.981176E1	1.890506E4	6.664112E3	5.968034E1	6.744602E1
5.968000E0	1.193600E4	-2.519183E1	-1.556000E1	2.960982E1	1.893170E4	6.658116E3	6.418397E1	8.037528E1
5.972000E0	1.194400E4	-1.538044E1	-2.492988E1	2.929260E1	1.895833E4	6.677273E3	7.399535E1	8.974516E1
5.976000E0	1.195200E4	-2.437976E0	-2.855590E1	2.865978E1	1.898512E4	6.755307E3	8.693782E1	9.337119E1
5.980000E0	1.196000E4	1.047647E1	-2.545561E1	2.752716E1	1.901237E4	6.991244E3	9.985226E1	9.027090E1
5.984000E0	1.196800E4	2.034736E1	-1.644751E1	2.616364E1	1.904105E4	7.405727E3	1.097232E2	8.126280E1
5.988000E0	1.197600E4	2.490285E1	-3.670301E0	2.517187E1	1.907162E4	7.788106E3	1.142786E2	6.848559E1
5.992000E0	1.198400E4	2.317092E1	1.000534E1	2.523882E1	1.910335E4	7.814033E3	1.125467E2	5.480995E1
5.996000E0	1.199200E4	1.525200E1	2.109159E1	2.602842E1	1.913413E4	7.514403E3	1.046278E2	4.372370E1
6.000000E0	1.200000E4	3.097907E0	2.706480E1	2.724152E1	1.916347E4	7.122045E3	9.247370E1	3.775048E1
6.004000E0	1.200800E4	-1.017721E1	2.636875E1	2.826458E1	1.919110E4	6.843659E3	7.919858E1	3.844654E1
6.008000E0	1.201600E4	-2.180927E1	1.948641E1	2.924661E1	1.921822E4	6.741932E3	6.756653E1	4.532888E1
6.012000E0	1.202400E4	-2.867816E1	7.662880E0	2.968428E1	1.924504E4	6.700879E3	6.069764E1	5.715241E1
6.016000E0	1.203200E4	-2.912982E1	-6.099597E0	2.976158E1	1.927183E4	6.711487E3	6.024598E1	7.091488E1
6.020000E0	1.204000E4	-2.324448E1	-1.864354E1	2.979745E1	1.929873E4	6.675891E3	6.613131E1	8.345883E1
6.024000E0	1.204800E4	-1.230122E1	-2.666337E1	2.936418E1	1.932523E4	6.656265E3	7.707458E1	9.147866E1
6.028000E0	1.205600E4	9.845562E-1	-2.845123E1	2.846826E1	1.935198E4	6.823815E3	9.036035E1	9.326652E1
6.032000E0	1.206400E4	1.355755E1	-2.364970E1	2.726014E1	1.937982E4	7.124495E3	1.029333E2	8.846499E1
6.036000E0	1.207200E4	2.221416E1	-1.335929E1	2.592180E1	1.940898E4	7.543155E3	1.115900E2	7.817457E1
6.040000E0	1.208000E4	2.517335E1	7.442224E-2	2.517346E1	1.944017E4	7.865251E3	1.145491E2	6.474086E1
6.044000E0	1.208800E4	2.143489E1	1.334199E1	2.524804E1	1.947190E4	7.844545E3	1.108107E2	5.147329E1
6.048000E0	1.209600E4	1.196325E1	2.340417E1	2.628449E1	1.950293E4	7.478994E3	1.013390E2	4.141112E1
6.052000E0	1.210400E4	-8.379086E-1	2.771259E1	2.772526E1	1.953173E4	7.022247E3	8.853789E1	3.710269E1
6.056000E0	1.211200E4	-1.400005E1	2.514929E1	2.878347E1	1.955910E4	6.825770E3	7.537574E1	3.966600E1
6.060000E0	1.212000E4	-2.437481E1	1.623263E1	2.928532E1	1.958634E4	6.759410E3	6.500099E1	4.858266E1
6.064000E0	1.212800E4	-2.950980E1	3.529801E0	2.972016E1	1.961318E4	6.740296E3	5.986600E1	6.128549E1
6.068000E0	1.213600E4	-2.784680E1	-1.027895E1	2.968335E1	1.964026E4	6.773425E3	6.152900E1	7.509424E1
6.072000E0	1.214400E4	-1.998630E1	-2.170937E1	2.950846E1	1.966737E4	6.756554E3	6.938950E1	8.652466E1
6.076000E0	1.215200E4	-7.836081E0	-2.790168E1	2.898117E1	1.969431E4	6.782009E3	8.153972E1	9.271697E1
6.080000E0	1.216000E4	5.703908E0	-2.773204E1	2.831255E1	1.972162E4	6.921046E3	9.507970E1	9.254733E1
6.084000E0	1.216800E4	1.721005E1	-2.074347E1	2.695325E1	1.974968E4	7.244222E3	1.065858E2	8.555876E1
6.088000E0	1.217600E4	2.419065E1	-9.007839E0	2.581334E1	1.977958E4	7.675852E3	1.135664E2	7.382313E1
6.092000E0	1.218400E4	2.482814E1	4.865682E0	2.530043E1	1.981109E4	7.912093E3	1.142039E2	5.994960E1
6.096000E0	1.219200E4	1.874604E1	1.740344E1	2.557917E1	1.984287E4	7.793992E3	1.081218E2	4.741185E1
6.100000E0	1.220000E4	7.620162E0	2.562653E1	2.673548E1	1.987344E4	7.386672E3	9.699596E1	3.918876E1
6.104000E0	1.220800E4	-5.830238E0	2.750851E1	2.811956E1	1.990197E4	6.984829E3	8.354556E1	3.730678E1
6.108000E0	1.221600E4	-1.840765E1	2.247490E1	2.905103E1	1.992932E4	6.805816E3	7.096815E1	4.234039E1
6.112000E0	1.222400E4	-2.717018E1	1.186308E1	2.964712E1	1.995641E4	6.766245E3	6.220561E1	5.295221E1
6.116000E0	1.223200E4	-2.989100E1	-1.801253E0	2.994522E1	1.998345E4	6.759566E3	5.948479E1	6.661654E1
6.120000E0	1.224000E4	-2.560755E1	-1.507763E1	2.971669E1	2.001049E4	6.764225E3	6.376824E1	7.989292E1
6.124000E0	1.224800E4	-1.581911E1	-2.489073E1	2.949225E1	2.003756E4	6.788157E3	7.355668E1	8.970602E1
6.128000E0	1.225600E4	-2.618323E0	-2.874094E1	2.885996E1	2.006479E4	6.839413E3	8.675747E1	9.355622E1
6.132000E0	1.226400E4	1.050653E1	-2.564611E1	2.771480E1	2.009228E4	7.046271E3	9.988233E1	9.046140E1
6.136000E0	1.227200E4	2.048146E1	-1.648822E1	2.629357E1	2.012116E4	7.486057E3	1.098573E2	8.130351E1
6.140000E0	1.228000E4	2.500878E1	-3.440865E0	2.524438E1	2.015217E4	7.886125E3	1.143846E2	6.825615E1
6.144000E0	1.228800E4	2.291968E1	1.032641E1	2.513855E1	2.018425E4	7.955362E3	1.122955E2	5.448887E1
6.148000E0	1.229600E4	1.467090E1	2.159484E1	2.610694E1	2.021581E4	7.652907E3	1.040467E2	4.322045E1
6.152000E0	1.230400E4	2.163331E0	2.734800E1	2.743343E1	2.024548E4	7.191199E3	9.153913E1	3.746729E1
6.156000E0	1.231200E4	-1.132892E1	2.625681E1	2.859659E1	2.027334E4	6.896330E3	7.804687E1	3.855847E1
6.160000E0	1.232000E4	-2.276453E1	1.866725E1	2.943960E1	2.030065E4	6.799746E3	6.661126E1	4.614803E1
6.164000E0	1.232800E4	-2.909262E1	6.323792E0	2.977198E1	2.032774E4	6.785231E3	6.028318E1	5.849149E1
6.168000E0	1.233600E4	-2.863760E1	-7.635713E0	2.963809E1	2.035493E4	6.824801E3	6.073820E1	7.245100E1
6.172000E0	1.234400E4	-2.173608E1	-1.980255E1	2.940405E1	2.038233E4	6.841025E3	6.763972E1	8.461783E1
6.176000E0	1.235200E4	-1.000955E1	-2.699819E1	2.879398E1	2.040966E4	6.878084E3	7.936625E1	9.181347E1
6.180000E0	1.236000E4	3.611049E0	-2.795786E1	2.819010E1	2.043736E4	6.971269E3	9.298684E1	9.277315E1
6.184000E0	1.236800E4	1.569793E1	-2.206633E1	2.708040E1	2.046543E4	7.234876E3	1.050737E2	8.688162E1
6.188000E0	1.237600E4	2.347442E1	-1.082751E1	2.585118E1	2.049524E4	7.655215E3	1.128502E2	7.564280E1
6.192000E0	1.238400E4	2.502126E1	2.925888E0	2.519175E1	2.052667E4	7.918626E3	1.143971E2	6.188940E1
6.196000E0	1.239200E4	1.990618E1	1.588385E1	2.546670E1	2.055859E4	7.860547E3	1.092820E2	4.893143E1
6.200000E0	1.240000E4	9.249163E0	2.480930E1	2.647732E1	2.058955E4	7.511523E3	9.862496E1	4.000598E1
6.204000E0	1.240800E4	-4.174208E0	2.734301E1	2.765980E1	2.061868E4	7.164322E3	8.520159E1	3.747227E1
6.208000E0	1.241600E4	-1.727381E1	2.303283E1	2.879055E1	2.064687E4	6.979068E3	7.210198E1	4.178245E1
6.212000E0	1.242400E4	-2.658380E1	1.267279E1	2.944992E1	2.067451E4	6.865717E3	6.279200E1	5.214250E1
6.216000E0	1.243200E4	-2.976373E1	-9.324225E-1	2.977833E1	2.070179E4	6.840977E3	5.961207E1	6.574771E1
6.220000E0	1.244000E4	-2.607806E1	-1.459854E1	2.988616E1	2.072924E4	6.824881E3	6.329773E1	7.941382E1
6.224000E0	1.244800E4	-1.639476E1	-2.466992E1	2.962083E1	2.075639E4	6.779392E3	7.298104E1	8.948521E1
6.228000E0	1.245600E4	-3.294401E0	-2.880419E1	2.899197E1	2.078348E4	6.815204E3	8.608140E1	9.361948E1
6.232000E0	1.246400E4	9.922452E0	-2.596391E1	2.779532E1	2.081092E4	7.060626E3	9.929825E1	9.077920E1
6.236000E0	1.247200E4	2.036750E1	-1.711442E1	2.660335E1	2.083996E4	7.478538E3	1.097433E2	8.192971E1
6.240000E0	1.248000E4	2.520543E1	-4.107978E0	2.553799E1	2.087074E4	7.869323E3	1.145812E2	6.892326E1
6.244000E0	1.248800E4	2.318933E1	9.802661E0	2.517613E1	2.090291E4	8.003397E3	1.125651E2	5.501263E1
6.248000E0	1.249600E4	1.489904E1	2.109767E1	2.582815E1	2.093477E4	7.752647E3	1.042748E2	4.371762E1
6.252000E0	1.250400E4	2.379416E0	2.685175E1	2.695696E1	2.096494E4	7.376489E3	9.175521E1	3.796354E1
6.256000E0	1.251200E4	-1.130754E1	2.565896E1	2.804002E1	2.099378E4	7.123609E3	7.806825E1	3.915633E1
6.260000E0	1.252000E4	-2.280048E1	1.786183E1	2.896389E1	2.102192E4	6.988136E3	6.657532E1	4.695345E1
6.264000E0	1.252800E4	-2.905937E1	5.287532E0	2.953650E1	2.104969E4	6.886508E3	6.031643E1	5.952775E1
6.268000E0	1.253600E4	-2.838691E1	-8.687962E0	2.968665E1	2.107702E4	6.846760E3	6.098889E1	7.350325E1
6.272000E0	1.254400E4	-2.119581E1	-2.080114E1	2.969764E1	2.110446E4	6.814911E3	6.817999E1	8.561643E1
6.276000E0	1.255200E4	-9.274801E0	-2.777792E1	2.928540E1	2.113154E4	6.796919E3	8.010100E1	9.259321E1
6.280000E0	1.256000E4	4.360009E0	-2.804438E1	2.838128E1	2.115884E4	6.958616E3	9.373581E1	9.285966E1
6.284000E0	1.256800E4	1.641234E1	-2.161837E1	2.714257E1	2.118721E4	7.338608E3	1.057881E2	8.643366E1
6.288000E0	1.257600E4	2.387116E1	-9.865413E0	2.582941E1	2.121755E4	7.804498E3	1.132470E2	7.468070E1
6.292000E0	1.258400E4	2.459735E1	4.178526E0	2.494974E1	2.124964E4	8.111885E3	1.139731E2	6.063676E1
6.296000E0	1.259200E4	1.877480E1	1.716833E1	2.544100E1	2.128244E4	8.006521E3	1.081506E2	4.764696E1
6.300000E0	1.260000E4	7.427911E0	2.539056E1	2.645477E1	2.131369E4	7.546575E3	9.680371E1	3.942472E1
6.304000E0	1.260800E4	-6.197964E0	2.725078E1	2.794673E1	2.134281E4	7.140864E3	8.317783E1	3.756451E1
6.308000E0	1.261600E4	-1.908134E1	2.209013E1	2.919026E1	2.137082E4	6.947860E3	7.029446E1	4.272515E1
6.312000E0	1.262400E4	-2.761150E1	1.093420E1	2.969767E1	2.139840E4	6.885646E3	6.176430E1	5.388109E1
6.316000E0	1.263200E4	-2.980279E1	-3.082683E0	2.996180E1	2.142591E4	6.874684E3	5.957300E1	6.789797E1
6.320000E0	1.264000E4	-2.507170E1	-1.652786E1	3.002932E1	2.145339E4	6.855311E3	6.430410E1	8.134315E1
6.324000E0	1.264800E4	-1.446775E1	-2.583184E1	2.960743E1	2.148075E4	6.829176E3	7.490805E1	9.064713E1
6.328000E0	1.265600E4	-9.981467E-1	-2.897803E1	2.899521E1	2.150803E4	6.923348E3	8.837765E1	9.379331E1
6.332000E0	1.266400E4	1.227675E1	-2.502158E1	2.787109E1	2.153613E4	7.168811E3	1.016525E2	8.983686E1
6.336000E0	1.267200E4	2.176742E1	-1.502884E1	2.645159E1	2.156538E4	7.580184E3	1.111432E2	7.984413E1
6.340000E0	1.268000E4	2.519718E1	-1.419244E0	2.523712E1	2.159678E4	8.051629E3	1.145730E2	6.623453E1
6.344000E0	1.268800E4	2.174635E1	1.244959E1	2.505785E1	2.162979E4	8.163298E3	1.111221E2	5.236570E1
6.348000E0	1.269600E4	1.209466E1	2.282606E1	2.583235E1	2.166208E4	7.824174E3	1.014705E2	4.198922E1
6.352000E0	1.270400E4	-1.128779E0	2.711119E1	2.713468E1	2.169238E4	7.386015E3	8.824702E1	3.770409E1
6.356000E0	1.271200E4	-1.468818E1	2.428108E1	2.837804E1	2.172117E4	7.106133E3	7.468762E1	4.053421E1
6.360000E0	1.272000E4	-2.519813E1	1.500132E1	2.932551E1	2.174923E4	6.975630E3	6.417766E1	4.981397E1
6.364000E0	1.272800E4	-2.992612E1	1.581069E0	2.996786E1	2.177698E4	6.895314E3	5.944967E1	6.323422E1
6.368000E0	1.273600E4	-2.741360E1	-1.243289E1	3.010120E1	2.180440E4	6.835484E3	6.196220E1	7.724818E1
6.372000E0	1.274400E4	-1.860887E1	-2.352879E1	2.999824E1	2.183166E4	6.820733E3	7.076693E1	8.834408E1
6.376000E0	1.275200E4	-5.621454E0	-2.881670E1	2.935988E1	2.185896E4	6.866977E3	8.375434E1	9.363198E1
6.380000E0	1.276000E4	8.029841E0	-2.694343E1	2.811452E1	2.188660E4	7.111313E3	9.740564E1	9.175871E1
6.384000E0	1.276800E4	1.924625E1	-1.868215E1	2.682240E1	2.191585E4	7.581512E3	1.086220E2	8.349744E1
6.388000E0	1.277600E4	2.483874E1	-5.621563E0	2.546694E1	2.194725E4	8.048997E3	1.142145E2	7.043685E1
6.392000E0	1.278400E4	2.345214E1	8.649191E0	2.499623E1	2.198024E4	8.199080E3	1.128279E2	5.616610E1
6.396000E0	1.279200E4	1.551273E1	2.046704E1	2.568160E1	2.201284E4	7.930744E3	1.048885E2	4.434824E1
6.400000E0	1.280000E4	2.977257E0	2.692463E1	2.708874E1	2.204369E4	7.461739E3	9.235305E1	3.789065E1
6.404000E0	1.280800E4	-1.083551E1	2.611530E1	2.827396E1	2.207253E4	7.138709E3	7.854029E1	3.869999E1
6.408000E0	1.281600E4	-2.253013E1	1.837533E1	2.907334E1	2.210080E4	7.001842E3	6.684567E1	4.643996E1
6.412000E0	1.282400E4	-2.914488E1	5.903748E0	2.973682E1	2.212855E4	6.954376E3	6.023091E1	5.891154E1
6.416000E0	1.283200E4	-2.878038E1	-8.489464E0	3.000635E1	2.215643E4	6.942253E3	6.059542E1	7.330475E1
6.420000E0	1.284000E4	-2.146546E1	-2.079190E1	2.988426E1	2.218409E4	6.893622E3	6.791034E1	8.560719E1
6.424000E0	1.284800E4	-9.260410E0	-2.781134E1	2.931255E1	2.221158E4	6.896176E3	8.011539E1	9.262663E1
6.428000E0	1.285600E4	4.551975E0	-2.793105E1	2.829954E1	2.223926E4	7.060842E3	9.392777E1	9.274633E1
6.432000E0	1.286400E4	1.662425E1	-2.122427E1	2.695989E1	2.226807E4	7.471630E3	1.060001E2	8.603956E1
6.436000E0	1.287200E4	2.382222E1	-9.130535E0	2.551205E1	2.229903E4	7.979932E3	1.131980E2	7.394582E1
6.440000E0	1.288000E4	2.426508E1	5.117813E0	2.479891E1	2.233191E4	8.262599E3	1.136409E2	5.969747E1
6.444000E0	1.288800E4	1.780483E1	1.788584E1	2.523718E1	2.236513E4	8.128420E3	1.071806E2	4.692944E1
6.448000E0	1.289600E4	5.978140E0	2.576531E1	2.644975E1	2.239694E4	7.659970E3	9.535394E1	3.904997E1
6.452000E0	1.290400E4	-7.896672E0	2.681364E1	2.795226E1	2.242641E4	7.231593E3	8.147912E1	3.800165E1
6.456000E0	1.291200E4	-2.040794E1	2.055812E1	2.896757E1	2.245479E4	7.035706E3	6.896786E1	4.425717E1
6.460000E0	1.292000E4	-2.847932E1	8.872799E0	2.982949E1	2.248270E4	6.959319E3	6.089647E1	5.594249E1
6.464000E0	1.292800E4	-2.966279E1	-5.478667E0	3.016449E1	2.251046E4	6.918026E3	5.971301E1	7.029395E1
6.468000E0	1.293600E4	-2.372431E1	-1.856192E1	3.012288E1	2.253804E4	6.884068E3	6.565148E1	8.337721E1
6.472000E0	1.294400E4	-1.229607E1	-2.702757E1	2.969314E1	2.256554E4	6.879417E3	7.707972E1	9.184285E1
6.476000E0	1.295200E4	1.549841E0	-2.885016E1	2.889176E1	2.259307E4	7.010188E3	9.092564E1	9.366544E1
6.480000E0	1.296000E4	1.440619E1	-2.339994E1	2.747900E1	2.262162E4	7.376808E3	1.037820E2	8.821523E1
6.484000E0	1.296800E4	2.287657E1	-1.211791E1	2.588786E1	2.265209E4	7.899267E3	1.122524E2	7.693320E1
6.488000E0	1.297600E4	2.474408E1	2.083339E0	2.483163E1	2.268481E4	8.283592E3	1.141199E2	6.273195E1
6.492000E0	1.298400E4	1.946052E1	1.540112E1	2.481746E1	2.271836E4	8.278591E3	1.088363E2	4.941417E1
6.496000E0	1.299200E4	8.458256E0	2.462237E1	2.603465E1	2.275104E4	7.867437E3	9.783405E1	4.019292E1
6.500000E0	1.300000E4	-5.406143E0	2.706078E1	2.759551E1	2.278130E4	7.380709E3	8.396965E1	3.775451E1
6.504000E0	1.300800E4	-1.859036E1	2.208686E1	2.886920E1	2.281009E4	7.103725E3	7.078544E1	4.272843E1
6.508000E0	1.301600E4	-2.763674E1	1.109450E1	2.978048E1	2.283813E4	6.986075E3	6.173906E1	5.372079E1
6.512000E0	1.302400E4	-3.011647E1	-3.152451E0	3.028101E1	2.286598E4	6.917638E3	5.925932E1	6.796774E1
6.516000E0	1.303200E4	-2.532903E1	-1.674496E1	3.036369E1	2.289347E4	6.850681E3	6.404676E1	8.156025E1
6.520000E0	1.304000E4	-1.468974E1	-2.626389E1	3.009286E1	2.292078E4	6.849683E3	7.468606E1	9.107918E1
6.524000E0	1.304800E4	-8.836697E-1	-2.919072E1	2.920410E1	2.294827E4	6.976287E3	8.849213E1	9.400601E1
6.528000E0	1.305600E4	1.245308E1	-2.487752E1	2.782032E1	2.297659E4	7.283236E3	1.018289E2	8.969280E1
6.532000E0	1.306400E4	2.187051E1	-1.445825E1	2.621755E1	2.300653E4	7.797164E3	1.112463E2	7.927353E1
6.536000E0	1.307200E4	2.488332E1	-4.479157E-1	2.488735E1	2.303897E4	8.306799E3	1.142591E2	6.526320E1
6.540000E0	1.308000E4	2.088158E1	1.355358E1	2.489457E1	2.307299E4	8.370568E3	1.102574E2	5.126171E1
6.544000E0	1.308800E4	1.053013E1	2.357715E1	2.582180E1	2.310593E4	7.973267E3	9.990593E1	4.123814E1
6.548000E0	1.309600E4	-3.224070E0	2.714880E1	2.733957E1	2.313677E4	7.468719E3	8.615173E1	3.766648E1
6.552000E0	1.310400E4	-1.667826E1	2.322476E1	2.859290E1	2.316568E4	7.143763E3	7.269753E1	4.159053E1
6.556000E0	1.311200E4	-2.658973E1	1.301318E1	2.960332E1	2.319392E4	7.031047E3	6.278607E1	5.180210E1
6.560000E0	1.312000E4	-3.006447E1	-1.013846E0	3.008156E1	2.322193E4	6.986989E3	5.931133E1	6.582913E1
6.564000E0	1.312800E4	-2.616600E1	-1.499662E1	3.015888E1	2.324982E4	6.928562E3	6.320980E1	7.981191E1
6.568000E0	1.313600E4	-1.623834E1	-2.535209E1	3.010668E1	2.327736E4	6.875468E3	7.313745E1	9.016738E1
6.572000E0	1.314400E4	-2.648554E0	-2.922837E1	2.934812E1	2.330482E4	6.988766E3	8.672724E1	9.404365E1
6.576000E0	1.315200E4	1.105874E1	-2.571511E1	2.799218E1	2.333327E4	7.298692E3	1.004345E2	9.053039E1
6.580000E0	1.316000E4	2.113469E1	-1.580399E1	2.639017E1	2.336321E4	7.795694E3	1.105105E2	8.061928E1
6.584000E0	1.316800E4	2.513195E1	-1.918093E0	2.520504E1	2.339564E4	8.232211E3	1.145077E2	6.673338E1
6.588000E0	1.317600E4	2.184624E1	1.214421E1	2.499480E1	2.342907E4	8.318522E3	1.112220E2	5.267107E1
6.592000E0	1.318400E4	1.196234E1	2.267302E1	2.563519E1	2.346218E4	8.020560E3	1.013381E2	4.214227E1
6.596000E0	1.319200E4	-1.526428E0	2.701505E1	2.705814E1	2.349323E4	7.558792E3	8.784937E1	3.780023E1
6.600000E0	1.320000E4	-1.528052E1	2.384386E1	2.832002E1	2.352265E4	7.256846E3	7.409527E1	4.097143E1
6.604000E0	1.320800E4	-2.576777E1	1.411405E1	2.938000E1	2.355129E4	7.105955E3	6.360803E1	5.070124E1
6.608000E0	1.321600E4	-3.000193E1	2.609109E-1	3.000307E1	2.357950E4	7.008117E3	5.937386E1	6.455438E1
6.612000E0	1.322400E4	-2.674241E1	-1.383450E1	3.010896E1	2.360735E4	6.956961E3	6.263339E1	7.864979E1
6.616000E0	1.323200E4	-1.720734E1	-2.471892E1	3.011839E1	2.363516E4	6.905640E3	7.216845E1	8.953420E1
6.620000E0	1.324000E4	-3.789476E0	-2.917237E1	2.941746E1	2.366260E4	6.970068E3	8.558632E1	9.398765E1
6.624000E0	1.324800E4	1.009085E1	-2.640046E1	2.826322E1	2.369092E4	7.250462E3	9.946664E1	9.121575E1
6.628000E0	1.325600E4	2.062968E1	-1.694394E1	2.669608E1	2.372060E4	7.678817E3	1.100055E2	8.175922E1
6.632000E0	1.326400E4	2.513708E1	-3.377000E0	2.536291E1	2.375235E4	8.173966E3	1.145129E2	6.819229E1
6.636000E0	1.327200E4	2.249138E1	1.096695E1	2.502272E1	2.378599E4	8.350116E3	1.118672E2	5.384834E1
6.640000E0	1.328000E4	1.313772E1	2.199458E1	2.561955E1	2.381915E4	8.061056E3	1.025135E2	4.282071E1
6.644000E0	1.328800E4	-2.258496E-1	2.681154E1	2.681249E1	2.385048E4	7.641286E3	8.914995E1	3.800375E1
6.648000E0	1.329600E4	-1.416855E1	2.426628E1	2.809982E1	2.388028E4	7.335645E3	7.520725E1	4.054901E1
6.652000E0	1.330400E4	-2.510630E1	1.498550E1	2.923853E1	2.390917E4	7.145896E3	6.426950E1	4.982979E1
6.656000E0	1.331200E4	-2.978254E1	1.327996E0	2.981214E1	2.393745E4	7.061512E3	5.959325E1	6.348729E1
6.660000E0	1.332000E4	-2.702384E1	-1.298240E1	2.998051E1	2.396566E4	7.042333E3	6.235196E1	7.779769E1
6.664000E0	1.332800E4	-1.770768E1	-2.418168E1	2.997192E1	2.399379E4	6.975984E3	7.166812E1	8.899697E1
6.668000E0	1.333600E4	-4.384703E0	-2.922621E1	2.955329E1	2.402147E4	6.966819E3	8.499109E1	9.404150E1
6.672000E0	1.334400E4	9.504127E0	-2.680893E1	2.844375E1	2.404952E4	7.203358E3	9.887992E1	9.162421E1
6.676000E0	1.335200E4	2.023865E1	-1.753460E1	2.677807E1	2.407909E4	7.689971E3	1.096144E2	8.234988E1
6.680000E0	1.336000E4	2.520592E1	-3.974246E0	2.551731E1	2.411104E4	8.185632E3	1.145817E2	6.878953E1
6.684000E0	1.336800E4	2.275235E1	1.040708E1	2.501953E1	2.414458E4	8.367577E3	1.121281E2	5.440821E1
6.688000E0	1.337600E4	1.362254E1	2.178412E1	2.569283E1	2.417798E4	8.109469E3	1.029983E2	4.303117E1
6.692000E0	1.338400E4	2.564452E-1	2.698039E1	2.698161E1	2.420946E4	7.618393E3	8.963224E1	3.783489E1
6.696000E0	1.339200E4	-1.365999E1	2.471683E1	2.824034E1	2.423893E4	7.300412E3	7.571581E1	4.009845E1
6.700000E0	1.340000E4	-2.470519E1	1.552235E1	2.917687E1	2.426786E4	7.157327E3	6.467060E1	4.929293E1
6.704000E0	1.340800E4	-2.970582E1	1.980215E0	2.977175E1	2.429619E4	7.083533E3	5.966997E1	6.283507E1
6.708000E0	1.341600E4	-2.730474E1	-1.245902E1	3.001293E1	2.432453E4	7.036752E3	6.207105E1	7.727431E1
6.712000E0	1.342400E4	-1.825239E1	-2.377002E1	2.996938E1	2.435248E4	6.959274E3	7.112341E1	8.858531E1
6.716000E0	1.343200E4	-4.984904E0	-2.886305E1	2.929035E1	2.438020E4	7.043369E3	8.439089E1	9.367833E1
6.720000E0	1.344000E4	9.119764E0	-2.674746E1	2.825946E1	2.440883E4	7.316429E3	9.849556E1	9.156275E1
6.724000E0	1.344800E4	2.009971E1	-1.763777E1	2.674115E1	2.443873E4	7.753498E3	1.094755E2	8.245306E1
6.728000E0	1.345600E4	2.523404E1	-4.062072E0	2.555890E1	2.447086E4	8.177308E3	1.146098E2	6.887736E1
6.732000E0	1.346400E4	2.292166E1	1.027788E1	2.512046E1	2.450415E4	8.311069E3	1.122975E2	5.453740E1
6.736000E0	1.347200E4	1.399964E1	2.184337E1	2.594461E1	2.453734E4	8.059358E3	1.033754E2	4.297192E1
6.740000E0	1.348000E4	6.506664E-1	2.712641E1	2.713421E1	2.456863E4	7.640581E3	9.002646E1	3.768888E1
6.744000E0	1.348800E4	-1.346521E1	2.483247E1	2.824825E1	2.459847E4	7.366482E3	7.591058E1	3.998281E1
6.748000E0	1.349600E4	-2.457939E1	1.562396E1	2.912481E1	2.462756E4	7.200827E3	6.479641E1	4.919132E1
6.752000E0	1.350400E4	-2.962924E1	2.032892E0	2.969890E1	2.465608E4	7.126870E3	5.974655E1	6.278240E1
6.756000E0	1.351200E4	-2.722063E1	-1.244692E1	2.993140E1	2.468457E4	7.082807E3	6.215517E1	7.726221E1
6.760000E0	1.352000E4	-1.809130E1	-2.378048E1	2.987987E1	2.471274E4	7.043223E3	7.128450E1	8.859577E1
6.764000E0	1.352800E4	-4.617039E0	-2.888498E1	2.925165E1	2.474092E4	7.093004E3	8.475876E1	9.370027E1
6.768000E0	1.353600E4	9.431196E0	-2.666020E1	2.827921E1	2.476948E4	7.300057E3	9.880699E1	9.147548E1
6.772000E0	1.354400E4	2.025015E1	-1.740620E1	2.670289E1	2.479932E4	7.750650E3	1.096259E2	8.222149E1
6.776000E0	1.355200E4	2.519553E1	-3.771465E0	2.547624E1	2.483149E4	8.255420E3	1.145713E2	6.858675E1
6.780000E0	1.356000E4	2.284594E1	1.082966E1	2.528277E1	2.486536E4	8.369268E3	1.122217E2	5.398563E1
6.784000E0	1.356800E4	1.355669E1	2.207134E1	2.590228E1	2.489844E4	8.069650E3	1.029325E2	4.274395E1
6.788000E0	1.357600E4	3.810752E-2	2.714016E1	2.714019E1	2.492992E4	7.620394E3	8.941390E1	3.767512E1
6.792000E0	1.358400E4	-1.389170E1	2.464974E1	2.829468E1	2.495940E4	7.320032E3	7.548410E1	4.016554E1
6.796000E0	1.359200E4	-2.480126E1	1.521026E1	2.909388E1	2.498848E4	7.192021E3	6.457454E1	4.960503E1
6.800000E0	1.360000E4	-2.962662E1	1.583677E0	2.966892E1	2.501694E4	7.152739E3	5.974918E1	6.323161E1
6.804000E0	1.360800E4	-2.684762E1	-1.292188E1	2.979546E1	2.504570E4	7.154700E3	6.252818E1	7.773716E1
6.808000E0	1.361600E4	-1.741598E1	-2.412813E1	2.975706E1	2.507418E4	7.076835E3	7.195982E1	8.894342E1
6.812000E0	1.362400E4	-3.915174E0	-2.901981E1	2.928272E1	2.510232E4	7.102124E3	8.546062E1	9.383510E1
6.816000E0	1.363200E4	1.013565E1	-2.641145E1	2.828951E1	2.513099E4	7.327614E3	9.951145E1	9.122674E1
6.820000E0	1.364000E4	2.081879E1	-1.689647E1	2.681254E1	2.516094E4	7.729321E3	1.101946E2	8.171176E1
6.824000E0	1.364800E4	2.531772E1	-3.185194E0	2.551730E1	2.519283E4	8.205577E3	1.146935E2	6.800048E1
6.828000E0	1.365600E4	2.240767E1	1.121209E1	2.505623E1	2.522658E4	8.408873E3	1.117835E2	5.360320E1
6.832000E0	1.366400E4	1.288586E1	2.240951E1	2.585018E1	2.526010E4	8.091636E3	1.022617E2	4.240577E1
6.836000E0	1.367200E4	-6.239690E-1	2.718177E1	2.718893E1	2.529132E4	7.613819E3	8.875183E1	3.763351E1
6.840000E0	1.368000E4	-1.465191E1	2.437438E1	2.843922E1	2.532101E4	7.355156E3	7.472388E1	4.044091E1
6.844000E0	1.368800E4	-2.536855E1	1.455443E1	2.924713E1	2.535016E4	7.222639E3	6.400725E1	5.026086E1
6.848000E0	1.369600E4	-2.975057E1	6.273379E-1	2.975718E1	2.537879E4	7.156884E3	5.962523E1	6.418795E1
6.852000E0	1.370400E4	-2.645845E1	-1.372140E1	2.980481E1	2.540741E4	7.138039E3	6.291735E1	7.853669E1
6.856000E0	1.371200E4	-1.657281E1	-2.447456E1	2.955777E1	2.543590E4	7.131525E3	7.280298E1	8.928984E1
6.860000E0	1.372000E4	-2.784312E0	-2.872456E1	2.885919E1	2.546446E4	7.228852E3	8.659148E1	9.353985E1
6.864000E0	1.372800E4	1.114271E1	-2.535119E1	2.769193E1	2.549373E4	7.478185E3	1.005185E2	9.016647E1
6.868000E0	1.373600E4	2.143261E1	-1.540712E1	2.639576E1	2.552429E4	7.904757E3	1.108084E2	8.022241E1
6.872000E0	1.374400E4	2.538066E1	-1.345606E0	2.541630E1	2.555697E4	8.308095E3	1.147565E2	6.616089E1
6.876000E0	1.375200E4	2.187725E1	1.301755E1	2.545723E1	2.559075E4	8.346872E3	1.112530E2	5.179774E1
6.880000E0	1.376000E4	1.160426E1	2.352094E1	2.622772E1	2.562374E4	8.017368E3	1.009801E2	4.129435E1
6.884000E0	1.376800E4	-2.356166E0	2.752460E1	2.762526E1	2.565489E4	7.583438E3	8.701963E1	3.729069E1
6.888000E0	1.377600E4	-1.629551E1	2.379216E1	2.883766E1	2.568441E4	7.301410E3	7.308028E1	4.102313E1
6.892000E0	1.378400E4	-2.650802E1	1.332983E1	2.967086E1	2.571330E4	7.172163E3	6.286777E1	5.148546E1
6.896000E0	1.379200E4	-2.996617E1	-9.338591E-1	2.998072E1	2.574178E4	7.159743E3	5.940962E1	6.574915E1
6.900000E0	1.380000E4	-2.577121E1	-1.523009E1	2.993511E1	2.577058E4	7.167303E3	6.360459E1	8.004538E1
6.904000E0	1.380800E4	-1.520711E1	-2.543280E1	2.963247E1	2.579912E4	7.108828E3	7.416868E1	9.024808E1
6.908000E0	1.381600E4	-1.283823E0	-2.885611E1	2.888466E1	2.582745E4	7.212142E3	8.809197E1	9.367140E1
6.912000E0	1.382400E4	1.245514E1	-2.463503E1	2.760462E1	2.585682E4	7.551707E3	1.018309E2	8.945032E1
6.916000E0	1.383200E4	2.206330E1	-1.385842E1	2.605466E1	2.588787E4	8.022939E3	1.114391E2	7.867370E1
6.920000E0	1.384000E4	2.507395E1	4.394396E-1	2.507780E1	2.592100E4	8.443936E3	1.144497E2	6.437585E1
6.924000E0	1.384800E4	2.059070E1	1.464262E1	2.526625E1	2.595542E4	8.442653E3	1.099665E2	5.017266E1
6.928000E0	1.385600E4	9.619435E0	2.447706E1	2.629943E1	2.598855E4	8.009453E3	9.899523E1	4.033823E1
6.932000E0	1.386400E4	-4.583580E0	2.740999E1	2.779058E1	2.601949E4	7.541839E3	8.479222E1	3.740530E1
6.936000E0	1.387200E4	-1.817121E1	2.253593E1	2.894929E1	2.604888E4	7.279843E3	7.120458E1	4.227935E1
6.940000E0	1.388000E4	-2.760284E1	1.130270E1	2.982730E1	2.607773E4	7.166133E3	6.177296E1	5.351259E1
6.944000E0	1.388800E4	-2.986763E1	-3.249439E0	3.004388E1	2.610621E4	7.152662E3	5.950816E1	6.806473E1
6.948000E0	1.389600E4	-2.453676E1	-1.715108E1	2.993680E1	2.613495E4	7.169433E3	6.483904E1	8.196637E1
6.952000E0	1.390400E4	-1.316202E1	-2.647354E1	2.956497E1	2.616356E4	7.161126E3	7.621378E1	9.128883E1
6.956000E0	1.391200E4	1.118992E0	-2.857705E1	2.859895E1	2.619224E4	7.310353E3	9.049479E1	9.339234E1
6.960000E0	1.392000E4	1.443055E1	-2.305130E1	2.719565E1	2.622205E4	7.670632E3	1.038063E2	8.786659E1
6.964000E0	1.392800E4	2.311391E1	-1.147010E1	2.580341E1	2.625361E4	8.203813E3	1.124897E2	7.628539E1
6.968000E0	1.393600E4	2.478351E1	3.341103E0	2.500770E1	2.628768E4	8.516778E3	1.141593E2	6.147418E1
6.972000E0	1.394400E4	1.894055E1	1.690013E1	2.538422E1	2.632174E4	8.323902E3	1.083163E2	4.791515E1
6.976000E0	1.395200E4	7.223608E0	2.564563E1	2.664356E1	2.635427E4	7.892369E3	9.659940E1	3.916965E1
6.980000E0	1.396000E4	-7.197992E0	2.708891E1	2.802892E1	2.638488E4	7.515901E3	8.217780E1	3.772637E1
6.984000E0	1.396800E4	-2.033670E1	2.076986E1	2.906834E1	2.641440E4	7.300327E3	6.903910E1	4.404543E1
6.988000E0	1.397600E4	-2.861746E1	8.594775E0	2.988025E1	2.644328E4	7.179848E3	6.075834E1	5.622051E1
6.992000E0	1.398400E4	-2.942887E1	-6.166804E0	3.006805E1	2.647184E4	7.164077E3	5.994693E1	7.098209E1
6.996000E0	1.399200E4	-2.280598E1	-1.954422E1	3.003480E1	2.650060E4	7.165839E3	6.656982E1	8.435951E1
7.000000E0	1.400000E4	-1.046716E1	-2.749969E1	2.942438E1	2.652916E4	7.178895E3	7.890864E1	9.231498E1
7.004000E0	1.400800E4	3.969323E0	-2.814691E1	2.842541E1	2.655803E4	7.349420E3	9.334512E1	9.296219E1
7.008000E0	1.401600E4	1.664621E1	-2.133906E1	2.706385E1	2.658796E4	7.740983E3	1.060220E2	8.615435E1
7.012000E0	1.402400E4	2.403727E1	-8.770297E0	2.558727E1	2.661995E4	8.297206E3	1.134131E2	7.358558E1
7.016000E0	1.403200E4	2.424518E1	6.195692E0	2.502429E1	2.665433E4	8.558213E3	1.136210E2	5.861959E1
7.020000E0	1.404000E4	1.703663E1	1.920271E1	2.567082E1	2.668842E4	8.268420E3	1.064124E2	4.561257E1
7.024000E0	1.404800E4	4.486468E0	2.675882E1	2.713232E1	2.672048E4	7.769264E3	9.386226E1	3.805646E1
7.028000E0	1.405600E4	-9.984422E0	2.659879E1	2.841099E1	2.675057E4	7.423656E3	7.939137E1	3.821649E1
7.032000E0	1.406400E4	-2.235314E1	1.884218E1	2.923510E1	2.677987E4	7.289860E3	6.702265E1	4.597310E1
7.036000E0	1.407200E4	-2.926226E1	5.744435E0	2.982077E1	2.680889E4	7.237145E3	6.011354E1	5.907085E1
7.040000E0	1.408000E4	-2.851757E1	-9.138721E0	2.994608E1	2.683777E4	7.230402E3	6.085823E1	7.395401E1
7.044000E0	1.408800E4	-2.039094E1	-2.166619E1	2.975255E1	2.686674E4	7.191627E3	6.898486E1	8.648148E1
7.048000E0	1.409600E4	-7.397026E0	-2.819891E1	2.915295E1	2.689530E4	7.221072E3	8.197877E1	9.301420E1
7.052000E0	1.410400E4	7.032712E0	-2.718299E1	2.807799E1	2.692451E4	7.478288E3	9.640851E1	9.199827E1
7.056000E0	1.411200E4	1.890692E1	-1.882272E1	2.667894E1	2.695513E4	7.929678E3	1.082827E2	8.363800E1
7.060000E0	1.412000E4	2.492001E1	-5.322928E0	2.548216E1	2.698794E4	8.376517E3	1.142958E2	7.013821E1
7.064000E0	1.412800E4	2.340874E1	9.524343E0	2.527216E1	2.702214E4	8.487467E3	1.127845E2	5.529094E1
7.068000E0	1.413600E4	1.464145E1	2.157866E1	2.607701E1	2.705584E4	8.170279E3	1.040172E2	4.323662E1
7.072000E0	1.414400E4	1.195304E0	2.740140E1	2.742746E1	2.708750E4	7.692920E3	9.057110E1	3.741389E1
7.076000E0	1.415200E4	-1.316481E1	2.541282E1	2.862033E1	2.711739E4	7.406670E3	7.621099E1	3.940247E1
7.080000E0	1.416000E4	-2.465868E1	1.616350E1	2.948405E1	2.714676E4	7.305474E3	6.471711E1	4.865179E1
7.084000E0	1.416800E4	-2.976071E1	2.169995E0	2.983972E1	2.717583E4	7.287198E3	5.961508E1	6.264529E1
7.088000E0	1.417600E4	-2.708739E1	-1.266168E1	2.990058E1	2.720505E4	7.259289E3	6.228841E1	7.747696E1
7.092000E0	1.418400E4	-1.739782E1	-2.386185E1	2.953087E1	2.723390E4	7.240379E3	7.197798E1	8.867714E1
7.096000E0	1.419200E4	-3.545061E0	-2.877342E1	2.899098E1	2.726298E4	7.308947E3	8.583073E1	9.358870E1
7.100000E0	1.420000E4	1.057386E1	-2.568520E1	2.777654E1	2.729238E4	7.539106E3	9.994966E1	9.050049E1
7.104000E0	1.420800E4	2.109393E1	-1.572920E1	2.631277E1	2.732329E4	8.045944E3	1.104697E2	8.054449E1
7.108000E0	1.421600E4	2.529159E1	-1.439208E0	2.533250E1	2.735674E4	8.467352E3	1.146674E2	6.625449E1
7.112000E0	1.422400E4	2.181125E1	1.311996E1	2.545318E1	2.739103E4	8.448302E3	1.111871E2	5.169532E1
7.116000E0	1.423200E4	1.137965E1	2.367639E1	2.626915E1	2.742433E4	8.082093E3	1.007554E2	4.113889E1
7.120000E0	1.424000E4	-2.745377E0	2.758010E1	2.771640E1	2.745568E4	7.625632E3	8.663042E1	3.723519E1
7.124000E0	1.424800E4	-1.669017E1	2.354222E1	2.885824E1	2.748533E4	7.368325E3	7.268562E1	4.127306E1
7.128000E0	1.425600E4	-2.672021E1	1.266986E1	2.957186E1	2.751463E4	7.277581E3	6.265558E1	5.214543E1
7.132000E0	1.426400E4	-2.976811E1	-1.849507E0	2.982551E1	2.754356E4	7.280427E3	5.960768E1	6.666479E1
7.136000E0	1.427200E4	-2.508711E1	-1.621383E1	2.987058E1	2.757287E4	7.304933E3	6.428868E1	8.102911E1
7.140000E0	1.428000E4	-1.387317E1	-2.608582E1	2.954547E1	2.760199E4	7.254534E3	7.550263E1	9.090111E1
7.144000E0	1.428800E4	4.587348E-1	-2.885200E1	2.885565E1	2.763091E4	7.331843E3	8.983453E1	9.366729E1
7.148000E0	1.429600E4	1.411320E1	-2.381718E1	2.768467E1	2.766065E4	7.648990E3	1.034890E2	8.863247E1
7.152000E0	1.430400E4	2.317404E1	-1.226856E1	2.622124E1	2.769210E4	8.113659E3	1.125498E2	7.708385E1
7.156000E0	1.431200E4	2.524564E1	2.456996E0	2.536492E1	2.772556E4	8.473432E3	1.146214E2	6.235829E1
7.160000E0	1.432000E4	1.963600E1	1.641258E1	2.559190E1	2.775989E4	8.416591E3	1.090118E2	4.840270E1
7.164000E0	1.432800E4	7.838887E0	2.546718E1	2.664630E1	2.779289E4	7.990545E3	9.721468E1	3.934810E1
7.168000E0	1.433600E4	-6.692851E0	2.721839E1	2.802918E1	2.782381E4	7.582558E3	8.268295E1	3.759689E1
7.172000E0	1.434400E4	-1.999862E1	2.103594E1	2.902509E1	2.785355E4	7.395730E3	6.937718E1	4.377935E1
7.176000E0	1.435200E4	-2.827936E1	8.656405E0	2.957458E1	2.788298E4	7.308462E3	6.109644E1	5.615888E1
7.180000E0	1.436000E4	-2.918627E1	-6.214177E0	2.984048E1	2.791202E4	7.267148E3	6.018953E1	7.102946E1
7.184000E0	1.436800E4	-2.249528E1	-1.963610E1	2.985991E1	2.794112E4	7.250532E3	6.688051E1	8.445139E1
7.188000E0	1.437600E4	-9.992835E0	-2.749072E1	2.925058E1	2.797002E4	7.285754E3	7.938296E1	9.230601E1
7.192000E0	1.438400E4	4.635480E0	-2.798945E1	2.837070E1	2.799940E4	7.443975E3	9.401128E1	9.280474E1
7.196000E0	1.439200E4	1.721029E1	-2.082166E1	2.701362E1	2.802958E4	7.829927E3	1.065861E2	8.563695E1
7.200000E0	1.440000E4	2.439781E1	-7.907036E0	2.564711E1	2.806204E4	8.322536E3	1.137736E2	7.272232E1
7.204000E0	1.440800E4	2.416183E1	6.999521E0	2.515526E1	2.809616E4	8.516729E3	1.135376E2	5.781577E1
7.208000E0	1.441600E4	1.647206E1	1.975422E1	2.572077E1	2.813018E4	8.320220E3	1.058479E2	4.506107E1
7.212000E0	1.442400E4	3.418651E0	2.675236E1	2.696991E1	2.816272E4	7.894673E3	9.279445E1	3.806293E1
7.216000E0	1.443200E4	-1.116625E1	2.588503E1	2.819078E1	2.819333E4	7.555679E3	7.820955E1	3.893026E1
7.220000E0	1.444000E4	-2.338597E1	1.751841E1	2.921982E1	2.822316E4	7.374913E3	6.598983E1	4.729688E1
7.224000E0	1.444800E4	-2.966983E1	3.993786E0	2.993742E1	2.825233E4	7.295366E3	5.970597E1	6.082150E1
7.228000E0	1.445600E4	-2.792764E1	-1.101568E1	3.002163E1	2.828153E4	7.293249E3	6.144815E1	7.583096E1
7.232000E0	1.446400E4	-1.896046E1	-2.314835E1	2.992232E1	2.831068E4	7.234895E3	7.041534E1	8.796364E1
7.236000E0	1.447200E4	-5.400364E0	-2.887118E1	2.937191E1	2.833941E4	7.219158E3	8.397543E1	9.368647E1
7.240000E0	1.448000E4	8.946610E0	-2.684306E1	2.829473E1	2.836843E4	7.449442E3	9.832241E1	9.165834E1
7.244000E0	1.448800E4	2.025653E1	-1.760825E1	2.683984E1	2.839900E4	7.924839E3	1.096323E2	8.242354E1
7.248000E0	1.449600E4	2.522968E1	-3.621453E0	2.548826E1	2.843183E4	8.447606E3	1.146055E2	6.843674E1
7.252000E0	1.450400E4	2.247019E1	1.124322E1	2.512607E1	2.846658E4	8.604129E3	1.118460E2	5.357207E1
7.256000E0	1.451200E4	1.271177E1	2.261936E1	2.594657E1	2.850066E4	8.281822E3	1.020876E2	4.219592E1
7.260000E0	1.452000E4	-1.350827E0	2.726660E1	2.730004E1	2.853284E4	7.808937E3	8.802497E1	3.754868E1
7.264000E0	1.452800E4	-1.564761E1	2.397034E1	2.862560E1	2.856314E4	7.479449E3	7.372818E1	4.084494E1
7.268000E0	1.453600E4	-2.620561E1	1.354207E1	2.949782E1	2.859267E4	7.325080E3	6.317019E1	5.127322E1
7.272000E0	1.454400E4	-2.997890E1	-9.090036E-1	2.999267E1	2.862174E4	7.286266E3	5.939690E1	6.572429E1
7.276000E0	1.455200E4	-2.578123E1	-1.546761E1	3.006525E1	2.865096E4	7.274152E3	6.359456E1	8.028290E1
7.280000E0	1.456000E4	-1.489701E1	-2.572970E1	2.973110E1	2.867993E4	7.234759E3	7.447879E1	9.054499E1
7.284000E0	1.456800E4	-5.854152E-1	-2.891104E1	2.891697E1	2.870884E4	7.328767E3	8.879038E1	9.372633E1
7.288000E0	1.457600E4	1.323070E1	-2.430706E1	2.767462E1	2.873856E4	7.638826E3	1.026065E2	8.912235E1
7.292000E0	1.458400E4	2.266610E1	-1.311235E1	2.618560E1	2.876995E4	8.142639E3	1.120419E2	7.792764E1
7.296000E0	1.459200E4	2.509748E1	1.623518E0	2.514994E1	2.880370E4	8.561841E3	1.144733E2	6.319177E1
7.300000E0	1.460000E4	1.984438E1	1.575404E1	2.533751E1	2.883845E4	8.545301E3	1.092202E2	4.906125E1
7.304000E0	1.460800E4	8.113190E0	2.506451E1	2.634490E1	2.887206E4	8.110174E3	9.748899E1	3.975078E1
7.308000E0	1.461600E4	-6.372698E0	2.690238E1	2.764687E1	2.890333E4	7.677821E3	8.300310E1	3.791290E1
7.312000E0	1.462400E4	-1.979696E1	2.087171E1	2.876713E1	2.893349E4	7.479638E3	6.957884E1	4.394358E1
7.316000E0	1.463200E4	-2.833750E1	8.575129E0	2.960654E1	2.896316E4	7.336087E3	6.103829E1	5.624016E1
7.320000E0	1.464000E4	-2.933903E1	-6.329869E0	3.001409E1	2.899217E4	7.268437E3	6.003677E1	7.114516E1
7.324000E0	1.464800E4	-2.258182E1	-1.984652E1	3.006365E1	2.902131E4	7.246435E3	6.679397E1	8.466180E1
7.328000E0	1.465600E4	-1.010080E1	-2.797388E1	2.974162E1	2.905015E4	7.255000E3	7.927500E1	9.278917E1
7.332000E0	1.466400E4	4.695892E0	-2.851596E1	2.890002E1	2.907935E4	7.383579E3	9.407169E1	9.333125E1
7.336000E0	1.467200E4	1.724115E1	-2.112843E1	2.727028E1	2.910922E4	7.755709E3	1.066169E2	8.594372E1
7.340000E0	1.468000E4	2.438681E1	-8.208500E0	2.573123E1	2.914140E4	8.321121E3	1.137626E2	7.302379E1
7.344000E0	1.468800E4	2.403074E1	6.792757E0	2.497234E1	2.917578E4	8.630603E3	1.134065E2	5.802253E1
7.348000E0	1.469600E4	1.618205E1	1.958983E1	2.540906E1	2.921044E4	8.458153E3	1.055578E2	4.522546E1
7.352000E0	1.470400E4	3.046397E0	2.652875E1	2.670309E1	2.924345E4	7.987915E3	9.242219E1	3.828654E1
7.356000E0	1.471200E4	-1.153684E1	2.549772E1	2.798629E1	2.927435E4	7.629329E3	7.783895E1	3.931757E1
7.360000E0	1.472000E4	-2.363281E1	1.686718E1	2.903465E1	2.930448E4	7.453791E3	6.574299E1	4.794811E1
7.364000E0	1.472800E4	-2.955939E1	3.119623E0	2.972356E1	2.933398E4	7.370379E3	5.981640E1	6.169566E1
7.368000E0	1.473600E4	-2.756397E1	-1.195478E1	3.004479E1	2.936345E4	7.308240E3	6.181183E1	7.677006E1
7.372000E0	1.474400E4	-1.833384E1	-2.384257E1	3.007653E1	2.939244E4	7.206848E3	7.104196E1	8.865785E1
7.376000E0	1.475200E4	-4.582157E0	-2.926657E1	2.962310E1	2.942110E4	7.224698E3	8.479364E1	9.408186E1
7.380000E0	1.476000E4	9.842172E0	-2.669422E1	2.845083E1	2.945024E4	7.470070E3	9.921797E1	9.150951E1
7.384000E0	1.476800E4	2.064129E1	-1.679734E1	2.661228E1	2.948086E4	8.015292E3	1.100171E2	8.161263E1
7.388000E0	1.477600E4	2.506203E1	-2.474451E0	2.518389E1	2.951436E4	8.595136E3	1.144378E2	6.728974E1
7.392000E0	1.478400E4	2.173954E1	1.236147E1	2.500827E1	2.954962E4	8.696149E3	1.111153E2	5.245381E1
7.396000E0	1.479200E4	1.139472E1	2.329086E1	2.592882E1	2.958393E4	8.285174E3	1.007705E2	4.152443E1
7.400000E0	1.480000E4	-2.832180E0	2.738448E1	2.753054E1	2.961590E4	7.754977E3	8.654362E1	3.743081E1
7.404000E0	1.480800E4	-1.688917E1	2.327132E1	2.875410E1	2.964597E4	7.454784E3	7.248663E1	4.154397E1
7.408000E0	1.481600E4	-2.688825E1	1.222934E1	2.953869E1	2.967554E4	7.327428E3	6.248755E1	5.258595E1
7.412000E0	1.482400E4	-2.978151E1	-2.390782E0	2.987732E1	2.970459E4	7.316595E3	5.959428E1	6.720607E1
7.416000E0	1.483200E4	-2.469981E1	-1.670778E1	2.981997E1	2.973408E4	7.350872E3	6.467598E1	8.152306E1
7.420000E0	1.484000E4	-1.315880E1	-2.627373E1	2.938474E1	2.976340E4	7.328587E3	7.621700E1	9.108902E1
7.424000E0	1.484800E4	1.348835E0	-2.855512E1	2.858696E1	2.979270E4	7.439346E3	9.072463E1	9.337040E1
7.428000E0	1.485600E4	1.479991E1	-2.286715E1	2.723864E1	2.982291E4	7.787033E3	1.041757E2	8.768243E1
7.432000E0	1.486400E4	2.337624E1	-1.090018E1	2.579268E1	2.985500E4	8.296029E3	1.127520E2	7.571546E1
7.436000E0	1.487200E4	2.468908E1	4.034007E0	2.501648E1	2.988928E4	8.633690E3	1.140649E2	6.078128E1
7.440000E0	1.488000E4	1.817726E1	1.759667E1	2.529932E1	2.992407E4	8.512345E3	1.075531E2	4.721861E1
7.444000E0	1.488800E4	5.808886E0	2.594163E1	2.658404E1	2.995738E4	8.067690E3	9.518468E1	3.887366E1
7.448000E0	1.489600E4	-8.950893E0	2.657904E1	2.804575E1	2.998861E4	7.636599E3	8.042490E1	3.823624E1
7.452000E0	1.490400E4	-2.181158E1	1.931678E1	2.913560E1	3.001847E4	7.397247E3	6.756422E1	4.549851E1
7.456000E0	1.491200E4	-2.921495E1	6.321989E0	2.989115E1	3.004779E4	7.303572E3	6.016084E1	5.849330E1
7.460000E0	1.492000E4	-2.881666E1	-8.755072E0	3.011729E1	3.007690E4	7.292674E3	6.055913E1	7.357036E1
7.464000E0	1.492800E4	-2.067582E1	-2.150871E1	2.983478E1	3.010613E4	7.317593E3	6.869998E1	8.632400E1
7.468000E0	1.493600E4	-7.336050E0	-2.824548E1	2.918261E1	3.013544E4	7.357251E3	8.203975E1	9.306077E1
7.472000E0	1.494400E4	7.265690E0	-2.713655E1	2.809239E1	3.016499E4	7.591671E3	9.664149E1	9.195183E1
7.476000E0	1.495200E4	1.920041E1	-1.842931E1	2.661382E1	3.019617E4	8.067018E3	1.085762E2	8.324460E1
7.480000E0	1.496000E4	2.494031E1	-4.611041E0	2.536298E1	3.022953E4	8.551455E3	1.143161E2	6.942633E1
7.484000E0	1.496800E4	2.291328E1	1.048354E1	2.519768E1	3.026459E4	8.643715E3	1.122891E2	5.433175E1
7.488000E0	1.497600E4	1.362126E1	2.238102E1	2.620017E1	3.029867E4	8.283959E3	1.029971E2	4.243427E1
7.492000E0	1.498400E4	-4.123212E-1	2.755636E1	2.755944E1	3.033086E4	7.814792E3	8.896347E1	3.725893E1
7.496000E0	1.499200E4	-1.491439E1	2.463307E1	2.879630E1	3.036119E4	7.503411E3	7.446141E1	4.018222E1
7.500000E0	1.500000E4	-2.574393E1	1.433800E1	2.946741E1	3.039088E4	7.387864E3	6.363186E1	5.047729E1
7.504000E0	1.500800E4	-2.979406E1	-1.540422E-1	2.979446E1	3.042030E4	7.390986E3	5.958173E1	6.496933E1
7.508000E0	1.501600E4	-2.571473E1	-1.485384E1	2.969653E1	3.045001E4	7.431404E3	6.366107E1	7.966912E1
7.512000E0	1.502400E4	-1.483853E1	-2.544146E1	2.945250E1	3.047975E4	7.409726E3	7.453727E1	9.025675E1
7.516000E0	1.503200E4	-3.561765E-1	-2.875066E1	2.875287E1	3.050929E4	7.460301E3	8.901962E1	9.356595E1
7.520000E0	1.504000E4	1.347072E1	-2.387756E1	2.741529E1	3.053943E4	7.742332E3	1.028465E2	8.869284E1
7.524000E0	1.504800E4	2.284622E1	-1.254482E1	2.606381E1	3.057123E4	8.252468E3	1.122220E2	7.736011E1
7.528000E0	1.505600E4	2.497644E1	2.382793E0	2.508984E1	3.060545E4	8.644720E3	1.143522E2	6.243249E1
7.532000E0	1.506400E4	1.946810E1	1.656083E1	2.555911E1	3.064039E4	8.548486E3	1.088439E2	4.825445E1
7.536000E0	1.507200E4	7.442381E0	2.567957E1	2.673629E1	3.067384E4	8.086998E3	9.681818E1	3.913571E1
7.540000E0	1.508000E4	-7.318969E0	2.715802E1	2.812695E1	3.070508E4	7.669494E3	8.205683E1	3.765727E1
7.544000E0	1.508800E4	-2.063805E1	2.049915E1	2.908856E1	3.073519E4	7.470128E3	6.873775E1	4.431613E1
7.548000E0	1.509600E4	-2.876173E1	7.790857E0	2.979823E1	3.076484E4	7.385106E3	6.061407E1	5.702443E1
7.552000E0	1.510400E4	-2.899219E1	-7.376170E0	2.991580E1	3.079427E4	7.371253E3	6.038360E1	7.219146E1
7.556000E0	1.511200E4	-2.148968E1	-2.061771E1	2.978080E1	3.082381E4	7.368121E3	6.788612E1	8.543300E1
7.560000E0	1.512000E4	-8.437732E0	-2.798112E1	2.922564E1	3.085322E4	7.395801E3	8.093806E1	9.279640E1
7.564000E0	1.512800E4	6.349501E0	-2.754637E1	2.826869E1	3.088298E4	7.591711E3	9.572530E1	9.236166E1
7.568000E0	1.513600E4	1.857264E1	-1.926416E1	2.675913E1	3.091395E4	8.033200E3	1.079484E2	8.407945E1
7.572000E0	1.514400E4	2.479234E1	-5.611894E0	2.541955E1	3.094725E4	8.561226E3	1.141681E2	7.042718E1
7.576000E0	1.515200E4	2.312779E1	9.552784E0	2.502300E1	3.098244E4	8.707824E3	1.125036E2	5.526250E1
7.580000E0	1.516000E4	1.417378E1	2.174941E1	2.596021E1	3.101691E4	8.348922E3	1.035496E2	4.306588E1
7.584000E0	1.516800E4	3.659482E-1	2.737551E1	2.737795E1	3.104923E4	7.872240E3	8.974174E1	3.743978E1
7.588000E0	1.517600E4	-1.430096E1	2.488400E1	2.870072E1	3.107989E4	7.577184E3	7.507483E1	3.993128E1
7.592000E0	1.518400E4	-2.555146E1	1.484051E1	2.954857E1	3.110985E4	7.441152E3	6.382433E1	4.997477E1
7.596000E0	1.519200E4	-3.006151E1	3.067237E-1	3.006307E1	3.113942E4	7.358575E3	5.931429E1	6.450856E1
7.600000E0	1.520000E4	-2.621963E1	-1.436685E1	2.989774E1	3.116872E4	7.355177E3	6.315617E1	7.918213E1
7.604000E0	1.520800E4	-1.555976E1	-2.515100E1	2.957498E1	3.119826E4	7.386859E3	7.381603E1	8.996629E1
7.608000E0	1.521600E4	-1.097030E0	-2.875372E1	2.877464E1	3.122782E4	7.512835E3	8.827877E1	9.356900E1
7.612000E0	1.522400E4	1.302822E1	-2.413594E1	2.742769E1	3.125836E4	7.822792E3	1.024040E2	8.895122E1
7.616000E0	1.523200E4	2.269003E1	-1.289109E1	2.609631E1	3.129040E4	8.260156E3	1.120658E2	7.770638E1
7.620000E0	1.524000E4	2.509399E1	1.948837E0	2.516955E1	3.132444E4	8.626071E3	1.144698E2	6.286645E1
7.624000E0	1.524800E4	1.964245E1	1.613792E1	2.542161E1	3.135941E4	8.601178E3	1.090182E2	4.867736E1
7.628000E0	1.525600E4	7.613125E0	2.529595E1	2.641675E1	3.139325E4	8.197330E3	9.698892E1	3.951934E1
7.632000E0	1.526400E4	-7.214995E0	2.695567E1	2.790455E1	3.142498E4	7.767569E3	8.216080E1	3.785962E1
7.636000E0	1.527200E4	-2.064503E1	2.036534E1	2.899939E1	3.145539E4	7.520777E3	6.873077E1	4.444994E1
7.640000E0	1.528000E4	-2.883186E1	7.644179E0	2.982800E1	3.148515E4	7.400285E3	6.054394E1	5.717111E1
7.644000E0	1.528800E4	-2.903315E1	-7.558794E0	3.000099E1	3.151459E4	7.372417E3	6.034264E1	7.237408E1
7.648000E0	1.529600E4	-2.142265E1	-2.078188E1	2.984655E1	3.154413E4	7.361908E3	6.795314E1	8.559716E1
7.652000E0	1.530400E4	-8.317988E0	-2.805999E1	2.926691E1	3.157349E4	7.395403E3	8.105781E1	9.287527E1
7.656000E0	1.531200E4	6.499669E0	-2.750970E1	2.826710E1	3.160329E4	7.607409E3	9.587546E1	9.232498E1
7.660000E0	1.532000E4	1.866527E1	-1.909528E1	2.670248E1	3.163435E4	8.062780E3	1.080411E2	8.391057E1
7.664000E0	1.532800E4	2.474668E1	-5.352396E0	2.531889E1	3.166780E4	8.598730E3	1.141225E2	7.016768E1
7.668000E0	1.533600E4	2.291219E1	9.790557E0	2.491632E1	3.170314E4	8.758403E3	1.122880E2	5.502473E1
7.672000E0	1.534400E4	1.375322E1	2.189296E1	2.585445E1	3.173786E4	8.436616E3	1.031290E2	4.292232E1
7.676000E0	1.535200E4	-2.995425E-1	2.722674E1	2.722839E1	3.177063E4	7.929128E3	8.907625E1	3.758855E1
7.680000E0	1.536000E4	-1.491663E1	2.453751E1	2.871577E1	3.180130E4	7.568576E3	7.445917E1	4.027778E1
7.684000E0	1.536800E4	-2.592887E1	1.426693E1	2.959479E1	3.183118E4	7.404593E3	6.344693E1	5.054836E1
7.688000E0	1.537600E4	-2.999538E1	-2.788480E-1	2.999668E1	3.186053E4	7.384613E3	5.938041E1	6.509413E1
7.692000E0	1.538400E4	-2.585655E1	-1.508263E1	2.993404E1	3.189026E4	7.435037E3	6.351925E1	7.989792E1
7.696000E0	1.539200E4	-1.479077E1	-2.563171E1	2.959309E1	3.192001E4	7.433024E3	7.458503E1	9.044700E1
7.700000E0	1.540000E4	-1.405796E-1	-2.876970E1	2.877004E1	3.194972E4	7.505080E3	8.923522E1	9.358499E1
7.704000E0	1.540800E4	1.370130E1	-2.368020E1	2.735831E1	3.198005E4	7.850658E3	1.030771E2	8.849548E1
7.708000E0	1.541600E4	2.291968E1	-1.191837E1	2.583330E1	3.201253E4	8.364671E3	1.122955E2	7.673366E1
7.712000E0	1.542400E4	2.502993E1	3.060400E0	2.521633E1	3.204697E4	8.658343E3	1.144057E2	6.175489E1
7.716000E0	1.543200E4	1.902394E1	1.700461E1	2.551602E1	3.208179E4	8.557168E3	1.083997E2	4.781067E1
7.720000E0	1.544000E4	6.698023E0	2.576624E1	2.662259E1	3.211543E4	8.175047E3	9.607382E1	3.904905E1
7.724000E0	1.544800E4	-8.265290E0	2.671335E1	2.796280E1	3.214719E4	7.786406E3	8.111051E1	3.810193E1
7.728000E0	1.545600E4	-2.150592E1	1.955548E1	2.906753E1	3.217772E4	7.545400E3	6.786988E1	4.525981E1
7.732000E0	1.546400E4	-2.914941E1	6.432589E0	2.985074E1	3.220756E4	7.423492E3	6.022638E1	5.838270E1
7.736000E0	1.547200E4	-2.870105E1	-8.833689E0	3.002972E1	3.223711E4	7.418260E3	6.067475E1	7.364898E1
7.740000E0	1.548000E4	-2.045869E1	-2.186393E1	2.994310E1	3.226690E4	7.407870E3	6.891711E1	8.667922E1
7.744000E0	1.548800E4	-6.936517E0	-2.860751E1	2.943645E1	3.229637E4	7.418860E3	8.243928E1	9.342279E1
7.748000E0	1.549600E4	7.900962E0	-2.710243E1	2.823060E1	3.232625E4	7.645489E3	9.727676E1	9.191772E1
7.752000E0	1.550400E4	1.974229E1	-1.806873E1	2.676260E1	3.235753E4	8.071654E3	1.091181E2	8.288401E1
7.756000E0	1.551200E4	2.508632E1	-4.051500E0	2.541138E1	3.239083E4	8.580560E3	1.144621E2	6.886679E1
7.760000E0	1.552000E4	2.249959E1	1.106084E1	2.507138E1	3.242618E4	8.770995E3	1.118754E2	5.375445E1
7.764000E0	1.552800E4	1.248607E1	2.251970E1	2.574954E1	3.246099E4	8.478685E3	1.018619E2	4.229559E1
7.768000E0	1.553600E4	-1.902291E0	2.714757E1	2.721414E1	3.249401E4	7.988240E3	8.747351E1	3.766771E1
7.772000E0	1.554400E4	-1.622721E1	2.326142E1	2.836223E1	3.252490E4	7.656699E3	7.314859E1	4.155386E1
7.776000E0	1.555200E4	-2.677877E1	1.233845E1	2.948457E1	3.255526E4	7.480440E3	6.259702E1	5.247684E1
7.780000E0	1.556000E4	-2.989024E1	-2.480123E0	2.999295E1	3.258474E4	7.403666E3	5.948556E1	6.729541E1
7.784000E0	1.556800E4	-2.472784E1	-1.698939E1	3.000176E1	3.261449E4	7.428143E3	6.464795E1	8.180468E1
7.788000E0	1.557600E4	-1.297208E1	-2.679626E1	2.977103E1	3.264417E4	7.427539E3	7.640372E1	9.161154E1
7.792000E0	1.558400E4	1.965365E0	-2.874381E1	2.881092E1	3.267391E4	7.541695E3	9.134116E1	9.355909E1
7.796000E0	1.559200E4	1.554760E1	-2.262027E1	2.744821E1	3.270450E4	7.890302E3	1.049234E2	8.743555E1
7.800000E0	1.560000E4	2.387678E1	-1.011840E1	2.593227E1	3.273703E4	8.413409E3	1.132526E2	7.493369E1
7.804000E0	1.560800E4	2.458366E1	5.139911E0	2.511523E1	3.277181E4	8.725552E3	1.139595E2	5.967538E1
7.808000E0	1.561600E4	1.742720E1	1.858299E1	2.547616E1	3.280684E4	8.574807E3	1.068030E2	4.623229E1
7.812000E0	1.562400E4	4.464870E0	2.641934E1	2.679397E1	3.284041E4	8.139393E3	9.384067E1	3.839595E1
7.816000E0	1.563200E4	-1.054300E1	2.615594E1	2.820085E1	3.287195E4	7.769396E3	7.883279E1	3.865935E1
7.820000E0	1.564000E4	-2.313771E1	1.771392E1	2.913995E1	3.290256E4	7.565022E3	6.623809E1	4.710137E1
7.824000E0	1.564800E4	-2.976127E1	3.932052E0	3.001990E1	3.293247E4	7.451368E3	5.961453E1	6.088323E1
7.828000E0	1.565600E4	-2.790100E1	-1.137128E1	3.012925E1	3.296217E4	7.423321E3	6.147480E1	7.618657E1
7.832000E0	1.566400E4	-1.849903E1	-2.355901E1	2.995398E1	3.299186E4	7.391727E3	7.087677E1	8.837429E1
7.836000E0	1.567200E4	-4.418397E0	-2.889992E1	2.923572E1	3.302131E4	7.434515E3	8.495740E1	9.371520E1
7.840000E0	1.568000E4	1.020320E1	-2.612084E1	2.804288E1	3.305134E4	7.711463E3	9.957899E1	9.093612E1
7.844000E0	1.568800E4	2.114090E1	-1.593122E1	2.647152E1	3.308300E4	8.203230E3	1.105167E2	8.074651E1
7.848000E0	1.569600E4	2.523223E1	-1.339051E0	2.526774E1	3.311696E4	8.694700E3	1.146080E2	6.615434E1
7.852000E0	1.570400E4	2.115481E1	1.350664E1	2.509891E1	3.315256E4	8.782631E3	1.105306E2	5.130864E1
7.856000E0	1.571200E4	1.009902E1	2.405197E1	2.608615E1	3.318722E4	8.390179E3	9.947482E1	4.076332E1
7.860000E0	1.572000E4	-4.604905E0	2.700133E1	2.739118E1	3.321968E4	7.932903E3	8.477089E1	3.781396E1
7.864000E0	1.572800E4	-1.861712E1	2.165472E1	2.855739E1	3.325069E4	7.680672E3	7.075868E1	4.316056E1
7.868000E0	1.573600E4	-2.790890E1	9.542462E0	2.949517E1	3.328112E4	7.512292E3	6.146689E1	5.527282E1
7.872000E0	1.574400E4	-2.938166E1	-5.596789E0	2.990997E1	3.331078E4	7.429607E3	5.999414E1	7.041208E1
7.876000E0	1.575200E4	-2.281427E1	-1.952696E1	3.002987E1	3.334056E4	7.427515E3	6.656153E1	8.434225E1
7.880000E0	1.576000E4	-1.001183E1	-2.781645E1	2.956335E1	3.337020E4	7.448923E3	7.936397E1	9.263174E1
7.884000E0	1.576800E4	5.029563E0	-2.808833E1	2.853508E1	3.340015E4	7.598807E3	9.440536E1	9.290362E1
7.888000E0	1.577600E4	1.784938E1	-2.053669E1	2.720948E1	3.343100E4	7.986385E3	1.072252E2	8.535197E1
7.892000E0	1.578400E4	2.471044E1	-7.065536E0	2.570073E1	3.346404E4	8.542722E3	1.140862E2	7.188082E1
7.896000E0	1.579200E4	2.360573E1	8.283809E0	2.501703E1	3.349934E4	8.808327E3	1.129815E2	5.653148E1
7.900000E0	1.580000E4	1.495405E1	2.097226E1	2.575770E1	3.353451E4	8.516820E3	1.043298E2	4.384303E1
7.904000E0	1.580800E4	1.193434E0	2.702820E1	2.705454E1	3.356747E4	8.027281E3	9.056923E1	3.778708E1
7.908000E0	1.581600E4	-1.360639E1	2.482391E1	2.830831E1	3.359873E4	7.737877E3	7.576940E1	3.999138E1
7.912000E0	1.582400E4	-2.513735E1	1.488114E1	2.921190E1	3.362937E4	7.585735E3	6.423844E1	4.993414E1
7.916000E0	1.583200E4	-2.994861E1	3.064445E-1	2.995018E1	3.365941E4	7.459463E3	5.942718E1	6.450884E1
7.920000E0	1.584000E4	-2.620677E1	-1.455683E1	2.997826E1	3.368905E4	7.414432E3	6.316903E1	7.937212E1
7.924000E0	1.584800E4	-1.544667E1	-2.543451E1	2.975759E1	3.371873E4	7.417936E3	7.392913E1	9.024980E1
7.928000E0	1.585600E4	-8.121791E-1	-2.896682E1	2.897820E1	3.374839E4	7.519776E3	8.856362E1	9.378211E1
7.932000E0	1.586400E4	1.337182E1	-2.423559E1	2.767977E1	3.377889E4	7.853035E3	1.027476E2	8.905088E1
7.936000E0	1.587200E4	2.285010E1	-1.255248E1	2.607090E1	3.381122E4	8.417075E3	1.122259E2	7.736777E1
7.940000E0	1.588000E4	2.484963E1	2.710072E0	2.499698E1	3.384622E4	8.840247E3	1.142254E2	6.210521E1
7.944000E0	1.588800E4	1.872632E1	1.682590E1	2.517511E1	3.388194E4	8.738509E3	1.081021E2	4.798938E1
7.948000E0	1.589600E4	6.335770E0	2.566328E1	2.643380E1	3.391613E4	8.262045E3	9.571157E1	3.915201E1
7.952000E0	1.590400E4	-8.659310E0	2.659286E1	2.796720E1	3.394804E4	7.795551E3	8.071649E1	3.822242E1
7.956000E0	1.591200E4	-2.184015E1	1.932491E1	2.916238E1	3.397850E4	7.540831E3	6.753565E1	4.549038E1
7.960000E0	1.592000E4	-2.933488E1	6.041220E0	2.995049E1	3.400836E4	7.449851E3	6.004091E1	5.877407E1
7.964000E0	1.592800E4	-2.874521E1	-9.392775E0	3.024089E1	3.403810E4	7.431011E3	6.063059E1	7.420806E1
7.968000E0	1.593600E4	-2.016967E1	-2.225287E1	3.003341E1	3.406781E4	7.407393E3	6.920612E1	8.706815E1
7.972000E0	1.594400E4	-6.435722E0	-2.868462E1	2.939772E1	3.409735E4	7.453434E3	8.294007E1	9.349991E1
7.976000E0	1.595200E4	8.410739E0	-2.677519E1	2.806513E1	3.412744E4	7.745165E3	9.778654E1	9.159048E1
7.980000E0	1.596000E4	1.997235E1	-1.716938E1	2.633785E1	3.415932E4	8.256093E3	1.093482E2	8.198466E1
7.984000E0	1.596800E4	2.506671E1	-2.861521E0	2.522951E1	3.419349E4	8.750517E3	1.144425E2	6.767681E1
7.988000E0	1.597600E4	2.182353E1	1.225677E1	2.502988E1	3.422932E4	8.853270E3	1.111993E2	5.255852E1
7.992000E0	1.598400E4	1.131522E1	2.352567E1	2.610539E1	3.426431E4	8.431797E3	1.006910E2	4.128961E1
7.996000E0	1.599200E4	-3.262339E0	2.746365E1	2.765674E1	3.429677E4	7.900396E3	8.611346E1	3.735163E1
8.000000E0	1.600000E4	-1.764903E1	2.298666E1	2.898059E1	3.432752E4	7.623150E3	7.172677E1	4.182862E1
8.004000E0	1.600800E4	-2.754959E1	1.126552E1	2.976393E1	3.435776E4	7.477725E3	6.182621E1	5.354977E1
8.008000E0	1.601600E4	-2.982373E1	-3.840955E0	3.007005E1	3.438734E4	7.456645E3	5.955206E1	6.865624E1
8.012000E0	1.602400E4	-2.385759E1	-1.824884E1	3.003673E1	3.441741E4	7.496232E3	6.551820E1	8.306413E1
8.016000E0	1.603200E4	-1.138657E1	-2.723183E1	2.951655E1	3.444731E4	7.493095E3	7.798922E1	9.204711E1
8.020000E0	1.604000E4	3.662394E0	-2.836401E1	2.859948E1	3.447736E4	7.620292E3	9.303819E1	9.317929E1
8.024000E0	1.604800E4	1.673622E1	-2.121392E1	2.702095E1	3.450827E4	8.026625E3	1.061120E2	8.602921E1
8.028000E0	1.605600E4	2.416625E1	-8.052913E0	2.547267E1	3.454157E4	8.634138E3	1.135420E2	7.286820E1
8.032000E0	1.606400E4	2.372111E1	7.408266E0	2.485103E1	3.457734E4	8.942846E3	1.130969E2	5.740702E1
8.036000E0	1.607200E4	1.534295E1	2.044467E1	2.556151E1	3.461311E4	8.642902E3	1.047187E2	4.437062E1
8.040000E0	1.608000E4	1.657934E0	2.700767E1	2.705851E1	3.464649E4	8.109962E3	9.103373E1	3.780762E1
8.044000E0	1.608800E4	-1.338014E1	2.517195E1	2.850711E1	3.467799E4	7.749712E3	7.599566E1	3.964334E1
8.048000E0	1.609600E4	-2.518633E1	1.544336E1	2.954401E1	3.470848E4	7.510656E3	6.418947E1	4.937193E1
8.052000E0	1.610400E4	-3.030224E1	1.016823E0	3.031929E1	3.473808E4	7.419415E3	5.907356E1	6.379846E1
8.056000E0	1.611200E4	-2.691690E1	-1.421581E1	3.044025E1	3.476784E4	7.420681E3	6.245889E1	7.903109E1
8.060000E0	1.612000E4	-1.616687E1	-2.532181E1	3.004267E1	3.479744E4	7.380854E3	7.320893E1	9.013710E1
8.064000E0	1.612800E4	-1.582039E0	-2.908939E1	2.913237E1	3.482689E4	7.505880E3	8.779376E1	9.390467E1
8.068000E0	1.613600E4	1.274997E1	-2.450229E1	2.762107E1	3.485749E4	7.913054E3	1.021258E2	8.931757E1
8.072000E0	1.614400E4	2.233157E1	-1.279384E1	2.573677E1	3.489019E4	8.564144E3	1.117074E2	7.760913E1
8.076000E0	1.615200E4	2.456366E1	2.583368E0	2.469914E1	3.492600E4	8.995921E3	1.139395E2	6.223192E1
8.080000E0	1.616000E4	1.858721E1	1.682953E1	2.507424E1	3.496216E4	8.815624E3	1.079630E2	4.798576E1
8.084000E0	1.616800E4	6.165023E0	2.573603E1	2.646414E1	3.499653E4	8.260292E3	9.554082E1	3.907925E1
8.088000E0	1.617600E4	-8.794173E0	2.668302E1	2.809486E1	3.502824E4	7.776710E3	8.058162E1	3.813227E1
8.092000E0	1.618400E4	-2.198957E1	1.928948E1	2.925107E1	3.505874E4	7.555382E3	6.738623E1	4.552581E1
8.096000E0	1.619200E4	-2.940660E1	5.884447E0	2.998958E1	3.508868E4	7.461824E3	5.996920E1	5.893084E1
8.100000E0	1.620000E4	-2.866575E1	-9.556398E0	3.021672E1	3.511844E4	7.464720E3	6.071004E1	7.437168E1
8.104000E0	1.620800E4	-1.992025E1	-2.243827E1	3.000487E1	3.514840E4	7.489314E3	6.945555E1	8.725356E1
8.108000E0	1.621600E4	-5.899266E0	-2.861605E1	2.921779E1	3.517835E4	7.554975E3	8.347653E1	9.343133E1
8.112000E0	1.622400E4	9.025493E0	-2.644899E1	2.794653E1	3.520884E4	7.808462E3	9.840129E1	9.126428E1
8.116000E0	1.623200E4	2.049278E1	-1.670206E1	2.643696E1	3.524082E4	8.308087E3	1.098686E2	8.151735E1
8.120000E0	1.624000E4	2.516290E1	-2.065909E0	2.524756E1	3.527531E4	8.769929E3	1.145387E2	6.688120E1
8.124000E0	1.624800E4	2.164988E1	1.299758E1	2.525182E1	3.531098E4	8.811813E3	1.110257E2	5.181771E1
8.128000E0	1.625600E4	1.071858E1	2.385099E1	2.614876E1	3.534580E4	8.436818E3	1.000944E2	4.096429E1
8.132000E0	1.626400E4	-4.077619E0	2.737158E1	2.767364E1	3.537847E4	7.926501E3	8.529818E1	3.744371E1
8.136000E0	1.627200E4	-1.823492E1	2.234788E1	2.884337E1	3.540921E4	7.643577E3	7.114088E1	4.246741E1
8.140000E0	1.628000E4	-2.789969E1	1.036372E1	2.976239E1	3.543962E4	7.520891E3	6.147610E1	5.445157E1
8.144000E0	1.628800E4	-2.956989E1	-4.884715E0	2.997064E1	3.546938E4	7.508685E3	5.980590E1	6.970000E1
8.148000E0	1.629600E4	-2.308012E1	-1.915555E1	2.999378E1	3.549969E4	7.561167E3	6.629568E1	8.397084E1
8.152000E0	1.630400E4	-1.012490E1	-2.762194E1	2.941913E1	3.552987E4	7.522364E3	7.925090E1	9.243722E1
8.156000E0	1.631200E4	4.871546E0	-2.799867E1	2.841932E1	3.555987E4	7.643343E3	9.424734E1	9.281396E1
8.160000E0	1.632000E4	1.761778E1	-2.025538E1	2.684524E1	3.559102E4	8.106589E3	1.069936E2	8.507067E1
8.164000E0	1.632800E4	2.446100E1	-6.681262E0	2.535705E1	3.562472E4	8.729535E3	1.138368E2	7.149655E1
8.168000E0	1.633600E4	2.328243E1	8.868571E0	2.491431E1	3.566085E4	8.935095E3	1.126582E2	5.594672E1
8.172000E0	1.634400E4	1.432275E1	2.139804E1	2.574912E1	3.569620E4	8.576227E3	1.036985E2	4.341725E1
8.176000E0	1.635200E4	2.563410E-1	2.731329E1	2.731449E1	3.572946E4	8.043704E3	8.963214E1	3.750200E1
8.180000E0	1.636000E4	-1.458228E1	2.470321E1	2.868608E1	3.576055E4	7.699826E3	7.479352E1	4.011208E1
8.184000E0	1.636800E4	-2.588188E1	1.431062E1	2.957474E1	3.579106E4	7.553169E3	6.349392E1	5.050467E1
8.188000E0	1.637600E4	-3.000772E1	-5.126049E-1	3.001210E1	3.582098E4	7.491825E3	5.936808E1	6.532789E1
8.192000E0	1.638400E4	-2.560068E1	-1.537970E1	2.986520E1	3.585100E4	7.542453E3	6.377512E1	8.019499E1
8.196000E0	1.639200E4	-1.414742E1	-2.586038E1	2.947726E1	3.588132E4	7.564801E3	7.522837E1	9.067566E1
8.200000E0	1.640000E4	7.590786E-1	-2.872176E1	2.873179E1	3.591151E4	7.642731E3	9.013487E1	9.353705E1
8.204000E0	1.640800E4	1.460883E1	-2.296652E1	2.721909E1	3.594246E4	8.024306E3	1.039846E2	8.778181E1
8.208000E0	1.641600E4	2.337468E1	-1.054997E1	2.564523E1	3.597571E4	8.617498E3	1.127505E2	7.536526E1
8.212000E0	1.642400E4	2.446724E1	4.933510E0	2.495967E1	3.601140E4	8.922888E3	1.138430E2	5.988178E1
8.216000E0	1.643200E4	1.734071E1	1.865524E1	2.546995E1	3.604709E4	8.703801E3	1.067165E2	4.616005E1
8.220000E0	1.644000E4	4.197336E0	2.659260E1	2.692181E1	3.608103E4	8.176566E3	9.357313E1	3.822269E1
8.224000E0	1.644800E4	-1.084735E1	2.618268E1	2.834074E1	3.611250E4	7.772951E3	7.852844E1	3.863261E1
8.228000E0	1.645600E4	-2.351070E1	1.757922E1	2.935612E1	3.614321E4	7.616876E3	6.586509E1	4.723607E1
8.232000E0	1.646400E4	-2.981510E1	3.429166E0	3.001165E1	3.617344E4	7.526613E3	5.956070E1	6.138612E1
8.236000E0	1.647200E4	-2.745652E1	-1.189688E1	2.992317E1	3.620343E4	7.545580E3	6.191927E1	7.671216E1
8.240000E0	1.648000E4	-1.756030E1	-2.399629E1	2.973526E1	3.623380E4	7.584130E3	7.181550E1	8.881158E1
8.244000E0	1.648800E4	-2.977879E0	-2.881666E1	2.897012E1	3.626410E4	7.650804E3	8.639792E1	9.363195E1
8.248000E0	1.649600E4	1.169593E1	-2.507051E1	2.766451E1	3.629501E4	7.921025E3	1.010717E2	8.988579E1
8.252000E0	1.650400E4	2.203016E1	-1.405192E1	2.613014E1	3.632747E4	8.409621E3	1.114060E2	7.886720E1
8.256000E0	1.651200E4	2.518826E1	1.005950E0	2.520834E1	3.636229E4	8.826394E3	1.145641E2	6.380934E1
8.260000E0	1.652000E4	1.990780E1	1.559816E1	2.529077E1	3.639808E4	8.803997E3	1.092836E2	4.921713E1
8.264000E0	1.652800E4	7.865418E0	2.528247E1	2.647769E1	3.643272E4	8.403815E3	9.724121E1	3.953282E1
8.268000E0	1.653600E4	-7.390018E0	2.699496E1	2.798821E1	3.646531E4	7.957698E3	8.198578E1	3.782033E1
8.272000E0	1.654400E4	-2.101796E1	2.002873E1	2.903282E1	3.649638E4	7.710838E3	6.835783E1	4.478656E1
8.276000E0	1.655200E4	-2.894278E1	6.683756E0	2.970450E1	3.652700E4	7.584158E3	6.043302E1	5.813153E1
8.280000E0	1.656000E4	-2.859842E1	-8.772811E0	2.991374E1	3.655705E4	7.548931E3	6.077738E1	7.358810E1
8.284000E0	1.656800E4	-2.016229E1	-2.191718E1	2.978054E1	3.658739E4	7.551914E3	6.921351E1	8.673247E1
8.288000E0	1.657600E4	-6.366205E0	-2.864312E1	2.934207E1	3.661747E4	7.564815E3	8.300959E1	9.345841E1
8.292000E0	1.658400E4	8.653279E0	-2.678051E1	2.814383E1	3.664791E4	7.815220E3	9.802908E1	9.159580E1
8.296000E0	1.659200E4	2.025745E1	-1.700350E1	2.644775E1	3.667999E4	8.314782E3	1.096332E2	8.181878E1
8.300000E0	1.660000E4	2.513480E1	-2.453477E0	2.525426E1	3.671442E4	8.837392E3	1.145106E2	6.726876E1
8.304000E0	1.660800E4	2.169013E1	1.287357E1	2.522282E1	3.675069E4	8.929042E3	1.110659E2	5.194172E1
8.308000E0	1.661600E4	1.067667E1	2.382023E1	2.610354E1	3.678586E4	8.515669E3	1.000525E2	4.099505E1
8.312000E0	1.662400E4	-4.235840E0	2.731328E1	2.763978E1	3.681882E4	8.003595E3	8.513996E1	3.750200E1
8.316000E0	1.663200E4	-1.856540E1	2.221503E1	2.895136E1	3.684989E4	7.695170E3	7.081040E1	4.260026E1
8.320000E0	1.664000E4	-2.809906E1	1.001847E1	2.983164E1	3.688038E4	7.578663E3	6.127674E1	5.479682E1
8.324000E0	1.664800E4	-2.956362E1	-5.487438E0	3.006859E1	3.691052E4	7.546068E3	5.981217E1	7.030272E1
8.328000E0	1.665600E4	-2.273610E1	-1.958743E1	3.000996E1	3.694075E4	7.564852E3	6.663970E1	8.440272E1
8.332000E0	1.666400E4	-9.525159E0	-2.771661E1	2.930766E1	3.697103E4	7.607995E3	7.985064E1	9.253190E1
8.336000E0	1.667200E4	5.678502E0	-2.764080E1	2.821806E1	3.700161E4	7.804506E3	9.505430E1	9.245609E1
8.340000E0	1.668000E4	1.829606E1	-1.930017E1	2.659403E1	3.703347E4	8.283681E3	1.076719E2	8.411546E1
8.344000E0	1.668800E4	2.473881E1	-5.313153E0	2.530293E1	3.706788E4	8.850354E3	1.141146E2	7.012844E1
8.348000E0	1.669600E4	2.273132E1	1.025067E1	2.493570E1	3.710427E4	8.981189E3	1.121071E2	5.456462E1
8.352000E0	1.670400E4	1.314623E1	2.252254E1	2.607850E1	3.713973E4	8.550115E3	1.025220E2	4.229274E1
8.356000E0	1.671200E4	-1.291140E0	2.764642E1	2.767655E1	3.717267E4	8.014736E3	8.808466E1	3.716887E1
8.360000E0	1.672000E4	-1.614602E1	2.407670E1	2.898933E1	3.720385E4	7.724232E3	7.322977E1	4.073859E1
8.364000E0	1.672800E4	-2.693998E1	1.286834E1	2.985559E1	3.723447E4	7.561520E3	6.243582E1	5.194695E1
8.368000E0	1.673600E4	-3.012994E1	-2.285723E0	3.021652E1	3.726434E4	7.515299E3	5.924585E1	6.710101E1
8.372000E0	1.674400E4	-2.483191E1	-1.712407E1	3.016385E1	3.729459E4	7.575399E3	6.454388E1	8.193936E1
8.376000E0	1.675200E4	-1.253252E1	-2.680455E1	2.958966E1	3.732494E4	7.604274E3	7.684327E1	9.161984E1
8.380000E0	1.676000E4	2.687778E0	-2.830553E1	2.843286E1	3.735542E4	7.771148E3	9.206357E1	9.312082E1
8.384000E0	1.676800E4	1.618561E1	-2.139295E1	2.682596E1	3.738711E4	8.193901E3	1.055614E2	8.620824E1
8.388000E0	1.677600E4	2.398477E1	-8.270084E0	2.537052E1	3.742098E4	8.790952E3	1.133606E2	7.308537E1
8.392000E0	1.678400E4	2.376743E1	7.465697E0	2.491240E1	3.745744E4	9.046430E3	1.131432E2	5.734959E1
8.396000E0	1.679200E4	1.535594E1	2.063685E1	2.572323E1	3.749335E4	8.678715E3	1.047317E2	4.417844E1
8.400000E0	1.680000E4	1.492281E0	2.727195E1	2.731274E1	3.752687E4	8.105572E3	9.086808E1	3.754334E1
8.404000E0	1.680800E4	-1.360978E1	2.539113E1	2.880860E1	3.755819E4	7.737890E3	7.576602E1	3.942416E1
8.408000E0	1.681600E4	-2.540712E1	1.540462E1	2.971235E1	3.758877E4	7.573582E3	6.396868E1	4.941067E1
8.412000E0	1.682400E4	-3.021364E1	6.433341E-1	3.022049E1	3.761878E4	7.516761E3	5.916215E1	6.417195E1
8.416000E0	1.683200E4	-2.638979E1	-1.457107E1	3.014527E1	3.764891E4	7.563723E3	6.298600E1	7.938635E1
8.420000E0	1.684000E4	-1.509065E1	-2.540543E1	2.954934E1	3.767929E4	7.654428E3	7.428515E1	9.022072E1
8.424000E0	1.684800E4	6.988071E-2	-2.847464E1	2.847473E1	3.771014E4	7.817283E3	8.944568E1	9.328993E1
8.428000E0	1.685600E4	1.426419E1	-2.298048E1	2.704754E1	3.774183E4	8.144822E3	1.036400E2	8.779576E1
8.432000E0	1.686400E4	2.327575E1	-1.070605E1	2.561992E1	3.777530E4	8.683287E3	1.126516E2	7.552134E1
8.436000E0	1.687200E4	2.451325E1	4.895802E0	2.499737E1	3.781129E4	8.981567E3	1.138890E2	5.991949E1
8.440000E0	1.688000E4	1.741533E1	1.877509E1	2.560855E1	3.784715E4	8.721827E3	1.067911E2	4.604020E1
8.444000E0	1.688800E4	4.201346E0	2.673507E1	2.706317E1	3.788107E4	8.184485E3	9.357714E1	3.808022E1
8.448000E0	1.689600E4	-1.095155E1	2.627373E1	2.846481E1	3.791263E4	7.802449E3	7.842424E1	3.854156E1
8.452000E0	1.690400E4	-2.361031E1	1.747788E1	2.937555E1	3.794349E4	7.661023E3	6.576549E1	4.733740E1
8.456000E0	1.691200E4	-2.982774E1	3.179353E0	2.999671E1	3.797392E4	7.570148E3	5.954805E1	6.163593E1
8.460000E0	1.692000E4	-2.724789E1	-1.216001E1	2.983812E1	3.800405E4	7.597503E3	6.212791E1	7.697529E1
8.464000E0	1.692800E4	-1.710871E1	-2.415975E1	2.960408E1	3.803470E4	7.685359E3	7.226709E1	8.897504E1
8.468000E0	1.693600E4	-2.239306E0	-2.866289E1	2.875023E1	3.806553E4	7.764168E3	8.713649E1	9.347818E1
8.472000E0	1.694400E4	1.235913E1	-2.445721E1	2.740261E1	3.809681E4	8.044239E3	1.017349E2	8.927250E1
8.476000E0	1.695200E4	2.241071E1	-1.299797E1	2.590728E1	3.812989E4	8.538985E3	1.117865E2	7.781326E1
8.480000E0	1.696000E4	2.489271E1	2.230828E0	2.499247E1	3.816512E4	8.930050E3	1.142685E2	6.258446E1
8.484000E0	1.696800E4	1.921637E1	1.689812E1	2.558936E1	3.820133E4	8.807337E3	1.085922E2	4.791717E1
8.488000E0	1.697600E4	6.681051E0	2.598282E1	2.682803E1	3.823558E4	8.309546E3	9.605685E1	3.883247E1
8.492000E0	1.698400E4	-8.622015E0	2.684881E1	2.819925E1	3.826780E4	7.915033E3	8.075378E1	3.796647E1
8.496000E0	1.699200E4	-2.197868E1	1.917322E1	2.916633E1	3.829890E4	7.743269E3	6.739712E1	4.564207E1
8.500000E0	1.700000E4	-2.929604E1	5.297778E0	2.977120E1	3.832975E4	7.627469E3	6.007975E1	5.951751E1
8.504000E0	1.700800E4	-2.814679E1	-1.019997E1	2.993796E1	3.835992E4	7.600211E3	6.122901E1	7.501526E1
8.508000E0	1.701600E4	-1.897937E1	-2.306589E1	2.987058E1	3.839055E4	7.640044E3	7.039642E1	8.788117E1
8.512000E0	1.702400E4	-4.536883E0	-2.877511E1	2.913057E1	3.842104E4	7.677096E3	8.483891E1	9.359039E1
8.516000E0	1.703200E4	1.041018E1	-2.580747E1	2.782799E1	3.845197E4	7.951288E3	9.978598E1	9.062275E1
8.520000E0	1.704000E4	2.136799E1	-1.515716E1	2.619791E1	3.848465E4	8.450354E3	1.107438E2	7.997245E1
8.524000E0	1.704800E4	2.515740E1	-1.884013E-1	2.515811E1	3.851957E4	8.901691E3	1.145332E2	6.500369E1
8.528000E0	1.705600E4	2.051198E1	1.482853E1	2.531060E1	3.855586E4	8.922435E3	1.098878E2	4.998676E1
8.532000E0	1.706400E4	8.620545E0	2.496566E1	2.641208E1	3.859095E4	8.468780E3	9.799634E1	3.984963E1
8.536000E0	1.707200E4	-6.558047E0	2.707840E1	2.786122E1	3.862361E4	8.003187E3	8.281775E1	3.773689E1
8.540000E0	1.708000E4	-2.045918E1	2.047640E1	2.894583E1	3.865498E4	7.767242E3	6.891662E1	4.433889E1
8.544000E0	1.708800E4	-2.892964E1	7.346060E0	2.984776E1	3.868575E4	7.618555E3	6.044615E1	5.746923E1
8.548000E0	1.709600E4	-2.886968E1	-8.237004E0	3.002177E1	3.871592E4	7.599981E3	6.050611E1	7.305229E1
8.552000E0	1.710400E4	-2.056981E1	-2.171545E1	2.991117E1	3.874655E4	7.617434E3	6.880599E1	8.653074E1
8.556000E0	1.711200E4	-6.641869E0	-2.846029E1	2.922503E1	3.877686E4	7.640929E3	8.273393E1	9.327558E1
8.560000E0	1.712000E4	8.523193E0	-2.673991E1	2.806542E1	3.880768E4	7.906605E3	9.789899E1	9.155520E1
8.564000E0	1.712800E4	2.028707E1	-1.695260E1	2.643777E1	3.884012E4	8.392041E3	1.096629E2	8.176789E1
8.568000E0	1.713600E4	2.518460E1	-2.285015E0	2.528804E1	3.887482E4	8.882179E3	1.145604E2	6.710030E1
8.572000E0	1.714400E4	2.161526E1	1.307731E1	2.526333E1	3.891117E4	8.953418E3	1.109911E2	5.173798E1
8.576000E0	1.715200E4	1.045332E1	2.397579E1	2.615550E1	3.894644E4	8.534514E3	9.982911E1	4.083950E1
8.580000E0	1.716000E4	-4.531918E0	2.722702E1	2.760161E1	3.897945E4	8.055735E3	8.484388E1	3.758826E1
8.584000E0	1.716800E4	-1.891613E1	2.184591E1	2.889747E1	3.901089E4	7.796708E3	7.045966E1	4.296938E1
8.588000E0	1.717600E4	-2.818117E1	9.252492E0	2.966121E1	3.904182E4	7.644810E3	6.119462E1	5.556279E1
8.592000E0	1.718400E4	-2.940687E1	-6.276061E0	3.006914E1	3.907205E4	7.596441E3	5.996893E1	7.109135E1
8.596000E0	1.719200E4	-2.211067E1	-2.032852E1	3.003549E1	3.910260E4	7.644688E3	6.726513E1	8.514381E1
8.600000E0	1.720000E4	-8.487237E0	-2.811980E1	2.937271E1	3.913320E4	7.650562E3	8.088856E1	9.293509E1
8.604000E0	1.720800E4	6.761285E0	-2.752725E1	2.834545E1	3.916380E4	7.831978E3	9.613708E1	9.234254E1
8.608000E0	1.721600E4	1.911965E1	-1.855365E1	2.664205E1	3.919586E4	8.330303E3	1.084954E2	8.336894E1
8.612000E0	1.722400E4	2.497702E1	-4.205575E0	2.532861E1	3.923044E4	8.877160E3	1.143528E2	6.902086E1
8.616000E0	1.723200E4	2.241629E1	1.136162E1	2.513119E1	3.926688E4	8.991082E3	1.117921E2	5.345366E1
8.620000E0	1.724000E4	1.210404E1	2.312435E1	2.610064E1	3.930237E4	8.587836E3	1.014798E2	4.169094E1
8.624000E0	1.724800E4	-2.675708E0	2.738394E1	2.751435E1	3.933558E4	8.097305E3	8.670009E1	3.743135E1
8.628000E0	1.725600E4	-1.736186E1	2.291539E1	2.874977E1	3.936715E4	7.828613E3	7.201394E1	4.189990E1
8.632000E0	1.726400E4	-2.747676E1	1.098458E1	2.959111E1	3.939821E4	7.698410E3	6.189903E1	5.383071E1
8.636000E0	1.727200E4	-2.969753E1	-4.563825E0	3.004616E1	3.942874E4	7.625591E3	5.967827E1	6.937911E1
8.640000E0	1.728000E4	-2.322268E1	-1.894963E1	2.997301E1	3.945921E4	7.601959E3	6.615312E1	8.376492E1
8.644000E0	1.728800E4	-1.034344E1	-2.774205E1	2.960757E1	3.948955E4	7.595468E3	7.903236E1	9.255734E1
8.648000E0	1.729600E4	4.922489E0	-2.797941E1	2.840912E1	3.951998E4	7.795822E3	9.429829E1	9.279470E1
8.652000E0	1.730400E4	1.800058E1	-2.004864E1	2.694381E1	3.955192E4	8.248076E3	1.073764E2	8.486393E1
8.656000E0	1.731200E4	2.475556E1	-6.189381E0	2.551757E1	3.958596E4	8.788475E3	1.141314E2	7.100467E1
8.660000E0	1.732000E4	2.304387E1	9.416575E0	2.489361E1	3.962223E4	9.025927E3	1.124197E2	5.539871E1
8.664000E0	1.732800E4	1.363805E1	2.197032E1	2.585907E1	3.965817E4	8.700828E3	1.030138E2	4.284497E1
8.668000E0	1.733600E4	-8.705437E-1	2.719671E1	2.721063E1	3.969183E4	8.156525E3	8.850525E1	3.761858E1
8.672000E0	1.734400E4	-1.574555E1	2.385916E1	2.858639E1	3.972342E4	7.847493E3	7.363025E1	4.095613E1
8.676000E0	1.735200E4	-2.656137E1	1.260471E1	2.940043E1	3.975461E4	7.711250E3	6.281443E1	5.221058E1
8.680000E0	1.736000E4	-2.982955E1	-2.668676E0	2.994869E1	3.978511E4	7.617610E3	5.954625E1	6.748396E1
8.684000E0	1.736800E4	-2.433306E1	-1.739135E1	2.990915E1	3.981555E4	7.618371E3	6.504273E1	8.220664E1
8.688000E0	1.737600E4	-1.199718E1	-2.702132E1	2.956492E1	3.984606E4	7.655701E3	7.737861E1	9.183661E1
8.692000E0	1.738400E4	3.395929E0	-2.848000E1	2.868175E1	3.987680E4	7.777892E3	9.277173E1	9.329528E1
8.696000E0	1.739200E4	1.685116E1	-2.135073E1	2.719955E1	3.990828E4	8.152162E3	1.062270E2	8.616602E1
8.700000E0	1.740000E4	2.435088E1	-7.904053E0	2.560155E1	3.994202E4	8.733131E3	1.137267E2	7.271934E1
8.704000E0	1.740800E4	2.375737E1	7.786892E0	2.500097E1	3.997815E4	9.026765E3	1.131332E2	5.702839E1
8.708000E0	1.741600E4	1.495891E1	2.076487E1	2.559197E1	4.001423E4	8.758912E3	1.043347E2	4.405041E1
8.712000E0	1.742400E4	8.401984E-1	2.701719E1	2.703026E1	4.004822E4	8.259675E3	9.021599E1	3.779809E1
8.716000E0	1.743200E4	-1.434513E1	2.454029E1	2.842549E1	4.008031E4	7.915488E3	7.503067E1	4.027500E1
8.720000E0	1.744000E4	-2.590678E1	1.404127E1	2.946724E1	4.011154E4	7.721108E3	6.346902E1	5.077402E1
8.724000E0	1.744800E4	-3.001634E1	-1.088829E0	3.003609E1	4.014208E4	7.630428E3	5.935945E1	6.590412E1
8.728000E0	1.745600E4	-2.541323E1	-1.624374E1	3.016110E1	4.017259E4	7.600812E3	6.396256E1	8.105903E1
8.732000E0	1.746400E4	-1.363414E1	-2.662506E1	2.991293E1	4.020288E4	7.573847E3	7.574166E1	9.144035E1
8.736000E0	1.747200E4	1.604980E0	-2.891676E1	2.896127E1	4.023318E4	7.694042E3	9.098078E1	9.373205E1
8.740000E0	1.748000E4	1.551295E1	-2.262533E1	2.743277E1	4.026444E4	8.111465E3	1.048887E2	8.744061E1
8.744000E0	1.748800E4	2.381025E1	-9.586833E0	2.566779E1	4.029807E4	8.726726E3	1.131861E2	7.440212E1
8.748000E0	1.749600E4	2.406343E1	6.111380E0	2.482736E1	4.033425E4	9.066142E3	1.134392E2	5.870391E1
8.752000E0	1.750400E4	1.610722E1	1.960766E1	2.537524E1	4.037060E4	8.849923E3	1.054830E2	4.520763E1
8.756000E0	1.751200E4	2.315228E0	2.672908E1	2.682917E1	4.040505E4	8.328565E3	9.169102E1	3.808620E1
8.760000E0	1.752000E4	-1.292850E1	2.512783E1	2.825870E1	4.043723E4	7.937574E3	7.644730E1	3.968746E1
8.764000E0	1.752800E4	-2.491097E1	1.523552E1	2.920064E1	4.046855E4	7.738169E3	6.446483E1	4.957976E1
8.768000E0	1.753600E4	-2.990831E1	4.533449E-1	2.991175E1	4.049913E4	7.651471E3	5.946748E1	6.436194E1
8.772000E0	1.754400E4	-2.603148E1	-1.488536E1	2.998686E1	4.052976E4	7.672157E3	6.334432E1	7.970065E1
8.776000E0	1.755200E4	-1.469207E1	-2.597751E1	2.984439E1	4.056051E4	7.638257E3	7.468373E1	9.079279E1
8.780000E0	1.756000E4	4.419768E-1	-2.917523E1	2.917858E1	4.059087E4	7.674802E3	8.981777E1	9.399052E1
8.784000E0	1.756800E4	1.467247E1	-2.356566E1	2.776008E1	4.062191E4	8.032487E3	1.040483E2	8.838095E1
8.788000E0	1.757600E4	2.359486E1	-1.093846E1	2.600707E1	4.065513E4	8.609556E3	1.129707E2	7.575374E1
8.792000E0	1.758400E4	2.455023E1	4.675974E0	2.499157E1	4.069078E4	9.009534E3	1.139260E2	6.013931E1
8.796000E0	1.759200E4	1.720540E1	1.858279E1	2.532481E1	4.072720E4	8.896669E3	1.065812E2	4.623249E1
8.800000E0	1.760000E4	3.726897E0	2.637481E1	2.663683E1	4.076196E4	8.404958E3	9.310269E1	3.844047E1
8.804000E0	1.760800E4	-1.165184E1	2.563430E1	2.815817E1	4.079444E4	7.994415E3	7.772396E1	3.918099E1
8.808000E0	1.761600E4	-2.421143E1	1.638474E1	2.923445E1	4.082591E4	7.773624E3	6.516437E1	4.843055E1
8.812000E0	1.762400E4	-2.998474E1	1.764233E0	3.003660E1	4.085663E4	7.636833E3	5.939106E1	6.305105E1
8.816000E0	1.763200E4	-2.683202E1	-1.367575E1	3.011617E1	4.088701E4	7.622814E3	6.254378E1	7.849104E1
8.820000E0	1.764000E4	-1.595629E1	-2.515788E1	2.979131E1	4.091762E4	7.654147E3	7.341951E1	8.997317E1
8.824000E0	1.764800E4	-8.913417E-1	-2.901154E1	2.902522E1	4.094824E4	7.744683E3	8.848445E1	9.382682E1
8.828000E0	1.765600E4	1.370718E1	-2.415578E1	2.777388E1	4.097957E4	8.044888E3	1.030830E2	8.897106E1
8.832000E0	1.766400E4	2.316826E1	-1.200963E1	2.609597E1	4.101260E4	8.592430E3	1.125441E2	7.682492E1
8.836000E0	1.767200E4	2.484118E1	3.629319E0	2.510490E1	4.104831E4	9.005851E3	1.142170E2	6.118597E1
8.840000E0	1.768000E4	1.799207E1	1.777118E1	2.528892E1	4.108465E4	8.894250E3	1.073679E2	4.704410E1
8.844000E0	1.768800E4	4.856459E0	2.611700E1	2.656469E1	4.111947E4	8.457059E3	9.423225E1	3.869829E1
8.848000E0	1.769600E4	-1.059623E1	2.583294E1	2.792170E1	4.115230E4	8.066158E3	7.877956E1	3.898234E1
8.852000E0	1.770400E4	-2.349546E1	1.707332E1	2.904367E1	4.118400E4	7.835706E3	6.588034E1	4.774197E1
8.856000E0	1.771200E4	-2.978215E1	2.611759E0	2.989645E1	4.121499E4	7.668949E3	5.959364E1	6.220353E1
8.860000E0	1.772000E4	-2.722316E1	-1.289567E1	3.012306E1	4.124535E4	7.616657E3	6.215264E1	7.771096E1
8.864000E0	1.772800E4	-1.690880E1	-2.499439E1	3.017660E1	4.127592E4	7.608325E3	7.246699E1	8.980968E1
8.868000E0	1.773600E4	-1.943596E0	-2.936777E1	2.943202E1	4.130621E4	7.657819E3	8.743220E1	9.418306E1
8.872000E0	1.774400E4	1.282400E1	-2.496990E1	2.807046E1	4.133718E4	7.948720E3	1.021998E2	8.978518E1
8.876000E0	1.775200E4	2.265034E1	-1.318103E1	2.620644E1	4.136980E4	8.549978E3	1.120261E2	7.799631E1
8.880000E0	1.776000E4	2.475315E1	2.420033E0	2.487116E1	4.140558E4	9.089480E3	1.141289E2	6.239525E1
8.884000E0	1.776800E4	1.840757E1	1.687879E1	2.497463E1	4.144252E4	9.040055E3	1.077834E2	4.793650E1
8.888000E0	1.777600E4	5.495722E0	2.564467E1	2.622693E1	4.147790E4	8.556026E3	9.487152E1	3.917062E1
8.892000E0	1.778400E4	-9.951118E0	2.596766E1	2.780907E1	4.151097E4	8.078997E3	7.942468E1	3.884762E1
8.896000E0	1.779200E4	-2.298707E1	1.761548E1	2.896050E1	4.154254E4	7.809251E3	6.638873E1	4.719980E1
8.900000E0	1.780000E4	-2.967636E1	3.411928E0	2.987186E1	4.157344E4	7.672861E3	5.969943E1	6.140336E1
8.904000E0	1.780800E4	-2.756847E1	-1.222770E1	3.015853E1	4.160392E4	7.617758E3	6.180733E1	7.704299E1
8.908000E0	1.781600E4	-1.752530E1	-2.446419E1	3.009373E1	4.163438E4	7.606448E3	7.185050E1	8.927948E1
8.912000E0	1.782400E4	-2.673939E0	-2.921643E1	2.933853E1	4.166477E4	7.687092E3	8.670186E1	9.403171E1
8.916000E0	1.783200E4	1.221970E1	-2.518759E1	2.799528E1	4.169588E4	7.994033E3	1.015955E2	9.000288E1
8.920000E0	1.784000E4	2.245172E1	-1.363851E1	2.626954E1	4.172872E4	8.556729E3	1.118275E2	7.845379E1
8.924000E0	1.784800E4	2.501928E1	1.896168E0	2.509103E1	4.176433E4	9.026795E3	1.143951E2	6.291912E1
8.928000E0	1.785600E4	1.904369E1	1.651793E1	2.520921E1	4.180094E4	8.976820E3	1.084195E2	4.829736E1
8.932000E0	1.786400E4	6.333091E0	2.568428E1	2.645355E1	4.183615E4	8.516879E3	9.570889E1	3.913101E1
8.936000E0	1.787200E4	-9.100743E0	2.632235E1	2.785121E1	4.186907E4	8.066163E3	8.027505E1	3.849294E1
8.940000E0	1.788000E4	-2.234795E1	1.830597E1	2.888840E1	4.190068E4	7.854101E3	6.702784E1	4.650931E1
8.944000E0	1.788800E4	-2.949657E1	4.195240E0	2.979342E1	4.193191E4	7.717498E3	5.987923E1	6.062005E1
8.948000E0	1.789600E4	-2.770068E1	-1.142752E1	2.996524E1	4.196242E4	7.677895E3	6.167512E1	7.624281E1
8.952000E0	1.790400E4	-1.777174E1	-2.386728E1	2.975705E1	4.199333E4	7.711343E3	7.160406E1	8.868257E1
8.956000E0	1.791200E4	-2.991641E0	-2.899233E1	2.914627E1	4.202411E4	7.776310E3	8.638416E1	9.380762E1
8.960000E0	1.792000E4	1.205216E1	-2.522384E1	2.795526E1	4.205554E4	8.028504E3	1.014280E2	9.003912E1
8.964000E0	1.792800E4	2.249808E1	-1.387520E1	2.643264E1	4.208834E4	8.482947E3	1.118739E2	7.869049E1
8.968000E0	1.793600E4	2.520696E1	1.498647E0	2.525147E1	4.212340E4	8.979504E3	1.145828E2	6.331664E1
8.972000E0	1.794400E4	1.937312E1	1.635574E1	2.535405E1	4.216017E4	8.975865E3	1.087489E2	4.845954E1
8.976000E0	1.795200E4	6.773036E0	2.565189E1	2.653099E1	4.219521E4	8.502976E3	9.614883E1	3.916340E1
8.980000E0	1.796000E4	-8.714554E0	2.651089E1	2.790646E1	4.222820E4	8.093825E3	8.066124E1	3.830440E1
8.984000E0	1.796800E4	-2.214755E1	1.861039E1	2.892854E1	4.225996E4	7.871645E3	6.722825E1	4.620490E1
8.988000E0	1.797600E4	-2.947615E1	4.579119E0	2.982971E1	4.229117E4	7.746145E3	5.989965E1	6.023617E1
8.992000E0	1.798400E4	-2.780124E1	-1.119244E1	2.996965E1	4.232193E4	7.696839E3	6.157456E1	7.600773E1
8.996000E0	1.799200E4	-1.807353E1	-2.376307E1	2.985525E1	4.235274E4	7.699017E3	7.130227E1	8.857836E1
9.000000E0	1.800000E4	-3.283021E0	-2.891007E1	2.909588E1	4.238352E4	7.745957E3	8.609278E1	9.372535E1
9.004000E0	1.800800E4	1.165679E1	-2.532964E1	2.788317E1	4.241471E4	8.017338E3	1.010326E2	9.014492E1
9.008000E0	1.801600E4	2.213073E1	-1.401212E1	2.619368E1	4.244766E4	8.566313E3	1.115065E2	7.882741E1
9.012000E0	1.802400E4	2.508316E1	1.421053E0	2.512338E1	4.248324E4	9.057253E3	1.144590E2	6.339423E1
9.016000E0	1.803200E4	1.936541E1	1.631758E1	2.532355E1	4.252012E4	9.009810E3	1.087412E2	4.849771E1
9.020000E0	1.804000E4	6.737392E0	2.571986E1	2.658766E1	4.255532E4	8.507542E3	9.611319E1	3.909542E1
9.024000E0	1.804800E4	-8.748002E0	2.664116E1	2.804067E1	4.258818E4	8.058463E3	8.062779E1	3.817413E1
9.028000E0	1.805600E4	-2.220743E1	1.877422E1	2.907991E1	4.261979E4	7.849490E3	6.716837E1	4.604106E1
9.032000E0	1.806400E4	-2.955042E1	4.693942E0	2.992091E1	4.265097E4	7.741227E3	5.982537E1	6.012134E1
9.036000E0	1.807200E4	-2.794175E1	-1.112985E1	3.007682E1	4.268172E4	7.688767E3	6.143404E1	7.594514E1
9.040000E0	1.808000E4	-1.819836E1	-2.370319E1	2.988347E1	4.271248E4	7.661480E3	7.117743E1	8.851848E1
9.044000E0	1.808800E4	-3.539744E0	-2.887218E1	2.908836E1	4.274301E4	7.740108E3	8.583605E1	9.368747E1
9.048000E0	1.809600E4	1.150113E1	-2.534792E1	2.783510E1	4.277441E4	8.072959E3	1.008769E2	9.016321E1
9.052000E0	1.810400E4	2.206618E1	-1.400683E1	2.613633E1	4.280759E4	8.598624E3	1.114420E2	7.882212E1
9.056000E0	1.811200E4	2.498087E1	1.394129E0	2.501974E1	4.284319E4	9.087857E3	1.143567E2	6.342116E1
9.060000E0	1.812000E4	1.928318E1	1.635154E1	2.528268E1	4.288030E4	9.033708E3	1.086590E2	4.846374E1
9.064000E0	1.812800E4	6.677765E0	2.575407E1	2.660572E1	4.291546E4	8.496273E3	9.605356E1	3.906122E1
9.068000E0	1.813600E4	-8.793932E0	2.664169E1	2.805553E1	4.294827E4	8.052110E3	8.058186E1	3.817360E1
9.072000E0	1.814400E4	-2.222346E1	1.872663E1	2.906147E1	4.297988E4	7.850015E3	6.715233E1	4.608866E1
9.076000E0	1.815200E4	-2.954382E1	4.643756E0	2.990655E1	4.301107E4	7.747223E3	5.983198E1	6.017153E1
9.080000E0	1.816000E4	-2.788338E1	-1.118564E1	3.004332E1	4.304186E4	7.706880E3	6.149242E1	7.600092E1
9.084000E0	1.816800E4	-1.810109E1	-2.378024E1	2.988560E1	4.307272E4	7.711497E3	7.127471E1	8.859552E1
9.088000E0	1.817600E4	-3.263435E0	-2.886926E1	2.905312E1	4.310355E4	7.761871E3	8.611236E1	9.368454E1
9.092000E0	1.818400E4	1.167872E1	-2.525511E1	2.782468E1	4.313482E4	8.046649E3	1.010545E2	9.007039E1
9.096000E0	1.819200E4	2.213752E1	-1.387406E1	2.612583E1	4.316792E4	8.588575E3	1.115133E2	7.868934E1
9.100000E0	1.820000E4	2.499998E1	1.540380E0	2.504739E1	4.320353E4	9.084823E3	1.143758E2	6.327491E1
9.104000E0	1.820800E4	1.919456E1	1.645308E1	2.528112E1	4.324060E4	9.031307E3	1.085704E2	4.836220E1
9.108000E0	1.821600E4	6.524967E0	2.574162E1	2.655572E1	4.327578E4	8.512522E3	9.590076E1	3.907367E1
9.112000E0	1.822400E4	-8.985235E0	2.654192E1	2.802156E1	4.330870E4	8.075645E3	8.039056E1	3.827337E1
9.116000E0	1.823200E4	-2.236498E1	1.851412E1	2.903386E1	4.334038E4	7.859680E3	6.701082E1	4.630117E1
9.120000E0	1.824000E4	-2.954180E1	4.372922E0	2.986369E1	4.337158E4	7.740838E3	5.983400E1	6.044236E1
9.124000E0	1.824800E4	-2.772943E1	-1.137727E1	2.997271E1	4.340231E4	7.716750E3	6.164637E1	7.619256E1
9.128000E0	1.825600E4	-1.778243E1	-2.386908E1	2.976487E1	4.343331E4	7.736658E3	7.159337E1	8.868436E1
9.132000E0	1.826400E4	-2.940759E0	-2.895836E1	2.910729E1	4.346420E4	7.805799E3	8.643504E1	9.377364E1
9.136000E0	1.827200E4	1.213421E1	-2.514523E1	2.791992E1	4.349576E4	8.071392E3	1.015100E2	8.996052E1
9.140000E0	1.828000E4	2.250504E1	-1.364427E1	2.631811E1	4.352877E4	8.602825E3	1.118808E2	7.845956E1
9.144000E0	1.828800E4	2.516773E1	2.017400E0	2.524846E1	4.356458E4	9.043700E3	1.145435E2	6.279789E1
9.148000E0	1.829600E4	1.911949E1	1.669202E1	2.538067E1	4.360112E4	8.958336E3	1.084953E2	4.812327E1
9.152000E0	1.830400E4	6.306870E0	2.577330E1	2.653375E1	4.363625E4	8.515827E3	9.568267E1	3.904198E1
9.156000E0	1.831200E4	-9.174125E0	2.627247E1	2.782818E1	4.366925E4	8.124435E3	8.020167E1	3.854281E1
9.160000E0	1.832000E4	-2.262661E1	1.816296E1	2.901476E1	4.370125E4	7.933338E3	6.674919E1	4.665233E1
9.164000E0	1.832800E4	-2.950551E1	3.771646E0	2.974560E1	4.373272E4	7.807527E3	5.987028E1	6.104364E1
9.168000E0	1.833600E4	-2.744908E1	-1.205234E1	2.997851E1	4.376371E4	7.727481E3	6.192671E1	7.686763E1
9.172000E0	1.834400E4	-1.736540E1	-2.437716E1	2.992997E1	4.379454E4	7.678107E3	7.201040E1	8.919245E1
9.176000E0	1.835200E4	-2.480922E0	-2.911887E1	2.922437E1	4.382513E4	7.733093E3	8.689487E1	9.393416E1
9.180000E0	1.836000E4	1.240330E1	-2.498622E1	2.789539E1	4.385640E4	8.045793E3	1.017791E2	8.980151E1
9.184000E0	1.836800E4	2.254304E1	-1.328071E1	2.616422E1	4.388950E4	8.660547E3	1.119188E2	7.809600E1
9.188000E0	1.837600E4	2.480110E1	2.468677E0	2.492366E1	4.392568E4	9.163200E3	1.141769E2	6.234661E1
9.192000E0	1.838400E4	1.843329E1	1.707068E1	2.512358E1	4.396280E4	9.067998E3	1.078091E2	4.774461E1
9.196000E0	1.839200E4	5.378252E0	2.580819E1	2.636263E1	4.399823E4	8.566190E3	9.475405E1	3.900709E1
9.200000E0	1.840000E4	-1.013557E1	2.595405E1	2.786292E1	4.403133E4	8.132427E3	7.924023E1	3.886124E1
9.204000E0	1.840800E4	-2.338194E1	1.743608E1	2.916731E1	4.406329E4	7.869700E3	6.599386E1	4.737921E1
9.208000E0	1.841600E4	-2.995788E1	2.995880E0	3.010731E1	4.409429E4	7.690753E3	5.941791E1	6.181941E1
9.212000E0	1.842400E4	-2.755165E1	-1.273874E1	3.035406E1	4.412481E4	7.628081E3	6.182415E1	7.755403E1
9.216000E0	1.843200E4	-1.714184E1	-2.476878E1	3.012200E1	4.415531E4	7.617348E3	7.223396E1	8.958407E1
9.220000E0	1.844000E4	-2.161424E0	-2.910370E1	2.918385E1	4.418575E4	7.734286E3	8.721437E1	9.391899E1
9.224000E0	1.844800E4	1.262889E1	-2.458565E1	2.763952E1	4.421719E4	8.152459E3	1.020047E2	8.940093E1
9.228000E0	1.845600E4	2.249921E1	-1.248573E1	2.573146E1	4.425097E4	8.815090E3	1.118750E2	7.730101E1
9.232000E0	1.846400E4	2.442831E1	3.306699E0	2.465109E1	4.428771E4	9.261150E3	1.138041E2	6.150859E1
9.236000E0	1.847200E4	1.777723E1	1.781545E1	2.516784E1	4.432506E4	9.072216E3	1.071530E2	4.699984E1
9.240000E0	1.848000E4	4.503865E0	2.631171E1	2.669440E1	4.436029E4	8.452495E3	9.387966E1	3.850357E1
9.244000E0	1.848800E4	-1.095520E1	2.621304E1	2.841020E1	4.439268E4	7.944544E3	7.842060E1	3.860225E1
9.248000E0	1.849600E4	-2.382592E1	1.741051E1	2.950933E1	4.442384E4	7.755290E3	6.554987E1	4.740477E1
9.252000E0	1.850400E4	-3.002662E1	2.772902E0	3.015439E1	4.445472E4	7.685392E3	5.934917E1	6.204238E1
9.256000E0	1.851200E4	-2.715267E1	-1.285015E1	3.003988E1	4.448533E4	7.691319E3	6.222312E1	7.766544E1
9.260000E0	1.852000E4	-1.659177E1	-2.483543E1	2.986779E1	4.451625E4	7.727306E3	7.278403E1	8.965071E1
9.264000E0	1.852800E4	-1.446621E0	-2.900311E1	2.903916E1	4.454714E4	7.831904E3	8.792917E1	9.381840E1
9.268000E0	1.853600E4	1.330808E1	-2.409801E1	2.752852E1	4.457891E4	8.191797E3	1.026839E2	8.891330E1
9.272000E0	1.854400E4	2.297116E1	-1.186700E1	2.585536E1	4.461268E4	8.750407E3	1.123470E2	7.668228E1
9.276000E0	1.855200E4	2.459071E1	3.856452E0	2.489127E1	4.464891E4	9.162374E3	1.139665E2	6.095884E1
9.280000E0	1.856000E4	1.747319E1	1.808008E1	2.514362E1	4.468598E4	9.057929E3	1.068490E2	4.673521E1
9.284000E0	1.856800E4	3.970538E0	2.618064E1	2.648001E1	4.472138E4	8.518674E3	9.334633E1	3.863465E1
9.288000E0	1.857600E4	-1.147766E1	2.562584E1	2.807883E1	4.475413E4	8.079415E3	7.789814E1	3.918944E1
9.292000E0	1.858400E4	-2.427022E1	1.636333E1	2.927118E1	4.478601E4	7.838719E3	6.510557E1	4.845196E1
9.296000E0	1.859200E4	-3.014617E1	1.665868E0	3.019217E1	4.481684E4	7.693400E3	5.922962E1	6.314942E1
9.300000E0	1.860000E4	-2.690530E1	-1.404112E1	3.034877E1	4.484756E4	7.682294E3	6.247050E1	7.885640E1
9.304000E0	1.860800E4	-1.578617E1	-2.555543E1	3.003803E1	4.487830E4	7.679920E3	7.358962E1	9.037071E1
9.308000E0	1.861600E4	-5.080312E-1	-2.905133E1	2.905578E1	4.490900E4	7.815427E3	8.886776E1	9.386662E1
9.312000E0	1.862400E4	1.410214E1	-2.363888E1	2.752575E1	4.494082E4	8.221466E3	1.034779E2	8.845416E1
9.316000E0	1.863200E4	2.337051E1	-1.101234E1	2.583509E1	4.497477E4	8.789905E3	1.127463E2	7.582762E1
9.320000E0	1.864000E4	2.441290E1	4.806475E0	2.488156E1	4.501114E4	9.163772E3	1.137887E2	6.000881E1
9.324000E0	1.864800E4	1.688797E1	1.880877E1	2.527792E1	4.504808E4	8.980205E3	1.062638E2	4.600652E1
9.328000E0	1.865600E4	3.268099E0	2.653889E1	2.673936E1	4.508298E4	8.438642E3	9.264390E1	3.827640E1
9.332000E0	1.866400E4	-1.215435E1	2.538038E1	2.814057E1	4.511559E4	8.069576E3	7.722144E1	3.943491E1
9.336000E0	1.867200E4	-2.468991E1	1.570720E1	2.926273E1	4.514754E4	7.881382E3	6.468589E1	4.910809E1
9.340000E0	1.868000E4	-2.998541E1	7.117517E-1	2.999385E1	4.517864E4	7.734062E3	5.939039E1	6.410353E1
9.344000E0	1.868800E4	-2.617624E1	-1.475487E1	3.004832E1	4.520941E4	7.698842E3	6.319956E1	7.957015E1
9.348000E0	1.869600E4	-1.477510E1	-2.583115E1	2.975822E1	4.524023E4	7.720727E3	7.460070E1	9.064644E1
9.352000E0	1.870400E4	5.944059E-1	-2.898925E1	2.899535E1	4.527117E4	7.830433E3	8.997020E1	9.380454E1
9.356000E0	1.871200E4	1.492030E1	-2.308583E1	2.748765E1	4.530287E4	8.205088E3	1.042961E2	8.790112E1
9.360000E0	1.872000E4	2.381093E1	-1.019783E1	2.590282E1	4.533682E4	8.791246E3	1.131867E2	7.501311E1
9.364000E0	1.872800E4	2.423878E1	5.687126E0	2.489702E1	4.537320E4	9.177469E3	1.136146E2	5.912816E1
9.368000E0	1.873600E4	1.623252E1	1.950717E1	2.537764E1	4.541024E4	8.996992E3	1.056083E2	4.530811E1
9.372000E0	1.874400E4	2.254071E0	2.673311E1	2.682797E1	4.544518E4	8.455861E3	9.162987E1	3.808218E1
9.376000E0	1.875200E4	-1.319414E1	2.493833E1	2.821357E1	4.547788E4	8.083272E3	7.618166E1	3.987696E1
9.380000E0	1.876000E4	-2.538563E1	1.474720E1	2.935831E1	4.550985E4	7.859143E3	6.399016E1	5.006808E1
9.384000E0	1.876800E4	-3.016288E1	-3.975594E-1	3.016550E1	4.554076E4	7.704437E3	5.921292E1	6.521285E1
9.388000E0	1.877600E4	-2.585104E1	-1.583039E1	3.031299E1	4.557148E4	7.696901E3	6.352476E1	8.064567E1
9.392000E0	1.878400E4	-1.395146E1	-2.660784E1	3.004364E1	4.560233E4	7.697049E3	7.542434E1	9.142312E1
9.396000E0	1.879200E4	1.549529E0	-2.900091E1	2.904228E1	4.563306E4	7.813850E3	9.092533E1	9.381620E1
9.400000E0	1.880000E4	1.566859E1	-2.250964E1	2.742605E1	4.566484E4	8.231191E3	1.050444E2	8.732492E1
9.404000E0	1.880800E4	2.392375E1	-9.227589E0	2.564165E1	4.569891E4	8.848362E3	1.132995E2	7.404288E1
9.408000E0	1.881600E4	2.397503E1	6.706598E0	2.489539E1	4.573563E4	9.213827E3	1.133508E2	5.810869E1
9.412000E0	1.882400E4	1.550029E1	2.028717E1	2.553093E1	4.577262E4	8.972551E3	1.048761E2	4.452812E1
9.416000E0	1.883200E4	1.220769E0	2.697115E1	2.699876E1	4.580741E4	8.401009E3	9.059657E1	3.784414E1
9.420000E0	1.884000E4	-1.408803E1	2.457257E1	2.832462E1	4.583983E4	8.020207E3	7.528777E1	4.024271E1
9.424000E0	1.884800E4	-2.567415E1	1.389928E1	2.919506E1	4.587157E4	7.876225E3	6.370165E1	5.091601E1
9.428000E0	1.885600E4	-2.983000E1	-1.477949E0	2.986659E1	4.590284E4	7.781964E3	5.954580E1	6.629324E1
9.432000E0	1.886400E4	-2.490659E1	-1.668977E1	2.998144E1	4.593383E4	7.759309E3	6.446920E1	8.150505E1
9.436000E0	1.887200E4	-1.255921E1	-2.682434E1	2.961889E1	4.596491E4	7.765586E3	7.681659E1	9.163963E1
9.440000E0	1.888000E4	2.968744E0	-2.848240E1	2.863670E1	4.599595E4	7.897014E3	9.234454E1	9.329769E1
9.444000E0	1.888800E4	1.681649E1	-2.145687E1	2.726154E1	4.602809E4	8.289052E3	1.061923E2	8.627215E1
9.448000E0	1.889600E4	2.444158E1	-7.817739E0	2.566141E1	4.606226E4	8.901915E3	1.138174E2	7.263303E1
9.452000E0	1.890400E4	2.369985E1	8.300663E0	2.511143E1	4.609930E4	9.189136E3	1.130756E2	5.651462E1
9.456000E0	1.891200E4	1.461614E1	2.148762E1	2.598749E1	4.613578E4	8.815207E3	1.039919E2	4.332766E1
9.460000E0	1.892000E4	8.448686E-2	2.750595E1	2.750608E1	4.616982E4	8.248681E3	8.946028E1	3.730934E1
9.464000E0	1.892800E4	-1.514503E1	2.445935E1	2.876859E1	4.620177E4	7.940427E3	7.423077E1	4.035594E1
9.468000E0	1.893600E4	-2.652939E1	1.331539E1	2.968346E1	4.623335E4	7.804375E3	6.284641E1	5.149990E1
9.472000E0	1.894400E4	-3.000793E1	-2.203881E0	3.008875E1	4.626420E4	7.744054E3	5.936787E1	6.701917E1
9.476000E0	1.895200E4	-2.436423E1	-1.725074E1	2.985304E1	4.629530E4	7.782329E3	6.501157E1	8.206603E1
9.480000E0	1.896000E4	-1.173202E1	-2.692918E1	2.937381E1	4.632646E4	7.833210E3	7.764378E1	9.174447E1
9.484000E0	1.896800E4	3.934347E0	-2.811703E1	2.839096E1	4.635797E4	8.017671E3	9.331014E1	9.293232E1
9.488000E0	1.897600E4	1.755091E1	-2.047667E1	2.696903E1	4.639060E4	8.423178E3	1.069267E2	8.529196E1
9.492000E0	1.898400E4	2.463282E1	-6.438889E0	2.546047E1	4.642535E4	8.967055E3	1.140086E2	7.125418E1
9.496000E0	1.899200E4	2.315189E1	9.512698E0	2.503001E1	4.646234E4	9.166944E3	1.125277E2	5.530259E1
9.500000E0	1.900000E4	1.355368E1	2.228006E1	2.607879E1	4.649869E4	8.783249E3	1.029295E2	4.253522E1
9.504000E0	1.900800E4	-1.253459E0	2.757275E1	2.760122E1	4.653260E4	8.235229E3	8.812234E1	3.724254E1
9.508000E0	1.901600E4	-1.640792E1	2.381277E1	2.891830E1	4.656457E4	7.943992E3	7.296788E1	4.100251E1
9.512000E0	1.902400E4	-2.720458E1	1.202429E1	2.974345E1	4.659615E4	7.810612E3	6.217122E1	5.279100E1
9.516000E0	1.903200E4	-2.997424E1	-3.708648E0	3.020280E1	4.662705E4	7.720704E3	5.940156E1	6.852394E1
9.520000E0	1.904000E4	-2.364278E1	-1.841895E1	2.997064E1	4.665792E4	7.744653E3	6.573301E1	8.323424E1
9.524000E0	1.904800E4	-1.049986E1	-2.736800E1	2.931304E1	4.668901E4	7.830883E3	7.887594E1	9.218328E1
9.528000E0	1.905600E4	5.169106E0	-2.770778E1	2.818583E1	4.672057E4	8.058564E3	9.454490E1	9.252307E1
9.532000E0	1.906400E4	1.829770E1	-1.929593E1	2.659208E1	4.675348E4	8.518204E3	1.076735E2	8.411122E1
9.536000E0	1.907200E4	2.481993E1	-4.953596E0	2.530943E1	4.678871E4	9.028247E3	1.141957E2	6.976888E1
9.540000E0	1.908000E4	2.251680E1	1.083900E1	2.498981E1	4.682570E4	9.161069E3	1.118926E2	5.397629E1
9.544000E0	1.908800E4	1.220758E1	2.296075E1	2.600425E1	4.686200E4	8.753641E3	1.015834E2	4.185454E1
9.548000E0	1.909600E4	-2.758591E0	2.747220E1	2.761035E1	4.689573E4	8.205483E3	8.661721E1	3.734309E1
9.552000E0	1.910400E4	-1.765772E1	2.289134E1	2.891035E1	4.692765E4	7.936610E3	7.171808E1	4.192394E1
9.556000E0	1.911200E4	-2.777748E1	1.053673E1	2.970877E1	4.695923E4	7.804020E3	6.159831E1	5.427856E1
9.560000E0	1.912000E4	-2.961529E1	-5.263397E0	3.007937E1	4.699008E4	7.733076E3	5.976051E1	7.007868E1
9.564000E0	1.912800E4	-2.263143E1	-1.973679E1	3.002870E1	4.702109E4	7.758754E3	6.674436E1	8.455208E1
9.568000E0	1.913600E4	-8.987151E0	-2.790423E1	2.931578E1	4.705215E4	7.818355E3	8.038865E1	9.271951E1
9.572000E0	1.914400E4	6.673981E0	-2.750626E1	2.830435E1	4.708364E4	8.035010E3	9.604978E1	9.232154E1
9.576000E0	1.915200E4	1.928169E1	-1.834386E1	2.661355E1	4.711643E4	8.491905E3	1.086575E2	8.315915E1
9.580000E0	1.916000E4	2.499454E1	-3.702623E0	2.526730E1	4.715157E4	9.043022E3	1.143703E2	6.851791E1
9.584000E0	1.916800E4	2.213017E1	1.215208E1	2.524713E1	4.718877E4	9.149006E3	1.115060E2	5.266321E1
9.588000E0	1.917600E4	1.115381E1	2.366625E1	2.616293E1	4.722477E4	8.692974E3	1.005296E2	4.114904E1
9.592000E0	1.918400E4	-4.006105E0	2.740801E1	2.769924E1	4.725832E4	8.194041E3	8.536969E1	3.740727E1
9.596000E0	1.919200E4	-1.864754E1	2.197442E1	2.882023E1	4.729032E4	7.976947E3	7.072825E1	4.284087E1
9.600000E0	1.920000E4	-2.809046E1	9.055999E0	2.951415E1	4.732213E4	7.895355E3	6.128534E1	5.575929E1
9.604000E0	1.920800E4	-2.893206E1	-6.935748E0	2.975179E1	4.735348E4	7.860679E3	6.044373E1	7.175103E1
9.608000E0	1.921600E4	-2.108189E1	-2.109425E1	2.982304E1	4.738502E4	7.827243E3	6.829390E1	8.590954E1
9.612000E0	1.922400E4	-7.064917E0	-2.854543E1	2.940671E1	4.741610E4	7.791910E3	8.231088E1	9.336072E1
9.616000E0	1.923200E4	8.474659E0	-2.712217E1	2.841535E1	4.744735E4	7.964010E3	9.785046E1	9.193746E1
9.620000E0	1.924000E4	2.057323E1	-1.737904E1	2.693118E1	4.747981E4	8.428181E3	1.099490E2	8.219432E1
9.624000E0	1.924800E4	2.542129E1	-2.323578E0	2.552726E1	4.751478E4	8.991086E3	1.147971E2	6.713886E1
9.628000E0	1.925600E4	2.149499E1	1.329609E1	2.527490E1	4.755174E4	9.126399E3	1.108708E2	5.151920E1
9.632000E0	1.926400E4	9.942272E0	2.434907E1	2.630069E1	4.758779E4	8.677079E3	9.931807E1	4.046621E1
9.636000E0	1.927200E4	-5.367597E0	2.721755E1	2.774178E1	4.762116E4	8.197943E3	8.400820E1	3.759773E1
9.640000E0	1.928000E4	-1.980936E1	2.096815E1	2.884569E1	4.765337E4	8.008885E3	6.956643E1	4.384714E1
9.644000E0	1.928800E4	-2.855246E1	7.529347E0	2.952853E1	4.768523E4	7.877775E3	6.082333E1	5.728594E1
9.648000E0	1.929600E4	-2.857831E1	-8.408046E0	2.978951E1	4.771639E4	7.826158E3	6.079749E1	7.322333E1
9.652000E0	1.930400E4	-1.994503E1	-2.202451E1	2.971335E1	4.774784E4	7.830357E3	6.943077E1	8.683979E1
9.656000E0	1.931200E4	-5.555870E0	-2.868219E1	2.921533E1	4.777904E4	7.831576E3	8.381993E1	9.349747E1
9.660000E0	1.932000E4	9.815564E0	-2.626809E1	2.804207E1	4.781049E4	8.064228E3	9.919136E1	9.108338E1
9.664000E0	1.932800E4	2.127213E1	-1.571119E1	2.644514E1	4.784355E4	8.610669E3	1.106479E2	8.052648E1
9.668000E0	1.933600E4	2.532757E1	-2.765156E-1	2.532907E1	4.787937E4	9.087008E3	1.147034E2	6.509180E1
9.672000E0	1.934400E4	2.050606E1	1.503413E1	2.542683E1	4.791625E4	9.071376E3	1.098819E2	4.978116E1
9.676000E0	1.935200E4	8.203253E0	2.516554E1	2.646881E1	4.795195E4	8.626722E3	9.757905E1	3.964974E1
9.680000E0	1.936000E4	-7.311893E0	2.679949E1	2.777906E1	4.798526E4	8.187224E3	8.206390E1	3.801580E1
9.684000E0	1.936800E4	-2.129615E1	1.955313E1	2.891108E1	4.801744E4	7.965132E3	6.807965E1	4.526216E1
9.688000E0	1.937600E4	-2.925153E1	5.695442E0	2.980084E1	4.804898E4	7.814045E3	6.012426E1	5.911984E1
9.692000E0	1.938400E4	-2.831240E1	-1.028006E1	3.012095E1	4.807996E4	7.757108E3	6.106339E1	7.509535E1
9.696000E0	1.939200E4	-1.889152E1	-2.336150E1	3.004412E1	4.811104E4	7.751285E3	7.048428E1	8.817678E1
9.700000E0	1.940000E4	-4.082495E0	-2.892366E1	2.921035E1	4.814197E4	7.846670E3	8.529330E1	9.373894E1
9.704000E0	1.940800E4	1.128649E1	-2.557507E1	2.795477E1	4.817381E4	8.158213E3	1.006623E2	9.039036E1
9.708000E0	1.941600E4	2.209493E1	-1.422195E1	2.627641E1	4.820723E4	8.664077E3	1.114707E2	7.903724E1
9.712000E0	1.942400E4	2.512012E1	1.371395E0	2.515752E1	4.824312E4	9.139435E3	1.144959E2	6.344389E1
9.716000E0	1.943200E4	1.935986E1	1.644574E1	2.540210E1	4.828035E4	9.087324E3	1.087357E2	4.836954E1
9.720000E0	1.944000E4	6.519448E0	2.580906E1	2.661974E1	4.831582E4	8.584036E3	9.589524E1	3.900623E1
9.724000E0	1.944800E4	-9.124146E0	2.646933E1	2.799778E1	4.834902E4	8.149410E3	8.025165E1	3.834596E1
9.728000E0	1.945600E4	-2.266814E1	1.834402E1	2.916072E1	4.838102E4	7.921260E3	6.670765E1	4.647127E1
9.732000E0	1.946400E4	-2.962305E1	3.958094E0	2.988631E1	4.841239E4	7.819477E3	5.975274E1	6.085719E1
9.736000E0	1.947200E4	-2.748751E1	-1.199447E1	2.999051E1	4.844357E4	7.794275E3	6.188829E1	7.680976E1
9.740000E0	1.948000E4	-1.722645E1	-2.436915E1	2.984302E1	4.847474E4	7.749974E3	7.214935E1	8.918444E1
9.744000E0	1.948800E4	-2.245184E0	-2.900908E1	2.909583E1	4.850557E4	7.822147E3	8.713061E1	9.382436E1
9.748000E0	1.949600E4	1.270646E1	-2.459634E1	2.768455E1	4.853732E4	8.201677E3	1.020823E2	8.941163E1
9.752000E0	1.950400E4	2.262263E1	-1.244318E1	2.581891E1	4.857119E4	8.831146E3	1.119984E2	7.725847E1
9.756000E0	1.951200E4	2.450667E1	3.431116E0	2.474570E1	4.860797E4	9.277033E3	1.138825E2	6.138417E1
9.760000E0	1.952000E4	1.772118E1	1.797289E1	2.524015E1	4.864540E4	9.102104E3	1.070970E2	4.684239E1
9.764000E0	1.952800E4	4.276485E0	2.636551E1	2.671008E1	4.868079E4	8.526782E3	9.365228E1	3.844977E1
9.768000E0	1.953600E4	-1.136558E1	2.599216E1	2.836845E1	4.871362E4	8.063900E3	7.801022E1	3.882313E1
9.772000E0	1.954400E4	-2.425471E1	1.679597E1	2.950247E1	4.874530E4	7.844224E3	6.512108E1	4.801932E1
9.776000E0	1.955200E4	-3.027492E1	1.919544E0	3.033572E1	4.877637E4	7.755811E3	5.910087E1	6.289574E1
9.780000E0	1.956000E4	-2.699349E1	-1.395898E1	3.038917E1	4.880734E4	7.724527E3	6.238230E1	7.877426E1
9.784000E0	1.956800E4	-1.583140E1	-2.550192E1	3.001635E1	4.883817E4	7.715383E3	7.354440E1	9.031721E1
9.788000E0	1.957600E4	-4.723853E-1	-2.902618E1	2.903002E1	4.886907E4	7.864670E3	8.890341E1	9.384146E1
9.792000E0	1.958400E4	1.417412E1	-2.351000E1	2.745225E1	4.890109E4	8.283988E3	1.035499E2	8.832529E1
9.796000E0	1.959200E4	2.332978E1	-1.071101E1	2.567108E1	4.893534E4	8.918179E3	1.127056E2	7.552629E1
9.800000E0	1.960000E4	2.423467E1	5.342128E0	2.481648E1	4.897243E4	9.302340E3	1.136105E2	5.947316E1
9.804000E0	1.960800E4	1.646103E1	1.945023E1	2.548091E1	4.900976E4	9.037674E3	1.058368E2	4.536506E1
9.808000E0	1.961600E4	2.482122E0	2.692242E1	2.703660E1	4.904473E4	8.423370E3	9.185792E1	3.789286E1
9.812000E0	1.962400E4	-1.300794E1	2.537037E1	2.851073E1	4.907715E4	8.004217E3	7.636786E1	3.944492E1
9.816000E0	1.963200E4	-2.520598E1	1.528560E1	2.947866E1	4.910877E4	7.842495E3	6.416981E1	4.952969E1
9.820000E0	1.964000E4	-3.011534E1	6.035861E-2	3.011540E1	4.913989E4	7.780538E3	5.926046E1	6.475493E1
9.824000E0	1.964800E4	-2.577911E1	-1.549610E1	3.007809E1	4.917101E4	7.792374E3	6.359669E1	8.031139E1
9.828000E0	1.965600E4	-1.381232E1	-2.622420E1	2.963931E1	4.920222E4	7.821127E3	7.556347E1	9.103949E1
9.832000E0	1.966400E4	1.793494E0	-2.867009E1	2.872613E1	4.923358E4	7.944076E3	9.116929E1	9.348537E1
9.836000E0	1.967200E4	1.584939E1	-2.199450E1	2.711017E1	4.926578E4	8.316459E3	1.052252E2	8.680979E1
9.840000E0	1.968000E4	2.396267E1	-8.669061E0	2.548259E1	4.930011E4	8.972594E3	1.133385E2	7.348435E1
9.844000E0	1.968800E4	2.379432E1	7.528593E0	2.495695E1	4.933756E4	9.275027E3	1.131701E2	5.728669E1
9.848000E0	1.969600E4	1.501124E1	2.089915E1	2.573154E1	4.937431E4	8.897309E3	1.043870E2	4.391614E1
9.852000E0	1.970400E4	6.016658E-1	2.726837E1	2.727501E1	4.940874E4	8.339611E3	8.997746E1	3.754691E1
9.856000E0	1.971200E4	-1.480965E1	2.461983E1	2.873085E1	4.944103E4	7.999807E3	7.456614E1	4.019546E1
9.860000E0	1.972000E4	-2.632185E1	1.356569E1	2.961195E1	4.947273E4	7.851545E3	6.305394E1	5.124960E1
9.864000E0	1.972800E4	-3.006930E1	-2.018644E0	3.013698E1	4.950384E4	7.783589E3	5.930650E1	6.683393E1
9.868000E0	1.973600E4	-2.458234E1	-1.721476E1	3.001065E1	4.953500E4	7.788726E3	6.479346E1	8.203005E1
9.872000E0	1.974400E4	-1.195215E1	-2.703585E1	2.955995E1	4.956615E4	7.837675E3	7.742365E1	9.185113E1
9.876000E0	1.975200E4	3.837081E0	-2.836265E1	2.862102E1	4.959770E4	7.991061E3	9.321288E1	9.317794E1
9.880000E0	1.976000E4	1.734909E1	-2.061806E1	2.694616E1	4.963008E4	8.421156E3	1.067249E2	8.543335E1
9.884000E0	1.976800E4	2.453374E1	-6.539931E0	2.539045E1	4.966507E4	9.035206E3	1.139095E2	7.135522E1
9.888000E0	1.977600E4	2.303852E1	9.477270E0	2.491168E1	4.970236E4	9.240126E3	1.124143E2	5.533802E1
9.892000E0	1.978400E4	1.338130E1	2.226566E1	2.597727E1	4.973899E4	8.846808E3	1.027571E2	4.254963E1
9.896000E0	1.979200E4	-1.509357E0	2.755704E1	2.759835E1	4.977314E4	8.260791E3	8.786644E1	3.725824E1
9.900000E0	1.980000E4	-1.661598E1	2.365869E1	2.891062E1	4.980508E4	7.951164E3	7.275982E1	4.115660E1
9.904000E0	1.980800E4	-2.728550E1	1.172594E1	2.969842E1	4.983674E4	7.850561E3	6.209030E1	5.308935E1
9.908000E0	1.981600E4	-2.983459E1	-4.132268E0	3.011941E1	4.986789E4	7.788687E3	5.954120E1	6.894755E1
9.912000E0	1.982400E4	-2.327924E1	-1.888743E1	2.997762E1	4.989905E4	7.794368E3	6.609656E1	8.370272E1
9.916000E0	1.983200E4	-9.963267E0	-2.773566E1	2.947089E1	4.993024E4	7.846969E3	7.941253E1	9.255094E1
9.920000E0	1.984000E4	5.799897E0	-2.769097E1	2.829185E1	4.996183E4	8.052227E3	9.517569E1	9.250626E1
9.924000E0	1.984800E4	1.864345E1	-1.886710E1	2.652444E1	4.999466E4	8.523036E3	1.080192E2	8.368239E1
9.928000E0	1.985600E4	2.473223E1	-4.354760E0	2.511269E1	5.003001E4	9.111833E3	1.141080E2	6.917005E1
9.932000E0	1.986400E4	2.199787E1	1.147727E1	2.481197E1	5.006755E4	9.254488E3	1.113737E2	5.333802E1
9.936000E0	1.987200E4	1.140584E1	2.343715E1	2.606517E1	5.010405E4	8.784820E3	1.007816E2	4.137814E1
9.940000E0	1.988000E4	-3.789357E0	2.754991E1	2.780929E1	5.013783E4	8.196251E3	8.558644E1	3.726538E1
9.944000E0	1.988800E4	-1.854495E1	2.240119E1	2.908141E1	5.016962E4	7.904670E3	7.083085E1	4.241409E1
9.948000E0	1.989600E4	-2.824633E1	9.687971E0	2.986155E1	5.020107E4	7.795078E3	6.112946E1	5.512732E1
9.952000E0	1.990400E4	-2.955689E1	-6.271979E0	3.021502E1	5.023198E4	7.760926E3	5.981891E1	7.108727E1
9.956000E0	1.991200E4	-2.187994E1	-2.051531E1	2.999350E1	5.026316E4	7.804787E3	6.749585E1	8.533060E1
9.960000E0	1.992000E4	-7.838602E0	-2.811025E1	2.918270E1	5.029442E4	7.860705E3	8.153719E1	9.292554E1
9.964000E0	1.992800E4	7.756602E0	-2.697580E1	2.806882E1	5.032604E4	8.105985E3	9.713240E1	9.179108E1
9.968000E0	1.993600E4	2.000109E1	-1.722392E1	2.639520E1	5.035927E4	8.622677E3	1.093769E2	8.203920E1
9.972000E0	1.994400E4	2.505558E1	-2.181752E0	2.515039E1	5.039502E4	9.147341E3	1.144314E2	6.699704E1
9.976000E0	1.995200E4	2.119458E1	1.347405E1	2.511494E1	5.043245E4	9.204039E3	1.105704E2	5.134124E1
9.980000E0	1.996000E4	9.576671E0	2.450694E1	2.631165E1	5.046866E4	8.712287E3	9.895247E1	4.030834E1
9.984000E0	1.996800E4	-5.878568E0	2.731946E1	2.794477E1	5.050214E4	8.184985E3	8.349723E1	3.749583E1
9.988000E0	1.997600E4	-2.020732E1	2.082641E1	2.901853E1	5.053414E4	7.966067E3	6.916847E1	4.398888E1
9.992000E0	1.998400E4	-2.897081E1	7.291909E0	2.987440E1	5.056587E4	7.827433E3	6.040498E1	5.752338E1
9.996000E0	1.999200E4	-2.874193E1	-8.653126E0	3.001625E1	5.059676E4	7.783860E3	6.063386E1	7.346841E1
1.000000E1	2.000000E4	-1.984122E1	-2.214688E1	2.973480E1	5.062814E4	7.850180E3	6.953458E1	8.696217E1
1.000400E1	2.000800E4	-5.270102E0	-2.859234E1	2.907397E1	5.065956E4	7.902732E3	8.410569E1	9.340762E1
1.000800E1	2.001600E4	1.010958E1	-2.584314E1	2.775016E1	5.069136E4	8.182487E3	9.948538E1	9.065842E1
1.001200E1	2.002400E4	2.152249E1	-1.506102E1	2.626884E1	5.072502E4	8.697694E3	1.108983E2	7.987630E1
1.001600E1	2.003200E4	2.513294E1	4.152206E-1	2.513637E1	5.076095E4	9.157595E3	1.145087E2	6.440007E1
1.002000E1	2.004000E4	1.988655E1	1.569260E1	2.533244E1	5.079828E4	9.111276E3	1.092623E2	4.912269E1
1.002400E1	2.004800E4	7.415742E0	2.558631E1	2.663931E1	5.083384E4	8.606633E3	9.679154E1	3.922897E1
1.002800E1	2.005600E4	-8.264607E0	2.681413E1	2.805889E1	5.086713E4	8.178898E3	8.111119E1	3.800115E1
1.003200E1	2.006400E4	-2.207432E1	1.900845E1	2.913068E1	5.089927E4	7.980533E3	6.730148E1	4.580684E1
1.003600E1	2.007200E4	-2.940008E1	4.669918E0	2.976865E1	5.093097E4	7.871484E3	5.997572E1	6.014537E1
1.004000E1	2.008000E4	-2.774993E1	-1.134701E1	2.998021E1	5.096224E4	7.822218E3	6.162587E1	7.616229E1
1.004400E1	2.008800E4	-1.768367E1	-2.394376E1	2.976602E1	5.099355E4	7.813742E3	7.169212E1	8.875905E1
1.004800E1	2.009600E4	-2.667214E0	-2.902540E1	2.914769E1	5.102475E4	7.877327E3	8.670858E1	9.384069E1
1.005200E1	2.010400E4	1.245888E1	-2.491142E1	2.785323E1	5.105657E4	8.174815E3	1.018347E2	8.972671E1
1.005600E1	2.011200E4	2.272146E1	-1.303998E1	2.619744E1	5.109015E4	8.760752E3	1.120973E2	7.785527E1
1.006000E1	2.012000E4	2.485410E1	2.900729E0	2.502280E1	5.112666E4	9.238841E3	1.142299E2	6.191456E1
1.006400E1	2.012800E4	1.803708E1	1.745411E1	2.509945E1	5.116406E4	9.146520E3	1.074129E2	4.736118E1
1.006800E1	2.013600E4	4.680644E0	2.608983E1	2.650637E1	5.119983E4	8.637008E3	9.405644E1	3.872546E1
1.007200E1	2.014400E4	-1.101704E1	2.576052E1	2.801749E1	5.123316E4	8.177725E3	7.835876E1	3.905477E1
1.007600E1	2.015200E4	-2.389055E1	1.657294E1	2.907612E1	5.126525E4	7.960521E3	6.548525E1	4.824235E1
1.008000E1	2.016000E4	-2.984508E1	1.648124E0	2.989055E1	5.129684E4	7.836267E3	5.953072E1	6.316716E1
1.008400E1	2.016800E4	-2.656034E1	-1.408731E1	3.006500E1	5.132794E4	7.785227E3	6.281546E1	7.890260E1
1.008800E1	2.017600E4	-1.538081E1	-2.572086E1	2.996885E1	5.135912E4	7.759883E3	7.399498E1	9.053615E1
1.009200E1	2.018400E4	1.017590E-2	-2.907881E1	2.907881E1	5.139002E4	7.869719E3	8.938597E1	9.389409E1
1.009600E1	2.019200E4	1.469044E1	-2.343786E1	2.766121E1	5.142208E4	8.272779E3	1.040662E2	8.825315E1
1.010000E1	2.020000E4	2.366592E1	-1.043679E1	2.586508E1	5.145620E4	8.871352E3	1.130417E2	7.525207E1
1.010400E1	2.020800E4	2.427045E1	5.625399E0	2.491385E1	5.149305E4	9.263344E3	1.136462E2	5.918989E1
1.010800E1	2.021600E4	1.625755E1	1.958861E1	2.545627E1	5.153031E4	9.057768E3	1.056333E2	4.522668E1
1.011200E1	2.022400E4	2.107151E0	2.684412E1	2.692669E1	5.156551E4	8.507492E3	9.148295E1	3.797117E1
1.011600E1	2.023200E4	-1.343557E1	2.488077E1	2.827662E1	5.159837E4	8.133497E3	7.594022E1	3.993452E1
1.012000E1	2.024000E4	-2.551431E1	1.438849E1	2.929178E1	5.163058E4	7.942861E3	6.386149E1	5.042680E1
1.012400E1	2.024800E4	-2.999293E1	-1.001185E0	3.000964E1	5.166191E4	7.816746E3	5.938286E1	6.581647E1
1.012800E1	2.025600E4	-2.519981E1	-1.643611E1	3.008614E1	5.169311E4	7.790428E3	6.417599E1	8.125140E1
1.013200E1	2.026400E4	-1.296060E1	-2.685248E1	2.981665E1	5.172424E4	7.810188E3	7.641519E1	9.166777E1
1.013600E1	2.027200E4	2.822872E0	-2.881491E1	2.895285E1	5.175560E4	7.934091E3	9.219867E1	9.363019E1
1.014000E1	2.028000E4	1.663043E1	-2.151104E1	2.719000E1	5.178771E4	8.371423E3	1.060062E2	8.632633E1
1.014400E1	2.028800E4	2.432728E1	-7.639309E0	2.549854E1	5.182257E4	9.045538E3	1.137031E2	7.245460E1
1.014800E1	2.029600E4	2.339687E1	8.549224E0	2.490990E1	5.186007E4	9.315499E3	1.127727E2	5.626606E1
1.015200E1	2.030400E4	1.397083E1	2.158781E1	2.571415E1	5.189709E4	8.922745E3	1.033466E2	4.322748E1
1.015600E1	2.031200E4	-6.928430E-1	2.729090E1	2.729969E1	5.193145E4	8.347315E3	8.868295E1	3.752439E1
1.016000E1	2.032000E4	-1.600823E1	2.385057E1	2.872478E1	5.196387E4	8.046780E3	7.336756E1	4.096472E1
1.016400E1	2.032800E4	-2.688635E1	1.206713E1	2.947018E1	5.199583E4	7.924063E3	6.248945E1	5.274816E1
1.016800E1	2.033600E4	-2.973210E1	-3.788501E0	2.997250E1	5.202726E4	7.817148E3	5.964369E1	6.860379E1
1.017200E1	2.034400E4	-2.344801E1	-1.856182E1	2.990569E1	5.205837E4	7.802790E3	6.592778E1	8.337711E1
1.017600E1	2.035200E4	-1.020022E1	-2.755097E1	2.937858E1	5.208968E4	7.865204E3	7.917557E1	9.236626E1
1.018000E1	2.036000E4	5.544108E0	-2.777751E1	2.832538E1	5.212129E4	8.068101E3	9.491990E1	9.259280E1
1.018400E1	2.036800E4	1.856138E1	-1.906797E1	2.661038E1	5.215423E4	8.551811E3	1.079372E2	8.388326E1
1.018800E1	2.037600E4	2.481512E1	-4.508858E0	2.522142E1	5.218970E4	9.129581E3	1.141909E2	6.932414E1
1.019200E1	2.038400E4	2.219145E1	1.143687E1	2.496522E1	5.222727E4	9.264403E3	1.115672E2	5.337842E1
1.019600E1	2.039200E4	1.154340E1	2.347691E1	2.616133E1	5.226382E4	8.799985E3	1.009192E2	4.133838E1
1.020000E1	2.040000E4	-3.718639E0	2.762995E1	2.787907E1	5.229767E4	8.212482E3	8.565716E1	3.718533E1
1.020400E1	2.040800E4	-1.853045E1	2.246573E1	2.912193E1	5.232952E4	7.934778E3	7.084534E1	4.234956E1
1.020800E1	2.041600E4	-2.830048E1	9.665455E0	2.990549E1	5.236114E4	7.828427E3	6.107531E1	5.514983E1
1.021200E1	2.042400E4	-2.952479E1	-6.353459E0	3.020066E1	5.239214E4	7.785081E3	5.985101E1	7.116875E1
1.021600E1	2.043200E4	-2.173540E1	-2.057147E1	2.992679E1	5.242342E4	7.837275E3	6.764040E1	8.538675E1
1.022000E1	2.044000E4	-7.620561E0	-2.813082E1	2.914474E1	5.245484E4	7.920563E3	8.175524E1	9.294611E1
1.022400E1	2.044800E4	8.051811E0	-2.668807E1	2.787624E1	5.248679E4	8.204625E3	9.742761E1	9.150336E1
1.022800E1	2.045600E4	2.026170E1	-1.671462E1	2.626623E1	5.252048E4	8.730587E3	1.096375E2	8.152991E1
1.023200E1	2.046400E4	2.506616E1	-1.474588E0	2.510949E1	5.255663E4	9.203520E3	1.144420E2	6.628987E1
1.023600E1	2.047200E4	2.093939E1	1.418113E1	2.528958E1	5.259411E4	9.156643E3	1.103152E2	5.063416E1
1.024000E1	2.048000E4	9.196130E0	2.511119E1	2.674211E1	5.262989E4	8.610539E3	9.857193E1	3.970410E1
1.024400E1	2.048800E4	-6.322231E0	2.740206E1	2.812194E1	5.266299E4	8.132181E3	8.305356E1	3.741323E1
1.024800E1	2.049600E4	-2.063018E1	2.067062E1	2.920409E1	5.269494E4	7.963512E3	6.874562E1	4.414466E1
1.025200E1	2.050400E4	-2.904155E1	6.865081E0	2.984194E1	5.272670E4	7.881501E3	6.033424E1	5.795021E1
1.025600E1	2.051200E4	-2.837864E1	-9.218530E0	2.983837E1	5.275800E4	7.855109E3	6.099716E1	7.403382E1
1.026000E1	2.052000E4	-1.927296E1	-2.259844E1	2.970078E1	5.278954E4	7.866120E3	7.010283E1	8.741373E1
1.026400E1	2.052800E4	-4.553806E0	-2.850955E1	2.887095E1	5.282092E4	7.945178E3	8.482199E1	9.332484E1
1.026800E1	2.053600E4	1.082362E1	-2.537269E1	2.758486E1	5.285310E4	8.266455E3	1.001994E2	9.018798E1
1.027200E1	2.054400E4	2.179979E1	-1.412641E1	2.597664E1	5.288706E4	8.825092E3	1.111756E2	7.894169E1
1.027600E1	2.055200E4	2.482366E1	1.606639E0	2.487560E1	5.292370E4	9.272257E3	1.141995E2	6.320865E1
1.028000E1	2.056000E4	1.896067E1	1.661902E1	2.521307E1	5.296123E4	9.123696E3	1.083365E2	4.819626E1
1.028400E1	2.056800E4	6.164532E0	2.606298E1	2.678209E1	5.299669E4	8.550127E3	9.554033E1	3.875231E1
1.028800E1	2.057600E4	-9.493772E0	2.660933E1	2.825223E1	5.302964E4	8.104918E3	7.988202E1	3.820596E1
1.029200E1	2.058400E4	-2.299234E1	1.826794E1	2.936606E1	5.306153E4	7.913427E3	6.638346E1	4.654734E1
1.029600E1	2.059200E4	-2.977734E1	3.686283E0	3.000465E1	5.309294E4	7.817963E3	5.959845E1	6.112900E1
1.030000E1	2.060000E4	-2.738483E1	-1.223592E1	2.999411E1	5.312408E4	7.818939E3	6.199096E1	7.705121E1
1.030400E1	2.060800E4	-1.684131E1	-2.449921E1	2.972946E1	5.315549E4	7.863892E3	7.253449E1	8.931449E1
1.030800E1	2.061600E4	-1.513302E0	-2.874967E1	2.878947E1	5.318699E4	8.008801E3	8.786249E1	9.356496E1
1.031200E1	2.062400E4	1.348390E1	-2.376986E1	2.732804E1	5.321956E4	8.399513E3	1.028597E2	8.858514E1
1.031600E1	2.063200E4	2.316644E1	-1.120758E1	2.573507E1	5.325418E4	8.952412E3	1.125422E2	7.602286E1
1.032000E1	2.064000E4	2.456638E1	4.857233E0	2.504196E1	5.329118E4	9.254354E3	1.139422E2	5.995805E1
1.032400E1	2.064800E4	1.705602E1	1.908807E1	2.559809E1	5.332822E4	8.994614E3	1.064318E2	4.572722E1
1.032800E1	2.065600E4	3.233193E0	2.687936E1	2.707311E1	5.336314E4	8.457514E3	9.260899E1	3.793593E1
1.033200E1	2.066400E4	-1.241245E1	2.558750E1	2.843922E1	5.339588E4	8.112835E3	7.696334E1	3.922779E1
1.033600E1	2.067200E4	-2.492671E1	1.554946E1	2.937902E1	5.342804E4	7.958886E3	6.444908E1	4.926583E1
1.034000E1	2.068000E4	-2.995781E1	2.357993E-1	2.995874E1	5.345955E4	7.841925E3	5.941799E1	6.457949E1
1.034400E1	2.068800E4	-2.564588E1	-1.527539E1	2.985044E1	5.349078E4	7.853615E3	6.372991E1	8.009068E1
1.034800E1	2.069600E4	-1.368107E1	-2.614497E1	2.950815E1	5.352238E4	7.911131E3	7.569473E1	9.096026E1
1.035200E1	2.070400E4	2.027775E0	-2.851051E1	2.858253E1	5.355407E4	8.062346E3	9.140357E1	9.332579E1
1.035600E1	2.071200E4	1.629864E1	-2.172612E1	2.716008E1	5.358688E4	8.458429E3	1.056744E2	8.654141E1
1.036000E1	2.072000E4	2.441443E1	-8.057443E0	2.570966E1	5.362174E4	8.994968E3	1.137902E2	7.287273E1
1.036400E1	2.072800E4	2.387332E1	8.144104E0	2.522423E1	5.365884E4	9.246021E3	1.132491E2	5.667118E1
1.036800E1	2.073600E4	1.455727E1	2.134323E1	2.583501E1	5.369570E4	8.943040E3	1.039331E2	4.347205E1
1.037200E1	2.074400E4	-1.818716E-1	2.736513E1	2.736573E1	5.373038E4	8.418701E3	8.919392E1	3.745016E1
1.037600E1	2.075200E4	-1.571776E1	2.415387E1	2.881766E1	5.376305E4	8.077711E3	7.365804E1	4.066142E1
1.038000E1	2.076000E4	-2.681421E1	1.250226E1	2.958561E1	5.379500E4	7.908138E3	6.256158E1	5.231302E1
1.038400E1	2.076800E4	-2.983715E1	-3.303832E0	3.001951E1	5.382632E4	7.839942E3	5.953865E1	6.811912E1
1.038800E1	2.077600E4	-2.370205E1	-1.833357E1	2.996510E1	5.385772E4	7.860020E3	6.567375E1	8.314886E1
1.039200E1	2.078400E4	-1.044848E1	-2.750395E1	2.942172E1	5.388920E4	7.882556E3	7.892732E1	9.231923E1
1.039600E1	2.079200E4	5.300136E0	-2.783059E1	2.833078E1	5.392078E4	8.068044E3	9.467593E1	9.264588E1
1.040000E1	2.080000E4	1.854551E1	-1.937758E1	2.682213E1	5.395374E4	8.559436E3	1.079213E2	8.419287E1
1.040400E1	2.080800E4	2.484709E1	-4.713800E0	2.529027E1	5.398926E4	9.169564E3	1.142229E2	6.952909E1
1.040800E1	2.081600E4	2.223611E1	1.137859E1	2.497833E1	5.402710E4	9.322811E3	1.116119E2	5.343670E1
1.041200E1	2.082400E4	1.151386E1	2.344098E1	2.611606E1	5.406384E4	8.846696E3	1.008897E2	4.137430E1
1.041600E1	2.083200E4	-3.811512E0	2.756296E1	2.782525E1	5.409787E4	8.258589E3	8.556428E1	3.725233E1
1.042000E1	2.084000E4	-1.864096E1	2.228711E1	2.905514E1	5.412991E4	7.965632E3	7.073483E1	4.252817E1
1.042400E1	2.084800E4	-2.833325E1	9.426204E0	2.986011E1	5.416160E4	7.839201E3	6.104255E1	5.538908E1
1.042800E1	2.085600E4	-2.938249E1	-6.580017E0	3.011026E1	5.419262E4	7.808608E3	5.999330E1	7.139530E1
1.043200E1	2.086400E4	-2.142380E1	-2.073725E1	2.981632E1	5.422407E4	7.881510E3	6.795199E1	8.555253E1
1.043600E1	2.087200E4	-7.180971E0	-2.812046E1	2.902286E1	5.425567E4	7.953267E3	8.219483E1	9.293574E1
1.044000E1	2.088000E4	8.429910E0	-2.642522E1	2.773726E1	5.428769E4	8.240055E3	9.780571E1	9.124051E1
1.044400E1	2.088800E4	2.042708E1	-1.619305E1	2.606684E1	5.432160E4	8.778346E3	1.098029E2	8.100833E1
1.044800E1	2.089600E4	2.498719E1	-9.075182E-1	2.500366E1	5.435792E4	9.257880E3	1.143630E2	6.572280E1
1.045200E1	2.090400E4	2.048560E1	1.469781E1	2.521280E1	5.439566E4	9.236334E3	1.098614E2	5.011748E1
1.045600E1	2.091200E4	8.274286E0	2.518215E1	2.650668E1	5.443181E4	8.676080E3	9.765008E1	3.963314E1
1.046000E1	2.092000E4	-7.330920E0	2.723204E1	2.820153E1	5.446507E4	8.159645E3	8.204488E1	3.758325E1
1.046400E1	2.092800E4	-2.154047E1	2.002519E1	2.941089E1	5.449709E4	7.964429E3	6.783532E1	4.479009E1
1.046800E1	2.093600E4	-2.952583E1	5.855704E0	3.010089E1	5.452878E4	7.849356E3	5.984997E1	5.895958E1
1.047200E1	2.094400E4	-2.840131E1	-1.027140E1	3.020159E1	5.455988E4	7.812183E3	6.097449E1	7.508669E1
1.047600E1	2.095200E4	-1.871522E1	-2.334358E1	2.991960E1	5.459128E4	7.869564E3	7.066058E1	8.815887E1
1.048000E1	2.096000E4	-3.604210E0	-2.868792E1	2.891345E1	5.462284E4	8.000831E3	8.577159E1	9.350321E1
1.048400E1	2.096800E4	1.172742E1	-2.482469E1	2.745537E1	5.465529E4	8.369975E3	1.011032E2	8.963998E1
1.048800E1	2.097600E4	2.225137E1	-1.295115E1	2.574599E1	5.468980E4	8.939283E3	1.116272E2	7.776644E1
1.049200E1	2.098400E4	2.472974E1	2.949177E0	2.490497E1	5.472680E4	9.321838E3	1.141055E2	6.186611E1
1.049600E1	2.099200E4	1.806770E1	1.767694E1	2.527679E1	5.476437E4	9.131901E3	1.074435E2	4.713835E1
1.050000E1	2.100000E4	4.733927E0	2.645833E1	2.687849E1	5.479986E4	8.556944E3	9.410972E1	3.835696E1
1.050400E1	2.100800E4	-1.107186E1	2.630137E1	2.853679E1	5.483283E4	8.104895E3	7.830393E1	3.851392E1
1.050800E1	2.101600E4	-2.411335E1	1.707628E1	2.954747E1	5.486470E4	7.933846E3	6.526244E1	4.773900E1
1.051200E1	2.102400E4	-2.998981E1	1.939363E0	3.005246E1	5.489630E4	7.876619E3	5.938598E1	6.287592E1
1.051600E1	2.103200E4	-2.654474E1	-1.394108E1	2.998294E1	5.492771E4	7.852143E3	6.283106E1	7.875636E1
1.052000E1	2.104000E4	-1.526596E1	-2.552488E1	2.974170E1	5.495912E4	7.855856E3	7.410983E1	9.034016E1
1.052400E1	2.104800E4	2.785685E-1	-2.876055E1	2.876190E1	5.499055E4	8.026233E3	8.965436E1	9.357584E1
1.052800E1	2.105600E4	1.494115E1	-2.272239E1	2.719458E1	5.502333E4	8.473561E3	1.043169E2	8.753768E1
1.053200E1	2.106400E4	2.386433E1	-9.475826E0	2.567679E1	5.505834E4	9.020366E3	1.132401E2	7.429111E1
1.053600E1	2.107200E4	2.405223E1	6.665714E0	2.495879E1	5.509549E4	9.292350E3	1.134280E2	5.814957E1
1.054000E1	2.108000E4	1.566542E1	2.055057E1	2.584050E1	5.513268E4	9.000949E3	1.050412E2	4.426471E1
1.054400E1	2.108800E4	1.196584E0	2.737893E1	2.740507E1	5.516750E4	8.414196E3	9.057238E1	3.743635E1
1.054800E1	2.109600E4	-1.436406E1	2.488351E1	2.873178E1	5.520000E4	8.073260E3	7.501174E1	3.993178E1
1.055200E1	2.110400E4	-2.616197E1	1.386164E1	2.960733E1	5.523208E4	7.927233E3	6.321383E1	5.095364E1
1.055600E1	2.111200E4	-3.016785E1	-1.799513E0	3.022148E1	5.526341E4	7.819835E3	5.920794E1	6.661480E1
1.056000E1	2.112000E4	-2.471956E1	-1.707981E1	3.004624E1	5.529464E4	7.850750E3	6.465624E1	8.189510E1
1.056400E1	2.112800E4	-1.188217E1	-2.696554E1	2.946738E1	5.532622E4	7.938062E3	7.749362E1	9.178083E1
1.056800E1	2.113600E4	4.025238E0	-2.811824E1	2.840489E1	5.535815E4	8.122661E3	9.340103E1	9.293353E1
1.057200E1	2.114400E4	1.769154E1	-2.020822E1	2.685820E1	5.539120E4	8.550235E3	1.070673E2	8.502351E1
1.057600E1	2.115200E4	2.463439E1	-5.892078E0	2.532923E1	5.542655E4	9.136675E3	1.140102E2	7.070736E1
1.058000E1	2.116000E4	2.259089E1	1.019749E1	2.478582E1	5.546429E4	9.372502E3	1.119667E2	5.461780E1
1.058400E1	2.116800E4	1.234784E1	2.276906E1	2.590172E1	5.550153E4	8.951331E3	1.017236E2	4.204623E1
1.058800E1	2.117600E4	-2.833555E0	2.739642E1	2.754257E1	5.553590E4	8.328872E3	8.654224E1	3.741886E1
1.059200E1	2.118400E4	-1.788010E1	2.275452E1	2.893901E1	5.556816E4	8.026085E3	7.149569E1	4.206076E1
1.059600E1	2.119200E4	-2.795767E1	1.011299E1	2.973053E1	5.560011E4	7.932760E3	6.141812E1	5.470229E1
1.060000E1	2.120000E4	-2.950420E1	-6.067998E0	3.012172E1	5.563162E4	7.865673E3	5.987160E1	7.088328E1
1.060400E1	2.120800E4	-2.200006E1	-2.054344E1	3.010042E1	5.566304E4	7.856062E3	6.737574E1	8.535873E1
1.060800E1	2.121600E4	-7.869394E0	-2.831895E1	2.939201E1	5.569447E4	7.891232E3	8.150640E1	9.313423E1
1.061200E1	2.122400E4	7.882025E0	-2.718516E1	2.830475E1	5.572617E4	8.113507E3	9.725782E1	9.200044E1
1.061600E1	2.123200E4	2.015962E1	-1.729215E1	2.655990E1	5.575938E4	8.659998E3	1.095354E2	8.210743E1
1.062000E1	2.124000E4	2.517719E1	-2.004084E0	2.525683E1	5.579545E4	9.201007E3	1.145530E2	6.681937E1
1.062400E1	2.124800E4	2.105112E1	1.366362E1	2.509669E1	5.583299E4	9.258963E3	1.104269E2	5.115167E1
1.062800E1	2.125600E4	9.178750E0	2.457662E1	2.623470E1	5.586952E4	8.807872E3	9.855455E1	4.023867E1
1.063200E1	2.126400E4	-6.454571E0	2.699040E1	2.775146E1	5.590345E4	8.323645E3	8.292123E1	3.782488E1
1.063600E1	2.127200E4	-2.076081E1	1.997176E1	2.880767E1	5.593611E4	8.097639E3	6.861499E1	4.484353E1
1.064000E1	2.128000E4	-2.902712E1	6.048003E0	2.965050E1	5.596823E4	7.958321E3	6.034867E1	5.876728E1
1.064400E1	2.128800E4	-2.814008E1	-1.011792E1	2.990378E1	5.599978E4	7.872220E3	6.123572E1	7.493321E1
1.064800E1	2.129600E4	-1.883206E1	-2.342920E1	3.005950E1	5.603121E4	7.831429E3	7.054374E1	8.824448E1
1.065200E1	2.130400E4	-3.867416E0	-2.909248E1	2.934841E1	5.606243E4	7.895601E3	8.550838E1	9.390776E1
1.065600E1	2.131200E4	1.160871E1	-2.562338E1	2.813040E1	5.609437E4	8.194754E3	1.009845E2	9.043866E1
1.066000E1	2.132000E4	2.234167E1	-1.396832E1	2.634889E1	5.612799E4	8.727965E3	1.117175E2	7.878361E1
1.066400E1	2.132800E4	2.513827E1	1.844583E0	2.520585E1	5.616420E4	9.225101E3	1.145141E2	6.297070E1
1.066800E1	2.133600E4	1.883685E1	1.683416E1	2.526293E1	5.620179E4	9.220906E3	1.082126E2	4.798112E1
1.067200E1	2.134400E4	5.506201E0	2.582473E1	2.640521E1	5.623796E4	8.755998E3	9.488200E1	3.899055E1
1.067600E1	2.135200E4	-1.035729E1	2.584981E1	2.784755E1	5.627183E4	8.318649E3	7.901850E1	3.896548E1
1.068000E1	2.136000E4	-2.363073E1	1.684746E1	2.902151E1	5.630451E4	8.071944E3	6.574507E1	4.796783E1
1.068400E1	2.136800E4	-2.985893E1	1.873257E0	2.991764E1	5.633641E4	7.903567E3	5.951686E1	6.294203E1
1.068800E1	2.137600E4	-2.669903E1	-1.404209E1	3.016651E1	5.636774E4	7.818654E3	6.267676E1	7.885737E1
1.069200E1	2.138400E4	-1.553598E1	-2.581474E1	3.012917E1	5.639896E4	7.777796E3	7.383982E1	9.063002E1
1.069600E1	2.139200E4	-1.831834E-2	-2.918461E1	2.918461E1	5.642996E4	7.908744E3	8.935748E1	9.399989E1
1.070000E1	2.140000E4	1.480695E1	-2.348637E1	2.776428E1	5.646223E4	8.323894E3	1.041828E2	8.830166E1
1.070400E1	2.140800E4	2.373182E1	-1.029172E1	2.586733E1	5.649656E4	8.931486E3	1.131076E2	7.510700E1
1.070800E1	2.141600E4	2.415296E1	5.879471E0	2.485827E1	5.653368E4	9.343621E3	1.135288E2	5.893582E1
1.071200E1	2.142400E4	1.586444E1	1.980500E1	2.537555E1	5.657130E4	9.170854E3	1.052402E2	4.501028E1
1.071600E1	2.143200E4	1.379092E0	2.674376E1	2.677929E1	5.660705E4	8.610656E3	9.075489E1	3.807153E1
1.072000E1	2.144000E4	-1.422036E1	2.444341E1	2.827895E1	5.664019E4	8.180093E3	7.515544E1	4.037187E1
1.072400E1	2.144800E4	-2.612158E1	1.360453E1	2.945200E1	5.667249E4	7.954505E3	6.325422E1	5.121076E1
1.072800E1	2.145600E4	-3.021966E1	-2.020668E0	3.028714E1	5.670383E4	7.809686E3	5.915614E1	6.683595E1
1.073200E1	2.146400E4	-2.497488E1	-1.746571E1	3.047615E1	5.673497E4	7.785985E3	6.440091E1	8.228099E1
1.073600E1	2.147200E4	-1.211010E1	-2.734517E1	2.990674E1	5.676611E4	7.850976E3	7.726569E1	9.216046E1
1.074000E1	2.148000E4	3.889476E0	-2.848968E1	2.875395E1	5.679777E4	8.054635E3	9.326527E1	9.330496E1
1.074400E1	2.148800E4	1.760544E1	-2.057664E1	2.708043E1	5.683055E4	8.505769E3	1.069812E2	8.539193E1
1.074800E1	2.149600E4	2.465923E1	-6.230477E0	2.543416E1	5.686582E4	9.126065E3	1.140350E2	7.104576E1
1.075200E1	2.150400E4	2.279603E1	9.939886E0	2.486886E1	5.690356E4	9.375449E3	1.121718E2	5.487540E1
1.075600E1	2.151200E4	1.251928E1	2.242250E1	2.568075E1	5.694082E4	8.998047E3	1.018951E2	4.239279E1
1.076000E1	2.152000E4	-2.644435E0	2.724762E1	2.737565E1	5.697554E4	8.400821E3	8.673136E1	3.756766E1
1.076400E1	2.152800E4	-1.778329E1	2.273669E1	2.886525E1	5.700803E4	8.055732E3	7.159251E1	4.207859E1
1.076800E1	2.153600E4	-2.795367E1	1.018029E1	2.974972E1	5.703999E4	7.892611E3	6.142213E1	5.463499E1
1.077200E1	2.154400E4	-2.954993E1	-5.835658E0	3.012065E1	5.707117E4	7.831103E3	5.982586E1	7.065094E1
1.077600E1	2.155200E4	-2.214790E1	-2.039315E1	3.010665E1	5.710264E4	7.830326E3	6.722789E1	8.520844E1
1.078000E1	2.156000E4	-8.232634E0	-2.836259E1	2.953324E1	5.713381E4	7.842136E3	8.114316E1	9.317787E1
1.078400E1	2.156800E4	7.475169E0	-2.718463E1	2.819365E1	5.716538E4	8.142130E3	9.685097E1	9.199991E1
1.078800E1	2.157600E4	1.992917E1	-1.735414E1	2.642608E1	5.719895E4	8.716336E3	1.093050E2	8.216943E1
1.079200E1	2.158400E4	2.502557E1	-2.142916E0	2.511715E1	5.723511E4	9.255865E3	1.144014E2	6.695820E1
1.079600E1	2.159200E4	2.097316E1	1.361902E1	2.500702E1	5.727300E4	9.309670E3	1.103490E2	5.119627E1
1.080000E1	2.160000E4	9.143800E0	2.456477E1	2.621139E1	5.730958E4	8.814992E3	9.851960E1	4.025052E1
1.080400E1	2.160800E4	-6.495108E0	2.701709E1	2.778686E1	5.734352E4	8.305429E3	8.288069E1	3.779820E1
1.080800E1	2.161600E4	-2.080212E1	2.006976E1	2.890542E1	5.737603E4	8.080664E3	6.857368E1	4.474553E1
1.081200E1	2.162400E4	-2.909335E1	6.097467E0	2.972545E1	5.740816E4	7.950910E3	6.028245E1	5.871782E1
1.081600E1	2.163200E4	-2.826353E1	-1.008300E1	3.000824E1	5.743963E4	7.871267E3	6.111226E1	7.489829E1
1.082000E1	2.164000E4	-1.887477E1	-2.341955E1	3.007876E1	5.747113E4	7.848885E3	7.050103E1	8.823484E1
1.082400E1	2.164800E4	-3.869828E0	-2.909949E1	2.935568E1	5.750242E4	7.900102E3	8.550597E1	9.391478E1
1.082800E1	2.165600E4	1.159442E1	-2.563815E1	2.813797E1	5.753433E4	8.189808E3	1.009702E2	9.045343E1
1.083200E1	2.166400E4	2.232625E1	-1.398170E1	2.634292E1	5.756794E4	8.728361E3	1.117020E2	7.879698E1
1.083600E1	2.167200E4	2.512891E1	1.828137E0	2.519532E1	5.760416E4	9.230796E3	1.145047E2	6.298715E1
1.084000E1	2.168000E4	1.887185E1	1.686730E1	2.531111E1	5.764179E4	9.228403E3	1.082476E2	4.794799E1
1.084400E1	2.168800E4	5.496499E0	2.583280E1	2.641108E1	5.767799E4	8.753870E3	9.487229E1	3.898249E1
1.084800E1	2.169600E4	-1.035300E1	2.585727E1	2.785288E1	5.771182E4	8.318247E3	7.902279E1	3.895802E1
1.085200E1	2.170400E4	-2.362055E1	1.682713E1	2.900143E1	5.774453E4	8.085393E3	6.575524E1	4.798815E1
1.085600E1	2.171200E4	-2.982664E1	1.822270E0	2.988226E1	5.777650E4	7.917368E3	5.954915E1	6.299302E1
1.086000E1	2.172000E4	-2.664024E1	-1.408927E1	3.013652E1	5.780787E4	7.833839E3	6.273556E1	7.890456E1
1.086400E1	2.172800E4	-1.541157E1	-2.582706E1	3.007580E1	5.783917E4	7.807721E3	7.396422E1	9.064235E1
1.086800E1	2.173600E4	1.713868E-1	-2.932340E1	2.932390E1	5.787033E4	7.919442E3	8.954718E1	9.413869E1
1.087200E1	2.174400E4	1.490762E1	-2.337319E1	2.772261E1	5.790253E4	8.306829E3	1.042834E2	8.818848E1
1.087600E1	2.175200E4	2.395916E1	-1.027411E1	2.606911E1	5.793679E4	8.890501E3	1.133350E2	7.508939E1
1.088000E1	2.176000E4	2.441602E1	5.931263E0	2.512612E1	5.797365E4	9.292250E3	1.137918E2	5.888402E1
1.088400E1	2.176800E4	1.593070E1	1.976254E1	2.538396E1	5.801113E4	9.143931E3	1.053065E2	4.505274E1
1.088800E1	2.177600E4	1.486034E0	2.662584E1	2.666728E1	5.804681E4	8.669727E3	9.086183E1	3.818945E1
1.089200E1	2.178400E4	-1.421538E1	2.414707E1	2.802068E1	5.808049E4	8.316081E3	7.516041E1	4.066821E1
1.089600E1	2.179200E4	-2.601904E1	1.306677E1	2.911582E1	5.811333E4	8.089990E3	6.335675E1	5.174851E1
1.090000E1	2.180000E4	-2.979442E1	-2.714251E0	2.991780E1	5.814521E4	7.894866E3	5.958138E1	6.752954E1
1.090400E1	2.180800E4	-2.422443E1	-1.792063E1	3.013257E1	5.817649E4	7.808532E3	6.515137E1	8.273591E1
1.090800E1	2.181600E4	-1.140544E1	-2.777274E1	3.002347E1	5.820767E4	7.800669E3	7.797035E1	9.258802E1
1.091200E1	2.182400E4	4.475571E0	-2.858542E1	2.893366E1	5.823890E4	7.982981E3	9.385137E1	9.340070E1
1.091600E1	2.183200E4	1.802011E1	-2.034130E1	2.717522E1	5.827154E4	8.458060E3	1.073959E2	8.515658E1
1.092000E1	2.184000E4	2.496401E1	-5.964333E0	2.566661E1	5.830656E4	9.033447E3	1.143398E2	7.077962E1
1.092400E1	2.184800E4	2.297155E1	1.013401E1	2.510757E1	5.834380E4	9.293844E3	1.123473E2	5.468127E1
1.092800E1	2.185600E4	1.250011E1	2.247090E1	2.571370E1	5.838091E4	9.034314E3	1.018759E2	4.234438E1
1.093200E1	2.186400E4	-2.876561E0	2.700844E1	2.716119E1	5.841608E4	8.519792E3	8.649923E1	3.780685E1
1.093600E1	2.187200E4	-1.785284E1	2.198984E1	2.832450E1	5.844907E4	8.218630E3	7.152296E1	4.282544E1
1.094000E1	2.188000E4	-2.773363E1	9.103089E0	2.918939E1	5.848183E4	8.098660E3	6.164216E1	5.571220E1
1.094400E1	2.188800E4	-2.898310E1	-7.151823E0	2.985245E1	5.851386E4	7.943436E3	6.039269E1	7.196711E1
1.094800E1	2.189600E4	-2.112571E1	-2.140478E1	3.007425E1	5.854538E4	7.816244E3	6.825009E1	8.622007E1
1.095200E1	2.190400E4	-7.009972E0	-2.895642E1	2.979285E1	5.857639E4	7.803876E3	8.236582E1	9.377171E1
1.095600E1	2.191200E4	8.803668E0	-2.740877E1	2.878794E1	5.860781E4	8.023660E3	9.817946E1	9.222406E1
1.096000E1	2.192000E4	2.081470E1	-1.710924E1	2.694398E1	5.864058E4	8.546811E3	1.101905E2	8.192452E1
1.096400E1	2.192800E4	2.521312E1	-1.682851E0	2.526921E1	5.867618E4	9.202395E3	1.145889E2	6.649814E1
1.096800E1	2.193600E4	2.073081E1	1.408848E1	2.506495E1	5.871420E4	9.377917E3	1.101066E2	5.072681E1
1.097200E1	2.194400E4	8.356792E0	2.455465E1	2.593775E1	5.875120E4	8.918418E3	9.773259E1	4.026064E1
1.097600E1	2.195200E4	-7.372941E0	2.650146E1	2.750795E1	5.878555E4	8.401109E3	8.200286E1	3.831383E1
1.098000E1	2.196000E4	-2.156511E1	1.913721E1	2.883205E1	5.881841E4	8.127465E3	6.781068E1	4.567808E1
1.098400E1	2.196800E4	-2.939039E1	4.883066E0	2.979328E1	5.885057E4	7.952275E3	5.998540E1	5.993222E1
1.098800E1	2.197600E4	-2.808309E1	-1.136448E1	3.029541E1	5.888203E4	7.841181E3	6.129270E1	7.617977E1
1.099200E1	2.198400E4	-1.805192E1	-2.421517E1	3.020342E1	5.891330E4	7.803202E3	7.132387E1	8.903046E1
1.099600E1	2.199200E4	-2.848697E0	-2.935651E1	2.949441E1	5.894446E4	7.871702E3	8.652710E1	9.417180E1
1.100000E1	2.200000E4	1.244777E1	-2.521957E1	2.812426E1	5.897627E4	8.192008E3	1.018236E2	9.003486E1
1.100400E1	2.200800E4	2.275955E1	-1.314364E1	2.628217E1	5.900999E4	8.796217E3	1.121353E2	7.795893E1
1.100800E1	2.201600E4	2.485218E1	2.892887E0	2.501999E1	5.904664E4	9.328006E3	1.142280E2	6.192240E1
1.101200E1	2.202400E4	1.782434E1	1.758800E1	2.504086E1	5.908462E4	9.291604E3	1.072001E2	4.722729E1
1.101600E1	2.203200E4	4.141201E0	2.606524E1	2.639216E1	5.912097E4	8.743362E3	9.351700E1	3.875005E1
1.102000E1	2.204000E4	-1.159000E1	2.535626E1	2.787953E1	5.915456E4	8.271010E3	7.778579E1	3.945903E1
1.102400E1	2.204800E4	-2.447865E1	1.581143E1	2.914113E1	5.918714E4	8.048846E3	6.489715E1	4.900386E1
1.102800E1	2.205600E4	-3.003672E1	5.477491E-1	3.004171E1	5.921896E4	7.894431E3	5.933908E1	6.426754E1
1.103200E1	2.206400E4	-2.610130E1	-1.524988E1	3.022973E1	5.925030E4	7.840868E3	6.327450E1	8.006516E1
1.103600E1	2.207200E4	-1.421638E1	-2.638306E1	2.996950E1	5.928168E4	7.804759E3	7.515942E1	9.119834E1
1.104000E1	2.208000E4	1.388445E0	-2.907527E1	2.910840E1	5.931273E4	7.916094E3	9.076424E1	9.389055E1
1.104400E1	2.208800E4	1.579841E1	-2.255328E1	2.753616E1	5.934501E4	8.360439E3	1.051742E2	8.736856E1
1.104800E1	2.209600E4	2.407963E1	-8.946756E0	2.568799E1	5.937962E4	9.018793E3	1.134554E2	7.376204E1
1.105200E1	2.210400E4	2.370591E1	7.320666E0	2.481052E1	5.941716E4	9.413333E3	1.130817E2	5.749462E1
1.105600E1	2.211200E4	1.463712E1	2.084520E1	2.547092E1	5.945492E4	9.158856E3	1.040129E2	4.397008E1
1.106000E1	2.212000E4	-2.029128E-1	2.690196E1	2.690272E1	5.949043E4	8.580931E3	8.917288E1	3.791333E1
1.106400E1	2.212800E4	-1.572326E1	2.369085E1	2.843373E1	5.952357E4	8.177034E3	7.365254E1	4.112444E1
1.106800E1	2.213600E4	-2.691706E1	1.206967E1	2.949924E1	5.955585E4	7.980430E3	6.245873E1	5.274562E1
1.107200E1	2.214400E4	-2.989935E1	-3.891244E0	3.015150E1	5.958742E4	7.867432E3	5.947645E1	6.870653E1
1.107600E1	2.215200E4	-2.365677E1	-1.901230E1	3.034980E1	5.961879E4	7.811494E3	6.571903E1	8.382759E1
1.108000E1	2.216000E4	-1.030655E1	-2.817467E1	3.000062E1	5.964991E4	7.785717E3	7.906925E1	9.298996E1
1.108400E1	2.216800E4	5.544748E0	-2.833086E1	2.886835E1	5.968107E4	7.985571E3	9.492054E1	9.314614E1
1.108800E1	2.217600E4	1.870813E1	-1.951439E1	2.703341E1	5.971379E4	8.564075E3	1.080839E2	8.432968E1
1.109200E1	2.218400E4	2.478300E1	-4.554694E0	2.519807E1	5.974959E4	9.270209E3	1.141588E2	6.936998E1
1.109600E1	2.219200E4	2.179610E1	1.156639E1	2.467491E1	5.978795E4	9.486258E3	1.111719E2	5.324889E1
1.110000E1	2.220000E4	1.066031E1	2.336627E1	2.568316E1	5.982548E4	9.027482E3	1.000361E2	4.144902E1
1.110400E1	2.220800E4	-4.861969E0	2.709463E1	2.752740E1	5.986017E4	8.391441E3	8.451383E1	3.772066E1
1.110800E1	2.221600E4	-1.951279E1	2.121419E1	2.882344E1	5.989261E4	8.039752E3	6.986301E1	4.360109E1
1.111200E1	2.222400E4	-2.881275E1	7.995288E0	2.990149E1	5.992449E4	7.881831E3	6.056304E1	5.682000E1
1.111600E1	2.223200E4	-2.921993E1	-8.192699E0	3.034674E1	5.995566E4	7.800803E3	6.015587E1	7.300799E1
1.112000E1	2.224000E4	-2.074976E1	-2.217178E1	3.036677E1	5.998690E4	7.799287E3	6.862603E1	8.698707E1
1.112400E1	2.224800E4	-6.139148E0	-2.902378E1	2.966596E1	6.001806E4	7.840008E3	8.323665E1	9.383907E1
1.112800E1	2.225600E4	9.468257E0	-2.656410E1	2.820105E1	6.004962E4	8.177539E3	9.884405E1	9.137939E1
1.113200E1	2.226400E4	2.105266E1	-1.559119E1	2.619733E1	6.008348E4	8.858087E3	1.104285E2	8.040648E1
1.113600E1	2.227200E4	2.481086E1	2.088620E-1	2.481174E1	6.012048E4	9.425568E3	1.141867E2	6.460642E1
1.114000E1	2.228000E4	1.937030E1	1.561961E1	2.488334E1	6.015888E4	9.364073E3	1.087461E2	4.919568E1
1.114400E1	2.228800E4	6.643917E0	2.549708E1	2.634849E1	6.019539E4	8.768190E3	9.601971E1	3.931820E1
1.114800E1	2.229600E4	-9.157994E0	2.655587E1	2.809062E1	6.022903E4	8.223694E3	8.021780E1	3.825942E1
1.115200E1	2.230400E4	-2.292462E1	1.844211E1	2.942193E1	6.026118E4	7.957421E3	6.645117E1	4.637317E1
1.115600E1	2.231200E4	-2.995265E1	3.844188E0	3.019833E1	6.029269E4	7.837152E3	5.942314E1	6.097110E1
1.116000E1	2.232000E4	-2.764680E1	-1.224079E1	3.023545E1	6.032388E4	7.822481E3	6.172900E1	7.705608E1
1.116400E1	2.232800E4	-1.708918E1	-2.464898E1	2.999353E1	6.035527E4	7.865012E3	7.228662E1	8.946426E1
1.116800E1	2.233600E4	-1.615201E0	-2.890594E1	2.895104E1	6.038680E4	7.998081E3	8.776059E1	9.372123E1
1.117200E1	2.234400E4	1.345609E1	-2.402658E1	2.753803E1	6.041925E4	8.378821E3	1.028319E2	8.884187E1
1.117600E1	2.235200E4	2.315694E1	-1.137840E1	2.580140E1	6.045383E4	8.973456E3	1.125327E2	7.619369E1
1.118000E1	2.236000E4	2.443316E1	4.766439E0	2.489374E1	6.049104E4	9.369824E3	1.138090E2	6.004885E1
1.118400E1	2.236800E4	1.673905E1	1.911475E1	2.540806E1	6.052879E4	9.189979E3	1.061148E2	4.570054E1
1.118800E1	2.237600E4	2.539039E0	2.665414E1	2.677480E1	6.056456E4	8.633285E3	9.191484E1	3.816114E1
1.119200E1	2.238400E4	-1.324209E1	2.505520E1	2.833930E1	6.059786E4	8.203057E3	7.613371E1	3.976009E1
1.119600E1	2.239200E4	-2.556334E1	1.465036E1	2.946383E1	6.063018E4	7.971724E3	6.381246E1	5.016492E1
1.120000E1	2.240000E4	-3.022063E1	-8.605007E-1	3.023287E1	6.066163E4	7.832176E3	5.915517E1	6.567579E1
1.120400E1	2.240800E4	-2.558787E1	-1.651578E1	3.045505E1	6.069284E4	7.791551E3	6.378793E1	8.133106E1
1.120800E1	2.241600E4	-1.317296E1	-2.696483E1	3.001048E1	6.072396E4	7.803304E3	7.620284E1	9.178012E1
1.121200E1	2.242400E4	2.656399E0	-2.881671E1	2.893889E1	6.075527E4	7.984142E3	9.203220E1	9.363200E1
1.121600E1	2.243200E4	1.653726E1	-2.129166E1	2.695952E1	6.078784E4	8.500445E3	1.059131E2	8.610695E1
1.122000E1	2.244000E4	2.416196E1	-7.262569E0	2.522985E1	6.082327E4	9.181998E3	1.135378E2	7.207786E1
1.122400E1	2.244800E4	2.292702E1	8.935425E0	2.460671E1	6.086129E4	9.448328E3	1.123028E2	5.587986E1
1.122800E1	2.245600E4	1.319853E1	2.184234E1	2.552036E1	6.089886E4	9.084139E3	1.025743E2	4.297295E1
1.123200E1	2.246400E4	-1.875214E0	2.704996E1	2.711488E1	6.093397E4	8.481516E3	8.750058E1	3.776533E1
1.123600E1	2.247200E4	-1.705893E1	2.287873E1	2.853846E1	6.096671E4	8.128240E3	7.231686E1	4.193655E1
1.124000E1	2.248000E4	-2.752876E1	1.057195E1	2.948896E1	6.099899E4	7.958262E3	6.184704E1	5.424333E1
1.124400E1	2.248800E4	-2.966045E1	-5.430434E0	3.015347E1	6.103038E4	7.835561E3	5.971535E1	7.024572E1
1.124800E1	2.249600E4	-2.257622E1	-2.009776E1	3.022591E1	6.106168E4	7.823085E3	6.679958E1	8.491304E1
1.125200E1	2.250400E4	-8.716850E0	-2.844026E1	2.974613E1	6.109296E4	7.858996E3	8.065895E1	9.325555E1
1.125600E1	2.251200E4	7.168786E0	-2.762412E1	2.853916E1	6.112455E4	8.083148E3	9.654458E1	9.243941E1
1.126000E1	2.252000E4	1.977292E1	-1.803931E1	2.676537E1	6.115763E4	8.581650E3	1.091487E2	8.285460E1
1.126400E1	2.252800E4	2.507188E1	-2.989101E0	2.524944E1	6.119320E4	9.171292E3	1.144477E2	6.780439E1
1.126800E1	2.253600E4	2.139630E1	1.285385E1	2.496043E1	6.123100E4	9.361785E3	1.107721E2	5.196144E1
1.127200E1	2.254400E4	9.662189E0	2.402999E1	2.589977E1	6.126810E4	8.953158E3	9.903798E1	4.078530E1
1.127600E1	2.255200E4	-6.000413E0	2.679893E1	2.746247E1	6.130262E4	8.394510E3	8.337538E1	3.801636E1
1.128000E1	2.256000E4	-2.036021E1	2.018220E1	2.866809E1	6.133525E4	8.085264E3	6.901559E1	4.463309E1
1.128400E1	2.256800E4	-2.904123E1	6.543253E0	2.976923E1	6.136730E4	7.908972E3	6.033457E1	5.827203E1
1.128800E1	2.257600E4	-2.854576E1	-9.564214E0	3.010539E1	6.139852E4	7.831061E3	6.083004E1	7.437950E1
1.129200E1	2.258400E4	-1.936173E1	-2.303458E1	3.009100E1	6.142995E4	7.824630E3	7.001407E1	8.784987E1
1.129600E1	2.259200E4	-4.548511E0	-2.911397E1	2.946714E1	6.146112E4	7.847952E3	8.482729E1	9.392926E1
1.130000E1	2.260000E4	1.086748E1	-2.593520E1	2.812004E1	6.149273E4	8.163784E3	1.002433E2	9.075048E1
1.130400E1	2.260800E4	2.186469E1	-1.451000E1	2.624128E1	6.152643E4	8.813831E3	1.112405E2	7.932529E1
1.130800E1	2.261600E4	2.473172E1	1.402427E0	2.477145E1	6.156325E4	9.396231E3	1.141075E2	6.341286E1
1.131200E1	2.262400E4	1.863742E1	1.654738E1	2.492327E1	6.160160E4	9.334119E3	1.080132E2	4.826791E1
1.131600E1	2.263200E4	5.521007E0	2.579375E1	2.637801E1	6.163792E4	8.753138E3	9.489680E1	3.902153E1
1.132000E1	2.264000E4	-1.034341E1	2.609039E1	2.806589E1	6.167163E4	8.235059E3	7.903239E1	3.872490E1
1.132400E1	2.264800E4	-2.364020E1	1.730268E1	2.929577E1	6.170380E4	7.941199E3	6.573560E1	4.751260E1
1.132800E1	2.265600E4	-3.013456E1	2.554197E0	3.024262E1	6.173516E4	7.785326E3	5.924123E1	6.226109E1
1.133200E1	2.266400E4	-2.737036E1	-1.339767E1	3.047350E1	6.176608E4	7.751685E3	6.200543E1	7.821296E1
1.133600E1	2.267200E4	-1.631790E1	-2.529007E1	3.009754E1	6.179717E4	7.784402E3	7.305789E1	9.010536E1
1.134000E1	2.268000E4	-8.326102E-1	-2.902318E1	2.903512E1	6.182836E4	7.971942E3	8.854319E1	9.383846E1
1.134400E1	2.268800E4	1.408987E1	-2.350127E1	2.740136E1	6.186094E4	8.434150E3	1.034657E2	8.831656E1
1.134800E1	2.269600E4	2.333137E1	-1.047087E1	2.557327E1	6.189583E4	9.046523E3	1.127072E2	7.528616E1
1.135200E1	2.270400E4	2.403262E1	5.688337E0	2.469664E1	6.193332E4	9.405068E3	1.134084E2	5.912695E1
1.135600E1	2.271200E4	1.593896E1	1.973258E1	2.536583E1	6.197107E4	9.132663E3	1.053148E2	4.508271E1
1.136000E1	2.272000E4	1.701006E0	2.686985E1	2.692364E1	6.200638E4	8.550229E3	9.107680E1	3.794543E1
1.136400E1	2.272800E4	-1.399031E1	2.475566E1	2.843539E1	6.203947E4	8.160519E3	7.538549E1	4.005963E1
1.136800E1	2.273600E4	-2.587925E1	1.395677E1	2.940284E1	6.207166E4	7.979795E3	6.349655E1	5.085851E1
1.137200E1	2.274400E4	-3.005874E1	-1.738808E0	3.010899E1	6.210331E4	7.867421E3	5.931705E1	6.655409E1
1.137600E1	2.275200E4	-2.473133E1	-1.706177E1	3.004568E1	6.213460E4	7.847418E3	6.464447E1	8.187706E1
1.138000E1	2.276000E4	-1.205244E1	-2.718512E1	2.973705E1	6.216609E4	7.899412E3	7.732336E1	9.200041E1
1.138400E1	2.276800E4	3.900733E0	-2.848895E1	2.875475E1	6.219780E4	8.063226E3	9.327653E1	9.330423E1
1.138800E1	2.277600E4	1.774048E1	-2.070121E1	2.726288E1	6.223060E4	8.487579E3	1.071163E2	8.551650E1
1.139200E1	2.278400E4	2.480515E1	-6.324069E0	2.559862E1	6.226570E4	9.055194E3	1.141809E2	7.113936E1
1.139600E1	2.279200E4	2.299722E1	9.779466E0	2.499020E1	6.230304E4	9.291366E3	1.123730E2	5.503582E1
1.140000E1	2.280000E4	1.292580E1	2.241349E1	2.587355E1	6.234003E4	8.930384E3	1.023016E2	4.240180E1
1.140400E1	2.280800E4	-2.136750E0	2.726873E1	2.735232E1	6.237448E4	8.416373E3	8.723905E1	3.754656E1
1.140800E1	2.281600E4	-1.744903E1	2.285621E1	2.875543E1	6.240736E4	8.136845E3	7.192677E1	4.195907E1
1.141200E1	2.282400E4	-2.773777E1	1.032923E1	2.959859E1	6.243958E4	7.932920E3	6.163803E1	5.448606E1
1.141600E1	2.283200E4	-2.950070E1	-5.639521E0	3.003491E1	6.247082E4	7.844681E3	5.987509E1	7.045481E1
1.142000E1	2.284000E4	-2.211217E1	-2.014361E1	2.991175E1	6.250233E4	7.904497E3	6.726362E1	8.495889E1
1.142400E1	2.284800E4	-8.048968E0	-2.817844E1	2.930547E1	6.253406E4	7.948002E3	8.132683E1	9.299373E1
1.142800E1	2.285600E4	7.755305E0	-2.719511E1	2.827930E1	6.256592E4	8.139178E3	9.713110E1	9.201039E1
1.143200E1	2.286400E4	2.013801E1	-1.739996E1	2.661387E1	6.259917E4	8.647031E3	1.095138E2	8.221524E1
1.143600E1	2.287200E4	2.525300E1	-2.168071E0	2.534590E1	6.263509E4	9.177940E3	1.146288E2	6.698336E1
1.144000E1	2.288000E4	2.125572E1	1.359116E1	2.522945E1	6.267260E4	9.250859E3	1.106315E2	5.122412E1
1.144400E1	2.288800E4	9.404644E0	2.462812E1	2.636269E1	6.270910E4	8.813075E3	9.878044E1	4.018717E1
1.144800E1	2.289600E4	-6.302025E0	2.708147E1	2.780506E1	6.274310E4	8.312891E3	8.307377E1	3.773382E1
1.145200E1	2.290400E4	-2.062481E1	2.019522E1	2.886572E1	6.277560E4	8.064630E3	6.875098E1	4.462006E1
1.145600E1	2.291200E4	-2.903894E1	6.375607E0	2.973060E1	6.280762E4	7.925028E3	6.033685E1	5.843968E1
1.146000E1	2.292000E4	-2.826702E1	-9.734874E0	2.989636E1	6.283900E4	7.879660E3	6.110878E1	7.455016E1
1.146400E1	2.292800E4	-1.885966E1	-2.300450E1	2.974716E1	6.287065E4	7.925769E3	7.051614E1	8.781978E1
1.146800E1	2.293600E4	-3.838451E0	-2.880366E1	2.905829E1	6.290241E4	7.994571E3	8.553734E1	9.361894E1
1.147200E1	2.294400E4	1.154591E1	-2.520589E1	2.772444E1	6.293461E4	8.275044E3	1.009217E2	9.002117E1
1.147600E1	2.295200E4	2.232653E1	-1.362299E1	2.615453E1	6.296861E4	8.843707E3	1.117023E2	7.843828E1
1.148000E1	2.296000E4	2.502191E1	2.347854E0	2.513182E1	6.300536E4	9.293533E3	1.143977E2	6.246743E1
1.148400E1	2.296800E4	1.873749E1	1.744730E1	2.560278E1	6.304296E4	9.139874E3	1.081133E2	4.736798E1
1.148800E1	2.297600E4	5.393689E0	2.646230E1	2.700639E1	6.307848E4	8.576275E3	9.476949E1	3.835299E1
1.149200E1	2.298400E4	-1.045565E1	2.645090E1	2.844241E1	6.311157E4	8.156973E3	7.892015E1	3.836438E1
1.149600E1	2.299200E4	-2.369590E1	1.738393E1	2.938872E1	6.314374E4	7.982731E3	6.567990E1	4.743136E1
1.150000E1	2.300000E4	-2.982471E1	2.383924E0	2.991983E1	6.317543E4	7.893273E3	5.955109E1	6.243136E1
1.150400E1	2.300800E4	-2.658037E1	-1.347416E1	2.980048E1	6.320688E4	7.909442E3	6.279543E1	7.828945E1
1.150800E1	2.301600E4	-1.526170E1	-2.510654E1	2.938125E1	6.323871E4	7.966445E3	7.411410E1	8.992183E1
1.151200E1	2.302400E4	3.049078E-1	-2.849825E1	2.849988E1	6.327061E4	8.116595E3	8.968070E1	9.331353E1
1.151600E1	2.303200E4	1.498098E1	-2.251553E1	2.704402E1	6.330364E4	8.513011E3	1.043568E2	8.733082E1
1.152000E1	2.304000E4	2.395957E1	-9.333216E0	2.571322E1	6.333872E4	9.022572E3	1.133354E2	7.414850E1
1.152400E1	2.304800E4	2.432322E1	6.891429E0	2.528064E1	6.337582E4	9.262142E3	1.136990E2	5.792386E1
1.152800E1	2.305600E4	1.571213E1	2.071064E1	2.599618E1	6.341281E4	8.967603E3	1.050879E2	4.410465E1
1.153200E1	2.306400E4	1.167391E0	2.739245E1	2.741731E1	6.344756E4	8.415616E3	9.054319E1	3.742284E1
1.153600E1	2.307200E4	-1.443414E1	2.486103E1	2.874743E1	6.348014E4	8.110398E3	7.494166E1	3.995426E1
1.154000E1	2.308000E4	-2.611902E1	1.362982E1	2.946142E1	6.351244E4	8.007175E3	6.325677E1	5.118547E1
1.154400E1	2.308800E4	-2.994736E1	-2.197381E0	3.002787E1	6.354420E4	7.907857E3	5.942843E1	6.701267E1
1.154800E1	2.309600E4	-2.422957E1	-1.741438E1	2.983844E1	6.357571E4	7.886525E3	6.514623E1	8.222967E1
1.155200E1	2.310400E4	-1.134276E1	-2.710078E1	2.937874E1	6.360729E4	7.922563E3	7.803304E1	9.191606E1
1.155600E1	2.311200E4	4.478693E0	-2.800450E1	2.836037E1	6.363909E4	8.130745E3	9.385449E1	9.281979E1
1.156000E1	2.312000E4	1.802092E1	-1.978065E1	2.675870E1	6.367233E4	8.639097E3	1.073967E2	8.459594E1
1.156400E1	2.312800E4	2.480198E1	-5.181851E0	2.533751E1	6.370820E4	9.180619E3	1.141778E2	6.999714E1
1.156800E1	2.313600E4	2.249980E1	1.086697E1	2.498663E1	6.374578E4	9.304346E3	1.118756E2	5.394831E1
1.157200E1	2.314400E4	1.194316E1	2.307397E1	2.598167E1	6.378263E4	8.899523E3	1.013190E2	4.174131E1
1.157600E1	2.315200E4	-3.343856E0	2.732877E1	2.753258E1	6.381698E4	8.355586E3	8.603194E1	3.748652E1
1.158000E1	2.316000E4	-1.838872E1	2.232440E1	2.892272E1	6.384948E4	8.052967E3	7.098707E1	4.249089E1
1.158400E1	2.316800E4	-2.828168E1	9.518064E0	2.984036E1	6.388140E4	7.891806E3	6.109412E1	5.529722E1
1.158800E1	2.317600E4	-2.951584E1	-6.604553E0	3.024575E1	6.391261E4	7.831821E3	5.985995E1	7.141984E1
1.159200E1	2.318400E4	-2.153729E1	-2.083769E1	2.996772E1	6.394405E4	7.869030E3	6.783851E1	8.565297E1
1.159600E1	2.319200E4	-7.315871E0	-2.842164E1	2.934811E1	6.397557E4	7.922374E3	8.205993E1	9.323693E1
1.160000E1	2.320000E4	8.374035E0	-2.666751E1	2.795139E1	6.400743E4	8.230146E3	9.774983E1	9.148279E1
1.160400E1	2.320800E4	2.044382E1	-1.631640E1	2.615673E1	6.404141E4	8.815703E3	1.098196E2	8.113169E1
1.160800E1	2.321600E4	2.494147E1	-8.889456E-1	2.495731E1	6.407796E4	9.302321E3	1.143173E2	6.570423E1
1.161200E1	2.322400E4	2.034408E1	1.468605E1	2.509107E1	6.411582E4	9.283560E3	1.097199E2	5.012924E1
1.161600E1	2.323200E4	8.056034E0	2.513267E1	2.639225E1	6.415223E4	8.755574E3	9.743183E1	3.968262E1
1.162000E1	2.324000E4	-7.636348E0	2.686191E1	2.792626E1	6.418587E4	8.252030E3	8.173945E1	3.795337E1
1.162400E1	2.324800E4	-2.165189E1	1.932947E1	2.902469E1	6.421824E4	8.021238E3	6.772391E1	4.548582E1
1.162800E1	2.325600E4	-2.947658E1	5.176630E0	2.992768E1	6.425004E4	7.901776E3	5.989922E1	5.963866E1
1.163200E1	2.326400E4	-2.796709E1	-1.099268E1	3.004992E1	6.428146E4	7.885001E3	6.140870E1	7.580797E1
1.163600E1	2.327200E4	-1.793016E1	-2.389757E1	2.987615E1	6.431312E4	7.898386E3	7.144564E1	8.871286E1
1.164000E1	2.328000E4	-2.722934E0	-2.904792E1	2.917527E1	6.434464E4	7.955377E3	8.665286E1	9.386321E1
1.164400E1	2.328800E4	1.253518E1	-2.485595E1	2.783791E1	6.437676E4	8.264274E3	1.019110E2	8.967124E1
1.164800E1	2.329600E4	2.277732E1	-1.275123E1	2.610364E1	6.441076E4	8.899030E3	1.121531E2	7.756652E1
1.165200E1	2.330400E4	2.465777E1	3.445522E0	2.489734E1	6.444795E4	9.370717E3	1.140336E2	6.136977E1
1.165600E1	2.331200E4	1.767302E1	1.812585E1	2.531565E1	6.448572E4	9.210159E3	1.070488E2	4.668944E1
1.166000E1	2.332000E4	3.872512E0	2.633884E1	2.662200E1	6.452164E4	8.668513E3	9.324831E1	3.847645E1
1.166400E1	2.332800E4	-1.200612E1	2.566202E1	2.833171E1	6.455507E4	8.210863E3	7.736968E1	3.915327E1
1.166800E1	2.333600E4	-2.470343E1	1.584543E1	2.934854E1	6.458732E4	7.999962E3	6.467237E1	4.896986E1
1.167200E1	2.334400E4	-3.009823E1	4.872690E-1	3.010217E1	6.461907E4	7.892158E3	5.927757E1	6.432802E1
1.167600E1	2.335200E4	-2.592453E1	-1.524640E1	3.007547E1	6.465046E4	7.867307E3	6.345126E1	8.006169E1
1.168000E1	2.336000E4	-1.396987E1	-2.628564E1	2.976730E1	6.468201E4	7.892929E3	7.540592E1	9.110092E1
1.168400E1	2.336800E4	1.817298E0	-2.885686E1	2.891403E1	6.471360E4	8.004690E3	9.119309E1	9.367215E1
1.168800E1	2.337600E4	1.608492E1	-2.209964E1	2.733347E1	6.474605E4	8.410035E3	1.054607E2	8.691493E1
1.169200E1	2.338400E4	2.430986E1	-8.425745E0	2.572863E1	6.478088E4	9.044669E3	1.136857E2	7.324103E1
1.169600E1	2.339200E4	2.374422E1	7.901338E0	2.502437E1	6.481841E4	9.366878E3	1.131200E2	5.691395E1
1.170000E1	2.340000E4	1.436200E1	2.114798E1	2.556373E1	6.485582E4	9.087257E3	1.037378E2	4.366731E1
1.170400E1	2.340800E4	-5.188713E-1	2.692789E1	2.693289E1	6.489110E4	8.537707E3	8.885692E1	3.788740E1
1.170800E1	2.341600E4	-1.590224E1	2.346944E1	2.834952E1	6.492412E4	8.189292E3	7.347356E1	4.134585E1
1.171200E1	2.342400E4	-2.690956E1	1.163465E1	2.931705E1	6.495662E4	8.013765E3	6.246624E1	5.318064E1
1.171600E1	2.343200E4	-2.965219E1	-4.289107E0	2.996079E1	6.498823E4	7.888656E3	5.972361E1	6.910439E1
1.172000E1	2.344000E4	-2.317144E1	-1.925608E1	3.012826E1	6.501973E4	7.838193E3	6.620436E1	8.407136E1
1.172400E1	2.344800E4	-9.718824E0	-2.812364E1	2.975558E1	6.505094E4	7.835409E3	7.965697E1	9.293893E1
1.172800E1	2.345600E4	6.164688E0	-2.801356E1	2.868385E1	6.508241E4	8.059080E3	9.554048E1	9.282885E1
1.173200E1	2.346400E4	1.924588E1	-1.897320E1	2.702566E1	6.511541E4	8.520777E3	1.086217E2	8.378849E1
1.173600E1	2.347200E4	2.513534E1	-4.171515E0	2.547915E1	6.515058E4	9.102279E3	1.145111E2	6.898680E1
1.174000E1	2.348000E4	2.203986E1	1.183105E1	2.501458E1	6.518823E4	9.347470E3	1.114157E2	5.298423E1
1.174400E1	2.348800E4	1.076473E1	2.346536E1	2.581671E1	6.522536E4	9.004325E3	1.001405E2	4.134992E1
1.174800E1	2.349600E4	-4.871061E0	2.690617E1	2.734354E1	6.526026E4	8.474167E3	8.450474E1	3.790912E1
1.175200E1	2.350400E4	-1.951277E1	2.081532E1	2.853114E1	6.529315E4	8.174881E3	6.986303E1	4.399997E1
1.175600E1	2.351200E4	-2.860004E1	7.310974E0	2.951970E1	6.532566E4	7.997568E3	6.077576E1	5.750431E1
1.176000E1	2.352000E4	-2.863839E1	-8.827065E0	2.996789E1	6.535713E4	7.891670E3	6.073741E1	7.364235E1
1.176400E1	2.352800E4	-1.986549E1	-2.268739E1	3.015552E1	6.538879E4	7.854277E3	6.951030E1	8.750268E1
1.176800E1	2.353600E4	-5.150886E0	-2.910760E1	2.955983E1	6.541996E4	7.841386E3	8.422491E1	9.392288E1
1.177200E1	2.354400E4	1.036898E1	-2.628941E1	2.826037E1	6.545153E4	8.136293E3	9.974478E1	9.110469E1
1.177600E1	2.355200E4	2.169308E1	-1.515855E1	2.646453E1	6.548506E4	8.726047E3	1.110689E2	7.997384E1
1.178000E1	2.356000E4	2.506777E1	5.835246E-1	2.507456E1	6.552133E4	9.275441E3	1.144436E2	6.423176E1
1.178400E1	2.356800E4	1.943946E1	1.588762E1	2.510596E1	6.555926E4	9.300856E3	1.088153E2	4.892766E1
1.178800E1	2.357600E4	6.466125E0	2.544244E1	2.625125E1	6.559574E4	8.806695E3	9.584192E1	3.937285E1
1.179200E1	2.358400E4	-9.385683E0	2.619555E1	2.782621E1	6.562971E4	8.312117E3	7.999011E1	3.861974E1
1.179600E1	2.359200E4	-2.301048E1	1.782479E1	2.910679E1	6.566224E4	8.067234E3	6.636532E1	4.699049E1
1.180000E1	2.360000E4	-2.971071E1	2.991650E0	2.986095E1	6.569425E4	7.957087E3	5.966508E1	6.182364E1
1.180400E1	2.360800E4	-2.708645E1	-1.314895E1	3.010932E1	6.572589E4	7.891512E3	6.228934E1	7.796424E1
1.180800E1	2.361600E4	-1.616562E1	-2.526019E1	2.999008E1	6.575738E4	7.827741E3	7.321018E1	9.007548E1
1.181200E1	2.362400E4	-7.561057E-1	-2.918387E1	2.919367E1	6.578852E4	7.932930E3	8.861969E1	9.399916E1
1.181600E1	2.363200E4	1.422495E1	-2.381940E1	2.774371E1	6.582085E4	8.355121E3	1.036007E2	8.863469E1
1.182000E1	2.364000E4	2.363130E1	-1.084079E1	2.599925E1	6.585536E4	8.926058E3	1.130071E2	7.565607E1
1.182400E1	2.364800E4	2.437770E1	5.294755E0	2.494608E1	6.589225E4	9.338301E3	1.137535E2	5.952053E1
1.182800E1	2.365600E4	1.635348E1	1.953308E1	2.547503E1	6.593006E4	9.156562E3	1.057293E2	4.528221E1
1.183200E1	2.366400E4	2.110618E0	2.685764E1	2.694045E1	6.596551E4	8.584246E3	9.148641E1	3.795764E1
1.183600E1	2.367200E4	-1.360247E1	2.480714E1	2.829172E1	6.599874E4	8.215871E3	7.577332E1	4.000815E1
1.184000E1	2.368000E4	-2.563668E1	1.407432E1	2.924595E1	6.603123E4	8.056736E3	6.373912E1	5.074097E1
1.184400E1	2.368800E4	-2.992044E1	-1.668163E0	2.996690E1	6.606319E4	7.926614E3	5.945536E1	6.648345E1
1.184800E1	2.369600E4	-2.467894E1	-1.705444E1	2.999840E1	6.609465E4	7.875712E3	6.469686E1	8.186972E1
1.185200E1	2.370400E4	-1.200614E1	-2.721747E1	2.974790E1	6.612620E4	7.913417E3	7.736966E1	9.203275E1
1.185600E1	2.371200E4	3.985147E0	-2.852251E1	2.879957E1	6.615795E4	8.060439E3	9.336094E1	9.333780E1
1.186000E1	2.372000E4	1.777438E1	-2.067898E1	2.726809E1	6.619068E4	8.475119E3	1.071502E2	8.549426E1
1.186400E1	2.372800E4	2.482024E1	-6.301331E0	2.560764E1	6.622575E4	9.052548E3	1.141960E2	7.111662E1
1.186800E1	2.373600E4	2.300226E1	9.811635E0	2.500744E1	6.626310E4	9.313604E3	1.123781E2	5.500365E1
1.187200E1	2.374400E4	1.283301E1	2.246551E1	2.587248E1	6.630026E4	9.014910E3	1.022088E2	4.234978E1
1.187600E1	2.375200E4	-2.490335E0	2.725878E1	2.737230E1	6.633522E4	8.448873E3	8.688546E1	3.755651E1
1.188000E1	2.376000E4	-1.766427E1	2.272788E1	2.878511E1	6.636785E4	8.103997E3	7.171153E1	4.208741E1
1.188400E1	2.376800E4	-2.783557E1	1.010274E1	2.961223E1	6.640005E4	7.974170E3	6.154022E1	5.471255E1
1.188800E1	2.377600E4	-2.943533E1	-6.067886E0	3.005424E1	6.643165E4	7.888647E3	5.994047E1	7.088317E1
1.189200E1	2.378400E4	-2.196900E1	-2.060225E1	3.011793E1	6.646316E4	7.868987E3	6.740680E1	8.541753E1
1.189600E1	2.379200E4	-7.816608E0	-2.837774E1	2.943459E1	6.649460E4	7.906183E3	8.155919E1	9.319302E1
1.190000E1	2.380000E4	7.979945E0	-2.709500E1	2.824568E1	6.652641E4	8.158063E3	9.735574E1	9.191028E1
1.190400E1	2.380800E4	2.041475E1	-1.721253E1	2.670268E1	6.655986E4	8.661293E3	1.097905E2	8.202782E1
1.190800E1	2.381600E4	2.527981E1	-1.900373E0	2.535114E1	6.659570E4	9.166421E3	1.146556E2	6.671566E1
1.191200E1	2.382400E4	2.104078E1	1.376646E1	2.514418E1	6.663320E4	9.271910E3	1.104166E2	5.104883E1
1.191600E1	2.383200E4	9.021198E0	2.461994E1	2.622067E1	6.666988E4	8.834523E3	9.839699E1	4.019535E1
1.192000E1	2.384000E4	-6.624939E0	2.682653E1	2.763246E1	6.670387E4	8.354956E3	8.275086E1	3.798876E1
1.192400E1	2.384800E4	-2.087351E1	1.965927E1	2.867386E1	6.673672E4	8.151464E3	6.850229E1	4.515601E1
1.192800E1	2.385600E4	-2.895736E1	5.584893E0	2.949101E1	6.676908E4	8.018913E3	6.041844E1	5.923039E1
1.193200E1	2.386400E4	-2.782929E1	-1.060872E1	2.978279E1	6.680087E4	7.933428E3	6.154650E1	7.542400E1
1.193600E1	2.387200E4	-1.807978E1	-2.360555E1	2.973383E1	6.683255E4	7.920570E3	7.129601E1	8.842083E1
1.194000E1	2.388000E4	-2.924794E0	-2.895363E1	2.910098E1	6.686423E4	7.974059E3	8.645100E1	9.376892E1
1.194400E1	2.388800E4	1.244405E1	-2.513056E1	2.804281E1	6.689634E4	8.219353E3	1.018198E2	8.994584E1
1.194800E1	2.389600E4	2.293619E1	-1.324938E1	2.648801E1	6.692999E4	8.747433E3	1.123120E2	7.806467E1
1.195200E1	2.390400E4	2.534024E1	2.807875E0	2.549533E1	6.696632E4	9.199431E3	1.147160E2	6.200741E1
1.195600E1	2.391200E4	1.850613E1	1.761208E1	2.554725E1	6.700358E4	9.142432E3	1.078819E2	4.720321E1
1.196000E1	2.392000E4	4.876438E0	2.621496E1	2.666465E1	6.703946E4	8.708047E3	9.425223E1	3.860033E1
1.196400E1	2.392800E4	-1.109163E1	2.582095E1	2.810241E1	6.707325E4	8.304229E3	7.828416E1	3.899434E1
1.196800E1	2.393600E4	-2.394168E1	1.621201E1	2.891424E1	6.710590E4	8.090580E3	6.543412E1	4.860327E1
1.197200E1	2.394400E4	-2.957113E1	1.047613E0	2.958968E1	6.713797E4	8.022479E3	5.980467E1	6.376767E1
1.197600E1	2.395200E4	-2.576236E1	-1.491956E1	2.977066E1	6.717008E4	7.985847E3	6.361344E1	7.973484E1
1.198000E1	2.396000E4	-1.401071E1	-2.619329E1	2.970502E1	6.720186E4	7.924519E3	7.536509E1	9.100858E1
1.198400E1	2.396800E4	1.760318E0	-2.901161E1	2.906496E1	6.723347E4	7.990104E3	9.113611E1	9.382689E1
1.198800E1	2.397600E4	1.613084E1	-2.238354E1	2.759034E1	6.726578E4	8.363129E3	1.055066E2	8.719883E1
1.199200E1	2.398400E4	2.449978E1	-8.734930E0	2.601034E1	6.730038E4	8.973183E3	1.138756E2	7.355022E1
1.199600E1	2.399200E4	2.407756E1	7.621256E0	2.525495E1	6.733756E4	9.278893E3	1.134534E2	5.719403E1
1.200000E1	2.400000E4	1.497453E1	2.107777E1	2.585554E1	6.737461E4	9.013303E3	1.043503E2	4.373752E1
1.200400E1	2.400800E4	1.555447E-1	2.704998E1	2.705042E1	6.740967E4	8.554619E3	8.953134E1	3.776531E1
1.200800E1	2.401600E4	-1.534622E1	2.359019E1	2.814256E1	6.744305E4	8.295150E3	7.402958E1	4.122509E1
1.201200E1	2.402400E4	-2.657327E1	1.181355E1	2.908089E1	6.747603E4	8.129375E3	6.280253E1	5.300174E1
1.201600E1	2.403200E4	-2.944655E1	-4.180568E0	2.974183E1	6.750808E4	7.993205E3	5.992925E1	6.899585E1
1.202000E1	2.404000E4	-2.296044E1	-1.925065E1	2.996280E1	6.753998E4	7.934220E3	6.641536E1	8.406594E1
1.202400E1	2.404800E4	-9.379687E0	-2.812118E1	2.964421E1	6.757155E4	7.871566E3	7.999611E1	9.293646E1
1.202800E1	2.405600E4	6.438692E0	-2.800069E1	2.873144E1	6.760295E4	8.036804E3	9.581449E1	9.281598E1
1.203200E1	2.406400E4	1.945529E1	-1.888739E1	2.711535E1	6.763585E4	8.514884E3	1.088311E2	8.370268E1
1.203600E1	2.407200E4	2.529817E1	-3.975621E0	2.560866E1	6.767107E4	9.090163E3	1.146740E2	6.879091E1
1.204000E1	2.408000E4	2.200023E1	1.197990E1	2.505051E1	6.770857E4	9.350644E3	1.113760E2	5.283538E1
1.204400E1	2.408800E4	1.053116E1	2.351421E1	2.576477E1	6.774587E4	9.044505E3	9.990695E1	4.130108E1
1.204800E1	2.409600E4	-5.162384E0	2.674278E1	2.723649E1	6.778093E4	8.533092E3	8.421341E1	3.807251E1
1.205200E1	2.410400E4	-1.987842E1	2.048511E1	2.854454E1	6.781414E4	8.210611E3	6.949738E1	4.433018E1
1.205600E1	2.411200E4	-2.872606E1	6.837799E0	2.952866E1	6.784661E4	8.017034E3	6.064974E1	5.797749E1
1.206000E1	2.412000E4	-2.853227E1	-9.422416E0	3.004783E1	6.787828E4	7.894831E3	6.084353E1	7.423770E1
1.206400E1	2.412800E4	-1.947989E1	-2.302640E1	3.016092E1	6.790977E4	7.834035E3	6.989591E1	8.784169E1
1.206800E1	2.413600E4	-4.666397E0	-2.928851E1	2.965792E1	6.794095E4	7.855874E3	8.470940E1	9.410380E1
1.207200E1	2.414400E4	1.088041E1	-2.611740E1	2.829314E1	6.797262E4	8.155005E3	1.002562E2	9.093268E1
1.207600E1	2.415200E4	2.194392E1	-1.469713E1	2.641101E1	6.800619E4	8.792418E3	1.113197E2	7.951241E1
1.208000E1	2.416000E4	2.507566E1	1.294749E0	2.510906E1	6.804296E4	9.357673E3	1.144515E2	6.352054E1
1.208400E1	2.416800E4	1.902570E1	1.656729E1	2.522800E1	6.808105E4	9.271484E3	1.084015E2	4.824800E1
1.208800E1	2.417600E4	5.909037E0	2.585753E1	2.652411E1	6.811713E4	8.734775E3	9.528483E1	3.895776E1
1.209200E1	2.418400E4	-9.941700E0	2.599790E1	2.783394E1	6.815093E4	8.343349E3	7.943410E1	3.881739E1
1.209600E1	2.419200E4	-2.323735E1	1.696086E1	2.876882E1	6.818387E4	8.180575E3	6.613845E1	4.785443E1
1.210000E1	2.420000E4	-2.960465E1	1.877274E0	2.966411E1	6.821637E4	8.036118E3	5.977115E1	6.293801E1
1.210400E1	2.420800E4	-2.641016E1	-1.413928E1	2.995690E1	6.824816E4	7.920219E3	6.296563E1	7.895456E1
1.210800E1	2.421600E4	-1.510657E1	-2.588643E1	2.997191E1	6.827973E4	7.880822E3	7.426923E1	9.070171E1
1.211200E1	2.422400E4	6.193174E-1	-2.932274E1	2.932927E1	6.831121E4	7.944777E3	8.999511E1	9.413802E1
1.211600E1	2.423200E4	1.524641E1	-2.321784E1	2.777627E1	6.834329E4	8.304722E3	1.046222E2	8.803313E1
1.212000E1	2.424000E4	2.413413E1	-9.923860E0	2.609481E1	6.837765E4	8.919541E3	1.135099E2	7.473915E1
1.212400E1	2.424800E4	2.423308E1	6.333901E0	2.504716E1	6.841465E4	9.362617E3	1.136089E2	5.848139E1
1.212800E1	2.425600E4	1.549425E1	2.022804E1	2.548029E1	6.845255E4	9.208004E3	1.048700E2	4.458724E1
1.213200E1	2.426400E4	7.913997E-1	2.685432E1	2.686598E1	6.848831E4	8.669508E3	9.016720E1	3.796097E1
1.213600E1	2.427200E4	-1.493576E1	2.399090E1	2.826022E1	6.852190E4	8.289926E3	7.444003E1	4.082439E1
1.214000E1	2.428000E4	-2.640610E1	1.252082E1	2.922418E1	6.855463E4	8.063813E3	6.296970E1	5.229447E1
1.214400E1	2.428800E4	-2.981565E1	-3.352386E0	3.000352E1	6.858642E4	7.917321E3	5.956015E1	6.816767E1
1.214800E1	2.429600E4	-2.376050E1	-1.854368E1	3.014017E1	6.861797E4	7.874508E3	6.561529E1	8.335897E1
1.215200E1	2.430400E4	-1.044698E1	-2.781039E1	2.970787E1	6.864941E4	7.871708E3	7.892881E1	9.262568E1
1.215600E1	2.431200E4	5.429867E0	-2.808176E1	2.860190E1	6.868094E4	8.066077E3	9.480566E1	9.289705E1
1.216000E1	2.432000E4	1.870218E1	-1.940737E1	2.695213E1	6.871394E4	8.569889E3	1.080780E2	8.422265E1
1.216400E1	2.432800E4	2.490407E1	-4.614469E0	2.532797E1	6.874950E4	9.199772E3	1.142799E2	6.942976E1
1.216800E1	2.433600E4	2.225023E1	1.160154E1	2.509320E1	6.878754E4	9.368942E3	1.116260E2	5.321375E1
1.217200E1	2.434400E4	1.124591E1	2.352918E1	2.607859E1	6.882445E4	8.915421E3	1.006217E2	4.128611E1
1.217600E1	2.435200E4	-4.251217E0	2.726772E1	2.759713E1	6.885886E4	8.401099E3	8.512458E1	3.754756E1
1.218000E1	2.436000E4	-1.917093E1	2.154494E1	2.883937E1	6.889166E4	8.132883E3	7.020486E1	4.327035E1
1.218400E1	2.436800E4	-2.855750E1	8.229463E0	2.971960E1	6.892392E4	7.979932E3	6.081830E1	5.658582E1
1.218800E1	2.437600E4	-2.884631E1	-8.001151E0	2.993539E1	6.895550E4	7.928685E3	6.052949E1	7.281644E1
1.219200E1	2.438400E4	-2.019705E1	-2.192876E1	2.981260E1	6.898735E4	7.931034E3	6.917875E1	8.674405E1
1.219600E1	2.439200E4	-5.610255E0	-2.873047E1	2.927311E1	6.901895E4	7.967073E3	8.376554E1	9.354576E1
1.220000E1	2.440000E4	1.001329E1	-2.596277E1	2.782681E1	6.905109E4	8.268261E3	9.938909E1	9.077805E1
1.220400E1	2.440800E4	2.157887E1	-1.505538E1	2.631183E1	6.908510E4	8.801517E3	1.109547E2	7.987067E1
1.220800E1	2.441600E4	2.508721E1	6.581214E-1	2.509584E1	6.912150E4	9.290422E3	1.144630E2	6.415717E1
1.221200E1	2.442400E4	1.950287E1	1.603138E1	2.524613E1	6.915942E4	9.285660E3	1.088787E2	4.878390E1
1.221600E1	2.443200E4	6.489013E0	2.562175E1	2.643069E1	6.919579E4	8.781573E3	9.586481E1	3.919354E1
1.222000E1	2.444000E4	-9.419987E0	2.634836E1	2.798164E1	6.922967E4	8.303406E3	7.995581E1	3.846693E1
1.222400E1	2.444800E4	-2.307376E1	1.788802E1	2.919554E1	6.926222E4	8.079495E3	6.630204E1	4.692727E1
1.222800E1	2.445600E4	-2.974987E1	2.964821E0	2.989724E1	6.929431E4	7.971920E3	5.962592E1	6.185047E1
1.223200E1	2.446400E4	-2.706305E1	-1.319403E1	3.010799E1	6.932599E4	7.897427E3	6.231275E1	7.800932E1
1.223600E1	2.447200E4	-1.607721E1	-2.522471E1	2.991258E1	6.935749E4	7.887057E3	7.329859E1	9.003999E1
1.224000E1	2.448000E4	-4.640835E-1	-2.912304E1	2.912674E1	6.938909E4	7.996274E3	8.891171E1	9.393833E1
1.224400E1	2.448800E4	1.446246E1	-2.363910E1	2.771227E1	6.942146E4	8.373001E3	1.038383E2	8.845439E1
1.224800E1	2.449600E4	2.366412E1	-1.050080E1	2.588932E1	6.945607E4	8.983346E3	1.130399E2	7.531608E1
1.225200E1	2.450400E4	2.430148E1	5.755898E0	2.497383E1	6.949333E4	9.346149E3	1.136773E2	5.905939E1
1.225600E1	2.451200E4	1.611986E1	1.979328E1	2.552692E1	6.953084E4	9.127219E3	1.054957E2	4.502201E1
1.226000E1	2.452000E4	1.717996E0	2.687945E1	2.693430E1	6.956634E4	8.605826E3	9.109379E1	3.793584E1
1.226400E1	2.452800E4	-1.402168E1	2.459572E1	2.831178E1	6.959969E4	8.220320E3	7.535412E1	4.021957E1
1.226800E1	2.453600E4	-2.581945E1	1.366753E1	2.921379E1	6.963211E4	8.054309E3	6.355634E1	5.114775E1
1.227200E1	2.454400E4	-2.973879E1	-2.142835E0	2.981589E1	6.966412E4	7.969013E3	5.963701E1	6.695812E1
1.227600E1	2.455200E4	-2.428297E1	-1.755056E1	2.996139E1	6.969586E4	7.914432E3	6.509282E1	8.236585E1
1.228000E1	2.456000E4	-1.137019E1	-2.736465E1	2.963284E1	6.972744E4	7.900607E3	7.800560E1	9.217994E1
1.228400E1	2.456800E4	4.512734E0	-2.829269E1	2.865032E1	6.975906E4	8.065284E3	9.388853E1	9.310797E1
1.228800E1	2.457600E4	1.805632E1	-2.008241E1	2.700618E1	6.979196E4	8.549908E3	1.074321E2	8.489770E1
1.229200E1	2.458400E4	2.487537E1	-5.532183E0	2.548312E1	6.982746E4	9.177745E3	1.142512E2	7.034747E1
1.229600E1	2.459200E4	2.253051E1	1.068913E1	2.493755E1	6.986538E4	9.397644E3	1.119063E2	5.412616E1
1.230000E1	2.460000E4	1.187882E1	2.295858E1	2.584962E1	6.990264E4	9.046201E3	1.012546E2	4.185671E1
1.230400E1	2.460800E4	-3.694674E0	2.714571E1	2.739598E1	6.993775E4	8.473734E3	8.568112E1	3.766958E1
1.230800E1	2.461600E4	-1.864390E1	2.188117E1	2.874684E1	6.997043E4	8.120077E3	7.073189E1	4.293412E1
1.231200E1	2.462400E4	-2.840654E1	8.841534E0	2.975070E1	7.000271E4	7.957748E3	6.096926E1	5.597375E1
1.231600E1	2.463200E4	-2.942276E1	-7.387601E0	3.033604E1	7.003409E4	7.828353E3	5.995304E1	7.220289E1
1.232000E1	2.464000E4	-2.128915E1	-2.154188E1	3.028664E1	7.006534E4	7.814052E3	6.808665E1	8.635716E1
1.232400E1	2.464800E4	-6.843932E0	-2.874369E1	2.954723E1	7.009661E4	7.917608E3	8.253186E1	9.355898E1
1.232800E1	2.465600E4	8.993167E0	-2.660136E1	2.808041E1	7.012868E4	8.249657E3	9.836896E1	9.141665E1
1.233200E1	2.466400E4	2.091605E1	-1.598899E1	2.632734E1	7.016260E4	8.779426E3	1.102918E2	8.080428E1
1.233600E1	2.467200E4	2.513712E1	-4.763606E-1	2.514163E1	7.019891E4	9.263893E3	1.145129E2	6.529165E1
1.234000E1	2.468000E4	2.025471E1	1.510594E1	2.526743E1	7.023672E4	9.289489E3	1.096305E2	4.970935E1
1.234400E1	2.468800E4	7.601131E0	2.522430E1	2.634469E1	7.027323E4	8.811594E3	9.697693E1	3.959099E1
1.234800E1	2.469600E4	-8.259373E0	2.666807E1	2.791779E1	7.030721E4	8.323940E3	8.111642E1	3.814722E1
1.235200E1	2.470400E4	-2.217976E1	1.872890E1	2.902953E1	7.033982E4	8.093591E3	6.719604E1	4.608638E1
1.235600E1	2.471200E4	-2.967320E1	4.192998E0	2.996798E1	7.037196E4	7.944429E3	5.970260E1	6.062229E1
1.236000E1	2.472000E4	-2.757973E1	-1.192179E1	3.004614E1	7.040338E4	7.877312E3	6.179607E1	7.673708E1
1.236400E1	2.472800E4	-1.715940E1	-2.448388E1	2.989825E1	7.043498E4	7.877860E3	7.221640E1	8.929917E1
1.236800E1	2.473600E4	-1.819373E0	-2.891878E1	2.897596E1	7.046640E4	7.999922E3	8.755642E1	9.373407E1
1.237200E1	2.474400E4	1.337478E1	-2.415371E1	2.760954E1	7.049897E4	8.389649E3	1.027506E2	8.896900E1
1.237600E1	2.475200E4	2.313558E1	-1.152627E1	2.584782E1	7.053352E4	8.992223E3	1.125114E2	7.634155E1
1.238000E1	2.476000E4	2.446557E1	4.716939E0	2.491614E1	7.057091E4	9.400548E3	1.138414E2	6.009835E1
1.238400E1	2.476800E4	1.673761E1	1.906655E1	2.537087E1	7.060872E4	9.214946E3	1.061134E2	4.574874E1
1.238800E1	2.477600E4	2.504436E0	2.665422E1	2.677162E1	7.064463E4	8.672579E3	9.188023E1	3.816106E1
1.239200E1	2.478400E4	-1.335641E1	2.501193E1	2.835472E1	7.067810E4	8.237376E3	7.601938E1	3.980336E1
1.239600E1	2.479200E4	-2.567112E1	1.450555E1	2.948588E1	7.071053E4	7.986794E3	6.370468E1	5.030974E1
1.240000E1	2.480000E4	-3.022256E1	-1.053625E0	3.024092E1	7.074200E4	7.843330E3	5.915323E1	6.586891E1
1.240400E1	2.480800E4	-2.544664E1	-1.670126E1	3.043786E1	7.077328E4	7.811375E3	6.392916E1	8.151655E1
1.240800E1	2.481600E4	-1.288148E1	-2.699162E1	2.990786E1	7.080449E4	7.876728E3	7.649431E1	9.180691E1
1.241200E1	2.482400E4	3.150807E0	-2.857754E1	2.875071E1	7.083629E4	8.105503E3	9.252660E1	9.339282E1
1.241600E1	2.483200E4	1.710936E1	-2.087999E1	2.699452E1	7.086933E4	8.561865E3	1.064852E2	8.569528E1
1.242000E1	2.484000E4	2.452849E1	-6.670388E0	2.541931E1	7.090479E4	9.211284E3	1.139043E2	7.148567E1
1.242400E1	2.484800E4	2.287011E1	9.718125E0	2.484922E1	7.094302E4	9.477967E3	1.122459E2	5.509716E1
1.242800E1	2.485600E4	1.262930E1	2.242289E1	2.573491E1	7.098061E4	9.047512E3	1.020051E2	4.239239E1
1.243200E1	2.486400E4	-2.583538E0	2.732060E1	2.744248E1	7.101540E4	8.417164E3	8.679226E1	3.749469E1
1.243600E1	2.487200E4	-1.776763E1	2.278438E1	2.889320E1	7.104795E4	8.097517E3	7.160816E1	4.203090E1
1.244000E1	2.488000E4	-2.790863E1	1.005753E1	2.966556E1	7.108018E4	7.984089E3	6.146717E1	5.475775E1
1.244400E1	2.488800E4	-2.949178E1	-6.172110E0	3.013071E1	7.111182E4	7.896886E3	5.988402E1	7.098740E1
1.244800E1	2.489600E4	-2.189489E1	-2.067406E1	3.011317E1	7.114336E4	7.890372E3	6.748090E1	8.548935E1
1.245200E1	2.490400E4	-7.635101E0	-2.838235E1	2.939136E1	7.117494E4	7.941826E3	8.174069E1	9.319763E1
1.245600E1	2.491200E4	8.185330E0	-2.695483E1	2.817024E1	7.120689E4	8.209873E3	9.756113E1	9.177012E1
1.246000E1	2.492000E4	2.050112E1	-1.682642E1	2.652215E1	7.124062E4	8.720968E3	1.098769E2	8.164171E1
1.246400E1	2.492800E4	2.507255E1	-1.463404E0	2.511522E1	7.127666E4	9.289021E3	1.144483E2	6.627869E1
1.246800E1	2.493600E4	2.054353E1	1.434977E1	2.505898E1	7.131493E4	9.398666E3	1.099193E2	5.046551E1
1.247200E1	2.494400E4	8.188345E0	2.497688E1	2.628486E1	7.135185E4	8.870154E3	9.756414E1	3.983840E1
1.247600E1	2.495200E4	-7.623383E0	2.676962E1	2.783395E1	7.138590E4	8.334516E3	8.175241E1	3.804567E1
1.248000E1	2.496000E4	-2.170850E1	1.918913E1	2.897381E1	7.141853E4	8.074888E3	6.766730E1	4.562616E1
1.248400E1	2.496800E4	-2.947883E1	4.935784E0	2.988918E1	7.145049E4	7.960481E3	5.989697E1	5.987950E1
1.248800E1	2.497600E4	-2.790406E1	-1.139250E1	3.014010E1	7.148221E4	7.907942E3	6.147174E1	7.620779E1
1.249200E1	2.498400E4	-1.769174E1	-2.413590E1	2.992557E1	7.151376E4	7.880265E3	7.168406E1	8.895119E1
1.249600E1	2.499200E4	-2.417975E0	-2.910580E1	2.920606E1	7.154525E4	7.974561E3	8.695782E1	9.392108E1
1.250000E1	2.500000E4	1.285356E1	-2.463382E1	2.778559E1	7.157755E4	8.355090E3	1.022294E2	8.944911E1
1.250400E1	2.500800E4	2.285705E1	-1.210640E1	2.586522E1	7.161209E4	8.974477E3	1.122328E2	7.692169E1
1.250800E1	2.501600E4	2.444789E1	4.025714E0	2.477712E1	7.164935E4	9.404500E3	1.138237E2	6.078957E1
1.251200E1	2.502400E4	1.709438E1	1.854301E1	2.522025E1	7.168733E4	9.233556E3	1.064702E2	4.627228E1
1.251600E1	2.503200E4	3.164894E0	2.661724E1	2.680474E1	7.172322E4	8.647813E3	9.254069E1	3.819804E1
1.252000E1	2.504000E4	-1.261883E1	2.529811E1	2.827064E1	7.175651E4	8.232773E3	7.675697E1	3.951718E1
1.252400E1	2.504800E4	-2.515427E1	1.506566E1	2.932084E1	7.178908E4	8.083514E3	6.422152E1	4.974963E1
1.252800E1	2.505600E4	-3.010489E1	-6.192361E-1	3.011126E1	7.182118E4	7.948227E3	5.927090E1	6.543452E1
1.253200E1	2.506400E4	-2.527307E1	-1.620457E1	3.002193E1	7.185267E4	7.894102E3	6.410273E1	8.101985E1
1.253600E1	2.507200E4	-1.286736E1	-2.677367E1	2.970519E1	7.188433E4	7.953522E3	7.650844E1	9.158896E1
1.254000E1	2.508000E4	3.134619E0	-2.841430E1	2.858668E1	7.191630E4	8.131868E3	9.251042E1	9.322958E1
1.254400E1	2.508800E4	1.715513E1	-2.089532E1	2.703540E1	7.194939E4	8.550718E3	1.065309E2	8.571060E1
1.254800E1	2.509600E4	2.462002E1	-6.734782E0	2.552455E1	7.198470E4	9.165794E3	1.139958E2	7.155007E1
1.255200E1	2.510400E4	2.302277E1	9.636523E0	2.495817E1	7.202271E4	9.422306E3	1.123986E2	5.517876E1
1.255600E1	2.511200E4	1.292890E1	2.246546E1	2.592014E1	7.206008E4	9.011971E3	1.023047E2	4.234982E1
1.256000E1	2.512000E4	-2.304786E0	2.739972E1	2.749649E1	7.209481E4	8.453918E3	8.707101E1	3.741557E1
1.256400E1	2.512800E4	-1.765939E1	2.283964E1	2.887046E1	7.212771E4	8.168060E3	7.171640E1	4.197565E1
1.256800E1	2.513600E4	-2.788191E1	1.006411E1	2.964266E1	7.216015E4	8.032466E3	6.149388E1	5.475118E1
1.257200E1	2.514400E4	-2.940019E1	-6.233431E0	3.005374E1	7.219197E4	7.943458E3	5.997560E1	7.104872E1
1.257600E1	2.515200E4	-2.171893E1	-2.075534E1	3.004158E1	7.222370E4	7.921841E3	6.765686E1	8.557063E1
1.258000E1	2.516000E4	-7.420180E0	-2.837545E1	2.932960E1	7.225535E4	7.980369E3	8.195562E1	9.319074E1
1.258400E1	2.516800E4	8.465894E0	-2.677975E1	2.808605E1	7.228754E4	8.282039E3	9.784169E1	9.159503E1
1.258800E1	2.517600E4	2.059460E1	-1.632213E1	2.627831E1	7.232160E4	8.842575E3	1.099704E2	8.113742E1
1.259200E1	2.518400E4	2.502486E1	-7.497457E-1	2.503609E1	7.235828E4	9.352524E3	1.144007E2	6.556503E1
1.259600E1	2.519200E4	2.042573E1	1.507116E1	2.538406E1	7.239642E4	9.317804E3	1.098015E2	4.974413E1
1.260000E1	2.520000E4	7.848752E0	2.539658E1	2.658174E1	7.243283E4	8.796008E3	9.722455E1	3.941871E1
1.260400E1	2.520800E4	-8.125488E0	2.693009E1	2.812922E1	7.246679E4	8.322450E3	8.125031E1	3.788520E1
1.260800E1	2.521600E4	-2.219129E1	1.901623E1	2.922449E1	7.249941E4	8.107066E3	6.718450E1	4.579905E1
1.261200E1	2.522400E4	-2.971661E1	4.363571E0	3.003527E1	7.253165E4	7.981429E3	5.965919E1	6.045172E1
1.261600E1	2.523200E4	-2.762325E1	-1.187211E1	3.006644E1	7.256326E4	7.936434E3	6.175254E1	7.668740E1
1.262000E1	2.524000E4	-1.707910E1	-2.451685E1	2.987929E1	7.259514E4	7.969754E3	7.229669E1	8.933214E1
1.262400E1	2.524800E4	-1.505099E0	-2.886769E1	2.890690E1	7.262702E4	8.075582E3	8.787070E1	9.368298E1
1.262800E1	2.525600E4	1.365597E1	-2.390021E1	2.752646E1	7.265974E4	8.443504E3	1.030318E2	8.871550E1
1.263200E1	2.526400E4	2.328487E1	-1.107467E1	2.578436E1	7.269456E4	9.053501E3	1.126607E2	7.588996E1
1.263600E1	2.527200E4	2.422613E1	5.224842E0	2.478314E1	7.273217E4	9.492813E3	1.136019E2	5.959044E1
1.264000E1	2.528000E4	1.616725E1	1.961660E1	2.542028E1	7.277051E4	9.281769E3	1.055430E2	4.519869E1
1.264400E1	2.528800E4	1.680883E0	2.690196E1	2.695442E1	7.280642E4	8.682209E3	9.105668E1	3.791333E1
1.264800E1	2.529600E4	-1.421077E1	2.464988E1	2.845282E1	7.283996E4	8.269604E3	7.516503E1	4.016540E1
1.265200E1	2.530400E4	-2.631945E1	1.365347E1	2.965013E1	7.287258E4	8.026065E3	6.305635E1	5.116182E1
1.265600E1	2.531200E4	-3.029239E1	-2.209735E0	3.037288E1	7.290417E4	7.884734E3	5.908340E1	6.702502E1
1.266000E1	2.532000E4	-2.473234E1	-1.774544E1	3.043993E1	7.293566E4	7.869683E3	6.464345E1	8.256072E1
1.266400E1	2.532800E4	-1.154545E1	-2.737137E1	2.970672E1	7.296713E4	7.936694E3	7.783035E1	9.218666E1
1.266800E1	2.533600E4	4.528708E0	-2.810728E1	2.846978E1	7.299915E4	8.206370E3	9.390450E1	9.292256E1
1.267200E1	2.534400E4	1.811906E1	-1.958011E1	2.667735E1	7.303278E4	8.761827E3	1.074949E2	8.439540E1
1.267600E1	2.535200E4	2.464514E1	-4.680105E0	2.508558E1	7.306925E4	9.381864E3	1.140209E2	6.949539E1
1.268000E1	2.536000E4	2.196213E1	1.159671E1	2.483583E1	7.310784E4	9.470705E3	1.113379E2	5.321858E1
1.268400E1	2.536800E4	1.102763E1	2.366308E1	2.610651E1	7.314501E4	8.943166E3	1.004034E2	4.115221E1
1.268800E1	2.537600E4	-4.526516E0	2.739939E1	2.777077E1	7.317938E4	8.395338E3	8.484928E1	3.741590E1
1.269200E1	2.538400E4	-1.947634E1	2.149755E1	2.900814E1	7.321218E4	8.144439E3	6.989946E1	4.331774E1
1.269600E1	2.539200E4	-2.870308E1	7.940472E0	2.978117E1	7.324454E4	8.039092E3	6.067271E1	5.687481E1
1.270000E1	2.540000E4	-2.881507E1	-8.529212E0	3.005088E1	7.327649E4	7.984208E3	6.056073E1	7.334450E1
1.270400E1	2.540800E4	-1.979381E1	-2.230214E1	2.981913E1	7.330841E4	7.991312E3	6.958199E1	8.711743E1
1.270800E1	2.541600E4	-4.836136E0	-2.865123E1	2.905652E1	7.334042E4	8.101788E3	8.453966E1	9.346652E1
1.271200E1	2.542400E4	1.090106E1	-2.540433E1	2.764440E1	7.337322E4	8.432295E3	1.002769E2	9.021962E1
1.271600E1	2.543200E4	2.218287E1	-1.392742E1	2.619261E1	7.340788E4	8.924886E3	1.115587E2	7.874270E1
1.272000E1	2.544000E4	2.517572E1	2.035930E0	2.525791E1	7.344462E4	9.346696E3	1.145515E2	6.277936E1
1.272400E1	2.544800E4	1.867340E1	1.720182E1	2.538894E1	7.348265E4	9.289206E3	1.080492E2	4.761346E1
1.272800E1	2.545600E4	5.152427E0	2.635228E1	2.685126E1	7.351894E4	8.735359E3	9.452822E1	3.846301E1
1.273200E1	2.546400E4	-1.086359E1	2.618312E1	2.834737E1	7.355253E4	8.272185E3	7.851221E1	3.863217E1
1.273600E1	2.547200E4	-2.407599E1	1.678658E1	2.935034E1	7.358511E4	8.108556E3	6.529981E1	4.802871E1
1.274000E1	2.548000E4	-2.982146E1	1.352928E0	2.985213E1	7.361740E4	8.034944E3	5.955434E1	6.346236E1
1.274400E1	2.548800E4	-2.595095E1	-1.461907E1	2.978538E1	7.364939E4	8.024460E3	6.342484E1	7.943436E1
1.274800E1	2.549600E4	-1.395216E1	-2.580192E1	2.933261E1	7.368160E4	8.089122E3	7.542364E1	9.061721E1
1.275200E1	2.550400E4	2.032763E0	-2.830971E1	2.838260E1	7.371411E4	8.251811E3	9.140856E1	9.312500E1
1.275600E1	2.551200E4	1.654311E1	-2.147191E1	2.710567E1	7.374761E4	8.631752E3	1.059189E2	8.628720E1
1.276000E1	2.552000E4	2.460727E1	-7.447627E0	2.570963E1	7.378316E4	9.158204E3	1.139831E2	7.226291E1
1.276400E1	2.552800E4	2.371522E1	9.045633E0	2.538179E1	7.382088E4	9.344050E3	1.130910E2	5.576965E1
1.276800E1	2.553600E4	1.392310E1	2.220690E1	2.621066E1	7.385791E4	8.945443E3	1.032989E2	4.260839E1
1.277200E1	2.554400E4	-1.179994E0	2.767178E1	2.769693E1	7.389244E4	8.430811E3	8.819580E1	3.714350E1
1.277600E1	2.555200E4	-1.672517E1	2.356948E1	2.890072E1	7.392536E4	8.203578E3	7.265063E1	4.124580E1
1.278000E1	2.556000E4	-2.732765E1	1.100206E1	2.945922E1	7.395807E4	8.126823E3	6.204815E1	5.381323E1
1.278400E1	2.556800E4	-2.935006E1	-5.373255E0	2.983786E1	7.399037E4	8.056914E3	6.002574E1	7.018854E1
1.278800E1	2.557600E4	-2.188821E1	-2.007491E1	2.970010E1	7.402253E4	8.064776E3	6.748758E1	8.489020E1
1.279200E1	2.558400E4	-7.591573E0	-2.812144E1	2.912812E1	7.405489E4	8.116531E3	8.178422E1	9.293673E1
1.279600E1	2.559200E4	8.409265E0	-2.673922E1	2.803037E1	7.408746E4	8.332322E3	9.778506E1	9.155450E1
1.280000E1	2.560000E4	2.066792E1	-1.640981E1	2.639024E1	7.412155E4	8.847620E3	1.100437E2	8.122510E1
1.280400E1	2.560800E4	2.510648E1	-7.719423E-1	2.511834E1	7.415824E4	9.366353E3	1.144823E2	6.558723E1
1.280800E1	2.561600E4	2.040802E1	1.509129E1	2.538177E1	7.419648E4	9.357887E3	1.097838E2	4.972400E1
1.281200E1	2.562400E4	7.721076E0	2.541623E1	2.656313E1	7.423310E4	8.844802E3	9.709687E1	3.939905E1
1.281600E1	2.563200E4	-8.361000E0	2.694252E1	2.821003E1	7.426724E4	8.355429E3	8.101480E1	3.787277E1
1.282000E1	2.564000E4	-2.245836E1	1.888128E1	2.934077E1	7.429995E4	8.103760E3	6.691743E1	4.593400E1
1.282400E1	2.564800E4	-2.981505E1	4.152760E0	3.010287E1	7.433207E4	7.988858E3	5.956075E1	6.066253E1
1.282800E1	2.565600E4	-2.760780E1	-1.220891E1	3.018689E1	7.436386E4	7.945252E3	6.176799E1	7.702420E1
1.283200E1	2.566400E4	-1.690346E1	-2.471708E1	2.994430E1	7.439563E4	7.950561E3	7.247234E1	8.953236E1
1.283600E1	2.567200E4	-1.281915E0	-2.890666E1	2.893507E1	7.442746E4	8.100676E3	8.809388E1	9.372195E1
1.284000E1	2.568000E4	1.388247E1	-2.362614E1	2.740287E1	7.446044E4	8.547409E3	1.032583E2	8.844143E1
1.284400E1	2.568800E4	2.348882E1	-1.053656E1	2.574382E1	7.449584E4	9.151330E3	1.128646E2	7.535185E1
1.284800E1	2.569600E4	2.426814E1	5.892911E0	2.497336E1	7.453365E4	9.439077E3	1.136439E2	5.892238E1
1.285200E1	2.570400E4	1.601457E1	2.002715E1	2.564280E1	7.457135E4	9.157369E3	1.053904E2	4.478813E1
1.285600E1	2.571200E4	1.460817E0	2.703992E1	2.707935E1	7.460691E4	8.635006E3	9.083661E1	3.777537E1
1.286000E1	2.572000E4	-1.436861E1	2.445868E1	2.836695E1	7.464043E4	8.285508E3	7.500719E1	4.035660E1
1.286400E1	2.572800E4	-2.622294E1	1.325093E1	2.938078E1	7.467319E4	8.097948E3	6.315285E1	5.156435E1
1.286800E1	2.573600E4	-2.993647E1	-2.733023E0	3.006096E1	7.470522E4	7.990907E3	5.943933E1	6.754831E1
1.287200E1	2.574400E4	-2.381554E1	-1.802394E1	2.986708E1	7.473712E4	7.992485E3	6.556025E1	8.283923E1
1.287600E1	2.575200E4	-1.047633E1	-2.751573E1	2.944264E1	7.476916E4	8.031882E3	7.889947E1	9.233102E1
1.288000E1	2.576000E4	5.595749E0	-2.781694E1	2.837419E1	7.480137E4	8.231312E3	9.497155E1	9.263223E1
1.288400E1	2.576800E4	1.884537E1	-1.884097E1	2.664827E1	7.483501E4	8.686774E3	1.082212E2	8.365626E1
1.288800E1	2.577600E4	2.495505E1	-4.011359E0	2.527539E1	7.487087E4	9.288710E3	1.143308E2	6.882665E1
1.289200E1	2.578400E4	2.181939E1	1.225267E1	2.502426E1	7.490932E4	9.486099E3	1.111952E2	5.256262E1
1.289600E1	2.579200E4	1.030366E1	2.399050E1	2.610957E1	7.494676E4	9.014899E3	9.967946E1	4.082479E1
1.290000E1	2.580000E4	-5.494718E0	2.716375E1	2.771391E1	7.498144E4	8.453308E3	8.388108E1	3.765154E1
1.290400E1	2.580800E4	-2.025445E1	2.069512E1	2.895740E1	7.501438E4	8.156328E3	6.912134E1	4.412017E1
1.290800E1	2.581600E4	-2.921232E1	6.912937E0	3.001914E1	7.504669E4	7.992294E3	6.016347E1	5.790235E1
1.291200E1	2.582400E4	-2.888794E1	-9.565970E0	3.043059E1	7.507832E4	7.889225E3	6.048786E1	7.438126E1
1.291600E1	2.583200E4	-1.948313E1	-2.305516E1	3.018497E1	7.510980E4	7.884426E3	6.989267E1	8.787044E1
1.292000E1	2.584000E4	-4.395063E0	-2.905144E1	2.938202E1	7.514140E4	8.006022E3	8.498073E1	9.386673E1
1.292400E1	2.584800E4	1.125011E1	-2.544946E1	2.782517E1	7.517385E4	8.395579E3	1.006259E2	9.026475E1
1.292800E1	2.585600E4	2.216810E1	-1.355174E1	2.598219E1	7.520856E4	9.050695E3	1.115439E2	7.836703E1
1.293200E1	2.586400E4	2.472237E1	2.709166E0	2.487037E1	7.524625E4	9.519428E3	1.140982E2	6.210612E1
1.293600E1	2.587200E4	1.787817E1	1.770260E1	2.515971E1	7.528472E4	9.359849E3	1.072540E2	4.711269E1
1.294000E1	2.588000E4	4.113575E0	2.636662E1	2.668558E1	7.532113E4	8.740010E3	9.348937E1	3.844866E1
1.294400E1	2.588800E4	-1.180948E1	2.574978E1	2.832870E1	7.535464E4	8.265368E3	7.756632E1	3.906551E1
1.294800E1	2.589600E4	-2.467471E1	1.586799E1	2.933657E1	7.538726E4	8.099174E3	6.470108E1	4.894730E1
1.295200E1	2.590400E4	-3.009015E1	2.989680E-1	3.009164E1	7.541943E4	7.971651E3	5.928565E1	6.451632E1
1.295600E1	2.591200E4	-2.575007E1	-1.548975E1	3.004993E1	7.545103E4	7.933580E3	6.362573E1	8.030503E1
1.296000E1	2.592000E4	-1.350143E1	-2.638341E1	2.963736E1	7.548290E4	7.999264E3	7.587436E1	9.119870E1
1.296400E1	2.592800E4	2.505390E0	-2.850616E1	2.861605E1	7.551502E4	8.171226E3	9.188119E1	9.332145E1
1.296800E1	2.593600E4	1.671997E1	-2.119457E1	2.699569E1	7.554827E4	8.616850E3	1.060958E2	8.600986E1
1.297200E1	2.594400E4	2.440860E1	-7.018612E0	2.539765E1	7.558396E4	9.231006E3	1.137844E2	7.183390E1
1.297600E1	2.595200E4	2.296574E1	9.333471E0	2.478989E1	7.562212E4	9.495239E3	1.123415E2	5.548182E1
1.298000E1	2.596000E4	1.295970E1	2.237419E1	2.585649E1	7.565992E4	9.099551E3	1.023355E2	4.244110E1
1.298400E1	2.596800E4	-2.355919E0	2.740389E1	2.750497E1	7.569491E4	8.499099E3	8.701988E1	3.741140E1
1.298800E1	2.597600E4	-1.778442E1	2.283499E1	2.894343E1	7.572791E4	8.184620E3	7.159138E1	4.198030E1
1.299200E1	2.598400E4	-2.802502E1	9.984438E0	2.975048E1	7.576039E4	8.042450E3	6.135078E1	5.483085E1
1.299600E1	2.599200E4	-2.939550E1	-6.383399E0	3.008061E1	7.579225E4	7.964233E3	5.998030E1	7.119869E1
1.300000E1	2.600000E4	-2.153717E1	-2.087422E1	2.999304E1	7.582410E4	7.969012E3	6.783863E1	8.568951E1
1.300400E1	2.600800E4	-7.109801E0	-2.852430E1	2.939702E1	7.585600E4	8.051933E3	8.226600E1	9.333958E1
1.300800E1	2.601600E4	8.913636E0	-2.660928E1	2.806255E1	7.588852E4	8.342856E3	9.828943E1	9.142456E1
1.301200E1	2.602400E4	2.106845E1	-1.602266E1	2.646895E1	7.592275E4	8.856097E3	1.104442E2	8.083795E1
1.301600E1	2.603200E4	2.528732E1	-2.786295E-1	2.528885E1	7.595937E4	9.331418E3	1.146631E2	6.509392E1
1.302000E1	2.604000E4	2.012173E1	1.538321E1	2.532838E1	7.599740E4	9.319992E3	1.094975E2	4.943208E1
1.302400E1	2.604800E4	7.373825E0	2.559524E1	2.663625E1	7.603393E4	8.807923E3	9.674962E1	3.922005E1
1.302800E1	2.605600E4	-8.595823E0	2.667437E1	2.802517E1	7.606786E4	8.362877E3	8.077997E1	3.814092E1
1.303200E1	2.606400E4	-2.245168E1	1.829049E1	2.895893E1	7.610083E4	8.179459E3	6.692412E1	4.652480E1
1.303600E1	2.607200E4	-2.948602E1	3.465261E0	2.968895E1	7.613330E4	8.075989E3	5.988977E1	6.135003E1
1.304000E1	2.608000E4	-2.690206E1	-1.279682E1	2.979059E1	7.616544E4	8.036855E3	6.247373E1	7.761210E1
1.304400E1	2.608800E4	-1.577301E1	-2.484668E1	2.943035E1	7.619759E4	8.065833E3	7.360279E1	8.966197E1
1.304800E1	2.609600E4	-1.692255E-2	-2.872210E1	2.872211E1	7.622997E4	8.196454E3	8.935887E1	9.353739E1
1.305200E1	2.610400E4	1.497602E1	-2.291743E1	2.737681E1	7.626316E4	8.511024E3	1.043518E2	8.773272E1
1.305600E1	2.611200E4	2.414333E1	-9.727868E0	2.602944E1	7.629805E4	9.041608E3	1.135191E2	7.454316E1
1.306000E1	2.612000E4	2.446170E1	6.782248E0	2.538451E1	7.633550E4	9.353185E3	1.138375E2	5.803304E1
1.306400E1	2.612800E4	1.567483E1	2.071075E1	2.597375E1	7.637288E4	9.106689E3	1.050506E2	4.410454E1
1.306800E1	2.613600E4	7.857907E-1	2.727998E1	2.729130E1	7.640835E4	8.597782E3	9.016159E1	3.753530E1
1.307200E1	2.614400E4	-1.504483E1	2.439567E1	2.866175E1	7.644166E4	8.251885E3	7.433096E1	4.041962E1
1.307600E1	2.615200E4	-2.649143E1	1.271238E1	2.938367E1	7.647437E4	8.107445E3	6.288437E1	5.210291E1
1.308000E1	2.616000E4	-2.967756E1	-3.392736E0	2.987086E1	7.650652E4	8.008578E3	5.969824E1	6.820802E1
1.308400E1	2.616800E4	-2.337450E1	-1.854884E1	2.984002E1	7.653843E4	7.998543E3	6.600130E1	8.336413E1
1.308800E1	2.617600E4	-9.746748E0	-2.753936E1	2.921327E1	7.657051E4	8.088828E3	7.962905E1	9.235465E1
1.309200E1	2.618400E4	6.391230E0	-2.736859E1	2.810494E1	7.660314E4	8.327944E3	9.576703E1	9.218387E1
1.309600E1	2.619200E4	1.946200E1	-1.806393E1	2.655324E1	7.663713E4	8.779818E3	1.088378E2	8.287921E1
1.310000E1	2.620000E4	2.520694E1	-2.924148E0	2.537599E1	7.667338E4	9.296687E3	1.145827E2	6.773943E1
1.310400E1	2.620800E4	2.151716E1	1.318941E1	2.523785E1	7.671151E4	9.389104E3	1.108930E2	5.162587E1
1.310800E1	2.621600E4	9.722998E0	2.467793E1	2.652427E1	7.674850E4	8.892996E3	9.909879E1	4.013736E1
1.311200E1	2.622400E4	-6.136262E0	2.733753E1	2.801775E1	7.678265E4	8.361005E3	8.323953E1	3.747775E1
1.311600E1	2.623200E4	-2.074754E1	2.047142E1	2.914686E1	7.681538E4	8.140300E3	6.862825E1	4.434387E1
1.312000E1	2.624000E4	-2.916106E1	6.318970E0	2.983784E1	7.684777E4	8.026178E3	6.021473E1	5.849632E1
1.312400E1	2.624800E4	-2.822003E1	-1.004495E1	2.995448E1	7.687959E4	7.983345E3	6.115577E1	7.486023E1
1.312800E1	2.625600E4	-1.846246E1	-2.332747E1	2.974952E1	7.691164E4	8.030115E3	7.091333E1	8.814276E1
1.313200E1	2.626400E4	-3.089874E0	-2.860158E1	2.876800E1	7.694383E4	8.187670E3	8.628592E1	9.341687E1
1.313600E1	2.627200E4	1.248124E1	-2.434688E1	2.735967E1	7.697714E4	8.547662E3	1.018570E2	8.916216E1
1.314000E1	2.628000E4	2.280487E1	-1.201579E1	2.577676E1	7.701222E4	9.094943E3	1.121807E2	7.683107E1
1.314400E1	2.628800E4	2.439706E1	4.258471E0	2.476593E1	7.704990E4	9.491011E3	1.137729E2	6.055682E1
1.314800E1	2.629600E4	1.700845E1	1.898523E1	2.548973E1	7.708814E4	9.251914E3	1.063842E2	4.583005E1
1.315200E1	2.630400E4	2.868476E0	2.691415E1	2.706658E1	7.712392E4	8.654256E3	9.224427E1	3.790113E1
1.315600E1	2.631200E4	-1.315448E1	2.540188E1	2.860587E1	7.715738E4	8.249138E3	7.622132E1	3.941341E1
1.316000E1	2.632000E4	-2.573333E1	1.491135E1	2.974144E1	7.718991E4	8.035053E3	6.364246E1	4.990393E1
1.316400E1	2.632800E4	-3.029948E1	-8.770429E-1	3.031218E1	7.722166E4	7.920709E3	5.907631E1	6.569233E1
1.316800E1	2.633600E4	-2.537755E1	-1.665424E1	3.035430E1	7.725328E4	7.903663E3	6.399825E1	8.146952E1
1.317200E1	2.634400E4	-1.261088E1	-2.690584E1	2.971462E1	7.728489E4	7.982746E3	7.676491E1	9.172113E1
1.317600E1	2.635200E4	3.545238E0	-2.831296E1	2.853406E1	7.731714E4	8.234827E3	9.292103E1	9.312825E1
1.318000E1	2.636000E4	1.742045E1	-2.020606E1	2.667878E1	7.735077E4	8.749142E3	1.067962E2	8.502135E1
1.318400E1	2.636800E4	2.440849E1	-5.576690E0	2.503745E1	7.738713E4	9.397995E3	1.137843E2	7.039198E1
1.318800E1	2.637600E4	2.227407E1	1.083969E1	2.477162E1	7.742595E4	9.552484E3	1.116499E2	5.397560E1
1.319200E1	2.638400E4	1.152891E1	2.317425E1	2.588361E1	7.746355E4	9.067884E3	1.009047E2	4.164104E1
1.319600E1	2.639200E4	-4.074023E0	2.728284E1	2.758534E1	7.749849E4	8.450958E3	8.530177E1	3.753244E1
1.320000E1	2.640000E4	-1.904858E1	2.179133E1	2.894322E1	7.753116E4	8.163800E3	7.032722E1	4.302396E1
1.320400E1	2.640800E4	-2.850756E1	8.280395E0	2.968579E1	7.756380E4	8.068602E3	6.086824E1	5.653489E1
1.320800E1	2.641600E4	-2.893831E1	-8.137836E0	3.006078E1	7.759571E4	7.998106E3	6.043748E1	7.295312E1
1.321200E1	2.642400E4	-2.009765E1	-2.215546E1	2.991287E1	7.762779E4	8.017767E3	6.927815E1	8.697075E1
1.321600E1	2.643200E4	-5.162834E0	-2.883479E1	2.929334E1	7.765985E4	8.045518E3	8.421296E1	9.365007E1
1.322000E1	2.644000E4	1.056111E1	-2.594085E1	2.800830E1	7.769215E4	8.332871E3	9.993691E1	9.075614E1
1.322400E1	2.644800E4	2.188088E1	-1.447616E1	2.623608E1	7.772651E4	8.972714E3	1.112567E2	7.929145E1
1.322800E1	2.645600E4	2.480960E1	1.706171E0	2.486820E1	7.776393E4	9.510058E3	1.141854E2	6.310912E1
1.323200E1	2.646400E4	1.837735E1	1.689426E1	2.496283E1	7.780259E4	9.443186E3	1.077531E2	4.792103E1
1.323600E1	2.647200E4	4.818228E0	2.594515E1	2.638875E1	7.783948E4	8.907297E3	9.419402E1	3.887013E1
1.324000E1	2.648000E4	-1.135966E1	2.569427E1	2.809337E1	7.787385E4	8.389918E3	7.801614E1	3.912102E1
1.324400E1	2.648800E4	-2.462637E1	1.623878E1	2.949841E1	7.790660E4	8.056408E3	6.474942E1	4.857651E1
1.324800E1	2.649600E4	-3.037945E1	9.006348E-1	3.039280E1	7.793830E4	7.909331E3	5.899635E1	6.391465E1
1.325200E1	2.650400E4	-2.649898E1	-1.522131E1	3.055952E1	7.796987E4	7.876801E3	6.287682E1	8.003660E1
1.325600E1	2.651200E4	-1.447777E1	-2.646206E1	3.016366E1	7.800132E4	7.899281E3	7.489802E1	9.127735E1
1.326000E1	2.652000E4	1.546922E0	-2.886353E1	2.890495E1	7.803307E4	8.136291E3	9.092272E1	9.367881E1
1.326400E1	2.652800E4	1.607555E1	-2.179906E1	2.708547E1	7.806641E4	8.681515E3	1.054513E2	8.661435E1
1.326800E1	2.653600E4	2.410825E1	-7.592090E0	2.527543E1	7.810252E4	9.342221E3	1.134840E2	7.240738E1
1.327200E1	2.654400E4	2.307879E1	8.925917E0	2.474475E1	7.814114E4	9.562762E3	1.124546E2	5.588937E1
1.327600E1	2.655200E4	1.321889E1	2.201908E1	2.568227E1	7.817902E4	9.145442E3	1.025947E2	4.279620E1
1.328000E1	2.656000E4	-2.047734E0	2.718362E1	2.726064E1	7.821431E4	8.544422E3	8.732806E1	3.763166E1
1.328400E1	2.656800E4	-1.739617E1	2.277187E1	2.865632E1	7.824738E4	8.251441E3	7.197962E1	4.204342E1
1.328800E1	2.657600E4	-2.775651E1	9.927633E0	2.947850E1	7.828032E4	8.129063E3	6.161928E1	5.488765E1
1.329200E1	2.658400E4	-2.935066E1	-6.458469E0	3.005283E1	7.831241E4	7.996985E3	6.002514E1	7.127376E1
1.329600E1	2.659200E4	-2.148300E1	-2.096098E1	3.001470E1	7.834430E4	7.972028E3	6.789279E1	8.577627E1
1.330000E1	2.660000E4	-7.034436E0	-2.860916E1	2.946128E1	7.837619E4	8.059136E3	8.234136E1	9.342444E1
1.330400E1	2.660800E4	9.061543E0	-2.666625E1	2.816382E1	7.840877E4	8.340688E3	9.843734E1	9.148154E1
1.330800E1	2.661600E4	2.109205E1	-1.594507E1	2.644087E1	7.844291E4	8.833693E3	1.104678E2	8.076036E1
1.331200E1	2.662400E4	2.524410E1	-2.476285E-1	2.524532E1	7.847944E4	9.379581E3	1.146199E2	6.506292E1
1.331600E1	2.663200E4	1.985474E1	1.548337E1	2.517828E1	7.851795E4	9.456734E3	1.092305E2	4.933191E1
1.332000E1	2.664000E4	6.785952E0	2.548890E1	2.637675E1	7.855509E4	8.940122E3	9.616175E1	3.932639E1
1.332400E1	2.664800E4	-9.342019E0	2.642612E1	2.802879E1	7.858947E4	8.404893E3	8.003378E1	3.838916E1
1.332800E1	2.665600E4	-2.322488E1	1.793016E1	2.934085E1	7.862233E4	8.137230E3	6.615092E1	4.688512E1
1.333200E1	2.666400E4	-3.006066E1	2.858996E0	3.019631E1	7.865457E4	7.981956E3	5.931514E1	6.195629E1
1.333600E1	2.667200E4	-2.717180E1	-1.336232E1	3.027966E1	7.868619E4	7.910092E3	6.220400E1	7.817760E1
1.334000E1	2.668000E4	-1.596185E1	-2.539395E1	2.999389E1	7.871785E4	7.954172E3	7.341395E1	9.020924E1
1.334400E1	2.668800E4	-9.085709E-2	-2.892381E1	2.892395E1	7.874982E4	8.153494E3	8.928494E1	9.373910E1
1.334800E1	2.669600E4	1.496102E1	-2.297139E1	2.741381E1	7.878308E4	8.560631E3	1.043368E2	8.778668E1
1.335200E1	2.670400E4	2.394030E1	-9.524548E0	2.576538E1	7.881831E4	9.131013E3	1.133161E2	7.433983E1
1.335600E1	2.671200E4	2.411249E1	6.970593E0	2.509982E1	7.885612E4	9.451051E3	1.134883E2	5.784469E1
1.336000E1	2.672000E4	1.512735E1	2.075503E1	2.568283E1	7.889391E4	9.178575E3	1.045031E2	4.406026E1
1.336400E1	2.672800E4	2.110992E-1	2.702572E1	2.702654E1	7.892955E4	8.652595E3	8.958690E1	3.778957E1
1.336800E1	2.673600E4	-1.541969E1	2.362289E1	2.821006E1	7.896313E4	8.357171E3	7.395611E1	4.119240E1
1.337200E1	2.674400E4	-2.667427E1	1.164825E1	2.910667E1	7.899641E4	8.203558E3	6.270153E1	5.316704E1
1.337600E1	2.675200E4	-2.940128E1	-4.531961E0	2.974851E1	7.902876E4	8.049376E3	5.997452E1	6.934725E1
1.338000E1	2.676000E4	-2.262373E1	-1.953162E1	2.988841E1	7.906080E4	8.011454E3	6.675207E1	8.434691E1
1.338400E1	2.676800E4	-8.681325E0	-2.813927E1	2.944799E1	7.909285E4	8.038711E3	8.069447E1	9.295456E1
1.338800E1	2.677600E4	7.421997E0	-2.747942E1	2.846410E1	7.912511E4	8.242203E3	9.679779E1	9.229471E1
1.339200E1	2.678400E4	2.014739E1	-1.764270E1	2.678026E1	7.915879E4	8.752179E3	1.095232E2	8.245799E1
1.339600E1	2.679200E4	2.535878E1	-2.159763E0	2.545058E1	7.919513E4	9.299756E3	1.147346E2	6.697505E1
1.340000E1	2.680000E4	2.109155E1	1.379667E1	2.520320E1	7.923319E4	9.413166E3	1.104673E2	5.101862E1
1.340400E1	2.680800E4	8.778105E0	2.470265E1	2.621595E1	7.927044E4	9.010193E3	9.815390E1	4.011264E1
1.340800E1	2.681600E4	-7.308919E0	2.676912E1	2.774898E1	7.930527E4	8.500476E3	8.206688E1	3.804617E1
1.341200E1	2.682400E4	-2.166160E1	1.920430E1	2.894875E1	7.933844E4	8.189584E3	6.771420E1	4.561099E1
1.341600E1	2.683200E4	-2.951201E1	4.786127E0	2.989758E1	7.937079E4	8.040240E3	5.986379E1	6.002916E1
1.342000E1	2.684000E4	-2.781269E1	-1.167026E1	3.016191E1	7.940276E4	7.965166E3	6.156310E1	7.648555E1
1.342400E1	2.684800E4	-1.735528E1	-2.433979E1	2.989366E1	7.943451E4	7.945030E3	7.202052E1	8.915508E1
1.342800E1	2.685600E4	-1.861293E0	-2.896533E1	2.902508E1	7.946632E4	8.107068E3	8.751450E1	9.378062E1
1.343200E1	2.686400E4	1.352613E1	-2.403826E1	2.758249E1	7.949937E4	8.511693E3	1.029019E2	8.885354E1
1.343600E1	2.687200E4	2.334912E1	-1.117860E1	2.588711E1	7.953442E4	9.097184E3	1.127249E2	7.599389E1
1.344000E1	2.688000E4	2.436395E1	5.242561E0	2.492160E1	7.957214E4	9.499560E3	1.137397E2	5.957273E1
1.344400E1	2.688800E4	1.629319E1	1.970439E1	2.556816E1	7.961041E4	9.268444E3	1.056690E2	4.511090E1
1.344800E1	2.689600E4	1.748147E0	2.696813E1	2.702473E1	7.964629E4	8.692170E3	9.112394E1	3.784716E1
1.345200E1	2.690400E4	-1.415857E1	2.457222E1	2.835946E1	7.967995E4	8.318617E3	7.521722E1	4.024307E1
1.345600E1	2.691200E4	-2.616001E1	1.342131E1	2.940201E1	7.971284E4	8.130231E3	6.321578E1	5.139398E1
1.346000E1	2.692000E4	-3.001609E1	-2.622110E0	3.013041E1	7.974499E4	8.008375E3	5.935970E1	6.743740E1
1.346400E1	2.692800E4	-2.398400E1	-1.801231E1	2.999459E1	7.977691E4	8.005809E3	6.539180E1	8.282760E1
1.346800E1	2.693600E4	-1.055822E1	-2.756111E1	2.951425E1	7.980904E4	8.039135E3	7.881758E1	9.237640E1
1.347200E1	2.694400E4	5.530273E0	-2.787850E1	2.842172E1	7.984122E4	8.221320E3	9.490607E1	9.269378E1
1.347600E1	2.695200E4	1.886997E1	-1.899585E1	2.677533E1	7.987481E4	8.703208E3	1.082458E2	8.381114E1
1.348000E1	2.696000E4	2.491986E1	-4.015696E0	2.524134E1	7.991085E4	9.340024E3	1.142957E2	6.883098E1
1.348400E1	2.696800E4	2.164531E1	1.226116E1	2.487681E1	7.994953E4	9.562584E3	1.110211E2	5.255413E1
1.348800E1	2.697600E4	9.996280E0	2.395143E1	2.595374E1	7.998735E4	9.078172E3	9.937208E1	4.086386E1
1.349200E1	2.698400E4	-5.809630E0	2.697293E1	2.759150E1	8.002216E4	8.492118E3	8.356617E1	3.784235E1
1.349600E1	2.699200E4	-2.050361E1	2.030176E1	2.885411E1	8.005528E4	8.192466E3	6.887218E1	4.451352E1
1.350000E1	2.700000E4	-2.923440E1	6.376895E0	2.992181E1	8.008769E4	8.025463E3	6.014140E1	5.843839E1
1.350400E1	2.700800E4	-2.852985E1	-1.009573E1	3.026345E1	8.011949E4	7.937502E3	6.084594E1	7.491102E1
1.350800E1	2.701600E4	-1.890613E1	-2.351015E1	3.016901E1	8.015119E4	7.937843E3	7.046967E1	8.832544E1
1.351200E1	2.702400E4	-3.569907E0	-2.903212E1	2.925078E1	8.018299E4	8.058980E3	8.580589E1	9.384740E1
1.351600E1	2.703200E4	1.202776E1	-2.502906E1	2.776906E1	8.021567E4	8.437317E3	1.014036E2	8.984435E1
1.352000E1	2.704000E4	2.264118E1	-1.281582E1	2.601669E1	8.025049E4	9.087491E3	1.120170E2	7.763110E1
1.352400E1	2.704800E4	2.461330E1	3.619922E0	2.487807E1	8.028837E4	9.544636E3	1.139891E2	6.119536E1
1.352800E1	2.705600E4	1.730214E1	1.845424E1	2.529670E1	8.032685E4	9.321969E3	1.066779E2	4.636104E1
1.353200E1	2.706400E4	3.304759E0	2.669310E1	2.689690E1	8.036294E4	8.705325E3	9.268055E1	3.812218E1
1.353600E1	2.707200E4	-1.265989E1	2.540503E1	2.838465E1	8.039649E4	8.296003E3	7.671591E1	3.941026E1
1.354000E1	2.708000E4	-2.523337E1	1.497628E1	2.934300E1	8.042931E4	8.145623E3	6.414243E1	4.983900E1
1.354400E1	2.708800E4	-2.997178E1	-8.649721E-1	2.998426E1	8.046165E4	8.065002E3	5.940402E1	6.568026E1
1.354800E1	2.709600E4	-2.498860E1	-1.674762E1	3.008177E1	8.049383E4	8.020255E3	6.438720E1	8.156291E1
1.355200E1	2.710400E4	-1.212360E1	-2.699526E1	2.959266E1	8.052582E4	8.015307E3	7.725220E1	9.181055E1
1.355600E1	2.711200E4	3.957600E0	-2.832885E1	2.860396E1	8.055795E4	8.199871E3	9.333340E1	9.314414E1
1.356000E1	2.712000E4	1.786200E1	-2.025043E1	2.700243E1	8.059141E4	8.669551E3	1.072378E2	8.506572E1
1.356400E1	2.712800E4	2.469725E1	-5.561564E0	2.531571E1	8.062731E4	9.303405E3	1.140730E2	7.037685E1
1.356800E1	2.713600E4	2.237804E1	1.083788E1	2.486436E1	8.066584E4	9.539303E3	1.117538E2	5.397740E1
1.357200E1	2.714400E4	1.146570E1	2.312151E1	2.580826E1	8.070362E4	9.139019E3	1.008415E2	4.169378E1
1.357600E1	2.715200E4	-4.264394E0	2.706655E1	2.740042E1	8.073895E4	8.575753E3	8.511140E1	3.774874E1
1.358000E1	2.716000E4	-1.939143E1	2.136348E1	2.885179E1	8.077223E4	8.207962E3	6.998437E1	4.345181E1
1.358400E1	2.716800E4	-2.888360E1	7.946559E0	2.995681E1	8.080462E4	8.012190E3	6.049219E1	5.686873E1
1.358800E1	2.717600E4	-2.914839E1	-8.538635E0	3.037329E1	8.083633E4	7.894914E3	6.022741E1	7.335392E1
1.359200E1	2.718400E4	-2.036403E1	-2.243988E1	3.030251E1	8.086778E4	7.876053E3	6.901177E1	8.725517E1
1.359600E1	2.719200E4	-5.456654E0	-2.897740E1	2.948668E1	8.089934E4	7.997011E3	8.391914E1	9.379268E1
1.360000E1	2.720000E4	1.034479E1	-2.592605E1	2.791370E1	8.093175E4	8.382493E3	9.972059E1	9.074133E1
1.360400E1	2.720800E4	2.166211E1	-1.439466E1	2.600871E1	8.096640E4	9.065062E3	1.110379E2	7.920995E1
1.360800E1	2.721600E4	2.458656E1	1.837050E0	2.465509E1	8.100427E4	9.584005E3	1.139624E2	6.297824E1
1.361200E1	2.722400E4	1.817092E1	1.698482E1	2.487301E1	8.104307E4	9.449456E3	1.075467E2	4.783047E1
1.361600E1	2.723200E4	4.640434E0	2.596911E1	2.638046E1	8.107987E4	8.878966E3	9.401623E1	3.884617E1
1.362000E1	2.724000E4	-1.144327E1	2.558249E1	2.802521E1	8.111410E4	8.389083E3	7.793253E1	3.923280E1
1.362400E1	2.724800E4	-2.457519E1	1.597067E1	2.930874E1	8.114698E4	8.128819E3	6.480061E1	4.884462E1
1.362800E1	2.725600E4	-3.022490E1	4.590153E-1	3.022839E1	8.117913E4	7.942442E3	5.915089E1	6.435627E1
1.363200E1	2.726400E4	-2.623486E1	-1.546642E1	3.045453E1	8.121052E4	7.860807E3	6.314093E1	8.028170E1
1.363600E1	2.727200E4	-1.409820E1	-2.653318E1	3.004611E1	8.124202E4	7.968678E3	7.527759E1	9.134846E1
1.364000E1	2.728000E4	2.147625E0	-2.876164E1	2.884171E1	8.127427E4	8.199652E3	9.152342E1	9.357693E1
1.364400E1	2.728800E4	1.650133E1	-2.141689E1	2.703659E1	8.130761E4	8.649771E3	1.058771E2	8.623218E1
1.364800E1	2.729600E4	2.428556E1	-7.208232E0	2.533273E1	8.134347E4	9.286217E3	1.136614E2	7.202352E1
1.365200E1	2.730400E4	2.288451E1	9.201064E0	2.466496E1	8.138190E4	9.582423E3	1.122603E2	5.561422E1
1.365600E1	2.731200E4	1.285636E1	2.238310E1	2.581258E1	8.142013E4	9.212824E3	1.022322E2	4.243218E1
1.366000E1	2.732000E4	-2.687795E0	2.738304E1	2.751463E1	8.145561E4	8.543117E3	8.668800E1	3.743225E1
1.366400E1	2.732800E4	-1.805006E1	2.271413E1	2.901269E1	8.148847E4	8.163891E3	7.132574E1	4.210115E1
1.366800E1	2.733600E4	-2.820127E1	9.756158E0	2.984115E1	8.152092E4	8.029423E3	6.117453E1	5.505913E1
1.367200E1	2.734400E4	-2.961197E1	-6.677806E0	3.035559E1	8.155271E4	7.922740E3	5.976382E1	7.149309E1
1.367600E1	2.735200E4	-2.151629E1	-2.099613E1	3.006307E1	8.158430E4	7.955049E3	6.785950E1	8.581142E1
1.368000E1	2.736000E4	-6.917978E0	-2.848368E1	2.931174E1	8.161635E4	8.105973E3	8.245782E1	9.329896E1
1.368400E1	2.736800E4	9.145612E0	-2.634139E1	2.788388E1	8.164915E4	8.436840E3	9.852141E1	9.115667E1
1.368800E1	2.737600E4	2.113850E1	-1.544651E1	2.618073E1	8.168384E4	8.982825E3	1.105143E2	8.026180E1
1.369200E1	2.738400E4	2.505762E1	4.414837E-1	2.506151E1	8.172101E4	9.438060E3	1.144334E2	6.437380E1
1.369600E1	2.739200E4	1.964768E1	1.610883E1	2.540720E1	8.175935E4	9.355836E3	1.090235E2	4.870645E1
1.370000E1	2.740000E4	6.507082E0	2.582196E1	2.662923E1	8.179586E4	8.813648E3	9.588288E1	3.899333E1
1.370400E1	2.740800E4	-9.548422E0	2.643921E1	2.811057E1	8.182986E4	8.351244E3	7.982737E1	3.837607E1
1.370800E1	2.741600E4	-2.320585E1	1.769988E1	2.918556E1	8.186267E4	8.169394E3	6.616995E1	4.711541E1
1.371200E1	2.742400E4	-2.983387E1	2.498850E0	2.993834E1	8.189521E4	8.045146E3	5.954192E1	6.231644E1
1.371600E1	2.743200E4	-2.671258E1	-1.362671E1	2.998748E1	8.192703E4	7.976206E3	6.266322E1	7.844200E1
1.372000E1	2.744000E4	-1.523716E1	-2.538076E1	2.960328E1	8.195902E4	8.029809E3	7.413863E1	9.019605E1
1.372400E1	2.744800E4	6.336605E-1	-2.868079E1	2.868779E1	8.199127E4	8.209223E3	9.000946E1	9.349608E1
1.372800E1	2.745600E4	1.538348E1	-2.222023E1	2.702573E1	8.202470E4	8.634874E3	1.047593E2	8.703552E1
1.373200E1	2.746400E4	2.400643E1	-8.574446E0	2.549176E1	8.206034E4	9.246356E3	1.133822E2	7.338973E1
1.373600E1	2.747200E4	2.371958E1	8.013147E0	2.503655E1	8.209867E4	9.526964E3	1.130954E2	5.680214E1
1.374000E1	2.748000E4	1.419036E1	2.148844E1	2.575110E1	8.213656E4	9.150318E3	1.035662E2	4.332684E1
1.374400E1	2.748800E4	-8.952657E-1	2.743580E1	2.745040E1	8.217187E4	8.542129E3	8.848053E1	3.737949E1
1.374800E1	2.749600E4	-1.651296E1	2.367306E1	2.886333E1	8.220490E4	8.212332E3	7.286284E1	4.114222E1
1.375200E1	2.750400E4	-2.750553E1	1.135515E1	2.975724E1	8.223757E4	8.063960E3	6.187026E1	5.346014E1
1.375600E1	2.751200E4	-2.975262E1	-4.930354E0	3.015836E1	8.226941E4	7.971005E3	5.962318E1	6.974564E1
1.376000E1	2.752000E4	-2.254874E1	-1.983444E1	3.003083E1	8.230134E4	7.996503E3	6.682706E1	8.464972E1
1.376400E1	2.752800E4	-8.423164E0	-2.822093E1	2.945116E1	8.233338E4	8.038863E3	8.095263E1	9.303622E1
1.376800E1	2.753600E4	7.600196E0	-2.713567E1	2.817991E1	8.236565E4	8.307846E3	9.697599E1	9.195096E1
1.377200E1	2.754400E4	2.016016E1	-1.701021E1	2.637763E1	8.239984E4	8.887753E3	1.095360E2	8.182550E1
1.377600E1	2.755200E4	2.500241E1	-1.420357E0	2.504272E1	8.243675E4	9.453379E3	1.143782E2	6.623564E1
1.378000E1	2.756000E4	2.045682E1	1.457604E1	2.511857E1	8.247547E4	9.477443E3	1.098326E2	5.023925E1
1.378400E1	2.756800E4	7.910246E0	2.519252E1	2.640521E1	8.251257E4	8.876056E3	9.728604E1	3.962277E1
1.378800E1	2.757600E4	-7.963107E0	2.691862E1	2.807175E1	8.254648E4	8.350164E3	8.141269E1	3.789666E1
1.379200E1	2.758400E4	-2.197504E1	1.885522E1	2.895551E1	8.257937E4	8.213649E3	6.740076E1	4.596007E1
1.379600E1	2.759200E4	-2.934719E1	4.026043E0	2.962206E1	8.261219E4	8.140604E3	6.002861E1	6.078924E1
1.380000E1	2.760000E4	-2.716652E1	-1.237722E1	2.985324E1	8.264449E4	8.034071E3	6.220927E1	7.719251E1
1.380400E1	2.760800E4	-1.645542E1	-2.482481E1	2.978342E1	8.267646E4	7.981288E3	7.292037E1	8.964009E1
1.380800E1	2.761600E4	-8.334903E-1	-2.884008E1	2.885212E1	8.270834E4	8.123265E3	8.854231E1	9.365537E1
1.381200E1	2.762400E4	1.438589E1	-2.352425E1	2.757434E1	8.274145E4	8.530529E3	1.037617E2	8.833953E1
1.381600E1	2.763200E4	2.369246E1	-1.025813E1	2.581787E1	8.277659E4	9.104421E3	1.130683E2	7.507342E1
1.382000E1	2.764000E4	2.418697E1	6.157358E0	2.495841E1	8.281428E4	9.477167E3	1.135628E2	5.865793E1
1.382400E1	2.764800E4	1.553991E1	2.018347E1	2.547275E1	8.285241E4	9.290934E3	1.049157E2	4.463182E1
1.382800E1	2.765600E4	6.563106E-1	2.704925E1	2.705721E1	8.288861E4	8.737378E3	9.003211E1	3.776604E1
1.383200E1	2.766400E4	-1.525189E1	2.412127E1	2.853867E1	8.292231E4	8.310884E3	7.412391E1	4.069401E1
1.383600E1	2.767200E4	-2.686717E1	1.247295E1	2.962127E1	8.295510E4	8.080537E3	6.250862E1	5.234233E1
1.384000E1	2.768000E4	-3.004464E1	-3.662128E0	3.026700E1	8.298695E4	7.946641E3	5.933116E1	6.847741E1
1.384400E1	2.768800E4	-2.355103E1	-1.884788E1	3.016444E1	8.301867E4	7.927425E3	6.582477E1	8.366317E1
1.384800E1	2.769600E4	-9.983390E0	-2.798849E1	2.971572E1	8.305037E4	7.981254E3	7.939241E1	9.280378E1
1.385200E1	2.770400E4	6.196671E0	-2.790457E1	2.858433E1	8.308252E4	8.222406E3	9.557247E1	9.271986E1
1.385600E1	2.771200E4	1.938502E1	-1.862329E1	2.688133E1	8.311615E4	8.745456E3	1.087608E2	8.343857E1
1.386000E1	2.772000E4	2.510437E1	-3.312205E0	2.532193E1	8.315248E4	9.341110E3	1.144802E2	6.812749E1
1.386400E1	2.772800E4	2.156647E1	1.289551E1	2.512781E1	8.319088E4	9.472850E3	1.109423E2	5.191978E1
1.386800E1	2.773600E4	9.637020E0	2.417592E1	2.602590E1	8.322827E4	9.031857E3	9.901282E1	4.063936E1
1.387200E1	2.774400E4	-6.290655E0	2.696456E1	2.768862E1	8.326313E4	8.496569E3	8.308514E1	3.785073E1
1.387600E1	2.775200E4	-2.081999E1	1.993825E1	2.882718E1	8.329624E4	8.239969E3	6.855580E1	4.487703E1
1.388000E1	2.776000E4	-2.908560E1	5.626483E0	2.962481E1	8.332905E4	8.117367E3	6.029020E1	5.918880E1
1.388400E1	2.776800E4	-2.788522E1	-1.080379E1	2.990497E1	8.336118E4	7.999144E3	6.149058E1	7.561907E1
1.388800E1	2.777600E4	-1.787541E1	-2.376007E1	2.973334E1	8.339304E4	7.989072E3	7.150038E1	8.857536E1
1.389200E1	2.778400E4	-2.483531E0	-2.891473E1	2.902119E1	8.342509E4	8.104232E3	8.689227E1	9.373001E1
1.389600E1	2.779200E4	1.299257E1	-2.456086E1	2.778566E1	8.345788E4	8.440105E3	1.023684E2	8.937615E1
1.390000E1	2.780000E4	2.327626E1	-1.205925E1	2.621469E1	8.349261E4	8.991186E3	1.126521E2	7.687454E1
1.390400E1	2.780800E4	2.483170E1	4.292797E0	2.520003E1	8.352981E4	9.405646E3	1.142075E2	6.052249E1
1.390800E1	2.781600E4	1.714312E1	1.894396E1	2.554917E1	8.356786E4	9.265318E3	1.065189E2	4.587133E1
1.391200E1	2.782400E4	2.840195E0	2.671160E1	2.686218E1	8.360393E4	8.772558E3	9.221599E1	3.810368E1
1.391600E1	2.783200E4	-1.331579E1	2.500408E1	2.832868E1	8.363804E4	8.378678E3	7.606001E1	3.981120E1
1.392000E1	2.784000E4	-2.568805E1	1.426253E1	2.938190E1	8.367096E4	8.115137E3	6.368774E1	5.055275E1
1.392400E1	2.784800E4	-3.005937E1	-1.553454E0	3.009949E1	8.370296E4	7.974264E3	5.931642E1	6.636874E1
1.392800E1	2.785600E4	-2.470318E1	-1.713988E1	3.006697E1	8.373475E4	7.958041E3	6.467262E1	8.195517E1
1.393200E1	2.786400E4	-1.177498E1	-2.724000E1	2.967605E1	8.376662E4	8.023855E3	7.760082E1	9.205529E1
1.393600E1	2.787200E4	4.454001E0	-2.829716E1	2.864555E1	8.379895E4	8.229366E3	9.382980E1	9.311245E1
1.394000E1	2.788000E4	1.820778E1	-1.989982E1	2.697270E1	8.383246E4	8.660002E3	1.075836E2	8.471511E1
1.394400E1	2.788800E4	2.499064E1	-5.209421E0	2.552783E1	8.386823E4	9.254397E3	1.143664E2	7.002471E1
1.394800E1	2.789600E4	2.248451E1	1.120685E1	2.512263E1	8.390649E4	9.467371E3	1.118603E2	5.360844E1
1.395200E1	2.790400E4	1.145675E1	2.345242E1	2.610121E1	8.394396E4	9.036561E3	1.008325E2	4.136287E1
1.395600E1	2.791200E4	-4.215983E0	2.727985E1	2.760371E1	8.397879E4	8.489942E3	8.515981E1	3.753544E1
1.396000E1	2.792000E4	-1.927410E1	2.149376E1	2.886993E1	8.401188E4	8.232234E3	7.010169E1	4.332153E1
1.396400E1	2.792800E4	-2.860995E1	7.857297E0	2.966928E1	8.404464E4	8.100098E3	6.076585E1	5.695799E1
1.396800E1	2.793600E4	-2.872877E1	-8.610478E0	2.999138E1	8.407668E4	8.006691E3	6.064702E1	7.342576E1
1.397200E1	2.794400E4	-1.965754E1	-2.237312E1	2.978213E1	8.410870E4	8.016272E3	6.971826E1	8.718841E1
1.397600E1	2.795200E4	-4.634262E0	-2.865874E1	2.903101E1	8.414081E4	8.121592E3	8.474153E1	9.347403E1
1.398000E1	2.796000E4	1.110420E1	-2.533275E1	2.765957E1	8.417367E4	8.446000E3	1.004800E2	9.014804E1
1.398400E1	2.796800E4	2.225421E1	-1.370025E1	2.613325E1	8.420838E4	9.007524E3	1.116300E2	7.851554E1
1.398800E1	2.797600E4	2.501445E1	2.509845E0	2.514005E1	8.424573E4	9.422618E3	1.143902E2	6.230544E1
1.399200E1	2.798400E4	1.848166E1	1.770065E1	2.559072E1	8.428376E4	9.271054E3	1.078575E2	4.711464E1
1.399600E1	2.799200E4	4.732118E0	2.656079E1	2.697904E1	8.431990E4	8.743372E3	9.410791E1	3.825450E1
1.400000E1	2.800000E4	-1.144855E1	2.606765E1	2.847089E1	8.435371E4	8.324558E3	7.792725E1	3.874764E1
1.400400E1	2.800800E4	-2.453885E1	1.624528E1	2.942897E1	8.438649E4	8.112270E3	6.483695E1	4.857001E1
1.400800E1	2.801600E4	-3.007424E1	7.304921E-1	3.008311E1	8.441861E4	8.016871E3	5.930155E1	6.408479E1
1.401200E1	2.802400E4	-2.578842E1	-1.526916E1	2.996982E1	8.445063E4	8.007141E3	6.358737E1	8.008445E1
1.401600E1	2.803200E4	-1.358334E1	-2.627864E1	2.958165E1	8.448267E4	8.046531E3	7.579246E1	9.109392E1
1.402000E1	2.804000E4	2.489745E0	-2.844788E1	2.855662E1	8.451500E4	8.224630E3	9.186554E1	9.326317E1
1.402400E1	2.804800E4	1.676651E1	-2.110654E1	2.695556E1	8.454846E4	8.665529E3	1.061423E2	8.592183E1
1.402800E1	2.805600E4	2.447612E1	-6.867951E0	2.542143E1	8.458433E4	9.248253E3	1.138519E2	7.168324E1
1.403200E1	2.806400E4	2.301723E1	9.509947E0	2.490445E1	8.462245E4	9.472963E3	1.123930E2	5.530534E1
1.403600E1	2.807200E4	1.295680E1	2.254140E1	2.599987E1	8.466011E4	9.071781E3	1.023326E2	4.227389E1
1.404000E1	2.808000E4	-2.413770E0	2.746239E1	2.756827E1	8.469502E4	8.492477E3	8.696203E1	3.735289E1
1.404400E1	2.808800E4	-1.777129E1	2.270575E1	2.883348E1	8.472805E4	8.232507E3	7.160451E1	4.210954E1
1.404800E1	2.809600E4	-2.784365E1	9.650938E0	2.946879E1	8.476088E4	8.133705E3	6.153214E1	5.516435E1
1.405200E1	2.810400E4	-2.905702E1	-6.772017E0	2.983573E1	8.479312E4	8.045862E3	6.031877E1	7.158730E1
1.405600E1	2.811200E4	-2.082218E1	-2.100467E1	2.957633E1	8.482525E4	8.060921E3	6.855362E1	8.581996E1
1.406000E1	2.812000E4	-6.253544E0	-2.845818E1	2.913717E1	8.485761E4	8.101432E3	8.312225E1	9.327347E1
1.406400E1	2.812800E4	9.594032E0	-2.627170E1	2.796870E1	8.489006E4	8.351078E3	9.896983E1	9.108699E1
1.406800E1	2.813600E4	2.139256E1	-1.530702E1	2.630488E1	8.492442E4	8.905761E3	1.107684E2	8.012231E1
1.407200E1	2.814400E4	2.517336E1	5.745699E-1	2.517992E1	8.496131E4	9.388820E3	1.145492E2	6.424072E1
1.407600E1	2.815200E4	1.958185E1	1.615679E1	2.538683E1	8.499953E4	9.363219E3	1.089577E2	4.865849E1
1.408000E1	2.816000E4	6.327462E0	2.578659E1	2.655156E1	8.503621E4	8.844926E3	9.570326E1	3.902869E1
1.408400E1	2.816800E4	-9.736820E0	2.634308E1	2.808494E1	8.507029E4	8.377251E3	7.963898E1	3.847220E1
1.408800E1	2.817600E4	-2.339687E1	1.748318E1	2.920745E1	8.510323E4	8.156785E3	6.597893E1	4.733211E1
1.409200E1	2.818400E4	-2.990962E1	2.333251E0	3.000049E1	8.513554E4	8.029810E3	5.946618E1	6.248204E1
1.409600E1	2.819200E4	-2.661028E1	-1.383459E1	2.999171E1	8.516747E4	7.990499E3	6.276551E1	7.864988E1
1.410000E1	2.820000E4	-1.512444E1	-2.563872E1	2.976731E1	8.519946E4	8.001132E3	7.425135E1	9.045401E1
1.410400E1	2.820800E4	7.429953E-1	-2.878048E1	2.879007E1	8.523148E4	8.170729E3	9.011879E1	9.359576E1
1.410800E1	2.821600E4	1.543612E1	-2.218552E1	2.702723E1	8.526483E4	8.638117E3	1.048119E2	8.700080E1
1.411200E1	2.822400E4	2.403381E1	-8.471301E0	2.548307E1	8.530058E4	9.254376E3	1.134096E2	7.328659E1
1.411600E1	2.823200E4	2.372332E1	8.105757E0	2.506989E1	8.533886E4	9.514787E3	1.130991E2	5.670953E1
1.412000E1	2.824000E4	1.416823E1	2.157075E1	2.580768E1	8.537670E4	9.121501E3	1.035440E2	4.324453E1
1.412400E1	2.824800E4	-8.797498E-1	2.744157E1	2.745567E1	8.541184E4	8.522897E3	8.849605E1	3.737372E1
1.412800E1	2.825600E4	-1.642840E1	2.356251E1	2.872428E1	8.544489E4	8.242990E3	7.294740E1	4.125278E1
1.413200E1	2.826400E4	-2.730409E1	1.115364E1	2.949436E1	8.547778E4	8.172011E3	6.207170E1	5.366165E1
1.413600E1	2.827200E4	-2.953258E1	-5.346382E0	3.001262E1	8.551026E4	8.033789E3	5.984321E1	7.016167E1
1.414000E1	2.828000E4	-2.221718E1	-2.003989E1	2.991989E1	8.554205E4	7.977304E3	6.715862E1	8.485517E1
1.414400E1	2.828800E4	-8.060687E0	-2.825934E1	2.938648E1	8.557408E4	8.088279E3	8.131511E1	9.307463E1
1.414800E1	2.829600E4	8.118922E0	-2.696484E1	2.816060E1	8.560676E4	8.353409E3	9.749472E1	9.178012E1
1.415200E1	2.830400E4	2.058682E1	-1.672627E1	2.652519E1	8.564091E4	8.875414E3	1.099626E2	8.154156E1
1.415600E1	2.831200E4	2.510781E1	-9.821035E-1	2.512701E1	8.567776E4	9.405481E3	1.144836E2	6.579739E1
1.416000E1	2.832000E4	2.023320E1	1.478183E1	2.505763E1	8.571615E4	9.461112E3	1.096090E2	5.003345E1
1.416400E1	2.832800E4	7.486715E0	2.519218E1	2.628111E1	8.575345E4	8.968129E3	9.686251E1	3.962311E1
1.416800E1	2.833600E4	-8.603853E0	2.664457E1	2.799927E1	8.578790E4	8.421677E3	8.077194E1	3.817072E1
1.417200E1	2.834400E4	-2.265105E1	1.845906E1	2.921998E1	8.582082E4	8.150157E3	6.672475E1	4.635622E1
1.417600E1	2.835200E4	-2.982001E1	3.610123E0	3.003774E1	8.585310E4	8.002218E3	5.955579E1	6.120516E1
1.418000E1	2.836000E4	-2.737690E1	-1.267314E1	3.016792E1	8.588484E4	7.952128E3	6.199889E1	7.748842E1
1.418400E1	2.836800E4	-1.636277E1	-2.492338E1	2.981468E1	8.591671E4	7.984944E3	7.301302E1	8.973866E1
1.418800E1	2.837600E4	-6.466224E-1	-2.893068E1	2.893791E1	8.594872E4	8.142448E3	8.872917E1	9.374597E1
1.419200E1	2.838400E4	1.447109E1	-2.329066E1	2.742020E1	8.598185E4	8.579845E3	1.038469E2	8.810595E1
1.419600E1	2.839200E4	2.365142E1	-9.865304E0	2.562643E1	8.601736E4	9.195624E3	1.130272E2	7.468059E1
1.420000E1	2.840000E4	2.387693E1	6.585208E0	2.476838E1	8.605542E4	9.555745E3	1.132527E2	5.823008E1
1.420400E1	2.840800E4	1.504179E1	2.055525E1	2.547104E1	8.609380E4	9.255594E3	1.044176E2	4.426003E1
1.420800E1	2.841600E4	2.543783E-1	2.716555E1	2.716674E1	8.612946E4	8.640428E3	8.963017E1	3.764973E1
1.421200E1	2.842400E4	-1.546940E1	2.388668E1	2.845832E1	8.616293E4	8.310718E3	7.390639E1	4.092861E1
1.421600E1	2.843200E4	-2.683713E1	1.197716E1	2.938849E1	8.619595E4	8.162517E3	6.253867E1	5.283813E1
1.422000E1	2.844000E4	-2.966925E1	-4.290147E0	2.997782E1	8.622823E4	8.028462E3	5.970655E1	6.910543E1
1.422400E1	2.844800E4	-2.299152E1	-1.941349E1	3.009142E1	8.626018E4	7.979692E3	6.638427E1	8.422878E1
1.422800E1	2.845600E4	-9.112135E0	-2.815362E1	2.959150E1	8.629207E4	8.033927E3	8.026366E1	9.296890E1
1.423200E1	2.846400E4	7.118446E0	-2.762769E1	2.853001E1	8.632445E4	8.259778E3	9.649424E1	9.244298E1
1.423600E1	2.847200E4	1.999246E1	-1.791073E1	2.684200E1	8.635814E4	8.728583E3	1.093683E2	8.272602E1
1.424000E1	2.848000E4	2.531344E1	-2.536869E0	2.544024E1	8.639428E4	9.313254E3	1.146892E2	6.735216E1
1.424400E1	2.848800E4	2.119299E1	1.357939E1	2.517027E1	8.643265E4	9.467334E3	1.105688E2	5.123590E1
1.424800E1	2.849600E4	8.955350E0	2.462560E1	2.620341E1	8.647002E4	8.997617E3	9.833115E1	4.018968E1
1.425200E1	2.850400E4	-6.994409E0	2.679324E1	2.769114E1	8.650463E4	8.486975E3	8.238139E1	3.802205E1
1.425600E1	2.851200E4	-2.133351E1	1.926853E1	2.874709E1	8.653791E4	8.241692E3	6.804229E1	4.554675E1
1.426000E1	2.852000E4	-2.934453E1	4.876818E0	2.974701E1	8.657056E4	8.100851E3	6.003127E1	5.993847E1
1.426400E1	2.852800E4	-2.775192E1	-1.161930E1	3.008616E1	8.660272E4	7.999201E3	6.162388E1	7.643458E1
1.426800E1	2.853600E4	-1.735077E1	-2.437684E1	2.992122E1	8.663456E4	7.948729E3	7.202502E1	8.919212E1
1.427200E1	2.854400E4	-1.873154E0	-2.903009E1	2.909046E1	8.666631E4	8.084994E3	8.750264E1	9.384538E1
1.427600E1	2.855200E4	1.354544E1	-2.419929E1	2.773238E1	8.669924E4	8.478759E3	1.029212E2	8.901458E1
1.428000E1	2.856000E4	2.338272E1	-1.133478E1	2.598516E1	8.673414E4	9.076120E3	1.127585E2	7.615006E1
1.428400E1	2.856800E4	2.451163E1	5.141592E0	2.504508E1	8.677185E4	9.469586E3	1.138874E2	5.967369E1
1.428800E1	2.857600E4	1.640407E1	1.947694E1	2.546458E1	8.680989E4	9.263748E3	1.057799E2	4.533835E1
1.429200E1	2.858400E4	1.901846E0	2.690520E1	2.697233E1	8.684596E4	8.683791E3	9.127764E1	3.791009E1
1.429600E1	2.859200E4	-1.383180E1	2.458237E1	2.820659E1	8.687937E4	8.319502E3	7.554400E1	4.023292E1
1.430000E1	2.860000E4	-2.581079E1	1.342899E1	2.909527E1	8.691251E4	8.189930E3	6.356500E1	5.138630E1
1.430400E1	2.860800E4	-2.959485E1	-2.529192E0	2.970272E1	8.694488E4	8.086564E3	5.978095E1	6.734448E1
1.430800E1	2.861600E4	-2.372062E1	-1.800832E1	2.978200E1	8.697721E4	8.069375E3	6.565517E1	8.282361E1
1.431200E1	2.862400E4	-1.036176E1	-2.762508E1	2.950443E1	8.700944E4	8.041706E3	7.901403E1	9.244037E1
1.431600E1	2.863200E4	5.710975E0	-2.797326E1	2.855028E1	8.704154E4	8.183190E3	9.508677E1	9.278855E1
1.432000E1	2.864000E4	1.901626E1	-1.907930E1	2.693766E1	8.707491E4	8.650980E3	1.083921E2	8.389459E1
1.432400E1	2.864800E4	2.522975E1	-4.110426E0	2.556239E1	8.711075E4	9.226194E3	1.146055E2	6.892571E1
1.432800E1	2.865600E4	2.204808E1	1.207834E1	2.513969E1	8.714871E4	9.437830E3	1.114239E2	5.273694E1
1.433200E1	2.866400E4	1.045217E1	2.375359E1	2.595151E1	8.718625E4	9.098004E3	9.982797E1	4.106169E1
1.433600E1	2.867200E4	-5.465460E0	2.686654E1	2.741682E1	8.722150E4	8.588717E3	8.391034E1	3.794875E1
1.434000E1	2.868000E4	-2.025657E1	2.028554E1	2.866760E1	8.725496E4	8.259738E3	6.911923E1	4.452975E1
1.434400E1	2.868800E4	-2.912638E1	6.416279E0	2.982473E1	8.728758E4	8.058331E3	6.024942E1	5.839901E1
1.434800E1	2.869600E4	-2.850653E1	-1.005311E1	3.022727E1	8.731943E4	7.943583E3	6.086926E1	7.486840E1
1.435200E1	2.870400E4	-1.897168E1	-2.353315E1	3.022803E1	8.735113E4	7.927153E3	7.040412E1	8.834844E1
1.435600E1	2.871200E4	-3.656329E0	-2.911826E1	2.934692E1	8.738284E4	8.041373E3	8.571947E1	9.393354E1
1.436000E1	2.872000E4	1.197998E1	-2.516589E1	2.787188E1	8.741546E4	8.419233E3	1.013558E2	8.998117E1
1.436400E1	2.872800E4	2.270894E1	-1.300722E1	2.617028E1	8.745020E4	9.019804E3	1.120847E2	7.782251E1
1.436800E1	2.873600E4	2.472572E1	3.305600E0	2.494570E1	8.748761E4	9.496631E3	1.141015E2	6.150969E1
1.437200E1	2.874400E4	1.749980E1	1.822940E1	2.526963E1	8.752617E4	9.357850E3	1.068756E2	4.658588E1
1.437600E1	2.875200E4	3.514258E0	2.661291E1	2.684394E1	8.756248E4	8.745418E3	9.289005E1	3.820238E1
1.438000E1	2.876000E4	-1.247957E1	2.543667E1	2.833309E1	8.759613E4	8.324298E3	7.689623E1	3.937861E1
1.438400E1	2.876800E4	-2.512655E1	1.505464E1	2.929140E1	8.762907E4	8.167028E3	6.424924E1	4.976064E1
1.438800E1	2.877600E4	-3.010412E1	-7.722132E-1	3.011402E1	8.766147E4	8.002302E3	5.927168E1	6.558750E1
1.439200E1	2.878400E4	-2.512164E1	-1.637057E1	2.998487E1	8.769309E4	7.936937E3	6.425416E1	8.118586E1
1.439600E1	2.879200E4	-1.253697E1	-2.684266E1	2.962607E1	8.772496E4	8.031616E3	7.683883E1	9.165795E1
1.440000E1	2.880000E4	3.663661E0	-2.842889E1	2.866399E1	8.775734E4	8.223526E3	9.303946E1	9.324417E1
1.440400E1	2.880800E4	1.752419E1	-2.033560E1	2.684462E1	8.779075E4	8.701577E3	1.069000E2	8.515088E1
1.440800E1	2.881600E4	2.452816E1	-5.682655E0	2.517783E1	8.782696E4	9.374919E3	1.139040E2	7.049794E1
1.441200E1	2.882400E4	2.230472E1	1.075970E1	2.476432E1	8.786575E4	9.570441E3	1.116805E2	5.405559E1
1.441600E1	2.883200E4	1.150794E1	2.310099E1	2.580869E1	8.790352E4	9.140852E3	1.008837E2	4.171430E1
1.442000E1	2.884000E4	-4.242747E0	2.715790E1	2.748732E1	8.793888E4	8.561979E3	8.513305E1	3.765738E1
1.442400E1	2.884800E4	-1.937480E1	2.150637E1	2.894662E1	8.797202E4	8.175996E3	7.000099E1	4.330892E1
1.442800E1	2.885600E4	-2.891501E1	8.134592E0	3.003746E1	8.800429E4	7.995391E3	6.046079E1	5.668069E1
1.443200E1	2.886400E4	-2.930551E1	-8.391266E0	3.048321E1	8.803598E4	7.892280E3	6.007029E1	7.320655E1
1.443600E1	2.887200E4	-2.055442E1	-2.237273E1	3.038130E1	8.806743E4	7.871707E3	6.882137E1	8.718801E1
1.444000E1	2.888000E4	-5.663697E0	-2.900759E1	2.955533E1	8.809895E4	8.004304E3	8.371210E1	9.382287E1
1.444400E1	2.888800E4	1.023588E1	-2.603870E1	2.797833E1	8.813146E4	8.386279E3	9.961167E1	9.085399E1
1.444800E1	2.889600E4	2.160063E1	-1.454662E1	2.604211E1	8.816604E4	9.051717E3	1.109764E2	7.936191E1
1.445200E1	2.890400E4	2.461662E1	1.666817E0	2.467299E1	8.820387E4	9.579941E3	1.139924E2	6.314847E1
1.445600E1	2.891200E4	1.833096E1	1.690455E1	2.493567E1	8.824268E4	9.439157E3	1.077068E2	4.791073E1
1.446000E1	2.892000E4	4.869144E0	2.598518E1	2.643744E1	8.827939E4	8.876371E3	9.424494E1	3.883011E1
1.446400E1	2.892800E4	-1.127665E1	2.569773E1	2.806308E1	8.831369E4	8.382157E3	7.809914E1	3.911756E1
1.446800E1	2.893600E4	-2.448239E1	1.623888E1	2.937837E1	8.834644E4	8.070402E3	6.489341E1	4.857641E1
1.447200E1	2.894400E4	-3.018670E1	9.191249E-1	3.020069E1	8.837826E4	7.947358E3	5.918909E1	6.389616E1
1.447600E1	2.895200E4	-2.635503E1	-1.523021E1	3.043923E1	8.841002E4	7.926362E3	6.302076E1	8.004549E1
1.448000E1	2.896000E4	-1.427078E1	-2.646708E1	3.006928E1	8.844167E4	7.919628E3	7.510501E1	9.128236E1
1.448400E1	2.896800E4	1.702989E0	-2.883419E1	2.888444E1	8.847338E4	8.121158E3	9.107879E1	9.364948E1
1.448800E1	2.897600E4	1.612794E1	-2.168768E1	2.702713E1	8.850664E4	8.661010E3	1.055037E2	8.650296E1
1.449200E1	2.898400E4	2.403640E1	-7.501175E0	2.517967E1	8.854267E4	9.333311E3	1.134122E2	7.231646E1
1.449600E1	2.899200E4	2.290234E1	8.930467E0	2.458192E1	8.858130E4	9.594395E3	1.122781E2	5.588482E1
1.450000E1	2.900000E4	1.297874E1	2.196622E1	2.551397E1	8.861942E4	9.226474E3	1.023545E2	4.284906E1
1.450400E1	2.900800E4	-2.418095E0	2.701734E1	2.712533E1	8.865511E4	8.622722E3	8.695770E1	3.779795E1
1.450800E1	2.901600E4	-1.781918E1	2.247813E1	2.868431E1	8.868841E4	8.230724E3	7.155662E1	4.233716E1
1.451200E1	2.902400E4	-2.813484E1	9.709452E0	2.976311E1	8.872096E4	8.039330E3	6.124096E1	5.510583E1
1.451600E1	2.903200E4	-2.972195E1	-6.708871E0	3.046971E1	8.875272E4	7.901713E3	5.965385E1	7.152416E1
1.452000E1	2.904000E4	-2.175650E1	-2.113802E1	3.033416E1	8.878417E4	7.887325E3	6.761929E1	8.595331E1
1.452400E1	2.904800E4	-7.263359E0	-2.874312E1	2.964664E1	8.881582E4	7.980058E3	8.211244E1	9.355841E1
1.452800E1	2.905600E4	8.700103E0	-2.675330E1	2.813238E1	8.884801E4	8.323357E3	9.807590E1	9.156858E1
1.453200E1	2.906400E4	2.069095E1	-1.593121E1	2.611358E1	8.888241E4	8.977013E3	1.100667E2	8.074650E1
1.453600E1	2.907200E4	2.477660E1	-7.329922E-2	2.477670E1	8.891983E4	9.532488E3	1.141524E2	6.488859E1
1.454000E1	2.908000E4	1.939146E1	1.551608E1	2.483501E1	8.895867E4	9.491516E3	1.087673E2	4.929920E1
1.454400E1	2.908800E4	6.486979E0	2.556615E1	2.637630E1	8.899576E4	8.885958E3	9.586278E1	3.924913E1
1.454800E1	2.909600E4	-9.507181E0	2.647573E1	2.813096E1	8.902975E4	8.327103E3	7.986862E1	3.833956E1
1.455200E1	2.910400E4	-2.326720E1	1.793145E1	2.937515E1	8.906238E4	8.104262E3	6.610860E1	4.688383E1
1.455600E1	2.911200E4	-3.013585E1	2.855667E0	3.027085E1	8.909459E4	7.966462E3	5.923995E1	6.195962E1
1.456000E1	2.912000E4	-2.734913E1	-1.340480E1	3.045757E1	8.912611E4	7.882452E3	6.202666E1	7.822008E1
1.456400E1	2.912800E4	-1.607409E1	-2.537415E1	3.003704E1	8.915765E4	7.940601E3	7.330171E1	9.018944E1
1.456800E1	2.913600E4	-1.840502E-1	-2.896612E1	2.896670E1	8.918964E4	8.122462E3	8.919175E1	9.378141E1
1.457200E1	2.914400E4	1.464895E1	-2.288291E1	2.717019E1	8.922263E4	8.564752E3	1.040247E2	8.769820E1
1.457600E1	2.915200E4	2.345079E1	-9.401510E0	2.526515E1	8.925815E4	9.273290E3	1.128266E2	7.421680E1
1.458000E1	2.916000E4	2.337927E1	7.064165E0	2.442320E1	8.929681E4	9.669754E3	1.127551E2	5.775112E1
1.458400E1	2.916800E4	1.422476E1	2.070644E1	2.512171E1	8.933551E4	9.342969E3	1.036006E2	4.410885E1
1.458800E1	2.917600E4	-7.316517E-1	2.693105E1	2.694099E1	8.937156E4	8.672477E3	8.864414E1	3.788423E1
1.459200E1	2.918400E4	-1.637958E1	2.348673E1	2.863420E1	8.940489E4	8.220210E3	7.299621E1	4.132855E1
1.459600E1	2.919200E4	-2.760280E1	1.153638E1	2.991659E1	8.943732E4	7.966198E3	6.177300E1	5.327891E1
1.460000E1	2.920000E4	-3.023902E1	-4.584772E0	3.058461E1	8.946862E4	7.821199E3	5.913677E1	6.940006E1
1.460400E1	2.920800E4	-2.342708E1	-1.957938E1	3.053163E1	8.949989E4	7.836734E3	6.594872E1	8.439467E1
1.460800E1	2.921600E4	-9.522942E0	-2.815903E1	2.972570E1	8.953132E4	7.952880E3	7.985285E1	9.297431E1
1.461200E1	2.922400E4	6.616519E0	-2.753752E1	2.832125E1	8.956351E4	8.286089E3	9.599232E1	9.235280E1
1.461600E1	2.923200E4	1.939116E1	-1.770409E1	2.625742E1	8.959760E4	8.940522E3	1.087670E2	8.251938E1
1.462000E1	2.924000E4	2.463777E1	-2.140494E0	2.473057E1	8.963503E4	9.552922E3	1.140136E2	6.695578E1
1.462400E1	2.924800E4	2.049654E1	1.383933E1	2.473126E1	8.967403E4	9.550105E3	1.098723E2	5.097595E1
1.462800E1	2.925600E4	8.319854E0	2.477276E1	2.613254E1	8.971144E4	8.951629E3	9.769565E1	4.004253E1
1.463200E1	2.926400E4	-7.536670E0	2.692004E1	2.795514E1	8.974564E4	8.352631E3	8.183913E1	3.789525E1
1.463600E1	2.927200E4	-2.177810E1	1.943320E1	2.918792E1	8.977826E4	8.103232E3	6.759770E1	4.538209E1
1.464000E1	2.928000E4	-2.962015E1	4.974654E0	3.003499E1	8.981047E4	8.002697E3	5.975564E1	5.984063E1
1.464400E1	2.928800E4	-2.806983E1	-1.149978E1	3.033414E1	8.984228E4	7.932499E3	6.130597E1	7.631507E1
1.464800E1	2.929600E4	-1.766833E1	-2.425265E1	3.000602E1	8.987393E4	7.933692E3	7.170747E1	8.906794E1
1.465200E1	2.930400E4	-2.160639E0	-2.905912E1	2.913934E1	8.990575E4	8.071537E3	8.721516E1	9.387441E1
1.465600E1	2.931200E4	1.315188E1	-2.422422E1	2.756420E1	8.993850E4	8.487150E3	1.025277E2	8.903951E1
1.466000E1	2.932000E4	2.310896E1	-1.144883E1	2.578953E1	8.997364E4	9.117963E3	1.124848E2	7.626411E1
1.466400E1	2.932800E4	2.430906E1	4.920220E0	2.480199E1	9.001144E4	9.533465E3	1.136849E2	5.989507E1
1.466800E1	2.933600E4	1.624851E1	1.930436E1	2.523237E1	9.004991E4	9.349954E3	1.056243E2	4.551093E1
1.467200E1	2.934400E4	1.760059E0	2.679509E1	2.685283E1	9.008624E4	8.755946E3	9.113586E1	3.802020E1
1.467600E1	2.935200E4	-1.423209E1	2.469030E1	2.849848E1	9.011996E4	8.298698E3	7.514371E1	4.012499E1
1.468000E1	2.936000E4	-2.639015E1	1.366097E1	2.971636E1	9.015263E4	8.037494E3	6.298565E1	5.115431E1
1.468400E1	2.936800E4	-3.037592E1	-2.262728E0	3.046007E1	9.018426E4	7.885164E3	5.899988E1	6.707801E1
1.468800E1	2.937600E4	-2.478487E1	-1.781812E1	3.052499E1	9.021571E4	7.868506E3	6.459093E1	8.263340E1
1.469200E1	2.938400E4	-1.151676E1	-2.740827E1	2.972960E1	9.024721E4	7.949574E3	7.785903E1	9.222355E1
1.469600E1	2.939200E4	4.607572E0	-2.810794E1	2.848309E1	9.027931E4	8.227841E3	9.398337E1	9.292323E1
1.470000E1	2.940000E4	1.814761E1	-1.943988E1	2.659407E1	9.031303E4	8.805544E3	1.075234E2	8.425517E1
1.470400E1	2.940800E4	2.462874E1	-4.451949E0	2.502788E1	9.034975E4	9.447588E3	1.140045E2	6.926724E1
1.470800E1	2.941600E4	2.177431E1	1.187747E1	2.480313E1	9.038861E4	9.551117E3	1.111501E2	5.293781E1
1.471200E1	2.942400E4	1.049222E1	2.374712E1	2.596175E1	9.042616E4	9.020923E3	9.986802E1	4.106817E1
1.471600E1	2.943200E4	-5.182863E0	2.722370E1	2.771267E1	9.046078E4	8.418715E3	8.419293E1	3.759159E1
1.472000E1	2.944000E4	-2.008380E1	2.115475E1	2.916989E1	9.049351E4	8.140463E3	6.929200E1	4.366054E1
1.472400E1	2.944800E4	-2.898547E1	7.279190E0	2.988552E1	9.052590E4	8.017637E3	6.039032E1	5.753610E1
1.472800E1	2.945600E4	-2.867032E1	-9.124219E0	3.008719E1	9.055765E4	7.955703E3	6.070547E1	7.393951E1
1.473200E1	2.946400E4	-1.944138E1	-2.280186E1	2.996485E1	9.058955E4	7.966552E3	6.993441E1	8.761715E1
1.473600E1	2.947200E4	-4.352573E0	-2.873219E1	2.906000E1	9.062139E4	8.066582E3	8.502322E1	9.354747E1
1.474000E1	2.948000E4	1.123802E1	-2.514528E1	2.754229E1	9.065408E4	8.447145E3	1.006138E2	8.996056E1
1.474400E1	2.948800E4	2.220177E1	-1.335966E1	2.591137E1	9.068896E4	9.054479E3	1.115776E2	7.817495E1
1.474800E1	2.949600E4	2.472532E1	2.824452E0	2.488612E1	9.072652E4	9.506091E3	1.141011E2	6.199083E1
1.475200E1	2.950400E4	1.782155E1	1.782887E1	2.520865E1	9.076501E4	9.368548E3	1.071973E2	4.698641E1
1.475600E1	2.951200E4	3.974068E0	2.648112E1	2.677766E1	9.080147E4	8.737298E3	9.334986E1	3.833417E1
1.476000E1	2.952000E4	-1.198838E1	2.581477E1	2.846267E1	9.083491E4	8.243296E3	7.738742E1	3.900051E1
1.476400E1	2.952800E4	-2.486296E1	1.589345E1	2.950879E1	9.086741E4	8.048587E3	6.451284E1	4.892184E1
1.476800E1	2.953600E4	-3.022247E1	3.698640E-1	3.022473E1	9.089930E4	7.933066E3	5.915333E1	6.444542E1
1.477200E1	2.954400E4	-2.597919E1	-1.553351E1	3.026894E1	9.093088E4	7.925641E3	6.339660E1	8.034880E1
1.477600E1	2.955200E4	-1.363125E1	-2.641455E1	2.972439E1	9.096270E4	8.007658E3	7.574455E1	9.122983E1
1.478000E1	2.956000E4	2.458195E0	-2.845551E1	2.856149E1	9.099494E4	8.197941E3	9.183399E1	9.327080E1
1.478400E1	2.956800E4	1.667459E1	-2.112316E1	2.691152E1	9.102829E4	8.655954E3	1.060504E2	8.593845E1
1.478800E1	2.957600E4	2.439195E1	-6.909122E0	2.535159E1	9.106419E4	9.251702E3	1.137677E2	7.172441E1
1.479200E1	2.958400E4	2.299678E1	9.432189E0	2.485594E1	9.110230E4	9.468229E3	1.123726E2	5.538310E1
1.479600E1	2.959200E4	1.302377E1	2.249508E1	2.599321E1	9.113993E4	9.053241E3	1.023996E2	4.232021E1
1.480000E1	2.960000E4	-2.271134E0	2.746557E1	2.755931E1	9.117473E4	8.472557E3	8.710466E1	3.734972E1
1.480400E1	2.960800E4	-1.765096E1	2.282838E1	2.885639E1	9.120771E4	8.203959E3	7.172483E1	4.198691E1
1.480800E1	2.961600E4	-2.781482E1	9.926998E0	2.953319E1	9.124036E4	8.086089E3	6.156098E1	5.488829E1
1.481200E1	2.962400E4	-2.923756E1	-6.428297E0	2.993590E1	9.127240E4	7.997330E3	6.013823E1	7.124358E1
1.481600E1	2.963200E4	-2.136835E1	-2.087972E1	2.987590E1	9.130434E4	7.989297E3	6.800744E1	8.569501E1
1.482000E1	2.964000E4	-6.937076E0	-2.848810E1	2.932056E1	9.133631E4	8.064608E3	8.243872E1	9.330339E1
1.482400E1	2.964800E4	9.060144E0	-2.653166E1	2.803596E1	9.136885E4	8.342030E3	9.843594E1	9.134694E1
1.482800E1	2.965600E4	2.107762E1	-1.585395E1	2.637450E1	9.140305E4	8.832429E3	1.104534E2	8.066924E1
1.483200E1	2.966400E4	2.521791E1	-2.140589E-1	2.521882E1	9.143951E4	9.332412E3	1.145937E2	6.502935E1
1.483600E1	2.967200E4	1.989141E1	1.537932E1	2.514342E1	9.147771E4	9.367357E3	1.092672E2	4.943596E1
1.484000E1	2.968000E4	7.101670E0	2.552563E1	2.649512E1	9.151445E4	8.842039E3	9.647747E1	3.928966E1
1.484400E1	2.968800E4	-8.862179E0	2.656911E1	2.800814E1	9.154845E4	8.361121E3	8.051362E1	3.824618E1
1.484800E1	2.969600E4	-2.268702E1	1.814877E1	2.905303E1	9.158134E4	8.187161E3	6.668878E1	4.666651E1
1.485200E1	2.970400E4	-2.961076E1	3.141735E0	2.977696E1	9.161394E4	8.089490E3	5.976504E1	6.167355E1
1.485600E1	2.971200E4	-2.695264E1	-1.317913E1	3.000223E1	9.164606E4	7.993081E3	6.242316E1	7.799441E1
1.486000E1	2.972000E4	-1.586837E1	-2.528474E1	2.985169E1	9.167789E4	7.965312E3	7.350742E1	9.010003E1
1.486400E1	2.972800E4	-1.116927E-1	-2.907581E1	2.907602E1	9.170978E4	8.099737E3	8.926410E1	9.389110E1
1.486800E1	2.973600E4	1.498132E1	-2.334830E1	2.774136E1	9.174269E4	8.465090E3	1.043571E2	8.816359E1
1.487200E1	2.974400E4	2.417713E1	-1.001419E1	2.616902E1	9.177750E4	8.994709E3	1.135529E2	7.482948E1
1.487600E1	2.975200E4	2.445256E1	6.389346E0	2.527353E1	9.181464E4	9.360777E3	1.138284E2	5.842594E1
1.488000E1	2.976000E4	1.575825E1	2.045279E1	2.581935E1	9.185239E4	9.180569E3	1.051341E2	4.436250E1
1.488400E1	2.976800E4	9.051962E-1	2.711939E1	2.713450E1	9.188809E4	8.646194E3	9.028099E1	3.769589E1
1.488800E1	2.977600E4	-1.473564E1	2.399335E1	2.815706E1	9.192156E4	8.342690E3	7.464015E1	4.082193E1
1.489200E1	2.978400E4	-2.618282E1	1.230407E1	2.892974E1	9.195483E4	8.202187E3	6.319298E1	5.251122E1
1.489600E1	2.979200E4	-2.947630E1	-3.710074E0	2.970887E1	9.198717E4	8.062545E3	5.989949E1	6.852536E1
1.490000E1	2.980000E4	-2.301372E1	-1.885675E1	2.975245E1	9.201933E4	8.034575E3	6.636207E1	8.367204E1
1.490400E1	2.980800E4	-9.392118E0	-2.798967E1	2.952344E1	9.205145E4	7.987533E3	7.998368E1	9.280496E1
1.490800E1	2.981600E4	6.561265E0	-2.790742E1	2.866835E1	9.208323E4	8.120930E3	9.593706E1	9.272271E1
1.491200E1	2.982400E4	1.957261E1	-1.862707E1	2.701953E1	9.211642E4	8.646624E3	1.089484E2	8.344236E1
1.491600E1	2.983200E4	2.521291E1	-3.362589E0	2.543615E1	9.215240E4	9.272933E3	1.145887E2	6.817788E1
1.492000E1	2.984000E4	2.158702E1	1.276724E1	2.507991E1	9.219060E4	9.456260E3	1.109628E2	5.204805E1
1.492400E1	2.984800E4	9.704725E0	2.408475E1	2.596646E1	9.222805E4	9.056133E3	9.908052E1	4.073053E1
1.492800E1	2.985600E4	-6.200555E0	2.675005E1	2.745928E1	9.226305E4	8.525047E3	8.317524E1	3.806524E1
1.493200E1	2.986400E4	-2.082303E1	1.993101E1	2.882436E1	9.229625E4	8.219853E3	6.855277E1	4.488427E1
1.493600E1	2.987200E4	-2.924332E1	5.785409E0	2.981011E1	9.232881E4	8.030852E3	6.013248E1	5.902988E1
1.494000E1	2.988000E4	-2.840293E1	-1.061981E1	3.032337E1	9.236050E4	7.896581E3	6.097287E1	7.543510E1
1.494400E1	2.988800E4	-1.863835E1	-2.384050E1	3.026148E1	9.239198E4	7.861709E3	7.073745E1	8.865578E1
1.494800E1	2.989600E4	-3.393310E0	-2.930229E1	2.949812E1	9.242339E4	7.963054E3	8.598249E1	9.411758E1
1.495200E1	2.990400E4	1.210306E1	-2.516364E1	2.792298E1	9.245569E4	8.361102E3	1.014789E2	8.997892E1
1.495600E1	2.991200E4	2.262123E1	-1.291172E1	2.604674E1	9.249028E4	9.006740E3	1.119970E2	7.772701E1
1.496000E1	2.992000E4	2.450841E1	3.331210E0	2.473376E1	9.252774E4	9.497787E3	1.138842E2	6.148408E1
1.496400E1	2.992800E4	1.736494E1	1.814946E1	2.511860E1	9.256627E4	9.375778E3	1.067407E2	4.666582E1
1.496800E1	2.993600E4	3.344598E0	2.627786E1	2.648985E1	9.260275E4	8.797189E3	9.272039E1	3.853743E1
1.497200E1	2.994400E4	-1.261888E1	2.515217E1	2.814015E1	9.263664E4	8.359138E3	7.675691E1	3.966312E1
1.497600E1	2.995200E4	-2.517830E1	1.476045E1	2.918592E1	9.266962E4	8.136259E3	6.419749E1	5.005484E1
1.498000E1	2.996000E4	-3.003050E1	-9.086290E-1	3.004424E1	9.270173E4	7.977936E3	5.934530E1	6.572392E1
1.498400E1	2.996800E4	-2.529423E1	-1.670578E1	3.031305E1	9.273344E4	7.913826E3	6.408157E1	8.152107E1
1.498800E1	2.997600E4	-1.264484E1	-2.717101E1	2.996924E1	9.276504E4	7.933490E3	7.673095E1	9.198629E1
1.499200E1	2.998400E4	3.480409E0	-2.871428E1	2.892444E1	9.279691E4	8.119647E3	9.285621E1	9.352956E1
1.499600E1	2.999200E4	1.740834E1	-2.074583E1	2.708209E1	9.283000E4	8.606467E3	1.067841E2	8.556112E1
1.500000E1	3.000000E4	2.457526E1	-6.235502E0	2.535400E1	9.286576E4	9.257665E3	1.139511E2	7.105079E1
1.500400E1	3.000800E4	2.263336E1	1.010646E1	2.478729E1	9.290406E4	9.526953E3	1.120092E2	5.470883E1
1.500800E1	3.001600E4	1.201888E1	2.258365E1	2.558270E1	9.294198E4	9.158715E3	1.013947E2	4.223164E1
1.501200E1	3.002400E4	-3.481068E0	2.705452E1	2.727755E1	9.297733E4	8.568602E3	8.589473E1	3.776077E1
1.501600E1	3.003200E4	-1.866192E1	2.182932E1	2.871910E1	9.301053E4	8.222291E3	7.071388E1	4.298597E1
1.502000E1	3.004000E4	-2.849781E1	8.652745E0	2.978246E1	9.304311E4	8.014744E3	6.087799E1	5.616254E1
1.502400E1	3.004800E4	-2.940438E1	-7.684010E0	3.039180E1	9.307465E4	7.880906E3	5.997142E1	7.249930E1
1.502800E1	3.005600E4	-2.097630E1	-2.184140E1	3.028286E1	9.310616E4	7.880491E3	6.839950E1	8.665669E1
1.503200E1	3.006400E4	-6.331542E0	-2.901248E1	2.969533E1	9.313769E4	7.940013E3	8.304425E1	9.382777E1
1.503600E1	3.007200E4	9.520500E0	-2.662256E1	2.827367E1	9.316968E4	8.280025E3	9.889630E1	9.143784E1
1.504000E1	3.008000E4	2.122384E1	-1.546009E1	2.625768E1	9.320393E4	8.945808E3	1.105996E2	8.027538E1
1.504400E1	3.008800E4	2.484466E1	5.395254E-1	2.485051E1	9.324124E4	9.488469E3	1.142205E2	6.427576E1
1.504800E1	3.009600E4	1.913951E1	1.596740E1	2.492547E1	9.327984E4	9.416970E3	1.085153E2	4.884788E1
1.505200E1	3.010400E4	6.109261E0	2.560394E1	2.632271E1	9.331658E4	8.832483E3	9.548506E1	3.921134E1
1.505600E1	3.011200E4	-9.786450E0	2.617939E1	2.794879E1	9.335050E4	8.341984E3	7.958935E1	3.863590E1
1.506000E1	3.012000E4	-2.334689E1	1.739231E1	2.911305E1	9.338332E4	8.133238E3	6.602890E1	4.742298E1
1.506400E1	3.012800E4	-2.987965E1	2.318633E0	2.996947E1	9.341556E4	7.994970E3	5.949615E1	6.249665E1
1.506800E1	3.013600E4	-2.671766E1	-1.377551E1	3.005991E1	9.344728E4	7.949210E3	6.265813E1	7.859079E1
1.507200E1	3.014400E4	-1.520831E1	-2.546816E1	2.966345E1	9.347916E4	7.980577E3	7.416749E1	9.028345E1
1.507600E1	3.015200E4	5.612555E-1	-2.870740E1	2.871288E1	9.351112E4	8.153221E3	8.993705E1	9.352269E1
1.508000E1	3.016000E4	1.528054E1	-2.233152E1	2.705904E1	9.354438E4	8.589171E3	1.046563E2	8.714680E1
1.508400E1	3.016800E4	2.392131E1	-8.785494E0	2.548360E1	9.357983E4	9.218855E3	1.132971E2	7.360078E1
1.508800E1	3.017600E4	2.377504E1	7.786074E0	2.501750E1	9.361813E4	9.503418E3	1.131508E2	5.702921E1
1.509200E1	3.018400E4	1.448536E1	2.136325E1	2.581112E1	9.365586E4	9.124368E3	1.038612E2	4.345204E1
1.509600E1	3.019200E4	-5.415401E-1	2.750299E1	2.750833E1	9.369113E4	8.522393E3	8.883426E1	3.731229E1
1.510000E1	3.020000E4	-1.620220E1	2.398470E1	2.894438E1	9.372404E4	8.170823E3	7.317360E1	4.083058E1
1.510400E1	3.020800E4	-2.738188E1	1.190905E1	2.985955E1	9.375649E4	8.026830E3	6.199392E1	5.290624E1
1.510800E1	3.021600E4	-2.998290E1	-4.349739E0	3.029678E1	9.378825E4	7.935115E3	5.939289E1	6.916503E1
1.511200E1	3.022400E4	-2.308059E1	-1.935012E1	3.011877E1	9.381998E4	7.963440E3	6.629521E1	8.416540E1
1.511600E1	3.023200E4	-9.094547E0	-2.792720E1	2.937072E1	9.385196E4	8.064574E3	8.028125E1	9.274249E1
1.512000E1	3.024000E4	7.054482E0	-2.729315E1	2.819010E1	9.388449E4	8.309498E3	9.643028E1	9.210844E1
1.512400E1	3.024800E4	1.988448E1	-1.763067E1	2.657505E1	9.391844E4	8.810623E3	1.092603E2	8.244596E1
1.512800E1	3.025600E4	2.526086E1	-2.220214E0	2.535824E1	9.395498E4	9.312506E3	1.146367E2	6.703550E1
1.513200E1	3.026400E4	2.125627E1	1.377135E1	2.532744E1	9.399294E4	9.334550E3	1.106321E2	5.104393E1
1.513600E1	3.027200E4	9.187222E0	2.477448E1	2.642309E1	9.402965E4	8.860659E3	9.856302E1	4.004081E1
1.514000E1	3.028000E4	-6.655472E0	2.704862E1	2.785539E1	9.406382E4	8.390050E3	8.272032E1	3.776667E1
1.514400E1	3.028800E4	-2.098088E1	1.972035E1	2.879392E1	9.409677E4	8.200862E3	6.839492E1	4.509494E1
1.514800E1	3.029600E4	-2.897206E1	5.406139E0	2.947213E1	9.412943E4	8.107361E3	6.040374E1	5.940915E1
1.515200E1	3.030400E4	-2.753719E1	-1.092098E1	2.962371E1	9.416163E4	8.055389E3	6.183861E1	7.573626E1
1.515600E1	3.031200E4	-1.749970E1	-2.397466E1	2.968205E1	9.419387E4	8.002300E3	7.187610E1	8.878995E1
1.516000E1	3.032000E4	-2.214595E0	-2.912129E1	2.920538E1	9.422565E4	8.028756E3	8.716120E1	9.393658E1
1.516400E1	3.032800E4	1.312078E1	-2.456951E1	2.785347E1	9.425810E4	8.369184E3	1.024966E2	8.938480E1
1.516800E1	3.033600E4	2.326100E1	-1.205496E1	2.619917E1	9.429260E4	8.951913E3	1.126368E2	7.687025E1
1.517200E1	3.034400E4	2.476778E1	4.241965E0	2.512841E1	9.432972E4	9.386112E3	1.141436E2	6.057332E1
1.517600E1	3.035200E4	1.713499E1	1.882686E1	2.545699E1	9.436769E4	9.248640E3	1.065108E2	4.598843E1
1.518000E1	3.036000E4	2.943605E0	2.669634E1	2.685813E1	9.440371E4	8.704793E3	9.231940E1	3.811895E1
1.518400E1	3.036800E4	-1.296169E1	2.507856E1	2.823012E1	9.443733E4	8.325311E3	7.641410E1	3.973673E1
1.518800E1	3.037600E4	-2.528546E1	1.441653E1	2.910654E1	9.447031E4	8.139317E3	6.409033E1	5.039876E1
1.519200E1	3.038400E4	-2.986329E1	-1.275886E0	2.989053E1	9.450245E4	8.018665E3	5.951251E1	6.609117E1
1.519600E1	3.039200E4	-2.470809E1	-1.695579E1	2.996646E1	9.453446E4	7.986674E3	6.466771E1	8.177108E1
1.520000E1	3.040000E4	-1.194218E1	-2.725650E1	2.975789E1	9.456634E4	7.993486E3	7.743362E1	9.207178E1
1.520400E1	3.040800E4	4.212694E0	-2.850235E1	2.881199E1	9.459841E4	8.143537E3	9.358849E1	9.331763E1
1.520800E1	3.041600E4	1.804187E1	-2.040114E1	2.723445E1	9.463149E4	8.563104E3	1.074177E2	8.521643E1
1.521200E1	3.042400E4	2.516809E1	-5.851068E0	2.583927E1	9.466691E4	9.095208E3	1.145439E2	7.066635E1
1.521600E1	3.043200E4	2.303950E1	1.037844E1	2.526917E1	9.470425E4	9.313369E3	1.124153E2	5.443685E1
1.522000E1	3.044000E4	1.247976E1	2.290789E1	2.608670E1	9.474142E4	9.014378E3	1.018556E2	4.190740E1
1.522400E1	3.044800E4	-3.033672E0	2.719656E1	2.736524E1	9.477636E4	8.529208E3	8.634212E1	3.761872E1
1.522800E1	3.045600E4	-1.812870E1	2.187261E1	2.840881E1	9.480965E4	8.306522E3	7.124710E1	4.294268E1
1.523200E1	3.046400E4	-2.791443E1	8.631893E0	2.921858E1	9.484282E4	8.185745E3	6.146136E1	5.618339E1
1.523600E1	3.047200E4	-2.863426E1	-7.747007E0	2.966373E1	9.487514E4	8.037352E3	6.074153E1	7.256229E1
1.524000E1	3.048000E4	-2.015663E1	-2.170312E1	2.961950E1	9.490712E4	7.986962E3	6.921917E1	8.651840E1
1.524400E1	3.048800E4	-5.545469E0	-2.862137E1	2.915365E1	9.493903E4	8.038321E3	8.383033E1	9.343666E1
1.524800E1	3.049600E4	1.021588E1	-2.603793E1	2.797031E1	9.497142E4	8.315251E3	9.959168E1	9.085322E1
1.525200E1	3.050400E4	2.183316E1	-1.497374E1	2.647451E1	9.500556E4	8.813677E3	1.112090E2	7.978903E1
1.525600E1	3.051200E4	2.522804E1	8.509094E-1	2.524239E1	9.504193E4	9.314066E3	1.146038E2	6.396438E1
1.526000E1	3.052000E4	1.935222E1	1.627830E1	2.528817E1	9.508007E4	9.322628E3	1.087280E2	4.853698E1
1.526400E1	3.052800E4	6.207391E0	2.588112E1	2.661511E1	9.511651E4	8.788358E3	9.558319E1	3.893417E1
1.526800E1	3.053600E4	-9.763179E0	2.628602E1	2.804059E1	9.515038E4	8.340635E3	7.961262E1	3.852927E1
1.527200E1	3.054400E4	-2.335036E1	1.744424E1	2.914688E1	9.518324E4	8.128636E3	6.602543E1	4.737105E1
1.527600E1	3.055200E4	-2.985010E1	2.398988E0	2.994635E1	9.521541E4	7.975965E3	5.952569E1	6.241630E1
1.528000E1	3.056000E4	-2.671513E1	-1.363883E1	2.999526E1	9.524705E4	7.952436E3	6.266067E1	7.845412E1
1.528400E1	3.056800E4	-1.523987E1	-2.538811E1	2.961098E1	9.527902E4	8.001296E3	7.413593E1	9.020340E1
1.528800E1	3.057600E4	5.289531E-1	-2.869711E1	2.870198E1	9.531106E4	8.163040E3	8.990475E1	9.351239E1
1.529200E1	3.058400E4	1.529055E1	-2.239081E1	2.711363E1	9.534433E4	8.585381E3	1.046663E2	8.720609E1
1.529600E1	3.059200E4	2.407681E1	-8.887646E0	2.566482E1	9.537974E4	9.110252E3	1.134526E2	7.370293E1
1.530000E1	3.060000E4	2.398868E1	7.430764E0	2.511321E1	9.541721E4	9.369644E3	1.133645E2	5.738452E1
1.530400E1	3.060800E4	1.503486E1	2.123149E1	2.601583E1	9.545470E4	9.042833E3	1.044107E2	4.358380E1
1.530800E1	3.061600E4	2.148066E-1	2.757109E1	2.757193E1	9.548955E4	8.479280E3	8.959060E1	3.724419E1
1.531200E1	3.062400E4	-1.541749E1	2.417229E1	2.867052E1	9.552253E4	8.236975E3	7.395830E1	4.064299E1
1.531600E1	3.063200E4	-2.664852E1	1.217285E1	2.929713E1	9.555545E4	8.162608E3	6.272728E1	5.264243E1
1.532000E1	3.064000E4	-2.944188E1	-4.049408E0	2.971905E1	9.558783E4	8.068396E3	5.993392E1	6.886469E1
1.532400E1	3.064800E4	-2.281729E1	-1.914366E1	2.978436E1	9.562000E4	8.026550E3	6.655851E1	8.395895E1
1.532800E1	3.065600E4	-9.042689E0	-2.790289E1	2.933158E1	9.565204E4	8.050621E3	8.033311E1	9.271817E1
1.533200E1	3.066400E4	7.071138E0	-2.753716E1	2.843055E1	9.568440E4	8.238077E3	9.644693E1	9.235244E1
1.533600E1	3.067200E4	1.996727E1	-1.801126E1	2.689047E1	9.571795E4	8.673288E3	1.093431E2	8.282655E1
1.534000E1	3.068000E4	2.541473E1	-2.766371E0	2.556484E1	9.575379E4	9.243238E3	1.147905E2	6.758166E1
1.534400E1	3.068800E4	2.150192E1	1.338075E1	2.532543E1	9.579189E4	9.378534E3	1.108777E2	5.143454E1
1.534800E1	3.069600E4	9.517809E0	2.455888E1	2.633871E1	9.582882E4	8.930300E3	9.889360E1	4.025640E1
1.535200E1	3.070400E4	-6.418257E0	2.707388E1	2.782425E1	9.586334E4	8.435640E3	8.295754E1	3.774141E1
1.535600E1	3.071200E4	-2.089254E1	1.996447E1	2.889772E1	9.589630E4	8.186308E3	6.848326E1	4.485082E1
1.536000E1	3.072000E4	-2.914152E1	5.755873E0	2.970452E1	9.592883E4	8.036173E3	6.023428E1	5.905941E1
1.536400E1	3.072800E4	-2.816421E1	-1.058098E1	3.008620E1	9.596059E4	7.918690E3	6.121159E1	7.539627E1
1.536800E1	3.073600E4	-1.839149E1	-2.369016E1	2.999118E1	9.599218E4	7.907513E3	7.098431E1	8.850545E1
1.537200E1	3.074400E4	-3.110135E0	-2.886738E1	2.903444E1	9.602385E4	8.073383E3	8.626566E1	9.368267E1
1.537600E1	3.075200E4	1.250262E1	-2.479006E1	2.776442E1	9.605676E4	8.468161E3	1.018784E2	8.960535E1
1.538000E1	3.076000E4	2.281744E1	-1.233939E1	2.594024E1	9.609160E4	9.033595E3	1.121932E2	7.715467E1
1.538400E1	3.076800E4	2.463038E1	3.915350E0	2.493964E1	9.612903E4	9.437748E3	1.140062E2	6.089994E1
1.538800E1	3.077600E4	1.727561E1	1.858949E1	2.537747E1	9.616710E4	9.237153E3	1.066514E2	4.622580E1
1.539200E1	3.078400E4	3.315427E0	2.673052E1	2.693535E1	9.620293E4	8.642322E3	9.269122E1	3.808477E1
1.539600E1	3.079200E4	-1.254790E1	2.545965E1	2.838386E1	9.623624E4	8.244328E3	7.682789E1	3.935564E1
1.540000E1	3.080000E4	-2.512827E1	1.516776E1	2.935116E1	9.626888E4	8.123410E3	6.424753E1	4.964753E1
1.540400E1	3.080800E4	-3.005251E1	-6.420355E-1	3.005937E1	9.630122E4	7.990789E3	5.932328E1	6.545732E1
1.540800E1	3.081600E4	-2.518439E1	-1.623680E1	2.996477E1	9.633281E4	7.932879E3	6.419141E1	8.105209E1
1.541200E1	3.082400E4	-1.266048E1	-2.676762E1	2.961069E1	9.636469E4	7.994683E3	7.671531E1	9.158290E1
1.541600E1	3.083200E4	3.353235E0	-2.825520E1	2.845348E1	9.639677E4	8.186075E3	9.272903E1	9.307049E1
1.542000E1	3.084000E4	1.734492E1	-2.054275E1	2.688589E1	9.643018E4	8.651933E3	1.067207E2	8.535804E1
1.542400E1	3.084800E4	2.459951E1	-6.140879E0	2.535442E1	9.646598E4	9.262878E3	1.139753E2	7.095617E1
1.542800E1	3.085600E4	2.262470E1	1.020524E1	2.481983E1	9.650428E4	9.493734E3	1.120005E2	5.461005E1
1.543200E1	3.086400E4	1.220362E1	2.288741E1	2.593766E1	9.654193E4	9.055558E3	1.015794E2	4.192787E1
1.543600E1	3.087200E4	-3.229517E0	2.739670E1	2.758639E1	9.657672E4	8.450274E3	8.614628E1	3.741858E1
1.544000E1	3.088000E4	-1.852868E1	2.244869E1	2.910766E1	9.660954E4	8.116430E3	7.084711E1	4.236660E1
1.544400E1	3.088800E4	-2.850013E1	9.450672E0	3.002620E1	9.664165E4	7.951483E3	6.087567E1	5.536462E1
1.544800E1	3.089600E4	-2.949608E1	-6.889692E0	3.029004E1	9.667315E4	7.888654E3	5.987971E1	7.170498E1
1.545200E1	3.090400E4	-2.138747E1	-2.121175E1	3.012246E1	9.670476E4	7.912552E3	6.798832E1	8.602704E1
1.545600E1	3.091200E4	-6.865687E0	-2.848337E1	2.929915E1	9.673645E4	8.036153E3	8.251011E1	9.329866E1
1.546000E1	3.092000E4	9.082559E0	-2.629879E1	2.782300E1	9.676905E4	8.392749E3	9.845836E1	9.111408E1
1.546400E1	3.092800E4	2.101587E1	-1.550000E1	2.611353E1	9.680359E4	8.953160E3	1.103917E2	8.031528E1
1.546800E1	3.093600E4	2.497375E1	2.956055E-1	2.497550E1	9.684068E4	9.428893E3	1.143495E2	6.451968E1
1.547200E1	3.094400E4	1.971781E1	1.597912E1	2.537960E1	9.687902E4	9.334486E3	1.090936E2	4.883617E1
1.547600E1	3.095200E4	6.740521E0	2.579243E1	2.665866E1	9.691535E4	8.764106E3	9.611632E1	3.902285E1
1.548000E1	3.096000E4	-9.229431E0	2.660222E1	2.815777E1	9.694913E4	8.291911E3	8.014637E1	3.821307E1
1.548400E1	3.096800E4	-2.298934E1	1.816284E1	2.929844E1	9.698169E4	8.116752E3	6.638646E1	4.665245E1
1.548800E1	3.097600E4	-2.972064E1	3.088193E0	2.988065E1	9.701407E4	8.049368E3	5.965516E1	6.172709E1
1.549200E1	3.098400E4	-2.697067E1	-1.320362E1	3.002920E1	9.704608E4	7.986409E3	6.240513E1	7.801891E1
1.549600E1	3.099200E4	-1.579694E1	-2.524028E1	2.977608E1	9.707796E4	7.960348E3	7.357886E1	9.005556E1
1.550000E1	3.100000E4	-1.178670E-1	-2.899136E1	2.899160E1	9.710977E4	8.045971E3	8.925793E1	9.380665E1
1.550400E1	3.100800E4	1.470499E1	-2.323687E1	2.749889E1	9.714233E4	8.438936E3	1.040808E2	8.805215E1
1.550800E1	3.101600E4	2.370154E1	-9.924995E0	2.569569E1	9.717728E4	9.098746E3	1.130773E2	7.474028E1
1.551200E1	3.102400E4	2.382491E1	6.435964E0	2.467890E1	9.721512E4	9.530135E3	1.132007E2	5.837932E1
1.551600E1	3.103200E4	1.503791E1	2.033713E1	2.529303E1	9.725352E4	9.272747E3	1.044137E2	4.447816E1
1.552000E1	3.104000E4	3.309604E-1	2.704221E1	2.704423E1	9.728930E4	8.642687E3	8.970676E1	3.777308E1
1.552400E1	3.104800E4	-1.538398E1	2.399882E1	2.850632E1	9.732266E4	8.238779E3	7.399181E1	4.081647E1
1.552800E1	3.105600E4	-2.688005E1	1.241518E1	2.960867E1	9.735521E4	8.022211E3	6.249575E1	5.240011E1
1.553200E1	3.106400E4	-3.003240E1	-3.601782E0	3.024761E1	9.738684E4	7.882716E3	5.934340E1	6.841707E1
1.553600E1	3.107200E4	-2.372630E1	-1.871826E1	3.022103E1	9.741827E4	7.874696E3	6.564950E1	8.353355E1
1.554000E1	3.108000E4	-1.020896E1	-2.780160E1	2.961674E1	9.744984E4	7.940855E3	7.916684E1	9.261688E1
1.554400E1	3.108800E4	5.792280E0	-2.773184E1	2.833030E1	9.748180E4	8.216165E3	9.516808E1	9.254713E1
1.554800E1	3.109600E4	1.888084E1	-1.851164E1	2.644177E1	9.751557E4	8.795603E3	1.082566E2	8.332693E1
1.555200E1	3.110400E4	2.465964E1	-3.394420E0	2.489216E1	9.755216E4	9.400729E3	1.140354E2	6.820971E1
1.555600E1	3.111200E4	2.137727E1	1.272902E1	2.488003E1	9.759077E4	9.474154E3	1.107531E2	5.208626E1
1.556000E1	3.112000E4	9.843416E0	2.430915E1	2.622647E1	9.762796E4	8.920267E3	9.921921E1	4.050614E1
1.556400E1	3.112800E4	-5.909591E0	2.748696E1	2.811506E1	9.766213E4	8.294972E3	8.346621E1	3.732832E1
1.556800E1	3.113600E4	-2.047887E1	2.097416E1	2.931381E1	9.769432E4	8.041135E3	6.889692E1	4.384113E1
1.557200E1	3.114400E4	-2.920030E1	7.030454E0	3.003473E1	9.772646E4	7.975457E3	6.017550E1	5.778483E1
1.557600E1	3.115200E4	-2.878531E1	-9.419120E0	3.028719E1	9.775812E4	7.918963E3	6.059048E1	7.423441E1
1.558000E1	3.116000E4	-1.933461E1	-2.289113E1	2.996383E1	9.778981E4	7.935066E3	7.004118E1	8.770642E1
1.558400E1	3.116800E4	-4.255214E0	-2.881501E1	2.912750E1	9.782160E4	8.044600E3	8.512058E1	9.363029E1
1.558800E1	3.117600E4	1.124444E1	-2.505362E1	2.746127E1	9.785417E4	8.424125E3	1.006202E2	8.986891E1
1.559200E1	3.118400E4	2.209030E1	-1.327705E1	2.577327E1	9.788899E4	9.047254E3	1.114661E2	7.809234E1
1.559600E1	3.119200E4	2.459926E1	2.824165E0	2.476085E1	9.792655E4	9.496669E3	1.139751E2	6.199112E1
1.560000E1	3.120000E4	1.777605E1	1.775496E1	2.512422E1	9.796497E4	9.351510E3	1.071518E2	4.706032E1
1.560400E1	3.120800E4	4.013823E0	2.641964E1	2.672280E1	9.800136E4	8.710813E3	9.338962E1	3.839565E1
1.560800E1	3.121600E4	-1.186791E1	2.585914E1	2.845246E1	9.803465E4	8.215250E3	7.750788E1	3.895615E1
1.561200E1	3.122400E4	-2.477204E1	1.603596E1	2.950942E1	9.806708E4	8.040159E3	6.460376E1	4.877933E1
1.561600E1	3.123200E4	-3.020569E1	5.410754E-1	3.021053E1	9.809897E4	7.907246E3	5.917011E1	6.427421E1
1.562000E1	3.124000E4	-2.618033E1	-1.532389E1	3.033532E1	9.813034E4	7.850130E3	6.319547E1	8.013918E1
1.562400E1	3.124800E4	-1.413943E1	-2.634212E1	2.989700E1	9.816177E4	7.905424E3	7.523636E1	9.115740E1
1.562800E1	3.125600E4	1.796815E0	-2.868165E1	2.873787E1	9.819358E4	8.137290E3	9.117261E1	9.349693E1
1.563200E1	3.126400E4	1.607445E1	-2.143008E1	2.678873E1	9.822687E4	8.668444E3	1.054502E2	8.624537E1
1.563600E1	3.127200E4	2.406427E1	-7.388303E0	2.517293E1	9.826293E4	9.300497E3	1.134401E2	7.220359E1
1.564000E1	3.128000E4	2.306637E1	8.982587E0	2.475367E1	9.830128E4	9.502883E3	1.124422E2	5.583270E1
1.564400E1	3.128800E4	1.327399E1	2.205267E1	2.573944E1	9.833896E4	9.088719E3	1.026498E2	4.276262E1
1.564800E1	3.129600E4	-1.900695E0	2.727109E1	2.733725E1	9.837399E4	8.486340E3	8.747510E1	3.754420E1
1.565200E1	3.130400E4	-1.725219E1	2.302287E1	2.876962E1	9.840685E4	8.176936E3	7.212361E1	4.179241E1
1.565600E1	3.131200E4	-2.774674E1	1.042802E1	2.964161E1	9.843940E4	8.036788E3	6.162906E1	5.438727E1
1.566000E1	3.132000E4	-2.957285E1	-5.823598E0	3.014080E1	9.847114E4	7.912124E3	5.980295E1	7.063888E1
1.566400E1	3.132800E4	-2.201197E1	-2.031159E1	2.995142E1	9.850270E4	7.940884E3	6.736382E1	8.512688E1
1.566800E1	3.133600E4	-7.742273E0	-2.823790E1	2.928006E1	9.853467E4	8.039628E3	8.163352E1	9.305319E1
1.567200E1	3.134400E4	8.217237E0	-2.684995E1	2.807922E1	9.856702E4	8.288994E3	9.759303E1	9.166523E1
1.567600E1	3.135200E4	2.057907E1	-1.667687E1	2.648804E1	9.860098E4	8.824576E3	1.099549E2	8.149216E1
1.568000E1	3.136000E4	2.512801E1	-1.047478E0	2.514983E1	9.863761E4	9.348297E3	1.145038E2	6.586276E1
1.568400E1	3.136800E4	2.041971E1	1.470861E1	2.516561E1	9.867577E4	9.388265E3	1.097955E2	5.010667E1
1.568800E1	3.137600E4	7.825588E0	2.515458E1	2.634375E1	9.871272E4	8.908174E3	9.720138E1	3.966070E1
1.569200E1	3.138400E4	-8.142566E0	2.658144E1	2.780061E1	9.874703E4	8.402855E3	8.123323E1	3.823385E1
1.569600E1	3.139200E4	-2.230369E1	1.875357E1	2.914020E1	9.877994E4	8.140753E3	6.707210E1	4.606171E1
1.570000E1	3.140000E4	-2.976552E1	4.100037E0	3.004657E1	9.881216E4	7.992659E3	5.961028E1	6.071525E1
1.570400E1	3.140800E4	-2.772843E1	-1.227782E1	3.032508E1	9.884388E4	7.883883E3	6.164737E1	7.709311E1
1.570800E1	3.141600E4	-1.718745E1	-2.475552E1	3.013709E1	9.887523E4	7.853019E3	7.218835E1	8.957081E1
1.571200E1	3.142400E4	-1.671584E0	-2.905544E1	2.910349E1	9.890671E4	8.023382E3	8.770421E1	9.387073E1
1.571600E1	3.143200E4	1.353094E1	-2.399856E1	2.755027E1	9.893942E4	8.462357E3	1.029067E2	8.881385E1
1.572000E1	3.144000E4	2.321154E1	-1.111801E1	2.573685E1	9.897441E4	9.096766E3	1.125873E2	7.593330E1
1.572400E1	3.144800E4	2.410158E1	5.206291E0	2.465749E1	9.901219E4	9.516313E3	1.134774E2	5.960900E1
1.572800E1	3.145600E4	1.613754E1	1.960198E1	2.539011E1	9.905054E4	9.274150E3	1.055133E2	4.521331E1
1.573200E1	3.146400E4	1.698926E0	2.687361E1	2.692726E1	9.908638E4	8.688283E3	9.107472E1	3.794168E1
1.573600E1	3.147200E4	-1.420551E1	2.456210E1	2.837417E1	9.912004E4	8.260649E3	7.517028E1	4.025318E1
1.574000E1	3.148000E4	-2.615807E1	1.363571E1	2.949877E1	9.915247E4	8.024539E3	6.321772E1	5.117958E1
1.574400E1	3.148800E4	-3.012503E1	-2.233013E0	3.020767E1	9.918424E4	7.919600E3	5.925077E1	6.704830E1
1.574800E1	3.149600E4	-2.461608E1	-1.776976E1	3.035977E1	9.921582E4	7.896365E3	6.475971E1	8.258505E1
1.575200E1	3.150400E4	-1.138895E1	-2.737393E1	2.964861E1	9.924741E4	7.937809E3	7.798685E1	9.218922E1
1.575600E1	3.151200E4	4.614591E0	-2.809633E1	2.847277E1	9.927933E4	8.187802E3	9.399039E1	9.291162E1
1.576000E1	3.152000E4	1.813956E1	-1.951187E1	2.664126E1	9.931291E4	8.743558E3	1.075154E2	8.432716E1
1.576400E1	3.152800E4	2.459754E1	-4.658627E0	2.503481E1	9.934928E4	9.400463E3	1.139733E2	6.947391E1
1.576800E1	3.153600E4	2.184480E1	1.167204E1	2.476756E1	9.938812E4	9.558978E3	1.112206E2	5.314325E1
1.577200E1	3.154400E4	1.063926E1	2.361539E1	2.590136E1	9.942575E4	9.031933E3	1.000151E2	4.119989E1
1.577600E1	3.155200E4	-5.006431E0	2.735375E1	2.780813E1	9.946037E4	8.367257E3	8.436937E1	3.746153E1
1.578000E1	3.156000E4	-1.980683E1	2.147541E1	2.921479E1	9.949269E4	8.050380E3	6.956897E1	4.333987E1
1.578400E1	3.156800E4	-2.899587E1	7.891683E0	3.005061E1	9.952477E4	7.968017E3	6.037993E1	5.692360E1
1.578800E1	3.157600E4	-2.904982E1	-8.566120E0	3.028647E1	9.955643E4	7.914221E3	6.032598E1	7.338141E1
1.579200E1	3.158400E4	-2.000927E1	-2.229177E1	2.995486E1	9.958809E4	7.950057E3	6.936653E1	8.710706E1
1.579600E1	3.159200E4	-5.034143E0	-2.863779E1	2.907689E1	9.962003E4	8.089625E3	8.434165E1	9.345308E1
1.580000E1	3.160000E4	1.075083E1	-2.556823E1	2.773652E1	9.965281E4	8.419746E3	1.001266E2	9.038352E1
1.580400E1	3.160800E4	2.191097E1	-1.401912E1	2.601204E1	9.968739E4	8.940327E3	1.112868E2	7.883441E1
1.580800E1	3.161600E4	2.505442E1	1.896259E0	2.512608E1	9.972433E4	9.359395E3	1.144302E2	6.291903E1
1.581200E1	3.162400E4	1.885793E1	1.713724E1	2.548149E1	9.976226E4	9.261879E3	1.082337E2	4.767805E1
1.581600E1	3.163200E4	5.360841E0	2.616988E1	2.671331E1	9.979842E4	8.753851E3	9.473664E1	3.864541E1
1.582000E1	3.164000E4	-1.064576E1	2.596484E1	2.806252E1	9.983229E4	8.338436E3	7.873004E1	3.885044E1
1.582400E1	3.164800E4	-2.385307E1	1.662112E1	2.907285E1	9.986513E4	8.133603E3	6.552272E1	4.819416E1
1.582800E1	3.165600E4	-2.977681E1	1.371541E0	2.980838E1	9.989736E4	7.992686E3	5.959898E1	6.344375E1
1.583200E1	3.166400E4	-2.613294E1	-1.452881E1	2.990011E1	9.992907E4	7.938061E3	6.324286E1	7.934410E1
1.583600E1	3.167200E4	-1.447123E1	-2.596475E1	2.972515E1	9.996087E4	7.956099E3	7.490457E1	9.078004E1
1.584000E1	3.168000E4	1.370898E0	-2.884503E1	2.887759E1	9.999272E4	8.097114E3	9.074669E1	9.366031E1
1.584400E1	3.168800E4	1.594610E1	-2.223703E1	2.736355E1	1.000256E5	8.505780E3	1.053219E2	8.705232E1
1.584800E1	3.169600E4	2.434057E1	-8.491886E0	2.577936E1	1.000608E5	9.117286E3	1.137164E2	7.330717E1
1.585200E1	3.170400E4	2.373443E1	7.979432E0	2.503985E1	1.000986E5	9.458504E3	1.131102E2	5.683585E1
1.585600E1	3.171200E4	1.414733E1	2.132191E1	2.558849E1	1.001364E5	9.154405E3	1.035231E2	4.349337E1
1.586000E1	3.172000E4	-8.615693E-1	2.714831E1	2.716198E1	1.001718E5	8.582789E3	8.851423E1	3.766698E1
1.586400E1	3.172800E4	-1.632718E1	2.323330E1	2.839653E1	1.002051E5	8.246044E3	7.304862E1	4.158199E1
1.586800E1	3.173600E4	-2.733037E1	1.116108E1	2.952150E1	1.002378E5	8.094983E3	6.204543E1	5.365421E1
1.587200E1	3.174400E4	-2.969841E1	-5.160485E0	3.014342E1	1.002699E5	7.958327E3	5.967739E1	6.997577E1
1.587600E1	3.175200E4	-2.266049E1	-2.001496E1	3.023402E1	1.003015E5	7.893378E3	6.671531E1	8.483025E1
1.588000E1	3.176000E4	-8.687189E0	-2.842247E1	2.972043E1	1.003330E5	7.937530E3	8.068861E1	9.323776E1
1.588400E1	3.176800E4	7.348760E0	-2.751638E1	2.848079E1	1.003650E5	8.214134E3	9.672456E1	9.233167E1
1.588800E1	3.177600E4	2.004134E1	-1.759587E1	2.666964E1	1.003987E5	8.760633E3	1.094171E2	8.241115E1
1.589200E1	3.178400E4	2.519838E1	-2.187743E0	2.529317E1	1.004350E5	9.298685E3	1.145742E2	6.700303E1
1.589600E1	3.179200E4	2.104123E1	1.372029E1	2.511931E1	1.004731E5	9.385173E3	1.104170E2	5.109500E1
1.590000E1	3.180000E4	8.915600E0	2.465510E1	2.621759E1	1.005101E5	8.898146E3	9.829140E1	4.016019E1
1.590400E1	3.180800E4	-6.836624E0	2.683640E1	2.769353E1	1.005443E5	8.398487E3	8.253917E1	3.797889E1
1.590800E1	3.181600E4	-2.107681E1	1.944418E1	2.867591E1	1.005773E5	8.213147E3	6.829899E1	4.537111E1
1.591200E1	3.182400E4	-2.896339E1	5.108391E0	2.941043E1	1.006100E5	8.127343E3	6.041241E1	5.970690E1
1.591600E1	3.183200E4	-2.749716E1	-1.129199E1	2.972546E1	1.006423E5	8.028118E3	6.187864E1	7.610727E1
1.592000E1	3.184000E4	-1.741711E1	-2.416926E1	2.979108E1	1.006742E5	7.946855E3	7.195869E1	8.898455E1
1.592400E1	3.184800E4	-2.087123E0	-2.912285E1	2.919754E1	1.007059E5	8.031030E3	8.728867E1	9.393813E1
1.592800E1	3.185600E4	1.335338E1	-2.462402E1	2.801169E1	1.007385E5	8.360856E3	1.027292E2	8.943930E1
1.593200E1	3.186400E4	2.340741E1	-1.203614E1	2.632063E1	1.007728E5	8.855733E3	1.127832E2	7.685142E1
1.593600E1	3.187200E4	2.496703E1	4.095862E0	2.530077E1	1.008093E5	9.270541E3	1.143428E2	6.071942E1
1.594000E1	3.188000E4	1.738687E1	1.861386E1	2.547114E1	1.008470E5	9.236294E3	1.067627E2	4.620143E1
1.594400E1	3.188800E4	3.156260E0	2.649587E1	2.668320E1	1.008832E5	8.761317E3	9.253206E1	3.831942E1
1.594800E1	3.189600E4	-1.274422E1	2.496609E1	2.803071E1	1.009170E5	8.383156E3	7.663157E1	3.984920E1
1.595200E1	3.190400E4	-2.511866E1	1.434369E1	2.892557E1	1.009503E5	8.193151E3	6.425714E1	5.047160E1
1.595600E1	3.191200E4	-2.977735E1	-1.345810E0	2.980775E1	1.009826E5	8.026186E3	5.959844E1	6.616110E1
1.596000E1	3.192000E4	-2.470374E1	-1.696668E1	2.996903E1	1.010145E5	7.953361E3	6.467206E1	8.178196E1
1.596400E1	3.192800E4	-1.200985E1	-2.724884E1	2.977810E1	1.010462E5	7.971579E3	7.736595E1	9.206412E1
1.596800E1	3.193600E4	4.145934E0	-2.857944E1	2.887860E1	1.010783E5	8.132475E3	9.352173E1	9.339473E1
1.597200E1	3.194400E4	1.800210E1	-2.050980E1	2.728970E1	1.011113E5	8.535019E3	1.073779E2	8.532509E1
1.597600E1	3.195200E4	2.519162E1	-6.032027E0	2.590373E1	1.011465E5	9.085156E3	1.145674E2	7.084731E1
1.598000E1	3.196000E4	2.306385E1	1.024733E1	2.523785E1	1.011840E5	9.315380E3	1.124397E2	5.456795E1
1.598400E1	3.196800E4	1.262230E1	2.282507E1	2.608268E1	1.012211E5	9.029011E3	1.019981E2	4.199022E1
1.598800E1	3.197600E4	-2.948984E0	2.719983E1	2.735923E1	1.012562E5	8.527431E3	8.642681E1	3.761545E1
1.599200E1	3.198400E4	-1.805862E1	2.208156E1	2.852558E1	1.012893E5	8.273200E3	7.131718E1	4.273373E1
1.599600E1	3.199200E4	-2.773812E1	8.813228E0	2.910458E1	1.013224E5	8.177791E3	6.163768E1	5.600206E1
1.600000E1	3.200000E4	-2.860250E1	-7.503257E0	2.957029E1	1.013547E5	8.051604E3	6.077329E1	7.231854E1
1.600400E1	3.200800E4	-2.029982E1	-2.160671E1	2.964680E1	1.013868E5	7.997815E3	6.907597E1	8.642199E1
1.600800E1	3.201600E4	-5.732995E0	-2.864307E1	2.921117E1	1.014187E5	8.030125E3	8.364280E1	9.345836E1
1.601200E1	3.202400E4	1.009215E1	-2.625367E1	2.812662E1	1.014510E5	8.271328E3	9.946795E1	9.106895E1
1.601600E1	3.203200E4	2.178625E1	-1.533877E1	2.664429E1	1.014849E5	8.760514E3	1.111620E2	8.015405E1
1.602000E1	3.204000E4	2.538705E1	4.924827E-1	2.539183E1	1.015211E5	9.259959E3	1.147628E2	6.432280E1
1.602400E1	3.204800E4	1.983159E1	1.602033E1	2.549398E1	1.015589E5	9.275236E3	1.092074E2	4.879495E1
1.602800E1	3.205600E4	6.727714E0	2.566867E1	2.653569E1	1.015953E5	8.811927E3	9.610351E1	3.914662E1
1.603200E1	3.206400E4	-9.307622E0	2.639021E1	2.798348E1	1.016294E5	8.346223E3	8.006817E1	3.842507E1
1.603600E1	3.207200E4	-2.300386E1	1.791897E1	2.915933E1	1.016621E5	8.134188E3	6.637194E1	4.689632E1
1.604000E1	3.208000E4	-2.968848E1	2.858230E0	2.982575E1	1.016945E5	8.015035E3	5.968731E1	6.195706E1
1.604400E1	3.208800E4	-2.691335E1	-1.324494E1	2.999595E1	1.017262E5	7.936803E3	6.246245E1	7.806022E1
1.604800E1	3.209600E4	-1.579878E1	-2.527869E1	2.980963E1	1.017580E5	7.926464E3	7.357702E1	9.009398E1
1.605200E1	3.210400E4	-1.949810E-1	-2.901758E1	2.901824E1	1.017896E5	7.994789E3	8.918082E1	9.383287E1
1.605600E1	3.211200E4	1.457719E1	-2.337049E1	2.754405E1	1.018220E5	8.393983E3	1.039530E2	8.818578E1
1.606000E1	3.212000E4	2.367531E1	-1.016346E1	2.576463E1	1.018568E5	9.002196E3	1.130511E2	7.497874E1
1.606400E1	3.212800E4	2.412163E1	6.001302E0	2.485697E1	1.018940E5	9.363569E3	1.134974E2	5.881399E1
1.606800E1	3.213600E4	1.576680E1	1.994664E1	2.542559E1	1.019317E5	9.177633E3	1.051426E2	4.486865E1
1.607200E1	3.214400E4	1.221384E0	2.681660E1	2.684440E1	1.019674E5	8.596244E3	9.059718E1	3.799869E1
1.607600E1	3.215200E4	-1.433002E1	2.438066E1	2.828013E1	1.020004E5	8.166431E3	7.504578E1	4.043463E1
1.608000E1	3.216000E4	-2.612755E1	1.347177E1	2.939621E1	1.020327E5	7.972301E3	6.324825E1	5.134352E1
1.608400E1	3.216800E4	-3.006862E1	-2.220653E0	3.015051E1	1.020642E5	7.841022E3	5.930718E1	6.703594E1
1.608800E1	3.217600E4	-2.457515E1	-1.749814E1	3.016824E1	1.020955E5	7.810835E3	6.480065E1	8.231343E1
1.609200E1	3.218400E4	-1.174606E1	-2.728778E1	2.970846E1	1.021267E5	7.857103E3	7.762973E1	9.210306E1
1.609600E1	3.219200E4	4.139868E0	-2.834774E1	2.864844E1	1.021583E5	8.010191E3	9.351566E1	9.316303E1
1.610000E1	3.220000E4	1.767968E1	-2.048789E1	2.706150E1	1.021908E5	8.425213E3	1.070555E2	8.530318E1
1.610400E1	3.220800E4	2.457303E1	-6.258849E0	2.535758E1	1.022257E5	9.060256E3	1.139488E2	7.107414E1
1.610800E1	3.221600E4	2.275448E1	9.787413E0	2.477014E1	1.022633E5	9.331065E3	1.121303E2	5.502787E1
1.611200E1	3.222400E4	1.268431E1	2.229118E1	2.564738E1	1.023004E5	8.946574E3	1.020601E2	4.252411E1
1.611600E1	3.223200E4	-2.314383E0	2.729476E1	2.739270E1	1.023348E5	8.336815E3	8.706141E1	3.752053E1
1.612000E1	3.224000E4	-1.746360E1	2.313009E1	2.898238E1	1.023671E5	7.953575E3	7.191219E1	4.168520E1
1.612400E1	3.224800E4	-2.780037E1	1.096474E1	2.988454E1	1.023985E5	7.782338E3	6.157543E1	5.385055E1
1.612800E1	3.225600E4	-2.992915E1	-4.907584E0	3.032884E1	1.024293E5	7.693667E3	5.944665E1	6.972287E1
1.613200E1	3.226400E4	-2.320678E1	-1.948977E1	3.030521E1	1.024600E5	7.671656E3	6.616901E1	8.430506E1
1.613600E1	3.227200E4	-9.809057E0	-2.798735E1	2.965653E1	1.024907E5	7.705565E3	7.956674E1	9.280264E1
1.614000E1	3.228000E4	5.777790E0	-2.797587E1	2.856628E1	1.025217E5	7.903229E3	9.515359E1	9.279116E1
1.614400E1	3.228800E4	1.851903E1	-1.923660E1	2.670208E1	1.025539E5	8.415237E3	1.078948E2	8.405188E1
1.614800E1	3.229600E4	2.453204E1	-4.772549E0	2.499197E1	1.025890E5	9.077420E3	1.139078E2	6.958784E1
1.615200E1	3.230400E4	2.207064E1	1.101872E1	2.466831E1	1.026265E5	9.246866E3	1.114464E2	5.379657E1
1.615600E1	3.231200E4	1.165305E1	2.283680E1	2.563811E1	1.026630E5	8.814780E3	1.010288E2	4.197849E1
1.616000E1	3.232000E4	-3.351305E0	2.710334E1	2.730974E1	1.026970E5	8.221360E3	8.602449E1	3.771195E1
1.616400E1	3.232800E4	-1.798645E1	2.242123E1	2.874411E1	1.027287E5	7.834513E3	7.138935E1	4.239406E1
1.616800E1	3.233600E4	-2.785964E1	1.029183E1	2.969986E1	1.027597E5	7.662015E3	6.151615E1	5.452346E1
1.617200E1	3.234400E4	-2.968000E1	-5.250968E0	3.014092E1	1.027900E5	7.600409E3	5.969580E1	7.006625E1
1.617600E1	3.235200E4	-2.293987E1	-1.961202E1	3.018061E1	1.028205E5	7.612592E3	6.643592E1	8.442731E1
1.618000E1	3.236000E4	-9.660816E0	-2.795186E1	2.957428E1	1.028509E5	7.602170E3	7.971498E1	9.276715E1
1.618400E1	3.236800E4	5.625420E0	-2.803650E1	2.859529E1	1.028813E5	7.769980E3	9.500122E1	9.285179E1
1.618800E1	3.237600E4	1.834246E1	-1.960564E1	2.684822E1	1.029131E5	8.274566E3	1.077183E2	8.442093E1
1.619200E1	3.238400E4	2.460218E1	-5.435225E0	2.519542E1	1.029475E5	8.898777E3	1.139780E2	7.025051E1
1.619600E1	3.239200E4	2.253675E1	1.016802E1	2.472436E1	1.029843E5	9.092521E3	1.119125E2	5.464726E1
1.620000E1	3.240000E4	1.263611E1	2.213750E1	2.549000E1	1.030203E5	8.743867E3	1.020119E2	4.267779E1
1.620400E1	3.240800E4	-1.997177E0	2.697306E1	2.704690E1	1.030542E5	8.182573E3	8.737862E1	3.784223E1
1.620800E1	3.241600E4	-1.666887E1	2.316065E1	2.853536E1	1.030857E5	7.789660E3	7.270692E1	4.165464E1
1.621200E1	3.242400E4	-2.714347E1	1.177307E1	2.958671E1	1.031166E5	7.582796E3	6.223233E1	5.304221E1
1.621600E1	3.243200E4	-3.022336E1	-3.392864E0	3.041321E1	1.031464E5	7.459650E3	5.915243E1	6.820815E1
1.622000E1	3.244000E4	-2.465282E1	-1.806239E1	3.056160E1	1.031762E5	7.425391E3	6.472298E1	8.287768E1
1.622400E1	3.244800E4	-1.236041E1	-2.751383E1	3.016273E1	1.032058E5	7.393813E3	7.701539E1	9.232912E1
1.622800E1	3.245600E4	2.720777E0	-2.889242E1	2.902024E1	1.032354E5	7.556068E3	9.209657E1	9.370771E1
1.623200E1	3.246400E4	1.608543E1	-2.193224E1	2.719861E1	1.032663E5	8.030716E3	1.054612E2	8.674753E1
1.623600E1	3.247200E4	2.383904E1	-8.853651E0	2.543004E1	1.032996E5	8.663157E3	1.132148E2	7.366894E1
1.624000E1	3.248000E4	2.346691E1	6.535355E0	2.435994E1	1.033356E5	9.057731E3	1.128427E2	5.827993E1
1.624400E1	3.248800E4	1.535158E1	1.971089E1	2.498380E1	1.033721E5	8.821298E3	1.047274E2	4.510440E1
1.624800E1	3.249600E4	1.789516E0	2.647082E1	2.653124E1	1.034061E5	8.222789E3	9.116531E1	3.834446E1
1.625200E1	3.250400E4	-1.318448E1	2.493321E1	2.820453E1	1.034379E5	7.775251E3	7.619132E1	3.988208E1
1.625600E1	3.251200E4	-2.506167E1	1.545756E1	2.944526E1	1.034683E5	7.501165E3	6.431413E1	4.935773E1
1.626000E1	3.252000E4	-3.015465E1	1.116873E0	3.017533E1	1.034979E5	7.392174E3	5.922114E1	6.369841E1
1.626400E1	3.252800E4	-2.708894E1	-1.408473E1	3.053179E1	1.035275E5	7.353337E3	6.228686E1	7.890001E1
1.626800E1	3.253600E4	-1.662499E1	-2.531445E1	3.028550E1	1.035567E5	7.278792E3	7.275081E1	9.012974E1
1.627200E1	3.254400E4	-2.209451E0	-2.940012E1	2.948303E1	1.035857E5	7.357752E3	8.716634E1	9.421541E1
1.627600E1	3.255200E4	1.201019E1	-2.510367E1	2.782874E1	1.036156E5	7.714441E3	1.013860E2	8.991896E1
1.628000E1	3.256000E4	2.195458E1	-1.403095E1	2.605515E1	1.036474E5	8.315469E3	1.113304E2	7.884624E1
1.628400E1	3.256800E4	2.471721E1	9.025805E-1	2.473369E1	1.036821E5	8.834889E3	1.140930E2	6.391271E1
1.628800E1	3.257600E4	1.934535E1	1.516699E1	2.458211E1	1.037181E5	8.863078E3	1.087212E2	4.964830E1
1.629200E1	3.258400E4	7.513575E0	2.456955E1	2.569273E1	1.037530E5	8.387054E3	9.688937E1	4.024574E1
1.629600E1	3.259200E4	-7.182896E0	2.644966E1	2.740763E1	1.037852E5	7.826922E3	8.219290E1	3.836563E1
1.630000E1	3.260000E4	-2.070517E1	2.026800E1	2.897405E1	1.038156E5	7.489817E3	6.867063E1	4.454729E1
1.630400E1	3.260800E4	-2.903011E1	7.717888E0	3.003853E1	1.038451E5	7.299970E3	6.034569E1	5.709740E1
1.630800E1	3.261600E4	-2.951842E1	-7.365821E0	3.042355E1	1.038740E5	7.217591E3	5.985738E1	7.218111E1
1.631200E1	3.262400E4	-2.233250E1	-2.071822E1	3.046285E1	1.039029E5	7.181385E3	6.704329E1	8.553350E1
1.631600E1	3.263200E4	-9.469607E0	-2.823964E1	2.978507E1	1.039315E5	7.218141E3	7.990619E1	9.305492E1
1.632000E1	3.264000E4	5.257012E0	-2.809685E1	2.858442E1	1.039606E5	7.448447E3	9.463281E1	9.291213E1
1.632400E1	3.264800E4	1.763237E1	-2.024822E1	2.684941E1	1.039910E5	7.909703E3	1.070082E2	8.506350E1
1.632800E1	3.265600E4	2.417308E1	-6.988481E0	2.516300E1	1.040239E5	8.506012E3	1.135489E2	7.180377E1
1.633200E1	3.266400E4	2.319170E1	8.029854E0	2.454249E1	1.040591E5	8.791535E3	1.125675E2	5.678543E1
1.633600E1	3.267200E4	1.473572E1	2.043730E1	2.519573E1	1.040942E5	8.510090E3	1.041115E2	4.437799E1
1.634000E1	3.268000E4	1.316692E0	2.671655E1	2.674898E1	1.041272E5	7.952089E3	9.069249E1	3.809874E1
1.634400E1	3.268800E4	-1.318304E1	2.497815E1	2.824359E1	1.041578E5	7.538932E3	7.619276E1	3.983714E1
1.634800E1	3.269600E4	-2.479158E1	1.580007E1	2.939838E1	1.041875E5	7.328007E3	6.458422E1	4.901521E1
1.635200E1	3.270400E4	-3.005164E1	1.865217E0	3.010946E1	1.042164E5	7.215174E3	5.932416E1	6.295007E1
1.635600E1	3.271200E4	-2.737298E1	-1.288739E1	3.025499E1	1.042452E5	7.161335E3	6.200282E1	7.770267E1
1.636000E1	3.272000E4	-1.789352E1	-2.439391E1	3.025295E1	1.042737E5	7.125423E3	7.148227E1	8.920920E1
1.636400E1	3.272800E4	-3.999314E0	-2.925174E1	2.952387E1	1.043022E5	7.187506E3	8.537648E1	9.406703E1
1.636800E1	3.273600E4	1.022819E1	-2.631656E1	2.823432E1	1.043312E5	7.437175E3	9.960398E1	9.113184E1
1.637200E1	3.274400E4	2.079858E1	-1.641856E1	2.649811E1	1.043617E5	7.933335E3	1.101744E2	8.123385E1
1.637600E1	3.275200E4	2.487557E1	-2.305107E0	2.498214E1	1.043947E5	8.481337E3	1.142514E2	6.712039E1
1.638000E1	3.276000E4	2.141899E1	1.214933E1	2.462477E1	1.044296E5	8.616675E3	1.107948E2	5.266596E1
1.638400E1	3.276800E4	1.130896E1	2.282091E1	2.546933E1	1.044636E5	8.254059E3	1.006848E2	4.199437E1
1.638800E1	3.277600E4	-2.636667E0	2.691339E1	2.704224E1	1.044956E5	7.717327E3	8.673913E1	3.790189E1
1.639200E1	3.278400E4	-1.646664E1	2.318985E1	2.844151E1	1.045254E5	7.355715E3	7.290915E1	4.162543E1
1.639600E1	3.279200E4	-2.667642E1	1.275771E1	2.957010E1	1.045544E5	7.180894E3	6.269937E1	5.205758E1
1.640000E1	3.280000E4	-3.016503E1	-1.488480E0	3.020173E1	1.045828E5	7.079949E3	5.921077E1	6.630377E1
1.640400E1	3.280800E4	-2.607440E1	-1.571707E1	3.044504E1	1.046111E5	7.029144E3	6.330140E1	8.053236E1
1.640800E1	3.281600E4	-1.543557E1	-2.574819E1	3.002043E1	1.046391E5	6.994468E3	7.394023E1	9.056348E1
1.641200E1	3.282400E4	-1.505232E0	-2.907485E1	2.911378E1	1.046670E5	7.115450E3	8.787056E1	9.389013E1
1.641600E1	3.283200E4	1.213214E1	-2.489475E1	2.769363E1	1.046960E5	7.448041E3	1.015079E2	8.971004E1
1.642000E1	3.284000E4	2.175752E1	-1.433516E1	2.605545E1	1.047266E5	7.982042E3	1.111333E2	7.915044E1
1.642400E1	3.284800E4	2.476810E1	-7.001935E-2	2.476820E1	1.047598E5	8.450616E3	1.141439E2	6.488531E1
1.642800E1	3.285600E4	2.037582E1	1.386073E1	2.464333E1	1.047942E5	8.472553E3	1.097516E2	5.095456E1
1.643200E1	3.286400E4	9.801925E0	2.380301E1	2.574220E1	1.048276E5	8.074298E3	9.917772E1	4.101228E1
1.643600E1	3.287200E4	-4.184805E0	2.696983E1	2.729256E1	1.048588E5	7.551897E3	8.519099E1	3.784546E1
1.644000E1	3.288000E4	-1.769788E1	2.262487E1	2.872455E1	1.048880E5	7.201186E3	7.167791E1	4.219041E1
1.644400E1	3.288800E4	-2.721681E1	1.187404E1	2.969424E1	1.049164E5	7.042323E3	6.215898E1	5.294125E1
1.644800E1	3.289600E4	-3.023790E1	-2.311927E0	3.032615E1	1.049444E5	6.968352E3	5.913790E1	6.712721E1
1.645200E1	3.290400E4	-2.581308E1	-1.624048E1	3.049702E1	1.049722E5	6.916504E3	6.356272E1	8.105576E1
1.645600E1	3.291200E4	-1.522693E1	-2.606221E1	3.018440E1	1.049997E5	6.853094E3	7.414886E1	9.087749E1
1.646000E1	3.292000E4	-1.534970E0	-2.929959E1	2.933977E1	1.050270E5	6.940683E3	8.784083E1	9.411488E1
1.646400E1	3.292800E4	1.184007E1	-2.512761E1	2.777741E1	1.050552E5	7.297621E3	1.012159E2	8.994290E1
1.646800E1	3.293600E4	2.126653E1	-1.468063E1	2.584155E1	1.050854E5	7.923324E3	1.106423E2	7.949591E1
1.647200E1	3.294400E4	2.444224E1	-5.903968E-1	2.444937E1	1.051186E5	8.479696E3	1.138180E2	6.540568E1
1.647600E1	3.295200E4	2.043205E1	1.338035E1	2.442340E1	1.051532E5	8.466631E3	1.098078E2	5.143493E1
1.648000E1	3.296000E4	1.029893E1	2.351664E1	2.567295E1	1.051863E5	7.957739E3	9.967473E1	4.129865E1
1.648400E1	3.296800E4	-3.284048E0	2.721144E1	2.740890E1	1.052169E5	7.377252E3	8.609175E1	3.760384E1
1.648800E1	3.297600E4	-1.679099E1	2.365575E1	2.900917E1	1.052454E5	7.029061E3	7.258480E1	4.115954E1
1.649200E1	3.298400E4	-2.669678E1	1.353584E1	2.993221E1	1.052731E5	6.891920E3	6.267901E1	5.127945E1
1.649600E1	3.299200E4	-3.036560E1	-2.664423E-1	3.036677E1	1.053005E5	6.860859E3	5.901020E1	6.508173E1
1.650000E1	3.300000E4	-2.681416E1	-1.425788E1	3.036917E1	1.053280E5	6.843012E3	6.256164E1	7.907316E1
1.650400E1	3.300800E4	-1.710229E1	-2.464994E1	3.000179E1	1.053552E5	6.847042E3	7.227350E1	8.946522E1
1.650800E1	3.301600E4	-3.656084E0	-2.884868E1	2.907943E1	1.053828E5	6.947590E3	8.571971E1	9.366396E1
1.651200E1	3.302400E4	9.894775E0	-2.601050E1	2.782899E1	1.054108E5	7.204926E3	9.927057E1	9.082579E1
1.651600E1	3.303200E4	2.028016E1	-1.676729E1	2.631401E1	1.054404E5	7.709316E3	1.096560E2	8.158258E1
1.652000E1	3.304000E4	2.478160E1	-3.261645E0	2.499532E1	1.054725E5	8.162592E3	1.141574E2	6.807693E1
1.652400E1	3.304800E4	2.224355E1	1.071341E1	2.468912E1	1.055057E5	8.230672E3	1.116194E2	5.410188E1
1.652800E1	3.305600E4	1.344850E1	2.181537E1	2.562758E1	1.055383E5	7.900330E3	1.028243E2	4.299991E1
1.653200E1	3.306400E4	5.099290E-1	2.704975E1	2.705456E1	1.055689E5	7.382973E3	8.988573E1	3.776554E1
1.653600E1	3.307200E4	-1.307491E1	2.521195E1	2.840063E1	1.055974E5	7.016491E3	7.630089E1	3.960334E1
1.654000E1	3.308000E4	-2.403209E1	1.679500E1	2.931916E1	1.056251E5	6.906188E3	6.534371E1	4.802029E1
1.654400E1	3.308800E4	-2.948673E1	3.797875E0	2.973030E1	1.056527E5	6.879878E3	5.988907E1	6.101741E1
1.654800E1	3.309600E4	-2.813446E1	-1.029072E1	2.995742E1	1.056801E5	6.817051E3	6.124134E1	7.510601E1
1.655200E1	3.310400E4	-2.034053E1	-2.196358E1	2.993553E1	1.057072E5	6.756914E3	6.903527E1	8.677886E1
1.655600E1	3.311200E4	-8.059670E0	-2.838068E1	2.950290E1	1.057341E5	6.771064E3	8.131613E1	9.319596E1
1.656000E1	3.312000E4	5.619476E0	-2.795597E1	2.851517E1	1.057614E5	6.912229E3	9.499527E1	9.277126E1
1.656400E1	3.312800E4	1.715034E1	-2.084643E1	2.699459E1	1.057894E5	7.269445E3	1.065261E2	8.566171E1
1.656800E1	3.313600E4	2.392127E1	-8.933701E0	2.553504E1	1.058195E5	7.793939E3	1.132971E2	7.374899E1
1.657200E1	3.314400E4	2.425240E1	5.064656E0	2.477558E1	1.058518E5	8.136901E3	1.136282E2	5.975063E1
1.657600E1	3.315200E4	1.776965E1	1.753330E1	2.496352E1	1.058846E5	8.033480E3	1.071454E2	4.728198E1
1.658000E1	3.316000E4	6.300479E0	2.538961E1	2.615967E1	1.059161E5	7.584158E3	9.567628E1	3.942568E1
1.658400E1	3.316800E4	-7.297516E0	2.669411E1	2.767362E1	1.059453E5	7.127118E3	8.207828E1	3.812118E1
1.658800E1	3.317600E4	-1.972720E1	2.109540E1	2.888214E1	1.059731E5	6.894939E3	6.964860E1	4.371989E1
1.659200E1	3.318400E4	-2.792050E1	9.915036E0	2.962874E1	1.060004E5	6.821943E3	6.145530E1	5.490025E1
1.659600E1	3.319200E4	-2.968354E1	-3.990135E0	2.995052E1	1.060277E5	6.761445E3	5.969226E1	6.880542E1
1.660000E1	3.320000E4	-2.489973E1	-1.713921E1	3.022828E1	1.060545E5	6.672668E3	6.447606E1	8.195449E1
1.660400E1	3.320800E4	-1.455976E1	-2.630687E1	3.006723E1	1.060810E5	6.588274E3	7.481603E1	9.112216E1
1.660800E1	3.321600E4	-1.412134E0	-2.936635E1	2.940028E1	1.061072E5	6.643160E3	8.796366E1	9.418164E1
1.661200E1	3.322400E4	1.148877E1	-2.558448E1	2.804564E1	1.061342E5	6.922927E3	1.008646E2	9.039977E1
1.661600E1	3.323200E4	2.095858E1	-1.600645E1	2.637173E1	1.061626E5	7.382202E3	1.103344E2	8.082174E1
1.662000E1	3.324000E4	2.503768E1	-2.967751E0	2.521295E1	1.061932E5	7.846523E3	1.144135E2	6.778304E1
1.662400E1	3.324800E4	2.237768E1	1.062692E1	2.477281E1	1.062254E5	8.022417E3	1.117535E2	5.418836E1
1.662800E1	3.325600E4	1.369891E1	2.143648E1	2.543979E1	1.062574E5	7.762648E3	1.030747E2	4.337881E1
1.663200E1	3.326400E4	1.166809E0	2.676433E1	2.678976E1	1.062875E5	7.238679E3	9.054261E1	3.805095E1
1.663600E1	3.327200E4	-1.200407E1	2.536162E1	2.805903E1	1.063153E5	6.883574E3	7.737173E1	3.945367E1
1.664000E1	3.328000E4	-2.296069E1	1.757235E1	2.891333E1	1.063426E5	6.772389E3	6.641511E1	4.724293E1
1.664400E1	3.328800E4	-2.898777E1	5.368342E0	2.948067E1	1.063695E5	6.716072E3	6.038803E1	5.944695E1
1.664800E1	3.329600E4	-2.847843E1	-8.328160E0	2.967119E1	1.063963E5	6.690470E3	6.089737E1	7.314345E1
1.665200E1	3.330400E4	-2.175380E1	-2.030835E1	2.975999E1	1.064230E5	6.628294E3	6.762200E1	8.512364E1
1.665600E1	3.331200E4	-1.041663E1	-2.760650E1	2.950635E1	1.064493E5	6.550885E3	7.895917E1	9.242178E1
1.666000E1	3.332000E4	2.725689E0	-2.862724E1	2.875671E1	1.064754E5	6.624172E3	9.210149E1	9.344253E1
1.666400E1	3.332800E4	1.463223E1	-2.312747E1	2.736753E1	1.065023E5	6.952297E3	1.040080E2	8.794275E1
1.666800E1	3.333600E4	2.262195E1	-1.251000E1	2.585059E1	1.065311E5	7.489353E3	1.119977E2	7.732529E1
1.667200E1	3.334400E4	2.482709E1	9.691445E-1	2.484600E1	1.065622E5	7.867498E3	1.142029E2	6.384614E1
1.667600E1	3.335200E4	2.055292E1	1.386169E1	2.479050E1	1.065940E5	7.847519E3	1.099287E2	5.095359E1
1.668000E1	3.336000E4	1.087545E1	2.333905E1	2.574853E1	1.066250E5	7.506914E3	1.002512E2	4.147623E1
1.668400E1	3.336800E4	-1.935585E0	2.731985E1	2.738833E1	1.066541E5	6.972134E3	8.744021E1	3.749544E1
1.668800E1	3.337600E4	-1.471601E1	2.469352E1	2.874597E1	1.066808E5	6.647398E3	7.465979E1	4.012177E1
1.669200E1	3.338400E4	-2.481441E1	1.597233E1	2.951051E1	1.067072E5	6.598289E3	6.456139E1	4.884296E1
1.669600E1	3.339200E4	-2.976620E1	3.349872E0	2.995411E1	1.067336E5	6.548818E3	5.960959E1	6.146541E1
1.670000E1	3.340000E4	-2.823020E1	-1.006471E1	2.997069E1	1.067596E5	6.502310E3	6.114560E1	7.487999E1
1.670400E1	3.340800E4	-2.095360E1	-2.139521E1	2.994676E1	1.067856E5	6.485067E3	6.842220E1	8.621050E1
1.670800E1	3.341600E4	-9.351810E0	-2.795422E1	2.947702E1	1.068115E5	6.478546E3	8.002399E1	9.276950E1
1.671200E1	3.342400E4	3.700585E0	-2.839273E1	2.863287E1	1.068374E5	6.598010E3	9.307638E1	9.320801E1
1.671600E1	3.343200E4	1.526901E1	-2.239452E1	2.710456E1	1.068643E5	6.958649E3	1.046448E2	8.720980E1
1.672000E1	3.344000E4	2.282780E1	-1.158370E1	2.559865E1	1.068931E5	7.474984E3	1.122036E2	7.639899E1
1.672400E1	3.344800E4	2.454610E1	1.753797E0	2.460867E1	1.069241E5	7.814099E3	1.139219E2	6.306149E1
1.672800E1	3.345600E4	2.013761E1	1.442127E1	2.476886E1	1.069556E5	7.740755E3	1.095134E2	5.039402E1
1.673200E1	3.346400E4	1.056152E1	2.373587E1	2.597955E1	1.069860E5	7.315612E3	9.993732E1	4.107942E1
1.673600E1	3.347200E4	-1.980411E0	2.740880E1	2.748025E1	1.070141E5	6.810610E3	8.739539E1	3.740649E1
1.674000E1	3.348000E4	-1.455923E1	2.471892E1	2.868791E1	1.070405E5	6.556214E3	7.481657E1	4.009636E1
1.674400E1	3.348800E4	-2.456634E1	1.620934E1	2.943209E1	1.070666E5	6.489334E3	6.480945E1	4.860595E1
1.674800E1	3.349600E4	-2.959831E1	3.942747E0	2.985976E1	1.070924E5	6.459857E3	5.977749E1	6.087254E1
1.675200E1	3.350400E4	-2.844850E1	-9.387113E0	2.995722E1	1.071183E5	6.438943E3	6.092729E1	7.420240E1
1.675600E1	3.351200E4	-2.153585E1	-2.074173E1	2.990004E1	1.071439E5	6.374743E3	6.783995E1	8.555702E1
1.676000E1	3.352000E4	-1.039447E1	-2.744904E1	2.935123E1	1.071693E5	6.371299E3	7.898133E1	9.226433E1
1.676400E1	3.352800E4	2.426216E0	-2.833363E1	2.843732E1	1.071949E5	6.531924E3	9.180201E1	9.314892E1
1.676800E1	3.353600E4	1.412783E1	-2.304134E1	2.702774E1	1.072215E5	6.837547E3	1.035036E2	8.785662E1
1.677200E1	3.354400E4	2.218678E1	-1.301967E1	2.572479E1	1.072496E5	7.286419E3	1.115626E2	7.783495E1
1.677600E1	3.355200E4	2.477910E1	-8.392366E-2	2.477924E1	1.072798E5	7.653092E3	1.141549E2	6.489921E1
1.678000E1	3.356000E4	2.118219E1	1.263686E1	2.466526E1	1.073108E5	7.657829E3	1.105580E2	5.217843E1
1.678400E1	3.356800E4	1.243195E1	2.249127E1	2.569845E1	1.073411E5	7.294601E3	1.018077E2	4.232402E1
1.678800E1	3.357600E4	3.911967E-1	2.720745E1	2.721026E1	1.073692E5	6.806744E3	8.976699E1	3.760783E1
1.679200E1	3.358400E4	-1.231098E1	2.578440E1	2.857264E1	1.073955E5	6.495720E3	7.706482E1	3.903088E1
1.679600E1	3.359200E4	-2.293467E1	1.847820E1	2.945239E1	1.074211E5	6.386100E3	6.644112E1	4.633708E1
1.680000E1	3.360000E4	-2.902881E1	6.909574E0	2.983980E1	1.074466E5	6.370609E3	6.034699E1	5.790571E1
1.680400E1	3.360800E4	-2.923179E1	-6.270420E0	2.989676E1	1.074721E5	6.362923E3	6.014400E1	7.108571E1
1.680800E1	3.361600E4	-2.373386E1	-1.822131E1	2.992177E1	1.074975E5	6.326245E3	6.564194E1	8.303660E1
1.681200E1	3.362400E4	-1.358178E1	-2.633319E1	2.962941E1	1.075227E5	6.268686E3	7.579402E1	9.114848E1
1.681600E1	3.363200E4	-1.178704E0	-2.889685E1	2.892088E1	1.075477E5	6.324905E3	8.819709E1	9.371213E1
1.682000E1	3.364000E4	1.094494E1	-2.539426E1	2.765249E1	1.075733E5	6.612349E3	1.003207E2	9.020955E1
1.682400E1	3.364800E4	2.029623E1	-1.669348E1	2.627944E1	1.076006E5	7.059667E3	1.096720E2	8.150876E1
1.682800E1	3.365600E4	2.466293E1	-4.440489E0	2.505949E1	1.076298E5	7.465414E3	1.140387E2	6.925578E1
1.683200E1	3.366400E4	2.311850E1	8.545512E0	2.464733E1	1.076603E5	7.573888E3	1.124943E2	5.626977E1
1.683600E1	3.367200E4	1.620768E1	1.958094E1	2.541854E1	1.076904E5	7.275678E3	1.055835E2	4.523435E1
1.684000E1	3.368000E4	5.344596E0	2.625014E1	2.678870E1	1.077185E5	6.820118E3	9.472039E1	3.856515E1
1.684400E1	3.368800E4	-7.262731E0	2.720846E1	2.816110E1	1.077449E5	6.487432E3	8.211307E1	3.760683E1
1.684800E1	3.369600E4	-1.889989E1	2.221421E1	2.916637E1	1.077704E5	6.321686E3	7.047591E1	4.260107E1
1.685200E1	3.370400E4	-2.695801E1	1.227471E1	2.962099E1	1.077955E5	6.269271E3	6.241778E1	5.254058E1
1.685600E1	3.371200E4	-2.972677E1	-2.829547E-1	2.972812E1	1.078205E5	6.305081E3	5.964902E1	6.509824E1
1.686000E1	3.372000E4	-2.660554E1	-1.295317E1	2.959120E1	1.078460E5	6.332228E3	6.277026E1	7.776846E1
1.686400E1	3.372800E4	-1.848138E1	-2.298882E1	2.949657E1	1.078712E5	6.254507E3	7.089441E1	8.780411E1
1.686800E1	3.373600E4	-7.043110E0	-2.823924E1	2.910430E1	1.078960E5	6.251738E3	8.233269E1	9.305453E1
1.687200E1	3.374400E4	5.497268E0	-2.771985E1	2.825969E1	1.079212E5	6.392819E3	9.487306E1	9.253514E1
1.687600E1	3.375200E4	1.623828E1	-2.144112E1	2.689616E1	1.079471E5	6.687290E3	1.056141E2	8.625641E1
1.688000E1	3.376000E4	2.319522E1	-1.095670E1	2.565283E1	1.079747E5	7.114663E3	1.125710E2	7.577199E1
1.688400E1	3.376800E4	2.481235E1	1.759205E0	2.487463E1	1.080041E5	7.407421E3	1.141881E2	6.305608E1
1.688800E1	3.377600E4	2.069143E1	1.394329E1	2.495096E1	1.080340E5	7.370978E3	1.100672E2	5.087200E1
1.689200E1	3.378400E4	1.173120E1	2.304697E1	2.586085E1	1.080630E5	7.023457E3	1.011070E2	4.176832E1
1.689600E1	3.379200E4	-7.716468E-2	2.722088E1	2.722099E1	1.080902E5	6.569232E3	8.929863E1	3.759440E1
1.690000E1	3.380000E4	-1.229421E1	2.568624E1	2.847685E1	1.081156E5	6.298114E3	7.708158E1	3.912904E1
1.690400E1	3.380800E4	-2.263485E1	1.862735E1	2.931407E1	1.081405E5	6.227594E3	6.674095E1	4.618794E1
1.690800E1	3.381600E4	-2.879387E1	7.501347E0	2.975495E1	1.081654E5	6.198053E3	6.058193E1	5.731394E1
1.691200E1	3.382400E4	-2.940246E1	-5.254192E0	2.986823E1	1.081901E5	6.187930E3	5.997334E1	7.006948E1
1.691600E1	3.383200E4	-2.450929E1	-1.709879E1	2.988434E1	1.082149E5	6.141197E3	6.486651E1	8.191408E1
1.692000E1	3.384000E4	-1.519003E1	-2.554364E1	2.971893E1	1.082393E5	6.037913E3	7.418577E1	9.035893E1
1.692400E1	3.384800E4	-3.435659E0	-2.883236E1	2.903633E1	1.082632E5	6.088874E3	8.594014E1	9.364764E1
1.692800E1	3.385600E4	8.633826E0	-2.661592E1	2.798125E1	1.082880E5	6.337592E3	9.800962E1	9.143121E1
1.693200E1	3.386400E4	1.833945E1	-1.905390E1	2.644591E1	1.083139E5	6.722766E3	1.077152E2	8.386918E1
1.693600E1	3.387200E4	2.387566E1	-7.870954E0	2.513959E1	1.083418E5	7.184705E3	1.132515E2	7.268624E1
1.694000E1	3.388000E4	2.385485E1	4.802643E0	2.433350E1	1.083714E5	7.448939E3	1.132306E2	6.001264E1
1.694400E1	3.388800E4	1.851623E1	1.629325E1	2.466416E1	1.084013E5	7.314035E3	1.078920E2	4.852204E1
1.694800E1	3.389600E4	8.955989E0	2.446722E1	2.605484E1	1.084299E5	6.813062E3	9.833179E1	4.034807E1
1.695200E1	3.390400E4	-2.812169E0	2.744483E1	2.758853E1	1.084559E5	6.344754E3	8.656363E1	3.737046E1
1.695600E1	3.391200E4	-1.464793E1	2.471572E1	2.873027E1	1.084807E5	6.171131E3	7.472787E1	4.009957E1
1.696000E1	3.392000E4	-2.414155E1	1.676663E1	2.939276E1	1.085052E5	6.123554E3	6.523424E1	4.804866E1
1.696400E1	3.392800E4	-2.943757E1	5.380607E0	2.992527E1	1.085296E5	6.071481E3	5.993822E1	5.943468E1
1.696800E1	3.393600E4	-2.916173E1	-7.158147E0	3.002742E1	1.085538E5	6.044353E3	6.021406E1	7.197343E1
1.697200E1	3.394400E4	-2.370007E1	-1.851428E1	3.007443E1	1.085780E5	6.007554E3	6.567573E1	8.332956E1
1.697600E1	3.395200E4	-1.402575E1	-2.621479E1	2.973108E1	1.086019E5	5.966536E3	7.535004E1	9.103008E1
1.698000E1	3.396000E4	-2.158374E0	-2.890051E1	2.898099E1	1.086257E5	6.016204E3	8.721742E1	9.371580E1
1.698400E1	3.396800E4	9.510245E0	-2.615557E1	2.783089E1	1.086500E5	6.236595E3	9.888604E1	9.097085E1
1.698800E1	3.397600E4	1.879605E1	-1.839253E1	2.629785E1	1.086756E5	6.657358E3	1.081718E2	8.320782E1
1.699200E1	3.398400E4	2.373486E1	-7.147772E0	2.478779E1	1.087032E5	7.148008E3	1.131107E2	7.196306E1
1.699600E1	3.399200E4	2.348164E1	5.337370E0	2.408059E1	1.087328E5	7.413247E3	1.128574E2	5.947792E1
1.700000E1	3.400000E4	1.816463E1	1.667182E1	2.465570E1	1.087625E5	7.209643E3	1.075404E2	4.814347E1
1.700400E1	3.400800E4	8.695490E0	2.453200E1	2.602750E1	1.087905E5	6.735744E3	9.807129E1	4.028329E1
1.700800E1	3.401600E4	-3.092967E0	2.743515E1	2.760894E1	1.088164E5	6.268267E3	8.628283E1	3.738014E1
1.701200E1	3.402400E4	-1.467185E1	2.478010E1	2.879786E1	1.088406E5	6.023779E3	7.470395E1	4.003519E1
1.701600E1	3.403200E4	-2.408427E1	1.710160E1	2.953840E1	1.088646E5	6.007262E3	6.529153E1	4.771368E1
1.702000E1	3.404000E4	-2.924821E1	5.851214E0	2.982775E1	1.088887E5	6.001065E3	6.012759E1	5.896407E1
1.702400E1	3.404800E4	-2.933765E1	-6.574391E0	3.006526E1	1.089126E5	5.942074E3	6.003815E1	7.138968E1
1.702800E1	3.405600E4	-2.425849E1	-1.776995E1	3.007067E1	1.089362E5	5.867798E3	6.511730E1	8.258523E1
1.703200E1	3.406400E4	-1.505739E1	-2.563738E1	2.973214E1	1.089596E5	5.892293E3	7.431840E1	9.045266E1
1.703600E1	3.407200E4	-3.347744E0	-2.876677E1	2.896091E1	1.089834E5	5.970231E3	8.602805E1	9.358206E1
1.704000E1	3.408000E4	8.266902E0	-2.648466E1	2.774489E1	1.090073E5	6.162924E3	9.764270E1	9.129994E1
1.704400E1	3.408800E4	1.787008E1	-1.938908E1	2.636809E1	1.090327E5	6.527446E3	1.072459E2	8.420437E1
1.704800E1	3.409600E4	2.336031E1	-8.708620E0	2.493078E1	1.090596E5	6.993593E3	1.127361E2	7.352391E1
1.705200E1	3.410400E4	2.407880E1	3.647671E0	2.435352E1	1.090886E5	7.251497E3	1.134546E2	6.116762E1
1.705600E1	3.411200E4	1.972373E1	1.517109E1	2.488347E1	1.091176E5	7.065373E3	1.090995E2	4.964420E1
1.706000E1	3.412000E4	1.089611E1	2.351358E1	2.591551E1	1.091451E5	6.623135E3	1.002719E2	4.130171E1
1.706400E1	3.412800E4	-2.643055E-1	2.744187E1	2.744315E1	1.091706E5	6.216027E3	8.911149E1	3.737341E1
1.706800E1	3.413600E4	-1.206702E1	2.603736E1	2.869768E1	1.091949E5	5.984749E3	7.730878E1	3.877793E1
1.707200E1	3.414400E4	-2.195223E1	1.946969E1	2.934228E1	1.092184E5	5.899505E3	6.742356E1	4.534560E1
1.707600E1	3.415200E4	-2.827539E1	9.153732E0	2.972017E1	1.092421E5	5.950766E3	6.110041E1	5.566155E1
1.708000E1	3.416000E4	-2.971524E1	-3.142046E0	2.988090E1	1.092660E5	5.965670E3	5.966056E1	6.795733E1
1.708400E1	3.416800E4	-2.595545E1	-1.485687E1	2.990672E1	1.092898E5	5.900416E3	6.342035E1	7.967216E1
1.708800E1	3.417600E4	-1.787749E1	-2.393151E1	2.987176E1	1.093132E5	5.820966E3	7.149831E1	8.874680E1
1.709200E1	3.418400E4	-6.949031E0	-2.862439E1	2.945581E1	1.093364E5	5.806124E3	8.242677E1	9.343967E1
1.709600E1	3.419200E4	4.806358E0	-2.815307E1	2.856040E1	1.093597E5	5.917342E3	9.418215E1	9.296836E1
1.710000E1	3.420000E4	1.510636E1	-2.265682E1	2.723111E1	1.093837E5	6.219726E3	1.044822E2	8.747211E1
1.710400E1	3.420800E4	2.225130E1	-1.313524E1	2.583902E1	1.094094E5	6.655964E3	1.116271E2	7.795053E1
1.710800E1	3.421600E4	2.479623E1	-1.325138E0	2.483161E1	1.094369E5	6.988944E3	1.141720E2	6.614042E1
1.711200E1	3.422400E4	2.220291E1	1.052260E1	2.457019E1	1.094654E5	7.025685E3	1.115787E2	5.429269E1
1.711600E1	3.423200E4	1.526771E1	2.036905E1	2.545586E1	1.094931E5	6.726973E3	1.046435E2	4.444624E1
1.712000E1	3.424000E4	5.037883E0	2.634306E1	2.682046E1	1.095192E5	6.296296E3	9.441368E1	3.847222E1
1.712400E1	3.424800E4	-6.549450E0	2.724520E1	2.802136E1	1.095435E5	6.017530E3	8.282635E1	3.757008E1
1.712800E1	3.425600E4	-1.749644E1	2.295603E1	2.886355E1	1.095673E5	5.926735E3	7.187935E1	4.185926E1
1.713200E1	3.426400E4	-2.564228E1	1.425433E1	2.933790E1	1.095909E5	5.870701E3	6.373351E1	5.056096E1
1.713600E1	3.427200E4	-2.944175E1	2.949448E0	2.958912E1	1.096143E5	5.874800E3	5.993404E1	6.186584E1
1.714000E1	3.428000E4	-2.820112E1	-9.124527E0	2.964051E1	1.096379E5	5.858885E3	6.117468E1	7.393981E1
1.714400E1	3.428800E4	-2.241891E1	-1.959197E1	2.977335E1	1.096612E5	5.736438E3	6.695689E1	8.440725E1
1.714800E1	3.429600E4	-1.302146E1	-2.648712E1	2.951484E1	1.096838E5	5.711903E3	7.635434E1	9.130240E1
1.715200E1	3.430400E4	-1.586542E0	-2.878801E1	2.883169E1	1.097068E5	5.784883E3	8.778925E1	9.360329E1
1.715600E1	3.431200E4	9.520856E0	-2.601745E1	2.770477E1	1.097301E5	5.955159E3	9.889665E1	9.083274E1
1.716000E1	3.432000E4	1.847590E1	-1.880986E1	2.636607E1	1.097545E5	6.340800E3	1.078517E2	8.362515E1
1.716400E1	3.432800E4	2.361347E1	-8.211043E0	2.500035E1	1.097808E5	6.771090E3	1.129893E2	7.302633E1
1.716800E1	3.433600E4	2.411415E1	3.670836E0	2.439195E1	1.098087E5	6.973478E3	1.134899E2	6.114445E1
1.717200E1	3.434400E4	1.990595E1	1.479094E1	2.479957E1	1.098366E5	6.847516E3	1.092817E2	5.002434E1
1.717600E1	3.435200E4	1.160151E1	2.320375E1	2.594242E1	1.098634E5	6.469735E3	1.009773E2	4.161153E1
1.718000E1	3.436000E4	7.778596E-1	2.736449E1	2.737554E1	1.098884E5	6.059007E3	9.015366E1	3.745080E1
1.718400E1	3.436800E4	-1.065921E1	2.650529E1	2.856833E1	1.099119E5	5.811981E3	7.871659E1	3.830999E1
1.718800E1	3.437600E4	-2.067147E1	2.076722E1	2.930166E1	1.099349E5	5.741719E3	6.870433E1	4.404806E1
1.719200E1	3.438400E4	-2.743257E1	1.117187E1	2.962020E1	1.099578E5	5.781689E3	6.194323E1	5.364342E1
1.719600E1	3.439200E4	-2.978860E1	-5.829522E-1	2.979430E1	1.099811E5	5.777929E3	5.958720E1	6.539824E1
1.720000E1	3.440000E4	-2.715526E1	-1.212718E1	2.974015E1	1.100041E5	5.697236E3	6.222053E1	7.694247E1
1.720400E1	3.440800E4	-2.043315E1	-2.168237E1	2.979327E1	1.100267E5	5.605301E3	6.894265E1	8.649766E1
1.720800E1	3.441600E4	-1.056445E1	-2.738882E1	2.935567E1	1.100489E5	5.614385E3	7.881135E1	9.220411E1
1.721200E1	3.442400E4	8.055778E-1	-2.858839E1	2.859974E1	1.100716E5	5.738696E3	9.018137E1	9.340368E1
1.721600E1	3.443200E4	1.145712E1	-2.477631E1	2.729709E1	1.100948E5	5.978860E3	1.008329E2	8.959159E1
1.722000E1	3.444000E4	1.960420E1	-1.677617E1	2.580241E1	1.101194E5	6.401729E3	1.089800E2	8.159145E1
1.722400E1	3.444800E4	2.394505E1	-5.956539E0	2.467480E1	1.101460E5	6.792095E3	1.133208E2	7.077183E1
1.722800E1	3.445600E4	2.367880E1	5.808065E0	2.438072E1	1.101738E5	6.922075E3	1.130546E2	5.900722E1
1.723200E1	3.446400E4	1.869246E1	1.648386E1	2.492240E1	1.102014E5	6.708487E3	1.080683E2	4.833142E1
1.723600E1	3.447200E4	1.004864E1	2.419936E1	2.620275E1	1.102274E5	6.255525E3	9.942444E1	4.061593E1
1.724000E1	3.448000E4	-7.025875E-1	2.772741E1	2.773631E1	1.102515E5	5.836219E3	8.867321E1	3.708788E1
1.724400E1	3.448800E4	-1.175076E1	2.622080E1	2.873344E1	1.102741E5	5.641310E3	7.762504E1	3.859449E1
1.724800E1	3.449600E4	-2.136150E1	2.021329E1	2.940902E1	1.102966E5	5.625561E3	6.801430E1	4.460200E1
1.725200E1	3.450400E4	-2.774483E1	1.057039E1	2.969021E1	1.103191E5	5.664656E3	6.163097E1	5.424490E1
1.725600E1	3.451200E4	-2.962605E1	-9.824064E-1	2.964233E1	1.103419E5	5.713334E3	5.974975E1	6.579769E1
1.726000E1	3.452000E4	-2.690963E1	-1.246281E1	2.965552E1	1.103649E5	5.673432E3	6.246617E1	7.727809E1
1.726400E1	3.452800E4	-2.002316E1	-2.168879E1	2.951831E1	1.103873E5	5.580003E3	6.935264E1	8.650408E1
1.726800E1	3.453600E4	-1.019573E1	-2.725604E1	2.910059E1	1.104095E5	5.546316E3	7.918006E1	9.207132E1
1.727200E1	3.454400E4	8.229476E-1	-2.844401E1	2.845591E1	1.104317E5	5.634322E3	9.019874E1	9.325930E1
1.727600E1	3.455200E4	1.131806E1	-2.476058E1	2.722471E1	1.104546E5	5.885249E3	1.006939E2	8.957586E1
1.728000E1	3.456000E4	1.944248E1	-1.705707E1	2.586413E1	1.104787E5	6.270242E3	1.088183E2	8.187235E1
1.728400E1	3.456800E4	2.381291E1	-6.502378E0	2.468472E1	1.105047E5	6.677971E3	1.131887E2	7.131766E1
1.728800E1	3.457600E4	2.375026E1	5.118932E0	2.429564E1	1.105322E5	6.801772E3	1.131261E2	5.969636E1
1.729200E1	3.458400E4	1.917046E1	1.560234E1	2.471719E1	1.105591E5	6.599701E3	1.085463E2	4.921294E1
1.729600E1	3.459200E4	1.101595E1	2.358143E1	2.602759E1	1.105850E5	6.207657E3	1.003917E2	4.123385E1
1.730000E1	3.460000E4	5.738162E-1	2.745125E1	2.745725E1	1.106088E5	5.809806E3	8.994961E1	3.736403E1
1.730400E1	3.460800E4	-1.045940E1	2.663579E1	2.861581E1	1.106314E5	5.607147E3	7.891639E1	3.817950E1
1.730800E1	3.461600E4	-2.024393E1	2.121392E1	2.932314E1	1.106537E5	5.540728E3	6.913187E1	4.360137E1
1.731200E1	3.462400E4	-2.718100E1	1.223566E1	2.980803E1	1.106758E5	5.540203E3	6.219479E1	5.257962E1
1.731600E1	3.463200E4	-2.983697E1	1.051671E0	2.985550E1	1.106980E5	5.590413E3	5.953882E1	6.376362E1
1.732000E1	3.464000E4	-2.793315E1	-1.043721E1	2.981939E1	1.107205E5	5.580920E3	6.144264E1	7.525250E1
1.732400E1	3.464800E4	-2.181853E1	-2.008333E1	2.965448E1	1.107426E5	5.493275E3	6.755727E1	8.489861E1
1.732800E1	3.465600E4	-1.268902E1	-2.652486E1	2.940373E1	1.107644E5	5.452540E3	7.668678E1	9.134014E1
1.733200E1	3.466400E4	-1.875480E0	-2.860662E1	2.866803E1	1.107862E5	5.528016E3	8.750032E1	9.342191E1
1.733600E1	3.467200E4	8.849048E0	-2.620586E1	2.765959E1	1.108087E5	5.697193E3	9.822484E1	9.102115E1
1.734000E1	3.468000E4	1.753798E1	-1.959688E1	2.629864E1	1.108318E5	6.015518E3	1.069138E2	8.441217E1
1.734400E1	3.468800E4	2.298806E1	-9.860938E0	2.501378E1	1.108568E5	6.429634E3	1.123639E2	7.467622E1
1.734800E1	3.469600E4	2.431446E1	1.386470E0	2.435396E1	1.108833E5	6.701055E3	1.136903E2	6.342882E1
1.735200E1	3.470400E4	2.126445E1	1.247133E1	2.465179E1	1.109104E5	6.626718E3	1.106402E2	5.234396E1
1.735600E1	3.471200E4	1.425969E1	2.136320E1	2.568511E1	1.109363E5	6.238453E3	1.036355E2	4.345209E1
1.736000E1	3.472000E4	4.567879E0	2.671957E1	2.710721E1	1.109603E5	5.848058E3	9.394368E1	3.809572E1
1.736400E1	3.472800E4	-6.384680E0	2.751959E1	2.825053E1	1.109831E5	5.600179E3	8.299112E1	3.729569E1
1.736800E1	3.473600E4	-1.675704E1	2.384273E1	2.914231E1	1.110051E5	5.495004E3	7.261876E1	4.097256E1
1.737200E1	3.474400E4	-2.472917E1	1.604591E1	2.947886E1	1.110270E5	5.511295E3	6.464662E1	4.876938E1
1.737600E1	3.475200E4	-2.908618E1	5.553482E0	2.961161E1	1.110492E5	5.529590E3	6.028961E1	5.926180E1
1.738000E1	3.476000E4	-2.904648E1	-5.782220E0	2.961642E1	1.110713E5	5.484376E3	6.032931E1	7.059751E1
1.738400E1	3.476800E4	-2.477016E1	-1.612623E1	2.955700E1	1.110931E5	5.444784E3	6.460564E1	8.094151E1
1.738800E1	3.477600E4	-1.702119E1	-2.414414E1	2.954083E1	1.111148E5	5.411166E3	7.235460E1	8.895943E1
1.739200E1	3.478400E4	-6.877772E0	-2.833158E1	2.915446E1	1.111364E5	5.409748E3	8.249802E1	9.314687E1
1.739600E1	3.479200E4	3.997083E0	-2.810318E1	2.838601E1	1.111581E5	5.501783E3	9.337288E1	9.291847E1
1.740000E1	3.480000E4	1.384626E1	-2.362957E1	2.738750E1	1.111804E5	5.686679E3	1.032221E2	8.844485E1
1.740400E1	3.480800E4	2.089113E1	-1.540888E1	2.595907E1	1.112036E5	6.082907E3	1.102669E2	8.022417E1
1.740800E1	3.481600E4	2.454321E1	-4.756330E0	2.499984E1	1.112290E5	6.492091E3	1.139190E2	6.957162E1
1.741200E1	3.482400E4	2.381760E1	6.616389E0	2.471952E1	1.112555E5	6.542981E3	1.131934E2	5.819890E1
1.741600E1	3.483200E4	1.892248E1	1.666846E1	2.521702E1	1.112814E5	6.273954E3	1.082983E2	4.814683E1
1.742000E1	3.484000E4	1.082950E1	2.400324E1	2.633313E1	1.113057E5	5.947844E3	1.002053E2	4.081204E1
1.742400E1	3.484800E4	4.984235E-1	2.742882E1	2.743335E1	1.113290E5	5.660470E3	8.987422E1	3.738647E1
1.742800E1	3.485600E4	-1.015781E1	2.646148E1	2.834415E1	1.113510E5	5.473567E3	7.921799E1	3.835381E1
1.743200E1	3.486400E4	-1.968099E1	2.129265E1	2.899514E1	1.113727E5	5.434165E3	6.969480E1	4.352264E1
1.743600E1	3.487200E4	-2.642424E1	1.261861E1	2.928258E1	1.113945E5	5.459231E3	6.295156E1	5.219668E1
1.744000E1	3.488000E4	-2.935599E1	1.835942E0	2.941334E1	1.114164E5	5.499711E3	6.001981E1	6.297934E1
1.744400E1	3.488800E4	-2.803907E1	-9.366174E0	2.956205E1	1.114385E5	5.445031E3	6.133673E1	7.418146E1
1.744800E1	3.489600E4	-2.265607E1	-1.899830E1	2.956744E1	1.114600E5	5.327697E3	6.671972E1	8.381359E1
1.745200E1	3.490400E4	-1.429315E1	-2.588448E1	2.956858E1	1.114811E5	5.259720E3	7.508265E1	9.069977E1
1.745600E1	3.491200E4	-4.019719E0	-2.881836E1	2.909736E1	1.115021E5	5.281855E3	8.535608E1	9.363365E1
1.746000E1	3.492000E4	6.498027E0	-2.738650E1	2.814684E1	1.115233E5	5.409294E3	9.587382E1	9.220179E1
1.746400E1	3.492800E4	1.551163E1	-2.188056E1	2.682107E1	1.115453E5	5.663239E3	1.048874E2	8.669585E1
1.746800E1	3.493600E4	2.180895E1	-1.328419E1	2.553625E1	1.115687E5	6.087061E3	1.111847E2	7.809948E1
1.747200E1	3.494400E4	2.429604E1	-2.540672E0	2.442851E1	1.115940E5	6.496616E3	1.136718E2	6.735596E1
1.747600E1	3.495200E4	2.273252E1	8.556659E0	2.428959E1	1.116206E5	6.523806E3	1.121083E2	5.625863E1
1.748000E1	3.496000E4	1.728569E1	1.803835E1	2.498354E1	1.116462E5	6.227695E3	1.066615E2	4.677694E1
1.748400E1	3.496800E4	8.757486E0	2.465951E1	2.616839E1	1.116704E5	5.875288E3	9.813328E1	4.015578E1
1.748800E1	3.497600E4	-1.544190E0	2.742279E1	2.746624E1	1.116932E5	5.533399E3	8.783161E1	3.739249E1
1.749200E1	3.498400E4	-1.192771E1	2.591437E1	2.852761E1	1.117147E5	5.317943E3	7.744808E1	3.890092E1
1.749600E1	3.499200E4	-2.083058E1	2.028057E1	2.907258E1	1.117358E5	5.296132E3	6.854521E1	4.453471E1
1.750000E1	3.500000E4	-2.703975E1	1.143069E1	2.935658E1	1.117571E5	5.345352E3	6.233604E1	5.338460E1
1.750400E1	3.500800E4	-2.940583E1	7.549703E-1	2.941552E1	1.117785E5	5.383147E3	5.996997E1	6.406032E1
1.750800E1	3.501600E4	-2.776589E1	-1.018815E1	2.957606E1	1.118001E5	5.332479E3	6.160990E1	7.500344E1
1.751200E1	3.502400E4	-2.234958E1	-1.955809E1	2.969887E1	1.118212E5	5.204443E3	6.702622E1	8.437338E1
1.751600E1	3.503200E4	-1.399138E1	-2.607760E1	2.959392E1	1.118418E5	5.167598E3	7.538442E1	9.089289E1
1.752000E1	3.504000E4	-3.784494E0	-2.886253E1	2.910959E1	1.118625E5	5.204364E3	8.559130E1	9.367782E1
1.752400E1	3.504800E4	6.586798E0	-2.760557E1	2.838051E1	1.118834E5	5.306506E3	9.596259E1	9.242086E1
1.752800E1	3.505600E4	1.546018E1	-2.209422E1	2.696612E1	1.119050E5	5.549015E3	1.048360E2	8.690950E1
1.753200E1	3.506400E4	2.164652E1	-1.362511E1	2.557763E1	1.119278E5	5.979449E3	1.110223E2	7.844039E1
1.753600E1	3.507200E4	2.436464E1	-3.070385E0	2.455734E1	1.119528E5	6.332368E3	1.137404E2	6.788567E1
1.754000E1	3.508000E4	2.302320E1	7.690560E0	2.427370E1	1.119785E5	6.384181E3	1.123990E2	5.712473E1
1.754400E1	3.508800E4	1.795628E1	1.727428E1	2.491644E1	1.120039E5	6.165354E3	1.073321E2	4.754100E1
1.754800E1	3.509600E4	9.904129E0	2.426203E1	2.620568E1	1.120278E5	5.752557E3	9.927992E1	4.055326E1
1.755200E1	3.510400E4	4.246965E-2	2.748143E1	2.748146E1	1.120499E5	5.421087E3	8.941827E1	3.733386E1
1.755600E1	3.511200E4	-1.022132E1	2.640317E1	2.831259E1	1.120712E5	5.304054E3	7.915447E1	3.841212E1
1.756000E1	3.512000E4	-1.951336E1	2.141193E1	2.896967E1	1.120923E5	5.280043E3	6.986244E1	4.340336E1
1.756400E1	3.512800E4	-2.620092E1	1.311873E1	2.930170E1	1.121134E5	5.306310E3	6.317487E1	5.169656E1
1.756800E1	3.513600E4	-2.939862E1	2.678396E0	2.952037E1	1.121348E5	5.317228E3	5.997718E1	6.213689E1
1.757200E1	3.514400E4	-2.852266E1	-8.146874E0	2.966334E1	1.121559E5	5.245455E3	6.085313E1	7.296216E1
1.757600E1	3.515200E4	-2.388085E1	-1.783788E1	2.980746E1	1.121768E5	5.157118E3	6.549495E1	8.265316E1
1.758000E1	3.516000E4	-1.618315E1	-2.510919E1	2.987249E1	1.121972E5	5.061036E3	7.319265E1	8.992448E1
1.758400E1	3.516800E4	-6.512154E0	-2.877095E1	2.949874E1	1.122172E5	5.031396E3	8.286364E1	9.358623E1
1.758800E1	3.517600E4	3.705618E0	-2.834210E1	2.858332E1	1.122374E5	5.134987E3	9.308141E1	9.315739E1
1.759200E1	3.518400E4	1.291765E1	-2.396443E1	2.722424E1	1.122583E5	5.409143E3	1.022934E2	8.877971E1
1.759600E1	3.519200E4	2.008414E1	-1.642576E1	2.594568E1	1.122807E5	5.829638E3	1.094599E2	8.124104E1
1.760000E1	3.520000E4	2.401439E1	-6.451123E0	2.486580E1	1.123050E5	6.193273E3	1.133902E2	7.126641E1
1.760400E1	3.520800E4	2.403299E1	4.353786E0	2.442417E1	1.123303E5	6.304081E3	1.134088E2	6.046150E1
1.760800E1	3.521600E4	2.029358E1	1.441974E1	2.489495E1	1.123554E5	6.137329E3	1.096694E2	5.039554E1
1.761200E1	3.522400E4	1.322499E1	2.233279E1	2.595484E1	1.123794E5	5.780363E3	1.026008E2	4.248250E1
1.761600E1	3.523200E4	3.955031E0	2.690969E1	2.719878E1	1.124016E5	5.393371E3	9.333083E1	3.790559E1
1.762000E1	3.524000E4	-6.080438E0	2.739570E1	2.806236E1	1.124225E5	5.200073E3	8.329536E1	3.741958E1
1.762400E1	3.524800E4	-1.567560E1	2.391887E1	2.859785E1	1.124432E5	5.215966E3	7.370020E1	4.089641E1
1.762800E1	3.525600E4	-2.337249E1	1.683099E1	2.880201E1	1.124642E5	5.279516E3	6.600330E1	4.798429E1
1.763200E1	3.526400E4	-2.805835E1	7.269147E0	2.898468E1	1.124855E5	5.271378E3	6.131745E1	5.754614E1
1.763600E1	3.527200E4	-2.881656E1	-3.238722E0	2.899799E1	1.125064E5	5.247955E3	6.055923E1	6.805401E1
1.764000E1	3.528000E4	-2.593794E1	-1.347897E1	2.923114E1	1.125275E5	5.190742E3	6.343786E1	7.829426E1
1.764400E1	3.528800E4	-1.968735E1	-2.181792E1	2.938730E1	1.125479E5	5.047265E3	6.968844E1	8.663321E1
1.764800E1	3.529600E4	-1.103556E1	-2.709226E1	2.925362E1	1.125678E5	4.983286E3	7.834023E1	9.190755E1
1.765200E1	3.530400E4	-1.105337E0	-2.883633E1	2.885751E1	1.125878E5	5.048701E3	8.827046E1	9.365162E1
1.765600E1	3.531200E4	8.806214E0	-2.674187E1	2.815452E1	1.126082E5	5.170371E3	9.818201E1	9.155716E1
1.766000E1	3.532000E4	1.693721E1	-2.079090E1	2.681661E1	1.126292E5	5.469939E3	1.063130E2	8.560619E1
1.766400E1	3.532800E4	2.262920E1	-1.203903E1	2.563238E1	1.126520E5	5.834889E3	1.120050E2	7.685431E1
1.766800E1	3.533600E4	2.468137E1	-1.792164E0	2.474635E1	1.126758E5	6.090655E3	1.140572E2	6.660745E1
1.767200E1	3.534400E4	2.308349E1	8.727904E0	2.467841E1	1.127007E5	6.105821E3	1.124593E2	5.608738E1
1.767600E1	3.535200E4	1.803214E1	1.784024E1	2.536597E1	1.127247E5	5.832832E3	1.074079E2	4.697505E1
1.768000E1	3.536000E4	1.018095E1	2.442732E1	2.646405E1	1.127474E5	5.508785E3	9.955675E1	4.038797E1
1.768400E1	3.536800E4	5.939276E-1	2.752272E1	2.752913E1	1.127688E5	5.266487E3	8.996972E1	3.729256E1
1.768800E1	3.537600E4	-9.448248E0	2.667181E1	2.829584E1	1.127895E5	5.143866E3	7.992755E1	3.814348E1
1.769200E1	3.538400E4	-1.849437E1	2.210749E1	2.882331E1	1.128099E5	5.138971E3	7.088142E1	4.270779E1
1.769600E1	3.539200E4	-2.527304E1	1.423017E1	2.900387E1	1.128306E5	5.157929E3	6.410275E1	5.058512E1
1.770000E1	3.540000E4	-2.885262E1	4.477895E0	2.919803E1	1.128512E5	5.154884E3	6.052318E1	6.033739E1
1.770400E1	3.540800E4	-2.860856E1	-6.006385E0	2.923228E1	1.128719E5	5.141280E3	6.076724E1	7.082167E1
1.770800E1	3.541600E4	-2.492858E1	-1.576429E1	2.949486E1	1.128923E5	5.039931E3	6.444722E1	8.057958E1
1.771200E1	3.542400E4	-1.807268E1	-2.327945E1	2.947125E1	1.129122E5	4.958067E3	7.130312E1	8.809473E1
1.771600E1	3.543200E4	-9.058250E0	-2.783365E1	2.927053E1	1.129320E5	4.932102E3	8.031755E1	9.264893E1
1.772000E1	3.544000E4	8.236260E-1	-2.888413E1	2.889587E1	1.129516E5	4.915769E3	9.019942E1	9.369941E1
1.772400E1	3.544800E4	1.014120E1	-2.601208E1	2.791903E1	1.129713E5	5.062090E3	9.951699E1	9.082736E1
1.772800E1	3.545600E4	1.794288E1	-1.983685E1	2.674785E1	1.129921E5	5.394831E3	1.073187E2	8.465214E1
1.773200E1	3.546400E4	2.311963E1	-1.104845E1	2.562393E1	1.130145E5	5.760831E3	1.124954E2	7.586374E1
1.773600E1	3.547200E4	2.470194E1	-7.690806E-1	2.471391E1	1.130382E5	6.043532E3	1.140777E2	6.558437E1
1.774000E1	3.548000E4	2.262638E1	9.514028E0	2.454526E1	1.130628E5	6.074133E3	1.120022E2	5.530126E1
1.774400E1	3.548800E4	1.723930E1	1.836427E1	2.518809E1	1.130868E5	5.811313E3	1.066151E2	4.645102E1
1.774800E1	3.549600E4	9.310962E0	2.463615E1	2.633693E1	1.131093E5	5.433765E3	9.868676E1	4.017913E1
1.775200E1	3.550400E4	-1.337585E-1	2.738080E1	2.738113E1	1.131303E5	5.176886E3	8.924204E1	3.743448E1
1.775600E1	3.551200E4	-1.002322E1	2.650952E1	2.834113E1	1.131507E5	5.049836E3	7.935257E1	3.830576E1
1.776000E1	3.552000E4	-1.875058E1	2.181605E1	2.876672E1	1.131707E5	5.030558E3	7.062522E1	4.299924E1
1.776400E1	3.552800E4	-2.530918E1	1.405452E1	2.894968E1	1.131910E5	5.102863E3	6.406661E1	5.076077E1
1.776800E1	3.553600E4	-2.887440E1	4.314541E0	2.919497E1	1.132115E5	5.087396E3	6.050140E1	6.050075E1
1.777200E1	3.554400E4	-2.875995E1	-5.932446E0	2.936543E1	1.132317E5	5.015994E3	6.061585E1	7.074773E1
1.777600E1	3.555200E4	-2.525107E1	-1.555246E1	2.965629E1	1.132516E5	4.918305E3	6.412472E1	8.036774E1
1.778000E1	3.556000E4	-1.875438E1	-2.316108E1	2.980205E1	1.132710E5	4.798995E3	7.062142E1	8.797637E1
1.778400E1	3.556800E4	-1.014856E1	-2.791537E1	2.970288E1	1.132900E5	4.733431E3	7.922724E1	9.273066E1
1.778800E1	3.557600E4	-5.758399E-1	-2.917002E1	2.917570E1	1.133089E5	4.788952E3	8.879996E1	9.398530E1
1.779200E1	3.558400E4	8.848736E0	-2.670448E1	2.813236E1	1.133283E5	4.979427E3	9.822453E1	9.151977E1
1.779600E1	3.559200E4	1.665312E1	-2.078315E1	2.663204E1	1.133487E5	5.347145E3	1.060289E2	8.559843E1
1.780000E1	3.560000E4	2.208548E1	-1.218672E1	2.522468E1	1.133711E5	5.745355E3	1.114613E2	7.700201E1
1.780400E1	3.560800E4	2.435538E1	-2.273385E0	2.446125E1	1.133947E5	5.958811E3	1.137312E2	6.708867E1
1.780800E1	3.561600E4	2.301429E1	7.826034E0	2.430852E1	1.134188E5	5.965498E3	1.123901E2	5.698925E1
1.781200E1	3.562400E4	1.845197E1	1.684384E1	2.498380E1	1.134424E5	5.733635E3	1.078278E2	4.797145E1
1.781600E1	3.563200E4	1.113376E1	2.350029E1	2.600431E1	1.134646E5	5.397479E3	1.005096E2	4.131500E1
1.782000E1	3.564000E4	2.099076E0	2.710153E1	2.718269E1	1.134856E5	5.112192E3	9.147487E1	3.771376E1
1.782400E1	3.564800E4	-7.481499E0	2.689122E1	2.791255E1	1.135055E5	4.994384E3	8.189430E1	3.792406E1
1.782800E1	3.565600E4	-1.652165E1	2.314009E1	2.843288E1	1.135255E5	5.004413E3	7.285415E1	4.167520E1
1.783200E1	3.566400E4	-2.367355E1	1.622019E1	2.869724E1	1.135456E5	5.015128E3	6.570225E1	4.859510E1
1.783600E1	3.567200E4	-2.808897E1	7.187337E0	2.899393E1	1.135656E5	4.988927E3	6.128683E1	5.762795E1
1.784000E1	3.568000E4	-2.904022E1	-2.793188E0	2.917424E1	1.135855E5	4.938852E3	6.033557E1	6.760847E1
1.784400E1	3.568800E4	-2.654446E1	-1.246715E1	2.932641E1	1.136052E5	4.867829E3	6.283134E1	7.728244E1
1.784800E1	3.569600E4	-2.113230E1	-2.072076E1	2.959602E1	1.136244E5	4.732099E3	6.824349E1	8.553605E1
1.785200E1	3.570400E4	-1.343553E1	-2.638562E1	2.960936E1	1.136430E5	4.648069E3	7.594027E1	9.120090E1
1.785600E1	3.571200E4	-4.257871E0	-2.890819E1	2.922008E1	1.136616E5	4.672860E3	8.511793E1	9.372347E1
1.786000E1	3.572000E4	5.122598E0	-2.791706E1	2.838315E1	1.136804E5	4.815949E3	9.449839E1	9.273235E1
1.786400E1	3.572800E4	1.369671E1	-2.358178E1	2.727087E1	1.137001E5	5.084173E3	1.030725E2	8.839707E1
1.786800E1	3.573600E4	2.007878E1	-1.621825E1	2.581063E1	1.137211E5	5.470515E3	1.094546E2	8.103353E1
1.787200E1	3.574400E4	2.378440E1	-6.859217E0	2.475372E1	1.137439E5	5.760050E3	1.131602E2	7.167450E1
1.787600E1	3.575200E4	2.399542E1	3.010702E0	2.418356E1	1.137672E5	5.866693E3	1.133712E2	6.180459E1
1.788000E1	3.576000E4	2.096467E1	1.252049E1	2.441885E1	1.137908E5	5.798954E3	1.103405E2	5.229480E1
1.788400E1	3.576800E4	1.509171E1	2.042743E1	2.539763E1	1.138135E5	5.497725E3	1.044675E2	4.438785E1
1.788800E1	3.577600E4	6.962069E0	2.567467E1	2.660187E1	1.138348E5	5.152299E3	9.633786E1	3.914061E1
1.789200E1	3.578400E4	-2.287573E0	2.746304E1	2.755815E1	1.138548E5	4.944965E3	8.708822E1	3.735225E1
1.789600E1	3.579200E4	-1.168985E1	2.578453E1	2.831068E1	1.138744E5	4.882850E3	7.768595E1	3.903076E1
1.790000E1	3.580000E4	-1.985350E1	2.068544E1	2.867140E1	1.138938E5	4.893192E3	6.952229E1	4.412984E1
1.790400E1	3.580800E4	-2.579374E1	1.284146E1	2.881354E1	1.139135E5	4.936104E3	6.358205E1	5.197382E1
1.790800E1	3.581600E4	-2.879546E1	3.375977E0	2.899269E1	1.139333E5	4.915046E3	6.058033E1	6.143931E1
1.791200E1	3.582400E4	-2.845911E1	-6.493896E0	2.919061E1	1.139529E5	4.844967E3	6.091669E1	7.130918E1
1.791600E1	3.583200E4	-2.499285E1	-1.566152E1	2.949451E1	1.139721E5	4.762739E3	6.438294E1	8.047681E1
1.792000E1	3.584000E4	-1.864186E1	-2.298449E1	2.959401E1	1.139910E5	4.670872E3	7.073394E1	8.779977E1
1.792400E1	3.584800E4	-1.038667E1	-2.769181E1	2.957566E1	1.140094E5	4.572399E3	7.898912E1	9.250710E1
1.792800E1	3.585600E4	-1.250238E0	-2.904199E1	2.906888E1	1.140275E5	4.562251E3	8.812556E1	9.385727E1
1.793200E1	3.586400E4	7.729670E0	-2.706725E1	2.814932E1	1.140459E5	4.727496E3	9.710547E1	9.188254E1
1.793600E1	3.587200E4	1.555356E1	-2.192248E1	2.687951E1	1.140654E5	5.044836E3	1.049294E2	8.673776E1
1.794000E1	3.588000E4	2.125022E1	-1.417397E1	2.554356E1	1.140863E5	5.430231E3	1.106260E2	7.898925E1
1.794400E1	3.588800E4	2.403714E1	-4.760879E0	2.450408E1	1.141088E5	5.787589E3	1.134129E2	6.957617E1
1.794800E1	3.589600E4	2.359030E1	5.271889E0	2.417220E1	1.141326E5	5.887643E3	1.129661E2	5.954340E1
1.795200E1	3.590400E4	1.998802E1	1.446781E1	2.467465E1	1.141559E5	5.650518E3	1.093638E2	5.034747E1
1.795600E1	3.591200E4	1.372577E1	2.179738E1	2.575893E1	1.141778E5	5.312670E3	1.031016E2	4.301791E1
1.796000E1	3.592000E4	5.408375E0	2.634590E1	2.689530E1	1.141984E5	5.021404E3	9.478417E1	3.846939E1
1.796400E1	3.592800E4	-3.871696E0	2.764422E1	2.791402E1	1.142180E5	4.793370E3	8.550410E1	3.717107E1
1.796800E1	3.593600E4	-1.283881E1	2.547588E1	2.852815E1	1.142367E5	4.721336E3	7.653699E1	3.933941E1
1.797200E1	3.594400E4	-2.069094E1	2.016089E1	2.888904E1	1.142557E5	4.807534E3	6.868486E1	4.465439E1
1.797600E1	3.595200E4	-2.635365E1	1.217346E1	2.902943E1	1.142752E5	4.873278E3	6.302215E1	5.264183E1
1.798000E1	3.596000E4	-2.914779E1	2.688777E0	2.927154E1	1.142947E5	4.838668E3	6.022801E1	6.212651E1
1.798400E1	3.596800E4	-2.875110E1	-7.123628E0	2.962046E1	1.143139E5	4.735665E3	6.062470E1	7.193891E1
1.798800E1	3.597600E4	-2.514760E1	-1.609178E1	2.985544E1	1.143326E5	4.609718E3	6.422820E1	8.090707E1
1.799200E1	3.598400E4	-1.907179E1	-2.337900E1	3.017135E1	1.143508E5	4.515292E3	7.030401E1	8.819428E1
1.799600E1	3.599200E4	-1.084528E1	-2.787023E1	2.990601E1	1.143687E5	4.495710E3	7.853052E1	9.268551E1
1.800000E1	3.600000E4	-1.661561E0	-2.934505E1	2.939205E1	1.143868E5	4.537888E3	8.771424E1	9.416033E1
1.800400E1	3.600800E4	7.362394E0	-2.739963E1	2.837154E1	1.144050E5	4.681831E3	9.673819E1	9.221491E1
1.800800E1	3.601600E4	1.523223E1	-2.240182E1	2.708989E1	1.144242E5	4.978071E3	1.046080E2	8.721710E1
1.801200E1	3.602400E4	2.105197E1	-1.481484E1	2.574228E1	1.144449E5	5.360532E3	1.104278E2	7.963013E1
1.801600E1	3.603200E4	2.411151E1	-5.523073E0	2.473599E1	1.144671E5	5.647861E3	1.134873E2	7.033836E1
1.802000E1	3.604000E4	2.401630E1	4.255387E0	2.439039E1	1.144900E5	5.710854E3	1.133921E2	6.055990E1
1.802400E1	3.604800E4	2.092028E1	1.347446E1	2.488412E1	1.145128E5	5.509662E3	1.102961E2	5.134082E1
1.802800E1	3.605600E4	1.516755E1	2.097248E1	2.588242E1	1.145341E5	5.188236E3	1.045433E2	4.384281E1
1.803200E1	3.606400E4	7.265671E0	2.583272E1	2.683504E1	1.145543E5	4.934874E3	9.664147E1	3.898257E1
1.803600E1	3.607200E4	-1.737640E0	2.758750E1	2.764217E1	1.145736E5	4.771083E3	8.763816E1	3.722778E1
1.804000E1	3.608000E4	-1.077957E1	2.607620E1	2.821644E1	1.145925E5	4.721785E3	7.859623E1	3.873908E1
1.804400E1	3.608800E4	-1.880803E1	2.134977E1	2.845267E1	1.146114E5	4.751330E3	7.056776E1	4.346552E1
1.804800E1	3.609600E4	-2.491734E1	1.411465E1	2.863734E1	1.146305E5	4.805662E3	6.445846E1	5.070063E1
1.805200E1	3.610400E4	-2.831593E1	5.082765E0	2.876850E1	1.146498E5	4.833602E3	6.105986E1	5.973252E1
1.805600E1	3.611200E4	-2.885833E1	-4.642523E0	2.922937E1	1.146691E5	4.722240E3	6.051747E1	6.945781E1
1.806000E1	3.612000E4	-2.615348E1	-1.367363E1	2.951225E1	1.146876E5	4.556525E3	6.322232E1	7.848892E1
1.806400E1	3.612800E4	-2.087379E1	-2.130909E1	2.982938E1	1.147056E5	4.465897E3	6.850201E1	8.612437E1
1.806800E1	3.613600E4	-1.340166E1	-2.667960E1	2.985641E1	1.147233E5	4.395614E3	7.597414E1	9.149488E1
1.807200E1	3.614400E4	-4.727237E0	-2.904596E1	2.942812E1	1.147408E5	4.422665E3	8.464856E1	9.386124E1
1.807600E1	3.615200E4	4.344205E0	-2.835613E1	2.868697E1	1.147587E5	4.554759E3	9.372000E1	9.317141E1
1.808000E1	3.616000E4	1.258254E1	-2.448906E1	2.753242E1	1.147772E5	4.765729E3	1.019583E2	8.930434E1
1.808400E1	3.616800E4	1.910736E1	-1.792048E1	2.619608E1	1.147968E5	5.100491E3	1.084832E2	8.273577E1
1.808800E1	3.617600E4	2.329414E1	-9.412321E0	2.512387E1	1.148180E5	5.417818E3	1.126699E2	7.422761E1
1.809200E1	3.618400E4	2.451854E1	7.637028E-2	2.451866E1	1.148402E5	5.568394E3	1.138943E2	6.473892E1
1.809600E1	3.619200E4	2.261329E1	9.387681E0	2.448447E1	1.148625E5	5.522718E3	1.119891E2	5.542761E1
1.810000E1	3.620000E4	1.804179E1	1.764330E1	2.523474E1	1.148844E5	5.270015E3	1.074176E2	4.717199E1
1.810400E1	3.620800E4	1.122498E1	2.375245E1	2.627126E1	1.149047E5	4.963357E3	1.006008E2	4.106284E1
1.810800E1	3.621600E4	2.808006E0	2.702060E1	2.716611E1	1.149241E5	4.800492E3	9.218380E1	3.779469E1
1.811200E1	3.622400E4	-6.315956E0	2.712116E1	2.784688E1	1.149431E5	4.705688E3	8.305984E1	3.769413E1
1.811600E1	3.623200E4	-1.489939E1	2.411234E1	2.834426E1	1.149617E5	4.650347E3	7.447640E1	4.070295E1
1.812000E1	3.624000E4	-2.196728E1	1.822974E1	2.854619E1	1.149803E5	4.662371E3	6.740851E1	4.658555E1
1.812400E1	3.624800E4	-2.690563E1	1.032188E1	2.881760E1	1.149990E5	4.681931E3	6.247017E1	5.449340E1
1.812800E1	3.625600E4	-2.901984E1	1.131276E0	2.904188E1	1.150178E5	4.665500E3	6.035596E1	6.368401E1
1.813200E1	3.626400E4	-2.818444E1	-8.260688E0	2.937008E1	1.150363E5	4.589938E3	6.119136E1	7.307598E1
1.813600E1	3.627200E4	-2.463332E1	-1.692184E1	2.988560E1	1.150545E5	4.463665E3	6.474247E1	8.173712E1
1.814000E1	3.628000E4	-1.859755E1	-2.384224E1	3.023775E1	1.150720E5	4.332011E3	7.077824E1	8.865753E1
1.814400E1	3.628800E4	-1.076083E1	-2.824367E1	3.022417E1	1.150891E5	4.268686E3	7.861496E1	9.305896E1
1.814800E1	3.629600E4	-1.965444E0	-2.954713E1	2.961243E1	1.151062E5	4.316740E3	8.741035E1	9.436241E1
1.815200E1	3.630400E4	6.781376E0	-2.786675E1	2.868001E1	1.151237E5	4.447971E3	9.615717E1	9.268204E1
1.815600E1	3.631200E4	1.446299E1	-2.334631E1	2.746321E1	1.151418E5	4.717772E3	1.038388E2	8.816160E1
1.816000E1	3.632000E4	2.031566E1	-1.620660E1	2.598807E1	1.151614E5	5.092803E3	1.096915E2	8.102188E1
1.816400E1	3.632800E4	2.368178E1	-7.457500E0	2.482823E1	1.151825E5	5.395292E3	1.130576E2	7.227279E1
1.816800E1	3.633600E4	2.419516E1	1.938876E0	2.427272E1	1.152046E5	5.486725E3	1.135710E2	6.287641E1
1.817200E1	3.634400E4	2.191925E1	1.088765E1	2.447437E1	1.152264E5	5.370690E3	1.112950E2	5.392763E1
1.817600E1	3.635200E4	1.702206E1	1.860701E1	2.521847E1	1.152475E5	5.148630E3	1.063979E2	4.620828E1
1.818000E1	3.636000E4	9.993285E0	2.424960E1	2.622801E1	1.152676E5	4.877438E3	9.936908E1	4.056569E1
1.818400E1	3.636800E4	1.625585E0	2.709509E1	2.714381E1	1.152866E5	4.698310E3	9.100138E1	3.772020E1
1.818800E1	3.637600E4	-7.254727E0	2.672051E1	2.768784E1	1.153052E5	4.629307E3	8.212107E1	3.809478E1
1.819200E1	3.638400E4	-1.562834E1	2.352158E1	2.824021E1	1.153236E5	4.609580E3	7.374746E1	4.129371E1
1.819600E1	3.639200E4	-2.252074E1	1.755306E1	2.855335E1	1.153421E5	4.629723E3	6.685506E1	4.726222E1
1.820000E1	3.640000E4	-2.728433E1	9.587536E0	2.891982E1	1.153606E5	4.620156E3	6.209146E1	5.522775E1
1.820400E1	3.640800E4	-2.933718E1	4.978629E-1	2.934140E1	1.153790E5	4.532265E3	6.003862E1	6.431742E1
1.820800E1	3.641600E4	-2.853019E1	-8.666490E0	2.981744E1	1.153969E5	4.426738E3	6.084561E1	7.348178E1
1.821200E1	3.642400E4	-2.482044E1	-1.702143E1	3.009623E1	1.154144E5	4.334429E3	6.455536E1	8.183672E1
1.821600E1	3.643200E4	-1.884770E1	-2.375638E1	3.032493E1	1.154316E5	4.223971E3	7.052809E1	8.857166E1
1.822000E1	3.644000E4	-1.115800E1	-2.794427E1	3.008958E1	1.154482E5	4.158851E3	7.821780E1	9.275955E1
1.822400E1	3.644800E4	-2.655191E0	-2.942151E1	2.954108E1	1.154648E5	4.239479E3	8.672061E1	9.423680E1
1.822800E1	3.645600E4	5.992309E0	-2.783481E1	2.847252E1	1.154821E5	4.421419E3	9.536811E1	9.265010E1
1.823200E1	3.646400E4	1.376208E1	-2.363180E1	2.734697E1	1.155002E5	4.681841E3	1.031379E2	8.844708E1
1.823600E1	3.647200E4	1.964790E1	-1.671931E1	2.579875E1	1.155196E5	5.045330E3	1.090237E2	8.153460E1
1.824000E1	3.648000E4	2.326904E1	-8.204723E0	2.467318E1	1.155406E5	5.328655E3	1.126448E2	7.302001E1
1.824400E1	3.648800E4	2.421399E1	9.442755E-1	2.423240E1	1.155622E5	5.414423E3	1.135898E2	6.387101E1
1.824800E1	3.649600E4	2.235385E1	9.902411E0	2.444897E1	1.155839E5	5.325809E3	1.117296E2	5.491288E1
1.825200E1	3.650400E4	1.787778E1	1.777803E1	2.521256E1	1.156048E5	5.096431E3	1.072536E2	4.703726E1
1.825600E1	3.651200E4	1.117946E1	2.361197E1	2.612481E1	1.156247E5	4.799494E3	1.005553E2	4.120331E1
1.826000E1	3.652000E4	3.191643E0	2.690838E1	2.709700E1	1.156432E5	4.568447E3	9.256744E1	3.790691E1
1.826400E1	3.652800E4	-5.401599E0	2.725103E1	2.778121E1	1.156612E5	4.493262E3	8.397420E1	3.756426E1
1.826800E1	3.653600E4	-1.383819E1	2.477904E1	2.838127E1	1.156792E5	4.477184E3	7.553760E1	4.003624E1
1.827200E1	3.654400E4	-2.096267E1	1.952811E1	2.864927E1	1.156970E5	4.501463E3	6.841312E1	4.528718E1
1.827600E1	3.655200E4	-2.620020E1	1.210982E1	2.886344E1	1.157152E5	4.562646E3	6.317559E1	5.270547E1
1.828000E1	3.656000E4	-2.906841E1	3.296369E0	2.925472E1	1.157335E5	4.505082E3	6.030738E1	6.151892E1
1.828400E1	3.656800E4	-2.899517E1	-5.759149E0	2.956159E1	1.157512E5	4.371663E3	6.038063E1	7.057444E1
1.828800E1	3.657600E4	-2.620100E1	-1.422810E1	2.981495E1	1.157685E5	4.263858E3	6.317480E1	7.904339E1
1.829200E1	3.658400E4	-2.122291E1	-2.148004E1	3.019610E1	1.157853E5	4.147351E3	6.815288E1	8.629533E1
1.829600E1	3.659200E4	-1.433351E1	-2.660063E1	3.021660E1	1.158017E5	4.074575E3	7.504228E1	9.141591E1
1.830000E1	3.660000E4	-6.211972E0	-2.907925E1	2.973535E1	1.158179E5	4.121706E3	8.316382E1	9.389453E1
1.830400E1	3.660800E4	2.342499E0	-2.876261E1	2.885785E1	1.158347E5	4.269908E3	9.171830E1	9.357790E1
1.830800E1	3.661600E4	1.036034E1	-2.551334E1	2.753665E1	1.158521E5	4.519547E3	9.973613E1	9.032862E1
1.831200E1	3.662400E4	1.710161E1	-1.980373E1	2.616587E1	1.158708E5	4.885118E3	1.064774E2	8.461901E1
1.831600E1	3.663200E4	2.187899E1	-1.203713E1	2.497164E1	1.158912E5	5.151586E3	1.112548E2	7.685241E1
1.832000E1	3.664000E4	2.398920E1	-3.360745E0	2.422347E1	1.159120E5	5.306170E3	1.133650E2	6.817603E1
1.832400E1	3.664800E4	2.360377E1	5.723943E0	2.428789E1	1.159336E5	5.313038E3	1.129796E2	5.909134E1
1.832800E1	3.665600E4	2.052155E1	1.411959E1	2.490977E1	1.159545E5	5.065828E3	1.098973E2	5.069570E1
1.833200E1	3.666400E4	1.508735E1	2.088667E1	2.576588E1	1.159742E5	4.779725E3	1.044631E2	4.392862E1
1.833600E1	3.667200E4	7.934060E0	2.557897E1	2.678121E1	1.159928E5	4.535562E3	9.730986E1	3.923632E1
1.834000E1	3.668000E4	-2.129232E-1	2.758281E1	2.758363E1	1.160104E5	4.422447E3	8.916287E1	3.723248E1
1.834400E1	3.668800E4	-8.805498E0	2.686615E1	2.827237E1	1.160281E5	4.393116E3	8.057030E1	3.794914E1
1.834800E1	3.669600E4	-1.663531E1	2.324691E1	2.858588E1	1.160456E5	4.378103E3	7.274049E1	4.156837E1
1.835200E1	3.670400E4	-2.312456E1	1.731726E1	2.889001E1	1.160632E5	4.433737E3	6.625124E1	4.749803E1
1.835600E1	3.671200E4	-2.768216E1	9.500883E0	2.926720E1	1.160811E5	4.446509E3	6.169364E1	5.531440E1
1.836000E1	3.672000E4	-2.952740E1	6.475466E-1	2.953450E1	1.160987E5	4.367540E3	5.984839E1	6.416774E1
1.836400E1	3.672800E4	-2.873251E1	-8.237514E0	2.989003E1	1.161160E5	4.258006E3	6.064329E1	7.305280E1
1.836800E1	3.673600E4	-2.540777E1	-1.637904E1	3.022959E1	1.161328E5	4.148118E3	6.396802E1	8.119433E1
1.837200E1	3.674400E4	-1.987907E1	-2.301580E1	3.041225E1	1.161492E5	4.064903E3	6.949672E1	8.783109E1
1.837600E1	3.675200E4	-1.263601E1	-2.750672E1	3.027026E1	1.161653E5	4.032189E3	7.673979E1	9.232201E1
1.838000E1	3.676000E4	-4.408974E0	-2.929083E1	2.962080E1	1.161814E5	4.099801E3	8.496682E1	9.410611E1
1.838400E1	3.676800E4	4.038322E0	-2.828498E1	2.857181E1	1.161981E5	4.261247E3	9.341412E1	9.310027E1
1.838800E1	3.677600E4	1.182989E1	-2.476867E1	2.744874E1	1.162155E5	4.494757E3	1.012057E2	8.958396E1
1.839200E1	3.678400E4	1.806463E1	-1.865206E1	2.596594E1	1.162341E5	4.840272E3	1.074404E2	8.346734E1
1.839600E1	3.679200E4	2.241080E1	-1.080871E1	2.488116E1	1.162543E5	5.135071E3	1.117866E2	7.562400E1
1.840000E1	3.680000E4	2.432758E1	-2.058244E0	2.441449E1	1.162752E5	5.228925E3	1.137034E2	6.687353E1
1.840400E1	3.680800E4	2.359739E1	6.803640E0	2.455863E1	1.162961E5	5.118542E3	1.129732E2	5.801165E1
1.840800E1	3.681600E4	2.037197E1	1.486221E1	2.521710E1	1.163161E5	4.905222E3	1.097478E2	4.995308E1
1.841200E1	3.682400E4	1.486590E1	2.148927E1	2.613013E1	1.163353E5	4.691881E3	1.042417E2	4.332602E1
1.841600E1	3.683200E4	7.615087E0	2.595305E1	2.704719E1	1.163536E5	4.471743E3	9.699088E1	3.886224E1
1.842000E1	3.684000E4	-5.326008E-1	2.775996E1	2.776507E1	1.163711E5	4.323921E3	8.884320E1	3.705533E1
1.842400E1	3.684800E4	-8.854044E0	2.686849E1	2.828975E1	1.163882E5	4.285573E3	8.052175E1	3.794680E1
1.842800E1	3.685600E4	-1.656640E1	2.332522E1	2.860964E1	1.164054E5	4.298326E3	7.280939E1	4.149007E1
1.843200E1	3.686400E4	-2.297097E1	1.754654E1	2.890582E1	1.164226E5	4.348127E3	6.640483E1	4.726875E1
1.843600E1	3.687200E4	-2.738783E1	9.877108E0	2.911444E1	1.164402E5	4.370338E3	6.198796E1	5.493818E1
1.844000E1	3.688000E4	-2.949297E1	1.242286E0	2.951913E1	1.164576E5	4.278036E3	5.988282E1	6.357300E1
1.844400E1	3.688800E4	-2.895948E1	-7.431777E0	2.989787E1	1.164744E5	4.180612E3	6.041632E1	7.224706E1
1.844800E1	3.689600E4	-2.586139E1	-1.555934E1	3.018120E1	1.164910E5	4.096953E3	6.351440E1	8.037463E1
1.845200E1	3.690400E4	-2.061763E1	-2.224059E1	3.032706E1	1.165072E5	3.982190E3	6.875817E1	8.705588E1
1.845600E1	3.691200E4	-1.378565E1	-2.692848E1	3.025206E1	1.165229E5	3.947295E3	7.559015E1	9.174376E1
1.846000E1	3.692000E4	-5.810544E0	-2.920362E1	2.977606E1	1.165387E5	3.995527E3	8.356525E1	9.401890E1
1.846400E1	3.692800E4	2.449522E0	-2.884043E1	2.894427E1	1.165549E5	4.105147E3	9.182532E1	9.365572E1
1.846800E1	3.693600E4	1.023880E1	-2.587584E1	2.782790E1	1.165716E5	4.320516E3	9.961460E1	9.069112E1
1.847200E1	3.694400E4	1.685661E1	-2.050784E1	2.654650E1	1.165894E5	4.617095E3	1.062324E2	8.532312E1
1.847600E1	3.695200E4	2.152713E1	-1.317895E1	2.524088E1	1.166085E5	4.905160E3	1.109029E2	7.799424E1
1.848000E1	3.696000E4	2.412950E1	-4.839030E0	2.460993E1	1.166287E5	5.062707E3	1.135053E2	6.965432E1
1.848400E1	3.696800E4	2.415988E1	3.838051E0	2.446283E1	1.166490E5	5.061376E3	1.135357E2	6.097724E1
1.848800E1	3.697600E4	2.177484E1	1.214517E1	2.493288E1	1.166692E5	4.902925E3	1.111506E2	5.267012E1
1.849200E1	3.698400E4	1.696760E1	1.901060E1	2.548141E1	1.166883E5	4.659108E3	1.063434E2	4.580469E1
1.849600E1	3.699200E4	1.053346E1	2.413765E1	2.633591E1	1.167064E5	4.487864E3	9.990926E1	4.067764E1
1.850000E1	3.700000E4	2.744926E0	2.680421E1	2.694439E1	1.167242E5	4.426362E3	9.212072E1	3.801108E1
1.850400E1	3.700800E4	-5.656449E0	2.699385E1	2.758012E1	1.167418E5	4.352732E3	8.371935E1	3.782144E1
1.850800E1	3.701600E4	-1.355432E1	2.447804E1	2.798024E1	1.167590E5	4.293449E3	7.582148E1	4.033724E1
1.851200E1	3.702400E4	-2.054960E1	1.971844E1	2.847987E1	1.167762E5	4.329480E3	6.882620E1	4.509684E1
1.851600E1	3.703200E4	-2.583934E1	1.282079E1	2.884518E1	1.167936E5	4.326637E3	6.353646E1	5.199449E1
1.852000E1	3.704000E4	-2.897245E1	4.694825E0	2.935037E1	1.168108E5	4.234147E3	6.040335E1	6.012046E1
1.852400E1	3.704800E4	-2.958168E1	-3.885989E0	2.983583E1	1.168275E5	4.153000E3	5.979412E1	6.870128E1
1.852800E1	3.705600E4	-2.785169E1	-1.241176E1	3.049211E1	1.168440E5	4.019570E3	6.152410E1	7.722705E1
1.853200E1	3.706400E4	-2.381974E1	-1.973368E1	3.093215E1	1.168596E5	3.852717E3	6.555605E1	8.454897E1
1.853600E1	3.707200E4	-1.782407E1	-2.530593E1	3.095299E1	1.168748E5	3.815969E3	7.155172E1	9.012121E1
1.854000E1	3.708000E4	-1.039288E1	-2.881698E1	3.063381E1	1.168902E5	3.830229E3	7.898292E1	9.363227E1
1.854400E1	3.708800E4	-2.345571E0	-2.969144E1	2.978395E1	1.169055E5	3.906984E3	8.703023E1	9.450673E1
1.854800E1	3.709600E4	5.685255E0	-2.813497E1	2.870363E1	1.169214E5	4.065529E3	9.506105E1	9.295025E1
1.855200E1	3.710400E4	1.287720E1	-2.421099E1	2.742251E1	1.169380E5	4.329452E3	1.022530E2	8.902628E1
1.855600E1	3.711200E4	1.874591E1	-1.806507E1	2.603374E1	1.169561E5	4.657495E3	1.081217E2	8.288036E1
1.856000E1	3.712000E4	2.267074E1	-1.044305E1	2.496037E1	1.169753E5	4.916414E3	1.120465E2	7.525834E1
1.856400E1	3.712800E4	2.442246E1	-1.968888E0	2.450169E1	1.169954E5	5.030898E3	1.137983E2	6.678417E1
1.856800E1	3.713600E4	2.369320E1	6.577158E0	2.458915E1	1.170155E5	4.955091E3	1.130690E2	5.823813E1
1.857200E1	3.714400E4	2.060190E1	1.444257E1	2.516001E1	1.170350E5	4.746768E3	1.099777E2	5.037272E1
1.857600E1	3.715200E4	1.547829E1	2.090904E1	2.601472E1	1.170535E5	4.512648E3	1.048541E2	4.390625E1
1.858000E1	3.716000E4	8.664082E0	2.535308E1	2.679263E1	1.170711E5	4.344168E3	9.803988E1	3.946220E1
1.858400E1	3.716800E4	8.448414E-1	2.752565E1	2.753861E1	1.170882E5	4.264281E3	9.022064E1	3.728964E1
1.858800E1	3.717600E4	-7.402990E0	2.715934E1	2.815021E1	1.171052E5	4.234524E3	8.197281E1	3.765595E1
1.859200E1	3.718400E4	-1.512620E1	2.409625E1	2.845051E1	1.171221E5	4.223801E3	7.424960E1	4.071903E1
1.859600E1	3.719200E4	-2.181883E1	1.894179E1	2.889382E1	1.171390E5	4.233297E3	6.755696E1	4.587350E1
1.860000E1	3.720000E4	-2.670961E1	1.190052E1	2.924082E1	1.171560E5	4.205731E3	6.266618E1	5.291477E1
1.860400E1	3.720800E4	-2.953140E1	3.791800E0	2.977384E1	1.171727E5	4.111524E3	5.984439E1	6.102349E1
1.860800E1	3.721600E4	-3.004369E1	-4.692220E0	3.040790E1	1.171889E5	3.977159E3	5.933211E1	6.950751E1
1.861200E1	3.722400E4	-2.807096E1	-1.279302E1	3.084867E1	1.172045E5	3.838581E3	6.130483E1	7.760831E1
1.861600E1	3.723200E4	-2.392437E1	-1.978168E1	3.104337E1	1.172196E5	3.752163E3	6.545142E1	8.459697E1
1.862000E1	3.724000E4	-1.795410E1	-2.518736E1	3.093142E1	1.172345E5	3.753657E3	7.142170E1	9.000264E1
1.862400E1	3.724800E4	-1.061607E1	-2.856810E1	3.047683E1	1.172496E5	3.794378E3	7.875973E1	9.338338E1
1.862800E1	3.725600E4	-2.644899E0	-2.947812E1	2.959654E1	1.172649E5	3.895043E3	8.673090E1	9.429341E1
1.863200E1	3.726400E4	5.325490E0	-2.798356E1	2.848580E1	1.172808E5	4.055017E3	9.470129E1	9.279885E1
1.863600E1	3.727200E4	1.252584E1	-2.425481E1	2.729821E1	1.172973E5	4.302967E3	1.019016E2	8.907010E1
1.864000E1	3.728000E4	1.847534E1	-1.834762E1	2.603792E1	1.173152E5	4.613697E3	1.078511E2	8.316291E1
1.864400E1	3.728800E4	2.260299E1	-1.091570E1	2.510075E1	1.173342E5	4.800339E3	1.119788E2	7.573099E1
1.864800E1	3.729600E4	2.448409E1	-2.745712E0	2.463757E1	1.173536E5	4.894559E3	1.138599E2	6.756100E1
1.865200E1	3.730400E4	2.414263E1	5.742279E0	2.481613E1	1.173734E5	4.827777E3	1.135184E2	5.907301E1
1.865600E1	3.731200E4	2.151871E1	1.356346E1	2.543663E1	1.173922E5	4.603221E3	1.108945E2	5.125183E1
1.866000E1	3.732000E4	1.679615E1	2.016284E1	2.624216E1	1.174102E5	4.401165E3	1.061719E2	4.465244E1
1.866400E1	3.732800E4	1.029539E1	2.477326E1	2.682741E1	1.174274E5	4.243627E3	9.967119E1	4.004202E1
1.866800E1	3.733600E4	2.791881E0	2.726724E1	2.740979E1	1.174442E5	4.187605E3	9.216768E1	3.754805E1
1.867200E1	3.734400E4	-5.313839E0	2.750695E1	2.801552E1	1.174609E5	4.138788E3	8.406196E1	3.730833E1
1.867600E1	3.735200E4	-1.306085E1	2.534379E1	2.851129E1	1.174773E5	4.089613E3	7.631495E1	3.947150E1
1.868000E1	3.736000E4	-1.989702E1	2.085693E1	2.882539E1	1.174937E5	4.135497E3	6.947878E1	4.395835E1
1.868400E1	3.736800E4	-2.530706E1	1.440671E1	2.912045E1	1.175103E5	4.150021E3	6.406874E1	5.040857E1
1.868800E1	3.737600E4	-2.882478E1	6.733791E0	2.960087E1	1.175269E5	4.067998E3	6.055102E1	5.808150E1
1.869200E1	3.738400E4	-3.004321E1	-1.517792E0	3.008153E1	1.175429E5	3.964182E3	5.933258E1	6.633308E1
1.869600E1	3.739200E4	-2.893890E1	-9.718965E0	3.052734E1	1.175586E5	3.845086E3	6.043689E1	7.453425E1
1.870000E1	3.740000E4	-2.564068E1	-1.706973E1	3.080293E1	1.175737E5	3.742204E3	6.373511E1	8.188502E1
1.870400E1	3.740800E4	-2.050632E1	-2.317978E1	3.094853E1	1.175885E5	3.704684E3	6.886947E1	8.799507E1
1.870800E1	3.741600E4	-1.379190E1	-2.741058E1	3.068480E1	1.176033E5	3.713417E3	7.558389E1	9.222587E1
1.871200E1	3.742400E4	-6.113305E0	-2.928649E1	2.991774E1	1.176182E5	3.813814E3	8.326249E1	9.410178E1
1.871600E1	3.743200E4	1.921148E0	-2.891809E1	2.898184E1	1.176338E5	3.973553E3	9.129694E1	9.373338E1
1.872000E1	3.744000E4	9.570183E0	-2.629711E1	2.798439E1	1.176500E5	4.134926E3	9.894598E1	9.111239E1
1.872400E1	3.744800E4	1.611020E1	-2.147221E1	2.684389E1	1.176669E5	4.385312E3	1.054860E2	8.628750E1
1.872800E1	3.745600E4	2.127163E1	-1.485021E1	2.594245E1	1.176851E5	4.586484E3	1.106474E2	7.966550E1
1.873200E1	3.746400E4	2.438028E1	-7.188413E0	2.541794E1	1.177036E5	4.645731E3	1.137561E2	7.200370E1
1.873600E1	3.747200E4	2.533342E1	9.936136E-1	2.535289E1	1.177222E5	4.604274E3	1.147092E2	6.382167E1
1.874000E1	3.748000E4	2.405641E1	8.949503E0	2.566719E1	1.177404E5	4.474477E3	1.134322E2	5.586578E1
1.874400E1	3.748800E4	2.061998E1	1.613439E1	2.618209E1	1.177580E5	4.364882E3	1.099958E2	4.868090E1
1.874800E1	3.749600E4	1.509892E1	2.182622E1	2.653980E1	1.177753E5	4.256383E3	1.044747E2	4.298907E1
1.875200E1	3.750400E4	8.308651E0	2.571327E1	2.702232E1	1.177921E5	4.163816E3	9.768445E1	3.910202E1
1.875600E1	3.751200E4	6.521377E-1	2.738566E1	2.739342E1	1.178086E5	4.154517E3	9.002793E1	3.742963E1
1.876000E1	3.752000E4	-7.353172E0	2.682515E1	2.781471E1	1.178253E5	4.171343E3	8.202262E1	3.799013E1
1.876400E1	3.752800E4	-1.494397E1	2.390921E1	2.819525E1	1.178420E5	4.158104E3	7.443183E1	4.090608E1
1.876800E1	3.753600E4	-2.139263E1	1.886417E1	2.852195E1	1.178586E5	4.159169E3	6.798317E1	4.595112E1
1.877200E1	3.754400E4	-2.642083E1	1.216342E1	2.908623E1	1.178753E5	4.112444E3	6.295497E1	5.265187E1
1.877600E1	3.755200E4	-2.945971E1	4.406214E0	2.978740E1	1.178915E5	3.945690E3	5.991608E1	6.040907E1
1.878000E1	3.756000E4	-3.027070E1	-3.633939E0	3.048805E1	1.179068E5	3.791374E3	5.910509E1	6.844923E1
1.878400E1	3.756800E4	-2.884484E1	-1.155141E1	3.107185E1	1.179218E5	3.675626E3	6.053095E1	7.636669E1
1.878800E1	3.757600E4	-2.527253E1	-1.853092E1	3.133841E1	1.179363E5	3.587485E3	6.410327E1	8.334621E1
1.879200E1	3.758400E4	-1.990003E1	-2.416158E1	3.130165E1	1.179505E5	3.599232E3	6.947577E1	8.897687E1
1.879600E1	3.759200E4	-1.303118E1	-2.800203E1	3.088568E1	1.179650E5	3.675623E3	7.634461E1	9.281732E1
1.880000E1	3.760000E4	-5.272962E0	-2.969027E1	3.015487E1	1.179799E5	3.729124E3	8.410283E1	9.450556E1
1.880400E1	3.760800E4	2.470273E0	-2.894902E1	2.905422E1	1.179949E5	3.852709E3	9.184607E1	9.376431E1
1.880800E1	3.761600E4	9.914399E0	-2.616722E1	2.798247E1	1.180108E5	4.097880E3	9.929019E1	9.098251E1
1.881200E1	3.762400E4	1.650915E1	-2.139089E1	2.702077E1	1.180277E5	4.322967E3	1.058849E2	8.620618E1
1.881600E1	3.763200E4	2.145593E1	-1.483755E1	2.608658E1	1.180453E5	4.459226E3	1.108317E2	7.965284E1
1.882000E1	3.764000E4	2.451682E1	-7.339455E0	2.559184E1	1.180633E5	4.529063E3	1.138926E2	7.215474E1
1.882400E1	3.764800E4	2.549076E1	6.974360E-1	2.550030E1	1.180816E5	4.521960E3	1.148666E2	6.411785E1
1.882800E1	3.765600E4	2.420221E1	8.575144E0	2.567645E1	1.180995E5	4.431422E3	1.135780E2	5.624014E1
1.883200E1	3.766400E4	2.085949E1	1.572938E1	2.612530E1	1.181170E5	4.338517E3	1.102353E2	4.908591E1
1.883600E1	3.767200E4	1.547941E1	2.147695E1	2.647398E1	1.181342E5	4.243280E3	1.048552E2	4.333834E1
1.884000E1	3.768000E4	8.801707E0	2.551117E1	2.698685E1	1.181510E5	4.152806E3	9.817750E1	3.930411E1
1.884400E1	3.768800E4	1.229571E0	2.750575E1	2.753322E1	1.181674E5	4.079553E3	9.060537E1	3.730953E1
1.884800E1	3.769600E4	-6.586831E0	2.722403E1	2.800953E1	1.181836E5	4.059436E3	8.278896E1	3.759126E1
1.885200E1	3.770400E4	-1.423487E1	2.473927E1	2.854230E1	1.181999E5	4.047715E3	7.514093E1	4.007602E1
1.885600E1	3.771200E4	-2.095085E1	2.024401E1	2.913345E1	1.182160E5	3.979240E3	6.842495E1	4.457128E1
1.886000E1	3.772000E4	-2.617923E1	1.406669E1	2.971909E1	1.182317E5	3.936883E3	6.319656E1	5.074859E1
1.886400E1	3.772800E4	-2.966902E1	6.589380E0	3.039195E1	1.182475E5	3.830053E3	5.970678E1	5.822591E1
1.886800E1	3.773600E4	-3.089769E1	-1.289747E0	3.092460E1	1.182624E5	3.708657E3	5.847810E1	6.610503E1
1.887200E1	3.774400E4	-2.988996E1	-9.222386E0	3.128038E1	1.182771E5	3.626131E3	5.948583E1	7.403767E1
1.887600E1	3.775200E4	-2.686997E1	-1.640107E1	3.148000E1	1.182914E5	3.556033E3	6.250583E1	8.121636E1
1.888000E1	3.776000E4	-2.191204E1	-2.237240E1	3.131552E1	1.183056E5	3.559782E3	6.746375E1	8.718768E1
1.888400E1	3.776800E4	-1.548100E1	-2.668207E1	3.084792E1	1.183199E5	3.585268E3	7.389479E1	9.149736E1
1.888800E1	3.777600E4	-8.149503E0	-2.894959E1	3.007479E1	1.183343E5	3.655705E3	8.122629E1	9.376488E1
1.889200E1	3.778400E4	-4.471630E-1	-2.921924E1	2.922266E1	1.183491E5	3.811501E3	8.892863E1	9.403453E1
1.889600E1	3.779200E4	7.192875E0	-2.728228E1	2.821454E1	1.183648E5	4.004567E3	9.656867E1	9.209756E1
1.890000E1	3.780000E4	1.411653E1	-2.334614E1	2.728220E1	1.183812E5	4.188670E3	1.034923E2	8.816143E1
1.890400E1	3.780800E4	1.979977E1	-1.765391E1	2.652718E1	1.183983E5	4.335411E3	1.091756E2	8.246920E1
1.890800E1	3.781600E4	2.364763E1	-1.060631E1	2.591725E1	1.184158E5	4.406718E3	1.130234E2	7.542160E1
1.891200E1	3.782400E4	2.558953E1	-2.900699E0	2.575341E1	1.184335E5	4.361357E3	1.149653E2	6.771599E1
1.891600E1	3.783200E4	2.529731E1	4.795487E0	2.574783E1	1.184507E5	4.281105E3	1.146731E2	6.001980E1
1.892000E1	3.784000E4	2.302149E1	1.212845E1	2.602092E1	1.184678E5	4.235840E3	1.123973E2	5.268683E1
1.892400E1	3.784800E4	1.873107E1	1.848465E1	2.631607E1	1.184846E5	4.207121E3	1.081069E2	4.633063E1
1.892800E1	3.785600E4	1.276078E1	2.344255E1	2.669064E1	1.185014E5	4.185808E3	1.021366E2	4.137274E1
1.893200E1	3.786400E4	5.600878E0	2.659439E1	2.717778E1	1.185181E5	4.146591E3	9.497667E1	3.822089E1
1.893600E1	3.787200E4	-2.226721E0	2.760694E1	2.769659E1	1.185346E5	4.050631E3	8.714908E1	3.720835E1
1.894000E1	3.788000E4	-9.949730E0	2.659458E1	2.839487E1	1.185505E5	3.949099E3	7.942607E1	3.822071E1
1.894400E1	3.788800E4	-1.712211E1	2.339082E1	2.898788E1	1.185662E5	3.894372E3	7.225369E1	4.142446E1
1.894800E1	3.789600E4	-2.334815E1	1.846103E1	2.976484E1	1.185817E5	3.819503E3	6.602764E1	4.635426E1
1.895200E1	3.790400E4	-2.793750E1	1.199701E1	3.040447E1	1.185968E5	3.734275E3	6.143830E1	5.281828E1
1.895600E1	3.791200E4	-3.056913E1	4.546052E0	3.090531E1	1.186115E5	3.616424E3	5.880667E1	6.026923E1
1.896000E1	3.792000E4	-3.112673E1	-3.102247E0	3.128094E1	1.186257E5	3.542897E3	5.824907E1	6.791753E1
1.896400E1	3.792800E4	-2.970921E1	-1.074549E1	3.159276E1	1.186399E5	3.480170E3	5.966659E1	7.556078E1
1.896800E1	3.793600E4	-2.618504E1	-1.735317E1	3.141320E1	1.186535E5	3.454387E3	6.319075E1	8.216845E1
1.897200E1	3.794400E4	-2.099120E1	-2.292360E1	3.108250E1	1.186675E5	3.558928E3	6.838460E1	8.773888E1
1.897600E1	3.795200E4	-1.431618E1	-2.692977E1	3.049861E1	1.186820E5	3.629995E3	7.505962E1	9.174506E1
1.898000E1	3.796000E4	-6.912539E0	-2.892520E1	2.973971E1	1.186966E5	3.720260E3	8.246326E1	9.374048E1
1.898400E1	3.796800E4	8.927918E-1	-2.894897E1	2.896273E1	1.187118E5	3.848426E3	9.026859E1	9.376426E1
1.898800E1	3.797600E4	8.405418E0	-2.690901E1	2.819124E1	1.187273E5	3.919503E3	9.778121E1	9.172429E1
1.899200E1	3.798400E4	1.503599E1	-2.304539E1	2.751674E1	1.187431E5	3.975637E3	1.044118E2	8.786068E1
1.899600E1	3.799200E4	2.032952E1	-1.757768E1	2.687497E1	1.187592E5	4.097268E3	1.097053E2	8.239297E1
1.900000E1	3.800000E4	2.396592E1	-1.072016E1	2.625428E1	1.187759E5	4.234164E3	1.133417E2	7.553545E1
1.900400E1	3.800800E4	2.573192E1	-3.147925E0	2.592376E1	1.187930E5	4.252984E3	1.151077E2	6.796321E1
1.900800E1	3.801600E4	2.525219E1	4.418339E0	2.563581E1	1.188099E5	4.237782E3	1.146280E2	6.039695E1
1.901200E1	3.802400E4	2.292745E1	1.164566E1	2.571554E1	1.188269E5	4.219432E3	1.123032E2	5.316963E1
1.901600E1	3.803200E4	1.881586E1	1.796824E1	2.601719E1	1.188437E5	4.179148E3	1.081917E2	4.684705E1
1.902000E1	3.804000E4	1.299894E1	2.284587E1	2.628509E1	1.188604E5	4.097664E3	1.023747E2	4.196942E1
1.902400E1	3.804800E4	6.262493E0	2.600768E1	2.675104E1	1.188765E5	4.035869E3	9.563829E1	3.880760E1
1.902800E1	3.805600E4	-1.256664E0	2.717414E1	2.720318E1	1.188926E5	3.982823E3	8.811913E1	3.764115E1
1.903200E1	3.806400E4	-8.738950E0	2.638730E1	2.779674E1	1.189083E5	3.883379E3	8.063685E1	3.842798E1
1.903600E1	3.807200E4	-1.582008E1	2.370795E1	2.850161E1	1.189237E5	3.809585E3	7.355572E1	4.110733E1
1.904000E1	3.808000E4	-2.190409E1	1.917523E1	2.911148E1	1.189388E5	3.734130E3	6.747171E1	4.564006E1
1.904400E1	3.808800E4	-2.662986E1	1.322624E1	2.973353E1	1.189536E5	3.646427E3	6.274593E1	5.158905E1
1.904800E1	3.809600E4	-2.961150E1	6.309277E0	3.027620E1	1.189680E5	3.553703E3	5.976429E1	5.850601E1
1.905200E1	3.810400E4	-3.059967E1	-1.077890E0	3.061865E1	1.189820E5	3.526463E3	5.877613E1	6.589318E1
1.905600E1	3.811200E4	-2.961122E1	-8.593690E0	3.083303E1	1.189962E5	3.500273E3	5.976457E1	7.340898E1
1.906000E1	3.812000E4	-2.669117E1	-1.542235E1	3.082640E1	1.190100E5	3.475973E3	6.268463E1	8.023763E1
1.906400E1	3.812800E4	-2.199360E1	-2.123261E1	3.057028E1	1.190240E5	3.521151E3	6.738220E1	8.604790E1
1.906800E1	3.813600E4	-1.591541E1	-2.565776E1	3.019306E1	1.190382E5	3.581598E3	7.346039E1	9.047305E1
1.907200E1	3.814400E4	-8.809062E0	-2.818595E1	2.953045E1	1.190526E5	3.624256E3	8.056673E1	9.300123E1
1.907600E1	3.815200E4	-1.426866E0	-2.899683E1	2.903192E1	1.190672E5	3.692221E3	8.794893E1	9.381212E1
1.908000E1	3.816000E4	5.988088E0	-2.773825E1	2.837724E1	1.190822E5	3.776217E3	9.536388E1	9.255353E1
1.908400E1	3.816800E4	1.274620E1	-2.459767E1	2.770399E1	1.190974E5	3.806803E3	1.021220E2	8.941295E1
1.908800E1	3.817600E4	1.829641E1	-1.987184E1	2.701201E1	1.191126E5	3.878520E3	1.076722E2	8.468713E1
1.909200E1	3.818400E4	2.248686E1	-1.382277E1	2.639561E1	1.191284E5	4.042042E3	1.118627E2	7.863806E1
1.909600E1	3.819200E4	2.498270E1	-6.706834E0	2.586729E1	1.191450E5	4.174383E3	1.143585E2	7.152212E1
1.910000E1	3.820000E4	2.568616E1	8.143274E-1	2.569906E1	1.191618E5	4.175338E3	1.150620E2	6.400096E1
1.910400E1	3.820800E4	2.428473E1	8.066898E0	2.558951E1	1.191784E5	4.115415E3	1.136605E2	5.674839E1
1.910800E1	3.821600E4	2.109861E1	1.463071E1	2.567506E1	1.191947E5	4.095546E3	1.104744E2	5.018458E1
1.911200E1	3.822400E4	1.635114E1	2.029303E1	2.606083E1	1.192111E5	4.068414E3	1.057269E2	4.452226E1
1.911600E1	3.823200E4	1.028569E1	2.457243E1	2.663832E1	1.192273E5	3.976866E3	9.966149E1	4.024285E1
1.912000E1	3.824000E4	3.335792E0	2.699156E1	2.719691E1	1.192430E5	3.856321E3	9.271159E1	3.782372E1
1.912400E1	3.824800E4	-3.931883E0	2.749942E1	2.777909E1	1.192581E5	3.784858E3	8.544391E1	3.731587E1
1.912800E1	3.825600E4	-1.117281E1	2.602595E1	2.832282E1	1.192732E5	3.758869E3	7.820298E1	3.878933E1
1.913200E1	3.826400E4	-1.787835E1	2.271282E1	2.890514E1	1.192882E5	3.702405E3	7.149745E1	4.210247E1
1.913600E1	3.827200E4	-2.343141E1	1.775137E1	2.939629E1	1.193029E5	3.629907E3	6.594439E1	4.706392E1
1.914000E1	3.828000E4	-2.756629E1	1.156107E1	2.989245E1	1.193172E5	3.561379E3	6.180951E1	5.325422E1
1.914400E1	3.828800E4	-2.993603E1	4.557395E0	3.028094E1	1.193313E5	3.466697E3	5.943977E1	6.025789E1
1.914800E1	3.829600E4	-3.037847E1	-2.647522E0	3.049362E1	1.193450E5	3.448213E3	5.899732E1	6.746281E1
1.915200E1	3.830400E4	-2.893811E1	-9.924426E0	3.059262E1	1.193589E5	3.466281E3	6.043768E1	7.473971E1
1.915600E1	3.831200E4	-2.572345E1	-1.652118E1	3.057197E1	1.193727E5	3.446825E3	6.365235E1	8.133647E1
1.916000E1	3.832000E4	-2.086297E1	-2.198819E1	3.031079E1	1.193865E5	3.466568E3	6.851283E1	8.680348E1
1.916400E1	3.832800E4	-1.483960E1	-2.616877E1	3.008352E1	1.194004E5	3.505861E3	7.453620E1	9.098406E1
1.916800E1	3.833600E4	-7.878170E0	-2.850640E1	2.957499E1	1.194146E5	3.531748E3	8.149763E1	9.332168E1
1.917200E1	3.834400E4	-6.601851E-1	-2.903797E1	2.904548E1	1.194287E5	3.581988E3	8.871561E1	9.385326E1
1.917600E1	3.835200E4	6.504730E0	-2.771789E1	2.847091E1	1.194432E5	3.653822E3	9.588053E1	9.253317E1
1.918000E1	3.836000E4	1.295395E1	-2.443670E1	2.765786E1	1.194579E5	3.719175E3	1.023297E2	8.925198E1
1.918400E1	3.836800E4	1.847683E1	-1.984147E1	2.711231E1	1.194730E5	3.810214E3	1.078526E2	8.465676E1
1.918800E1	3.837600E4	2.254536E1	-1.386464E1	2.646737E1	1.194884E5	3.889903E3	1.119212E2	7.867992E1
1.919200E1	3.838400E4	2.501055E1	-7.134071E0	2.600812E1	1.195041E5	3.988829E3	1.143863E2	7.194936E1
1.919600E1	3.839200E4	2.571869E1	1.438720E-1	2.571909E1	1.195203E5	4.050843E3	1.150945E2	6.467141E1
1.920000E1	3.840000E4	2.431231E1	7.195332E0	2.535470E1	1.195365E5	4.091886E3	1.136881E2	5.761995E1
1.920400E1	3.840800E4	2.141746E1	1.393823E1	2.555350E1	1.195531E5	4.101032E3	1.107933E2	5.087706E1
1.920800E1	3.841600E4	1.681461E1	1.954506E1	2.578256E1	1.195693E5	4.043357E3	1.061904E2	4.527022E1
1.921200E1	3.842400E4	1.090414E1	2.381940E1	2.619664E1	1.195854E5	3.917858E3	1.002799E2	4.099589E1
1.921600E1	3.843200E4	4.358493E0	2.643478E1	2.679168E1	1.196006E5	3.805659E3	9.373429E1	3.838051E1
1.922000E1	3.844000E4	-2.798189E0	2.732126E1	2.746417E1	1.196158E5	3.717805E3	8.657761E1	3.749403E1
1.922400E1	3.844800E4	-9.802271E0	2.638584E1	2.814777E1	1.196304E5	3.645538E3	7.957353E1	3.842945E1
1.922800E1	3.845600E4	-1.646235E1	2.350016E1	2.869262E1	1.196450E5	3.630645E3	7.291345E1	4.131513E1
1.923200E1	3.846400E4	-2.225883E1	1.906124E1	2.930506E1	1.196594E5	3.586275E3	6.711696E1	4.575404E1
1.923600E1	3.847200E4	-2.669547E1	1.319243E1	2.977731E1	1.196737E5	3.493671E3	6.268032E1	5.162286E1
1.924000E1	3.848000E4	-2.946999E1	6.601131E0	3.020025E1	1.196874E5	3.409010E3	5.990581E1	5.821416E1
1.924400E1	3.848800E4	-3.051257E1	-5.189172E-1	3.051698E1	1.197010E5	3.369225E3	5.886323E1	6.533420E1
1.924800E1	3.849600E4	-2.971216E1	-7.589132E0	3.066607E1	1.197143E5	3.359937E3	5.966363E1	7.240442E1
1.925200E1	3.850400E4	-2.708314E1	-1.431184E1	3.063210E1	1.197279E5	3.371637E3	6.229266E1	7.912713E1
1.925600E1	3.851200E4	-2.285908E1	-2.008313E1	3.042811E1	1.197413E5	3.374236E3	6.651672E1	8.489842E1
1.926000E1	3.852000E4	-1.737900E1	-2.467991E1	3.018489E1	1.197548E5	3.379925E3	7.199679E1	8.949519E1
1.926400E1	3.852800E4	-1.093739E1	-2.754142E1	2.963370E1	1.197683E5	3.455738E3	7.843841E1	9.235671E1
1.926800E1	3.853600E4	-3.793681E0	-2.879104E1	2.903990E1	1.197825E5	3.530186E3	8.558212E1	9.360633E1
1.927200E1	3.854400E4	3.255230E0	-2.821078E1	2.839797E1	1.197966E5	3.560552E3	9.263103E1	9.302607E1
1.927600E1	3.855200E4	9.929090E0	-2.589585E1	2.773413E1	1.198110E5	3.638240E3	9.930489E1	9.071114E1
1.928000E1	3.856000E4	1.593198E1	-2.218139E1	2.731011E1	1.198257E5	3.691927E3	1.053078E2	8.699667E1
1.928400E1	3.856800E4	2.067318E1	-1.703351E1	2.678658E1	1.198405E5	3.763451E3	1.100490E2	8.184880E1
1.928800E1	3.857600E4	2.388442E1	-1.073621E1	2.618648E1	1.198558E5	3.906648E3	1.132602E2	7.555150E1
1.929200E1	3.858400E4	2.556576E1	-3.699284E0	2.583201E1	1.198718E5	4.015469E3	1.149416E2	6.851457E1
1.929600E1	3.859200E4	2.536327E1	3.528247E0	2.560750E1	1.198879E5	4.019731E3	1.147391E2	6.128704E1
1.930000E1	3.860000E4	2.343262E1	1.039589E1	2.563518E1	1.199039E5	3.975922E3	1.128084E2	5.441940E1
1.930400E1	3.860800E4	1.991113E1	1.654633E1	2.588888E1	1.199197E5	3.903975E3	1.092869E2	4.826896E1
1.930800E1	3.861600E4	1.506699E1	2.164330E1	2.637133E1	1.199352E5	3.814019E3	1.044428E2	4.317199E1
1.931200E1	3.862400E4	9.098074E0	2.532500E1	2.690967E1	1.199502E5	3.713033E3	9.847387E1	3.949029E1
1.931600E1	3.863200E4	2.460889E0	2.736089E1	2.747133E1	1.199649E5	3.658361E3	9.183669E1	3.745440E1
1.932000E1	3.864000E4	-4.638066E0	2.769839E1	2.808403E1	1.199795E5	3.619470E3	8.473773E1	3.711690E1
1.932400E1	3.864800E4	-1.154947E1	2.616599E1	2.860156E1	1.199938E5	3.566689E3	7.782633E1	3.864930E1
1.932800E1	3.865600E4	-1.786266E1	2.283075E1	2.898824E1	1.200080E5	3.525892E3	7.151313E1	4.198453E1
1.933200E1	3.866400E4	-2.314294E1	1.806600E1	2.935943E1	1.200220E5	3.489425E3	6.623286E1	4.674928E1
1.933600E1	3.867200E4	-2.724700E1	1.215689E1	2.983604E1	1.200360E5	3.459366E3	6.212879E1	5.265840E1
1.934000E1	3.868000E4	-2.972985E1	5.403707E0	3.021695E1	1.200497E5	3.352125E3	5.964594E1	5.941158E1
1.934400E1	3.868800E4	-3.041564E1	-1.472590E0	3.045127E1	1.200628E5	3.279103E3	5.896015E1	6.628788E1
1.934800E1	3.869600E4	-2.942353E1	-8.398832E0	3.059877E1	1.200759E5	3.292810E3	5.995226E1	7.321412E1
1.935200E1	3.870400E4	-2.673050E1	-1.488676E1	3.059633E1	1.200891E5	3.295027E3	6.264529E1	7.970205E1
1.935600E1	3.871200E4	-2.256087E1	-2.052263E1	3.049870E1	1.201023E5	3.281420E3	6.681493E1	8.533791E1
1.936000E1	3.872000E4	-1.716530E1	-2.485066E1	3.020270E1	1.201154E5	3.294381E3	7.221050E1	8.966595E1
1.936400E1	3.872800E4	-1.086600E1	-2.779307E1	2.984166E1	1.201286E5	3.347207E3	7.850980E1	9.260835E1
1.936800E1	3.873600E4	-3.988116E0	-2.890137E1	2.917524E1	1.201421E5	3.432297E3	8.538768E1	9.371666E1
1.937200E1	3.874400E4	3.046190E0	-2.848122E1	2.864366E1	1.201561E5	3.487912E3	9.242199E1	9.329650E1
1.937600E1	3.875200E4	9.597287E0	-2.630170E1	2.799799E1	1.201700E5	3.507298E3	9.897308E1	9.111698E1
1.938000E1	3.876000E4	1.534955E1	-2.261741E1	2.733415E1	1.201842E5	3.590506E3	1.047253E2	8.743269E1
1.938400E1	3.876800E4	2.005654E1	-1.757630E1	2.666817E1	1.201988E5	3.753343E3	1.094323E2	8.239159E1
1.938800E1	3.877600E4	2.347885E1	-1.135520E1	2.608059E1	1.202142E5	3.845660E3	1.128546E2	7.617049E1
1.939200E1	3.878400E4	2.520907E1	-4.655861E0	2.563541E1	1.202295E5	3.893268E3	1.145849E2	6.947115E1
1.939600E1	3.879200E4	2.530533E1	2.363584E0	2.541547E1	1.202453E5	3.963699E3	1.146811E2	6.245170E1
1.940000E1	3.880000E4	2.371179E1	9.218896E0	2.544086E1	1.202612E5	3.949637E3	1.130876E2	5.559639E1
1.940400E1	3.880800E4	2.054194E1	1.544194E1	2.569873E1	1.202769E5	3.880066E3	1.099177E2	4.937335E1
1.940800E1	3.881600E4	1.598597E1	2.067305E1	2.613286E1	1.202923E5	3.769637E3	1.053618E2	4.414224E1
1.941200E1	3.882400E4	1.039426E1	2.459503E1	2.670124E1	1.203071E5	3.661517E3	9.977006E1	4.022026E1
1.941600E1	3.883200E4	4.002511E0	2.703385E1	2.732854E1	1.203216E5	3.577691E3	9.337831E1	3.778144E1
1.942000E1	3.884000E4	-2.767902E0	2.767306E1	2.781114E1	1.203357E5	3.496178E3	8.660789E1	3.714222E1
1.942400E1	3.884800E4	-9.485190E0	2.671473E1	2.834864E1	1.203495E5	3.468874E3	7.989061E1	3.810056E1
1.942800E1	3.885600E4	-1.593671E1	2.411175E1	2.890251E1	1.203635E5	3.457679E3	7.343908E1	4.070354E1
1.943200E1	3.886400E4	-2.146822E1	1.987347E1	2.925473E1	1.203772E5	3.401757E3	6.790757E1	4.494181E1
1.943600E1	3.887200E4	-2.591582E1	1.455705E1	2.972436E1	1.203907E5	3.324723E3	6.345997E1	5.025824E1
1.944000E1	3.888000E4	-2.884099E1	8.375333E0	3.003246E1	1.204038E5	3.255146E3	6.053481E1	5.643995E1
1.944400E1	3.888800E4	-3.017763E1	1.730504E0	3.022721E1	1.204167E5	3.256444E3	5.919816E1	6.308478E1
1.944800E1	3.889600E4	-3.001165E1	-5.215431E0	3.046145E1	1.204299E5	3.264203E3	5.936414E1	7.003072E1
1.945200E1	3.890400E4	-2.807330E1	-1.181918E1	3.045986E1	1.204428E5	3.211705E3	6.130249E1	7.663447E1
1.945600E1	3.891200E4	-2.462080E1	-1.759562E1	3.026202E1	1.204556E5	3.209387E3	6.475499E1	8.241091E1
1.946000E1	3.892000E4	-1.988445E1	-2.248062E1	3.001282E1	1.204685E5	3.256080E3	6.949135E1	8.729590E1
1.946400E1	3.892800E4	-1.413619E1	-2.614509E1	2.972201E1	1.204816E5	3.257213E3	7.523961E1	9.096038E1
1.946800E1	3.893600E4	-7.800211E0	-2.825002E1	2.930711E1	1.204946E5	3.311939E3	8.157559E1	9.306530E1
1.947200E1	3.894400E4	-9.565719E-1	-2.877804E1	2.879393E1	1.205081E5	3.399389E3	8.841922E1	9.359332E1
1.947600E1	3.895200E4	5.749653E0	-2.761940E1	2.821152E1	1.205218E5	3.395443E3	9.512545E1	9.243469E1
1.948000E1	3.896000E4	1.174164E1	-2.488485E1	2.751585E1	1.205353E5	3.405093E3	1.011174E2	8.970014E1
1.948400E1	3.896800E4	1.697476E1	-2.096185E1	2.697298E1	1.205490E5	3.529807E3	1.063506E2	8.577714E1
1.948800E1	3.897600E4	2.125677E1	-1.573021E1	2.644409E1	1.205635E5	3.687238E3	1.106326E2	8.054550E1
1.949200E1	3.898400E4	2.416493E1	-9.519692E0	2.597245E1	1.205785E5	3.786897E3	1.135407E2	7.433498E1
1.949600E1	3.899200E4	2.545314E1	-2.768066E0	2.560321E1	1.205938E5	3.828659E3	1.148289E2	6.758335E1
1.950000E1	3.900000E4	2.520584E1	4.049720E0	2.552909E1	1.206091E5	3.811237E3	1.145816E2	6.076557E1
1.950400E1	3.900800E4	2.326259E1	1.049530E1	2.552057E1	1.206243E5	3.781120E3	1.126384E2	5.431999E1
1.950800E1	3.901600E4	1.991707E1	1.634635E1	2.576611E1	1.206394E5	3.750880E3	1.092929E2	4.846894E1
1.951200E1	3.902400E4	1.534782E1	2.135114E1	2.629500E1	1.206543E5	3.685348E3	1.047236E2	4.346414E1
1.951600E1	3.903200E4	9.675832E0	2.502246E1	2.682807E1	1.206689E5	3.592727E3	9.905163E1	3.979283E1
1.952000E1	3.904000E4	3.308975E0	2.707502E1	2.727647E1	1.206830E5	3.507668E3	9.268477E1	3.774027E1
1.952400E1	3.904800E4	-3.339855E0	2.751628E1	2.771823E1	1.206969E5	3.444021E3	8.603594E1	3.729901E1
1.952800E1	3.905600E4	-9.989294E0	2.659819E1	2.841214E1	1.207106E5	3.394967E3	7.938650E1	3.821709E1
1.953200E1	3.906400E4	-1.616413E1	2.389201E1	2.884627E1	1.207241E5	3.362925E3	7.321167E1	4.092328E1
1.953600E1	3.907200E4	-2.164563E1	1.984311E1	2.936464E1	1.207375E5	3.313453E3	6.773017E1	4.497218E1
1.954000E1	3.908000E4	-2.593130E1	1.461874E1	2.976810E1	1.207506E5	3.242566E3	6.344450E1	5.019655E1
1.954400E1	3.908800E4	-2.877497E1	8.562750E0	3.002198E1	1.207634E5	3.183844E3	6.060083E1	5.625254E1
1.954800E1	3.909600E4	-3.018684E1	2.079806E0	3.025840E1	1.207761E5	3.178073E3	5.918896E1	6.273548E1
1.955200E1	3.910400E4	-3.020403E1	-4.704352E0	3.056820E1	1.207889E5	3.153770E3	5.917176E1	6.951964E1
1.955600E1	3.911200E4	-2.849332E1	-1.110269E1	3.058004E1	1.208013E5	3.126090E3	6.088247E1	7.591797E1
1.956000E1	3.912000E4	-2.541067E1	-1.705052E1	3.060102E1	1.208139E5	3.137572E3	6.396513E1	8.186580E1
1.956400E1	3.912800E4	-2.102954E1	-2.207502E1	3.048849E1	1.208264E5	3.157307E3	6.834626E1	8.689031E1
1.956800E1	3.913600E4	-1.549039E1	-2.590308E1	3.018148E1	1.208391E5	3.173755E3	7.388540E1	9.071836E1
1.957200E1	3.914400E4	-9.322642E0	-2.832075E1	2.981571E1	1.208518E5	3.168197E3	8.005315E1	9.313604E1
1.957600E1	3.915200E4	-2.823963E0	-2.914444E1	2.928093E1	1.208645E5	3.230098E3	8.655183E1	9.395972E1
1.958000E1	3.916000E4	3.816395E0	-2.852567E1	2.877983E1	1.208776E5	3.267444E3	9.319219E1	9.334096E1
1.958400E1	3.916800E4	9.844114E0	-2.618272E1	2.797215E1	1.208906E5	3.298976E3	9.921991E1	9.099800E1
1.958800E1	3.917600E4	1.525233E1	-2.260225E1	2.726711E1	1.209040E5	3.431543E3	1.046281E2	8.741754E1
1.959200E1	3.918400E4	1.974237E1	-1.774028E1	2.654202E1	1.209181E5	3.583687E3	1.091182E2	8.255557E1
1.959600E1	3.919200E4	2.298956E1	-1.187518E1	2.587547E1	1.209327E5	3.672115E3	1.123654E2	7.669047E1
1.960000E1	3.920000E4	2.482818E1	-5.534109E0	2.543747E1	1.209474E5	3.702694E3	1.142040E2	7.034940E1
1.960400E1	3.920800E4	2.511446E1	1.010059E0	2.513476E1	1.209623E5	3.733220E3	1.144903E2	6.380523E1
1.960800E1	3.921600E4	2.388277E1	7.438725E0	2.501442E1	1.209773E5	3.777725E3	1.132586E2	5.737656E1
1.961200E1	3.922400E4	2.130565E1	1.358622E1	2.526888E1	1.209925E5	3.752431E3	1.106814E2	5.122907E1
1.961600E1	3.923200E4	1.737318E1	1.884007E1	2.562763E1	1.210073E5	3.658957E3	1.067490E2	4.597522E1
1.962000E1	3.924000E4	1.230046E1	2.293695E1	2.602700E1	1.210218E5	3.580820E3	1.016763E2	4.187834E1
1.962400E1	3.924800E4	6.438769E0	2.575967E1	2.655218E1	1.210360E5	3.523014E3	9.581456E1	3.905562E1
1.962800E1	3.925600E4	9.157527E-3	2.713550E1	2.713551E1	1.210500E5	3.431676E3	8.938495E1	3.767978E1
1.963200E1	3.926400E4	-6.409832E0	2.686496E1	2.761905E1	1.210634E5	3.346684E3	8.296596E1	3.795033E1
1.963600E1	3.927200E4	-1.270498E1	2.520170E1	2.822308E1	1.210768E5	3.304139E3	7.667081E1	3.961359E1
1.964000E1	3.928000E4	-1.851974E1	2.218657E1	2.890026E1	1.210899E5	3.237125E3	7.085605E1	4.262871E1
1.964400E1	3.928800E4	-2.344852E1	1.789460E1	2.949661E1	1.211027E5	3.186575E3	6.592728E1	4.692068E1
1.964800E1	3.929600E4	-2.722911E1	1.249793E1	2.996035E1	1.211153E5	3.143371E3	6.214668E1	5.231736E1
1.965200E1	3.930400E4	-2.970145E1	6.422709E0	3.038795E1	1.211278E5	3.092381E3	5.967434E1	5.839258E1
1.965600E1	3.931200E4	-3.057558E1	-4.500058E-2	3.057561E1	1.211401E5	3.081729E3	5.880022E1	6.486029E1
1.966000E1	3.932000E4	-3.001542E1	-6.627850E0	3.073848E1	1.211525E5	3.056394E3	5.936038E1	7.144314E1
1.966400E1	3.932800E4	-2.792823E1	-1.274852E1	3.070034E1	1.211645E5	3.015591E3	6.144757E1	7.756380E1
1.966800E1	3.933600E4	-2.447570E1	-1.816180E1	3.047804E1	1.211766E5	3.045654E3	6.490009E1	8.297709E1
1.967200E1	3.934400E4	-1.993029E1	-2.284709E1	3.031841E1	1.211889E5	3.100661E3	6.944551E1	8.766238E1
1.967600E1	3.935200E4	-1.440804E1	-2.640642E1	3.008140E1	1.212014E5	3.089013E3	7.496776E1	9.122170E1
1.968000E1	3.936000E4	-8.366620E0	-2.845082E1	2.965551E1	1.212136E5	3.067512E3	8.100918E1	9.326611E1
1.968400E1	3.936800E4	-2.068220E0	-2.900972E1	2.908335E1	1.212259E5	3.167630E3	8.730758E1	9.382500E1
1.968800E1	3.937600E4	4.454951E0	-2.827484E1	2.862364E1	1.212390E5	3.235122E3	9.383075E1	9.309012E1
1.969200E1	3.938400E4	1.038010E1	-2.594813E1	2.794730E1	1.212518E5	3.233719E3	9.975590E1	9.076341E1
1.969600E1	3.939200E4	1.564074E1	-2.248430E1	2.738935E1	1.212648E5	3.321629E3	1.050165E2	8.729959E1
1.970000E1	3.940000E4	1.993355E1	-1.771274E1	2.666623E1	1.212784E5	3.490913E3	1.093093E2	8.252803E1
1.970400E1	3.940800E4	2.325568E1	-1.197700E1	2.615865E1	1.212928E5	3.551798E3	1.126315E2	7.679228E1
1.970800E1	3.941600E4	2.508674E1	-5.888457E0	2.576855E1	1.213068E5	3.557326E3	1.144625E2	7.070374E1
1.971200E1	3.942400E4	2.543502E1	5.370130E-1	2.544069E1	1.213212E5	3.629571E3	1.148108E2	6.427827E1
1.971600E1	3.943200E4	2.437062E1	6.908600E0	2.533093E1	1.213358E5	3.658675E3	1.137464E2	5.790669E1
1.972000E1	3.944000E4	2.185456E1	1.286248E1	2.535873E1	1.213505E5	3.631008E3	1.112304E2	5.195280E1
1.972400E1	3.944800E4	1.804265E1	1.796414E1	2.546071E1	1.213649E5	3.569997E3	1.074184E2	4.685114E1
1.972800E1	3.945600E4	1.329591E1	2.216217E1	2.584459E1	1.213790E5	3.528564E3	1.026717E2	4.265312E1
1.973200E1	3.946400E4	7.613108E0	2.506332E1	2.619407E1	1.213931E5	3.473652E3	9.698890E1	3.975197E1
1.973600E1	3.947200E4	1.476747E0	2.664809E1	2.668898E1	1.214068E5	3.416363E3	9.085254E1	3.816720E1
1.974000E1	3.948000E4	-4.945377E0	2.685419E1	2.730576E1	1.214204E5	3.316408E3	8.443042E1	3.796109E1
1.974400E1	3.948800E4	-1.107700E1	2.564732E1	2.793716E1	1.214334E5	3.223136E3	7.829880E1	3.916796E1
1.974800E1	3.949600E4	-1.680429E1	2.294371E1	2.843937E1	1.214462E5	3.208201E3	7.257150E1	4.187158E1
1.975200E1	3.950400E4	-2.183241E1	1.896193E1	2.891727E1	1.214590E5	3.178423E3	6.754339E1	4.585336E1
1.975600E1	3.951200E4	-2.583131E1	1.393959E1	2.935249E1	1.214716E5	3.122775E3	6.354449E1	5.087570E1
1.976000E1	3.952000E4	-2.862866E1	8.205262E0	2.978131E1	1.214840E5	3.056283E3	6.074713E1	5.661002E1
1.976400E1	3.952800E4	-2.999805E1	2.046524E0	3.006778E1	1.214961E5	3.027880E3	5.937775E1	6.276876E1
1.976800E1	3.953600E4	-2.997272E1	-4.335268E0	3.028462E1	1.215082E5	3.017746E3	5.940308E1	6.915055E1
1.977200E1	3.954400E4	-2.855537E1	-1.052851E1	3.043450E1	1.215202E5	2.989240E3	6.082043E1	7.534380E1
1.977600E1	3.955200E4	-2.579550E1	-1.620919E1	3.046549E1	1.215321E5	2.981298E3	6.358029E1	8.102447E1
1.978000E1	3.956000E4	-2.186625E1	-2.118215E1	3.044366E1	1.215441E5	2.994461E3	6.750955E1	8.599744E1
1.978400E1	3.956800E4	-1.692080E1	-2.518063E1	3.033773E1	1.215561E5	2.996545E3	7.245500E1	8.999592E1
1.978800E1	3.957600E4	-1.125324E1	-2.793966E1	3.012075E1	1.215681E5	2.982140E3	7.812256E1	9.275494E1
1.979200E1	3.958400E4	-5.201456E0	-2.936983E1	2.982687E1	1.215800E5	2.976165E3	8.417434E1	9.418512E1
1.979600E1	3.959200E4	9.563599E-1	-2.927234E1	2.928796E1	1.215919E5	3.044016E3	9.033216E1	9.408763E1
1.980000E1	3.960000E4	7.100624E0	-2.783845E1	2.872974E1	1.216043E5	3.117413E3	9.647642E1	9.265374E1
1.980400E1	3.960800E4	1.274798E1	-2.522516E1	2.826340E1	1.216168E5	3.121668E3	1.021238E2	9.004045E1
1.980800E1	3.961600E4	1.746153E1	-2.134719E1	2.757912E1	1.216293E5	3.224336E3	1.068373E2	8.616248E1
1.981200E1	3.962400E4	2.132321E1	-1.629973E1	2.683953E1	1.216426E5	3.357783E3	1.106990E2	8.111502E1
1.981600E1	3.963200E4	2.401458E1	-1.061940E1	2.625779E1	1.216561E5	3.450237E3	1.133904E2	7.543469E1
1.982000E1	3.964000E4	2.544582E1	-4.391991E0	2.582207E1	1.216702E5	3.537321E3	1.148216E2	6.920728E1
1.982400E1	3.964800E4	2.545509E1	1.977986E0	2.553183E1	1.216844E5	3.525067E3	1.148309E2	6.283730E1
1.982800E1	3.965600E4	2.407491E1	8.012236E0	2.537316E1	1.216984E5	3.511592E3	1.134507E2	5.680305E1
1.983200E1	3.966400E4	2.138128E1	1.364026E1	2.536170E1	1.217125E5	3.546402E3	1.107571E2	5.117503E1
1.983600E1	3.967200E4	1.749857E1	1.862033E1	2.555223E1	1.217268E5	3.533553E3	1.068744E2	4.619496E1
1.984000E1	3.968000E4	1.262641E1	2.259637E1	2.588479E1	1.217408E5	3.473614E3	1.020022E2	4.221892E1
1.984400E1	3.968800E4	7.013371E0	2.540611E1	2.635636E1	1.217546E5	3.372054E3	9.638917E1	3.940918E1
1.984800E1	3.969600E4	1.042234E0	2.689550E1	2.691568E1	1.217678E5	3.276096E3	9.041803E1	3.791979E1
1.985200E1	3.970400E4	-5.121170E0	2.690589E1	2.738892E1	1.217808E5	3.248804E3	8.425463E1	3.790940E1
1.985600E1	3.971200E4	-1.126297E1	2.557131E1	2.794184E1	1.217938E5	3.220545E3	7.811282E1	3.924398E1
1.986000E1	3.972000E4	-1.704075E1	2.299488E1	2.862082E1	1.218065E5	3.134172E3	7.233505E1	4.182041E1
1.986400E1	3.972800E4	-2.185843E1	1.910555E1	2.903124E1	1.218188E5	3.073602E3	6.751737E1	4.570974E1
1.986800E1	3.973600E4	-2.576165E1	1.420375E1	2.941784E1	1.218311E5	3.004822E3	6.361415E1	5.061154E1
1.987200E1	3.974400E4	-2.850233E1	8.777604E0	2.982330E1	1.218429E5	2.967326E3	6.087347E1	5.603768E1
1.987600E1	3.975200E4	-3.002726E1	2.696580E0	3.014810E1	1.218549E5	2.934102E3	5.934853E1	6.211871E1
1.988000E1	3.976000E4	-3.013882E1	-3.357193E0	3.032523E1	1.218664E5	2.908477E3	5.923697E1	6.817248E1
1.988400E1	3.976800E4	-2.905852E1	-9.518093E0	3.057763E1	1.218781E5	2.921513E3	6.031728E1	7.433338E1
1.988800E1	3.977600E4	-2.649977E1	-1.513245E1	3.051604E1	1.218897E5	2.907368E3	6.287603E1	7.994774E1
1.989200E1	3.978400E4	-2.289523E1	-2.018138E1	3.052015E1	1.219014E5	2.917009E3	6.648057E1	8.499667E1
1.989600E1	3.979200E4	-1.824653E1	-2.427051E1	3.036435E1	1.219131E5	2.888825E3	7.112926E1	8.908580E1
1.990000E1	3.980000E4	-1.298828E1	-2.723748E1	3.017574E1	1.219245E5	2.900276E3	7.638752E1	9.205276E1
1.990400E1	3.980800E4	-7.060269E0	-2.888878E1	2.973902E1	1.219363E5	2.979110E3	8.231553E1	9.370407E1
1.990800E1	3.981600E4	-8.516826E-1	-2.936300E1	2.937535E1	1.219483E5	3.020647E3	8.852411E1	9.417829E1
1.991200E1	3.982400E4	5.222761E0	-2.836849E1	2.884525E1	1.219604E5	3.017074E3	9.459856E1	9.318377E1
1.991600E1	3.983200E4	1.082270E1	-2.616037E1	2.831070E1	1.219725E5	3.022541E3	1.001985E2	9.097565E1
1.992000E1	3.984000E4	1.570520E1	-2.275586E1	2.764928E1	1.219846E5	3.111243E3	1.050810E2	8.757115E1
1.992400E1	3.984800E4	1.976443E1	-1.819654E1	2.686535E1	1.219974E5	3.249333E3	1.091402E2	8.301183E1
1.992800E1	3.985600E4	2.285534E1	-1.287487E1	2.623221E1	1.220106E5	3.305947E3	1.122311E2	7.769015E1
1.993200E1	3.986400E4	2.465473E1	-7.156935E0	2.567250E1	1.220238E5	3.358539E3	1.140305E2	7.197222E1
1.993600E1	3.987200E4	2.523885E1	-1.113036E0	2.526338E1	1.220375E5	3.460479E3	1.146146E2	6.592832E1
1.994000E1	3.988000E4	2.459486E1	5.002329E0	2.509841E1	1.220515E5	3.495077E3	1.139707E2	5.981296E1
1.994400E1	3.988800E4	2.253457E1	1.071732E1	2.495331E1	1.220654E5	3.484184E3	1.119104E2	5.409797E1
1.994800E1	3.989600E4	1.941960E1	1.593442E1	2.512025E1	1.220794E5	3.472301E3	1.087954E2	4.888087E1
1.995200E1	3.990400E4	1.520677E1	2.033760E1	2.539417E1	1.220932E5	3.431065E3	1.045826E2	4.447769E1
1.995600E1	3.991200E4	1.020421E1	2.382949E1	2.592239E1	1.221068E5	3.334930E3	9.958001E1	4.098580E1
1.996000E1	3.992000E4	4.633719E0	2.599606E1	2.640580E1	1.221199E5	3.280009E3	9.400951E1	3.881923E1
1.996400E1	3.992800E4	-1.435225E0	2.686011E1	2.689843E1	1.221331E5	3.221190E3	8.794057E1	3.795517E1
1.996800E1	3.993600E4	-7.442891E0	2.654497E1	2.756867E1	1.221457E5	3.142938E3	8.193291E1	3.827032E1
1.997200E1	3.994400E4	-1.332777E1	2.485399E1	2.820195E1	1.221582E5	3.088886E3	7.604803E1	3.996130E1
1.997600E1	3.995200E4	-1.867453E1	2.196272E1	2.882879E1	1.221704E5	3.013042E3	7.070127E1	4.285256E1
1.998000E1	3.996000E4	-2.321489E1	1.793834E1	2.933794E1	1.221823E5	2.971857E3	6.616091E1	4.687695E1
1.998400E1	3.996800E4	-2.688917E1	1.302839E1	2.987920E1	1.221941E5	2.904597E3	6.248662E1	5.178690E1
1.998800E1	3.997600E4	-2.930387E1	7.554921E0	3.026208E1	1.222055E5	2.843043E3	6.007193E1	5.726037E1
1.999200E1	3.998400E4	-3.056112E1	1.658799E0	3.060611E1	1.222169E5	2.811934E3	5.881467E1	6.315649E1
1.999600E1	3.999200E4	-3.054548E1	-4.313920E0	3.084861E1	1.222280E5	2.791590E3	5.883031E1	6.912921E1
2.000000E1	4.000000E4	-2.925038E1	-1.020087E1	3.097809E1	1.222392E5	2.792577E3	6.012542E1	7.501615E1
2.000400E1	4.000800E4	-2.681209E1	-1.571754E1	3.107941E1	1.222504E5	2.760232E3	6.256370E1	8.053283E1
2.000800E1	4.001600E4	-2.319255E1	-2.038069E1	3.087501E1	1.222613E5	2.759300E3	6.618325E1	8.519597E1
2.001200E1	4.002400E4	-1.870362E1	-2.433430E1	3.069175E1	1.222725E5	2.797809E3	7.067217E1	8.914958E1
2.001600E1	4.003200E4	-1.346482E1	-2.723226E1	3.037922E1	1.222837E5	2.803247E3	7.591097E1	9.204754E1
2.002000E1	4.004000E4	-7.796508E0	-2.885445E1	2.988921E1	1.222949E5	2.858640E3	8.157929E1	9.366974E1
2.002400E1	4.004800E4	-1.766010E0	-2.937293E1	2.942597E1	1.223066E5	2.941218E3	8.760979E1	9.418821E1
2.002800E1	4.005600E4	4.211714E0	-2.848926E1	2.879890E1	1.223184E5	2.962054E3	9.358751E1	9.330455E1
2.003200E1	4.006400E4	9.749675E0	-2.641951E1	2.816108E1	1.223303E5	2.960473E3	9.912547E1	9.123479E1
2.003600E1	4.007200E4	1.457508E1	-2.324079E1	2.743296E1	1.223421E5	3.039056E3	1.039509E2	8.805608E1
2.004000E1	4.008000E4	1.876044E1	-1.904537E1	2.673350E1	1.223546E5	3.152362E3	1.081362E2	8.386066E1
2.004400E1	4.008800E4	2.193773E1	-1.407723E1	2.606592E1	1.223673E5	3.256974E3	1.113135E2	7.889252E1
2.004800E1	4.009600E4	2.418007E1	-8.503773E0	2.563182E1	1.223806E5	3.355235E3	1.135559E2	7.331906E1
2.005200E1	4.010400E4	2.512269E1	-2.572256E0	2.525403E1	1.223942E5	3.442332E3	1.144985E2	6.738754E1
2.005600E1	4.011200E4	2.482811E1	3.561258E0	2.508221E1	1.224082E5	3.452597E3	1.142039E2	6.125403E1
2.006000E1	4.012000E4	2.315766E1	9.250572E0	2.493692E1	1.224218E5	3.425494E3	1.125335E2	5.556471E1
2.006400E1	4.012800E4	2.052050E1	1.467314E1	2.522681E1	1.224356E5	3.412637E3	1.098963E2	5.014214E1
2.006800E1	4.013600E4	1.671738E1	1.928265E1	2.552041E1	1.224491E5	3.346582E3	1.060932E2	4.553264E1
2.007200E1	4.014400E4	1.208288E1	2.305284E1	2.602747E1	1.224623E5	3.230053E3	1.014587E2	4.176244E1
2.007600E1	4.015200E4	6.896057E0	2.558683E1	2.649984E1	1.224749E5	3.114090E3	9.627185E1	3.922846E1
2.008000E1	4.016000E4	1.298218E0	2.704679E1	2.707793E1	1.224873E5	3.063560E3	9.067401E1	3.776849E1
2.008400E1	4.016800E4	-4.514069E0	2.719435E1	2.756646E1	1.224994E5	3.018672E3	8.486173E1	3.762093E1
2.008800E1	4.017600E4	-1.030310E1	2.628858E1	2.823550E1	1.225114E5	2.988513E3	7.907270E1	3.852670E1
2.009200E1	4.018400E4	-1.587810E1	2.414191E1	2.889543E1	1.225233E5	2.939607E3	7.349769E1	4.067337E1
2.009600E1	4.019200E4	-2.064831E1	2.070735E1	2.924289E1	1.225349E5	2.876044E3	6.872749E1	4.410794E1
2.010000E1	4.020000E4	-2.469083E1	1.644109E1	2.966390E1	1.225463E5	2.815737E3	6.468496E1	4.837419E1
2.010400E1	4.020800E4	-2.773253E1	1.151890E1	3.002963E1	1.225574E5	2.777959E3	6.164327E1	5.329638E1
2.010800E1	4.021600E4	-2.967708E1	6.002878E0	3.027810E1	1.225686E5	2.799534E3	5.969872E1	5.881241E1
2.011200E1	4.022400E4	-3.041468E1	8.473975E-2	3.041480E1	1.225798E5	2.821925E3	5.896112E1	6.473055E1
2.011600E1	4.023200E4	-3.001292E1	-5.910217E0	3.058931E1	1.225911E5	2.786543E3	5.936288E1	7.072550E1
2.012000E1	4.024000E4	-2.836594E1	-1.153708E1	3.062239E1	1.226021E5	2.734488E3	6.100986E1	7.635237E1
2.012400E1	4.024800E4	-2.568957E1	-1.669332E1	3.063693E1	1.226130E5	2.719247E3	6.368622E1	8.150861E1
2.012800E1	4.025600E4	-2.194848E1	-2.111167E1	3.045388E1	1.226239E5	2.743165E3	6.742731E1	8.592696E1
2.013200E1	4.026400E4	-1.737161E1	-2.477378E1	3.025745E1	1.226350E5	2.734401E3	7.200419E1	8.958907E1
2.013600E1	4.027200E4	-1.225620E1	-2.722283E1	2.985459E1	1.226458E5	2.748012E3	7.711960E1	9.203812E1
2.014000E1	4.028000E4	-6.654533E0	-2.869960E1	2.946099E1	1.226569E5	2.796868E3	8.272126E1	9.351489E1
2.014400E1	4.028800E4	-9.398687E-1	-2.889256E1	2.890785E1	1.226681E5	2.849291E3	8.843593E1	9.370785E1
2.014800E1	4.029600E4	4.825598E0	-2.811292E1	2.852407E1	1.226797E5	2.877592E3	9.420139E1	9.292821E1
2.015200E1	4.030400E4	1.006544E1	-2.600734E1	2.788718E1	1.226912E5	2.900270E3	9.944123E1	9.082263E1
2.015600E1	4.031200E4	1.490852E1	-2.300798E1	2.741590E1	1.227029E5	3.006587E3	1.042843E2	8.782327E1
2.016000E1	4.032000E4	1.911933E1	-1.897951E1	2.694013E1	1.227152E5	3.086261E3	1.084951E2	8.379479E1
2.016400E1	4.032800E4	2.233938E1	-1.415941E1	2.644876E1	1.227276E5	3.132700E3	1.117152E2	7.897469E1
2.016800E1	4.033600E4	2.439682E1	-8.748842E0	2.591809E1	1.227403E5	3.216408E3	1.137726E2	7.356413E1
2.017200E1	4.034400E4	2.540913E1	-2.956366E0	2.558054E1	1.227534E5	3.246021E3	1.147849E2	6.777165E1
2.017600E1	4.035200E4	2.519864E1	2.755269E0	2.534883E1	1.227662E5	3.277374E3	1.145744E2	6.206002E1
2.018000E1	4.036000E4	2.376994E1	8.455887E0	2.522919E1	1.227796E5	3.317214E3	1.131457E2	5.635940E1
2.018400E1	4.036800E4	2.125638E1	1.368712E1	2.528183E1	1.227928E5	3.286920E3	1.106322E2	5.112816E1
2.018800E1	4.037600E4	1.776906E1	1.832204E1	2.552326E1	1.228059E5	3.265804E3	1.071449E2	4.649325E1
2.019200E1	4.038400E4	1.338799E1	2.219720E1	2.592207E1	1.228189E5	3.210114E3	1.027638E2	4.261809E1
2.019600E1	4.039200E4	8.381944E0	2.513656E1	2.649724E1	1.228316E5	3.087178E3	9.775774E1	3.967873E1
2.020000E1	4.040000E4	2.998343E0	2.673761E1	2.690521E1	1.228436E5	2.984936E3	9.237414E1	3.807767E1
2.020400E1	4.040800E4	-2.600824E0	2.731944E1	2.744296E1	1.228554E5	2.951317E3	8.677497E1	3.749585E1
2.020800E1	4.041600E4	-8.294515E0	2.677516E1	2.803048E1	1.228672E5	2.925173E3	8.108128E1	3.804013E1
2.021200E1	4.042400E4	-1.379696E1	2.505555E1	2.860309E1	1.228788E5	2.885648E3	7.557884E1	3.975973E1
2.021600E1	4.043200E4	-1.873985E1	2.209936E1	2.897523E1	1.228903E5	2.831199E3	7.063595E1	4.271592E1
2.022000E1	4.044000E4	-2.295451E1	1.826592E1	2.933518E1	1.229015E5	2.765300E3	6.642129E1	4.654937E1
2.022400E1	4.044800E4	-2.633276E1	1.375489E1	2.970877E1	1.229124E5	2.730012E3	6.304304E1	5.106039E1
2.022800E1	4.045600E4	-2.879269E1	8.622187E0	3.005596E1	1.229233E5	2.722797E3	6.058311E1	5.619310E1
2.023200E1	4.046400E4	-3.008265E1	3.054571E0	3.023733E1	1.229342E5	2.698140E3	5.929314E1	6.176072E1
2.023600E1	4.047200E4	-3.027105E1	-2.602806E0	3.038274E1	1.229449E5	2.680109E3	5.910475E1	6.741809E1
2.024000E1	4.048000E4	-2.937271E1	-8.224759E0	3.050250E1	1.229556E5	2.664297E3	6.000309E1	7.304005E1
2.024400E1	4.048800E4	-2.745557E1	-1.352695E1	3.060697E1	1.229662E5	2.646091E3	6.192022E1	7.834223E1
2.024800E1	4.049600E4	-2.445893E1	-1.830541E1	3.055041E1	1.229768E5	2.655451E3	6.491686E1	8.312069E1
2.025200E1	4.050400E4	-2.056412E1	-2.242010E1	3.042276E1	1.229875E5	2.654606E3	6.881167E1	8.723539E1
2.025600E1	4.051200E4	-1.595495E1	-2.558145E1	3.014914E1	1.229980E5	2.686791E3	7.342085E1	9.039674E1
2.026000E1	4.052000E4	-1.065278E1	-2.770333E1	2.968091E1	1.230090E5	2.725645E3	7.872301E1	9.251862E1
2.026400E1	4.052800E4	-5.153257E0	-2.879541E1	2.925289E1	1.230199E5	2.716043E3	8.422254E1	9.361069E1
2.026800E1	4.053600E4	3.474771E-1	-2.864245E1	2.864456E1	1.230307E5	2.763456E3	8.972327E1	9.345774E1
2.027200E1	4.054400E4	5.827975E0	-2.750972E1	2.812028E1	1.230420E5	2.802793E3	9.520377E1	9.232501E1
2.027600E1	4.055200E4	1.077989E1	-2.525184E1	2.745653E1	1.230531E5	2.828920E3	1.001557E2	9.006713E1
2.028000E1	4.056000E4	1.528442E1	-2.216207E1	2.692157E1	1.230646E5	2.942342E3	1.046602E2	8.697736E1
2.028400E1	4.056800E4	1.921382E1	-1.813398E1	2.641992E1	1.230767E5	3.037811E3	1.085896E2	8.294927E1
2.028800E1	4.057600E4	2.222820E1	-1.341146E1	2.596074E1	1.230889E5	3.098967E3	1.116040E2	7.822674E1
2.029200E1	4.058400E4	2.427225E1	-8.145948E0	2.560271E1	1.231014E5	3.138941E3	1.136480E2	7.296123E1
2.029600E1	4.059200E4	2.514876E1	-2.640259E0	2.528697E1	1.231140E5	3.181491E3	1.145246E2	6.745555E1
2.030000E1	4.060000E4	2.509634E1	3.036898E0	2.527942E1	1.231269E5	3.220387E3	1.144721E2	6.177839E1
2.030400E1	4.060800E4	2.376967E1	8.543464E0	2.525842E1	1.231398E5	3.193512E3	1.131455E2	5.627182E1
2.030800E1	4.061600E4	2.137174E1	1.358799E1	2.532558E1	1.231524E5	3.147633E3	1.107475E2	5.122730E1
2.031200E1	4.062400E4	1.814338E1	1.811229E1	2.563664E1	1.231650E5	3.084122E3	1.075192E2	4.670299E1
2.031600E1	4.063200E4	1.409309E1	2.180200E1	2.596040E1	1.231771E5	3.032423E3	1.034689E2	4.301329E1
2.032000E1	4.064000E4	9.366076E0	2.466967E1	2.638780E1	1.231892E5	2.978837E3	9.874187E1	4.014561E1
2.032400E1	4.064800E4	4.231358E0	2.657033E1	2.690515E1	1.232010E5	2.928831E3	9.360715E1	3.824495E1
2.032800E1	4.065600E4	-1.262010E0	2.736051E1	2.738960E1	1.232126E5	2.881768E3	8.811379E1	3.745478E1
2.033200E1	4.066400E4	-6.783164E0	2.719425E1	2.802746E1	1.232240E5	2.822479E3	8.259263E1	3.762103E1
2.033600E1	4.067200E4	-1.217153E1	2.584153E1	2.856451E1	1.232352E5	2.803630E3	7.720427E1	3.897375E1
2.034000E1	4.068000E4	-1.723712E1	2.335021E1	2.902328E1	1.232464E5	2.760284E3	7.213867E1	4.146508E1
2.034400E1	4.068800E4	-2.171209E1	2.003323E1	2.954226E1	1.232573E5	2.712293E3	6.766370E1	4.478206E1
2.034800E1	4.069600E4	-2.537226E1	1.577252E1	2.987513E1	1.232681E5	2.676202E3	6.400354E1	4.904277E1
2.035200E1	4.070400E4	-2.809720E1	1.094751E1	3.015461E1	1.232787E5	2.634953E3	6.127859E1	5.386778E1
2.035600E1	4.071200E4	-2.976059E1	5.670291E0	3.029595E1	1.232892E5	2.608458E3	5.961521E1	5.914500E1
2.036000E1	4.072000E4	-3.048322E1	2.233014E-1	3.048403E1	1.232996E5	2.595003E3	5.889258E1	6.459199E1
2.036400E1	4.072800E4	-3.008877E1	-5.290704E0	3.055038E1	1.233100E5	2.593973E3	5.928702E1	7.010599E1
2.036800E1	4.073600E4	-2.859412E1	-1.059549E1	3.049406E1	1.233203E5	2.561318E3	6.078168E1	7.541077E1
2.037200E1	4.074400E4	-2.621853E1	-1.542128E1	3.041755E1	1.233305E5	2.569174E3	6.315726E1	8.023656E1
2.037600E1	4.075200E4	-2.294726E1	-1.986735E1	3.035273E1	1.233409E5	2.627849E3	6.642854E1	8.468264E1
2.038000E1	4.076000E4	-1.880946E1	-2.363494E1	3.020607E1	1.233515E5	2.628978E3	7.056633E1	8.845023E1
2.038400E1	4.076800E4	-1.405861E1	-2.634857E1	2.986456E1	1.233619E5	2.632679E3	7.531719E1	9.116386E1
2.038800E1	4.077600E4	-8.832753E0	-2.809512E1	2.945087E1	1.233725E5	2.663409E3	8.054304E1	9.291041E1
2.039200E1	4.078400E4	-3.441913E0	-2.897037E1	2.917412E1	1.233832E5	2.685341E3	8.593388E1	9.378566E1
2.039600E1	4.079200E4	2.020826E0	-2.868165E1	2.875276E1	1.233940E5	2.705975E3	9.139662E1	9.349694E1
2.040000E1	4.080000E4	7.242758E0	-2.727322E1	2.821854E1	1.234049E5	2.731422E3	9.661855E1	9.208850E1
2.040400E1	4.080800E4	1.209941E1	-2.493812E1	2.771833E1	1.234159E5	2.765597E3	1.014752E2	8.975341E1
2.040800E1	4.081600E4	1.644773E1	-2.182914E1	2.733202E1	1.234270E5	2.804439E3	1.058235E2	8.664443E1
2.041200E1	4.082400E4	2.009769E1	-1.789562E1	2.691041E1	1.234383E5	2.867719E3	1.094735E2	8.271090E1
2.041600E1	4.083200E4	2.291802E1	-1.326434E1	2.647977E1	1.234499E5	2.965050E3	1.122938E2	7.807962E1
2.042000E1	4.084000E4	2.483168E1	-8.050326E0	2.610402E1	1.234620E5	2.993296E3	1.142075E2	7.286561E1
2.042400E1	4.084800E4	2.544850E1	-2.726283E0	2.559412E1	1.234739E5	3.040176E3	1.148243E2	6.754157E1
2.042800E1	4.085600E4	2.527993E1	2.817252E0	2.543643E1	1.234864E5	3.082453E3	1.146557E2	6.199803E1
2.043200E1	4.086400E4	2.408147E1	8.078528E0	2.540039E1	1.234985E5	3.010430E3	1.134573E2	5.673676E1
2.043600E1	4.087200E4	2.189764E1	1.286905E1	2.539920E1	1.235104E5	3.029690E3	1.112734E2	5.194624E1
2.044000E1	4.088000E4	1.878972E1	1.738876E1	2.560122E1	1.235228E5	3.087485E3	1.081655E2	4.742653E1
2.044400E1	4.088800E4	1.477474E1	2.121241E1	2.585071E1	1.235351E5	3.053668E3	1.041505E2	4.360288E1
2.044800E1	4.089600E4	1.017280E1	2.421404E1	2.626415E1	1.235472E5	2.935547E3	9.954860E1	4.060125E1
2.045200E1	4.090400E4	5.295159E0	2.632421E1	2.685150E1	1.235586E5	2.855402E3	9.467096E1	3.849107E1
2.045600E1	4.091200E4	-2.629613E-2	2.741222E1	2.741223E1	1.235701E5	2.797679E3	8.934950E1	3.740307E1
2.046000E1	4.092000E4	-5.319326E0	2.734501E1	2.785758E1	1.235810E5	2.729837E3	8.405647E1	3.747028E1
2.046400E1	4.092800E4	-1.060461E1	2.638824E1	2.843935E1	1.235919E5	2.698375E3	7.877118E1	3.842705E1
2.046800E1	4.093600E4	-1.556520E1	2.434325E1	2.889410E1	1.236026E5	2.658348E3	7.381060E1	4.047204E1
2.047200E1	4.094400E4	-2.004955E1	2.138016E1	2.931033E1	1.236132E5	2.604664E3	6.932625E1	4.343513E1
2.047600E1	4.095200E4	-2.376649E1	1.762972E1	2.959144E1	1.236234E5	2.578637E3	6.560931E1	4.718556E1
2.048000E1	4.096000E4	-2.674732E1	1.316738E1	2.981273E1	1.236338E5	2.606211E3	6.262847E1	5.164791E1
2.048400E1	4.096800E4	-2.881123E1	8.108201E0	2.993042E1	1.236443E5	2.616830E3	6.056457E1	5.670709E1
2.048800E1	4.097600E4	-2.990205E1	2.761198E0	3.002927E1	1.236547E5	2.580312E3	5.947374E1	6.205409E1
2.049200E1	4.098400E4	-3.005274E1	-2.589411E0	3.016409E1	1.236649E5	2.519809E3	5.932306E1	6.740470E1
2.049600E1	4.099200E4	-2.916172E1	-7.749884E0	3.017394E1	1.236749E5	2.489742E3	6.021407E1	7.256517E1
2.050000E1	4.100000E4	-2.744165E1	-1.270453E1	3.023987E1	1.236848E5	2.506824E3	6.193414E1	7.751982E1
2.050400E1	4.100800E4	-2.471849E1	-1.726776E1	3.015260E1	1.236949E5	2.531771E3	6.465730E1	8.208305E1
2.050800E1	4.101600E4	-2.121019E1	-2.128188E1	3.004648E1	1.237051E5	2.519840E3	6.816560E1	8.609717E1
2.051200E1	4.102400E4	-1.712444E1	-2.454363E1	2.992719E1	1.237151E5	2.488509E3	7.225135E1	8.935892E1
2.051600E1	4.103200E4	-1.253171E1	-2.688015E1	2.965782E1	1.237250E5	2.535236E3	7.684408E1	9.169544E1
2.052000E1	4.104000E4	-7.410200E0	-2.840319E1	2.935392E1	1.237354E5	2.563811E3	8.196560E1	9.321848E1
2.052400E1	4.104800E4	-2.263764E0	-2.886192E1	2.895057E1	1.237455E5	2.576699E3	8.711203E1	9.367721E1
2.052800E1	4.105600E4	2.975684E0	-2.835243E1	2.850816E1	1.237560E5	2.639957E3	9.235148E1	9.316772E1
2.053200E1	4.106400E4	8.015793E0	-2.682877E1	2.800064E1	1.237666E5	2.678831E3	9.739159E1	9.164406E1
2.053600E1	4.107200E4	1.272656E1	-2.452885E1	2.763385E1	1.237774E5	2.696316E3	1.021024E2	8.934414E1
2.054000E1	4.108000E4	1.671741E1	-2.123991E1	2.702971E1	1.237882E5	2.744329E3	1.060932E2	8.605520E1
2.054400E1	4.108800E4	2.010487E1	-1.724612E1	2.648838E1	1.237994E5	2.860517E3	1.094807E2	8.206141E1
2.054800E1	4.109600E4	2.276728E1	-1.257363E1	2.600857E1	1.238111E5	2.920688E3	1.121431E2	7.738892E1
2.055200E1	4.110400E4	2.437987E1	-7.573771E0	2.552920E1	1.238227E5	2.949938E3	1.137557E2	7.238906E1
2.055600E1	4.111200E4	2.515614E1	-2.338513E0	2.526460E1	1.238347E5	2.987406E3	1.145319E2	6.715380E1
2.056000E1	4.112000E4	2.503420E1	2.914927E0	2.520333E1	1.238466E5	2.979061E3	1.144100E2	6.190036E1
2.056400E1	4.112800E4	2.393639E1	8.019012E0	2.524392E1	1.238585E5	2.963709E3	1.133122E2	5.679627E1
2.056800E1	4.113600E4	2.187607E1	1.280956E1	2.535049E1	1.238704E5	2.967023E3	1.112519E2	5.200573E1
2.057200E1	4.114400E4	1.885854E1	1.713453E1	2.548012E1	1.238823E5	2.953347E3	1.082343E2	4.768076E1
2.057600E1	4.115200E4	1.507078E1	2.072636E1	2.562636E1	1.238940E5	2.897019E3	1.044466E2	4.408893E1
2.058000E1	4.116000E4	1.081604E1	2.366124E1	2.601617E1	1.239054E5	2.854216E3	1.001918E2	4.115405E1
2.058400E1	4.116800E4	6.042821E0	2.578731E1	2.648586E1	1.239168E5	2.805445E3	9.541862E1	3.902798E1
2.058800E1	4.117600E4	9.986297E-1	2.694441E1	2.696291E1	1.239279E5	2.737019E3	9.037443E1	3.787088E1
2.059200E1	4.118400E4	-4.144743E0	2.706132E1	2.737688E1	1.239387E5	2.688692E3	8.523105E1	3.775397E1
2.059600E1	4.119200E4	-9.244582E0	2.627047E1	2.784959E1	1.239494E5	2.659380E3	8.013121E1	3.854482E1
2.060000E1	4.120000E4	-1.423865E1	2.467911E1	2.849206E1	1.239600E5	2.634311E3	7.513715E1	4.013618E1
2.060400E1	4.120800E4	-1.883692E1	2.208526E1	2.902736E1	1.239705E5	2.575134E3	7.053888E1	4.273003E1
2.060800E1	4.121600E4	-2.268095E1	1.864100E1	2.935835E1	1.239806E5	2.510861E3	6.669484E1	4.617429E1
2.061200E1	4.122400E4	-2.588284E1	1.461499E1	2.972406E1	1.239905E5	2.466218E3	6.349295E1	5.020030E1
2.061600E1	4.123200E4	-2.825343E1	1.010858E1	3.000733E1	1.240003E5	2.484862E3	6.112237E1	5.470670E1
2.062000E1	4.124000E4	-2.985779E1	5.035465E0	3.027942E1	1.240104E5	2.489307E3	5.951801E1	5.977982E1
2.062400E1	4.124800E4	-3.044668E1	-1.212312E-1	3.044693E1	1.240202E5	2.441500E3	5.892911E1	6.493652E1
2.062800E1	4.125600E4	-3.020908E1	-5.304523E0	3.067126E1	1.240300E5	2.437833E3	5.916672E1	7.011981E1
2.063200E1	4.126400E4	-2.905231E1	-1.041986E1	3.086439E1	1.240397E5	2.429336E3	6.032348E1	7.523514E1
2.063600E1	4.127200E4	-2.676234E1	-1.507607E1	3.071662E1	1.240494E5	2.423231E3	6.261346E1	7.989136E1
2.064000E1	4.128000E4	-2.383483E1	-1.938153E1	3.072040E1	1.240591E5	2.421306E3	6.554097E1	8.419682E1
2.064400E1	4.128800E4	-2.016730E1	-2.300804E1	3.059559E1	1.240688E5	2.390629E3	6.920850E1	8.782333E1
2.064800E1	4.129600E4	-1.605687E1	-2.593919E1	3.050680E1	1.240782E5	2.417503E3	7.331892E1	9.075448E1
2.065200E1	4.130400E4	-1.127518E1	-2.805413E1	3.023515E1	1.240881E5	2.436082E3	7.810061E1	9.286942E1
2.065600E1	4.131200E4	-6.367418E0	-2.927807E1	2.996247E1	1.240977E5	2.406334E3	8.300838E1	9.409336E1
2.066000E1	4.132000E4	-1.363391E0	-2.951356E1	2.954504E1	1.241074E5	2.454814E3	8.801240E1	9.432885E1
2.066400E1	4.132800E4	3.722135E0	-2.878137E1	2.902106E1	1.241174E5	2.475765E3	9.309793E1	9.359666E1
2.066800E1	4.133600E4	8.347336E0	-2.703068E1	2.829020E1	1.241272E5	2.509460E3	9.772313E1	9.184597E1
2.067200E1	4.134400E4	1.281247E1	-2.467081E1	2.779943E1	1.241374E5	2.597272E3	1.021883E2	8.948610E1
2.067600E1	4.135200E4	1.663377E1	-2.133675E1	2.705438E1	1.241479E5	2.667594E3	1.060096E2	8.615204E1
2.068000E1	4.136000E4	1.987996E1	-1.741261E1	2.642748E1	1.241588E5	2.756461E3	1.092558E2	8.222790E1
2.068400E1	4.136800E4	2.239225E1	-1.293283E1	2.585867E1	1.241700E5	2.797509E3	1.117680E2	7.774812E1
2.068800E1	4.137600E4	2.408347E1	-8.214939E0	2.544600E1	1.241812E5	2.832415E3	1.134593E2	7.303023E1
2.069200E1	4.138400E4	2.496259E1	-3.219757E0	2.516938E1	1.241927E5	2.897287E3	1.143384E2	6.803504E1
2.069600E1	4.139200E4	2.498133E1	1.897494E0	2.505329E1	1.242043E5	2.907470E3	1.143571E2	6.291779E1
2.070000E1	4.140000E4	2.405425E1	6.856639E0	2.501241E1	1.242159E5	2.889504E3	1.134300E2	5.795865E1
2.070400E1	4.140800E4	2.218757E1	1.153028E1	2.500471E1	1.242275E5	2.904290E3	1.115634E2	5.328501E1
2.070800E1	4.141600E4	1.956985E1	1.592922E1	2.523329E1	1.242391E5	2.889979E3	1.089456E2	4.888607E1
2.071200E1	4.142400E4	1.613888E1	1.963348E1	2.541529E1	1.242506E5	2.832636E3	1.055147E2	4.518181E1
2.071600E1	4.143200E4	1.218184E1	2.272433E1	2.578357E1	1.242618E5	2.785799E3	1.015576E2	4.209096E1
2.072000E1	4.144000E4	7.702130E0	2.498327E1	2.614357E1	1.242729E5	2.746137E3	9.707793E1	3.983202E1
2.072400E1	4.144800E4	2.877599E0	2.638004E1	2.653653E1	1.242838E5	2.742923E3	9.225340E1	3.843524E1
2.072800E1	4.145600E4	-2.271581E0	2.699901E1	2.709440E1	1.242948E5	2.683307E3	8.710421E1	3.781628E1
2.073200E1	4.146400E4	-7.255405E0	2.662880E1	2.759952E1	1.243052E5	2.587508E3	8.212039E1	3.818649E1
2.073600E1	4.147200E4	-1.213600E1	2.543295E1	2.818009E1	1.243155E5	2.536660E3	7.723980E1	3.938234E1
2.074000E1	4.148000E4	-1.675394E1	2.345836E1	2.882688E1	1.243255E5	2.480267E3	7.262186E1	4.135693E1
2.074400E1	4.148800E4	-2.082961E1	2.057559E1	2.927845E1	1.243354E5	2.431509E3	6.854619E1	4.423969E1
2.074800E1	4.149600E4	-2.430183E1	1.702488E1	2.967196E1	1.243450E5	2.423927E3	6.507397E1	4.779041E1
2.075200E1	4.150400E4	-2.715694E1	1.281215E1	3.002750E1	1.243547E5	2.405401E3	6.221886E1	5.200313E1
2.075600E1	4.151200E4	-2.928158E1	8.269473E0	3.042688E1	1.243642E5	2.345498E3	6.009422E1	5.654581E1
2.076000E1	4.152000E4	-3.051896E1	3.473474E0	3.071598E1	1.243735E5	2.313726E3	5.885684E1	6.134181E1
2.076400E1	4.152800E4	-3.081416E1	-1.474443E0	3.084941E1	1.243827E5	2.295661E3	5.856164E1	6.628973E1
2.076800E1	4.153600E4	-3.021409E1	-6.351790E0	3.087453E1	1.243919E5	2.318541E3	5.916170E1	7.116708E1
2.077200E1	4.154400E4	-2.880198E1	-1.122236E1	3.091109E1	1.244013E5	2.329161E3	6.057382E1	7.603765E1
2.077600E1	4.155200E4	-2.660686E1	-1.567606E1	3.088145E1	1.244105E5	2.303741E3	6.276893E1	8.049135E1
2.078000E1	4.156000E4	-2.361189E1	-1.961532E1	3.069661E1	1.244197E5	2.319732E3	6.576391E1	8.443060E1
2.078400E1	4.156800E4	-1.996344E1	-2.301664E1	3.046809E1	1.244291E5	2.361733E3	6.941236E1	8.783193E1
2.078800E1	4.157600E4	-1.572891E1	-2.577983E1	3.019931E1	1.244386E5	2.359729E3	7.364689E1	9.059511E1
2.079200E1	4.158400E4	-1.117117E1	-2.756808E1	2.974549E1	1.244479E5	2.348193E3	7.820462E1	9.238337E1
2.079600E1	4.159200E4	-6.400923E0	-2.862939E1	2.933622E1	1.244574E5	2.375349E3	8.297487E1	9.344467E1
2.080000E1	4.160000E4	-1.536746E0	-2.878413E1	2.882513E1	1.244669E5	2.423800E3	8.783905E1	9.359942E1
2.080400E1	4.160800E4	3.342501E0	-2.808298E1	2.828119E1	1.244768E5	2.485407E3	9.271830E1	9.289826E1
2.080800E1	4.161600E4	8.040072E0	-2.658437E1	2.777357E1	1.244868E5	2.524065E3	9.741587E1	9.139966E1
2.081200E1	4.162400E4	1.238311E1	-2.432415E1	2.729479E1	1.244970E5	2.568829E3	1.017589E2	8.913944E1
2.081600E1	4.163200E4	1.627077E1	-2.129835E1	2.680219E1	1.245074E5	2.622861E3	1.056466E2	8.611363E1
2.082000E1	4.164000E4	1.956057E1	-1.763533E1	2.633668E1	1.245180E5	2.682908E3	1.089364E2	8.245062E1
2.082400E1	4.164800E4	2.214955E1	-1.339253E1	2.588363E1	1.245288E5	2.736185E3	1.115253E2	7.820782E1
2.082800E1	4.165600E4	2.406293E1	-8.828440E0	2.563135E1	1.245399E5	2.724776E3	1.134387E2	7.364373E1
2.083200E1	4.166400E4	2.513126E1	-4.142742E0	2.547043E1	1.245506E5	2.737961E3	1.145071E2	6.895803E1
2.083600E1	4.167200E4	2.529942E1	7.756739E-1	2.531130E1	1.245618E5	2.796553E3	1.146752E2	6.403961E1
2.084000E1	4.168000E4	2.459870E1	5.684364E0	2.524694E1	1.245730E5	2.798461E3	1.139745E2	5.913092E1
2.084400E1	4.168800E4	2.296343E1	1.029312E1	2.516481E1	1.245841E5	2.796545E3	1.123392E2	5.452217E1
2.084800E1	4.169600E4	2.080415E1	1.477605E1	2.551753E1	1.245954E5	2.790333E3	1.101799E2	5.003924E1
2.085200E1	4.170400E4	1.766988E1	1.859836E1	2.565393E1	1.246065E5	2.739859E3	1.070457E2	4.621692E1
2.085600E1	4.171200E4	1.404187E1	2.187495E1	2.599399E1	1.246173E5	2.663239E3	1.034177E2	4.294034E1
2.086000E1	4.172000E4	9.982138E0	2.442682E1	2.638773E1	1.246278E5	2.572087E3	9.935793E1	4.038847E1
2.086400E1	4.172800E4	5.644740E0	2.628484E1	2.688412E1	1.246379E5	2.566114E3	9.502054E1	3.853045E1
2.086800E1	4.173600E4	8.115034E-1	2.736326E1	2.737529E1	1.246483E5	2.576815E3	9.018730E1	3.745203E1
2.087200E1	4.174400E4	-4.119866E0	2.758582E1	2.789177E1	1.246585E5	2.519346E3	8.525593E1	3.722947E1
2.087600E1	4.175200E4	-9.020680E0	2.702883E1	2.849439E1	1.246685E5	2.424684E3	8.035512E1	3.778645E1
2.088000E1	4.176000E4	-1.345864E1	2.542791E1	2.877001E1	1.246779E5	2.370396E3	7.591715E1	3.938738E1
2.088400E1	4.176800E4	-1.775093E1	2.320111E1	2.921279E1	1.246874E5	2.359789E3	7.162487E1	4.161418E1
2.088800E1	4.177600E4	-2.156165E1	2.026901E1	2.959286E1	1.246968E5	2.319691E3	6.781415E1	4.454627E1
2.089200E1	4.178400E4	-2.479330E1	1.673793E1	2.991432E1	1.247060E5	2.299243E3	6.458249E1	4.807735E1
2.089600E1	4.179200E4	-2.733180E1	1.264996E1	3.011725E1	1.247152E5	2.301361E3	6.204400E1	5.216532E1
2.090000E1	4.180000E4	-2.926981E1	8.179083E0	3.039110E1	1.247244E5	2.265922E3	6.010599E1	5.663620E1
2.090400E1	4.180800E4	-3.035781E1	3.570905E0	3.056710E1	1.247333E5	2.246729E3	5.901799E1	6.124438E1
2.090800E1	4.181600E4	-3.060856E1	-1.262262E0	3.063458E1	1.247424E5	2.299604E3	5.876723E1	6.607755E1
2.091200E1	4.182400E4	-2.996186E1	-6.198321E0	3.059628E1	1.247517E5	2.287252E3	5.941394E1	7.101361E1
2.091600E1	4.183200E4	-2.861484E1	-1.078953E1	3.058141E1	1.247607E5	2.241261E3	6.076096E1	7.560482E1
2.092000E1	4.184000E4	-2.642424E1	-1.502216E1	3.039582E1	1.247696E5	2.275608E3	6.295156E1	7.983745E1
2.092400E1	4.184800E4	-2.362124E1	-1.903569E1	3.033678E1	1.247789E5	2.298436E3	6.575455E1	8.385097E1
2.092800E1	4.185600E4	-2.022539E1	-2.246705E1	3.022970E1	1.247880E5	2.260492E3	6.915041E1	8.728234E1
2.093200E1	4.186400E4	-1.638303E1	-2.517788E1	3.003880E1	1.247969E5	2.247823E3	7.299276E1	8.999317E1
2.093600E1	4.187200E4	-1.208598E1	-2.713062E1	2.970087E1	1.248060E5	2.324042E3	7.728981E1	9.194591E1
2.094000E1	4.188000E4	-7.335848E0	-2.844882E1	2.937941E1	1.248155E5	2.355911E3	8.203995E1	9.326410E1
2.094400E1	4.188800E4	-2.603701E0	-2.880795E1	2.892538E1	1.248248E5	2.343153E3	8.677210E1	9.362324E1
2.094800E1	4.189600E4	2.120193E0	-2.829112E1	2.837045E1	1.248343E5	2.377303E3	9.149599E1	9.310640E1
2.095200E1	4.190400E4	6.706718E0	-2.719422E1	2.800903E1	1.248439E5	2.398227E3	9.608251E1	9.200950E1
2.095600E1	4.191200E4	1.093982E1	-2.519392E1	2.746659E1	1.248535E5	2.455784E3	1.003156E2	9.000921E1
2.096000E1	4.192000E4	1.494975E1	-2.258638E1	2.708578E1	1.248635E5	2.533444E3	1.043255E2	8.740167E1
2.096400E1	4.192800E4	1.844364E1	-1.927374E1	2.667667E1	1.248737E5	2.563586E3	1.078194E2	8.408903E1
2.096800E1	4.193600E4	2.123930E1	-1.542619E1	2.625024E1	1.248840E5	2.600949E3	1.106151E2	8.024147E1
2.097200E1	4.194400E4	2.340360E1	-1.113949E1	2.591943E1	1.248945E5	2.633760E3	1.127794E2	7.595477E1
2.097600E1	4.195200E4	2.470024E1	-6.581909E0	2.556215E1	1.249051E5	2.650459E3	1.140760E2	7.139720E1
2.098000E1	4.196000E4	2.530848E1	-1.880533E0	2.537825E1	1.249158E5	2.643921E3	1.146843E2	6.669582E1
2.098400E1	4.196800E4	2.509016E1	2.739133E0	2.523923E1	1.249262E5	2.655792E3	1.144660E2	6.207615E1
2.098800E1	4.197600E4	2.409328E1	7.364589E0	2.519372E1	1.249370E5	2.701449E3	1.134691E2	5.745070E1
2.099200E1	4.198400E4	2.245244E1	1.185887E1	2.539183E1	1.249478E5	2.661636E3	1.118282E2	5.295642E1
2.099600E1	4.199200E4	2.003671E1	1.581830E1	2.552819E1	1.249583E5	2.612336E3	1.094125E2	4.899698E1
2.100000E1	4.200000E4	1.701723E1	1.939806E1	2.580447E1	1.249687E5	2.606135E3	1.063930E2	4.541723E1
2.100400E1	4.200800E4	1.345475E1	2.251599E1	2.622976E1	1.249791E5	2.569854E3	1.028305E2	4.229929E1
2.100800E1	4.201600E4	9.380063E0	2.482297E1	2.653612E1	1.249893E5	2.502078E3	9.875586E1	3.999232E1
2.101200E1	4.202400E4	5.071975E0	2.647675E1	2.695818E1	1.249992E5	2.450045E3	9.444777E1	3.833853E1
2.101600E1	4.203200E4	5.260851E-1	2.739546E1	2.740051E1	1.250089E5	2.430137E3	8.990188E1	3.741983E1
2.102000E1	4.204000E4	-4.159239E0	2.751239E1	2.782500E1	1.250186E5	2.415666E3	8.521656E1	3.730290E1
2.102400E1	4.204800E4	-8.862011E0	2.691407E1	2.833553E1	1.250282E5	2.364559E3	8.051379E1	3.790122E1
2.102800E1	4.205600E4	-1.322398E1	2.538878E1	2.862628E1	1.250375E5	2.338772E3	7.615181E1	3.942651E1
2.103200E1	4.206400E4	-1.744927E1	2.321038E1	2.903789E1	1.250469E5	2.317040E3	7.192653E1	4.160490E1
2.103600E1	4.207200E4	-2.123170E1	2.046780E1	2.949095E1	1.250560E5	2.261432E3	6.814409E1	4.434748E1
2.104000E1	4.208000E4	-2.447478E1	1.712035E1	2.986840E1	1.250650E5	2.259506E3	6.490102E1	4.769493E1
2.104400E1	4.208800E4	-2.706408E1	1.312670E1	3.007947E1	1.250741E5	2.255937E3	6.231172E1	5.168858E1
2.104800E1	4.209600E4	-2.883275E1	8.774176E0	3.013824E1	1.250831E5	2.232695E3	6.054305E1	5.604111E1
2.105200E1	4.210400E4	-2.996867E1	4.218701E0	3.026414E1	1.250920E5	2.172174E3	5.940713E1	6.059659E1
2.105600E1	4.211200E4	-3.034729E1	-2.392622E-1	3.034824E1	1.251005E5	2.190153E3	5.902850E1	6.505455E1
2.106000E1	4.212000E4	-2.998215E1	-5.021771E0	3.039979E1	1.251095E5	2.234276E3	5.939365E1	6.983706E1
2.106400E1	4.212800E4	-2.888335E1	-9.566757E0	3.042648E1	1.251183E5	2.191194E3	6.049244E1	7.438204E1
2.106800E1	4.213600E4	-2.704389E1	-1.380208E1	3.036231E1	1.251270E5	2.170169E3	6.233190E1	7.861737E1
2.107200E1	4.214400E4	-2.451986E1	-1.761105E1	3.018895E1	1.251357E5	2.173450E3	6.485594E1	8.242634E1
2.107600E1	4.215200E4	-2.146901E1	-2.104272E1	3.006185E1	1.251444E5	2.201665E3	6.790678E1	8.585801E1
2.108000E1	4.216000E4	-1.791325E1	-2.403299E1	2.997447E1	1.251533E5	2.224705E3	7.146255E1	8.884827E1
2.108400E1	4.216800E4	-1.387384E1	-2.633984E1	2.977030E1	1.251622E5	2.231248E3	7.550196E1	9.115513E1
2.108800E1	4.217600E4	-9.542708E0	-2.795247E1	2.953648E1	1.251712E5	2.243097E3	7.983309E1	9.276775E1
2.109200E1	4.218400E4	-4.994212E0	-2.881712E1	2.924668E1	1.251802E5	2.235846E3	8.438158E1	9.363241E1
2.109600E1	4.219200E4	-4.855650E-1	-2.889750E1	2.890158E1	1.251890E5	2.256754E3	8.889023E1	9.371278E1
2.110000E1	4.220000E4	4.084368E0	-2.826691E1	2.856047E1	1.251982E5	2.274567E3	9.346016E1	9.308220E1
2.110400E1	4.220800E4	8.357327E0	-2.694175E1	2.820820E1	1.252072E5	2.262670E3	9.773312E1	9.175704E1
2.110800E1	4.221600E4	1.236996E1	-2.500312E1	2.789573E1	1.252163E5	2.318020E3	1.017458E2	8.981840E1
2.111200E1	4.222400E4	1.605697E1	-2.228153E1	2.746440E1	1.252258E5	2.382098E3	1.054328E2	8.709682E1
2.111600E1	4.223200E4	1.926149E1	-1.900763E1	2.706096E1	1.252354E5	2.419253E3	1.086373E2	8.382292E1
2.112000E1	4.224000E4	2.187572E1	-1.524252E1	2.666236E1	1.252451E5	2.443426E3	1.112515E2	8.005781E1
2.112400E1	4.224800E4	2.369421E1	-1.108533E1	2.615913E1	1.252549E5	2.481735E3	1.130700E2	7.590061E1
2.112800E1	4.225600E4	2.481321E1	-6.655207E0	2.569022E1	1.252650E5	2.531358E3	1.141890E2	7.147049E1
2.113200E1	4.226400E4	2.529897E1	-2.134043E0	2.538882E1	1.252752E5	2.564524E3	1.146748E2	6.694933E1
2.113600E1	4.227200E4	2.509027E1	2.416859E0	2.520640E1	1.252855E5	2.598714E3	1.144661E2	6.239843E1
2.114000E1	4.228000E4	2.427204E1	6.945254E0	2.524616E1	1.252960E5	2.610839E3	1.136478E2	5.787003E1
2.114400E1	4.228800E4	2.254774E1	1.118732E1	2.517056E1	1.253064E5	2.611151E3	1.119235E2	5.362796E1
2.114800E1	4.229600E4	2.027688E1	1.520067E1	2.534191E1	1.253169E5	2.604755E3	1.096527E2	4.961461E1
2.115200E1	4.230400E4	1.743443E1	1.884520E1	2.567296E1	1.253272E5	2.543134E3	1.068102E2	4.597009E1
2.115600E1	4.231200E4	1.406011E1	2.181897E1	2.595677E1	1.253372E5	2.461270E3	1.034359E2	4.299632E1
2.116000E1	4.232000E4	1.030562E1	2.418111E1	2.628558E1	1.253469E5	2.415330E3	9.968142E1	4.063418E1
2.116400E1	4.232800E4	6.234189E0	2.601723E1	2.675372E1	1.253565E5	2.388050E3	9.560999E1	3.879805E1
2.116800E1	4.233600E4	1.875119E0	2.696040E1	2.702553E1	1.253660E5	2.379823E3	9.125091E1	3.785488E1
2.117200E1	4.234400E4	-2.663077E0	2.733916E1	2.746856E1	1.253756E5	2.355788E3	8.671272E1	3.747613E1
2.117600E1	4.235200E4	-7.161433E0	2.697575E1	2.791017E1	1.253849E5	2.316875E3	8.221436E1	3.783953E1
2.118000E1	4.236000E4	-1.156654E1	2.585906E1	2.832800E1	1.253941E5	2.283440E3	7.780926E1	3.895623E1
2.118400E1	4.236800E4	-1.568563E1	2.402937E1	2.869581E1	1.254031E5	2.249167E3	7.369017E1	4.078592E1
2.118800E1	4.237600E4	-1.945415E1	2.153646E1	2.902211E1	1.254121E5	2.195754E3	6.992164E1	4.327883E1
2.119200E1	4.238400E4	-2.276583E1	1.863276E1	2.941875E1	1.254207E5	2.146377E3	6.660996E1	4.618253E1
2.119600E1	4.239200E4	-2.555102E1	1.519346E1	2.972702E1	1.254293E5	2.119786E3	6.382477E1	4.962182E1
2.120000E1	4.240000E4	-2.776553E1	1.141036E1	3.001868E1	1.254377E5	2.093894E3	6.161027E1	5.340492E1
2.120400E1	4.240800E4	-2.936008E1	7.312634E0	3.025705E1	1.254460E5	2.087478E3	6.001572E1	5.750265E1
2.120800E1	4.241600E4	-3.021403E1	2.984127E0	3.036103E1	1.254544E5	2.109247E3	5.916177E1	6.183116E1
2.121200E1	4.242400E4	-3.055930E1	-1.541673E0	3.059817E1	1.254629E5	2.132090E3	5.881649E1	6.635696E1
2.121600E1	4.243200E4	-2.998446E1	-6.054711E0	3.058966E1	1.254714E5	2.126536E3	5.939133E1	7.087000E1
2.122000E1	4.244000E4	-2.872726E1	-1.039931E1	3.055161E1	1.254799E5	2.107398E3	6.064854E1	7.521460E1
2.122400E1	4.244800E4	-2.689723E1	-1.446772E1	3.054138E1	1.254883E5	2.089852E3	6.247857E1	7.928301E1
2.122800E1	4.245600E4	-2.441182E1	-1.814248E1	3.041523E1	1.254966E5	2.086884E3	6.496398E1	8.295776E1
2.123200E1	4.246400E4	-2.148759E1	-2.146539E1	3.037235E1	1.255050E5	2.093188E3	6.788820E1	8.628068E1
2.123600E1	4.247200E4	-1.802232E1	-2.423582E1	3.020230E1	1.255134E5	2.117005E3	7.135348E1	8.905111E1
2.124000E1	4.248000E4	-1.409922E1	-2.641262E1	2.994018E1	1.255219E5	2.138754E3	7.527658E1	9.122790E1
2.124400E1	4.248800E4	-9.886683E0	-2.787998E1	2.958107E1	1.255305E5	2.154917E3	7.948911E1	9.269527E1
2.124800E1	4.249600E4	-5.538046E0	-2.888287E1	2.940901E1	1.255391E5	2.153376E3	8.383775E1	9.369816E1
2.125200E1	4.250400E4	-1.171620E0	-2.919232E1	2.921582E1	1.255477E5	2.150410E3	8.820418E1	9.400761E1
2.125600E1	4.251200E4	3.183580E0	-2.861199E1	2.878856E1	1.255563E5	2.167406E3	9.255938E1	9.342727E1
2.126000E1	4.252000E4	7.350478E0	-2.735415E1	2.832454E1	1.255650E5	2.195445E3	9.672627E1	9.216944E1
2.126400E1	4.252800E4	1.129747E1	-2.547906E1	2.787141E1	1.255739E5	2.240020E3	1.006733E2	9.029435E1
2.126800E1	4.253600E4	1.490652E1	-2.298819E1	2.739820E1	1.255830E5	2.291276E3	1.042823E2	8.780348E1
2.127200E1	4.254400E4	1.823349E1	-2.007858E1	2.712212E1	1.255922E5	2.320696E3	1.076093E2	8.489386E1
2.127600E1	4.255200E4	2.087537E1	-1.658916E1	2.666423E1	1.256015E5	2.346220E3	1.102512E2	8.140444E1
2.128000E1	4.256000E4	2.290678E1	-1.269087E1	2.618738E1	1.256110E5	2.432992E3	1.122826E2	7.750616E1
2.128400E1	4.256800E4	2.445145E1	-8.423793E0	2.586182E1	1.256210E5	2.459507E3	1.138272E2	7.323908E1
2.128800E1	4.257600E4	2.530431E1	-4.148903E0	2.564218E1	1.256307E5	2.446797E3	1.146801E2	6.896419E1
2.129200E1	4.258400E4	2.537861E1	2.502623E-1	2.537984E1	1.256406E5	2.479794E3	1.147544E2	6.456502E1
2.129600E1	4.259200E4	2.490108E1	4.627266E0	2.532737E1	1.256505E5	2.501432E3	1.142769E2	6.018802E1
2.130000E1	4.260000E4	2.384449E1	8.951365E0	2.546933E1	1.256606E5	2.458546E3	1.132203E2	5.586392E1
2.130400E1	4.260800E4	2.193229E1	1.276250E1	2.537532E1	1.256702E5	2.431069E3	1.113081E2	5.205278E1
2.130800E1	4.261600E4	1.960201E1	1.646262E1	2.559798E1	1.256800E5	2.457160E3	1.089778E2	4.835267E1
2.131200E1	4.262400E4	1.664621E1	1.973485E1	2.581784E1	1.256899E5	2.423770E3	1.060220E2	4.508043E1
2.131600E1	4.263200E4	1.326656E1	2.244607E1	2.607350E1	1.256994E5	2.379783E3	1.026424E2	4.236922E1
2.132000E1	4.264000E4	9.517251E0	2.465284E1	2.642614E1	1.257089E5	2.328938E3	9.889305E1	4.016245E1
2.132400E1	4.264800E4	5.556608E0	2.624685E1	2.682859E1	1.257180E5	2.287908E3	9.493240E1	3.856843E1
2.132800E1	4.265600E4	1.337754E0	2.729514E1	2.732790E1	1.257272E5	2.271872E3	9.071355E1	3.752014E1
2.133200E1	4.266400E4	-3.018733E0	2.769054E1	2.785460E1	1.257362E5	2.182895E3	8.635706E1	3.712475E1
2.133600E1	4.267200E4	-7.120755E0	2.722535E1	2.814116E1	1.257447E5	2.149581E3	8.225504E1	3.758994E1
2.134000E1	4.268000E4	-1.137850E1	2.627117E1	2.862944E1	1.257534E5	2.175942E3	7.799729E1	3.854412E1
2.134400E1	4.268800E4	-1.544769E1	2.465933E1	2.909834E1	1.257621E5	2.145601E3	7.392811E1	4.015596E1
2.134800E1	4.269600E4	-1.911840E1	2.231915E1	2.938806E1	1.257706E5	2.102080E3	7.025739E1	4.249614E1
2.135200E1	4.270400E4	-2.244398E1	1.959191E1	2.979220E1	1.257789E5	2.064860E3	6.693182E1	4.522338E1
2.135600E1	4.271200E4	-2.527499E1	1.634989E1	3.010222E1	1.257871E5	2.046054E3	6.410081E1	4.846540E1
2.136000E1	4.272000E4	-2.755327E1	1.270228E1	3.034025E1	1.257952E5	2.026261E3	6.182253E1	5.211300E1
2.136400E1	4.272800E4	-2.922579E1	8.761454E0	3.051082E1	1.258033E5	2.022730E3	6.015001E1	5.605383E1
2.136800E1	4.273600E4	-3.038936E1	4.578736E0	3.073237E1	1.258114E5	2.018941E3	5.898643E1	6.023655E1
2.137200E1	4.274400E4	-3.080262E1	2.883889E-1	3.080397E1	1.258195E5	1.979509E3	5.857318E1	6.452690E1
2.137600E1	4.275200E4	-3.046654E1	-3.885461E0	3.071330E1	1.258273E5	2.010583E3	5.890926E1	6.870075E1
2.138000E1	4.276000E4	-2.961842E1	-8.240781E0	3.074347E1	1.258355E5	2.058824E3	5.975738E1	7.305607E1
2.138400E1	4.276800E4	-2.811544E1	-1.236430E1	3.071406E1	1.258437E5	2.040193E3	6.126036E1	7.717959E1
2.138800E1	4.277600E4	-2.590366E1	-1.610467E1	3.050180E1	1.258519E5	2.024670E3	6.347214E1	8.091995E1
2.139200E1	4.278400E4	-2.329959E1	-1.950621E1	3.038689E1	1.258599E5	2.010858E3	6.607620E1	8.432150E1
2.139600E1	4.279200E4	-2.024992E1	-2.245563E1	3.023763E1	1.258680E5	1.984424E3	6.912588E1	8.727091E1
2.140000E1	4.280000E4	-1.686237E1	-2.482262E1	3.000837E1	1.258758E5	1.997767E3	7.251343E1	8.963791E1
2.140400E1	4.280800E4	-1.299826E1	-2.657828E1	2.958648E1	1.258839E5	2.072175E3	7.637754E1	9.139357E1
2.140800E1	4.281600E4	-8.824781E0	-2.779998E1	2.916703E1	1.258924E5	2.093301E3	8.055101E1	9.261526E1
2.141200E1	4.282400E4	-4.661727E0	-2.842145E1	2.880122E1	1.259007E5	2.092203E3	8.471407E1	9.323673E1
2.141600E1	4.283200E4	-4.338103E-1	-2.844249E1	2.844580E1	1.259091E5	2.102949E3	8.894199E1	9.325778E1
2.142000E1	4.284000E4	3.668976E0	-2.783560E1	2.807637E1	1.259175E5	2.095956E3	9.304477E1	9.265089E1
2.142400E1	4.284800E4	7.613688E0	-2.673899E1	2.780184E1	1.259259E5	2.099172E3	9.698948E1	9.155428E1
2.142800E1	4.285600E4	1.123146E1	-2.487241E1	2.729070E1	1.259343E5	2.171201E3	1.006073E2	8.968769E1
2.143200E1	4.286400E4	1.481480E1	-2.258477E1	2.701019E1	1.259433E5	2.226269E3	1.041906E2	8.740006E1
2.143600E1	4.287200E4	1.774110E1	-1.962597E1	2.645610E1	1.259521E5	2.249858E3	1.071169E2	8.444126E1
2.144000E1	4.288000E4	2.028897E1	-1.627646E1	2.601087E1	1.259613E5	2.320595E3	1.096648E2	8.109174E1
2.144400E1	4.288800E4	2.239356E1	-1.257846E1	2.568442E1	1.259707E5	2.379693E3	1.117694E2	7.739375E1
2.144800E1	4.289600E4	2.383906E1	-8.535690E0	2.532111E1	1.259803E5	2.405353E3	1.132149E2	7.335098E1
2.145200E1	4.290400E4	2.467072E1	-4.385678E0	2.505750E1	1.259899E5	2.372846E3	1.140465E2	6.920096E1
2.145600E1	4.291200E4	2.490954E1	-3.118997E-1	2.491150E1	1.259993E5	2.393038E3	1.142853E2	6.512719E1
2.146000E1	4.292000E4	2.468855E1	3.938652E0	2.500075E1	1.260091E5	2.411597E3	1.140643E2	6.087663E1
2.146400E1	4.292800E4	2.368484E1	7.959508E0	2.498650E1	1.260186E5	2.357941E3	1.130606E2	5.685578E1
2.146800E1	4.293600E4	2.210597E1	1.171821E1	2.501980E1	1.260279E5	2.340330E3	1.114818E2	5.309707E1
2.147200E1	4.294400E4	2.007511E1	1.529205E1	2.523602E1	1.260373E5	2.355751E3	1.094509E2	4.952324E1
2.147600E1	4.295200E4	1.755707E1	1.867922E1	2.563521E1	1.260468E5	2.342725E3	1.069329E2	4.613607E1
2.148000E1	4.296000E4	1.449242E1	2.151815E1	2.594342E1	1.260560E5	2.285294E3	1.038682E2	4.329714E1
2.148400E1	4.296800E4	1.111205E1	2.389091E1	2.634868E1	1.260651E5	2.216339E3	1.004878E2	4.092438E1
2.148800E1	4.297600E4	7.458896E0	2.562452E1	2.668804E1	1.260738E5	2.176200E3	9.683469E1	3.919076E1
2.149200E1	4.298400E4	3.554110E0	2.687185E1	2.710587E1	1.260825E5	2.158198E3	9.292991E1	3.794343E1
2.149600E1	4.299200E4	-4.975276E-1	2.750916E1	2.751366E1	1.260910E5	2.129182E3	8.887827E1	3.730612E1
2.150000E1	4.300000E4	-4.617036E0	2.759279E1	2.797640E1	1.260995E5	2.091618E3	8.475876E1	3.722250E1
2.150400E1	4.300800E4	-8.666733E0	2.704386E1	2.839863E1	1.261078E5	2.052586E3	8.070906E1	3.777143E1
2.150800E1	4.301600E4	-1.254515E1	2.581295E1	2.869999E1	1.261159E5	2.064330E3	7.683064E1	3.900233E1
2.151200E1	4.302400E4	-1.632765E1	2.395007E1	2.898617E1	1.261243E5	2.052175E3	7.304814E1	4.086522E1
2.151600E1	4.303200E4	-1.977755E1	2.170688E1	2.936563E1	1.261323E5	1.990831E3	6.959824E1	4.310841E1
2.152000E1	4.304000E4	-2.274018E1	1.893944E1	2.959423E1	1.261402E5	1.976221E3	6.663561E1	4.587585E1
2.152400E1	4.304800E4	-2.534654E1	1.574798E1	2.984034E1	1.261481E5	1.983452E3	6.402926E1	4.906730E1
2.152800E1	4.305600E4	-2.756999E1	1.223002E1	3.016087E1	1.261561E5	1.919616E3	6.180580E1	5.258527E1
2.153200E1	4.306400E4	-2.912802E1	8.625930E0	3.037842E1	1.261635E5	1.896212E3	6.024777E1	5.618936E1
2.153600E1	4.307200E4	-3.026779E1	4.659918E0	3.062440E1	1.261712E5	1.940752E3	5.910800E1	6.015537E1
2.154000E1	4.308000E4	-3.076318E1	5.208814E-1	3.076759E1	1.261790E5	1.910290E3	5.861262E1	6.429441E1
2.154400E1	4.308800E4	-3.059416E1	-3.501985E0	3.079393E1	1.261865E5	1.891639E3	5.878164E1	6.831727E1
2.154800E1	4.309600E4	-2.986262E1	-7.535928E0	3.079880E1	1.261942E5	1.902747E3	5.951318E1	7.235121E1
2.155200E1	4.310400E4	-2.847411E1	-1.136115E1	3.065698E1	1.262018E5	1.912065E3	6.090169E1	7.617644E1
2.155600E1	4.311200E4	-2.665770E1	-1.505739E1	3.061630E1	1.262095E5	1.918383E3	6.271810E1	7.987268E1
2.156000E1	4.312000E4	-2.441319E1	-1.846290E1	3.060854E1	1.262171E5	1.911133E3	6.496260E1	8.327819E1
2.156400E1	4.312800E4	-2.163108E1	-2.144213E1	3.045765E1	1.262247E5	1.918509E3	6.774471E1	8.625741E1
2.156800E1	4.313600E4	-1.842730E1	-2.396906E1	3.023378E1	1.262324E5	1.929819E3	7.094850E1	8.878435E1
2.157200E1	4.314400E4	-1.493845E1	-2.607051E1	3.004711E1	1.262402E5	1.955232E3	7.443734E1	9.088579E1
2.157600E1	4.315200E4	-1.109858E1	-2.759322E1	2.974162E1	1.262481E5	1.991508E3	7.827722E1	9.240850E1
2.158000E1	4.316000E4	-7.038748E0	-2.848333E1	2.934014E1	1.262561E5	1.996209E3	8.233705E1	9.329861E1
2.158400E1	4.316800E4	-3.002411E0	-2.884997E1	2.900578E1	1.262641E5	2.033547E3	8.637338E1	9.366526E1
2.158800E1	4.317600E4	1.199293E0	-2.876258E1	2.878757E1	1.262724E5	2.037023E3	9.057509E1	9.357787E1
2.159200E1	4.318400E4	5.096049E0	-2.789005E1	2.835180E1	1.262804E5	2.019388E3	9.447184E1	9.270534E1
2.159600E1	4.319200E4	8.929628E0	-2.662182E1	2.807952E1	1.262885E5	2.054535E3	9.830542E1	9.143711E1
2.160000E1	4.320000E4	1.250295E1	-2.476120E1	2.773879E1	1.262968E5	2.077431E3	1.018787E2	8.957648E1
2.160400E1	4.320800E4	1.568299E1	-2.226323E1	2.723247E1	1.263052E5	2.084193E3	1.050588E2	8.707852E1
2.160800E1	4.321600E4	1.844739E1	-1.946353E1	2.681670E1	1.263135E5	2.125402E3	1.078232E2	8.427882E1
2.161200E1	4.322400E4	2.086094E1	-1.620159E1	2.641345E1	1.263222E5	2.169724E3	1.102367E2	8.101687E1
2.161600E1	4.323200E4	2.268343E1	-1.266569E1	2.597995E1	1.263308E5	2.186104E3	1.120592E2	7.748098E1
2.162000E1	4.324000E4	2.407171E1	-8.926257E0	2.567343E1	1.263397E5	2.208452E3	1.134475E2	7.374154E1
2.162400E1	4.324800E4	2.503000E1	-5.096940E0	2.554368E1	1.263485E5	2.227425E3	1.144058E2	6.991223E1
2.162800E1	4.325600E4	2.539449E1	-1.120452E0	2.541920E1	1.263575E5	2.234732E3	1.147703E2	6.593574E1
2.163200E1	4.326400E4	2.517300E1	2.809324E0	2.532927E1	1.263664E5	2.245766E3	1.145488E2	6.200596E1
2.163600E1	4.327200E4	2.432800E1	6.719217E0	2.523885E1	1.263754E5	2.261520E3	1.137038E2	5.809607E1
2.164000E1	4.328000E4	2.300413E1	1.046423E1	2.527232E1	1.263845E5	2.244739E3	1.123799E2	5.435106E1
2.164400E1	4.328800E4	2.128288E1	1.403223E1	2.549244E1	1.263934E5	2.206420E3	1.106587E2	5.078305E1
2.164800E1	4.329600E4	1.899226E1	1.716770E1	2.560148E1	1.264021E5	2.165942E3	1.083681E2	4.764759E1
2.165200E1	4.330400E4	1.628670E1	1.991634E1	2.572776E1	1.264107E5	2.158708E3	1.056625E2	4.489895E1
2.165600E1	4.331200E4	1.320322E1	2.230862E1	2.592295E1	1.264194E5	2.169301E3	1.025790E2	4.250667E1
2.166000E1	4.332000E4	9.818987E0	2.440042E1	2.630195E1	1.264281E5	2.173292E3	9.919478E1	4.041487E1
2.166400E1	4.332800E4	6.090719E0	2.590165E1	2.660813E1	1.264368E5	2.114319E3	9.546652E1	3.891364E1
2.166800E1	4.333600E4	2.346798E0	2.679264E1	2.689523E1	1.264450E5	2.064221E3	9.172259E1	3.802264E1
2.167200E1	4.334400E4	-1.559362E0	2.719969E1	2.724435E1	1.264533E5	2.069361E3	8.781643E1	3.761560E1
2.167600E1	4.335200E4	-5.548838E0	2.715438E1	2.771552E1	1.264615E5	2.024638E3	8.382696E1	3.766091E1
2.168000E1	4.336000E4	-9.321891E0	2.635594E1	2.795592E1	1.264695E5	1.970782E3	8.005391E1	3.845934E1
2.168400E1	4.336800E4	-1.306934E1	2.530478E1	2.848051E1	1.264773E5	1.950228E3	7.630646E1	3.951051E1
2.168800E1	4.337600E4	-1.652861E1	2.353519E1	2.875935E1	1.264851E5	1.938644E3	7.284719E1	4.128010E1
2.169200E1	4.338400E4	-1.977666E1	2.133856E1	2.909383E1	1.264928E5	1.908795E3	6.959913E1	4.347672E1
2.169600E1	4.339200E4	-2.259273E1	1.872325E1	2.934266E1	1.265004E5	1.892328E3	6.678306E1	4.609203E1
2.170000E1	4.340000E4	-2.506896E1	1.568729E1	2.957269E1	1.265080E5	1.885175E3	6.430683E1	4.912800E1
2.170400E1	4.340800E4	-2.701275E1	1.234923E1	2.970172E1	1.265154E5	1.849318E3	6.236304E1	5.246606E1
2.170800E1	4.341600E4	-2.848409E1	8.840383E0	2.982442E1	1.265228E5	1.857237E3	6.089170E1	5.597490E1
2.171200E1	4.342400E4	-2.952462E1	5.052163E0	2.995376E1	1.265303E5	1.914726E3	5.985117E1	5.976312E1
2.171600E1	4.343200E4	-3.004568E1	1.009608E0	3.006264E1	1.265381E5	1.918452E3	5.933012E1	6.380568E1
2.172000E1	4.344000E4	-2.992759E1	-2.954142E0	3.007304E1	1.265456E5	1.881835E3	5.944820E1	6.776943E1
2.172400E1	4.344800E4	-2.933926E1	-6.843722E0	3.012688E1	1.265531E5	1.878479E3	6.003654E1	7.165901E1
2.172800E1	4.345600E4	-2.838562E1	-1.070634E1	3.033759E1	1.265607E5	1.848240E3	6.099018E1	7.552163E1
2.173200E1	4.346400E4	-2.683414E1	-1.421757E1	3.036792E1	1.265679E5	1.820595E3	6.254165E1	7.903285E1
2.173600E1	4.347200E4	-2.479602E1	-1.751110E1	3.035591E1	1.265752E5	1.822394E3	6.457978E1	8.232639E1
2.174000E1	4.348000E4	-2.231866E1	-2.044784E1	3.026941E1	1.265825E5	1.813511E3	6.705713E1	8.526313E1
2.174400E1	4.348800E4	-1.953125E1	-2.306150E1	3.022090E1	1.265897E5	1.820261E3	6.984454E1	8.787679E1
2.174800E1	4.349600E4	-1.640328E1	-2.531421E1	3.016417E1	1.265971E5	1.817900E3	7.297251E1	9.012950E1
2.175200E1	4.350400E4	-1.300958E1	-2.700931E1	2.997919E1	1.266043E5	1.854362E3	7.636621E1	9.182460E1
2.175600E1	4.351200E4	-9.264439E0	-2.833149E1	2.980777E1	1.266119E5	1.847491E3	8.011136E1	9.314677E1
2.176000E1	4.352000E4	-5.612877E0	-2.904132E1	2.957875E1	1.266191E5	1.832165E3	8.376292E1	9.385661E1
2.176400E1	4.352800E4	-1.763366E0	-2.924536E1	2.929848E1	1.266265E5	1.883210E3	8.761243E1	9.406065E1
2.176800E1	4.353600E4	2.086600E0	-2.891932E1	2.899449E1	1.266341E5	1.899060E3	9.146240E1	9.373460E1
2.177200E1	4.354400E4	5.864640E0	-2.821515E1	2.881820E1	1.266417E5	1.874843E3	9.524044E1	9.303044E1
2.177600E1	4.355200E4	9.295898E0	-2.680617E1	2.837225E1	1.266491E5	1.870845E3	9.867169E1	9.162146E1
2.178000E1	4.356000E4	1.252833E1	-2.490034E1	2.787447E1	1.266567E5	1.939910E3	1.019041E2	8.971563E1
2.178400E1	4.356800E4	1.563659E1	-2.262856E1	2.750554E1	1.266646E5	1.992509E3	1.050124E2	8.744385E1
2.178800E1	4.357600E4	1.828976E1	-1.985599E1	2.699584E1	1.266726E5	2.002089E3	1.076656E2	8.467127E1
2.179200E1	4.358400E4	2.060772E1	-1.689029E1	2.664508E1	1.266807E5	2.022623E3	1.099835E2	8.170558E1
2.179600E1	4.359200E4	2.246101E1	-1.358691E1	2.625074E1	1.266888E5	2.067348E3	1.118368E2	7.840220E1
2.180000E1	4.360000E4	2.388482E1	-1.004006E1	2.590921E1	1.266972E5	2.127273E3	1.132606E2	7.485534E1
2.180400E1	4.360800E4	2.486788E1	-6.270387E0	2.564623E1	1.267058E5	2.126340E3	1.142437E2	7.108567E1
2.180800E1	4.361600E4	2.515297E1	-2.550015E0	2.528190E1	1.267142E5	2.151976E3	1.145288E2	6.736530E1
2.181200E1	4.362400E4	2.509788E1	1.343344E0	2.513380E1	1.267231E5	2.234025E3	1.144737E2	6.347194E1
2.181600E1	4.363200E4	2.454783E1	5.255123E0	2.510403E1	1.267321E5	2.220620E3	1.139236E2	5.956016E1
2.182000E1	4.364000E4	2.350188E1	8.941020E0	2.514518E1	1.267408E5	2.154083E3	1.128777E2	5.587427E1
2.182400E1	4.364800E4	2.189287E1	1.229373E1	2.510844E1	1.267493E5	2.142137E3	1.112687E2	5.252155E1
2.182800E1	4.365600E4	2.001538E1	1.561852E1	2.538806E1	1.267580E5	2.139775E3	1.093912E2	4.919676E1
2.183200E1	4.366400E4	1.768153E1	1.858963E1	2.565562E1	1.267664E5	2.102620E3	1.070573E2	4.622566E1
2.183600E1	4.367200E4	1.490681E1	2.112142E1	2.585203E1	1.267748E5	2.037916E3	1.042826E2	4.369386E1
2.184000E1	4.368000E4	1.194380E1	2.317790E1	2.607431E1	1.267827E5	2.017918E3	1.013196E2	4.163738E1
2.184400E1	4.368800E4	8.647982E0	2.501645E1	2.646904E1	1.267909E5	1.995075E3	9.802378E1	3.979884E1
2.184800E1	4.369600E4	5.244702E0	2.624267E1	2.676162E1	1.267987E5	1.991724E3	9.462050E1	3.857262E1
2.185200E1	4.370400E4	1.483573E0	2.707778E1	2.711839E1	1.268069E5	1.982701E3	9.085937E1	3.773751E1
2.185600E1	4.371200E4	-2.175985E0	2.728490E1	2.737153E1	1.268146E5	1.928044E3	8.719981E1	3.753039E1
2.186000E1	4.372000E4	-5.938867E0	2.726487E1	2.790418E1	1.268223E5	1.887628E3	8.343693E1	3.755042E1
2.186400E1	4.372800E4	-9.505234E0	2.660451E1	2.825154E1	1.268297E5	1.843913E3	7.987056E1	3.821078E1
2.186800E1	4.373600E4	-1.302879E1	2.552681E1	2.865951E1	1.268370E5	1.853122E3	7.634701E1	3.928847E1
2.187200E1	4.374400E4	-1.635237E1	2.380556E1	2.888087E1	1.268445E5	1.863468E3	7.302342E1	4.100973E1
2.187600E1	4.375200E4	-1.948566E1	2.168106E1	2.915063E1	1.268519E5	1.830597E3	6.989013E1	4.313423E1
2.188000E1	4.376000E4	-2.225248E1	1.925498E1	2.942664E1	1.268591E5	1.789012E3	6.712331E1	4.556030E1
2.188400E1	4.376800E4	-2.473661E1	1.652258E1	2.974720E1	1.268663E5	1.767688E3	6.463918E1	4.829270E1
2.188800E1	4.377600E4	-2.675085E1	1.347066E1	2.995108E1	1.268733E5	1.746300E3	6.262494E1	5.134463E1
2.189200E1	4.378400E4	-2.835152E1	1.019050E1	3.012732E1	1.268802E5	1.730222E3	6.102427E1	5.462479E1
2.189600E1	4.379200E4	-2.952531E1	6.754727E0	3.028813E1	1.268871E5	1.741909E3	5.985048E1	5.806056E1
2.190000E1	4.380000E4	-3.017839E1	3.083976E0	3.033556E1	1.268942E5	1.777731E3	5.919741E1	6.173131E1
2.190400E1	4.380800E4	-3.056692E1	-7.126787E-1	3.057523E1	1.269013E5	1.741413E3	5.880888E1	6.552797E1
2.190800E1	4.381600E4	-3.028673E1	-4.308508E0	3.059165E1	1.269081E5	1.722315E3	5.908907E1	6.912380E1
2.191200E1	4.382400E4	-2.955143E1	-7.981420E0	3.061029E1	1.269151E5	1.751312E3	5.982437E1	7.279671E1
2.191600E1	4.383200E4	-2.840925E1	-1.153980E1	3.066354E1	1.269221E5	1.745815E3	6.096654E1	7.635508E1
2.192000E1	4.384000E4	-2.669713E1	-1.484764E1	3.054815E1	1.269291E5	1.763449E3	6.267866E1	7.966293E1
2.192400E1	4.384800E4	-2.463093E1	-1.803670E1	3.052876E1	1.269362E5	1.756534E3	6.474486E1	8.285198E1
2.192800E1	4.385600E4	-2.223914E1	-2.083502E1	3.047421E1	1.269431E5	1.742020E3	6.713665E1	8.565031E1
2.193200E1	4.386400E4	-1.952537E1	-2.339409E1	3.047169E1	1.269502E5	1.728731E3	6.985043E1	8.820938E1
2.193600E1	4.387200E4	-1.651371E1	-2.539277E1	3.029018E1	1.269570E5	1.711684E3	7.286209E1	9.020805E1
2.194000E1	4.388000E4	-1.326413E1	-2.700879E1	3.009007E1	1.269638E5	1.735013E3	7.611166E1	9.182408E1
2.194400E1	4.388800E4	-9.792179E0	-2.818724E1	2.983969E1	1.269708E5	1.762274E3	7.958362E1	9.300252E1
2.194800E1	4.389600E4	-6.192441E0	-2.898966E1	2.964366E1	1.269779E5	1.756074E3	8.318336E1	9.380495E1
2.195200E1	4.390400E4	-2.612659E0	-2.922524E1	2.934179E1	1.269849E5	1.759047E3	8.676314E1	9.404052E1
2.195600E1	4.391200E4	1.018436E0	-2.895104E1	2.896895E1	1.269920E5	1.815443E3	9.039423E1	9.376633E1
2.196000E1	4.392000E4	4.698773E0	-2.833684E1	2.872377E1	1.269994E5	1.804828E3	9.407457E1	9.315213E1
2.196400E1	4.392800E4	8.007906E0	-2.711532E1	2.827308E1	1.270065E5	1.804450E3	9.738370E1	9.193061E1
2.196800E1	4.393600E4	1.129264E1	-2.554270E1	2.792764E1	1.270139E5	1.873563E3	1.006684E2	9.035799E1
2.197200E1	4.394400E4	1.434238E1	-2.345806E1	2.749517E1	1.270214E5	1.914689E3	1.037182E2	8.827334E1
2.197600E1	4.395200E4	1.708509E1	-2.097218E1	2.705056E1	1.270292E5	1.930891E3	1.064609E2	8.578747E1
2.198000E1	4.396000E4	1.952264E1	-1.827602E1	2.674222E1	1.270369E5	1.938823E3	1.088984E2	8.309131E1
2.198400E1	4.396800E4	2.148602E1	-1.522493E1	2.633339E1	1.270447E5	1.951892E3	1.108618E2	8.004022E1
2.198800E1	4.397600E4	2.309168E1	-1.201867E1	2.603217E1	1.270525E5	1.977703E3	1.124675E2	7.683395E1
2.199200E1	4.398400E4	2.425979E1	-8.590676E0	2.573591E1	1.270605E5	2.022622E3	1.136356E2	7.340596E1
2.199600E1	4.399200E4	2.506223E1	-5.014720E0	2.555901E1	1.270687E5	2.035537E3	1.144380E2	6.983001E1
2.200000E1	4.400000E4	2.532646E1	-1.422777E0	2.536639E1	1.270768E5	2.026872E3	1.147023E2	6.623806E1
2.200400E1	4.400800E4	2.522094E1	2.162217E0	2.531346E1	1.270849E5	2.030474E3	1.145967E2	6.265307E1
2.200800E1	4.401600E4	2.453055E1	5.676152E0	2.517870E1	1.270930E5	2.032194E3	1.139063E2	5.913913E1
2.201200E1	4.402400E4	2.342705E1	9.066810E0	2.512038E1	1.271012E5	2.049013E3	1.128028E2	5.574848E1
2.201600E1	4.403200E4	2.183309E1	1.231263E1	2.506561E1	1.271094E5	2.084982E3	1.112089E2	5.250265E1
2.202000E1	4.404000E4	1.987441E1	1.543699E1	2.516531E1	1.271178E5	2.098554E3	1.092502E2	4.937830E1
2.202400E1	4.404800E4	1.749096E1	1.824512E1	2.527485E1	1.271262E5	2.047625E3	1.068668E2	4.657016E1
2.202800E1	4.405600E4	1.495447E1	2.074897E1	2.557647E1	1.271342E5	1.956310E3	1.043303E2	4.406632E1
2.203200E1	4.406400E4	1.220053E1	2.281070E1	2.586853E1	1.271419E5	1.919770E3	1.015763E2	4.200459E1
2.203600E1	4.407200E4	9.135820E0	2.453483E1	2.618054E1	1.271496E5	1.894920E3	9.851162E1	4.028046E1
2.204000E1	4.408000E4	5.962360E0	2.586459E1	2.654292E1	1.271570E5	1.846198E3	9.533816E1	3.895070E1
2.204400E1	4.408800E4	2.643452E0	2.670182E1	2.683235E1	1.271643E5	1.847660E3	9.201925E1	3.811347E1
2.204800E1	4.409600E4	-8.551188E-1	2.720870E1	2.722214E1	1.271718E5	1.823765E3	8.852068E1	3.760658E1
2.205200E1	4.410400E4	-4.284879E0	2.724966E1	2.758449E1	1.271789E5	1.808753E3	8.509092E1	3.756563E1
2.205600E1	4.411200E4	-7.867955E0	2.695847E1	2.808316E1	1.271863E5	1.795480E3	8.150784E1	3.785682E1
2.206000E1	4.412000E4	-1.116757E1	2.593063E1	2.823318E1	1.271933E5	1.781341E3	7.820822E1	3.888466E1
2.206400E1	4.412800E4	-1.451039E1	2.461326E1	2.857208E1	1.272005E5	1.783317E3	7.486541E1	4.020203E1
2.206800E1	4.413600E4	-1.763538E1	2.292756E1	2.892541E1	1.272076E5	1.740966E3	7.174042E1	4.188772E1
2.207200E1	4.414400E4	-2.041913E1	2.081599E1	2.915898E1	1.272144E5	1.708974E3	6.895667E1	4.399930E1
2.207600E1	4.415200E4	-2.295448E1	1.843051E1	2.943793E1	1.272212E5	1.677805E3	6.642132E1	4.638478E1
2.208000E1	4.416000E4	-2.509821E1	1.576177E1	2.963703E1	1.272279E5	1.664082E3	6.427758E1	4.905351E1
2.208400E1	4.416800E4	-2.683841E1	1.277187E1	2.972240E1	1.272346E5	1.664873E3	6.253739E1	5.204342E1
2.208800E1	4.417600E4	-2.832563E1	9.648343E0	2.992377E1	1.272412E5	1.664613E3	6.105017E1	5.516694E1
2.209200E1	4.418400E4	-2.948688E1	6.338643E0	3.016048E1	1.272479E5	1.671223E3	5.988892E1	5.847664E1
2.209600E1	4.419200E4	-3.007389E1	2.864113E0	3.020997E1	1.272546E5	1.630086E3	5.930191E1	6.195117E1
2.210000E1	4.420000E4	-3.031654E1	-4.808714E-1	3.032035E1	1.272609E5	1.621999E3	5.905926E1	6.529616E1
2.210400E1	4.420800E4	-3.011941E1	-3.984436E0	3.038181E1	1.272675E5	1.663314E3	5.925639E1	6.879972E1
2.210800E1	4.421600E4	-2.965212E1	-7.511534E0	3.058875E1	1.272742E5	1.658886E3	5.972367E1	7.232682E1
2.211200E1	4.422400E4	-2.852952E1	-1.084126E1	3.051994E1	1.272808E5	1.648183E3	6.084627E1	7.565655E1
2.211600E1	4.423200E4	-2.715912E1	-1.407837E1	3.059115E1	1.272874E5	1.640246E3	6.221668E1	7.889366E1
2.212000E1	4.424000E4	-2.545384E1	-1.712287E1	3.067720E1	1.272939E5	1.636306E3	6.392196E1	8.193816E1
2.212400E1	4.424800E4	-2.335412E1	-1.994007E1	3.070865E1	1.273005E5	1.640340E3	6.602168E1	8.475535E1
2.212800E1	4.425600E4	-2.092301E1	-2.247769E1	3.070861E1	1.273071E5	1.630997E3	6.845279E1	8.729298E1
2.213200E1	4.426400E4	-1.812918E1	-2.453520E1	3.050644E1	1.273135E5	1.591845E3	7.124662E1	8.935049E1
2.213600E1	4.427200E4	-1.525301E1	-2.619292E1	3.031045E1	1.273198E5	1.599448E3	7.412278E1	9.100820E1
2.214000E1	4.428000E4	-1.207705E1	-2.755763E1	3.008783E1	1.273263E5	1.667638E3	7.729875E1	9.237291E1
2.214400E1	4.428800E4	-8.630291E0	-2.845459E1	2.973459E1	1.273331E5	1.657903E3	8.074550E1	9.326988E1
2.214800E1	4.429600E4	-5.335159E0	-2.906309E1	2.954872E1	1.273396E5	1.648360E3	8.404064E1	9.387838E1
2.215200E1	4.430400E4	-1.876396E0	-2.912913E1	2.918950E1	1.273463E5	1.690880E3	8.749940E1	9.394441E1
2.215600E1	4.431200E4	1.578918E0	-2.892046E1	2.896352E1	1.273531E5	1.689487E3	9.095471E1	9.373574E1
2.216000E1	4.432000E4	4.888525E0	-2.821288E1	2.863327E1	1.273598E5	1.701772E3	9.426432E1	9.302817E1
2.216400E1	4.432800E4	8.167226E0	-2.715536E1	2.835696E1	1.273667E5	1.740015E3	9.754302E1	9.197064E1
2.216800E1	4.433600E4	1.128779E1	-2.565307E1	2.802667E1	1.273738E5	1.777005E3	1.006636E2	9.046835E1
2.217200E1	4.434400E4	1.419265E1	-2.366243E1	2.759242E1	1.273810E5	1.808255E3	1.035684E2	8.847772E1
2.217600E1	4.435200E4	1.682483E1	-2.136799E1	2.719680E1	1.273882E5	1.808617E3	1.062006E2	8.618327E1
2.218000E1	4.436000E4	1.904741E1	-1.876749E1	2.673991E1	1.273954E5	1.850055E3	1.084232E2	8.358277E1
2.218400E1	4.436800E4	2.111024E1	-1.589801E1	2.642705E1	1.274030E5	1.882590E3	1.104860E2	8.071329E1
2.218800E1	4.437600E4	2.277217E1	-1.289182E1	2.616813E1	1.274105E5	1.824794E3	1.121480E2	7.770711E1
2.219200E1	4.438400E4	2.395089E1	-9.864435E0	2.590274E1	1.274176E5	1.852078E3	1.133267E2	7.467972E1
2.219600E1	4.439200E4	2.482050E1	-6.510855E0	2.566025E1	1.274253E5	1.892723E3	1.141963E2	7.132614E1
2.220000E1	4.440000E4	2.521365E1	-3.204481E0	2.541646E1	1.274328E5	1.889691E3	1.145894E2	6.801977E1
2.220400E1	4.440800E4	2.521181E1	1.843733E-1	2.521248E1	1.274404E5	1.940948E3	1.145876E2	6.463091E1
2.220800E1	4.441600E4	2.493787E1	3.631160E0	2.520085E1	1.274483E5	1.953467E3	1.143137E2	6.118413E1
2.221200E1	4.442400E4	2.429522E1	6.987990E0	2.528022E1	1.274560E5	1.906168E3	1.136710E2	5.782730E1
2.221600E1	4.443200E4	2.317746E1	1.009414E1	2.528016E1	1.274635E5	1.875510E3	1.125533E2	5.472115E1
2.222000E1	4.444000E4	2.167802E1	1.305165E1	2.530380E1	1.274711E5	1.885536E3	1.110538E2	5.176364E1
2.222400E1	4.444800E4	1.975726E1	1.578227E1	2.528694E1	1.274786E5	1.914787E3	1.091331E2	4.903302E1
2.222800E1	4.445600E4	1.748271E1	1.833884E1	2.533689E1	1.274864E5	1.911926E3	1.068585E2	4.647645E1
2.223200E1	4.446400E4	1.507187E1	2.067898E1	2.558870E1	1.274939E5	1.854560E3	1.044477E2	4.413631E1
2.223600E1	4.447200E4	1.245272E1	2.265664E1	2.585331E1	1.275012E5	1.840328E3	1.018285E2	4.215865E1
2.224000E1	4.448000E4	9.512296E0	2.431771E1	2.611196E1	1.275086E5	1.832221E3	9.888809E1	4.049758E1
2.224400E1	4.448800E4	6.465093E0	2.566911E1	2.647075E1	1.275159E5	1.791980E3	9.584089E1	3.914617E1
2.224800E1	4.449600E4	3.281884E0	2.662131E1	2.682284E1	1.275230E5	1.761060E3	9.265768E1	3.819398E1
2.225200E1	4.450400E4	2.283478E-2	2.716138E1	2.716139E1	1.275300E5	1.729989E3	8.939863E1	3.765390E1
2.225600E1	4.451200E4	-3.243410E0	2.715195E1	2.734499E1	1.275368E5	1.720201E3	8.613239E1	3.766333E1
2.226000E1	4.452000E4	-6.544764E0	2.682036E1	2.760735E1	1.275437E5	1.703077E3	8.283103E1	3.799493E1
2.226400E1	4.452800E4	-9.748936E0	2.616301E1	2.792033E1	1.275504E5	1.672895E3	7.962686E1	3.865228E1
2.226800E1	4.453600E4	-1.283415E1	2.508379E1	2.817644E1	1.275571E5	1.664424E3	7.654165E1	3.973149E1
2.227200E1	4.454400E4	-1.577526E1	2.360761E1	2.839328E1	1.275638E5	1.648742E3	7.360054E1	4.120767E1
2.227600E1	4.455200E4	-1.856180E1	2.189775E1	2.870630E1	1.275703E5	1.619931E3	7.081400E1	4.291754E1
2.228000E1	4.456000E4	-2.108113E1	1.985793E1	2.896121E1	1.275767E5	1.597323E3	6.829467E1	4.495735E1
2.228400E1	4.456800E4	-2.329242E1	1.751063E1	2.914034E1	1.275831E5	1.599147E3	6.608337E1	4.730466E1
2.228800E1	4.457600E4	-2.539259E1	1.495465E1	2.946906E1	1.275895E5	1.611299E3	6.398320E1	4.986063E1
2.229200E1	4.458400E4	-2.709651E1	1.208936E1	2.967109E1	1.275960E5	1.586162E3	6.227929E1	5.272593E1
2.229600E1	4.459200E4	-2.838292E1	9.116113E0	2.981097E1	1.276022E5	1.591618E3	6.099287E1	5.569917E1
2.230000E1	4.460000E4	-2.942973E1	5.886803E0	3.001272E1	1.276087E5	1.611902E3	5.994607E1	5.892848E1
2.230400E1	4.460800E4	-3.011168E1	2.587266E0	3.022263E1	1.276151E5	1.542376E3	5.926411E1	6.222802E1
2.230800E1	4.461600E4	-3.030086E1	-5.434354E-1	3.030573E1	1.276210E5	1.491909E3	5.907493E1	6.535872E1
2.231200E1	4.462400E4	-3.030101E1	-3.733566E0	3.053016E1	1.276270E5	1.512877E3	5.907479E1	6.854885E1
2.231600E1	4.463200E4	-2.975952E1	-6.941954E0	3.055847E1	1.276331E5	1.555028E3	5.961627E1	7.175724E1
2.232000E1	4.464000E4	-2.889500E1	-1.021215E1	3.064652E1	1.276395E5	1.561433E3	6.048079E1	7.502744E1
2.232400E1	4.464800E4	-2.763157E1	-1.325185E1	3.064499E1	1.276456E5	1.543122E3	6.174422E1	7.806714E1
2.232800E1	4.465600E4	-2.605291E1	-1.615950E1	3.065753E1	1.276518E5	1.527218E3	6.332288E1	8.097479E1
2.233200E1	4.466400E4	-2.419545E1	-1.879478E1	3.063762E1	1.276578E5	1.496216E3	6.518034E1	8.361007E1
2.233600E1	4.467200E4	-2.207515E1	-2.115398E1	3.057455E1	1.276638E5	1.527145E3	6.730065E1	8.596927E1
2.234000E1	4.468000E4	-1.955900E1	-2.335653E1	3.046444E1	1.276701E5	1.541325E3	6.981680E1	8.817182E1
2.234400E1	4.468800E4	-1.692426E1	-2.519533E1	3.035186E1	1.276761E5	1.545976E3	7.245154E1	9.001062E1
2.234800E1	4.469600E4	-1.397003E1	-2.675023E1	3.017841E1	1.276824E5	1.556573E3	7.540577E1	9.156552E1
2.235200E1	4.470400E4	-1.092613E1	-2.782653E1	2.989475E1	1.276886E5	1.574842E3	7.844966E1	9.264181E1
2.235600E1	4.471200E4	-7.697382E0	-2.877401E1	2.978579E1	1.276950E5	1.568751E3	8.167841E1	9.358930E1
2.236000E1	4.472000E4	-4.561911E0	-2.917330E1	2.952782E1	1.277011E5	1.536134E3	8.481389E1	9.398858E1
2.236400E1	4.472800E4	-1.373965E0	-2.927018E1	2.930241E1	1.277073E5	1.549845E3	8.800183E1	9.408547E1
2.236800E1	4.473600E4	1.781992E0	-2.904190E1	2.909652E1	1.277135E5	1.550745E3	9.115779E1	9.385719E1
2.237200E1	4.474400E4	4.868841E0	-2.842885E1	2.884276E1	1.277197E5	1.515743E3	9.424464E1	9.324413E1
2.237600E1	4.475200E4	7.674396E0	-2.741791E1	2.847171E1	1.277256E5	1.525468E3	9.705019E1	9.223319E1
2.238000E1	4.476000E4	1.047885E1	-2.603785E1	2.806734E1	1.277319E5	1.618307E3	9.985465E1	9.085313E1
2.238400E1	4.476800E4	1.326640E1	-2.434886E1	2.772840E1	1.277386E5	1.668573E3	1.026422E2	8.916414E1
2.238800E1	4.477600E4	1.580392E1	-2.234485E1	2.736889E1	1.277453E5	1.661925E3	1.051797E2	8.716014E1
2.239200E1	4.478400E4	1.800822E1	-2.008527E1	2.697618E1	1.277519E5	1.694869E3	1.073840E2	8.490056E1
2.239600E1	4.479200E4	2.008867E1	-1.756792E1	2.668682E1	1.277588E5	1.772810E3	1.094645E2	8.238320E1
2.240000E1	4.480000E4	2.182527E1	-1.468727E1	2.630700E1	1.277661E5	1.773717E3	1.112011E2	7.950255E1
2.240400E1	4.480800E4	2.308329E1	-1.175166E1	2.590250E1	1.277730E5	1.791629E3	1.124591E2	7.656695E1
2.240800E1	4.481600E4	2.418060E1	-8.612922E0	2.566873E1	1.277804E5	1.827208E3	1.135564E2	7.342821E1
2.241200E1	4.482400E4	2.491227E1	-5.460408E0	2.550367E1	1.277876E5	1.820222E3	1.142881E2	7.027569E1
2.241600E1	4.483200E4	2.533328E1	-2.235840E0	2.543175E1	1.277950E5	1.806561E3	1.147091E2	6.705113E1
2.242000E1	4.484000E4	2.535280E1	9.250343E-1	2.536967E1	1.278021E5	1.749025E3	1.147286E2	6.389025E1
2.242400E1	4.484800E4	2.500774E1	3.937804E0	2.531587E1	1.278089E5	1.746459E3	1.143835E2	6.087748E1
2.242800E1	4.485600E4	2.434712E1	7.009608E0	2.533607E1	1.278161E5	1.763757E3	1.137229E2	5.780568E1
2.243200E1	4.486400E4	2.327191E1	9.906425E0	2.529267E1	1.278231E5	1.742153E3	1.126477E2	5.490886E1
2.243600E1	4.487200E4	2.191643E1	1.265269E1	2.530653E1	1.278300E5	1.762499E3	1.112922E2	5.216260E1
2.244000E1	4.488000E4	2.027001E1	1.536268E1	2.543394E1	1.278372E5	1.779934E3	1.096458E2	4.945260E1
2.244400E1	4.488800E4	1.835859E1	1.787663E1	2.562443E1	1.278442E5	1.736523E3	1.077344E2	4.693866E1
2.244800E1	4.489600E4	1.619162E1	2.003123E1	2.575691E1	1.278511E5	1.701342E3	1.055674E2	4.478406E1
2.245200E1	4.490400E4	1.376681E1	2.190260E1	2.586984E1	1.278578E5	1.713429E3	1.031426E2	4.291269E1
2.245600E1	4.491200E4	1.109427E1	2.353191E1	2.601603E1	1.278648E5	1.707266E3	1.004701E2	4.128337E1
2.246000E1	4.492000E4	8.333539E0	2.491619E1	2.627288E1	1.278715E5	1.679301E3	9.770934E1	3.989910E1
2.246400E1	4.492800E4	5.420134E0	2.592795E1	2.648842E1	1.278782E5	1.644785E3	9.479593E1	3.888733E1
2.246800E1	4.493600E4	2.484502E0	2.660595E1	2.672170E1	1.278847E5	1.656589E3	9.186030E1	3.820934E1
2.247200E1	4.494400E4	-6.812638E-1	2.700157E1	2.701016E1	1.278914E5	1.649146E3	8.869453E1	3.781372E1
2.247600E1	4.495200E4	-3.723739E0	2.697984E1	2.723560E1	1.278979E5	1.576949E3	8.565206E1	3.783544E1
2.248000E1	4.496000E4	-6.678098E0	2.666364E1	2.748721E1	1.279041E5	1.566425E3	8.269770E1	3.815164E1
2.248400E1	4.496800E4	-9.681070E0	2.604598E1	2.778698E1	1.279104E5	1.588200E3	7.969473E1	3.876931E1
2.248800E1	4.497600E4	-1.260842E1	2.499675E1	2.799661E1	1.279168E5	1.588264E3	7.676737E1	3.981853E1
2.249200E1	4.498400E4	-1.543222E1	2.367678E1	2.826204E1	1.279231E5	1.540306E3	7.394358E1	4.113851E1
2.249600E1	4.499200E4	-1.803615E1	2.220224E1	2.860493E1	1.279291E5	1.489665E3	7.133964E1	4.261305E1
2.250000E1	4.500000E4	-2.040867E1	2.039934E1	2.885563E1	1.279350E5	1.471239E3	6.896712E1	4.441594E1
2.250400E1	4.500800E4	-2.262641E1	1.841499E1	2.917304E1	1.279409E5	1.472137E3	6.674938E1	4.640030E1
2.250800E1	4.501600E4	-2.460487E1	1.610699E1	2.940807E1	1.279468E5	1.494021E3	6.477092E1	4.870830E1
2.251200E1	4.502400E4	-2.633352E1	1.352719E1	2.960471E1	1.279528E5	1.497971E3	6.304228E1	5.128810E1
2.251600E1	4.503200E4	-2.774470E1	1.077596E1	2.976390E1	1.279588E5	1.479917E3	6.163110E1	5.403932E1
2.252000E1	4.504000E4	-2.882492E1	7.912457E0	2.989119E1	1.279647E5	1.461564E3	6.055087E1	5.690283E1
2.252400E1	4.504800E4	-2.958380E1	4.968426E0	2.999811E1	1.279705E5	1.480359E3	5.979199E1	5.984686E1
2.252800E1	4.505600E4	-3.006929E1	1.842684E0	3.012569E1	1.279765E5	1.453978E3	5.930651E1	6.297260E1
2.253200E1	4.506400E4	-3.015734E1	-1.104923E0	3.017757E1	1.279821E5	1.458107E3	5.921846E1	6.592021E1
2.253600E1	4.507200E4	-3.007914E1	-4.312010E0	3.038664E1	1.279882E5	1.464523E3	5.929666E1	6.912730E1
2.254000E1	4.508000E4	-2.952712E1	-7.260472E0	3.040666E1	1.279938E5	1.434586E3	5.984868E1	7.207576E1
2.254400E1	4.508800E4	-2.870996E1	-1.024279E1	3.048239E1	1.279996E5	1.447130E3	6.066584E1	7.505808E1
2.254800E1	4.509600E4	-2.754435E1	-1.307402E1	3.048969E1	1.280054E5	1.421983E3	6.183145E1	7.788931E1
2.255200E1	4.510400E4	-2.623289E1	-1.576894E1	3.060757E1	1.280110E5	1.395764E3	6.314291E1	8.058422E1
2.255600E1	4.511200E4	-2.456233E1	-1.821343E1	3.057837E1	1.280166E5	1.397350E3	6.481347E1	8.302872E1
2.256000E1	4.512000E4	-2.264121E1	-2.052219E1	3.055789E1	1.280222E5	1.408496E3	6.673459E1	8.533748E1
2.256400E1	4.512800E4	-2.044255E1	-2.256525E1	3.044813E1	1.280278E5	1.407068E3	6.893324E1	8.738053E1
2.256800E1	4.513600E4	-1.809281E1	-2.440288E1	3.037845E1	1.280334E5	1.426974E3	7.128299E1	8.921816E1
2.257200E1	4.514400E4	-1.542633E1	-2.592046E1	3.016359E1	1.280392E5	1.449575E3	7.394946E1	9.073575E1
2.257600E1	4.515200E4	-1.270025E1	-2.728870E1	3.009933E1	1.280450E5	1.449130E3	7.667555E1	9.210399E1
2.258000E1	4.516000E4	-9.812286E0	-2.823165E1	2.988824E1	1.280508E5	1.456137E3	7.956351E1	9.304693E1
2.258400E1	4.516800E4	-6.836740E0	-2.890270E1	2.970028E1	1.280567E5	1.486399E3	8.253906E1	9.371798E1
2.258800E1	4.517600E4	-3.739096E0	-2.929212E1	2.952980E1	1.280627E5	1.479651E3	8.563670E1	9.410740E1
2.259200E1	4.518400E4	-7.521028E-1	-2.928586E1	2.929552E1	1.280685E5	1.462582E3	8.862369E1	9.410115E1
2.259600E1	4.519200E4	2.241664E0	-2.895943E1	2.904606E1	1.280744E5	1.483096E3	9.161746E1	9.377472E1
2.260000E1	4.520000E4	5.204695E0	-2.837586E1	2.884923E1	1.280804E5	1.478813E3	9.458049E1	9.319114E1
2.260400E1	4.520800E4	7.995128E0	-2.741797E1	2.855989E1	1.280863E5	1.472673E3	9.737092E1	9.223326E1
2.260800E1	4.521600E4	1.068506E1	-2.621557E1	2.830948E1	1.280922E5	1.504541E3	1.000609E2	9.103086E1
2.261200E1	4.522400E4	1.324843E1	-2.461211E1	2.795133E1	1.280983E5	1.543577E3	1.026242E2	8.942739E1
2.261600E1	4.523200E4	1.564047E1	-2.273690E1	2.759694E1	1.281045E5	1.559599E3	1.050163E2	8.755219E1
2.262000E1	4.524000E4	1.772352E1	-2.055472E1	2.714074E1	1.281108E5	1.563261E3	1.070993E2	8.537001E1
2.262400E1	4.524800E4	1.956275E1	-1.822358E1	2.673574E1	1.281170E5	1.578396E3	1.089385E2	8.303886E1
2.262800E1	4.525600E4	2.123140E1	-1.576951E1	2.644711E1	1.281234E5	1.636809E3	1.106072E2	8.058480E1
2.263200E1	4.526400E4	2.267461E1	-1.302573E1	2.614972E1	1.281301E5	1.643397E3	1.120504E2	7.784102E1
2.263600E1	4.527200E4	2.368629E1	-1.027735E1	2.581985E1	1.281365E5	1.621054E3	1.130621E2	7.509264E1
2.264000E1	4.528000E4	2.445099E1	-7.432205E0	2.555560E1	1.281431E5	1.644987E3	1.138268E2	7.224749E1
2.264400E1	4.528800E4	2.497249E1	-4.536404E0	2.538118E1	1.281497E5	1.689445E3	1.143483E2	6.935169E1
2.264800E1	4.529600E4	2.526682E1	-1.497493E0	2.531116E1	1.281566E5	1.706595E3	1.146426E2	6.631278E1
2.265200E1	4.530400E4	2.519093E1	1.477604E0	2.523423E1	1.281634E5	1.709217E3	1.145667E2	6.333768E1
2.265600E1	4.531200E4	2.481082E1	4.500815E0	2.521575E1	1.281703E5	1.699915E3	1.141866E2	6.031447E1
2.266000E1	4.532000E4	2.405024E1	7.332809E0	2.514328E1	1.281770E5	1.670244E3	1.134260E2	5.748248E1
2.266400E1	4.532800E4	2.318598E1	1.015087E1	2.531066E1	1.281836E5	1.615685E3	1.125618E2	5.466442E1
2.266800E1	4.533600E4	2.198344E1	1.263170E1	2.535412E1	1.281899E5	1.589145E3	1.113592E2	5.218359E1
2.267200E1	4.534400E4	2.057148E1	1.514282E1	2.554389E1	1.281964E5	1.630482E3	1.099473E2	4.967247E1
2.267600E1	4.535200E4	1.870138E1	1.739395E1	2.553999E1	1.282029E5	1.655496E3	1.080772E2	4.742133E1
2.268000E1	4.536000E4	1.665439E1	1.956956E1	2.569701E1	1.282096E5	1.647798E3	1.060302E2	4.524573E1
2.268400E1	4.536800E4	1.443116E1	2.148226E1	2.587945E1	1.282161E5	1.595775E3	1.038070E2	4.333302E1
2.268800E1	4.537600E4	1.213148E1	2.317308E1	2.615653E1	1.282224E5	1.538429E3	1.015073E2	4.164221E1
2.269200E1	4.538400E4	9.678813E0	2.446507E1	2.631006E1	1.282284E5	1.534857E3	9.905461E1	4.035021E1
2.269600E1	4.539200E4	7.046368E0	2.566228E1	2.661210E1	1.282346E5	1.514235E3	9.642216E1	3.915300E1
2.270000E1	4.540000E4	4.428574E0	2.654740E1	2.691425E1	1.282405E5	1.509426E3	9.380437E1	3.826789E1
2.270400E1	4.540800E4	1.552844E0	2.710813E1	2.715257E1	1.282467E5	1.502540E3	9.092864E1	3.770716E1
2.270800E1	4.541600E4	-1.215453E0	2.729638E1	2.732342E1	1.282525E5	1.483945E3	8.816034E1	3.751891E1
2.271200E1	4.542400E4	-4.137859E0	2.738279E1	2.769367E1	1.282586E5	1.475276E3	8.523794E1	3.743250E1
2.271600E1	4.543200E4	-6.978647E0	2.727529E1	2.815392E1	1.282644E5	1.412847E3	8.239715E1	3.753999E1
2.272000E1	4.544000E4	-9.669215E0	2.671700E1	2.841288E1	1.282699E5	1.416731E3	7.970658E1	3.809828E1
2.272400E1	4.544800E4	-1.241523E1	2.581350E1	2.864393E1	1.282757E5	1.431652E3	7.696057E1	3.900179E1
2.272800E1	4.545600E4	-1.504970E1	2.470474E1	2.892780E1	1.282813E5	1.387550E3	7.432610E1	4.011054E1
2.273200E1	4.546400E4	-1.740316E1	2.327511E1	2.906202E1	1.282868E5	1.357366E3	7.197263E1	4.154017E1
2.273600E1	4.547200E4	-1.973305E1	2.175644E1	2.937237E1	1.282922E5	1.357700E3	6.964275E1	4.305884E1
2.274000E1	4.548000E4	-2.179386E1	1.986733E1	2.949039E1	1.282976E5	1.363458E3	6.758193E1	4.494796E1
2.274400E1	4.548800E4	-2.369957E1	1.778403E1	2.963008E1	1.283031E5	1.364611E3	6.567623E1	4.703125E1
2.274800E1	4.549600E4	-2.543217E1	1.554549E1	2.980701E1	1.283086E5	1.362594E3	6.394362E1	4.926980E1
2.275200E1	4.550400E4	-2.688523E1	1.310329E1	2.990840E1	1.283140E5	1.370694E3	6.249056E1	5.171199E1
2.275600E1	4.551200E4	-2.808790E1	1.048483E1	2.998103E1	1.283195E5	1.336545E3	6.128789E1	5.433045E1
2.276000E1	4.552000E4	-2.892100E1	7.907151E0	2.998245E1	1.283247E5	1.336528E3	6.045480E1	5.690814E1
2.276400E1	4.552800E4	-2.958693E1	5.098690E0	3.002304E1	1.283302E5	1.387634E3	5.978886E1	5.971660E1
2.276800E1	4.553600E4	-3.008606E1	2.204206E0	3.016669E1	1.283358E5	1.317173E3	5.928974E1	6.261108E1
2.277200E1	4.554400E4	-3.018494E1	-4.002486E-1	3.018759E1	1.283408E5	1.287114E3	5.919086E1	6.521554E1
2.277600E1	4.555200E4	-3.015338E1	-3.226040E0	3.032546E1	1.283461E5	1.360350E3	5.922242E1	6.804133E1
2.278000E1	4.556000E4	-2.978277E1	-6.136545E0	3.040840E1	1.283516E5	1.373396E3	5.959302E1	7.095183E1
2.278400E1	4.556800E4	-2.904676E1	-8.932556E0	3.038922E1	1.283571E5	1.336338E3	6.032904E1	7.374784E1
2.278800E1	4.557600E4	-2.813393E1	-1.155761E1	3.041540E1	1.283623E5	1.329662E3	6.124187E1	7.637290E1
2.279200E1	4.558400E4	-2.698461E1	-1.418598E1	3.048625E1	1.283677E5	1.328492E3	6.239118E1	7.900126E1
2.279600E1	4.559200E4	-2.554291E1	-1.656314E1	3.044303E1	1.283730E5	1.311536E3	6.383288E1	8.137842E1
2.280000E1	4.560000E4	-2.389232E1	-1.881726E1	3.041270E1	1.283782E5	1.304145E3	6.548348E1	8.363254E1
2.280400E1	4.560800E4	-2.197062E1	-2.077244E1	3.023578E1	1.283834E5	1.315937E3	6.740518E1	8.558772E1
2.280800E1	4.561600E4	-1.978641E1	-2.256285E1	3.000974E1	1.283888E5	1.330162E3	6.958938E1	8.737814E1
2.281200E1	4.562400E4	-1.756681E1	-2.421024E1	2.991202E1	1.283940E5	1.339355E3	7.180899E1	8.902553E1
2.281600E1	4.563200E4	-1.513287E1	-2.565549E1	2.978603E1	1.283995E5	1.321191E3	7.424293E1	9.047077E1
2.282000E1	4.564000E4	-1.269298E1	-2.673751E1	2.959740E1	1.284046E5	1.311790E3	7.668282E1	9.155280E1
2.282400E1	4.564800E4	-1.004629E1	-2.754230E1	2.931734E1	1.284100E5	1.361485E3	7.932951E1	9.235759E1
2.282800E1	4.565600E4	-7.299713E0	-2.821978E1	2.914861E1	1.284155E5	1.371446E3	8.207608E1	9.303506E1
2.283200E1	4.566400E4	-4.566054E0	-2.860817E1	2.897027E1	1.284209E5	1.360683E3	8.480974E1	9.342346E1
2.283600E1	4.567200E4	-1.808410E0	-2.860405E1	2.866116E1	1.284264E5	1.384751E3	8.756739E1	9.341934E1
2.284000E1	4.568000E4	9.953716E-1	-2.836585E1	2.838331E1	1.284320E5	1.412496E3	9.037117E1	9.318114E1
2.284400E1	4.568800E4	3.780289E0	-2.802439E1	2.827821E1	1.284377E5	1.372782E3	9.315609E1	9.283968E1
2.284800E1	4.569600E4	6.306809E0	-2.733527E1	2.805340E1	1.284430E5	1.334008E3	9.568261E1	9.215056E1
2.285200E1	4.570400E4	8.779490E0	-2.646230E1	2.788069E1	1.284484E5	1.377507E3	9.815529E1	9.127758E1
2.285600E1	4.571200E4	1.119763E1	-2.513609E1	2.751745E1	1.284540E5	1.430757E3	1.005734E2	8.995138E1
2.286000E1	4.572000E4	1.357363E1	-2.370039E1	2.731213E1	1.284598E5	1.439700E3	1.029494E2	8.851568E1
2.286400E1	4.572800E4	1.568383E1	-2.196389E1	2.698879E1	1.284655E5	1.422094E3	1.050596E2	8.677917E1
2.286800E1	4.573600E4	1.760300E1	-2.012384E1	2.673639E1	1.284712E5	1.428450E3	1.069788E2	8.493913E1
2.287200E1	4.574400E4	1.934619E1	-1.806764E1	2.647101E1	1.284770E5	1.455130E3	1.087220E2	8.288292E1
2.287600E1	4.575200E4	2.092855E1	-1.587509E1	2.626828E1	1.284828E5	1.489382E3	1.103043E2	8.069037E1
2.288000E1	4.576000E4	2.235530E1	-1.350033E1	2.611548E1	1.284889E5	1.510909E3	1.117311E2	7.831562E1
2.288400E1	4.576800E4	2.346711E1	-1.099000E1	2.591303E1	1.284949E5	1.498941E3	1.128429E2	7.580529E1
2.288800E1	4.577600E4	2.428343E1	-8.426072E0	2.570377E1	1.285009E5	1.534558E3	1.136592E2	7.324136E1
2.289200E1	4.578400E4	2.482862E1	-5.649098E0	2.546316E1	1.285072E5	1.537037E3	1.142044E2	7.046438E1
2.289600E1	4.579200E4	2.514343E1	-3.015929E0	2.532366E1	1.285132E5	1.498548E3	1.145192E2	6.783122E1
2.290000E1	4.580000E4	2.522902E1	-3.653039E-1	2.523167E1	1.285192E5	1.523034E3	1.146048E2	6.518059E1
2.290400E1	4.580800E4	2.504095E1	2.342543E0	2.515029E1	1.285253E5	1.570104E3	1.144167E2	6.247274E1
2.290800E1	4.581600E4	2.474889E1	5.139338E0	2.527687E1	1.285317E5	1.526911E3	1.141247E2	5.967595E1
2.291200E1	4.582400E4	2.393272E1	7.573366E0	2.510241E1	1.285376E5	1.475211E3	1.133085E2	5.724192E1
2.291600E1	4.583200E4	2.314611E1	1.008005E1	2.524579E1	1.285435E5	1.481013E3	1.125219E2	5.473523E1
2.292000E1	4.584000E4	2.198822E1	1.239365E1	2.524053E1	1.285494E5	1.501433E3	1.113640E2	5.242163E1
2.292400E1	4.584800E4	2.071448E1	1.479975E1	2.545825E1	1.285555E5	1.512453E3	1.100903E2	5.001554E1
2.292800E1	4.585600E4	1.906388E1	1.687068E1	2.545685E1	1.285615E5	1.468165E3	1.084397E2	4.794461E1
2.293200E1	4.586400E4	1.736309E1	1.880945E1	2.559829E1	1.285673E5	1.460428E3	1.067389E2	4.600584E1
2.293600E1	4.587200E4	1.542495E1	2.061207E1	2.574464E1	1.285732E5	1.465966E3	1.048008E2	4.420322E1
2.294000E1	4.588000E4	1.333877E1	2.221479E1	2.591177E1	1.285790E5	1.455163E3	1.027146E2	4.260050E1
2.294400E1	4.588800E4	1.113757E1	2.370302E1	2.618928E1	1.285848E5	1.437331E3	1.005134E2	4.111227E1
2.294800E1	4.589600E4	8.798268E0	2.486777E1	2.637832E1	1.285905E5	1.418799E3	9.817406E1	3.994752E1
2.295200E1	4.590400E4	6.340536E0	2.578006E1	2.654833E1	1.285962E5	1.402398E3	9.571633E1	3.903523E1
2.295600E1	4.591200E4	3.847837E0	2.649021E1	2.676821E1	1.286017E5	1.415736E3	9.322363E1	3.832507E1
2.296000E1	4.592000E4	1.177089E0	2.705071E1	2.707631E1	1.286075E5	1.380570E3	9.055288E1	3.776458E1
2.296400E1	4.592800E4	-1.320024E0	2.718568E1	2.721770E1	1.286128E5	1.330458E3	8.805577E1	3.762961E1
2.296800E1	4.593600E4	-3.922411E0	2.738193E1	2.766144E1	1.286182E5	1.336896E3	8.545338E1	3.743336E1
2.297200E1	4.594400E4	-6.503045E0	2.713923E1	2.790748E1	1.286235E5	1.302994E3	8.287275E1	3.767606E1
2.297600E1	4.595200E4	-8.955535E0	2.664774E1	2.811234E1	1.286286E5	1.301302E3	8.042026E1	3.816754E1
2.298000E1	4.596000E4	-1.144507E1	2.584498E1	2.826575E1	1.286339E5	1.320087E3	7.793073E1	3.897031E1
2.298400E1	4.596800E4	-1.389961E1	2.493507E1	2.854745E1	1.286391E5	1.296382E3	7.547619E1	3.988022E1
2.298800E1	4.597600E4	-1.611935E1	2.366867E1	2.863633E1	1.286443E5	1.287591E3	7.325645E1	4.114662E1
2.299200E1	4.598400E4	-1.840470E1	2.237642E1	2.897304E1	1.286494E5	1.267033E3	7.097110E1	4.243886E1
2.299600E1	4.599200E4	-2.043650E1	2.087434E1	2.921281E1	1.286544E5	1.254787E3	6.893930E1	4.394095E1
2.300000E1	4.600000E4	-2.239046E1	1.913967E1	2.945607E1	1.286595E5	1.285206E3	6.698533E1	4.567561E1
2.300400E1	4.600800E4	-2.414613E1	1.711261E1	2.959521E1	1.286647E5	1.290120E3	6.522967E1	4.770268E1
2.300800E1	4.601600E4	-2.575217E1	1.499011E1	2.979728E1	1.286698E5	1.257329E3	6.362363E1	4.982517E1
2.301200E1	4.602400E4	-2.706293E1	1.277350E1	2.992599E1	1.286747E5	1.224107E3	6.231286E1	5.204179E1
2.301600E1	4.603200E4	-2.809293E1	1.045351E1	2.997480E1	1.286796E5	1.196222E3	6.128286E1	5.436178E1
2.302000E1	4.604000E4	-2.888037E1	8.116373E0	2.999919E1	1.286843E5	1.217258E3	6.049542E1	5.669891E1
2.302400E1	4.604800E4	-2.958141E1	5.574703E0	3.010211E1	1.286893E5	1.247109E3	5.979439E1	5.924058E1
2.302800E1	4.605600E4	-3.000326E1	3.005464E0	3.015341E1	1.286943E5	1.206037E3	5.937254E1	6.180982E1
2.303200E1	4.606400E4	-3.028065E1	5.412900E-1	3.028548E1	1.286990E5	1.189184E3	5.909515E1	6.427400E1
2.303600E1	4.607200E4	-3.031438E1	-2.009844E0	3.038093E1	1.287038E5	1.206270E3	5.906142E1	6.682513E1
2.304000E1	4.608000E4	-3.024739E1	-4.588560E0	3.059345E1	1.287086E5	1.209247E3	5.912841E1	6.940385E1
2.304400E1	4.608800E4	-2.978605E1	-7.132930E0	3.062821E1	1.287135E5	1.187239E3	5.958975E1	7.194822E1
2.304800E1	4.609600E4	-2.917521E1	-9.549441E0	3.069829E1	1.287181E5	1.184958E3	6.020058E1	7.436473E1
2.305200E1	4.610400E4	-2.829493E1	-1.197949E1	3.072639E1	1.287229E5	1.197949E3	6.108087E1	7.679478E1
2.305600E1	4.611200E4	-2.730920E1	-1.434225E1	3.084627E1	1.287277E5	1.191461E3	6.206660E1	7.915753E1
2.306000E1	4.612000E4	-2.607149E1	-1.659561E1	3.090528E1	1.287325E5	1.181142E3	6.330431E1	8.141089E1
2.306400E1	4.612800E4	-2.449266E1	-1.856178E1	3.073158E1	1.287372E5	1.177714E3	6.488314E1	8.337706E1
2.306800E1	4.613600E4	-2.280757E1	-2.046421E1	3.064260E1	1.287419E5	1.200542E3	6.656822E1	8.527949E1
2.307200E1	4.614400E4	-2.088657E1	-2.221165E1	3.048944E1	1.287468E5	1.225031E3	6.848923E1	8.702693E1
2.307600E1	4.615200E4	-1.881820E1	-2.382835E1	3.036305E1	1.287517E5	1.240524E3	7.055760E1	8.864363E1
2.308000E1	4.616000E4	-1.665718E1	-2.534388E1	3.032777E1	1.287567E5	1.224259E3	7.271862E1	9.015917E1
2.308400E1	4.616800E4	-1.440473E1	-2.652416E1	3.018323E1	1.287615E5	1.191044E3	7.497107E1	9.133945E1
2.308800E1	4.617600E4	-1.208904E1	-2.742712E1	2.997318E1	1.287662E5	1.221650E3	7.728676E1	9.224240E1
2.309200E1	4.618400E4	-9.569394E0	-2.821920E1	2.979759E1	1.287713E5	1.253082E3	7.980640E1	9.303448E1
2.309600E1	4.619200E4	-7.033053E0	-2.871617E1	2.956489E1	1.287762E5	1.239670E3	8.234274E1	9.353146E1
2.310000E1	4.620000E4	-4.502662E0	-2.903542E1	2.938247E1	1.287812E5	1.230583E3	8.487313E1	9.385070E1
2.310400E1	4.620800E4	-1.991494E0	-2.908433E1	2.915243E1	1.287861E5	1.241013E3	8.738430E1	9.389962E1
2.310800E1	4.621600E4	5.645366E-1	-2.905312E1	2.905861E1	1.287911E5	1.273524E3	8.994033E1	9.386841E1
2.311200E1	4.622400E4	3.145825E0	-2.862698E1	2.879930E1	1.287963E5	1.245016E3	9.252162E1	9.344226E1
2.311600E1	4.623200E4	5.493839E0	-2.807154E1	2.860408E1	1.288011E5	1.198232E3	9.486963E1	9.288683E1
2.312000E1	4.624000E4	7.775173E0	-2.737302E1	2.845585E1	1.288059E5	1.223052E3	9.715097E1	9.218830E1
2.312400E1	4.624800E4	9.994889E0	-2.623209E1	2.807170E1	1.288109E5	1.288064E3	9.937069E1	9.104737E1
2.312800E1	4.625600E4	1.228770E1	-2.501437E1	2.786945E1	1.288162E5	1.311611E3	1.016635E2	8.982965E1
2.313200E1	4.626400E4	1.439479E1	-2.362822E1	2.766771E1	1.288214E5	1.301275E3	1.037706E2	8.844350E1
2.313600E1	4.627200E4	1.629908E1	-2.196943E1	2.735536E1	1.288266E5	1.305485E3	1.056749E2	8.678472E1
2.314000E1	4.628000E4	1.809668E1	-2.024394E1	2.715340E1	1.288318E5	1.321274E3	1.074725E2	8.505923E1
2.314400E1	4.628800E4	1.970797E1	-1.828697E1	2.688526E1	1.288371E5	1.327621E3	1.090838E2	8.310226E1
2.314800E1	4.629600E4	2.108789E1	-1.623079E1	2.661085E1	1.288424E5	1.341459E3	1.104637E2	8.104608E1
2.315200E1	4.630400E4	2.237459E1	-1.404997E1	2.642014E1	1.288479E5	1.347228E3	1.117504E2	7.886526E1
2.315600E1	4.631200E4	2.334303E1	-1.179484E1	2.615369E1	1.288532E5	1.372776E3	1.127188E2	7.661013E1
2.316000E1	4.632000E4	2.421003E1	-9.363373E0	2.595762E1	1.288589E5	1.421664E3	1.135858E2	7.417866E1
2.316400E1	4.632800E4	2.487394E1	-6.867022E0	2.580443E1	1.288646E5	1.345555E3	1.142497E2	7.168231E1
2.316800E1	4.633600E4	2.509891E1	-4.597384E0	2.551649E1	1.288696E5	1.352688E3	1.144747E2	6.941267E1
2.317200E1	4.634400E4	2.538875E1	-2.048032E0	2.547122E1	1.288754E5	1.388366E3	1.147645E2	6.686332E1
2.317600E1	4.635200E4	2.528878E1	3.209351E-1	2.529082E1	1.288807E5	1.375950E3	1.146646E2	6.449435E1
2.318000E1	4.636000E4	2.513271E1	2.817179E0	2.529011E1	1.288864E5	1.423938E3	1.145085E2	6.199811E1
2.318400E1	4.636800E4	2.463262E1	5.289139E0	2.519407E1	1.288921E5	1.409732E3	1.140084E2	5.952615E1
2.318800E1	4.637600E4	2.402387E1	7.654786E0	2.521393E1	1.288977E5	1.369872E3	1.133997E2	5.716050E1
2.319200E1	4.638400E4	2.326377E1	9.912080E0	2.528740E1	1.289031E5	1.337035E3	1.126396E2	5.490321E1
2.319600E1	4.639200E4	2.230675E1	1.204605E1	2.535150E1	1.289084E5	1.310447E3	1.116826E2	5.276923E1
2.320000E1	4.640000E4	2.113363E1	1.402050E1	2.536148E1	1.289136E5	1.321592E3	1.105094E2	5.079478E1
2.320400E1	4.640800E4	1.978845E1	1.599157E1	2.544235E1	1.289189E5	1.347703E3	1.091643E2	4.882372E1
2.320800E1	4.641600E4	1.814993E1	1.773825E1	2.537845E1	1.289243E5	1.341127E3	1.075257E2	4.707703E1
2.321200E1	4.642400E4	1.652751E1	1.946901E1	2.553822E1	1.289297E5	1.341449E3	1.059033E2	4.534628E1
2.321600E1	4.643200E4	1.470059E1	2.105273E1	2.567732E1	1.289351E5	1.339411E3	1.040764E2	4.376256E1
2.322000E1	4.644000E4	1.272722E1	2.239202E1	2.575626E1	1.289404E5	1.338273E3	1.021030E2	4.242326E1
2.322400E1	4.644800E4	1.063664E1	2.364614E1	2.592832E1	1.289458E5	1.342001E3	1.000124E2	4.116915E1
2.322800E1	4.645600E4	8.455001E0	2.472728E1	2.613284E1	1.289511E5	1.284901E3	9.783080E1	4.008801E1
2.323200E1	4.646400E4	6.348768E0	2.557714E1	2.635331E1	1.289561E5	1.238005E3	9.572456E1	3.923815E1
2.323600E1	4.647200E4	4.158094E0	2.633329E1	2.665956E1	1.289610E5	1.247251E3	9.353389E1	3.848200E1
2.324000E1	4.648000E4	1.856164E0	2.679823E1	2.686244E1	1.289660E5	1.273476E3	9.123196E1	3.801705E1
2.324400E1	4.648800E4	-5.746041E-1	2.709837E1	2.710446E1	1.289712E5	1.258273E3	8.880119E1	3.771692E1
2.324800E1	4.649600E4	-2.904536E0	2.716070E1	2.731556E1	1.289761E5	1.181811E3	8.647126E1	3.765459E1
2.325200E1	4.650400E4	-5.090476E0	2.702012E1	2.749545E1	1.289807E5	1.138999E3	8.428532E1	3.779517E1
2.325600E1	4.651200E4	-7.235745E0	2.660271E1	2.756919E1	1.289852E5	1.157725E3	8.214005E1	3.821258E1
2.326000E1	4.652000E4	-9.496125E0	2.618843E1	2.785696E1	1.289899E5	1.184604E3	7.987967E1	3.862685E1
2.326400E1	4.652800E4	-1.178648E1	2.563416E1	2.821403E1	1.289947E5	1.167273E3	7.758932E1	3.918113E1
2.326800E1	4.653600E4	-1.390553E1	2.481060E1	2.844169E1	1.289993E5	1.131333E3	7.547026E1	4.000469E1
2.327200E1	4.654400E4	-1.589086E1	2.378825E1	2.860770E1	1.290037E5	1.115639E3	7.348493E1	4.102703E1
2.327600E1	4.655200E4	-1.779811E1	2.262197E1	2.878413E1	1.290082E5	1.110910E3	7.157769E1	4.219332E1
2.328000E1	4.656000E4	-1.958357E1	2.127407E1	2.891544E1	1.290126E5	1.104546E3	6.979223E1	4.354121E1
2.328400E1	4.656800E4	-2.134834E1	1.988628E1	2.917560E1	1.290170E5	1.113861E3	6.802746E1	4.492901E1
2.328800E1	4.657600E4	-2.299671E1	1.826516E1	2.936775E1	1.290215E5	1.098038E3	6.637909E1	4.655013E1
2.329200E1	4.658400E4	-2.441391E1	1.658234E1	2.951293E1	1.290258E5	1.087037E3	6.496188E1	4.823295E1
2.329600E1	4.659200E4	-2.578049E1	1.474198E1	2.969780E1	1.290302E5	1.109195E3	6.359531E1	5.007330E1
2.330000E1	4.660000E4	-2.692274E1	1.273290E1	2.978188E1	1.290347E5	1.100303E3	6.245306E1	5.208239E1
2.330400E1	4.660800E4	-2.785221E1	1.066897E1	2.982570E1	1.290390E5	1.087438E3	6.152359E1	5.414631E1
2.330800E1	4.661600E4	-2.866868E1	8.553006E0	2.991734E1	1.290434E5	1.075435E3	6.070712E1	5.626228E1
2.331200E1	4.662400E4	-2.934687E1	6.428808E0	3.004278E1	1.290476E5	1.087364E3	6.002892E1	5.838648E1
2.331600E1	4.663200E4	-2.978056E1	4.139291E0	3.006685E1	1.290521E5	1.141175E3	5.959524E1	6.067600E1
2.332000E1	4.664000E4	-3.009203E1	1.696520E0	3.013982E1	1.290568E5	1.095138E3	5.928376E1	6.311877E1
2.332400E1	4.664800E4	-3.016414E1	-4.465206E-1	3.016744E1	1.290608E5	1.033170E3	5.921166E1	6.526181E1
2.332800E1	4.665600E4	-3.024754E1	-2.666835E0	3.036488E1	1.290650E5	1.096172E3	5.912825E1	6.748212E1
2.333200E1	4.666400E4	-2.992437E1	-5.070711E0	3.035095E1	1.290696E5	1.105996E3	5.945142E1	6.988600E1
2.333600E1	4.667200E4	-2.948544E1	-7.289554E0	3.037316E1	1.290739E5	1.089495E3	5.989036E1	7.210484E1
2.334000E1	4.668000E4	-2.892288E1	-9.584052E0	3.046945E1	1.290783E5	1.093884E3	6.045291E1	7.439934E1
2.334400E1	4.668800E4	-2.807620E1	-1.170862E1	3.041980E1	1.290826E5	1.069986E3	6.129960E1	7.652391E1
2.334800E1	4.669600E4	-2.703290E1	-1.371061E1	3.031103E1	1.290869E5	1.059362E3	6.234289E1	7.852589E1
2.335200E1	4.670400E4	-2.580878E1	-1.557653E1	3.014500E1	1.290911E5	1.066721E3	6.356702E1	8.039182E1
2.335600E1	4.671200E4	-2.451769E1	-1.744126E1	3.008845E1	1.290954E5	1.089175E3	6.485810E1	8.225655E1
2.336000E1	4.672000E4	-2.309618E1	-1.926071E1	3.007338E1	1.290998E5	1.109837E3	6.627962E1	8.407599E1
2.336400E1	4.672800E4	-2.144887E1	-2.093530E1	2.997233E1	1.291043E5	1.120522E3	6.792693E1	8.575058E1
2.336800E1	4.673600E4	-1.973834E1	-2.253905E1	2.996016E1	1.291088E5	1.102682E3	6.963745E1	8.735434E1
2.337200E1	4.674400E4	-1.792497E1	-2.389747E1	2.987296E1	1.291131E5	1.107205E3	7.145083E1	8.871276E1
2.337600E1	4.675200E4	-1.597716E1	-2.522238E1	2.985697E1	1.291176E5	1.139948E3	7.339863E1	9.003767E1
2.338000E1	4.676000E4	-1.384822E1	-2.631760E1	2.973868E1	1.291222E5	1.125002E3	7.552757E1	9.113288E1
2.338400E1	4.676800E4	-1.174244E1	-2.719733E1	2.962397E1	1.291266E5	1.098904E3	7.763335E1	9.201262E1
2.338800E1	4.677600E4	-9.608523E0	-2.796550E1	2.957013E1	1.291310E5	1.115056E3	7.976727E1	9.278078E1
2.339200E1	4.678400E4	-7.359037E0	-2.859561E1	2.952735E1	1.291356E5	1.081162E3	8.201676E1	9.341090E1
2.339600E1	4.679200E4	-5.263090E0	-2.892461E1	2.939955E1	1.291397E5	1.063235E3	8.411271E1	9.373990E1
2.340000E1	4.680000E4	-3.017711E0	-2.907302E1	2.922922E1	1.291441E5	1.110002E3	8.635809E1	9.388831E1
2.340400E1	4.680800E4	-7.289004E-1	-2.914503E1	2.915414E1	1.291486E5	1.111329E3	8.864690E1	9.396032E1
2.340800E1	4.681600E4	1.502416E0	-2.900987E1	2.904875E1	1.291530E5	1.107589E3	9.087821E1	9.382516E1
2.341200E1	4.682400E4	3.736585E0	-2.866014E1	2.890269E1	1.291574E5	1.067053E3	9.311238E1	9.347543E1
2.341600E1	4.683200E4	5.720497E0	-2.811433E1	2.869041E1	1.291615E5	1.028246E3	9.509629E1	9.292962E1
2.342000E1	4.684000E4	7.686820E0	-2.743118E1	2.848783E1	1.291657E5	1.083302E3	9.706262E1	9.224646E1
2.342400E1	4.684800E4	9.714259E0	-2.644883E1	2.817636E1	1.291702E5	1.118251E3	9.909006E1	9.126411E1
2.342800E1	4.685600E4	1.160188E1	-2.534065E1	2.787027E1	1.291746E5	1.121375E3	1.009777E2	9.015594E1
2.343200E1	4.686400E4	1.343834E1	-2.410576E1	2.759849E1	1.291791E5	1.162680E3	1.028141E2	8.892105E1
2.343600E1	4.687200E4	1.525553E1	-2.270135E1	2.735110E1	1.291839E5	1.191040E3	1.046313E2	8.751664E1
2.344000E1	4.688000E4	1.691258E1	-2.113540E1	2.706918E1	1.291887E5	1.196476E3	1.062884E2	8.595069E1
2.344400E1	4.688800E4	1.850242E1	-1.951569E1	2.689241E1	1.291935E5	1.200382E3	1.078782E2	8.433098E1
2.344800E1	4.689600E4	1.985066E1	-1.770500E1	2.659916E1	1.291983E5	1.191640E3	1.092265E2	8.252028E1
2.345200E1	4.690400E4	2.098238E1	-1.580768E1	2.627057E1	1.292030E5	1.234474E3	1.103582E2	8.062296E1
2.345600E1	4.691200E4	2.216721E1	-1.377335E1	2.609771E1	1.292081E5	1.287992E3	1.115430E2	7.858864E1
2.346000E1	4.692000E4	2.314757E1	-1.163677E1	2.590800E1	1.292133E5	1.255770E3	1.125234E2	7.645206E1
2.346400E1	4.692800E4	2.393707E1	-9.578089E0	2.578223E1	1.292182E5	1.258103E3	1.133129E2	7.439338E1
2.346800E1	4.693600E4	2.459228E1	-7.342875E0	2.566511E1	1.292234E5	1.239327E3	1.139681E2	7.215816E1
2.347200E1	4.694400E4	2.501622E1	-5.268790E0	2.556504E1	1.292281E5	1.196727E3	1.143920E2	7.008408E1
2.347600E1	4.695200E4	2.535793E1	-3.136475E0	2.555117E1	1.292329E5	1.207884E3	1.147337E2	6.795176E1
2.348000E1	4.696000E4	2.546280E1	-9.917349E-1	2.548211E1	1.292378E5	1.186363E3	1.148386E2	6.580702E1
2.348400E1	4.696800E4	2.538973E1	1.081860E0	2.541277E1	1.292424E5	1.149074E3	1.147655E2	6.373343E1
2.348800E1	4.697600E4	2.520317E1	3.077659E0	2.539039E1	1.292470E5	1.182126E3	1.145790E2	6.173763E1
2.349200E1	4.698400E4	2.468916E1	5.201434E0	2.523112E1	1.292519E5	1.235296E3	1.140650E2	5.961385E1
2.349600E1	4.699200E4	2.409433E1	7.294938E0	2.517445E1	1.292568E5	1.254720E3	1.134701E2	5.752035E1
2.350000E1	4.700000E4	2.342938E1	9.435026E0	2.525778E1	1.292619E5	1.254141E3	1.128052E2	5.538026E1
2.350400E1	4.700800E4	2.258220E1	1.144553E1	2.531711E1	1.292669E5	1.240755E3	1.119580E2	5.336976E1
2.350800E1	4.701600E4	2.155279E1	1.339494E1	2.537611E1	1.292719E5	1.223916E3	1.109286E2	5.142035E1
2.351200E1	4.702400E4	2.042645E1	1.520820E1	2.546624E1	1.292767E5	1.195202E3	1.098022E2	4.960708E1
2.351600E1	4.703200E4	1.922453E1	1.696202E1	2.563772E1	1.292814E5	1.177274E3	1.086003E2	4.785326E1
2.352000E1	4.704000E4	1.787942E1	1.857114E1	2.577908E1	1.292861E5	1.161694E3	1.072552E2	4.624415E1
2.352400E1	4.704800E4	1.637152E1	2.001341E1	2.585659E1	1.292907E5	1.150372E3	1.057473E2	4.480187E1
2.352800E1	4.705600E4	1.477398E1	2.132850E1	2.594562E1	1.292953E5	1.144828E3	1.041498E2	4.348679E1
2.353200E1	4.706400E4	1.311595E1	2.260302E1	2.613283E1	1.292999E5	1.127235E3	1.024917E2	4.221227E1
2.353600E1	4.707200E4	1.140580E1	2.370799E1	2.630895E1	1.293043E5	1.113034E3	1.007816E2	4.110730E1
2.354000E1	4.708000E4	9.584440E0	2.468305E1	2.647856E1	1.293088E5	1.111839E3	9.896024E1	4.013224E1
2.354400E1	4.708800E4	7.705638E0	2.552669E1	2.666437E1	1.293132E5	1.091436E3	9.708143E1	3.928860E1
2.354800E1	4.709600E4	5.811305E0	2.623535E1	2.687127E1	1.293175E5	1.110850E3	9.518710E1	3.857994E1
2.355200E1	4.710400E4	3.733950E0	2.687304E1	2.713122E1	1.293221E5	1.097482E3	9.310975E1	3.794224E1
2.355600E1	4.711200E4	1.767804E0	2.726403E1	2.732128E1	1.293263E5	1.078162E3	9.114360E1	3.755126E1
2.356000E1	4.712000E4	-3.446729E-1	2.762531E1	2.762746E1	1.293307E5	1.087759E3	8.903112E1	3.718998E1
2.356400E1	4.712800E4	-2.423143E0	2.774016E1	2.784580E1	1.293350E5	1.044428E3	8.695265E1	3.707512E1
2.356800E1	4.713600E4	-4.420115E0	2.768775E1	2.803835E1	1.293391E5	1.008015E3	8.495568E1	3.712753E1
2.357200E1	4.714400E4	-6.381672E0	2.751863E1	2.824890E1	1.293431E5	9.889553E2	8.299412E1	3.729666E1
2.357600E1	4.715200E4	-8.327614E0	2.726922E1	2.851244E1	1.293470E5	1.009654E3	8.104818E1	3.754607E1
2.358000E1	4.716000E4	-1.036980E1	2.682717E1	2.876161E1	1.293511E5	1.017310E3	7.900600E1	3.798811E1
2.358400E1	4.716800E4	-1.228457E1	2.620049E1	2.893746E1	1.293551E5	9.995656E2	7.709122E1	3.861479E1
2.358800E1	4.717600E4	-1.423623E1	2.554590E1	2.924489E1	1.293591E5	9.730647E2	7.513956E1	3.926938E1
2.359200E1	4.718400E4	-1.603534E1	2.478223E1	2.951764E1	1.293629E5	9.339742E2	7.334045E1	4.003306E1
2.359600E1	4.719200E4	-1.764756E1	2.376084E1	2.959753E1	1.293666E5	9.439144E2	7.172824E1	4.105445E1
2.360000E1	4.720000E4	-1.928417E1	2.261384E1	2.971977E1	1.293705E5	9.407271E2	7.009163E1	4.220145E1
2.360400E1	4.720800E4	-2.083223E1	2.147642E1	2.992020E1	1.293741E5	9.207668E2	6.854357E1	4.333887E1
2.360800E1	4.721600E4	-2.225784E1	2.016636E1	3.003487E1	1.293778E5	9.545060E2	6.711796E1	4.464892E1
2.361200E1	4.722400E4	-2.365136E1	1.863604E1	3.011127E1	1.293818E5	9.693681E2	6.572444E1	4.617925E1
2.361600E1	4.723200E4	-2.488632E1	1.705451E1	3.016928E1	1.293856E5	9.508439E2	6.448948E1	4.776077E1
2.362000E1	4.724000E4	-2.599707E1	1.539271E1	3.021230E1	1.293894E5	9.240914E2	6.337873E1	4.942258E1
2.362400E1	4.724800E4	-2.692684E1	1.373766E1	3.022876E1	1.293930E5	9.160806E2	6.244896E1	5.107763E1
2.362800E1	4.725600E4	-2.776307E1	1.195717E1	3.022850E1	1.293967E5	9.422448E2	6.161272E1	5.285812E1
2.363200E1	4.726400E4	-2.853765E1	1.010124E1	3.027264E1	1.294005E5	9.627718E2	6.083815E1	5.471405E1
2.363600E1	4.727200E4	-2.930494E1	8.181370E0	3.042556E1	1.294044E5	9.500410E2	6.007085E1	5.663392E1
2.364000E1	4.728000E4	-2.987571E1	6.291276E0	3.053094E1	1.294081E5	8.889423E2	5.950009E1	5.852401E1
2.364400E1	4.728800E4	-3.021555E1	4.508823E0	3.055011E1	1.294115E5	8.962222E2	5.916025E1	6.030646E1
2.364800E1	4.729600E4	-3.054934E1	2.523378E0	3.065337E1	1.294153E5	9.336356E2	5.882646E1	6.229191E1
2.365200E1	4.730400E4	-3.067571E1	5.451274E-1	3.068055E1	1.294190E5	9.222182E2	5.870009E1	6.427016E1
2.365600E1	4.731200E4	-3.063319E1	-1.420956E0	3.066613E1	1.294227E5	9.279935E2	5.874261E1	6.623624E1
2.366000E1	4.732000E4	-3.050463E1	-3.424809E0	3.069629E1	1.294264E5	9.204258E2	5.887116E1	6.824010E1
2.366400E1	4.732800E4	-3.022624E1	-5.340165E0	3.069434E1	1.294300E5	9.277901E2	5.914956E1	7.015545E1
2.366800E1	4.733600E4	-2.985170E1	-7.347858E0	3.074272E1	1.294338E5	9.444411E2	5.952410E1	7.216314E1
2.367200E1	4.734400E4	-2.926241E1	-9.268399E0	3.069514E1	1.294376E5	9.447664E2	6.011339E1	7.408369E1
2.367600E1	4.735200E4	-2.858128E1	-1.119301E1	3.069483E1	1.294414E5	9.627334E2	6.079452E1	7.600830E1
2.368000E1	4.736000E4	-2.771644E1	-1.308767E1	3.065108E1	1.294453E5	9.744340E2	6.165935E1	7.790296E1
2.368400E1	4.736800E4	-2.672022E1	-1.492229E1	3.060466E1	1.294492E5	9.621118E2	6.265557E1	7.973758E1
2.368800E1	4.737600E4	-2.570203E1	-1.667421E1	3.063696E1	1.294530E5	9.312368E2	6.367377E1	8.148950E1
2.369200E1	4.738400E4	-2.450936E1	-1.822330E1	3.054174E1	1.294566E5	9.144844E2	6.486643E1	8.303859E1
2.369600E1	4.739200E4	-2.328898E1	-1.974309E1	3.053140E1	1.294603E5	9.257249E2	6.608681E1	8.455837E1
2.370000E1	4.740000E4	-2.187506E1	-2.115218E1	3.042915E1	1.294640E5	9.510615E2	6.750074E1	8.596747E1
2.370400E1	4.740800E4	-2.032763E1	-2.249537E1	3.031920E1	1.294679E5	9.440638E2	6.904817E1	8.731065E1
2.370800E1	4.741600E4	-1.877426E1	-2.367873E1	3.021846E1	1.294716E5	9.251575E2	7.060153E1	8.849402E1
2.371200E1	4.742400E4	-1.709764E1	-2.469135E1	3.003319E1	1.294753E5	9.543244E2	7.227815E1	8.950664E1
2.371600E1	4.743200E4	-1.524790E1	-2.560357E1	2.980002E1	1.294792E5	9.447200E2	7.412790E1	9.041886E1
2.372000E1	4.744000E4	-1.354096E1	-2.641236E1	2.968114E1	1.294829E5	9.301533E2	7.583484E1	9.122764E1
2.372400E1	4.744800E4	-1.169472E1	-2.711030E1	2.952515E1	1.294867E5	9.830644E2	7.768108E1	9.192558E1
2.372800E1	4.745600E4	-9.699471E0	-2.773058E1	2.937797E1	1.294907E5	9.795479E2	7.967633E1	9.254587E1
2.373200E1	4.746400E4	-7.802974E0	-2.814082E1	2.920261E1	1.294945E5	9.797031E2	8.157282E1	9.295611E1
2.373600E1	4.747200E4	-5.758429E0	-2.845366E1	2.903051E1	1.294986E5	1.006332E3	8.361737E1	9.326895E1
2.374000E1	4.748000E4	-3.739756E0	-2.861021E1	2.885359E1	1.295026E5	9.899506E2	8.563604E1	9.342549E1
2.374400E1	4.748800E4	-1.757656E0	-2.856281E1	2.861684E1	1.295065E5	9.887279E2	8.761814E1	9.337809E1
2.374800E1	4.749600E4	2.295501E-1	-2.842540E1	2.842633E1	1.295105E5	9.938124E2	8.960535E1	9.324069E1
2.375200E1	4.750400E4	2.182250E0	-2.817344E1	2.825783E1	1.295144E5	9.878207E2	9.155805E1	9.298873E1
2.375600E1	4.751200E4	4.097312E0	-2.786388E1	2.816352E1	1.295184E5	9.831218E2	9.347311E1	9.267916E1
2.376000E1	4.752000E4	5.983795E0	-2.745768E1	2.810213E1	1.295223E5	9.770166E2	9.535959E1	9.227296E1
2.376400E1	4.752800E4	7.806691E0	-2.690344E1	2.801320E1	1.295262E5	9.580838E2	9.718249E1	9.171872E1
2.376800E1	4.753600E4	9.513987E0	-2.619806E1	2.787211E1	1.295300E5	9.742522E2	9.888978E1	9.101335E1
2.377200E1	4.754400E4	1.123463E1	-2.526258E1	2.764805E1	1.295340E5	1.015033E3	1.006104E2	9.007787E1
2.377600E1	4.755200E4	1.293398E1	-2.424450E1	2.747878E1	1.295381E5	1.020786E3	1.023098E2	8.905979E1
2.378000E1	4.756000E4	1.456500E1	-2.318110E1	2.737705E1	1.295421E5	1.005725E3	1.039408E2	8.799639E1
2.378400E1	4.756800E4	1.602953E1	-2.196194E1	2.718956E1	1.295461E5	1.008992E3	1.054053E2	8.677723E1
2.378800E1	4.757600E4	1.747782E1	-2.067224E1	2.707057E1	1.295502E5	1.018519E3	1.068536E2	8.548752E1
2.379200E1	4.758400E4	1.871751E1	-1.919862E1	2.681291E1	1.295543E5	1.000108E3	1.080933E2	8.401391E1
2.379600E1	4.759200E4	1.982222E1	-1.771409E1	2.658400E1	1.295582E5	1.015744E3	1.091980E2	8.252938E1
2.380000E1	4.760000E4	2.083567E1	-1.604623E1	2.629841E1	1.295624E5	1.016609E3	1.102115E2	8.086151E1
2.380400E1	4.760800E4	2.167830E1	-1.443175E1	2.604274E1	1.295663E5	1.011312E3	1.110541E2	7.924704E1
2.380800E1	4.761600E4	2.245893E1	-1.271211E1	2.580700E1	1.295705E5	1.056340E3	1.118347E2	7.752740E1
2.381200E1	4.762400E4	2.324956E1	-1.094136E1	2.569544E1	1.295748E5	1.063973E3	1.126254E2	7.575665E1
2.381600E1	4.763200E4	2.386915E1	-9.161913E0	2.556711E1	1.295790E5	1.024659E3	1.132449E2	7.397720E1
2.382000E1	4.764000E4	2.424445E1	-7.414421E0	2.535285E1	1.295830E5	1.049080E3	1.136202E2	7.222971E1
2.382400E1	4.764800E4	2.460492E1	-5.502608E0	2.521271E1	1.295874E5	1.088353E3	1.139807E2	7.031790E1
2.382800E1	4.765600E4	2.477644E1	-3.613529E0	2.503856E1	1.295917E5	1.098361E3	1.141522E2	6.842882E1
2.383200E1	4.766400E4	2.481301E1	-1.656443E0	2.486824E1	1.295962E5	1.111919E3	1.141888E2	6.647173E1
2.383600E1	4.767200E4	2.470681E1	2.576726E-1	2.470815E1	1.296006E5	1.105540E3	1.140826E2	6.455761E1
2.384000E1	4.768000E4	2.467348E1	2.169537E0	2.476868E1	1.296050E5	1.031758E3	1.140493E2	6.264575E1
2.384400E1	4.768800E4	2.437619E1	3.796113E0	2.467001E1	1.296089E5	9.890910E2	1.137520E2	6.101917E1
2.384800E1	4.769600E4	2.402839E1	5.519930E0	2.465428E1	1.296129E5	1.064252E3	1.134042E2	5.929536E1
2.385200E1	4.770400E4	2.359756E1	7.379474E0	2.472451E1	1.296174E5	1.054752E3	1.129734E2	5.743581E1
2.385600E1	4.771200E4	2.313127E1	9.053790E0	2.484002E1	1.296214E5	1.006053E3	1.125071E2	5.576150E1
2.386000E1	4.772000E4	2.245740E1	1.067030E1	2.486343E1	1.296254E5	1.030930E3	1.118332E2	5.414499E1
2.386400E1	4.772800E4	2.166027E1	1.231639E1	2.491708E1	1.296296E5	1.046388E3	1.110361E2	5.249890E1
2.386800E1	4.773600E4	2.083789E1	1.394193E1	2.507180E1	1.296338E5	1.038080E3	1.102137E2	5.087336E1
2.387200E1	4.774400E4	1.973845E1	1.538141E1	2.502387E1	1.296379E5	1.035317E3	1.091142E2	4.943387E1
2.387600E1	4.775200E4	1.867100E1	1.685142E1	2.515108E1	1.296421E5	1.007248E3	1.080468E2	4.796387E1
2.388000E1	4.776000E4	1.754421E1	1.815862E1	2.524945E1	1.296460E5	9.631746E2	1.069200E2	4.665667E1
2.388400E1	4.776800E4	1.632020E1	1.929395E1	2.527064E1	1.296498E5	9.625802E2	1.056960E2	4.552134E1
2.388800E1	4.777600E4	1.512439E1	2.057923E1	2.553922E1	1.296537E5	9.589949E2	1.045002E2	4.423606E1
2.389200E1	4.778400E4	1.385557E1	2.170290E1	2.574864E1	1.296574E5	9.598096E2	1.032314E2	4.311238E1
2.389600E1	4.779200E4	1.238603E1	2.268461E1	2.584580E1	1.296614E5	9.537444E2	1.017618E2	4.213068E1
2.390000E1	4.780000E4	1.097304E1	2.361239E1	2.603752E1	1.296651E5	9.051110E2	1.003488E2	4.120290E1
2.390400E1	4.780800E4	9.575611E0	2.444149E1	2.625031E1	1.296686E5	9.011681E2	9.895141E1	4.037379E1
2.390800E1	4.781600E4	8.074712E0	2.527754E1	2.653592E1	1.296723E5	9.137967E2	9.745051E1	3.953774E1
2.391200E1	4.782400E4	6.500726E0	2.591163E1	2.671464E1	1.296759E5	8.682192E2	9.587652E1	3.890366E1
2.391600E1	4.783200E4	5.035556E0	2.647282E1	2.694749E1	1.296792E5	8.593052E2	9.441135E1	3.834247E1
2.392000E1	4.784000E4	3.401711E0	2.689228E1	2.710657E1	1.296828E5	8.918941E2	9.277751E1	3.792301E1
2.392400E1	4.784800E4	1.724501E0	2.714730E1	2.720202E1	1.296864E5	8.658535E2	9.110030E1	3.766798E1
2.392800E1	4.785600E4	1.349842E-1	2.738136E1	2.738169E1	1.296897E5	8.437790E2	8.951078E1	3.743392E1
2.393200E1	4.786400E4	-1.499005E0	2.754065E1	2.758142E1	1.296931E5	8.554530E2	8.787679E1	3.727463E1
2.393600E1	4.787200E4	-3.170255E0	2.756331E1	2.774503E1	1.296966E5	8.467464E2	8.620554E1	3.725198E1
2.394000E1	4.788000E4	-4.812074E0	2.760198E1	2.801830E1	1.296999E5	8.281994E2	8.456372E1	3.721331E1
2.394400E1	4.788800E4	-6.427517E0	2.743236E1	2.817529E1	1.297032E5	8.083583E2	8.294828E1	3.738293E1
2.394800E1	4.789600E4	-8.013582E0	2.730468E1	2.845633E1	1.297064E5	8.065293E2	8.136221E1	3.751061E1
2.395200E1	4.790400E4	-9.609003E0	2.692720E1	2.859033E1	1.297096E5	8.225471E2	7.976679E1	3.788809E1
2.395600E1	4.791200E4	-1.115899E1	2.636993E1	2.863383E1	1.297129E5	8.293935E2	7.821680E1	3.844536E1
2.396000E1	4.792000E4	-1.280701E1	2.594248E1	2.893150E1	1.297163E5	8.133309E2	7.656879E1	3.887281E1
2.396400E1	4.792800E4	-1.423715E1	2.522225E1	2.896305E1	1.297194E5	7.946615E2	7.513865E1	3.959304E1
2.396800E1	4.793600E4	-1.578006E1	2.464479E1	2.926391E1	1.297226E5	8.020720E2	7.359573E1	4.017049E1
2.397200E1	4.794400E4	-1.718346E1	2.377303E1	2.933306E1	1.297259E5	8.154024E2	7.219233E1	4.104226E1
2.397600E1	4.795200E4	-1.863737E1	2.288864E1	2.951680E1	1.297292E5	7.969295E2	7.073842E1	4.192665E1
2.398000E1	4.796000E4	-1.987098E1	2.188750E1	2.956211E1	1.297322E5	7.694364E2	6.950481E1	4.292779E1
2.398400E1	4.796800E4	-2.104913E1	2.082247E1	2.960812E1	1.297353E5	7.656312E2	6.832667E1	4.399282E1
2.398800E1	4.797600E4	-2.213402E1	1.967888E1	2.961711E1	1.297384E5	7.899342E2	6.724178E1	4.513640E1
2.399200E1	4.798400E4	-2.337801E1	1.850951E1	2.981834E1	1.297416E5	7.989437E2	6.599778E1	4.630577E1
2.399600E1	4.799200E4	-2.447987E1	1.729942E1	2.997555E1	1.297448E5	7.693119E2	6.489593E1	4.751587E1
2.400000E1	4.800000E4	-2.546243E1	1.604440E1	3.009581E1	1.297478E5	7.825334E2	6.391337E1	4.877088E1
2.400400E1	4.800800E4	-2.642107E1	1.463808E1	3.020507E1	1.297510E5	7.864527E2	6.295473E1	5.017721E1
2.400800E1	4.801600E4	-2.730309E1	1.327196E1	3.035793E1	1.297541E5	7.685716E2	6.207270E1	5.154333E1
2.401200E1	4.802400E4	-2.800030E1	1.179280E1	3.038234E1	1.297572E5	7.613586E2	6.137550E1	5.302249E1
2.401600E1	4.803200E4	-2.863730E1	1.032892E1	3.044308E1	1.297602E5	7.280444E2	6.073850E1	5.448637E1
2.402000E1	4.804000E4	-2.915868E1	8.922976E0	3.049341E1	1.297630E5	7.784126E2	6.021711E1	5.589231E1
2.402400E1	4.804800E4	-2.977221E1	7.206004E0	3.063186E1	1.297664E5	7.932805E2	5.960359E1	5.760928E1
2.402800E1	4.805600E4	-3.005356E1	5.661634E0	3.058220E1	1.297693E5	7.258039E2	5.932223E1	5.915365E1
2.403200E1	4.806400E4	-3.022031E1	4.139484E0	3.050250E1	1.297722E5	7.817420E2	5.915549E1	6.067580E1
2.403600E1	4.807200E4	-3.056112E1	2.359429E0	3.065206E1	1.297756E5	7.961500E2	5.881468E1	6.245586E1
2.404000E1	4.808000E4	-3.065476E1	7.654926E-1	3.066432E1	1.297786E5	7.618586E2	5.872103E1	6.404979E1
2.404400E1	4.808800E4	-3.059816E1	-8.975405E-1	3.061132E1	1.297817E5	7.836937E2	5.877764E1	6.571283E1
2.404800E1	4.809600E4	-3.060549E1	-2.591044E0	3.071497E1	1.297848E5	7.719316E2	5.877031E1	6.740633E1
2.405200E1	4.810400E4	-3.040625E1	-4.195222E0	3.069429E1	1.297879E5	7.995201E2	5.896955E1	6.901051E1
2.405600E1	4.811200E4	-3.007667E1	-5.974573E0	3.066434E1	1.297912E5	8.111206E2	5.929913E1	7.078986E1
2.406000E1	4.812000E4	-2.971850E1	-7.599792E0	3.067484E1	1.297943E5	7.573409E2	5.965730E1	7.241508E1
2.406400E1	4.812800E4	-2.921802E1	-9.097031E0	3.060145E1	1.297973E5	7.642719E2	6.015778E1	7.391232E1
2.406800E1	4.813600E4	-2.876718E1	-1.073202E1	3.070386E1	1.298005E5	7.805802E2	6.060861E1	7.554731E1
2.407200E1	4.814400E4	-2.808251E1	-1.223314E1	3.063131E1	1.298035E5	7.588910E2	6.129329E1	7.704842E1
2.407600E1	4.815200E4	-2.733868E1	-1.364838E1	3.055620E1	1.298065E5	7.609535E2	6.203712E1	7.846367E1
2.408000E1	4.816000E4	-2.653563E1	-1.509042E1	3.052639E1	1.298096E5	7.779505E2	6.284016E1	7.990571E1
2.408400E1	4.816800E4	-2.569226E1	-1.652804E1	3.054944E1	1.298128E5	7.777663E2	6.368354E1	8.134333E1
2.408800E1	4.817600E4	-2.467596E1	-1.782855E1	3.044274E1	1.298158E5	7.991509E2	6.469984E1	8.264384E1
2.409200E1	4.818400E4	-2.363708E1	-1.924136E1	3.047855E1	1.298191E5	7.947577E2	6.573871E1	8.405665E1
2.409600E1	4.819200E4	-2.256900E1	-2.046894E1	3.046863E1	1.298222E5	7.605232E2	6.680680E1	8.528423E1
2.410000E1	4.820000E4	-2.140488E1	-2.157810E1	3.039380E1	1.298252E5	7.642958E2	6.797092E1	8.639339E1
2.410400E1	4.820800E4	-2.014921E1	-2.263152E1	3.030143E1	1.298283E5	7.522563E2	6.922658E1	8.744681E1
2.410800E1	4.821600E4	-1.891758E1	-2.356993E1	3.022278E1	1.298312E5	7.568591E2	7.045822E1	8.838522E1
2.411200E1	4.822400E4	-1.752238E1	-2.445307E1	3.008300E1	1.298344E5	7.762508E2	7.185341E1	8.926836E1
2.411600E1	4.823200E4	-1.613931E1	-2.529363E1	3.000408E1	1.298375E5	7.655644E2	7.323649E1	9.010892E1
2.412000E1	4.824000E4	-1.475618E1	-2.608166E1	2.996662E1	1.298405E5	7.914507E2	7.461962E1	9.089695E1
2.412400E1	4.824800E4	-1.319755E1	-2.680982E1	2.988213E1	1.298438E5	7.703558E2	7.617825E1	9.162510E1
2.412800E1	4.825600E4	-1.175247E1	-2.724054E1	2.966762E1	1.298467E5	7.775443E2	7.762333E1	9.205583E1
2.413200E1	4.826400E4	-1.011965E1	-2.782001E1	2.960338E1	1.298500E5	7.767698E2	7.925614E1	9.263530E1
2.413600E1	4.827200E4	-8.650483E0	-2.807907E1	2.938137E1	1.298529E5	7.647378E2	8.072531E1	9.289436E1
2.414000E1	4.828000E4	-7.012520E0	-2.839753E1	2.925055E1	1.298561E5	8.364403E2	8.236328E1	9.321281E1
2.414400E1	4.828800E4	-5.275336E0	-2.865493E1	2.913648E1	1.298596E5	8.181934E2	8.410046E1	9.347022E1
2.414800E1	4.829600E4	-3.684184E0	-2.865783E1	2.889368E1	1.298627E5	7.848646E2	8.569161E1	9.347312E1
2.415200E1	4.830400E4	-2.073269E0	-2.855761E1	2.863277E1	1.298658E5	8.269070E2	8.730253E1	9.337290E1
2.415600E1	4.831200E4	-3.536923E-1	-2.852578E1	2.852797E1	1.298693E5	8.247989E2	8.902210E1	9.334107E1
2.416000E1	4.832000E4	1.209123E0	-2.830529E1	2.833110E1	1.298724E5	7.945832E2	9.058492E1	9.312057E1
2.416400E1	4.832800E4	2.782541E0	-2.814440E1	2.828162E1	1.298756E5	7.578425E2	9.215834E1	9.295969E1
2.416800E1	4.833600E4	4.163894E0	-2.783213E1	2.814188E1	1.298785E5	7.698615E2	9.353969E1	9.264741E1
2.417200E1	4.834400E4	5.759260E0	-2.755557E1	2.815100E1	1.298818E5	7.983009E2	9.513506E1	9.237086E1
2.417600E1	4.835200E4	7.166104E0	-2.694133E1	2.787809E1	1.298849E5	8.026000E2	9.654190E1	9.175661E1
2.418000E1	4.836000E4	8.703256E0	-2.643070E1	2.782676E1	1.298882E5	8.283873E2	9.807905E1	9.124599E1
2.418400E1	4.836800E4	1.012733E1	-2.568043E1	2.760521E1	1.298915E5	8.322309E2	9.950312E1	9.049572E1
2.418800E1	4.837600E4	1.153001E1	-2.485765E1	2.740153E1	1.298949E5	8.077450E2	1.009058E2	8.967294E1
2.419200E1	4.838400E4	1.282577E1	-2.413779E1	2.733374E1	1.298980E5	7.961741E2	1.022016E2	8.895307E1
2.419600E1	4.839200E4	1.409354E1	-2.322249E1	2.716453E1	1.299013E5	8.337709E2	1.034693E2	8.803778E1
2.420000E1	4.840000E4	1.537956E1	-2.224871E1	2.704692E1	1.299047E5	8.341451E2	1.047554E2	8.706400E1
2.420400E1	4.840800E4	1.652490E1	-2.120701E1	2.688512E1	1.299079E5	8.115316E2	1.059007E2	8.602230E1
2.420800E1	4.841600E4	1.758680E1	-2.012702E1	2.672812E1	1.299111E5	8.008655E2	1.069626E2	8.494230E1
2.421200E1	4.842400E4	1.855100E1	-1.898782E1	2.654575E1	1.299143E5	8.004191E2	1.079268E2	8.380311E1
2.421600E1	4.843200E4	1.949780E1	-1.783516E1	2.642455E1	1.299176E5	8.025067E2	1.088736E2	8.265044E1
2.422000E1	4.844000E4	2.036253E1	-1.663490E1	2.629358E1	1.299208E5	8.390177E2	1.097383E2	8.145018E1
2.422400E1	4.844800E4	2.120832E1	-1.526098E1	2.612834E1	1.299243E5	8.590312E2	1.105841E2	8.007627E1
2.422800E1	4.845600E4	2.201270E1	-1.395589E1	2.606388E1	1.299276E5	8.475472E2	1.113885E2	7.877117E1
2.423200E1	4.846400E4	2.267674E1	-1.254793E1	2.591688E1	1.299310E5	8.374250E2	1.120525E2	7.736321E1
2.423600E1	4.847200E4	2.324457E1	-1.117436E1	2.579102E1	1.299343E5	8.499145E2	1.126204E2	7.598965E1
2.424000E1	4.848000E4	2.370951E1	-9.655480E0	2.560018E1	1.299378E5	8.481874E2	1.130853E2	7.447077E1
2.424400E1	4.848800E4	2.412360E1	-8.254411E0	2.549673E1	1.299411E5	8.444493E2	1.134994E2	7.306970E1
2.424800E1	4.849600E4	2.444258E1	-6.733783E0	2.535318E1	1.299446E5	8.889281E2	1.138184E2	7.154907E1
2.425200E1	4.850400E4	2.472815E1	-5.156102E0	2.525999E1	1.299482E5	8.655798E2	1.141040E2	6.997139E1
2.425600E1	4.851200E4	2.477500E1	-3.692890E0	2.504871E1	1.299515E5	8.073551E2	1.141508E2	6.850818E1
2.426000E1	4.852000E4	2.488797E1	-2.317210E0	2.499561E1	1.299547E5	8.177735E2	1.142638E2	6.713250E1
2.426400E1	4.852800E4	2.510058E1	-8.483445E-1	2.511491E1	1.299581E5	8.137414E2	1.144764E2	6.566363E1
2.426800E1	4.853600E4	2.505866E1	5.208372E-1	2.506407E1	1.299612E5	7.958942E2	1.144345E2	6.429445E1
2.427200E1	4.854400E4	2.508691E1	1.944171E0	2.516213E1	1.299644E5	8.416612E2	1.144627E2	6.287112E1
2.427600E1	4.855200E4	2.487275E1	3.461997E0	2.511253E1	1.299679E5	8.480030E2	1.142485E2	6.135329E1
2.428000E1	4.856000E4	2.454077E1	4.866077E0	2.501855E1	1.299712E5	7.877596E2	1.139166E2	5.994921E1
2.428400E1	4.856800E4	2.426578E1	6.151937E0	2.503347E1	1.299742E5	7.896784E2	1.136416E2	5.866335E1
2.428800E1	4.857600E4	2.379495E1	7.517528E0	2.495421E1	1.299775E5	8.063150E2	1.131707E2	5.729776E1
2.429200E1	4.858400E4	2.331094E1	8.797586E0	2.491580E1	1.299807E5	7.961086E2	1.126867E2	5.601770E1
2.429600E1	4.859200E4	2.283175E1	1.011847E1	2.497343E1	1.299839E5	7.879701E2	1.122075E2	5.469682E1
2.430000E1	4.860000E4	2.211695E1	1.125960E1	2.481810E1	1.299870E5	7.978165E2	1.114927E2	5.355569E1
2.430400E1	4.860800E4	2.155975E1	1.259056E1	2.496688E1	1.299903E5	7.925413E2	1.109355E2	5.222473E1
2.430800E1	4.861600E4	2.089748E1	1.373788E1	2.500868E1	1.299933E5	7.393011E2	1.102733E2	5.107740E1
2.431200E1	4.862400E4	2.030334E1	1.485908E1	2.515984E1	1.299962E5	7.405576E2	1.096791E2	4.995621E1
2.431600E1	4.863200E4	1.952470E1	1.594959E1	2.521117E1	1.299992E5	7.594985E2	1.089005E2	4.886570E1
2.432000E1	4.864000E4	1.864235E1	1.694817E1	2.519480E1	1.300023E5	7.478698E2	1.080181E2	4.786711E1
2.432400E1	4.864800E4	1.774643E1	1.788830E1	2.519775E1	1.300052E5	7.593726E2	1.071222E2	4.692699E1
2.432800E1	4.865600E4	1.675251E1	1.883544E1	2.520754E1	1.300083E5	7.778549E2	1.061283E2	4.597985E1
2.433200E1	4.866400E4	1.571303E1	1.971931E1	2.521409E1	1.300115E5	7.796071E2	1.050888E2	4.509598E1
2.433600E1	4.867200E4	1.464209E1	2.059315E1	2.526794E1	1.300146E5	7.677114E2	1.040179E2	4.422214E1
2.434000E1	4.868000E4	1.362066E1	2.145662E1	2.541474E1	1.300176E5	7.422308E2	1.029965E2	4.335867E1
2.434400E1	4.868800E4	1.256705E1	2.223422E1	2.554000E1	1.300205E5	7.409074E2	1.019428E2	4.258106E1
2.434800E1	4.869600E4	1.146664E1	2.301853E1	2.571647E1	1.300235E5	7.154616E2	1.008424E2	4.179675E1
2.435200E1	4.870400E4	1.038983E1	2.361051E1	2.579544E1	1.300262E5	6.938883E2	9.976563E1	4.120478E1
2.435600E1	4.871200E4	9.272747E0	2.424609E1	2.595875E1	1.300291E5	6.995780E2	9.864854E1	4.056920E1
2.436000E1	4.872000E4	8.168517E0	2.491012E1	2.621524E1	1.300318E5	6.502458E2	9.754431E1	3.990517E1
2.436400E1	4.872800E4	7.140268E0	2.535638E1	2.634254E1	1.300343E5	6.352741E2	9.651606E1	3.945891E1
2.436800E1	4.873600E4	6.003092E0	2.585165E1	2.653949E1	1.300369E5	6.251467E2	9.537889E1	3.896364E1
2.437200E1	4.874400E4	4.970923E0	2.624293E1	2.670958E1	1.300393E5	6.202112E2	9.434672E1	3.857236E1
2.437600E1	4.875200E4	3.789067E0	2.658529E1	2.685395E1	1.300419E5	6.809989E2	9.316486E1	3.823000E1
2.438000E1	4.876000E4	2.483067E0	2.687951E1	2.699396E1	1.300447E5	6.847036E2	9.185886E1	3.793578E1
2.438400E1	4.876800E4	1.244833E0	2.706087E1	2.708949E1	1.300474E5	6.491123E2	9.062063E1	3.775442E1
2.438800E1	4.877600E4	4.029427E-2	2.716947E1	2.716950E1	1.300499E5	5.855066E2	8.941609E1	3.764581E1
2.439200E1	4.878400E4	-9.746238E-1	2.722520E1	2.724264E1	1.300521E5	5.598752E2	8.840117E1	3.759009E1
2.439600E1	4.879200E4	-2.106688E0	2.741621E1	2.749703E1	1.300544E5	5.777099E2	8.726911E1	3.739908E1
2.440000E1	4.880000E4	-3.200254E0	2.735820E1	2.754474E1	1.300567E5	6.104113E2	8.617554E1	3.745708E1
2.440400E1	4.880800E4	-4.473374E0	2.738524E1	2.774819E1	1.300593E5	6.285740E2	8.490242E1	3.743005E1
2.440800E1	4.881600E4	-5.672055E0	2.738811E1	2.796928E1	1.300617E5	5.805455E2	8.370374E1	3.742718E1
2.441200E1	4.882400E4	-6.773337E0	2.732544E1	2.815240E1	1.300639E5	5.566643E2	8.260246E1	3.748985E1
2.441600E1	4.883200E4	-7.879417E0	2.720295E1	2.832112E1	1.300662E5	6.138440E2	8.149638E1	3.761234E1
2.442000E1	4.884000E4	-9.148110E0	2.682261E1	2.833973E1	1.300688E5	6.567602E2	8.022769E1	3.799267E1
2.442400E1	4.884800E4	-1.040005E1	2.652704E1	2.849289E1	1.300714E5	6.084616E2	7.897574E1	3.828825E1
2.442800E1	4.885600E4	-1.151687E1	2.623599E1	2.865250E1	1.300737E5	5.808979E2	7.785893E1	3.857929E1
2.443200E1	4.886400E4	-1.267434E1	2.592297E1	2.885549E1	1.300761E5	5.721455E2	7.670145E1	3.889232E1
2.443600E1	4.887200E4	-1.368422E1	2.543850E1	2.888555E1	1.300783E5	5.738454E2	7.569158E1	3.937679E1
2.444000E1	4.888000E4	-1.479763E1	2.497579E1	2.903033E1	1.300806E5	5.614302E2	7.457816E1	3.983949E1
2.444400E1	4.888800E4	-1.571372E1	2.441217E1	2.903231E1	1.300828E5	5.496187E2	7.366207E1	4.040312E1
2.444800E1	4.889600E4	-1.673453E1	2.386144E1	2.914469E1	1.300850E5	5.679914E2	7.264126E1	4.095385E1
2.445200E1	4.890400E4	-1.768708E1	2.320697E1	2.917869E1	1.300873E5	5.575992E2	7.168872E1	4.160832E1
2.445600E1	4.891200E4	-1.865312E1	2.262515E1	2.932297E1	1.300895E5	5.640727E2	7.072268E1	4.219013E1
2.446000E1	4.892000E4	-1.959164E1	2.189263E1	2.937890E1	1.300918E5	5.827759E2	6.978416E1	4.292265E1
2.446400E1	4.892800E4	-2.049353E1	2.109915E1	2.941359E1	1.300942E5	5.896572E2	6.888226E1	4.371614E1
2.446800E1	4.893600E4	-2.139439E1	2.027238E1	2.947353E1	1.300965E5	5.774612E2	6.798141E1	4.454291E1
2.447200E1	4.894400E4	-2.229659E1	1.952917E1	2.963994E1	1.300988E5	5.664875E2	6.707921E1	4.528612E1
2.447600E1	4.895200E4	-2.316925E1	1.871232E1	2.978196E1	1.301011E5	5.888213E2	6.620655E1	4.610296E1
2.448000E1	4.896000E4	-2.399981E1	1.776148E1	2.985735E1	1.301035E5	5.700315E2	6.537598E1	4.705380E1
2.448400E1	4.896800E4	-2.462618E1	1.684003E1	2.983346E1	1.301056E5	5.570087E2	6.474961E1	4.797526E1
2.448800E1	4.897600E4	-2.534727E1	1.586820E1	2.990458E1	1.301080E5	5.854311E2	6.402853E1	4.894709E1
2.449200E1	4.898400E4	-2.601566E1	1.482818E1	2.994477E1	1.301103E5	5.680808E2	6.336013E1	4.998711E1
2.449600E1	4.899200E4	-2.656648E1	1.383154E1	2.995145E1	1.301125E5	5.656162E2	6.280931E1	5.098375E1
2.450000E1	4.900000E4	-2.711745E1	1.273564E1	2.995918E1	1.301148E5	5.567629E2	6.225835E1	5.207965E1
2.450400E1	4.900800E4	-2.755190E1	1.172297E1	2.994220E1	1.301170E5	5.523282E2	6.182390E1	5.309231E1
2.450800E1	4.901600E4	-2.805507E1	1.062259E1	2.999878E1	1.301193E5	5.543912E2	6.132072E1	5.419270E1
2.451200E1	4.902400E4	-2.845251E1	9.583064E0	3.002300E1	1.301214E5	5.456159E2	6.092329E1	5.523222E1
2.451600E1	4.903200E4	-2.886175E1	8.479925E0	3.008172E1	1.301236E5	5.283341E2	6.051405E1	5.633536E1
2.452000E1	4.904000E4	-2.920743E1	7.492305E0	3.015309E1	1.301256E5	5.343020E2	6.016836E1	5.732298E1
2.452400E1	4.904800E4	-2.960995E1	6.347283E0	3.028262E1	1.301279E5	5.604286E2	5.976584E1	5.846800E1
2.452800E1	4.905600E4	-2.986245E1	5.213923E0	3.031420E1	1.301301E5	5.341490E2	5.951335E1	5.960136E1
2.453200E1	4.906400E4	-2.992522E1	4.112978E0	3.020655E1	1.301322E5	5.698915E2	5.945057E1	6.070231E1
2.453600E1	4.907200E4	-3.005823E1	2.812104E0	3.018949E1	1.301347E5	5.692897E2	5.931756E1	6.200318E1
2.454000E1	4.908000E4	-3.012695E1	1.722068E0	3.017613E1	1.301367E5	5.369485E2	5.924884E1	6.309322E1
2.454400E1	4.908800E4	-3.033971E1	5.556285E-1	3.034480E1	1.301390E5	5.469314E2	5.903608E1	6.425966E1
2.454800E1	4.909600E4	-3.045136E1	-5.868024E-1	3.045702E1	1.301411E5	5.365472E2	5.892443E1	6.540209E1
2.455200E1	4.910400E4	-3.045826E1	-1.725921E0	3.050712E1	1.301432E5	5.212711E2	5.891753E1	6.654121E1
2.455600E1	4.911200E4	-3.047062E1	-2.812799E0	3.060017E1	1.301453E5	5.086288E2	5.890517E1	6.762809E1
2.456000E1	4.912000E4	-3.024654E1	-3.881236E0	3.049454E1	1.301473E5	5.596895E2	5.912926E1	6.869652E1
2.456400E1	4.912800E4	-3.014688E1	-5.181073E0	3.058885E1	1.301498E5	6.049389E2	5.922892E1	6.999636E1
2.456800E1	4.913600E4	-3.001196E1	-6.462362E0	3.069983E1	1.301522E5	5.638691E2	5.936384E1	7.127765E1
2.457200E1	4.914400E4	-2.969809E1	-7.549307E0	3.064260E1	1.301543E5	5.280198E2	5.967771E1	7.236459E1
2.457600E1	4.915200E4	-2.939018E1	-8.636572E0	3.063288E1	1.301564E5	5.507108E2	5.998561E1	7.345186E1
2.458000E1	4.916000E4	-2.904498E1	-9.813270E0	3.065797E1	1.301587E5	5.384590E2	6.033081E1	7.462856E1
2.458400E1	4.916800E4	-2.854481E1	-1.077684E1	3.051142E1	1.301607E5	5.373206E2	6.083098E1	7.559212E1
2.458800E1	4.917600E4	-2.798130E1	-1.185826E1	3.039032E1	1.301630E5	5.889110E2	6.139449E1	7.667354E1
2.459200E1	4.918400E4	-2.744386E1	-1.302829E1	3.037930E1	1.301654E5	6.083426E2	6.193194E1	7.784358E1
2.459600E1	4.919200E4	-2.691261E1	-1.420958E1	3.043355E1	1.301678E5	5.939441E2	6.246319E1	7.902487E1
2.460000E1	4.920000E4	-2.627113E1	-1.525729E1	3.038021E1	1.301701E5	5.671619E2	6.310467E1	8.007258E1
2.460400E1	4.920800E4	-2.568574E1	-1.628237E1	3.041172E1	1.301724E5	5.641431E2	6.369005E1	8.109765E1
2.460800E1	4.921600E4	-2.504355E1	-1.731484E1	3.044640E1	1.301747E5	5.747197E2	6.433225E1	8.213013E1
2.461200E1	4.922400E4	-2.421744E1	-1.822838E1	3.031103E1	1.301770E5	5.724246E2	6.515835E1	8.304367E1
2.461600E1	4.923200E4	-2.353401E1	-1.922053E1	3.038550E1	1.301792E5	5.680264E2	6.584179E1	8.403582E1
2.462000E1	4.924000E4	-2.274564E1	-2.013274E1	3.037583E1	1.301815E5	5.844283E2	6.663016E1	8.494803E1
2.462400E1	4.924800E4	-2.187341E1	-2.105983E1	3.036383E1	1.301839E5	6.009702E2	6.750239E1	8.587512E1
2.462800E1	4.925600E4	-2.093430E1	-2.192228E1	3.031223E1	1.301863E5	6.133532E2	6.844149E1	8.673757E1
2.463200E1	4.926400E4	-1.992854E1	-2.278120E1	3.026764E1	1.301888E5	5.897816E2	6.944726E1	8.759649E1
2.463600E1	4.927200E4	-1.894180E1	-2.342365E1	3.012406E1	1.301910E5	5.580635E2	7.043400E1	8.823893E1
2.464000E1	4.928000E4	-1.797542E1	-2.410333E1	3.006803E1	1.301933E5	5.842291E2	7.140038E1	8.891862E1
2.464400E1	4.928800E4	-1.690753E1	-2.479732E1	3.001286E1	1.301957E5	5.833250E2	7.246827E1	8.961261E1
2.464800E1	4.929600E4	-1.585235E1	-2.532214E1	2.987487E1	1.301980E5	5.662774E2	7.352345E1	9.013743E1
2.465200E1	4.930400E4	-1.479813E1	-2.588394E1	2.981548E1	1.302002E5	5.969924E2	7.457767E1	9.069922E1
2.465600E1	4.931200E4	-1.365716E1	-2.649232E1	2.980538E1	1.302027E5	5.798005E2	7.571863E1	9.130760E1
2.466000E1	4.932000E4	-1.265068E1	-2.698341E1	2.980174E1	1.302049E5	5.668562E2	7.672512E1	9.179869E1
2.466400E1	4.932800E4	-1.149938E1	-2.744051E1	2.975260E1	1.302073E5	5.787881E2	7.787642E1	9.225579E1
2.466800E1	4.933600E4	-1.038618E1	-2.779631E1	2.967335E1	1.302095E5	5.263071E2	7.898961E1	9.261160E1
2.467200E1	4.934400E4	-9.401083E0	-2.805385E1	2.958714E1	1.302115E5	5.318646E2	7.997471E1	9.286914E1
2.467600E1	4.935200E4	-8.264992E0	-2.838642E1	2.956516E1	1.302138E5	5.527567E2	8.111080E1	9.320171E1
2.468000E1	4.936000E4	-7.188470E0	-2.860924E1	2.949852E1	1.302159E5	5.236164E2	8.218733E1	9.342453E1
2.468400E1	4.936800E4	-6.112650E0	-2.864828E1	2.929315E1	1.302180E5	5.725065E2	8.326315E1	9.346357E1
2.468800E1	4.937600E4	-4.820667E0	-2.873221E1	2.913381E1	1.302205E5	6.105036E2	8.455513E1	9.354750E1
2.469200E1	4.938400E4	-3.612136E0	-2.875243E1	2.897844E1	1.302228E5	5.692978E2	8.576366E1	9.356772E1
2.469600E1	4.939200E4	-2.496437E0	-2.870783E1	2.881617E1	1.302250E5	5.521728E2	8.687936E1	9.352312E1
2.470000E1	4.940000E4	-1.372073E0	-2.863682E1	2.866967E1	1.302273E5	5.529274E2	8.800372E1	9.345210E1
2.470400E1	4.940800E4	-2.723045E-1	-2.854644E1	2.854774E1	1.302295E5	5.331388E2	8.910349E1	9.336172E1
2.470800E1	4.941600E4	7.555793E-1	-2.843709E1	2.844713E1	1.302315E5	5.173427E2	9.013138E1	9.325238E1
2.471200E1	4.942400E4	1.775890E0	-2.828831E1	2.834400E1	1.302336E5	5.058370E2	9.115169E1	9.310360E1
2.471600E1	4.943200E4	2.746454E0	-2.816895E1	2.830252E1	1.302356E5	4.954581E2	9.212225E1	9.298424E1
2.472000E1	4.944000E4	3.715404E0	-2.801018E1	2.825552E1	1.302376E5	5.341815E2	9.309120E1	9.282547E1
2.472400E1	4.944800E4	4.820922E0	-2.778827E1	2.820335E1	1.302398E5	5.476579E2	9.419672E1	9.260355E1
2.472800E1	4.945600E4	5.789112E0	-2.738332E1	2.798857E1	1.302419E5	5.222157E2	9.516491E1	9.219860E1
2.473200E1	4.946400E4	6.751207E0	-2.703765E1	2.786778E1	1.302440E5	5.408818E2	9.612700E1	9.185294E1
2.473600E1	4.947200E4	7.776817E0	-2.665646E1	2.776771E1	1.302463E5	5.531639E2	9.715261E1	9.147175E1
2.474000E1	4.948000E4	8.723481E0	-2.615486E1	2.757129E1	1.302484E5	5.509269E2	9.809928E1	9.097015E1
2.474400E1	4.948800E4	9.694392E0	-2.569396E1	2.746199E1	1.302507E5	5.471977E2	9.907019E1	9.050924E1
2.474800E1	4.949600E4	1.056133E1	-2.509649E1	2.722821E1	1.302528E5	5.668246E2	9.993713E1	8.991177E1
2.475200E1	4.950400E4	1.156031E1	-2.455999E1	2.714469E1	1.302552E5	5.735914E2	1.009361E2	8.937528E1
2.475600E1	4.951200E4	1.241857E1	-2.394609E1	2.697473E1	1.302574E5	5.703155E2	1.017944E2	8.876138E1
2.476000E1	4.952000E4	1.337632E1	-2.338596E1	2.694121E1	1.302598E5	5.896742E2	1.027521E2	8.820125E1
2.476400E1	4.952800E4	1.425487E1	-2.269877E1	2.680364E1	1.302621E5	6.011241E2	1.036307E2	8.751405E1
2.476800E1	4.953600E4	1.513682E1	-2.196033E1	2.667170E1	1.302646E5	5.999774E2	1.045126E2	8.677562E1
2.477200E1	4.954400E4	1.601680E1	-2.131013E1	2.665820E1	1.302669E5	5.983192E2	1.053926E2	8.612541E1
2.477600E1	4.955200E4	1.685981E1	-2.055158E1	2.658234E1	1.302694E5	5.754521E2	1.062356E2	8.536687E1
2.478000E1	4.956000E4	1.748252E1	-1.973794E1	2.636712E1	1.302715E5	5.692863E2	1.068583E2	8.455323E1
2.478400E1	4.956800E4	1.821034E1	-1.891107E1	2.625348E1	1.302739E5	5.732418E2	1.075861E2	8.372636E1
2.478800E1	4.957600E4	1.893667E1	-1.821154E1	2.627276E1	1.302761E5	5.657706E2	1.083125E2	8.302683E1
2.479200E1	4.958400E4	1.960268E1	-1.737672E1	2.619571E1	1.302784E5	5.745904E2	1.089785E2	8.219201E1
2.479600E1	4.959200E4	2.019308E1	-1.651903E1	2.608906E1	1.302807E5	5.828591E2	1.095689E2	8.133431E1
2.480000E1	4.960000E4	2.074872E1	-1.557427E1	2.594354E1	1.302831E5	5.722654E2	1.101245E2	8.038956E1
2.480400E1	4.960800E4	2.123526E1	-1.470777E1	2.583128E1	1.302853E5	5.791007E2	1.106111E2	7.952306E1
2.480800E1	4.961600E4	2.170386E1	-1.369919E1	2.566565E1	1.302877E5	5.810105E2	1.110797E2	7.851448E1
2.481200E1	4.962400E4	2.211902E1	-1.280071E1	2.555600E1	1.302899E5	5.862013E2	1.114948E2	7.761599E1
2.481600E1	4.963200E4	2.255971E1	-1.177888E1	2.544961E1	1.302924E5	5.982859E2	1.119355E2	7.659417E1
2.482000E1	4.964000E4	2.303069E1	-1.087305E1	2.546833E1	1.302947E5	5.465454E2	1.124065E2	7.568833E1
2.482400E1	4.964800E4	2.342117E1	-1.003717E1	2.548129E1	1.302968E5	5.232029E2	1.127970E2	7.485246E1
2.482800E1	4.965600E4	2.371659E1	-9.145238E0	2.541873E1	1.302989E5	4.867440E2	1.130924E2	7.396052E1
2.483200E1	4.966400E4	2.392139E1	-8.378869E0	2.534637E1	1.303007E5	5.092317E2	1.132972E2	7.319416E1
2.483600E1	4.967200E4	2.425661E1	-7.422028E0	2.536671E1	1.303030E5	5.697773E2	1.136324E2	7.223731E1
2.484000E1	4.968000E4	2.447536E1	-6.441743E0	2.530888E1	1.303053E5	5.526782E2	1.138512E2	7.125703E1
2.484400E1	4.968800E4	2.462157E1	-5.499790E0	2.522835E1	1.303074E5	5.494212E2	1.139974E2	7.031508E1
2.484800E1	4.969600E4	2.469866E1	-4.510809E0	2.510719E1	1.303096E5	5.470529E2	1.140745E2	6.932610E1
2.485200E1	4.970400E4	2.472633E1	-3.569811E0	2.498269E1	1.303118E5	5.455931E2	1.141021E2	6.838510E1
2.485600E1	4.971200E4	2.472500E1	-2.592302E0	2.486053E1	1.303140E5	5.517623E2	1.141008E2	6.740759E1
2.486000E1	4.972000E4	2.470871E1	-1.641624E0	2.476318E1	1.303162E5	5.579125E2	1.140845E2	6.645691E1
2.486400E1	4.972800E4	2.465170E1	-6.550123E-1	2.466040E1	1.303185E5	5.422264E2	1.140275E2	6.547030E1
2.486800E1	4.973600E4	2.457664E1	2.302285E-1	2.457772E1	1.303205E5	5.404083E2	1.139524E2	6.458506E1
2.487200E1	4.974400E4	2.448427E1	1.198011E0	2.451357E1	1.303228E5	5.525894E2	1.138601E2	6.361728E1
2.487600E1	4.975200E4	2.460680E1	2.134396E0	2.469919E1	1.303250E5	4.722639E2	1.139826E2	6.268089E1
2.488000E1	4.976000E4	2.447209E1	2.822579E0	2.463433E1	1.303266E5	4.338499E2	1.138479E2	6.199271E1
2.488400E1	4.976800E4	2.435900E1	3.609290E0	2.462494E1	1.303284E5	4.681893E2	1.137348E2	6.120600E1
2.488800E1	4.977600E4	2.423132E1	4.414441E0	2.463015E1	1.303303E5	4.794451E2	1.136071E2	6.040085E1
2.489200E1	4.978400E4	2.408160E1	5.234698E0	2.464397E1	1.303323E5	4.798661E2	1.134574E2	5.958059E1
2.489600E1	4.979200E4	2.412568E1	6.088516E0	2.488209E1	1.303342E5	4.323664E2	1.135015E2	5.872677E1
2.490000E1	4.980000E4	2.395400E1	6.743417E0	2.488509E1	1.303357E5	4.428491E2	1.133298E2	5.807187E1
2.490400E1	4.980800E4	2.378879E1	7.594985E0	2.497179E1	1.303377E5	4.824499E2	1.131646E2	5.722030E1
2.490800E1	4.981600E4	2.343085E1	8.335205E0	2.486926E1	1.303396E5	4.388914E2	1.128066E2	5.648008E1
2.491200E1	4.982400E4	2.332660E1	9.056091E0	2.502285E1	1.303412E5	3.953939E2	1.127024E2	5.575920E1
2.491600E1	4.983200E4	2.305353E1	9.665007E0	2.499755E1	1.303427E5	4.308706E2	1.124293E2	5.515028E1
2.492000E1	4.984000E4	2.277280E1	1.045732E1	2.505905E1	1.303447E5	4.446731E2	1.121486E2	5.435797E1
2.492400E1	4.984800E4	2.251971E1	1.113133E1	2.512059E1	1.303463E5	3.865678E2	1.118955E2	5.368395E1
2.492800E1	4.985600E4	2.216589E1	1.166560E1	2.504821E1	1.303478E5	4.152263E2	1.115417E2	5.314968E1
2.493200E1	4.986400E4	2.184132E1	1.242004E1	2.512570E1	1.303496E5	4.356946E2	1.112171E2	5.239525E1
2.493600E1	4.987200E4	2.149769E1	1.304141E1	2.514416E1	1.303512E5	3.865979E2	1.108735E2	5.177388E1
2.494000E1	4.988000E4	2.112182E1	1.356905E1	2.510479E1	1.303527E5	4.068576E2	1.104976E2	5.124623E1
2.494400E1	4.988800E4	2.074498E1	1.425637E1	2.517138E1	1.303545E5	4.254434E2	1.101208E2	5.055892E1
2.494800E1	4.989600E4	2.038356E1	1.487539E1	2.523424E1	1.303561E5	3.819692E2	1.097594E2	4.993989E1
2.495200E1	4.990400E4	2.001153E1	1.538503E1	2.524204E1	1.303576E5	3.757862E2	1.093873E2	4.943025E1
2.495600E1	4.991200E4	1.969473E1	1.602105E1	2.538812E1	1.303591E5	3.867060E2	1.090705E2	4.879423E1
2.496000E1	4.992000E4	1.923563E1	1.651434E1	2.535218E1	1.303606E5	3.752366E2	1.086114E2	4.830095E1
2.496400E1	4.992800E4	1.885217E1	1.705169E1	2.541976E1	1.303621E5	3.696979E2	1.082280E2	4.776360E1
2.496800E1	4.993600E4	1.836370E1	1.749034E1	2.536015E1	1.303636E5	3.631992E2	1.077395E2	4.732495E1
2.497200E1	4.994400E4	1.796204E1	1.798386E1	2.541760E1	1.303650E5	3.407691E2	1.073378E2	4.683143E1
2.497600E1	4.995200E4	1.761132E1	1.844902E1	2.550539E1	1.303663E5	3.376289E2	1.069871E2	4.636627E1
2.498000E1	4.996000E4	1.717847E1	1.890261E1	2.554228E1	1.303677E5	3.519016E2	1.065543E2	4.591268E1
2.498400E1	4.996800E4	1.674019E1	1.935677E1	2.559138E1	1.303691E5	3.624047E2	1.061160E2	4.545851E1
2.498800E1	4.997600E4	1.626512E1	1.982619E1	2.564434E1	1.303706E5	3.454121E2	1.056409E2	4.498910E1
2.499200E1	4.998400E4	1.585306E1	2.022491E1	2.569760E1	1.303719E5	3.565748E2	1.052289E2	4.459037E1
2.499600E1	4.999200E4	1.532893E1	2.070651E1	2.576307E1	1.303735E5	3.548224E2	1.047047E2	4.410877E1
2.500000E1	5.000000E4	1.488703E1	2.106300E1	2.579290E1	1.303747E5	2.984050E2	1.042628E2	4.375229E1
2.500400E1	5.000800E4	1.450994E1	2.141087E1	2.586433E1	1.303759E5	3.074918E2	1.038857E2	4.340442E1
2.500800E1	5.001600E4	1.403960E1	2.179172E1	2.592276E1	1.303772E5	3.040324E2	1.034154E2	4.302357E1
2.501200E1	5.002400E4	1.364561E1	2.210028E1	2.597354E1	1.303783E5	2.860474E2	1.030214E2	4.271501E1
2.501600E1	5.003200E4	1.318577E1	2.238158E1	2.597691E1	1.303795E5	3.073307E2	1.025616E2	4.243370E1
2.502000E1	5.004000E4	1.272294E1	2.273314E1	2.605128E1	1.303808E5	3.158509E2	1.020987E2	4.208215E1
2.502400E1	5.004800E4	1.221591E1	2.299704E1	2.604020E1	1.303820E5	2.869804E2	1.015917E2	4.181825E1
2.502800E1	5.005600E4	1.180012E1	2.322075E1	2.604700E1	1.303831E5	3.098869E2	1.011759E2	4.159453E1
2.503200E1	5.006400E4	1.126250E1	2.361453E1	2.616276E1	1.303845E5	3.249460E2	1.006383E2	4.120075E1
2.503600E1	5.007200E4	1.079185E1	2.385820E1	2.618545E1	1.303857E5	3.067021E2	1.001676E2	4.095709E1
2.504000E1	5.008000E4	1.025361E1	2.410416E1	2.619441E1	1.303870E5	2.684767E2	9.962941E1	4.071113E1
2.504400E1	5.008800E4	9.881545E0	2.422488E1	2.616275E1	1.303878E5	2.888512E2	9.925734E1	4.059041E1
2.504800E1	5.009600E4	9.307756E0	2.458878E1	2.629149E1	1.303893E5	3.189227E2	9.868355E1	4.022650E1
2.505200E1	5.010400E4	8.845950E0	2.478808E1	2.631919E1	1.303904E5	3.027279E2	9.822175E1	4.002721E1
2.505600E1	5.011200E4	8.275575E0	2.500595E1	2.633975E1	1.303917E5	2.861920E2	9.765137E1	3.980934E1
2.506000E1	5.012000E4	7.840427E0	2.509545E1	2.629171E1	1.303926E5	2.471641E2	9.721622E1	3.971984E1
2.506400E1	5.012800E4	7.398884E0	2.524601E1	2.630788E1	1.303937E5	2.664525E2	9.677468E1	3.956928E1
2.506800E1	5.013600E4	6.953290E0	2.555983E1	2.648873E1	1.303948E5	2.486978E2	9.632909E1	3.925546E1
2.507200E1	5.014400E4	6.568030E0	2.568354E1	2.651006E1	1.303957E5	2.339822E2	9.594383E1	3.913175E1
2.507600E1	5.015200E4	6.140991E0	2.588419E1	2.660269E1	1.303967E5	2.395907E2	9.551679E1	3.893110E1
2.508000E1	5.016000E4	5.712476E0	2.592132E1	2.654331E1	1.303976E5	2.472642E2	9.508827E1	3.889396E1
2.508400E1	5.016800E4	5.241034E0	2.606664E1	2.658831E1	1.303986E5	2.491207E2	9.461683E1	3.874865E1
2.508800E1	5.017600E4	4.798812E0	2.605681E1	2.649501E1	1.303996E5	2.585981E2	9.417461E1	3.875848E1
2.509200E1	5.018400E4	4.283946E0	2.616138E1	2.650981E1	1.304007E5	2.171467E2	9.365974E1	3.865391E1
2.509600E1	5.019200E4	4.017918E0	2.626363E1	2.656919E1	1.304013E5	1.826793E2	9.339371E1	3.855166E1
2.510000E1	5.020000E4	3.633618E0	2.639497E1	2.664390E1	1.304022E5	2.349924E2	9.300941E1	3.842032E1
2.510400E1	5.020800E4	3.181374E0	2.660882E1	2.679833E1	1.304032E5	2.333075E2	9.255717E1	3.820647E1
2.510800E1	5.021600E4	2.787298E0	2.664552E1	2.679091E1	1.304040E5	2.426951E2	9.216309E1	3.816976E1
2.511200E1	5.022400E4	2.285886E0	2.679333E1	2.689066E1	1.304051E5	2.403527E2	9.166168E1	3.802196E1
2.511600E1	5.023200E4	1.903362E0	2.688902E1	2.695630E1	1.304060E5	1.915261E2	9.127916E1	3.792627E1
2.512000E1	5.024000E4	1.568290E0	2.683882E1	2.688460E1	1.304067E5	1.981722E2	9.094409E1	3.797647E1
2.512400E1	5.024800E4	1.158629E0	2.692955E1	2.695446E1	1.304075E5	2.196368E2	9.053442E1	3.788574E1
2.512800E1	5.025600E4	7.437385E-1	2.684271E1	2.685301E1	1.304084E5	2.254444E2	9.011953E1	3.797258E1
2.513200E1	5.026400E4	3.101738E-1	2.692376E1	2.692554E1	1.304093E5	2.131498E2	8.968597E1	3.789153E1
2.513600E1	5.027200E4	-5.558991E-2	2.697056E1	2.697061E1	1.304101E5	1.893565E2	8.932021E1	3.784473E1
2.514000E1	5.028000E4	-4.011269E-1	2.688460E1	2.688760E1	1.304109E5	1.874614E2	8.897467E1	3.793068E1
2.514400E1	5.028800E4	-7.606772E-1	2.693313E1	2.694386E1	1.304116E5	1.875303E2	8.861512E1	3.788216E1
2.514800E1	5.029600E4	-1.109433E0	2.697608E1	2.699888E1	1.304124E5	1.706009E2	8.826636E1	3.783921E1
2.515200E1	5.030400E4	-1.398637E0	2.684362E1	2.688003E1	1.304130E5	1.810965E2	8.797716E1	3.797166E1
2.515600E1	5.031200E4	-1.788644E0	2.690219E1	2.696158E1	1.304138E5	1.855073E2	8.758715E1	3.791310E1
2.516000E1	5.032000E4	-2.103219E0	2.692428E1	2.700630E1	1.304145E5	1.541074E2	8.727258E1	3.789101E1
2.516400E1	5.032800E4	-2.362343E0	2.680405E1	2.690795E1	1.304150E5	1.724766E2	8.701345E1	3.801123E1
2.516800E1	5.033600E4	-2.749511E0	2.685182E1	2.699223E1	1.304158E5	1.934542E2	8.662629E1	3.796346E1
2.517200E1	5.034400E4	-3.104339E0	2.689451E1	2.707308E1	1.304166E5	1.622623E2	8.627146E1	3.792078E1
2.517600E1	5.035200E4	-3.355416E0	2.676913E1	2.697861E1	1.304171E5	1.652682E2	8.602038E1	3.804616E1
2.518000E1	5.036000E4	-3.722086E0	2.680143E1	2.705865E1	1.304179E5	1.705372E2	8.565371E1	3.801386E1
2.518400E1	5.036800E4	-4.014321E0	2.683207E1	2.713069E1	1.304185E5	1.570806E2	8.536147E1	3.798322E1
2.518800E1	5.037600E4	-4.305824E0	2.669386E1	2.703891E1	1.304192E5	1.796842E2	8.506997E1	3.812142E1
2.519200E1	5.038400E4	-4.693517E0	2.676483E1	2.717324E1	1.304199E5	1.808261E2	8.468228E1	3.805046E1
2.519600E1	5.039200E4	-5.019097E0	2.679418E1	2.726022E1	1.304206E5	1.598593E2	8.435670E1	3.802110E1
2.520000E1	5.040000E4	-5.287681E0	2.664321E1	2.716285E1	1.304212E5	1.677377E2	8.408811E1	3.817207E1
2.520400E1	5.040800E4	-5.650624E0	2.669493E1	2.728642E1	1.304220E5	1.611702E2	8.372517E1	3.812036E1
2.520800E1	5.041600E4	-5.930520E0	2.671869E1	2.736895E1	1.304225E5	1.603917E2	8.344528E1	3.809660E1
2.521200E1	5.042400E4	-6.254360E0	2.659305E1	2.731862E1	1.304232E5	1.867767E2	8.312144E1	3.822224E1
2.521600E1	5.043200E4	-6.640858E0	2.661764E1	2.743355E1	1.304240E5	1.622588E2	8.273494E1	3.819765E1
2.522000E1	5.044000E4	-6.911300E0	2.666101E1	2.754225E1	1.304245E5	1.361958E2	8.246450E1	3.815428E1
2.522400E1	5.044800E4	-7.157944E0	2.653156E1	2.748017E1	1.304251E5	1.626325E2	8.221785E1	3.828373E1
2.522800E1	5.045600E4	-7.535574E0	2.657018E1	2.761810E1	1.304258E5	1.614149E2	8.184022E1	3.824511E1
2.523200E1	5.046400E4	-7.825938E0	2.660797E1	2.773498E1	1.304264E5	1.255513E2	8.154986E1	3.820732E1
2.523600E1	5.047200E4	-8.056593E0	2.662042E1	2.781286E1	1.304268E5	1.200515E2	8.131920E1	3.819487E1
2.524000E1	5.048000E4	-8.270316E0	2.647141E1	2.773326E1	1.304274E5	1.421624E2	8.110548E1	3.834388E1
2.524400E1	5.048800E4	-8.600555E0	2.650821E1	2.786853E1	1.304280E5	1.333070E2	8.077524E1	3.830708E1
2.524800E1	5.049600E4	-8.836830E0	2.653891E1	2.797148E1	1.304284E5	1.099665E2	8.053897E1	3.827637E1
2.525200E1	5.050400E4	-9.070010E0	2.655890E1	2.806493E1	1.304289E5	1.183229E2	8.030579E1	3.825639E1
2.525600E1	5.051200E4	-9.283582E0	2.641642E1	2.800022E1	1.304294E5	1.387645E2	8.009221E1	3.839887E1
2.526000E1	5.052000E4	-9.614608E0	2.646558E1	2.815791E1	1.304300E5	1.279600E2	7.976119E1	3.834970E1
2.526400E1	5.052800E4	-9.836528E0	2.646829E1	2.823699E1	1.304304E5	1.072204E2	7.953927E1	3.834700E1
2.526800E1	5.053600E4	-1.007036E1	2.647811E1	2.832848E1	1.304308E5	1.136454E2	7.930543E1	3.833717E1
2.527200E1	5.054400E4	-1.026149E1	2.632484E1	2.825412E1	1.304313E5	1.271892E2	7.911431E1	3.849045E1
2.527600E1	5.055200E4	-1.056917E1	2.637045E1	2.840964E1	1.304318E5	1.211518E2	7.880663E1	3.844484E1
2.528000E1	5.056000E4	-1.080165E1	2.638281E1	2.850839E1	1.304323E5	1.045806E2	7.857414E1	3.843248E1
2.528400E1	5.056800E4	-1.102606E1	2.638794E1	2.859890E1	1.304327E5	1.068951E2	7.834973E1	3.842735E1
2.528800E1	5.057600E4	-1.120188E1	2.623663E1	2.852793E1	1.304331E5	1.269877E2	7.817392E1	3.857866E1
2.529200E1	5.058400E4	-1.152603E1	2.626542E1	2.868312E1	1.304337E5	1.172631E2	7.784977E1	3.854987E1
2.529600E1	5.059200E4	-1.174107E1	2.629865E1	2.880056E1	1.304341E5	9.341479E1	7.763472E1	3.851663E1
2.530000E1	5.060000E4	-1.195181E1	2.629810E1	2.888661E1	1.304344E5	1.295785E2	7.742398E1	3.851719E1
2.530400E1	5.060800E4	-1.225475E1	2.616695E1	2.889443E1	1.304351E5	1.707090E2	7.712105E1	3.864834E1
2.530800E1	5.061600E4	-1.254369E1	2.594065E1	2.881426E1	1.304358E5	1.463220E2	7.683210E1	3.887463E1
2.531200E1	5.062400E4	-1.274568E1	2.582790E1	2.880161E1	1.304363E5	1.075640E2	7.663011E1	3.898739E1
2.531600E1	5.063200E4	-1.292520E1	2.573607E1	2.879941E1	1.304367E5	1.015248E2	7.645060E1	3.907921E1
2.532000E1	5.064000E4	-1.311510E1	2.565361E1	2.881169E1	1.304371E5	1.023219E2	7.626070E1	3.916168E1
2.532400E1	5.064800E4	-1.323763E1	2.544515E1	2.868258E1	1.304375E5	1.178134E2	7.613817E1	3.937014E1
2.532800E1	5.065600E4	-1.353658E1	2.543680E1	2.881440E1	1.304380E5	1.141041E2	7.583922E1	3.937849E1
2.533200E1	5.066400E4	-1.373920E1	2.541205E1	2.888837E1	1.304384E5	9.047594E1	7.563660E1	3.940323E1
2.533600E1	5.067200E4	-1.392131E1	2.538134E1	2.894849E1	1.304387E5	8.073877E1	7.545448E1	3.943395E1
2.534000E1	5.068000E4	-1.407696E1	2.534949E1	2.899582E1	1.304390E5	8.568949E1	7.529884E1	3.946579E1
2.534400E1	5.068800E4	-1.421137E1	2.519060E1	2.892281E1	1.304394E5	1.089397E2	7.516443E1	3.962469E1
2.534800E1	5.069600E4	-1.450468E1	2.520852E1	2.908359E1	1.304399E5	1.028053E2	7.487112E1	3.960676E1
2.535200E1	5.070400E4	-1.469629E1	2.519801E1	2.917054E1	1.304403E5	7.882905E1	7.467950E1	3.961728E1
2.535600E1	5.071200E4	-1.485917E1	2.517938E1	2.923690E1	1.304405E5	6.879083E1	7.451663E1	3.963591E1
2.536000E1	5.072000E4	-1.501220E1	2.518075E1	2.931614E1	1.304408E5	1.025724E2	7.436360E1	3.963454E1
2.536400E1	5.072800E4	-1.526028E1	2.503296E1	2.931766E1	1.304414E5	1.531158E2	7.411551E1	3.978233E1
2.536800E1	5.073600E4	-1.553643E1	2.483708E1	2.929609E1	1.304420E5	1.370910E2	7.383936E1	3.997821E1
2.537200E1	5.074400E4	-1.572004E1	2.471022E1	2.928676E1	1.304425E5	1.029426E2	7.365575E1	4.010507E1
2.537600E1	5.075200E4	-1.588032E1	2.459341E1	2.927491E1	1.304429E5	8.862941E1	7.349548E1	4.022188E1
2.538000E1	5.076000E4	-1.601951E1	2.450598E1	2.927742E1	1.304432E5	8.917811E1	7.335628E1	4.030931E1
2.538400E1	5.076800E4	-1.614327E1	2.433042E1	2.919888E1	1.304436E5	1.169070E2	7.323252E1	4.048487E1
2.538800E1	5.077600E4	-1.645436E1	2.429584E1	2.934338E1	1.304441E5	1.101712E2	7.292144E1	4.051945E1
2.539200E1	5.078400E4	-1.664172E1	2.426308E1	2.942182E1	1.304444E5	8.389624E1	7.273407E1	4.055221E1
2.539600E1	5.079200E4	-1.681170E1	2.420779E1	2.947287E1	1.304448E5	8.882570E1	7.256410E1	4.060750E1
2.540000E1	5.080000E4	-1.702580E1	2.417472E1	2.956847E1	1.304452E5	1.170321E2	7.235000E1	4.064057E1
2.540400E1	5.080800E4	-1.713960E1	2.383888E1	2.936083E1	1.304457E5	1.430342E2	7.223620E1	4.097641E1
2.540800E1	5.081600E4	-1.741177E1	2.370275E1	2.941071E1	1.304463E5	1.274607E2	7.196402E1	4.111254E1
2.541200E1	5.082400E4	-1.760893E1	2.359415E1	2.944076E1	1.304467E5	9.661446E1	7.176686E1	4.122113E1
2.541600E1	5.083200E4	-1.774966E1	2.349183E1	2.944345E1	1.304471E5	7.638942E1	7.162614E1	4.132346E1
2.542000E1	5.084000E4	-1.787661E1	2.342731E1	2.946883E1	1.304473E5	6.148671E1	7.149919E1	4.138797E1
2.542400E1	5.084800E4	-1.795662E1	2.334629E1	2.945317E1	1.304476E5	5.911514E1	7.141918E1	4.146899E1
2.542800E1	5.085600E4	-1.807597E1	2.328747E1	2.947961E1	1.304478E5	8.292791E1	7.129982E1	4.152781E1
2.543200E1	5.086400E4	-1.822582E1	2.313693E1	2.945332E1	1.304482E5	1.343429E2	7.114997E1	4.167835E1
2.543600E1	5.087200E4	-1.846271E1	2.288622E1	2.940494E1	1.304489E5	1.428005E2	7.091309E1	4.192907E1
2.544000E1	5.088000E4	-1.864989E1	2.272801E1	2.940035E1	1.304494E5	9.950771E1	7.072591E1	4.208728E1
2.544400E1	5.088800E4	-1.876966E1	2.261637E1	2.939048E1	1.304497E5	7.940426E1	7.060614E1	4.219892E1
2.544800E1	5.089600E4	-1.888674E1	2.250319E1	2.937861E1	1.304500E5	6.472647E1	7.048905E1	4.231209E1
2.545200E1	5.090400E4	-1.896675E1	2.243808E1	2.938035E1	1.304502E5	5.638229E1	7.040905E1	4.237721E1
2.545600E1	5.091200E4	-1.905050E1	2.233879E1	2.935887E1	1.304505E5	6.453885E1	7.032529E1	4.247650E1
2.546000E1	5.092000E4	-1.913007E1	2.222200E1	2.932196E1	1.304507E5	9.023334E1	7.024572E1	4.259328E1
2.546400E1	5.092800E4	-1.939971E1	2.217621E1	2.946409E1	1.304512E5	1.029278E2	6.997609E1	4.263908E1
2.546800E1	5.093600E4	-1.962475E1	2.214485E1	2.958928E1	1.304515E5	1.133076E2	6.975105E1	4.267043E1
2.547200E1	5.094400E4	-1.975864E1	2.187818E1	2.947980E1	1.304521E5	1.085363E2	6.961716E1	4.293710E1
2.547600E1	5.095200E4	-1.985008E1	2.172672E1	2.942917E1	1.304524E5	8.422966E1	6.952571E1	4.308857E1
2.548000E1	5.096000E4	-1.995593E1	2.158088E1	2.939343E1	1.304528E5	7.328079E1	6.941987E1	4.323440E1
2.548400E1	5.096800E4	-2.004650E1	2.149584E1	2.939274E1	1.304530E5	5.608302E1	6.932929E1	4.331945E1
2.548800E1	5.097600E4	-2.010829E1	2.140690E1	2.937003E1	1.304532E5	6.530160E1	6.926751E1	4.340838E1
2.549200E1	5.098400E4	-2.019142E1	2.125927E1	2.931979E1	1.304535E5	9.168488E1	6.918438E1	4.355602E1
2.549600E1	5.099200E4	-2.043788E1	2.120709E1	2.945246E1	1.304539E5	9.768310E1	6.893792E1	4.360819E1
2.550000E1	5.100000E4	-2.063322E1	2.113941E1	2.953988E1	1.304543E5	1.092821E2	6.874258E1	4.367588E1
2.550400E1	5.100800E4	-2.076647E1	2.090022E1	2.946294E1	1.304548E5	1.097175E2	6.860933E1	4.391507E1
2.550800E1	5.101600E4	-2.086929E1	2.073605E1	2.941957E1	1.304552E5	8.621509E1	6.850651E1	4.407923E1
2.551200E1	5.102400E4	-2.095823E1	2.059142E1	2.938118E1	1.304555E5	7.752940E1	6.841757E1	4.422386E1
2.551600E1	5.103200E4	-2.106973E1	2.048676E1	2.938777E1	1.304558E5	6.678776E1	6.830607E1	4.432853E1
2.552000E1	5.104000E4	-2.111994E1	2.036674E1	2.934035E1	1.304560E5	9.129541E1	6.825585E1	4.444854E1
2.552400E1	5.104800E4	-2.140102E1	2.028463E1	2.948678E1	1.304565E5	1.037747E2	6.797477E1	4.453065E1
2.552800E1	5.105600E4	-2.157699E1	2.021238E1	2.956529E1	1.304569E5	7.993976E1	6.779881E1	4.460291E1
2.553200E1	5.106400E4	-2.173118E1	2.014190E1	2.963006E1	1.304572E5	1.021759E2	6.764461E1	4.467338E1
2.553600E1	5.107200E4	-2.183271E1	1.987480E1	2.952414E1	1.304577E5	1.090375E2	6.754308E1	4.494048E1
2.554000E1	5.108000E4	-2.192373E1	1.970844E1	2.948004E1	1.304580E5	7.998524E1	6.745206E1	4.510685E1
2.554400E1	5.108800E4	-2.199243E1	1.957555E1	2.944264E1	1.304583E5	6.663852E1	6.738337E1	4.523974E1
2.554800E1	5.109600E4	-2.204598E1	1.945050E1	2.939978E1	1.304586E5	6.057015E1	6.732982E1	4.536478E1
2.555200E1	5.110400E4	-2.212957E1	1.936469E1	2.940593E1	1.304588E5	8.509743E1	6.724623E1	4.545060E1
2.555600E1	5.111200E4	-2.238453E1	1.928109E1	2.954366E1	1.304593E5	1.032601E2	6.699126E1	4.553420E1
2.556000E1	5.112000E4	-2.256679E1	1.917990E1	2.961636E1	1.304596E5	7.689445E1	6.680900E1	4.563539E1
2.556400E1	5.112800E4	-2.268522E1	1.911969E1	2.966786E1	1.304599E5	9.628324E1	6.669058E1	4.569560E1
2.556800E1	5.113600E4	-2.279701E1	1.885363E1	2.958316E1	1.304604E5	1.117810E2	6.657878E1	4.596165E1
2.557200E1	5.114400E4	-2.287116E1	1.867375E1	2.952624E1	1.304608E5	8.404284E1	6.650464E1	4.614154E1
2.557600E1	5.115200E4	-2.294577E1	1.852757E1	2.949202E1	1.304611E5	6.954638E1	6.643003E1	4.628771E1
2.558000E1	5.116000E4	-2.301552E1	1.842206E1	2.948027E1	1.304613E5	6.160110E1	6.636028E1	4.639323E1
2.558400E1	5.116800E4	-2.308626E1	1.831524E1	2.946903E1	1.304616E5	5.267500E1	6.628953E1	4.650005E1
2.558800E1	5.117600E4	-2.312004E1	1.822836E1	2.944163E1	1.304617E5	7.171043E1	6.625575E1	4.658692E1
2.559200E1	5.118400E4	-2.337467E1	1.816569E1	2.960351E1	1.304621E5	1.324304E2	6.600113E1	4.664959E1
2.559600E1	5.119200E4	-2.355502E1	1.787509E1	2.956955E1	1.304628E5	1.391359E2	6.582077E1	4.694020E1
2.560000E1	5.120000E4	-2.370378E1	1.769374E1	2.957934E1	1.304633E5	9.840044E1	6.567202E1	4.712155E1
2.560400E1	5.120800E4	-2.379224E1	1.754525E1	2.956191E1	1.304636E5	8.044883E1	6.558356E1	4.727004E1
2.560800E1	5.121600E4	-2.388667E1	1.741590E1	2.956157E1	1.304639E5	6.816533E1	6.548912E1	4.739939E1
2.561200E1	5.122400E4	-2.395339E1	1.731457E1	2.955603E1	1.304641E5	5.898244E1	6.542241E1	4.750072E1
2.561600E1	5.123200E4	-2.402176E1	1.721320E1	2.955231E1	1.304644E5	5.618264E1	6.535403E1	4.760209E1
2.562000E1	5.124000E4	-2.408804E1	1.712582E1	2.955550E1	1.304646E5	7.640873E1	6.528776E1	4.768946E1
2.562400E1	5.124800E4	-2.411845E1	1.689599E1	2.944782E1	1.304650E5	1.263257E2	6.525734E1	4.791930E1
2.562800E1	5.125600E4	-2.437383E1	1.668974E1	2.954033E1	1.304656E5	1.278970E2	6.500197E1	4.812555E1
2.563200E1	5.126400E4	-2.454251E1	1.654771E1	2.960003E1	1.304660E5	9.661344E1	6.483328E1	4.826758E1
2.563600E1	5.127200E4	-2.467615E1	1.641224E1	2.963569E1	1.304664E5	7.813434E1	6.469965E1	4.840304E1
2.564000E1	5.128000E4	-2.477121E1	1.631166E1	2.965945E1	1.304666E5	6.967037E1	6.460458E1	4.850363E1
2.564400E1	5.128800E4	-2.485896E1	1.618726E1	2.966471E1	1.304669E5	5.494475E1	6.451684E1	4.862802E1
2.564800E1	5.129600E4	-2.489359E1	1.611983E1	2.965703E1	1.304671E5	8.457864E1	6.448221E1	4.869546E1
2.565200E1	5.130400E4	-2.496492E1	1.583962E1	2.956587E1	1.304676E5	1.157537E2	6.441087E1	4.897567E1
2.565600E1	5.131200E4	-2.503758E1	1.564462E1	2.952346E1	1.304680E5	8.934530E1	6.433821E1	4.917066E1
2.566000E1	5.132000E4	-2.508835E1	1.548239E1	2.948101E1	1.304683E5	6.613484E1	6.428745E1	4.933290E1
2.566400E1	5.132800E4	-2.511389E1	1.537170E1	2.944481E1	1.304685E5	4.769948E1	6.426190E1	4.944359E1
2.566800E1	5.133600E4	-2.515782E1	1.529484E1	2.944228E1	1.304687E5	7.184209E1	6.421798E1	4.952045E1
2.567200E1	5.134400E4	-2.541235E1	1.520609E1	2.961441E1	1.304691E5	8.839117E1	6.396344E1	4.960919E1
2.567600E1	5.135200E4	-2.554058E1	1.509901E1	2.966988E1	1.304694E5	1.147308E2	6.383521E1	4.971627E1
2.568000E1	5.136000E4	-2.568397E1	1.481512E1	2.965053E1	1.304700E5	1.288273E2	6.369183E1	5.000017E1
2.568400E1	5.136800E4	-2.578361E1	1.462333E1	2.964180E1	1.304704E5	9.969271E1	6.359219E1	5.019196E1
2.568800E1	5.137600E4	-2.587302E1	1.444799E1	2.963372E1	1.304708E5	7.956882E1	6.350277E1	5.036730E1
2.569200E1	5.138400E4	-2.593853E1	1.433269E1	2.963501E1	1.304711E5	6.350184E1	6.343726E1	5.048259E1
2.569600E1	5.139200E4	-2.599251E1	1.421386E1	2.962506E1	1.304713E5	5.538586E1	6.338329E1	5.060142E1
2.570000E1	5.140000E4	-2.600844E1	1.410989E1	2.958932E1	1.304715E5	9.079680E1	6.336736E1	5.070540E1
2.570400E1	5.140800E4	-2.604318E1	1.381560E1	2.948081E1	1.304721E5	1.140138E2	6.333262E1	5.099968E1
2.570800E1	5.141600E4	-2.608064E1	1.361623E1	2.942110E1	1.304724E5	8.187935E1	6.329516E1	5.119906E1
2.571200E1	5.142400E4	-2.610946E1	1.347056E1	2.937958E1	1.304727E5	5.996542E1	6.326633E1	5.134473E1
2.571600E1	5.143200E4	-2.615466E1	1.337741E1	2.937722E1	1.304729E5	8.024506E1	6.322114E1	5.143788E1
2.572000E1	5.144000E4	-2.640161E1	1.324887E1	2.953942E1	1.304734E5	9.803815E1	6.297419E1	5.156642E1
2.572400E1	5.144800E4	-2.653341E1	1.311606E1	2.959819E1	1.304737E5	1.204663E2	6.284239E1	5.169923E1
2.572800E1	5.145600E4	-2.666040E1	1.282202E1	2.958346E1	1.304743E5	1.366161E2	6.271540E1	5.199327E1
2.573200E1	5.146400E4	-2.678210E1	1.260915E1	2.960188E1	1.304748E5	1.016250E2	6.259370E1	5.220614E1
2.573600E1	5.147200E4	-2.685814E1	1.245101E1	2.960384E1	1.304751E5	8.237540E1	6.251766E1	5.236427E1
2.574000E1	5.148000E4	-2.693292E1	1.230373E1	2.961020E1	1.304754E5	7.151880E1	6.244288E1	5.251155E1
2.574400E1	5.148800E4	-2.698520E1	1.218403E1	2.960831E1	1.304757E5	5.729608E1	6.239059E1	5.263125E1
2.574800E1	5.149600E4	-2.698597E1	1.206797E1	2.956143E1	1.304759E5	9.465013E1	6.238983E1	5.274732E1
2.575200E1	5.150400E4	-2.703044E1	1.177693E1	2.948458E1	1.304765E5	1.246661E2	6.234536E1	5.303835E1
2.575600E1	5.151200E4	-2.708775E1	1.155200E1	2.944818E1	1.304769E5	9.285384E1	6.228804E1	5.326328E1
2.576000E1	5.152000E4	-2.710965E1	1.139558E1	2.940736E1	1.304772E5	4.944162E1	6.226614E1	5.341970E1
2.576400E1	5.152800E4	-2.711981E1	1.134505E1	2.939718E1	1.304773E5	7.087079E1	6.225599E1	5.347023E1
2.576800E1	5.153600E4	-2.738384E1	1.119329E1	2.958318E1	1.304778E5	9.996467E1	6.199196E1	5.362199E1
2.577200E1	5.154400E4	-2.749881E1	1.105520E1	2.963785E1	1.304781E5	1.159389E2	6.187698E1	5.376009E1
2.577600E1	5.155200E4	-2.762502E1	1.077335E1	2.965142E1	1.304787E5	1.384368E2	6.175078E1	5.404194E1
2.578000E1	5.156000E4	-2.775417E1	1.053941E1	2.968793E1	1.304792E5	1.092160E2	6.162162E1	5.427587E1
2.578400E1	5.156800E4	-2.781402E1	1.036125E1	2.968123E1	1.304796E5	8.490754E1	6.156177E1	5.445403E1
2.578800E1	5.157600E4	-2.790222E1	1.021882E1	2.971461E1	1.304799E5	7.479135E1	6.147358E1	5.459647E1
2.579200E1	5.158400E4	-2.789416E1	1.006066E1	2.965301E1	1.304802E5	1.084658E2	6.148164E1	5.475463E1
2.579600E1	5.159200E4	-2.792897E1	9.751516E0	2.958242E1	1.304808E5	1.238899E2	6.144683E1	5.506377E1
2.580000E1	5.160000E4	-2.798254E1	9.548857E0	2.956693E1	1.304812E5	9.575866E1	6.139325E1	5.526643E1
2.580400E1	5.160800E4	-2.802607E1	9.366946E0	2.954996E1	1.304815E5	8.466314E1	6.134973E1	5.544834E1
2.580800E1	5.161600E4	-2.806239E1	9.207213E0	2.953422E1	1.304818E5	6.665128E1	6.131341E1	5.560807E1
2.581200E1	5.162400E4	-2.802042E1	9.076052E0	2.945367E1	1.304821E5	1.019853E2	6.135538E1	5.573923E1
2.581600E1	5.163200E4	-2.806592E1	8.767725E0	2.940355E1	1.304827E5	1.324253E2	6.130988E1	5.604756E1
2.582000E1	5.164000E4	-2.808558E1	8.526722E0	2.935140E1	1.304831E5	9.596483E1	6.129022E1	5.628856E1
2.582400E1	5.164800E4	-2.809336E1	8.364830E0	2.931224E1	1.304834E5	5.468838E1	6.128244E1	5.645046E1
2.582800E1	5.165600E4	-2.812616E1	8.305017E0	2.932668E1	1.304835E5	6.953334E1	6.124963E1	5.651027E1
2.583200E1	5.166400E4	-2.829889E1	8.127778E0	2.944296E1	1.304840E5	1.418182E2	6.107690E1	5.668751E1
2.583600E1	5.167200E4	-2.847819E1	7.799369E0	2.952690E1	1.304847E5	1.569280E2	6.089760E1	5.701592E1
2.584000E1	5.168000E4	-2.863036E1	7.548040E0	2.960862E1	1.304852E5	1.156015E2	6.074544E1	5.726725E1
2.584400E1	5.168800E4	-2.872935E1	7.371802E0	2.966006E1	1.304856E5	9.257361E1	6.064644E1	5.744348E1
2.584800E1	5.169600E4	-2.882361E1	7.201861E0	2.970972E1	1.304860E5	8.539616E1	6.055218E1	5.761343E1
2.585200E1	5.170400E4	-2.879096E1	7.022817E0	2.963511E1	1.304863E5	1.123952E2	6.058483E1	5.779247E1
2.585600E1	5.171200E4	-2.885389E1	6.730183E0	2.962841E1	1.304869E5	1.290482E2	6.052190E1	5.808510E1
2.586000E1	5.172000E4	-2.888745E1	6.497227E0	2.960910E1	1.304873E5	1.027378E2	6.048835E1	5.831806E1
2.586400E1	5.172800E4	-2.894432E1	6.314913E0	2.962519E1	1.304877E5	8.384882E1	6.043148E1	5.850037E1
2.586800E1	5.173600E4	-2.887909E1	6.141057E0	2.952481E1	1.304880E5	1.232104E2	6.049671E1	5.867423E1
2.587200E1	5.174400E4	-2.893766E1	5.793836E0	2.951198E1	1.304887E5	1.460640E2	6.043814E1	5.902145E1
2.587600E1	5.175200E4	-2.895832E1	5.543194E0	2.948409E1	1.304892E5	1.093510E2	6.041748E1	5.927209E1
2.588000E1	5.176000E4	-2.900636E1	5.348329E0	2.949532E1	1.304896E5	9.224276E1	6.036943E1	5.946696E1
2.588400E1	5.176800E4	-2.894903E1	5.155834E0	2.940458E1	1.304899E5	1.290157E2	6.042676E1	5.965945E1
2.588800E1	5.177600E4	-2.896811E1	4.803431E0	2.936365E1	1.304906E5	1.470641E2	6.040769E1	6.001186E1
2.589200E1	5.178400E4	-2.900249E1	4.553081E0	2.935771E1	1.304911E5	1.111619E2	6.037330E1	6.026221E1
2.589600E1	5.179200E4	-2.902392E1	4.350967E0	2.934823E1	1.304915E5	9.291436E1	6.035188E1	6.046432E1
2.590000E1	5.180000E4	-2.893643E1	4.158817E0	2.923376E1	1.304918E5	1.299932E2	6.043936E1	6.065647E1
2.590400E1	5.180800E4	-2.897402E1	3.807176E0	2.922308E1	1.304925E5	1.546064E2	6.040177E1	6.100811E1
2.590800E1	5.181600E4	-2.902091E1	3.533419E0	2.923523E1	1.304931E5	1.190116E2	6.035488E1	6.128187E1
2.591200E1	5.182400E4	-2.903896E1	3.325857E0	2.922880E1	1.304935E5	9.004615E1	6.033683E1	6.148943E1
2.591600E1	5.183200E4	-2.893032E1	3.153806E0	2.910171E1	1.304938E5	1.305154E2	6.044548E1	6.166148E1
2.592000E1	5.184000E4	-2.896158E1	2.783348E0	2.909502E1	1.304945E5	1.526167E2	6.041421E1	6.203194E1
2.592400E1	5.184800E4	-2.899051E1	2.536613E0	2.910128E1	1.304950E5	1.095792E2	6.038528E1	6.227867E1
2.592800E1	5.185600E4	-2.903392E1	2.342598E0	2.912827E1	1.304954E5	9.668451E1	6.034188E1	6.247269E1
2.593200E1	5.186400E4	-2.891405E1	2.137044E0	2.899292E1	1.304958E5	1.360164E2	6.046174E1	6.267824E1
2.593600E1	5.187200E4	-2.897141E1	1.784543E0	2.902632E1	1.304965E5	1.520884E2	6.040439E1	6.303074E1
2.594000E1	5.188000E4	-2.898575E1	1.524330E0	2.902581E1	1.304970E5	1.139858E2	6.039004E1	6.329096E1
2.594400E1	5.188800E4	-2.902554E1	1.324586E0	2.905575E1	1.304974E5	9.411107E1	6.035025E1	6.349070E1
2.594800E1	5.189600E4	-2.892110E1	1.140086E0	2.894356E1	1.304977E5	1.382923E2	6.045470E1	6.367520E1
2.595200E1	5.190400E4	-2.896168E1	7.617028E-1	2.897169E1	1.304985E5	1.562105E2	6.041412E1	6.405358E1
2.595600E1	5.191200E4	-2.899149E1	5.099855E-1	2.899598E1	1.304990E5	1.156540E2	6.038431E1	6.430530E1
2.596000E1	5.192000E4	-2.900563E1	2.942999E-1	2.900713E1	1.304994E5	1.003787E2	6.037016E1	6.452099E1
2.596400E1	5.192800E4	-2.889328E1	1.032517E-1	2.889346E1	1.304998E5	1.368657E2	6.048252E1	6.471203E1
2.596800E1	5.193600E4	-2.894850E1	-2.595041E-1	2.894967E1	1.305005E5	1.507311E2	6.042729E1	6.507479E1
2.597200E1	5.194400E4	-2.897114E1	-5.062495E-1	2.897557E1	1.305010E5	1.097656E2	6.040465E1	6.532154E1
2.597600E1	5.195200E4	-2.897752E1	-7.040102E-1	2.898607E1	1.305014E5	1.059435E2	6.039827E1	6.551930E1
2.598000E1	5.196000E4	-2.886887E1	-9.317774E-1	2.888390E1	1.305018E5	1.384804E2	6.050692E1	6.574706E1
2.598400E1	5.196800E4	-2.889761E1	-1.261481E0	2.892513E1	1.305025E5	1.405925E2	6.047819E1	6.607677E1
2.598800E1	5.197600E4	-2.893318E1	-1.502849E0	2.897219E1	1.305030E5	1.218230E2	6.044261E1	6.631814E1
2.599200E1	5.198400E4	-2.893603E1	-1.756703E0	2.898931E1	1.305035E5	1.074093E2	6.043977E1	6.657199E1
2.599600E1	5.199200E4	-2.881700E1	-1.930523E0	2.888159E1	1.305038E5	1.312766E2	6.055880E1	6.674581E1
2.600000E1	5.200000E4	-2.885384E1	-2.283196E0	2.894404E1	1.305045E5	1.437664E2	6.052195E1	6.709848E1
2.600400E1	5.200800E4	-2.888082E1	-2.518005E0	2.899038E1	1.305050E5	1.132140E2	6.049498E1	6.733329E1
2.600800E1	5.201600E4	-2.890906E1	-2.748026E0	2.903938E1	1.305054E5	1.089422E2	6.046673E1	6.756331E1
2.601200E1	5.202400E4	-2.877690E1	-2.950623E0	2.892777E1	1.305059E5	1.383032E2	6.059890E1	6.776591E1
2.601600E1	5.203200E4	-2.881228E1	-3.301343E0	2.900080E1	1.305065E5	1.486582E2	6.056352E1	6.811663E1
2.602000E1	5.204000E4	-2.884342E1	-3.563807E0	2.906275E1	1.305070E5	1.207358E2	6.053237E1	6.837909E1
2.602400E1	5.204800E4	-2.885810E1	-3.800467E0	2.910727E1	1.305075E5	1.076867E2	6.051770E1	6.861575E1
2.602800E1	5.205600E4	-2.875942E1	-3.993304E0	2.903534E1	1.305079E5	1.334368E2	6.061638E1	6.880859E1
2.603200E1	5.206400E4	-2.878689E1	-4.338135E0	2.911193E1	1.305086E5	1.489204E2	6.058890E1	6.915342E1
2.603600E1	5.207200E4	-2.880259E1	-4.611599E0	2.916944E1	1.305091E5	1.283219E2	6.057320E1	6.942689E1
2.604000E1	5.208000E4	-2.867239E1	-4.847752E0	2.907932E1	1.305096E5	1.520457E2	6.070340E1	6.966304E1
2.604400E1	5.208800E4	-2.872741E1	-5.227295E0	2.919912E1	1.305103E5	1.537928E2	6.064838E1	7.004258E1
2.604800E1	5.209600E4	-2.874087E1	-5.496551E0	2.926174E1	1.305108E5	1.200712E2	6.063493E1	7.031184E1
2.605200E1	5.210400E4	-2.877568E1	-5.736051E0	2.934181E1	1.305113E5	1.141262E2	6.060012E1	7.055134E1
2.605600E1	5.211200E4	-2.863784E1	-5.951368E0	2.924969E1	1.305117E5	1.405821E2	6.073796E1	7.076665E1
2.606000E1	5.212000E4	-2.868314E1	-6.305371E0	2.936801E1	1.305124E5	1.435127E2	6.069266E1	7.112066E1
2.606400E1	5.212800E4	-2.870190E1	-6.567243E0	2.944364E1	1.305129E5	1.144730E2	6.067389E1	7.138253E1
2.606800E1	5.213600E4	-2.871256E1	-6.794679E0	2.950557E1	1.305133E5	1.099054E2	6.066324E1	7.160997E1
2.607200E1	5.214400E4	-2.859112E1	-7.005279E0	2.943681E1	1.305138E5	1.356964E2	6.078468E1	7.182057E1
2.607600E1	5.215200E4	-2.861015E1	-7.345520E0	2.953807E1	1.305144E5	1.324635E2	6.076564E1	7.216081E1
2.608000E1	5.216000E4	-2.863800E1	-7.580854E0	2.962439E1	1.305148E5	1.259551E2	6.073780E1	7.239614E1
2.608400E1	5.216800E4	-2.852032E1	-7.859576E0	2.958347E1	1.305154E5	1.584544E2	6.085547E1	7.267486E1
2.608800E1	5.217600E4	-2.852766E1	-8.231121E0	2.969139E1	1.305161E5	1.521843E2	6.084814E1	7.304641E1
2.609200E1	5.218400E4	-2.855047E1	-8.524568E0	2.979593E1	1.305166E5	1.178288E2	6.082533E1	7.333985E1
2.609600E1	5.219200E4	-2.855712E1	-8.751030E0	2.986787E1	1.305170E5	1.146868E2	6.081868E1	7.356632E1
2.610000E1	5.220000E4	-2.842446E1	-8.985116E0	2.981078E1	1.305175E5	1.397848E2	6.095133E1	7.380040E1
2.610400E1	5.220800E4	-2.845305E1	-9.330356E0	2.994380E1	1.305182E5	1.349000E2	6.092275E1	7.414564E1
2.610800E1	5.221600E4	-2.845646E1	-9.588385E0	3.002844E1	1.305186E5	1.075166E2	6.091934E1	7.440367E1
2.611200E1	5.222400E4	-2.845835E1	-9.807634E0	3.010096E1	1.305190E5	1.082508E2	6.091744E1	7.462292E1
2.611600E1	5.223200E4	-2.832449E1	-1.002312E1	3.004563E1	1.305195E5	1.323920E2	6.105131E1	7.483840E1
2.612000E1	5.224000E4	-2.833986E1	-1.035672E1	3.017299E1	1.305201E5	1.280305E2	6.103593E1	7.517201E1
2.612400E1	5.224800E4	-2.834761E1	-1.060520E1	3.026644E1	1.305205E5	1.028523E2	6.102819E1	7.542049E1
2.612800E1	5.225600E4	-2.834628E1	-1.082297E1	3.034218E1	1.305209E5	1.055059E2	6.102952E1	7.563826E1
2.613200E1	5.226400E4	-2.820706E1	-1.102897E1	3.028657E1	1.305214E5	1.282891E2	6.116874E1	7.584425E1
2.613600E1	5.227200E4	-2.821990E1	-1.135795E1	3.041983E1	1.305219E5	1.250573E2	6.115589E1	7.617324E1
2.614000E1	5.228000E4	-2.822586E1	-1.160849E1	3.051976E1	1.305224E5	1.509687E2	6.114994E1	7.642377E1
2.614400E1	5.228800E4	-2.806186E1	-1.198767E1	3.051512E1	1.305231E5	1.847972E2	6.131394E1	7.680296E1
2.614800E1	5.229600E4	-2.786169E1	-1.230842E1	3.045933E1	1.305238E5	1.578868E2	6.151411E1	7.712371E1
2.615200E1	5.230400E4	-2.772597E1	-1.257394E1	3.044394E1	1.305244E5	1.322162E2	6.164983E1	7.738923E1
2.615600E1	5.231200E4	-2.761551E1	-1.281405E1	3.044366E1	1.305249E5	1.271764E2	6.176029E1	7.762934E1
2.616000E1	5.232000E4	-2.740167E1	-1.301834E1	3.033692E1	1.305254E5	1.373424E2	6.197412E1	7.783363E1
2.616400E1	5.232800E4	-2.736518E1	-1.334146E1	3.044417E1	1.305260E5	1.294432E2	6.201062E1	7.815674E1
2.616800E1	5.233600E4	-2.731655E1	-1.358836E1	3.050962E1	1.305264E5	1.103695E2	6.205925E1	7.840364E1
2.617200E1	5.234400E4	-2.727615E1	-1.382228E1	3.057849E1	1.305269E5	1.327502E2	6.209965E1	7.863757E1
2.617600E1	5.235200E4	-2.709230E1	-1.410914E1	3.054604E1	1.305275E5	1.713119E2	6.228349E1	7.892443E1
2.618000E1	5.236000E4	-2.683429E1	-1.441512E1	3.046103E1	1.305282E5	1.622479E2	6.254151E1	7.923041E1
2.618400E1	5.236800E4	-2.667675E1	-1.467027E1	3.044447E1	1.305288E5	1.419906E2	6.269905E1	7.948556E1
2.618800E1	5.237600E4	-2.645100E1	-1.489233E1	3.035518E1	1.305294E5	1.612974E2	6.292479E1	7.970761E1
2.619200E1	5.238400E4	-2.635358E1	-1.527539E1	3.046061E1	1.305301E5	1.513998E2	6.302221E1	8.009068E1
2.619600E1	5.239200E4	-2.625617E1	-1.552253E1	3.050140E1	1.305306E5	1.210775E2	6.311963E1	8.033781E1
2.620000E1	5.240000E4	-2.617462E1	-1.576873E1	3.055754E1	1.305311E5	1.381144E2	6.320118E1	8.058402E1
2.620400E1	5.240800E4	-2.599732E1	-1.605396E1	3.055471E1	1.305317E5	1.746983E2	6.337847E1	8.086924E1
2.620800E1	5.241600E4	-2.573076E1	-1.636970E1	3.049654E1	1.305325E5	1.656605E2	6.364504E1	8.118498E1
2.621200E1	5.242400E4	-2.555448E1	-1.660896E1	3.047768E1	1.305330E5	1.430750E2	6.382132E1	8.142425E1
2.621600E1	5.243200E4	-2.533738E1	-1.683971E1	3.042300E1	1.305336E5	1.652216E2	6.403842E1	8.165500E1
2.622000E1	5.244000E4	-2.520719E1	-1.722314E1	3.052932E1	1.305343E5	1.640719E2	6.416861E1	8.203843E1
2.622400E1	5.244800E4	-2.510980E1	-1.753076E1	3.062401E1	1.305349E5	1.552901E2	6.426599E1	8.234605E1
2.622800E1	5.245600E4	-2.477900E1	-1.773065E1	3.046924E1	1.305356E5	1.567440E2	6.459680E1	8.254594E1
2.623200E1	5.246400E4	-2.452991E1	-1.793696E1	3.038834E1	1.305362E5	1.653597E2	6.484588E1	8.275224E1
2.623600E1	5.247200E4	-2.435812E1	-1.829428E1	3.046307E1	1.305369E5	1.590256E2	6.501768E1	8.310957E1
2.624000E1	5.248000E4	-2.420165E1	-1.853538E1	3.048409E1	1.305374E5	1.332677E2	6.517415E1	8.335067E1
2.624400E1	5.248800E4	-2.406758E1	-1.878654E1	3.053166E1	1.305380E5	1.512685E2	6.530822E1	8.360183E1
2.624800E1	5.249600E4	-2.372221E1	-1.897631E1	3.037834E1	1.305387E5	1.757400E2	6.565358E1	8.379160E1
2.625200E1	5.250400E4	-2.351324E1	-1.930068E1	3.042020E1	1.305394E5	1.554967E2	6.586255E1	8.411597E1
2.625600E1	5.251200E4	-2.335766E1	-1.953117E1	3.044744E1	1.305399E5	1.315611E2	6.601814E1	8.434645E1
2.626000E1	5.252000E4	-2.317713E1	-1.974839E1	3.044960E1	1.305404E5	1.391274E2	6.619866E1	8.456368E1
2.626400E1	5.252800E4	-2.296023E1	-1.996934E1	3.042938E1	1.305410E5	1.736317E2	6.641556E1	8.478463E1
2.626800E1	5.253600E4	-2.267007E1	-2.028516E1	3.042071E1	1.305418E5	1.769753E2	6.670573E1	8.510045E1
2.627200E1	5.254400E4	-2.244397E1	-2.051605E1	3.040790E1	1.305424E5	1.412083E2	6.693182E1	8.533134E1
2.627600E1	5.255200E4	-2.225242E1	-2.071577E1	3.040252E1	1.305430E5	1.456494E2	6.712337E1	8.553105E1
2.628000E1	5.256000E4	-2.198552E1	-2.093335E1	3.035734E1	1.305436E5	1.845376E2	6.739028E1	8.574864E1
2.628400E1	5.256800E4	-2.167915E1	-2.125065E1	3.035746E1	1.305444E5	1.844528E2	6.769665E1	8.606593E1
2.628800E1	5.257600E4	-2.142172E1	-2.147509E1	3.033265E1	1.305451E5	1.442778E2	6.795407E1	8.629037E1
2.629200E1	5.258400E4	-2.121944E1	-2.165523E1	3.031854E1	1.305456E5	1.386893E2	6.815636E1	8.647052E1
2.629600E1	5.259200E4	-2.098399E1	-2.186722E1	3.030682E1	1.305462E5	1.863995E2	6.839181E1	8.668251E1
2.630000E1	5.260000E4	-2.065083E1	-2.220237E1	3.032164E1	1.305471E5	1.917538E2	6.872497E1	8.701766E1
2.630400E1	5.260800E4	-2.040336E1	-2.243466E1	3.032509E1	1.305477E5	1.513868E2	6.897244E1	8.724994E1
2.630800E1	5.261600E4	-2.017073E1	-2.262691E1	3.031230E1	1.305483E5	1.356445E2	6.920507E1	8.744220E1
2.631200E1	5.262400E4	-1.996349E1	-2.280409E1	3.030788E1	1.305488E5	1.400837E2	6.941231E1	8.761938E1
2.631600E1	5.263200E4	-1.964509E1	-2.292461E1	3.019052E1	1.305494E5	1.633034E2	6.973071E1	8.773990E1
2.632000E1	5.264000E4	-1.940413E1	-2.321236E1	3.025449E1	1.305501E5	1.726792E2	6.997166E1	8.802764E1
2.632400E1	5.264800E4	-1.913684E1	-2.345300E1	3.026981E1	1.305508E5	1.415417E2	7.023896E1	8.826829E1
2.632800E1	5.265600E4	-1.894545E1	-2.359604E1	3.026059E1	1.305512E5	1.470822E2	7.043034E1	8.841133E1
2.633200E1	5.266400E4	-1.858582E1	-2.375746E1	3.016371E1	1.305520E5	1.456588E2	7.078998E1	8.857275E1
2.633600E1	5.267200E4	-1.838034E1	-2.387081E1	3.012727E1	1.305524E5	1.486905E2	7.099546E1	8.868610E1
2.634000E1	5.268000E4	-1.810634E1	-2.416183E1	3.019327E1	1.305532E5	1.972895E2	7.126946E1	8.897711E1
2.634400E1	5.268800E4	-1.770714E1	-2.435598E1	3.011240E1	1.305540E5	1.855613E2	7.166866E1	8.917127E1
2.634800E1	5.269600E4	-1.742313E1	-2.455066E1	3.010483E1	1.305546E5	1.515692E2	7.195267E1	8.936595E1
2.635200E1	5.270400E4	-1.717181E1	-2.470229E1	3.008445E1	1.305552E5	1.273803E2	7.220399E1	8.951757E1
2.635600E1	5.271200E4	-1.693092E1	-2.477933E1	3.001119E1	1.305557E5	1.312012E2	7.244487E1	8.959462E1
2.636000E1	5.272000E4	-1.663541E1	-2.489147E1	2.993864E1	1.305562E5	1.677253E2	7.274039E1	8.970675E1
2.636400E1	5.272800E4	-1.634795E1	-2.517197E1	3.001472E1	1.305570E5	1.659809E2	7.302784E1	8.998725E1
2.636800E1	5.273600E4	-1.608658E1	-2.532136E1	2.999916E1	1.305576E5	1.815456E2	7.328922E1	9.013665E1
2.637200E1	5.274400E4	-1.564989E1	-2.548897E1	2.990998E1	1.305585E5	1.871761E2	7.372590E1	9.030426E1
2.637600E1	5.275200E4	-1.535840E1	-2.563129E1	2.988048E1	1.305591E5	1.373121E2	7.401740E1	9.044657E1
2.638000E1	5.276000E4	-1.509523E1	-2.567693E1	2.978541E1	1.305595E5	1.613297E2	7.428057E1	9.049222E1
2.638400E1	5.276800E4	-1.467137E1	-2.578474E1	2.966651E1	1.305604E5	1.575400E2	7.470443E1	9.060003E1
2.638800E1	5.277600E4	-1.446727E1	-2.589615E1	2.966332E1	1.305608E5	1.487893E2	7.490852E1	9.071144E1
2.639200E1	5.278400E4	-1.418276E1	-2.617660E1	2.977188E1	1.305616E5	1.524532E2	7.519304E1	9.099189E1
2.639600E1	5.279200E4	-1.395479E1	-2.627729E1	2.975285E1	1.305620E5	1.581279E2	7.542101E1	9.109258E1
2.640000E1	5.280000E4	-1.358130E1	-2.644419E1	2.972788E1	1.305628E5	1.655901E2	7.579450E1	9.125948E1
2.640400E1	5.280800E4	-1.332279E1	-2.655149E1	2.970654E1	1.305634E5	1.321806E2	7.605300E1	9.136678E1
2.640800E1	5.281600E4	-1.303595E1	-2.657817E1	2.960296E1	1.305639E5	1.582091E2	7.633984E1	9.139346E1
2.641200E1	5.282400E4	-1.265505E1	-2.667485E1	2.952453E1	1.305646E5	1.667144E2	7.672075E1	9.149013E1
2.641600E1	5.283200E4	-1.235873E1	-2.675518E1	2.947164E1	1.305652E5	1.267523E2	7.701707E1	9.157046E1
2.642000E1	5.284000E4	-1.209793E1	-2.671122E1	2.932318E1	1.305656E5	1.531562E2	7.727786E1	9.152650E1
2.642400E1	5.284800E4	-1.167701E1	-2.676853E1	2.920456E1	1.305664E5	1.472684E2	7.769879E1	9.158381E1
2.642800E1	5.285600E4	-1.150356E1	-2.685486E1	2.921498E1	1.305668E5	1.308024E2	7.787224E1	9.167014E1
2.643200E1	5.286400E4	-1.124718E1	-2.712437E1	2.936376E1	1.305675E5	1.492912E2	7.812861E1	9.193966E1
2.643600E1	5.287200E4	-1.098365E1	-2.719362E1	2.932804E1	1.305680E5	1.613574E2	7.839215E1	9.200891E1
2.644000E1	5.288000E4	-1.062306E1	-2.734456E1	2.933554E1	1.305688E5	1.707901E2	7.875274E1	9.215984E1
2.644400E1	5.288800E4	-1.034021E1	-2.746933E1	2.935105E1	1.305694E5	1.360774E2	7.903558E1	9.228462E1
2.644800E1	5.289600E4	-1.007489E1	-2.746855E1	2.925790E1	1.305699E5	1.568021E2	7.930091E1	9.228384E1
2.645200E1	5.290400E4	-9.689675E0	-2.755629E1	2.921026E1	1.305706E5	1.773972E2	7.968612E1	9.237158E1
2.645600E1	5.291200E4	-9.360216E0	-2.761738E1	2.916048E1	1.305713E5	1.426506E2	8.001558E1	9.243267E1
2.646000E1	5.292000E4	-9.086382E0	-2.758429E1	2.904230E1	1.305718E5	1.503655E2	8.028941E1	9.239958E1
2.646400E1	5.292800E4	-8.724313E0	-2.763656E1	2.898091E1	1.305725E5	1.601567E2	8.065148E1	9.245185E1
2.646800E1	5.293600E4	-8.434232E0	-2.767201E1	2.892882E1	1.305730E5	1.367516E2	8.094156E1	9.248730E1
2.647200E1	5.294400E4	-8.176535E0	-2.773526E1	2.891540E1	1.305736E5	1.135726E2	8.119926E1	9.255055E1
2.647600E1	5.295200E4	-7.953317E0	-2.765948E1	2.878024E1	1.305740E5	1.279986E2	8.142248E1	9.247477E1
2.648000E1	5.296000E4	-7.626738E0	-2.768517E1	2.871647E1	1.305746E5	1.447230E2	8.174906E1	9.250045E1
2.648400E1	5.296800E4	-7.370011E0	-2.772875E1	2.869148E1	1.305751E5	1.239357E2	8.200578E1	9.254404E1
2.648800E1	5.297600E4	-7.132232E0	-2.775732E1	2.865899E1	1.305756E5	9.909778E1	8.224356E1	9.257261E1
2.649200E1	5.298400E4	-6.940851E0	-2.764963E1	2.850750E1	1.305759E5	1.288569E2	8.243495E1	9.246492E1
2.649600E1	5.299200E4	-6.588009E0	-2.769746E1	2.847018E1	1.305766E5	1.527278E2	8.278779E1	9.251274E1
2.650000E1	5.300000E4	-6.333083E0	-2.771864E1	2.843292E1	1.305771E5	1.134410E2	8.304271E1	9.253393E1
2.650400E1	5.300800E4	-6.108824E0	-2.761899E1	2.828650E1	1.305775E5	1.466115E2	8.326697E1	9.243427E1
2.650800E1	5.301600E4	-5.728689E0	-2.767012E1	2.825692E1	1.305783E5	1.657923E2	8.364711E1	9.248540E1
2.651200E1	5.302400E4	-5.456789E0	-2.769662E1	2.822905E1	1.305789E5	1.247559E2	8.391901E1	9.251191E1
2.651600E1	5.303200E4	-5.236778E0	-2.771767E1	2.820804E1	1.305793E5	1.079932E2	8.413902E1	9.253296E1
2.652000E1	5.304000E4	-5.008758E0	-2.761149E1	2.806211E1	1.305797E5	1.370932E2	8.436704E1	9.242678E1
2.652400E1	5.304800E4	-4.677870E0	-2.765078E1	2.804369E1	1.305804E5	1.489334E2	8.469793E1	9.246607E1
2.652800E1	5.305600E4	-4.424938E0	-2.765594E1	2.800770E1	1.305809E5	1.168269E2	8.495086E1	9.247123E1
2.653200E1	5.306400E4	-4.221012E0	-2.768921E1	2.800910E1	1.305813E5	9.480140E1	8.515478E1	9.250450E1
2.653600E1	5.307200E4	-4.034911E0	-2.755112E1	2.784501E1	1.305817E5	1.293478E2	8.534088E1	9.236641E1
2.654000E1	5.308000E4	-3.699161E0	-2.760338E1	2.785015E1	1.305824E5	1.473977E2	8.567663E1	9.241867E1
2.654400E1	5.308800E4	-3.465499E0	-2.761574E1	2.783233E1	1.305828E5	1.130273E2	8.591030E1	9.243102E1
2.654800E1	5.309600E4	-3.261847E0	-2.764776E1	2.783951E1	1.305833E5	9.738396E1	8.611395E1	9.246304E1
2.655200E1	5.310400E4	-3.073897E0	-2.751892E1	2.769007E1	1.305836E5	1.282186E2	8.630190E1	9.233421E1
2.655600E1	5.311200E4	-2.752597E0	-2.756369E1	2.770079E1	1.305843E5	1.426886E2	8.662320E1	9.237897E1
2.656000E1	5.312000E4	-2.525757E0	-2.758229E1	2.769770E1	1.305848E5	1.108161E2	8.685004E1	9.239758E1
2.656400E1	5.312800E4	-2.326899E0	-2.761607E1	2.771393E1	1.305852E5	9.615108E1	8.704890E1	9.243136E1
2.656800E1	5.313600E4	-2.156344E0	-2.762784E1	2.771186E1	1.305855E5	7.750778E1	8.721945E1	9.244313E1
2.657200E1	5.314400E4	-2.017334E0	-2.749558E1	2.756948E1	1.305858E5	1.152964E2	8.735846E1	9.231086E1
2.657600E1	5.315200E4	-1.703283E0	-2.752909E1	2.758173E1	1.305865E5	1.410235E2	8.767251E1	9.234437E1
2.658000E1	5.316000E4	-1.476814E0	-2.755310E1	2.759265E1	1.305869E5	9.782046E1	8.789898E1	9.236839E1
2.658400E1	5.316800E4	-1.328417E0	-2.757640E1	2.760838E1	1.305872E5	8.490043E1	8.804738E1	9.239169E1
2.658800E1	5.317600E4	-1.151697E0	-2.760709E1	2.763110E1	1.305876E5	7.218958E1	8.822410E1	9.242238E1
2.659200E1	5.318400E4	-1.046176E0	-2.747753E1	2.749744E1	1.305878E5	1.009339E2	8.832962E1	9.229281E1
2.659600E1	5.319200E4	-7.591846E-1	-2.749949E1	2.750997E1	1.305884E5	1.191728E2	8.861661E1	9.231477E1
2.660000E1	5.320000E4	-5.899537E-1	-2.754336E1	2.754968E1	1.305888E5	7.434586E1	8.878584E1	9.235865E1
2.660400E1	5.320800E4	-4.748475E-1	-2.757330E1	2.757739E1	1.305890E5	6.963512E1	8.890095E1	9.238859E1
2.660800E1	5.321600E4	-3.222910E-1	-2.756167E1	2.756355E1	1.305893E5	7.211834E1	8.905351E1	9.237695E1
2.661200E1	5.322400E4	-1.972340E-1	-2.758487E1	2.758557E1	1.305896E5	6.129825E1	8.917856E1	9.240015E1
2.661600E1	5.323200E4	-8.601314E-2	-2.744448E1	2.744461E1	1.305898E5	1.036342E2	8.928978E1	9.225977E1
2.662000E1	5.324000E4	2.011670E-1	-2.748091E1	2.748165E1	1.305904E5	1.316462E2	8.957696E1	9.229620E1
2.662400E1	5.324800E4	4.192604E-1	-2.749540E1	2.749859E1	1.305909E5	1.008248E2	8.979506E1	9.231068E1
2.662800E1	5.325600E4	5.889744E-1	-2.752065E1	2.752695E1	1.305912E5	7.716338E1	8.996477E1	9.233594E1
2.663200E1	5.326400E4	7.167169E-1	-2.753731E1	2.754664E1	1.305915E5	5.923949E1	9.009251E1	9.235260E1
2.663600E1	5.327200E4	8.176920E-1	-2.755211E1	2.756424E1	1.305917E5	5.575870E1	9.019349E1	9.236740E1
2.664000E1	5.328000E4	9.276033E-1	-2.742805E1	2.744373E1	1.305919E5	1.044542E2	9.030340E1	9.224334E1
2.664400E1	5.328800E4	1.215336E0	-2.744491E1	2.747180E1	1.305925E5	1.233322E2	9.059113E1	9.226019E1
2.664800E1	5.329600E4	1.402237E0	-2.745642E1	2.749220E1	1.305929E5	8.737026E1	9.077803E1	9.227170E1
2.665200E1	5.330400E4	1.552472E0	-2.747101E1	2.751484E1	1.305932E5	6.537471E1	9.092827E1	9.228629E1
2.665600E1	5.331200E4	1.654680E0	-2.747372E1	2.752350E1	1.305934E5	5.110882E1	9.103048E1	9.228901E1
2.666000E1	5.332000E4	1.749817E0	-2.748042E1	2.753607E1	1.305936E5	4.810519E1	9.112561E1	9.229570E1
2.666400E1	5.332800E4	1.841099E0	-2.749070E1	2.755229E1	1.305938E5	3.871147E1	9.121690E1	9.230599E1
2.666800E1	5.333600E4	1.891674E0	-2.737430E1	2.743959E1	1.305940E5	8.213339E1	9.126747E1	9.218959E1
2.667200E1	5.334400E4	2.150228E0	-2.739128E1	2.747554E1	1.305945E5	1.156074E2	9.152602E1	9.220656E1
2.667600E1	5.335200E4	2.340362E0	-2.742319E1	2.752287E1	1.305949E5	8.266956E1	9.171616E1	9.223847E1
2.668000E1	5.336000E4	2.471777E0	-2.742594E1	2.753710E1	1.305951E5	6.164485E1	9.184757E1	9.224123E1
2.668400E1	5.336800E4	2.580066E0	-2.744197E1	2.756299E1	1.305954E5	4.928910E1	9.195586E1	9.225726E1
2.668800E1	5.337600E4	2.665075E0	-2.745579E1	2.758483E1	1.305955E5	4.014294E1	9.204087E1	9.227108E1
2.669200E1	5.338400E4	2.736849E0	-2.745729E1	2.759335E1	1.305957E5	3.416383E1	9.211264E1	9.227258E1
2.669600E1	5.339200E4	2.797267E0	-2.745507E1	2.759721E1	1.305958E5	2.362109E1	9.217306E1	9.227036E1
2.670000E1	5.340000E4	2.829278E0	-2.746643E1	2.761177E1	1.305959E5	1.299260E1	9.220507E1	9.228172E1
2.670400E1	5.340800E4	2.847139E0	-2.745063E1	2.759789E1	1.305959E5	1.205260E1	9.222294E1	9.226592E1
2.670800E1	5.341600E4	2.874981E0	-2.745671E1	2.760682E1	1.305960E5	1.514348E1	9.225078E1	9.227200E1
2.671200E1	5.342400E4	2.895121E0	-2.734957E1	2.750237E1	1.305960E5	7.551430E1	9.227092E1	9.216485E1
2.671600E1	5.343200E4	3.158413E0	-2.737373E1	2.755534E1	1.305966E5	1.082675E2	9.253421E1	9.218902E1
2.672000E1	5.344000E4	3.318098E0	-2.738422E1	2.758451E1	1.305969E5	6.789303E1	9.269389E1	9.219950E1
2.672400E1	5.344800E4	3.424637E0	-2.739757E1	2.761078E1	1.305971E5	4.805018E1	9.280043E1	9.221286E1
2.672800E1	5.345600E4	3.507475E0	-2.740612E1	2.762965E1	1.305973E5	3.464141E1	9.288327E1	9.222140E1
2.673200E1	5.346400E4	3.561419E0	-2.741382E1	2.764419E1	1.305974E5	2.700580E1	9.293722E1	9.222911E1
2.673600E1	5.347200E4	3.613012E0	-2.740955E1	2.764665E1	1.305975E5	2.291374E1	9.298881E1	9.222484E1
2.674000E1	5.348000E4	3.651796E0	-2.742248E1	2.766456E1	1.305976E5	1.426590E1	9.302759E1	9.223776E1
2.674400E1	5.348800E4	3.670085E0	-2.742085E1	2.766537E1	1.305976E5	9.981888E0	9.304588E1	9.223614E1
2.674800E1	5.349600E4	3.691595E0	-2.742913E1	2.767643E1	1.305977E5	7.639175E0	9.306739E1	9.224441E1
2.675200E1	5.350400E4	3.700100E0	-2.742262E1	2.767112E1	1.305977E5	4.660312E0	9.307590E1	9.223791E1
2.675600E1	5.351200E4	3.709080E0	-2.742404E1	2.767372E1	1.305977E5	5.872545E0	9.308488E1	9.223932E1
2.676000E1	5.352000E4	3.721849E0	-2.741416E1	2.766566E1	1.305977E5	2.273423E0	9.309765E1	9.222945E1
2.676400E1	5.352800E4	3.717154E0	-2.741820E1	2.766902E1	1.305977E5	-2.832175E0	9.309295E1	9.223349E1
2.676800E1	5.353600E4	3.712777E0	-2.742870E1	2.767885E1	1.305977E5	-1.598494E0	9.308857E1	9.224399E1
2.677200E1	5.354400E4	3.709918E0	-2.741078E1	2.766070E1	1.305977E5	1.671058E-1	9.308571E1	9.222607E1
2.677600E1	5.355200E4	3.712012E0	-2.741824E1	2.766837E1	1.305977E5	-3.342592E0	9.308781E1	9.223352E1
2.678000E1	5.356000E4	3.697420E0	-2.741470E1	2.766291E1	1.305977E5	-4.914936E0	9.307322E1	9.222998E1
2.678400E1	5.356800E4	3.691050E0	-2.740485E1	2.765230E1	1.305977E5	-5.498869E-1	9.306685E1	9.222014E1
2.678800E1	5.357600E4	3.694888E0	-2.741182E1	2.765972E1	1.305977E5	-1.929546E0	9.307068E1	9.222710E1
2.679200E1	5.358400E4	3.684883E0	-2.741489E1	2.766143E1	1.305977E5	-5.890908E0	9.306068E1	9.223018E1
2.679600E1	5.359200E4	3.670337E0	-2.739990E1	2.764463E1	1.305976E5	-9.471716E0	9.304613E1	9.221518E1
2.680000E1	5.360000E4	3.648011E0	-2.741514E1	2.765679E1	1.305976E5	-9.497205E0	9.302381E1	9.223043E1
2.680400E1	5.360800E4	3.635656E0	-2.741723E1	2.765723E1	1.305976E5	-5.698405E0	9.301145E1	9.223251E1
2.680800E1	5.361600E4	3.624852E0	-2.740787E1	2.764653E1	1.305975E5	-6.236990E0	9.300065E1	9.222315E1
2.681200E1	5.362400E4	3.611247E0	-2.741635E1	2.765316E1	1.305975E5	-8.994822E0	9.298704E1	9.223164E1
2.681600E1	5.363200E4	3.590959E0	-2.741645E1	2.765062E1	1.305975E5	-2.440994E0	9.296676E1	9.223174E1
2.682000E1	5.364000E4	3.601925E0	-2.741774E1	2.765333E1	1.305975E5		9.297772E1	9.223303E1
