t,frame,x,y,r,theta,omega,alpha
0.00000E+00,0.00E+00,2.19E+01,1.12E+01,2.46E+01,2.71E+01,,
2.00000E-03,4.00E+00,2.52E+01,2.60E+00,2.53E+01,5.90E+00,-1.04E+04,
4.00000E-03,8.00E+00,2.51E+01,-6.53E+00,2.59E+01,-1.46E+01,-1.01E+04,1.62E+05
6.00000E-03,1.20E+01,2.18E+01,-1.50E+01,2.64E+01,-3.45E+01,-9.77E+03,3.99E+04
8.00000E-03,1.60E+01,1.57E+01,-2.14E+01,2.66E+01,-5.37E+01,-9.87E+03,-1.10E+05
1.00000E-02,2.00E+01,7.23E+00,-2.53E+01,2.63E+01,-7.40E+01,-1.03E+04,-1.07E+05
1.20000E-02,2.40E+01,-2.24E+00,-2.61E+01,2.62E+01,-9.49E+01,-1.03E+04,4.92E+04
1.40000E-02,2.80E+01,-1.13E+01,-2.38E+01,2.63E+01,-1.15E+02,-1.01E+04,1.12E+05
1.60000E-02,3.20E+01,-1.87E+01,-1.86E+01,2.63E+01,-1.35E+02,-9.86E+03,6.88E+04
1.80000E-02,3.60E+01,-2.39E+01,-1.13E+01,2.65E+01,-1.55E+02,-9.79E+03,-2.55E+04
2.00000E-02,4.00E+01,-2.62E+01,-2.60E+00,2.63E+01,-1.74E+02,-9.95E+03,-1.05E+05
2.20000E-02,4.40E+01,-2.50E+01,6.48E+00,2.58E+01,-1.95E+02,-1.02E+04,-1.61E+05
2.40000E-02,4.80E+01,-2.05E+01,1.45E+01,2.51E+01,-2.15E+02,-1.06E+04,-1.56E+05
2.60000E-02,5.20E+01,-1.34E+01,2.05E+01,2.45E+01,-2.37E+02,-1.09E+04,-1.42E+05
2.80000E-02,5.60E+01,-4.65E+00,2.36E+01,2.41E+01,-2.59E+02,-1.11E+04,-6.64E+04
3.00000E-02,6.00E+01,4.71E+00,2.34E+01,2.39E+01,-2.81E+02,-1.12E+04,1.61E+04
3.20000E-02,6.40E+01,1.33E+01,2.00E+01,2.40E+01,-3.04E+02,-1.10E+04,8.24E+04
3.40000E-02,6.80E+01,2.01E+01,1.38E+01,2.43E+01,-3.26E+02,-1.09E+04,1.18E+05
3.60000E-02,7.20E+01,2.44E+01,5.61E+00,2.51E+01,-3.47E+02,-1.06E+04,1.42E+05
3.80000E-02,7.60E+01,2.54E+01,-3.50E+00,2.57E+01,-3.68E+02,-1.03E+04,1.73E+05
4.00000E-02,8.00E+01,2.31E+01,-1.24E+01,2.62E+01,-3.88E+02,-9.91E+03,1.05E+05
4.20000E-02,8.40E+01,1.80E+01,-1.96E+01,2.66E+01,-4.07E+02,-9.79E+03,-4.92E+04
4.40000E-02,8.80E+01,1.02E+01,-2.44E+01,2.64E+01,-4.27E+02,-1.01E+04,-1.20E+05
4.60000E-02,9.20E+01,9.01E-01,-2.62E+01,2.62E+01,-4.48E+02,-1.03E+04,-7.29E+03
4.80000E-02,9.60E+01,-8.42E+00,-2.50E+01,2.64E+01,-4.69E+02,-1.01E+04,1.10E+05
5.00000E-02,1.00E+02,-1.65E+01,-2.07E+01,2.64E+01,-4.89E+02,-9.87E+03,8.32E+04
5.20000E-02,1.04E+02,-2.24E+01,-1.40E+01,2.64E+01,-5.08E+02,-9.78E+03,2.39E+03
5.40000E-02,1.08E+02,-2.58E+01,-5.61E+00,2.64E+01,-5.28E+02,-9.88E+03,-7.26E+04
5.60000E-02,1.12E+02,-2.58E+01,3.44E+00,2.60E+01,-5.48E+02,-1.01E+04,-1.48E+05
5.80000E-02,1.16E+02,-2.24E+01,1.19E+01,2.54E+01,-5.68E+02,-1.05E+04,-1.90E+05
6.00000E-02,1.20E+02,-1.60E+01,1.87E+01,2.47E+01,-5.89E+02,-1.09E+04,-1.56E+05
6.20000E-02,1.24E+02,-7.68E+00,2.29E+01,2.42E+01,-6.11E+02,-1.11E+04,-9.10E+04
6.40000E-02,1.28E+02,1.56E+00,2.39E+01,2.40E+01,-6.34E+02,-1.12E+04,-5.95E+03
6.60000E-02,1.32E+02,1.06E+01,2.14E+01,2.39E+01,-6.56E+02,-1.11E+04,6.47E+04
6.80000E-02,1.36E+02,1.81E+01,1.62E+01,2.43E+01,-6.78E+02,-1.09E+04,1.12E+05
7.00000E-02,1.40E+02,2.33E+01,8.50E+00,2.48E+01,-7.00E+02,-1.07E+04,1.49E+05
7.20000E-02,1.44E+02,2.54E+01,-4.98E-01,2.55E+01,-7.21E+02,-1.03E+04,1.79E+05
7.40000E-02,1.48E+02,2.43E+01,-9.47E+00,2.61E+01,-7.41E+02,-9.96E+03,1.49E+05
7.60000E-02,1.52E+02,2.01E+01,-1.74E+01,2.66E+01,-7.61E+02,-9.75E+03,-2.33E+04
7.80000E-02,1.56E+02,1.31E+01,-2.30E+01,2.65E+01,-7.80E+02,-9.99E+03,-1.22E+05
8.00000E-02,1.60E+02,4.13E+00,-2.59E+01,2.62E+01,-8.01E+02,-1.03E+04,-6.88E+04
8.20000E-02,1.64E+02,-5.31E+00,-2.58E+01,2.63E+01,-8.22E+02,-1.02E+04,9.86E+04
8.40000E-02,1.68E+02,-1.39E+01,-2.24E+01,2.64E+01,-8.42E+02,-9.94E+03,1.10E+05
8.60000E-02,1.72E+02,-2.06E+01,-1.64E+01,2.63E+01,-8.61E+02,-9.76E+03,3.87E+04
8.80000E-02,1.76E+02,-2.50E+01,-8.63E+00,2.64E+01,-8.81E+02,-9.81E+03,-6.31E+04
9.00000E-02,1.80E+02,-2.62E+01,2.93E-01,2.62E+01,-9.01E+02,-1.00E+04,-1.32E+05
9.20000E-02,1.84E+02,-2.39E+01,9.16E+00,2.56E+01,-9.21E+02,-1.03E+04,-1.76E+05
9.40000E-02,1.88E+02,-1.85E+01,1.67E+01,2.50E+01,-9.42E+02,-1.07E+04,-1.54E+05
9.60000E-02,1.92E+02,-1.07E+01,2.18E+01,2.43E+01,-9.64E+02,-1.10E+04,-1.07E+05
9.80000E-02,1.96E+02,-1.71E+00,2.40E+01,2.40E+01,-9.86E+02,-1.11E+04,-5.46E+04
1.00000E-01,2.00E+02,7.53E+00,2.27E+01,2.39E+01,-1.01E+03,-1.12E+04,1.70E+04
1.02000E-01,2.04E+02,1.57E+01,1.83E+01,2.41E+01,-1.03E+03,-1.11E+04,1.12E+05
1.04000E-01,2.08E+02,2.18E+01,1.13E+01,2.46E+01,-1.05E+03,-1.07E+04,1.61E+05
1.06000E-01,2.12E+02,2.50E+01,2.75E+00,2.51E+01,-1.07E+03,-1.04E+04,1.50E+05
1.08000E-01,2.16E+02,2.50E+01,-6.36E+00,2.58E+01,-1.09E+03,-1.01E+04,1.53E+05
1.10000E-01,2.20E+02,2.18E+01,-1.49E+01,2.64E+01,-1.11E+03,-9.82E+03,6.91E+04
1.12000E-01,2.24E+02,1.58E+01,-2.14E+01,2.66E+01,-1.13E+03,-9.80E+03,-8.99E+04
1.14000E-01,2.28E+02,7.47E+00,-2.52E+01,2.63E+01,-1.15E+03,-1.02E+04,-1.34E+05
1.16000E-01,2.32E+02,-2.02E+00,-2.61E+01,2.62E+01,-1.17E+03,-1.04E+04,1.35E+04
1.18000E-01,2.36E+02,-1.11E+01,-2.39E+01,2.63E+01,-1.20E+03,-1.01E+04,1.38E+05
1.20000E-01,2.40E+02,-1.86E+01,-1.86E+01,2.63E+01,-1.21E+03,-9.82E+03,9.66E+04
1.22000E-01,2.44E+02,-2.37E+01,-1.14E+01,2.63E+01,-1.23E+03,-9.73E+03,-1.86E+04
1.24000E-01,2.48E+02,-2.62E+01,-2.80E+00,2.63E+01,-1.25E+03,-9.91E+03,-1.20E+05
1.26000E-01,2.52E+02,-2.51E+01,6.23E+00,2.58E+01,-1.27E+03,-1.02E+04,-1.58E+05
1.28000E-01,2.56E+02,-2.07E+01,1.43E+01,2.52E+01,-1.29E+03,-1.06E+04,-1.62E+05
1.30000E-01,2.60E+02,-1.37E+01,2.04E+01,2.45E+01,-1.32E+03,-1.09E+04,-1.51E+05
1.32000E-01,2.64E+02,-4.93E+00,2.35E+01,2.41E+01,-1.34E+03,-1.12E+04,-9.22E+04
1.34000E-01,2.68E+02,4.46E+00,2.35E+01,2.39E+01,-1.36E+03,-1.13E+04,1.17E+04
1.36000E-01,2.72E+02,1.31E+01,2.01E+01,2.40E+01,-1.38E+03,-1.11E+04,1.05E+05
1.38000E-01,2.76E+02,2.00E+01,1.39E+01,2.44E+01,-1.41E+03,-1.08E+04,1.39E+05
1.40000E-01,2.80E+02,2.43E+01,5.81E+00,2.50E+01,-1.43E+03,-1.05E+04,1.44E+05
1.42000E-01,2.84E+02,2.54E+01,-3.24E+00,2.56E+01,-1.45E+03,-1.02E+04,1.57E+05
1.44000E-01,2.88E+02,2.32E+01,-1.21E+01,2.62E+01,-1.47E+03,-9.92E+03,9.49E+04
1.46000E-01,2.92E+02,1.81E+01,-1.94E+01,2.65E+01,-1.49E+03,-9.82E+03,-6.14E+04
1.48000E-01,2.96E+02,1.04E+01,-2.42E+01,2.63E+01,-1.51E+03,-1.02E+04,-1.22E+05
1.50000E-01,3.00E+02,1.05E+00,-2.61E+01,2.61E+01,-1.53E+03,-1.04E+04,-6.84E+03
1.52000E-01,3.04E+02,-8.26E+00,-2.50E+01,2.63E+01,-1.55E+03,-1.02E+04,1.20E+05
1.54000E-01,3.08E+02,-1.64E+01,-2.07E+01,2.64E+01,-1.57E+03,-9.89E+03,8.65E+04
1.56000E-01,3.12E+02,-2.24E+01,-1.40E+01,2.64E+01,-1.59E+03,-9.80E+03,6.17E+03
1.58000E-01,3.16E+02,-2.58E+01,-5.69E+00,2.64E+01,-1.61E+03,-9.89E+03,-7.15E+04
1.60000E-01,3.20E+02,-2.59E+01,3.38E+00,2.61E+01,-1.63E+03,-1.01E+04,-1.42E+05
1.62000E-01,3.24E+02,-2.25E+01,1.19E+01,2.55E+01,-1.65E+03,-1.05E+04,-1.75E+05
1.64000E-01,3.28E+02,-1.62E+01,1.88E+01,2.48E+01,-1.67E+03,-1.08E+04,-1.41E+05
1.66000E-01,3.32E+02,-7.89E+00,2.30E+01,2.43E+01,-1.69E+03,-1.10E+04,-8.27E+04
1.68000E-01,3.36E+02,1.36E+00,2.40E+01,2.40E+01,-1.71E+03,-1.11E+04,-3.19E+04
1.70000E-01,3.40E+02,1.04E+01,2.17E+01,2.40E+01,-1.74E+03,-1.11E+04,4.13E+04
1.72000E-01,3.44E+02,1.80E+01,1.63E+01,2.43E+01,-1.76E+03,-1.10E+04,1.14E+05
1.74000E-01,3.48E+02,2.32E+01,8.68E+00,2.48E+01,-1.78E+03,-1.07E+04,1.45E+05
1.76000E-01,3.52E+02,2.53E+01,-2.29E-01,2.53E+01,-1.80E+03,-1.04E+04,1.59E+05
1.78000E-01,3.56E+02,2.42E+01,-9.27E+00,2.59E+01,-1.82E+03,-1.01E+04,1.44E+05
1.80000E-01,3.60E+02,2.00E+01,-1.72E+01,2.64E+01,-1.84E+03,-9.78E+03,2.79E+03
1.82000E-01,3.64E+02,1.32E+01,-2.29E+01,2.64E+01,-1.86E+03,-1.00E+04,-1.25E+05
1.84000E-01,3.68E+02,4.21E+00,-2.58E+01,2.61E+01,-1.88E+03,-1.04E+04,-8.03E+04
1.86000E-01,3.72E+02,-5.28E+00,-2.57E+01,2.63E+01,-1.90E+03,-1.03E+04,9.24E+04
1.88000E-01,3.76E+02,-1.40E+01,-2.24E+01,2.64E+01,-1.92E+03,-9.99E+03,1.31E+05
1.90000E-01,3.80E+02,-2.06E+01,-1.64E+01,2.64E+01,-1.94E+03,-9.75E+03,6.04E+04
1.92000E-01,3.84E+02,-2.50E+01,-8.61E+00,2.64E+01,-1.96E+03,-9.75E+03,-5.50E+04
1.94000E-01,3.88E+02,-2.62E+01,2.56E-01,2.62E+01,-1.98E+03,-9.97E+03,-1.38E+05
1.96000E-01,3.92E+02,-2.40E+01,9.13E+00,2.57E+01,-2.00E+03,-1.03E+04,-1.79E+05
1.98000E-01,3.96E+02,-1.86E+01,1.67E+01,2.50E+01,-2.02E+03,-1.07E+04,-1.60E+05
2.00000E-01,4.00E+02,-1.08E+01,2.18E+01,2.44E+01,-2.04E+03,-1.10E+04,-1.19E+05
2.02000E-01,4.04E+02,-1.78E+00,2.39E+01,2.40E+01,-2.07E+03,-1.12E+04,-6.57E+04
2.04000E-01,4.08E+02,7.47E+00,2.27E+01,2.39E+01,-2.09E+03,-1.12E+04,1.88E+04
2.06000E-01,4.12E+02,1.57E+01,1.83E+01,2.41E+01,-2.11E+03,-1.11E+04,1.17E+05
2.08000E-01,4.16E+02,2.18E+01,1.13E+01,2.46E+01,-2.13E+03,-1.08E+04,1.67E+05
2.10000E-01,4.20E+02,2.50E+01,2.74E+00,2.51E+01,-2.15E+03,-1.04E+04,1.54E+05
2.12000E-01,4.24E+02,2.50E+01,-6.36E+00,2.58E+01,-2.17E+03,-1.01E+04,1.51E+05
2.14000E-01,4.28E+02,2.18E+01,-1.49E+01,2.64E+01,-2.19E+03,-9.83E+03,4.61E+04
2.16000E-01,4.32E+02,1.58E+01,-2.13E+01,2.65E+01,-2.21E+03,-9.88E+03,-1.04E+05
2.18000E-01,4.36E+02,7.31E+00,-2.52E+01,2.62E+01,-2.23E+03,-1.03E+04,-1.15E+05
2.20000E-01,4.40E+02,-2.20E+00,-2.61E+01,2.62E+01,-2.25E+03,-1.04E+04,4.40E+04
2.22000E-01,4.44E+02,-1.13E+01,-2.38E+01,2.63E+01,-2.28E+03,-1.01E+04,1.42E+05
2.24000E-01,4.48E+02,-1.87E+01,-1.86E+01,2.64E+01,-2.30E+03,-9.80E+03,8.77E+04
2.26000E-01,4.52E+02,-2.38E+01,-1.13E+01,2.63E+01,-2.31E+03,-9.72E+03,-2.96E+04
2.28000E-01,4.56E+02,-2.62E+01,-2.70E+00,2.63E+01,-2.33E+03,-9.94E+03,-1.23E+05
2.30000E-01,4.60E+02,-2.51E+01,6.39E+00,2.59E+01,-2.35E+03,-1.02E+04,-1.52E+05
2.32000E-01,4.64E+02,-2.06E+01,1.45E+01,2.52E+01,-2.38E+03,-1.05E+04,-1.49E+05
2.34000E-01,4.68E+02,-1.36E+01,2.05E+01,2.46E+01,-2.40E+03,-1.08E+04,-1.47E+05
2.36000E-01,4.72E+02,-4.86E+00,2.36E+01,2.41E+01,-2.42E+03,-1.11E+04,-9.80E+04
2.38000E-01,4.76E+02,4.52E+00,2.35E+01,2.39E+01,-2.44E+03,-1.13E+04,6.69E+02
2.40000E-01,4.80E+02,1.32E+01,2.00E+01,2.40E+01,-2.46E+03,-1.11E+04,8.83E+04
2.42000E-01,4.84E+02,2.00E+01,1.38E+01,2.43E+01,-2.49E+03,-1.09E+04,1.23E+05
2.44000E-01,4.88E+02,2.43E+01,5.67E+00,2.50E+01,-2.51E+03,-1.06E+04,1.37E+05
2.46000E-01,4.92E+02,2.54E+01,-3.49E+00,2.56E+01,-2.53E+03,-1.03E+04,1.75E+05
2.48000E-01,4.96E+02,2.31E+01,-1.23E+01,2.62E+01,-2.55E+03,-9.94E+03,1.22E+05
2.50000E-01,5.00E+02,1.79E+01,-1.96E+01,2.66E+01,-2.57E+03,-9.78E+03,-3.92E+04
2.52000E-01,5.04E+02,1.02E+01,-2.44E+01,2.64E+01,-2.59E+03,-1.01E+04,-1.24E+05
2.54000E-01,5.08E+02,8.99E-01,-2.62E+01,2.62E+01,-2.61E+03,-1.03E+04,-1.95E+04
2.56000E-01,5.12E+02,-8.46E+00,-2.50E+01,2.64E+01,-2.63E+03,-1.02E+04,1.14E+05
2.58000E-01,5.16E+02,-1.66E+01,-2.07E+01,2.65E+01,-2.65E+03,-9.87E+03,9.38E+04
2.60000E-01,5.20E+02,-2.24E+01,-1.39E+01,2.64E+01,-2.67E+03,-9.76E+03,7.82E+03
2.62000E-01,5.24E+02,-2.58E+01,-5.60E+00,2.64E+01,-2.69E+03,-9.86E+03,-7.29E+04
2.64000E-01,5.28E+02,-2.58E+01,3.44E+00,2.61E+01,-2.71E+03,-1.01E+04,-1.53E+05
2.66000E-01,5.32E+02,-2.24E+01,1.19E+01,2.54E+01,-2.73E+03,-1.05E+04,-1.98E+05
2.68000E-01,5.36E+02,-1.61E+01,1.88E+01,2.47E+01,-2.75E+03,-1.09E+04,-1.63E+05
2.70000E-01,5.40E+02,-7.67E+00,2.29E+01,2.42E+01,-2.77E+03,-1.11E+04,-8.79E+04
2.72000E-01,5.44E+02,1.61E+00,2.39E+01,2.40E+01,-2.79E+03,-1.12E+04,-4.49E+03
2.74000E-01,5.48E+02,1.06E+01,2.14E+01,2.39E+01,-2.82E+03,-1.11E+04,6.36E+04
2.76000E-01,5.52E+02,1.82E+01,1.61E+01,2.43E+01,-2.84E+03,-1.09E+04,1.04E+05
2.78000E-01,5.56E+02,2.33E+01,8.42E+00,2.48E+01,-2.86E+03,-1.07E+04,1.53E+05
2.80000E-01,5.60E+02,2.54E+01,-6.29E-01,2.54E+01,-2.88E+03,-1.03E+04,1.86E+05
2.82000E-01,5.64E+02,2.43E+01,-9.57E+00,2.61E+01,-2.90E+03,-9.95E+03,1.51E+05
2.84000E-01,5.68E+02,2.00E+01,-1.75E+01,2.65E+01,-2.92E+03,-9.76E+03,-2.74E+04
2.86000E-01,5.72E+02,1.30E+01,-2.31E+01,2.65E+01,-2.94E+03,-1.00E+04,-1.22E+05
2.88000E-01,5.76E+02,3.99E+00,-2.59E+01,2.62E+01,-2.96E+03,-1.04E+04,-6.51E+04
2.90000E-01,5.80E+02,-5.46E+00,-2.58E+01,2.63E+01,-2.98E+03,-1.02E+04,8.18E+04
2.92000E-01,5.84E+02,-1.41E+01,-2.23E+01,2.64E+01,-3.00E+03,-1.00E+04,1.10E+05
2.94000E-01,5.88E+02,-2.08E+01,-1.63E+01,2.64E+01,-3.02E+03,-9.80E+03,4.94E+04
2.96000E-01,5.92E+02,-2.50E+01,-8.42E+00,2.64E+01,-3.04E+03,-9.78E+03,-5.57E+04
2.98000E-01,5.96E+02,-2.62E+01,5.09E-01,2.62E+01,-3.06E+03,-1.00E+04,-1.46E+05
3.00000E-01,6.00E+02,-2.38E+01,9.39E+00,2.56E+01,-3.08E+03,-1.04E+04,-1.80E+05
3.02000E-01,6.04E+02,-1.83E+01,1.69E+01,2.49E+01,-3.10E+03,-1.08E+04,-1.59E+05
3.04000E-01,6.08E+02,-1.05E+01,2.20E+01,2.44E+01,-3.12E+03,-1.10E+04,-1.08E+05
3.06000E-01,6.12E+02,-1.36E+00,2.40E+01,2.40E+01,-3.15E+03,-1.12E+04,-3.30E+04
3.08000E-01,6.16E+02,7.87E+00,2.26E+01,2.39E+01,-3.17E+03,-1.12E+04,3.61E+04
3.10000E-01,6.20E+02,1.60E+01,1.81E+01,2.41E+01,-3.19E+03,-1.10E+04,9.78E+04
3.12000E-01,6.24E+02,2.19E+01,1.10E+01,2.46E+01,-3.21E+03,-1.08E+04,1.39E+05
3.14000E-01,6.28E+02,2.51E+01,2.38E+00,2.52E+01,-3.23E+03,-1.05E+04,1.62E+05
3.16000E-01,6.32E+02,2.50E+01,-6.76E+00,2.58E+01,-3.26E+03,-1.01E+04,1.75E+05
3.18000E-01,6.36E+02,2.16E+01,-1.52E+01,2.64E+01,-3.28E+03,-9.77E+03,5.13E+04
3.20000E-01,6.40E+02,1.56E+01,-2.16E+01,2.67E+01,-3.29E+03,-9.85E+03,-1.07E+05
3.22000E-01,6.44E+02,7.04E+00,-2.54E+01,2.63E+01,-3.31E+03,-1.03E+04,-1.14E+05
3.24000E-01,6.48E+02,-2.46E+00,-2.62E+01,2.63E+01,-3.34E+03,-1.03E+04,4.12E+04
3.26000E-01,6.52E+02,-1.15E+01,-2.38E+01,2.64E+01,-3.36E+03,-1.01E+04,1.14E+05
3.28000E-01,6.56E+02,-1.89E+01,-1.84E+01,2.64E+01,-3.38E+03,-9.86E+03,7.13E+04
3.30000E-01,6.60E+02,-2.40E+01,-1.10E+01,2.64E+01,-3.40E+03,-9.79E+03,-2.26E+04
3.32000E-01,6.64E+02,-2.61E+01,-2.35E+00,2.62E+01,-3.41E+03,-9.94E+03,-1.04E+05
3.34000E-01,6.68E+02,-2.49E+01,6.68E+00,2.58E+01,-3.44E+03,-1.02E+04,-1.69E+05
3.36000E-01,6.72E+02,-2.03E+01,1.46E+01,2.51E+01,-3.46E+03,-1.06E+04,-1.83E+05
3.38000E-01,6.76E+02,-1.31E+01,2.06E+01,2.44E+01,-3.48E+03,-1.10E+04,-1.51E+05
3.40000E-01,6.80E+02,-4.28E+00,2.36E+01,2.40E+01,-3.50E+03,-1.12E+04,-7.90E+04
3.42000E-01,6.84E+02,5.06E+00,2.33E+01,2.38E+01,-3.52E+03,-1.13E+04,4.56E+03
3.44000E-01,6.88E+02,1.37E+01,1.97E+01,2.40E+01,-3.54E+03,-1.12E+04,1.04E+05
3.46000E-01,6.92E+02,2.05E+01,1.33E+01,2.44E+01,-3.57E+03,-1.09E+04,1.74E+05
3.48000E-01,6.96E+02,2.45E+01,5.04E+00,2.51E+01,-3.59E+03,-1.05E+04,1.88E+05
3.50000E-01,7.00E+02,2.55E+01,-4.05E+00,2.58E+01,-3.61E+03,-1.01E+04,1.79E+05
3.52000E-01,7.04E+02,2.31E+01,-1.28E+01,2.64E+01,-3.63E+03,-9.77E+03,7.83E+04
3.54000E-01,7.08E+02,1.78E+01,-1.99E+01,2.67E+01,-3.65E+03,-9.77E+03,-8.39E+04
3.56000E-01,7.12E+02,9.91E+00,-2.45E+01,2.64E+01,-3.67E+03,-1.01E+04,-1.35E+05
3.58000E-01,7.16E+02,5.87E-01,-2.63E+01,2.63E+01,-3.69E+03,-1.03E+04,-7.05E+03
3.60000E-01,7.20E+02,-8.75E+00,-2.49E+01,2.64E+01,-3.71E+03,-1.02E+04,1.22E+05
3.62000E-01,7.24E+02,-1.67E+01,-2.04E+01,2.63E+01,-3.73E+03,-9.84E+03,7.20E+04
3.64000E-01,7.28E+02,-2.25E+01,-1.37E+01,2.64E+01,-3.75E+03,-9.83E+03,-2.96E+04
3.66000E-01,7.32E+02,-2.59E+01,-5.17E+00,2.64E+01,-3.77E+03,-1.00E+04,-8.60E+04
3.68000E-01,7.36E+02,-2.57E+01,3.98E+00,2.60E+01,-3.79E+03,-1.01E+04,-1.19E+05
3.70000E-01,7.40E+02,-2.21E+01,1.24E+01,2.53E+01,-3.81E+03,-1.05E+04,-1.69E+05
3.72000E-01,7.44E+02,-1.56E+01,1.91E+01,2.47E+01,-3.83E+03,-1.09E+04,-1.50E+05
3.74000E-01,7.48E+02,-7.18E+00,2.31E+01,2.42E+01,-3.85E+03,-1.11E+04,-8.11E+04
3.76000E-01,7.52E+02,2.11E+00,2.39E+01,2.40E+01,-3.88E+03,-1.12E+04,-3.27E+04
3.78000E-01,7.56E+02,1.10E+01,2.12E+01,2.39E+01,-3.90E+03,-1.12E+04,5.50E+04
3.80000E-01,7.60E+02,1.86E+01,1.57E+01,2.43E+01,-3.92E+03,-1.10E+04,1.34E+05
3.82000E-01,7.64E+02,2.35E+01,7.88E+00,2.48E+01,-3.94E+03,-1.06E+04,1.82E+05
3.84000E-01,7.68E+02,2.55E+01,-1.07E+00,2.55E+01,-3.96E+03,-1.03E+04,1.67E+05
3.86000E-01,7.72E+02,2.41E+01,-1.00E+01,2.61E+01,-3.98E+03,-9.94E+03,1.37E+05
3.88000E-01,7.76E+02,1.97E+01,-1.79E+01,2.66E+01,-4.00E+03,-9.73E+03,-1.77E+04
3.90000E-01,7.80E+02,1.27E+01,-2.33E+01,2.65E+01,-4.02E+03,-9.96E+03,-1.31E+05
3.92000E-01,7.84E+02,3.63E+00,-2.60E+01,2.62E+01,-4.04E+03,-1.03E+04,-8.03E+04
3.94000E-01,7.88E+02,-5.87E+00,-2.57E+01,2.64E+01,-4.06E+03,-1.03E+04,7.77E+04
3.96000E-01,7.92E+02,-1.45E+01,-2.21E+01,2.64E+01,-4.08E+03,-1.00E+04,1.13E+05
3.98000E-01,7.96E+02,-2.10E+01,-1.59E+01,2.63E+01,-4.10E+03,-9.82E+03,3.68E+04
4.00000E-01,8.00E+02,-2.51E+01,-7.95E+00,2.63E+01,-4.12E+03,-9.85E+03,-4.85E+04
4.02000E-01,8.04E+02,-2.61E+01,1.05E+00,2.61E+01,-4.14E+03,-1.00E+04,-1.45E+05
4.04000E-01,8.08E+02,-2.35E+01,9.77E+00,2.55E+01,-4.16E+03,-1.04E+04,-1.80E+05
4.06000E-01,8.12E+02,-1.79E+01,1.72E+01,2.48E+01,-4.18E+03,-1.08E+04,-1.59E+05
4.08000E-01,8.16E+02,-9.96E+00,2.21E+01,2.43E+01,-4.21E+03,-1.10E+04,-9.80E+04
4.10000E-01,8.20E+02,-8.35E-01,2.40E+01,2.40E+01,-4.23E+03,-1.12E+04,-2.78E+04
4.12000E-01,8.24E+02,8.40E+00,2.24E+01,2.39E+01,-4.25E+03,-1.12E+04,3.95E+04
4.14000E-01,8.28E+02,1.64E+01,1.78E+01,2.42E+01,-4.27E+03,-1.10E+04,1.07E+05
4.16000E-01,8.32E+02,2.23E+01,1.06E+01,2.47E+01,-4.29E+03,-1.08E+04,1.40E+05
4.18000E-01,8.36E+02,2.52E+01,1.91E+00,2.52E+01,-4.32E+03,-1.04E+04,1.70E+05
4.20000E-01,8.40E+02,2.49E+01,-7.20E+00,2.59E+01,-4.34E+03,-1.01E+04,1.55E+05
4.22000E-01,8.44E+02,2.14E+01,-1.55E+01,2.64E+01,-4.36E+03,-9.78E+03,2.39E+04
4.24000E-01,8.48E+02,1.51E+01,-2.18E+01,2.65E+01,-4.38E+03,-9.94E+03,-1.18E+05
4.26000E-01,8.52E+02,6.45E+00,-2.54E+01,2.62E+01,-4.40E+03,-1.03E+04,-9.38E+04
4.28000E-01,8.56E+02,-3.04E+00,-2.61E+01,2.63E+01,-4.42E+03,-1.03E+04,6.63E+04
4.30000E-01,8.60E+02,-1.20E+01,-2.35E+01,2.64E+01,-4.44E+03,-1.00E+04,1.30E+05
4.32000E-01,8.64E+02,-1.92E+01,-1.81E+01,2.64E+01,-4.46E+03,-9.79E+03,5.70E+04
4.34000E-01,8.68E+02,-2.42E+01,-1.07E+01,2.64E+01,-4.48E+03,-9.79E+03,-5.04E+04
4.36000E-01,8.72E+02,-2.62E+01,-1.84E+00,2.63E+01,-4.50E+03,-1.00E+04,-1.22E+05
4.38000E-01,8.76E+02,-2.47E+01,7.23E+00,2.58E+01,-4.52E+03,-1.03E+04,-1.48E+05
4.40000E-01,8.80E+02,-2.00E+01,1.52E+01,2.51E+01,-4.54E+03,-1.06E+04,-1.53E+05
4.42000E-01,8.84E+02,-1.27E+01,2.09E+01,2.45E+01,-4.56E+03,-1.09E+04,-1.32E+05
4.44000E-01,8.88E+02,-3.87E+00,2.38E+01,2.41E+01,-4.58E+03,-1.11E+04,-7.41E+04
4.46000E-01,8.92E+02,5.48E+00,2.33E+01,2.40E+01,-4.60E+03,-1.12E+04,2.66E+03
4.48000E-01,8.96E+02,1.40E+01,1.96E+01,2.41E+01,-4.63E+03,-1.11E+04,8.73E+04
4.50000E-01,9.00E+02,2.06E+01,1.31E+01,2.44E+01,-4.65E+03,-1.09E+04,1.57E+05
4.52000E-01,9.04E+02,2.45E+01,4.72E+00,2.50E+01,-4.67E+03,-1.05E+04,1.59E+05
4.54000E-01,9.08E+02,2.54E+01,-4.31E+00,2.58E+01,-4.69E+03,-1.02E+04,1.67E+05
4.56000E-01,9.12E+02,2.28E+01,-1.31E+01,2.63E+01,-4.71E+03,-9.87E+03,7.40E+04
4.58000E-01,9.16E+02,1.74E+01,-2.01E+01,2.66E+01,-4.73E+03,-9.81E+03,-7.67E+04
4.60000E-01,9.20E+02,9.39E+00,-2.46E+01,2.63E+01,-4.75E+03,-1.02E+04,-1.25E+05
4.62000E-01,9.24E+02,-2.65E-02,-2.62E+01,2.62E+01,-4.77E+03,-1.04E+04,5.79E+03
4.64000E-01,9.28E+02,-9.26E+00,-2.47E+01,2.64E+01,-4.79E+03,-1.02E+04,1.13E+05
4.66000E-01,9.32E+02,-1.72E+01,-2.00E+01,2.64E+01,-4.81E+03,-9.92E+03,8.87E+04
4.68000E-01,9.36E+02,-2.29E+01,-1.31E+01,2.64E+01,-4.83E+03,-9.78E+03,1.85E+03
4.70000E-01,9.40E+02,-2.59E+01,-4.66E+00,2.64E+01,-4.85E+03,-9.92E+03,-8.23E+04
4.72000E-01,9.44E+02,-2.56E+01,4.48E+00,2.60E+01,-4.87E+03,-1.01E+04,-1.45E+05
4.74000E-01,9.48E+02,-2.19E+01,1.28E+01,2.53E+01,-4.89E+03,-1.05E+04,-1.70E+05
4.76000E-01,9.52E+02,-1.53E+01,1.94E+01,2.47E+01,-4.91E+03,-1.09E+04,-1.66E+05
4.78000E-01,9.56E+02,-6.75E+00,2.32E+01,2.42E+01,-4.93E+03,-1.11E+04,-9.05E+04
4.80000E-01,9.60E+02,2.61E+00,2.38E+01,2.39E+01,-4.96E+03,-1.12E+04,-1.51E+04
4.82000E-01,9.64E+02,1.15E+01,2.10E+01,2.39E+01,-4.98E+03,-1.12E+04,6.45E+04
4.84000E-01,9.68E+02,1.89E+01,1.53E+01,2.43E+01,-5.00E+03,-1.10E+04,1.27E+05
4.86000E-01,9.72E+02,2.38E+01,7.44E+00,2.49E+01,-5.02E+03,-1.07E+04,1.77E+05
4.88000E-01,9.76E+02,2.55E+01,-1.57E+00,2.56E+01,-5.04E+03,-1.03E+04,1.84E+05
4.90000E-01,9.80E+02,2.40E+01,-1.05E+01,2.62E+01,-5.06E+03,-9.91E+03,1.22E+05
4.92000E-01,9.84E+02,1.94E+01,-1.82E+01,2.66E+01,-5.08E+03,-9.76E+03,-4.34E+04
4.94000E-01,9.88E+02,1.21E+01,-2.35E+01,2.64E+01,-5.10E+03,-1.01E+04,-1.29E+05
4.96000E-01,9.92E+02,3.00E+00,-2.60E+01,2.62E+01,-5.12E+03,-1.04E+04,-5.85E+04
4.98000E-01,9.96E+02,-6.44E+00,-2.55E+01,2.63E+01,-5.14E+03,-1.03E+04,1.10E+05
5.00000E-01,1.00E+03,-1.50E+01,-2.18E+01,2.64E+01,-5.16E+03,-9.93E+03,1.17E+05
5.02000E-01,1.00E+03,-2.13E+01,-1.55E+01,2.63E+01,-5.18E+03,-9.74E+03,2.07E+04
5.04000E-01,1.01E+03,-2.52E+01,-7.50E+00,2.63E+01,-5.20E+03,-9.88E+03,-8.07E+04
5.06000E-01,1.01E+03,-2.60E+01,1.55E+00,2.61E+01,-5.22E+03,-1.01E+04,-1.33E+05
5.08000E-01,1.02E+03,-2.33E+01,1.02E+01,2.55E+01,-5.24E+03,-1.04E+04,-1.77E+05
5.10000E-01,1.02E+03,-1.76E+01,1.75E+01,2.48E+01,-5.26E+03,-1.08E+04,-1.72E+05
5.12000E-01,1.02E+03,-9.49E+00,2.23E+01,2.42E+01,-5.29E+03,-1.11E+04,-1.02E+05
5.14000E-01,1.03E+03,-2.90E-01,2.39E+01,2.39E+01,-5.31E+03,-1.12E+04,-3.13E+04
5.16000E-01,1.03E+03,8.87E+00,2.22E+01,2.39E+01,-5.33E+03,-1.12E+04,4.49E+04
5.18000E-01,1.04E+03,1.68E+01,1.73E+01,2.42E+01,-5.35E+03,-1.10E+04,1.28E+05
5.20000E-01,1.04E+03,2.25E+01,1.01E+01,2.47E+01,-5.38E+03,-1.07E+04,1.64E+05
5.22000E-01,1.04E+03,2.53E+01,1.37E+00,2.54E+01,-5.40E+03,-1.04E+04,1.65E+05
5.24000E-01,1.05E+03,2.48E+01,-7.76E+00,2.60E+01,-5.42E+03,-1.01E+04,1.60E+05
5.26000E-01,1.05E+03,2.11E+01,-1.60E+01,2.65E+01,-5.44E+03,-9.71E+03,2.66E+04
5.28000E-01,1.06E+03,1.48E+01,-2.21E+01,2.66E+01,-5.46E+03,-9.88E+03,-1.26E+05
5.30000E-01,1.06E+03,6.08E+00,-2.56E+01,2.63E+01,-5.48E+03,-1.03E+04,-9.53E+04
5.32000E-01,1.06E+03,-3.43E+00,-2.61E+01,2.63E+01,-5.50E+03,-1.03E+04,6.98E+04
5.34000E-01,1.07E+03,-1.23E+01,-2.33E+01,2.64E+01,-5.52E+03,-9.99E+03,1.22E+05
5.36000E-01,1.07E+03,-1.94E+01,-1.78E+01,2.64E+01,-5.54E+03,-9.78E+03,4.00E+04
5.38000E-01,1.08E+03,-2.42E+01,-1.03E+01,2.63E+01,-5.56E+03,-9.81E+03,-4.85E+04
5.40000E-01,1.08E+03,-2.61E+01,-1.52E+00,2.62E+01,-5.58E+03,-1.00E+04,-1.36E+05
5.42000E-01,1.08E+03,-2.45E+01,7.43E+00,2.56E+01,-5.60E+03,-1.03E+04,-1.66E+05
5.44000E-01,1.09E+03,-1.97E+01,1.53E+01,2.49E+01,-5.62E+03,-1.07E+04,-1.78E+05
5.46000E-01,1.09E+03,-1.23E+01,2.10E+01,2.43E+01,-5.64E+03,-1.10E+04,-1.14E+05
5.48000E-01,1.10E+03,-3.31E+00,2.37E+01,2.40E+01,-5.66E+03,-1.12E+04,-4.44E+04
5.50000E-01,1.10E+03,5.96E+00,2.32E+01,2.39E+01,-5.68E+03,-1.12E+04,4.38E+04
5.52000E-01,1.10E+03,1.44E+01,1.93E+01,2.41E+01,-5.71E+03,-1.10E+04,8.21E+04
5.54000E-01,1.11E+03,2.08E+01,1.27E+01,2.44E+01,-5.73E+03,-1.08E+04,1.44E+05
5.56000E-01,1.11E+03,2.48E+01,4.34E+00,2.52E+01,-5.75E+03,-1.05E+04,1.62E+05
5.58000E-01,1.12E+03,2.54E+01,-4.72E+00,2.58E+01,-5.77E+03,-1.01E+04,1.80E+05
5.60000E-01,1.12E+03,2.27E+01,-1.34E+01,2.64E+01,-5.79E+03,-9.81E+03,6.77E+04
5.62000E-01,1.12E+03,1.72E+01,-2.04E+01,2.67E+01,-5.81E+03,-9.78E+03,-8.43E+04
5.64000E-01,1.13E+03,9.17E+00,-2.48E+01,2.64E+01,-5.83E+03,-1.02E+04,-1.13E+05
5.66000E-01,1.13E+03,-2.46E-01,-2.63E+01,2.63E+01,-5.85E+03,-1.03E+04,1.18E+04
5.68000E-01,1.14E+03,-9.40E+00,-2.47E+01,2.64E+01,-5.87E+03,-1.01E+04,1.02E+05
5.70000E-01,1.14E+03,-1.73E+01,-2.00E+01,2.64E+01,-5.89E+03,-9.90E+03,6.80E+04
5.72000E-01,1.14E+03,-2.30E+01,-1.30E+01,2.64E+01,-5.91E+03,-9.79E+03,1.14E+03
5.74000E-01,1.15E+03,-2.59E+01,-4.54E+00,2.63E+01,-5.93E+03,-9.90E+03,-1.00E+05
5.76000E-01,1.15E+03,-2.55E+01,4.52E+00,2.59E+01,-5.95E+03,-1.02E+04,-1.59E+05
5.78000E-01,1.16E+03,-2.17E+01,1.29E+01,2.52E+01,-5.97E+03,-1.06E+04,-1.71E+05
5.80000E-01,1.16E+03,-1.51E+01,1.95E+01,2.46E+01,-5.99E+03,-1.09E+04,-1.39E+05
5.82000E-01,1.16E+03,-6.53E+00,2.32E+01,2.41E+01,-6.01E+03,-1.11E+04,-7.75E+04
5.84000E-01,1.17E+03,2.81E+00,2.38E+01,2.39E+01,-6.04E+03,-1.12E+04,-1.64E+03
5.86000E-01,1.17E+03,1.16E+01,2.09E+01,2.40E+01,-6.06E+03,-1.11E+04,6.51E+04
5.88000E-01,1.18E+03,1.90E+01,1.53E+01,2.43E+01,-6.08E+03,-1.09E+04,1.24E+05
5.90000E-01,1.18E+03,2.38E+01,7.36E+00,2.49E+01,-6.10E+03,-1.06E+04,1.70E+05
5.92000E-01,1.18E+03,2.55E+01,-1.63E+00,2.56E+01,-6.12E+03,-1.02E+04,1.87E+05
5.94000E-01,1.19E+03,2.40E+01,-1.06E+01,2.62E+01,-6.14E+03,-9.87E+03,1.19E+05
5.96000E-01,1.19E+03,1.94E+01,-1.82E+01,2.66E+01,-6.16E+03,-9.73E+03,-5.04E+04
5.98000E-01,1.20E+03,1.21E+01,-2.35E+01,2.65E+01,-6.18E+03,-1.01E+04,-1.30E+05
6.00000E-01,1.20E+03,3.01E+00,-2.60E+01,2.62E+01,-6.20E+03,-1.03E+04,-4.85E+04
6.02000E-01,1.20E+03,-6.39E+00,-2.56E+01,2.64E+01,-6.22E+03,-1.02E+04,1.09E+05
6.04000E-01,1.21E+03,-1.49E+01,-2.18E+01,2.64E+01,-6.24E+03,-9.91E+03,1.10E+05
6.06000E-01,1.21E+03,-2.12E+01,-1.56E+01,2.63E+01,-6.26E+03,-9.72E+03,1.97E+04
6.08000E-01,1.22E+03,-2.52E+01,-7.61E+00,2.63E+01,-6.28E+03,-9.87E+03,-8.25E+04
6.10000E-01,1.22E+03,-2.60E+01,1.43E+00,2.61E+01,-6.30E+03,-1.01E+04,-1.38E+05
6.12000E-01,1.22E+03,-2.33E+01,1.01E+01,2.54E+01,-6.32E+03,-1.04E+04,-1.69E+05
6.14000E-01,1.23E+03,-1.76E+01,1.74E+01,2.48E+01,-6.34E+03,-1.08E+04,-1.64E+05
6.16000E-01,1.23E+03,-9.63E+00,2.22E+01,2.42E+01,-6.37E+03,-1.10E+04,-1.12E+05
6.18000E-01,1.24E+03,-4.66E-01,2.39E+01,2.39E+01,-6.39E+03,-1.12E+04,-4.85E+04
6.20000E-01,1.24E+03,8.74E+00,2.22E+01,2.39E+01,-6.41E+03,-1.12E+04,4.68E+04
6.22000E-01,1.24E+03,1.67E+01,1.74E+01,2.42E+01,-6.43E+03,-1.10E+04,1.43E+05
6.24000E-01,1.25E+03,2.25E+01,1.02E+01,2.47E+01,-6.46E+03,-1.07E+04,1.71E+05
6.26000E-01,1.25E+03,2.53E+01,1.55E+00,2.54E+01,-6.48E+03,-1.03E+04,1.62E+05
6.28000E-01,1.26E+03,2.49E+01,-7.58E+00,2.60E+01,-6.50E+03,-1.00E+04,1.48E+05
6.30000E-01,1.26E+03,2.13E+01,-1.58E+01,2.65E+01,-6.52E+03,-9.72E+03,2.44E+04
6.32000E-01,1.26E+03,1.50E+01,-2.20E+01,2.66E+01,-6.54E+03,-9.89E+03,-1.24E+05
6.34000E-01,1.27E+03,6.26E+00,-2.56E+01,2.63E+01,-6.56E+03,-1.03E+04,-9.13E+04
6.36000E-01,1.27E+03,-3.24E+00,-2.61E+01,2.63E+01,-6.58E+03,-1.03E+04,6.62E+04
6.38000E-01,1.28E+03,-1.21E+01,-2.35E+01,2.64E+01,-6.60E+03,-1.00E+04,1.24E+05
6.40000E-01,1.28E+03,-1.93E+01,-1.80E+01,2.64E+01,-6.62E+03,-9.78E+03,4.85E+04
6.42000E-01,1.28E+03,-2.41E+01,-1.06E+01,2.63E+01,-6.64E+03,-9.77E+03,-5.62E+04
6.44000E-01,1.29E+03,-2.62E+01,-1.76E+00,2.62E+01,-6.66E+03,-1.00E+04,-1.25E+05
6.46000E-01,1.29E+03,-2.47E+01,7.30E+00,2.57E+01,-6.68E+03,-1.03E+04,-1.48E+05
6.48000E-01,1.30E+03,-1.99E+01,1.52E+01,2.50E+01,-6.70E+03,-1.06E+04,-1.58E+05
6.50000E-01,1.30E+03,-1.26E+01,2.09E+01,2.44E+01,-6.72E+03,-1.09E+04,-1.37E+05
6.52000E-01,1.30E+03,-3.75E+00,2.37E+01,2.40E+01,-6.74E+03,-1.11E+04,-6.70E+04
6.54000E-01,1.31E+03,5.57E+00,2.33E+01,2.39E+01,-6.76E+03,-1.12E+04,1.07E+04
6.56000E-01,1.31E+03,1.41E+01,1.95E+01,2.40E+01,-6.79E+03,-1.11E+04,7.86E+04
6.58000E-01,1.32E+03,2.07E+01,1.30E+01,2.44E+01,-6.81E+03,-1.09E+04,1.51E+05
6.60000E-01,1.32E+03,2.47E+01,4.62E+00,2.51E+01,-6.83E+03,-1.05E+04,1.70E+05
6.62000E-01,1.32E+03,2.54E+01,-4.44E+00,2.58E+01,-6.85E+03,-1.02E+04,1.85E+05
6.64000E-01,1.33E+03,2.28E+01,-1.32E+01,2.63E+01,-6.87E+03,-9.82E+03,8.68E+04
6.66000E-01,1.33E+03,1.74E+01,-2.02E+01,2.66E+01,-6.89E+03,-9.74E+03,-7.50E+04
6.68000E-01,1.34E+03,9.46E+00,-2.46E+01,2.64E+01,-6.91E+03,-1.02E+04,-1.34E+05
6.70000E-01,1.34E+03,6.67E-02,-2.62E+01,2.62E+01,-6.93E+03,-1.03E+04,-1.35E+04
6.72000E-01,1.34E+03,-9.18E+00,-2.47E+01,2.64E+01,-6.95E+03,-1.02E+04,1.08E+05
6.74000E-01,1.35E+03,-1.71E+01,-2.01E+01,2.64E+01,-6.97E+03,-9.92E+03,9.57E+04
6.76000E-01,1.35E+03,-2.29E+01,-1.32E+01,2.64E+01,-6.99E+03,-9.75E+03,1.21E+04
6.78000E-01,1.36E+03,-2.59E+01,-4.80E+00,2.63E+01,-7.01E+03,-9.87E+03,-8.17E+04
6.80000E-01,1.36E+03,-2.57E+01,4.30E+00,2.60E+01,-7.03E+03,-1.01E+04,-1.54E+05
6.82000E-01,1.36E+03,-2.19E+01,1.26E+01,2.53E+01,-7.05E+03,-1.05E+04,-1.81E+05
6.84000E-01,1.37E+03,-1.54E+01,1.93E+01,2.47E+01,-7.07E+03,-1.09E+04,-1.64E+05
6.86000E-01,1.37E+03,-6.90E+00,2.31E+01,2.41E+01,-7.09E+03,-1.11E+04,-7.51E+04
6.88000E-01,1.38E+03,2.42E+00,2.38E+01,2.39E+01,-7.12E+03,-1.12E+04,-1.88E+04
6.90000E-01,1.38E+03,1.13E+01,2.11E+01,2.39E+01,-7.14E+03,-1.12E+04,5.35E+04
6.92000E-01,1.38E+03,1.87E+01,1.55E+01,2.43E+01,-7.16E+03,-1.10E+04,1.24E+05
6.94000E-01,1.39E+03,2.37E+01,7.65E+00,2.49E+01,-7.18E+03,-1.06E+04,1.84E+05
6.96000E-01,1.39E+03,2.55E+01,-1.34E+00,2.56E+01,-7.20E+03,-1.03E+04,1.84E+05
6.98000E-01,1.40E+03,2.40E+01,-1.03E+01,2.61E+01,-7.22E+03,-9.90E+03,1.37E+05
7.00000E-01,1.40E+03,1.96E+01,-1.80E+01,2.66E+01,-7.24E+03,-9.70E+03,-3.32E+04
7.02000E-01,1.40E+03,1.25E+01,-2.34E+01,2.65E+01,-7.26E+03,-1.00E+04,-1.42E+05
7.04000E-01,1.41E+03,3.38E+00,-2.60E+01,2.62E+01,-7.28E+03,-1.04E+04,-7.25E+04
7.06000E-01,1.41E+03,-6.11E+00,-2.57E+01,2.64E+01,-7.30E+03,-1.03E+04,1.00E+05
7.08000E-01,1.42E+03,-1.46E+01,-2.20E+01,2.64E+01,-7.32E+03,-9.95E+03,1.22E+05
7.10000E-01,1.42E+03,-2.11E+01,-1.58E+01,2.64E+01,-7.34E+03,-9.75E+03,3.25E+04
7.12000E-01,1.42E+03,-2.52E+01,-7.86E+00,2.64E+01,-7.36E+03,-9.83E+03,-6.49E+04
7.14000E-01,1.43E+03,-2.61E+01,1.15E+00,2.62E+01,-7.38E+03,-1.00E+04,-1.43E+05
7.16000E-01,1.43E+03,-2.35E+01,9.87E+00,2.55E+01,-7.40E+03,-1.04E+04,-1.77E+05
7.18000E-01,1.44E+03,-1.79E+01,1.73E+01,2.49E+01,-7.42E+03,-1.08E+04,-1.56E+05
7.20000E-01,1.44E+03,-9.95E+00,2.22E+01,2.43E+01,-7.45E+03,-1.10E+04,-9.91E+04
7.22000E-01,1.44E+03,-8.44E-01,2.40E+01,2.40E+01,-7.47E+03,-1.12E+04,-2.85E+04
7.24000E-01,1.45E+03,8.37E+00,2.24E+01,2.39E+01,-7.49E+03,-1.11E+04,3.02E+04
7.26000E-01,1.45E+03,1.63E+01,1.78E+01,2.41E+01,-7.51E+03,-1.10E+04,9.99E+04
7.28000E-01,1.46E+03,2.23E+01,1.06E+01,2.47E+01,-7.53E+03,-1.08E+04,1.39E+05
7.30000E-01,1.46E+03,2.51E+01,1.93E+00,2.52E+01,-7.56E+03,-1.04E+04,1.70E+05
7.32000E-01,1.46E+03,2.48E+01,-7.17E+00,2.58E+01,-7.58E+03,-1.01E+04,1.53E+05
7.34000E-01,1.47E+03,2.13E+01,-1.55E+01,2.64E+01,-7.60E+03,-9.80E+03,3.34E+04
7.36000E-01,1.47E+03,1.51E+01,-2.18E+01,2.66E+01,-7.62E+03,-9.91E+03,-1.10E+05
7.38000E-01,1.48E+03,6.51E+00,-2.54E+01,2.62E+01,-7.64E+03,-1.03E+04,-9.43E+04
7.40000E-01,1.48E+03,-2.99E+00,-2.61E+01,2.63E+01,-7.66E+03,-1.03E+04,5.93E+04
7.42000E-01,1.48E+03,-1.19E+01,-2.36E+01,2.64E+01,-7.68E+03,-1.00E+04,1.32E+05
7.44000E-01,1.49E+03,-1.92E+01,-1.82E+01,2.64E+01,-7.70E+03,-9.78E+03,6.70E+04
7.46000E-01,1.49E+03,-2.41E+01,-1.07E+01,2.64E+01,-7.72E+03,-9.74E+03,-4.01E+04
7.48000E-01,1.50E+03,-2.63E+01,-2.01E+00,2.63E+01,-7.74E+03,-9.96E+03,-1.24E+05
7.50000E-01,1.50E+03,-2.48E+01,7.04E+00,2.58E+01,-7.76E+03,-1.02E+04,-1.64E+05
7.52000E-01,1.50E+03,-2.02E+01,1.50E+01,2.51E+01,-7.78E+03,-1.06E+04,-1.66E+05
7.54000E-01,1.51E+03,-1.29E+01,2.08E+01,2.45E+01,-7.80E+03,-1.09E+04,-1.28E+05
7.56000E-01,1.51E+03,-4.05E+00,2.37E+01,2.41E+01,-7.82E+03,-1.11E+04,-7.06E+04
7.58000E-01,1.52E+03,5.25E+00,2.34E+01,2.39E+01,-7.84E+03,-1.12E+04,-8.59E+03
7.60000E-01,1.52E+03,1.39E+01,1.97E+01,2.41E+01,-7.87E+03,-1.12E+04,8.30E+04
7.62000E-01,1.52E+03,2.05E+01,1.32E+01,2.44E+01,-7.89E+03,-1.09E+04,1.73E+05
7.64000E-01,1.53E+03,2.45E+01,4.91E+00,2.50E+01,-7.91E+03,-1.05E+04,1.74E+05
7.66000E-01,1.53E+03,2.53E+01,-4.08E+00,2.57E+01,-7.93E+03,-1.02E+04,1.63E+05
7.68000E-01,1.54E+03,2.29E+01,-1.28E+01,2.63E+01,-7.95E+03,-9.85E+03,7.73E+04
7.70000E-01,1.54E+03,1.76E+01,-1.99E+01,2.66E+01,-7.97E+03,-9.77E+03,-7.54E+04
7.72000E-01,1.54E+03,9.72E+00,-2.45E+01,2.64E+01,-7.99E+03,-1.02E+04,-1.34E+05
7.74000E-01,1.55E+03,3.31E-01,-2.62E+01,2.62E+01,-8.01E+03,-1.04E+04,-1.34E+04
7.76000E-01,1.55E+03,-8.96E+00,-2.48E+01,2.64E+01,-8.03E+03,-1.02E+04,1.29E+05
7.78000E-01,1.56E+03,-1.70E+01,-2.02E+01,2.64E+01,-8.05E+03,-9.87E+03,9.75E+04
7.80000E-01,1.56E+03,-2.26E+01,-1.34E+01,2.63E+01,-8.07E+03,-9.74E+03,3.07E+03
7.82000E-01,1.56E+03,-2.59E+01,-5.04E+00,2.64E+01,-8.09E+03,-9.91E+03,-8.96E+04
7.84000E-01,1.57E+03,-2.58E+01,4.07E+00,2.61E+01,-8.11E+03,-1.01E+04,-1.37E+05
7.86000E-01,1.57E+03,-2.21E+01,1.25E+01,2.54E+01,-8.13E+03,-1.04E+04,-1.78E+05
7.88000E-01,1.58E+03,-1.57E+01,1.92E+01,2.47E+01,-8.15E+03,-1.08E+04,-1.52E+05
7.90000E-01,1.58E+03,-7.20E+00,2.31E+01,2.42E+01,-8.17E+03,-1.11E+04,-8.84E+04
7.92000E-01,1.58E+03,2.06E+00,2.39E+01,2.40E+01,-8.19E+03,-1.12E+04,-2.11E+04
7.94000E-01,1.59E+03,1.10E+01,2.13E+01,2.39E+01,-8.22E+03,-1.12E+04,4.96E+04
7.96000E-01,1.59E+03,1.84E+01,1.57E+01,2.42E+01,-8.24E+03,-1.10E+04,1.24E+05
7.98000E-01,1.60E+03,2.35E+01,7.97E+00,2.48E+01,-8.26E+03,-1.07E+04,1.68E+05
8.00000E-01,1.60E+03,2.54E+01,-9.77E-01,2.54E+01,-8.28E+03,-1.03E+04,1.73E+05
8.02000E-01,1.60E+03,2.41E+01,-9.92E+00,2.61E+01,-8.30E+03,-9.95E+03,1.40E+05
8.04000E-01,1.61E+03,1.97E+01,-1.78E+01,2.65E+01,-8.32E+03,-9.73E+03,-2.87E+04
8.06000E-01,1.61E+03,1.27E+01,-2.32E+01,2.64E+01,-8.34E+03,-1.00E+04,-1.41E+05
8.08000E-01,1.62E+03,3.62E+00,-2.59E+01,2.61E+01,-8.36E+03,-1.04E+04,-7.40E+04
8.10000E-01,1.62E+03,-5.87E+00,-2.56E+01,2.63E+01,-8.38E+03,-1.03E+04,1.01E+05
8.12000E-01,1.62E+03,-1.44E+01,-2.21E+01,2.64E+01,-8.40E+03,-9.98E+03,1.19E+05
8.14000E-01,1.63E+03,-2.10E+01,-1.59E+01,2.63E+01,-8.42E+03,-9.79E+03,4.23E+04
8.16000E-01,1.63E+03,-2.51E+01,-8.02E+00,2.64E+01,-8.44E+03,-9.81E+03,-5.91E+04
8.18000E-01,1.64E+03,-2.62E+01,9.32E-01,2.62E+01,-8.46E+03,-1.00E+04,-1.39E+05
8.20000E-01,1.64E+03,-2.36E+01,9.75E+00,2.56E+01,-8.48E+03,-1.04E+04,-1.75E+05
8.22000E-01,1.64E+03,-1.81E+01,1.72E+01,2.50E+01,-8.50E+03,-1.07E+04,-1.50E+05
8.24000E-01,1.65E+03,-1.02E+01,2.22E+01,2.44E+01,-8.53E+03,-1.10E+04,-1.05E+05
8.26000E-01,1.65E+03,-1.06E+00,2.40E+01,2.40E+01,-8.55E+03,-1.11E+04,-2.86E+04
8.28000E-01,1.66E+03,8.17E+00,2.25E+01,2.40E+01,-8.57E+03,-1.11E+04,4.30E+04
8.30000E-01,1.66E+03,1.62E+01,1.80E+01,2.42E+01,-8.59E+03,-1.09E+04,9.48E+04
8.32000E-01,1.66E+03,2.20E+01,1.09E+01,2.46E+01,-8.61E+03,-1.07E+04,1.26E+05
8.34000E-01,1.67E+03,2.51E+01,2.22E+00,2.52E+01,-8.63E+03,-1.04E+04,1.54E+05
8.36000E-01,1.67E+03,2.49E+01,-6.89E+00,2.59E+01,-8.66E+03,-1.01E+04,1.70E+05
8.38000E-01,1.68E+03,2.15E+01,-1.53E+01,2.64E+01,-8.68E+03,-9.78E+03,3.84E+04
8.40000E-01,1.68E+03,1.54E+01,-2.16E+01,2.66E+01,-8.69E+03,-9.88E+03,-1.23E+05
8.42000E-01,1.68E+03,6.81E+00,-2.53E+01,2.62E+01,-8.71E+03,-1.04E+04,-1.16E+05
8.44000E-01,1.69E+03,-2.74E+00,-2.60E+01,2.62E+01,-8.74E+03,-1.04E+04,5.51E+04
8.46000E-01,1.69E+03,-1.17E+01,-2.36E+01,2.63E+01,-8.76E+03,-1.01E+04,1.43E+05
8.48000E-01,1.70E+03,-1.91E+01,-1.83E+01,2.64E+01,-8.78E+03,-9.81E+03,7.91E+04
8.50000E-01,1.70E+03,-2.41E+01,-1.09E+01,2.64E+01,-8.80E+03,-9.74E+03,-3.01E+04
8.52000E-01,1.70E+03,-2.63E+01,-2.16E+00,2.64E+01,-8.82E+03,-9.95E+03,-1.20E+05
8.54000E-01,1.71E+03,-2.49E+01,6.91E+00,2.59E+01,-8.84E+03,-1.02E+04,-1.62E+05
8.56000E-01,1.71E+03,-2.03E+01,1.49E+01,2.52E+01,-8.86E+03,-1.06E+04,-1.64E+05
8.58000E-01,1.72E+03,-1.31E+01,2.08E+01,2.46E+01,-8.88E+03,-1.09E+04,-1.23E+05
8.60000E-01,1.72E+03,-4.26E+00,2.38E+01,2.42E+01,-8.90E+03,-1.11E+04,-6.20E+04
8.62000E-01,1.72E+03,5.03E+00,2.35E+01,2.40E+01,-8.92E+03,-1.12E+04,-2.02E+04
8.64000E-01,1.73E+03,1.36E+01,1.98E+01,2.41E+01,-8.94E+03,-1.12E+04,7.00E+04
8.66000E-01,1.73E+03,2.05E+01,1.34E+01,2.45E+01,-8.97E+03,-1.09E+04,1.69E+05
8.68000E-01,1.74E+03,2.45E+01,5.19E+00,2.50E+01,-8.99E+03,-1.04E+04,1.78E+05
8.70000E-01,1.74E+03,2.54E+01,-3.80E+00,2.57E+01,-9.01E+03,-1.02E+04,1.54E+05
8.72000E-01,1.74E+03,2.30E+01,-1.26E+01,2.62E+01,-9.03E+03,-9.87E+03,7.90E+04
8.74000E-01,1.75E+03,1.78E+01,-1.97E+01,2.66E+01,-9.05E+03,-9.78E+03,-6.62E+04
8.76000E-01,1.75E+03,9.95E+00,-2.44E+01,2.64E+01,-9.07E+03,-1.02E+04,-1.35E+05
8.78000E-01,1.76E+03,6.07E-01,-2.62E+01,2.62E+01,-9.09E+03,-1.04E+04,-1.34E+04
8.80000E-01,1.76E+03,-8.71E+00,-2.48E+01,2.63E+01,-9.11E+03,-1.02E+04,1.35E+05
8.82000E-01,1.76E+03,-1.67E+01,-2.03E+01,2.63E+01,-9.13E+03,-9.84E+03,9.46E+04
8.84000E-01,1.77E+03,-2.25E+01,-1.37E+01,2.64E+01,-9.15E+03,-9.76E+03,-1.22E+04
8.86000E-01,1.77E+03,-2.59E+01,-5.29E+00,2.64E+01,-9.17E+03,-9.94E+03,-9.06E+04
8.88000E-01,1.78E+03,-2.58E+01,3.84E+00,2.61E+01,-9.19E+03,-1.01E+04,-1.31E+05
8.90000E-01,1.78E+03,-2.22E+01,1.23E+01,2.54E+01,-9.21E+03,-1.05E+04,-1.78E+05
8.92000E-01,1.78E+03,-1.58E+01,1.90E+01,2.48E+01,-9.23E+03,-1.08E+04,-1.53E+05
8.94000E-01,1.79E+03,-7.39E+00,2.31E+01,2.43E+01,-9.25E+03,-1.11E+04,-8.32E+04
8.96000E-01,1.79E+03,1.89E+00,2.39E+01,2.40E+01,-9.27E+03,-1.12E+04,2.36E+03
8.98000E-01,1.80E+03,1.09E+01,2.14E+01,2.40E+01,-9.30E+03,-1.11E+04,6.33E+04
9.00000E-01,1.80E+03,1.83E+01,1.60E+01,2.43E+01,-9.32E+03,-1.09E+04,1.12E+05
9.02000E-01,1.80E+03,2.34E+01,8.30E+00,2.48E+01,-9.34E+03,-1.07E+04,1.27E+05
9.04000E-01,1.81E+03,2.54E+01,-6.46E-01,2.54E+01,-9.36E+03,-1.04E+04,1.56E+05
9.06000E-01,1.81E+03,2.42E+01,-9.70E+00,2.60E+01,-9.38E+03,-1.00E+04,1.49E+05
9.08000E-01,1.82E+03,1.98E+01,-1.76E+01,2.65E+01,-9.40E+03,-9.75E+03,-3.42E+03
9.10000E-01,1.82E+03,1.29E+01,-2.31E+01,2.65E+01,-9.42E+03,-9.99E+03,-1.29E+05
9.12000E-01,1.82E+03,3.84E+00,-2.59E+01,2.62E+01,-9.44E+03,-1.04E+04,-7.77E+04
9.14000E-01,1.83E+03,-5.64E+00,-2.57E+01,2.63E+01,-9.46E+03,-1.03E+04,9.25E+04
9.16000E-01,1.83E+03,-1.43E+01,-2.23E+01,2.64E+01,-9.48E+03,-9.99E+03,1.24E+05
9.18000E-01,1.84E+03,-2.09E+01,-1.61E+01,2.64E+01,-9.50E+03,-9.76E+03,5.25E+04
9.20000E-01,1.84E+03,-2.51E+01,-8.31E+00,2.65E+01,-9.52E+03,-9.77E+03,-5.34E+04
9.22000E-01,1.84E+03,-2.62E+01,6.49E-01,2.62E+01,-9.54E+03,-9.99E+03,-1.39E+05
9.24000E-01,1.85E+03,-2.38E+01,9.47E+00,2.56E+01,-9.56E+03,-1.03E+04,-1.81E+05
9.26000E-01,1.85E+03,-1.83E+01,1.69E+01,2.50E+01,-9.58E+03,-1.07E+04,-1.69E+05
9.28000E-01,1.86E+03,-1.05E+01,2.20E+01,2.44E+01,-9.60E+03,-1.10E+04,-1.08E+05
9.30000E-01,1.86E+03,-1.34E+00,2.40E+01,2.41E+01,-9.63E+03,-1.11E+04,-3.04E+04
9.32000E-01,1.86E+03,7.87E+00,2.26E+01,2.40E+01,-9.65E+03,-1.11E+04,3.83E+04
9.34000E-01,1.87E+03,1.60E+01,1.81E+01,2.41E+01,-9.67E+03,-1.10E+04,9.39E+04
9.36000E-01,1.87E+03,2.19E+01,1.11E+01,2.46E+01,-9.69E+03,-1.08E+04,1.39E+05
9.38000E-01,1.88E+03,2.51E+01,2.45E+00,2.52E+01,-9.71E+03,-1.04E+04,1.64E+05
9.40000E-01,1.88E+03,2.50E+01,-6.66E+00,2.59E+01,-9.73E+03,-1.01E+04,1.70E+05
9.42000E-01,1.88E+03,2.17E+01,-1.51E+01,2.64E+01,-9.75E+03,-9.77E+03,4.57E+04
9.44000E-01,1.89E+03,1.56E+01,-2.15E+01,2.66E+01,-9.77E+03,-9.85E+03,-1.13E+05
9.46000E-01,1.89E+03,7.16E+00,-2.53E+01,2.63E+01,-9.79E+03,-1.03E+04,-1.13E+05
9.48000E-01,1.90E+03,-2.35E+00,-2.61E+01,2.62E+01,-9.82E+03,-1.03E+04,3.99E+04
9.50000E-01,1.90E+03,-1.14E+01,-2.38E+01,2.64E+01,-9.84E+03,-1.01E+04,1.26E+05
9.52000E-01,1.90E+03,-1.88E+01,-1.85E+01,2.64E+01,-9.86E+03,-9.84E+03,7.99E+04
9.54000E-01,1.91E+03,-2.39E+01,-1.12E+01,2.64E+01,-9.87E+03,-9.74E+03,-2.05E+04
9.56000E-01,1.91E+03,-2.62E+01,-2.56E+00,2.63E+01,-9.89E+03,-9.92E+03,-1.09E+05
9.58000E-01,1.92E+03,-2.50E+01,6.50E+00,2.58E+01,-9.91E+03,-1.02E+04,-1.71E+05
9.60000E-01,1.92E+03,-2.05E+01,1.45E+01,2.51E+01,-9.94E+03,-1.06E+04,-1.71E+05
9.62000E-01,1.92E+03,-1.34E+01,2.05E+01,2.45E+01,-9.96E+03,-1.09E+04,-1.44E+05
9.64000E-01,1.93E+03,-4.61E+00,2.36E+01,2.40E+01,-9.98E+03,-1.11E+04,-6.31E+04
9.66000E-01,1.93E+03,4.72E+00,2.34E+01,2.39E+01,-1.00E+04,-1.12E+04,1.50E+04
9.68000E-01,1.94E+03,1.33E+01,2.00E+01,2.40E+01,-1.00E+04,-1.11E+04,8.29E+04
9.70000E-01,1.94E+03,2.01E+01,1.37E+01,2.43E+01,-1.00E+04,-1.09E+04,1.27E+05
9.72000E-01,1.94E+03,2.44E+01,5.57E+00,2.50E+01,-1.01E+04,-1.06E+04,1.45E+05
9.74000E-01,1.95E+03,2.54E+01,-3.53E+00,2.56E+01,-1.01E+04,-1.03E+04,1.69E+05
9.76000E-01,1.95E+03,2.31E+01,-1.24E+01,2.62E+01,-1.01E+04,-9.91E+03,1.13E+05
9.78000E-01,1.96E+03,1.80E+01,-1.97E+01,2.66E+01,-1.01E+04,-9.75E+03,-4.64E+04
9.80000E-01,1.96E+03,1.03E+01,-2.44E+01,2.65E+01,-1.01E+04,-1.01E+04,-1.23E+05
9.82000E-01,1.96E+03,9.31E-01,-2.62E+01,2.63E+01,-1.02E+04,-1.03E+04,-2.02E+04
9.84000E-01,1.97E+03,-8.39E+00,-2.51E+01,2.64E+01,-1.02E+04,-1.01E+04,1.14E+05
9.86000E-01,1.97E+03,-1.65E+01,-2.07E+01,2.65E+01,-1.02E+04,-9.87E+03,8.70E+04
9.88000E-01,1.98E+03,-2.24E+01,-1.40E+01,2.64E+01,-1.02E+04,-9.77E+03,1.35E+04
9.90000E-01,1.98E+03,-2.57E+01,-5.67E+00,2.64E+01,-1.02E+04,-9.84E+03,-6.85E+04
9.92000E-01,1.98E+03,-2.59E+01,3.33E+00,2.61E+01,-1.03E+04,-1.00E+04,-1.50E+05
9.94000E-01,1.99E+03,-2.25E+01,1.18E+01,2.54E+01,-1.03E+04,-1.04E+04,-1.99E+05
9.96000E-01,1.99E+03,-1.62E+01,1.87E+01,2.47E+01,-1.03E+04,-1.09E+04,-1.64E+05
9.98000E-01,2.00E+03,-7.81E+00,2.28E+01,2.41E+01,-1.03E+04,-1.11E+04,-9.39E+04
1.00000E+00,2.00E+03,1.43E+00,2.39E+01,2.39E+01,-1.04E+04,-1.12E+04,-1.09E+04
1.00200E+00,2.00E+03,1.05E+01,2.15E+01,2.39E+01,-1.04E+04,-1.12E+04,6.75E+04
1.00400E+00,2.01E+03,1.81E+01,1.62E+01,2.43E+01,-1.04E+04,-1.09E+04,1.13E+05
1.00600E+00,2.01E+03,2.33E+01,8.63E+00,2.49E+01,-1.04E+04,-1.07E+04,1.62E+05
1.00800E+00,2.02E+03,2.55E+01,-3.94E-01,2.55E+01,-1.04E+04,-1.03E+04,1.83E+05
1.01000E+00,2.02E+03,2.44E+01,-9.32E+00,2.61E+01,-1.05E+04,-9.92E+03,1.48E+05
1.01200E+00,2.02E+03,2.02E+01,-1.73E+01,2.66E+01,-1.05E+04,-9.74E+03,-3.26E+04
1.01400E+00,2.03E+03,1.33E+01,-2.29E+01,2.65E+01,-1.05E+04,-9.99E+03,-1.22E+05
1.01600E+00,2.03E+03,4.32E+00,-2.59E+01,2.62E+01,-1.05E+04,-1.03E+04,-6.13E+04
1.01800E+00,2.04E+03,-5.13E+00,-2.59E+01,2.64E+01,-1.05E+04,-1.02E+04,1.11E+05
1.02000E+00,2.04E+03,-1.37E+01,-2.26E+01,2.64E+01,-1.06E+04,-9.88E+03,1.03E+05
1.02200E+00,2.04E+03,-2.05E+01,-1.67E+01,2.65E+01,-1.06E+04,-9.75E+03,2.72E+04
1.02400E+00,2.05E+03,-2.49E+01,-8.89E+00,2.65E+01,-1.06E+04,-9.82E+03,-6.55E+04
1.02600E+00,2.05E+03,-2.63E+01,6.17E-04,2.63E+01,-1.06E+04,-9.98E+03,-1.26E+05
1.02800E+00,2.06E+03,-2.40E+01,8.89E+00,2.56E+01,-1.06E+04,-1.03E+04,-1.74E+05
1.03000E+00,2.06E+03,-1.88E+01,1.65E+01,2.50E+01,-1.07E+04,-1.07E+04,-1.46E+05
1.03200E+00,2.06E+03,-1.10E+01,2.17E+01,2.44E+01,-1.07E+04,-1.09E+04,-1.07E+05
1.03400E+00,2.07E+03,-2.06E+00,2.39E+01,2.40E+01,-1.07E+04,-1.11E+04,-7.26E+04
1.03600E+00,2.07E+03,7.18E+00,2.28E+01,2.39E+01,-1.07E+04,-1.12E+04,2.38E+02
1.03800E+00,2.08E+03,1.54E+01,1.84E+01,2.40E+01,-1.07E+04,-1.11E+04,1.16E+05
1.04000E+00,2.08E+03,2.17E+01,1.15E+01,2.46E+01,-1.08E+04,-1.08E+04,1.78E+05
1.04200E+00,2.08E+03,2.50E+01,3.06E+00,2.51E+01,-1.08E+04,-1.04E+04,1.67E+05
1.04400E+00,2.09E+03,2.51E+01,-6.02E+00,2.58E+01,-1.08E+04,-1.01E+04,1.56E+05
1.04600E+00,2.09E+03,2.20E+01,-1.45E+01,2.64E+01,-1.08E+04,-9.77E+03,5.76E+04
1.04800E+00,2.10E+03,1.62E+01,-2.11E+01,2.66E+01,-1.09E+04,-9.80E+03,-1.08E+05
1.05000E+00,2.10E+03,7.85E+00,-2.51E+01,2.63E+01,-1.09E+04,-1.03E+04,-1.27E+05
1.05200E+00,2.10E+03,-1.65E+00,-2.62E+01,2.63E+01,-1.09E+04,-1.04E+04,3.95E+04
1.05400E+00,2.11E+03,-1.08E+01,-2.41E+01,2.64E+01,-1.09E+04,-1.01E+04,1.53E+05
1.05600E+00,2.11E+03,-1.83E+01,-1.91E+01,2.64E+01,-1.09E+04,-9.74E+03,8.34E+04
1.05800E+00,2.12E+03,-2.36E+01,-1.20E+01,2.64E+01,-1.10E+04,-9.70E+03,-3.40E+04
1.06000E+00,2.12E+03,-2.61E+01,-3.39E+00,2.63E+01,-1.10E+04,-9.91E+03,-1.19E+05
1.06200E+00,2.12E+03,-2.52E+01,5.66E+00,2.59E+01,-1.10E+04,-1.02E+04,-1.62E+05
1.06400E+00,2.13E+03,-2.11E+01,1.38E+01,2.52E+01,-1.10E+04,-1.05E+04,-1.69E+05
1.06600E+00,2.13E+03,-1.42E+01,2.01E+01,2.46E+01,-1.10E+04,-1.09E+04,-1.40E+05
1.06800E+00,2.14E+03,-5.52E+00,2.35E+01,2.42E+01,-1.11E+04,-1.11E+04,-8.18E+04
1.07000E+00,2.14E+03,3.82E+00,2.36E+01,2.39E+01,-1.11E+04,-1.12E+04,-1.25E+04
1.07200E+00,2.14E+03,1.26E+01,2.04E+01,2.40E+01,-1.11E+04,-1.11E+04,9.61E+04
1.07400E+00,2.15E+03,1.97E+01,1.44E+01,2.44E+01,-1.11E+04,-1.08E+04,1.46E+05
1.07600E+00,2.15E+03,2.41E+01,6.47E+00,2.50E+01,-1.11E+04,-1.05E+04,1.67E+05
1.07800E+00,2.16E+03,2.55E+01,-2.62E+00,2.57E+01,-1.12E+04,-1.02E+04,1.73E+05
1.08000E+00,2.16E+03,2.37E+01,-1.14E+01,2.63E+01,-1.12E+04,-9.81E+03,1.21E+05
1.08200E+00,2.16E+03,1.88E+01,-1.89E+01,2.67E+01,-1.12E+04,-9.69E+03,-6.85E+04
1.08400E+00,2.17E+03,1.14E+01,-2.39E+01,2.64E+01,-1.12E+04,-1.01E+04,-1.31E+05
1.08600E+00,2.17E+03,2.12E+00,-2.61E+01,2.62E+01,-1.12E+04,-1.03E+04,-1.80E+04
1.08800E+00,2.18E+03,-7.19E+00,-2.54E+01,2.64E+01,-1.13E+04,-1.01E+04,1.02E+05
1.09000E+00,2.18E+03,-1.54E+01,-2.14E+01,2.64E+01,-1.13E+04,-9.89E+03,8.59E+04
1.09200E+00,2.18E+03,-2.17E+01,-1.50E+01,2.64E+01,-1.13E+04,-9.76E+03,5.37E+03
1.09400E+00,2.19E+03,-2.55E+01,-6.94E+00,2.64E+01,-1.13E+04,-9.84E+03,-6.69E+04
1.09600E+00,2.19E+03,-2.60E+01,2.15E+00,2.61E+01,-1.13E+04,-1.01E+04,-1.45E+05
1.09800E+00,2.20E+03,-2.30E+01,1.08E+01,2.54E+01,-1.14E+04,-1.04E+04,-1.64E+05
1.10000E+00,2.20E+03,-1.71E+01,1.79E+01,2.48E+01,-1.14E+04,-1.08E+04,-1.50E+05
1.10200E+00,2.20E+03,-9.05E+00,2.25E+01,2.42E+01,-1.14E+04,-1.10E+04,-9.53E+04
1.10400E+00,2.21E+03,9.09E-02,2.39E+01,2.39E+01,-1.14E+04,-1.11E+04,-3.40E+04
1.10600E+00,2.21E+03,9.19E+00,2.21E+01,2.39E+01,-1.15E+04,-1.11E+04,3.76E+04
1.10800E+00,2.22E+03,1.70E+01,1.72E+01,2.42E+01,-1.15E+04,-1.10E+04,1.22E+05
1.11000E+00,2.22E+03,2.26E+01,9.82E+00,2.46E+01,-1.15E+04,-1.07E+04,1.54E+05
1.11200E+00,2.22E+03,2.53E+01,1.16E+00,2.53E+01,-1.15E+04,-1.03E+04,1.73E+05
1.11400E+00,2.23E+03,2.47E+01,-7.93E+00,2.59E+01,-1.15E+04,-9.99E+03,1.53E+05
1.11600E+00,2.23E+03,2.10E+01,-1.61E+01,2.65E+01,-1.16E+04,-9.68E+03,4.96E+03
1.11800E+00,2.24E+03,1.46E+01,-2.21E+01,2.65E+01,-1.16E+04,-9.92E+03,-1.33E+05
1.12000E+00,2.24E+03,5.88E+00,-2.55E+01,2.62E+01,-1.16E+04,-1.03E+04,-8.24E+04
1.12200E+00,2.24E+03,-3.56E+00,-2.61E+01,2.63E+01,-1.16E+04,-1.02E+04,9.57E+04
1.12400E+00,2.25E+03,-1.24E+01,-2.33E+01,2.64E+01,-1.16E+04,-9.92E+03,1.25E+05
1.12600E+00,2.25E+03,-1.94E+01,-1.78E+01,2.63E+01,-1.17E+04,-9.71E+03,3.91E+04
1.12800E+00,2.26E+03,-2.42E+01,-1.04E+01,2.63E+01,-1.17E+04,-9.77E+03,-6.31E+04
1.13000E+00,2.26E+03,-2.61E+01,-1.59E+00,2.62E+01,-1.17E+04,-9.97E+03,-1.30E+05
1.13200E+00,2.26E+03,-2.46E+01,7.37E+00,2.57E+01,-1.17E+04,-1.03E+04,-1.65E+05
1.13400E+00,2.27E+03,-1.98E+01,1.53E+01,2.50E+01,-1.17E+04,-1.06E+04,-1.57E+05
1.13600E+00,2.27E+03,-1.25E+01,2.10E+01,2.45E+01,-1.18E+04,-1.09E+04,-1.09E+05
1.13800E+00,2.28E+03,-3.63E+00,2.37E+01,2.40E+01,-1.18E+04,-1.11E+04,-5.10E+04
1.14000E+00,2.28E+03,5.62E+00,2.33E+01,2.39E+01,-1.18E+04,-1.11E+04,1.17E+04
1.14200E+00,2.28E+03,1.41E+01,1.95E+01,2.41E+01,-1.18E+04,-1.10E+04,8.77E+04
1.14400E+00,2.29E+03,2.07E+01,1.31E+01,2.45E+01,-1.18E+04,-1.08E+04,1.41E+05
1.14600E+00,2.29E+03,2.46E+01,4.82E+00,2.50E+01,-1.19E+04,-1.05E+04,1.78E+05
1.14800E+00,2.30E+03,2.54E+01,-4.26E+00,2.58E+01,-1.19E+04,-1.01E+04,1.83E+05
1.15000E+00,2.30E+03,2.30E+01,-1.29E+01,2.64E+01,-1.19E+04,-9.70E+03,7.53E+04
1.15200E+00,2.30E+03,1.77E+01,-1.99E+01,2.66E+01,-1.19E+04,-9.73E+03,-1.01E+05
1.15400E+00,2.31E+03,9.82E+00,-2.45E+01,2.64E+01,-1.19E+04,-1.01E+04,-1.29E+05
1.15600E+00,2.31E+03,5.10E-01,-2.62E+01,2.62E+01,-1.20E+04,-1.03E+04,6.21E+03
1.15800E+00,2.32E+03,-8.72E+00,-2.48E+01,2.63E+01,-1.20E+04,-1.01E+04,1.27E+05
1.16000E+00,2.32E+03,-1.66E+01,-2.04E+01,2.63E+01,-1.20E+04,-9.79E+03,7.30E+04
1.16200E+00,2.32E+03,-2.25E+01,-1.38E+01,2.63E+01,-1.20E+04,-9.75E+03,-1.96E+04
1.16400E+00,2.33E+03,-2.57E+01,-5.35E+00,2.63E+01,-1.20E+04,-9.92E+03,-8.63E+04
1.16600E+00,2.33E+03,-2.57E+01,3.68E+00,2.59E+01,-1.21E+04,-1.01E+04,-1.30E+05
1.16800E+00,2.34E+03,-2.22E+01,1.21E+01,2.53E+01,-1.21E+04,-1.04E+04,-1.77E+05
1.17000E+00,2.34E+03,-1.59E+01,1.89E+01,2.47E+01,-1.21E+04,-1.08E+04,-1.51E+05
1.17200E+00,2.34E+03,-7.56E+00,2.30E+01,2.42E+01,-1.21E+04,-1.10E+04,-8.40E+04
1.17400E+00,2.35E+03,1.67E+00,2.39E+01,2.40E+01,-1.22E+04,-1.11E+04,-2.15E+03
1.17600E+00,2.35E+03,1.06E+01,2.14E+01,2.39E+01,-1.22E+04,-1.11E+04,6.19E+04
1.17800E+00,2.36E+03,1.81E+01,1.62E+01,2.43E+01,-1.22E+04,-1.09E+04,1.07E+05
1.18000E+00,2.36E+03,2.34E+01,8.58E+00,2.49E+01,-1.22E+04,-1.07E+04,1.50E+05
1.18200E+00,2.36E+03,2.55E+01,-3.80E-01,2.55E+01,-1.22E+04,-1.03E+04,1.96E+05
1.18400E+00,2.37E+03,2.44E+01,-9.33E+00,2.62E+01,-1.23E+04,-9.85E+03,1.57E+05
1.18600E+00,2.37E+03,2.03E+01,-1.72E+01,2.66E+01,-1.23E+04,-9.63E+03,-2.57E+04
1.18800E+00,2.38E+03,1.35E+01,-2.29E+01,2.65E+01,-1.23E+04,-9.92E+03,-1.43E+05
1.19000E+00,2.38E+03,4.60E+00,-2.59E+01,2.63E+01,-1.23E+04,-1.03E+04,-6.90E+04
1.19200E+00,2.38E+03,-4.84E+00,-2.59E+01,2.63E+01,-1.23E+04,-1.02E+04,9.31E+04
1.19400E+00,2.39E+03,-1.35E+01,-2.27E+01,2.64E+01,-1.24E+04,-9.89E+03,9.44E+04
1.19600E+00,2.39E+03,-2.02E+01,-1.69E+01,2.63E+01,-1.24E+04,-9.79E+03,3.14E+04
1.19800E+00,2.40E+03,-2.48E+01,-9.13E+00,2.64E+01,-1.24E+04,-9.79E+03,-4.42E+04
1.20000E+00,2.40E+03,-2.61E+01,-3.16E-01,2.61E+01,-1.24E+04,-9.93E+03,-1.21E+05
1.20200E+00,2.40E+03,-2.41E+01,8.51E+00,2.55E+01,-1.24E+04,-1.03E+04,-1.79E+05
1.20400E+00,2.41E+03,-1.90E+01,1.62E+01,2.49E+01,-1.25E+04,-1.07E+04,-1.66E+05
1.20600E+00,2.41E+03,-1.14E+01,2.15E+01,2.43E+01,-1.25E+04,-1.10E+04,-1.12E+05
1.20800E+00,2.42E+03,-2.38E+00,2.39E+01,2.40E+01,-1.25E+04,-1.11E+04,-2.91E+04
1.21000E+00,2.42E+03,6.83E+00,2.29E+01,2.39E+01,-1.25E+04,-1.11E+04,4.67E+04
1.21200E+00,2.42E+03,1.50E+01,1.88E+01,2.41E+01,-1.25E+04,-1.09E+04,8.46E+04
1.21400E+00,2.43E+03,2.13E+01,1.22E+01,2.46E+01,-1.26E+04,-1.07E+04,1.37E+05
1.21600E+00,2.43E+03,2.48E+01,3.70E+00,2.51E+01,-1.26E+04,-1.04E+04,1.61E+05
1.21800E+00,2.44E+03,2.52E+01,-5.28E+00,2.58E+01,-1.26E+04,-1.01E+04,1.70E+05
1.22000E+00,2.44E+03,2.24E+01,-1.39E+01,2.64E+01,-1.26E+04,-9.75E+03,5.61E+04
1.22200E+00,2.44E+03,1.68E+01,-2.06E+01,2.66E+01,-1.27E+04,-9.75E+03,-9.88E+04
1.22400E+00,2.45E+03,8.67E+00,-2.48E+01,2.63E+01,-1.27E+04,-1.02E+04,-1.23E+05
1.22600E+00,2.45E+03,-7.29E-01,-2.62E+01,2.62E+01,-1.27E+04,-1.03E+04,3.79E+04
1.22800E+00,2.46E+03,-9.83E+00,-2.44E+01,2.63E+01,-1.27E+04,-1.00E+04,1.25E+05
1.23000E+00,2.46E+03,-1.75E+01,-1.97E+01,2.64E+01,-1.27E+04,-9.78E+03,5.75E+04
1.23200E+00,2.46E+03,-2.30E+01,-1.28E+01,2.63E+01,-1.28E+04,-9.77E+03,-1.59E+04
1.23400E+00,2.47E+03,-2.60E+01,-4.29E+00,2.64E+01,-1.28E+04,-9.86E+03,-9.92E+04
1.23600E+00,2.47E+03,-2.55E+01,4.70E+00,2.60E+01,-1.28E+04,-1.01E+04,-1.48E+05
1.23800E+00,2.48E+03,-2.16E+01,1.31E+01,2.53E+01,-1.28E+04,-1.05E+04,-1.65E+05
1.24000E+00,2.48E+03,-1.50E+01,1.95E+01,2.47E+01,-1.28E+04,-1.08E+04,-1.33E+05
1.24200E+00,2.48E+03,-6.56E+00,2.33E+01,2.42E+01,-1.29E+04,-1.10E+04,-9.05E+04
1.24400E+00,2.49E+03,2.73E+00,2.38E+01,2.40E+01,-1.29E+04,-1.11E+04,-7.30E+03
1.24600E+00,2.49E+03,1.16E+01,2.10E+01,2.40E+01,-1.29E+04,-1.11E+04,6.64E+04
1.24800E+00,2.50E+03,1.89E+01,1.54E+01,2.44E+01,-1.29E+04,-1.09E+04,1.29E+05
1.25000E+00,2.50E+03,2.38E+01,7.59E+00,2.50E+01,-1.29E+04,-1.06E+04,1.72E+05
1.25200E+00,2.50E+03,2.56E+01,-1.35E+00,2.56E+01,-1.30E+04,-1.02E+04,1.83E+05
1.25400E+00,2.51E+03,2.41E+01,-1.02E+01,2.62E+01,-1.30E+04,-9.82E+03,1.36E+05
1.25600E+00,2.51E+03,1.97E+01,-1.79E+01,2.66E+01,-1.30E+04,-9.61E+03,-4.11E+04
1.25800E+00,2.52E+03,1.27E+01,-2.33E+01,2.65E+01,-1.30E+04,-9.94E+03,-1.52E+05
1.26000E+00,2.52E+03,3.62E+00,-2.60E+01,2.62E+01,-1.30E+04,-1.03E+04,-7.35E+04
1.26200E+00,2.52E+03,-5.81E+00,-2.57E+01,2.63E+01,-1.31E+04,-1.02E+04,9.28E+04
1.26400E+00,2.53E+03,-1.43E+01,-2.21E+01,2.64E+01,-1.31E+04,-9.94E+03,1.11E+05
1.26600E+00,2.53E+03,-2.09E+01,-1.60E+01,2.63E+01,-1.31E+04,-9.75E+03,4.57E+04
1.26800E+00,2.54E+03,-2.51E+01,-8.20E+00,2.64E+01,-1.31E+04,-9.75E+03,-5.35E+04
1.27000E+00,2.54E+03,-2.61E+01,6.78E-01,2.61E+01,-1.31E+04,-9.97E+03,-1.43E+05
1.27200E+00,2.54E+03,-2.37E+01,9.46E+00,2.55E+01,-1.32E+04,-1.03E+04,-1.86E+05
1.27400E+00,2.55E+03,-1.83E+01,1.69E+01,2.49E+01,-1.32E+04,-1.07E+04,-1.53E+05
1.27600E+00,2.55E+03,-1.04E+01,2.20E+01,2.44E+01,-1.32E+04,-1.10E+04,-9.70E+04
1.27800E+00,2.56E+03,-1.40E+00,2.40E+01,2.40E+01,-1.32E+04,-1.11E+04,-2.81E+04
1.28000E+00,2.56E+03,7.79E+00,2.27E+01,2.40E+01,-1.32E+04,-1.11E+04,3.58E+04
1.28200E+00,2.56E+03,1.59E+01,1.82E+01,2.42E+01,-1.33E+04,-1.09E+04,1.13E+05
1.28400E+00,2.57E+03,2.19E+01,1.13E+01,2.46E+01,-1.33E+04,-1.06E+04,1.49E+05
1.28600E+00,2.57E+03,2.51E+01,2.81E+00,2.52E+01,-1.33E+04,-1.03E+04,1.54E+05
1.28800E+00,2.58E+03,2.51E+01,-6.23E+00,2.59E+01,-1.33E+04,-1.00E+04,1.52E+05
1.29000E+00,2.58E+03,2.20E+01,-1.47E+01,2.64E+01,-1.34E+04,-9.71E+03,4.55E+04
1.29200E+00,2.58E+03,1.61E+01,-2.12E+01,2.66E+01,-1.34E+04,-9.79E+03,-1.15E+05
1.29400E+00,2.59E+03,7.72E+00,-2.51E+01,2.62E+01,-1.34E+04,-1.02E+04,-1.25E+05
1.29600E+00,2.59E+03,-1.72E+00,-2.61E+01,2.62E+01,-1.34E+04,-1.03E+04,4.27E+04
1.29800E+00,2.60E+03,-1.08E+01,-2.40E+01,2.63E+01,-1.34E+04,-1.00E+04,1.47E+05
1.30000E+00,2.60E+03,-1.83E+01,-1.90E+01,2.64E+01,-1.35E+04,-9.72E+03,7.95E+04
1.30200E+00,2.60E+03,-2.35E+01,-1.19E+01,2.64E+01,-1.35E+04,-9.69E+03,-3.07E+04
1.30400E+00,2.61E+03,-2.60E+01,-3.37E+00,2.62E+01,-1.35E+04,-9.88E+03,-1.12E+05
1.30600E+00,2.61E+03,-2.52E+01,5.62E+00,2.58E+01,-1.35E+04,-1.01E+04,-1.58E+05
1.30800E+00,2.62E+03,-2.11E+01,1.38E+01,2.52E+01,-1.35E+04,-1.05E+04,-1.61E+05
1.31000E+00,2.62E+03,-1.42E+01,2.01E+01,2.46E+01,-1.36E+04,-1.08E+04,-1.33E+05
1.31200E+00,2.62E+03,-5.69E+00,2.34E+01,2.41E+01,-1.36E+04,-1.10E+04,-7.15E+04
1.31400E+00,2.63E+03,3.61E+00,2.37E+01,2.40E+01,-1.36E+04,-1.11E+04,8.81E+03
1.31600E+00,2.63E+03,1.24E+01,2.07E+01,2.41E+01,-1.36E+04,-1.10E+04,7.85E+04
1.31800E+00,2.64E+03,1.93E+01,1.48E+01,2.44E+01,-1.36E+04,-1.08E+04,1.26E+05
1.32000E+00,2.64E+03,2.39E+01,6.86E+00,2.49E+01,-1.37E+04,-1.05E+04,1.39E+05
1.32200E+00,2.64E+03,2.54E+01,-2.01E+00,2.55E+01,-1.37E+04,-1.02E+04,1.68E+05
1.32400E+00,2.65E+03,2.37E+01,-1.09E+01,2.61E+01,-1.37E+04,-9.87E+03,1.11E+05
1.32600E+00,2.65E+03,1.91E+01,-1.84E+01,2.65E+01,-1.37E+04,-9.68E+03,-4.44E+04
1.32800E+00,2.66E+03,1.18E+01,-2.36E+01,2.64E+01,-1.37E+04,-1.00E+04,-1.34E+05
1.33000E+00,2.66E+03,2.65E+00,-2.60E+01,2.61E+01,-1.38E+04,-1.03E+04,-3.82E+04
1.33200E+00,2.66E+03,-6.69E+00,-2.55E+01,2.63E+01,-1.38E+04,-1.02E+04,1.31E+05
1.33400E+00,2.67E+03,-1.50E+01,-2.17E+01,2.64E+01,-1.38E+04,-9.80E+03,1.12E+05
1.33600E+00,2.67E+03,-2.13E+01,-1.55E+01,2.63E+01,-1.38E+04,-9.64E+03,8.04E+03
1.33800E+00,2.68E+03,-2.53E+01,-7.56E+00,2.64E+01,-1.38E+04,-9.81E+03,-8.63E+04
1.34000E+00,2.68E+03,-2.61E+01,1.43E+00,2.61E+01,-1.39E+04,-9.99E+03,-1.33E+05
1.34200E+00,2.68E+03,-2.34E+01,1.01E+01,2.55E+01,-1.39E+04,-1.03E+04,-1.64E+05
1.34400E+00,2.69E+03,-1.77E+01,1.74E+01,2.48E+01,-1.39E+04,-1.07E+04,-1.53E+05
1.34600E+00,2.69E+03,-9.87E+00,2.22E+01,2.43E+01,-1.39E+04,-1.09E+04,-1.00E+05
1.34800E+00,2.70E+03,-8.03E-01,2.39E+01,2.40E+01,-1.39E+04,-1.11E+04,-3.25E+04
1.35000E+00,2.70E+03,8.32E+00,2.24E+01,2.39E+01,-1.40E+04,-1.11E+04,4.21E+04
1.35200E+00,2.70E+03,1.62E+01,1.78E+01,2.41E+01,-1.40E+04,-1.09E+04,9.50E+04
1.35400E+00,2.71E+03,2.20E+01,1.08E+01,2.45E+01,-1.40E+04,-1.07E+04,1.29E+05
1.35600E+00,2.71E+03,2.51E+01,2.15E+00,2.52E+01,-1.40E+04,-1.04E+04,1.67E+05
1.35800E+00,2.72E+03,2.49E+01,-6.90E+00,2.58E+01,-1.41E+04,-1.00E+04,1.74E+05
1.36000E+00,2.72E+03,2.16E+01,-1.52E+01,2.64E+01,-1.41E+04,-9.68E+03,3.96E+04
1.36200E+00,2.72E+03,1.55E+01,-2.16E+01,2.66E+01,-1.41E+04,-9.80E+03,-1.21E+05
1.36400E+00,2.73E+03,7.07E+00,-2.53E+01,2.62E+01,-1.41E+04,-1.02E+04,-1.04E+05
1.36600E+00,2.73E+03,-2.38E+00,-2.61E+01,2.62E+01,-1.41E+04,-1.02E+04,5.62E+04
1.36800E+00,2.74E+03,-1.13E+01,-2.38E+01,2.64E+01,-1.42E+04,-9.97E+03,1.34E+05
1.37000E+00,2.74E+03,-1.87E+01,-1.86E+01,2.63E+01,-1.42E+04,-9.72E+03,6.63E+04
1.37200E+00,2.74E+03,-2.37E+01,-1.14E+01,2.63E+01,-1.42E+04,-9.67E+03,-3.12E+04
1.37400E+00,2.75E+03,-2.62E+01,-2.87E+00,2.64E+01,-1.42E+04,-9.87E+03,-1.23E+05
1.37600E+00,2.75E+03,-2.51E+01,6.14E+00,2.59E+01,-1.42E+04,-1.02E+04,-1.51E+05
1.37800E+00,2.76E+03,-2.08E+01,1.42E+01,2.52E+01,-1.43E+04,-1.05E+04,-1.53E+05
1.38000E+00,2.76E+03,-1.39E+01,2.03E+01,2.46E+01,-1.43E+04,-1.08E+04,-1.36E+05
1.38200E+00,2.76E+03,-5.23E+00,2.36E+01,2.41E+01,-1.43E+04,-1.10E+04,-9.24E+04
1.38400E+00,2.77E+03,4.06E+00,2.36E+01,2.39E+01,-1.43E+04,-1.12E+04,-1.39E+04
1.38600E+00,2.77E+03,1.27E+01,2.03E+01,2.40E+01,-1.43E+04,-1.11E+04,8.90E+04
1.38800E+00,2.78E+03,1.97E+01,1.43E+01,2.43E+01,-1.44E+04,-1.08E+04,1.34E+05
1.39000E+00,2.78E+03,2.41E+01,6.33E+00,2.50E+01,-1.44E+04,-1.05E+04,1.71E+05
1.39200E+00,2.78E+03,2.55E+01,-2.75E+00,2.56E+01,-1.44E+04,-1.02E+04,1.79E+05
1.39400E+00,2.79E+03,2.36E+01,-1.15E+01,2.62E+01,-1.44E+04,-9.75E+03,1.23E+05
1.39600E+00,2.79E+03,1.88E+01,-1.89E+01,2.67E+01,-1.44E+04,-9.66E+03,-7.94E+04
1.39800E+00,2.80E+03,1.13E+01,-2.39E+01,2.64E+01,-1.45E+04,-1.01E+04,-1.30E+05
1.40000E+00,2.80E+03,2.11E+00,-2.61E+01,2.62E+01,-1.45E+04,-1.03E+04,-1.46E+04
1.40200E+00,2.80E+03,-7.16E+00,-2.54E+01,2.64E+01,-1.45E+04,-1.00E+04,1.08E+05
1.40400E+00,2.81E+03,-1.54E+01,-2.15E+01,2.64E+01,-1.45E+04,-9.84E+03,9.04E+04
1.40600E+00,2.81E+03,-2.16E+01,-1.51E+01,2.64E+01,-1.45E+04,-9.69E+03,1.33E+04
1.40800E+00,2.82E+03,-2.55E+01,-7.15E+00,2.65E+01,-1.46E+04,-9.76E+03,-6.89E+04
1.41000E+00,2.82E+03,-2.61E+01,1.89E+00,2.61E+01,-1.46E+04,-1.00E+04,-1.48E+05
1.41200E+00,2.82E+03,-2.32E+01,1.05E+01,2.54E+01,-1.46E+04,-1.03E+04,-1.71E+05
1.41400E+00,2.83E+03,-1.74E+01,1.77E+01,2.48E+01,-1.46E+04,-1.07E+04,-1.59E+05
1.41600E+00,2.83E+03,-9.39E+00,2.24E+01,2.43E+01,-1.46E+04,-1.10E+04,-9.95E+04
1.41800E+00,2.84E+03,-2.81E-01,2.40E+01,2.40E+01,-1.47E+04,-1.11E+04,-3.59E+04
1.42000E+00,2.84E+03,8.82E+00,2.22E+01,2.39E+01,-1.47E+04,-1.11E+04,3.88E+04
1.42200E+00,2.84E+03,1.67E+01,1.75E+01,2.42E+01,-1.47E+04,-1.10E+04,1.43E+05
1.42400E+00,2.85E+03,2.25E+01,1.03E+01,2.47E+01,-1.47E+04,-1.06E+04,1.75E+05
1.42600E+00,2.85E+03,2.52E+01,1.76E+00,2.53E+01,-1.48E+04,-1.02E+04,1.58E+05
1.42800E+00,2.86E+03,2.49E+01,-7.27E+00,2.59E+01,-1.48E+04,-9.96E+03,1.34E+05
1.43000E+00,2.86E+03,2.15E+01,-1.55E+01,2.65E+01,-1.48E+04,-9.65E+03,1.43E+04
1.43200E+00,2.86E+03,1.53E+01,-2.18E+01,2.66E+01,-1.48E+04,-9.84E+03,-1.25E+05
1.43400E+00,2.87E+03,6.70E+00,-2.54E+01,2.62E+01,-1.48E+04,-1.03E+04,-8.54E+04
1.43600E+00,2.87E+03,-2.69E+00,-2.62E+01,2.63E+01,-1.49E+04,-1.02E+04,7.55E+04
1.43800E+00,2.88E+03,-1.15E+01,-2.37E+01,2.64E+01,-1.49E+04,-9.91E+03,1.08E+05
1.44000E+00,2.88E+03,-1.88E+01,-1.85E+01,2.63E+01,-1.49E+04,-9.75E+03,5.10E+04
1.44200E+00,2.88E+03,-2.39E+01,-1.12E+01,2.64E+01,-1.49E+04,-9.71E+03,-3.22E+04
1.44400E+00,2.89E+03,-2.61E+01,-2.59E+00,2.63E+01,-1.49E+04,-9.86E+03,-1.10E+05
1.44600E+00,2.89E+03,-2.50E+01,6.39E+00,2.58E+01,-1.50E+04,-1.02E+04,-1.67E+05
1.44800E+00,2.90E+03,-2.05E+01,1.44E+01,2.51E+01,-1.50E+04,-1.05E+04,-1.57E+05
1.45000E+00,2.90E+03,-1.35E+01,2.04E+01,2.45E+01,-1.50E+04,-1.08E+04,-1.34E+05
1.45200E+00,2.90E+03,-4.88E+00,2.35E+01,2.40E+01,-1.50E+04,-1.10E+04,-7.10E+04
1.45400E+00,2.91E+03,4.39E+00,2.34E+01,2.38E+01,-1.50E+04,-1.11E+04,4.67E+03
1.45600E+00,2.91E+03,1.30E+01,2.01E+01,2.40E+01,-1.51E+04,-1.10E+04,9.64E+04
1.45800E+00,2.92E+03,1.99E+01,1.41E+01,2.44E+01,-1.51E+04,-1.07E+04,1.24E+05
1.46000E+00,2.92E+03,2.42E+01,6.12E+00,2.50E+01,-1.51E+04,-1.05E+04,1.61E+05
1.46200E+00,2.92E+03,2.55E+01,-2.94E+00,2.56E+01,-1.51E+04,-1.01E+04,1.83E+05
1.46400E+00,2.93E+03,2.36E+01,-1.17E+01,2.63E+01,-1.51E+04,-9.72E+03,1.26E+05
1.46600E+00,2.93E+03,1.87E+01,-1.90E+01,2.67E+01,-1.52E+04,-9.62E+03,-7.80E+04
1.46800E+00,2.94E+03,1.13E+01,-2.39E+01,2.65E+01,-1.52E+04,-1.00E+04,-1.39E+05
1.47000E+00,2.94E+03,2.03E+00,-2.62E+01,2.62E+01,-1.52E+04,-1.03E+04,-2.13E+04
1.47200E+00,2.94E+03,-7.24E+00,-2.54E+01,2.64E+01,-1.52E+04,-1.00E+04,1.05E+05
1.47400E+00,2.95E+03,-1.54E+01,-2.14E+01,2.64E+01,-1.52E+04,-9.85E+03,8.82E+04
1.47600E+00,2.95E+03,-2.16E+01,-1.50E+01,2.63E+01,-1.53E+04,-9.70E+03,1.26E+04
1.47800E+00,2.96E+03,-2.55E+01,-7.03E+00,2.64E+01,-1.53E+04,-9.77E+03,-6.64E+04
1.48000E+00,2.96E+03,-2.60E+01,1.99E+00,2.61E+01,-1.53E+04,-1.00E+04,-1.42E+05
1.48200E+00,2.96E+03,-2.31E+01,1.06E+01,2.54E+01,-1.53E+04,-1.03E+04,-1.76E+05
1.48400E+00,2.97E+03,-1.73E+01,1.77E+01,2.47E+01,-1.53E+04,-1.07E+04,-1.63E+05
1.48600E+00,2.97E+03,-9.28E+00,2.24E+01,2.42E+01,-1.54E+04,-1.10E+04,-9.75E+04
1.48800E+00,2.98E+03,-1.84E-01,2.39E+01,2.39E+01,-1.54E+04,-1.11E+04,-2.85E+04
1.49000E+00,2.98E+03,8.90E+00,2.22E+01,2.39E+01,-1.54E+04,-1.11E+04,4.03E+04
1.49200E+00,2.98E+03,1.68E+01,1.74E+01,2.42E+01,-1.54E+04,-1.09E+04,1.38E+05
1.49400E+00,2.99E+03,2.25E+01,1.02E+01,2.47E+01,-1.55E+04,-1.06E+04,1.64E+05
1.49600E+00,2.99E+03,2.54E+01,1.68E+00,2.54E+01,-1.55E+04,-1.02E+04,1.55E+05
1.49800E+00,3.00E+03,2.49E+01,-7.41E+00,2.60E+01,-1.55E+04,-9.98E+03,1.48E+05
1.50000E+00,3.00E+03,2.15E+01,-1.57E+01,2.66E+01,-1.55E+04,-9.63E+03,3.20E+04
1.50200E+00,3.00E+03,1.53E+01,-2.19E+01,2.67E+01,-1.55E+04,-9.79E+03,-1.27E+05
1.50400E+00,3.01E+03,6.70E+00,-2.55E+01,2.63E+01,-1.56E+04,-1.02E+04,-1.04E+05
1.50600E+00,3.01E+03,-2.75E+00,-2.62E+01,2.64E+01,-1.56E+04,-1.02E+04,7.07E+04
1.50800E+00,3.02E+03,-1.16E+01,-2.37E+01,2.64E+01,-1.56E+04,-9.91E+03,1.21E+05
1.51000E+00,3.02E+03,-1.89E+01,-1.85E+01,2.64E+01,-1.56E+04,-9.71E+03,6.02E+04
1.51200E+00,3.02E+03,-2.40E+01,-1.12E+01,2.65E+01,-1.56E+04,-9.68E+03,-3.88E+04
1.51400E+00,3.03E+03,-2.62E+01,-2.58E+00,2.63E+01,-1.57E+04,-9.86E+03,-1.17E+05
1.51600E+00,3.03E+03,-2.49E+01,6.40E+00,2.58E+01,-1.57E+04,-1.02E+04,-1.74E+05
1.51800E+00,3.04E+03,-2.05E+01,1.44E+01,2.51E+01,-1.57E+04,-1.05E+04,-1.57E+05
1.52000E+00,3.04E+03,-1.35E+01,2.04E+01,2.44E+01,-1.57E+04,-1.08E+04,-1.34E+05
1.52200E+00,3.04E+03,-4.83E+00,2.35E+01,2.40E+01,-1.57E+04,-1.10E+04,-6.94E+04
1.52400E+00,3.05E+03,4.45E+00,2.34E+01,2.38E+01,-1.58E+04,-1.11E+04,7.71E+03
1.52600E+00,3.05E+03,1.30E+01,2.01E+01,2.40E+01,-1.58E+04,-1.10E+04,1.02E+05
1.52800E+00,3.06E+03,1.99E+01,1.41E+01,2.44E+01,-1.58E+04,-1.07E+04,1.28E+05
1.53000E+00,3.06E+03,2.42E+01,6.08E+00,2.50E+01,-1.58E+04,-1.05E+04,1.61E+05
1.53200E+00,3.06E+03,2.55E+01,-2.96E+00,2.56E+01,-1.58E+04,-1.01E+04,1.84E+05
1.53400E+00,3.07E+03,2.36E+01,-1.17E+01,2.63E+01,-1.59E+04,-9.71E+03,1.17E+05
1.53600E+00,3.07E+03,1.87E+01,-1.90E+01,2.67E+01,-1.59E+04,-9.62E+03,-7.47E+04
1.53800E+00,3.08E+03,1.12E+01,-2.39E+01,2.64E+01,-1.59E+04,-1.00E+04,-1.33E+05
1.54000E+00,3.08E+03,2.06E+00,-2.61E+01,2.62E+01,-1.59E+04,-1.02E+04,-1.76E+04
1.54200E+00,3.08E+03,-7.19E+00,-2.54E+01,2.64E+01,-1.59E+04,-1.00E+04,9.66E+04
1.54400E+00,3.09E+03,-1.54E+01,-2.14E+01,2.64E+01,-1.60E+04,-9.84E+03,8.65E+04
1.54600E+00,3.09E+03,-2.16E+01,-1.50E+01,2.63E+01,-1.60E+04,-9.70E+03,9.48E+03
1.54800E+00,3.10E+03,-2.55E+01,-7.09E+00,2.64E+01,-1.60E+04,-9.77E+03,-6.39E+04
1.55000E+00,3.10E+03,-2.60E+01,1.94E+00,2.61E+01,-1.60E+04,-9.99E+03,-1.41E+05
1.55200E+00,3.10E+03,-2.31E+01,1.05E+01,2.54E+01,-1.60E+04,-1.03E+04,-1.72E+05
1.55400E+00,3.11E+03,-1.73E+01,1.76E+01,2.47E+01,-1.61E+04,-1.07E+04,-1.60E+05
1.55600E+00,3.11E+03,-9.36E+00,2.23E+01,2.42E+01,-1.61E+04,-1.10E+04,-9.82E+04
1.55800E+00,3.12E+03,-2.95E-01,2.39E+01,2.39E+01,-1.61E+04,-1.11E+04,-3.87E+04
1.56000E+00,3.12E+03,8.79E+00,2.22E+01,2.39E+01,-1.61E+04,-1.11E+04,3.35E+04
1.56200E+00,3.12E+03,1.67E+01,1.75E+01,2.42E+01,-1.62E+04,-1.10E+04,1.46E+05
1.56400E+00,3.13E+03,2.24E+01,1.03E+01,2.47E+01,-1.62E+04,-1.05E+04,1.79E+05
1.56600E+00,3.13E+03,2.52E+01,1.79E+00,2.53E+01,-1.62E+04,-1.02E+04,1.64E+05
1.56800E+00,3.14E+03,2.49E+01,-7.23E+00,2.60E+01,-1.62E+04,-9.93E+03,1.43E+05
1.57000E+00,3.14E+03,2.16E+01,-1.55E+01,2.66E+01,-1.62E+04,-9.60E+03,3.15E+04
1.57200E+00,3.14E+03,1.55E+01,-2.18E+01,2.67E+01,-1.63E+04,-9.74E+03,-1.25E+05
1.57400E+00,3.15E+03,6.98E+00,-2.54E+01,2.64E+01,-1.63E+04,-1.02E+04,-1.08E+05
1.57600E+00,3.15E+03,-2.43E+00,-2.63E+01,2.64E+01,-1.63E+04,-1.02E+04,5.01E+04
1.57800E+00,3.16E+03,-1.13E+01,-2.38E+01,2.64E+01,-1.63E+04,-9.94E+03,1.20E+05
1.58000E+00,3.16E+03,-1.86E+01,-1.86E+01,2.63E+01,-1.63E+04,-9.71E+03,6.10E+04
1.58200E+00,3.16E+03,-2.37E+01,-1.14E+01,2.63E+01,-1.64E+04,-9.67E+03,-3.46E+04
1.58400E+00,3.17E+03,-2.61E+01,-2.85E+00,2.63E+01,-1.64E+04,-9.87E+03,-1.26E+05
1.58600E+00,3.17E+03,-2.50E+01,6.12E+00,2.57E+01,-1.64E+04,-1.02E+04,-1.58E+05
1.58800E+00,3.18E+03,-2.07E+01,1.42E+01,2.51E+01,-1.64E+04,-1.05E+04,-1.54E+05
1.59000E+00,3.18E+03,-1.37E+01,2.02E+01,2.45E+01,-1.64E+04,-1.08E+04,-1.31E+05
1.59200E+00,3.18E+03,-5.14E+00,2.35E+01,2.40E+01,-1.65E+04,-1.10E+04,-8.38E+04
1.59400E+00,3.19E+03,4.12E+00,2.35E+01,2.38E+01,-1.65E+04,-1.11E+04,-4.36E+03
1.59600E+00,3.19E+03,1.28E+01,2.02E+01,2.39E+01,-1.65E+04,-1.10E+04,9.65E+04
1.59800E+00,3.20E+03,1.97E+01,1.43E+01,2.43E+01,-1.65E+04,-1.08E+04,1.40E+05
1.60000E+00,3.20E+03,2.42E+01,6.35E+00,2.50E+01,-1.65E+04,-1.05E+04,1.71E+05
1.60200E+00,3.20E+03,2.55E+01,-2.67E+00,2.57E+01,-1.66E+04,-1.01E+04,1.74E+05
1.60400E+00,3.21E+03,2.37E+01,-1.14E+01,2.63E+01,-1.66E+04,-9.73E+03,1.23E+05
1.60600E+00,3.21E+03,1.89E+01,-1.89E+01,2.67E+01,-1.66E+04,-9.61E+03,-6.53E+04
1.60800E+00,3.22E+03,1.15E+01,-2.38E+01,2.65E+01,-1.66E+04,-9.97E+03,-1.35E+05
1.61000E+00,3.22E+03,2.39E+00,-2.61E+01,2.63E+01,-1.66E+04,-1.03E+04,-3.34E+04
1.61200E+00,3.22E+03,-6.91E+00,-2.55E+01,2.64E+01,-1.67E+04,-1.01E+04,1.33E+05
1.61400E+00,3.23E+03,-1.52E+01,-2.17E+01,2.64E+01,-1.67E+04,-9.72E+03,9.78E+04
1.61600E+00,3.23E+03,-2.13E+01,-1.55E+01,2.63E+01,-1.67E+04,-9.61E+03,-1.62E+04
1.61800E+00,3.24E+03,-2.53E+01,-7.50E+00,2.63E+01,-1.67E+04,-9.82E+03,-9.70E+04
1.62000E+00,3.24E+03,-2.60E+01,1.51E+00,2.60E+01,-1.67E+04,-1.00E+04,-1.31E+05
1.62200E+00,3.24E+03,-2.33E+01,1.01E+01,2.54E+01,-1.68E+04,-1.03E+04,-1.57E+05
1.62400E+00,3.25E+03,-1.76E+01,1.74E+01,2.47E+01,-1.68E+04,-1.07E+04,-1.52E+05
1.62600E+00,3.25E+03,-9.76E+00,2.21E+01,2.42E+01,-1.68E+04,-1.09E+04,-1.05E+05
1.62800E+00,3.26E+03,-7.30E-01,2.39E+01,2.39E+01,-1.68E+04,-1.11E+04,-2.94E+04
1.63000E+00,3.26E+03,8.39E+00,2.23E+01,2.38E+01,-1.69E+04,-1.11E+04,5.04E+04
1.63200E+00,3.26E+03,1.62E+01,1.77E+01,2.41E+01,-1.69E+04,-1.09E+04,1.05E+05
1.63400E+00,3.27E+03,2.20E+01,1.07E+01,2.45E+01,-1.69E+04,-1.07E+04,1.30E+05
1.63600E+00,3.27E+03,2.51E+01,2.17E+00,2.52E+01,-1.69E+04,-1.03E+04,1.62E+05
1.63800E+00,3.28E+03,2.49E+01,-6.85E+00,2.58E+01,-1.69E+04,-1.00E+04,1.70E+05
1.64000E+00,3.28E+03,2.16E+01,-1.52E+01,2.64E+01,-1.70E+04,-9.66E+03,5.40E+04
1.64200E+00,3.28E+03,1.56E+01,-2.15E+01,2.66E+01,-1.70E+04,-9.72E+03,-1.11E+05
1.64400E+00,3.29E+03,7.28E+00,-2.53E+01,2.63E+01,-1.70E+04,-1.02E+04,-1.21E+05
1.64600E+00,3.29E+03,-2.14E+00,-2.62E+01,2.63E+01,-1.70E+04,-1.02E+04,4.70E+04
1.64800E+00,3.30E+03,-1.11E+01,-2.40E+01,2.64E+01,-1.70E+04,-9.94E+03,1.49E+05
1.65000E+00,3.30E+03,-1.85E+01,-1.89E+01,2.64E+01,-1.71E+04,-9.63E+03,6.75E+04
1.65200E+00,3.30E+03,-2.36E+01,-1.18E+01,2.64E+01,-1.71E+04,-9.65E+03,-4.19E+04
1.65400E+00,3.31E+03,-2.62E+01,-3.20E+00,2.64E+01,-1.71E+04,-9.85E+03,-1.13E+05
1.65600E+00,3.31E+03,-2.53E+01,5.77E+00,2.59E+01,-1.71E+04,-1.01E+04,-1.52E+05
1.65800E+00,3.32E+03,-2.11E+01,1.38E+01,2.52E+01,-1.71E+04,-1.05E+04,-1.67E+05
1.66000E+00,3.32E+03,-1.42E+01,2.00E+01,2.46E+01,-1.72E+04,-1.08E+04,-1.32E+05
1.66200E+00,3.32E+03,-5.66E+00,2.34E+01,2.41E+01,-1.72E+04,-1.10E+04,-7.82E+04
1.66400E+00,3.33E+03,3.56E+00,2.37E+01,2.39E+01,-1.72E+04,-1.11E+04,9.32E+03
1.66600E+00,3.33E+03,1.23E+01,2.06E+01,2.40E+01,-1.72E+04,-1.09E+04,8.22E+04
1.66800E+00,3.34E+03,1.93E+01,1.49E+01,2.43E+01,-1.72E+04,-1.07E+04,1.20E+05
1.67000E+00,3.34E+03,2.39E+01,6.99E+00,2.49E+01,-1.73E+04,-1.05E+04,1.49E+05
1.67200E+00,3.34E+03,2.55E+01,-1.94E+00,2.55E+01,-1.73E+04,-1.01E+04,1.88E+05
1.67400E+00,3.35E+03,2.39E+01,-1.07E+01,2.62E+01,-1.73E+04,-9.74E+03,1.13E+05
1.67600E+00,3.35E+03,1.93E+01,-1.82E+01,2.65E+01,-1.73E+04,-9.64E+03,-6.76E+04
1.67800E+00,3.36E+03,1.21E+01,-2.34E+01,2.64E+01,-1.73E+04,-1.00E+04,-1.32E+05
1.68000E+00,3.36E+03,3.04E+00,-2.60E+01,2.62E+01,-1.74E+04,-1.03E+04,-3.21E+04
1.68200E+00,3.36E+03,-6.25E+00,-2.56E+01,2.63E+01,-1.74E+04,-1.01E+04,1.11E+05
1.68400E+00,3.37E+03,-1.46E+01,-2.19E+01,2.64E+01,-1.74E+04,-9.81E+03,1.04E+05
1.68600E+00,3.37E+03,-2.11E+01,-1.59E+01,2.64E+01,-1.74E+04,-9.64E+03,3.51E+04
1.68800E+00,3.38E+03,-2.52E+01,-8.06E+00,2.64E+01,-1.74E+04,-9.69E+03,-6.59E+04
1.69000E+00,3.38E+03,-2.62E+01,7.87E-01,2.62E+01,-1.75E+04,-9.89E+03,-1.25E+05
1.69200E+00,3.38E+03,-2.38E+01,9.52E+00,2.56E+01,-1.75E+04,-1.02E+04,-1.63E+05
1.69400E+00,3.39E+03,-1.84E+01,1.69E+01,2.50E+01,-1.75E+04,-1.05E+04,-1.35E+05
1.69600E+00,3.39E+03,-1.07E+01,2.19E+01,2.44E+01,-1.75E+04,-1.08E+04,-1.04E+05
1.69800E+00,3.40E+03,-1.82E+00,2.40E+01,2.40E+01,-1.75E+04,-1.09E+04,-7.23E+04
1.70000E+00,3.40E+03,7.29E+00,2.28E+01,2.39E+01,-1.76E+04,-1.11E+04,-8.50E+03
1.70200E+00,3.40E+03,1.55E+01,1.84E+01,2.41E+01,-1.76E+04,-1.10E+04,1.05E+05
1.70400E+00,3.41E+03,2.16E+01,1.17E+01,2.46E+01,-1.76E+04,-1.06E+04,1.75E+05
1.70600E+00,3.41E+03,2.49E+01,3.27E+00,2.52E+01,-1.76E+04,-1.03E+04,1.68E+05
1.70800E+00,3.42E+03,2.51E+01,-5.69E+00,2.58E+01,-1.77E+04,-9.97E+03,1.53E+05
1.71000E+00,3.42E+03,2.22E+01,-1.41E+01,2.63E+01,-1.77E+04,-9.67E+03,6.52E+04
1.71200E+00,3.42E+03,1.66E+01,-2.08E+01,2.66E+01,-1.77E+04,-9.66E+03,-1.01E+05
1.71400E+00,3.43E+03,8.53E+00,-2.48E+01,2.63E+01,-1.77E+04,-1.01E+04,-1.20E+05
1.71600E+00,3.43E+03,-8.32E-01,-2.62E+01,2.62E+01,-1.77E+04,-1.02E+04,2.90E+04
1.71800E+00,3.44E+03,-9.85E+00,-2.45E+01,2.64E+01,-1.78E+04,-9.92E+03,1.29E+05
1.72000E+00,3.44E+03,-1.75E+01,-1.98E+01,2.64E+01,-1.78E+04,-9.70E+03,7.40E+04
1.72200E+00,3.44E+03,-2.30E+01,-1.29E+01,2.64E+01,-1.78E+04,-9.62E+03,-1.07E+04
1.72400E+00,3.45E+03,-2.59E+01,-4.60E+00,2.63E+01,-1.78E+04,-9.74E+03,-7.84E+04
1.72600E+00,3.45E+03,-2.57E+01,4.37E+00,2.60E+01,-1.78E+04,-9.95E+03,-1.44E+05
1.72800E+00,3.46E+03,-2.20E+01,1.26E+01,2.53E+01,-1.78E+04,-1.03E+04,-1.76E+05
1.73000E+00,3.46E+03,-1.56E+01,1.91E+01,2.47E+01,-1.79E+04,-1.07E+04,-1.52E+05
1.73200E+00,3.46E+03,-7.28E+00,2.31E+01,2.42E+01,-1.79E+04,-1.09E+04,-8.71E+04
1.73400E+00,3.47E+03,1.84E+00,2.39E+01,2.39E+01,-1.79E+04,-1.10E+04,-6.61E+03
1.73600E+00,3.47E+03,1.07E+01,2.14E+01,2.39E+01,-1.79E+04,-1.10E+04,6.11E+04
1.73800E+00,3.48E+03,1.81E+01,1.62E+01,2.43E+01,-1.80E+04,-1.07E+04,1.26E+05
1.74000E+00,3.48E+03,2.33E+01,8.69E+00,2.48E+01,-1.80E+04,-1.05E+04,1.43E+05
1.74200E+00,3.48E+03,2.53E+01,-4.57E-02,2.53E+01,-1.80E+04,-1.01E+04,1.55E+05
1.74400E+00,3.49E+03,2.44E+01,-8.94E+00,2.60E+01,-1.80E+04,-9.86E+03,1.25E+05
1.74600E+00,3.49E+03,2.04E+01,-1.68E+01,2.64E+01,-1.80E+04,-9.63E+03,-1.16E+04
1.74800E+00,3.50E+03,1.37E+01,-2.26E+01,2.64E+01,-1.81E+04,-9.86E+03,-1.20E+05
1.75000E+00,3.50E+03,4.99E+00,-2.57E+01,2.62E+01,-1.81E+04,-1.02E+04,-6.08E+04
1.75200E+00,3.50E+03,-4.34E+00,-2.60E+01,2.63E+01,-1.81E+04,-1.01E+04,1.04E+05
1.75400E+00,3.51E+03,-1.30E+01,-2.30E+01,2.64E+01,-1.81E+04,-9.77E+03,1.32E+05
1.75600E+00,3.51E+03,-1.98E+01,-1.75E+01,2.64E+01,-1.81E+04,-9.54E+03,4.91E+04
1.75800E+00,3.52E+03,-2.45E+01,-1.01E+01,2.65E+01,-1.82E+04,-9.57E+03,-6.38E+04
1.76000E+00,3.52E+03,-2.62E+01,-1.44E+00,2.63E+01,-1.82E+04,-9.80E+03,-1.20E+05
1.76200E+00,3.52E+03,-2.47E+01,7.45E+00,2.58E+01,-1.82E+04,-1.01E+04,-1.53E+05
1.76400E+00,3.53E+03,-2.00E+01,1.52E+01,2.51E+01,-1.82E+04,-1.04E+04,-1.58E+05
1.76600E+00,3.53E+03,-1.28E+01,2.08E+01,2.45E+01,-1.82E+04,-1.07E+04,-1.29E+05
1.76800E+00,3.54E+03,-4.15E+00,2.37E+01,2.41E+01,-1.83E+04,-1.09E+04,-5.47E+04
1.77000E+00,3.54E+03,4.97E+00,2.34E+01,2.39E+01,-1.83E+04,-1.10E+04,1.97E+04
1.77200E+00,3.54E+03,1.34E+01,2.00E+01,2.40E+01,-1.83E+04,-1.08E+04,7.66E+04
1.77400E+00,3.55E+03,2.00E+01,1.38E+01,2.43E+01,-1.83E+04,-1.06E+04,1.20E+05
1.77600E+00,3.55E+03,2.42E+01,5.85E+00,2.49E+01,-1.83E+04,-1.04E+04,1.35E+05
1.77800E+00,3.56E+03,2.53E+01,-3.02E+00,2.55E+01,-1.84E+04,-1.01E+04,1.52E+05
1.78000E+00,3.56E+03,2.33E+01,-1.17E+01,2.61E+01,-1.84E+04,-9.77E+03,1.06E+05
1.78200E+00,3.56E+03,1.84E+01,-1.90E+01,2.65E+01,-1.84E+04,-9.61E+03,-4.88E+04
1.78400E+00,3.57E+03,1.10E+01,-2.39E+01,2.63E+01,-1.84E+04,-9.95E+03,-1.20E+05
1.78600E+00,3.57E+03,1.95E+00,-2.60E+01,2.61E+01,-1.84E+04,-1.02E+04,-9.92E+03
1.78800E+00,3.58E+03,-7.24E+00,-2.54E+01,2.64E+01,-1.85E+04,-9.95E+03,1.41E+05
1.79000E+00,3.58E+03,-1.54E+01,-2.15E+01,2.65E+01,-1.85E+04,-9.62E+03,1.03E+05
1.79200E+00,3.58E+03,-2.14E+01,-1.53E+01,2.63E+01,-1.85E+04,-9.50E+03,2.05E+02
1.79400E+00,3.59E+03,-2.53E+01,-7.47E+00,2.63E+01,-1.85E+04,-9.64E+03,-8.16E+04
1.79600E+00,3.59E+03,-2.61E+01,1.36E+00,2.62E+01,-1.85E+04,-9.83E+03,-1.34E+05
1.79800E+00,3.60E+03,-2.36E+01,9.93E+00,2.56E+01,-1.86E+04,-1.02E+04,-1.78E+05
1.80000E+00,3.60E+03,-1.80E+01,1.71E+01,2.48E+01,-1.86E+04,-1.06E+04,-1.63E+05
1.80200E+00,3.60E+03,-1.02E+01,2.20E+01,2.43E+01,-1.86E+04,-1.08E+04,-9.84E+04
1.80400E+00,3.61E+03,-1.28E+00,2.39E+01,2.40E+01,-1.86E+04,-1.10E+04,-3.78E+04
1.80600E+00,3.61E+03,7.77E+00,2.26E+01,2.39E+01,-1.86E+04,-1.10E+04,2.71E+04
1.80800E+00,3.62E+03,1.58E+01,1.82E+01,2.41E+01,-1.87E+04,-1.08E+04,1.21E+05
1.81000E+00,3.62E+03,2.18E+01,1.14E+01,2.46E+01,-1.87E+04,-1.05E+04,1.69E+05
1.81200E+00,3.62E+03,2.50E+01,3.12E+00,2.52E+01,-1.87E+04,-1.01E+04,1.64E+05
1.81400E+00,3.63E+03,2.52E+01,-5.77E+00,2.59E+01,-1.87E+04,-9.86E+03,1.39E+05
1.81600E+00,3.63E+03,2.23E+01,-1.41E+01,2.64E+01,-1.88E+04,-9.58E+03,3.94E+04
1.81800E+00,3.64E+03,1.66E+01,-2.07E+01,2.65E+01,-1.88E+04,-9.65E+03,-1.09E+05
1.82000E+00,3.64E+03,8.57E+00,-2.48E+01,2.63E+01,-1.88E+04,-1.01E+04,-1.05E+05
1.82200E+00,3.64E+03,-6.86E-01,-2.62E+01,2.62E+01,-1.88E+04,-1.01E+04,4.26E+04
1.82400E+00,3.65E+03,-9.64E+00,-2.46E+01,2.64E+01,-1.88E+04,-9.84E+03,1.17E+05
1.82600E+00,3.65E+03,-1.73E+01,-2.00E+01,2.64E+01,-1.89E+04,-9.65E+03,6.19E+04
1.82800E+00,3.66E+03,-2.29E+01,-1.32E+01,2.64E+01,-1.89E+04,-9.59E+03,-9.81E+03
1.83000E+00,3.66E+03,-2.59E+01,-4.93E+00,2.64E+01,-1.89E+04,-9.69E+03,-6.99E+04
1.83200E+00,3.66E+03,-2.58E+01,3.99E+00,2.61E+01,-1.89E+04,-9.88E+03,-1.36E+05
1.83400E+00,3.67E+03,-2.23E+01,1.22E+01,2.54E+01,-1.89E+04,-1.02E+04,-1.63E+05
1.83600E+00,3.67E+03,-1.60E+01,1.89E+01,2.48E+01,-1.89E+04,-1.06E+04,-1.37E+05
1.83800E+00,3.68E+03,-7.88E+00,2.30E+01,2.43E+01,-1.90E+04,-1.08E+04,-7.57E+04
1.84000E+00,3.68E+03,1.14E+00,2.40E+01,2.40E+01,-1.90E+04,-1.09E+04,-5.28E+04
1.84200E+00,3.68E+03,9.94E+00,2.18E+01,2.39E+01,-1.90E+04,-1.10E+04,2.63E+04
1.84400E+00,3.69E+03,1.76E+01,1.67E+01,2.43E+01,-1.90E+04,-1.08E+04,1.33E+05
1.84600E+00,3.69E+03,2.29E+01,9.35E+00,2.47E+01,-1.91E+04,-1.04E+04,1.72E+05
1.84800E+00,3.70E+03,2.53E+01,8.23E-01,2.53E+01,-1.91E+04,-1.01E+04,1.55E+05
1.85000E+00,3.70E+03,2.46E+01,-8.08E+00,2.59E+01,-1.91E+04,-9.81E+03,1.41E+05
1.85200E+00,3.70E+03,2.10E+01,-1.60E+01,2.64E+01,-1.91E+04,-9.50E+03,-2.51E+03
1.85400E+00,3.71E+03,1.47E+01,-2.20E+01,2.65E+01,-1.91E+04,-9.77E+03,-1.41E+05
1.85600E+00,3.71E+03,6.15E+00,-2.54E+01,2.62E+01,-1.92E+04,-1.02E+04,-7.43E+04
1.85800E+00,3.72E+03,-3.14E+00,-2.61E+01,2.63E+01,-1.92E+04,-1.01E+04,9.84E+04
1.86000E+00,3.72E+03,-1.18E+01,-2.36E+01,2.64E+01,-1.92E+04,-9.74E+03,1.16E+05
1.86200E+00,3.72E+03,-1.89E+01,-1.84E+01,2.64E+01,-1.92E+04,-9.58E+03,5.29E+04
1.86400E+00,3.73E+03,-2.40E+01,-1.12E+01,2.65E+01,-1.92E+04,-9.54E+03,-3.36E+04
1.86600E+00,3.73E+03,-2.62E+01,-2.75E+00,2.63E+01,-1.93E+04,-9.69E+03,-1.10E+05
1.86800E+00,3.74E+03,-2.51E+01,6.13E+00,2.59E+01,-1.93E+04,-1.00E+04,-1.60E+05
1.87000E+00,3.74E+03,-2.09E+01,1.41E+01,2.52E+01,-1.93E+04,-1.03E+04,-1.43E+05
1.87200E+00,3.74E+03,-1.41E+01,2.02E+01,2.46E+01,-1.93E+04,-1.06E+04,-1.24E+05
1.87400E+00,3.75E+03,-5.67E+00,2.34E+01,2.41E+01,-1.93E+04,-1.08E+04,-7.89E+04
1.87600E+00,3.75E+03,3.45E+00,2.37E+01,2.39E+01,-1.94E+04,-1.09E+04,-1.06E+04
1.87800E+00,3.76E+03,1.20E+01,2.07E+01,2.39E+01,-1.94E+04,-1.08E+04,5.96E+04
1.88000E+00,3.76E+03,1.91E+01,1.51E+01,2.43E+01,-1.94E+04,-1.07E+04,1.19E+05
1.88200E+00,3.76E+03,2.38E+01,7.33E+00,2.49E+01,-1.94E+04,-1.04E+04,1.72E+05
1.88400E+00,3.77E+03,2.55E+01,-1.42E+00,2.56E+01,-1.94E+04,-9.97E+03,1.78E+05
1.88600E+00,3.77E+03,2.41E+01,-1.01E+01,2.61E+01,-1.95E+04,-9.66E+03,1.08E+05
1.88800E+00,3.78E+03,1.98E+01,-1.77E+01,2.66E+01,-1.95E+04,-9.54E+03,-5.22E+04
1.89000E+00,3.78E+03,1.28E+01,-2.30E+01,2.64E+01,-1.95E+04,-9.84E+03,-1.25E+05
1.89200E+00,3.78E+03,3.99E+00,-2.58E+01,2.61E+01,-1.95E+04,-1.01E+04,-4.28E+04
1.89400E+00,3.79E+03,-5.22E+00,-2.58E+01,2.63E+01,-1.95E+04,-9.98E+03,1.12E+05
1.89600E+00,3.79E+03,-1.36E+01,-2.26E+01,2.64E+01,-1.96E+04,-9.67E+03,1.12E+05
1.89800E+00,3.80E+03,-2.02E+01,-1.69E+01,2.64E+01,-1.96E+04,-9.50E+03,4.03E+04
1.90000E+00,3.80E+03,-2.46E+01,-9.39E+00,2.64E+01,-1.96E+04,-9.53E+03,-5.39E+04
1.90200E+00,3.80E+03,-2.63E+01,-7.92E-01,2.63E+01,-1.96E+04,-9.71E+03,-1.25E+05
1.90400E+00,3.81E+03,-2.45E+01,7.94E+00,2.57E+01,-1.96E+04,-1.00E+04,-1.69E+05
1.90600E+00,3.81E+03,-1.96E+01,1.56E+01,2.51E+01,-1.97E+04,-1.04E+04,-1.45E+05
1.90800E+00,3.82E+03,-1.24E+01,2.11E+01,2.45E+01,-1.97E+04,-1.06E+04,-1.03E+05
1.91000E+00,3.82E+03,-3.77E+00,2.37E+01,2.40E+01,-1.97E+04,-1.08E+04,-5.81E+04
1.91200E+00,3.82E+03,5.27E+00,2.33E+01,2.39E+01,-1.97E+04,-1.09E+04,1.26E+04
1.91400E+00,3.83E+03,1.36E+01,1.98E+01,2.40E+01,-1.97E+04,-1.07E+04,9.00E+04
1.91600E+00,3.83E+03,2.01E+01,1.37E+01,2.43E+01,-1.98E+04,-1.05E+04,1.27E+05
1.91800E+00,3.84E+03,2.42E+01,5.83E+00,2.49E+01,-1.98E+04,-1.02E+04,1.28E+05
1.92000E+00,3.84E+03,2.54E+01,-2.97E+00,2.56E+01,-1.98E+04,-9.98E+03,1.40E+05
1.92200E+00,3.84E+03,2.34E+01,-1.16E+01,2.61E+01,-1.98E+04,-9.69E+03,1.04E+05
1.92400E+00,3.85E+03,1.86E+01,-1.89E+01,2.65E+01,-1.98E+04,-9.53E+03,-4.54E+04
1.92600E+00,3.85E+03,1.13E+01,-2.38E+01,2.63E+01,-1.99E+04,-9.85E+03,-1.28E+05
1.92800E+00,3.86E+03,2.35E+00,-2.60E+01,2.61E+01,-1.99E+04,-1.01E+04,-2.64E+04
1.93000E+00,3.86E+03,-6.84E+00,-2.55E+01,2.64E+01,-1.99E+04,-9.93E+03,1.28E+05
1.93200E+00,3.86E+03,-1.50E+01,-2.18E+01,2.65E+01,-1.99E+04,-9.60E+03,1.14E+05
1.93400E+00,3.87E+03,-2.12E+01,-1.57E+01,2.64E+01,-1.99E+04,-9.45E+03,3.25E+04
1.93600E+00,3.87E+03,-2.52E+01,-8.01E+00,2.64E+01,-2.00E+04,-9.49E+03,-6.11E+04
1.93800E+00,3.88E+03,-2.62E+01,6.41E-01,2.62E+01,-2.00E+04,-9.68E+03,-1.23E+05
1.94000E+00,3.88E+03,-2.39E+01,9.23E+00,2.57E+01,-2.00E+04,-1.00E+04,-1.70E+05
1.94200E+00,3.88E+03,-1.87E+01,1.65E+01,2.50E+01,-2.00E+04,-1.04E+04,-1.63E+05
1.94400E+00,3.89E+03,-1.13E+01,2.16E+01,2.44E+01,-2.00E+04,-1.07E+04,-1.29E+05
1.94600E+00,3.89E+03,-2.47E+00,2.39E+01,2.40E+01,-2.01E+04,-1.09E+04,-5.46E+04
1.94800E+00,3.90E+03,6.59E+00,2.30E+01,2.39E+01,-2.01E+04,-1.09E+04,2.59E+04
1.95000E+00,3.90E+03,1.47E+01,1.91E+01,2.41E+01,-2.01E+04,-1.08E+04,9.31E+04
1.95200E+00,3.90E+03,2.11E+01,1.26E+01,2.46E+01,-2.01E+04,-1.05E+04,1.42E+05
1.95400E+00,3.91E+03,2.48E+01,4.46E+00,2.52E+01,-2.01E+04,-1.02E+04,1.74E+05
1.95600E+00,3.91E+03,2.55E+01,-4.38E+00,2.58E+01,-2.02E+04,-9.82E+03,1.76E+05
1.95800E+00,3.92E+03,2.30E+01,-1.28E+01,2.64E+01,-2.02E+04,-9.48E+03,6.00E+04
1.96000E+00,3.92E+03,1.79E+01,-1.97E+01,2.66E+01,-2.02E+04,-9.53E+03,-1.00E+05
1.96200E+00,3.92E+03,1.02E+01,-2.43E+01,2.63E+01,-2.02E+04,-9.94E+03,-1.19E+05
1.96400E+00,3.93E+03,1.17E+00,-2.62E+01,2.62E+01,-2.02E+04,-1.00E+04,1.21E+04
1.96600E+00,3.93E+03,-7.86E+00,-2.52E+01,2.63E+01,-2.03E+04,-9.85E+03,1.15E+05
1.96800E+00,3.94E+03,-1.58E+01,-2.11E+01,2.64E+01,-2.03E+04,-9.59E+03,9.35E+04
1.97000E+00,3.94E+03,-2.18E+01,-1.49E+01,2.64E+01,-2.03E+04,-9.44E+03,8.23E+03
1.97200E+00,3.94E+03,-2.56E+01,-7.04E+00,2.65E+01,-2.03E+04,-9.56E+03,-8.25E+04
1.97400E+00,3.95E+03,-2.61E+01,1.81E+00,2.62E+01,-2.03E+04,-9.79E+03,-1.31E+05
1.97600E+00,3.95E+03,-2.33E+01,1.03E+01,2.55E+01,-2.04E+04,-1.01E+04,-1.47E+05
1.97800E+00,3.96E+03,-1.79E+01,1.74E+01,2.49E+01,-2.04E+04,-1.04E+04,-1.35E+05
1.98000E+00,3.96E+03,-1.02E+01,2.22E+01,2.44E+01,-2.04E+04,-1.06E+04,-1.02E+05
1.98200E+00,3.96E+03,-1.36E+00,2.40E+01,2.41E+01,-2.04E+04,-1.08E+04,-6.29E+04
1.98400E+00,3.97E+03,7.60E+00,2.27E+01,2.39E+01,-2.04E+04,-1.09E+04,6.75E+03
1.98600E+00,3.97E+03,1.56E+01,1.83E+01,2.40E+01,-2.05E+04,-1.08E+04,1.08E+05
1.98800E+00,3.98E+03,2.16E+01,1.17E+01,2.46E+01,-2.05E+04,-1.04E+04,1.70E+05
1.99000E+00,3.98E+03,2.49E+01,3.46E+00,2.52E+01,-2.05E+04,-1.01E+04,1.52E+05
1.99200E+00,3.98E+03,2.53E+01,-5.33E+00,2.58E+01,-2.05E+04,-9.83E+03,1.51E+05
1.99400E+00,3.99E+03,2.25E+01,-1.38E+01,2.64E+01,-2.06E+04,-9.51E+03,7.72E+04
1.99600E+00,3.99E+03,1.72E+01,-2.04E+01,2.67E+01,-2.06E+04,-9.44E+03,-8.19E+04
1.99800E+00,4.00E+03,9.39E+00,-2.47E+01,2.64E+01,-2.06E+04,-9.88E+03,-1.38E+05
2.00000E+00,4.00E+03,2.34E-01,-2.63E+01,2.63E+01,-2.06E+04,-1.01E+04,1.49E+04
2.00200E+00,4.00E+03,-8.78E+00,-2.49E+01,2.64E+01,-2.06E+04,-9.78E+03,1.25E+05
2.00400E+00,4.01E+03,-1.65E+01,-2.07E+01,2.65E+01,-2.06E+04,-9.53E+03,6.61E+04
2.00600E+00,4.01E+03,-2.23E+01,-1.42E+01,2.64E+01,-2.07E+04,-9.51E+03,9.83E+02
2.00800E+00,4.02E+03,-2.57E+01,-6.08E+00,2.64E+01,-2.07E+04,-9.56E+03,-5.45E+04
2.01000E+00,4.02E+03,-2.59E+01,2.62E+00,2.61E+01,-2.07E+04,-9.69E+03,-1.27E+05
2.01200E+00,4.02E+03,-2.30E+01,1.09E+01,2.55E+01,-2.07E+04,-1.01E+04,-1.91E+05
2.01400E+00,4.03E+03,-1.72E+01,1.78E+01,2.48E+01,-2.07E+04,-1.05E+04,-1.57E+05
2.01600E+00,4.03E+03,-9.33E+00,2.24E+01,2.43E+01,-2.08E+04,-1.07E+04,-1.00E+05
2.01800E+00,4.04E+03,-4.44E-01,2.40E+01,2.40E+01,-2.08E+04,-1.09E+04,-1.43E+04
2.02000E+00,4.04E+03,8.49E+00,2.23E+01,2.39E+01,-2.08E+04,-1.08E+04,5.11E+04
2.02200E+00,4.04E+03,1.62E+01,1.79E+01,2.42E+01,-2.08E+04,-1.06E+04,1.17E+05
2.02400E+00,4.05E+03,2.20E+01,1.11E+01,2.46E+01,-2.09E+04,-1.04E+04,1.37E+05
2.02600E+00,4.05E+03,2.50E+01,2.80E+00,2.52E+01,-2.09E+04,-1.00E+04,1.54E+05
2.02800E+00,4.06E+03,2.51E+01,-6.01E+00,2.59E+01,-2.09E+04,-9.76E+03,1.38E+05
2.03000E+00,4.06E+03,2.22E+01,-1.42E+01,2.63E+01,-2.09E+04,-9.49E+03,3.71E+04
2.03200E+00,4.06E+03,1.65E+01,-2.07E+01,2.65E+01,-2.09E+04,-9.56E+03,-1.00E+05
2.03400E+00,4.07E+03,8.56E+00,-2.48E+01,2.62E+01,-2.10E+04,-9.94E+03,-9.18E+04
2.03600E+00,4.07E+03,-5.27E-01,-2.62E+01,2.62E+01,-2.10E+04,-9.97E+03,3.33E+04
2.03800E+00,4.08E+03,-9.36E+00,-2.46E+01,2.63E+01,-2.10E+04,-9.76E+03,1.23E+05
2.04000E+00,4.08E+03,-1.70E+01,-2.01E+01,2.64E+01,-2.10E+04,-9.50E+03,5.92E+04
2.04200E+00,4.08E+03,-2.26E+01,-1.37E+01,2.64E+01,-2.10E+04,-9.46E+03,-1.80E+04
2.04400E+00,4.09E+03,-2.57E+01,-5.46E+00,2.63E+01,-2.10E+04,-9.64E+03,-9.22E+04
2.04600E+00,4.09E+03,-2.58E+01,3.33E+00,2.60E+01,-2.11E+04,-9.80E+03,-1.03E+05
2.04800E+00,4.10E+03,-2.26E+01,1.16E+01,2.54E+01,-2.11E+04,-1.01E+04,-1.35E+05
2.05000E+00,4.10E+03,-1.67E+01,1.83E+01,2.48E+01,-2.11E+04,-1.03E+04,-1.39E+05
2.05200E+00,4.10E+03,-8.86E+00,2.26E+01,2.42E+01,-2.11E+04,-1.06E+04,-1.15E+05
2.05400E+00,4.11E+03,2.53E-02,2.39E+01,2.39E+01,-2.12E+04,-1.08E+04,-6.22E+04
2.05600E+00,4.11E+03,8.86E+00,2.22E+01,2.39E+01,-2.12E+04,-1.09E+04,4.22E+04
2.05800E+00,4.12E+03,1.66E+01,1.75E+01,2.41E+01,-2.12E+04,-1.07E+04,1.24E+05
2.06000E+00,4.12E+03,2.22E+01,1.06E+01,2.46E+01,-2.12E+04,-1.03E+04,1.56E+05
2.06200E+00,4.12E+03,2.51E+01,2.27E+00,2.52E+01,-2.12E+04,-1.00E+04,1.46E+05
2.06400E+00,4.13E+03,2.50E+01,-6.54E+00,2.59E+01,-2.13E+04,-9.74E+03,1.54E+05
2.06600E+00,4.13E+03,2.20E+01,-1.47E+01,2.64E+01,-2.13E+04,-9.43E+03,4.40E+04
2.06800E+00,4.14E+03,1.63E+01,-2.11E+01,2.66E+01,-2.13E+04,-9.51E+03,-1.07E+05
2.07000E+00,4.14E+03,8.18E+00,-2.49E+01,2.63E+01,-2.13E+04,-9.92E+03,-9.93E+04
2.07200E+00,4.14E+03,-9.41E-01,-2.63E+01,2.63E+01,-2.13E+04,-9.95E+03,4.96E+04
2.07400E+00,4.15E+03,-9.74E+00,-2.46E+01,2.64E+01,-2.14E+04,-9.67E+03,1.28E+05
2.07600E+00,4.15E+03,-1.73E+01,-2.00E+01,2.65E+01,-2.14E+04,-9.44E+03,6.58E+04
2.07800E+00,4.16E+03,-2.27E+01,-1.34E+01,2.64E+01,-2.14E+04,-9.39E+03,-1.71E+04
2.08000E+00,4.16E+03,-2.58E+01,-5.36E+00,2.64E+01,-2.14E+04,-9.53E+03,-8.70E+04
2.08200E+00,4.16E+03,-2.59E+01,3.42E+00,2.61E+01,-2.14E+04,-9.73E+03,-1.24E+05
2.08400E+00,4.17E+03,-2.26E+01,1.16E+01,2.54E+01,-2.14E+04,-1.00E+04,-1.49E+05
2.08600E+00,4.17E+03,-1.67E+01,1.83E+01,2.48E+01,-2.15E+04,-1.03E+04,-1.48E+05
2.08800E+00,4.18E+03,-8.84E+00,2.25E+01,2.42E+01,-2.15E+04,-1.06E+04,-1.15E+05
2.09000E+00,4.18E+03,2.71E-02,2.39E+01,2.39E+01,-2.15E+04,-1.08E+04,-6.30E+04
2.09200E+00,4.18E+03,8.85E+00,2.21E+01,2.38E+01,-2.15E+04,-1.09E+04,3.89E+04
2.09400E+00,4.19E+03,1.66E+01,1.74E+01,2.41E+01,-2.16E+04,-1.07E+04,1.29E+05
2.09600E+00,4.19E+03,2.22E+01,1.06E+01,2.46E+01,-2.16E+04,-1.03E+04,1.63E+05
2.09800E+00,4.20E+03,2.51E+01,2.28E+00,2.52E+01,-2.16E+04,-1.00E+04,1.55E+05
2.10000E+00,4.20E+03,2.51E+01,-6.51E+00,2.59E+01,-2.16E+04,-9.70E+03,1.51E+05
2.10200E+00,4.20E+03,2.20E+01,-1.46E+01,2.64E+01,-2.16E+04,-9.41E+03,2.87E+04
2.10400E+00,4.21E+03,1.63E+01,-2.10E+01,2.65E+01,-2.17E+04,-9.54E+03,-1.08E+05
2.10600E+00,4.21E+03,8.19E+00,-2.49E+01,2.62E+01,-2.17E+04,-9.91E+03,-7.44E+04
2.10800E+00,4.22E+03,-8.50E-01,-2.63E+01,2.63E+01,-2.17E+04,-9.86E+03,6.13E+04
2.11000E+00,4.22E+03,-9.58E+00,-2.46E+01,2.64E+01,-2.17E+04,-9.61E+03,1.10E+05
2.11200E+00,4.22E+03,-1.71E+01,-2.02E+01,2.65E+01,-2.17E+04,-9.44E+03,4.87E+04
2.11400E+00,4.23E+03,-2.27E+01,-1.36E+01,2.65E+01,-2.17E+04,-9.39E+03,-1.85E+04
2.11600E+00,4.23E+03,-2.59E+01,-5.56E+00,2.65E+01,-2.18E+04,-9.53E+03,-8.94E+04
2.11800E+00,4.24E+03,-2.59E+01,3.23E+00,2.61E+01,-2.18E+04,-9.75E+03,-1.21E+05
2.12000E+00,4.24E+03,-2.27E+01,1.15E+01,2.55E+01,-2.18E+04,-1.00E+04,-1.32E+05
2.12200E+00,4.24E+03,-1.69E+01,1.82E+01,2.48E+01,-2.18E+04,-1.03E+04,-1.34E+05
2.12400E+00,4.25E+03,-9.11E+00,2.25E+01,2.43E+01,-2.18E+04,-1.06E+04,-1.21E+05
2.12600E+00,4.25E+03,-2.52E-01,2.39E+01,2.39E+01,-2.19E+04,-1.08E+04,-4.44E+04
2.12800E+00,4.26E+03,8.57E+00,2.22E+01,2.38E+01,-2.19E+04,-1.07E+04,3.69E+04
2.13000E+00,4.26E+03,1.62E+01,1.77E+01,2.40E+01,-2.19E+04,-1.06E+04,8.94E+04
2.13200E+00,4.26E+03,2.19E+01,1.09E+01,2.44E+01,-2.19E+04,-1.04E+04,1.21E+05
2.13400E+00,4.27E+03,2.50E+01,2.63E+00,2.52E+01,-2.20E+04,-1.01E+04,1.67E+05
2.13600E+00,4.27E+03,2.50E+01,-6.17E+00,2.57E+01,-2.20E+04,-9.74E+03,1.67E+05
2.13800E+00,4.28E+03,2.21E+01,-1.43E+01,2.63E+01,-2.20E+04,-9.42E+03,7.15E+04
2.14000E+00,4.28E+03,1.66E+01,-2.08E+01,2.66E+01,-2.20E+04,-9.42E+03,-9.13E+04
2.14200E+00,4.28E+03,8.71E+00,-2.48E+01,2.63E+01,-2.20E+04,-9.81E+03,-1.09E+05
2.14400E+00,4.29E+03,-3.55E-01,-2.63E+01,2.63E+01,-2.21E+04,-9.93E+03,1.44E+04
2.14600E+00,4.29E+03,-9.20E+00,-2.48E+01,2.64E+01,-2.21E+04,-9.70E+03,1.27E+05
2.14800E+00,4.30E+03,-1.68E+01,-2.04E+01,2.64E+01,-2.21E+04,-9.43E+03,6.41E+04
2.15000E+00,4.30E+03,-2.24E+01,-1.40E+01,2.64E+01,-2.21E+04,-9.39E+03,-3.91E+03
2.15200E+00,4.30E+03,-2.58E+01,-5.89E+00,2.64E+01,-2.21E+04,-9.50E+03,-8.15E+04
2.15400E+00,4.31E+03,-2.60E+01,2.78E+00,2.61E+01,-2.21E+04,-9.67E+03,-1.28E+05
2.15600E+00,4.31E+03,-2.29E+01,1.11E+01,2.55E+01,-2.22E+04,-1.00E+04,-1.67E+05
2.15800E+00,4.32E+03,-1.72E+01,1.79E+01,2.48E+01,-2.22E+04,-1.04E+04,-1.36E+05
2.16000E+00,4.32E+03,-9.41E+00,2.24E+01,2.43E+01,-2.22E+04,-1.06E+04,-8.80E+04
2.16200E+00,4.32E+03,-5.93E-01,2.40E+01,2.40E+01,-2.22E+04,-1.07E+04,-3.33E+04
2.16400E+00,4.33E+03,8.19E+00,2.24E+01,2.39E+01,-2.23E+04,-1.07E+04,2.08E+04
2.16600E+00,4.33E+03,1.59E+01,1.81E+01,2.41E+01,-2.23E+04,-1.06E+04,9.73E+04
2.16800E+00,4.34E+03,2.18E+01,1.13E+01,2.46E+01,-2.23E+04,-1.03E+04,1.53E+05
2.17000E+00,4.34E+03,2.50E+01,3.17E+00,2.52E+01,-2.23E+04,-9.97E+03,1.62E+05
2.17200E+00,4.34E+03,2.52E+01,-5.57E+00,2.58E+01,-2.23E+04,-9.70E+03,1.38E+05
2.17400E+00,4.35E+03,2.25E+01,-1.38E+01,2.64E+01,-2.24E+04,-9.43E+03,2.60E+04
2.17600E+00,4.35E+03,1.70E+01,-2.03E+01,2.65E+01,-2.24E+04,-9.54E+03,-9.56E+04
2.17800E+00,4.36E+03,9.08E+00,-2.46E+01,2.62E+01,-2.24E+04,-9.89E+03,-8.43E+04
2.18000E+00,4.36E+03,1.29E-01,-2.62E+01,2.62E+01,-2.24E+04,-9.88E+03,6.16E+04
2.18200E+00,4.36E+03,-8.70E+00,-2.49E+01,2.63E+01,-2.24E+04,-9.62E+03,1.19E+05
2.18400E+00,4.37E+03,-1.63E+01,-2.07E+01,2.64E+01,-2.24E+04,-9.39E+03,4.26E+04
2.18600E+00,4.37E+03,-2.21E+01,-1.45E+01,2.64E+01,-2.25E+04,-9.43E+03,-2.46E+04
2.18800E+00,4.38E+03,-2.56E+01,-6.42E+00,2.64E+01,-2.25E+04,-9.54E+03,-7.06E+04
2.19000E+00,4.38E+03,-2.60E+01,2.26E+00,2.61E+01,-2.25E+04,-9.67E+03,-1.03E+05
2.19200E+00,4.38E+03,-2.31E+01,1.06E+01,2.55E+01,-2.25E+04,-9.98E+03,-1.50E+05
2.19400E+00,4.39E+03,-1.76E+01,1.75E+01,2.49E+01,-2.25E+04,-1.03E+04,-1.39E+05
2.19600E+00,4.39E+03,-1.00E+01,2.22E+01,2.43E+01,-2.26E+04,-1.05E+04,-1.09E+05
2.19800E+00,4.40E+03,-1.24E+00,2.39E+01,2.39E+01,-2.26E+04,-1.07E+04,-6.56E+04
2.20000E+00,4.40E+03,7.58E+00,2.26E+01,2.38E+01,-2.26E+04,-1.08E+04,4.02E+04
2.20200E+00,4.40E+03,1.55E+01,1.83E+01,2.39E+01,-2.26E+04,-1.06E+04,9.62E+04
2.20400E+00,4.41E+03,2.13E+01,1.19E+01,2.44E+01,-2.27E+04,-1.03E+04,1.38E+05
2.20600E+00,4.41E+03,2.48E+01,3.68E+00,2.51E+01,-2.27E+04,-1.01E+04,1.34E+05
2.20800E+00,4.42E+03,2.52E+01,-5.03E+00,2.57E+01,-2.27E+04,-9.76E+03,1.77E+05
2.21000E+00,4.42E+03,2.27E+01,-1.34E+01,2.63E+01,-2.27E+04,-9.42E+03,8.59E+04
2.21200E+00,4.42E+03,1.75E+01,-2.01E+01,2.67E+01,-2.27E+04,-9.34E+03,-7.01E+04
2.21400E+00,4.43E+03,9.90E+00,-2.44E+01,2.64E+01,-2.27E+04,-9.74E+03,-1.33E+05
2.21600E+00,4.43E+03,9.40E-01,-2.62E+01,2.63E+01,-2.28E+04,-9.93E+03,-1.09E+04
2.21800E+00,4.44E+03,-8.02E+00,-2.52E+01,2.64E+01,-2.28E+04,-9.75E+03,1.14E+05
2.22000E+00,4.44E+03,-1.59E+01,-2.11E+01,2.65E+01,-2.28E+04,-9.47E+03,1.04E+05
2.22200E+00,4.44E+03,-2.18E+01,-1.49E+01,2.64E+01,-2.28E+04,-9.31E+03,1.51E+04
2.22400E+00,4.45E+03,-2.55E+01,-7.24E+00,2.65E+01,-2.28E+04,-9.42E+03,-7.69E+04
2.22600E+00,4.45E+03,-2.61E+01,1.47E+00,2.61E+01,-2.29E+04,-9.63E+03,-1.46E+05
2.22800E+00,4.46E+03,-2.35E+01,9.85E+00,2.55E+01,-2.29E+04,-9.98E+03,-1.63E+05
2.23000E+00,4.46E+03,-1.82E+01,1.70E+01,2.49E+01,-2.29E+04,-1.03E+04,-1.29E+05
2.23200E+00,4.46E+03,-1.07E+01,2.19E+01,2.43E+01,-2.29E+04,-1.05E+04,-8.42E+04
2.23400E+00,4.47E+03,-2.08E+00,2.40E+01,2.41E+01,-2.29E+04,-1.06E+04,-4.81E+04
2.23600E+00,4.47E+03,6.83E+00,2.30E+01,2.40E+01,-2.30E+04,-1.07E+04,7.76E+03
2.23800E+00,4.48E+03,1.48E+01,1.90E+01,2.41E+01,-2.30E+04,-1.06E+04,8.22E+04
2.24000E+00,4.48E+03,2.10E+01,1.27E+01,2.46E+01,-2.30E+04,-1.04E+04,1.31E+05
2.24200E+00,4.48E+03,2.47E+01,4.61E+00,2.51E+01,-2.30E+04,-1.01E+04,1.76E+05
2.24400E+00,4.49E+03,2.54E+01,-4.11E+00,2.58E+01,-2.30E+04,-9.68E+03,1.65E+05
2.24600E+00,4.49E+03,2.32E+01,-1.24E+01,2.63E+01,-2.31E+04,-9.38E+03,6.27E+04
2.24800E+00,4.50E+03,1.82E+01,-1.93E+01,2.66E+01,-2.31E+04,-9.41E+03,-8.94E+04
2.25000E+00,4.50E+03,1.08E+01,-2.40E+01,2.63E+01,-2.31E+04,-9.76E+03,-1.12E+05
2.25200E+00,4.50E+03,1.94E+00,-2.61E+01,2.62E+01,-2.31E+04,-9.91E+03,6.63E+03
2.25400E+00,4.51E+03,-7.01E+00,-2.54E+01,2.63E+01,-2.31E+04,-9.70E+03,1.17E+05
2.25600E+00,4.51E+03,-1.50E+01,-2.18E+01,2.64E+01,-2.32E+04,-9.43E+03,7.91E+04
2.25800E+00,4.52E+03,-2.11E+01,-1.58E+01,2.64E+01,-2.32E+04,-9.36E+03,5.43E+03
2.26000E+00,4.52E+03,-2.52E+01,-8.19E+00,2.65E+01,-2.32E+04,-9.44E+03,-6.70E+04
2.26200E+00,4.52E+03,-2.62E+01,4.20E-01,2.62E+01,-2.32E+04,-9.61E+03,-1.19E+05
2.26400E+00,4.53E+03,-2.40E+01,8.94E+00,2.56E+01,-2.32E+04,-9.93E+03,-1.38E+05
2.26600E+00,4.53E+03,-1.90E+01,1.63E+01,2.50E+01,-2.33E+04,-1.02E+04,-1.27E+05
2.26800E+00,4.54E+03,-1.18E+01,2.14E+01,2.45E+01,-2.33E+04,-1.04E+04,-1.10E+05
2.27000E+00,4.54E+03,-3.24E+00,2.39E+01,2.41E+01,-2.33E+04,-1.06E+04,-7.55E+04
2.27200E+00,4.54E+03,5.67E+00,2.32E+01,2.39E+01,-2.33E+04,-1.07E+04,9.73E+03
2.27400E+00,4.55E+03,1.38E+01,1.97E+01,2.41E+01,-2.33E+04,-1.06E+04,9.30E+04
2.27600E+00,4.55E+03,2.03E+01,1.36E+01,2.45E+01,-2.34E+04,-1.03E+04,1.17E+05
2.27800E+00,4.56E+03,2.42E+01,5.83E+00,2.49E+01,-2.34E+04,-1.01E+04,1.53E+05
2.28000E+00,4.56E+03,2.55E+01,-2.94E+00,2.56E+01,-2.34E+04,-9.77E+03,1.69E+05
2.28200E+00,4.56E+03,2.37E+01,-1.13E+01,2.63E+01,-2.34E+04,-9.38E+03,9.63E+04
2.28400E+00,4.57E+03,1.91E+01,-1.85E+01,2.66E+01,-2.34E+04,-9.38E+03,-8.38E+04
2.28600E+00,4.57E+03,1.19E+01,-2.35E+01,2.63E+01,-2.35E+04,-9.73E+03,-1.11E+05
2.28800E+00,4.58E+03,3.19E+00,-2.60E+01,2.62E+01,-2.35E+04,-9.89E+03,8.35E+03
2.29000E+00,4.58E+03,-5.77E+00,-2.57E+01,2.64E+01,-2.35E+04,-9.66E+03,1.17E+05
2.29200E+00,4.58E+03,-1.39E+01,-2.25E+01,2.64E+01,-2.35E+04,-9.40E+03,7.28E+04
2.29400E+00,4.59E+03,-2.03E+01,-1.69E+01,2.65E+01,-2.35E+04,-9.35E+03,-2.37E+03
2.29600E+00,4.59E+03,-2.47E+01,-9.45E+00,2.65E+01,-2.36E+04,-9.44E+03,-6.51E+04
2.29800E+00,4.60E+03,-2.62E+01,-9.05E-01,2.62E+01,-2.36E+04,-9.60E+03,-1.12E+05
2.30000E+00,4.60E+03,-2.44E+01,7.69E+00,2.56E+01,-2.36E+04,-9.90E+03,-1.39E+05
2.30200E+00,4.60E+03,-1.99E+01,1.53E+01,2.51E+01,-2.36E+04,-1.02E+04,-1.30E+05
2.30400E+00,4.61E+03,-1.29E+01,2.08E+01,2.45E+01,-2.36E+04,-1.04E+04,-1.03E+05
2.30600E+00,4.61E+03,-4.51E+00,2.37E+01,2.41E+01,-2.37E+04,-1.06E+04,-7.51E+04
2.30800E+00,4.62E+03,4.36E+00,2.34E+01,2.38E+01,-2.37E+04,-1.07E+04,-2.50E+04
2.31000E+00,4.62E+03,1.27E+01,2.03E+01,2.39E+01,-2.37E+04,-1.07E+04,7.18E+04
2.31200E+00,4.62E+03,1.95E+01,1.45E+01,2.43E+01,-2.37E+04,-1.04E+04,1.32E+05
2.31400E+00,4.63E+03,2.38E+01,6.95E+00,2.48E+01,-2.37E+04,-1.01E+04,1.67E+05
2.31600E+00,4.63E+03,2.55E+01,-1.71E+00,2.55E+01,-2.38E+04,-9.81E+03,1.57E+05
2.31800E+00,4.64E+03,2.41E+01,-1.02E+01,2.61E+01,-2.38E+04,-9.45E+03,1.33E+05
2.32000E+00,4.64E+03,1.99E+01,-1.77E+01,2.66E+01,-2.38E+04,-9.29E+03,-4.27E+04
2.32200E+00,4.64E+03,1.32E+01,-2.29E+01,2.65E+01,-2.38E+04,-9.58E+03,-1.32E+05
2.32400E+00,4.65E+03,4.57E+00,-2.58E+01,2.62E+01,-2.38E+04,-9.92E+03,-6.37E+04
2.32600E+00,4.65E+03,-4.48E+00,-2.60E+01,2.63E+01,-2.39E+04,-9.80E+03,1.11E+05
2.32800E+00,4.66E+03,-1.29E+01,-2.30E+01,2.64E+01,-2.39E+04,-9.47E+03,1.16E+05
2.33000E+00,4.66E+03,-1.95E+01,-1.78E+01,2.64E+01,-2.39E+04,-9.29E+03,2.00E+04
2.33200E+00,4.66E+03,-2.42E+01,-1.06E+01,2.64E+01,-2.39E+04,-9.42E+03,-7.71E+04
2.33400E+00,4.67E+03,-2.62E+01,-2.13E+00,2.63E+01,-2.39E+04,-9.61E+03,-1.08E+05
2.33600E+00,4.67E+03,-2.49E+01,6.54E+00,2.57E+01,-2.40E+04,-9.84E+03,-1.26E+05
2.33800E+00,4.68E+03,-2.07E+01,1.43E+01,2.51E+01,-2.40E+04,-1.01E+04,-1.24E+05
2.34000E+00,4.68E+03,-1.40E+01,2.02E+01,2.45E+01,-2.40E+04,-1.03E+04,-1.19E+05
2.34200E+00,4.68E+03,-5.79E+00,2.34E+01,2.41E+01,-2.40E+04,-1.06E+04,-8.20E+04
2.34400E+00,4.69E+03,3.14E+00,2.37E+01,2.39E+01,-2.40E+04,-1.07E+04,-3.16E+04
2.34600E+00,4.69E+03,1.16E+01,2.09E+01,2.39E+01,-2.41E+04,-1.07E+04,5.64E+04
2.34800E+00,4.70E+03,1.87E+01,1.56E+01,2.43E+01,-2.41E+04,-1.05E+04,1.29E+05
2.35000E+00,4.70E+03,2.35E+01,8.12E+00,2.48E+01,-2.41E+04,-1.01E+04,1.77E+05
2.35200E+00,4.70E+03,2.56E+01,-3.72E-01,2.56E+01,-2.41E+04,-9.79E+03,1.73E+05
2.35400E+00,4.71E+03,2.46E+01,-8.99E+00,2.62E+01,-2.41E+04,-9.46E+03,1.14E+05
2.35600E+00,4.71E+03,2.08E+01,-1.66E+01,2.66E+01,-2.42E+04,-9.31E+03,-4.52E+04
2.35800E+00,4.72E+03,1.43E+01,-2.22E+01,2.64E+01,-2.42E+04,-9.63E+03,-1.28E+05
2.36000E+00,4.72E+03,5.82E+00,-2.55E+01,2.62E+01,-2.42E+04,-9.91E+03,-3.61E+04
2.36200E+00,4.72E+03,-3.18E+00,-2.61E+01,2.63E+01,-2.42E+04,-9.74E+03,9.19E+04
2.36400E+00,4.73E+03,-1.16E+01,-2.36E+01,2.63E+01,-2.42E+04,-9.51E+03,8.45E+04
2.36600E+00,4.73E+03,-1.86E+01,-1.86E+01,2.63E+01,-2.43E+04,-9.40E+03,2.91E+04
2.36800E+00,4.74E+03,-2.37E+01,-1.17E+01,2.64E+01,-2.43E+04,-9.40E+03,-3.21E+04
2.37000E+00,4.74E+03,-2.61E+01,-3.40E+00,2.63E+01,-2.43E+04,-9.52E+03,-1.00E+05
2.37200E+00,4.74E+03,-2.52E+01,5.30E+00,2.58E+01,-2.43E+04,-9.80E+03,-1.42E+05
2.37400E+00,4.75E+03,-2.14E+01,1.33E+01,2.52E+01,-2.43E+04,-1.01E+04,-1.28E+05
2.37600E+00,4.75E+03,-1.51E+01,1.95E+01,2.46E+01,-2.44E+04,-1.03E+04,-1.12E+05
2.37800E+00,4.76E+03,-7.04E+00,2.31E+01,2.42E+01,-2.44E+04,-1.05E+04,-7.76E+04
2.38000E+00,4.76E+03,1.84E+00,2.38E+01,2.39E+01,-2.44E+04,-1.07E+04,-4.29E+04
2.38200E+00,4.76E+03,1.03E+01,2.15E+01,2.38E+01,-2.44E+04,-1.07E+04,4.09E+04
2.38400E+00,4.77E+03,1.77E+01,1.64E+01,2.41E+01,-2.44E+04,-1.05E+04,1.19E+05
2.38600E+00,4.77E+03,2.28E+01,9.28E+00,2.46E+01,-2.45E+04,-1.02E+04,1.47E+05
2.38800E+00,4.78E+03,2.52E+01,9.57E-01,2.52E+01,-2.45E+04,-9.93E+03,1.44E+05
2.39000E+00,4.78E+03,2.47E+01,-7.82E+00,2.59E+01,-2.45E+04,-9.64E+03,1.49E+05
2.39200E+00,4.78E+03,2.13E+01,-1.57E+01,2.65E+01,-2.45E+04,-9.29E+03,5.23E+04
2.39400E+00,4.79E+03,1.54E+01,-2.18E+01,2.67E+01,-2.45E+04,-9.40E+03,-1.27E+05
2.39600E+00,4.79E+03,7.26E+00,-2.53E+01,2.63E+01,-2.46E+04,-9.85E+03,-1.17E+05
2.39800E+00,4.80E+03,-1.89E+00,-2.62E+01,2.63E+01,-2.46E+04,-9.92E+03,4.16E+04
2.40000E+00,4.80E+03,-1.06E+01,-2.42E+01,2.64E+01,-2.46E+04,-9.62E+03,1.44E+05
2.40200E+00,4.80E+03,-1.79E+01,-1.95E+01,2.64E+01,-2.46E+04,-9.34E+03,7.96E+04
2.40400E+00,4.81E+03,-2.31E+01,-1.28E+01,2.64E+01,-2.46E+04,-9.28E+03,-1.96E+04
2.40600E+00,4.81E+03,-2.60E+01,-4.71E+00,2.64E+01,-2.46E+04,-9.45E+03,-9.08E+04
2.40800E+00,4.82E+03,-2.58E+01,4.00E+00,2.61E+01,-2.47E+04,-9.65E+03,-1.41E+05
2.41000E+00,4.82E+03,-2.23E+01,1.20E+01,2.54E+01,-2.47E+04,-9.99E+03,-1.81E+05
2.41200E+00,4.82E+03,-1.63E+01,1.86E+01,2.47E+01,-2.47E+04,-1.04E+04,-1.48E+05
2.41400E+00,4.83E+03,-8.31E+00,2.27E+01,2.42E+01,-2.47E+04,-1.06E+04,-6.90E+04
2.41600E+00,4.83E+03,4.79E-01,2.40E+01,2.40E+01,-2.48E+04,-1.07E+04,-2.29E+04
2.41800E+00,4.84E+03,9.18E+00,2.21E+01,2.40E+01,-2.48E+04,-1.07E+04,3.80E+04
2.42000E+00,4.84E+03,1.68E+01,1.74E+01,2.42E+01,-2.48E+04,-1.05E+04,1.19E+05
2.42200E+00,4.84E+03,2.24E+01,1.06E+01,2.48E+01,-2.48E+04,-1.02E+04,1.54E+05
2.42400E+00,4.85E+03,2.52E+01,2.36E+00,2.53E+01,-2.48E+04,-9.90E+03,1.43E+05
2.42600E+00,4.85E+03,2.52E+01,-6.36E+00,2.59E+01,-2.49E+04,-9.62E+03,1.28E+05
2.42800E+00,4.86E+03,2.21E+01,-1.44E+01,2.64E+01,-2.49E+04,-9.38E+03,1.53E+04
2.43000E+00,4.86E+03,1.64E+01,-2.08E+01,2.65E+01,-2.49E+04,-9.52E+03,-9.34E+04
2.43200E+00,4.86E+03,8.42E+00,-2.48E+01,2.62E+01,-2.49E+04,-9.83E+03,-6.46E+04
2.43400E+00,4.87E+03,-4.62E-01,-2.62E+01,2.62E+01,-2.49E+04,-9.78E+03,5.47E+04
2.43600E+00,4.87E+03,-9.16E+00,-2.47E+01,2.63E+01,-2.50E+04,-9.58E+03,9.74E+04
2.43800E+00,4.88E+03,-1.67E+01,-2.04E+01,2.63E+01,-2.50E+04,-9.39E+03,3.63E+04
2.44000E+00,4.88E+03,-2.24E+01,-1.41E+01,2.65E+01,-2.50E+04,-9.40E+03,-1.59E+04
2.44200E+00,4.88E+03,-2.58E+01,-5.98E+00,2.65E+01,-2.50E+04,-9.50E+03,-6.93E+04
2.44400E+00,4.89E+03,-2.59E+01,2.68E+00,2.60E+01,-2.50E+04,-9.64E+03,-1.06E+05
2.44600E+00,4.89E+03,-2.30E+01,1.10E+01,2.55E+01,-2.50E+04,-9.95E+03,-1.38E+05
2.44800E+00,4.90E+03,-1.74E+01,1.78E+01,2.49E+01,-2.51E+04,-1.02E+04,-1.27E+05
2.45000E+00,4.90E+03,-9.78E+00,2.23E+01,2.43E+01,-2.51E+04,-1.04E+04,-1.05E+05
2.45200E+00,4.90E+03,-1.06E+00,2.40E+01,2.40E+01,-2.51E+04,-1.06E+04,-6.95E+04
2.45400E+00,4.91E+03,7.71E+00,2.26E+01,2.38E+01,-2.51E+04,-1.07E+04,4.01E+04
2.45600E+00,4.91E+03,1.55E+01,1.83E+01,2.40E+01,-2.52E+04,-1.05E+04,9.50E+04
2.45800E+00,4.92E+03,2.14E+01,1.19E+01,2.44E+01,-2.52E+04,-1.03E+04,1.32E+05
2.46000E+00,4.92E+03,2.47E+01,3.73E+00,2.50E+01,-2.52E+04,-1.00E+04,1.25E+05
2.46200E+00,4.92E+03,2.52E+01,-4.92E+00,2.57E+01,-2.52E+04,-9.72E+03,1.71E+05
2.46400E+00,4.93E+03,2.27E+01,-1.33E+01,2.63E+01,-2.52E+04,-9.39E+03,8.85E+04
2.46600E+00,4.93E+03,1.76E+01,-1.99E+01,2.66E+01,-2.52E+04,-9.29E+03,-7.74E+04
2.46800E+00,4.94E+03,1.01E+01,-2.43E+01,2.63E+01,-2.53E+04,-9.73E+03,-1.48E+05
2.47000E+00,4.94E+03,1.12E+00,-2.61E+01,2.61E+01,-2.53E+04,-9.96E+03,-1.88E+04
2.47200E+00,4.94E+03,-7.84E+00,-2.51E+01,2.63E+01,-2.53E+04,-9.76E+03,1.22E+05
2.47400E+00,4.95E+03,-1.57E+01,-2.12E+01,2.64E+01,-2.53E+04,-9.47E+03,1.28E+05
2.47600E+00,4.95E+03,-2.16E+01,-1.50E+01,2.63E+01,-2.53E+04,-9.23E+03,3.31E+04
2.47800E+00,4.96E+03,-2.53E+01,-7.48E+00,2.64E+01,-2.54E+04,-9.32E+03,-8.05E+04
2.48000E+00,4.96E+03,-2.62E+01,1.14E+00,2.62E+01,-2.54E+04,-9.59E+03,-1.40E+05
2.48200E+00,4.96E+03,-2.37E+01,9.55E+00,2.56E+01,-2.54E+04,-9.87E+03,-1.58E+05
2.48400E+00,4.97E+03,-1.86E+01,1.67E+01,2.50E+01,-2.54E+04,-1.02E+04,-1.41E+05
2.48600E+00,4.97E+03,-1.11E+01,2.17E+01,2.44E+01,-2.54E+04,-1.05E+04,-9.46E+04
2.48800E+00,4.98E+03,-2.60E+00,2.39E+01,2.41E+01,-2.55E+04,-1.06E+04,-3.96E+04
2.49000E+00,4.98E+03,6.25E+00,2.31E+01,2.40E+01,-2.55E+04,-1.06E+04,-2.78E+03
2.49200E+00,4.98E+03,1.43E+01,1.94E+01,2.41E+01,-2.55E+04,-1.06E+04,7.28E+04
2.49400E+00,4.99E+03,2.06E+01,1.32E+01,2.44E+01,-2.55E+04,-1.04E+04,1.35E+05
2.49600E+00,4.99E+03,2.45E+01,5.29E+00,2.50E+01,-2.55E+04,-1.00E+04,1.66E+05
2.49800E+00,5.00E+03,2.55E+01,-3.36E+00,2.57E+01,-2.56E+04,-9.70E+03,1.59E+05
2.50000E+00,5.00E+03,2.35E+01,-1.18E+01,2.63E+01,-2.56E+04,-9.39E+03,8.47E+04
2.50200E+00,5.00E+03,1.88E+01,-1.88E+01,2.66E+01,-2.56E+04,-9.32E+03,-6.76E+04
2.50400E+00,5.01E+03,1.16E+01,-2.36E+01,2.63E+01,-2.56E+04,-9.67E+03,-1.30E+05
2.50600E+00,5.01E+03,2.85E+00,-2.59E+01,2.61E+01,-2.56E+04,-9.90E+03,-2.02E+04
2.50800E+00,5.02E+03,-6.13E+00,-2.56E+01,2.63E+01,-2.57E+04,-9.73E+03,1.21E+05
2.51000E+00,5.02E+03,-1.42E+01,-2.22E+01,2.64E+01,-2.57E+04,-9.40E+03,7.92E+04
2.51200E+00,5.02E+03,-2.05E+01,-1.65E+01,2.63E+01,-2.57E+04,-9.37E+03,1.28E+04
2.51400E+00,5.03E+03,-2.48E+01,-8.99E+00,2.64E+01,-2.57E+04,-9.43E+03,-5.09E+04
2.51600E+00,5.03E+03,-2.62E+01,-5.45E-01,2.62E+01,-2.57E+04,-9.51E+03,-1.00E+05
2.51800E+00,5.04E+03,-2.44E+01,7.99E+00,2.57E+01,-2.58E+04,-9.85E+03,-1.56E+05
2.52000E+00,5.04E+03,-1.97E+01,1.55E+01,2.51E+01,-2.58E+04,-1.01E+04,-1.31E+05
2.52200E+00,5.04E+03,-1.27E+01,2.09E+01,2.45E+01,-2.58E+04,-1.04E+04,-9.95E+04
2.52400E+00,5.05E+03,-4.33E+00,2.38E+01,2.42E+01,-2.58E+04,-1.06E+04,-7.04E+04
2.52600E+00,5.05E+03,4.55E+00,2.35E+01,2.40E+01,-2.58E+04,-1.06E+04,-2.60E+04
2.52800E+00,5.06E+03,1.28E+01,2.03E+01,2.40E+01,-2.59E+04,-1.07E+04,7.95E+04
2.53000E+00,5.06E+03,1.96E+01,1.45E+01,2.44E+01,-2.59E+04,-1.04E+04,1.39E+05
2.53200E+00,5.06E+03,2.39E+01,6.98E+00,2.49E+01,-2.59E+04,-1.00E+04,1.69E+05
2.53400E+00,5.07E+03,2.56E+01,-1.65E+00,2.57E+01,-2.59E+04,-9.74E+03,1.50E+05
2.53600E+00,5.07E+03,2.42E+01,-1.01E+01,2.62E+01,-2.59E+04,-9.39E+03,1.06E+05
2.53800E+00,5.08E+03,2.00E+01,-1.75E+01,2.66E+01,-2.60E+04,-9.31E+03,-5.31E+04
2.54000E+00,5.08E+03,1.32E+01,-2.29E+01,2.64E+01,-2.60E+04,-9.60E+03,-1.16E+05
2.54200E+00,5.08E+03,4.72E+00,-2.58E+01,2.62E+01,-2.60E+04,-9.84E+03,-3.71E+04
2.54400E+00,5.09E+03,-4.25E+00,-2.60E+01,2.63E+01,-2.60E+04,-9.73E+03,9.17E+04
2.54600E+00,5.09E+03,-1.26E+01,-2.31E+01,2.63E+01,-2.60E+04,-9.46E+03,8.59E+04
2.54800E+00,5.10E+03,-1.93E+01,-1.79E+01,2.64E+01,-2.61E+04,-9.35E+03,1.92E+04
2.55000E+00,5.10E+03,-2.41E+01,-1.08E+01,2.64E+01,-2.61E+04,-9.42E+03,-5.95E+04
2.55200E+00,5.10E+03,-2.61E+01,-2.36E+00,2.62E+01,-2.61E+04,-9.57E+03,-9.53E+04
2.55400E+00,5.11E+03,-2.49E+01,6.32E+00,2.57E+01,-2.61E+04,-9.81E+03,-1.25E+05
2.55600E+00,5.11E+03,-2.09E+01,1.41E+01,2.52E+01,-2.61E+04,-1.01E+04,-1.18E+05
2.55800E+00,5.12E+03,-1.43E+01,2.00E+01,2.46E+01,-2.62E+04,-1.03E+04,-1.15E+05
2.56000E+00,5.12E+03,-6.15E+00,2.34E+01,2.42E+01,-2.62E+04,-1.05E+04,-6.83E+04
2.56200E+00,5.12E+03,2.72E+00,2.37E+01,2.39E+01,-2.62E+04,-1.06E+04,-5.05E+03
2.56400E+00,5.13E+03,1.11E+01,2.12E+01,2.39E+01,-2.62E+04,-1.05E+04,5.42E+04
2.56600E+00,5.13E+03,1.81E+01,1.60E+01,2.42E+01,-2.62E+04,-1.04E+04,8.73E+04
2.56800E+00,5.14E+03,2.30E+01,8.73E+00,2.46E+01,-2.63E+04,-1.02E+04,1.10E+05
2.57000E+00,5.14E+03,2.53E+01,3.33E-01,2.53E+01,-2.63E+04,-9.93E+03,1.44E+05
2.57200E+00,5.14E+03,2.45E+01,-8.41E+00,2.59E+01,-2.63E+04,-9.61E+03,1.66E+05
2.57400E+00,5.15E+03,2.09E+01,-1.62E+01,2.64E+01,-2.63E+04,-9.24E+03,5.17E+04
2.57600E+00,5.15E+03,1.49E+01,-2.20E+01,2.65E+01,-2.63E+04,-9.36E+03,-1.31E+05
2.57800E+00,5.16E+03,6.73E+00,-2.53E+01,2.62E+01,-2.64E+04,-9.83E+03,-1.22E+05
2.58000E+00,5.16E+03,-2.38E+00,-2.61E+01,2.62E+01,-2.64E+04,-9.89E+03,4.03E+04
2.58200E+00,5.16E+03,-1.10E+01,-2.40E+01,2.64E+01,-2.64E+04,-9.62E+03,1.48E+05
2.58400E+00,5.17E+03,-1.82E+01,-1.91E+01,2.64E+01,-2.64E+04,-9.31E+03,7.24E+04
2.58600E+00,5.17E+03,-2.32E+01,-1.24E+01,2.63E+01,-2.64E+04,-9.27E+03,-2.32E+04
2.58800E+00,5.18E+03,-2.60E+01,-4.25E+00,2.64E+01,-2.65E+04,-9.46E+03,-8.84E+04
2.59000E+00,5.18E+03,-2.56E+01,4.40E+00,2.60E+01,-2.65E+04,-9.60E+03,-1.26E+05
2.59200E+00,5.18E+03,-2.21E+01,1.23E+01,2.53E+01,-2.65E+04,-9.95E+03,-1.75E+05
2.59400E+00,5.19E+03,-1.60E+01,1.88E+01,2.47E+01,-2.65E+04,-1.03E+04,-1.46E+05
2.59600E+00,5.19E+03,-8.08E+00,2.28E+01,2.42E+01,-2.65E+04,-1.05E+04,-6.38E+04
2.59800E+00,5.20E+03,6.96E-01,2.40E+01,2.40E+01,-2.66E+04,-1.06E+04,-2.03E+04
2.60000E+00,5.20E+03,9.33E+00,2.21E+01,2.40E+01,-2.66E+04,-1.06E+04,3.89E+04
2.60200E+00,5.20E+03,1.69E+01,1.74E+01,2.42E+01,-2.66E+04,-1.05E+04,1.11E+05
2.60400E+00,5.21E+03,2.24E+01,1.06E+01,2.48E+01,-2.66E+04,-1.01E+04,1.52E+05
2.60600E+00,5.21E+03,2.52E+01,2.36E+00,2.53E+01,-2.66E+04,-9.84E+03,1.54E+05
2.60800E+00,5.22E+03,2.51E+01,-6.29E+00,2.59E+01,-2.67E+04,-9.53E+03,1.26E+05
2.61000E+00,5.22E+03,2.22E+01,-1.43E+01,2.64E+01,-2.67E+04,-9.32E+03,9.69E+03
2.61200E+00,5.22E+03,1.65E+01,-2.06E+01,2.64E+01,-2.67E+04,-9.48E+03,-1.01E+05
2.61400E+00,5.23E+03,8.65E+00,-2.47E+01,2.62E+01,-2.67E+04,-9.77E+03,-7.17E+04
2.61600E+00,5.23E+03,-1.94E-01,-2.62E+01,2.62E+01,-2.67E+04,-9.77E+03,5.85E+04
2.61800E+00,5.24E+03,-8.90E+00,-2.47E+01,2.63E+01,-2.67E+04,-9.52E+03,1.12E+05
2.62000E+00,5.24E+03,-1.64E+01,-2.06E+01,2.63E+01,-2.68E+04,-9.30E+03,3.58E+04
2.62200E+00,5.24E+03,-2.21E+01,-1.44E+01,2.64E+01,-2.68E+04,-9.37E+03,-3.22E+04
2.62400E+00,5.25E+03,-2.56E+01,-6.39E+00,2.64E+01,-2.68E+04,-9.48E+03,-6.94E+04
2.62600E+00,5.25E+03,-2.59E+01,2.23E+00,2.60E+01,-2.68E+04,-9.60E+03,-9.58E+04
2.62800E+00,5.26E+03,-2.32E+01,1.05E+01,2.54E+01,-2.68E+04,-9.88E+03,-1.37E+05
2.63000E+00,5.26E+03,-1.78E+01,1.74E+01,2.49E+01,-2.69E+04,-1.02E+04,-1.17E+05
2.63200E+00,5.26E+03,-1.03E+01,2.21E+01,2.44E+01,-2.69E+04,-1.04E+04,-9.11E+04
2.63400E+00,5.27E+03,-1.72E+00,2.39E+01,2.40E+01,-2.69E+04,-1.05E+04,-4.81E+04
2.63600E+00,5.27E+03,6.99E+00,2.28E+01,2.38E+01,-2.69E+04,-1.06E+04,-5.91E+03
2.63800E+00,5.28E+03,1.48E+01,1.89E+01,2.40E+01,-2.69E+04,-1.05E+04,6.48E+04
2.64000E+00,5.28E+03,2.10E+01,1.25E+01,2.44E+01,-2.70E+04,-1.03E+04,1.38E+05
2.64200E+00,5.28E+03,2.46E+01,4.58E+00,2.50E+01,-2.70E+04,-9.95E+03,1.64E+05
2.64400E+00,5.29E+03,2.53E+01,-3.99E+00,2.56E+01,-2.70E+04,-9.65E+03,1.43E+05
2.64600E+00,5.29E+03,2.32E+01,-1.23E+01,2.62E+01,-2.70E+04,-9.40E+03,8.46E+04
2.64800E+00,5.30E+03,1.83E+01,-1.93E+01,2.66E+01,-2.70E+04,-9.28E+03,-5.83E+04
2.65000E+00,5.30E+03,1.10E+01,-2.39E+01,2.63E+01,-2.71E+04,-9.62E+03,-1.30E+05
2.65200E+00,5.30E+03,2.26E+00,-2.60E+01,2.61E+01,-2.71E+04,-9.89E+03,-3.20E+04
2.65400E+00,5.31E+03,-6.69E+00,-2.55E+01,2.63E+01,-2.71E+04,-9.71E+03,1.17E+05
2.65600E+00,5.31E+03,-1.47E+01,-2.20E+01,2.64E+01,-2.71E+04,-9.41E+03,1.18E+05
2.65800E+00,5.32E+03,-2.09E+01,-1.61E+01,2.64E+01,-2.71E+04,-9.22E+03,4.64E+04
2.66000E+00,5.32E+03,-2.50E+01,-8.74E+00,2.65E+01,-2.72E+04,-9.23E+03,-5.39E+04
2.66200E+00,5.32E+03,-2.63E+01,-3.22E-01,2.63E+01,-2.72E+04,-9.43E+03,-1.35E+05
2.66400E+00,5.33E+03,-2.44E+01,8.14E+00,2.57E+01,-2.72E+04,-9.78E+03,-1.65E+05
2.66600E+00,5.33E+03,-1.96E+01,1.56E+01,2.51E+01,-2.72E+04,-1.01E+04,-1.40E+05
2.66800E+00,5.34E+03,-1.26E+01,2.09E+01,2.45E+01,-2.72E+04,-1.03E+04,-1.05E+05
2.67000E+00,5.34E+03,-4.29E+00,2.37E+01,2.41E+01,-2.73E+04,-1.05E+04,-7.03E+04
2.67200E+00,5.34E+03,4.56E+00,2.35E+01,2.39E+01,-2.73E+04,-1.06E+04,-2.16E+04
2.67400E+00,5.35E+03,1.28E+01,2.03E+01,2.40E+01,-2.73E+04,-1.06E+04,8.33E+04
2.67600E+00,5.35E+03,1.96E+01,1.45E+01,2.44E+01,-2.73E+04,-1.03E+04,1.33E+05
2.67800E+00,5.36E+03,2.38E+01,7.04E+00,2.49E+01,-2.73E+04,-1.00E+04,1.64E+05
2.68000E+00,5.36E+03,2.55E+01,-1.54E+00,2.56E+01,-2.74E+04,-9.72E+03,1.49E+05
2.68200E+00,5.36E+03,2.42E+01,-9.97E+00,2.61E+01,-2.74E+04,-9.37E+03,1.10E+05
2.68400E+00,5.37E+03,2.01E+01,-1.74E+01,2.66E+01,-2.74E+04,-9.28E+03,-4.95E+04
2.68600E+00,5.37E+03,1.34E+01,-2.28E+01,2.64E+01,-2.74E+04,-9.56E+03,-1.22E+05
2.68800E+00,5.38E+03,4.92E+00,-2.57E+01,2.62E+01,-2.74E+04,-9.84E+03,-2.46E+04
2.69000E+00,5.38E+03,-4.07E+00,-2.60E+01,2.63E+01,-2.75E+04,-9.65E+03,9.29E+04
2.69200E+00,5.38E+03,-1.23E+01,-2.33E+01,2.64E+01,-2.75E+04,-9.41E+03,8.61E+04
2.69400E+00,5.39E+03,-1.92E+01,-1.82E+01,2.64E+01,-2.75E+04,-9.33E+03,2.38E+04
2.69600E+00,5.39E+03,-2.40E+01,-1.11E+01,2.65E+01,-2.75E+04,-9.31E+03,-2.83E+04
2.69800E+00,5.40E+03,-2.62E+01,-2.86E+00,2.64E+01,-2.75E+04,-9.44E+03,-9.99E+04
2.70000E+00,5.40E+03,-2.52E+01,5.76E+00,2.59E+01,-2.76E+04,-9.72E+03,-1.38E+05
2.70200E+00,5.40E+03,-2.13E+01,1.36E+01,2.52E+01,-2.76E+04,-1.00E+04,-1.21E+05
2.70400E+00,5.41E+03,-1.49E+01,1.97E+01,2.47E+01,-2.76E+04,-1.02E+04,-1.13E+05
2.70600E+00,5.41E+03,-6.90E+00,2.32E+01,2.42E+01,-2.76E+04,-1.04E+04,-8.99E+04
2.70800E+00,5.42E+03,1.93E+00,2.39E+01,2.39E+01,-2.76E+04,-1.06E+04,-4.90E+04
2.71000E+00,5.42E+03,1.04E+01,2.15E+01,2.39E+01,-2.77E+04,-1.06E+04,4.21E+04
2.71200E+00,5.42E+03,1.77E+01,1.65E+01,2.42E+01,-2.77E+04,-1.05E+04,1.28E+05
2.71400E+00,5.43E+03,2.28E+01,9.40E+00,2.47E+01,-2.77E+04,-1.01E+04,1.57E+05
2.71600E+00,5.43E+03,2.53E+01,1.17E+00,2.53E+01,-2.77E+04,-9.80E+03,1.44E+05
2.71800E+00,5.44E+03,2.49E+01,-7.51E+00,2.60E+01,-2.77E+04,-9.54E+03,1.32E+05
2.72000E+00,5.44E+03,2.16E+01,-1.54E+01,2.65E+01,-2.78E+04,-9.24E+03,3.55E+04
2.72200E+00,5.44E+03,1.57E+01,-2.14E+01,2.66E+01,-2.78E+04,-9.36E+03,-1.06E+05
2.72400E+00,5.45E+03,7.71E+00,-2.51E+01,2.63E+01,-2.78E+04,-9.73E+03,-8.24E+04
2.72600E+00,5.45E+03,-1.23E+00,-2.63E+01,2.63E+01,-2.78E+04,-9.72E+03,5.26E+04
2.72800E+00,5.46E+03,-9.80E+00,-2.45E+01,2.64E+01,-2.78E+04,-9.47E+03,9.98E+04
2.73000E+00,5.46E+03,-1.72E+01,-2.01E+01,2.64E+01,-2.79E+04,-9.32E+03,3.70E+04
2.73200E+00,5.46E+03,-2.27E+01,-1.36E+01,2.64E+01,-2.79E+04,-9.31E+03,-2.28E+04
2.73400E+00,5.47E+03,-2.58E+01,-5.58E+00,2.64E+01,-2.79E+04,-9.42E+03,-7.98E+04
2.73600E+00,5.47E+03,-2.59E+01,3.07E+00,2.60E+01,-2.79E+04,-9.62E+03,-1.15E+05
2.73800E+00,5.48E+03,-2.28E+01,1.13E+01,2.54E+01,-2.79E+04,-9.89E+03,-1.29E+05
2.74000E+00,5.48E+03,-1.72E+01,1.80E+01,2.48E+01,-2.79E+04,-1.01E+04,-1.20E+05
2.74200E+00,5.48E+03,-9.57E+00,2.24E+01,2.44E+01,-2.80E+04,-1.04E+04,-1.03E+05
2.74400E+00,5.49E+03,-9.10E-01,2.39E+01,2.39E+01,-2.80E+04,-1.06E+04,-6.41E+04
2.74600E+00,5.49E+03,7.78E+00,2.25E+01,2.38E+01,-2.80E+04,-1.06E+04,3.89E+04
2.74800E+00,5.50E+03,1.55E+01,1.83E+01,2.40E+01,-2.80E+04,-1.04E+04,9.50E+04
2.75000E+00,5.50E+03,2.13E+01,1.19E+01,2.44E+01,-2.81E+04,-1.02E+04,1.30E+05
2.75200E+00,5.50E+03,2.47E+01,3.86E+00,2.50E+01,-2.81E+04,-9.96E+03,1.32E+05
2.75400E+00,5.51E+03,2.53E+01,-4.73E+00,2.57E+01,-2.81E+04,-9.62E+03,1.67E+05
2.75600E+00,5.51E+03,2.28E+01,-1.30E+01,2.63E+01,-2.81E+04,-9.32E+03,9.35E+04
2.75800E+00,5.52E+03,1.79E+01,-1.97E+01,2.66E+01,-2.81E+04,-9.20E+03,-6.65E+04
2.76000E+00,5.52E+03,1.05E+01,-2.41E+01,2.63E+01,-2.81E+04,-9.59E+03,-1.31E+05
2.76200E+00,5.52E+03,1.73E+00,-2.61E+01,2.62E+01,-2.82E+04,-9.81E+03,-1.82E+04
2.76400E+00,5.53E+03,-7.12E+00,-2.54E+01,2.63E+01,-2.82E+04,-9.61E+03,1.12E+05
2.76600E+00,5.53E+03,-1.50E+01,-2.17E+01,2.64E+01,-2.82E+04,-9.36E+03,9.57E+04
2.76800E+00,5.54E+03,-2.11E+01,-1.58E+01,2.64E+01,-2.82E+04,-9.21E+03,1.69E+04
2.77000E+00,5.54E+03,-2.50E+01,-8.37E+00,2.64E+01,-2.82E+04,-9.29E+03,-6.93E+04
2.77200E+00,5.54E+03,-2.62E+01,1.24E-01,2.62E+01,-2.83E+04,-9.51E+03,-1.30E+05
2.77400E+00,5.55E+03,-2.41E+01,8.54E+00,2.56E+01,-2.83E+04,-9.80E+03,-1.51E+05
2.77600E+00,5.55E+03,-1.93E+01,1.59E+01,2.50E+01,-2.83E+04,-1.01E+04,-1.33E+05
2.77800E+00,5.56E+03,-1.22E+01,2.12E+01,2.44E+01,-2.83E+04,-1.03E+04,-9.40E+04
2.78000E+00,5.56E+03,-3.84E+00,2.37E+01,2.41E+01,-2.83E+04,-1.05E+04,-4.94E+04
2.78200E+00,5.56E+03,4.96E+00,2.34E+01,2.39E+01,-2.84E+04,-1.06E+04,-8.90E+03
2.78400E+00,5.57E+03,1.31E+01,2.02E+01,2.40E+01,-2.84E+04,-1.05E+04,7.94E+04
2.78600E+00,5.57E+03,1.98E+01,1.44E+01,2.44E+01,-2.84E+04,-1.03E+04,1.22E+05
2.78800E+00,5.58E+03,2.40E+01,6.83E+00,2.49E+01,-2.84E+04,-9.97E+03,1.66E+05
2.79000E+00,5.58E+03,2.56E+01,-1.74E+00,2.56E+01,-2.84E+04,-9.65E+03,1.52E+05
2.79200E+00,5.58E+03,2.42E+01,-1.01E+01,2.62E+01,-2.85E+04,-9.31E+03,8.14E+04
2.79400E+00,5.59E+03,2.00E+01,-1.74E+01,2.65E+01,-2.85E+04,-9.32E+03,-6.88E+04
2.79600E+00,5.59E+03,1.32E+01,-2.28E+01,2.63E+01,-2.85E+04,-9.60E+03,-1.02E+05
2.79800E+00,5.60E+03,4.76E+00,-2.57E+01,2.62E+01,-2.85E+04,-9.77E+03,-1.89E+03
2.80000E+00,5.60E+03,-4.13E+00,-2.59E+01,2.63E+01,-2.85E+04,-9.60E+03,9.23E+04
2.80200E+00,5.60E+03,-1.23E+01,-2.33E+01,2.64E+01,-2.86E+04,-9.37E+03,7.15E+04
2.80400E+00,5.61E+03,-1.91E+01,-1.82E+01,2.64E+01,-2.86E+04,-9.31E+03,1.31E+04
2.80600E+00,5.61E+03,-2.41E+01,-1.11E+01,2.65E+01,-2.86E+04,-9.33E+03,-4.07E+04
2.80800E+00,5.62E+03,-2.61E+01,-2.82E+00,2.63E+01,-2.86E+04,-9.46E+03,-9.46E+04
2.81000E+00,5.62E+03,-2.51E+01,5.81E+00,2.58E+01,-2.86E+04,-9.72E+03,-1.18E+05
2.81200E+00,5.62E+03,-2.12E+01,1.36E+01,2.52E+01,-2.87E+04,-9.94E+03,-1.06E+05
2.81400E+00,5.63E+03,-1.49E+01,1.96E+01,2.47E+01,-2.87E+04,-1.01E+04,-1.11E+05
2.81600E+00,5.63E+03,-6.97E+00,2.32E+01,2.42E+01,-2.87E+04,-1.04E+04,-8.71E+04
2.81800E+00,5.64E+03,1.79E+00,2.38E+01,2.39E+01,-2.87E+04,-1.05E+04,-5.09E+04
2.82000E+00,5.64E+03,1.02E+01,2.16E+01,2.38E+01,-2.87E+04,-1.06E+04,2.74E+04
2.82200E+00,5.64E+03,1.75E+01,1.66E+01,2.41E+01,-2.88E+04,-1.04E+04,1.15E+05
2.82400E+00,5.65E+03,2.27E+01,9.60E+00,2.46E+01,-2.88E+04,-1.01E+04,1.56E+05
2.82600E+00,5.65E+03,2.52E+01,1.42E+00,2.52E+01,-2.88E+04,-9.80E+03,1.41E+05
2.82800E+00,5.66E+03,2.48E+01,-7.22E+00,2.58E+01,-2.88E+04,-9.54E+03,1.47E+05
2.83000E+00,5.66E+03,2.17E+01,-1.51E+01,2.64E+01,-2.88E+04,-9.18E+03,6.36E+04
2.83200E+00,5.66E+03,1.60E+01,-2.13E+01,2.66E+01,-2.89E+04,-9.24E+03,-1.24E+05
2.83400E+00,5.67E+03,8.16E+00,-2.49E+01,2.62E+01,-2.89E+04,-9.72E+03,-1.23E+05
2.83600E+00,5.67E+03,-8.54E-01,-2.62E+01,2.62E+01,-2.89E+04,-9.80E+03,2.15E+04
2.83800E+00,5.68E+03,-9.50E+00,-2.46E+01,2.64E+01,-2.89E+04,-9.55E+03,1.41E+05
2.84000E+00,5.68E+03,-1.70E+01,-2.02E+01,2.64E+01,-2.89E+04,-9.28E+03,6.85E+04
2.84200E+00,5.68E+03,-2.24E+01,-1.39E+01,2.63E+01,-2.89E+04,-9.21E+03,1.38E+04
2.84400E+00,5.69E+03,-2.57E+01,-5.98E+00,2.64E+01,-2.90E+04,-9.30E+03,-6.87E+04
2.84600E+00,5.69E+03,-2.60E+01,2.47E+00,2.61E+01,-2.90E+04,-9.43E+03,-1.17E+05
2.84800E+00,5.70E+03,-2.32E+01,1.06E+01,2.55E+01,-2.90E+04,-9.79E+03,-1.84E+05
2.85000E+00,5.70E+03,-1.77E+01,1.74E+01,2.48E+01,-2.90E+04,-1.02E+04,-1.43E+05
2.85200E+00,5.70E+03,-1.02E+01,2.21E+01,2.43E+01,-2.90E+04,-1.04E+04,-8.25E+04
2.85400E+00,5.71E+03,-1.63E+00,2.40E+01,2.40E+01,-2.91E+04,-1.05E+04,-2.95E+04
2.85600E+00,5.71E+03,7.08E+00,2.29E+01,2.39E+01,-2.91E+04,-1.05E+04,4.99E+03
2.85800E+00,5.72E+03,1.49E+01,1.90E+01,2.41E+01,-2.91E+04,-1.04E+04,8.40E+04
2.86000E+00,5.72E+03,2.11E+01,1.27E+01,2.46E+01,-2.91E+04,-1.02E+04,1.37E+05
2.86200E+00,5.72E+03,2.46E+01,4.79E+00,2.51E+01,-2.91E+04,-9.87E+03,1.75E+05
2.86400E+00,5.73E+03,2.55E+01,-3.79E+00,2.58E+01,-2.92E+04,-9.52E+03,1.58E+05
2.86600E+00,5.73E+03,2.34E+01,-1.20E+01,2.63E+01,-2.92E+04,-9.21E+03,4.34E+04
2.86800E+00,5.74E+03,1.86E+01,-1.88E+01,2.65E+01,-2.92E+04,-9.32E+03,-9.64E+04
2.87000E+00,5.74E+03,1.14E+01,-2.37E+01,2.62E+01,-2.92E+04,-9.65E+03,-1.02E+05
2.87200E+00,5.74E+03,2.78E+00,-2.60E+01,2.61E+01,-2.92E+04,-9.74E+03,3.00E+04
2.87400E+00,5.75E+03,-6.04E+00,-2.56E+01,2.63E+01,-2.93E+04,-9.53E+03,1.02E+05
2.87600E+00,5.75E+03,-1.39E+01,-2.23E+01,2.63E+01,-2.93E+04,-9.29E+03,6.08E+04
2.87800E+00,5.76E+03,-2.04E+01,-1.68E+01,2.64E+01,-2.93E+04,-9.28E+03,-1.12E+04
2.88000E+00,5.76E+03,-2.47E+01,-9.40E+00,2.64E+01,-2.93E+04,-9.36E+03,-5.26E+04
2.88200E+00,5.76E+03,-2.62E+01,-9.64E-01,2.62E+01,-2.93E+04,-9.48E+03,-9.55E+04
2.88400E+00,5.77E+03,-2.45E+01,7.51E+00,2.56E+01,-2.94E+04,-9.74E+03,-1.24E+05
2.88600E+00,5.77E+03,-2.01E+01,1.51E+01,2.51E+01,-2.94E+04,-9.99E+03,-1.11E+05
2.88800E+00,5.78E+03,-1.34E+01,2.06E+01,2.46E+01,-2.94E+04,-1.02E+04,-1.08E+05
2.89000E+00,5.78E+03,-5.19E+00,2.35E+01,2.41E+01,-2.94E+04,-1.04E+04,-7.85E+04
2.89200E+00,5.78E+03,3.60E+00,2.36E+01,2.38E+01,-2.94E+04,-1.05E+04,-2.78E+04
2.89400E+00,5.79E+03,1.18E+01,2.07E+01,2.38E+01,-2.95E+04,-1.05E+04,7.37E+04
2.89600E+00,5.79E+03,1.87E+01,1.53E+01,2.42E+01,-2.95E+04,-1.03E+04,1.20E+05
2.89800E+00,5.80E+03,2.34E+01,8.16E+00,2.48E+01,-2.95E+04,-9.96E+03,1.29E+05
2.90000E+00,5.80E+03,2.53E+01,-2.21E-01,2.53E+01,-2.95E+04,-9.78E+03,1.27E+05
2.90200E+00,5.80E+03,2.45E+01,-8.86E+00,2.61E+01,-2.95E+04,-9.47E+03,1.60E+05
2.90400E+00,5.81E+03,2.08E+01,-1.65E+01,2.66E+01,-2.96E+04,-9.11E+03,2.62E+04
2.90600E+00,5.81E+03,1.47E+01,-2.21E+01,2.66E+01,-2.96E+04,-9.31E+03,-1.35E+05
2.90800E+00,5.82E+03,6.51E+00,-2.54E+01,2.62E+01,-2.96E+04,-9.75E+03,-1.02E+05
2.91000E+00,5.82E+03,-2.44E+00,-2.62E+01,2.63E+01,-2.96E+04,-9.72E+03,6.11E+04
2.91200E+00,5.82E+03,-1.09E+01,-2.40E+01,2.64E+01,-2.96E+04,-9.47E+03,1.27E+05
2.91400E+00,5.83E+03,-1.81E+01,-1.92E+01,2.64E+01,-2.97E+04,-9.22E+03,5.91E+04
2.91600E+00,5.83E+03,-2.31E+01,-1.26E+01,2.63E+01,-2.97E+04,-9.20E+03,-3.38E+04
2.91800E+00,5.84E+03,-2.59E+01,-4.58E+00,2.63E+01,-2.97E+04,-9.39E+03,-9.13E+04
2.92000E+00,5.84E+03,-2.57E+01,4.03E+00,2.60E+01,-2.97E+04,-9.56E+03,-1.30E+05
2.92200E+00,5.84E+03,-2.23E+01,1.20E+01,2.53E+01,-2.97E+04,-9.89E+03,-1.41E+05
2.92400E+00,5.85E+03,-1.64E+01,1.85E+01,2.47E+01,-2.97E+04,-1.02E+04,-1.30E+05
2.92600E+00,5.85E+03,-8.70E+00,2.26E+01,2.42E+01,-2.98E+04,-1.04E+04,-8.99E+04
2.92800E+00,5.86E+03,-2.97E-02,2.40E+01,2.40E+01,-2.98E+04,-1.06E+04,-3.06E+04
2.93000E+00,5.86E+03,8.62E+00,2.23E+01,2.39E+01,-2.98E+04,-1.05E+04,3.91E+04
2.93200E+00,5.86E+03,1.61E+01,1.80E+01,2.42E+01,-2.98E+04,-1.04E+04,1.02E+05
2.93400E+00,5.87E+03,2.19E+01,1.13E+01,2.46E+01,-2.99E+04,-1.01E+04,1.40E+05
2.93600E+00,5.87E+03,2.50E+01,3.31E+00,2.52E+01,-2.99E+04,-9.77E+03,1.63E+05
2.93800E+00,5.88E+03,2.53E+01,-5.23E+00,2.58E+01,-2.99E+04,-9.49E+03,1.37E+05
2.94000E+00,5.88E+03,2.28E+01,-1.34E+01,2.64E+01,-2.99E+04,-9.22E+03,3.91E+04
2.94200E+00,5.88E+03,1.76E+01,-1.99E+01,2.66E+01,-2.99E+04,-9.28E+03,-9.55E+04
2.94400E+00,5.89E+03,1.00E+01,-2.43E+01,2.62E+01,-2.99E+04,-9.66E+03,-1.06E+05
2.94600E+00,5.89E+03,1.27E+00,-2.61E+01,2.61E+01,-3.00E+04,-9.74E+03,3.13E+04
2.94800E+00,5.90E+03,-7.47E+00,-2.52E+01,2.63E+01,-3.00E+04,-9.50E+03,1.17E+05
2.95000E+00,5.90E+03,-1.52E+01,-2.15E+01,2.63E+01,-3.00E+04,-9.26E+03,5.41E+04
2.95200E+00,5.90E+03,-2.12E+01,-1.57E+01,2.64E+01,-3.00E+04,-9.26E+03,-1.34E+04
2.95400E+00,5.91E+03,-2.52E+01,-8.06E+00,2.65E+01,-3.00E+04,-9.35E+03,-6.39E+04
2.95600E+00,5.91E+03,-2.61E+01,4.31E-01,2.61E+01,-3.01E+04,-9.48E+03,-1.02E+05
2.95800E+00,5.92E+03,-2.40E+01,8.83E+00,2.56E+01,-3.01E+04,-9.78E+03,-1.31E+05
2.96000E+00,5.92E+03,-1.91E+01,1.61E+01,2.50E+01,-3.01E+04,-1.00E+04,-1.08E+05
2.96200E+00,5.92E+03,-1.21E+01,2.13E+01,2.45E+01,-3.01E+04,-1.02E+04,-9.56E+04
2.96400E+00,5.93E+03,-3.83E+00,2.38E+01,2.41E+01,-3.01E+04,-1.04E+04,-6.49E+04
2.96600E+00,5.93E+03,4.92E+00,2.34E+01,2.39E+01,-3.02E+04,-1.05E+04,-2.64E+04
2.96800E+00,5.94E+03,1.30E+01,2.02E+01,2.40E+01,-3.02E+04,-1.05E+04,6.82E+04
2.97000E+00,5.94E+03,1.96E+01,1.44E+01,2.43E+01,-3.02E+04,-1.03E+04,1.19E+05
2.97200E+00,5.94E+03,2.39E+01,6.93E+00,2.48E+01,-3.02E+04,-9.94E+03,1.67E+05
2.97400E+00,5.95E+03,2.55E+01,-1.58E+00,2.56E+01,-3.02E+04,-9.64E+03,1.50E+05
2.97600E+00,5.95E+03,2.42E+01,-9.95E+00,2.62E+01,-3.03E+04,-9.30E+03,1.09E+05
2.97800E+00,5.96E+03,2.01E+01,-1.73E+01,2.66E+01,-3.03E+04,-9.20E+03,-5.00E+04
2.98000E+00,5.96E+03,1.35E+01,-2.27E+01,2.64E+01,-3.03E+04,-9.48E+03,-1.18E+05
2.98200E+00,5.96E+03,5.16E+00,-2.57E+01,2.62E+01,-3.03E+04,-9.74E+03,-2.79E+04
2.98400E+00,5.97E+03,-3.72E+00,-2.60E+01,2.63E+01,-3.03E+04,-9.58E+03,9.67E+04
2.98600E+00,5.97E+03,-1.20E+01,-2.35E+01,2.64E+01,-3.04E+04,-9.32E+03,8.79E+04
2.98800E+00,5.98E+03,-1.88E+01,-1.85E+01,2.64E+01,-3.04E+04,-9.23E+03,2.00E+04
2.99000E+00,5.98E+03,-2.38E+01,-1.17E+01,2.65E+01,-3.04E+04,-9.25E+03,-3.61E+04
2.99200E+00,5.98E+03,-2.61E+01,-3.47E+00,2.63E+01,-3.04E+04,-9.37E+03,-1.03E+05
2.99400E+00,5.99E+03,-2.53E+01,5.07E+00,2.58E+01,-3.04E+04,-9.65E+03,-1.36E+05
2.99600E+00,5.99E+03,-2.17E+01,1.30E+01,2.53E+01,-3.05E+04,-9.94E+03,-1.23E+05
2.99800E+00,6.00E+03,-1.55E+01,1.92E+01,2.47E+01,-3.05E+04,-1.01E+04,-9.65E+04
3.00000E+00,6.00E+03,-7.66E+00,2.30E+01,2.42E+01,-3.05E+04,-1.03E+04,-8.14E+04
3.00200E+00,6.00E+03,1.00E+00,2.39E+01,2.39E+01,-3.05E+04,-1.05E+04,-4.43E+04
3.00400E+00,6.01E+03,9.48E+00,2.19E+01,2.39E+01,-3.05E+04,-1.05E+04,2.97E+04
3.00600E+00,6.01E+03,1.69E+01,1.73E+01,2.41E+01,-3.06E+04,-1.04E+04,1.05E+05
3.00800E+00,6.02E+03,2.23E+01,1.05E+01,2.47E+01,-3.06E+04,-1.01E+04,1.48E+05
3.01000E+00,6.02E+03,2.51E+01,2.35E+00,2.53E+01,-3.06E+04,-9.76E+03,1.54E+05
3.01200E+00,6.02E+03,2.51E+01,-6.20E+00,2.58E+01,-3.06E+04,-9.45E+03,1.40E+05
3.01400E+00,6.03E+03,2.22E+01,-1.41E+01,2.64E+01,-3.06E+04,-9.19E+03,1.66E+04
3.01600E+00,6.03E+03,1.68E+01,-2.05E+01,2.65E+01,-3.07E+04,-9.34E+03,-1.09E+05
3.01800E+00,6.04E+03,9.02E+00,-2.46E+01,2.62E+01,-3.07E+04,-9.70E+03,-7.68E+04
3.02000E+00,6.04E+03,2.55E-01,-2.62E+01,2.62E+01,-3.07E+04,-9.66E+03,5.08E+04
3.02200E+00,6.04E+03,-8.35E+00,-2.50E+01,2.63E+01,-3.07E+04,-9.45E+03,1.01E+05
3.02400E+00,6.05E+03,-1.60E+01,-2.10E+01,2.64E+01,-3.07E+04,-9.27E+03,7.47E+04
3.02600E+00,6.05E+03,-2.18E+01,-1.49E+01,2.64E+01,-3.07E+04,-9.14E+03,-5.01E+03
3.02800E+00,6.06E+03,-2.54E+01,-7.37E+00,2.64E+01,-3.08E+04,-9.28E+03,-8.59E+04
3.03000E+00,6.06E+03,-2.61E+01,1.23E+00,2.61E+01,-3.08E+04,-9.52E+03,-1.20E+05
3.03200E+00,6.06E+03,-2.37E+01,9.53E+00,2.56E+01,-3.08E+04,-9.74E+03,-9.52E+04
3.03400E+00,6.07E+03,-1.87E+01,1.66E+01,2.50E+01,-3.08E+04,-9.92E+03,-1.23E+05
3.03600E+00,6.07E+03,-1.16E+01,2.15E+01,2.44E+01,-3.08E+04,-1.02E+04,-1.21E+05
3.03800E+00,6.08E+03,-3.17E+00,2.38E+01,2.41E+01,-3.09E+04,-1.05E+04,-7.87E+04
3.04000E+00,6.08E+03,5.53E+00,2.32E+01,2.38E+01,-3.09E+04,-1.05E+04,2.17E+04
3.04200E+00,6.08E+03,1.35E+01,1.98E+01,2.39E+01,-3.09E+04,-1.04E+04,6.94E+04
3.04400E+00,6.09E+03,1.99E+01,1.40E+01,2.43E+01,-3.09E+04,-1.02E+04,1.24E+05
3.04600E+00,6.09E+03,2.41E+01,6.38E+00,2.49E+01,-3.09E+04,-9.91E+03,1.38E+05
3.04800E+00,6.10E+03,2.54E+01,-2.02E+00,2.55E+01,-3.10E+04,-9.61E+03,1.53E+05
3.05000E+00,6.10E+03,2.40E+01,-1.05E+01,2.61E+01,-3.10E+04,-9.33E+03,9.48E+04
3.05200E+00,6.10E+03,1.98E+01,-1.77E+01,2.65E+01,-3.10E+04,-9.18E+03,-3.29E+04
3.05400E+00,6.11E+03,1.31E+01,-2.29E+01,2.63E+01,-3.10E+04,-9.46E+03,-1.24E+05
3.05600E+00,6.11E+03,4.67E+00,-2.57E+01,2.62E+01,-3.10E+04,-9.73E+03,-1.91E+04
3.05800E+00,6.12E+03,-4.22E+00,-2.60E+01,2.63E+01,-3.11E+04,-9.54E+03,9.75E+04
3.06000E+00,6.12E+03,-1.23E+01,-2.33E+01,2.64E+01,-3.11E+04,-9.29E+03,1.01E+05
3.06200E+00,6.12E+03,-1.91E+01,-1.82E+01,2.64E+01,-3.11E+04,-9.17E+03,2.03E+04
3.06400E+00,6.13E+03,-2.38E+01,-1.13E+01,2.64E+01,-3.11E+04,-9.18E+03,-4.01E+04
3.06600E+00,6.13E+03,-2.62E+01,-3.18E+00,2.64E+01,-3.11E+04,-9.35E+03,-1.07E+05
3.06800E+00,6.14E+03,-2.53E+01,5.36E+00,2.58E+01,-3.12E+04,-9.60E+03,-1.40E+05
3.07000E+00,6.14E+03,-2.15E+01,1.32E+01,2.52E+01,-3.12E+04,-9.92E+03,-1.33E+05
3.07200E+00,6.14E+03,-1.53E+01,1.93E+01,2.47E+01,-3.12E+04,-1.01E+04,-1.01E+05
3.07400E+00,6.15E+03,-7.47E+00,2.31E+01,2.42E+01,-3.12E+04,-1.03E+04,-6.55E+04
3.07600E+00,6.15E+03,1.20E+00,2.39E+01,2.39E+01,-3.12E+04,-1.04E+04,-2.93E+04
3.07800E+00,6.16E+03,9.64E+00,2.19E+01,2.39E+01,-3.13E+04,-1.04E+04,3.77E+04
3.08000E+00,6.16E+03,1.70E+01,1.73E+01,2.42E+01,-3.13E+04,-1.03E+04,1.06E+05
3.08200E+00,6.16E+03,2.24E+01,1.05E+01,2.47E+01,-3.13E+04,-9.99E+03,1.46E+05
3.08400E+00,6.17E+03,2.52E+01,2.43E+00,2.53E+01,-3.13E+04,-9.68E+03,1.52E+05
3.08600E+00,6.17E+03,2.52E+01,-6.08E+00,2.59E+01,-3.13E+04,-9.39E+03,1.19E+05
3.08800E+00,6.18E+03,2.24E+01,-1.40E+01,2.64E+01,-3.14E+04,-9.19E+03,1.75E+03
3.09000E+00,6.18E+03,1.69E+01,-2.03E+01,2.64E+01,-3.14E+04,-9.36E+03,-9.71E+04
3.09200E+00,6.18E+03,9.19E+00,-2.45E+01,2.62E+01,-3.14E+04,-9.64E+03,-5.82E+04
3.09400E+00,6.19E+03,5.19E-01,-2.61E+01,2.62E+01,-3.14E+04,-9.59E+03,4.96E+04
3.09600E+00,6.19E+03,-8.05E+00,-2.50E+01,2.63E+01,-3.14E+04,-9.41E+03,8.19E+04
3.09800E+00,6.20E+03,-1.57E+01,-2.12E+01,2.63E+01,-3.14E+04,-9.27E+03,6.16E+04
3.10000E+00,6.20E+03,-2.17E+01,-1.52E+01,2.65E+01,-3.15E+04,-9.16E+03,-8.92E+02
3.10200E+00,6.20E+03,-2.53E+01,-7.68E+00,2.65E+01,-3.15E+04,-9.25E+03,-7.72E+04
3.10400E+00,6.21E+03,-2.62E+01,8.69E-01,2.62E+01,-3.15E+04,-9.50E+03,-1.12E+05
3.10600E+00,6.21E+03,-2.39E+01,9.23E+00,2.56E+01,-3.15E+04,-9.70E+03,-9.40E+04
3.10800E+00,6.22E+03,-1.90E+01,1.64E+01,2.51E+01,-3.15E+04,-9.87E+03,-1.01E+05
3.11000E+00,6.22E+03,-1.20E+01,2.14E+01,2.45E+01,-3.16E+04,-1.01E+04,-1.09E+05
3.11200E+00,6.22E+03,-3.73E+00,2.38E+01,2.41E+01,-3.16E+04,-1.03E+04,-7.58E+04
3.11400E+00,6.23E+03,4.92E+00,2.34E+01,2.39E+01,-3.16E+04,-1.04E+04,-2.86E+04
3.11600E+00,6.23E+03,1.29E+01,2.01E+01,2.39E+01,-3.16E+04,-1.04E+04,5.94E+04
3.11800E+00,6.24E+03,1.95E+01,1.44E+01,2.43E+01,-3.16E+04,-1.02E+04,1.15E+05
3.12000E+00,6.24E+03,2.38E+01,7.04E+00,2.48E+01,-3.17E+04,-9.90E+03,1.61E+05
3.12200E+00,6.24E+03,2.55E+01,-1.41E+00,2.55E+01,-3.17E+04,-9.61E+03,1.48E+05
3.12400E+00,6.25E+03,2.42E+01,-9.76E+00,2.61E+01,-3.17E+04,-9.27E+03,1.19E+05
3.12600E+00,6.25E+03,2.03E+01,-1.71E+01,2.65E+01,-3.17E+04,-9.14E+03,-3.56E+04
3.12800E+00,6.26E+03,1.38E+01,-2.25E+01,2.64E+01,-3.17E+04,-9.38E+03,-1.19E+05
3.13000E+00,6.26E+03,5.54E+00,-2.56E+01,2.62E+01,-3.18E+04,-9.68E+03,-4.36E+04
3.13200E+00,6.26E+03,-3.30E+00,-2.61E+01,2.63E+01,-3.18E+04,-9.55E+03,9.85E+04
3.13400E+00,6.27E+03,-1.16E+01,-2.37E+01,2.64E+01,-3.18E+04,-9.26E+03,1.07E+05
3.13600E+00,6.27E+03,-1.84E+01,-1.89E+01,2.64E+01,-3.18E+04,-9.11E+03,1.54E+04
3.13800E+00,6.28E+03,-2.35E+01,-1.23E+01,2.65E+01,-3.18E+04,-9.20E+03,-4.23E+04
3.14000E+00,6.28E+03,-2.61E+01,-4.12E+00,2.64E+01,-3.19E+04,-9.31E+03,-9.38E+04
3.14200E+00,6.28E+03,-2.55E+01,4.35E+00,2.59E+01,-3.19E+04,-9.53E+03,-1.36E+05
3.14400E+00,6.29E+03,-2.21E+01,1.23E+01,2.53E+01,-3.19E+04,-9.89E+03,-1.44E+05
3.14600E+00,6.29E+03,-1.61E+01,1.87E+01,2.47E+01,-3.19E+04,-1.01E+04,-8.95E+04
3.14800E+00,6.30E+03,-8.47E+00,2.28E+01,2.43E+01,-3.19E+04,-1.02E+04,-6.58E+04
3.15000E+00,6.30E+03,7.79E-02,2.40E+01,2.40E+01,-3.20E+04,-1.04E+04,-2.48E+04
3.15200E+00,6.30E+03,8.61E+00,2.24E+01,2.40E+01,-3.20E+04,-1.04E+04,1.75E+04
3.15400E+00,6.31E+03,1.61E+01,1.81E+01,2.42E+01,-3.20E+04,-1.03E+04,9.79E+04
3.15600E+00,6.31E+03,2.18E+01,1.15E+01,2.47E+01,-3.20E+04,-1.00E+04,1.31E+05
3.15800E+00,6.32E+03,2.50E+01,3.66E+00,2.53E+01,-3.20E+04,-9.69E+03,1.68E+05
3.16000E+00,6.32E+03,2.55E+01,-4.90E+00,2.59E+01,-3.21E+04,-9.38E+03,1.32E+05
3.16200E+00,6.32E+03,2.31E+01,-1.29E+01,2.64E+01,-3.21E+04,-9.12E+03,3.59E+04
3.16400E+00,6.33E+03,1.80E+01,-1.95E+01,2.65E+01,-3.21E+04,-9.24E+03,-1.04E+05
3.16600E+00,6.33E+03,1.06E+01,-2.40E+01,2.62E+01,-3.21E+04,-9.56E+03,-8.45E+04
3.16800E+00,6.34E+03,2.00E+00,-2.60E+01,2.61E+01,-3.21E+04,-9.61E+03,2.86E+04
3.17000E+00,6.34E+03,-6.61E+00,-2.54E+01,2.62E+01,-3.21E+04,-9.41E+03,9.70E+04
3.17200E+00,6.34E+03,-1.44E+01,-2.20E+01,2.63E+01,-3.22E+04,-9.23E+03,4.21E+04
3.17400E+00,6.35E+03,-2.06E+01,-1.64E+01,2.63E+01,-3.22E+04,-9.22E+03,2.84E+03
3.17600E+00,6.35E+03,-2.49E+01,-9.02E+00,2.65E+01,-3.22E+04,-9.25E+03,-5.13E+04
3.17800E+00,6.36E+03,-2.61E+01,-6.70E-01,2.61E+01,-3.22E+04,-9.38E+03,-1.00E+05
3.18000E+00,6.36E+03,-2.44E+01,7.76E+00,2.56E+01,-3.22E+04,-9.68E+03,-1.23E+05
3.18200E+00,6.36E+03,-2.00E+01,1.52E+01,2.51E+01,-3.23E+04,-9.88E+03,-9.90E+04
3.18400E+00,6.37E+03,-1.34E+01,2.07E+01,2.46E+01,-3.23E+04,-1.01E+04,-1.03E+05
3.18600E+00,6.37E+03,-5.23E+00,2.36E+01,2.41E+01,-3.23E+04,-1.03E+04,-8.26E+04
3.18800E+00,6.38E+03,3.46E+00,2.36E+01,2.39E+01,-3.23E+04,-1.04E+04,-2.95E+04
3.19000E+00,6.38E+03,1.16E+01,2.09E+01,2.39E+01,-3.23E+04,-1.04E+04,6.73E+04
3.19200E+00,6.38E+03,1.86E+01,1.56E+01,2.43E+01,-3.24E+04,-1.02E+04,1.09E+05
3.19400E+00,6.39E+03,2.33E+01,8.57E+00,2.48E+01,-3.24E+04,-9.90E+03,1.54E+05
3.19600E+00,6.39E+03,2.55E+01,2.18E-01,2.55E+01,-3.24E+04,-9.61E+03,1.56E+05
3.19800E+00,6.40E+03,2.48E+01,-8.17E+00,2.61E+01,-3.24E+04,-9.23E+03,1.43E+05
3.20000E+00,6.40E+03,2.14E+01,-1.58E+01,2.66E+01,-3.24E+04,-9.04E+03,-8.96E+03
3.20200E+00,6.40E+03,1.55E+01,-2.16E+01,2.66E+01,-3.25E+04,-9.24E+03,-1.23E+05
3.20400E+00,6.41E+03,7.50E+00,-2.51E+01,2.62E+01,-3.25E+04,-9.60E+03,-8.11E+04
3.20600E+00,6.41E+03,-1.29E+00,-2.62E+01,2.62E+01,-3.25E+04,-9.58E+03,5.13E+04
3.20800E+00,6.42E+03,-9.74E+00,-2.45E+01,2.63E+01,-3.25E+04,-9.35E+03,1.14E+05
3.21000E+00,6.42E+03,-1.70E+01,-2.01E+01,2.64E+01,-3.25E+04,-9.13E+03,3.32E+04
3.21200E+00,6.42E+03,-2.24E+01,-1.39E+01,2.64E+01,-3.25E+04,-9.17E+03,-2.36E+04
3.21400E+00,6.43E+03,-2.57E+01,-5.97E+00,2.64E+01,-3.26E+04,-9.30E+03,-7.42E+04
3.21600E+00,6.43E+03,-2.58E+01,2.45E+00,2.60E+01,-3.26E+04,-9.41E+03,-1.05E+05
3.21800E+00,6.44E+03,-2.31E+01,1.05E+01,2.54E+01,-3.26E+04,-9.74E+03,-1.49E+05
3.22000E+00,6.44E+03,-1.77E+01,1.73E+01,2.48E+01,-3.26E+04,-1.00E+04,-1.12E+05
3.22200E+00,6.44E+03,-1.04E+01,2.20E+01,2.43E+01,-3.26E+04,-1.02E+04,-8.29E+04
3.22400E+00,6.45E+03,-2.03E+00,2.39E+01,2.40E+01,-3.27E+04,-1.03E+04,-5.21E+04
3.22600E+00,6.45E+03,6.60E+00,2.30E+01,2.39E+01,-3.27E+04,-1.04E+04,6.96E+03
3.22800E+00,6.46E+03,1.44E+01,1.93E+01,2.41E+01,-3.27E+04,-1.03E+04,9.43E+04
3.23000E+00,6.46E+03,2.06E+01,1.33E+01,2.45E+01,-3.27E+04,-1.00E+04,1.51E+05
3.23200E+00,6.46E+03,2.46E+01,5.68E+00,2.52E+01,-3.27E+04,-9.69E+03,1.73E+05
3.23400E+00,6.47E+03,2.57E+01,-2.71E+00,2.58E+01,-3.28E+04,-9.35E+03,1.48E+05
3.23600E+00,6.47E+03,2.40E+01,-1.09E+01,2.64E+01,-3.28E+04,-9.09E+03,4.56E+04
3.23800E+00,6.48E+03,1.97E+01,-1.79E+01,2.66E+01,-3.28E+04,-9.14E+03,-8.22E+04
3.24000E+00,6.48E+03,1.28E+01,-2.30E+01,2.63E+01,-3.28E+04,-9.45E+03,-1.03E+05
3.24200E+00,6.48E+03,4.47E+00,-2.58E+01,2.62E+01,-3.28E+04,-9.58E+03,-4.66E+03
3.24400E+00,6.49E+03,-4.23E+00,-2.59E+01,2.62E+01,-3.29E+04,-9.45E+03,7.79E+04
3.24600E+00,6.49E+03,-1.23E+01,-2.32E+01,2.63E+01,-3.29E+04,-9.25E+03,7.52E+04
3.24800E+00,6.50E+03,-1.90E+01,-1.82E+01,2.63E+01,-3.29E+04,-9.14E+03,1.24E+04
3.25000E+00,6.50E+03,-2.38E+01,-1.13E+01,2.63E+01,-3.29E+04,-9.20E+03,-4.64E+04
3.25200E+00,6.50E+03,-2.61E+01,-3.16E+00,2.63E+01,-3.29E+04,-9.34E+03,-9.23E+04
3.25400E+00,6.51E+03,-2.52E+01,5.31E+00,2.57E+01,-3.30E+04,-9.56E+03,-1.14E+05
3.25600E+00,6.51E+03,-2.15E+01,1.31E+01,2.52E+01,-3.30E+04,-9.82E+03,-1.08E+05
3.25800E+00,6.52E+03,-1.55E+01,1.92E+01,2.47E+01,-3.30E+04,-9.99E+03,-9.17E+04
3.26000E+00,6.52E+03,-7.77E+00,2.30E+01,2.42E+01,-3.30E+04,-1.02E+04,-6.34E+04
3.26200E+00,6.52E+03,7.87E-01,2.40E+01,2.40E+01,-3.30E+04,-1.03E+04,-4.91E+04
3.26400E+00,6.53E+03,9.12E+00,2.21E+01,2.39E+01,-3.31E+04,-1.03E+04,3.71E+04
3.26600E+00,6.53E+03,1.66E+01,1.76E+01,2.42E+01,-3.31E+04,-1.02E+04,9.92E+04
3.26800E+00,6.54E+03,2.19E+01,1.11E+01,2.46E+01,-3.31E+04,-9.87E+03,1.45E+05
3.27000E+00,6.54E+03,2.50E+01,3.20E+00,2.52E+01,-3.31E+04,-9.64E+03,1.24E+05
3.27200E+00,6.54E+03,2.53E+01,-5.22E+00,2.58E+01,-3.31E+04,-9.36E+03,1.42E+05
3.27400E+00,6.55E+03,2.29E+01,-1.33E+01,2.64E+01,-3.32E+04,-9.08E+03,4.85E+04
3.27600E+00,6.55E+03,1.78E+01,-1.98E+01,2.66E+01,-3.32E+04,-9.11E+03,-8.53E+04
3.27800E+00,6.56E+03,1.04E+01,-2.41E+01,2.62E+01,-3.32E+04,-9.47E+03,-1.12E+05
3.28000E+00,6.56E+03,1.87E+00,-2.61E+01,2.61E+01,-3.32E+04,-9.59E+03,1.02E+04
3.28200E+00,6.56E+03,-6.76E+00,-2.54E+01,2.62E+01,-3.32E+04,-9.41E+03,1.27E+05
3.28400E+00,6.57E+03,-1.46E+01,-2.20E+01,2.64E+01,-3.32E+04,-9.08E+03,6.07E+04
3.28600E+00,6.57E+03,-2.05E+01,-1.65E+01,2.63E+01,-3.33E+04,-9.09E+03,-9.92E+03
3.28800E+00,6.58E+03,-2.48E+01,-9.10E+00,2.65E+01,-3.33E+04,-9.22E+03,-6.65E+04
3.29000E+00,6.58E+03,-2.61E+01,-8.35E-01,2.62E+01,-3.33E+04,-9.29E+03,-9.67E+04
3.29200E+00,6.58E+03,-2.44E+01,7.48E+00,2.55E+01,-3.33E+04,-9.63E+03,-1.48E+05
3.29400E+00,6.59E+03,-2.01E+01,1.50E+01,2.50E+01,-3.33E+04,-9.91E+03,-1.09E+05
3.29600E+00,6.59E+03,-1.35E+01,2.05E+01,2.45E+01,-3.34E+04,-1.00E+04,-8.67E+04
3.29800E+00,6.60E+03,-5.47E+00,2.35E+01,2.41E+01,-3.34E+04,-1.02E+04,-6.21E+04
3.30000E+00,6.60E+03,3.17E+00,2.37E+01,2.39E+01,-3.34E+04,-1.03E+04,-7.53E+01
3.30200E+00,6.60E+03,1.13E+01,2.11E+01,2.40E+01,-3.34E+04,-1.02E+04,6.54E+04
3.30400E+00,6.61E+03,1.82E+01,1.61E+01,2.43E+01,-3.34E+04,-1.01E+04,8.86E+04
3.30600E+00,6.61E+03,2.31E+01,9.10E+00,2.48E+01,-3.35E+04,-9.87E+03,1.42E+05
3.30800E+00,6.62E+03,2.54E+01,8.93E-01,2.55E+01,-3.35E+04,-9.52E+03,1.62E+05
3.31000E+00,6.62E+03,2.50E+01,-7.44E+00,2.61E+01,-3.35E+04,-9.18E+03,1.13E+05
3.31200E+00,6.62E+03,2.18E+01,-1.51E+01,2.66E+01,-3.35E+04,-9.07E+03,-3.53E+04
3.31400E+00,6.63E+03,1.60E+01,-2.10E+01,2.64E+01,-3.35E+04,-9.30E+03,-1.11E+05
3.31600E+00,6.63E+03,8.13E+00,-2.48E+01,2.61E+01,-3.36E+04,-9.58E+03,-4.51E+04
3.31800E+00,6.64E+03,-5.15E-01,-2.61E+01,2.61E+01,-3.36E+04,-9.48E+03,7.33E+04
3.32000E+00,6.64E+03,-8.89E+00,-2.47E+01,2.62E+01,-3.36E+04,-9.25E+03,8.74E+04
3.32200E+00,6.64E+03,-1.62E+01,-2.07E+01,2.63E+01,-3.36E+04,-9.13E+03,2.88E+04
3.32400E+00,6.65E+03,-2.20E+01,-1.46E+01,2.64E+01,-3.36E+04,-9.13E+03,-2.97E+04
3.32600E+00,6.65E+03,-2.55E+01,-7.00E+00,2.64E+01,-3.36E+04,-9.25E+03,-7.18E+04
3.32800E+00,6.66E+03,-2.59E+01,1.50E+00,2.59E+01,-3.37E+04,-9.42E+03,-1.01E+05
3.33000E+00,6.66E+03,-2.35E+01,9.66E+00,2.54E+01,-3.37E+04,-9.65E+03,-1.09E+05
3.33200E+00,6.66E+03,-1.85E+01,1.66E+01,2.49E+01,-3.37E+04,-9.87E+03,-1.20E+05
3.33400E+00,6.67E+03,-1.15E+01,2.15E+01,2.44E+01,-3.37E+04,-1.01E+04,-9.45E+04
3.33600E+00,6.67E+03,-3.19E+00,2.38E+01,2.40E+01,-3.37E+04,-1.03E+04,-3.56E+04
3.33800E+00,6.68E+03,5.34E+00,2.32E+01,2.38E+01,-3.38E+04,-1.02E+04,2.77E+03
3.34000E+00,6.68E+03,1.32E+01,2.00E+01,2.40E+01,-3.38E+04,-1.02E+04,5.97E+04
3.34200E+00,6.68E+03,1.97E+01,1.43E+01,2.43E+01,-3.38E+04,-1.01E+04,1.03E+05
3.34400E+00,6.69E+03,2.38E+01,7.02E+00,2.49E+01,-3.38E+04,-9.77E+03,1.54E+05
3.34600E+00,6.69E+03,2.56E+01,-1.34E+00,2.56E+01,-3.38E+04,-9.49E+03,1.42E+05
3.34800E+00,6.70E+03,2.44E+01,-9.63E+00,2.62E+01,-3.39E+04,-9.16E+03,1.23E+05
3.35000E+00,6.70E+03,2.05E+01,-1.70E+01,2.67E+01,-3.39E+04,-9.01E+03,-3.69E+04
3.35200E+00,6.70E+03,1.42E+01,-2.24E+01,2.65E+01,-3.39E+04,-9.27E+03,-1.30E+05
3.35400E+00,6.71E+03,6.01E+00,-2.55E+01,2.62E+01,-3.39E+04,-9.62E+03,-6.16E+04
3.35600E+00,6.71E+03,-2.78E+00,-2.61E+01,2.63E+01,-3.39E+04,-9.51E+03,8.56E+04
3.35800E+00,6.72E+03,-1.11E+01,-2.40E+01,2.64E+01,-3.40E+04,-9.24E+03,1.12E+05
3.36000E+00,6.72E+03,-1.80E+01,-1.93E+01,2.64E+01,-3.40E+04,-9.06E+03,3.91E+04
3.36200E+00,6.72E+03,-2.31E+01,-1.28E+01,2.64E+01,-3.40E+04,-9.07E+03,-3.20E+04
3.36400E+00,6.73E+03,-2.59E+01,-4.89E+00,2.64E+01,-3.40E+04,-9.21E+03,-8.68E+04
3.36600E+00,6.73E+03,-2.57E+01,3.56E+00,2.59E+01,-3.40E+04,-9.40E+03,-1.16E+05
3.36800E+00,6.74E+03,-2.26E+01,1.15E+01,2.54E+01,-3.40E+04,-9.68E+03,-1.28E+05
3.37000E+00,6.74E+03,-1.70E+01,1.80E+01,2.48E+01,-3.41E+04,-9.93E+03,-1.21E+05
3.37200E+00,6.74E+03,-9.63E+00,2.23E+01,2.43E+01,-3.41E+04,-1.02E+04,-8.75E+04
3.37400E+00,6.75E+03,-1.16E+00,2.40E+01,2.40E+01,-3.41E+04,-1.03E+04,-3.67E+04
3.37600E+00,6.75E+03,7.31E+00,2.27E+01,2.39E+01,-3.41E+04,-1.03E+04,1.13E+04
3.37800E+00,6.76E+03,1.49E+01,1.88E+01,2.40E+01,-3.41E+04,-1.03E+04,6.74E+04
3.38000E+00,6.76E+03,2.10E+01,1.27E+01,2.45E+01,-3.42E+04,-1.00E+04,1.32E+05
3.38200E+00,6.76E+03,2.45E+01,4.97E+00,2.50E+01,-3.42E+04,-9.69E+03,1.71E+05
3.38400E+00,6.77E+03,2.55E+01,-3.42E+00,2.58E+01,-3.42E+04,-9.37E+03,1.50E+05
3.38600E+00,6.77E+03,2.37E+01,-1.16E+01,2.63E+01,-3.42E+04,-9.09E+03,5.00E+04
3.38800E+00,6.78E+03,1.91E+01,-1.84E+01,2.65E+01,-3.42E+04,-9.14E+03,-7.53E+04
3.39000E+00,6.78E+03,1.21E+01,-2.33E+01,2.63E+01,-3.43E+04,-9.43E+03,-1.02E+05
3.39200E+00,6.78E+03,3.78E+00,-2.59E+01,2.62E+01,-3.43E+04,-9.56E+03,1.97E+03
3.39400E+00,6.79E+03,-4.93E+00,-2.58E+01,2.63E+01,-3.43E+04,-9.42E+03,1.02E+05
3.39600E+00,6.79E+03,-1.29E+01,-2.29E+01,2.63E+01,-3.43E+04,-9.14E+03,7.90E+04
3.39800E+00,6.80E+03,-1.94E+01,-1.79E+01,2.64E+01,-3.43E+04,-9.07E+03,7.48E+03
3.40000E+00,6.80E+03,-2.41E+01,-1.09E+01,2.65E+01,-3.44E+04,-9.15E+03,-5.94E+04
3.40200E+00,6.80E+03,-2.61E+01,-2.77E+00,2.63E+01,-3.44E+04,-9.28E+03,-8.66E+04
3.40400E+00,6.81E+03,-2.51E+01,5.68E+00,2.57E+01,-3.44E+04,-9.52E+03,-1.19E+05
3.40600E+00,6.81E+03,-2.14E+01,1.34E+01,2.52E+01,-3.44E+04,-9.75E+03,-1.15E+05
3.40800E+00,6.82E+03,-1.53E+01,1.94E+01,2.47E+01,-3.44E+04,-9.98E+03,-1.09E+05
3.41000E+00,6.82E+03,-7.52E+00,2.31E+01,2.43E+01,-3.45E+04,-1.02E+04,-7.43E+04
3.41200E+00,6.82E+03,1.05E+00,2.39E+01,2.40E+01,-3.45E+04,-1.03E+04,-3.75E+04
3.41400E+00,6.83E+03,9.38E+00,2.20E+01,2.39E+01,-3.45E+04,-1.03E+04,4.84E+04
3.41600E+00,6.83E+03,1.67E+01,1.74E+01,2.41E+01,-3.45E+04,-1.01E+04,1.01E+05
3.41800E+00,6.84E+03,2.20E+01,1.09E+01,2.45E+01,-3.45E+04,-9.86E+03,1.30E+05
3.42000E+00,6.84E+03,2.50E+01,2.97E+00,2.52E+01,-3.46E+04,-9.65E+03,1.17E+05
3.42200E+00,6.84E+03,2.53E+01,-5.48E+00,2.59E+01,-3.46E+04,-9.37E+03,1.45E+05
3.42400E+00,6.85E+03,2.27E+01,-1.35E+01,2.64E+01,-3.46E+04,-9.08E+03,5.07E+04
3.42600E+00,6.85E+03,1.76E+01,-1.99E+01,2.66E+01,-3.46E+04,-9.11E+03,-8.49E+04
3.42800E+00,6.86E+03,1.02E+01,-2.42E+01,2.63E+01,-3.46E+04,-9.48E+03,-1.06E+05
3.43000E+00,6.86E+03,1.62E+00,-2.61E+01,2.61E+01,-3.46E+04,-9.56E+03,1.73E+04
3.43200E+00,6.86E+03,-6.99E+00,-2.53E+01,2.63E+01,-3.47E+04,-9.38E+03,9.99E+04
3.43400E+00,6.87E+03,-1.47E+01,-2.19E+01,2.64E+01,-3.47E+04,-9.16E+03,6.80E+04
3.43600E+00,6.87E+03,-2.09E+01,-1.63E+01,2.64E+01,-3.47E+04,-9.09E+03,2.00E+04
3.43800E+00,6.88E+03,-2.50E+01,-8.94E+00,2.65E+01,-3.47E+04,-9.11E+03,-4.79E+04
3.44000E+00,6.88E+03,-2.62E+01,-6.91E-01,2.62E+01,-3.47E+04,-9.25E+03,-1.16E+05
3.44200E+00,6.88E+03,-2.45E+01,7.61E+00,2.56E+01,-3.48E+04,-9.59E+03,-1.43E+05
3.44400E+00,6.89E+03,-2.01E+01,1.50E+01,2.51E+01,-3.48E+04,-9.84E+03,-1.09E+05
3.44600E+00,6.89E+03,-1.35E+01,2.05E+01,2.46E+01,-3.48E+04,-1.00E+04,-9.60E+04
3.44800E+00,6.90E+03,-5.48E+00,2.35E+01,2.41E+01,-3.48E+04,-1.02E+04,-7.19E+04
3.45000E+00,6.90E+03,3.14E+00,2.36E+01,2.38E+01,-3.48E+04,-1.03E+04,-6.08E+03
3.45200E+00,6.90E+03,1.13E+01,2.11E+01,2.39E+01,-3.49E+04,-1.02E+04,5.82E+04
3.45400E+00,6.91E+03,1.81E+01,1.60E+01,2.42E+01,-3.49E+04,-1.01E+04,1.03E+05
3.45600E+00,6.91E+03,2.30E+01,9.05E+00,2.47E+01,-3.49E+04,-9.83E+03,1.27E+05
3.45800E+00,6.92E+03,2.53E+01,9.79E-01,2.53E+01,-3.49E+04,-9.56E+03,1.42E+05
3.46000E+00,6.92E+03,2.49E+01,-7.48E+00,2.60E+01,-3.49E+04,-9.28E+03,1.21E+05
3.46200E+00,6.92E+03,2.17E+01,-1.52E+01,2.65E+01,-3.50E+04,-9.04E+03,4.26E+03
3.46400E+00,6.93E+03,1.59E+01,-2.11E+01,2.64E+01,-3.50E+04,-9.24E+03,-1.12E+05
3.46600E+00,6.93E+03,8.14E+00,-2.48E+01,2.61E+01,-3.50E+04,-9.56E+03,-6.49E+04
3.46800E+00,6.94E+03,-5.11E-01,-2.61E+01,2.61E+01,-3.50E+04,-9.50E+03,7.24E+04
3.47000E+00,6.94E+03,-8.93E+00,-2.47E+01,2.63E+01,-3.50E+04,-9.24E+03,1.02E+05
3.47200E+00,6.94E+03,-1.62E+01,-2.07E+01,2.63E+01,-3.50E+04,-9.08E+03,4.33E+04
3.47400E+00,6.95E+03,-2.20E+01,-1.47E+01,2.64E+01,-3.51E+04,-9.07E+03,-2.71E+04
3.47600E+00,6.95E+03,-2.55E+01,-7.15E+00,2.65E+01,-3.51E+04,-9.19E+03,-7.93E+04
3.47800E+00,6.96E+03,-2.60E+01,1.33E+00,2.61E+01,-3.51E+04,-9.40E+03,-1.03E+05
3.48000E+00,6.96E+03,-2.37E+01,9.54E+00,2.55E+01,-3.51E+04,-9.61E+03,-9.67E+04
3.48200E+00,6.96E+03,-1.88E+01,1.65E+01,2.50E+01,-3.51E+04,-9.78E+03,-1.15E+05
3.48400E+00,6.97E+03,-1.18E+01,2.14E+01,2.45E+01,-3.52E+04,-1.01E+04,-1.16E+05
3.48600E+00,6.97E+03,-3.54E+00,2.39E+01,2.41E+01,-3.52E+04,-1.03E+04,-6.72E+04
3.48800E+00,6.98E+03,5.05E+00,2.33E+01,2.39E+01,-3.52E+04,-1.03E+04,-1.28E+04
3.49000E+00,6.98E+03,1.30E+01,2.02E+01,2.40E+01,-3.52E+04,-1.03E+04,6.17E+04
3.49200E+00,6.98E+03,1.95E+01,1.45E+01,2.43E+01,-3.52E+04,-1.01E+04,1.24E+05
3.49400E+00,6.99E+03,2.38E+01,7.19E+00,2.49E+01,-3.53E+04,-9.76E+03,1.65E+05
3.49600E+00,6.99E+03,2.55E+01,-1.12E+00,2.55E+01,-3.53E+04,-9.47E+03,1.48E+05
3.49800E+00,7.00E+03,2.44E+01,-9.43E+00,2.62E+01,-3.53E+04,-9.15E+03,1.13E+05
3.50000E+00,7.00E+03,2.07E+01,-1.68E+01,2.66E+01,-3.53E+04,-9.01E+03,-5.11E+04
3.50200E+00,7.00E+03,1.43E+01,-2.22E+01,2.64E+01,-3.53E+04,-9.33E+03,-1.24E+05
3.50400E+00,7.01E+03,6.14E+00,-2.55E+01,2.62E+01,-3.54E+04,-9.61E+03,-4.45E+04
3.50600E+00,7.01E+03,-2.55E+00,-2.61E+01,2.63E+01,-3.54E+04,-9.46E+03,9.76E+04
3.50800E+00,7.02E+03,-1.08E+01,-2.40E+01,2.64E+01,-3.54E+04,-9.21E+03,8.79E+04
3.51000E+00,7.02E+03,-1.78E+01,-1.94E+01,2.63E+01,-3.54E+04,-9.08E+03,2.59E+04
3.51200E+00,7.02E+03,-2.31E+01,-1.30E+01,2.65E+01,-3.54E+04,-9.13E+03,-3.74E+04
3.51400E+00,7.03E+03,-2.60E+01,-5.07E+00,2.64E+01,-3.54E+04,-9.23E+03,-7.31E+04
3.51600E+00,7.03E+03,-2.58E+01,3.40E+00,2.60E+01,-3.55E+04,-9.42E+03,-1.10E+05
3.51800E+00,7.04E+03,-2.27E+01,1.14E+01,2.54E+01,-3.55E+04,-9.68E+03,-1.14E+05
3.52000E+00,7.04E+03,-1.72E+01,1.80E+01,2.49E+01,-3.55E+04,-9.89E+03,-1.17E+05
3.52200E+00,7.04E+03,-9.86E+00,2.23E+01,2.44E+01,-3.55E+04,-1.01E+04,-9.23E+04
3.52400E+00,7.05E+03,-1.37E+00,2.40E+01,2.40E+01,-3.55E+04,-1.03E+04,-5.06E+04
3.52600E+00,7.05E+03,7.11E+00,2.28E+01,2.39E+01,-3.56E+04,-1.03E+04,1.85E+04
3.52800E+00,7.06E+03,1.48E+01,1.90E+01,2.41E+01,-3.56E+04,-1.02E+04,5.97E+04
3.53000E+00,7.06E+03,2.07E+01,1.28E+01,2.44E+01,-3.56E+04,-1.01E+04,1.19E+05
3.53200E+00,7.06E+03,2.45E+01,5.14E+00,2.50E+01,-3.56E+04,-9.76E+03,1.64E+05
3.53400E+00,7.07E+03,2.54E+01,-3.26E+00,2.57E+01,-3.56E+04,-9.38E+03,1.67E+05
3.53600E+00,7.07E+03,2.37E+01,-1.14E+01,2.63E+01,-3.57E+04,-9.09E+03,6.39E+04
3.53800E+00,7.08E+03,1.92E+01,-1.83E+01,2.65E+01,-3.57E+04,-9.11E+03,-8.91E+04
3.54000E+00,7.08E+03,1.23E+01,-2.32E+01,2.62E+01,-3.57E+04,-9.46E+03,-1.19E+05
3.54200E+00,7.08E+03,3.86E+00,-2.58E+01,2.61E+01,-3.57E+04,-9.63E+03,-1.97E+00
3.54400E+00,7.09E+03,-4.84E+00,-2.58E+01,2.62E+01,-3.57E+04,-9.43E+03,1.14E+05
3.54600E+00,7.09E+03,-1.28E+01,-2.29E+01,2.63E+01,-3.58E+04,-9.16E+03,7.95E+04
3.54800E+00,7.10E+03,-1.94E+01,-1.79E+01,2.63E+01,-3.58E+04,-9.09E+03,8.61E+03
3.55000E+00,7.10E+03,-2.41E+01,-1.09E+01,2.65E+01,-3.58E+04,-9.16E+03,-4.98E+04
3.55200E+00,7.10E+03,-2.62E+01,-2.78E+00,2.63E+01,-3.58E+04,-9.27E+03,-8.58E+04
3.55400E+00,7.11E+03,-2.51E+01,5.65E+00,2.58E+01,-3.58E+04,-9.51E+03,-1.19E+05
3.55600E+00,7.11E+03,-2.14E+01,1.34E+01,2.52E+01,-3.59E+04,-9.76E+03,-1.11E+05
3.55800E+00,7.12E+03,-1.53E+01,1.94E+01,2.47E+01,-3.59E+04,-9.95E+03,-9.54E+04
3.56000E+00,7.12E+03,-7.58E+00,2.30E+01,2.42E+01,-3.59E+04,-1.01E+04,-7.17E+04
3.56200E+00,7.12E+03,9.39E-01,2.40E+01,2.40E+01,-3.59E+04,-1.03E+04,-5.40E+04
3.56400E+00,7.13E+03,9.27E+00,2.21E+01,2.39E+01,-3.59E+04,-1.03E+04,3.41E+04
3.56600E+00,7.13E+03,1.66E+01,1.75E+01,2.41E+01,-3.60E+04,-1.02E+04,9.87E+04
3.56800E+00,7.14E+03,2.19E+01,1.10E+01,2.45E+01,-3.60E+04,-9.87E+03,1.36E+05
3.57000E+00,7.14E+03,2.50E+01,3.04E+00,2.51E+01,-3.60E+04,-9.66E+03,1.12E+05
3.57200E+00,7.14E+03,2.52E+01,-5.40E+00,2.58E+01,-3.60E+04,-9.40E+03,1.44E+05
3.57400E+00,7.15E+03,2.27E+01,-1.35E+01,2.64E+01,-3.60E+04,-9.11E+03,6.01E+04
3.57600E+00,7.15E+03,1.76E+01,-1.99E+01,2.65E+01,-3.60E+04,-9.09E+03,-8.23E+04
3.57800E+00,7.16E+03,1.02E+01,-2.42E+01,2.62E+01,-3.61E+04,-9.49E+03,-1.15E+05
3.58000E+00,7.16E+03,1.62E+00,-2.60E+01,2.61E+01,-3.61E+04,-9.60E+03,1.47E+04
3.58200E+00,7.16E+03,-7.01E+00,-2.53E+01,2.63E+01,-3.61E+04,-9.39E+03,1.07E+05
3.58400E+00,7.17E+03,-1.48E+01,-2.19E+01,2.64E+01,-3.61E+04,-9.17E+03,7.73E+04
3.58600E+00,7.17E+03,-2.08E+01,-1.62E+01,2.64E+01,-3.61E+04,-9.07E+03,2.42E+04
3.58800E+00,7.18E+03,-2.49E+01,-8.94E+00,2.65E+01,-3.62E+04,-9.08E+03,-4.44E+04
3.59000E+00,7.18E+03,-2.62E+01,-7.03E-01,2.62E+01,-3.62E+04,-9.23E+03,-1.15E+05
3.59200E+00,7.18E+03,-2.45E+01,7.59E+00,2.57E+01,-3.62E+04,-9.55E+03,-1.50E+05
3.59400E+00,7.19E+03,-2.01E+01,1.50E+01,2.51E+01,-3.62E+04,-9.85E+03,-1.18E+05
3.59600E+00,7.19E+03,-1.35E+01,2.05E+01,2.46E+01,-3.62E+04,-1.00E+04,-1.00E+05
3.59800E+00,7.20E+03,-5.55E+00,2.35E+01,2.42E+01,-3.63E+04,-1.02E+04,-6.45E+04
3.60000E+00,7.20E+03,3.13E+00,2.37E+01,2.39E+01,-3.63E+04,-1.03E+04,-6.45E+03
3.60200E+00,7.20E+03,1.13E+01,2.12E+01,2.40E+01,-3.63E+04,-1.02E+04,6.25E+04
3.60400E+00,7.21E+03,1.82E+01,1.61E+01,2.43E+01,-3.63E+04,-1.01E+04,1.05E+05
3.60600E+00,7.21E+03,2.30E+01,9.14E+00,2.48E+01,-3.63E+04,-9.80E+03,1.33E+05
3.60800E+00,7.22E+03,2.54E+01,1.07E+00,2.54E+01,-3.64E+04,-9.53E+03,1.38E+05
3.61000E+00,7.22E+03,2.49E+01,-7.37E+00,2.60E+01,-3.64E+04,-9.27E+03,1.06E+05
3.61200E+00,7.22E+03,2.17E+01,-1.50E+01,2.64E+01,-3.64E+04,-9.08E+03,-3.27E+03
3.61400E+00,7.23E+03,1.59E+01,-2.10E+01,2.63E+01,-3.64E+04,-9.27E+03,-9.22E+04
3.61600E+00,7.23E+03,8.19E+00,-2.48E+01,2.62E+01,-3.64E+04,-9.51E+03,-5.14E+04
3.61800E+00,7.24E+03,-3.75E-01,-2.61E+01,2.61E+01,-3.65E+04,-9.46E+03,6.41E+04
3.62000E+00,7.24E+03,-8.81E+00,-2.48E+01,2.63E+01,-3.65E+04,-9.25E+03,7.66E+04
3.62200E+00,7.24E+03,-1.61E+01,-2.08E+01,2.63E+01,-3.65E+04,-9.12E+03,3.61E+04
3.62400E+00,7.25E+03,-2.20E+01,-1.48E+01,2.65E+01,-3.65E+04,-9.13E+03,-3.02E+04
3.62600E+00,7.25E+03,-2.55E+01,-7.15E+00,2.65E+01,-3.65E+04,-9.23E+03,-6.62E+04
3.62800E+00,7.26E+03,-2.60E+01,1.36E+00,2.60E+01,-3.65E+04,-9.41E+03,-8.10E+04
3.63000E+00,7.26E+03,-2.37E+01,9.57E+00,2.56E+01,-3.66E+04,-9.55E+03,-7.76E+04
3.63200E+00,7.26E+03,-1.88E+01,1.65E+01,2.50E+01,-3.66E+04,-9.71E+03,-1.11E+05
3.63400E+00,7.27E+03,-1.19E+01,2.14E+01,2.45E+01,-3.66E+04,-9.99E+03,-1.16E+05
3.63600E+00,7.27E+03,-3.68E+00,2.37E+01,2.40E+01,-3.66E+04,-1.02E+04,-7.61E+04
3.63800E+00,7.28E+03,4.81E+00,2.33E+01,2.38E+01,-3.66E+04,-1.03E+04,6.69E+03
3.64000E+00,7.28E+03,1.27E+01,2.02E+01,2.39E+01,-3.67E+04,-1.02E+04,3.38E+04
3.64200E+00,7.28E+03,1.92E+01,1.47E+01,2.42E+01,-3.67E+04,-1.01E+04,1.03E+05
3.64400E+00,7.29E+03,2.36E+01,7.36E+00,2.47E+01,-3.67E+04,-9.85E+03,1.32E+05
3.64600E+00,7.29E+03,2.53E+01,-8.10E-01,2.53E+01,-3.67E+04,-9.50E+03,1.54E+05
3.64800E+00,7.30E+03,2.43E+01,-9.16E+00,2.59E+01,-3.67E+04,-9.27E+03,1.24E+05
3.65000E+00,7.30E+03,2.06E+01,-1.66E+01,2.64E+01,-3.68E+04,-8.99E+03,7.54E+03
3.65200E+00,7.30E+03,1.45E+01,-2.20E+01,2.64E+01,-3.68E+04,-9.18E+03,-1.28E+05
3.65400E+00,7.31E+03,6.47E+00,-2.53E+01,2.61E+01,-3.68E+04,-9.60E+03,-9.94E+04
3.65600E+00,7.31E+03,-2.29E+00,-2.61E+01,2.62E+01,-3.68E+04,-9.58E+03,7.17E+04
3.65800E+00,7.32E+03,-1.07E+01,-2.41E+01,2.64E+01,-3.68E+04,-9.29E+03,1.19E+05
3.66000E+00,7.32E+03,-1.77E+01,-1.95E+01,2.63E+01,-3.69E+04,-9.07E+03,7.10E+04
3.66200E+00,7.32E+03,-2.29E+01,-1.31E+01,2.64E+01,-3.69E+04,-9.02E+03,-4.34E+03
3.66400E+00,7.33E+03,-2.58E+01,-5.36E+00,2.63E+01,-3.69E+04,-9.08E+03,-6.74E+04
3.66600E+00,7.33E+03,-2.60E+01,2.99E+00,2.61E+01,-3.69E+04,-9.29E+03,-1.25E+05
3.66800E+00,7.34E+03,-2.31E+01,1.10E+01,2.55E+01,-3.69E+04,-9.59E+03,-1.46E+05
3.67000E+00,7.34E+03,-1.76E+01,1.76E+01,2.49E+01,-3.69E+04,-9.88E+03,-1.26E+05
3.67200E+00,7.34E+03,-1.03E+01,2.21E+01,2.44E+01,-3.70E+04,-1.01E+04,-9.97E+04
3.67400E+00,7.35E+03,-1.96E+00,2.40E+01,2.40E+01,-3.70E+04,-1.03E+04,-4.90E+04
3.67600E+00,7.35E+03,6.62E+00,2.30E+01,2.39E+01,-3.70E+04,-1.03E+04,-4.38E+03
3.67800E+00,7.36E+03,1.44E+01,1.94E+01,2.41E+01,-3.70E+04,-1.03E+04,1.10E+05
3.68000E+00,7.36E+03,2.05E+01,1.33E+01,2.45E+01,-3.70E+04,-9.93E+03,1.35E+05
3.68200E+00,7.36E+03,2.43E+01,5.92E+00,2.50E+01,-3.71E+04,-9.63E+03,1.53E+05
3.68400E+00,7.37E+03,2.56E+01,-2.51E+00,2.57E+01,-3.71E+04,-9.40E+03,1.24E+05
3.68600E+00,7.37E+03,2.40E+01,-1.06E+01,2.62E+01,-3.71E+04,-9.07E+03,6.40E+04
3.68800E+00,7.38E+03,1.97E+01,-1.76E+01,2.64E+01,-3.71E+04,-9.13E+03,-7.04E+04
3.69000E+00,7.38E+03,1.29E+01,-2.28E+01,2.62E+01,-3.71E+04,-9.39E+03,-9.58E+04
3.69200E+00,7.38E+03,4.78E+00,-2.57E+01,2.61E+01,-3.72E+04,-9.52E+03,1.45E+04
3.69400E+00,7.39E+03,-3.90E+00,-2.59E+01,2.62E+01,-3.72E+04,-9.35E+03,8.64E+04
3.69600E+00,7.39E+03,-1.19E+01,-2.35E+01,2.63E+01,-3.72E+04,-9.13E+03,6.04E+04
3.69800E+00,7.40E+03,-1.87E+01,-1.87E+01,2.64E+01,-3.72E+04,-9.12E+03,1.23E+03
3.70000E+00,7.40E+03,-2.37E+01,-1.19E+01,2.65E+01,-3.72E+04,-9.14E+03,-2.73E+04
3.70200E+00,7.40E+03,-2.60E+01,-3.84E+00,2.63E+01,-3.73E+04,-9.21E+03,-6.94E+04
3.70400E+00,7.41E+03,-2.54E+01,4.58E+00,2.58E+01,-3.73E+04,-9.43E+03,-1.03E+05
3.70600E+00,7.41E+03,-2.21E+01,1.24E+01,2.53E+01,-3.73E+04,-9.63E+03,-9.81E+04
3.70800E+00,7.42E+03,-1.63E+01,1.86E+01,2.48E+01,-3.73E+04,-9.81E+03,-1.09E+05
3.71000E+00,7.42E+03,-8.86E+00,2.26E+01,2.42E+01,-3.73E+04,-1.01E+04,-9.93E+04
3.71200E+00,7.42E+03,-4.18E-01,2.39E+01,2.39E+01,-3.73E+04,-1.02E+04,-5.58E+04
3.71400E+00,7.43E+03,7.92E+00,2.24E+01,2.37E+01,-3.74E+04,-1.03E+04,3.00E+04
3.71600E+00,7.43E+03,1.54E+01,1.83E+01,2.39E+01,-3.74E+04,-1.01E+04,6.31E+04
3.71800E+00,7.44E+03,2.11E+01,1.21E+01,2.43E+01,-3.74E+04,-9.98E+03,1.22E+05
3.72000E+00,7.44E+03,2.46E+01,4.35E+00,2.50E+01,-3.74E+04,-9.70E+03,1.47E+05
3.72200E+00,7.44E+03,2.53E+01,-3.95E+00,2.56E+01,-3.74E+04,-9.33E+03,1.64E+05
3.72400E+00,7.45E+03,2.33E+01,-1.20E+01,2.62E+01,-3.75E+04,-9.07E+03,6.16E+04
3.72600E+00,7.45E+03,1.87E+01,-1.88E+01,2.65E+01,-3.75E+04,-9.04E+03,-8.24E+04
3.72800E+00,7.46E+03,1.17E+01,-2.35E+01,2.63E+01,-3.75E+04,-9.42E+03,-1.23E+05
3.73000E+00,7.46E+03,3.26E+00,-2.59E+01,2.61E+01,-3.75E+04,-9.60E+03,4.30E+03
3.73200E+00,7.46E+03,-5.42E+00,-2.58E+01,2.63E+01,-3.75E+04,-9.37E+03,1.22E+05
3.73400E+00,7.47E+03,-1.33E+01,-2.28E+01,2.64E+01,-3.76E+04,-9.09E+03,1.06E+05
3.73600E+00,7.47E+03,-1.97E+01,-1.75E+01,2.63E+01,-3.76E+04,-8.94E+03,2.95E+04
3.73800E+00,7.48E+03,-2.42E+01,-1.07E+01,2.65E+01,-3.76E+04,-8.97E+03,-5.15E+04
3.74000E+00,7.48E+03,-2.62E+01,-2.69E+00,2.64E+01,-3.76E+04,-9.16E+03,-1.10E+05
3.74200E+00,7.48E+03,-2.52E+01,5.66E+00,2.58E+01,-3.76E+04,-9.41E+03,-1.51E+05
3.74400E+00,7.49E+03,-2.14E+01,1.33E+01,2.52E+01,-3.77E+04,-9.76E+03,-1.48E+05
3.74600E+00,7.49E+03,-1.52E+01,1.93E+01,2.46E+01,-3.77E+04,-1.00E+04,-1.12E+05
3.74800E+00,7.50E+03,-7.51E+00,2.30E+01,2.42E+01,-3.77E+04,-1.02E+04,-5.20E+04
3.75000E+00,7.50E+03,1.02E+00,2.39E+01,2.39E+01,-3.77E+04,-1.03E+04,-2.83E+04
3.75200E+00,7.50E+03,9.32E+00,2.20E+01,2.39E+01,-3.77E+04,-1.03E+04,5.41E+04
3.75400E+00,7.51E+03,1.67E+01,1.75E+01,2.42E+01,-3.78E+04,-1.01E+04,1.11E+05
3.75600E+00,7.51E+03,2.20E+01,1.11E+01,2.46E+01,-3.78E+04,-9.77E+03,1.50E+05
3.75800E+00,7.52E+03,2.50E+01,3.23E+00,2.53E+01,-3.78E+04,-9.52E+03,1.29E+05
3.76000E+00,7.52E+03,2.53E+01,-5.08E+00,2.58E+01,-3.78E+04,-9.23E+03,1.18E+05
3.76200E+00,7.52E+03,2.29E+01,-1.30E+01,2.64E+01,-3.78E+04,-9.05E+03,1.08E+04
3.76400E+00,7.53E+03,1.78E+01,-1.95E+01,2.64E+01,-3.78E+04,-9.16E+03,-9.01E+04
3.76600E+00,7.53E+03,1.05E+01,-2.39E+01,2.62E+01,-3.79E+04,-9.46E+03,-7.29E+04
3.76800E+00,7.54E+03,2.11E+00,-2.60E+01,2.61E+01,-3.79E+04,-9.47E+03,3.12E+04
3.77000E+00,7.54E+03,-6.39E+00,-2.54E+01,2.62E+01,-3.79E+04,-9.30E+03,1.02E+05
3.77200E+00,7.54E+03,-1.42E+01,-2.22E+01,2.63E+01,-3.79E+04,-9.08E+03,5.59E+04
3.77400E+00,7.55E+03,-2.03E+01,-1.68E+01,2.64E+01,-3.79E+04,-9.03E+03,7.42E+03
3.77600E+00,7.55E+03,-2.46E+01,-9.62E+00,2.64E+01,-3.80E+04,-9.10E+03,-6.65E+04
3.77800E+00,7.56E+03,-2.61E+01,-1.45E+00,2.62E+01,-3.80E+04,-9.25E+03,-8.89E+04
3.78000E+00,7.56E+03,-2.48E+01,6.95E+00,2.57E+01,-3.80E+04,-9.50E+03,-1.11E+05
3.78200E+00,7.56E+03,-2.07E+01,1.44E+01,2.52E+01,-3.80E+04,-9.68E+03,-9.70E+04
3.78400E+00,7.57E+03,-1.44E+01,2.00E+01,2.47E+01,-3.80E+04,-9.89E+03,-1.11E+05
3.78600E+00,7.57E+03,-6.53E+00,2.33E+01,2.42E+01,-3.81E+04,-1.01E+04,-7.41E+04
3.78800E+00,7.58E+03,2.02E+00,2.38E+01,2.39E+01,-3.81E+04,-1.02E+04,-1.03E+04
3.79000E+00,7.58E+03,1.02E+01,2.16E+01,2.39E+01,-3.81E+04,-1.01E+04,4.07E+04
3.79200E+00,7.58E+03,1.71E+01,1.69E+01,2.41E+01,-3.81E+04,-1.00E+04,7.05E+04
3.79400E+00,7.59E+03,2.23E+01,1.02E+01,2.46E+01,-3.81E+04,-9.87E+03,1.16E+05
3.79600E+00,7.59E+03,2.50E+01,2.25E+00,2.51E+01,-3.82E+04,-9.57E+03,1.54E+05
3.79800E+00,7.60E+03,2.50E+01,-6.10E+00,2.58E+01,-3.82E+04,-9.24E+03,1.44E+05
3.80000E+00,7.60E+03,2.24E+01,-1.39E+01,2.64E+01,-3.82E+04,-8.99E+03,2.09E+04
3.80200E+00,7.60E+03,1.71E+01,-2.02E+01,2.64E+01,-3.82E+04,-9.13E+03,-1.10E+05
3.80400E+00,7.61E+03,9.63E+00,-2.43E+01,2.61E+01,-3.82E+04,-9.49E+03,-9.38E+04
3.80600E+00,7.61E+03,1.09E+00,-2.60E+01,2.60E+01,-3.82E+04,-9.52E+03,4.28E+04
3.80800E+00,7.62E+03,-7.43E+00,-2.52E+01,2.63E+01,-3.83E+04,-9.29E+03,1.18E+05
3.81000E+00,7.62E+03,-1.50E+01,-2.16E+01,2.63E+01,-3.83E+04,-9.04E+03,8.01E+04
3.81200E+00,7.62E+03,-2.10E+01,-1.60E+01,2.64E+01,-3.83E+04,-8.95E+03,2.06E+04
3.81400E+00,7.63E+03,-2.50E+01,-8.83E+00,2.65E+01,-3.83E+04,-8.98E+03,-5.14E+04
3.81600E+00,7.63E+03,-2.63E+01,-6.71E-01,2.63E+01,-3.83E+04,-9.14E+03,-1.22E+05
3.81800E+00,7.64E+03,-2.46E+01,7.56E+00,2.57E+01,-3.84E+04,-9.48E+03,-1.49E+05
3.82000E+00,7.64E+03,-2.02E+01,1.49E+01,2.51E+01,-3.84E+04,-9.76E+03,-1.05E+05
3.82200E+00,7.64E+03,-1.37E+01,2.04E+01,2.46E+01,-3.84E+04,-9.89E+03,-9.87E+04
3.82400E+00,7.65E+03,-5.84E+00,2.34E+01,2.42E+01,-3.84E+04,-1.01E+04,-7.86E+04
3.82600E+00,7.65E+03,2.77E+00,2.38E+01,2.39E+01,-3.84E+04,-1.03E+04,-2.65E+04
3.82800E+00,7.66E+03,1.09E+01,2.13E+01,2.39E+01,-3.85E+04,-1.02E+04,5.25E+04
3.83000E+00,7.66E+03,1.78E+01,1.64E+01,2.42E+01,-3.85E+04,-1.01E+04,1.15E+05
3.83200E+00,7.66E+03,2.28E+01,9.53E+00,2.47E+01,-3.85E+04,-9.73E+03,1.52E+05
3.83400E+00,7.67E+03,2.53E+01,1.62E+00,2.53E+01,-3.85E+04,-9.43E+03,1.43E+05
3.83600E+00,7.67E+03,2.50E+01,-6.72E+00,2.59E+01,-3.85E+04,-9.19E+03,1.03E+05
3.83800E+00,7.68E+03,2.21E+01,-1.44E+01,2.64E+01,-3.86E+04,-8.99E+03,-1.62E+03
3.84000E+00,7.68E+03,1.66E+01,-2.05E+01,2.64E+01,-3.86E+04,-9.17E+03,-9.89E+04
3.84200E+00,7.68E+03,9.04E+00,-2.46E+01,2.62E+01,-3.86E+04,-9.45E+03,-6.44E+04
3.84400E+00,7.69E+03,5.58E-01,-2.61E+01,2.61E+01,-3.86E+04,-9.42E+03,5.84E+04
3.84600E+00,7.69E+03,-7.88E+00,-2.50E+01,2.62E+01,-3.86E+04,-9.21E+03,1.05E+05
3.84800E+00,7.70E+03,-1.53E+01,-2.14E+01,2.63E+01,-3.86E+04,-8.98E+03,6.24E+04
3.85000E+00,7.70E+03,-2.12E+01,-1.57E+01,2.64E+01,-3.87E+04,-8.95E+03,-1.53E+04
3.85200E+00,7.70E+03,-2.51E+01,-8.43E+00,2.64E+01,-3.87E+04,-9.06E+03,-7.66E+04
3.85400E+00,7.71E+03,-2.62E+01,-1.58E-01,2.62E+01,-3.87E+04,-9.25E+03,-1.09E+05
3.85600E+00,7.71E+03,-2.43E+01,8.09E+00,2.56E+01,-3.87E+04,-9.51E+03,-1.09E+05
3.85800E+00,7.72E+03,-1.99E+01,1.53E+01,2.51E+01,-3.87E+04,-9.70E+03,-9.99E+04
3.86000E+00,7.72E+03,-1.33E+01,2.07E+01,2.46E+01,-3.88E+04,-9.89E+03,-1.02E+05
3.86200E+00,7.72E+03,-5.34E+00,2.35E+01,2.41E+01,-3.88E+04,-1.01E+04,-7.41E+04
3.86400E+00,7.73E+03,3.19E+00,2.36E+01,2.39E+01,-3.88E+04,-1.02E+04,-9.96E+03
3.86600E+00,7.73E+03,1.12E+01,2.11E+01,2.39E+01,-3.88E+04,-1.01E+04,4.58E+04
3.86800E+00,7.74E+03,1.80E+01,1.61E+01,2.42E+01,-3.88E+04,-1.00E+04,9.78E+04
3.87000E+00,7.74E+03,2.29E+01,9.19E+00,2.47E+01,-3.89E+04,-9.75E+03,1.34E+05
3.87200E+00,7.74E+03,2.53E+01,1.21E+00,2.53E+01,-3.89E+04,-9.46E+03,1.53E+05
3.87400E+00,7.75E+03,2.49E+01,-7.13E+00,2.59E+01,-3.89E+04,-9.16E+03,1.20E+05
3.87600E+00,7.75E+03,2.20E+01,-1.48E+01,2.65E+01,-3.89E+04,-8.95E+03,-7.77E+03
3.87800E+00,7.76E+03,1.64E+01,-2.08E+01,2.65E+01,-3.89E+04,-9.18E+03,-1.11E+05
3.88000E+00,7.76E+03,8.69E+00,-2.47E+01,2.62E+01,-3.90E+04,-9.46E+03,-5.74E+04
3.88200E+00,7.76E+03,1.76E-01,-2.62E+01,2.62E+01,-3.90E+04,-9.39E+03,5.03E+04
3.88400E+00,7.77E+03,-8.22E+00,-2.50E+01,2.63E+01,-3.90E+04,-9.24E+03,1.21E+05
3.88600E+00,7.77E+03,-1.57E+01,-2.12E+01,2.63E+01,-3.90E+04,-8.94E+03,6.02E+04
3.88800E+00,7.78E+03,-2.14E+01,-1.55E+01,2.64E+01,-3.90E+04,-8.91E+03,-1.33E+04
3.89000E+00,7.78E+03,-2.53E+01,-8.12E+00,2.65E+01,-3.90E+04,-9.09E+03,-9.07E+04
3.89200E+00,7.78E+03,-2.62E+01,1.56E-01,2.62E+01,-3.91E+04,-9.21E+03,-1.01E+05
3.89400E+00,7.79E+03,-2.42E+01,8.36E+00,2.56E+01,-3.91E+04,-9.52E+03,-1.24E+05
3.89600E+00,7.79E+03,-1.96E+01,1.56E+01,2.51E+01,-3.91E+04,-9.73E+03,-9.47E+04
3.89800E+00,7.80E+03,-1.30E+01,2.08E+01,2.45E+01,-3.91E+04,-9.87E+03,-9.87E+04
3.90000E+00,7.80E+03,-5.06E+00,2.36E+01,2.41E+01,-3.91E+04,-1.01E+04,-8.47E+04
3.90200E+00,7.80E+03,3.51E+00,2.36E+01,2.39E+01,-3.92E+04,-1.02E+04,-5.88E+03
3.90400E+00,7.81E+03,1.15E+01,2.09E+01,2.39E+01,-3.92E+04,-1.01E+04,6.91E+04
3.90600E+00,7.81E+03,1.83E+01,1.59E+01,2.42E+01,-3.92E+04,-9.96E+03,1.05E+05
3.90800E+00,7.82E+03,2.30E+01,8.94E+00,2.47E+01,-3.92E+04,-9.72E+03,1.19E+05
3.91000E+00,7.82E+03,2.53E+01,9.47E-01,2.53E+01,-3.92E+04,-9.46E+03,1.40E+05
3.91200E+00,7.82E+03,2.49E+01,-7.41E+00,2.60E+01,-3.93E+04,-9.18E+03,1.14E+05
3.91400E+00,7.83E+03,2.18E+01,-1.50E+01,2.65E+01,-3.93E+04,-8.97E+03,-9.27E+03
3.91600E+00,7.83E+03,1.61E+01,-2.09E+01,2.64E+01,-3.93E+04,-9.20E+03,-1.13E+05
3.91800E+00,7.84E+03,8.35E+00,-2.48E+01,2.61E+01,-3.93E+04,-9.50E+03,-6.17E+04
3.92000E+00,7.84E+03,-2.07E-01,-2.61E+01,2.61E+01,-3.93E+04,-9.44E+03,6.07E+04
3.92200E+00,7.84E+03,-8.60E+00,-2.48E+01,2.63E+01,-3.93E+04,-9.23E+03,1.02E+05
3.92400E+00,7.85E+03,-1.60E+01,-2.09E+01,2.63E+01,-3.94E+04,-9.03E+03,7.49E+04
3.92600E+00,7.85E+03,-2.18E+01,-1.51E+01,2.65E+01,-3.94E+04,-8.92E+03,2.30E+03
3.92800E+00,7.86E+03,-2.54E+01,-7.72E+00,2.65E+01,-3.94E+04,-9.02E+03,-7.44E+04
3.93000E+00,7.86E+03,-2.61E+01,5.98E-01,2.61E+01,-3.94E+04,-9.23E+03,-1.22E+05
3.93200E+00,7.86E+03,-2.41E+01,8.77E+00,2.56E+01,-3.94E+04,-9.50E+03,-1.22E+05
3.93400E+00,7.87E+03,-1.94E+01,1.59E+01,2.51E+01,-3.95E+04,-9.74E+03,-1.07E+05
3.93600E+00,7.87E+03,-1.27E+01,2.11E+01,2.46E+01,-3.95E+04,-9.92E+03,-8.54E+04
3.93800E+00,7.88E+03,-4.62E+00,2.37E+01,2.42E+01,-3.95E+04,-1.01E+04,-6.30E+04
3.94000E+00,7.88E+03,3.88E+00,2.37E+01,2.40E+01,-3.95E+04,-1.02E+04,-3.48E+04
3.94200E+00,7.88E+03,1.19E+01,2.08E+01,2.40E+01,-3.95E+04,-1.02E+04,4.69E+04
3.94400E+00,7.89E+03,1.87E+01,1.56E+01,2.43E+01,-3.96E+04,-1.00E+04,1.06E+05
3.94600E+00,7.89E+03,2.33E+01,8.59E+00,2.48E+01,-3.96E+04,-9.73E+03,1.61E+05
3.94800E+00,7.90E+03,2.54E+01,4.01E-01,2.54E+01,-3.96E+04,-9.43E+03,1.53E+05
3.95000E+00,7.90E+03,2.48E+01,-7.82E+00,2.60E+01,-3.96E+04,-9.08E+03,1.04E+05
3.95200E+00,7.90E+03,2.16E+01,-1.54E+01,2.65E+01,-3.96E+04,-9.01E+03,-3.58E+04
3.95400E+00,7.91E+03,1.57E+01,-2.12E+01,2.64E+01,-3.97E+04,-9.22E+03,-1.00E+05
3.95600E+00,7.91E+03,7.95E+00,-2.49E+01,2.62E+01,-3.97E+04,-9.45E+03,-4.87E+04
3.95800E+00,7.92E+03,-5.93E-01,-2.61E+01,2.61E+01,-3.97E+04,-9.42E+03,6.83E+04
3.96000E+00,7.92E+03,-8.98E+00,-2.47E+01,2.63E+01,-3.97E+04,-9.17E+03,9.06E+04
3.96200E+00,7.92E+03,-1.62E+01,-2.08E+01,2.63E+01,-3.97E+04,-9.02E+03,5.62E+04
3.96400E+00,7.93E+03,-2.20E+01,-1.48E+01,2.65E+01,-3.97E+04,-8.98E+03,-2.82E+04
3.96600E+00,7.93E+03,-2.53E+01,-7.31E+00,2.64E+01,-3.98E+04,-9.09E+03,-8.03E+04
3.96800E+00,7.94E+03,-2.61E+01,1.09E+00,2.61E+01,-3.98E+04,-9.34E+03,-1.14E+05
3.97000E+00,7.94E+03,-2.38E+01,9.27E+00,2.56E+01,-3.98E+04,-9.54E+03,-9.13E+04
3.97200E+00,7.94E+03,-1.90E+01,1.63E+01,2.50E+01,-3.98E+04,-9.71E+03,-1.02E+05
3.97400E+00,7.95E+03,-1.22E+01,2.13E+01,2.45E+01,-3.98E+04,-9.93E+03,-1.01E+05
3.97600E+00,7.95E+03,-4.08E+00,2.37E+01,2.41E+01,-3.99E+04,-1.01E+04,-6.94E+04
3.97800E+00,7.96E+03,4.41E+00,2.35E+01,2.39E+01,-3.99E+04,-1.02E+04,-4.73E+03
3.98000E+00,7.96E+03,1.24E+01,2.05E+01,2.39E+01,-3.99E+04,-1.02E+04,6.17E+04
3.98200E+00,7.96E+03,1.89E+01,1.51E+01,2.42E+01,-3.99E+04,-9.96E+03,1.06E+05
3.98400E+00,7.97E+03,2.34E+01,8.09E+00,2.47E+01,-3.99E+04,-9.71E+03,1.19E+05
3.98600E+00,7.97E+03,2.53E+01,-5.24E-02,2.53E+01,-4.00E+04,-9.49E+03,1.35E+05
3.98800E+00,7.98E+03,2.46E+01,-8.42E+00,2.60E+01,-4.00E+04,-9.18E+03,1.07E+05
3.99000E+00,7.98E+03,2.12E+01,-1.59E+01,2.64E+01,-4.00E+04,-9.02E+03,-1.21E+04
3.99200E+00,7.98E+03,1.51E+01,-2.16E+01,2.64E+01,-4.00E+04,-9.24E+03,-1.10E+05
3.99400E+00,7.99E+03,7.29E+00,-2.51E+01,2.61E+01,-4.00E+04,-9.50E+03,-3.91E+04
3.99600E+00,7.99E+03,-1.34E+00,-2.61E+01,2.62E+01,-4.01E+04,-9.41E+03,7.90E+04
3.99800E+00,8.00E+03,-9.63E+00,-2.45E+01,2.63E+01,-4.01E+04,-9.14E+03,1.20E+05
4.00000E+00,8.00E+03,-1.68E+01,-2.03E+01,2.64E+01,-4.01E+04,-8.94E+03,2.72E+04
4.00200E+00,8.00E+03,-2.23E+01,-1.44E+01,2.65E+01,-4.01E+04,-9.00E+03,-3.49E+04
4.00400E+00,8.01E+03,-2.56E+01,-6.63E+00,2.65E+01,-4.01E+04,-9.14E+03,-8.14E+04
4.00600E+00,8.01E+03,-2.61E+01,1.71E+00,2.62E+01,-4.01E+04,-9.27E+03,-9.39E+04
4.00800E+00,8.02E+03,-2.37E+01,9.85E+00,2.56E+01,-4.02E+04,-9.55E+03,-1.11E+05
4.01000E+00,8.02E+03,-1.86E+01,1.67E+01,2.50E+01,-4.02E+04,-9.72E+03,-1.15E+05
4.01200E+00,8.02E+03,-1.17E+01,2.15E+01,2.45E+01,-4.02E+04,-9.98E+03,-1.06E+05
4.01400E+00,8.03E+03,-3.42E+00,2.38E+01,2.41E+01,-4.02E+04,-1.02E+04,-6.96E+04
4.01600E+00,8.03E+03,5.06E+00,2.33E+01,2.39E+01,-4.02E+04,-1.02E+04,-2.24E+04
4.01800E+00,8.04E+03,1.29E+01,2.01E+01,2.39E+01,-4.03E+04,-1.03E+04,4.64E+04
4.02000E+00,8.04E+03,1.95E+01,1.45E+01,2.43E+01,-4.03E+04,-1.01E+04,1.29E+05
4.02200E+00,8.04E+03,2.37E+01,7.23E+00,2.48E+01,-4.03E+04,-9.71E+03,1.81E+05
4.02400E+00,8.05E+03,2.54E+01,-9.90E-01,2.55E+01,-4.03E+04,-9.38E+03,1.66E+05
4.02600E+00,8.05E+03,2.44E+01,-9.17E+00,2.61E+01,-4.03E+04,-9.03E+03,9.31E+04
4.02800E+00,8.06E+03,2.08E+01,-1.64E+01,2.65E+01,-4.04E+04,-8.98E+03,-5.51E+04
4.03000E+00,8.06E+03,1.45E+01,-2.19E+01,2.63E+01,-4.04E+04,-9.27E+03,-1.19E+05
4.03200E+00,8.06E+03,6.57E+00,-2.53E+01,2.62E+01,-4.04E+04,-9.50E+03,-2.95E+04
4.03400E+00,8.07E+03,-2.05E+00,-2.61E+01,2.62E+01,-4.04E+04,-9.39E+03,8.82E+04
4.03600E+00,8.07E+03,-1.03E+01,-2.42E+01,2.63E+01,-4.04E+04,-9.12E+03,8.04E+04
4.03800E+00,8.08E+03,-1.72E+01,-1.99E+01,2.63E+01,-4.05E+04,-9.04E+03,8.10E+03
4.04000E+00,8.08E+03,-2.27E+01,-1.35E+01,2.64E+01,-4.05E+04,-9.12E+03,-3.52E+04
4.04200E+00,8.08E+03,-2.57E+01,-5.73E+00,2.64E+01,-4.05E+04,-9.18E+03,-5.59E+04
4.04400E+00,8.09E+03,-2.58E+01,2.65E+00,2.59E+01,-4.05E+04,-9.33E+03,-9.17E+04
4.04600E+00,8.09E+03,-2.31E+01,1.07E+01,2.55E+01,-4.05E+04,-9.56E+03,-1.12E+05
4.04800E+00,8.10E+03,-1.79E+01,1.73E+01,2.49E+01,-4.05E+04,-9.77E+03,-1.13E+05
4.05000E+00,8.10E+03,-1.07E+01,2.19E+01,2.44E+01,-4.06E+04,-1.00E+04,-9.66E+04
4.05200E+00,8.10E+03,-2.45E+00,2.39E+01,2.40E+01,-4.06E+04,-1.02E+04,-6.24E+04
4.05400E+00,8.11E+03,6.01E+00,2.31E+01,2.39E+01,-4.06E+04,-1.02E+04,1.56E+04
4.05600E+00,8.11E+03,1.38E+01,1.96E+01,2.40E+01,-4.06E+04,-1.01E+04,5.78E+04
4.05800E+00,8.12E+03,1.99E+01,1.39E+01,2.43E+01,-4.06E+04,-9.97E+03,9.95E+04
4.06000E+00,8.12E+03,2.41E+01,6.43E+00,2.49E+01,-4.07E+04,-9.78E+03,1.42E+05
4.06200E+00,8.12E+03,2.54E+01,-1.89E+00,2.55E+01,-4.07E+04,-9.39E+03,1.74E+05
4.06400E+00,8.13E+03,2.41E+01,-1.00E+01,2.61E+01,-4.07E+04,-9.06E+03,9.21E+04
4.06600E+00,8.13E+03,2.01E+01,-1.72E+01,2.65E+01,-4.07E+04,-9.01E+03,-5.92E+04
4.06800E+00,8.14E+03,1.37E+01,-2.25E+01,2.63E+01,-4.07E+04,-9.30E+03,-1.24E+05
4.07000E+00,8.14E+03,5.57E+00,-2.55E+01,2.61E+01,-4.08E+04,-9.56E+03,-2.99E+04
4.07200E+00,8.14E+03,-3.15E+00,-2.61E+01,2.63E+01,-4.08E+04,-9.42E+03,9.26E+04
4.07400E+00,8.15E+03,-1.13E+01,-2.38E+01,2.63E+01,-4.08E+04,-9.15E+03,1.10E+05
4.07600E+00,8.15E+03,-1.81E+01,-1.91E+01,2.63E+01,-4.08E+04,-8.99E+03,2.80E+04
4.07800E+00,8.16E+03,-2.32E+01,-1.27E+01,2.64E+01,-4.08E+04,-9.02E+03,-3.99E+04
4.08000E+00,8.16E+03,-2.59E+01,-4.78E+00,2.64E+01,-4.08E+04,-9.18E+03,-8.40E+04
4.08200E+00,8.16E+03,-2.57E+01,3.63E+00,2.60E+01,-4.09E+04,-9.34E+03,-1.10E+05
4.08400E+00,8.17E+03,-2.26E+01,1.15E+01,2.54E+01,-4.09E+04,-9.62E+03,-1.26E+05
4.08600E+00,8.17E+03,-1.71E+01,1.80E+01,2.48E+01,-4.09E+04,-9.86E+03,-1.27E+05
4.08800E+00,8.18E+03,-9.74E+00,2.23E+01,2.43E+01,-4.09E+04,-1.01E+04,-8.89E+04
4.09000E+00,8.18E+03,-1.29E+00,2.39E+01,2.40E+01,-4.09E+04,-1.03E+04,-4.61E+04
4.09200E+00,8.18E+03,7.15E+00,2.28E+01,2.39E+01,-4.10E+04,-1.03E+04,2.75E+04
4.09400E+00,8.19E+03,1.48E+01,1.90E+01,2.41E+01,-4.10E+04,-1.02E+04,6.84E+04
4.09600E+00,8.19E+03,2.08E+01,1.29E+01,2.45E+01,-4.10E+04,-9.97E+03,1.35E+05
4.09800E+00,8.20E+03,2.46E+01,5.30E+00,2.51E+01,-4.10E+04,-9.65E+03,1.68E+05
4.10000E+00,8.20E+03,2.55E+01,-2.98E+00,2.57E+01,-4.10E+04,-9.26E+03,1.58E+05
4.10200E+00,8.20E+03,2.38E+01,-1.11E+01,2.63E+01,-4.11E+04,-9.02E+03,2.70E+04
4.10400E+00,8.21E+03,1.94E+01,-1.79E+01,2.64E+01,-4.11E+04,-9.12E+03,-8.28E+04
4.10600E+00,8.21E+03,1.25E+01,-2.30E+01,2.62E+01,-4.11E+04,-9.41E+03,-9.57E+04
4.10800E+00,8.22E+03,4.37E+00,-2.57E+01,2.61E+01,-4.11E+04,-9.50E+03,1.11E+04
4.11000E+00,8.22E+03,-4.27E+00,-2.58E+01,2.62E+01,-4.11E+04,-9.37E+03,7.31E+04
4.11200E+00,8.22E+03,-1.23E+01,-2.32E+01,2.63E+01,-4.12E+04,-9.18E+03,6.72E+04
4.11400E+00,8.23E+03,-1.90E+01,-1.83E+01,2.64E+01,-4.12E+04,-9.11E+03,1.04E+04
4.11600E+00,8.23E+03,-2.38E+01,-1.15E+01,2.64E+01,-4.12E+04,-9.13E+03,-3.84E+04
4.11800E+00,8.24E+03,-2.60E+01,-3.36E+00,2.62E+01,-4.12E+04,-9.26E+03,-7.89E+04
4.12000E+00,8.24E+03,-2.53E+01,5.08E+00,2.59E+01,-4.12E+04,-9.45E+03,-9.26E+04
4.12200E+00,8.24E+03,-2.19E+01,1.29E+01,2.54E+01,-4.13E+04,-9.64E+03,-9.57E+04
4.12400E+00,8.25E+03,-1.60E+01,1.90E+01,2.48E+01,-4.13E+04,-9.83E+03,-8.88E+04
4.12600E+00,8.25E+03,-8.42E+00,2.28E+01,2.43E+01,-4.13E+04,-1.00E+04,-8.81E+04
4.12800E+00,8.26E+03,-4.24E-02,2.40E+01,2.40E+01,-4.13E+04,-1.02E+04,-6.19E+04
4.13000E+00,8.26E+03,8.34E+00,2.24E+01,2.39E+01,-4.13E+04,-1.03E+04,2.22E+04
4.13200E+00,8.26E+03,1.57E+01,1.81E+01,2.40E+01,-4.14E+04,-1.01E+04,6.59E+04
4.13400E+00,8.27E+03,2.13E+01,1.19E+01,2.45E+01,-4.14E+04,-9.95E+03,1.14E+05
4.13600E+00,8.27E+03,2.47E+01,4.00E+00,2.50E+01,-4.14E+04,-9.71E+03,1.22E+05
4.13800E+00,8.28E+03,2.53E+01,-4.32E+00,2.57E+01,-4.14E+04,-9.39E+03,1.65E+05
4.14000E+00,8.28E+03,2.31E+01,-1.25E+01,2.62E+01,-4.14E+04,-9.11E+03,5.87E+04
4.14200E+00,8.28E+03,1.84E+01,-1.91E+01,2.65E+01,-4.14E+04,-9.07E+03,-7.29E+04
4.14400E+00,8.29E+03,1.12E+01,-2.37E+01,2.62E+01,-4.15E+04,-9.46E+03,-1.22E+05
4.14600E+00,8.29E+03,2.76E+00,-2.60E+01,2.61E+01,-4.15E+04,-9.60E+03,1.56E+04
4.14800E+00,8.30E+03,-5.91E+00,-2.56E+01,2.63E+01,-4.15E+04,-9.37E+03,1.13E+05
4.15000E+00,8.30E+03,-1.38E+01,-2.25E+01,2.64E+01,-4.15E+04,-9.12E+03,9.30E+04
4.15200E+00,8.30E+03,-2.01E+01,-1.72E+01,2.64E+01,-4.15E+04,-9.00E+03,1.60E+04
4.15400E+00,8.31E+03,-2.45E+01,-1.02E+01,2.65E+01,-4.16E+04,-9.05E+03,-5.33E+04
4.15600E+00,8.31E+03,-2.62E+01,-1.99E+00,2.63E+01,-4.16E+04,-9.23E+03,-1.02E+05
4.15800E+00,8.32E+03,-2.50E+01,6.37E+00,2.58E+01,-4.16E+04,-9.46E+03,-1.30E+05
4.16000E+00,8.32E+03,-2.10E+01,1.39E+01,2.52E+01,-4.16E+04,-9.75E+03,-1.15E+05
4.16200E+00,8.32E+03,-1.47E+01,1.98E+01,2.47E+01,-4.16E+04,-9.94E+03,-1.09E+05
4.16400E+00,8.33E+03,-7.01E+00,2.33E+01,2.43E+01,-4.17E+04,-1.01E+04,-7.30E+04
4.16600E+00,8.33E+03,1.62E+00,2.39E+01,2.40E+01,-4.17E+04,-1.03E+04,-3.53E+04
4.16800E+00,8.34E+03,9.89E+00,2.18E+01,2.40E+01,-4.17E+04,-1.02E+04,2.03E+04
4.17000E+00,8.34E+03,1.71E+01,1.72E+01,2.42E+01,-4.17E+04,-1.02E+04,1.01E+05
4.17200E+00,8.34E+03,2.24E+01,1.03E+01,2.47E+01,-4.17E+04,-9.87E+03,1.65E+05
4.17400E+00,8.35E+03,2.52E+01,2.48E+00,2.54E+01,-4.18E+04,-9.49E+03,1.56E+05
4.17600E+00,8.35E+03,2.52E+01,-5.91E+00,2.59E+01,-4.18E+04,-9.28E+03,1.05E+05
4.17800E+00,8.36E+03,2.25E+01,-1.38E+01,2.63E+01,-4.18E+04,-9.06E+03,8.79E+03
4.18000E+00,8.36E+03,1.71E+01,-2.00E+01,2.63E+01,-4.18E+04,-9.20E+03,-9.58E+04
4.18200E+00,8.36E+03,9.65E+00,-2.43E+01,2.61E+01,-4.18E+04,-9.52E+03,-7.60E+04
4.18400E+00,8.37E+03,1.13E+00,-2.60E+01,2.61E+01,-4.18E+04,-9.50E+03,5.52E+04
4.18600E+00,8.37E+03,-7.38E+00,-2.52E+01,2.62E+01,-4.19E+04,-9.28E+03,7.92E+04
4.18800E+00,8.38E+03,-1.49E+01,-2.16E+01,2.63E+01,-4.19E+04,-9.16E+03,4.21E+04
4.19000E+00,8.38E+03,-2.11E+01,-1.59E+01,2.64E+01,-4.19E+04,-9.14E+03,-1.30E+04
4.19200E+00,8.38E+03,-2.50E+01,-8.52E+00,2.64E+01,-4.19E+04,-9.19E+03,-5.20E+04
4.19400E+00,8.39E+03,-2.61E+01,-1.25E-01,2.61E+01,-4.19E+04,-9.36E+03,-8.83E+04
4.19600E+00,8.39E+03,-2.43E+01,8.21E+00,2.57E+01,-4.20E+04,-9.54E+03,-9.00E+04
4.19800E+00,8.40E+03,-1.99E+01,1.55E+01,2.52E+01,-4.20E+04,-9.72E+03,-9.34E+04
4.20000E+00,8.40E+03,-1.32E+01,2.08E+01,2.46E+01,-4.20E+04,-9.91E+03,-1.05E+05
4.20200E+00,8.40E+03,-5.21E+00,2.36E+01,2.42E+01,-4.20E+04,-1.01E+04,-8.59E+04
4.20400E+00,8.41E+03,3.36E+00,2.36E+01,2.39E+01,-4.20E+04,-1.03E+04,-2.11E+04
4.20600E+00,8.41E+03,1.14E+01,2.09E+01,2.38E+01,-4.21E+04,-1.02E+04,4.35E+04
4.20800E+00,8.42E+03,1.82E+01,1.59E+01,2.42E+01,-4.21E+04,-1.01E+04,8.31E+04
4.21000E+00,8.42E+03,2.30E+01,8.80E+00,2.46E+01,-4.21E+04,-9.90E+03,1.09E+05
4.21200E+00,8.42E+03,2.53E+01,6.29E-01,2.53E+01,-4.21E+04,-9.65E+03,1.48E+05
4.21400E+00,8.43E+03,2.47E+01,-7.84E+00,2.59E+01,-4.21E+04,-9.32E+03,1.53E+05
4.21600E+00,8.43E+03,2.14E+01,-1.55E+01,2.64E+01,-4.22E+04,-9.01E+03,2.78E+04
4.21800E+00,8.44E+03,1.57E+01,-2.13E+01,2.65E+01,-4.22E+04,-9.17E+03,-1.29E+05
4.22000E+00,8.44E+03,7.86E+00,-2.50E+01,2.62E+01,-4.22E+04,-9.60E+03,-9.00E+04
4.22200E+00,8.44E+03,-9.31E-01,-2.62E+01,2.62E+01,-4.22E+04,-9.56E+03,6.07E+04
4.22400E+00,8.45E+03,-9.36E+00,-2.47E+01,2.64E+01,-4.22E+04,-9.29E+03,1.28E+05
4.22600E+00,8.45E+03,-1.66E+01,-2.04E+01,2.63E+01,-4.22E+04,-9.07E+03,6.21E+04
4.22800E+00,8.46E+03,-2.21E+01,-1.43E+01,2.63E+01,-4.23E+04,-9.00E+03,-1.71E+04
4.23000E+00,8.46E+03,-2.56E+01,-6.75E+00,2.64E+01,-4.23E+04,-9.16E+03,-8.62E+04
4.23200E+00,8.46E+03,-2.61E+01,1.69E+00,2.61E+01,-4.23E+04,-9.35E+03,-1.31E+05
4.23400E+00,8.47E+03,-2.36E+01,9.81E+00,2.55E+01,-4.23E+04,-9.67E+03,-1.40E+05
4.23600E+00,8.47E+03,-1.84E+01,1.68E+01,2.49E+01,-4.23E+04,-9.95E+03,-1.20E+05
4.23800E+00,8.48E+03,-1.13E+01,2.16E+01,2.44E+01,-4.24E+04,-1.01E+04,-8.91E+04
4.24000E+00,8.48E+03,-2.98E+00,2.39E+01,2.41E+01,-4.24E+04,-1.03E+04,-5.13E+04
4.24200E+00,8.48E+03,5.67E+00,2.33E+01,2.39E+01,-4.24E+04,-1.03E+04,1.80E+04
4.24400E+00,8.49E+03,1.36E+01,1.99E+01,2.41E+01,-4.24E+04,-1.02E+04,8.93E+04
4.24600E+00,8.49E+03,2.00E+01,1.42E+01,2.45E+01,-4.24E+04,-1.00E+04,1.11E+05
4.24800E+00,8.50E+03,2.40E+01,6.76E+00,2.50E+01,-4.25E+04,-9.75E+03,1.48E+05
4.25000E+00,8.50E+03,2.56E+01,-1.62E+00,2.57E+01,-4.25E+04,-9.44E+03,1.52E+05
4.25200E+00,8.50E+03,2.43E+01,-9.83E+00,2.62E+01,-4.25E+04,-9.11E+03,7.01E+04
4.25400E+00,8.51E+03,2.02E+01,-1.70E+01,2.64E+01,-4.25E+04,-9.14E+03,-6.95E+04
4.25600E+00,8.51E+03,1.37E+01,-2.24E+01,2.63E+01,-4.25E+04,-9.42E+03,-1.03E+05
4.25800E+00,8.52E+03,5.55E+00,-2.56E+01,2.62E+01,-4.26E+04,-9.58E+03,-6.29E+01
4.26000E+00,8.52E+03,-3.15E+00,-2.60E+01,2.62E+01,-4.26E+04,-9.43E+03,8.13E+04
4.26200E+00,8.52E+03,-1.13E+01,-2.37E+01,2.63E+01,-4.26E+04,-9.21E+03,7.45E+04
4.26400E+00,8.53E+03,-1.82E+01,-1.90E+01,2.63E+01,-4.26E+04,-9.14E+03,-1.12E+04
4.26600E+00,8.53E+03,-2.33E+01,-1.24E+01,2.64E+01,-4.26E+04,-9.24E+03,-4.34E+04
4.26800E+00,8.54E+03,-2.60E+01,-4.24E+00,2.63E+01,-4.27E+04,-9.35E+03,-7.66E+04
4.27000E+00,8.54E+03,-2.55E+01,4.22E+00,2.58E+01,-4.27E+04,-9.50E+03,-8.61E+04
4.27200E+00,8.54E+03,-2.22E+01,1.22E+01,2.53E+01,-4.27E+04,-9.74E+03,-1.03E+05
4.27400E+00,8.55E+03,-1.65E+01,1.85E+01,2.48E+01,-4.27E+04,-9.90E+03,-1.03E+05
4.27600E+00,8.55E+03,-8.97E+00,2.26E+01,2.43E+01,-4.27E+04,-1.01E+04,-9.74E+04
4.27800E+00,8.56E+03,-4.53E-01,2.39E+01,2.39E+01,-4.27E+04,-1.03E+04,-6.44E+04
4.28000E+00,8.56E+03,7.98E+00,2.24E+01,2.38E+01,-4.28E+04,-1.04E+04,3.96E+04
4.28200E+00,8.56E+03,1.56E+01,1.83E+01,2.40E+01,-4.28E+04,-1.02E+04,7.64E+04
4.28400E+00,8.57E+03,2.12E+01,1.21E+01,2.44E+01,-4.28E+04,-1.00E+04,1.25E+05
4.28600E+00,8.57E+03,2.47E+01,4.17E+00,2.50E+01,-4.28E+04,-9.77E+03,1.26E+05
4.28800E+00,8.58E+03,2.53E+01,-4.22E+00,2.57E+01,-4.28E+04,-9.43E+03,1.64E+05
4.29000E+00,8.58E+03,2.32E+01,-1.24E+01,2.63E+01,-4.29E+04,-9.15E+03,9.21E+04
4.29200E+00,8.58E+03,1.85E+01,-1.92E+01,2.66E+01,-4.29E+04,-9.02E+03,-6.66E+04
4.29400E+00,8.59E+03,1.15E+01,-2.37E+01,2.64E+01,-4.29E+04,-9.41E+03,-1.45E+05
4.29600E+00,8.59E+03,2.86E+00,-2.60E+01,2.61E+01,-4.29E+04,-9.70E+03,-2.97E+04
4.29800E+00,8.60E+03,-5.92E+00,-2.56E+01,2.63E+01,-4.29E+04,-9.49E+03,1.12E+05
4.30000E+00,8.60E+03,-1.38E+01,-2.24E+01,2.64E+01,-4.30E+04,-9.23E+03,9.94E+04
4.30200E+00,8.60E+03,-2.01E+01,-1.70E+01,2.63E+01,-4.30E+04,-9.09E+03,2.39E+04
4.30400E+00,8.61E+03,-2.45E+01,-9.89E+00,2.64E+01,-4.30E+04,-9.13E+03,-5.62E+04
4.30600E+00,8.61E+03,-2.61E+01,-1.65E+00,2.62E+01,-4.30E+04,-9.32E+03,-1.17E+05
4.30800E+00,8.62E+03,-2.48E+01,6.78E+00,2.57E+01,-4.30E+04,-9.59E+03,-1.39E+05
4.31000E+00,8.62E+03,-2.06E+01,1.43E+01,2.51E+01,-4.31E+04,-9.88E+03,-1.27E+05
4.31200E+00,8.62E+03,-1.41E+01,2.01E+01,2.46E+01,-4.31E+04,-1.01E+04,-1.12E+05
4.31400E+00,8.63E+03,-6.17E+00,2.34E+01,2.42E+01,-4.31E+04,-1.03E+04,-7.24E+04
4.31600E+00,8.63E+03,2.54E+00,2.38E+01,2.40E+01,-4.31E+04,-1.04E+04,-1.46E+04
4.31800E+00,8.64E+03,1.08E+01,2.14E+01,2.40E+01,-4.31E+04,-1.04E+04,6.25E+04
4.32000E+00,8.64E+03,1.79E+01,1.64E+01,2.43E+01,-4.32E+04,-1.02E+04,1.09E+05
4.32200E+00,8.64E+03,2.30E+01,9.45E+00,2.48E+01,-4.32E+04,-9.91E+03,1.62E+05
4.32400E+00,8.65E+03,2.54E+01,1.26E+00,2.55E+01,-4.32E+04,-9.55E+03,1.67E+05
4.32600E+00,8.65E+03,2.51E+01,-7.10E+00,2.60E+01,-4.32E+04,-9.22E+03,1.08E+05
4.32800E+00,8.66E+03,2.20E+01,-1.48E+01,2.65E+01,-4.32E+04,-9.11E+03,-3.81E+04
4.33000E+00,8.66E+03,1.61E+01,-2.09E+01,2.64E+01,-4.33E+04,-9.35E+03,-1.17E+05
4.33200E+00,8.66E+03,8.31E+00,-2.48E+01,2.61E+01,-4.33E+04,-9.64E+03,-4.87E+04
4.33400E+00,8.67E+03,-3.84E-01,-2.61E+01,2.61E+01,-4.33E+04,-9.55E+03,7.73E+04
4.33600E+00,8.67E+03,-8.83E+00,-2.47E+01,2.63E+01,-4.33E+04,-9.30E+03,9.10E+04
4.33800E+00,8.68E+03,-1.62E+01,-2.07E+01,2.63E+01,-4.33E+04,-9.18E+03,3.01E+04
4.34000E+00,8.68E+03,-2.20E+01,-1.46E+01,2.64E+01,-4.33E+04,-9.19E+03,-3.39E+04
4.34200E+00,8.68E+03,-2.55E+01,-6.94E+00,2.64E+01,-4.34E+04,-9.31E+03,-6.58E+04
4.34400E+00,8.69E+03,-2.59E+01,1.63E+00,2.60E+01,-4.34E+04,-9.47E+03,-1.06E+05
4.34600E+00,8.69E+03,-2.36E+01,9.83E+00,2.55E+01,-4.34E+04,-9.71E+03,-1.19E+05
4.34800E+00,8.70E+03,-1.84E+01,1.68E+01,2.50E+01,-4.34E+04,-9.97E+03,-1.06E+05
4.35000E+00,8.70E+03,-1.13E+01,2.17E+01,2.45E+01,-4.34E+04,-1.01E+04,-7.98E+04
4.35200E+00,8.70E+03,-2.98E+00,2.39E+01,2.41E+01,-4.35E+04,-1.03E+04,-5.18E+04
4.35400E+00,8.71E+03,5.66E+00,2.33E+01,2.39E+01,-4.35E+04,-1.04E+04,6.64E+03
4.35600E+00,8.71E+03,1.35E+01,1.98E+01,2.40E+01,-4.35E+04,-1.02E+04,6.11E+04
4.35800E+00,8.72E+03,1.99E+01,1.41E+01,2.44E+01,-4.35E+04,-1.01E+04,8.89E+04
4.36000E+00,8.72E+03,2.41E+01,6.58E+00,2.50E+01,-4.35E+04,-9.90E+03,1.37E+05
4.36200E+00,8.72E+03,2.55E+01,-1.90E+00,2.56E+01,-4.36E+04,-9.56E+03,1.66E+05
4.36400E+00,8.73E+03,2.41E+01,-1.02E+01,2.62E+01,-4.36E+04,-9.21E+03,1.15E+05
4.36600E+00,8.73E+03,2.00E+01,-1.75E+01,2.66E+01,-4.36E+04,-9.09E+03,-4.93E+04
4.36800E+00,8.74E+03,1.35E+01,-2.27E+01,2.64E+01,-4.36E+04,-9.39E+03,-1.42E+05
4.37000E+00,8.74E+03,5.14E+00,-2.57E+01,2.62E+01,-4.36E+04,-9.73E+03,-5.09E+04
4.37200E+00,8.74E+03,-3.76E+00,-2.60E+01,2.62E+01,-4.37E+04,-9.59E+03,9.82E+04
4.37400E+00,8.75E+03,-1.20E+01,-2.35E+01,2.64E+01,-4.37E+04,-9.29E+03,1.12E+05
4.37600E+00,8.75E+03,-1.87E+01,-1.85E+01,2.63E+01,-4.37E+04,-9.14E+03,4.26E+04
4.37800E+00,8.76E+03,-2.36E+01,-1.17E+01,2.64E+01,-4.37E+04,-9.12E+03,-2.15E+04
4.38000E+00,8.76E+03,-2.61E+01,-3.72E+00,2.64E+01,-4.37E+04,-9.23E+03,-1.03E+05
4.38200E+00,8.76E+03,-2.55E+01,4.73E+00,2.59E+01,-4.38E+04,-9.52E+03,-1.55E+05
4.38400E+00,8.77E+03,-2.19E+01,1.26E+01,2.53E+01,-4.38E+04,-9.88E+03,-1.45E+05
4.38600E+00,8.77E+03,-1.58E+01,1.89E+01,2.47E+01,-4.38E+04,-1.01E+04,-1.00E+05
4.38800E+00,8.78E+03,-8.14E+00,2.28E+01,2.42E+01,-4.38E+04,-1.03E+04,-6.78E+04
4.39000E+00,8.78E+03,4.54E-01,2.40E+01,2.40E+01,-4.38E+04,-1.04E+04,-1.71E+04
4.39200E+00,8.78E+03,8.93E+00,2.22E+01,2.39E+01,-4.39E+04,-1.03E+04,3.42E+04
4.39400E+00,8.79E+03,1.63E+01,1.79E+01,2.42E+01,-4.39E+04,-1.02E+04,9.09E+04
4.39600E+00,8.79E+03,2.19E+01,1.12E+01,2.46E+01,-4.39E+04,-1.00E+04,1.39E+05
4.39800E+00,8.80E+03,2.50E+01,3.32E+00,2.52E+01,-4.39E+04,-9.65E+03,1.52E+05
4.40000E+00,8.80E+03,2.53E+01,-5.10E+00,2.58E+01,-4.39E+04,-9.38E+03,1.25E+05
4.40200E+00,8.80E+03,2.28E+01,-1.32E+01,2.63E+01,-4.39E+04,-9.16E+03,2.24E+04
4.40400E+00,8.81E+03,1.77E+01,-1.97E+01,2.65E+01,-4.40E+04,-9.24E+03,-8.77E+04
4.40600E+00,8.81E+03,1.02E+01,-2.40E+01,2.61E+01,-4.40E+04,-9.57E+03,-9.96E+04
4.40800E+00,8.82E+03,1.66E+00,-2.60E+01,2.60E+01,-4.40E+04,-9.65E+03,2.82E+04
4.41000E+00,8.82E+03,-7.03E+00,-2.52E+01,2.62E+01,-4.40E+04,-9.45E+03,9.80E+04
4.41200E+00,8.82E+03,-1.47E+01,-2.17E+01,2.63E+01,-4.40E+04,-9.23E+03,7.62E+04
4.41400E+00,8.83E+03,-2.09E+01,-1.61E+01,2.64E+01,-4.41E+04,-9.15E+03,1.33E+04
4.41600E+00,8.83E+03,-2.50E+01,-8.72E+00,2.65E+01,-4.41E+04,-9.18E+03,-4.69E+04
4.41800E+00,8.84E+03,-2.62E+01,-3.69E-01,2.62E+01,-4.41E+04,-9.34E+03,-1.08E+05
4.42000E+00,8.84E+03,-2.44E+01,7.99E+00,2.57E+01,-4.41E+04,-9.62E+03,-1.28E+05
4.42200E+00,8.84E+03,-1.99E+01,1.54E+01,2.52E+01,-4.41E+04,-9.86E+03,-1.11E+05
4.42400E+00,8.85E+03,-1.32E+01,2.08E+01,2.46E+01,-4.42E+04,-1.00E+04,-9.62E+04
4.42600E+00,8.85E+03,-5.10E+00,2.37E+01,2.42E+01,-4.42E+04,-1.02E+04,-6.16E+04
4.42800E+00,8.86E+03,3.57E+00,2.37E+01,2.40E+01,-4.42E+04,-1.03E+04,-1.31E+04
4.43000E+00,8.86E+03,1.17E+01,2.10E+01,2.40E+01,-4.42E+04,-1.03E+04,5.50E+04
4.43200E+00,8.86E+03,1.85E+01,1.57E+01,2.42E+01,-4.42E+04,-1.01E+04,8.31E+04
4.43400E+00,8.87E+03,2.33E+01,8.66E+00,2.48E+01,-4.43E+04,-9.91E+03,1.37E+05
4.43600E+00,8.87E+03,2.54E+01,3.17E-01,2.54E+01,-4.43E+04,-9.61E+03,1.60E+05
4.43800E+00,8.88E+03,2.47E+01,-8.06E+00,2.60E+01,-4.43E+04,-9.23E+03,1.23E+05
4.44000E+00,8.88E+03,2.14E+01,-1.57E+01,2.65E+01,-4.43E+04,-9.11E+03,-3.05E+04
4.44200E+00,8.88E+03,1.54E+01,-2.15E+01,2.65E+01,-4.43E+04,-9.35E+03,-1.19E+05
4.44400E+00,8.89E+03,7.38E+00,-2.51E+01,2.61E+01,-4.44E+04,-9.63E+03,-5.67E+04
4.44600E+00,8.89E+03,-1.36E+00,-2.61E+01,2.61E+01,-4.44E+04,-9.58E+03,6.64E+04
4.44800E+00,8.90E+03,-9.79E+00,-2.44E+01,2.63E+01,-4.44E+04,-9.34E+03,1.20E+05
4.45000E+00,8.90E+03,-1.70E+01,-2.01E+01,2.63E+01,-4.44E+04,-9.10E+03,4.00E+04
4.45200E+00,8.90E+03,-2.25E+01,-1.39E+01,2.64E+01,-4.44E+04,-9.14E+03,-2.30E+04
4.45400E+00,8.91E+03,-2.58E+01,-6.00E+00,2.65E+01,-4.44E+04,-9.26E+03,-7.25E+04
4.45600E+00,8.91E+03,-2.59E+01,2.42E+00,2.60E+01,-4.45E+04,-9.37E+03,-9.80E+04
4.45800E+00,8.92E+03,-2.32E+01,1.05E+01,2.55E+01,-4.45E+04,-9.68E+03,-1.36E+05
4.46000E+00,8.92E+03,-1.79E+01,1.73E+01,2.49E+01,-4.45E+04,-9.92E+03,-1.13E+05
4.46200E+00,8.92E+03,-1.07E+01,2.20E+01,2.44E+01,-4.45E+04,-1.01E+04,-8.96E+04
4.46400E+00,8.93E+03,-2.30E+00,2.40E+01,2.41E+01,-4.45E+04,-1.03E+04,-4.97E+04
4.46600E+00,8.93E+03,6.29E+00,2.31E+01,2.39E+01,-4.46E+04,-1.03E+04,4.39E+03
4.46800E+00,8.94E+03,1.41E+01,1.95E+01,2.40E+01,-4.46E+04,-1.03E+04,7.84E+04
4.47000E+00,8.94E+03,2.03E+01,1.36E+01,2.44E+01,-4.46E+04,-1.00E+04,1.03E+05
4.47200E+00,8.94E+03,2.42E+01,6.05E+00,2.49E+01,-4.46E+04,-9.80E+03,1.45E+05
4.47400E+00,8.95E+03,2.55E+01,-2.44E+00,2.56E+01,-4.46E+04,-9.51E+03,1.54E+05
4.47600E+00,8.95E+03,2.39E+01,-1.06E+01,2.62E+01,-4.47E+04,-9.14E+03,9.17E+04
4.47800E+00,8.96E+03,1.97E+01,-1.77E+01,2.65E+01,-4.47E+04,-9.13E+03,-7.16E+04
4.48000E+00,8.96E+03,1.29E+01,-2.29E+01,2.63E+01,-4.47E+04,-9.44E+03,-1.15E+05
4.48200E+00,8.96E+03,4.63E+00,-2.57E+01,2.61E+01,-4.47E+04,-9.63E+03,-1.71E+04
4.48400E+00,8.97E+03,-4.11E+00,-2.59E+01,2.62E+01,-4.47E+04,-9.49E+03,8.95E+04
4.48600E+00,8.97E+03,-1.23E+01,-2.33E+01,2.63E+01,-4.48E+04,-9.25E+03,1.00E+05
4.48800E+00,8.98E+03,-1.90E+01,-1.83E+01,2.64E+01,-4.48E+04,-9.09E+03,4.02E+04
4.49000E+00,8.98E+03,-2.38E+01,-1.15E+01,2.64E+01,-4.48E+04,-9.08E+03,-3.91E+04
4.49200E+00,8.98E+03,-2.61E+01,-3.49E+00,2.63E+01,-4.48E+04,-9.25E+03,-1.11E+05
4.49400E+00,8.99E+03,-2.54E+01,4.98E+00,2.59E+01,-4.48E+04,-9.53E+03,-1.29E+05
4.49600E+00,8.99E+03,-2.19E+01,1.29E+01,2.54E+01,-4.49E+04,-9.79E+03,-1.15E+05
4.49800E+00,9.00E+03,-1.59E+01,1.91E+01,2.48E+01,-4.49E+04,-9.98E+03,-8.83E+04
4.50000E+00,9.00E+03,-8.18E+00,2.30E+01,2.44E+01,-4.49E+04,-1.01E+04,-7.45E+04
4.50200E+00,9.00E+03,3.47E-01,2.41E+01,2.41E+01,-4.49E+04,-1.03E+04,-3.10E+04
4.50400E+00,9.01E+03,8.78E+00,2.23E+01,2.40E+01,-4.49E+04,-1.03E+04,4.09E+03
4.50600E+00,9.01E+03,1.62E+01,1.80E+01,2.42E+01,-4.50E+04,-1.02E+04,7.76E+04
4.50800E+00,9.02E+03,2.18E+01,1.14E+01,2.46E+01,-4.50E+04,-1.00E+04,1.41E+05
4.51000E+00,9.02E+03,2.50E+01,3.51E+00,2.52E+01,-4.50E+04,-9.63E+03,1.64E+05
4.51200E+00,9.02E+03,2.53E+01,-4.90E+00,2.58E+01,-4.50E+04,-9.36E+03,1.24E+05
4.51400E+00,9.03E+03,2.29E+01,-1.29E+01,2.63E+01,-4.50E+04,-9.14E+03,3.09E+04
4.51600E+00,9.03E+03,1.79E+01,-1.95E+01,2.65E+01,-4.50E+04,-9.20E+03,-8.67E+04
4.51800E+00,9.04E+03,1.05E+01,-2.39E+01,2.62E+01,-4.51E+04,-9.53E+03,-8.82E+04
4.52000E+00,9.04E+03,2.00E+00,-2.60E+01,2.61E+01,-4.51E+04,-9.59E+03,2.68E+04
4.52200E+00,9.04E+03,-6.60E+00,-2.54E+01,2.62E+01,-4.51E+04,-9.38E+03,1.20E+05
4.52400E+00,9.05E+03,-1.44E+01,-2.21E+01,2.64E+01,-4.51E+04,-9.12E+03,5.17E+04
4.52600E+00,9.05E+03,-2.05E+01,-1.66E+01,2.64E+01,-4.51E+04,-9.12E+03,-1.25E+04
4.52800E+00,9.06E+03,-2.49E+01,-9.25E+00,2.66E+01,-4.52E+04,-9.24E+03,-5.83E+04
4.53000E+00,9.06E+03,-2.62E+01,-9.09E-01,2.62E+01,-4.52E+04,-9.30E+03,-8.82E+04
4.53200E+00,9.06E+03,-2.46E+01,7.43E+00,2.57E+01,-4.52E+04,-9.60E+03,-1.25E+05
4.53400E+00,9.07E+03,-2.02E+01,1.49E+01,2.51E+01,-4.52E+04,-9.84E+03,-9.50E+04
4.53600E+00,9.07E+03,-1.37E+01,2.05E+01,2.46E+01,-4.52E+04,-9.96E+03,-9.53E+04
4.53800E+00,9.08E+03,-5.75E+00,2.35E+01,2.42E+01,-4.53E+04,-1.02E+04,-8.09E+04
4.54000E+00,9.08E+03,2.93E+00,2.38E+01,2.40E+01,-4.53E+04,-1.03E+04,-2.41E+04
4.54200E+00,9.08E+03,1.11E+01,2.12E+01,2.39E+01,-4.53E+04,-1.03E+04,4.90E+04
4.54400E+00,9.09E+03,1.80E+01,1.62E+01,2.42E+01,-4.53E+04,-1.02E+04,9.50E+04
4.54600E+00,9.09E+03,2.29E+01,9.18E+00,2.47E+01,-4.53E+04,-9.88E+03,1.29E+05
4.54800E+00,9.10E+03,2.53E+01,1.07E+00,2.53E+01,-4.54E+04,-9.62E+03,1.38E+05
4.55000E+00,9.10E+03,2.49E+01,-7.43E+00,2.60E+01,-4.54E+04,-9.35E+03,1.28E+05
4.55200E+00,9.10E+03,2.17E+01,-1.52E+01,2.65E+01,-4.54E+04,-9.08E+03,1.34E+04
4.55400E+00,9.11E+03,1.59E+01,-2.11E+01,2.64E+01,-4.54E+04,-9.26E+03,-1.15E+05
4.55600E+00,9.11E+03,8.07E+00,-2.48E+01,2.61E+01,-4.54E+04,-9.62E+03,-7.69E+04
4.55800E+00,9.12E+03,-6.53E-01,-2.61E+01,2.61E+01,-4.55E+04,-9.57E+03,7.65E+04
4.56000E+00,9.12E+03,-9.13E+00,-2.47E+01,2.63E+01,-4.55E+04,-9.28E+03,1.21E+05
4.56200E+00,9.12E+03,-1.64E+01,-2.06E+01,2.64E+01,-4.55E+04,-9.07E+03,2.88E+04
4.56400E+00,9.13E+03,-2.20E+01,-1.45E+01,2.64E+01,-4.55E+04,-9.15E+03,-2.46E+04
4.56600E+00,9.13E+03,-2.56E+01,-6.78E+00,2.65E+01,-4.55E+04,-9.23E+03,-6.00E+04
4.56800E+00,9.14E+03,-2.60E+01,1.59E+00,2.61E+01,-4.55E+04,-9.33E+03,-1.01E+05
4.57000E+00,9.14E+03,-2.37E+01,9.80E+00,2.56E+01,-4.56E+04,-9.66E+03,-1.36E+05
4.57200E+00,9.14E+03,-1.85E+01,1.68E+01,2.50E+01,-4.56E+04,-9.89E+03,-1.19E+05
4.57400E+00,9.15E+03,-1.15E+01,2.17E+01,2.45E+01,-4.56E+04,-1.01E+04,-1.01E+05
4.57600E+00,9.15E+03,-3.11E+00,2.39E+01,2.41E+01,-4.56E+04,-1.03E+04,-6.38E+04
4.57800E+00,9.16E+03,5.53E+00,2.33E+01,2.39E+01,-4.56E+04,-1.04E+04,1.34E+04
4.58000E+00,9.16E+03,1.34E+01,1.99E+01,2.40E+01,-4.57E+04,-1.03E+04,8.19E+04
4.58200E+00,9.16E+03,1.99E+01,1.42E+01,2.44E+01,-4.57E+04,-1.00E+04,1.13E+05
4.58400E+00,9.17E+03,2.40E+01,6.79E+00,2.49E+01,-4.57E+04,-9.80E+03,1.47E+05
4.58600E+00,9.17E+03,2.56E+01,-1.62E+00,2.56E+01,-4.57E+04,-9.48E+03,1.52E+05
4.58800E+00,9.18E+03,2.43E+01,-9.86E+00,2.62E+01,-4.57E+04,-9.15E+03,8.56E+04
4.59000E+00,9.18E+03,2.02E+01,-1.71E+01,2.65E+01,-4.58E+04,-9.13E+03,-5.90E+04
4.59200E+00,9.18E+03,1.37E+01,-2.25E+01,2.63E+01,-4.58E+04,-9.40E+03,-1.05E+05
4.59400E+00,9.19E+03,5.53E+00,-2.56E+01,2.62E+01,-4.58E+04,-9.59E+03,-8.17E+03
4.59600E+00,9.19E+03,-3.19E+00,-2.60E+01,2.62E+01,-4.58E+04,-9.43E+03,8.68E+04
4.59800E+00,9.20E+03,-1.13E+01,-2.37E+01,2.63E+01,-4.58E+04,-9.20E+03,8.22E+04
4.60000E+00,9.20E+03,-1.82E+01,-1.90E+01,2.63E+01,-4.59E+04,-9.11E+03,-6.60E+03
4.60200E+00,9.20E+03,-2.33E+01,-1.24E+01,2.64E+01,-4.59E+04,-9.21E+03,-4.66E+04
4.60400E+00,9.21E+03,-2.60E+01,-4.29E+00,2.64E+01,-4.59E+04,-9.34E+03,-8.81E+04
4.60600E+00,9.21E+03,-2.55E+01,4.18E+00,2.59E+01,-4.59E+04,-9.52E+03,-9.62E+04
4.60800E+00,9.22E+03,-2.22E+01,1.22E+01,2.54E+01,-4.59E+04,-9.77E+03,-9.93E+04
4.61000E+00,9.22E+03,-1.65E+01,1.86E+01,2.48E+01,-4.59E+04,-9.90E+03,-8.94E+04
4.61200E+00,9.22E+03,-9.00E+00,2.26E+01,2.43E+01,-4.60E+04,-1.01E+04,-9.25E+04
4.61400E+00,9.23E+03,-4.99E-01,2.40E+01,2.40E+01,-4.60E+04,-1.03E+04,-6.42E+04
4.61600E+00,9.23E+03,7.96E+00,2.25E+01,2.39E+01,-4.60E+04,-1.04E+04,3.87E+04
4.61800E+00,9.24E+03,1.55E+01,1.83E+01,2.40E+01,-4.60E+04,-1.02E+04,7.91E+04
4.62000E+00,9.24E+03,2.12E+01,1.22E+01,2.45E+01,-4.61E+04,-9.98E+03,1.24E+05
4.62200E+00,9.24E+03,2.47E+01,4.30E+00,2.51E+01,-4.61E+04,-9.74E+03,1.28E+05
4.62400E+00,9.25E+03,2.54E+01,-4.08E+00,2.57E+01,-4.61E+04,-9.41E+03,1.56E+05
4.62600E+00,9.25E+03,2.33E+01,-1.22E+01,2.63E+01,-4.61E+04,-9.15E+03,7.83E+04
4.62800E+00,9.26E+03,1.86E+01,-1.90E+01,2.66E+01,-4.61E+04,-9.05E+03,-6.91E+04
4.63000E+00,9.26E+03,1.16E+01,-2.36E+01,2.63E+01,-4.61E+04,-9.42E+03,-1.32E+05
4.63200E+00,9.26E+03,2.99E+00,-2.60E+01,2.61E+01,-4.62E+04,-9.67E+03,-1.85E+04
4.63400E+00,9.27E+03,-5.75E+00,-2.57E+01,2.63E+01,-4.62E+04,-9.45E+03,1.12E+05
4.63600E+00,9.27E+03,-1.37E+01,-2.25E+01,2.64E+01,-4.62E+04,-9.20E+03,9.76E+04
4.63800E+00,9.28E+03,-2.00E+01,-1.71E+01,2.64E+01,-4.62E+04,-9.06E+03,1.87E+04
4.64000E+00,9.28E+03,-2.45E+01,-1.01E+01,2.65E+01,-4.62E+04,-9.12E+03,-6.01E+04
4.64200E+00,9.28E+03,-2.62E+01,-1.87E+00,2.62E+01,-4.63E+04,-9.32E+03,-1.11E+05
4.64400E+00,9.29E+03,-2.48E+01,6.54E+00,2.57E+01,-4.63E+04,-9.56E+03,-1.33E+05
4.64600E+00,9.29E+03,-2.08E+01,1.41E+01,2.52E+01,-4.63E+04,-9.85E+03,-1.24E+05
4.64800E+00,9.30E+03,-1.44E+01,2.00E+01,2.46E+01,-4.63E+04,-1.01E+04,-1.01E+05
4.65000E+00,9.30E+03,-6.50E+00,2.33E+01,2.42E+01,-4.63E+04,-1.02E+04,-6.64E+04
4.65200E+00,9.30E+03,2.14E+00,2.39E+01,2.40E+01,-4.64E+04,-1.04E+04,-1.99E+04
4.65400E+00,9.31E+03,1.04E+01,2.16E+01,2.40E+01,-4.64E+04,-1.03E+04,5.54E+04
4.65600E+00,9.31E+03,1.75E+01,1.67E+01,2.42E+01,-4.64E+04,-1.01E+04,1.24E+05
4.65800E+00,9.32E+03,2.27E+01,9.92E+00,2.48E+01,-4.64E+04,-9.82E+03,1.44E+05
4.66000E+00,9.32E+03,2.54E+01,1.93E+00,2.54E+01,-4.64E+04,-9.53E+03,1.40E+05
4.66200E+00,9.32E+03,2.52E+01,-6.53E+00,2.60E+01,-4.65E+04,-9.28E+03,9.14E+04
4.66400E+00,9.33E+03,2.22E+01,-1.43E+01,2.64E+01,-4.65E+04,-9.13E+03,-9.81E+03
4.66600E+00,9.33E+03,1.66E+01,-2.05E+01,2.64E+01,-4.65E+04,-9.32E+03,-9.74E+04
4.66800E+00,9.34E+03,8.93E+00,-2.46E+01,2.62E+01,-4.65E+04,-9.56E+03,-4.41E+04
4.67000E+00,9.34E+03,3.15E-01,-2.61E+01,2.61E+01,-4.65E+04,-9.51E+03,4.74E+04
4.67200E+00,9.34E+03,-8.15E+00,-2.49E+01,2.62E+01,-4.65E+04,-9.34E+03,7.06E+04
4.67400E+00,9.35E+03,-1.57E+01,-2.11E+01,2.63E+01,-4.66E+04,-9.23E+03,5.07E+04
4.67600E+00,9.35E+03,-2.17E+01,-1.52E+01,2.65E+01,-4.66E+04,-9.14E+03,-3.00E+03
4.67800E+00,9.36E+03,-2.53E+01,-7.64E+00,2.64E+01,-4.66E+04,-9.22E+03,-7.14E+04
4.68000E+00,9.36E+03,-2.61E+01,8.72E-01,2.61E+01,-4.66E+04,-9.45E+03,-1.03E+05
4.68200E+00,9.36E+03,-2.39E+01,9.19E+00,2.56E+01,-4.66E+04,-9.63E+03,-8.34E+04
4.68400E+00,9.37E+03,-1.91E+01,1.63E+01,2.51E+01,-4.67E+04,-9.78E+03,-9.70E+04
4.68600E+00,9.37E+03,-1.22E+01,2.13E+01,2.46E+01,-4.67E+04,-1.00E+04,-1.04E+05
4.68800E+00,9.38E+03,-4.01E+00,2.38E+01,2.42E+01,-4.67E+04,-1.02E+04,-8.39E+04
4.69000E+00,9.38E+03,4.58E+00,2.35E+01,2.39E+01,-4.67E+04,-1.03E+04,5.14E+03
4.69200E+00,9.38E+03,1.26E+01,2.04E+01,2.40E+01,-4.67E+04,-1.02E+04,4.09E+04
4.69400E+00,9.39E+03,1.91E+01,1.50E+01,2.43E+01,-4.68E+04,-1.01E+04,8.78E+04
4.69600E+00,9.39E+03,2.36E+01,7.57E+00,2.48E+01,-4.68E+04,-9.94E+03,1.34E+05
4.69800E+00,9.40E+03,2.54E+01,-7.58E-01,2.54E+01,-4.68E+04,-9.54E+03,1.84E+05
4.70000E+00,9.40E+03,2.45E+01,-9.10E+00,2.61E+01,-4.68E+04,-9.20E+03,1.30E+05
4.70200E+00,9.40E+03,2.08E+01,-1.65E+01,2.66E+01,-4.68E+04,-9.01E+03,-2.80E+04
4.70400E+00,9.41E+03,1.46E+01,-2.21E+01,2.65E+01,-4.69E+04,-9.28E+03,-1.35E+05
4.70600E+00,9.41E+03,6.50E+00,-2.53E+01,2.61E+01,-4.69E+04,-9.64E+03,-7.69E+04
4.70800E+00,9.42E+03,-2.28E+00,-2.61E+01,2.62E+01,-4.69E+04,-9.57E+03,8.31E+04
4.71000E+00,9.42E+03,-1.07E+01,-2.41E+01,2.63E+01,-4.69E+04,-9.29E+03,1.06E+05
4.71200E+00,9.42E+03,-1.76E+01,-1.95E+01,2.63E+01,-4.69E+04,-9.12E+03,3.97E+04
4.71400E+00,9.43E+03,-2.29E+01,-1.31E+01,2.64E+01,-4.70E+04,-9.15E+03,-2.84E+04
4.71600E+00,9.43E+03,-2.59E+01,-5.17E+00,2.64E+01,-4.70E+04,-9.23E+03,-7.34E+04
4.71800E+00,9.44E+03,-2.58E+01,3.30E+00,2.60E+01,-4.70E+04,-9.43E+03,-1.21E+05
4.72000E+00,9.44E+03,-2.27E+01,1.13E+01,2.54E+01,-4.70E+04,-9.73E+03,-1.29E+05
4.72200E+00,9.44E+03,-1.72E+01,1.79E+01,2.48E+01,-4.70E+04,-9.96E+03,-1.14E+05
4.72400E+00,9.45E+03,-9.81E+00,2.23E+01,2.44E+01,-4.70E+04,-1.02E+04,-7.97E+04
4.72600E+00,9.45E+03,-1.32E+00,2.40E+01,2.41E+01,-4.71E+04,-1.03E+04,-4.21E+04
4.72800E+00,9.46E+03,7.19E+00,2.29E+01,2.40E+01,-4.71E+04,-1.03E+04,2.34E+04
4.73000E+00,9.46E+03,1.49E+01,1.90E+01,2.41E+01,-4.71E+04,-1.02E+04,6.59E+04
4.73200E+00,9.46E+03,2.08E+01,1.28E+01,2.45E+01,-4.71E+04,-1.00E+04,1.23E+05
4.73400E+00,9.47E+03,2.46E+01,5.11E+00,2.51E+01,-4.71E+04,-9.75E+03,1.62E+05
4.73600E+00,9.47E+03,2.55E+01,-3.29E+00,2.57E+01,-4.72E+04,-9.37E+03,1.57E+05
4.73800E+00,9.48E+03,2.37E+01,-1.14E+01,2.63E+01,-4.72E+04,-9.11E+03,4.58E+04
4.74000E+00,9.48E+03,1.91E+01,-1.83E+01,2.65E+01,-4.72E+04,-9.17E+03,-9.32E+04
4.74200E+00,9.48E+03,1.21E+01,-2.32E+01,2.62E+01,-4.72E+04,-9.51E+03,-1.04E+05
4.74400E+00,9.49E+03,3.71E+00,-2.58E+01,2.61E+01,-4.72E+04,-9.63E+03,1.03E+04
4.74600E+00,9.49E+03,-4.96E+00,-2.57E+01,2.62E+01,-4.73E+04,-9.44E+03,1.11E+05
4.74800E+00,9.50E+03,-1.30E+01,-2.28E+01,2.63E+01,-4.73E+04,-9.18E+03,6.87E+04
4.75000E+00,9.50E+03,-1.95E+01,-1.78E+01,2.64E+01,-4.73E+04,-9.13E+03,-3.08E+03
4.75200E+00,9.50E+03,-2.42E+01,-1.07E+01,2.64E+01,-4.73E+04,-9.23E+03,-6.31E+04
4.75400E+00,9.51E+03,-2.61E+01,-2.49E+00,2.62E+01,-4.73E+04,-9.36E+03,-8.03E+04
4.75600E+00,9.51E+03,-2.51E+01,6.01E+00,2.58E+01,-4.74E+04,-9.57E+03,-1.03E+05
4.75800E+00,9.52E+03,-2.13E+01,1.37E+01,2.53E+01,-4.74E+04,-9.77E+03,-9.95E+04
4.76000E+00,9.52E+03,-1.51E+01,1.97E+01,2.48E+01,-4.74E+04,-9.96E+03,-9.99E+04
4.76200E+00,9.52E+03,-7.25E+00,2.33E+01,2.44E+01,-4.74E+04,-1.02E+04,-7.28E+04
4.76400E+00,9.53E+03,1.35E+00,2.40E+01,2.40E+01,-4.74E+04,-1.03E+04,-3.72E+04
4.76600E+00,9.53E+03,9.65E+00,2.19E+01,2.40E+01,-4.75E+04,-1.03E+04,2.70E+04
4.76800E+00,9.54E+03,1.69E+01,1.73E+01,2.42E+01,-4.75E+04,-1.02E+04,8.11E+04
4.77000E+00,9.54E+03,2.22E+01,1.06E+01,2.46E+01,-4.75E+04,-9.95E+03,1.25E+05
4.77200E+00,9.54E+03,2.51E+01,2.56E+00,2.52E+01,-4.75E+04,-9.70E+03,1.32E+05
4.77400E+00,9.55E+03,2.51E+01,-5.93E+00,2.58E+01,-4.75E+04,-9.41E+03,1.52E+05
4.77600E+00,9.55E+03,2.24E+01,-1.39E+01,2.64E+01,-4.76E+04,-9.09E+03,5.05E+04
4.77800E+00,9.56E+03,1.72E+01,-2.02E+01,2.65E+01,-4.76E+04,-9.15E+03,-9.61E+04
4.78000E+00,9.56E+03,9.64E+00,-2.44E+01,2.62E+01,-4.76E+04,-9.54E+03,-1.09E+05
4.78200E+00,9.56E+03,9.91E-01,-2.61E+01,2.61E+01,-4.76E+04,-9.61E+03,3.76E+04
4.78400E+00,9.57E+03,-7.62E+00,-2.52E+01,2.63E+01,-4.76E+04,-9.36E+03,1.18E+05
4.78600E+00,9.57E+03,-1.52E+01,-2.15E+01,2.64E+01,-4.76E+04,-9.12E+03,6.82E+04
4.78800E+00,9.58E+03,-2.12E+01,-1.57E+01,2.64E+01,-4.77E+04,-9.08E+03,-1.31E+04
4.79000E+00,9.58E+03,-2.50E+01,-8.34E+00,2.64E+01,-4.77E+04,-9.19E+03,-7.51E+04
4.79200E+00,9.58E+03,-2.62E+01,4.77E-02,2.62E+01,-4.77E+04,-9.37E+03,-1.17E+05
4.79400E+00,9.59E+03,-2.42E+01,8.36E+00,2.56E+01,-4.77E+04,-9.66E+03,-1.31E+05
4.79600E+00,9.59E+03,-1.95E+01,1.56E+01,2.50E+01,-4.77E+04,-9.92E+03,-1.14E+05
4.79800E+00,9.60E+03,-1.27E+01,2.09E+01,2.45E+01,-4.78E+04,-1.01E+04,-8.86E+04
4.80000E+00,9.60E+03,-4.56E+00,2.37E+01,2.42E+01,-4.78E+04,-1.03E+04,-4.81E+04
4.80200E+00,9.60E+03,4.09E+00,2.36E+01,2.39E+01,-4.78E+04,-1.03E+04,-1.16E+04
4.80400E+00,9.61E+03,1.21E+01,2.07E+01,2.40E+01,-4.78E+04,-1.03E+04,4.50E+04
4.80600E+00,9.61E+03,1.89E+01,1.53E+01,2.44E+01,-4.78E+04,-1.02E+04,1.07E+05
4.80800E+00,9.62E+03,2.35E+01,8.08E+00,2.49E+01,-4.79E+04,-9.84E+03,1.68E+05
4.81000E+00,9.62E+03,2.55E+01,-1.64E-01,2.55E+01,-4.79E+04,-9.49E+03,1.67E+05
4.81200E+00,9.62E+03,2.48E+01,-8.52E+00,2.62E+01,-4.79E+04,-9.17E+03,8.18E+04
4.81400E+00,9.63E+03,2.11E+01,-1.59E+01,2.65E+01,-4.79E+04,-9.13E+03,-4.96E+04
4.81600E+00,9.63E+03,1.49E+01,-2.17E+01,2.63E+01,-4.79E+04,-9.40E+03,-1.12E+05
4.81800E+00,9.64E+03,6.92E+00,-2.52E+01,2.61E+01,-4.80E+04,-9.60E+03,-2.47E+04
4.82000E+00,9.64E+03,-1.79E+00,-2.61E+01,2.61E+01,-4.80E+04,-9.51E+03,7.91E+04
4.82200E+00,9.64E+03,-1.01E+01,-2.42E+01,2.62E+01,-4.80E+04,-9.25E+03,8.26E+04
4.82400E+00,9.65E+03,-1.72E+01,-1.99E+01,2.63E+01,-4.80E+04,-9.16E+03,1.38E+04
4.82600E+00,9.65E+03,-2.27E+01,-1.35E+01,2.64E+01,-4.80E+04,-9.21E+03,-4.01E+04
4.82800E+00,9.66E+03,-2.57E+01,-5.57E+00,2.63E+01,-4.80E+04,-9.32E+03,-6.66E+04
4.83000E+00,9.66E+03,-2.58E+01,2.98E+00,2.60E+01,-4.81E+04,-9.48E+03,-8.24E+04
4.83200E+00,9.66E+03,-2.30E+01,1.11E+01,2.55E+01,-4.81E+04,-9.65E+03,-8.83E+04
4.83400E+00,9.67E+03,-1.76E+01,1.77E+01,2.50E+01,-4.81E+04,-9.83E+03,-9.87E+04
4.83600E+00,9.67E+03,-1.04E+01,2.23E+01,2.45E+01,-4.81E+04,-1.00E+04,-1.00E+05
4.83800E+00,9.68E+03,-1.94E+00,2.40E+01,2.41E+01,-4.81E+04,-1.02E+04,-6.48E+04
4.84000E+00,9.68E+03,6.60E+00,2.30E+01,2.39E+01,-4.82E+04,-1.03E+04,-1.52E+04
4.84200E+00,9.68E+03,1.44E+01,1.93E+01,2.40E+01,-4.82E+04,-1.03E+04,6.95E+04
4.84400E+00,9.69E+03,2.04E+01,1.32E+01,2.43E+01,-4.82E+04,-1.01E+04,1.21E+05
4.84600E+00,9.69E+03,2.43E+01,5.67E+00,2.50E+01,-4.82E+04,-9.76E+03,1.34E+05
4.84800E+00,9.70E+03,2.54E+01,-2.78E+00,2.55E+01,-4.82E+04,-9.55E+03,1.40E+05
4.85000E+00,9.70E+03,2.37E+01,-1.11E+01,2.61E+01,-4.83E+04,-9.21E+03,1.10E+05
4.85200E+00,9.70E+03,1.94E+01,-1.81E+01,2.65E+01,-4.83E+04,-9.06E+03,-5.31E+04
4.85400E+00,9.71E+03,1.26E+01,-2.31E+01,2.63E+01,-4.83E+04,-9.43E+03,-1.35E+05
4.85600E+00,9.71E+03,4.18E+00,-2.58E+01,2.61E+01,-4.83E+04,-9.68E+03,-3.73E+04
4.85800E+00,9.72E+03,-4.58E+00,-2.58E+01,2.62E+01,-4.83E+04,-9.53E+03,1.15E+05
4.86000E+00,9.72E+03,-1.28E+01,-2.31E+01,2.64E+01,-4.84E+04,-9.23E+03,1.07E+05
4.86200E+00,9.72E+03,-1.93E+01,-1.80E+01,2.64E+01,-4.84E+04,-9.06E+03,3.96E+04
4.86400E+00,9.73E+03,-2.41E+01,-1.11E+01,2.65E+01,-4.84E+04,-9.10E+03,-4.57E+04
4.86600E+00,9.73E+03,-2.62E+01,-3.04E+00,2.64E+01,-4.84E+04,-9.23E+03,-9.81E+04
4.86800E+00,9.74E+03,-2.53E+01,5.39E+00,2.58E+01,-4.84E+04,-9.50E+03,-1.48E+05
4.87000E+00,9.74E+03,-2.16E+01,1.32E+01,2.53E+01,-4.85E+04,-9.83E+03,-1.27E+05
4.87200E+00,9.74E+03,-1.54E+01,1.93E+01,2.47E+01,-4.85E+04,-1.00E+04,-9.57E+04
4.87400E+00,9.75E+03,-7.72E+00,2.30E+01,2.43E+01,-4.85E+04,-1.02E+04,-6.33E+04
4.87600E+00,9.75E+03,8.74E-01,2.40E+01,2.40E+01,-4.85E+04,-1.03E+04,-5.18E+04
4.87800E+00,9.76E+03,9.26E+00,2.21E+01,2.40E+01,-4.85E+04,-1.04E+04,4.21E+04
4.88000E+00,9.76E+03,1.67E+01,1.76E+01,2.42E+01,-4.86E+04,-1.02E+04,1.07E+05
4.88200E+00,9.76E+03,2.20E+01,1.10E+01,2.46E+01,-4.86E+04,-9.87E+03,1.46E+05
4.88400E+00,9.77E+03,2.51E+01,3.07E+00,2.53E+01,-4.86E+04,-9.63E+03,1.20E+05
4.88600E+00,9.77E+03,2.53E+01,-5.38E+00,2.59E+01,-4.86E+04,-9.38E+03,1.23E+05
4.88800E+00,9.78E+03,2.27E+01,-1.34E+01,2.64E+01,-4.86E+04,-9.15E+03,2.47E+04
4.89000E+00,9.78E+03,1.75E+01,-1.98E+01,2.64E+01,-4.86E+04,-9.23E+03,-8.63E+04
4.89200E+00,9.78E+03,1.00E+01,-2.41E+01,2.61E+01,-4.87E+04,-9.55E+03,-8.21E+04
4.89400E+00,9.79E+03,1.45E+00,-2.60E+01,2.60E+01,-4.87E+04,-9.58E+03,3.92E+04
4.89600E+00,9.79E+03,-7.12E+00,-2.52E+01,2.62E+01,-4.87E+04,-9.37E+03,8.99E+04
4.89800E+00,9.80E+03,-1.48E+01,-2.17E+01,2.63E+01,-4.87E+04,-9.21E+03,5.57E+04
4.90000E+00,9.80E+03,-2.10E+01,-1.61E+01,2.64E+01,-4.87E+04,-9.15E+03,1.62E+03
4.90200E+00,9.80E+03,-2.50E+01,-8.66E+00,2.64E+01,-4.88E+04,-9.20E+03,-5.94E+04
4.90400E+00,9.81E+03,-2.62E+01,-2.82E-01,2.62E+01,-4.88E+04,-9.39E+03,-1.02E+05
4.90600E+00,9.81E+03,-2.44E+01,8.11E+00,2.57E+01,-4.88E+04,-9.62E+03,-1.06E+05
4.90800E+00,9.82E+03,-1.99E+01,1.55E+01,2.52E+01,-4.88E+04,-9.81E+03,-9.62E+04
4.91000E+00,9.82E+03,-1.32E+01,2.09E+01,2.47E+01,-4.88E+04,-1.00E+04,-9.84E+04
4.91200E+00,9.82E+03,-5.10E+00,2.37E+01,2.43E+01,-4.89E+04,-1.02E+04,-6.71E+04
4.91400E+00,9.83E+03,3.54E+00,2.38E+01,2.40E+01,-4.89E+04,-1.03E+04,-2.82E+03
4.91600E+00,9.83E+03,1.16E+01,2.10E+01,2.40E+01,-4.89E+04,-1.02E+04,5.26E+04
4.91800E+00,9.84E+03,1.84E+01,1.59E+01,2.43E+01,-4.89E+04,-1.01E+04,7.80E+04
4.92000E+00,9.84E+03,2.31E+01,8.73E+00,2.47E+01,-4.89E+04,-9.89E+03,1.02E+05
4.92200E+00,9.84E+03,2.54E+01,5.04E-01,2.54E+01,-4.90E+04,-9.66E+03,1.43E+05
4.92400E+00,9.85E+03,2.47E+01,-7.98E+00,2.59E+01,-4.90E+04,-9.33E+03,1.30E+05
4.92600E+00,9.85E+03,2.14E+01,-1.56E+01,2.65E+01,-4.90E+04,-9.11E+03,4.79E+03
4.92800E+00,9.86E+03,1.54E+01,-2.15E+01,2.64E+01,-4.90E+04,-9.30E+03,-1.13E+05
4.93000E+00,9.86E+03,7.46E+00,-2.50E+01,2.61E+01,-4.90E+04,-9.61E+03,-6.18E+04
4.93200E+00,9.86E+03,-1.27E+00,-2.61E+01,2.61E+01,-4.91E+04,-9.56E+03,5.91E+04
4.93400E+00,9.87E+03,-9.69E+00,-2.44E+01,2.63E+01,-4.91E+04,-9.33E+03,1.21E+05
4.93600E+00,9.87E+03,-1.70E+01,-2.02E+01,2.64E+01,-4.91E+04,-9.09E+03,4.02E+04
4.93800E+00,9.88E+03,-2.24E+01,-1.40E+01,2.64E+01,-4.91E+04,-9.12E+03,-1.73E+04
4.94000E+00,9.88E+03,-2.58E+01,-6.14E+00,2.65E+01,-4.91E+04,-9.24E+03,-7.25E+04
4.94200E+00,9.88E+03,-2.60E+01,2.26E+00,2.61E+01,-4.91E+04,-9.35E+03,-1.05E+05
4.94400E+00,9.89E+03,-2.33E+01,1.04E+01,2.55E+01,-4.92E+04,-9.69E+03,-1.39E+05
4.94600E+00,9.89E+03,-1.80E+01,1.73E+01,2.50E+01,-4.92E+04,-9.93E+03,-1.07E+05
4.94800E+00,9.90E+03,-1.08E+01,2.19E+01,2.45E+01,-4.92E+04,-1.01E+04,-8.17E+04
4.95000E+00,9.90E+03,-2.48E+00,2.40E+01,2.42E+01,-4.92E+04,-1.03E+04,-5.89E+04
4.95200E+00,9.90E+03,6.12E+00,2.32E+01,2.40E+01,-4.92E+04,-1.03E+04,1.73E+04
4.95400E+00,9.91E+03,1.40E+01,1.97E+01,2.41E+01,-4.93E+04,-1.02E+04,7.50E+04
4.95600E+00,9.91E+03,2.01E+01,1.38E+01,2.44E+01,-4.93E+04,-1.00E+04,1.02E+05
4.95800E+00,9.92E+03,2.42E+01,6.27E+00,2.50E+01,-4.93E+04,-9.81E+03,1.38E+05
4.96000E+00,9.92E+03,2.55E+01,-2.16E+00,2.55E+01,-4.93E+04,-9.46E+03,1.56E+05
4.96200E+00,9.92E+03,2.40E+01,-1.04E+01,2.62E+01,-4.93E+04,-9.15E+03,6.94E+04
4.96400E+00,9.93E+03,1.98E+01,-1.75E+01,2.65E+01,-4.94E+04,-9.18E+03,-6.87E+04
4.96600E+00,9.93E+03,1.31E+01,-2.27E+01,2.62E+01,-4.94E+04,-9.45E+03,-9.78E+04
4.96800E+00,9.94E+03,4.88E+00,-2.56E+01,2.61E+01,-4.94E+04,-9.60E+03,5.57E+03
4.97000E+00,9.94E+03,-3.84E+00,-2.59E+01,2.62E+01,-4.94E+04,-9.43E+03,9.67E+04
4.97200E+00,9.94E+03,-1.19E+01,-2.34E+01,2.63E+01,-4.94E+04,-9.18E+03,6.99E+04
4.97400E+00,9.95E+03,-1.87E+01,-1.86E+01,2.64E+01,-4.95E+04,-9.14E+03,9.47E+03
4.97600E+00,9.95E+03,-2.37E+01,-1.18E+01,2.65E+01,-4.95E+04,-9.16E+03,-3.05E+04
4.97800E+00,9.96E+03,-2.61E+01,-3.77E+00,2.63E+01,-4.95E+04,-9.24E+03,-7.90E+04
4.98000E+00,9.96E+03,-2.55E+01,4.70E+00,2.59E+01,-4.95E+04,-9.49E+03,-1.15E+05
4.98200E+00,9.96E+03,-2.20E+01,1.26E+01,2.54E+01,-4.95E+04,-9.72E+03,-9.58E+04
4.98400E+00,9.97E+03,-1.62E+01,1.88E+01,2.48E+01,-4.95E+04,-9.86E+03,-8.16E+04
4.98600E+00,9.97E+03,-8.63E+00,2.27E+01,2.43E+01,-4.96E+04,-1.00E+04,-7.61E+04
4.98800E+00,9.98E+03,-2.18E-01,2.40E+01,2.40E+01,-4.96E+04,-1.02E+04,-5.90E+04
4.99000E+00,9.98E+03,8.13E+00,2.24E+01,2.39E+01,-4.96E+04,-1.03E+04,2.83E+04
4.99200E+00,9.98E+03,1.56E+01,1.82E+01,2.40E+01,-4.96E+04,-1.01E+04,6.91E+04
4.99400E+00,9.99E+03,2.12E+01,1.21E+01,2.44E+01,-4.97E+04,-9.92E+03,1.27E+05
4.99600E+00,9.99E+03,2.46E+01,4.25E+00,2.50E+01,-4.97E+04,-9.67E+03,1.34E+05
4.99800E+00,1.00E+04,2.53E+01,-4.01E+00,2.56E+01,-4.97E+04,-9.32E+03,1.59E+05
5.00000E+00,1.00E+04,2.32E+01,-1.21E+01,2.62E+01,-4.97E+04,-9.07E+03,4.36E+04
5.00200E+00,1.00E+04,1.86E+01,-1.88E+01,2.65E+01,-4.97E+04,-9.08E+03,-6.50E+04
5.00400E+00,1.00E+04,1.16E+01,-2.35E+01,2.62E+01,-4.97E+04,-9.38E+03,-9.34E+04
5.00600E+00,1.00E+04,3.26E+00,-2.59E+01,2.61E+01,-4.98E+04,-9.47E+03,1.40E+04
5.00800E+00,1.00E+04,-5.33E+00,-2.57E+01,2.63E+01,-4.98E+04,-9.32E+03,1.19E+05
5.01000E+00,1.00E+04,-1.32E+01,-2.28E+01,2.64E+01,-4.98E+04,-9.00E+03,9.28E+04
5.01200E+00,1.00E+04,-1.95E+01,-1.78E+01,2.64E+01,-4.98E+04,-8.89E+03,1.08E+04
5.01400E+00,1.00E+04,-2.41E+01,-1.09E+01,2.65E+01,-4.98E+04,-9.01E+03,-6.76E+04
5.01600E+00,1.00E+04,-2.61E+01,-2.88E+00,2.63E+01,-4.99E+04,-9.14E+03,-9.28E+04
5.01800E+00,1.00E+04,-2.51E+01,5.43E+00,2.57E+01,-4.99E+04,-9.39E+03,-1.39E+05
5.02000E+00,1.00E+04,-2.15E+01,1.30E+01,2.51E+01,-4.99E+04,-9.69E+03,-1.24E+05
5.02200E+00,1.00E+04,-1.54E+01,1.91E+01,2.45E+01,-4.99E+04,-9.90E+03,-8.93E+04
5.02400E+00,1.00E+04,-7.89E+00,2.28E+01,2.41E+01,-4.99E+04,-1.00E+04,-5.86E+04
5.02600E+00,1.01E+04,4.55E-01,2.38E+01,2.38E+01,-5.00E+04,-1.01E+04,-1.29E+04
5.02800E+00,1.01E+04,8.73E+00,2.22E+01,2.38E+01,-5.00E+04,-1.01E+04,4.57E+04
5.03000E+00,1.01E+04,1.60E+01,1.81E+01,2.41E+01,-5.00E+04,-9.94E+03,9.47E+04
5.03200E+00,1.01E+04,2.15E+01,1.18E+01,2.45E+01,-5.00E+04,-9.73E+03,1.31E+05
5.03400E+00,1.01E+04,2.48E+01,4.19E+00,2.52E+01,-5.00E+04,-9.41E+03,1.69E+05
5.03600E+00,1.01E+04,2.55E+01,-3.98E+00,2.58E+01,-5.00E+04,-9.06E+03,1.40E+05
5.03800E+00,1.01E+04,2.36E+01,-1.18E+01,2.64E+01,-5.01E+04,-8.83E+03,4.47E+03
5.04000E+00,1.01E+04,1.90E+01,-1.84E+01,2.64E+01,-5.01E+04,-9.02E+03,-1.01E+05
5.04200E+00,1.01E+04,1.20E+01,-2.32E+01,2.61E+01,-5.01E+04,-9.30E+03,-7.17E+04
5.04400E+00,1.01E+04,3.90E+00,-2.58E+01,2.61E+01,-5.01E+04,-9.29E+03,3.35E+04
5.04600E+00,1.01E+04,-4.48E+00,-2.58E+01,2.61E+01,-5.01E+04,-9.15E+03,8.09E+04
5.04800E+00,1.01E+04,-1.23E+01,-2.32E+01,2.62E+01,-5.02E+04,-8.97E+03,5.47E+04
5.05000E+00,1.01E+04,-1.88E+01,-1.83E+01,2.63E+01,-5.02E+04,-8.91E+03,4.38E+03
5.05200E+00,1.01E+04,-2.37E+01,-1.17E+01,2.64E+01,-5.02E+04,-8.98E+03,-3.74E+04
5.05400E+00,1.01E+04,-2.59E+01,-3.81E+00,2.62E+01,-5.02E+04,-9.05E+03,-6.62E+04
5.05600E+00,1.01E+04,-2.54E+01,4.41E+00,2.58E+01,-5.02E+04,-9.23E+03,-9.16E+04
5.05800E+00,1.01E+04,-2.22E+01,1.21E+01,2.53E+01,-5.02E+04,-9.44E+03,-8.86E+04
5.06000E+00,1.01E+04,-1.67E+01,1.83E+01,2.47E+01,-5.03E+04,-9.58E+03,-9.67E+04
5.06200E+00,1.01E+04,-9.52E+00,2.23E+01,2.43E+01,-5.03E+04,-9.81E+03,-8.35E+04
5.06400E+00,1.01E+04,-1.32E+00,2.39E+01,2.39E+01,-5.03E+04,-9.95E+03,-4.32E+04
5.06600E+00,1.01E+04,6.86E+00,2.28E+01,2.39E+01,-5.03E+04,-9.95E+03,2.13E+04
5.06800E+00,1.01E+04,1.44E+01,1.93E+01,2.41E+01,-5.03E+04,-9.89E+03,6.94E+04
5.07000E+00,1.01E+04,2.04E+01,1.36E+01,2.45E+01,-5.04E+04,-9.67E+03,1.22E+05
5.07200E+00,1.01E+04,2.42E+01,6.33E+00,2.50E+01,-5.04E+04,-9.39E+03,1.68E+05
5.07400E+00,1.01E+04,2.56E+01,-1.71E+00,2.56E+01,-5.04E+04,-9.01E+03,1.50E+05
5.07600E+00,1.02E+04,2.44E+01,-9.54E+00,2.62E+01,-5.04E+04,-8.75E+03,1.87E+04
5.07800E+00,1.02E+04,2.05E+01,-1.65E+01,2.63E+01,-5.04E+04,-8.93E+03,-9.34E+04
5.08000E+00,1.02E+04,1.42E+01,-2.20E+01,2.62E+01,-5.05E+04,-9.18E+03,-3.81E+04
5.08200E+00,1.02E+04,6.53E+00,-2.53E+01,2.61E+01,-5.05E+04,-9.09E+03,5.92E+04
5.08400E+00,1.02E+04,-1.58E+00,-2.62E+01,2.62E+01,-5.05E+04,-8.91E+03,7.17E+04
5.08600E+00,1.02E+04,-9.51E+00,-2.46E+01,2.63E+01,-5.05E+04,-8.81E+03,2.86E+04
5.08800E+00,1.02E+04,-1.66E+01,-2.07E+01,2.65E+01,-5.05E+04,-8.78E+03,-5.95E+03
5.09000E+00,1.02E+04,-2.20E+01,-1.47E+01,2.65E+01,-5.05E+04,-8.84E+03,-4.99E+04
5.09200E+00,1.02E+04,-2.53E+01,-7.24E+00,2.63E+01,-5.06E+04,-8.98E+03,-6.44E+04
5.09400E+00,1.02E+04,-2.59E+01,9.93E-01,2.59E+01,-5.06E+04,-9.11E+03,-5.93E+04
5.09600E+00,1.02E+04,-2.38E+01,8.91E+00,2.54E+01,-5.06E+04,-9.20E+03,-5.76E+04
5.09800E+00,1.02E+04,-1.93E+01,1.56E+01,2.48E+01,-5.06E+04,-9.34E+03,-9.34E+04
5.10000E+00,1.02E+04,-1.29E+01,2.06E+01,2.43E+01,-5.06E+04,-9.57E+03,-1.09E+05
5.10200E+00,1.02E+04,-5.25E+00,2.33E+01,2.39E+01,-5.07E+04,-9.79E+03,-8.73E+04
5.10400E+00,1.02E+04,2.90E+00,2.35E+01,2.37E+01,-5.07E+04,-9.92E+03,-3.22E+04
5.10600E+00,1.02E+04,1.08E+01,2.11E+01,2.37E+01,-5.07E+04,-9.93E+03,5.63E+04
5.10800E+00,1.02E+04,1.76E+01,1.65E+01,2.41E+01,-5.07E+04,-9.70E+03,1.53E+05
5.11000E+00,1.02E+04,2.25E+01,1.01E+01,2.47E+01,-5.07E+04,-9.30E+03,1.73E+05
5.11200E+00,1.02E+04,2.53E+01,2.68E+00,2.55E+01,-5.08E+04,-8.99E+03,1.46E+05
5.11400E+00,1.02E+04,2.55E+01,-5.31E+00,2.61E+01,-5.08E+04,-8.74E+03,5.90E+04
5.11600E+00,1.02E+04,2.31E+01,-1.28E+01,2.64E+01,-5.08E+04,-8.71E+03,-3.88E+04
5.11800E+00,1.02E+04,1.80E+01,-1.91E+01,2.63E+01,-5.08E+04,-8.94E+03,-5.54E+04
5.12000E+00,1.02E+04,1.12E+01,-2.37E+01,2.62E+01,-5.08E+04,-8.96E+03,2.63E+04
5.12200E+00,1.02E+04,3.47E+00,-2.60E+01,2.62E+01,-5.08E+04,-8.80E+03,6.17E+04
5.12400E+00,1.02E+04,-4.52E+00,-2.60E+01,2.64E+01,-5.09E+04,-8.71E+03,7.67E+03
5.12600E+00,1.03E+04,-1.21E+01,-2.36E+01,2.65E+01,-5.09E+04,-8.76E+03,-7.77E+03
5.12800E+00,1.03E+04,-1.88E+01,-1.88E+01,2.66E+01,-5.09E+04,-8.77E+03,-3.45E+04
5.13000E+00,1.03E+04,-2.34E+01,-1.23E+01,2.65E+01,-5.09E+04,-8.85E+03,-1.17E+04
5.13200E+00,1.03E+04,-2.57E+01,-4.40E+00,2.61E+01,-5.09E+04,-8.88E+03,-3.15E+04
5.13400E+00,1.03E+04,-2.55E+01,3.52E+00,2.57E+01,-5.09E+04,-8.91E+03,-3.29E+04
5.13600E+00,1.03E+04,-2.28E+01,1.11E+01,2.53E+01,-5.10E+04,-9.06E+03,-8.47E+04
5.13800E+00,1.03E+04,-1.78E+01,1.72E+01,2.48E+01,-5.10E+04,-9.22E+03,-1.03E+05
5.14000E+00,1.03E+04,-1.11E+01,2.16E+01,2.43E+01,-5.10E+04,-9.48E+03,-1.31E+05
5.14200E+00,1.03E+04,-3.31E+00,2.37E+01,2.39E+01,-5.10E+04,-9.74E+03,-8.25E+04
5.14400E+00,1.03E+04,4.85E+00,2.33E+01,2.38E+01,-5.10E+04,-9.83E+03,4.31E+02
5.14600E+00,1.03E+04,1.25E+01,2.04E+01,2.39E+01,-5.11E+04,-9.73E+03,1.17E+05
5.14800E+00,1.03E+04,1.89E+01,1.55E+01,2.44E+01,-5.11E+04,-9.39E+03,1.42E+05
5.15000E+00,1.03E+04,2.33E+01,8.98E+00,2.50E+01,-5.11E+04,-9.10E+03,1.65E+05
5.15200E+00,1.03E+04,2.56E+01,1.31E+00,2.56E+01,-5.11E+04,-8.80E+03,1.04E+05
5.15400E+00,1.03E+04,2.54E+01,-6.37E+00,2.61E+01,-5.11E+04,-8.60E+03,1.23E+04
5.15600E+00,1.03E+04,2.24E+01,-1.37E+01,2.62E+01,-5.12E+04,-8.79E+03,-5.93E+04
5.15800E+00,1.03E+04,1.71E+01,-1.98E+01,2.62E+01,-5.12E+04,-8.86E+03,8.43E+03
5.16000E+00,1.03E+04,1.03E+01,-2.41E+01,2.62E+01,-5.12E+04,-8.74E+03,5.28E+04
5.16200E+00,1.03E+04,2.65E+00,-2.61E+01,2.63E+01,-5.12E+04,-8.64E+03,3.01E+04
5.16400E+00,1.03E+04,-5.27E+00,-2.60E+01,2.65E+01,-5.12E+04,-8.62E+03,6.08E+03
5.16600E+00,1.03E+04,-1.28E+01,-2.33E+01,2.66E+01,-5.12E+04,-8.62E+03,-1.71E+04
5.16800E+00,1.03E+04,-1.91E+01,-1.85E+01,2.66E+01,-5.13E+04,-8.68E+03,-3.07E+04
5.17000E+00,1.03E+04,-2.36E+01,-1.18E+01,2.64E+01,-5.13E+04,-8.76E+03,-1.91E+04
5.17200E+00,1.03E+04,-2.59E+01,-4.11E+00,2.62E+01,-5.13E+04,-8.75E+03,8.90E+03
5.17400E+00,1.03E+04,-2.56E+01,3.80E+00,2.59E+01,-5.13E+04,-8.72E+03,-2.00E+04
5.17600E+00,1.04E+04,-2.29E+01,1.11E+01,2.54E+01,-5.13E+04,-8.82E+03,-8.67E+04
5.17800E+00,1.04E+04,-1.79E+01,1.72E+01,2.48E+01,-5.13E+04,-9.08E+03,-1.30E+05
5.18000E+00,1.04E+04,-1.13E+01,2.15E+01,2.43E+01,-5.14E+04,-9.34E+03,-1.31E+05
5.18200E+00,1.04E+04,-3.69E+00,2.36E+01,2.39E+01,-5.14E+04,-9.60E+03,-7.15E+04
5.18400E+00,1.04E+04,4.36E+00,2.34E+01,2.38E+01,-5.14E+04,-9.66E+03,5.85E+03
5.18600E+00,1.04E+04,1.19E+01,2.08E+01,2.39E+01,-5.14E+04,-9.54E+03,9.15E+04
5.18800E+00,1.04E+04,1.83E+01,1.61E+01,2.44E+01,-5.14E+04,-9.32E+03,1.32E+05
5.19000E+00,1.04E+04,2.29E+01,9.70E+00,2.48E+01,-5.15E+04,-8.99E+03,1.55E+05
5.19200E+00,1.04E+04,2.54E+01,2.35E+00,2.55E+01,-5.15E+04,-8.70E+03,8.90E+04
5.19400E+00,1.04E+04,2.53E+01,-5.29E+00,2.58E+01,-5.15E+04,-8.61E+03,2.35E+03
5.19600E+00,1.04E+04,2.27E+01,-1.27E+01,2.60E+01,-5.15E+04,-8.72E+03,-3.25E+04
5.19800E+00,1.04E+04,1.78E+01,-1.89E+01,2.60E+01,-5.15E+04,-8.75E+03,1.46E+04
5.20000E+00,1.04E+04,1.14E+01,-2.35E+01,2.61E+01,-5.15E+04,-8.66E+03,3.76E+04
5.20200E+00,1.04E+04,3.95E+00,-2.59E+01,2.62E+01,-5.16E+04,-8.58E+03,2.99E+04
5.20400E+00,1.04E+04,-3.91E+00,-2.61E+01,2.64E+01,-5.16E+04,-8.55E+03,1.32E+04
5.20600E+00,1.04E+04,-1.15E+01,-2.40E+01,2.66E+01,-5.16E+04,-8.52E+03,6.99E+03
5.20800E+00,1.04E+04,-1.80E+01,-1.96E+01,2.66E+01,-5.16E+04,-8.53E+03,-2.32E+04
5.21000E+00,1.04E+04,-2.28E+01,-1.33E+01,2.64E+01,-5.16E+04,-8.61E+03,-2.61E+03
5.21200E+00,1.04E+04,-2.56E+01,-5.91E+00,2.63E+01,-5.16E+04,-8.57E+03,1.35E+04
5.21400E+00,1.04E+04,-2.60E+01,1.80E+00,2.61E+01,-5.17E+04,-8.51E+03,-1.01E+04
5.21600E+00,1.04E+04,-2.39E+01,9.19E+00,2.56E+01,-5.17E+04,-8.63E+03,-8.42E+04
5.21800E+00,1.04E+04,-1.96E+01,1.56E+01,2.51E+01,-5.17E+04,-8.84E+03,-1.37E+05
5.22000E+00,1.04E+04,-1.36E+01,2.04E+01,2.45E+01,-5.17E+04,-9.17E+03,-1.47E+05
5.22200E+00,1.04E+04,-6.17E+00,2.33E+01,2.41E+01,-5.17E+04,-9.46E+03,-8.69E+04
5.22400E+00,1.04E+04,1.77E+00,2.38E+01,2.39E+01,-5.18E+04,-9.52E+03,8.43E+03
5.22600E+00,1.05E+04,9.46E+00,2.20E+01,2.40E+01,-5.18E+04,-9.42E+03,5.83E+04
5.22800E+00,1.05E+04,1.63E+01,1.81E+01,2.43E+01,-5.18E+04,-9.28E+03,1.04E+05
5.23000E+00,1.05E+04,2.15E+01,1.23E+01,2.48E+01,-5.18E+04,-9.02E+03,1.45E+05
5.23200E+00,1.05E+04,2.48E+01,5.27E+00,2.54E+01,-5.18E+04,-8.67E+03,1.41E+05
5.23400E+00,1.05E+04,2.57E+01,-2.26E+00,2.58E+01,-5.18E+04,-8.45E+03,4.07E+04
5.23600E+00,1.05E+04,2.42E+01,-9.66E+00,2.60E+01,-5.19E+04,-8.50E+03,-3.30E+04
5.23800E+00,1.05E+04,2.02E+01,-1.64E+01,2.61E+01,-5.19E+04,-8.62E+03,-1.45E+04
5.24000E+00,1.05E+04,1.45E+01,-2.17E+01,2.61E+01,-5.19E+04,-8.55E+03,4.09E+04
5.24200E+00,1.05E+04,7.57E+00,-2.51E+01,2.62E+01,-5.19E+04,-8.44E+03,2.99E+04
5.24400E+00,1.05E+04,-8.19E-03,-2.64E+01,2.64E+01,-5.19E+04,-8.43E+03,-1.11E+04
5.24600E+00,1.05E+04,-7.74E+00,-2.54E+01,2.66E+01,-5.19E+04,-8.49E+03,3.06E+03
5.24800E+00,1.05E+04,-1.49E+01,-2.21E+01,2.66E+01,-5.20E+04,-8.44E+03,9.33E+03
5.25000E+00,1.05E+04,-2.05E+01,-1.68E+01,2.65E+01,-5.20E+04,-8.41E+03,4.06E+03
5.25200E+00,1.05E+04,-2.44E+01,-1.00E+01,2.64E+01,-5.20E+04,-8.45E+03,-7.00E+03
5.25400E+00,1.05E+04,-2.59E+01,-2.50E+00,2.61E+01,-5.20E+04,-8.43E+03,-1.05E+04
5.25600E+00,1.05E+04,-2.52E+01,5.06E+00,2.57E+01,-5.20E+04,-8.49E+03,-6.62E+04
5.25800E+00,1.05E+04,-2.22E+01,1.20E+01,2.53E+01,-5.20E+04,-8.69E+03,-1.05E+05
5.26000E+00,1.05E+04,-1.72E+01,1.78E+01,2.48E+01,-5.21E+04,-8.93E+03,-1.09E+05
5.26200E+00,1.05E+04,-1.06E+01,2.19E+01,2.43E+01,-5.21E+04,-9.12E+03,-9.04E+04
5.26400E+00,1.05E+04,-3.10E+00,2.39E+01,2.41E+01,-5.21E+04,-9.29E+03,-4.23E+04
5.26600E+00,1.05E+04,4.71E+00,2.36E+01,2.40E+01,-5.21E+04,-9.31E+03,1.20E+04
5.26800E+00,1.05E+04,1.20E+01,2.09E+01,2.41E+01,-5.21E+04,-9.22E+03,7.95E+04
5.27000E+00,1.05E+04,1.83E+01,1.64E+01,2.45E+01,-5.22E+04,-9.01E+03,1.25E+05
5.27200E+00,1.05E+04,2.28E+01,1.02E+01,2.50E+01,-5.22E+04,-8.69E+03,1.25E+05
5.27400E+00,1.05E+04,2.53E+01,3.12E+00,2.55E+01,-5.22E+04,-8.51E+03,8.09E+04
5.27600E+00,1.06E+04,2.55E+01,-4.45E+00,2.59E+01,-5.22E+04,-8.39E+03,1.24E+04
5.27800E+00,1.06E+04,2.33E+01,-1.16E+01,2.60E+01,-5.22E+04,-8.43E+03,-1.62E+04
5.28000E+00,1.06E+04,1.89E+01,-1.80E+01,2.61E+01,-5.22E+04,-8.50E+03,1.58E+03
5.28200E+00,1.06E+04,1.29E+01,-2.28E+01,2.62E+01,-5.23E+04,-8.40E+03,3.57E+04
5.28400E+00,1.06E+04,5.82E+00,-2.56E+01,2.63E+01,-5.23E+04,-8.35E+03,2.29E+04
5.28600E+00,1.06E+04,-1.80E+00,-2.64E+01,2.65E+01,-5.23E+04,-8.32E+03,-4.24E+03
5.28800E+00,1.06E+04,-9.31E+00,-2.49E+01,2.66E+01,-5.23E+04,-8.35E+03,1.32E+04
5.29000E+00,1.06E+04,-1.61E+01,-2.11E+01,2.65E+01,-5.23E+04,-8.30E+03,-2.92E+03
5.29200E+00,1.06E+04,-2.13E+01,-1.57E+01,2.65E+01,-5.23E+04,-8.31E+03,6.18E+03
5.29400E+00,1.06E+04,-2.48E+01,-8.77E+00,2.63E+01,-5.24E+04,-8.33E+03,-8.02E+03
5.29600E+00,1.06E+04,-2.60E+01,-1.35E+00,2.60E+01,-5.24E+04,-8.30E+03,-1.39E+04
5.29800E+00,1.06E+04,-2.50E+01,6.10E+00,2.57E+01,-5.24E+04,-8.40E+03,-6.98E+04
5.30000E+00,1.06E+04,-2.18E+01,1.29E+01,2.53E+01,-5.24E+04,-8.57E+03,-1.02E+05
5.30200E+00,1.06E+04,-1.66E+01,1.84E+01,2.48E+01,-5.24E+04,-8.81E+03,-1.18E+05
5.30400E+00,1.06E+04,-9.93E+00,2.22E+01,2.43E+01,-5.24E+04,-9.05E+03,-8.69E+04
5.30600E+00,1.06E+04,-2.43E+00,2.39E+01,2.41E+01,-5.25E+04,-9.17E+03,-2.76E+04
5.30800E+00,1.06E+04,5.22E+00,2.34E+01,2.40E+01,-5.25E+04,-9.16E+03,1.45E+04
5.31000E+00,1.06E+04,1.24E+01,2.07E+01,2.41E+01,-5.25E+04,-9.10E+03,8.41E+04
5.31200E+00,1.06E+04,1.85E+01,1.61E+01,2.45E+01,-5.25E+04,-8.85E+03,1.29E+05
5.31400E+00,1.06E+04,2.29E+01,1.01E+01,2.50E+01,-5.25E+04,-8.54E+03,1.18E+05
5.31600E+00,1.06E+04,2.53E+01,3.03E+00,2.55E+01,-5.26E+04,-8.40E+03,7.06E+04
5.31800E+00,1.06E+04,2.55E+01,-4.42E+00,2.59E+01,-5.26E+04,-8.26E+03,1.43E+04
5.32000E+00,1.06E+04,2.33E+01,-1.15E+01,2.60E+01,-5.26E+04,-8.31E+03,-2.05E+04
5.32200E+00,1.06E+04,1.91E+01,-1.78E+01,2.61E+01,-5.26E+04,-8.40E+03,-2.04E+03
5.32400E+00,1.06E+04,1.32E+01,-2.27E+01,2.63E+01,-5.26E+04,-8.30E+03,3.74E+04
5.32600E+00,1.07E+04,6.25E+00,-2.56E+01,2.63E+01,-5.26E+04,-8.23E+03,2.04E+04
5.32800E+00,1.07E+04,-1.26E+00,-2.65E+01,2.65E+01,-5.27E+04,-8.22E+03,1.15E+04
5.33000E+00,1.07E+04,-8.72E+00,-2.51E+01,2.66E+01,-5.27E+04,-8.19E+03,-1.16E+04
5.33200E+00,1.07E+04,-1.54E+01,-2.16E+01,2.66E+01,-5.27E+04,-8.25E+03,8.71E+03
5.33400E+00,1.07E+04,-2.10E+01,-1.63E+01,2.66E+01,-5.27E+04,-8.21E+03,1.35E+04
5.33600E+00,1.07E+04,-2.45E+01,-9.74E+00,2.64E+01,-5.27E+04,-8.14E+03,1.87E+04
5.33800E+00,1.07E+04,-2.60E+01,-2.40E+00,2.61E+01,-5.27E+04,-8.17E+03,-3.17E+04
5.34000E+00,1.07E+04,-2.53E+01,4.92E+00,2.58E+01,-5.28E+04,-8.23E+03,-6.70E+04
5.34200E+00,1.07E+04,-2.25E+01,1.18E+01,2.54E+01,-5.28E+04,-8.45E+03,-9.84E+04
5.34400E+00,1.07E+04,-1.77E+01,1.75E+01,2.49E+01,-5.28E+04,-8.64E+03,-1.07E+05
5.34600E+00,1.07E+04,-1.14E+01,2.16E+01,2.45E+01,-5.28E+04,-8.86E+03,-9.54E+04
5.34800E+00,1.07E+04,-4.09E+00,2.38E+01,2.41E+01,-5.28E+04,-9.05E+03,-5.37E+04
5.35000E+00,1.07E+04,3.53E+00,2.38E+01,2.41E+01,-5.28E+04,-9.07E+03,1.50E+04
5.35200E+00,1.07E+04,1.08E+01,2.16E+01,2.42E+01,-5.29E+04,-8.99E+03,8.40E+04
5.35400E+00,1.07E+04,1.71E+01,1.75E+01,2.45E+01,-5.29E+04,-8.75E+03,1.08E+05
5.35600E+00,1.07E+04,2.18E+01,1.19E+01,2.48E+01,-5.29E+04,-8.51E+03,1.11E+05
5.35800E+00,1.07E+04,2.48E+01,5.09E+00,2.54E+01,-5.29E+04,-8.34E+03,8.68E+04
5.36000E+00,1.07E+04,2.56E+01,-2.17E+00,2.57E+01,-5.29E+04,-8.14E+03,3.84E+04
5.36200E+00,1.07E+04,2.43E+01,-9.31E+00,2.60E+01,-5.29E+04,-8.17E+03,-1.56E+04
5.36400E+00,1.07E+04,2.07E+01,-1.59E+01,2.61E+01,-5.30E+04,-8.24E+03,3.56E+03
5.36600E+00,1.07E+04,1.55E+01,-2.12E+01,2.63E+01,-5.30E+04,-8.15E+03,3.52E+04
5.36800E+00,1.07E+04,8.97E+00,-2.48E+01,2.64E+01,-5.30E+04,-8.08E+03,3.07E+03
5.37000E+00,1.07E+04,1.72E+00,-2.64E+01,2.65E+01,-5.30E+04,-8.14E+03,-1.99E+04
5.37200E+00,1.07E+04,-5.83E+00,-2.59E+01,2.66E+01,-5.30E+04,-8.18E+03,-8.34E+03
5.37400E+00,1.07E+04,-1.29E+01,-2.32E+01,2.65E+01,-5.30E+04,-8.16E+03,2.42E+04
5.37600E+00,1.08E+04,-1.88E+01,-1.86E+01,2.65E+01,-5.31E+04,-8.09E+03,1.25E+04
5.37800E+00,1.08E+04,-2.31E+01,-1.26E+01,2.64E+01,-5.31E+04,-8.08E+03,1.22E+04
5.38000E+00,1.08E+04,-2.56E+01,-5.60E+00,2.62E+01,-5.31E+04,-8.08E+03,1.41E+03
5.38200E+00,1.08E+04,-2.59E+01,1.67E+00,2.59E+01,-5.31E+04,-8.05E+03,-2.23E+04
5.38400E+00,1.08E+04,-2.41E+01,8.68E+00,2.56E+01,-5.31E+04,-8.17E+03,-9.38E+04
5.38600E+00,1.08E+04,-2.02E+01,1.49E+01,2.51E+01,-5.31E+04,-8.42E+03,-1.12E+05
5.38800E+00,1.08E+04,-1.47E+01,1.98E+01,2.47E+01,-5.32E+04,-8.64E+03,-9.70E+04
5.39000E+00,1.08E+04,-7.93E+00,2.30E+01,2.43E+01,-5.32E+04,-8.80E+03,-6.51E+04
5.39200E+00,1.08E+04,-5.34E-01,2.41E+01,2.41E+01,-5.32E+04,-8.91E+03,-2.95E+04
5.39400E+00,1.08E+04,6.90E+00,2.31E+01,2.41E+01,-5.32E+04,-8.92E+03,3.62E+04
5.39600E+00,1.08E+04,1.37E+01,2.00E+01,2.43E+01,-5.32E+04,-8.77E+03,9.62E+04
5.39800E+00,1.08E+04,1.94E+01,1.53E+01,2.47E+01,-5.32E+04,-8.52E+03,1.16E+05
5.40000E+00,1.08E+04,2.33E+01,9.19E+00,2.51E+01,-5.33E+04,-8.30E+03,9.49E+04
5.40200E+00,1.08E+04,2.54E+01,2.26E+00,2.55E+01,-5.33E+04,-8.15E+03,4.99E+04
5.40400E+00,1.08E+04,2.53E+01,-4.94E+00,2.57E+01,-5.33E+04,-8.09E+03,1.10E+03
5.40600E+00,1.08E+04,2.30E+01,-1.19E+01,2.59E+01,-5.33E+04,-8.15E+03,-3.97E+03
5.40800E+00,1.08E+04,1.88E+01,-1.80E+01,2.60E+01,-5.33E+04,-8.13E+03,3.43E+04
5.41000E+00,1.08E+04,1.32E+01,-2.27E+01,2.63E+01,-5.33E+04,-7.99E+03,3.26E+04
5.41200E+00,1.08E+04,6.56E+00,-2.56E+01,2.64E+01,-5.34E+04,-7.98E+03,8.01E+03
5.41400E+00,1.08E+04,-7.92E-01,-2.66E+01,2.66E+01,-5.34E+04,-7.99E+03,-2.22E+04
5.41600E+00,1.08E+04,-8.06E+00,-2.54E+01,2.66E+01,-5.34E+04,-8.04E+03,-9.97E+03
5.41800E+00,1.08E+04,-1.48E+01,-2.21E+01,2.66E+01,-5.34E+04,-8.07E+03,3.48E+03
5.42000E+00,1.08E+04,-2.03E+01,-1.71E+01,2.65E+01,-5.34E+04,-8.00E+03,3.14E+04
5.42200E+00,1.08E+04,-2.41E+01,-1.08E+01,2.64E+01,-5.34E+04,-7.95E+03,1.60E+04
5.42400E+00,1.08E+04,-2.60E+01,-3.79E+00,2.62E+01,-5.35E+04,-7.93E+03,6.01E+03
5.42600E+00,1.09E+04,-2.57E+01,3.42E+00,2.60E+01,-5.35E+04,-7.93E+03,-4.68E+04
5.42800E+00,1.09E+04,-2.35E+01,1.02E+01,2.56E+01,-5.35E+04,-8.09E+03,-9.09E+04
5.43000E+00,1.09E+04,-1.92E+01,1.61E+01,2.51E+01,-5.35E+04,-8.33E+03,-1.11E+05
5.43200E+00,1.09E+04,-1.35E+01,2.06E+01,2.47E+01,-5.35E+04,-8.52E+03,-1.02E+05
5.43400E+00,1.09E+04,-6.68E+00,2.33E+01,2.43E+01,-5.35E+04,-8.75E+03,-6.03E+04
5.43600E+00,1.09E+04,7.33E-01,2.41E+01,2.41E+01,-5.36E+04,-8.79E+03,-1.65E+04
5.43800E+00,1.09E+04,7.93E+00,2.28E+01,2.41E+01,-5.36E+04,-8.77E+03,4.23E+04
5.44000E+00,1.09E+04,1.46E+01,1.95E+01,2.44E+01,-5.36E+04,-8.67E+03,7.50E+04
5.44200E+00,1.09E+04,2.00E+01,1.46E+01,2.47E+01,-5.36E+04,-8.43E+03,1.15E+05
5.44400E+00,1.09E+04,2.37E+01,8.38E+00,2.52E+01,-5.36E+04,-8.22E+03,1.12E+05
5.44600E+00,1.09E+04,2.55E+01,1.46E+00,2.56E+01,-5.36E+04,-7.98E+03,6.85E+04
5.44800E+00,1.09E+04,2.53E+01,-5.57E+00,2.59E+01,-5.37E+04,-7.92E+03,2.16E+03
5.45000E+00,1.09E+04,2.29E+01,-1.24E+01,2.60E+01,-5.37E+04,-8.00E+03,1.73E+02
5.45200E+00,1.09E+04,1.87E+01,-1.84E+01,2.62E+01,-5.37E+04,-7.93E+03,3.92E+04
5.45400E+00,1.09E+04,1.32E+01,-2.29E+01,2.64E+01,-5.37E+04,-7.82E+03,1.63E+04
5.45600E+00,1.09E+04,6.55E+00,-2.58E+01,2.66E+01,-5.37E+04,-7.86E+03,-8.30E+03
5.45800E+00,1.09E+04,-7.34E-01,-2.67E+01,2.67E+01,-5.37E+04,-7.88E+03,-2.78E+04
5.46000E+00,1.09E+04,-7.91E+00,-2.55E+01,2.67E+01,-5.37E+04,-7.94E+03,-7.14E+03
5.46200E+00,1.09E+04,-1.46E+01,-2.22E+01,2.66E+01,-5.38E+04,-7.95E+03,-2.78E+03
5.46400E+00,1.09E+04,-2.00E+01,-1.73E+01,2.65E+01,-5.38E+04,-7.91E+03,3.23E+04
5.46600E+00,1.09E+04,-2.40E+01,-1.12E+01,2.65E+01,-5.38E+04,-7.86E+03,2.57E+04
5.46800E+00,1.09E+04,-2.58E+01,-4.31E+00,2.62E+01,-5.38E+04,-7.77E+03,4.31E+03
5.47000E+00,1.09E+04,-2.59E+01,2.75E+00,2.60E+01,-5.38E+04,-7.84E+03,-4.48E+04
5.47200E+00,1.09E+04,-2.38E+01,9.55E+00,2.56E+01,-5.38E+04,-7.97E+03,-8.33E+04
5.47400E+00,1.09E+04,-1.99E+01,1.55E+01,2.52E+01,-5.39E+04,-8.16E+03,-1.04E+05
5.47600E+00,1.10E+04,-1.43E+01,2.01E+01,2.47E+01,-5.39E+04,-8.40E+03,-9.85E+04
5.47800E+00,1.10E+04,-7.71E+00,2.31E+01,2.43E+01,-5.39E+04,-8.55E+03,-6.93E+04
5.48000E+00,1.10E+04,-5.26E-01,2.42E+01,2.42E+01,-5.39E+04,-8.67E+03,-2.50E+04
5.48200E+00,1.10E+04,6.74E+00,2.32E+01,2.41E+01,-5.39E+04,-8.67E+03,4.21E+04
5.48400E+00,1.10E+04,1.34E+01,2.03E+01,2.43E+01,-5.39E+04,-8.49E+03,9.08E+04
5.48600E+00,1.10E+04,1.88E+01,1.57E+01,2.45E+01,-5.40E+04,-8.30E+03,9.20E+04
5.48800E+00,1.10E+04,2.29E+01,9.90E+00,2.50E+01,-5.40E+04,-8.13E+03,6.77E+04
5.49000E+00,1.10E+04,2.52E+01,3.22E+00,2.54E+01,-5.40E+04,-8.02E+03,6.69E+04
5.49200E+00,1.10E+04,2.55E+01,-3.90E+00,2.58E+01,-5.40E+04,-7.88E+03,3.77E+04
5.49400E+00,1.10E+04,2.37E+01,-1.07E+01,2.60E+01,-5.40E+04,-7.83E+03,2.28E+04
5.49600E+00,1.10E+04,2.00E+01,-1.68E+01,2.62E+01,-5.40E+04,-7.83E+03,2.39E+04
5.49800E+00,1.10E+04,1.49E+01,-2.18E+01,2.64E+01,-5.41E+04,-7.72E+03,2.35E+04
5.50000E+00,1.10E+04,8.66E+00,-2.50E+01,2.65E+01,-5.41E+04,-7.72E+03,-1.02E+04
5.50200E+00,1.10E+04,1.64E+00,-2.66E+01,2.66E+01,-5.41E+04,-7.78E+03,-1.93E+04
5.50400E+00,1.10E+04,-5.56E+00,-2.61E+01,2.66E+01,-5.41E+04,-7.79E+03,-1.84E+04
5.50600E+00,1.10E+04,-1.23E+01,-2.35E+01,2.65E+01,-5.41E+04,-7.85E+03,-7.98E+03
5.50800E+00,1.10E+04,-1.82E+01,-1.92E+01,2.65E+01,-5.41E+04,-7.85E+03,2.17E+04
5.51000E+00,1.10E+04,-2.26E+01,-1.35E+01,2.63E+01,-5.41E+04,-7.75E+03,2.94E+04
5.51200E+00,1.10E+04,-2.53E+01,-7.06E+00,2.63E+01,-5.42E+04,-7.72E+03,1.45E+03
5.51400E+00,1.10E+04,-2.61E+01,-3.52E-02,2.61E+01,-5.42E+04,-7.75E+03,-2.76E+04
5.51600E+00,1.10E+04,-2.49E+01,6.88E+00,2.58E+01,-5.42E+04,-7.82E+03,-5.01E+04
5.51800E+00,1.10E+04,-2.17E+01,1.32E+01,2.54E+01,-5.42E+04,-7.96E+03,-7.79E+04
5.52000E+00,1.10E+04,-1.69E+01,1.83E+01,2.50E+01,-5.42E+04,-8.13E+03,-8.94E+04
5.52200E+00,1.10E+04,-1.09E+01,2.20E+01,2.46E+01,-5.42E+04,-8.32E+03,-8.11E+04
5.52400E+00,1.10E+04,-3.99E+00,2.40E+01,2.43E+01,-5.43E+04,-8.46E+03,-3.88E+04
5.52600E+00,1.11E+04,3.20E+00,2.40E+01,2.42E+01,-5.43E+04,-8.48E+03,-9.28E+02
5.52800E+00,1.11E+04,1.00E+01,2.21E+01,2.42E+01,-5.43E+04,-8.45E+03,3.99E+04
5.53000E+00,1.11E+04,1.62E+01,1.84E+01,2.45E+01,-5.43E+04,-8.34E+03,8.41E+04
5.53200E+00,1.11E+04,2.10E+01,1.32E+01,2.47E+01,-5.43E+04,-8.10E+03,8.46E+04
5.53400E+00,1.11E+04,2.42E+01,7.02E+00,2.52E+01,-5.43E+04,-7.98E+03,8.32E+04
5.53600E+00,1.11E+04,2.56E+01,1.01E-01,2.56E+01,-5.44E+04,-7.82E+03,5.70E+04
5.53800E+00,1.11E+04,2.50E+01,-6.72E+00,2.58E+01,-5.44E+04,-7.69E+03,2.34E+04
5.54000E+00,1.11E+04,2.24E+01,-1.32E+01,2.60E+01,-5.44E+04,-7.76E+03,1.87E+03
5.54200E+00,1.11E+04,1.81E+01,-1.88E+01,2.62E+01,-5.44E+04,-7.69E+03,2.52E+04
5.54400E+00,1.11E+04,1.26E+01,-2.31E+01,2.63E+01,-5.44E+04,-7.63E+03,4.47E+03
5.54600E+00,1.11E+04,6.13E+00,-2.58E+01,2.65E+01,-5.44E+04,-7.69E+03,-1.13E+04
5.54800E+00,1.11E+04,-9.60E-01,-2.66E+01,2.66E+01,-5.45E+04,-7.69E+03,1.15E+03
5.55000E+00,1.11E+04,-7.93E+00,-2.54E+01,2.66E+01,-5.45E+04,-7.66E+03,-7.94E+03
5.55200E+00,1.11E+04,-1.43E+01,-2.23E+01,2.65E+01,-5.45E+04,-7.72E+03,-6.64E+03
5.55400E+00,1.11E+04,-1.97E+01,-1.76E+01,2.65E+01,-5.45E+04,-7.71E+03,1.82E+04
5.55600E+00,1.11E+04,-2.36E+01,-1.18E+01,2.64E+01,-5.45E+04,-7.63E+03,3.50E+04
5.55800E+00,1.11E+04,-2.59E+01,-5.13E+00,2.64E+01,-5.45E+04,-7.58E+03,1.10E+04
5.56000E+00,1.11E+04,-2.61E+01,1.77E+00,2.61E+01,-5.45E+04,-7.58E+03,-3.39E+04
5.56200E+00,1.11E+04,-2.43E+01,8.42E+00,2.57E+01,-5.46E+04,-7.71E+03,-6.83E+04
5.56400E+00,1.11E+04,-2.08E+01,1.44E+01,2.53E+01,-5.46E+04,-7.87E+03,-7.87E+04
5.56600E+00,1.11E+04,-1.58E+01,1.92E+01,2.49E+01,-5.46E+04,-8.01E+03,-8.14E+04
5.56800E+00,1.11E+04,-9.66E+00,2.25E+01,2.45E+01,-5.46E+04,-8.20E+03,-9.16E+04
5.57000E+00,1.11E+04,-2.80E+00,2.41E+01,2.42E+01,-5.46E+04,-8.38E+03,-4.58E+04
5.57200E+00,1.11E+04,4.31E+00,2.37E+01,2.41E+01,-5.46E+04,-8.40E+03,-4.93E+03
5.57400E+00,1.11E+04,1.10E+01,2.16E+01,2.42E+01,-5.47E+04,-8.37E+03,3.35E+04
5.57600E+00,1.12E+04,1.69E+01,1.76E+01,2.44E+01,-5.47E+04,-8.30E+03,7.81E+04
5.57800E+00,1.12E+04,2.15E+01,1.23E+01,2.48E+01,-5.47E+04,-8.05E+03,1.22E+05
5.58000E+00,1.12E+04,2.44E+01,6.12E+00,2.52E+01,-5.47E+04,-7.79E+03,1.08E+05
5.58200E+00,1.12E+04,2.56E+01,-5.95E-01,2.56E+01,-5.47E+04,-7.62E+03,4.80E+04
5.58400E+00,1.12E+04,2.49E+01,-7.33E+00,2.59E+01,-5.47E+04,-7.59E+03,7.11E+03
5.58600E+00,1.12E+04,2.22E+01,-1.37E+01,2.61E+01,-5.48E+04,-7.62E+03,1.51E+04
5.58800E+00,1.12E+04,1.80E+01,-1.92E+01,2.63E+01,-5.48E+04,-7.53E+03,2.95E+04
5.59000E+00,1.12E+04,1.25E+01,-2.33E+01,2.65E+01,-5.48E+04,-7.47E+03,-1.07E+03
5.59200E+00,1.12E+04,6.08E+00,-2.59E+01,2.66E+01,-5.48E+04,-7.54E+03,-1.53E+04
5.59400E+00,1.12E+04,-9.14E-01,-2.67E+01,2.67E+01,-5.48E+04,-7.55E+03,-8.71E+03
5.59600E+00,1.12E+04,-7.77E+00,-2.55E+01,2.66E+01,-5.48E+04,-7.55E+03,-9.91E+03
5.59800E+00,1.12E+04,-1.42E+01,-2.25E+01,2.66E+01,-5.48E+04,-7.61E+03,-1.58E+03
5.60000E+00,1.12E+04,-1.95E+01,-1.79E+01,2.65E+01,-5.49E+04,-7.56E+03,1.41E+04
5.60200E+00,1.12E+04,-2.34E+01,-1.22E+01,2.64E+01,-5.49E+04,-7.53E+03,2.20E+04
5.60400E+00,1.12E+04,-2.56E+01,-5.66E+00,2.62E+01,-5.49E+04,-7.50E+03,6.79E+02
5.60600E+00,1.12E+04,-2.60E+01,1.10E+00,2.61E+01,-5.49E+04,-7.50E+03,-1.40E+04
5.60800E+00,1.12E+04,-2.46E+01,7.79E+00,2.58E+01,-5.49E+04,-7.58E+03,-6.98E+04
5.61000E+00,1.12E+04,-2.13E+01,1.37E+01,2.54E+01,-5.49E+04,-7.75E+03,-8.67E+04
5.61200E+00,1.12E+04,-1.65E+01,1.87E+01,2.50E+01,-5.49E+04,-7.96E+03,-8.78E+04
5.61400E+00,1.12E+04,-1.06E+01,2.22E+01,2.46E+01,-5.50E+04,-8.08E+03,-5.95E+04
5.61600E+00,1.12E+04,-3.85E+00,2.40E+01,2.43E+01,-5.50E+04,-8.21E+03,-4.08E+04
5.61800E+00,1.12E+04,3.12E+00,2.40E+01,2.42E+01,-5.50E+04,-8.25E+03,-8.36E+03
5.62000E+00,1.12E+04,9.82E+00,2.22E+01,2.42E+01,-5.50E+04,-8.23E+03,1.99E+04
5.62200E+00,1.12E+04,1.58E+01,1.86E+01,2.45E+01,-5.50E+04,-8.18E+03,8.42E+04
5.62400E+00,1.12E+04,2.07E+01,1.36E+01,2.48E+01,-5.50E+04,-7.91E+03,1.04E+05
5.62600E+00,1.13E+04,2.39E+01,7.76E+00,2.51E+01,-5.51E+04,-7.70E+03,1.03E+05
5.62800E+00,1.13E+04,2.55E+01,1.15E+00,2.56E+01,-5.51E+04,-7.55E+03,5.13E+04
5.63000E+00,1.13E+04,2.53E+01,-5.49E+00,2.59E+01,-5.51E+04,-7.45E+03,2.13E+04
5.63200E+00,1.13E+04,2.32E+01,-1.19E+01,2.60E+01,-5.51E+04,-7.50E+03,8.60E+03
5.63400E+00,1.13E+04,1.95E+01,-1.77E+01,2.63E+01,-5.51E+04,-7.42E+03,2.66E+04
5.63600E+00,1.13E+04,1.44E+01,-2.22E+01,2.64E+01,-5.51E+04,-7.37E+03,8.91E+03
5.63800E+00,1.13E+04,8.34E+00,-2.52E+01,2.65E+01,-5.52E+04,-7.41E+03,-2.26E+04
5.64000E+00,1.13E+04,1.61E+00,-2.66E+01,2.66E+01,-5.52E+04,-7.45E+03,-2.25E+04
5.64200E+00,1.13E+04,-5.30E+00,-2.60E+01,2.66E+01,-5.52E+04,-7.50E+03,-1.19E+04
5.64400E+00,1.13E+04,-1.18E+01,-2.37E+01,2.65E+01,-5.52E+04,-7.50E+03,3.89E+03
5.64600E+00,1.13E+04,-1.75E+01,-1.98E+01,2.65E+01,-5.52E+04,-7.48E+03,2.41E+04
5.64800E+00,1.13E+04,-2.20E+01,-1.46E+01,2.64E+01,-5.52E+04,-7.42E+03,2.43E+04
5.65000E+00,1.13E+04,-2.49E+01,-8.48E+00,2.63E+01,-5.52E+04,-7.36E+03,7.53E+03
5.65200E+00,1.13E+04,-2.61E+01,-1.87E+00,2.61E+01,-5.53E+04,-7.39E+03,-2.97E+04
5.65400E+00,1.13E+04,-2.55E+01,4.83E+00,2.59E+01,-5.53E+04,-7.48E+03,-4.73E+04
5.65600E+00,1.13E+04,-2.30E+01,1.11E+01,2.55E+01,-5.53E+04,-7.59E+03,-5.63E+04
5.65800E+00,1.13E+04,-1.89E+01,1.65E+01,2.51E+01,-5.53E+04,-7.70E+03,-6.99E+04
5.66000E+00,1.13E+04,-1.36E+01,2.06E+01,2.47E+01,-5.53E+04,-7.86E+03,-8.14E+04
5.66200E+00,1.13E+04,-7.32E+00,2.33E+01,2.44E+01,-5.53E+04,-8.04E+03,-7.04E+04
5.66400E+00,1.13E+04,-5.22E-01,2.42E+01,2.42E+01,-5.53E+04,-8.15E+03,-2.27E+04
5.66600E+00,1.13E+04,6.30E+00,2.33E+01,2.41E+01,-5.54E+04,-8.14E+03,1.63E+04
5.66800E+00,1.13E+04,1.26E+01,2.07E+01,2.43E+01,-5.54E+04,-8.06E+03,5.69E+04
5.67000E+00,1.13E+04,1.81E+01,1.66E+01,2.46E+01,-5.54E+04,-7.93E+03,7.90E+04
5.67200E+00,1.13E+04,2.22E+01,1.13E+01,2.49E+01,-5.54E+04,-7.73E+03,8.81E+04
5.67400E+00,1.13E+04,2.48E+01,5.13E+00,2.53E+01,-5.54E+04,-7.58E+03,8.02E+04
5.67600E+00,1.14E+04,2.57E+01,-1.49E+00,2.57E+01,-5.54E+04,-7.41E+03,5.65E+04
5.67800E+00,1.14E+04,2.47E+01,-8.00E+00,2.59E+01,-5.55E+04,-7.33E+03,2.24E+04
5.68000E+00,1.14E+04,2.20E+01,-1.41E+01,2.62E+01,-5.55E+04,-7.34E+03,1.52E+04
5.68200E+00,1.14E+04,1.79E+01,-1.94E+01,2.64E+01,-5.55E+04,-7.28E+03,1.95E+04
5.68400E+00,1.14E+04,1.26E+01,-2.34E+01,2.66E+01,-5.55E+04,-7.24E+03,-3.92E+03
5.68600E+00,1.14E+04,6.31E+00,-2.59E+01,2.67E+01,-5.55E+04,-7.30E+03,-1.92E+04
5.68800E+00,1.14E+04,-4.55E-01,-2.67E+01,2.67E+01,-5.55E+04,-7.33E+03,-2.33E+04
5.69000E+00,1.14E+04,-7.15E+00,-2.56E+01,2.66E+01,-5.55E+04,-7.38E+03,-2.23E+04
5.69200E+00,1.14E+04,-1.35E+01,-2.28E+01,2.65E+01,-5.56E+04,-7.44E+03,-3.02E+03
5.69400E+00,1.14E+04,-1.88E+01,-1.86E+01,2.64E+01,-5.56E+04,-7.39E+03,3.97E+04
5.69600E+00,1.14E+04,-2.29E+01,-1.32E+01,2.65E+01,-5.56E+04,-7.28E+03,3.82E+04
5.69800E+00,1.14E+04,-2.53E+01,-7.04E+00,2.63E+01,-5.56E+04,-7.22E+03,-2.21E+03
5.70000E+00,1.14E+04,-2.60E+01,-4.84E-01,2.60E+01,-5.56E+04,-7.29E+03,-3.42E+04
5.70200E+00,1.14E+04,-2.51E+01,6.08E+00,2.58E+01,-5.56E+04,-7.37E+03,-5.19E+04
5.70400E+00,1.14E+04,-2.24E+01,1.21E+01,2.55E+01,-5.56E+04,-7.48E+03,-6.01E+04
5.70600E+00,1.14E+04,-1.81E+01,1.72E+01,2.50E+01,-5.57E+04,-7.62E+03,-7.57E+04
5.70800E+00,1.14E+04,-1.27E+01,2.11E+01,2.47E+01,-5.57E+04,-7.77E+03,-7.59E+04
5.71000E+00,1.14E+04,-6.45E+00,2.35E+01,2.44E+01,-5.57E+04,-7.94E+03,-5.84E+04
5.71200E+00,1.14E+04,2.81E-01,2.42E+01,2.42E+01,-5.57E+04,-8.01E+03,-1.71E+04
5.71400E+00,1.14E+04,6.94E+00,2.31E+01,2.42E+01,-5.57E+04,-8.00E+03,1.99E+04
5.71600E+00,1.14E+04,1.31E+01,2.04E+01,2.43E+01,-5.57E+04,-7.93E+03,6.32E+04
5.71800E+00,1.14E+04,1.84E+01,1.63E+01,2.46E+01,-5.58E+04,-7.75E+03,7.88E+04
5.72000E+00,1.14E+04,2.23E+01,1.10E+01,2.49E+01,-5.58E+04,-7.59E+03,6.96E+04
5.72200E+00,1.14E+04,2.48E+01,4.90E+00,2.53E+01,-5.58E+04,-7.50E+03,6.94E+04
5.72400E+00,1.14E+04,2.56E+01,-1.64E+00,2.57E+01,-5.58E+04,-7.32E+03,6.20E+04
5.72600E+00,1.15E+04,2.46E+01,-8.05E+00,2.59E+01,-5.58E+04,-7.22E+03,3.09E+04
5.72800E+00,1.15E+04,2.21E+01,-1.41E+01,2.62E+01,-5.58E+04,-7.22E+03,1.70E+04
5.73000E+00,1.15E+04,1.80E+01,-1.93E+01,2.64E+01,-5.58E+04,-7.15E+03,1.32E+04
5.73200E+00,1.15E+04,1.28E+01,-2.32E+01,2.65E+01,-5.59E+04,-7.15E+03,-1.10E+04
5.73400E+00,1.15E+04,6.64E+00,-2.58E+01,2.66E+01,-5.59E+04,-7.21E+03,-2.52E+04
5.73600E+00,1.15E+04,-9.33E-03,-2.66E+01,2.66E+01,-5.59E+04,-7.25E+03,-3.05E+04
5.73800E+00,1.15E+04,-6.66E+00,-2.57E+01,2.65E+01,-5.59E+04,-7.33E+03,-1.17E+04
5.74000E+00,1.15E+04,-1.30E+01,-2.31E+01,2.65E+01,-5.59E+04,-7.32E+03,2.32E+04
5.74200E+00,1.15E+04,-1.83E+01,-1.91E+01,2.64E+01,-5.59E+04,-7.21E+03,3.53E+04
5.74400E+00,1.15E+04,-2.24E+01,-1.39E+01,2.64E+01,-5.59E+04,-7.17E+03,1.90E+04
5.74600E+00,1.15E+04,-2.51E+01,-7.90E+00,2.63E+01,-5.60E+04,-7.15E+03,3.68E+03
5.74800E+00,1.15E+04,-2.61E+01,-1.47E+00,2.61E+01,-5.60E+04,-7.15E+03,-2.37E+04
5.75000E+00,1.15E+04,-2.54E+01,4.99E+00,2.59E+01,-5.60E+04,-7.25E+03,-5.02E+04
5.75200E+00,1.15E+04,-2.31E+01,1.11E+01,2.56E+01,-5.60E+04,-7.36E+03,-5.42E+04
5.75400E+00,1.15E+04,-1.91E+01,1.64E+01,2.52E+01,-5.60E+04,-7.46E+03,-6.12E+04
5.75600E+00,1.15E+04,-1.40E+01,2.05E+01,2.48E+01,-5.60E+04,-7.60E+03,-7.48E+04
5.75800E+00,1.15E+04,-7.99E+00,2.31E+01,2.45E+01,-5.61E+04,-7.76E+03,-6.19E+04
5.76000E+00,1.15E+04,-1.44E+00,2.43E+01,2.43E+01,-5.61E+04,-7.85E+03,-3.91E+04
5.76200E+00,1.15E+04,5.18E+00,2.36E+01,2.42E+01,-5.61E+04,-7.91E+03,-1.29E+03
5.76400E+00,1.15E+04,1.15E+01,2.13E+01,2.42E+01,-5.61E+04,-7.88E+03,5.60E+04
5.76600E+00,1.15E+04,1.70E+01,1.77E+01,2.45E+01,-5.61E+04,-7.68E+03,8.95E+04
5.76800E+00,1.15E+04,2.12E+01,1.28E+01,2.47E+01,-5.61E+04,-7.50E+03,6.18E+04
5.77000E+00,1.15E+04,2.42E+01,7.01E+00,2.52E+01,-5.61E+04,-7.44E+03,6.22E+04
5.77200E+00,1.15E+04,2.56E+01,5.81E-01,2.56E+01,-5.62E+04,-7.27E+03,6.77E+04
5.77400E+00,1.15E+04,2.53E+01,-5.80E+00,2.59E+01,-5.62E+04,-7.12E+03,3.95E+04
5.77600E+00,1.16E+04,2.32E+01,-1.19E+01,2.61E+01,-5.62E+04,-7.14E+03,1.76E+04
5.77800E+00,1.16E+04,1.98E+01,-1.75E+01,2.64E+01,-5.62E+04,-7.07E+03,2.15E+04
5.78000E+00,1.16E+04,1.51E+01,-2.19E+01,2.65E+01,-5.62E+04,-7.02E+03,-1.09E+02
5.78200E+00,1.16E+04,9.30E+00,-2.50E+01,2.66E+01,-5.62E+04,-7.09E+03,-2.55E+04
5.78400E+00,1.16E+04,2.88E+00,-2.65E+01,2.66E+01,-5.62E+04,-7.12E+03,-1.42E+04
5.78600E+00,1.16E+04,-3.73E+00,-2.63E+01,2.66E+01,-5.63E+04,-7.14E+03,-2.23E+04
5.78800E+00,1.16E+04,-1.01E+01,-2.45E+01,2.65E+01,-5.63E+04,-7.21E+03,1.03E+04
5.79000E+00,1.16E+04,-1.59E+01,-2.12E+01,2.65E+01,-5.63E+04,-7.13E+03,2.27E+04
5.79200E+00,1.16E+04,-2.05E+01,-1.67E+01,2.65E+01,-5.63E+04,-7.06E+03,2.59E+04
5.79400E+00,1.16E+04,-2.40E+01,-1.11E+01,2.64E+01,-5.63E+04,-7.07E+03,8.57E+03
5.79600E+00,1.16E+04,-2.59E+01,-4.94E+00,2.63E+01,-5.63E+04,-7.01E+03,-7.08E+03
5.79800E+00,1.16E+04,-2.60E+01,1.44E+00,2.61E+01,-5.63E+04,-7.09E+03,-3.76E+04
5.80000E+00,1.16E+04,-2.47E+01,7.80E+00,2.59E+01,-5.64E+04,-7.19E+03,-4.41E+04
5.80200E+00,1.16E+04,-2.16E+01,1.35E+01,2.55E+01,-5.64E+04,-7.24E+03,-3.87E+04
5.80400E+00,1.16E+04,-1.73E+01,1.82E+01,2.51E+01,-5.64E+04,-7.35E+03,-6.42E+04
5.80600E+00,1.16E+04,-1.18E+01,2.17E+01,2.47E+01,-5.64E+04,-7.50E+03,-8.93E+04
5.80800E+00,1.16E+04,-5.69E+00,2.37E+01,2.44E+01,-5.64E+04,-7.71E+03,-7.03E+04
5.81000E+00,1.16E+04,9.10E-01,2.42E+01,2.42E+01,-5.64E+04,-7.80E+03,-1.79E+04
5.81200E+00,1.16E+04,7.35E+00,2.30E+01,2.42E+01,-5.64E+04,-7.76E+03,2.83E+04
5.81400E+00,1.16E+04,1.33E+01,2.03E+01,2.43E+01,-5.65E+04,-7.69E+03,5.18E+04
5.81600E+00,1.16E+04,1.84E+01,1.63E+01,2.45E+01,-5.65E+04,-7.55E+03,6.14E+04
5.81800E+00,1.16E+04,2.22E+01,1.11E+01,2.48E+01,-5.65E+04,-7.43E+03,6.60E+04
5.82000E+00,1.16E+04,2.47E+01,5.16E+00,2.52E+01,-5.65E+04,-7.31E+03,7.57E+04
5.82200E+00,1.16E+04,2.55E+01,-1.18E+00,2.56E+01,-5.65E+04,-7.12E+03,6.21E+04
5.82400E+00,1.16E+04,2.48E+01,-7.45E+00,2.59E+01,-5.65E+04,-7.04E+03,3.84E+04
5.82600E+00,1.17E+04,2.25E+01,-1.34E+01,2.62E+01,-5.66E+04,-6.99E+03,2.54E+04
5.82800E+00,1.17E+04,1.88E+01,-1.86E+01,2.65E+01,-5.66E+04,-6.92E+03,1.70E+04
5.83000E+00,1.17E+04,1.39E+01,-2.27E+01,2.66E+01,-5.66E+04,-6.93E+03,5.51E+02
5.83200E+00,1.17E+04,8.07E+00,-2.54E+01,2.67E+01,-5.66E+04,-6.93E+03,-2.66E+04
5.83400E+00,1.17E+04,1.77E+00,-2.66E+01,2.67E+01,-5.66E+04,-7.01E+03,-3.66E+04
5.83600E+00,1.17E+04,-4.82E+00,-2.61E+01,2.66E+01,-5.66E+04,-7.11E+03,-8.51E+03
5.83800E+00,1.17E+04,-1.11E+01,-2.41E+01,2.65E+01,-5.66E+04,-7.04E+03,1.61E+04
5.84000E+00,1.17E+04,-1.65E+01,-2.07E+01,2.65E+01,-5.66E+04,-7.03E+03,3.27E+04
5.84200E+00,1.17E+04,-2.11E+01,-1.60E+01,2.65E+01,-5.67E+04,-6.95E+03,2.30E+04
5.84400E+00,1.17E+04,-2.42E+01,-1.06E+01,2.64E+01,-5.67E+04,-6.88E+03,6.92E+03
5.84600E+00,1.17E+04,-2.59E+01,-4.43E+00,2.63E+01,-5.67E+04,-6.95E+03,-2.46E+04
5.84800E+00,1.17E+04,-2.60E+01,1.91E+00,2.61E+01,-5.67E+04,-6.97E+03,-3.23E+04
5.85000E+00,1.17E+04,-2.45E+01,8.04E+00,2.58E+01,-5.67E+04,-7.07E+03,-5.34E+04
5.85200E+00,1.17E+04,-2.14E+01,1.36E+01,2.54E+01,-5.67E+04,-7.20E+03,-5.13E+04
5.85400E+00,1.17E+04,-1.71E+01,1.83E+01,2.50E+01,-5.67E+04,-7.27E+03,-5.00E+04
5.85600E+00,1.17E+04,-1.17E+01,2.17E+01,2.46E+01,-5.68E+04,-7.39E+03,-7.94E+04
5.85800E+00,1.17E+04,-5.66E+00,2.37E+01,2.43E+01,-5.68E+04,-7.60E+03,-6.49E+04
5.86000E+00,1.17E+04,8.27E-01,2.42E+01,2.42E+01,-5.68E+04,-7.67E+03,-1.86E+04
5.86200E+00,1.17E+04,7.16E+00,2.31E+01,2.41E+01,-5.68E+04,-7.64E+03,1.83E+04
5.86400E+00,1.17E+04,1.30E+01,2.04E+01,2.43E+01,-5.68E+04,-7.61E+03,3.63E+04
5.86600E+00,1.17E+04,1.81E+01,1.65E+01,2.45E+01,-5.68E+04,-7.50E+03,6.60E+04
5.86800E+00,1.17E+04,2.20E+01,1.15E+01,2.48E+01,-5.69E+04,-7.34E+03,7.95E+04
5.87000E+00,1.17E+04,2.47E+01,5.66E+00,2.53E+01,-5.69E+04,-7.18E+03,8.85E+04
5.87200E+00,1.17E+04,2.56E+01,-5.65E-01,2.56E+01,-5.69E+04,-6.99E+03,6.34E+04
5.87400E+00,1.17E+04,2.51E+01,-6.74E+00,2.60E+01,-5.69E+04,-6.91E+03,4.05E+04
5.87600E+00,1.18E+04,2.30E+01,-1.27E+01,2.62E+01,-5.69E+04,-6.86E+03,2.55E+04
5.87800E+00,1.18E+04,1.95E+01,-1.79E+01,2.65E+01,-5.69E+04,-6.78E+03,1.70E+04
5.88000E+00,1.18E+04,1.49E+01,-2.21E+01,2.67E+01,-5.69E+04,-6.80E+03,-1.36E+04
5.88200E+00,1.18E+04,9.29E+00,-2.51E+01,2.67E+01,-5.69E+04,-6.84E+03,-2.28E+04
5.88400E+00,1.18E+04,3.07E+00,-2.65E+01,2.67E+01,-5.70E+04,-6.89E+03,-1.76E+04
5.88600E+00,1.18E+04,-3.35E+00,-2.64E+01,2.66E+01,-5.70E+04,-6.92E+03,-1.53E+04
5.88800E+00,1.18E+04,-9.53E+00,-2.48E+01,2.65E+01,-5.70E+04,-6.94E+03,-3.34E+03
5.89000E+00,1.18E+04,-1.52E+01,-2.17E+01,2.65E+01,-5.70E+04,-6.94E+03,2.60E+04
5.89200E+00,1.18E+04,-1.99E+01,-1.74E+01,2.64E+01,-5.70E+04,-6.84E+03,3.67E+04
5.89400E+00,1.18E+04,-2.35E+01,-1.23E+01,2.65E+01,-5.70E+04,-6.77E+03,5.36E+03
5.89600E+00,1.18E+04,-2.55E+01,-6.39E+00,2.63E+01,-5.70E+04,-6.82E+03,-3.30E+04
5.89800E+00,1.18E+04,-2.61E+01,-1.63E-01,2.61E+01,-5.71E+04,-6.91E+03,-4.19E+04
5.90000E+00,1.18E+04,-2.51E+01,6.06E+00,2.59E+01,-5.71E+04,-6.99E+03,-3.35E+04
5.90200E+00,1.18E+04,-2.27E+01,1.19E+01,2.56E+01,-5.71E+04,-7.05E+03,-3.36E+04
5.90400E+00,1.18E+04,-1.88E+01,1.68E+01,2.52E+01,-5.71E+04,-7.12E+03,-5.27E+04
5.90600E+00,1.18E+04,-1.39E+01,2.06E+01,2.49E+01,-5.71E+04,-7.26E+03,-6.25E+04
5.90800E+00,1.18E+04,-8.07E+00,2.31E+01,2.45E+01,-5.71E+04,-7.38E+03,-6.87E+04
5.91000E+00,1.18E+04,-1.86E+00,2.42E+01,2.43E+01,-5.71E+04,-7.52E+03,-3.62E+04
5.91200E+00,1.18E+04,4.55E+00,2.38E+01,2.42E+01,-5.72E+04,-7.56E+03,-1.87E+03
5.91400E+00,1.18E+04,1.06E+01,2.18E+01,2.42E+01,-5.72E+04,-7.49E+03,4.81E+04
5.91600E+00,1.18E+04,1.60E+01,1.85E+01,2.44E+01,-5.72E+04,-7.39E+03,3.91E+04
5.91800E+00,1.18E+04,2.04E+01,1.41E+01,2.47E+01,-5.72E+04,-7.30E+03,8.10E+04
5.92000E+00,1.18E+04,2.36E+01,8.58E+00,2.51E+01,-5.72E+04,-7.11E+03,7.19E+04
5.92200E+00,1.18E+04,2.53E+01,2.72E+00,2.54E+01,-5.72E+04,-6.95E+03,7.41E+04
5.92400E+00,1.18E+04,2.56E+01,-3.52E+00,2.59E+01,-5.72E+04,-6.88E+03,3.24E+04
5.92600E+00,1.19E+04,2.43E+01,-9.51E+00,2.61E+01,-5.73E+04,-6.78E+03,4.79E+04
5.92800E+00,1.19E+04,2.16E+01,-1.51E+01,2.64E+01,-5.73E+04,-6.72E+03,1.78E+04
5.93000E+00,1.19E+04,1.77E+01,-1.98E+01,2.65E+01,-5.73E+04,-6.68E+03,3.65E+03
5.93200E+00,1.19E+04,1.27E+01,-2.35E+01,2.67E+01,-5.73E+04,-6.72E+03,-1.59E+04
5.93400E+00,1.19E+04,6.86E+00,-2.58E+01,2.67E+01,-5.73E+04,-6.74E+03,-2.95E+04
5.93600E+00,1.19E+04,6.51E-01,-2.66E+01,2.66E+01,-5.73E+04,-6.83E+03,-3.58E+04
5.93800E+00,1.19E+04,-5.70E+00,-2.59E+01,2.65E+01,-5.73E+04,-6.90E+03,-2.21E+04
5.94000E+00,1.19E+04,-1.17E+01,-2.37E+01,2.64E+01,-5.74E+04,-6.90E+03,2.90E+04
5.94200E+00,1.19E+04,-1.70E+01,-2.02E+01,2.64E+01,-5.74E+04,-6.81E+03,5.25E+04
5.94400E+00,1.19E+04,-2.12E+01,-1.57E+01,2.64E+01,-5.74E+04,-6.67E+03,2.68E+04
5.94600E+00,1.19E+04,-2.42E+01,-1.04E+01,2.64E+01,-5.74E+04,-6.69E+03,-1.27E+04
5.94800E+00,1.19E+04,-2.59E+01,-4.46E+00,2.62E+01,-5.74E+04,-6.74E+03,-2.77E+04
5.95000E+00,1.19E+04,-2.60E+01,1.67E+00,2.60E+01,-5.74E+04,-6.78E+03,-2.57E+04
5.95200E+00,1.19E+04,-2.47E+01,7.72E+00,2.59E+01,-5.74E+04,-6.86E+03,-3.70E+04
5.95400E+00,1.19E+04,-2.19E+01,1.32E+01,2.55E+01,-5.75E+04,-6.92E+03,-3.57E+04
5.95600E+00,1.19E+04,-1.78E+01,1.78E+01,2.52E+01,-5.75E+04,-7.01E+03,-5.32E+04
5.95800E+00,1.19E+04,-1.27E+01,2.13E+01,2.48E+01,-5.75E+04,-7.13E+03,-6.94E+04
5.96000E+00,1.19E+04,-6.93E+00,2.35E+01,2.45E+01,-5.75E+04,-7.29E+03,-7.34E+04
5.96200E+00,1.19E+04,-7.15E-01,2.43E+01,2.43E+01,-5.75E+04,-7.43E+03,-4.40E+04
5.96400E+00,1.19E+04,5.55E+00,2.35E+01,2.42E+01,-5.75E+04,-7.47E+03,1.57E+03
5.96600E+00,1.19E+04,1.14E+01,2.13E+01,2.42E+01,-5.75E+04,-7.42E+03,4.15E+04
5.96800E+00,1.19E+04,1.66E+01,1.79E+01,2.44E+01,-5.76E+04,-7.30E+03,7.14E+04
5.97000E+00,1.19E+04,2.08E+01,1.33E+01,2.47E+01,-5.76E+04,-7.14E+03,8.72E+04
5.97200E+00,1.19E+04,2.38E+01,7.97E+00,2.51E+01,-5.76E+04,-6.95E+03,6.39E+04
5.97400E+00,1.19E+04,2.54E+01,2.13E+00,2.55E+01,-5.76E+04,-6.87E+03,5.67E+04
5.97600E+00,1.20E+04,2.55E+01,-4.02E+00,2.58E+01,-5.76E+04,-6.75E+03,4.52E+04
5.97800E+00,1.20E+04,2.42E+01,-9.87E+00,2.61E+01,-5.76E+04,-6.65E+03,4.35E+04
5.98000E+00,1.20E+04,2.15E+01,-1.54E+01,2.64E+01,-5.76E+04,-6.61E+03,1.19E+04
5.98200E+00,1.20E+04,1.76E+01,-2.00E+01,2.66E+01,-5.76E+04,-6.58E+03,3.59E+03
5.98400E+00,1.20E+04,1.26E+01,-2.35E+01,2.67E+01,-5.77E+04,-6.61E+03,-1.55E+04
5.98600E+00,1.20E+04,6.86E+00,-2.58E+01,2.67E+01,-5.77E+04,-6.63E+03,-2.51E+04
5.98800E+00,1.20E+04,7.42E-01,-2.66E+01,2.66E+01,-5.77E+04,-6.71E+03,-2.85E+04
5.99000E+00,1.20E+04,-5.48E+00,-2.59E+01,2.65E+01,-5.77E+04,-6.76E+03,-2.12E+04
5.99200E+00,1.20E+04,-1.14E+01,-2.39E+01,2.64E+01,-5.77E+04,-6.78E+03,2.25E+03
5.99400E+00,1.20E+04,-1.66E+01,-2.05E+01,2.63E+01,-5.77E+04,-6.76E+03,2.94E+04
5.99600E+00,1.20E+04,-2.10E+01,-1.61E+01,2.64E+01,-5.77E+04,-6.66E+03,2.95E+04
5.99800E+00,1.20E+04,-2.41E+01,-1.09E+01,2.64E+01,-5.78E+04,-6.63E+03,1.34E+04
6.00000E+00,1.20E+04,-2.58E+01,-5.01E+00,2.63E+01,-5.78E+04,-6.63E+03,-1.77E+04
6.00200E+00,1.20E+04,-2.61E+01,1.01E+00,2.61E+01,-5.78E+04,-6.67E+03,-2.03E+04
6.00400E+00,1.20E+04,-2.49E+01,7.01E+00,2.59E+01,-5.78E+04,-6.74E+03,-3.07E+04
6.00600E+00,1.20E+04,-2.23E+01,1.24E+01,2.55E+01,-5.78E+04,-6.78E+03,-4.01E+04
6.00800E+00,1.20E+04,-1.85E+01,1.71E+01,2.52E+01,-5.78E+04,-6.90E+03,-6.19E+04
6.01000E+00,1.20E+04,-1.36E+01,2.08E+01,2.49E+01,-5.78E+04,-7.03E+03,-5.95E+04
6.01200E+00,1.20E+04,-8.02E+00,2.32E+01,2.46E+01,-5.79E+04,-7.14E+03,-5.44E+04
6.01400E+00,1.20E+04,-1.98E+00,2.43E+01,2.44E+01,-5.79E+04,-7.25E+03,-3.01E+04
6.01600E+00,1.20E+04,4.19E+00,2.39E+01,2.42E+01,-5.79E+04,-7.27E+03,-6.54E+03
6.01800E+00,1.20E+04,1.00E+01,2.21E+01,2.43E+01,-5.79E+04,-7.25E+03,2.25E+04
6.02000E+00,1.20E+04,1.54E+01,1.90E+01,2.44E+01,-5.79E+04,-7.20E+03,3.88E+04
6.02200E+00,1.20E+04,1.97E+01,1.47E+01,2.46E+01,-5.79E+04,-7.08E+03,6.82E+04
6.02400E+00,1.20E+04,2.31E+01,9.67E+00,2.50E+01,-5.79E+04,-6.94E+03,6.56E+04
6.02600E+00,1.21E+04,2.50E+01,3.97E+00,2.53E+01,-5.80E+04,-6.81E+03,6.99E+04
6.02800E+00,1.21E+04,2.56E+01,-2.03E+00,2.57E+01,-5.80E+04,-6.67E+03,5.43E+04
6.03000E+00,1.21E+04,2.48E+01,-7.90E+00,2.60E+01,-5.80E+04,-6.57E+03,4.00E+04
6.03200E+00,1.21E+04,2.26E+01,-1.35E+01,2.63E+01,-5.80E+04,-6.53E+03,1.66E+04
6.03400E+00,1.21E+04,1.91E+01,-1.83E+01,2.65E+01,-5.80E+04,-6.50E+03,5.62E+03
6.03600E+00,1.21E+04,1.46E+01,-2.23E+01,2.66E+01,-5.80E+04,-6.51E+03,-1.28E+04
6.03800E+00,1.21E+04,9.18E+00,-2.50E+01,2.66E+01,-5.80E+04,-6.55E+03,-2.94E+04
6.04000E+00,1.21E+04,3.24E+00,-2.63E+01,2.65E+01,-5.80E+04,-6.62E+03,-2.75E+04
6.04200E+00,1.21E+04,-2.92E+00,-2.64E+01,2.65E+01,-5.81E+04,-6.67E+03,-1.13E+04
6.04400E+00,1.21E+04,-8.90E+00,-2.49E+01,2.64E+01,-5.81E+04,-6.66E+03,-1.03E+03
6.04600E+00,1.21E+04,-1.44E+01,-2.22E+01,2.64E+01,-5.81E+04,-6.67E+03,2.31E+04
6.04800E+00,1.21E+04,-1.91E+01,-1.82E+01,2.64E+01,-5.81E+04,-6.59E+03,3.27E+04
6.05000E+00,1.21E+04,-2.27E+01,-1.35E+01,2.64E+01,-5.81E+04,-6.51E+03,2.48E+04
6.05200E+00,1.21E+04,-2.52E+01,-7.99E+00,2.64E+01,-5.81E+04,-6.51E+03,-2.13E+04
6.05400E+00,1.21E+04,-2.62E+01,-2.12E+00,2.63E+01,-5.81E+04,-6.57E+03,-1.54E+04
6.05600E+00,1.21E+04,-2.58E+01,3.94E+00,2.61E+01,-5.81E+04,-6.60E+03,-1.04E+04
6.05800E+00,1.21E+04,-2.40E+01,9.58E+00,2.58E+01,-5.82E+04,-6.59E+03,-1.52E+04
6.06000E+00,1.21E+04,-2.09E+01,1.46E+01,2.55E+01,-5.82E+04,-6.67E+03,-5.60E+04
6.06200E+00,1.21E+04,-1.67E+01,1.88E+01,2.52E+01,-5.82E+04,-6.81E+03,-6.93E+04
6.06400E+00,1.21E+04,-1.16E+01,2.20E+01,2.49E+01,-5.82E+04,-6.96E+03,-6.08E+04
6.06600E+00,1.21E+04,-5.81E+00,2.38E+01,2.45E+01,-5.82E+04,-7.06E+03,-4.99E+04
6.06800E+00,1.21E+04,2.00E-01,2.43E+01,2.43E+01,-5.82E+04,-7.15E+03,-3.01E+04
6.07000E+00,1.21E+04,6.22E+00,2.34E+01,2.42E+01,-5.82E+04,-7.19E+03,3.08E+03
6.07200E+00,1.21E+04,1.18E+01,2.12E+01,2.43E+01,-5.83E+04,-7.13E+03,2.29E+04
6.07400E+00,1.21E+04,1.68E+01,1.77E+01,2.44E+01,-5.83E+04,-7.09E+03,4.56E+04
6.07600E+00,1.22E+04,2.09E+01,1.32E+01,2.47E+01,-5.83E+04,-6.97E+03,7.24E+04
6.07800E+00,1.22E+04,2.38E+01,8.05E+00,2.51E+01,-5.83E+04,-6.77E+03,6.94E+04
6.08000E+00,1.22E+04,2.54E+01,2.37E+00,2.55E+01,-5.83E+04,-6.69E+03,6.01E+04
6.08200E+00,1.22E+04,2.56E+01,-3.61E+00,2.58E+01,-5.83E+04,-6.56E+03,5.23E+04
6.08400E+00,1.22E+04,2.43E+01,-9.30E+00,2.61E+01,-5.83E+04,-6.44E+03,4.54E+04
6.08600E+00,1.22E+04,2.19E+01,-1.46E+01,2.63E+01,-5.84E+04,-6.40E+03,8.19E+03
6.08800E+00,1.22E+04,1.82E+01,-1.92E+01,2.65E+01,-5.84E+04,-6.39E+03,-5.03E+03
6.09000E+00,1.22E+04,1.35E+01,-2.29E+01,2.66E+01,-5.84E+04,-6.44E+03,-1.65E+04
6.09200E+00,1.22E+04,8.09E+00,-2.53E+01,2.66E+01,-5.84E+04,-6.46E+03,-2.56E+04
6.09400E+00,1.22E+04,2.22E+00,-2.65E+01,2.65E+01,-5.84E+04,-6.53E+03,-1.84E+04
6.09600E+00,1.22E+04,-3.87E+00,-2.62E+01,2.65E+01,-5.84E+04,-6.56E+03,-1.35E+04
6.09800E+00,1.22E+04,-9.65E+00,-2.46E+01,2.64E+01,-5.84E+04,-6.56E+03,1.70E+04
6.10000E+00,1.22E+04,-1.50E+01,-2.17E+01,2.64E+01,-5.84E+04,-6.52E+03,1.19E+04
6.10200E+00,1.22E+04,-1.95E+01,-1.79E+01,2.65E+01,-5.85E+04,-6.47E+03,3.08E+04
6.10400E+00,1.22E+04,-2.30E+01,-1.30E+01,2.64E+01,-5.85E+04,-6.43E+03,1.37E+04
6.10600E+00,1.22E+04,-2.52E+01,-7.61E+00,2.64E+01,-5.85E+04,-6.39E+03,-6.97E+03
6.10800E+00,1.22E+04,-2.62E+01,-1.80E+00,2.62E+01,-5.85E+04,-6.47E+03,-2.25E+04
6.11000E+00,1.22E+04,-2.58E+01,4.14E+00,2.61E+01,-5.85E+04,-6.49E+03,-6.78E+03
6.11200E+00,1.22E+04,-2.39E+01,9.69E+00,2.58E+01,-5.85E+04,-6.48E+03,-1.45E+04
6.11400E+00,1.22E+04,-2.09E+01,1.47E+01,2.55E+01,-5.85E+04,-6.55E+03,-5.01E+04
6.11600E+00,1.22E+04,-1.68E+01,1.88E+01,2.52E+01,-5.85E+04,-6.68E+03,-7.30E+04
6.11800E+00,1.22E+04,-1.18E+01,2.19E+01,2.48E+01,-5.86E+04,-6.85E+03,-6.86E+04
6.12000E+00,1.22E+04,-6.10E+00,2.38E+01,2.46E+01,-5.86E+04,-6.96E+03,-5.55E+04
6.12200E+00,1.22E+04,-1.70E-01,2.44E+01,2.44E+01,-5.86E+04,-7.06E+03,-3.02E+04
6.12400E+00,1.22E+04,5.79E+00,2.35E+01,2.42E+01,-5.86E+04,-7.10E+03,3.74E+03
6.12600E+00,1.23E+04,1.14E+01,2.14E+01,2.43E+01,-5.86E+04,-7.03E+03,3.78E+04
6.12800E+00,1.23E+04,1.63E+01,1.82E+01,2.44E+01,-5.86E+04,-6.94E+03,5.65E+04
6.13000E+00,1.23E+04,2.04E+01,1.38E+01,2.46E+01,-5.86E+04,-6.82E+03,4.81E+04
6.13200E+00,1.23E+04,2.33E+01,8.85E+00,2.50E+01,-5.87E+04,-6.73E+03,4.19E+04
6.13400E+00,1.23E+04,2.51E+01,3.22E+00,2.53E+01,-5.87E+04,-6.67E+03,6.30E+04
6.13600E+00,1.23E+04,2.56E+01,-2.65E+00,2.57E+01,-5.87E+04,-6.48E+03,7.02E+04
6.13800E+00,1.23E+04,2.47E+01,-8.32E+00,2.61E+01,-5.87E+04,-6.36E+03,5.13E+04
6.14000E+00,1.23E+04,2.25E+01,-1.37E+01,2.63E+01,-5.87E+04,-6.30E+03,1.91E+04
6.14200E+00,1.23E+04,1.91E+01,-1.84E+01,2.65E+01,-5.87E+04,-6.26E+03,4.38E+03
6.14400E+00,1.23E+04,1.47E+01,-2.22E+01,2.66E+01,-5.87E+04,-6.30E+03,-1.37E+04
6.14600E+00,1.23E+04,9.54E+00,-2.49E+01,2.67E+01,-5.87E+04,-6.32E+03,-1.90E+04
6.14800E+00,1.23E+04,3.86E+00,-2.63E+01,2.66E+01,-5.88E+04,-6.37E+03,-3.13E+04
6.15000E+00,1.23E+04,-2.08E+00,-2.65E+01,2.66E+01,-5.88E+04,-6.45E+03,-2.32E+04
6.15200E+00,1.23E+04,-7.95E+00,-2.53E+01,2.65E+01,-5.88E+04,-6.47E+03,-6.89E+03
6.15400E+00,1.23E+04,-1.34E+01,-2.28E+01,2.64E+01,-5.88E+04,-6.46E+03,1.70E+04
6.15600E+00,1.23E+04,-1.81E+01,-1.92E+01,2.64E+01,-5.88E+04,-6.42E+03,3.78E+04
6.15800E+00,1.23E+04,-2.19E+01,-1.48E+01,2.64E+01,-5.88E+04,-6.30E+03,1.79E+04
6.16000E+00,1.23E+04,-2.46E+01,-9.67E+00,2.64E+01,-5.88E+04,-6.33E+03,-1.02E+04
6.16200E+00,1.23E+04,-2.60E+01,-3.96E+00,2.63E+01,-5.89E+04,-6.37E+03,-1.55E+04
6.16400E+00,1.23E+04,-2.61E+01,1.84E+00,2.62E+01,-5.89E+04,-6.37E+03,6.52E+02
6.16600E+00,1.23E+04,-2.48E+01,7.50E+00,2.59E+01,-5.89E+04,-6.38E+03,-1.71E+04
6.16800E+00,1.23E+04,-2.23E+01,1.26E+01,2.56E+01,-5.89E+04,-6.42E+03,-3.17E+04
6.17000E+00,1.23E+04,-1.87E+01,1.71E+01,2.54E+01,-5.89E+04,-6.52E+03,-5.91E+04
6.17200E+00,1.23E+04,-1.41E+01,2.06E+01,2.50E+01,-5.89E+04,-6.65E+03,-6.74E+04
6.17400E+00,1.23E+04,-8.79E+00,2.30E+01,2.47E+01,-5.89E+04,-6.80E+03,-6.73E+04
6.17600E+00,1.24E+04,-3.05E+00,2.42E+01,2.44E+01,-5.89E+04,-6.92E+03,-4.66E+04
6.17800E+00,1.24E+04,2.87E+00,2.41E+01,2.43E+01,-5.90E+04,-6.99E+03,-1.12E+04
6.18000E+00,1.24E+04,8.59E+00,2.26E+01,2.42E+01,-5.90E+04,-6.96E+03,1.72E+04
6.18200E+00,1.24E+04,1.38E+01,2.00E+01,2.43E+01,-5.90E+04,-6.91E+03,2.97E+04
6.18400E+00,1.24E+04,1.84E+01,1.63E+01,2.46E+01,-5.90E+04,-6.85E+03,5.46E+04
6.18600E+00,1.24E+04,2.19E+01,1.16E+01,2.48E+01,-5.90E+04,-6.70E+03,6.42E+04
6.18800E+00,1.24E+04,2.44E+01,6.43E+00,2.52E+01,-5.90E+04,-6.58E+03,7.43E+04
6.19000E+00,1.24E+04,2.55E+01,7.38E-01,2.55E+01,-5.90E+04,-6.43E+03,8.00E+04
6.19200E+00,1.24E+04,2.55E+01,-4.92E+00,2.59E+01,-5.91E+04,-6.23E+03,5.78E+04
6.19400E+00,1.24E+04,2.41E+01,-1.04E+01,2.62E+01,-5.91E+04,-6.19E+03,1.52E+04
6.19600E+00,1.24E+04,2.15E+01,-1.55E+01,2.65E+01,-5.91E+04,-6.19E+03,2.06E+03
6.19800E+00,1.24E+04,1.78E+01,-1.98E+01,2.67E+01,-5.91E+04,-6.17E+03,-3.30E+03
6.20000E+00,1.24E+04,1.32E+01,-2.32E+01,2.67E+01,-5.91E+04,-6.21E+03,-1.62E+04
6.20200E+00,1.24E+04,7.87E+00,-2.55E+01,2.67E+01,-5.91E+04,-6.24E+03,-2.80E+04
6.20400E+00,1.24E+04,2.16E+00,-2.65E+01,2.66E+01,-5.91E+04,-6.31E+03,-1.87E+04
6.20600E+00,1.24E+04,-3.73E+00,-2.63E+01,2.65E+01,-5.91E+04,-6.34E+03,-2.76E+04
6.20800E+00,1.24E+04,-9.34E+00,-2.47E+01,2.64E+01,-5.92E+04,-6.39E+03,-7.76E+03
6.21000E+00,1.24E+04,-1.46E+01,-2.20E+01,2.64E+01,-5.92E+04,-6.41E+03,3.34E+04
6.21200E+00,1.24E+04,-1.91E+01,-1.83E+01,2.64E+01,-5.92E+04,-6.24E+03,4.62E+04
6.21400E+00,1.24E+04,-2.26E+01,-1.38E+01,2.64E+01,-5.92E+04,-6.19E+03,3.20E+03
6.21600E+00,1.24E+04,-2.49E+01,-8.53E+00,2.63E+01,-5.92E+04,-6.26E+03,-1.85E+04
6.21800E+00,1.24E+04,-2.61E+01,-2.92E+00,2.63E+01,-5.92E+04,-6.26E+03,4.71E+03
6.22000E+00,1.24E+04,-2.61E+01,2.80E+00,2.62E+01,-5.92E+04,-6.24E+03,-1.05E+04
6.22200E+00,1.24E+04,-2.46E+01,8.26E+00,2.59E+01,-5.92E+04,-6.29E+03,-2.10E+04
6.22400E+00,1.24E+04,-2.19E+01,1.33E+01,2.57E+01,-5.93E+04,-6.35E+03,-4.32E+04
6.22600E+00,1.25E+04,-1.82E+01,1.76E+01,2.53E+01,-5.93E+04,-6.43E+03,-4.99E+04
6.22800E+00,1.25E+04,-1.36E+01,2.10E+01,2.50E+01,-5.93E+04,-6.57E+03,-6.14E+04
6.23000E+00,1.25E+04,-8.34E+00,2.32E+01,2.47E+01,-5.93E+04,-6.67E+03,-5.10E+04
6.23200E+00,1.25E+04,-2.68E+00,2.43E+01,2.44E+01,-5.93E+04,-6.78E+03,-5.02E+04
6.23400E+00,1.25E+04,3.11E+00,2.41E+01,2.43E+01,-5.93E+04,-6.87E+03,-1.63E+04
6.23600E+00,1.25E+04,8.75E+00,2.26E+01,2.42E+01,-5.93E+04,-6.86E+03,1.13E+04
6.23800E+00,1.25E+04,1.39E+01,2.00E+01,2.43E+01,-5.93E+04,-6.80E+03,3.82E+04
6.24000E+00,1.25E+04,1.83E+01,1.63E+01,2.45E+01,-5.94E+04,-6.72E+03,5.11E+04
6.24200E+00,1.25E+04,2.18E+01,1.17E+01,2.47E+01,-5.94E+04,-6.58E+03,5.63E+04
6.24400E+00,1.25E+04,2.43E+01,6.65E+00,2.52E+01,-5.94E+04,-6.50E+03,6.13E+04
6.24600E+00,1.25E+04,2.55E+01,1.04E+00,2.55E+01,-5.94E+04,-6.35E+03,8.50E+04
6.24800E+00,1.25E+04,2.56E+01,-4.57E+00,2.60E+01,-5.94E+04,-6.14E+03,5.84E+04
6.25000E+00,1.25E+04,2.42E+01,-9.90E+00,2.62E+01,-5.94E+04,-6.10E+03,1.94E+04
6.25200E+00,1.25E+04,2.18E+01,-1.50E+01,2.64E+01,-5.94E+04,-6.10E+03,8.51E+02
6.25400E+00,1.25E+04,1.82E+01,-1.93E+01,2.65E+01,-5.94E+04,-6.07E+03,5.53E+03
6.25600E+00,1.25E+04,1.38E+01,-2.28E+01,2.66E+01,-5.95E+04,-6.09E+03,-1.84E+04
6.25800E+00,1.25E+04,8.66E+00,-2.52E+01,2.66E+01,-5.95E+04,-6.14E+03,-2.30E+04
6.26000E+00,1.25E+04,3.07E+00,-2.64E+01,2.66E+01,-5.95E+04,-6.19E+03,-2.53E+04
6.26200E+00,1.25E+04,-2.67E+00,-2.64E+01,2.65E+01,-5.95E+04,-6.23E+03,-1.97E+04
6.26400E+00,1.25E+04,-8.29E+00,-2.51E+01,2.64E+01,-5.95E+04,-6.27E+03,-1.11E+04
6.26600E+00,1.25E+04,-1.35E+01,-2.27E+01,2.64E+01,-5.95E+04,-6.28E+03,9.51E+03
6.26800E+00,1.25E+04,-1.81E+01,-1.92E+01,2.64E+01,-5.95E+04,-6.23E+03,3.65E+04
6.27000E+00,1.25E+04,-2.18E+01,-1.48E+01,2.64E+01,-5.95E+04,-6.14E+03,2.55E+04
6.27200E+00,1.25E+04,-2.45E+01,-9.91E+00,2.64E+01,-5.96E+04,-6.12E+03,1.57E+03
6.27400E+00,1.25E+04,-2.59E+01,-4.43E+00,2.63E+01,-5.96E+04,-6.15E+03,-1.21E+04
6.27600E+00,1.26E+04,-2.62E+01,1.17E+00,2.62E+01,-5.96E+04,-6.15E+03,1.63E+02
6.27800E+00,1.26E+04,-2.51E+01,6.67E+00,2.60E+01,-5.96E+04,-6.15E+03,-1.88E+04
6.28000E+00,1.26E+04,-2.30E+01,1.18E+01,2.58E+01,-5.96E+04,-6.22E+03,-3.18E+04
6.28200E+00,1.26E+04,-1.96E+01,1.63E+01,2.55E+01,-5.96E+04,-6.30E+03,-4.41E+04
6.28400E+00,1.26E+04,-1.53E+01,1.99E+01,2.51E+01,-5.96E+04,-6.38E+03,-5.78E+04
6.28600E+00,1.26E+04,-1.04E+01,2.25E+01,2.48E+01,-5.96E+04,-6.53E+03,-7.25E+04
6.28800E+00,1.26E+04,-4.87E+00,2.40E+01,2.45E+01,-5.97E+04,-6.68E+03,-5.28E+04
6.29000E+00,1.26E+04,8.43E-01,2.43E+01,2.43E+01,-5.97E+04,-6.74E+03,-2.17E+04
6.29200E+00,1.26E+04,6.47E+00,2.33E+01,2.42E+01,-5.97E+04,-6.76E+03,1.48E+03
6.29400E+00,1.26E+04,1.18E+01,2.12E+01,2.42E+01,-5.97E+04,-6.74E+03,3.68E+04
6.29600E+00,1.26E+04,1.65E+01,1.80E+01,2.44E+01,-5.97E+04,-6.62E+03,5.55E+04
6.29800E+00,1.26E+04,2.04E+01,1.40E+01,2.47E+01,-5.97E+04,-6.50E+03,5.23E+04
6.30000E+00,1.26E+04,2.33E+01,9.19E+00,2.50E+01,-5.97E+04,-6.42E+03,4.68E+04
6.30200E+00,1.26E+04,2.50E+01,3.87E+00,2.53E+01,-5.98E+04,-6.31E+03,7.54E+04
6.30400E+00,1.26E+04,2.57E+01,-1.67E+00,2.58E+01,-5.98E+04,-6.13E+03,6.71E+04
6.30600E+00,1.26E+04,2.51E+01,-7.06E+00,2.60E+01,-5.98E+04,-6.02E+03,3.63E+04
6.30800E+00,1.26E+04,2.32E+01,-1.22E+01,2.63E+01,-5.98E+04,-6.01E+03,2.87E+03
6.31000E+00,1.26E+04,2.03E+01,-1.69E+01,2.65E+01,-5.98E+04,-6.00E+03,6.77E+03
6.31200E+00,1.26E+04,1.65E+01,-2.09E+01,2.66E+01,-5.98E+04,-5.99E+03,-3.30E+03
6.31400E+00,1.26E+04,1.18E+01,-2.39E+01,2.66E+01,-5.98E+04,-6.00E+03,-1.61E+04
6.31600E+00,1.26E+04,6.54E+00,-2.58E+01,2.66E+01,-5.98E+04,-6.06E+03,-3.27E+04
6.31800E+00,1.26E+04,9.57E-01,-2.65E+01,2.65E+01,-5.98E+04,-6.13E+03,-2.40E+04
6.32000E+00,1.26E+04,-4.71E+00,-2.60E+01,2.64E+01,-5.99E+04,-6.16E+03,-1.45E+04
6.32200E+00,1.26E+04,-1.01E+01,-2.43E+01,2.64E+01,-5.99E+04,-6.18E+03,5.01E+03
6.32400E+00,1.26E+04,-1.51E+01,-2.16E+01,2.64E+01,-5.99E+04,-6.15E+03,1.61E+04
6.32600E+00,1.27E+04,-1.94E+01,-1.79E+01,2.64E+01,-5.99E+04,-6.10E+03,3.12E+04
6.32800E+00,1.27E+04,-2.27E+01,-1.34E+01,2.64E+01,-5.99E+04,-6.04E+03,1.03E+04
6.33000E+00,1.27E+04,-2.49E+01,-8.42E+00,2.63E+01,-5.99E+04,-6.04E+03,1.55E+03
6.33200E+00,1.27E+04,-2.61E+01,-2.97E+00,2.63E+01,-5.99E+04,-6.06E+03,-6.09E+03
6.33400E+00,1.27E+04,-2.60E+01,2.54E+00,2.61E+01,-5.99E+04,-6.04E+03,8.72E+03
6.33600E+00,1.27E+04,-2.48E+01,7.92E+00,2.60E+01,-6.00E+04,-6.04E+03,-2.38E+04
6.33800E+00,1.27E+04,-2.24E+01,1.28E+01,2.57E+01,-6.00E+04,-6.11E+03,-4.09E+04
6.34000E+00,1.27E+04,-1.89E+01,1.71E+01,2.55E+01,-6.00E+04,-6.23E+03,-6.22E+04
6.34200E+00,1.27E+04,-1.45E+01,2.05E+01,2.51E+01,-6.00E+04,-6.34E+03,-5.17E+04
6.34400E+00,1.27E+04,-9.48E+00,2.29E+01,2.48E+01,-6.00E+04,-6.46E+03,-5.88E+04
6.34600E+00,1.27E+04,-4.05E+00,2.42E+01,2.45E+01,-6.00E+04,-6.56E+03,-3.57E+04
6.34800E+00,1.27E+04,1.59E+00,2.43E+01,2.43E+01,-6.00E+04,-6.62E+03,-1.27E+04
6.35000E+00,1.27E+04,7.08E+00,2.32E+01,2.43E+01,-6.00E+04,-6.60E+03,7.67E+03
6.35200E+00,1.27E+04,1.22E+01,2.10E+01,2.43E+01,-6.01E+04,-6.59E+03,-9.07E+03
6.35400E+00,1.27E+04,1.67E+01,1.78E+01,2.44E+01,-6.01E+04,-6.63E+03,5.05E+04
6.35600E+00,1.27E+04,2.07E+01,1.36E+01,2.47E+01,-6.01E+04,-6.43E+03,7.37E+04
6.35800E+00,1.27E+04,2.34E+01,8.95E+00,2.50E+01,-6.01E+04,-6.25E+03,6.61E+04
6.36000E+00,1.27E+04,2.52E+01,3.69E+00,2.55E+01,-6.01E+04,-6.23E+03,5.49E+04
6.36200E+00,1.27E+04,2.57E+01,-1.78E+00,2.58E+01,-6.01E+04,-6.02E+03,7.69E+04
6.36400E+00,1.27E+04,2.51E+01,-7.07E+00,2.61E+01,-6.01E+04,-5.90E+03,3.01E+04
6.36600E+00,1.27E+04,2.33E+01,-1.22E+01,2.63E+01,-6.01E+04,-5.92E+03,5.89E+03
6.36800E+00,1.27E+04,2.05E+01,-1.68E+01,2.65E+01,-6.02E+04,-5.88E+03,7.76E+03
6.37000E+00,1.27E+04,1.67E+01,-2.07E+01,2.66E+01,-6.02E+04,-5.87E+03,-6.06E+03
6.37200E+00,1.27E+04,1.21E+01,-2.37E+01,2.66E+01,-6.02E+04,-5.92E+03,-1.59E+04
6.37400E+00,1.27E+04,6.99E+00,-2.57E+01,2.66E+01,-6.02E+04,-5.93E+03,-3.05E+04
6.37600E+00,1.28E+04,1.57E+00,-2.65E+01,2.65E+01,-6.02E+04,-6.02E+03,-2.35E+04
6.37800E+00,1.28E+04,-4.07E+00,-2.61E+01,2.64E+01,-6.02E+04,-6.06E+03,-2.22E+04
6.38000E+00,1.28E+04,-9.39E+00,-2.46E+01,2.64E+01,-6.02E+04,-6.07E+03,-2.00E+03
6.38200E+00,1.28E+04,-1.44E+01,-2.21E+01,2.63E+01,-6.02E+04,-6.10E+03,8.69E+03
6.38400E+00,1.28E+04,-1.87E+01,-1.85E+01,2.63E+01,-6.03E+04,-6.03E+03,2.84E+04
6.38600E+00,1.28E+04,-2.22E+01,-1.43E+01,2.64E+01,-6.03E+04,-5.98E+03,2.08E+04
6.38800E+00,1.28E+04,-2.46E+01,-9.34E+00,2.63E+01,-6.03E+04,-5.95E+03,1.32E+04
6.39000E+00,1.28E+04,-2.60E+01,-4.10E+00,2.64E+01,-6.03E+04,-5.92E+03,5.46E+03
6.39200E+00,1.28E+04,-2.62E+01,1.32E+00,2.62E+01,-6.03E+04,-5.93E+03,-3.03E+03
6.39400E+00,1.28E+04,-2.52E+01,6.64E+00,2.60E+01,-6.03E+04,-5.94E+03,-1.36E+04
6.39600E+00,1.28E+04,-2.31E+01,1.16E+01,2.58E+01,-6.03E+04,-5.98E+03,-2.74E+04
6.39800E+00,1.28E+04,-2.00E+01,1.60E+01,2.56E+01,-6.03E+04,-6.06E+03,-4.78E+04
6.40000E+00,1.28E+04,-1.59E+01,1.96E+01,2.52E+01,-6.04E+04,-6.16E+03,-6.22E+04
6.40200E+00,1.28E+04,-1.12E+01,2.22E+01,2.49E+01,-6.04E+04,-6.31E+03,-6.18E+04
6.40400E+00,1.28E+04,-5.90E+00,2.38E+01,2.46E+01,-6.04E+04,-6.42E+03,-5.02E+04
6.40600E+00,1.28E+04,-4.29E-01,2.44E+01,2.44E+01,-6.04E+04,-6.50E+03,-2.26E+04
6.40800E+00,1.28E+04,5.08E+00,2.37E+01,2.42E+01,-6.04E+04,-6.52E+03,-3.49E+03
6.41000E+00,1.28E+04,1.03E+01,2.20E+01,2.42E+01,-6.04E+04,-6.50E+03,5.81E+03
6.41200E+00,1.28E+04,1.50E+01,1.92E+01,2.43E+01,-6.04E+04,-6.50E+03,2.72E+04
6.41400E+00,1.28E+04,1.91E+01,1.54E+01,2.45E+01,-6.04E+04,-6.40E+03,4.40E+04
6.41600E+00,1.28E+04,2.22E+01,1.10E+01,2.48E+01,-6.05E+04,-6.30E+03,6.33E+04
6.41800E+00,1.28E+04,2.44E+01,5.96E+00,2.51E+01,-6.05E+04,-6.18E+03,7.46E+04
6.42000E+00,1.28E+04,2.55E+01,7.08E-01,2.55E+01,-6.05E+04,-5.98E+03,9.18E+04
6.42200E+00,1.28E+04,2.56E+01,-4.60E+00,2.60E+01,-6.05E+04,-5.82E+03,4.18E+04
6.42400E+00,1.28E+04,2.44E+01,-9.70E+00,2.62E+01,-6.05E+04,-5.79E+03,8.47E+03
6.42600E+00,1.29E+04,2.21E+01,-1.45E+01,2.64E+01,-6.05E+04,-5.81E+03,3.86E+03
6.42800E+00,1.29E+04,1.88E+01,-1.88E+01,2.66E+01,-6.05E+04,-5.76E+03,5.44E+03
6.43000E+00,1.29E+04,1.47E+01,-2.22E+01,2.66E+01,-6.05E+04,-5.79E+03,-1.06E+04
6.43200E+00,1.29E+04,9.94E+00,-2.47E+01,2.66E+01,-6.05E+04,-5.82E+03,-3.24E+04
6.43400E+00,1.29E+04,4.74E+00,-2.61E+01,2.65E+01,-6.06E+04,-5.90E+03,-2.61E+04
6.43600E+00,1.29E+04,-7.73E-01,-2.65E+01,2.65E+01,-6.06E+04,-5.95E+03,-2.03E+04
6.43800E+00,1.29E+04,-6.18E+00,-2.57E+01,2.64E+01,-6.06E+04,-5.95E+03,-9.60E+03
6.44000E+00,1.29E+04,-1.13E+01,-2.38E+01,2.63E+01,-6.06E+04,-6.00E+03,-1.15E+04
6.44200E+00,1.29E+04,-1.60E+01,-2.09E+01,2.63E+01,-6.06E+04,-6.00E+03,2.45E+04
6.44400E+00,1.29E+04,-2.00E+01,-1.71E+01,2.64E+01,-6.06E+04,-5.91E+03,3.48E+04
6.44600E+00,1.29E+04,-2.31E+01,-1.27E+01,2.64E+01,-6.06E+04,-5.84E+03,2.58E+04
6.44800E+00,1.29E+04,-2.52E+01,-7.76E+00,2.64E+01,-6.06E+04,-5.82E+03,-5.25E+03
6.45000E+00,1.29E+04,-2.61E+01,-2.54E+00,2.63E+01,-6.07E+04,-5.84E+03,-7.81E+03
6.45200E+00,1.29E+04,-2.61E+01,2.86E+00,2.63E+01,-6.07E+04,-5.88E+03,3.40E+03
6.45400E+00,1.29E+04,-2.48E+01,8.04E+00,2.61E+01,-6.07E+04,-5.82E+03,-1.17E+04
6.45600E+00,1.29E+04,-2.25E+01,1.27E+01,2.58E+01,-6.07E+04,-5.90E+03,-3.95E+04
6.45800E+00,1.29E+04,-1.91E+01,1.69E+01,2.55E+01,-6.07E+04,-6.02E+03,-5.09E+04
6.46000E+00,1.29E+04,-1.50E+01,2.03E+01,2.52E+01,-6.07E+04,-6.08E+03,-3.89E+04
6.46200E+00,1.29E+04,-1.02E+01,2.27E+01,2.49E+01,-6.07E+04,-6.18E+03,-5.54E+04
6.46400E+00,1.29E+04,-4.97E+00,2.41E+01,2.46E+01,-6.07E+04,-6.30E+03,-5.46E+04
6.46600E+00,1.29E+04,4.61E-01,2.44E+01,2.44E+01,-6.08E+04,-6.41E+03,-3.36E+04
6.46800E+00,1.29E+04,5.86E+00,2.35E+01,2.43E+01,-6.08E+04,-6.44E+03,-7.80E+03
6.47000E+00,1.29E+04,1.09E+01,2.16E+01,2.42E+01,-6.08E+04,-6.43E+03,9.68E+03
6.47200E+00,1.29E+04,1.55E+01,1.87E+01,2.43E+01,-6.08E+04,-6.41E+03,1.99E+04
6.47400E+00,1.29E+04,1.95E+01,1.50E+01,2.46E+01,-6.08E+04,-6.34E+03,5.83E+04
6.47600E+00,1.30E+04,2.26E+01,1.05E+01,2.49E+01,-6.08E+04,-6.19E+03,8.34E+04
6.47800E+00,1.30E+04,2.47E+01,5.62E+00,2.54E+01,-6.08E+04,-5.99E+03,8.79E+04
6.48000E+00,1.30E+04,2.57E+01,4.33E-01,2.57E+01,-6.08E+04,-5.84E+03,6.77E+04
6.48200E+00,1.30E+04,2.56E+01,-4.79E+00,2.61E+01,-6.09E+04,-5.71E+03,4.69E+04
6.48400E+00,1.30E+04,2.45E+01,-9.83E+00,2.64E+01,-6.09E+04,-5.65E+03,1.49E+04
6.48600E+00,1.30E+04,2.22E+01,-1.45E+01,2.66E+01,-6.09E+04,-5.66E+03,4.61E+03
6.48800E+00,1.30E+04,1.90E+01,-1.87E+01,2.67E+01,-6.09E+04,-5.64E+03,-1.04E+04
6.49000E+00,1.30E+04,1.50E+01,-2.20E+01,2.67E+01,-6.09E+04,-5.68E+03,-2.02E+04
6.49200E+00,1.30E+04,1.03E+01,-2.46E+01,2.67E+01,-6.09E+04,-5.75E+03,-2.71E+04
6.49400E+00,1.30E+04,5.18E+00,-2.60E+01,2.65E+01,-6.09E+04,-5.78E+03,-2.44E+04
6.49600E+00,1.30E+04,-1.60E-01,-2.65E+01,2.65E+01,-6.09E+04,-5.85E+03,-3.47E+04
6.49800E+00,1.30E+04,-5.55E+00,-2.58E+01,2.64E+01,-6.09E+04,-5.92E+03,-8.76E+03
6.50000E+00,1.30E+04,-1.07E+01,-2.40E+01,2.63E+01,-6.10E+04,-5.89E+03,1.51E+04
6.50200E+00,1.30E+04,-1.53E+01,-2.13E+01,2.63E+01,-6.10E+04,-5.84E+03,2.74E+04
6.50400E+00,1.30E+04,-1.94E+01,-1.78E+01,2.63E+01,-6.10E+04,-5.80E+03,2.85E+03
6.50600E+00,1.30E+04,-2.26E+01,-1.36E+01,2.64E+01,-6.10E+04,-5.81E+03,1.16E+04
6.50800E+00,1.30E+04,-2.48E+01,-8.74E+00,2.63E+01,-6.10E+04,-5.78E+03,8.45E+03
6.51000E+00,1.30E+04,-2.60E+01,-3.65E+00,2.63E+01,-6.10E+04,-5.74E+03,1.59E+04
6.51200E+00,1.30E+04,-2.61E+01,1.62E+00,2.61E+01,-6.10E+04,-5.74E+03,-1.01E+04
6.51400E+00,1.30E+04,-2.52E+01,6.74E+00,2.61E+01,-6.10E+04,-5.76E+03,-9.91E+03
6.51600E+00,1.30E+04,-2.31E+01,1.16E+01,2.58E+01,-6.10E+04,-5.80E+03,-2.92E+04
6.51800E+00,1.30E+04,-2.01E+01,1.58E+01,2.56E+01,-6.11E+04,-5.86E+03,-3.62E+04
6.52000E+00,1.30E+04,-1.62E+01,1.94E+01,2.53E+01,-6.11E+04,-5.96E+03,-5.34E+04
6.52200E+00,1.30E+04,-1.17E+01,2.20E+01,2.49E+01,-6.11E+04,-6.06E+03,-5.23E+04
6.52400E+00,1.30E+04,-6.68E+00,2.37E+01,2.46E+01,-6.11E+04,-6.18E+03,-5.10E+04
6.52600E+00,1.31E+04,-1.40E+00,2.44E+01,2.44E+01,-6.11E+04,-6.26E+03,-3.55E+04
6.52800E+00,1.31E+04,3.93E+00,2.39E+01,2.43E+01,-6.11E+04,-6.32E+03,-1.66E+04
6.53000E+00,1.31E+04,9.07E+00,2.24E+01,2.42E+01,-6.11E+04,-6.33E+03,-5.91E+03
6.53200E+00,1.31E+04,1.38E+01,2.00E+01,2.43E+01,-6.11E+04,-6.34E+03,2.18E+04
6.53400E+00,1.31E+04,1.80E+01,1.66E+01,2.44E+01,-6.12E+04,-6.26E+03,5.73E+04
6.53600E+00,1.31E+04,2.14E+01,1.25E+01,2.48E+01,-6.12E+04,-6.09E+03,8.60E+04
6.53800E+00,1.31E+04,2.38E+01,7.85E+00,2.50E+01,-6.12E+04,-5.92E+03,5.81E+04
6.54000E+00,1.31E+04,2.53E+01,2.93E+00,2.54E+01,-6.12E+04,-5.84E+03,6.39E+04
6.54200E+00,1.31E+04,2.57E+01,-2.29E+00,2.58E+01,-6.12E+04,-5.70E+03,6.23E+04
6.54400E+00,1.31E+04,2.51E+01,-7.29E+00,2.61E+01,-6.12E+04,-5.55E+03,3.06E+04
6.54600E+00,1.31E+04,2.34E+01,-1.21E+01,2.63E+01,-6.12E+04,-5.59E+03,-8.24E+03
6.54800E+00,1.31E+04,2.07E+01,-1.65E+01,2.65E+01,-6.12E+04,-5.60E+03,1.25E+03
6.55000E+00,1.31E+04,1.72E+01,-2.03E+01,2.66E+01,-6.12E+04,-5.57E+03,-5.83E+03
6.55200E+00,1.31E+04,1.29E+01,-2.32E+01,2.66E+01,-6.13E+04,-5.63E+03,-2.39E+04
6.55400E+00,1.31E+04,8.09E+00,-2.53E+01,2.65E+01,-6.13E+04,-5.68E+03,-2.85E+04
6.55600E+00,1.31E+04,2.95E+00,-2.62E+01,2.64E+01,-6.13E+04,-5.73E+03,-2.45E+04
6.55800E+00,1.31E+04,-2.36E+00,-2.62E+01,2.63E+01,-6.13E+04,-5.79E+03,-2.31E+04
6.56000E+00,1.31E+04,-7.57E+00,-2.51E+01,2.63E+01,-6.13E+04,-5.82E+03,-1.52E+04
6.56200E+00,1.31E+04,-1.25E+01,-2.31E+01,2.62E+01,-6.13E+04,-5.85E+03,2.06E+04
6.56400E+00,1.31E+04,-1.69E+01,-2.01E+01,2.62E+01,-6.13E+04,-5.75E+03,3.15E+04
6.56600E+00,1.31E+04,-2.05E+01,-1.64E+01,2.63E+01,-6.13E+04,-5.68E+03,2.54E+04
6.56800E+00,1.31E+04,-2.34E+01,-1.20E+01,2.63E+01,-6.14E+04,-5.69E+03,-4.76E+03
6.57000E+00,1.31E+04,-2.54E+01,-7.20E+00,2.64E+01,-6.14E+04,-5.68E+03,5.95E+03
6.57200E+00,1.31E+04,-2.62E+01,-2.03E+00,2.63E+01,-6.14E+04,-5.68E+03,4.22E+03
6.57400E+00,1.31E+04,-2.61E+01,3.15E+00,2.62E+01,-6.14E+04,-5.65E+03,8.77E+03
6.57600E+00,1.32E+04,-2.48E+01,8.15E+00,2.61E+01,-6.14E+04,-5.65E+03,-2.96E+03
6.57800E+00,1.32E+04,-2.26E+01,1.28E+01,2.60E+01,-6.14E+04,-5.66E+03,-2.22E+04
6.58000E+00,1.32E+04,-1.95E+01,1.68E+01,2.57E+01,-6.14E+04,-5.73E+03,-3.82E+04
6.58200E+00,1.32E+04,-1.55E+01,2.01E+01,2.54E+01,-6.14E+04,-5.82E+03,-5.59E+04
6.58400E+00,1.32E+04,-1.09E+01,2.25E+01,2.51E+01,-6.14E+04,-5.94E+03,-5.09E+04
6.58600E+00,1.32E+04,-5.91E+00,2.40E+01,2.48E+01,-6.15E+04,-6.05E+03,-5.94E+04
6.58800E+00,1.32E+04,-7.26E-01,2.45E+01,2.45E+01,-6.15E+04,-6.16E+03,-4.20E+04
6.59000E+00,1.32E+04,4.57E+00,2.39E+01,2.43E+01,-6.15E+04,-6.24E+03,-1.27E+04
6.59200E+00,1.32E+04,9.59E+00,2.23E+01,2.43E+01,-6.15E+04,-6.20E+03,1.29E+04
6.59400E+00,1.32E+04,1.42E+01,1.98E+01,2.43E+01,-6.15E+04,-6.18E+03,6.99E+03
6.59600E+00,1.32E+04,1.82E+01,1.64E+01,2.45E+01,-6.15E+04,-6.18E+03,4.71E+04
6.59800E+00,1.32E+04,2.15E+01,1.23E+01,2.48E+01,-6.15E+04,-6.01E+03,9.20E+04
6.60000E+00,1.32E+04,2.38E+01,7.73E+00,2.51E+01,-6.15E+04,-5.78E+03,7.08E+04
6.60200E+00,1.32E+04,2.53E+01,2.91E+00,2.55E+01,-6.16E+04,-5.72E+03,5.45E+04
6.60400E+00,1.32E+04,2.57E+01,-2.21E+00,2.58E+01,-6.16E+04,-5.60E+03,4.79E+04
6.60600E+00,1.32E+04,2.51E+01,-7.12E+00,2.61E+01,-6.16E+04,-5.49E+03,3.60E+04
6.60800E+00,1.32E+04,2.35E+01,-1.19E+01,2.64E+01,-6.16E+04,-5.49E+03,7.20E+03
6.61000E+00,1.32E+04,2.09E+01,-1.62E+01,2.65E+01,-6.16E+04,-5.45E+03,-9.45E+02
6.61200E+00,1.32E+04,1.75E+01,-1.99E+01,2.66E+01,-6.16E+04,-5.48E+03,-2.54E+04
6.61400E+00,1.32E+04,1.34E+01,-2.29E+01,2.65E+01,-6.16E+04,-5.56E+03,-2.47E+04
6.61600E+00,1.32E+04,8.68E+00,-2.50E+01,2.65E+01,-6.16E+04,-5.58E+03,-2.34E+04
6.61800E+00,1.32E+04,3.65E+00,-2.61E+01,2.64E+01,-6.16E+04,-5.64E+03,-2.80E+04
6.62000E+00,1.32E+04,-1.57E+00,-2.62E+01,2.63E+01,-6.17E+04,-5.71E+03,-3.12E+04
6.62200E+00,1.32E+04,-6.73E+00,-2.53E+01,2.62E+01,-6.17E+04,-5.75E+03,-5.13E+03
6.62400E+00,1.32E+04,-1.17E+01,-2.34E+01,2.62E+01,-6.17E+04,-5.74E+03,-2.41E+02
6.62600E+00,1.33E+04,-1.61E+01,-2.07E+01,2.62E+01,-6.17E+04,-5.73E+03,2.22E+04
6.62800E+00,1.33E+04,-1.99E+01,-1.71E+01,2.63E+01,-6.17E+04,-5.68E+03,3.27E+04
6.63000E+00,1.33E+04,-2.29E+01,-1.29E+01,2.63E+01,-6.17E+04,-5.58E+03,3.01E+04
6.63200E+00,1.33E+04,-2.51E+01,-8.29E+00,2.64E+01,-6.17E+04,-5.57E+03,5.64E+03
6.63400E+00,1.33E+04,-2.62E+01,-3.28E+00,2.64E+01,-6.17E+04,-5.56E+03,3.22E+03
6.63600E+00,1.33E+04,-2.63E+01,1.82E+00,2.64E+01,-6.17E+04,-5.55E+03,9.47E+03
6.63800E+00,1.33E+04,-2.54E+01,6.82E+00,2.63E+01,-6.18E+04,-5.53E+03,-5.40E+03
6.64000E+00,1.33E+04,-2.34E+01,1.14E+01,2.60E+01,-6.18E+04,-5.56E+03,-1.47E+04
6.64200E+00,1.33E+04,-2.05E+01,1.56E+01,2.58E+01,-6.18E+04,-5.61E+03,-3.06E+04
6.64400E+00,1.33E+04,-1.69E+01,1.91E+01,2.55E+01,-6.18E+04,-5.67E+03,-3.90E+04
6.64600E+00,1.33E+04,-1.26E+01,2.18E+01,2.52E+01,-6.18E+04,-5.77E+03,-5.55E+04
6.64800E+00,1.33E+04,-7.85E+00,2.36E+01,2.49E+01,-6.18E+04,-5.88E+03,-6.88E+04
6.65000E+00,1.33E+04,-2.79E+00,2.44E+01,2.46E+01,-6.18E+04,-6.05E+03,-6.13E+04
6.65200E+00,1.33E+04,2.45E+00,2.43E+01,2.44E+01,-6.18E+04,-6.15E+03,-1.86E+04
6.65400E+00,1.33E+04,7.52E+00,2.31E+01,2.42E+01,-6.18E+04,-6.11E+03,3.52E+02
6.65600E+00,1.33E+04,1.22E+01,2.10E+01,2.43E+01,-6.19E+04,-6.13E+03,1.41E+04
6.65800E+00,1.33E+04,1.65E+01,1.79E+01,2.44E+01,-6.19E+04,-6.09E+03,3.89E+04
6.66000E+00,1.33E+04,2.01E+01,1.43E+01,2.46E+01,-6.19E+04,-5.95E+03,6.07E+04
6.66200E+00,1.33E+04,2.28E+01,9.99E+00,2.49E+01,-6.19E+04,-5.85E+03,6.22E+04
6.66400E+00,1.33E+04,2.48E+01,5.29E+00,2.54E+01,-6.19E+04,-5.71E+03,7.04E+04
6.66600E+00,1.33E+04,2.57E+01,3.69E-01,2.57E+01,-6.19E+04,-5.55E+03,6.96E+04
6.66800E+00,1.33E+04,2.57E+01,-4.61E+00,2.61E+01,-6.19E+04,-5.44E+03,4.39E+04
6.67000E+00,1.33E+04,2.46E+01,-9.41E+00,2.64E+01,-6.19E+04,-5.37E+03,3.15E+04
6.67200E+00,1.33E+04,2.26E+01,-1.39E+01,2.65E+01,-6.20E+04,-5.32E+03,-3.23E+02
6.67400E+00,1.33E+04,1.97E+01,-1.79E+01,2.66E+01,-6.20E+04,-5.35E+03,-1.33E+04
6.67600E+00,1.34E+04,1.60E+01,-2.13E+01,2.66E+01,-6.20E+04,-5.40E+03,-2.41E+04
6.67800E+00,1.34E+04,1.17E+01,-2.39E+01,2.66E+01,-6.20E+04,-5.43E+03,-2.02E+04
6.68000E+00,1.34E+04,6.98E+00,-2.56E+01,2.65E+01,-6.20E+04,-5.49E+03,-3.96E+04
6.68200E+00,1.34E+04,1.94E+00,-2.63E+01,2.64E+01,-6.20E+04,-5.58E+03,-2.69E+04
6.68400E+00,1.34E+04,-3.24E+00,-2.61E+01,2.63E+01,-6.20E+04,-5.62E+03,-2.53E+04
6.68600E+00,1.34E+04,-8.22E+00,-2.49E+01,2.62E+01,-6.20E+04,-5.66E+03,3.06E+02
6.68800E+00,1.34E+04,-1.30E+01,-2.28E+01,2.62E+01,-6.20E+04,-5.65E+03,-4.20E+03
6.69000E+00,1.34E+04,-1.71E+01,-1.98E+01,2.62E+01,-6.21E+04,-5.63E+03,3.44E+04
6.69200E+00,1.34E+04,-2.08E+01,-1.61E+01,2.63E+01,-6.21E+04,-5.56E+03,3.18E+04
6.69400E+00,1.34E+04,-2.35E+01,-1.19E+01,2.63E+01,-6.21E+04,-5.45E+03,3.07E+04
6.69600E+00,1.34E+04,-2.54E+01,-7.25E+00,2.64E+01,-6.21E+04,-5.47E+03,-5.35E+03
6.69800E+00,1.34E+04,-2.61E+01,-2.31E+00,2.62E+01,-6.21E+04,-5.46E+03,-3.13E+03
6.70000E+00,1.34E+04,-2.62E+01,2.71E+00,2.63E+01,-6.21E+04,-5.49E+03,8.72E+03
6.70200E+00,1.34E+04,-2.50E+01,7.59E+00,2.61E+01,-6.21E+04,-5.43E+03,9.13E+02
6.70400E+00,1.34E+04,-2.30E+01,1.21E+01,2.60E+01,-6.21E+04,-5.45E+03,-1.72E+04
6.70600E+00,1.34E+04,-2.01E+01,1.61E+01,2.58E+01,-6.21E+04,-5.53E+03,-4.12E+04
6.70800E+00,1.34E+04,-1.64E+01,1.94E+01,2.54E+01,-6.21E+04,-5.60E+03,-4.46E+04
6.71000E+00,1.34E+04,-1.21E+01,2.20E+01,2.51E+01,-6.22E+04,-5.72E+03,-6.13E+04
6.71200E+00,1.34E+04,-7.38E+00,2.36E+01,2.48E+01,-6.22E+04,-5.84E+03,-6.27E+04
6.71400E+00,1.34E+04,-2.36E+00,2.44E+01,2.45E+01,-6.22E+04,-5.97E+03,-4.50E+04
6.71600E+00,1.34E+04,2.77E+00,2.42E+01,2.43E+01,-6.22E+04,-6.03E+03,-1.26E+04
6.71800E+00,1.34E+04,7.72E+00,2.29E+01,2.42E+01,-6.22E+04,-6.01E+03,1.66E+03
6.72000E+00,1.34E+04,1.23E+01,2.09E+01,2.42E+01,-6.22E+04,-6.02E+03,1.91E+04
6.72200E+00,1.34E+04,1.65E+01,1.79E+01,2.43E+01,-6.22E+04,-5.96E+03,3.79E+04
6.72400E+00,1.34E+04,2.00E+01,1.43E+01,2.46E+01,-6.22E+04,-5.85E+03,4.88E+04
6.72600E+00,1.35E+04,2.28E+01,1.01E+01,2.49E+01,-6.23E+04,-5.77E+03,6.41E+04
6.72800E+00,1.35E+04,2.48E+01,5.48E+00,2.54E+01,-6.23E+04,-5.60E+03,8.76E+04
6.73000E+00,1.35E+04,2.58E+01,6.88E-01,2.58E+01,-6.23E+04,-5.40E+03,7.89E+04
6.73200E+00,1.35E+04,2.57E+01,-4.14E+00,2.60E+01,-6.23E+04,-5.29E+03,3.57E+04
6.73400E+00,1.35E+04,2.48E+01,-8.85E+00,2.63E+01,-6.23E+04,-5.25E+03,1.28E+04
6.73600E+00,1.35E+04,2.29E+01,-1.33E+01,2.65E+01,-6.23E+04,-5.25E+03,-1.49E+03
6.73800E+00,1.35E+04,2.02E+01,-1.73E+01,2.66E+01,-6.23E+04,-5.25E+03,-8.74E+03
6.74000E+00,1.35E+04,1.67E+01,-2.08E+01,2.67E+01,-6.23E+04,-5.29E+03,-2.00E+04
6.74200E+00,1.35E+04,1.26E+01,-2.35E+01,2.67E+01,-6.23E+04,-5.33E+03,-2.76E+04
6.74400E+00,1.35E+04,7.98E+00,-2.53E+01,2.65E+01,-6.24E+04,-5.40E+03,-3.83E+04
6.74600E+00,1.35E+04,3.04E+00,-2.62E+01,2.63E+01,-6.24E+04,-5.49E+03,-3.79E+04
6.74800E+00,1.35E+04,-2.03E+00,-2.62E+01,2.63E+01,-6.24E+04,-5.55E+03,-2.65E+04
6.75000E+00,1.35E+04,-7.03E+00,-2.52E+01,2.62E+01,-6.24E+04,-5.59E+03,2.39E+03
6.75200E+00,1.35E+04,-1.18E+01,-2.33E+01,2.61E+01,-6.24E+04,-5.55E+03,2.19E+03
6.75400E+00,1.35E+04,-1.60E+01,-2.07E+01,2.61E+01,-6.24E+04,-5.56E+03,1.26E+04
6.75600E+00,1.35E+04,-1.98E+01,-1.72E+01,2.62E+01,-6.24E+04,-5.54E+03,3.26E+04
6.75800E+00,1.35E+04,-2.28E+01,-1.32E+01,2.63E+01,-6.24E+04,-5.40E+03,4.19E+04
6.76000E+00,1.35E+04,-2.49E+01,-8.74E+00,2.64E+01,-6.24E+04,-5.36E+03,1.89E+04
6.76200E+00,1.35E+04,-2.61E+01,-3.96E+00,2.64E+01,-6.25E+04,-5.35E+03,-3.73E+03
6.76400E+00,1.35E+04,-2.64E+01,9.30E-01,2.64E+01,-6.25E+04,-5.36E+03,1.05E+04
6.76600E+00,1.35E+04,-2.57E+01,5.86E+00,2.64E+01,-6.25E+04,-5.33E+03,1.28E+04
6.76800E+00,1.35E+04,-2.41E+01,1.04E+01,2.62E+01,-6.25E+04,-5.28E+03,-3.51E+03
6.77000E+00,1.35E+04,-2.15E+01,1.45E+01,2.60E+01,-6.25E+04,-5.35E+03,-4.06E+04
6.77200E+00,1.35E+04,-1.82E+01,1.81E+01,2.57E+01,-6.25E+04,-5.45E+03,-5.09E+04
6.77400E+00,1.35E+04,-1.43E+01,2.09E+01,2.53E+01,-6.25E+04,-5.55E+03,-4.86E+04
6.77600E+00,1.36E+04,-9.80E+00,2.30E+01,2.50E+01,-6.25E+04,-5.65E+03,-4.86E+04
6.77800E+00,1.36E+04,-5.01E+00,2.42E+01,2.47E+01,-6.25E+04,-5.74E+03,-5.23E+04
6.78000E+00,1.36E+04,-4.23E-02,2.44E+01,2.44E+01,-6.25E+04,-5.86E+03,-5.17E+04
6.78200E+00,1.36E+04,4.94E+00,2.37E+01,2.42E+01,-6.26E+04,-5.95E+03,-1.51E+04
6.78400E+00,1.36E+04,9.71E+00,2.21E+01,2.41E+01,-6.26E+04,-5.93E+03,2.00E+03
6.78600E+00,1.36E+04,1.40E+01,1.97E+01,2.42E+01,-6.26E+04,-5.92E+03,3.46E+04
6.78800E+00,1.36E+04,1.80E+01,1.65E+01,2.44E+01,-6.26E+04,-5.83E+03,3.26E+04
6.79000E+00,1.36E+04,2.10E+01,1.28E+01,2.46E+01,-6.26E+04,-5.74E+03,7.82E+04
6.79200E+00,1.36E+04,2.36E+01,8.44E+00,2.51E+01,-6.26E+04,-5.58E+03,7.44E+04
6.79400E+00,1.36E+04,2.51E+01,3.94E+00,2.54E+01,-6.26E+04,-5.37E+03,7.79E+04
6.79600E+00,1.36E+04,2.58E+01,-8.16E-01,2.58E+01,-6.26E+04,-5.30E+03,5.15E+04
6.79800E+00,1.36E+04,2.55E+01,-5.56E+00,2.61E+01,-6.27E+04,-5.16E+03,2.94E+04
6.80000E+00,1.36E+04,2.43E+01,-1.00E+01,2.63E+01,-6.27E+04,-5.16E+03,-7.50E+03
6.80200E+00,1.36E+04,2.22E+01,-1.44E+01,2.65E+01,-6.27E+04,-5.22E+03,-1.61E+04
6.80400E+00,1.36E+04,1.93E+01,-1.82E+01,2.65E+01,-6.27E+04,-5.21E+03,5.73E+03
6.80600E+00,1.36E+04,1.57E+01,-2.14E+01,2.66E+01,-6.27E+04,-5.21E+03,-1.42E+04
6.80800E+00,1.36E+04,1.15E+01,-2.38E+01,2.65E+01,-6.27E+04,-5.26E+03,-2.87E+04
6.81000E+00,1.36E+04,6.93E+00,-2.55E+01,2.64E+01,-6.27E+04,-5.33E+03,-4.32E+04
6.81200E+00,1.36E+04,2.06E+00,-2.62E+01,2.63E+01,-6.27E+04,-5.42E+03,-3.04E+04
6.81400E+00,1.36E+04,-2.95E+00,-2.60E+01,2.62E+01,-6.27E+04,-5.47E+03,-8.66E+03
6.81600E+00,1.36E+04,-7.81E+00,-2.49E+01,2.61E+01,-6.27E+04,-5.45E+03,4.90E+03
6.81800E+00,1.36E+04,-1.24E+01,-2.30E+01,2.61E+01,-6.28E+04,-5.45E+03,4.42E+03
6.82000E+00,1.36E+04,-1.65E+01,-2.03E+01,2.62E+01,-6.28E+04,-5.44E+03,1.05E+04
6.82200E+00,1.36E+04,-2.01E+01,-1.68E+01,2.62E+01,-6.28E+04,-5.40E+03,3.41E+04
6.82400E+00,1.36E+04,-2.29E+01,-1.28E+01,2.63E+01,-6.28E+04,-5.31E+03,2.85E+04
6.82600E+00,1.37E+04,-2.49E+01,-8.46E+00,2.63E+01,-6.28E+04,-5.26E+03,1.99E+04
6.82800E+00,1.37E+04,-2.61E+01,-3.76E+00,2.64E+01,-6.28E+04,-5.25E+03,-2.70E+03
6.83000E+00,1.37E+04,-2.64E+01,1.04E+00,2.64E+01,-6.28E+04,-5.26E+03,1.74E+04
6.83200E+00,1.37E+04,-2.58E+01,5.87E+00,2.64E+01,-6.28E+04,-5.21E+03,7.38E+03
6.83400E+00,1.37E+04,-2.41E+01,1.03E+01,2.62E+01,-6.28E+04,-5.19E+03,7.63E+03
6.83600E+00,1.37E+04,-2.17E+01,1.44E+01,2.60E+01,-6.29E+04,-5.21E+03,-3.68E+04
6.83800E+00,1.37E+04,-1.85E+01,1.78E+01,2.57E+01,-6.29E+04,-5.30E+03,-4.98E+04
6.84000E+00,1.37E+04,-1.46E+01,2.07E+01,2.54E+01,-6.29E+04,-5.45E+03,-6.65E+04
6.84200E+00,1.37E+04,-1.03E+01,2.28E+01,2.50E+01,-6.29E+04,-5.54E+03,-5.48E+04
6.84400E+00,1.37E+04,-5.58E+00,2.41E+01,2.47E+01,-6.29E+04,-5.67E+03,-5.60E+04
6.84600E+00,1.37E+04,-6.68E-01,2.44E+01,2.44E+01,-6.29E+04,-5.77E+03,-4.03E+04
6.84800E+00,1.37E+04,4.22E+00,2.38E+01,2.42E+01,-6.29E+04,-5.83E+03,-1.86E+04
6.85000E+00,1.37E+04,8.93E+00,2.24E+01,2.41E+01,-6.29E+04,-5.85E+03,2.88E+03
6.85200E+00,1.37E+04,1.33E+01,2.01E+01,2.41E+01,-6.29E+04,-5.82E+03,5.90E+03
6.85400E+00,1.37E+04,1.72E+01,1.72E+01,2.43E+01,-6.30E+04,-5.82E+03,4.43E+04
6.85600E+00,1.37E+04,2.05E+01,1.35E+01,2.45E+01,-6.30E+04,-5.67E+03,8.45E+04
6.85800E+00,1.37E+04,2.31E+01,9.44E+00,2.49E+01,-6.30E+04,-5.44E+03,8.81E+04
6.86000E+00,1.37E+04,2.48E+01,5.06E+00,2.53E+01,-6.30E+04,-5.33E+03,6.11E+04
6.86200E+00,1.37E+04,2.57E+01,4.23E-01,2.57E+01,-6.30E+04,-5.21E+03,5.95E+04
6.86400E+00,1.37E+04,2.56E+01,-4.20E+00,2.60E+01,-6.30E+04,-5.08E+03,4.16E+04
6.86600E+00,1.37E+04,2.48E+01,-8.72E+00,2.63E+01,-6.30E+04,-5.04E+03,4.82E+03
6.86800E+00,1.37E+04,2.30E+01,-1.30E+01,2.64E+01,-6.30E+04,-5.06E+03,-8.96E+03
6.87000E+00,1.37E+04,2.04E+01,-1.69E+01,2.65E+01,-6.30E+04,-5.08E+03,-7.14E+03
6.87200E+00,1.37E+04,1.71E+01,-2.03E+01,2.65E+01,-6.30E+04,-5.09E+03,-2.14E+04
6.87400E+00,1.37E+04,1.32E+01,-2.29E+01,2.64E+01,-6.31E+04,-5.16E+03,-3.51E+04
6.87600E+00,1.38E+04,8.82E+00,-2.48E+01,2.63E+01,-6.31E+04,-5.24E+03,-4.33E+04
6.87800E+00,1.38E+04,4.12E+00,-2.59E+01,2.62E+01,-6.31E+04,-5.32E+03,-1.89E+04
6.88000E+00,1.38E+04,-7.81E-01,-2.61E+01,2.61E+01,-6.31E+04,-5.34E+03,-1.29E+04
6.88200E+00,1.38E+04,-5.56E+00,-2.55E+01,2.61E+01,-6.31E+04,-5.35E+03,3.06E+03
6.88400E+00,1.38E+04,-1.02E+01,-2.40E+01,2.60E+01,-6.31E+04,-5.35E+03,2.47E+03
6.88600E+00,1.38E+04,-1.45E+01,-2.17E+01,2.61E+01,-6.31E+04,-5.32E+03,1.28E+04
6.88800E+00,1.38E+04,-1.83E+01,-1.87E+01,2.61E+01,-6.31E+04,-5.31E+03,5.93E+02
6.89000E+00,1.38E+04,-2.15E+01,-1.51E+01,2.62E+01,-6.31E+04,-5.31E+03,3.30E+04
6.89200E+00,1.38E+04,-2.40E+01,-1.09E+01,2.63E+01,-6.32E+04,-5.20E+03,3.01E+04
6.89400E+00,1.38E+04,-2.55E+01,-6.48E+00,2.63E+01,-6.32E+04,-5.14E+03,1.86E+04
6.89600E+00,1.38E+04,-2.63E+01,-1.76E+00,2.64E+01,-6.32E+04,-5.17E+03,9.07E+03
6.89800E+00,1.38E+04,-2.62E+01,2.95E+00,2.64E+01,-6.32E+04,-5.09E+03,2.74E+04
6.90000E+00,1.38E+04,-2.52E+01,7.47E+00,2.63E+01,-6.32E+04,-5.05E+03,-1.81E+04
6.90200E+00,1.38E+04,-2.33E+01,1.17E+01,2.61E+01,-6.32E+04,-5.15E+03,-2.65E+04
6.90400E+00,1.38E+04,-2.06E+01,1.56E+01,2.59E+01,-6.32E+04,-5.20E+03,-2.62E+04
6.90600E+00,1.38E+04,-1.73E+01,1.88E+01,2.55E+01,-6.32E+04,-5.22E+03,-3.88E+04
6.90800E+00,1.38E+04,-1.33E+01,2.14E+01,2.52E+01,-6.32E+04,-5.37E+03,-7.07E+04
6.91000E+00,1.38E+04,-8.92E+00,2.31E+01,2.48E+01,-6.32E+04,-5.50E+03,-7.07E+04
6.91200E+00,1.38E+04,-4.24E+00,2.41E+01,2.45E+01,-6.33E+04,-5.65E+03,-5.58E+04
6.91400E+00,1.38E+04,6.29E-01,2.42E+01,2.42E+01,-6.33E+04,-5.74E+03,-2.35E+04
6.91600E+00,1.38E+04,5.39E+00,2.34E+01,2.40E+01,-6.33E+04,-5.73E+03,-7.65E+03
6.91800E+00,1.38E+04,9.89E+00,2.18E+01,2.39E+01,-6.33E+04,-5.76E+03,2.56E+03
6.92000E+00,1.38E+04,1.42E+01,1.95E+01,2.41E+01,-6.33E+04,-5.75E+03,4.30E+04
6.92200E+00,1.38E+04,1.79E+01,1.64E+01,2.43E+01,-6.33E+04,-5.58E+03,8.19E+04
6.92400E+00,1.38E+04,2.09E+01,1.29E+01,2.46E+01,-6.33E+04,-5.41E+03,5.33E+04
6.92600E+00,1.39E+04,2.33E+01,8.95E+00,2.50E+01,-6.33E+04,-5.36E+03,5.53E+04
6.92800E+00,1.39E+04,2.50E+01,4.51E+00,2.54E+01,-6.33E+04,-5.22E+03,6.12E+04
6.93000E+00,1.39E+04,2.58E+01,3.90E-02,2.58E+01,-6.34E+04,-5.07E+03,6.60E+04
6.93200E+00,1.39E+04,2.57E+01,-4.55E+00,2.61E+01,-6.34E+04,-4.99E+03,2.97E+04
6.93400E+00,1.39E+04,2.47E+01,-8.94E+00,2.63E+01,-6.34E+04,-4.93E+03,1.42E+04
6.93600E+00,1.39E+04,2.29E+01,-1.31E+01,2.64E+01,-6.34E+04,-4.95E+03,-8.07E+03
6.93800E+00,1.39E+04,2.04E+01,-1.69E+01,2.65E+01,-6.34E+04,-4.96E+03,-2.14E+04
6.94000E+00,1.39E+04,1.71E+01,-2.01E+01,2.64E+01,-6.34E+04,-5.02E+03,-3.37E+04
6.94200E+00,1.39E+04,1.33E+01,-2.28E+01,2.63E+01,-6.34E+04,-5.11E+03,-3.72E+04
6.94400E+00,1.39E+04,8.98E+00,-2.47E+01,2.63E+01,-6.34E+04,-5.16E+03,-2.33E+04
6.94600E+00,1.39E+04,4.36E+00,-2.58E+01,2.62E+01,-6.34E+04,-5.21E+03,-2.20E+04
6.94800E+00,1.39E+04,-3.79E-01,-2.60E+01,2.60E+01,-6.35E+04,-5.25E+03,-2.39E+04
6.95000E+00,1.39E+04,-5.14E+00,-2.55E+01,2.60E+01,-6.35E+04,-5.30E+03,-1.59E+04
6.95200E+00,1.39E+04,-9.75E+00,-2.41E+01,2.60E+01,-6.35E+04,-5.31E+03,1.30E+03
6.95400E+00,1.39E+04,-1.40E+01,-2.19E+01,2.60E+01,-6.35E+04,-5.29E+03,2.76E+04
6.95600E+00,1.39E+04,-1.79E+01,-1.90E+01,2.61E+01,-6.35E+04,-5.22E+03,2.86E+04
6.95800E+00,1.39E+04,-2.11E+01,-1.56E+01,2.62E+01,-6.35E+04,-5.16E+03,3.83E+04
6.96000E+00,1.39E+04,-2.36E+01,-1.16E+01,2.63E+01,-6.35E+04,-5.09E+03,2.52E+04
6.96200E+00,1.39E+04,-2.53E+01,-7.33E+00,2.64E+01,-6.35E+04,-5.03E+03,2.19E+04
6.96400E+00,1.39E+04,-2.63E+01,-2.79E+00,2.65E+01,-6.35E+04,-5.02E+03,-4.20E+03
6.96600E+00,1.39E+04,-2.65E+01,1.82E+00,2.65E+01,-6.35E+04,-5.03E+03,1.91E+04
6.96800E+00,1.39E+04,-2.56E+01,6.43E+00,2.64E+01,-6.36E+04,-4.97E+03,1.32E+04
6.97000E+00,1.39E+04,-2.40E+01,1.06E+01,2.63E+01,-6.36E+04,-4.94E+03,8.69E+03
6.97200E+00,1.39E+04,-2.16E+01,1.45E+01,2.60E+01,-6.36E+04,-4.97E+03,-4.30E+04
6.97400E+00,1.39E+04,-1.86E+01,1.78E+01,2.57E+01,-6.36E+04,-5.08E+03,-5.18E+04
6.97600E+00,1.40E+04,-1.48E+01,2.05E+01,2.53E+01,-6.36E+04,-5.22E+03,-6.97E+04
6.97800E+00,1.40E+04,-1.07E+01,2.24E+01,2.48E+01,-6.36E+04,-5.33E+03,-7.92E+04
6.98000E+00,1.40E+04,-6.16E+00,2.37E+01,2.44E+01,-6.36E+04,-5.54E+03,-7.53E+04
6.98200E+00,1.40E+04,-1.37E+00,2.41E+01,2.41E+01,-6.36E+04,-5.65E+03,-3.95E+04
6.98400E+00,1.40E+04,3.32E+00,2.36E+01,2.38E+01,-6.36E+04,-5.67E+03,-1.56E+04
6.98600E+00,1.40E+04,7.89E+00,2.24E+01,2.37E+01,-6.36E+04,-5.72E+03,3.67E+03
6.98800E+00,1.40E+04,1.22E+01,2.04E+01,2.38E+01,-6.37E+04,-5.67E+03,2.35E+04
6.99000E+00,1.40E+04,1.61E+01,1.78E+01,2.40E+01,-6.37E+04,-5.61E+03,6.93E+04
6.99200E+00,1.40E+04,1.95E+01,1.46E+01,2.44E+01,-6.37E+04,-5.43E+03,8.61E+04
6.99400E+00,1.40E+04,2.22E+01,1.09E+01,2.47E+01,-6.37E+04,-5.21E+03,6.16E+04
6.99600E+00,1.40E+04,2.41E+01,6.85E+00,2.51E+01,-6.37E+04,-5.20E+03,5.40E+04
6.99800E+00,1.40E+04,2.55E+01,2.41E+00,2.56E+01,-6.37E+04,-5.03E+03,5.90E+04
7.00000E+00,1.40E+04,2.58E+01,-1.93E+00,2.59E+01,-6.37E+04,-4.90E+03,5.32E+04
7.00200E+00,1.40E+04,2.54E+01,-6.43E+00,2.62E+01,-6.37E+04,-4.87E+03,5.39E+03
7.00400E+00,1.40E+04,2.41E+01,-1.06E+01,2.64E+01,-6.37E+04,-4.84E+03,1.39E+04
7.00600E+00,1.40E+04,2.20E+01,-1.46E+01,2.64E+01,-6.38E+04,-4.85E+03,-1.79E+04
7.00800E+00,1.40E+04,1.93E+01,-1.81E+01,2.64E+01,-6.38E+04,-4.88E+03,-2.45E+04
7.01000E+00,1.40E+04,1.58E+01,-2.11E+01,2.64E+01,-6.38E+04,-4.97E+03,-3.44E+04
7.01200E+00,1.40E+04,1.19E+01,-2.34E+01,2.63E+01,-6.38E+04,-5.01E+03,-2.06E+04
7.01400E+00,1.40E+04,7.61E+00,-2.50E+01,2.62E+01,-6.38E+04,-5.05E+03,-3.50E+04
7.01600E+00,1.40E+04,3.06E+00,-2.58E+01,2.60E+01,-6.38E+04,-5.14E+03,-3.04E+04
7.01800E+00,1.40E+04,-1.66E+00,-2.59E+01,2.60E+01,-6.38E+04,-5.19E+03,-2.27E+04
7.02000E+00,1.40E+04,-6.28E+00,-2.51E+01,2.59E+01,-6.38E+04,-5.22E+03,-1.34E+03
7.02200E+00,1.40E+04,-1.08E+01,-2.36E+01,2.59E+01,-6.38E+04,-5.21E+03,2.34E+04
7.02400E+00,1.40E+04,-1.49E+01,-2.13E+01,2.60E+01,-6.38E+04,-5.12E+03,2.73E+04
7.02600E+00,1.41E+04,-1.85E+01,-1.85E+01,2.61E+01,-6.39E+04,-5.09E+03,5.40E+03
7.02800E+00,1.41E+04,-2.16E+01,-1.50E+01,2.63E+01,-6.39E+04,-5.11E+03,2.27E+04
7.03000E+00,1.41E+04,-2.40E+01,-1.10E+01,2.64E+01,-6.39E+04,-5.00E+03,4.30E+04
7.03200E+00,1.41E+04,-2.56E+01,-6.73E+00,2.64E+01,-6.39E+04,-4.91E+03,2.09E+04
7.03400E+00,1.41E+04,-2.64E+01,-2.27E+00,2.65E+01,-6.39E+04,-4.94E+03,1.35E+04
7.03600E+00,1.41E+04,-2.63E+01,2.30E+00,2.64E+01,-6.39E+04,-4.87E+03,1.90E+04
7.03800E+00,1.41E+04,-2.55E+01,6.63E+00,2.63E+01,-6.39E+04,-4.83E+03,3.93E+03
7.04000E+00,1.41E+04,-2.39E+01,1.08E+01,2.62E+01,-6.39E+04,-4.88E+03,-2.16E+04
7.04200E+00,1.41E+04,-2.15E+01,1.45E+01,2.59E+01,-6.39E+04,-4.91E+03,-3.61E+04
7.04400E+00,1.41E+04,-1.84E+01,1.77E+01,2.55E+01,-6.39E+04,-5.01E+03,-4.90E+04
7.04600E+00,1.41E+04,-1.47E+01,2.04E+01,2.52E+01,-6.40E+04,-5.12E+03,-6.00E+04
7.04800E+00,1.41E+04,-1.07E+01,2.23E+01,2.47E+01,-6.40E+04,-5.24E+03,-7.65E+04
7.05000E+00,1.41E+04,-6.24E+00,2.35E+01,2.43E+01,-6.40E+04,-5.43E+03,-6.98E+04
7.05200E+00,1.41E+04,-1.59E+00,2.39E+01,2.39E+01,-6.40E+04,-5.54E+03,-4.73E+04
7.05400E+00,1.41E+04,3.00E+00,2.36E+01,2.38E+01,-6.40E+04,-5.60E+03,-2.08E+04
7.05600E+00,1.41E+04,7.53E+00,2.24E+01,2.37E+01,-6.40E+04,-5.64E+03,5.95E+02
7.05800E+00,1.41E+04,1.18E+01,2.06E+01,2.38E+01,-6.40E+04,-5.58E+03,5.40E+04
7.06000E+00,1.41E+04,1.57E+01,1.81E+01,2.40E+01,-6.40E+04,-5.43E+03,5.67E+04
7.06200E+00,1.41E+04,1.90E+01,1.51E+01,2.43E+01,-6.40E+04,-5.33E+03,6.75E+04
7.06400E+00,1.41E+04,2.19E+01,1.15E+01,2.47E+01,-6.41E+04,-5.20E+03,6.96E+04
7.06600E+00,1.41E+04,2.40E+01,7.62E+00,2.52E+01,-6.41E+04,-5.02E+03,7.48E+04
7.06800E+00,1.41E+04,2.53E+01,3.42E+00,2.55E+01,-6.41E+04,-4.92E+03,4.66E+04
7.07000E+00,1.41E+04,2.58E+01,-9.15E-01,2.58E+01,-6.41E+04,-4.83E+03,4.04E+04
7.07200E+00,1.41E+04,2.56E+01,-5.26E+00,2.61E+01,-6.41E+04,-4.76E+03,3.01E+04
7.07400E+00,1.41E+04,2.46E+01,-9.47E+00,2.64E+01,-6.41E+04,-4.70E+03,4.02E+03
7.07600E+00,1.42E+04,2.28E+01,-1.34E+01,2.65E+01,-6.41E+04,-4.74E+03,-1.83E+04
7.07800E+00,1.42E+04,2.03E+01,-1.70E+01,2.64E+01,-6.41E+04,-4.79E+03,-2.75E+04
7.08000E+00,1.42E+04,1.71E+01,-2.01E+01,2.64E+01,-6.41E+04,-4.84E+03,-3.21E+04
7.08200E+00,1.42E+04,1.34E+01,-2.26E+01,2.63E+01,-6.41E+04,-4.92E+03,-3.37E+04
7.08400E+00,1.42E+04,9.24E+00,-2.44E+01,2.61E+01,-6.41E+04,-4.98E+03,-3.31E+04
7.08600E+00,1.42E+04,4.84E+00,-2.56E+01,2.60E+01,-6.42E+04,-5.04E+03,-2.11E+04
7.08800E+00,1.42E+04,2.42E-01,-2.59E+01,2.59E+01,-6.42E+04,-5.08E+03,-1.95E+04
7.09000E+00,1.42E+04,-4.32E+00,-2.55E+01,2.59E+01,-6.42E+04,-5.10E+03,-4.85E+03
7.09200E+00,1.42E+04,-8.79E+00,-2.43E+01,2.59E+01,-6.42E+04,-5.12E+03,-2.99E+03
7.09400E+00,1.42E+04,-1.30E+01,-2.25E+01,2.59E+01,-6.42E+04,-5.10E+03,2.06E+04
7.09600E+00,1.42E+04,-1.69E+01,-1.99E+01,2.61E+01,-6.42E+04,-5.05E+03,1.60E+04
7.09800E+00,1.42E+04,-2.01E+01,-1.67E+01,2.62E+01,-6.42E+04,-5.01E+03,2.29E+04
7.10000E+00,1.42E+04,-2.29E+01,-1.30E+01,2.63E+01,-6.42E+04,-4.98E+03,4.04E+04
7.10200E+00,1.42E+04,-2.49E+01,-8.96E+00,2.64E+01,-6.42E+04,-4.84E+03,5.84E+04
7.10400E+00,1.42E+04,-2.61E+01,-4.74E+00,2.65E+01,-6.42E+04,-4.74E+03,1.76E+04
7.10600E+00,1.42E+04,-2.65E+01,-3.99E-01,2.65E+01,-6.43E+04,-4.77E+03,1.88E+03
7.10800E+00,1.42E+04,-2.62E+01,4.05E+00,2.65E+01,-6.43E+04,-4.76E+03,1.20E+04
7.11000E+00,1.42E+04,-2.51E+01,8.23E+00,2.64E+01,-6.43E+04,-4.69E+03,6.84E+03
7.11200E+00,1.42E+04,-2.32E+01,1.21E+01,2.62E+01,-6.43E+04,-4.73E+03,-3.06E+04
7.11400E+00,1.42E+04,-2.05E+01,1.55E+01,2.57E+01,-6.43E+04,-4.82E+03,-5.01E+04
7.11600E+00,1.42E+04,-1.73E+01,1.85E+01,2.53E+01,-6.43E+04,-4.93E+03,-6.73E+04
7.11800E+00,1.42E+04,-1.36E+01,2.08E+01,2.48E+01,-6.43E+04,-5.09E+03,-8.04E+04
7.12000E+00,1.42E+04,-9.43E+00,2.24E+01,2.43E+01,-6.43E+04,-5.26E+03,-7.63E+04
7.12200E+00,1.42E+04,-5.02E+00,2.34E+01,2.39E+01,-6.43E+04,-5.40E+03,-7.13E+04
7.12400E+00,1.42E+04,-4.97E-01,2.36E+01,2.36E+01,-6.43E+04,-5.54E+03,-4.05E+04
7.12600E+00,1.43E+04,4.10E+00,2.32E+01,2.35E+01,-6.44E+04,-5.58E+03,-2.36E+03
7.12800E+00,1.43E+04,8.48E+00,2.20E+01,2.35E+01,-6.44E+04,-5.53E+03,3.61E+04
7.13000E+00,1.43E+04,1.26E+01,2.01E+01,2.37E+01,-6.44E+04,-5.45E+03,4.90E+04
7.13200E+00,1.43E+04,1.64E+01,1.77E+01,2.41E+01,-6.44E+04,-5.32E+03,8.36E+04
7.13400E+00,1.43E+04,1.96E+01,1.45E+01,2.44E+01,-6.44E+04,-5.13E+03,7.94E+04
7.13600E+00,1.43E+04,2.21E+01,1.11E+01,2.48E+01,-6.44E+04,-4.98E+03,7.01E+04
7.13800E+00,1.43E+04,2.41E+01,7.22E+00,2.52E+01,-6.44E+04,-4.87E+03,4.06E+04
7.14000E+00,1.43E+04,2.54E+01,3.16E+00,2.56E+01,-6.44E+04,-4.79E+03,3.50E+04
7.14200E+00,1.43E+04,2.58E+01,-1.12E+00,2.58E+01,-6.44E+04,-4.75E+03,2.84E+04
7.14400E+00,1.43E+04,2.56E+01,-5.41E+00,2.62E+01,-6.45E+04,-4.67E+03,3.33E+04
7.14600E+00,1.43E+04,2.46E+01,-9.51E+00,2.63E+01,-6.45E+04,-4.62E+03,1.71E+03
7.14800E+00,1.43E+04,2.28E+01,-1.34E+01,2.64E+01,-6.45E+04,-4.66E+03,-1.86E+04
7.15000E+00,1.43E+04,2.03E+01,-1.69E+01,2.64E+01,-6.45E+04,-4.71E+03,-2.75E+04
7.15200E+00,1.43E+04,1.72E+01,-1.99E+01,2.63E+01,-6.45E+04,-4.75E+03,-2.34E+04
7.15400E+00,1.43E+04,1.36E+01,-2.24E+01,2.62E+01,-6.45E+04,-4.81E+03,-2.87E+04
7.15600E+00,1.43E+04,9.57E+00,-2.42E+01,2.61E+01,-6.45E+04,-4.86E+03,-2.83E+04
7.15800E+00,1.43E+04,5.27E+00,-2.53E+01,2.59E+01,-6.45E+04,-4.93E+03,-4.29E+04
7.16000E+00,1.43E+04,8.25E-01,-2.58E+01,2.58E+01,-6.45E+04,-5.03E+03,-2.38E+04
7.16200E+00,1.43E+04,-3.74E+00,-2.55E+01,2.58E+01,-6.45E+04,-5.04E+03,-2.83E+03
7.16400E+00,1.43E+04,-8.11E+00,-2.45E+01,2.58E+01,-6.45E+04,-5.01E+03,1.27E+04
7.16600E+00,1.43E+04,-1.23E+01,-2.27E+01,2.58E+01,-6.46E+04,-5.01E+03,1.86E+04
7.16800E+00,1.43E+04,-1.61E+01,-2.03E+01,2.59E+01,-6.46E+04,-4.94E+03,1.89E+04
7.17000E+00,1.43E+04,-1.94E+01,-1.74E+01,2.60E+01,-6.46E+04,-4.92E+03,1.78E+04
7.17200E+00,1.43E+04,-2.22E+01,-1.39E+01,2.62E+01,-6.46E+04,-4.89E+03,1.64E+04
7.17400E+00,1.43E+04,-2.44E+01,-9.99E+00,2.63E+01,-6.46E+04,-4.83E+03,5.03E+04
7.17600E+00,1.44E+04,-2.58E+01,-5.77E+00,2.64E+01,-6.46E+04,-4.71E+03,4.49E+04
7.17800E+00,1.44E+04,-2.64E+01,-1.59E+00,2.65E+01,-6.46E+04,-4.61E+03,4.15E+04
7.18000E+00,1.44E+04,-2.62E+01,2.68E+00,2.64E+01,-6.46E+04,-4.58E+03,-8.63E+02
7.18200E+00,1.44E+04,-2.55E+01,6.77E+00,2.64E+01,-6.46E+04,-4.59E+03,-1.47E+04
7.18400E+00,1.44E+04,-2.38E+01,1.07E+01,2.61E+01,-6.46E+04,-4.66E+03,-3.30E+04
7.18600E+00,1.44E+04,-2.15E+01,1.42E+01,2.57E+01,-6.47E+04,-4.71E+03,-3.96E+04
7.18800E+00,1.44E+04,-1.85E+01,1.72E+01,2.53E+01,-6.47E+04,-4.82E+03,-5.72E+04
7.19000E+00,1.44E+04,-1.50E+01,1.97E+01,2.48E+01,-6.47E+04,-4.95E+03,-7.64E+04
7.19200E+00,1.44E+04,-1.11E+01,2.16E+01,2.43E+01,-6.47E+04,-5.11E+03,-7.53E+04
7.19400E+00,1.44E+04,-6.87E+00,2.29E+01,2.39E+01,-6.47E+04,-5.27E+03,-8.06E+04
7.19600E+00,1.44E+04,-2.52E+00,2.34E+01,2.36E+01,-6.47E+04,-5.41E+03,-4.59E+04
7.19800E+00,1.44E+04,2.01E+00,2.33E+01,2.34E+01,-6.47E+04,-5.48E+03,-9.06E+03
7.20000E+00,1.44E+04,6.37E+00,2.25E+01,2.34E+01,-6.47E+04,-5.43E+03,3.06E+04
7.20200E+00,1.44E+04,1.06E+01,2.11E+01,2.36E+01,-6.47E+04,-5.37E+03,4.92E+04
7.20400E+00,1.44E+04,1.44E+01,1.90E+01,2.39E+01,-6.47E+04,-5.23E+03,6.59E+04
7.20600E+00,1.44E+04,1.79E+01,1.63E+01,2.42E+01,-6.48E+04,-5.09E+03,6.43E+04
7.20800E+00,1.44E+04,2.08E+01,1.32E+01,2.46E+01,-6.48E+04,-4.98E+03,6.24E+04
7.21000E+00,1.44E+04,2.31E+01,9.58E+00,2.50E+01,-6.48E+04,-4.84E+03,6.14E+04
7.21200E+00,1.44E+04,2.47E+01,5.69E+00,2.53E+01,-6.48E+04,-4.73E+03,5.10E+04
7.21400E+00,1.44E+04,2.57E+01,1.62E+00,2.58E+01,-6.48E+04,-4.65E+03,4.79E+04
7.21600E+00,1.44E+04,2.59E+01,-2.54E+00,2.60E+01,-6.48E+04,-4.54E+03,2.28E+04
7.21800E+00,1.44E+04,2.54E+01,-6.58E+00,2.62E+01,-6.48E+04,-4.53E+03,-1.05E+04
7.22000E+00,1.44E+04,2.40E+01,-1.06E+01,2.63E+01,-6.48E+04,-4.61E+03,-1.56E+04
7.22200E+00,1.44E+04,2.20E+01,-1.43E+01,2.63E+01,-6.48E+04,-4.59E+03,-7.59E+03
7.22400E+00,1.44E+04,1.95E+01,-1.76E+01,2.63E+01,-6.48E+04,-4.62E+03,-2.00E+04
7.22600E+00,1.45E+04,1.63E+01,-2.05E+01,2.62E+01,-6.49E+04,-4.69E+03,-3.75E+04
7.22800E+00,1.45E+04,1.27E+01,-2.27E+01,2.60E+01,-6.49E+04,-4.76E+03,-2.84E+04
7.23000E+00,1.45E+04,8.65E+00,-2.44E+01,2.59E+01,-6.49E+04,-4.82E+03,-3.08E+04
7.23200E+00,1.45E+04,4.42E+00,-2.54E+01,2.58E+01,-6.49E+04,-4.87E+03,-2.34E+04
7.23400E+00,1.45E+04,1.68E-02,-2.57E+01,2.57E+01,-6.49E+04,-4.93E+03,-2.81E+04
7.23600E+00,1.45E+04,-4.38E+00,-2.53E+01,2.57E+01,-6.49E+04,-4.97E+03,-1.91E+04
7.23800E+00,1.45E+04,-8.71E+00,-2.42E+01,2.57E+01,-6.49E+04,-5.01E+03,8.42E+03
7.24000E+00,1.45E+04,-1.28E+01,-2.23E+01,2.57E+01,-6.49E+04,-4.94E+03,2.59E+04
7.24200E+00,1.45E+04,-1.65E+01,-1.99E+01,2.58E+01,-6.49E+04,-4.88E+03,4.05E+04
7.24400E+00,1.45E+04,-1.97E+01,-1.69E+01,2.60E+01,-6.49E+04,-4.81E+03,3.41E+04
7.24600E+00,1.45E+04,-2.23E+01,-1.35E+01,2.61E+01,-6.49E+04,-4.72E+03,3.01E+04
7.24800E+00,1.45E+04,-2.44E+01,-9.74E+00,2.63E+01,-6.50E+04,-4.70E+03,3.62E+04
7.25000E+00,1.45E+04,-2.58E+01,-5.65E+00,2.64E+01,-6.50E+04,-4.58E+03,5.02E+04
7.25200E+00,1.45E+04,-2.64E+01,-1.58E+00,2.64E+01,-6.50E+04,-4.47E+03,3.92E+04
7.25400E+00,1.45E+04,-2.62E+01,2.54E+00,2.64E+01,-6.50E+04,-4.44E+03,-5.55E+03
7.25600E+00,1.45E+04,-2.54E+01,6.50E+00,2.62E+01,-6.50E+04,-4.48E+03,-1.34E+04
7.25800E+00,1.45E+04,-2.38E+01,1.03E+01,2.60E+01,-6.50E+04,-4.52E+03,-2.20E+04
7.26000E+00,1.45E+04,-2.17E+01,1.38E+01,2.57E+01,-6.50E+04,-4.55E+03,-4.33E+04
7.26200E+00,1.45E+04,-1.88E+01,1.67E+01,2.52E+01,-6.50E+04,-4.70E+03,-8.24E+04
7.26400E+00,1.45E+04,-1.54E+01,1.92E+01,2.47E+01,-6.50E+04,-4.89E+03,-8.06E+04
7.26600E+00,1.45E+04,-1.17E+01,2.12E+01,2.42E+01,-6.50E+04,-5.02E+03,-6.77E+04
7.26800E+00,1.45E+04,-7.60E+00,2.25E+01,2.37E+01,-6.51E+04,-5.15E+03,-6.54E+04
7.27000E+00,1.45E+04,-3.35E+00,2.32E+01,2.35E+01,-6.51E+04,-5.29E+03,-5.77E+04
7.27200E+00,1.45E+04,1.01E+00,2.33E+01,2.33E+01,-6.51E+04,-5.38E+03,-1.93E+04
7.27400E+00,1.45E+04,5.37E+00,2.27E+01,2.33E+01,-6.51E+04,-5.37E+03,1.62E+04
7.27600E+00,1.46E+04,9.53E+00,2.14E+01,2.34E+01,-6.51E+04,-5.30E+03,6.09E+04
7.27800E+00,1.46E+04,1.35E+01,1.96E+01,2.37E+01,-6.51E+04,-5.15E+03,7.10E+04
7.28000E+00,1.46E+04,1.69E+01,1.71E+01,2.41E+01,-6.51E+04,-4.99E+03,7.41E+04
7.28200E+00,1.46E+04,1.99E+01,1.42E+01,2.44E+01,-6.51E+04,-4.87E+03,5.50E+04
7.28400E+00,1.46E+04,2.23E+01,1.09E+01,2.48E+01,-6.51E+04,-4.75E+03,5.70E+04
7.28600E+00,1.46E+04,2.42E+01,7.16E+00,2.52E+01,-6.51E+04,-4.66E+03,4.08E+04
7.28800E+00,1.46E+04,2.53E+01,3.25E+00,2.55E+01,-6.52E+04,-4.58E+03,3.27E+04
7.29000E+00,1.46E+04,2.58E+01,-8.13E-01,2.58E+01,-6.52E+04,-4.54E+03,2.43E+04
7.29200E+00,1.46E+04,2.55E+01,-4.89E+00,2.60E+01,-6.52E+04,-4.48E+03,1.86E+04
7.29400E+00,1.46E+04,2.46E+01,-8.82E+00,2.61E+01,-6.52E+04,-4.45E+03,6.80E+02
7.29600E+00,1.46E+04,2.30E+01,-1.25E+01,2.62E+01,-6.52E+04,-4.48E+03,-1.18E+04
7.29800E+00,1.46E+04,2.07E+01,-1.59E+01,2.61E+01,-6.52E+04,-4.51E+03,-2.30E+04
7.30000E+00,1.46E+04,1.78E+01,-1.89E+01,2.60E+01,-6.52E+04,-4.56E+03,-4.03E+04
7.30200E+00,1.46E+04,1.45E+01,-2.15E+01,2.59E+01,-6.52E+04,-4.67E+03,-4.32E+04
7.30400E+00,1.46E+04,1.08E+01,-2.35E+01,2.58E+01,-6.52E+04,-4.74E+03,-2.46E+04
7.30600E+00,1.46E+04,6.70E+00,-2.48E+01,2.57E+01,-6.52E+04,-4.77E+03,-2.09E+04
7.30800E+00,1.46E+04,2.48E+00,-2.55E+01,2.56E+01,-6.52E+04,-4.82E+03,-1.96E+04
7.31000E+00,1.46E+04,-1.86E+00,-2.55E+01,2.56E+01,-6.53E+04,-4.86E+03,-8.10E+03
7.31200E+00,1.46E+04,-6.13E+00,-2.48E+01,2.56E+01,-6.53E+04,-4.85E+03,-1.24E+03
7.31400E+00,1.46E+04,-1.02E+01,-2.35E+01,2.56E+01,-6.53E+04,-4.86E+03,-2.25E+03
7.31600E+00,1.46E+04,-1.41E+01,-2.15E+01,2.57E+01,-6.53E+04,-4.86E+03,1.15E+04
7.31800E+00,1.46E+04,-1.76E+01,-1.89E+01,2.58E+01,-6.53E+04,-4.81E+03,4.52E+04
7.32000E+00,1.46E+04,-2.06E+01,-1.58E+01,2.60E+01,-6.53E+04,-4.69E+03,5.26E+04
7.32200E+00,1.46E+04,-2.30E+01,-1.24E+01,2.62E+01,-6.53E+04,-4.58E+03,5.22E+04
7.32400E+00,1.46E+04,-2.49E+01,-8.62E+00,2.63E+01,-6.53E+04,-4.50E+03,5.14E+04
7.32600E+00,1.47E+04,-2.60E+01,-4.71E+00,2.65E+01,-6.53E+04,-4.37E+03,3.78E+04
7.32800E+00,1.47E+04,-2.64E+01,-7.56E-01,2.65E+01,-6.53E+04,-4.34E+03,8.73E+03
7.33000E+00,1.47E+04,-2.61E+01,3.25E+00,2.63E+01,-6.53E+04,-4.35E+03,3.59E+03
7.33200E+00,1.47E+04,-2.51E+01,7.10E+00,2.61E+01,-6.54E+04,-4.32E+03,-1.63E+04
7.33400E+00,1.47E+04,-2.34E+01,1.06E+01,2.57E+01,-6.54E+04,-4.40E+03,-5.69E+04
7.33600E+00,1.47E+04,-2.11E+01,1.39E+01,2.53E+01,-6.54E+04,-4.57E+03,-8.00E+04
7.33800E+00,1.47E+04,-1.82E+01,1.68E+01,2.48E+01,-6.54E+04,-4.71E+03,-6.97E+04
7.34000E+00,1.47E+04,-1.49E+01,1.92E+01,2.43E+01,-6.54E+04,-4.85E+03,-7.31E+04
7.34200E+00,1.47E+04,-1.12E+01,2.11E+01,2.39E+01,-6.54E+04,-5.00E+03,-7.26E+04
7.34400E+00,1.47E+04,-7.19E+00,2.24E+01,2.35E+01,-6.54E+04,-5.15E+03,-5.97E+04
7.34600E+00,1.47E+04,-3.00E+00,2.31E+01,2.33E+01,-6.54E+04,-5.24E+03,-2.93E+04
7.34800E+00,1.47E+04,1.27E+00,2.32E+01,2.32E+01,-6.54E+04,-5.26E+03,-3.41E+03
7.35000E+00,1.47E+04,5.50E+00,2.26E+01,2.33E+01,-6.54E+04,-5.25E+03,3.25E+04
7.35200E+00,1.47E+04,9.59E+00,2.14E+01,2.35E+01,-6.55E+04,-5.14E+03,5.44E+04
7.35400E+00,1.47E+04,1.34E+01,1.97E+01,2.38E+01,-6.55E+04,-5.01E+03,5.48E+04
7.35600E+00,1.47E+04,1.68E+01,1.73E+01,2.41E+01,-6.55E+04,-4.93E+03,6.06E+04
7.35800E+00,1.47E+04,1.98E+01,1.44E+01,2.44E+01,-6.55E+04,-4.78E+03,6.19E+04
7.36000E+00,1.47E+04,2.22E+01,1.12E+01,2.48E+01,-6.55E+04,-4.66E+03,6.82E+04
7.36200E+00,1.47E+04,2.41E+01,7.54E+00,2.52E+01,-6.55E+04,-4.54E+03,4.71E+04
7.36400E+00,1.47E+04,2.51E+01,3.79E+00,2.54E+01,-6.55E+04,-4.44E+03,3.32E+04
7.36600E+00,1.47E+04,2.57E+01,-1.51E-01,2.57E+01,-6.55E+04,-4.43E+03,1.60E+04
7.36800E+00,1.47E+04,2.56E+01,-4.11E+00,2.59E+01,-6.55E+04,-4.37E+03,2.01E+04
7.37000E+00,1.47E+04,2.47E+01,-7.95E+00,2.60E+01,-6.55E+04,-4.34E+03,-4.14E+03
7.37200E+00,1.47E+04,2.33E+01,-1.16E+01,2.60E+01,-6.55E+04,-4.39E+03,-2.83E+04
7.37400E+00,1.47E+04,2.11E+01,-1.50E+01,2.59E+01,-6.56E+04,-4.46E+03,-3.14E+04
7.37600E+00,1.48E+04,1.85E+01,-1.81E+01,2.58E+01,-6.56E+04,-4.51E+03,-3.77E+04
7.37800E+00,1.48E+04,1.54E+01,-2.07E+01,2.58E+01,-6.56E+04,-4.60E+03,-3.44E+04
7.38000E+00,1.48E+04,1.18E+01,-2.28E+01,2.57E+01,-6.56E+04,-4.67E+03,-2.72E+04
7.38200E+00,1.48E+04,7.87E+00,-2.43E+01,2.56E+01,-6.56E+04,-4.69E+03,-1.27E+04
7.38400E+00,1.48E+04,3.75E+00,-2.52E+01,2.55E+01,-6.56E+04,-4.73E+03,-2.27E+04
7.38600E+00,1.48E+04,-4.39E-01,-2.54E+01,2.54E+01,-6.56E+04,-4.77E+03,-1.99E+04
7.38800E+00,1.48E+04,-4.69E+00,-2.50E+01,2.54E+01,-6.56E+04,-4.82E+03,-2.00E+04
7.39000E+00,1.48E+04,-8.81E+00,-2.38E+01,2.54E+01,-6.56E+04,-4.84E+03,2.07E+04
7.39200E+00,1.48E+04,-1.28E+01,-2.21E+01,2.55E+01,-6.56E+04,-4.76E+03,3.96E+04
7.39400E+00,1.48E+04,-1.63E+01,-1.99E+01,2.57E+01,-6.56E+04,-4.65E+03,3.87E+04
7.39600E+00,1.48E+04,-1.94E+01,-1.71E+01,2.59E+01,-6.57E+04,-4.63E+03,3.90E+04
7.39800E+00,1.48E+04,-2.20E+01,-1.39E+01,2.61E+01,-6.57E+04,-4.50E+03,6.29E+04
7.40000E+00,1.48E+04,-2.41E+01,-1.04E+01,2.62E+01,-6.57E+04,-4.36E+03,5.49E+04
7.40200E+00,1.48E+04,-2.55E+01,-6.72E+00,2.64E+01,-6.57E+04,-4.29E+03,3.30E+04
7.40400E+00,1.48E+04,-2.62E+01,-2.87E+00,2.64E+01,-6.57E+04,-4.23E+03,1.48E+04
7.40600E+00,1.48E+04,-2.63E+01,9.94E-01,2.64E+01,-6.57E+04,-4.22E+03,1.09E+04
7.40800E+00,1.48E+04,-2.58E+01,4.84E+00,2.62E+01,-6.57E+04,-4.20E+03,-2.01E+04
7.41000E+00,1.48E+04,-2.44E+01,8.39E+00,2.58E+01,-6.57E+04,-4.27E+03,-3.50E+04
7.41200E+00,1.48E+04,-2.26E+01,1.19E+01,2.55E+01,-6.57E+04,-4.38E+03,-6.39E+04
7.41400E+00,1.48E+04,-2.01E+01,1.49E+01,2.50E+01,-6.57E+04,-4.49E+03,-7.52E+04
7.41600E+00,1.48E+04,-1.71E+01,1.75E+01,2.45E+01,-6.57E+04,-4.70E+03,-8.87E+04
7.41800E+00,1.48E+04,-1.37E+01,1.98E+01,2.40E+01,-6.58E+04,-4.85E+03,-6.69E+04
7.42000E+00,1.48E+04,-9.98E+00,2.15E+01,2.37E+01,-6.58E+04,-4.96E+03,-5.95E+04
7.42200E+00,1.48E+04,-6.01E+00,2.26E+01,2.34E+01,-6.58E+04,-5.08E+03,-4.39E+04
7.42400E+00,1.48E+04,-1.86E+00,2.32E+01,2.32E+01,-6.58E+04,-5.15E+03,-9.99E+03
7.42600E+00,1.49E+04,2.32E+00,2.31E+01,2.32E+01,-6.58E+04,-5.12E+03,2.93E+04
7.42800E+00,1.49E+04,6.40E+00,2.25E+01,2.34E+01,-6.58E+04,-5.03E+03,3.81E+04
7.43000E+00,1.49E+04,1.03E+01,2.12E+01,2.36E+01,-6.58E+04,-4.96E+03,4.39E+04
7.43200E+00,1.49E+04,1.39E+01,1.93E+01,2.38E+01,-6.58E+04,-4.87E+03,4.64E+04
7.43400E+00,1.49E+04,1.71E+01,1.70E+01,2.41E+01,-6.58E+04,-4.76E+03,6.19E+04
7.43600E+00,1.49E+04,2.00E+01,1.41E+01,2.45E+01,-6.58E+04,-4.63E+03,4.43E+04
7.43800E+00,1.49E+04,2.23E+01,1.09E+01,2.48E+01,-6.59E+04,-4.56E+03,4.10E+04
7.44000E+00,1.49E+04,2.40E+01,7.35E+00,2.51E+01,-6.59E+04,-4.50E+03,3.20E+04
7.44200E+00,1.49E+04,2.52E+01,3.62E+00,2.54E+01,-6.59E+04,-4.41E+03,5.92E+04
7.44400E+00,1.49E+04,2.55E+01,-2.76E-01,2.55E+01,-6.59E+04,-4.29E+03,1.80E+04
7.44600E+00,1.49E+04,2.54E+01,-4.01E+00,2.57E+01,-6.59E+04,-4.29E+03,4.28E+03
7.44800E+00,1.49E+04,2.45E+01,-7.86E+00,2.58E+01,-6.59E+04,-4.33E+03,-2.91E+04
7.45000E+00,1.49E+04,2.31E+01,-1.14E+01,2.58E+01,-6.59E+04,-4.35E+03,-1.38E+04
7.45200E+00,1.49E+04,2.10E+01,-1.48E+01,2.57E+01,-6.59E+04,-4.43E+03,-3.18E+04
7.45400E+00,1.49E+04,1.84E+01,-1.78E+01,2.56E+01,-6.59E+04,-4.45E+03,-3.08E+04
7.45600E+00,1.49E+04,1.54E+01,-2.04E+01,2.56E+01,-6.59E+04,-4.56E+03,-3.71E+04
7.45800E+00,1.49E+04,1.19E+01,-2.26E+01,2.55E+01,-6.59E+04,-4.61E+03,-1.67E+04
7.46000E+00,1.49E+04,8.09E+00,-2.41E+01,2.54E+01,-6.60E+04,-4.61E+03,-1.45E+04
7.46200E+00,1.49E+04,4.09E+00,-2.50E+01,2.53E+01,-6.60E+04,-4.67E+03,-2.13E+04
7.46400E+00,1.49E+04,-4.16E-02,-2.53E+01,2.53E+01,-6.60E+04,-4.71E+03,-9.86E+03
7.46600E+00,1.49E+04,-4.17E+00,-2.49E+01,2.52E+01,-6.60E+04,-4.70E+03,5.38E+02
7.46800E+00,1.49E+04,-8.20E+00,-2.39E+01,2.53E+01,-6.60E+04,-4.70E+03,3.62E+03
7.47000E+00,1.49E+04,-1.21E+01,-2.24E+01,2.54E+01,-6.60E+04,-4.69E+03,2.24E+04
7.47200E+00,1.49E+04,-1.57E+01,-2.03E+01,2.56E+01,-6.60E+04,-4.62E+03,6.03E+04
7.47400E+00,1.49E+04,-1.88E+01,-1.77E+01,2.58E+01,-6.60E+04,-4.45E+03,6.19E+04
7.47600E+00,1.50E+04,-2.15E+01,-1.48E+01,2.61E+01,-6.60E+04,-4.35E+03,4.95E+04
7.47800E+00,1.50E+04,-2.36E+01,-1.14E+01,2.62E+01,-6.60E+04,-4.28E+03,5.13E+04
7.48000E+00,1.50E+04,-2.52E+01,-7.90E+00,2.64E+01,-6.60E+04,-4.13E+03,5.82E+04
7.48200E+00,1.50E+04,-2.62E+01,-4.27E+00,2.65E+01,-6.61E+04,-4.04E+03,1.15E+04
7.48400E+00,1.50E+04,-2.63E+01,-5.75E-01,2.63E+01,-6.61E+04,-4.08E+03,-1.90E+04
7.48600E+00,1.50E+04,-2.60E+01,3.22E+00,2.62E+01,-6.61E+04,-4.14E+03,-1.76E+04
7.48800E+00,1.50E+04,-2.50E+01,6.84E+00,2.59E+01,-6.61E+04,-4.14E+03,-2.92E+04
7.49000E+00,1.50E+04,-2.34E+01,1.02E+01,2.55E+01,-6.61E+04,-4.25E+03,-7.27E+04
7.49200E+00,1.50E+04,-2.11E+01,1.34E+01,2.50E+01,-6.61E+04,-4.44E+03,-8.25E+04
7.49400E+00,1.50E+04,-1.84E+01,1.62E+01,2.45E+01,-6.61E+04,-4.58E+03,-7.28E+04
7.49600E+00,1.50E+04,-1.53E+01,1.86E+01,2.41E+01,-6.61E+04,-4.72E+03,-7.14E+04
7.49800E+00,1.50E+04,-1.18E+01,2.06E+01,2.37E+01,-6.61E+04,-4.88E+03,-6.18E+04
7.50000E+00,1.50E+04,-7.96E+00,2.20E+01,2.34E+01,-6.61E+04,-4.97E+03,-3.01E+04
7.50200E+00,1.50E+04,-3.99E+00,2.29E+01,2.33E+01,-6.61E+04,-4.99E+03,-8.24E+03
7.50400E+00,1.50E+04,4.41E-02,2.32E+01,2.32E+01,-6.62E+04,-5.00E+03,1.00E+04
7.50600E+00,1.50E+04,4.10E+00,2.29E+01,2.33E+01,-6.62E+04,-4.96E+03,2.15E+04
7.50800E+00,1.50E+04,8.01E+00,2.21E+01,2.35E+01,-6.62E+04,-4.90E+03,3.11E+04
7.51000E+00,1.50E+04,1.17E+01,2.06E+01,2.37E+01,-6.62E+04,-4.85E+03,4.89E+04
7.51200E+00,1.50E+04,1.52E+01,1.86E+01,2.40E+01,-6.62E+04,-4.71E+03,5.66E+04
7.51400E+00,1.50E+04,1.82E+01,1.61E+01,2.43E+01,-6.62E+04,-4.60E+03,5.94E+04
7.51600E+00,1.50E+04,2.08E+01,1.31E+01,2.46E+01,-6.62E+04,-4.49E+03,4.88E+04
7.51800E+00,1.50E+04,2.28E+01,9.91E+00,2.49E+01,-6.62E+04,-4.39E+03,4.96E+04
7.52000E+00,1.50E+04,2.44E+01,6.41E+00,2.52E+01,-6.62E+04,-4.31E+03,2.09E+04
7.52200E+00,1.50E+04,2.52E+01,2.74E+00,2.54E+01,-6.62E+04,-4.28E+03,3.19E+04
7.52400E+00,1.50E+04,2.55E+01,-1.08E+00,2.55E+01,-6.62E+04,-4.21E+03,1.94E+04
7.52600E+00,1.51E+04,2.52E+01,-4.74E+00,2.57E+01,-6.63E+04,-4.17E+03,-1.41E+04
7.52800E+00,1.51E+04,2.42E+01,-8.39E+00,2.57E+01,-6.63E+04,-4.29E+03,-3.74E+04
7.53000E+00,1.51E+04,2.26E+01,-1.19E+01,2.56E+01,-6.63E+04,-4.33E+03,-2.14E+04
7.53200E+00,1.51E+04,2.06E+01,-1.52E+01,2.56E+01,-6.63E+04,-4.35E+03,-2.15E+04
7.53400E+00,1.51E+04,1.79E+01,-1.81E+01,2.55E+01,-6.63E+04,-4.43E+03,-2.74E+04
7.53600E+00,1.51E+04,1.49E+01,-2.06E+01,2.55E+01,-6.63E+04,-4.46E+03,-1.40E+04
7.53800E+00,1.51E+04,1.15E+01,-2.26E+01,2.54E+01,-6.63E+04,-4.48E+03,-1.66E+04
7.54000E+00,1.51E+04,7.79E+00,-2.40E+01,2.53E+01,-6.63E+04,-4.53E+03,-2.82E+04
7.54200E+00,1.51E+04,3.86E+00,-2.49E+01,2.52E+01,-6.63E+04,-4.59E+03,-2.24E+04
7.54400E+00,1.51E+04,-1.88E-01,-2.51E+01,2.51E+01,-6.63E+04,-4.62E+03,-9.30E+03
7.54600E+00,1.51E+04,-4.23E+00,-2.48E+01,2.52E+01,-6.63E+04,-4.63E+03,3.20E+03
7.54800E+00,1.51E+04,-8.18E+00,-2.38E+01,2.52E+01,-6.63E+04,-4.61E+03,2.76E+04
7.55000E+00,1.51E+04,-1.19E+01,-2.23E+01,2.53E+01,-6.64E+04,-4.52E+03,4.07E+04
7.55200E+00,1.51E+04,-1.54E+01,-2.04E+01,2.55E+01,-6.64E+04,-4.43E+03,4.43E+04
7.55400E+00,1.51E+04,-1.85E+01,-1.80E+01,2.58E+01,-6.64E+04,-4.36E+03,4.48E+04
7.55600E+00,1.51E+04,-2.12E+01,-1.51E+01,2.60E+01,-6.64E+04,-4.25E+03,5.60E+04
7.55800E+00,1.51E+04,-2.33E+01,-1.19E+01,2.62E+01,-6.64E+04,-4.14E+03,4.24E+04
7.56000E+00,1.51E+04,-2.48E+01,-8.53E+00,2.62E+01,-6.64E+04,-4.07E+03,4.06E+04
7.56200E+00,1.51E+04,-2.59E+01,-4.96E+00,2.64E+01,-6.64E+04,-3.99E+03,1.87E+04
7.56400E+00,1.51E+04,-2.61E+01,-1.38E+00,2.62E+01,-6.64E+04,-3.97E+03,-7.93E+02
7.56600E+00,1.51E+04,-2.59E+01,2.28E+00,2.60E+01,-6.64E+04,-4.02E+03,-3.89E+04
7.56800E+00,1.51E+04,-2.51E+01,5.83E+00,2.58E+01,-6.64E+04,-4.11E+03,-4.55E+04
7.57000E+00,1.51E+04,-2.36E+01,9.29E+00,2.54E+01,-6.64E+04,-4.22E+03,-5.31E+04
7.57200E+00,1.51E+04,-2.16E+01,1.25E+01,2.50E+01,-6.64E+04,-4.31E+03,-6.30E+04
7.57400E+00,1.51E+04,-1.91E+01,1.53E+01,2.45E+01,-6.65E+04,-4.47E+03,-8.95E+04
7.57600E+00,1.52E+04,-1.62E+01,1.79E+01,2.41E+01,-6.65E+04,-4.67E+03,-7.25E+04
7.57800E+00,1.52E+04,-1.28E+01,2.00E+01,2.38E+01,-6.65E+04,-4.77E+03,-3.92E+04
7.58000E+00,1.52E+04,-9.21E+00,2.16E+01,2.35E+01,-6.65E+04,-4.81E+03,-3.45E+04
7.58200E+00,1.52E+04,-5.39E+00,2.27E+01,2.33E+01,-6.65E+04,-4.91E+03,-3.65E+04
7.58400E+00,1.52E+04,-1.40E+00,2.32E+01,2.32E+01,-6.65E+04,-4.97E+03,-3.67E+03
7.58600E+00,1.52E+04,2.63E+00,2.31E+01,2.33E+01,-6.65E+04,-4.92E+03,3.62E+04
7.58800E+00,1.52E+04,6.55E+00,2.25E+01,2.34E+01,-6.65E+04,-4.82E+03,4.43E+04
7.59000E+00,1.52E+04,1.03E+01,2.13E+01,2.36E+01,-6.65E+04,-4.74E+03,4.74E+04
7.59200E+00,1.52E+04,1.38E+01,1.95E+01,2.39E+01,-6.65E+04,-4.64E+03,4.08E+04
7.59400E+00,1.52E+04,1.69E+01,1.73E+01,2.42E+01,-6.66E+04,-4.56E+03,5.40E+04
7.59600E+00,1.52E+04,1.97E+01,1.46E+01,2.45E+01,-6.66E+04,-4.45E+03,4.84E+04
7.59800E+00,1.52E+04,2.20E+01,1.16E+01,2.48E+01,-6.66E+04,-4.34E+03,5.90E+04
7.60000E+00,1.52E+04,2.37E+01,8.25E+00,2.51E+01,-6.66E+04,-4.24E+03,3.59E+04
7.60200E+00,1.52E+04,2.48E+01,4.78E+00,2.53E+01,-6.66E+04,-4.17E+03,2.96E+04
7.60400E+00,1.52E+04,2.55E+01,1.12E+00,2.55E+01,-6.66E+04,-4.15E+03,2.25E+04
7.60600E+00,1.52E+04,2.56E+01,-2.55E+00,2.57E+01,-6.66E+04,-4.07E+03,6.19E+03
7.60800E+00,1.52E+04,2.49E+01,-6.10E+00,2.57E+01,-6.66E+04,-4.11E+03,-2.87E+04
7.61000E+00,1.52E+04,2.38E+01,-9.67E+00,2.57E+01,-6.66E+04,-4.21E+03,-4.04E+04
7.61200E+00,1.52E+04,2.21E+01,-1.30E+01,2.56E+01,-6.66E+04,-4.26E+03,-2.17E+04
7.61400E+00,1.52E+04,1.98E+01,-1.61E+01,2.56E+01,-6.66E+04,-4.30E+03,-2.10E+04
7.61600E+00,1.52E+04,1.71E+01,-1.89E+01,2.55E+01,-6.66E+04,-4.34E+03,-1.84E+04
7.61800E+00,1.52E+04,1.40E+01,-2.12E+01,2.54E+01,-6.67E+04,-4.38E+03,-2.42E+04
7.62000E+00,1.52E+04,1.06E+01,-2.30E+01,2.53E+01,-6.67E+04,-4.43E+03,-2.34E+04
7.62200E+00,1.52E+04,6.86E+00,-2.43E+01,2.52E+01,-6.67E+04,-4.48E+03,-2.50E+04
7.62400E+00,1.52E+04,2.97E+00,-2.49E+01,2.51E+01,-6.67E+04,-4.52E+03,-1.79E+04
7.62600E+00,1.53E+04,-1.00E+00,-2.50E+01,2.51E+01,-6.67E+04,-4.56E+03,-1.44E+03
7.62800E+00,1.53E+04,-4.97E+00,-2.46E+01,2.51E+01,-6.67E+04,-4.53E+03,1.59E+04
7.63000E+00,1.53E+04,-8.78E+00,-2.36E+01,2.52E+01,-6.67E+04,-4.48E+03,2.28E+04
7.63200E+00,1.53E+04,-1.24E+01,-2.21E+01,2.54E+01,-6.67E+04,-4.44E+03,4.73E+04
7.63400E+00,1.53E+04,-1.58E+01,-2.01E+01,2.56E+01,-6.67E+04,-4.30E+03,7.28E+04
7.63600E+00,1.53E+04,-1.88E+01,-1.78E+01,2.58E+01,-6.67E+04,-4.13E+03,6.22E+04
7.63800E+00,1.53E+04,-2.13E+01,-1.51E+01,2.61E+01,-6.67E+04,-4.06E+03,3.22E+04
7.64000E+00,1.53E+04,-2.33E+01,-1.20E+01,2.62E+01,-6.68E+04,-4.01E+03,1.65E+04
7.64200E+00,1.53E+04,-2.48E+01,-8.67E+00,2.63E+01,-6.68E+04,-3.98E+03,2.24E+04
7.64400E+00,1.53E+04,-2.58E+01,-5.15E+00,2.64E+01,-6.68E+04,-3.93E+03,6.64E+03
7.64600E+00,1.53E+04,-2.61E+01,-1.60E+00,2.61E+01,-6.68E+04,-3.93E+03,-3.34E+03
7.64800E+00,1.53E+04,-2.60E+01,2.03E+00,2.60E+01,-6.68E+04,-3.97E+03,-2.87E+04
7.65000E+00,1.53E+04,-2.50E+01,5.50E+00,2.56E+01,-6.68E+04,-4.03E+03,-4.64E+04
7.65200E+00,1.53E+04,-2.38E+01,8.92E+00,2.54E+01,-6.68E+04,-4.17E+03,-6.30E+04
7.65400E+00,1.53E+04,-2.18E+01,1.21E+01,2.50E+01,-6.68E+04,-4.28E+03,-6.39E+04
7.65600E+00,1.53E+04,-1.94E+01,1.50E+01,2.45E+01,-6.68E+04,-4.41E+03,-6.59E+04
7.65800E+00,1.53E+04,-1.65E+01,1.75E+01,2.41E+01,-6.68E+04,-4.56E+03,-5.94E+04
7.66000E+00,1.53E+04,-1.33E+01,1.97E+01,2.38E+01,-6.68E+04,-4.65E+03,-3.73E+04
7.66200E+00,1.53E+04,-9.80E+00,2.13E+01,2.35E+01,-6.68E+04,-4.71E+03,-3.90E+04
7.66400E+00,1.53E+04,-6.12E+00,2.25E+01,2.33E+01,-6.69E+04,-4.80E+03,-3.29E+04
7.66600E+00,1.53E+04,-2.22E+00,2.31E+01,2.32E+01,-6.69E+04,-4.86E+03,-8.79E+02
7.66800E+00,1.53E+04,1.71E+00,2.32E+01,2.33E+01,-6.69E+04,-4.80E+03,4.40E+04
7.67000E+00,1.53E+04,5.54E+00,2.27E+01,2.34E+01,-6.69E+04,-4.68E+03,3.99E+04
7.67200E+00,1.53E+04,9.19E+00,2.17E+01,2.36E+01,-6.69E+04,-4.62E+03,3.58E+04
7.67400E+00,1.53E+04,1.27E+01,2.02E+01,2.39E+01,-6.69E+04,-4.56E+03,4.84E+04
7.67600E+00,1.54E+04,1.59E+01,1.82E+01,2.42E+01,-6.69E+04,-4.41E+03,6.57E+04
7.67800E+00,1.54E+04,1.87E+01,1.57E+01,2.44E+01,-6.69E+04,-4.30E+03,5.00E+04
7.68000E+00,1.54E+04,2.10E+01,1.30E+01,2.47E+01,-6.69E+04,-4.21E+03,1.20E+04
7.68200E+00,1.54E+04,2.29E+01,9.88E+00,2.50E+01,-6.69E+04,-4.24E+03,4.03E+04
7.68400E+00,1.54E+04,2.44E+01,6.42E+00,2.53E+01,-6.69E+04,-4.10E+03,2.25E+04
7.68600E+00,1.54E+04,2.52E+01,3.05E+00,2.54E+01,-6.70E+04,-4.06E+03,2.67E+04
7.68800E+00,1.54E+04,2.55E+01,-6.84E-01,2.55E+01,-6.70E+04,-4.09E+03,-9.53E+03
7.69000E+00,1.54E+04,2.52E+01,-4.19E+00,2.55E+01,-6.70E+04,-4.03E+03,-1.39E+04
7.69200E+00,1.54E+04,2.43E+01,-7.74E+00,2.55E+01,-6.70E+04,-4.17E+03,-5.07E+04
7.69400E+00,1.54E+04,2.29E+01,-1.12E+01,2.55E+01,-6.70E+04,-4.24E+03,-1.03E+04
7.69600E+00,1.54E+04,2.10E+01,-1.45E+01,2.55E+01,-6.70E+04,-4.21E+03,2.66E+03
7.69800E+00,1.54E+04,1.86E+01,-1.74E+01,2.55E+01,-6.70E+04,-4.21E+03,-1.12E+04
7.70000E+00,1.54E+04,1.58E+01,-1.98E+01,2.53E+01,-6.70E+04,-4.27E+03,-3.12E+04
7.70200E+00,1.54E+04,1.26E+01,-2.19E+01,2.52E+01,-6.70E+04,-4.33E+03,-2.73E+04
7.70400E+00,1.54E+04,9.10E+00,-2.35E+01,2.52E+01,-6.70E+04,-4.39E+03,-2.57E+04
7.70600E+00,1.54E+04,5.40E+00,-2.45E+01,2.51E+01,-6.70E+04,-4.42E+03,-6.59E+03
7.70800E+00,1.54E+04,1.53E+00,-2.50E+01,2.50E+01,-6.70E+04,-4.43E+03,8.62E+02
7.71000E+00,1.54E+04,-2.30E+00,-2.49E+01,2.50E+01,-6.71E+04,-4.41E+03,1.35E+03
7.71200E+00,1.54E+04,-6.12E+00,-2.43E+01,2.51E+01,-6.71E+04,-4.43E+03,2.17E+04
7.71400E+00,1.54E+04,-9.86E+00,-2.33E+01,2.53E+01,-6.71E+04,-4.34E+03,4.75E+04
7.71600E+00,1.54E+04,-1.33E+01,-2.17E+01,2.54E+01,-6.71E+04,-4.21E+03,6.38E+04
7.71800E+00,1.54E+04,-1.65E+01,-1.98E+01,2.57E+01,-6.71E+04,-4.10E+03,4.24E+04
7.72000E+00,1.54E+04,-1.92E+01,-1.74E+01,2.59E+01,-6.71E+04,-4.02E+03,4.99E+04
7.72200E+00,1.54E+04,-2.16E+01,-1.46E+01,2.61E+01,-6.71E+04,-3.93E+03,3.17E+04
7.72400E+00,1.54E+04,-2.35E+01,-1.17E+01,2.63E+01,-6.71E+04,-3.86E+03,4.23E+03
7.72600E+00,1.55E+04,-2.49E+01,-8.40E+00,2.62E+01,-6.71E+04,-3.93E+03,-2.94E+03
7.72800E+00,1.55E+04,-2.58E+01,-4.89E+00,2.63E+01,-6.71E+04,-3.89E+03,-3.31E+02
7.73000E+00,1.55E+04,-2.60E+01,-1.41E+00,2.60E+01,-6.71E+04,-3.89E+03,-2.72E+03
7.73200E+00,1.55E+04,-2.58E+01,2.18E+00,2.59E+01,-6.71E+04,-3.94E+03,-3.64E+04
7.73400E+00,1.55E+04,-2.49E+01,5.58E+00,2.55E+01,-6.72E+04,-4.00E+03,-4.56E+04
7.73600E+00,1.55E+04,-2.36E+01,8.98E+00,2.53E+01,-6.72E+04,-4.14E+03,-5.60E+04
7.73800E+00,1.55E+04,-2.17E+01,1.21E+01,2.49E+01,-6.72E+04,-4.22E+03,-5.19E+04
7.74000E+00,1.55E+04,-1.93E+01,1.49E+01,2.44E+01,-6.72E+04,-4.34E+03,-6.45E+04
7.74200E+00,1.55E+04,-1.65E+01,1.74E+01,2.40E+01,-6.72E+04,-4.49E+03,-6.35E+04
7.74400E+00,1.55E+04,-1.34E+01,1.96E+01,2.37E+01,-6.72E+04,-4.59E+03,-3.31E+04
7.74600E+00,1.55E+04,-9.93E+00,2.12E+01,2.34E+01,-6.72E+04,-4.63E+03,-3.04E+04
7.74800E+00,1.55E+04,-6.34E+00,2.24E+01,2.33E+01,-6.72E+04,-4.70E+03,-1.89E+04
7.75000E+00,1.55E+04,-2.54E+00,2.31E+01,2.33E+01,-6.72E+04,-4.73E+03,3.25E+03
7.75200E+00,1.55E+04,1.27E+00,2.32E+01,2.33E+01,-6.72E+04,-4.66E+03,3.00E+04
7.75400E+00,1.55E+04,5.03E+00,2.29E+01,2.34E+01,-6.72E+04,-4.61E+03,3.62E+04
7.75600E+00,1.55E+04,8.69E+00,2.20E+01,2.36E+01,-6.73E+04,-4.53E+03,3.46E+04
7.75800E+00,1.55E+04,1.21E+01,2.06E+01,2.39E+01,-6.73E+04,-4.46E+03,4.41E+04
7.76000E+00,1.55E+04,1.53E+01,1.86E+01,2.41E+01,-6.73E+04,-4.37E+03,3.27E+04
7.76200E+00,1.55E+04,1.81E+01,1.63E+01,2.44E+01,-6.73E+04,-4.30E+03,3.74E+04
7.76400E+00,1.55E+04,2.06E+01,1.35E+01,2.46E+01,-6.73E+04,-4.25E+03,4.53E+04
7.76600E+00,1.55E+04,2.26E+01,1.05E+01,2.49E+01,-6.73E+04,-4.11E+03,6.06E+04
7.76800E+00,1.55E+04,2.40E+01,7.33E+00,2.51E+01,-6.73E+04,-4.00E+03,1.90E+04
7.77000E+00,1.55E+04,2.50E+01,3.96E+00,2.53E+01,-6.73E+04,-4.02E+03,1.87E+04
7.77200E+00,1.55E+04,2.55E+01,3.77E-01,2.55E+01,-6.73E+04,-3.96E+03,-3.08E+03
7.77400E+00,1.55E+04,2.53E+01,-3.04E+00,2.55E+01,-6.73E+04,-3.98E+03,-1.44E+04
7.77600E+00,1.56E+04,2.47E+01,-6.64E+00,2.55E+01,-6.73E+04,-4.08E+03,-2.99E+04
7.77800E+00,1.56E+04,2.35E+01,-1.00E+01,2.55E+01,-6.73E+04,-4.07E+03,3.39E+03
7.78000E+00,1.56E+04,2.18E+01,-1.33E+01,2.55E+01,-6.74E+04,-4.08E+03,-9.13E+03
7.78200E+00,1.56E+04,1.96E+01,-1.62E+01,2.54E+01,-6.74E+04,-4.10E+03,-2.00E+04
7.78400E+00,1.56E+04,1.70E+01,-1.87E+01,2.53E+01,-6.74E+04,-4.16E+03,-3.06E+04
7.78600E+00,1.56E+04,1.41E+01,-2.09E+01,2.52E+01,-6.74E+04,-4.22E+03,-2.59E+04
7.78800E+00,1.56E+04,1.08E+01,-2.27E+01,2.51E+01,-6.74E+04,-4.26E+03,-2.59E+04
7.79000E+00,1.56E+04,7.24E+00,-2.39E+01,2.50E+01,-6.74E+04,-4.32E+03,-1.61E+04
7.79200E+00,1.56E+04,3.53E+00,-2.47E+01,2.50E+01,-6.74E+04,-4.34E+03,-4.08E+03
7.79400E+00,1.56E+04,-2.25E-01,-2.50E+01,2.50E+01,-6.74E+04,-4.32E+03,8.00E+03
7.79600E+00,1.56E+04,-4.00E+00,-2.47E+01,2.51E+01,-6.74E+04,-4.31E+03,1.53E+04
7.79800E+00,1.56E+04,-7.69E+00,-2.40E+01,2.52E+01,-6.74E+04,-4.26E+03,3.12E+04
7.80000E+00,1.56E+04,-1.12E+01,-2.28E+01,2.54E+01,-6.74E+04,-4.19E+03,5.45E+04
7.80200E+00,1.56E+04,-1.45E+01,-2.11E+01,2.57E+01,-6.74E+04,-4.05E+03,5.38E+04
7.80400E+00,1.56E+04,-1.74E+01,-1.91E+01,2.59E+01,-6.75E+04,-3.95E+03,4.60E+04
7.80600E+00,1.56E+04,-2.00E+01,-1.66E+01,2.60E+01,-6.75E+04,-3.89E+03,2.42E+04
7.80800E+00,1.56E+04,-2.22E+01,-1.39E+01,2.62E+01,-6.75E+04,-3.84E+03,2.87E+04
7.81000E+00,1.56E+04,-2.40E+01,-1.08E+01,2.63E+01,-6.75E+04,-3.79E+03,-1.97E+03
7.81200E+00,1.56E+04,-2.51E+01,-7.61E+00,2.63E+01,-6.75E+04,-3.82E+03,2.40E+02
7.81400E+00,1.56E+04,-2.59E+01,-4.13E+00,2.62E+01,-6.75E+04,-3.83E+03,-2.54E+04
7.81600E+00,1.56E+04,-2.60E+01,-6.95E-01,2.60E+01,-6.75E+04,-3.87E+03,-2.35E+04
7.81800E+00,1.56E+04,-2.57E+01,2.89E+00,2.58E+01,-6.75E+04,-3.97E+03,-2.45E+04
7.82000E+00,1.56E+04,-2.47E+01,6.31E+00,2.55E+01,-6.75E+04,-3.95E+03,-2.02E+04
7.82200E+00,1.56E+04,-2.32E+01,9.49E+00,2.51E+01,-6.75E+04,-4.04E+03,-5.22E+04
7.82400E+00,1.56E+04,-2.13E+01,1.25E+01,2.47E+01,-6.75E+04,-4.18E+03,-6.76E+04
7.82600E+00,1.57E+04,-1.89E+01,1.53E+01,2.44E+01,-6.75E+04,-4.30E+03,-6.04E+04
7.82800E+00,1.57E+04,-1.62E+01,1.77E+01,2.40E+01,-6.75E+04,-4.42E+03,-4.10E+04
7.83000E+00,1.57E+04,-1.31E+01,1.98E+01,2.38E+01,-6.76E+04,-4.47E+03,-1.96E+04
7.83200E+00,1.57E+04,-9.73E+00,2.14E+01,2.35E+01,-6.76E+04,-4.49E+03,-2.67E+04
7.83400E+00,1.57E+04,-6.22E+00,2.26E+01,2.34E+01,-6.76E+04,-4.58E+03,-2.35E+04
7.83600E+00,1.57E+04,-2.50E+00,2.32E+01,2.34E+01,-6.76E+04,-4.60E+03,3.42E+03
7.83800E+00,1.57E+04,1.22E+00,2.34E+01,2.34E+01,-6.76E+04,-4.55E+03,2.09E+04
7.84000E+00,1.57E+04,4.91E+00,2.30E+01,2.35E+01,-6.76E+04,-4.52E+03,3.71E+04
7.84200E+00,1.57E+04,8.52E+00,2.21E+01,2.37E+01,-6.76E+04,-4.41E+03,4.76E+04
7.84400E+00,1.57E+04,1.18E+01,2.08E+01,2.39E+01,-6.76E+04,-4.30E+03,4.26E+04
7.84600E+00,1.57E+04,1.50E+01,1.89E+01,2.41E+01,-6.76E+04,-4.26E+03,3.38E+04
7.84800E+00,1.57E+04,1.77E+01,1.67E+01,2.44E+01,-6.76E+04,-4.17E+03,3.85E+04
7.85000E+00,1.57E+04,2.02E+01,1.42E+01,2.47E+01,-6.76E+04,-4.10E+03,3.04E+04
7.85200E+00,1.57E+04,2.22E+01,1.13E+01,2.49E+01,-6.77E+04,-4.05E+03,2.38E+04
7.85400E+00,1.57E+04,2.37E+01,8.10E+00,2.51E+01,-6.77E+04,-4.00E+03,3.18E+04
7.85600E+00,1.57E+04,2.47E+01,4.76E+00,2.52E+01,-6.77E+04,-3.93E+03,2.72E+04
7.85800E+00,1.57E+04,2.53E+01,1.38E+00,2.54E+01,-6.77E+04,-3.88E+03,-5.20E+03
7.86000E+00,1.57E+04,2.53E+01,-2.05E+00,2.53E+01,-6.77E+04,-3.95E+03,-2.46E+04
7.86200E+00,1.57E+04,2.48E+01,-5.57E+00,2.54E+01,-6.77E+04,-4.00E+03,-1.34E+04
7.86400E+00,1.57E+04,2.37E+01,-8.94E+00,2.54E+01,-6.77E+04,-3.99E+03,-5.66E+03
7.86600E+00,1.57E+04,2.22E+01,-1.21E+01,2.53E+01,-6.77E+04,-4.02E+03,-1.98E+04
7.86800E+00,1.57E+04,2.02E+01,-1.51E+01,2.52E+01,-6.77E+04,-4.07E+03,-2.40E+04
7.87000E+00,1.57E+04,1.78E+01,-1.77E+01,2.51E+01,-6.77E+04,-4.11E+03,-1.78E+04
7.87200E+00,1.57E+04,1.50E+01,-2.00E+01,2.50E+01,-6.77E+04,-4.15E+03,-2.04E+04
7.87400E+00,1.57E+04,1.19E+01,-2.19E+01,2.49E+01,-6.77E+04,-4.19E+03,-1.79E+04
7.87600E+00,1.58E+04,8.54E+00,-2.34E+01,2.49E+01,-6.77E+04,-4.22E+03,-1.70E+04
7.87800E+00,1.58E+04,5.00E+00,-2.44E+01,2.49E+01,-6.78E+04,-4.25E+03,-6.61E+03
7.88000E+00,1.58E+04,1.33E+00,-2.49E+01,2.49E+01,-6.78E+04,-4.26E+03,1.12E+04
7.88200E+00,1.58E+04,-2.37E+00,-2.49E+01,2.50E+01,-6.78E+04,-4.20E+03,3.21E+04
7.88400E+00,1.58E+04,-5.99E+00,-2.45E+01,2.52E+01,-6.78E+04,-4.13E+03,2.07E+04
7.88600E+00,1.58E+04,-9.50E+00,-2.36E+01,2.54E+01,-6.78E+04,-4.11E+03,3.56E+04
7.88800E+00,1.58E+04,-1.29E+01,-2.22E+01,2.56E+01,-6.78E+04,-4.01E+03,3.87E+04
7.89000E+00,1.58E+04,-1.59E+01,-2.04E+01,2.58E+01,-6.78E+04,-3.92E+03,5.50E+04
7.89200E+00,1.58E+04,-1.87E+01,-1.82E+01,2.61E+01,-6.78E+04,-3.83E+03,3.46E+04
7.89400E+00,1.58E+04,-2.10E+01,-1.57E+01,2.62E+01,-6.78E+04,-3.74E+03,3.71E+04
7.89600E+00,1.58E+04,-2.30E+01,-1.28E+01,2.63E+01,-6.78E+04,-3.71E+03,1.57E+04
7.89800E+00,1.58E+04,-2.45E+01,-9.79E+00,2.64E+01,-6.78E+04,-3.66E+03,-1.59E+04
7.90000E+00,1.58E+04,-2.54E+01,-6.56E+00,2.62E+01,-6.78E+04,-3.77E+03,-3.45E+04
7.90200E+00,1.58E+04,-2.60E+01,-3.07E+00,2.62E+01,-6.79E+04,-3.84E+03,-1.16E+04
7.90400E+00,1.58E+04,-2.59E+01,3.89E-01,2.59E+01,-6.79E+04,-3.79E+03,-1.04E+04
7.90600E+00,1.58E+04,-2.54E+01,3.76E+00,2.57E+01,-6.79E+04,-3.87E+03,-4.59E+04
7.90800E+00,1.58E+04,-2.43E+01,7.12E+00,2.53E+01,-6.79E+04,-4.00E+03,-4.78E+04
7.91000E+00,1.58E+04,-2.27E+01,1.03E+01,2.50E+01,-6.79E+04,-4.05E+03,-3.38E+04
7.91200E+00,1.58E+04,-2.08E+01,1.33E+01,2.47E+01,-6.79E+04,-4.12E+03,-4.95E+04
7.91400E+00,1.58E+04,-1.83E+01,1.59E+01,2.43E+01,-6.79E+04,-4.25E+03,-5.57E+04
7.91600E+00,1.58E+04,-1.56E+01,1.83E+01,2.40E+01,-6.79E+04,-4.36E+03,-4.57E+04
7.91800E+00,1.58E+04,-1.25E+01,2.02E+01,2.37E+01,-6.79E+04,-4.43E+03,-1.87E+04
7.92000E+00,1.58E+04,-9.10E+00,2.17E+01,2.35E+01,-6.79E+04,-4.44E+03,-2.79E+03
7.92200E+00,1.58E+04,-5.64E+00,2.28E+01,2.35E+01,-6.79E+04,-4.42E+03,-1.38E+03
7.92400E+00,1.58E+04,-2.06E+00,2.34E+01,2.35E+01,-6.79E+04,-4.45E+03,1.63E+03
7.92600E+00,1.59E+04,1.60E+00,2.35E+01,2.35E+01,-6.80E+04,-4.43E+03,1.47E+04
7.92800E+00,1.59E+04,5.19E+00,2.31E+01,2.36E+01,-6.80E+04,-4.38E+03,4.23E+04
7.93000E+00,1.59E+04,8.69E+00,2.22E+01,2.38E+01,-6.80E+04,-4.28E+03,3.95E+04
7.93200E+00,1.59E+04,1.19E+01,2.08E+01,2.40E+01,-6.80E+04,-4.19E+03,3.18E+04
7.93400E+00,1.59E+04,1.50E+01,1.90E+01,2.42E+01,-6.80E+04,-4.17E+03,2.54E+04
7.93600E+00,1.59E+04,1.77E+01,1.68E+01,2.44E+01,-6.80E+04,-4.09E+03,3.59E+04
7.93800E+00,1.59E+04,2.01E+01,1.43E+01,2.47E+01,-6.80E+04,-4.02E+03,2.16E+04
7.94000E+00,1.59E+04,2.21E+01,1.15E+01,2.49E+01,-6.80E+04,-4.00E+03,2.71E+04
7.94200E+00,1.59E+04,2.37E+01,8.35E+00,2.51E+01,-6.80E+04,-3.93E+03,4.82E+04
7.94400E+00,1.59E+04,2.47E+01,5.14E+00,2.52E+01,-6.80E+04,-3.79E+03,3.10E+04
7.94600E+00,1.59E+04,2.52E+01,1.88E+00,2.53E+01,-6.80E+04,-3.79E+03,-1.75E+04
7.94800E+00,1.59E+04,2.53E+01,-1.52E+00,2.54E+01,-6.80E+04,-3.88E+03,-3.39E+04
7.95000E+00,1.59E+04,2.48E+01,-4.94E+00,2.53E+01,-6.81E+04,-3.93E+03,-1.59E+04
7.95200E+00,1.59E+04,2.39E+01,-8.29E+00,2.53E+01,-6.81E+04,-3.94E+03,-6.33E+03
7.95400E+00,1.59E+04,2.25E+01,-1.15E+01,2.53E+01,-6.81E+04,-3.95E+03,-2.46E+03
7.95600E+00,1.59E+04,2.07E+01,-1.45E+01,2.53E+01,-6.81E+04,-3.96E+03,-1.08E+04
7.95800E+00,1.59E+04,1.84E+01,-1.71E+01,2.51E+01,-6.81E+04,-3.99E+03,-2.38E+04
7.96000E+00,1.59E+04,1.58E+01,-1.95E+01,2.51E+01,-6.81E+04,-4.06E+03,-2.61E+04
7.96200E+00,1.59E+04,1.29E+01,-2.15E+01,2.50E+01,-6.81E+04,-4.09E+03,-1.21E+04
7.96400E+00,1.59E+04,9.64E+00,-2.30E+01,2.50E+01,-6.81E+04,-4.10E+03,-1.10E+04
7.96600E+00,1.59E+04,6.24E+00,-2.41E+01,2.49E+01,-6.81E+04,-4.14E+03,-1.62E+04
7.96800E+00,1.59E+04,2.69E+00,-2.48E+01,2.50E+01,-6.81E+04,-4.17E+03,2.24E+02
7.97000E+00,1.59E+04,-9.55E-01,-2.50E+01,2.50E+01,-6.81E+04,-4.14E+03,3.00E+04
7.97200E+00,1.59E+04,-4.55E+00,-2.48E+01,2.53E+01,-6.81E+04,-4.05E+03,3.79E+04
7.97400E+00,1.59E+04,-8.00E+00,-2.41E+01,2.54E+01,-6.81E+04,-3.98E+03,3.62E+04
7.97600E+00,1.60E+04,-1.13E+01,-2.30E+01,2.56E+01,-6.82E+04,-3.91E+03,4.04E+04
7.97800E+00,1.60E+04,-1.44E+01,-2.14E+01,2.58E+01,-6.82E+04,-3.81E+03,2.05E+04
7.98000E+00,1.60E+04,-1.72E+01,-1.94E+01,2.60E+01,-6.82E+04,-3.82E+03,2.50E+04
7.98200E+00,1.60E+04,-1.98E+01,-1.71E+01,2.62E+01,-6.82E+04,-3.75E+03,2.69E+04
7.98400E+00,1.60E+04,-2.19E+01,-1.45E+01,2.62E+01,-6.82E+04,-3.67E+03,3.32E+04
7.98600E+00,1.60E+04,-2.36E+01,-1.15E+01,2.63E+01,-6.82E+04,-3.65E+03,-1.77E+04
7.98800E+00,1.60E+04,-2.48E+01,-8.48E+00,2.62E+01,-6.82E+04,-3.70E+03,-1.55E+04
7.99000E+00,1.60E+04,-2.57E+01,-5.11E+00,2.62E+01,-6.82E+04,-3.75E+03,-2.19E+04
7.99200E+00,1.60E+04,-2.59E+01,-1.73E+00,2.60E+01,-6.82E+04,-3.76E+03,-2.90E+03
7.99400E+00,1.60E+04,-2.58E+01,1.71E+00,2.59E+01,-6.82E+04,-3.79E+03,-2.67E+04
7.99600E+00,1.60E+04,-2.50E+01,5.02E+00,2.55E+01,-6.82E+04,-3.84E+03,-2.22E+04
7.99800E+00,1.60E+04,-2.38E+01,8.27E+00,2.52E+01,-6.82E+04,-3.90E+03,-4.39E+04
8.00000E+00,1.60E+04,-2.22E+01,1.13E+01,2.49E+01,-6.82E+04,-3.99E+03,-4.43E+04
8.00200E+00,1.60E+04,-2.01E+01,1.41E+01,2.46E+01,-6.83E+04,-4.10E+03,-5.24E+04
8.00400E+00,1.60E+04,-1.76E+01,1.66E+01,2.42E+01,-6.83E+04,-4.18E+03,-3.38E+04
8.00600E+00,1.60E+04,-1.48E+01,1.88E+01,2.39E+01,-6.83E+04,-4.25E+03,-3.39E+04
8.00800E+00,1.60E+04,-1.17E+01,2.07E+01,2.38E+01,-6.83E+04,-4.31E+03,-2.18E+04
8.01000E+00,1.60E+04,-8.43E+00,2.21E+01,2.36E+01,-6.83E+04,-4.35E+03,-9.80E+03
8.01200E+00,1.60E+04,-4.98E+00,2.30E+01,2.35E+01,-6.83E+04,-4.34E+03,-4.05E+03
8.01400E+00,1.60E+04,-1.46E+00,2.35E+01,2.35E+01,-6.83E+04,-4.36E+03,3.88E+03
8.01600E+00,1.60E+04,2.15E+00,2.34E+01,2.35E+01,-6.83E+04,-4.34E+03,2.86E+04
8.01800E+00,1.60E+04,5.66E+00,2.30E+01,2.37E+01,-6.83E+04,-4.24E+03,4.82E+04
8.02000E+00,1.60E+04,9.01E+00,2.21E+01,2.39E+01,-6.83E+04,-4.14E+03,3.52E+04
8.02200E+00,1.60E+04,1.22E+01,2.07E+01,2.40E+01,-6.83E+04,-4.10E+03,1.98E+04
8.02400E+00,1.60E+04,1.51E+01,1.89E+01,2.42E+01,-6.83E+04,-4.07E+03,2.64E+04
8.02600E+00,1.61E+04,1.78E+01,1.67E+01,2.44E+01,-6.84E+04,-4.00E+03,2.90E+04
8.02800E+00,1.61E+04,2.01E+01,1.43E+01,2.47E+01,-6.84E+04,-3.94E+03,1.68E+04
8.03000E+00,1.61E+04,2.20E+01,1.15E+01,2.49E+01,-6.84E+04,-3.94E+03,1.86E+04
8.03200E+00,1.61E+04,2.36E+01,8.44E+00,2.50E+01,-6.84E+04,-3.87E+03,5.02E+04
8.03400E+00,1.61E+04,2.46E+01,5.27E+00,2.52E+01,-6.84E+04,-3.73E+03,4.12E+04
8.03600E+00,1.61E+04,2.52E+01,2.10E+00,2.52E+01,-6.84E+04,-3.69E+03,-1.89E+04
8.03800E+00,1.61E+04,2.52E+01,-1.18E+00,2.52E+01,-6.84E+04,-3.82E+03,-3.81E+04
8.04000E+00,1.61E+04,2.49E+01,-4.61E+00,2.53E+01,-6.84E+04,-3.87E+03,-1.80E+04
8.04200E+00,1.61E+04,2.40E+01,-7.86E+00,2.52E+01,-6.84E+04,-3.86E+03,-1.52E+03
8.04400E+00,1.61E+04,2.27E+01,-1.10E+01,2.52E+01,-6.84E+04,-3.89E+03,-1.50E+04
8.04600E+00,1.61E+04,2.09E+01,-1.39E+01,2.51E+01,-6.84E+04,-3.91E+03,-7.99E+03
8.04800E+00,1.61E+04,1.88E+01,-1.67E+01,2.51E+01,-6.84E+04,-3.93E+03,-1.81E+04
8.05000E+00,1.61E+04,1.63E+01,-1.90E+01,2.50E+01,-6.84E+04,-3.97E+03,-1.55E+04
8.05200E+00,1.61E+04,1.35E+01,-2.11E+01,2.50E+01,-6.85E+04,-4.01E+03,-1.67E+04
8.05400E+00,1.61E+04,1.04E+01,-2.27E+01,2.50E+01,-6.85E+04,-4.02E+03,-8.73E+03
8.05600E+00,1.61E+04,7.08E+00,-2.40E+01,2.50E+01,-6.85E+04,-4.05E+03,-2.23E+03
8.05800E+00,1.61E+04,3.64E+00,-2.48E+01,2.51E+01,-6.85E+04,-4.03E+03,5.43E+03
8.06000E+00,1.61E+04,1.44E-01,-2.52E+01,2.52E+01,-6.85E+04,-4.02E+03,1.76E+04
8.06200E+00,1.61E+04,-3.41E+00,-2.51E+01,2.53E+01,-6.85E+04,-3.98E+03,2.92E+04
8.06400E+00,1.61E+04,-6.86E+00,-2.46E+01,2.55E+01,-6.85E+04,-3.89E+03,3.44E+04
8.06600E+00,1.61E+04,-1.02E+01,-2.36E+01,2.57E+01,-6.85E+04,-3.84E+03,3.08E+04
8.06800E+00,1.61E+04,-1.33E+01,-2.22E+01,2.59E+01,-6.85E+04,-3.77E+03,1.56E+04
8.07000E+00,1.61E+04,-1.62E+01,-2.04E+01,2.60E+01,-6.85E+04,-3.76E+03,2.75E+04
8.07200E+00,1.61E+04,-1.89E+01,-1.82E+01,2.62E+01,-6.85E+04,-3.70E+03,2.52E+04
8.07400E+00,1.61E+04,-2.11E+01,-1.58E+01,2.63E+01,-6.85E+04,-3.62E+03,2.74E+04
8.07600E+00,1.62E+04,-2.29E+01,-1.30E+01,2.64E+01,-6.86E+04,-3.61E+03,4.13E+03
8.07800E+00,1.62E+04,-2.44E+01,-1.00E+01,2.63E+01,-6.86E+04,-3.59E+03,-7.23E+03
8.08000E+00,1.62E+04,-2.53E+01,-6.85E+00,2.62E+01,-6.86E+04,-3.65E+03,-2.89E+04
8.08200E+00,1.62E+04,-2.58E+01,-3.53E+00,2.60E+01,-6.86E+04,-3.71E+03,-3.51E+03
8.08400E+00,1.62E+04,-2.59E+01,-1.42E-01,2.59E+01,-6.86E+04,-3.67E+03,-7.89E+03
8.08600E+00,1.62E+04,-2.55E+01,3.08E+00,2.56E+01,-6.86E+04,-3.71E+03,-3.66E+04
8.08800E+00,1.62E+04,-2.45E+01,6.34E+00,2.53E+01,-6.86E+04,-3.85E+03,-5.17E+04
8.09000E+00,1.62E+04,-2.31E+01,9.48E+00,2.50E+01,-6.86E+04,-3.91E+03,-3.28E+04
8.09200E+00,1.62E+04,-2.13E+01,1.24E+01,2.47E+01,-6.86E+04,-3.97E+03,-3.49E+04
8.09400E+00,1.62E+04,-1.92E+01,1.51E+01,2.44E+01,-6.86E+04,-4.05E+03,-2.71E+04
8.09600E+00,1.62E+04,-1.67E+01,1.75E+01,2.41E+01,-6.86E+04,-4.08E+03,-2.76E+04
8.09800E+00,1.62E+04,-1.39E+01,1.95E+01,2.39E+01,-6.86E+04,-4.15E+03,-2.82E+04
8.10000E+00,1.62E+04,-1.08E+01,2.12E+01,2.38E+01,-6.86E+04,-4.22E+03,-3.08E+04
8.10200E+00,1.62E+04,-7.55E+00,2.24E+01,2.36E+01,-6.87E+04,-4.26E+03,-1.64E+03
8.10400E+00,1.62E+04,-4.10E+00,2.32E+01,2.36E+01,-6.87E+04,-4.24E+03,4.66E+03
8.10600E+00,1.62E+04,-6.75E-01,2.35E+01,2.36E+01,-6.87E+04,-4.21E+03,1.13E+04
8.10800E+00,1.62E+04,2.81E+00,2.35E+01,2.36E+01,-6.87E+04,-4.22E+03,1.46E+04
8.11000E+00,1.62E+04,6.24E+00,2.29E+01,2.38E+01,-6.87E+04,-4.15E+03,2.69E+04
8.11200E+00,1.62E+04,9.51E+00,2.19E+01,2.39E+01,-6.87E+04,-4.10E+03,2.91E+04
8.11400E+00,1.62E+04,1.26E+01,2.05E+01,2.41E+01,-6.87E+04,-4.04E+03,3.16E+04
8.11600E+00,1.62E+04,1.55E+01,1.87E+01,2.43E+01,-6.87E+04,-3.97E+03,4.34E+04
8.11800E+00,1.62E+04,1.81E+01,1.66E+01,2.45E+01,-6.87E+04,-3.88E+03,3.12E+04
8.12000E+00,1.62E+04,2.03E+01,1.41E+01,2.47E+01,-6.87E+04,-3.83E+03,1.21E+04
8.12200E+00,1.62E+04,2.21E+01,1.14E+01,2.49E+01,-6.87E+04,-3.84E+03,1.02E+04
8.12400E+00,1.62E+04,2.36E+01,8.37E+00,2.51E+01,-6.87E+04,-3.79E+03,3.81E+04
8.12600E+00,1.63E+04,2.46E+01,5.25E+00,2.52E+01,-6.87E+04,-3.68E+03,2.61E+04
8.12800E+00,1.63E+04,2.52E+01,2.11E+00,2.53E+01,-6.88E+04,-3.67E+03,-2.15E+04
8.13000E+00,1.63E+04,2.52E+01,-1.18E+00,2.53E+01,-6.88E+04,-3.78E+03,-2.64E+04
8.13200E+00,1.63E+04,2.49E+01,-4.55E+00,2.54E+01,-6.88E+04,-3.79E+03,9.43E+02
8.13400E+00,1.63E+04,2.41E+01,-7.75E+00,2.53E+01,-6.88E+04,-3.76E+03,5.86E+02
8.13600E+00,1.63E+04,2.29E+01,-1.08E+01,2.53E+01,-6.88E+04,-3.80E+03,-1.80E+04
8.13800E+00,1.63E+04,2.12E+01,-1.38E+01,2.52E+01,-6.88E+04,-3.83E+03,-1.79E+04
8.14000E+00,1.63E+04,1.91E+01,-1.64E+01,2.52E+01,-6.88E+04,-3.86E+03,-1.54E+04
8.14200E+00,1.63E+04,1.67E+01,-1.89E+01,2.52E+01,-6.88E+04,-3.90E+03,-1.22E+04
8.14400E+00,1.63E+04,1.40E+01,-2.10E+01,2.52E+01,-6.88E+04,-3.91E+03,1.66E+03
8.14600E+00,1.63E+04,1.10E+01,-2.27E+01,2.52E+01,-6.88E+04,-3.89E+03,4.34E+03
8.14800E+00,1.63E+04,7.86E+00,-2.40E+01,2.53E+01,-6.88E+04,-3.89E+03,3.21E+03
8.15000E+00,1.63E+04,4.54E+00,-2.49E+01,2.53E+01,-6.88E+04,-3.89E+03,-2.42E+03
8.15200E+00,1.63E+04,1.14E+00,-2.54E+01,2.54E+01,-6.88E+04,-3.89E+03,4.52E+03
8.15400E+00,1.63E+04,-2.34E+00,-2.55E+01,2.56E+01,-6.89E+04,-3.88E+03,1.38E+04
8.15600E+00,1.63E+04,-5.77E+00,-2.51E+01,2.57E+01,-6.89E+04,-3.83E+03,2.96E+04
8.15800E+00,1.63E+04,-9.08E+00,-2.42E+01,2.59E+01,-6.89E+04,-3.76E+03,2.32E+04
8.16000E+00,1.63E+04,-1.22E+01,-2.29E+01,2.60E+01,-6.89E+04,-3.73E+03,1.23E+04
8.16200E+00,1.63E+04,-1.51E+01,-2.13E+01,2.61E+01,-6.89E+04,-3.72E+03,2.20E+04
8.16400E+00,1.63E+04,-1.78E+01,-1.92E+01,2.62E+01,-6.89E+04,-3.65E+03,3.25E+04
8.16600E+00,1.63E+04,-2.02E+01,-1.69E+01,2.63E+01,-6.89E+04,-3.58E+03,2.51E+04
8.16800E+00,1.63E+04,-2.22E+01,-1.43E+01,2.64E+01,-6.89E+04,-3.55E+03,1.42E+04
8.17000E+00,1.63E+04,-2.37E+01,-1.14E+01,2.63E+01,-6.89E+04,-3.52E+03,-1.36E+04
8.17200E+00,1.63E+04,-2.49E+01,-8.43E+00,2.63E+01,-6.89E+04,-3.59E+03,-2.73E+04
8.17400E+00,1.63E+04,-2.57E+01,-5.17E+00,2.62E+01,-6.89E+04,-3.66E+03,-1.10E+04
8.17600E+00,1.64E+04,-2.60E+01,-1.86E+00,2.60E+01,-6.89E+04,-3.62E+03,6.27E+03
8.17800E+00,1.64E+04,-2.58E+01,1.40E+00,2.58E+01,-6.89E+04,-3.63E+03,-1.48E+04
8.18000E+00,1.64E+04,-2.51E+01,4.62E+00,2.55E+01,-6.90E+04,-3.68E+03,-4.27E+04
8.18200E+00,1.64E+04,-2.41E+01,7.76E+00,2.53E+01,-6.90E+04,-3.79E+03,-4.60E+04
8.18400E+00,1.64E+04,-2.26E+01,1.08E+01,2.51E+01,-6.90E+04,-3.89E+03,-2.69E+04
8.18600E+00,1.64E+04,-2.07E+01,1.36E+01,2.48E+01,-6.90E+04,-3.89E+03,-1.43E+04
8.18800E+00,1.64E+04,-1.84E+01,1.61E+01,2.45E+01,-6.90E+04,-3.93E+03,-2.84E+04
8.19000E+00,1.64E+04,-1.59E+01,1.83E+01,2.43E+01,-6.90E+04,-4.02E+03,-2.80E+04
8.19200E+00,1.64E+04,-1.30E+01,2.02E+01,2.40E+01,-6.90E+04,-4.05E+03,-2.64E+04
8.19400E+00,1.64E+04,-9.96E+00,2.17E+01,2.39E+01,-6.90E+04,-4.11E+03,-1.73E+04
8.19600E+00,1.64E+04,-6.67E+00,2.27E+01,2.37E+01,-6.90E+04,-4.14E+03,-1.12E+04
8.19800E+00,1.64E+04,-3.35E+00,2.35E+01,2.37E+01,-6.90E+04,-4.13E+03,7.56E+03
8.20000E+00,1.64E+04,8.02E-02,2.37E+01,2.37E+01,-6.90E+04,-4.12E+03,8.62E+03
8.20200E+00,1.64E+04,3.48E+00,2.36E+01,2.39E+01,-6.90E+04,-4.09E+03,2.82E+04
8.20400E+00,1.64E+04,6.82E+00,2.30E+01,2.39E+01,-6.90E+04,-4.02E+03,2.02E+04
8.20600E+00,1.64E+04,9.97E+00,2.19E+01,2.41E+01,-6.91E+04,-3.99E+03,1.28E+04
8.20800E+00,1.64E+04,1.30E+01,2.04E+01,2.42E+01,-6.91E+04,-3.99E+03,1.66E+04
8.21000E+00,1.64E+04,1.58E+01,1.85E+01,2.44E+01,-6.91E+04,-3.92E+03,4.87E+04
8.21200E+00,1.64E+04,1.83E+01,1.64E+01,2.45E+01,-6.91E+04,-3.79E+03,3.66E+04
8.21400E+00,1.64E+04,2.04E+01,1.39E+01,2.47E+01,-6.91E+04,-3.75E+03,6.23E+03
8.21600E+00,1.64E+04,2.22E+01,1.12E+01,2.48E+01,-6.91E+04,-3.79E+03,4.44E+03
8.21800E+00,1.64E+04,2.36E+01,8.24E+00,2.50E+01,-6.91E+04,-3.74E+03,3.54E+04
8.22000E+00,1.64E+04,2.46E+01,5.17E+00,2.51E+01,-6.91E+04,-3.64E+03,3.27E+04
8.22200E+00,1.64E+04,2.51E+01,2.06E+00,2.52E+01,-6.91E+04,-3.60E+03,-1.87E+04
8.22400E+00,1.64E+04,2.52E+01,-1.11E+00,2.52E+01,-6.91E+04,-3.71E+03,-2.78E+04
8.22600E+00,1.65E+04,2.49E+01,-4.46E+00,2.53E+01,-6.91E+04,-3.75E+03,-1.07E+04
8.22800E+00,1.65E+04,2.41E+01,-7.61E+00,2.53E+01,-6.91E+04,-3.72E+03,6.79E+03
8.23000E+00,1.65E+04,2.29E+01,-1.07E+01,2.53E+01,-6.91E+04,-3.74E+03,-1.43E+04
8.23200E+00,1.65E+04,2.13E+01,-1.36E+01,2.53E+01,-6.92E+04,-3.76E+03,-1.37E+04
8.23400E+00,1.65E+04,1.93E+01,-1.62E+01,2.52E+01,-6.92E+04,-3.80E+03,-1.17E+04
8.23600E+00,1.65E+04,1.70E+01,-1.87E+01,2.53E+01,-6.92E+04,-3.81E+03,-6.10E+03
8.23800E+00,1.65E+04,1.44E+01,-2.08E+01,2.53E+01,-6.92E+04,-3.82E+03,-7.84E+02
8.24000E+00,1.65E+04,1.15E+01,-2.26E+01,2.54E+01,-6.92E+04,-3.82E+03,8.13E+03
8.24200E+00,1.65E+04,8.46E+00,-2.40E+01,2.54E+01,-6.92E+04,-3.78E+03,7.93E+03
8.24400E+00,1.65E+04,5.25E+00,-2.49E+01,2.55E+01,-6.92E+04,-3.78E+03,4.04E+03
8.24600E+00,1.65E+04,1.92E+00,-2.55E+01,2.56E+01,-6.92E+04,-3.78E+03,1.33E+03
8.24800E+00,1.65E+04,-1.44E+00,-2.57E+01,2.57E+01,-6.92E+04,-3.77E+03,1.52E+04
8.25000E+00,1.65E+04,-4.83E+00,-2.54E+01,2.58E+01,-6.92E+04,-3.73E+03,2.37E+04
8.25200E+00,1.65E+04,-8.08E+00,-2.47E+01,2.60E+01,-6.92E+04,-3.66E+03,1.68E+04
8.25400E+00,1.65E+04,-1.12E+01,-2.36E+01,2.61E+01,-6.92E+04,-3.66E+03,-6.57E+02
8.25600E+00,1.65E+04,-1.42E+01,-2.20E+01,2.62E+01,-6.92E+04,-3.67E+03,2.35E+04
8.25800E+00,1.65E+04,-1.69E+01,-2.01E+01,2.63E+01,-6.93E+04,-3.57E+03,4.20E+04
8.26000E+00,1.65E+04,-1.93E+01,-1.80E+01,2.64E+01,-6.93E+04,-3.48E+03,1.92E+04
8.26200E+00,1.65E+04,-2.13E+01,-1.55E+01,2.64E+01,-6.93E+04,-3.50E+03,-5.13E+03
8.26400E+00,1.65E+04,-2.31E+01,-1.27E+01,2.64E+01,-6.93E+04,-3.51E+03,-6.49E+02
8.26600E+00,1.65E+04,-2.44E+01,-9.84E+00,2.63E+01,-6.93E+04,-3.50E+03,-1.12E+04
8.26800E+00,1.65E+04,-2.53E+01,-6.75E+00,2.62E+01,-6.93E+04,-3.55E+03,-2.13E+04
8.27000E+00,1.65E+04,-2.58E+01,-3.49E+00,2.60E+01,-6.93E+04,-3.60E+03,-2.81E+03
8.27200E+00,1.65E+04,-2.60E+01,-2.41E-01,2.60E+01,-6.93E+04,-3.56E+03,-2.13E+04
8.27400E+00,1.65E+04,-2.56E+01,2.93E+00,2.57E+01,-6.93E+04,-3.66E+03,-2.12E+04
8.27600E+00,1.66E+04,-2.47E+01,6.21E+00,2.55E+01,-6.93E+04,-3.70E+03,-3.26E+04
8.27800E+00,1.66E+04,-2.35E+01,9.16E+00,2.52E+01,-6.93E+04,-3.73E+03,-1.25E+04
8.28000E+00,1.66E+04,-2.18E+01,1.21E+01,2.50E+01,-6.93E+04,-3.80E+03,-3.96E+04
8.28200E+00,1.66E+04,-1.99E+01,1.47E+01,2.47E+01,-6.93E+04,-3.84E+03,-2.20E+04
8.28400E+00,1.66E+04,-1.75E+01,1.71E+01,2.45E+01,-6.93E+04,-3.92E+03,-2.96E+04
8.28600E+00,1.66E+04,-1.49E+01,1.92E+01,2.43E+01,-6.94E+04,-3.94E+03,-1.31E+04
8.28800E+00,1.66E+04,-1.20E+01,2.09E+01,2.41E+01,-6.94E+04,-3.98E+03,-1.28E+04
8.29000E+00,1.66E+04,-8.93E+00,2.23E+01,2.40E+01,-6.94E+04,-3.99E+03,-6.46E+03
8.29200E+00,1.66E+04,-5.73E+00,2.32E+01,2.39E+01,-6.94E+04,-4.00E+03,-8.42E+03
8.29400E+00,1.66E+04,-2.43E+00,2.37E+01,2.39E+01,-6.94E+04,-4.03E+03,2.81E+03
8.29600E+00,1.66E+04,9.34E-01,2.39E+01,2.39E+01,-6.94E+04,-4.00E+03,1.34E+04
8.29800E+00,1.66E+04,4.23E+00,2.36E+01,2.40E+01,-6.94E+04,-3.96E+03,1.69E+04
8.30000E+00,1.66E+04,7.46E+00,2.29E+01,2.40E+01,-6.94E+04,-3.94E+03,8.83E+03
8.30200E+00,1.66E+04,1.06E+01,2.17E+01,2.42E+01,-6.94E+04,-3.92E+03,2.05E+04
8.30400E+00,1.66E+04,1.35E+01,2.02E+01,2.43E+01,-6.94E+04,-3.87E+03,2.42E+04
8.30600E+00,1.66E+04,1.62E+01,1.84E+01,2.45E+01,-6.94E+04,-3.81E+03,2.20E+04
8.30800E+00,1.66E+04,1.86E+01,1.61E+01,2.46E+01,-6.94E+04,-3.79E+03,3.99E+04
8.31000E+00,1.66E+04,2.07E+01,1.37E+01,2.48E+01,-6.94E+04,-3.66E+03,3.06E+04
8.31200E+00,1.66E+04,2.24E+01,1.11E+01,2.50E+01,-6.95E+04,-3.63E+03,9.66E+03
8.31400E+00,1.66E+04,2.37E+01,8.14E+00,2.51E+01,-6.95E+04,-3.67E+03,4.02E+03
8.31600E+00,1.66E+04,2.47E+01,5.10E+00,2.52E+01,-6.95E+04,-3.60E+03,2.62E+04
8.31800E+00,1.66E+04,2.52E+01,2.01E+00,2.53E+01,-6.95E+04,-3.56E+03,-1.37E+04
8.32000E+00,1.66E+04,2.53E+01,-1.13E+00,2.53E+01,-6.95E+04,-3.64E+03,-2.00E+04
8.32200E+00,1.66E+04,2.50E+01,-4.43E+00,2.54E+01,-6.95E+04,-3.67E+03,-8.68E+03
8.32400E+00,1.66E+04,2.43E+01,-7.53E+00,2.54E+01,-6.95E+04,-3.64E+03,1.84E+03
8.32600E+00,1.67E+04,2.31E+01,-1.06E+01,2.54E+01,-6.95E+04,-3.68E+03,-8.98E+03
8.32800E+00,1.67E+04,2.16E+01,-1.35E+01,2.55E+01,-6.95E+04,-3.68E+03,7.25E+03
8.33000E+00,1.67E+04,1.97E+01,-1.61E+01,2.55E+01,-6.95E+04,-3.65E+03,-7.31E+03
8.33200E+00,1.67E+04,1.76E+01,-1.85E+01,2.55E+01,-6.95E+04,-3.69E+03,-1.12E+04
8.33400E+00,1.67E+04,1.50E+01,-2.07E+01,2.55E+01,-6.95E+04,-3.72E+03,-7.48E+03
8.33600E+00,1.67E+04,1.22E+01,-2.25E+01,2.56E+01,-6.95E+04,-3.70E+03,6.27E+03
8.33800E+00,1.67E+04,9.22E+00,-2.39E+01,2.56E+01,-6.95E+04,-3.71E+03,1.23E+03
8.34000E+00,1.67E+04,6.08E+00,-2.49E+01,2.56E+01,-6.96E+04,-3.69E+03,1.57E+03
8.34200E+00,1.67E+04,2.84E+00,-2.55E+01,2.57E+01,-6.96E+04,-3.70E+03,-6.50E+02
8.34400E+00,1.67E+04,-4.83E-01,-2.58E+01,2.58E+01,-6.96E+04,-3.70E+03,9.46E+03
8.34600E+00,1.67E+04,-3.81E+00,-2.56E+01,2.59E+01,-6.96E+04,-3.66E+03,1.69E+04
8.34800E+00,1.67E+04,-7.04E+00,-2.50E+01,2.60E+01,-6.96E+04,-3.63E+03,1.54E+04
8.35000E+00,1.67E+04,-1.02E+01,-2.40E+01,2.61E+01,-6.96E+04,-3.60E+03,6.93E+03
8.35200E+00,1.67E+04,-1.31E+01,-2.26E+01,2.61E+01,-6.96E+04,-3.60E+03,2.21E+04
8.35400E+00,1.67E+04,-1.59E+01,-2.09E+01,2.62E+01,-6.96E+04,-3.53E+03,2.94E+04
8.35600E+00,1.67E+04,-1.84E+01,-1.88E+01,2.63E+01,-6.96E+04,-3.46E+03,1.89E+04
8.35800E+00,1.67E+04,-2.05E+01,-1.65E+01,2.64E+01,-6.96E+04,-3.46E+03,-1.27E+04
8.36000E+00,1.67E+04,-2.24E+01,-1.39E+01,2.64E+01,-6.96E+04,-3.50E+03,-9.63E+03
8.36200E+00,1.67E+04,-2.39E+01,-1.11E+01,2.64E+01,-6.96E+04,-3.51E+03,-2.42E+03
8.36400E+00,1.67E+04,-2.50E+01,-8.05E+00,2.63E+01,-6.96E+04,-3.50E+03,8.44E+03
8.36600E+00,1.67E+04,-2.57E+01,-4.92E+00,2.62E+01,-6.96E+04,-3.49E+03,3.53E+02
8.36800E+00,1.67E+04,-2.59E+01,-1.76E+00,2.60E+01,-6.97E+04,-3.49E+03,-7.96E+01
8.37000E+00,1.67E+04,-2.58E+01,1.41E+00,2.59E+01,-6.97E+04,-3.50E+03,-1.41E+04
8.37200E+00,1.67E+04,-2.52E+01,4.50E+00,2.56E+01,-6.97E+04,-3.53E+03,-2.64E+04
8.37400E+00,1.67E+04,-2.42E+01,7.53E+00,2.54E+01,-6.97E+04,-3.61E+03,-3.27E+04
8.37600E+00,1.68E+04,-2.29E+01,1.05E+01,2.52E+01,-6.97E+04,-3.67E+03,-2.91E+04
8.37800E+00,1.68E+04,-2.11E+01,1.32E+01,2.49E+01,-6.97E+04,-3.72E+03,-2.65E+04
8.38000E+00,1.68E+04,-1.90E+01,1.57E+01,2.47E+01,-6.97E+04,-3.78E+03,-2.06E+04
8.38200E+00,1.68E+04,-1.67E+01,1.79E+01,2.45E+01,-6.97E+04,-3.80E+03,-1.83E+04
8.38400E+00,1.68E+04,-1.40E+01,1.98E+01,2.43E+01,-6.97E+04,-3.85E+03,-2.43E+04
8.38600E+00,1.68E+04,-1.12E+01,2.14E+01,2.41E+01,-6.97E+04,-3.91E+03,-1.66E+04
8.38800E+00,1.68E+04,-8.08E+00,2.26E+01,2.40E+01,-6.97E+04,-3.92E+03,-8.91E+03
8.39000E+00,1.68E+04,-4.93E+00,2.34E+01,2.39E+01,-6.97E+04,-3.93E+03,-1.01E+03
8.39200E+00,1.68E+04,-1.65E+00,2.38E+01,2.38E+01,-6.97E+04,-3.93E+03,3.87E+03
8.39400E+00,1.68E+04,1.61E+00,2.39E+01,2.39E+01,-6.98E+04,-3.91E+03,1.17E+04
8.39600E+00,1.68E+04,4.83E+00,2.34E+01,2.39E+01,-6.98E+04,-3.89E+03,8.73E+03
8.39800E+00,1.68E+04,7.98E+00,2.26E+01,2.40E+01,-6.98E+04,-3.87E+03,1.46E+04
8.40000E+00,1.68E+04,1.10E+01,2.14E+01,2.41E+01,-6.98E+04,-3.83E+03,9.68E+03
8.40200E+00,1.68E+04,1.38E+01,1.99E+01,2.42E+01,-6.98E+04,-3.82E+03,3.01E+04
8.40400E+00,1.68E+04,1.64E+01,1.80E+01,2.44E+01,-6.98E+04,-3.74E+03,2.81E+04
8.40600E+00,1.68E+04,1.87E+01,1.59E+01,2.45E+01,-6.98E+04,-3.67E+03,2.93E+04
8.40800E+00,1.68E+04,2.08E+01,1.34E+01,2.48E+01,-6.98E+04,-3.65E+03,2.54E+04
8.41000E+00,1.68E+04,2.24E+01,1.08E+01,2.49E+01,-6.98E+04,-3.56E+03,2.76E+04
8.41200E+00,1.68E+04,2.38E+01,8.03E+00,2.51E+01,-6.98E+04,-3.54E+03,1.12E+04
8.41400E+00,1.68E+04,2.47E+01,5.04E+00,2.52E+01,-6.98E+04,-3.53E+03,8.39E+03
8.41600E+00,1.68E+04,2.52E+01,2.01E+00,2.53E+01,-6.98E+04,-3.49E+03,-1.60E+04
8.41800E+00,1.68E+04,2.53E+01,-1.08E+00,2.54E+01,-6.98E+04,-3.58E+03,-2.46E+04
8.42000E+00,1.68E+04,2.51E+01,-4.33E+00,2.55E+01,-6.98E+04,-3.62E+03,-6.53E+03
8.42200E+00,1.68E+04,2.44E+01,-7.42E+00,2.55E+01,-6.99E+04,-3.58E+03,7.00E+03
8.42400E+00,1.68E+04,2.33E+01,-1.04E+01,2.55E+01,-6.99E+04,-3.60E+03,2.59E+03
8.42600E+00,1.69E+04,2.18E+01,-1.33E+01,2.55E+01,-6.99E+04,-3.58E+03,1.96E+03
8.42800E+00,1.69E+04,2.00E+01,-1.59E+01,2.55E+01,-6.99E+04,-3.58E+03,7.72E+03
8.43000E+00,1.69E+04,1.79E+01,-1.83E+01,2.55E+01,-6.99E+04,-3.57E+03,-9.64E+03
8.43200E+00,1.69E+04,1.55E+01,-2.04E+01,2.56E+01,-6.99E+04,-3.59E+03,-8.42E+03
8.43400E+00,1.69E+04,1.28E+01,-2.22E+01,2.56E+01,-6.99E+04,-3.63E+03,-7.19E+03
8.43600E+00,1.69E+04,9.93E+00,-2.37E+01,2.57E+01,-6.99E+04,-3.60E+03,4.85E+03
8.43800E+00,1.69E+04,6.91E+00,-2.48E+01,2.57E+01,-6.99E+04,-3.61E+03,2.63E+03
8.44000E+00,1.69E+04,3.73E+00,-2.55E+01,2.58E+01,-6.99E+04,-3.60E+03,-8.53E+02
8.44200E+00,1.69E+04,5.29E-01,-2.58E+01,2.58E+01,-6.99E+04,-3.60E+03,-1.11E+03
8.44400E+00,1.69E+04,-2.74E+00,-2.57E+01,2.59E+01,-6.99E+04,-3.62E+03,9.64E+03
8.44600E+00,1.69E+04,-5.97E+00,-2.53E+01,2.59E+01,-6.99E+04,-3.56E+03,1.27E+04
8.44800E+00,1.69E+04,-9.04E+00,-2.44E+01,2.60E+01,-7.00E+04,-3.55E+03,8.59E+03
8.45000E+00,1.69E+04,-1.21E+01,-2.32E+01,2.61E+01,-7.00E+04,-3.55E+03,2.18E+04
8.45200E+00,1.69E+04,-1.48E+01,-2.16E+01,2.62E+01,-7.00E+04,-3.46E+03,2.16E+04
8.45400E+00,1.69E+04,-1.73E+01,-1.97E+01,2.63E+01,-7.00E+04,-3.44E+03,3.57E+02
8.45600E+00,1.69E+04,-1.96E+01,-1.75E+01,2.63E+01,-7.00E+04,-3.48E+03,1.07E+04
8.45800E+00,1.69E+04,-2.17E+01,-1.50E+01,2.64E+01,-7.00E+04,-3.40E+03,2.82E+04
8.46000E+00,1.69E+04,-2.32E+01,-1.24E+01,2.63E+01,-7.00E+04,-3.35E+03,1.27E+04
8.46200E+00,1.69E+04,-2.45E+01,-9.58E+00,2.63E+01,-7.00E+04,-3.36E+03,-2.44E+04
8.46400E+00,1.69E+04,-2.53E+01,-6.61E+00,2.62E+01,-7.00E+04,-3.43E+03,-1.66E+04
8.46600E+00,1.69E+04,-2.58E+01,-3.46E+00,2.60E+01,-7.00E+04,-3.45E+03,-9.28E+03
8.46800E+00,1.69E+04,-2.59E+01,-3.65E-01,2.59E+01,-7.00E+04,-3.45E+03,-4.11E+03
8.47000E+00,1.69E+04,-2.57E+01,2.77E+00,2.59E+01,-7.00E+04,-3.49E+03,-1.70E+04
8.47200E+00,1.69E+04,-2.50E+01,5.83E+00,2.56E+01,-7.00E+04,-3.51E+03,-1.62E+04
8.47400E+00,1.69E+04,-2.39E+01,8.78E+00,2.54E+01,-7.00E+04,-3.55E+03,-2.33E+04
8.47600E+00,1.70E+04,-2.23E+01,1.15E+01,2.51E+01,-7.00E+04,-3.60E+03,-3.20E+04
8.47800E+00,1.70E+04,-2.05E+01,1.41E+01,2.49E+01,-7.01E+04,-3.68E+03,-2.55E+04
8.48000E+00,1.70E+04,-1.83E+01,1.65E+01,2.46E+01,-7.01E+04,-3.72E+03,-1.90E+04
8.48200E+00,1.70E+04,-1.59E+01,1.86E+01,2.45E+01,-7.01E+04,-3.74E+03,-2.11E+04
8.48400E+00,1.70E+04,-1.32E+01,2.04E+01,2.43E+01,-7.01E+04,-3.80E+03,-2.26E+04
8.48600E+00,1.70E+04,-1.03E+01,2.18E+01,2.41E+01,-7.01E+04,-3.84E+03,-6.14E+03
8.48800E+00,1.70E+04,-7.30E+00,2.29E+01,2.41E+01,-7.01E+04,-3.82E+03,-3.92E+03
8.49000E+00,1.70E+04,-4.18E+00,2.36E+01,2.40E+01,-7.01E+04,-3.84E+03,-4.09E+03
8.49200E+00,1.70E+04,-9.54E-01,2.39E+01,2.40E+01,-7.01E+04,-3.85E+03,9.45E+03
8.49400E+00,1.70E+04,2.25E+00,2.39E+01,2.40E+01,-7.01E+04,-3.80E+03,1.57E+04
8.49600E+00,1.70E+04,5.37E+00,2.34E+01,2.40E+01,-7.01E+04,-3.78E+03,7.73E+03
8.49800E+00,1.70E+04,8.43E+00,2.25E+01,2.41E+01,-7.01E+04,-3.78E+03,1.86E+04
8.50000E+00,1.70E+04,1.14E+01,2.13E+01,2.42E+01,-7.01E+04,-3.71E+03,1.84E+04
8.50200E+00,1.70E+04,1.40E+01,1.98E+01,2.43E+01,-7.01E+04,-3.69E+03,2.13E+04
8.50400E+00,1.70E+04,1.66E+01,1.79E+01,2.44E+01,-7.02E+04,-3.65E+03,1.11E+04
8.50600E+00,1.70E+04,1.88E+01,1.58E+01,2.46E+01,-7.02E+04,-3.61E+03,2.13E+04
8.50800E+00,1.70E+04,2.08E+01,1.34E+01,2.48E+01,-7.02E+04,-3.59E+03,2.56E+04
8.51000E+00,1.70E+04,2.25E+01,1.08E+01,2.49E+01,-7.02E+04,-3.50E+03,2.46E+04
8.51200E+00,1.70E+04,2.38E+01,8.07E+00,2.51E+01,-7.02E+04,-3.49E+03,1.02E+04
8.51400E+00,1.70E+04,2.47E+01,5.12E+00,2.52E+01,-7.02E+04,-3.48E+03,6.50E+03
8.51600E+00,1.70E+04,2.52E+01,2.14E+00,2.53E+01,-7.02E+04,-3.44E+03,-2.79E+03
8.51800E+00,1.70E+04,2.54E+01,-9.11E-01,2.54E+01,-7.02E+04,-3.49E+03,-2.08E+04
8.52000E+00,1.70E+04,2.51E+01,-4.03E+00,2.54E+01,-7.02E+04,-3.54E+03,-1.65E+03
8.52200E+00,1.70E+04,2.44E+01,-7.10E+00,2.54E+01,-7.02E+04,-3.50E+03,1.20E+04
8.52400E+00,1.70E+04,2.35E+01,-1.00E+01,2.55E+01,-7.02E+04,-3.47E+03,-3.74E+03
8.52600E+00,1.71E+04,2.21E+01,-1.28E+01,2.56E+01,-7.02E+04,-3.52E+03,-7.00E+03
8.52800E+00,1.71E+04,2.04E+01,-1.55E+01,2.57E+01,-7.02E+04,-3.51E+03,5.13E+03
8.53000E+00,1.71E+04,1.84E+01,-1.79E+01,2.57E+01,-7.02E+04,-3.48E+03,8.02E+03
8.53200E+00,1.71E+04,1.61E+01,-2.00E+01,2.57E+01,-7.03E+04,-3.49E+03,-1.25E+04
8.53400E+00,1.71E+04,1.36E+01,-2.18E+01,2.57E+01,-7.03E+04,-3.53E+03,-1.12E+04
8.53600E+00,1.71E+04,1.08E+01,-2.34E+01,2.58E+01,-7.03E+04,-3.55E+03,-1.45E+03
8.53800E+00,1.71E+04,7.86E+00,-2.46E+01,2.59E+01,-7.03E+04,-3.52E+03,1.04E+04
8.54000E+00,1.71E+04,4.79E+00,-2.54E+01,2.59E+01,-7.03E+04,-3.51E+03,3.39E+03
8.54200E+00,1.71E+04,1.65E+00,-2.58E+01,2.59E+01,-7.03E+04,-3.51E+03,-3.10E+03
8.54400E+00,1.71E+04,-1.53E+00,-2.59E+01,2.60E+01,-7.03E+04,-3.52E+03,1.61E+03
8.54600E+00,1.71E+04,-4.72E+00,-2.56E+01,2.61E+01,-7.03E+04,-3.51E+03,2.96E+03
8.54800E+00,1.71E+04,-7.80E+00,-2.49E+01,2.61E+01,-7.03E+04,-3.50E+03,1.38E+04
8.55000E+00,1.71E+04,-1.08E+01,-2.38E+01,2.62E+01,-7.03E+04,-3.47E+03,1.82E+04
8.55200E+00,1.71E+04,-1.36E+01,-2.24E+01,2.62E+01,-7.03E+04,-3.41E+03,1.44E+04
8.55400E+00,1.71E+04,-1.62E+01,-2.07E+01,2.63E+01,-7.03E+04,-3.41E+03,5.34E+03
8.55600E+00,1.71E+04,-1.86E+01,-1.87E+01,2.63E+01,-7.03E+04,-3.40E+03,1.74E+04
8.55800E+00,1.71E+04,-2.07E+01,-1.63E+01,2.64E+01,-7.03E+04,-3.34E+03,2.81E+03
8.56000E+00,1.71E+04,-2.25E+01,-1.39E+01,2.64E+01,-7.03E+04,-3.37E+03,-6.69E+03
8.56200E+00,1.71E+04,-2.39E+01,-1.11E+01,2.64E+01,-7.04E+04,-3.40E+03,-1.19E+04
8.56400E+00,1.71E+04,-2.50E+01,-8.19E+00,2.63E+01,-7.04E+04,-3.39E+03,6.30E+03
8.56600E+00,1.71E+04,-2.57E+01,-5.13E+00,2.62E+01,-7.04E+04,-3.39E+03,-8.38E+02
8.56800E+00,1.71E+04,-2.60E+01,-2.08E+00,2.61E+01,-7.04E+04,-3.38E+03,5.19E+03
8.57000E+00,1.71E+04,-2.60E+01,1.01E+00,2.60E+01,-7.04E+04,-3.38E+03,-2.31E+04
8.57200E+00,1.71E+04,-2.55E+01,4.01E+00,2.58E+01,-7.04E+04,-3.45E+03,-9.10E+03
8.57400E+00,1.71E+04,-2.46E+01,7.06E+00,2.56E+01,-7.04E+04,-3.46E+03,-2.14E+04
8.57600E+00,1.72E+04,-2.34E+01,9.83E+00,2.54E+01,-7.04E+04,-3.49E+03,-1.23E+04
8.57800E+00,1.72E+04,-2.18E+01,1.26E+01,2.51E+01,-7.04E+04,-3.55E+03,-2.90E+04
8.58000E+00,1.72E+04,-1.99E+01,1.50E+01,2.50E+01,-7.04E+04,-3.57E+03,-1.73E+04
8.58200E+00,1.72E+04,-1.77E+01,1.73E+01,2.48E+01,-7.04E+04,-3.64E+03,-2.26E+04
8.58400E+00,1.72E+04,-1.53E+01,1.92E+01,2.46E+01,-7.04E+04,-3.66E+03,-6.29E+03
8.58600E+00,1.72E+04,-1.26E+01,2.09E+01,2.44E+01,-7.04E+04,-3.66E+03,-1.05E+04
8.58800E+00,1.72E+04,-9.81E+00,2.23E+01,2.43E+01,-7.04E+04,-3.70E+03,-1.27E+04
8.59000E+00,1.72E+04,-6.81E+00,2.32E+01,2.42E+01,-7.05E+04,-3.72E+03,-2.46E+03
8.59200E+00,1.72E+04,-3.73E+00,2.38E+01,2.41E+01,-7.05E+04,-3.70E+03,-5.54E+03
8.59400E+00,1.72E+04,-6.42E-01,2.41E+01,2.41E+01,-7.05E+04,-3.73E+03,-7.65E+03
8.59600E+00,1.72E+04,2.54E+00,2.40E+01,2.42E+01,-7.05E+04,-3.75E+03,-2.41E+02
8.59800E+00,1.72E+04,5.64E+00,2.35E+01,2.42E+01,-7.05E+04,-3.72E+03,8.98E+03
8.60000E+00,1.72E+04,8.64E+00,2.26E+01,2.42E+01,-7.05E+04,-3.72E+03,2.09E+04
8.60200E+00,1.72E+04,1.15E+01,2.13E+01,2.42E+01,-7.05E+04,-3.65E+03,2.28E+04
8.60400E+00,1.72E+04,1.42E+01,1.98E+01,2.44E+01,-7.05E+04,-3.60E+03,2.65E+04
8.60600E+00,1.72E+04,1.66E+01,1.80E+01,2.45E+01,-7.05E+04,-3.57E+03,4.04E+03
8.60800E+00,1.72E+04,1.88E+01,1.59E+01,2.46E+01,-7.05E+04,-3.56E+03,3.16E+04
8.61000E+00,1.72E+04,2.08E+01,1.35E+01,2.48E+01,-7.05E+04,-3.48E+03,1.18E+04
8.61200E+00,1.72E+04,2.24E+01,1.11E+01,2.50E+01,-7.05E+04,-3.46E+03,1.17E+02
8.61400E+00,1.72E+04,2.37E+01,8.23E+00,2.51E+01,-7.05E+04,-3.53E+03,4.19E+03
8.61600E+00,1.72E+04,2.46E+01,5.30E+00,2.52E+01,-7.05E+04,-3.43E+03,3.06E+04
8.61800E+00,1.72E+04,2.52E+01,2.41E+00,2.53E+01,-7.06E+04,-3.38E+03,5.84E+03
8.62000E+00,1.72E+04,2.54E+01,-6.14E-01,2.54E+01,-7.06E+04,-3.43E+03,-1.92E+04
8.62200E+00,1.72E+04,2.51E+01,-3.64E+00,2.54E+01,-7.06E+04,-3.45E+03,-4.63E+03
8.62400E+00,1.72E+04,2.46E+01,-6.68E+00,2.55E+01,-7.06E+04,-3.45E+03,8.49E+03
8.62600E+00,1.73E+04,2.37E+01,-9.59E+00,2.55E+01,-7.06E+04,-3.41E+03,5.15E+03
8.62800E+00,1.73E+04,2.23E+01,-1.23E+01,2.55E+01,-7.06E+04,-3.43E+03,-4.24E+03
8.63000E+00,1.73E+04,2.07E+01,-1.49E+01,2.55E+01,-7.06E+04,-3.44E+03,-1.10E+03
8.63200E+00,1.73E+04,1.88E+01,-1.73E+01,2.56E+01,-7.06E+04,-3.42E+03,-2.66E+03
8.63400E+00,1.73E+04,1.67E+01,-1.95E+01,2.57E+01,-7.06E+04,-3.45E+03,-6.39E+03
8.63600E+00,1.73E+04,1.42E+01,-2.14E+01,2.57E+01,-7.06E+04,-3.46E+03,-7.17E+03
8.63800E+00,1.73E+04,1.16E+01,-2.30E+01,2.57E+01,-7.06E+04,-3.47E+03,6.07E+03
8.64000E+00,1.73E+04,8.69E+00,-2.43E+01,2.58E+01,-7.06E+04,-3.45E+03,4.78E+03
8.64200E+00,1.73E+04,5.74E+00,-2.51E+01,2.58E+01,-7.06E+04,-3.43E+03,3.94E+03
8.64400E+00,1.73E+04,2.69E+00,-2.57E+01,2.59E+01,-7.06E+04,-3.45E+03,-3.52E+03
8.64600E+00,1.73E+04,-4.16E-01,-2.59E+01,2.59E+01,-7.07E+04,-3.44E+03,4.59E+03
8.64800E+00,1.73E+04,-3.53E+00,-2.58E+01,2.60E+01,-7.07E+04,-3.43E+03,7.81E+03
8.65000E+00,1.73E+04,-6.58E+00,-2.52E+01,2.60E+01,-7.07E+04,-3.41E+03,1.39E+04
8.65200E+00,1.73E+04,-9.54E+00,-2.43E+01,2.61E+01,-7.07E+04,-3.38E+03,6.99E+03
8.65400E+00,1.73E+04,-1.23E+01,-2.30E+01,2.61E+01,-7.07E+04,-3.37E+03,1.32E+04
8.65600E+00,1.73E+04,-1.50E+01,-2.14E+01,2.61E+01,-7.07E+04,-3.34E+03,1.65E+04
8.65800E+00,1.73E+04,-1.74E+01,-1.97E+01,2.62E+01,-7.07E+04,-3.29E+03,8.83E+03
8.66000E+00,1.73E+04,-1.96E+01,-1.76E+01,2.63E+01,-7.07E+04,-3.31E+03,-3.38E+03
8.66200E+00,1.73E+04,-2.15E+01,-1.52E+01,2.63E+01,-7.07E+04,-3.31E+03,5.04E+03
8.66400E+00,1.73E+04,-2.30E+01,-1.26E+01,2.62E+01,-7.07E+04,-3.28E+03,8.61E+02
8.66600E+00,1.73E+04,-2.43E+01,-9.88E+00,2.62E+01,-7.07E+04,-3.30E+03,-2.18E+04
8.66800E+00,1.73E+04,-2.52E+01,-6.96E+00,2.61E+01,-7.07E+04,-3.37E+03,-5.83E+03
8.67000E+00,1.73E+04,-2.57E+01,-3.91E+00,2.60E+01,-7.07E+04,-3.34E+03,3.14E+02
8.67200E+00,1.73E+04,-2.59E+01,-9.41E-01,2.59E+01,-7.07E+04,-3.34E+03,1.06E+04
8.67400E+00,1.73E+04,-2.57E+01,2.13E+00,2.58E+01,-7.07E+04,-3.34E+03,-5.11E+03
8.67600E+00,1.74E+04,-2.51E+01,5.01E+00,2.56E+01,-7.08E+04,-3.33E+03,-1.88E+04
8.67800E+00,1.74E+04,-2.42E+01,7.88E+00,2.55E+01,-7.08E+04,-3.43E+03,-2.39E+04
8.68000E+00,1.74E+04,-2.29E+01,1.07E+01,2.52E+01,-7.08E+04,-3.44E+03,-1.63E+04
8.68200E+00,1.74E+04,-2.12E+01,1.32E+01,2.50E+01,-7.08E+04,-3.46E+03,-2.25E+04
8.68400E+00,1.74E+04,-1.93E+01,1.55E+01,2.47E+01,-7.08E+04,-3.55E+03,-2.55E+04
8.68600E+00,1.74E+04,-1.71E+01,1.77E+01,2.46E+01,-7.08E+04,-3.56E+03,-5.90E+03
8.68800E+00,1.74E+04,-1.47E+01,1.95E+01,2.44E+01,-7.08E+04,-3.57E+03,-1.50E+04
8.69000E+00,1.74E+04,-1.20E+01,2.11E+01,2.43E+01,-7.08E+04,-3.62E+03,-2.12E+04
8.69200E+00,1.74E+04,-9.22E+00,2.23E+01,2.41E+01,-7.08E+04,-3.66E+03,-1.94E+04
8.69400E+00,1.74E+04,-6.27E+00,2.32E+01,2.41E+01,-7.08E+04,-3.69E+03,-4.26E+03
8.69600E+00,1.74E+04,-3.21E+00,2.38E+01,2.40E+01,-7.08E+04,-3.69E+03,-5.09E+02
8.69800E+00,1.74E+04,-1.52E-01,2.40E+01,2.40E+01,-7.08E+04,-3.68E+03,1.27E+04
8.70000E+00,1.74E+04,2.94E+00,2.39E+01,2.41E+01,-7.08E+04,-3.65E+03,1.22E+04
8.70200E+00,1.74E+04,5.93E+00,2.34E+01,2.41E+01,-7.08E+04,-3.61E+03,8.23E+03
8.70400E+00,1.74E+04,8.85E+00,2.25E+01,2.42E+01,-7.09E+04,-3.63E+03,1.67E+04
8.70600E+00,1.74E+04,1.16E+01,2.12E+01,2.42E+01,-7.09E+04,-3.56E+03,2.17E+04
8.70800E+00,1.74E+04,1.42E+01,1.98E+01,2.44E+01,-7.09E+04,-3.51E+03,2.34E+04
8.71000E+00,1.74E+04,1.66E+01,1.80E+01,2.45E+01,-7.09E+04,-3.49E+03,3.19E+03
8.71200E+00,1.74E+04,1.88E+01,1.59E+01,2.46E+01,-7.09E+04,-3.48E+03,2.72E+04
8.71400E+00,1.74E+04,2.08E+01,1.37E+01,2.49E+01,-7.09E+04,-3.41E+03,8.20E+03
8.71600E+00,1.74E+04,2.24E+01,1.12E+01,2.50E+01,-7.09E+04,-3.40E+03,8.93E+03
8.71800E+00,1.74E+04,2.37E+01,8.47E+00,2.51E+01,-7.09E+04,-3.42E+03,1.70E+04
8.72000E+00,1.74E+04,2.46E+01,5.67E+00,2.53E+01,-7.09E+04,-3.31E+03,2.83E+04
8.72200E+00,1.74E+04,2.51E+01,2.84E+00,2.53E+01,-7.09E+04,-3.30E+03,1.10E+03
8.72400E+00,1.74E+04,2.54E+01,-9.98E-02,2.54E+01,-7.09E+04,-3.33E+03,-1.95E+04
8.72600E+00,1.75E+04,2.52E+01,-3.03E+00,2.54E+01,-7.09E+04,-3.36E+03,-1.07E+04
8.72800E+00,1.75E+04,2.47E+01,-6.02E+00,2.55E+01,-7.09E+04,-3.39E+03,-6.92E+03
8.73000E+00,1.75E+04,2.39E+01,-8.90E+00,2.55E+01,-7.09E+04,-3.38E+03,1.06E+04
8.73200E+00,1.75E+04,2.28E+01,-1.17E+01,2.56E+01,-7.09E+04,-3.35E+03,4.91E+03
8.73400E+00,1.75E+04,2.12E+01,-1.42E+01,2.56E+01,-7.10E+04,-3.34E+03,2.91E+03
8.73600E+00,1.75E+04,1.95E+01,-1.67E+01,2.57E+01,-7.10E+04,-3.35E+03,-8.21E+03
8.73800E+00,1.75E+04,1.75E+01,-1.89E+01,2.57E+01,-7.10E+04,-3.37E+03,-2.24E+03
8.74000E+00,1.75E+04,1.51E+01,-2.08E+01,2.57E+01,-7.10E+04,-3.37E+03,-2.95E+03
8.74200E+00,1.75E+04,1.26E+01,-2.25E+01,2.58E+01,-7.10E+04,-3.37E+03,-5.63E+02
8.74400E+00,1.75E+04,9.89E+00,-2.38E+01,2.58E+01,-7.10E+04,-3.38E+03,-8.39E+03
8.74600E+00,1.75E+04,7.02E+00,-2.49E+01,2.58E+01,-7.10E+04,-3.40E+03,9.57E+02
8.74800E+00,1.75E+04,4.02E+00,-2.56E+01,2.59E+01,-7.10E+04,-3.39E+03,2.57E+03
8.75000E+00,1.75E+04,1.00E+00,-2.59E+01,2.59E+01,-7.10E+04,-3.38E+03,7.51E+03
8.75200E+00,1.75E+04,-2.07E+00,-2.59E+01,2.60E+01,-7.10E+04,-3.37E+03,7.00E+03
8.75400E+00,1.75E+04,-5.08E+00,-2.55E+01,2.60E+01,-7.10E+04,-3.34E+03,3.58E+03
8.75600E+00,1.75E+04,-8.03E+00,-2.48E+01,2.61E+01,-7.10E+04,-3.35E+03,2.81E+03
8.75800E+00,1.75E+04,-1.09E+01,-2.38E+01,2.61E+01,-7.10E+04,-3.34E+03,1.56E+04
8.76000E+00,1.75E+04,-1.36E+01,-2.24E+01,2.62E+01,-7.10E+04,-3.28E+03,1.99E+04
8.76200E+00,1.75E+04,-1.61E+01,-2.08E+01,2.63E+01,-7.10E+04,-3.26E+03,1.27E+04
8.76400E+00,1.75E+04,-1.84E+01,-1.89E+01,2.64E+01,-7.11E+04,-3.24E+03,-1.28E+03
8.76600E+00,1.75E+04,-2.04E+01,-1.67E+01,2.64E+01,-7.11E+04,-3.25E+03,1.20E+04
8.76800E+00,1.75E+04,-2.22E+01,-1.42E+01,2.64E+01,-7.11E+04,-3.21E+03,-6.15E+03
8.77000E+00,1.75E+04,-2.36E+01,-1.17E+01,2.63E+01,-7.11E+04,-3.24E+03,-2.49E+03
8.77200E+00,1.75E+04,-2.47E+01,-8.86E+00,2.62E+01,-7.11E+04,-3.27E+03,-1.55E+04
8.77400E+00,1.75E+04,-2.55E+01,-6.04E+00,2.62E+01,-7.11E+04,-3.26E+03,-4.62E+03
8.77600E+00,1.76E+04,-2.59E+01,-3.05E+00,2.61E+01,-7.11E+04,-3.31E+03,-5.85E+03
8.77800E+00,1.76E+04,-2.60E+01,-3.97E-02,2.60E+01,-7.11E+04,-3.28E+03,1.64E+04
8.78000E+00,1.76E+04,-2.57E+01,2.89E+00,2.59E+01,-7.11E+04,-3.24E+03,-5.62E+03
8.78200E+00,1.76E+04,-2.50E+01,5.72E+00,2.57E+01,-7.11E+04,-3.29E+03,-2.49E+04
8.78400E+00,1.76E+04,-2.40E+01,8.53E+00,2.54E+01,-7.11E+04,-3.36E+03,-1.50E+04
8.78600E+00,1.76E+04,-2.27E+01,1.12E+01,2.53E+01,-7.11E+04,-3.35E+03,-8.82E+03
8.78800E+00,1.76E+04,-2.10E+01,1.36E+01,2.51E+01,-7.11E+04,-3.38E+03,-2.20E+04
8.79000E+00,1.76E+04,-1.91E+01,1.60E+01,2.49E+01,-7.11E+04,-3.45E+03,-2.84E+04
8.79200E+00,1.76E+04,-1.70E+01,1.80E+01,2.48E+01,-7.11E+04,-3.49E+03,-1.61E+04
8.79400E+00,1.76E+04,-1.45E+01,1.98E+01,2.46E+01,-7.12E+04,-3.52E+03,-1.03E+04
8.79600E+00,1.76E+04,-1.19E+01,2.13E+01,2.44E+01,-7.12E+04,-3.53E+03,-8.38E+03
8.79800E+00,1.76E+04,-9.14E+00,2.25E+01,2.43E+01,-7.12E+04,-3.55E+03,-1.90E+04
8.80000E+00,1.76E+04,-6.25E+00,2.34E+01,2.42E+01,-7.12E+04,-3.60E+03,-7.75E+03
8.80200E+00,1.76E+04,-3.24E+00,2.40E+01,2.42E+01,-7.12E+04,-3.60E+03,-1.97E+03
8.80400E+00,1.76E+04,-2.45E-01,2.42E+01,2.42E+01,-7.12E+04,-3.59E+03,9.42E+03
8.80600E+00,1.76E+04,2.80E+00,2.40E+01,2.42E+01,-7.12E+04,-3.58E+03,5.30E+03
8.80800E+00,1.76E+04,5.75E+00,2.35E+01,2.42E+01,-7.12E+04,-3.55E+03,1.38E+04
8.81000E+00,1.76E+04,8.63E+00,2.27E+01,2.42E+01,-7.12E+04,-3.53E+03,1.73E+04
8.81200E+00,1.76E+04,1.14E+01,2.15E+01,2.43E+01,-7.12E+04,-3.48E+03,1.55E+04
8.81400E+00,1.76E+04,1.39E+01,2.00E+01,2.44E+01,-7.12E+04,-3.46E+03,4.58E+03
8.81600E+00,1.76E+04,1.63E+01,1.83E+01,2.46E+01,-7.12E+04,-3.47E+03,2.34E+04
8.81800E+00,1.76E+04,1.85E+01,1.63E+01,2.46E+01,-7.12E+04,-3.38E+03,3.92E+04
8.82000E+00,1.76E+04,2.04E+01,1.41E+01,2.48E+01,-7.12E+04,-3.29E+03,2.36E+04
8.82200E+00,1.76E+04,2.19E+01,1.17E+01,2.48E+01,-7.13E+04,-3.29E+03,-8.22E+03
8.82400E+00,1.76E+04,2.33E+01,9.22E+00,2.50E+01,-7.13E+04,-3.32E+03,-1.46E+04
8.82600E+00,1.77E+04,2.43E+01,6.47E+00,2.52E+01,-7.13E+04,-3.36E+03,1.47E+04
8.82800E+00,1.77E+04,2.50E+01,3.59E+00,2.53E+01,-7.13E+04,-3.27E+03,2.26E+04
8.83000E+00,1.77E+04,2.52E+01,7.92E-01,2.52E+01,-7.13E+04,-3.23E+03,2.77E+03
8.83200E+00,1.77E+04,2.52E+01,-2.10E+00,2.53E+01,-7.13E+04,-3.29E+03,-1.48E+04
8.83400E+00,1.77E+04,2.49E+01,-5.00E+00,2.54E+01,-7.13E+04,-3.29E+03,-6.08E+03
8.83600E+00,1.77E+04,2.42E+01,-7.82E+00,2.54E+01,-7.13E+04,-3.31E+03,-1.18E+04
8.83800E+00,1.77E+04,2.32E+01,-1.06E+01,2.55E+01,-7.13E+04,-3.34E+03,-5.94E+02
8.84000E+00,1.77E+04,2.18E+01,-1.32E+01,2.55E+01,-7.13E+04,-3.31E+03,1.20E+04
8.84200E+00,1.77E+04,2.02E+01,-1.57E+01,2.55E+01,-7.13E+04,-3.28E+03,2.65E+03
8.84400E+00,1.77E+04,1.82E+01,-1.79E+01,2.55E+01,-7.13E+04,-3.31E+03,-7.88E+03
8.84600E+00,1.77E+04,1.61E+01,-1.99E+01,2.55E+01,-7.13E+04,-3.32E+03,-7.82E+03
8.84800E+00,1.77E+04,1.37E+01,-2.17E+01,2.56E+01,-7.13E+04,-3.33E+03,-3.23E+03
8.85000E+00,1.77E+04,1.11E+01,-2.31E+01,2.57E+01,-7.13E+04,-3.34E+03,-5.08E+03
8.85200E+00,1.77E+04,8.35E+00,-2.43E+01,2.57E+01,-7.14E+04,-3.34E+03,1.25E+04
8.85400E+00,1.77E+04,5.45E+00,-2.52E+01,2.57E+01,-7.14E+04,-3.30E+03,1.39E+04
8.85600E+00,1.77E+04,2.57E+00,-2.57E+01,2.58E+01,-7.14E+04,-3.27E+03,8.78E+03
8.85800E+00,1.77E+04,-3.84E-01,-2.59E+01,2.59E+01,-7.14E+04,-3.28E+03,-1.40E+03
8.86000E+00,1.77E+04,-3.35E+00,-2.58E+01,2.60E+01,-7.14E+04,-3.27E+03,5.03E+03
8.86200E+00,1.77E+04,-6.27E+00,-2.53E+01,2.61E+01,-7.14E+04,-3.26E+03,8.20E+02
8.86400E+00,1.77E+04,-9.12E+00,-2.44E+01,2.61E+01,-7.14E+04,-3.27E+03,5.80E+03
8.86600E+00,1.77E+04,-1.19E+01,-2.33E+01,2.62E+01,-7.14E+04,-3.24E+03,5.77E+03
8.86800E+00,1.77E+04,-1.45E+01,-2.19E+01,2.63E+01,-7.14E+04,-3.23E+03,1.26E+04
8.87000E+00,1.77E+04,-1.69E+01,-2.02E+01,2.63E+01,-7.14E+04,-3.21E+03,1.03E+04
8.87200E+00,1.77E+04,-1.90E+01,-1.82E+01,2.64E+01,-7.14E+04,-3.18E+03,2.36E+04
8.87400E+00,1.77E+04,-2.09E+01,-1.60E+01,2.64E+01,-7.14E+04,-3.13E+03,-1.49E+02
8.87600E+00,1.78E+04,-2.26E+01,-1.37E+01,2.64E+01,-7.14E+04,-3.15E+03,2.32E+03
8.87800E+00,1.78E+04,-2.39E+01,-1.10E+01,2.64E+01,-7.14E+04,-3.16E+03,1.11E+04
8.88000E+00,1.78E+04,-2.48E+01,-8.35E+00,2.62E+01,-7.14E+04,-3.08E+03,-1.13E+03
8.88200E+00,1.78E+04,-2.56E+01,-5.65E+00,2.62E+01,-7.14E+04,-3.15E+03,-3.08E+04
8.88400E+00,1.78E+04,-2.59E+01,-2.71E+00,2.61E+01,-7.15E+04,-3.23E+03,-1.77E+04
8.88600E+00,1.78E+04,-2.60E+01,2.13E-01,2.60E+01,-7.15E+04,-3.21E+03,1.38E+04
8.88800E+00,1.78E+04,-2.57E+01,3.09E+00,2.59E+01,-7.15E+04,-3.18E+03,-5.36E+03
8.89000E+00,1.78E+04,-2.50E+01,5.86E+00,2.57E+01,-7.15E+04,-3.22E+03,-1.91E+04
8.89200E+00,1.78E+04,-2.39E+01,8.59E+00,2.54E+01,-7.15E+04,-3.28E+03,-1.31E+04
8.89400E+00,1.78E+04,-2.27E+01,1.12E+01,2.53E+01,-7.15E+04,-3.26E+03,-5.26E+03
8.89600E+00,1.78E+04,-2.11E+01,1.36E+01,2.51E+01,-7.15E+04,-3.29E+03,-2.75E+04
8.89800E+00,1.78E+04,-1.92E+01,1.58E+01,2.49E+01,-7.15E+04,-3.38E+03,-3.70E+04
8.90000E+00,1.78E+04,-1.71E+01,1.79E+01,2.47E+01,-7.15E+04,-3.44E+03,-1.65E+04
8.90200E+00,1.78E+04,-1.47E+01,1.96E+01,2.45E+01,-7.15E+04,-3.44E+03,-4.90E+03
8.90400E+00,1.78E+04,-1.21E+01,2.11E+01,2.44E+01,-7.15E+04,-3.45E+03,-1.16E+04
8.90600E+00,1.78E+04,-9.47E+00,2.23E+01,2.43E+01,-7.15E+04,-3.50E+03,-1.28E+04
8.90800E+00,1.78E+04,-6.63E+00,2.32E+01,2.41E+01,-7.15E+04,-3.51E+03,1.14E+03
8.91000E+00,1.78E+04,-3.74E+00,2.38E+01,2.41E+01,-7.15E+04,-3.49E+03,3.27E+03
8.91200E+00,1.78E+04,-8.34E-01,2.41E+01,2.41E+01,-7.15E+04,-3.49E+03,2.68E+03
8.91400E+00,1.78E+04,2.11E+00,2.40E+01,2.41E+01,-7.16E+04,-3.49E+03,9.23E+01
8.91600E+00,1.78E+04,5.00E+00,2.36E+01,2.41E+01,-7.16E+04,-3.48E+03,3.81E+03
8.91800E+00,1.78E+04,7.84E+00,2.28E+01,2.42E+01,-7.16E+04,-3.48E+03,8.10E+03
8.92000E+00,1.78E+04,1.06E+01,2.18E+01,2.42E+01,-7.16E+04,-3.44E+03,1.61E+04
8.92200E+00,1.78E+04,1.32E+01,2.05E+01,2.43E+01,-7.16E+04,-3.41E+03,1.87E+04
8.92400E+00,1.78E+04,1.55E+01,1.88E+01,2.44E+01,-7.16E+04,-3.37E+03,1.79E+04
8.92600E+00,1.79E+04,1.77E+01,1.70E+01,2.45E+01,-7.16E+04,-3.34E+03,3.53E+03
8.92800E+00,1.79E+04,1.97E+01,1.49E+01,2.47E+01,-7.16E+04,-3.36E+03,1.78E+04
8.93000E+00,1.79E+04,2.15E+01,1.26E+01,2.49E+01,-7.16E+04,-3.29E+03,2.20E+04
8.93200E+00,1.79E+04,2.28E+01,1.01E+01,2.50E+01,-7.16E+04,-3.23E+03,1.61E+04
8.93400E+00,1.79E+04,2.40E+01,7.53E+00,2.51E+01,-7.16E+04,-3.25E+03,7.17E+03
8.93600E+00,1.79E+04,2.47E+01,4.79E+00,2.52E+01,-7.16E+04,-3.20E+03,1.43E+04
8.93800E+00,1.79E+04,2.52E+01,2.05E+00,2.53E+01,-7.16E+04,-3.18E+03,-8.82E+03
8.94000E+00,1.79E+04,2.54E+01,-7.80E-01,2.54E+01,-7.16E+04,-3.24E+03,-1.90E+04
8.94200E+00,1.79E+04,2.52E+01,-3.67E+00,2.54E+01,-7.16E+04,-3.27E+03,-1.79E+03
8.94400E+00,1.79E+04,2.47E+01,-6.53E+00,2.55E+01,-7.17E+04,-3.24E+03,1.51E+04
8.94600E+00,1.79E+04,2.38E+01,-9.26E+00,2.55E+01,-7.17E+04,-3.20E+03,1.49E+04
8.94800E+00,1.79E+04,2.27E+01,-1.19E+01,2.56E+01,-7.17E+04,-3.18E+03,-5.02E+03
8.95000E+00,1.79E+04,2.12E+01,-1.43E+01,2.56E+01,-7.17E+04,-3.22E+03,-6.97E+03
8.95200E+00,1.79E+04,1.96E+01,-1.67E+01,2.57E+01,-7.17E+04,-3.23E+03,2.16E+03
8.95400E+00,1.79E+04,1.76E+01,-1.88E+01,2.58E+01,-7.17E+04,-3.19E+03,-6.31E+03
8.95600E+00,1.79E+04,1.54E+01,-2.07E+01,2.58E+01,-7.17E+04,-3.25E+03,-1.26E+04
8.95800E+00,1.79E+04,1.29E+01,-2.23E+01,2.58E+01,-7.17E+04,-3.26E+03,-1.11E+03
8.96000E+00,1.79E+04,1.04E+01,-2.37E+01,2.59E+01,-7.17E+04,-3.23E+03,1.00E+04
8.96200E+00,1.79E+04,7.65E+00,-2.48E+01,2.59E+01,-7.17E+04,-3.23E+03,5.24E+02
8.96400E+00,1.79E+04,4.82E+00,-2.55E+01,2.60E+01,-7.17E+04,-3.23E+03,6.03E+02
8.96600E+00,1.79E+04,1.92E+00,-2.59E+01,2.60E+01,-7.17E+04,-3.23E+03,-2.78E+03
8.96800E+00,1.79E+04,-1.01E+00,-2.60E+01,2.60E+01,-7.17E+04,-3.24E+03,4.49E+03
8.97000E+00,1.79E+04,-3.95E+00,-2.58E+01,2.61E+01,-7.17E+04,-3.22E+03,1.27E+04
8.97200E+00,1.79E+04,-6.81E+00,-2.52E+01,2.61E+01,-7.17E+04,-3.18E+03,1.27E+04
8.97400E+00,1.79E+04,-9.58E+00,-2.44E+01,2.62E+01,-7.18E+04,-3.17E+03,-9.36E+02
8.97600E+00,1.80E+04,-1.22E+01,-2.32E+01,2.62E+01,-7.18E+04,-3.19E+03,1.27E+03
8.97800E+00,1.80E+04,-1.48E+01,-2.17E+01,2.63E+01,-7.18E+04,-3.17E+03,1.02E+04
8.98000E+00,1.80E+04,-1.71E+01,-2.00E+01,2.63E+01,-7.18E+04,-3.13E+03,1.37E+04
8.98200E+00,1.80E+04,-1.92E+01,-1.81E+01,2.63E+01,-7.18E+04,-3.12E+03,6.05E+03
8.98400E+00,1.80E+04,-2.10E+01,-1.59E+01,2.63E+01,-7.18E+04,-3.11E+03,4.25E+03
8.98600E+00,1.80E+04,-2.26E+01,-1.35E+01,2.63E+01,-7.18E+04,-3.10E+03,1.28E+04
8.98800E+00,1.80E+04,-2.40E+01,-1.10E+01,2.64E+01,-7.18E+04,-3.07E+03,-9.95E+02
8.99000E+00,1.80E+04,-2.49E+01,-8.36E+00,2.62E+01,-7.18E+04,-3.09E+03,-5.59E+03
8.99200E+00,1.80E+04,-2.56E+01,-5.57E+00,2.62E+01,-7.18E+04,-3.12E+03,-1.36E+04
8.99400E+00,1.80E+04,-2.60E+01,-2.78E+00,2.62E+01,-7.18E+04,-3.12E+03,7.43E+02
8.99600E+00,1.80E+04,-2.60E+01,9.40E-02,2.60E+01,-7.18E+04,-3.13E+03,-1.58E+02
8.99800E+00,1.80E+04,-2.58E+01,2.90E+00,2.60E+01,-7.18E+04,-3.11E+03,1.50E+03
9.00000E+00,1.80E+04,-2.51E+01,5.62E+00,2.57E+01,-7.18E+04,-3.13E+03,-1.61E+04
9.00200E+00,1.80E+04,-2.42E+01,8.28E+00,2.55E+01,-7.18E+04,-3.17E+03,-2.37E+04
9.00400E+00,1.80E+04,-2.30E+01,1.09E+01,2.54E+01,-7.18E+04,-3.22E+03,-2.31E+04
9.00600E+00,1.80E+04,-2.14E+01,1.33E+01,2.51E+01,-7.19E+04,-3.26E+03,-2.09E+04
9.00800E+00,1.80E+04,-1.95E+01,1.55E+01,2.49E+01,-7.19E+04,-3.31E+03,-2.25E+04
9.01000E+00,1.80E+04,-1.75E+01,1.75E+01,2.47E+01,-7.19E+04,-3.35E+03,-8.39E+03
9.01200E+00,1.80E+04,-1.52E+01,1.93E+01,2.46E+01,-7.19E+04,-3.35E+03,-8.54E+03
9.01400E+00,1.80E+04,-1.28E+01,2.08E+01,2.44E+01,-7.19E+04,-3.37E+03,-1.46E+04
9.01600E+00,1.80E+04,-1.02E+01,2.21E+01,2.43E+01,-7.19E+04,-3.43E+03,-1.83E+04
9.01800E+00,1.80E+04,-7.44E+00,2.31E+01,2.43E+01,-7.19E+04,-3.44E+03,5.67E+03
9.02000E+00,1.80E+04,-4.61E+00,2.37E+01,2.42E+01,-7.19E+04,-3.41E+03,8.06E+03
9.02200E+00,1.80E+04,-1.78E+00,2.41E+01,2.42E+01,-7.19E+04,-3.39E+03,2.42E+03
9.02400E+00,1.80E+04,1.09E+00,2.42E+01,2.42E+01,-7.19E+04,-3.41E+03,-6.26E+02
9.02600E+00,1.81E+04,3.95E+00,2.39E+01,2.42E+01,-7.19E+04,-3.39E+03,-4.25E+03
9.02800E+00,1.81E+04,6.74E+00,2.33E+01,2.42E+01,-7.19E+04,-3.41E+03,9.99E+03
9.03000E+00,1.81E+04,9.50E+00,2.23E+01,2.42E+01,-7.19E+04,-3.38E+03,2.34E+03
9.03200E+00,1.81E+04,1.20E+01,2.11E+01,2.43E+01,-7.19E+04,-3.37E+03,2.02E+04
9.03400E+00,1.81E+04,1.46E+01,1.97E+01,2.45E+01,-7.19E+04,-3.34E+03,2.28E+04
9.03600E+00,1.81E+04,1.67E+01,1.79E+01,2.45E+01,-7.20E+04,-3.24E+03,2.55E+04
9.03800E+00,1.81E+04,1.87E+01,1.60E+01,2.46E+01,-7.20E+04,-3.25E+03,7.76E+03
9.04000E+00,1.81E+04,2.06E+01,1.38E+01,2.48E+01,-7.20E+04,-3.22E+03,2.45E+04
9.04200E+00,1.81E+04,2.22E+01,1.16E+01,2.50E+01,-7.20E+04,-3.14E+03,1.06E+04
9.04400E+00,1.81E+04,2.33E+01,9.15E+00,2.51E+01,-7.20E+04,-3.16E+03,-7.27E+03
9.04600E+00,1.81E+04,2.43E+01,6.50E+00,2.52E+01,-7.20E+04,-3.20E+03,1.28E+04
9.04800E+00,1.81E+04,2.49E+01,3.77E+00,2.52E+01,-7.20E+04,-3.11E+03,1.54E+04
9.05000E+00,1.81E+04,2.53E+01,1.12E+00,2.53E+01,-7.20E+04,-3.11E+03,-1.71E+04
9.05200E+00,1.81E+04,2.53E+01,-1.69E+00,2.54E+01,-7.20E+04,-3.20E+03,-1.13E+04
9.05400E+00,1.81E+04,2.50E+01,-4.54E+00,2.54E+01,-7.20E+04,-3.16E+03,6.54E+03
9.05600E+00,1.81E+04,2.43E+01,-7.19E+00,2.54E+01,-7.20E+04,-3.15E+03,8.30E+03
9.05800E+00,1.81E+04,2.35E+01,-9.90E+00,2.55E+01,-7.20E+04,-3.16E+03,-1.40E+04
9.06000E+00,1.81E+04,2.23E+01,-1.24E+01,2.55E+01,-7.20E+04,-3.18E+03,9.49E+02
9.06200E+00,1.81E+04,2.08E+01,-1.48E+01,2.55E+01,-7.20E+04,-3.18E+03,4.88E+03
9.06400E+00,1.81E+04,1.90E+01,-1.70E+01,2.56E+01,-7.20E+04,-3.13E+03,4.93E+03
9.06600E+00,1.81E+04,1.71E+01,-1.90E+01,2.56E+01,-7.20E+04,-3.17E+03,-6.31E+03
9.06800E+00,1.81E+04,1.49E+01,-2.08E+01,2.56E+01,-7.21E+04,-3.17E+03,-4.56E+03
9.07000E+00,1.81E+04,1.25E+01,-2.24E+01,2.57E+01,-7.21E+04,-3.17E+03,-9.59E+02
9.07200E+00,1.81E+04,9.98E+00,-2.37E+01,2.57E+01,-7.21E+04,-3.19E+03,-3.26E+03
9.07400E+00,1.81E+04,7.31E+00,-2.47E+01,2.58E+01,-7.21E+04,-3.18E+03,6.90E+03
9.07600E+00,1.82E+04,4.54E+00,-2.54E+01,2.58E+01,-7.21E+04,-3.16E+03,4.27E+03
9.07800E+00,1.82E+04,1.72E+00,-2.58E+01,2.59E+01,-7.21E+04,-3.16E+03,-1.66E+03
9.08000E+00,1.82E+04,-1.13E+00,-2.59E+01,2.59E+01,-7.21E+04,-3.17E+03,6.99E+02
9.08200E+00,1.82E+04,-4.01E+00,-2.57E+01,2.60E+01,-7.21E+04,-3.16E+03,1.86E+04
9.08400E+00,1.82E+04,-6.80E+00,-2.52E+01,2.61E+01,-7.21E+04,-3.10E+03,9.83E+03
9.08600E+00,1.82E+04,-9.47E+00,-2.44E+01,2.62E+01,-7.21E+04,-3.10E+03,2.80E+03
9.08800E+00,1.82E+04,-1.21E+01,-2.32E+01,2.62E+01,-7.21E+04,-3.11E+03,-3.10E+03
9.09000E+00,1.82E+04,-1.46E+01,-2.19E+01,2.63E+01,-7.21E+04,-3.09E+03,7.78E+03
9.09200E+00,1.82E+04,-1.69E+01,-2.02E+01,2.63E+01,-7.21E+04,-3.09E+03,3.38E+02
9.09400E+00,1.82E+04,-1.90E+01,-1.83E+01,2.63E+01,-7.21E+04,-3.08E+03,2.50E+04
9.09600E+00,1.82E+04,-2.08E+01,-1.61E+01,2.64E+01,-7.21E+04,-3.01E+03,1.60E+04
9.09800E+00,1.82E+04,-2.24E+01,-1.39E+01,2.63E+01,-7.21E+04,-2.99E+03,-3.47E+03
9.10000E+00,1.82E+04,-2.37E+01,-1.14E+01,2.63E+01,-7.22E+04,-3.05E+03,-1.59E+03
9.10200E+00,1.82E+04,-2.48E+01,-8.87E+00,2.63E+01,-7.22E+04,-3.00E+03,7.34E+03
9.10400E+00,1.82E+04,-2.55E+01,-6.29E+00,2.63E+01,-7.22E+04,-2.99E+03,-4.03E+03
9.10600E+00,1.82E+04,-2.58E+01,-3.51E+00,2.61E+01,-7.22E+04,-3.04E+03,-2.11E+04
9.10800E+00,1.82E+04,-2.60E+01,-7.64E-01,2.60E+01,-7.22E+04,-3.06E+03,4.02E+03
9.11000E+00,1.82E+04,-2.59E+01,2.04E+00,2.59E+01,-7.22E+04,-3.04E+03,5.82E+03
9.11200E+00,1.82E+04,-2.53E+01,4.67E+00,2.57E+01,-7.22E+04,-3.02E+03,-1.00E+04
9.11400E+00,1.82E+04,-2.45E+01,7.28E+00,2.55E+01,-7.22E+04,-3.09E+03,-4.04E+04
9.11600E+00,1.82E+04,-2.34E+01,9.84E+00,2.54E+01,-7.22E+04,-3.18E+03,-2.74E+04
9.11800E+00,1.82E+04,-2.20E+01,1.23E+01,2.52E+01,-7.22E+04,-3.21E+03,-9.38E+03
9.12000E+00,1.82E+04,-2.02E+01,1.45E+01,2.49E+01,-7.22E+04,-3.20E+03,-6.08E+03
9.12200E+00,1.82E+04,-1.83E+01,1.66E+01,2.47E+01,-7.22E+04,-3.24E+03,-1.26E+04
9.12400E+00,1.82E+04,-1.62E+01,1.84E+01,2.45E+01,-7.22E+04,-3.26E+03,-1.57E+04
9.12600E+00,1.83E+04,-1.40E+01,2.00E+01,2.44E+01,-7.22E+04,-3.29E+03,-1.82E+04
9.12800E+00,1.83E+04,-1.15E+01,2.14E+01,2.43E+01,-7.22E+04,-3.34E+03,-1.48E+04
9.13000E+00,1.83E+04,-8.87E+00,2.25E+01,2.42E+01,-7.22E+04,-3.35E+03,-1.09E+04
9.13200E+00,1.83E+04,-6.17E+00,2.33E+01,2.41E+01,-7.23E+04,-3.38E+03,-6.25E+03
9.13400E+00,1.83E+04,-3.36E+00,2.38E+01,2.41E+01,-7.23E+04,-3.38E+03,-6.52E+02
9.13600E+00,1.83E+04,-5.45E-01,2.41E+01,2.41E+01,-7.23E+04,-3.37E+03,1.54E+04
9.13800E+00,1.83E+04,2.29E+00,2.40E+01,2.41E+01,-7.23E+04,-3.33E+03,8.35E+03
9.14000E+00,1.83E+04,5.02E+00,2.36E+01,2.41E+01,-7.23E+04,-3.32E+03,1.22E+04
9.14200E+00,1.83E+04,7.76E+00,2.29E+01,2.42E+01,-7.23E+04,-3.30E+03,7.32E+03
9.14400E+00,1.83E+04,1.03E+01,2.19E+01,2.42E+01,-7.23E+04,-3.27E+03,1.56E+04
9.14600E+00,1.83E+04,1.28E+01,2.07E+01,2.43E+01,-7.23E+04,-3.26E+03,3.67E+03
9.14800E+00,1.83E+04,1.51E+01,1.92E+01,2.44E+01,-7.23E+04,-3.24E+03,1.28E+04
9.15000E+00,1.83E+04,1.73E+01,1.74E+01,2.45E+01,-7.23E+04,-3.22E+03,1.46E+04
9.15200E+00,1.83E+04,1.92E+01,1.55E+01,2.47E+01,-7.23E+04,-3.17E+03,2.82E+04
9.15400E+00,1.83E+04,2.09E+01,1.33E+01,2.47E+01,-7.23E+04,-3.12E+03,-2.87E+03
9.15600E+00,1.83E+04,2.23E+01,1.11E+01,2.49E+01,-7.23E+04,-3.16E+03,2.03E+04
9.15800E+00,1.83E+04,2.35E+01,8.52E+00,2.50E+01,-7.23E+04,-3.09E+03,7.57E+02
9.16000E+00,1.83E+04,2.44E+01,6.09E+00,2.51E+01,-7.23E+04,-3.08E+03,1.30E+04
9.16200E+00,1.83E+04,2.50E+01,3.33E+00,2.52E+01,-7.24E+04,-3.12E+03,-1.11E+04
9.16400E+00,1.83E+04,2.54E+01,6.88E-01,2.54E+01,-7.24E+04,-3.06E+03,1.04E+04
9.16600E+00,1.83E+04,2.52E+01,-2.06E+00,2.53E+01,-7.24E+04,-3.11E+03,-2.52E+03
9.16800E+00,1.83E+04,2.50E+01,-4.80E+00,2.54E+01,-7.24E+04,-3.07E+03,-1.50E+03
9.17000E+00,1.83E+04,2.44E+01,-7.43E+00,2.55E+01,-7.24E+04,-3.10E+03,6.07E+03
9.17200E+00,1.83E+04,2.35E+01,-1.01E+01,2.55E+01,-7.24E+04,-3.08E+03,-3.34E+03
9.17400E+00,1.83E+04,2.24E+01,-1.25E+01,2.56E+01,-7.24E+04,-3.07E+03,3.49E+03
9.17600E+00,1.84E+04,2.09E+01,-1.49E+01,2.56E+01,-7.24E+04,-3.10E+03,-8.00E+02
9.17800E+00,1.84E+04,1.92E+01,-1.71E+01,2.57E+01,-7.24E+04,-3.05E+03,5.18E+03
9.18000E+00,1.84E+04,1.73E+01,-1.90E+01,2.57E+01,-7.24E+04,-3.08E+03,-1.13E+04
9.18200E+00,1.84E+04,1.51E+01,-2.08E+01,2.57E+01,-7.24E+04,-3.11E+03,-1.85E+03
9.18400E+00,1.84E+04,1.28E+01,-2.24E+01,2.58E+01,-7.24E+04,-3.08E+03,1.48E+03
9.18600E+00,1.84E+04,1.04E+01,-2.37E+01,2.59E+01,-7.24E+04,-3.09E+03,-2.39E+03
9.18800E+00,1.84E+04,7.78E+00,-2.47E+01,2.59E+01,-7.24E+04,-3.11E+03,-3.33E+03
9.19000E+00,1.84E+04,5.08E+00,-2.55E+01,2.60E+01,-7.24E+04,-3.10E+03,4.68E+03
9.19200E+00,1.84E+04,2.31E+00,-2.59E+01,2.60E+01,-7.24E+04,-3.09E+03,8.98E+03
9.19400E+00,1.84E+04,-4.90E-01,-2.60E+01,2.60E+01,-7.25E+04,-3.06E+03,8.81E+03
9.19600E+00,1.84E+04,-3.25E+00,-2.59E+01,2.61E+01,-7.25E+04,-3.05E+03,4.08E+03
9.19800E+00,1.84E+04,-6.00E+00,-2.55E+01,2.62E+01,-7.25E+04,-3.05E+03,5.73E+03
9.20000E+00,1.84E+04,-8.69E+00,-2.47E+01,2.62E+01,-7.25E+04,-3.02E+03,1.74E+03
9.20200E+00,1.84E+04,-1.13E+01,-2.37E+01,2.63E+01,-7.25E+04,-3.04E+03,9.08E+02
9.20400E+00,1.84E+04,-1.38E+01,-2.24E+01,2.63E+01,-7.25E+04,-3.04E+03,3.48E+03
9.20600E+00,1.84E+04,-1.61E+01,-2.09E+01,2.64E+01,-7.25E+04,-3.01E+03,1.13E+04
9.20800E+00,1.84E+04,-1.82E+01,-1.91E+01,2.64E+01,-7.25E+04,-3.00E+03,2.69E+03
9.21000E+00,1.84E+04,-2.01E+01,-1.71E+01,2.64E+01,-7.25E+04,-2.99E+03,1.59E+04
9.21200E+00,1.84E+04,-2.18E+01,-1.50E+01,2.64E+01,-7.25E+04,-2.95E+03,1.08E+04
9.21400E+00,1.84E+04,-2.31E+01,-1.27E+01,2.64E+01,-7.25E+04,-2.93E+03,1.00E+03
9.21600E+00,1.84E+04,-2.44E+01,-1.02E+01,2.64E+01,-7.25E+04,-2.96E+03,-2.33E+04
9.21800E+00,1.84E+04,-2.51E+01,-7.62E+00,2.63E+01,-7.25E+04,-3.01E+03,4.62E+02
9.22000E+00,1.84E+04,-2.58E+01,-4.89E+00,2.62E+01,-7.25E+04,-2.98E+03,1.04E+04
9.22200E+00,1.84E+04,-2.61E+01,-2.25E+00,2.62E+01,-7.25E+04,-2.93E+03,5.34E+02
9.22400E+00,1.84E+04,-2.60E+01,4.54E-01,2.60E+01,-7.25E+04,-3.00E+03,-8.14E+03
9.22600E+00,1.85E+04,-2.57E+01,3.19E+00,2.59E+01,-7.25E+04,-2.98E+03,-8.42E+03
9.22800E+00,1.85E+04,-2.51E+01,5.77E+00,2.58E+01,-7.26E+04,-3.00E+03,-1.09E+04
9.23000E+00,1.85E+04,-2.42E+01,8.35E+00,2.56E+01,-7.26E+04,-3.05E+03,-2.07E+04
9.23200E+00,1.85E+04,-2.30E+01,1.08E+01,2.55E+01,-7.26E+04,-3.06E+03,-1.75E+04
9.23400E+00,1.85E+04,-2.15E+01,1.31E+01,2.52E+01,-7.26E+04,-3.13E+03,-2.11E+04
9.23600E+00,1.85E+04,-1.98E+01,1.53E+01,2.51E+01,-7.26E+04,-3.16E+03,-8.41E+03
9.23800E+00,1.85E+04,-1.79E+01,1.73E+01,2.49E+01,-7.26E+04,-3.15E+03,-6.40E+03
9.24000E+00,1.85E+04,-1.58E+01,1.90E+01,2.47E+01,-7.26E+04,-3.18E+03,-1.88E+04
9.24200E+00,1.85E+04,-1.35E+01,2.05E+01,2.46E+01,-7.26E+04,-3.23E+03,-1.96E+04
9.24400E+00,1.85E+04,-1.10E+01,2.18E+01,2.44E+01,-7.26E+04,-3.26E+03,-1.23E+03
9.24600E+00,1.85E+04,-8.43E+00,2.28E+01,2.43E+01,-7.26E+04,-3.24E+03,-3.70E+03
9.24800E+00,1.85E+04,-5.81E+00,2.35E+01,2.43E+01,-7.26E+04,-3.26E+03,-5.45E+03
9.25000E+00,1.85E+04,-3.05E+00,2.40E+01,2.42E+01,-7.26E+04,-3.28E+03,-1.06E+04
9.25200E+00,1.85E+04,-3.08E-01,2.42E+01,2.42E+01,-7.26E+04,-3.28E+03,1.11E+04
9.25400E+00,1.85E+04,2.49E+00,2.41E+01,2.42E+01,-7.26E+04,-3.26E+03,6.34E+03
9.25600E+00,1.85E+04,5.16E+00,2.37E+01,2.42E+01,-7.26E+04,-3.23E+03,1.16E+04
9.25800E+00,1.85E+04,7.83E+00,2.29E+01,2.42E+01,-7.26E+04,-3.23E+03,1.41E+04
9.26000E+00,1.85E+04,1.04E+01,2.20E+01,2.43E+01,-7.27E+04,-3.17E+03,1.59E+04
9.26200E+00,1.85E+04,1.27E+01,2.08E+01,2.44E+01,-7.27E+04,-3.16E+03,-2.78E+03
9.26400E+00,1.85E+04,1.50E+01,1.93E+01,2.45E+01,-7.27E+04,-3.19E+03,1.07E+04
9.26600E+00,1.85E+04,1.72E+01,1.76E+01,2.46E+01,-7.27E+04,-3.13E+03,1.01E+04
9.26800E+00,1.85E+04,1.90E+01,1.57E+01,2.46E+01,-7.27E+04,-3.12E+03,1.74E+04
9.27000E+00,1.85E+04,2.08E+01,1.36E+01,2.48E+01,-7.27E+04,-3.10E+03,2.51E+04
9.27200E+00,1.85E+04,2.22E+01,1.14E+01,2.49E+01,-7.27E+04,-2.99E+03,1.45E+04
9.27400E+00,1.85E+04,2.33E+01,9.08E+00,2.50E+01,-7.27E+04,-3.04E+03,-1.07E+04
9.27600E+00,1.86E+04,2.43E+01,6.53E+00,2.51E+01,-7.27E+04,-3.06E+03,-2.88E+02
9.27800E+00,1.86E+04,2.48E+01,3.95E+00,2.51E+01,-7.27E+04,-3.01E+03,1.85E+04
9.28000E+00,1.86E+04,2.52E+01,1.33E+00,2.53E+01,-7.27E+04,-3.00E+03,3.05E+03
9.28200E+00,1.86E+04,2.52E+01,-1.30E+00,2.53E+01,-7.27E+04,-3.00E+03,-9.93E+03
9.28400E+00,1.86E+04,2.50E+01,-3.95E+00,2.53E+01,-7.27E+04,-3.04E+03,-4.68E+03
9.28600E+00,1.86E+04,2.46E+01,-6.63E+00,2.54E+01,-7.27E+04,-3.03E+03,4.63E+03
9.28800E+00,1.86E+04,2.37E+01,-9.15E+00,2.54E+01,-7.27E+04,-3.00E+03,6.40E+03
9.29000E+00,1.86E+04,2.27E+01,-1.16E+01,2.55E+01,-7.27E+04,-3.01E+03,-4.35E+03
9.29200E+00,1.86E+04,2.14E+01,-1.40E+01,2.56E+01,-7.28E+04,-3.01E+03,2.45E+03
9.29400E+00,1.86E+04,1.98E+01,-1.62E+01,2.56E+01,-7.28E+04,-3.01E+03,3.16E+03
9.29600E+00,1.86E+04,1.80E+01,-1.81E+01,2.56E+01,-7.28E+04,-3.00E+03,-6.13E+03
9.29800E+00,1.86E+04,1.61E+01,-1.99E+01,2.56E+01,-7.28E+04,-3.03E+03,-5.11E+03
9.30000E+00,1.86E+04,1.39E+01,-2.16E+01,2.57E+01,-7.28E+04,-3.03E+03,-2.27E+03
9.30200E+00,1.86E+04,1.16E+01,-2.30E+01,2.57E+01,-7.28E+04,-3.02E+03,2.33E+03
9.30400E+00,1.86E+04,9.07E+00,-2.41E+01,2.57E+01,-7.28E+04,-3.03E+03,-3.02E+03
9.30600E+00,1.86E+04,6.49E+00,-2.49E+01,2.58E+01,-7.28E+04,-3.03E+03,4.07E+03
9.30800E+00,1.86E+04,3.83E+00,-2.56E+01,2.58E+01,-7.28E+04,-3.02E+03,-2.48E+03
9.31000E+00,1.86E+04,1.13E+00,-2.59E+01,2.59E+01,-7.28E+04,-3.03E+03,5.80E+02
9.31200E+00,1.86E+04,-1.62E+00,-2.59E+01,2.59E+01,-7.28E+04,-3.03E+03,7.18E+03
9.31400E+00,1.86E+04,-4.35E+00,-2.57E+01,2.60E+01,-7.28E+04,-3.00E+03,4.79E+03
9.31600E+00,1.86E+04,-7.00E+00,-2.51E+01,2.61E+01,-7.28E+04,-3.00E+03,-2.56E+03
9.31800E+00,1.86E+04,-9.63E+00,-2.43E+01,2.61E+01,-7.28E+04,-3.02E+03,1.22E+04
9.32000E+00,1.86E+04,-1.21E+01,-2.32E+01,2.62E+01,-7.28E+04,-2.96E+03,7.23E+03
9.32200E+00,1.86E+04,-1.45E+01,-2.19E+01,2.62E+01,-7.28E+04,-2.97E+03,6.46E+03
9.32400E+00,1.86E+04,-1.67E+01,-2.03E+01,2.63E+01,-7.28E+04,-2.96E+03,1.83E+04
9.32600E+00,1.87E+04,-1.87E+01,-1.85E+01,2.63E+01,-7.29E+04,-2.87E+03,2.46E+04
9.32800E+00,1.87E+04,-2.05E+01,-1.66E+01,2.63E+01,-7.29E+04,-2.86E+03,-2.32E+03
9.33000E+00,1.87E+04,-2.20E+01,-1.44E+01,2.63E+01,-7.29E+04,-2.89E+03,2.71E+03
9.33200E+00,1.87E+04,-2.34E+01,-1.22E+01,2.64E+01,-7.29E+04,-2.86E+03,2.20E+03
9.33400E+00,1.87E+04,-2.44E+01,-9.77E+00,2.63E+01,-7.29E+04,-2.86E+03,-1.74E+04
9.33600E+00,1.87E+04,-2.53E+01,-7.24E+00,2.63E+01,-7.29E+04,-2.94E+03,-1.42E+04
9.33800E+00,1.87E+04,-2.57E+01,-4.56E+00,2.61E+01,-7.29E+04,-2.93E+03,1.16E+04
9.34000E+00,1.87E+04,-2.60E+01,-1.95E+00,2.61E+01,-7.29E+04,-2.88E+03,4.27E+03
9.34200E+00,1.87E+04,-2.59E+01,6.58E-01,2.59E+01,-7.29E+04,-2.91E+03,-4.35E+03
9.34400E+00,1.87E+04,-2.56E+01,3.31E+00,2.58E+01,-7.29E+04,-2.91E+03,-1.20E+04
9.34600E+00,1.87E+04,-2.50E+01,5.83E+00,2.57E+01,-7.29E+04,-2.93E+03,-1.09E+04
9.34800E+00,1.87E+04,-2.41E+01,8.34E+00,2.55E+01,-7.29E+04,-2.98E+03,-1.78E+04
9.35000E+00,1.87E+04,-2.30E+01,1.07E+01,2.54E+01,-7.29E+04,-2.99E+03,-1.91E+04
9.35200E+00,1.87E+04,-2.16E+01,1.30E+01,2.52E+01,-7.29E+04,-3.06E+03,-2.51E+04
9.35400E+00,1.87E+04,-1.99E+01,1.51E+01,2.50E+01,-7.29E+04,-3.10E+03,-1.22E+04
9.35600E+00,1.87E+04,-1.80E+01,1.71E+01,2.48E+01,-7.29E+04,-3.10E+03,-7.25E+02
9.35800E+00,1.87E+04,-1.60E+01,1.88E+01,2.47E+01,-7.29E+04,-3.10E+03,-6.90E+03
9.36000E+00,1.87E+04,-1.38E+01,2.03E+01,2.46E+01,-7.30E+04,-3.12E+03,-1.36E+04
9.36200E+00,1.87E+04,-1.14E+01,2.16E+01,2.44E+01,-7.30E+04,-3.16E+03,-1.51E+04
9.36400E+00,1.87E+04,-8.90E+00,2.26E+01,2.43E+01,-7.30E+04,-3.19E+03,-1.15E+04
9.36600E+00,1.87E+04,-6.31E+00,2.34E+01,2.42E+01,-7.30E+04,-3.21E+03,8.74E+02
9.36800E+00,1.87E+04,-3.64E+00,2.38E+01,2.41E+01,-7.30E+04,-3.19E+03,-5.94E+02
9.37000E+00,1.87E+04,-9.95E-01,2.41E+01,2.41E+01,-7.30E+04,-3.19E+03,-3.39E+03
9.37200E+00,1.87E+04,1.72E+00,2.41E+01,2.41E+01,-7.30E+04,-3.22E+03,1.09E+04
9.37400E+00,1.87E+04,4.40E+00,2.37E+01,2.41E+01,-7.30E+04,-3.15E+03,1.19E+04
9.37600E+00,1.88E+04,6.95E+00,2.32E+01,2.42E+01,-7.30E+04,-3.15E+03,1.59E+03
9.37800E+00,1.88E+04,9.49E+00,2.23E+01,2.42E+01,-7.30E+04,-3.17E+03,5.72E+03
9.38000E+00,1.88E+04,1.19E+01,2.12E+01,2.43E+01,-7.30E+04,-3.11E+03,1.72E+04
9.38200E+00,1.88E+04,1.42E+01,1.98E+01,2.44E+01,-7.30E+04,-3.10E+03,9.13E+03
9.38400E+00,1.88E+04,1.63E+01,1.83E+01,2.45E+01,-7.30E+04,-3.09E+03,4.96E+03
9.38600E+00,1.88E+04,1.83E+01,1.65E+01,2.46E+01,-7.30E+04,-3.07E+03,4.70E+03
9.38800E+00,1.88E+04,2.00E+01,1.45E+01,2.47E+01,-7.30E+04,-3.07E+03,2.19E+04
9.39000E+00,1.88E+04,2.15E+01,1.23E+01,2.48E+01,-7.31E+04,-2.99E+03,2.85E+04
9.39200E+00,1.88E+04,2.28E+01,1.01E+01,2.49E+01,-7.31E+04,-2.93E+03,4.62E+02
9.39400E+00,1.88E+04,2.38E+01,7.77E+00,2.50E+01,-7.31E+04,-3.00E+03,9.91E+02
9.39600E+00,1.88E+04,2.46E+01,5.24E+00,2.52E+01,-7.31E+04,-2.95E+03,2.02E+04
9.39800E+00,1.88E+04,2.51E+01,2.77E+00,2.52E+01,-7.31E+04,-2.88E+03,3.74E+03
9.40000E+00,1.88E+04,2.54E+01,2.12E-01,2.54E+01,-7.31E+04,-2.95E+03,-1.57E+04
9.40200E+00,1.88E+04,2.53E+01,-2.45E+00,2.54E+01,-7.31E+04,-2.96E+03,-7.09E+02
9.40400E+00,1.88E+04,2.49E+01,-5.00E+00,2.54E+01,-7.31E+04,-2.94E+03,-1.89E+03
9.40600E+00,1.88E+04,2.43E+01,-7.56E+00,2.55E+01,-7.31E+04,-2.97E+03,-1.85E+03
9.40800E+00,1.88E+04,2.35E+01,-1.01E+01,2.55E+01,-7.31E+04,-2.95E+03,9.12E+03
9.41000E+00,1.88E+04,2.24E+01,-1.25E+01,2.57E+01,-7.31E+04,-2.92E+03,1.09E+04
9.41200E+00,1.88E+04,2.10E+01,-1.47E+01,2.57E+01,-7.31E+04,-2.92E+03,-1.18E+02
9.41400E+00,1.88E+04,1.95E+01,-1.68E+01,2.58E+01,-7.31E+04,-2.92E+03,-6.56E+02
9.41600E+00,1.88E+04,1.77E+01,-1.87E+01,2.58E+01,-7.31E+04,-2.92E+03,9.04E+02
9.41800E+00,1.88E+04,1.58E+01,-2.05E+01,2.59E+01,-7.31E+04,-2.91E+03,-6.02E+03
9.42000E+00,1.88E+04,1.36E+01,-2.20E+01,2.58E+01,-7.31E+04,-2.94E+03,-1.20E+04
9.42200E+00,1.88E+04,1.13E+01,-2.33E+01,2.59E+01,-7.31E+04,-2.97E+03,-2.19E+03
9.42400E+00,1.88E+04,8.80E+00,-2.44E+01,2.59E+01,-7.32E+04,-2.95E+03,3.16E+03
9.42600E+00,1.89E+04,6.28E+00,-2.51E+01,2.59E+01,-7.32E+04,-2.95E+03,2.09E+03
9.42800E+00,1.89E+04,3.64E+00,-2.57E+01,2.60E+01,-7.32E+04,-2.95E+03,-4.51E+03
9.43000E+00,1.89E+04,1.00E+00,-2.59E+01,2.60E+01,-7.32E+04,-2.95E+03,4.39E+03
9.43200E+00,1.89E+04,-1.70E+00,-2.59E+01,2.60E+01,-7.32E+04,-2.95E+03,1.39E+03
9.43400E+00,1.89E+04,-4.35E+00,-2.57E+01,2.61E+01,-7.32E+04,-2.93E+03,1.52E+04
9.43600E+00,1.89E+04,-6.97E+00,-2.51E+01,2.61E+01,-7.32E+04,-2.90E+03,3.08E+03
9.43800E+00,1.89E+04,-9.46E+00,-2.44E+01,2.61E+01,-7.32E+04,-2.90E+03,4.52E+03
9.44000E+00,1.89E+04,-1.19E+01,-2.33E+01,2.62E+01,-7.32E+04,-2.91E+03,1.04E+04
9.44200E+00,1.89E+04,-1.42E+01,-2.21E+01,2.63E+01,-7.32E+04,-2.85E+03,1.02E+04
9.44400E+00,1.89E+04,-1.64E+01,-2.06E+01,2.63E+01,-7.32E+04,-2.86E+03,-6.05E+03
9.44600E+00,1.89E+04,-1.84E+01,-1.88E+01,2.63E+01,-7.32E+04,-2.89E+03,-6.24E+03
9.44800E+00,1.89E+04,-2.02E+01,-1.69E+01,2.63E+01,-7.32E+04,-2.88E+03,1.92E+04
9.45000E+00,1.89E+04,-2.18E+01,-1.48E+01,2.63E+01,-7.32E+04,-2.82E+03,1.51E+04
9.45200E+00,1.89E+04,-2.31E+01,-1.26E+01,2.63E+01,-7.32E+04,-2.80E+03,-7.26E+03
9.45400E+00,1.89E+04,-2.43E+01,-1.03E+01,2.63E+01,-7.32E+04,-2.86E+03,-2.10E+04
9.45600E+00,1.89E+04,-2.51E+01,-7.77E+00,2.62E+01,-7.32E+04,-2.88E+03,5.69E+03
9.45800E+00,1.89E+04,-2.57E+01,-5.22E+00,2.62E+01,-7.32E+04,-2.84E+03,7.48E+03
9.46000E+00,1.89E+04,-2.59E+01,-2.67E+00,2.61E+01,-7.33E+04,-2.84E+03,-2.91E+02
9.46200E+00,1.89E+04,-2.60E+01,-5.66E-02,2.60E+01,-7.33E+04,-2.86E+03,1.59E+03
9.46400E+00,1.89E+04,-2.58E+01,2.51E+00,2.59E+01,-7.33E+04,-2.82E+03,4.88E+03
9.46600E+00,1.89E+04,-2.53E+01,4.99E+00,2.58E+01,-7.33E+04,-2.83E+03,-1.71E+04
9.46800E+00,1.89E+04,-2.44E+01,7.42E+00,2.55E+01,-7.33E+04,-2.90E+03,-3.31E+04
9.47000E+00,1.89E+04,-2.34E+01,9.83E+00,2.54E+01,-7.33E+04,-2.97E+03,-2.78E+04
9.47200E+00,1.89E+04,-2.21E+01,1.21E+01,2.52E+01,-7.33E+04,-3.01E+03,-3.81E+02
9.47400E+00,1.89E+04,-2.06E+01,1.43E+01,2.51E+01,-7.33E+04,-2.97E+03,2.57E+03
9.47600E+00,1.90E+04,-1.89E+01,1.63E+01,2.50E+01,-7.33E+04,-2.98E+03,-5.08E+03
9.47800E+00,1.90E+04,-1.70E+01,1.81E+01,2.48E+01,-7.33E+04,-3.02E+03,-1.49E+04
9.48000E+00,1.90E+04,-1.49E+01,1.96E+01,2.46E+01,-7.33E+04,-3.03E+03,-1.36E+04
9.48200E+00,1.90E+04,-1.27E+01,2.10E+01,2.45E+01,-7.33E+04,-3.08E+03,-2.43E+04
9.48400E+00,1.90E+04,-1.03E+01,2.21E+01,2.44E+01,-7.33E+04,-3.12E+03,1.40E+03
9.48600E+00,1.90E+04,-7.79E+00,2.30E+01,2.43E+01,-7.33E+04,-3.08E+03,1.97E+03
9.48800E+00,1.90E+04,-5.31E+00,2.37E+01,2.43E+01,-7.33E+04,-3.09E+03,-3.21E+03
9.49000E+00,1.90E+04,-2.67E+00,2.41E+01,2.42E+01,-7.33E+04,-3.13E+03,-2.03E+04
9.49200E+00,1.90E+04,-5.72E-02,2.42E+01,2.42E+01,-7.33E+04,-3.14E+03,1.25E+04
9.49400E+00,1.90E+04,2.63E+00,2.41E+01,2.42E+01,-7.34E+04,-3.11E+03,3.09E+03
9.49600E+00,1.90E+04,5.15E+00,2.37E+01,2.42E+01,-7.34E+04,-3.09E+03,1.82E+04
9.49800E+00,1.90E+04,7.73E+00,2.30E+01,2.42E+01,-7.34E+04,-3.08E+03,-1.69E+02
9.50000E+00,1.90E+04,1.01E+01,2.21E+01,2.43E+01,-7.34E+04,-3.05E+03,2.27E+03
9.50200E+00,1.90E+04,1.25E+01,2.09E+01,2.43E+01,-7.34E+04,-3.10E+03,1.94E+03
9.50400E+00,1.90E+04,1.47E+01,1.95E+01,2.45E+01,-7.34E+04,-3.04E+03,2.20E+04
9.50600E+00,1.90E+04,1.67E+01,1.79E+01,2.45E+01,-7.34E+04,-3.00E+03,2.24E+04
9.50800E+00,1.90E+04,1.86E+01,1.62E+01,2.47E+01,-7.34E+04,-2.96E+03,1.24E+04
9.51000E+00,1.90E+04,2.03E+01,1.43E+01,2.48E+01,-7.34E+04,-2.93E+03,2.14E+04
9.51200E+00,1.90E+04,2.17E+01,1.22E+01,2.49E+01,-7.34E+04,-2.89E+03,5.06E+03
9.51400E+00,1.90E+04,2.29E+01,1.00E+01,2.50E+01,-7.34E+04,-2.89E+03,-6.52E+03
9.51600E+00,1.90E+04,2.40E+01,7.68E+00,2.52E+01,-7.34E+04,-2.94E+03,1.02E+04
9.51800E+00,1.90E+04,2.47E+01,5.19E+00,2.52E+01,-7.34E+04,-2.85E+03,2.34E+04
9.52000E+00,1.90E+04,2.51E+01,2.79E+00,2.53E+01,-7.34E+04,-2.81E+03,-1.19E+03
9.52200E+00,1.90E+04,2.54E+01,2.77E-01,2.54E+01,-7.34E+04,-2.88E+03,-1.28E+04
9.52400E+00,1.90E+04,2.52E+01,-2.29E+00,2.53E+01,-7.34E+04,-2.87E+03,5.95E+03
9.52600E+00,1.91E+04,2.50E+01,-4.79E+00,2.54E+01,-7.35E+04,-2.84E+03,-5.21E+03
9.52800E+00,1.91E+04,2.44E+01,-7.24E+00,2.54E+01,-7.35E+04,-2.89E+03,-1.07E+04
9.53000E+00,1.91E+04,2.36E+01,-9.73E+00,2.55E+01,-7.35E+04,-2.90E+03,6.78E+03
9.53200E+00,1.91E+04,2.25E+01,-1.21E+01,2.55E+01,-7.35E+04,-2.85E+03,9.71E+03
9.53400E+00,1.91E+04,2.12E+01,-1.42E+01,2.56E+01,-7.35E+04,-2.86E+03,-9.48E+03
9.53600E+00,1.91E+04,1.98E+01,-1.64E+01,2.57E+01,-7.35E+04,-2.90E+03,-3.25E+03
9.53800E+00,1.91E+04,1.80E+01,-1.83E+01,2.56E+01,-7.35E+04,-2.88E+03,1.94E+03
9.54000E+00,1.91E+04,1.61E+01,-1.99E+01,2.56E+01,-7.35E+04,-2.87E+03,-5.40E+01
9.54200E+00,1.91E+04,1.40E+01,-2.15E+01,2.57E+01,-7.35E+04,-2.89E+03,-3.54E+03
9.54400E+00,1.91E+04,1.18E+01,-2.28E+01,2.57E+01,-7.35E+04,-2.88E+03,3.29E+03
9.54600E+00,1.91E+04,9.46E+00,-2.40E+01,2.58E+01,-7.35E+04,-2.88E+03,-2.19E+03
9.54800E+00,1.91E+04,7.02E+00,-2.48E+01,2.58E+01,-7.35E+04,-2.89E+03,2.09E+03
9.55000E+00,1.91E+04,4.50E+00,-2.55E+01,2.59E+01,-7.35E+04,-2.88E+03,-1.71E+03
9.55200E+00,1.91E+04,1.94E+00,-2.58E+01,2.59E+01,-7.35E+04,-2.89E+03,9.22E+02
9.55400E+00,1.91E+04,-6.94E-01,-2.59E+01,2.59E+01,-7.35E+04,-2.89E+03,9.97E+02
9.55600E+00,1.91E+04,-3.29E+00,-2.58E+01,2.60E+01,-7.35E+04,-2.87E+03,2.00E+04
9.55800E+00,1.91E+04,-5.87E+00,-2.54E+01,2.61E+01,-7.35E+04,-2.82E+03,-3.21E+03
9.56000E+00,1.91E+04,-8.31E+00,-2.48E+01,2.61E+01,-7.35E+04,-2.85E+03,1.22E+03
9.56200E+00,1.91E+04,-1.08E+01,-2.38E+01,2.62E+01,-7.36E+04,-2.86E+03,6.55E+03
9.56400E+00,1.91E+04,-1.31E+01,-2.27E+01,2.62E+01,-7.36E+04,-2.79E+03,2.22E+04
9.56600E+00,1.91E+04,-1.53E+01,-2.13E+01,2.62E+01,-7.36E+04,-2.79E+03,-2.37E+03
9.56800E+00,1.91E+04,-1.73E+01,-1.98E+01,2.63E+01,-7.36E+04,-2.79E+03,-7.16E+03
9.57000E+00,1.91E+04,-1.92E+01,-1.81E+01,2.64E+01,-7.36E+04,-2.82E+03,8.26E+03
9.57200E+00,1.91E+04,-2.09E+01,-1.61E+01,2.63E+01,-7.36E+04,-2.77E+03,2.18E+04
9.57400E+00,1.91E+04,-2.23E+01,-1.40E+01,2.63E+01,-7.36E+04,-2.71E+03,1.75E+04
9.57600E+00,1.92E+04,-2.35E+01,-1.19E+01,2.63E+01,-7.36E+04,-2.71E+03,-1.41E+04
9.57800E+00,1.92E+04,-2.44E+01,-9.54E+00,2.62E+01,-7.36E+04,-2.76E+03,-2.21E+04
9.58000E+00,1.92E+04,-2.52E+01,-7.10E+00,2.62E+01,-7.36E+04,-2.82E+03,-9.38E+03
9.58200E+00,1.92E+04,-2.57E+01,-4.56E+00,2.61E+01,-7.36E+04,-2.79E+03,1.49E+04
9.58400E+00,1.92E+04,-2.60E+01,-2.06E+00,2.61E+01,-7.36E+04,-2.75E+03,-2.28E+03
9.58600E+00,1.92E+04,-2.59E+01,4.24E-01,2.59E+01,-7.36E+04,-2.79E+03,-5.14E+03
9.58800E+00,1.92E+04,-2.57E+01,2.99E+00,2.59E+01,-7.36E+04,-2.80E+03,8.88E+02
9.59000E+00,1.92E+04,-2.51E+01,5.39E+00,2.56E+01,-7.36E+04,-2.76E+03,-9.76E+03
9.59200E+00,1.92E+04,-2.44E+01,7.77E+00,2.56E+01,-7.36E+04,-2.84E+03,-3.28E+04
9.59400E+00,1.92E+04,-2.33E+01,1.01E+01,2.54E+01,-7.36E+04,-2.91E+03,-1.48E+04
9.59600E+00,1.92E+04,-2.20E+01,1.23E+01,2.52E+01,-7.36E+04,-2.90E+03,-6.79E+02
9.59800E+00,1.92E+04,-2.05E+01,1.44E+01,2.50E+01,-7.37E+04,-2.90E+03,-9.47E+03
9.60000E+00,1.92E+04,-1.88E+01,1.63E+01,2.49E+01,-7.37E+04,-2.94E+03,-1.20E+04
9.60200E+00,1.92E+04,-1.69E+01,1.81E+01,2.48E+01,-7.37E+04,-2.95E+03,-6.89E+03
9.60400E+00,1.92E+04,-1.49E+01,1.96E+01,2.46E+01,-7.37E+04,-2.96E+03,-1.58E+04
9.60600E+00,1.92E+04,-1.27E+01,2.09E+01,2.44E+01,-7.37E+04,-3.02E+03,-2.37E+04
9.60800E+00,1.92E+04,-1.04E+01,2.20E+01,2.44E+01,-7.37E+04,-3.06E+03,4.96E+03
9.61000E+00,1.92E+04,-7.93E+00,2.29E+01,2.43E+01,-7.37E+04,-3.00E+03,1.58E+03
9.61200E+00,1.92E+04,-5.52E+00,2.36E+01,2.42E+01,-7.37E+04,-3.02E+03,-1.16E+04
9.61400E+00,1.92E+04,-2.93E+00,2.40E+01,2.42E+01,-7.37E+04,-3.09E+03,-1.24E+04
9.61600E+00,1.92E+04,-3.54E-01,2.41E+01,2.41E+01,-7.37E+04,-3.05E+03,1.25E+04
9.61800E+00,1.92E+04,2.20E+00,2.40E+01,2.41E+01,-7.37E+04,-3.04E+03,9.55E+03
9.62000E+00,1.92E+04,4.74E+00,2.37E+01,2.42E+01,-7.37E+04,-3.02E+03,3.06E+03
9.62200E+00,1.92E+04,7.19E+00,2.31E+01,2.42E+01,-7.37E+04,-3.02E+03,4.22E+03
9.62400E+00,1.92E+04,9.60E+00,2.22E+01,2.42E+01,-7.37E+04,-3.01E+03,1.61E+04
9.62600E+00,1.93E+04,1.19E+01,2.11E+01,2.43E+01,-7.37E+04,-2.95E+03,1.35E+04
9.62800E+00,1.93E+04,1.40E+01,1.99E+01,2.44E+01,-7.37E+04,-2.95E+03,1.06E+04
9.63000E+00,1.93E+04,1.61E+01,1.84E+01,2.45E+01,-7.38E+04,-2.93E+03,5.50E+03
9.63200E+00,1.93E+04,1.79E+01,1.67E+01,2.45E+01,-7.38E+04,-2.90E+03,2.42E+04
9.63400E+00,1.93E+04,1.96E+01,1.49E+01,2.47E+01,-7.38E+04,-2.86E+03,2.10E+04
9.63600E+00,1.93E+04,2.11E+01,1.30E+01,2.48E+01,-7.38E+04,-2.80E+03,-1.24E+04
9.63800E+00,1.93E+04,2.24E+01,1.10E+01,2.49E+01,-7.38E+04,-2.90E+03,-6.92E+03
9.64000E+00,1.93E+04,2.36E+01,8.59E+00,2.51E+01,-7.38E+04,-2.87E+03,1.27E+04
9.64200E+00,1.93E+04,2.43E+01,6.32E+00,2.52E+01,-7.38E+04,-2.79E+03,2.08E+04
9.64400E+00,1.93E+04,2.49E+01,3.88E+00,2.52E+01,-7.38E+04,-2.83E+03,3.11E+03
9.64600E+00,1.93E+04,2.53E+01,1.44E+00,2.53E+01,-7.38E+04,-2.77E+03,2.50E+03
9.64800E+00,1.93E+04,2.53E+01,-9.78E-01,2.53E+01,-7.38E+04,-2.80E+03,-9.82E+03
9.65000E+00,1.93E+04,2.52E+01,-3.51E+00,2.54E+01,-7.38E+04,-2.84E+03,-3.60E+03
9.65200E+00,1.93E+04,2.47E+01,-5.97E+00,2.55E+01,-7.38E+04,-2.80E+03,7.81E+03
9.65400E+00,1.93E+04,2.41E+01,-8.37E+00,2.55E+01,-7.38E+04,-2.80E+03,-1.03E+02
9.65600E+00,1.93E+04,2.32E+01,-1.07E+01,2.55E+01,-7.38E+04,-2.81E+03,-4.61E+03
9.65800E+00,1.93E+04,2.21E+01,-1.29E+01,2.56E+01,-7.38E+04,-2.81E+03,8.25E+03
9.66000E+00,1.93E+04,2.07E+01,-1.51E+01,2.56E+01,-7.38E+04,-2.79E+03,6.31E+03
9.66200E+00,1.93E+04,1.92E+01,-1.70E+01,2.57E+01,-7.38E+04,-2.77E+03,3.07E+03
9.66400E+00,1.93E+04,1.75E+01,-1.88E+01,2.57E+01,-7.38E+04,-2.79E+03,-5.16E+03
9.66600E+00,1.93E+04,1.56E+01,-2.05E+01,2.58E+01,-7.39E+04,-2.78E+03,-5.05E+03
9.66800E+00,1.93E+04,1.36E+01,-2.19E+01,2.58E+01,-7.39E+04,-2.81E+03,-1.47E+04
9.67000E+00,1.93E+04,1.13E+01,-2.32E+01,2.58E+01,-7.39E+04,-2.85E+03,2.14E+02
9.67200E+00,1.93E+04,8.99E+00,-2.42E+01,2.58E+01,-7.39E+04,-2.82E+03,1.03E+04
9.67400E+00,1.93E+04,6.61E+00,-2.50E+01,2.58E+01,-7.39E+04,-2.79E+03,2.40E+03
9.67600E+00,1.94E+04,4.15E+00,-2.56E+01,2.59E+01,-7.39E+04,-2.82E+03,-3.02E+03
9.67800E+00,1.94E+04,1.61E+00,-2.59E+01,2.59E+01,-7.39E+04,-2.80E+03,2.45E+03
9.68000E+00,1.94E+04,-9.04E-01,-2.59E+01,2.59E+01,-7.39E+04,-2.80E+03,1.57E+03
9.68200E+00,1.94E+04,-3.46E+00,-2.58E+01,2.60E+01,-7.39E+04,-2.81E+03,1.07E+04
9.68400E+00,1.94E+04,-5.97E+00,-2.54E+01,2.61E+01,-7.39E+04,-2.75E+03,-1.77E+03
9.68600E+00,1.94E+04,-8.36E+00,-2.48E+01,2.61E+01,-7.39E+04,-2.79E+03,-3.80E+03
9.68800E+00,1.94E+04,-1.08E+01,-2.39E+01,2.62E+01,-7.39E+04,-2.81E+03,6.04E+03
9.69000E+00,1.94E+04,-1.31E+01,-2.27E+01,2.62E+01,-7.39E+04,-2.74E+03,2.01E+04
9.69200E+00,1.94E+04,-1.52E+01,-2.14E+01,2.62E+01,-7.39E+04,-2.73E+03,-4.56E+03
9.69400E+00,1.94E+04,-1.72E+01,-1.99E+01,2.63E+01,-7.39E+04,-2.76E+03,-6.48E+03
9.69600E+00,1.94E+04,-1.91E+01,-1.82E+01,2.63E+01,-7.39E+04,-2.77E+03,9.26E+03
9.69800E+00,1.94E+04,-2.07E+01,-1.63E+01,2.64E+01,-7.39E+04,-2.72E+03,2.04E+04
9.70000E+00,1.94E+04,-2.22E+01,-1.43E+01,2.64E+01,-7.39E+04,-2.68E+03,1.43E+04
9.70200E+00,1.94E+04,-2.34E+01,-1.21E+01,2.64E+01,-7.40E+04,-2.67E+03,1.52E+03
9.70400E+00,1.94E+04,-2.44E+01,-9.90E+00,2.63E+01,-7.40E+04,-2.67E+03,-2.35E+04
9.70600E+00,1.94E+04,-2.51E+01,-7.55E+00,2.62E+01,-7.40E+04,-2.75E+03,-4.34E+03
9.70800E+00,1.94E+04,-2.57E+01,-5.04E+00,2.62E+01,-7.40E+04,-2.72E+03,7.51E+03
9.71000E+00,1.94E+04,-2.60E+01,-2.67E+00,2.61E+01,-7.40E+04,-2.67E+03,6.01E+03
9.71200E+00,1.94E+04,-2.61E+01,-1.82E-01,2.61E+01,-7.40E+04,-2.73E+03,-6.79E+03
9.71400E+00,1.94E+04,-2.58E+01,2.29E+00,2.59E+01,-7.40E+04,-2.70E+03,-6.17E+03
9.71600E+00,1.94E+04,-2.53E+01,4.64E+00,2.57E+01,-7.40E+04,-2.73E+03,-1.07E+04
9.71800E+00,1.94E+04,-2.47E+01,7.08E+00,2.57E+01,-7.40E+04,-2.77E+03,-1.29E+04
9.72000E+00,1.94E+04,-2.38E+01,9.34E+00,2.55E+01,-7.40E+04,-2.76E+03,4.68E+03
9.72200E+00,1.94E+04,-2.26E+01,1.15E+01,2.54E+01,-7.40E+04,-2.77E+03,-1.52E+04
9.72400E+00,1.94E+04,-2.12E+01,1.35E+01,2.52E+01,-7.40E+04,-2.80E+03,-9.50E+03
9.72600E+00,1.95E+04,-1.97E+01,1.55E+01,2.51E+01,-7.40E+04,-2.83E+03,-1.28E+04
9.72800E+00,1.95E+04,-1.80E+01,1.73E+01,2.49E+01,-7.40E+04,-2.83E+03,-1.49E+04
9.73000E+00,1.95E+04,-1.61E+01,1.88E+01,2.48E+01,-7.40E+04,-2.90E+03,-1.59E+04
9.73200E+00,1.95E+04,-1.40E+01,2.03E+01,2.46E+01,-7.40E+04,-2.90E+03,-1.05E+04
9.73400E+00,1.95E+04,-1.18E+01,2.14E+01,2.45E+01,-7.40E+04,-2.92E+03,-1.72E+04
9.73600E+00,1.95E+04,-9.48E+00,2.25E+01,2.44E+01,-7.40E+04,-2.99E+03,-1.41E+04
9.73800E+00,1.95E+04,-7.05E+00,2.33E+01,2.43E+01,-7.41E+04,-2.98E+03,7.32E+03
9.74000E+00,1.95E+04,-4.60E+00,2.38E+01,2.42E+01,-7.41E+04,-2.95E+03,1.52E+03
9.74200E+00,1.95E+04,-2.14E+00,2.41E+01,2.42E+01,-7.41E+04,-2.97E+03,4.43E+02
9.74400E+00,1.95E+04,3.98E-01,2.42E+01,2.42E+01,-7.41E+04,-2.96E+03,8.37E+03
9.74600E+00,1.95E+04,2.86E+00,2.40E+01,2.42E+01,-7.41E+04,-2.92E+03,3.39E+03
9.74800E+00,1.95E+04,5.29E+00,2.36E+01,2.42E+01,-7.41E+04,-2.95E+03,2.01E+03
9.75000E+00,1.95E+04,7.72E+00,2.29E+01,2.42E+01,-7.41E+04,-2.93E+03,8.31E+03
9.75200E+00,1.95E+04,1.00E+01,2.21E+01,2.43E+01,-7.41E+04,-2.90E+03,8.95E+03
9.75400E+00,1.95E+04,1.22E+01,2.10E+01,2.43E+01,-7.41E+04,-2.91E+03,6.60E+03
9.75600E+00,1.95E+04,1.43E+01,1.98E+01,2.44E+01,-7.41E+04,-2.87E+03,1.30E+04
9.75800E+00,1.95E+04,1.63E+01,1.83E+01,2.45E+01,-7.41E+04,-2.85E+03,7.12E+03
9.76000E+00,1.95E+04,1.81E+01,1.67E+01,2.46E+01,-7.41E+04,-2.85E+03,1.87E+04
9.76200E+00,1.95E+04,1.97E+01,1.48E+01,2.46E+01,-7.41E+04,-2.78E+03,2.55E+04
9.76400E+00,1.95E+04,2.11E+01,1.29E+01,2.47E+01,-7.41E+04,-2.73E+03,-1.61E+04
9.76600E+00,1.95E+04,2.23E+01,1.09E+01,2.49E+01,-7.41E+04,-2.84E+03,-1.16E+04
9.76800E+00,1.95E+04,2.35E+01,8.62E+00,2.50E+01,-7.41E+04,-2.82E+03,1.31E+04
9.77000E+00,1.95E+04,2.43E+01,6.40E+00,2.51E+01,-7.41E+04,-2.73E+03,2.05E+04
9.77200E+00,1.95E+04,2.48E+01,4.03E+00,2.51E+01,-7.42E+04,-2.77E+03,5.33E+02
9.77400E+00,1.95E+04,2.52E+01,1.63E+00,2.53E+01,-7.42E+04,-2.73E+03,1.06E+04
9.77600E+00,1.96E+04,2.53E+01,-7.42E-01,2.53E+01,-7.42E+04,-2.71E+03,-8.57E+03
9.77800E+00,1.96E+04,2.51E+01,-3.14E+00,2.53E+01,-7.42E+04,-2.77E+03,-1.14E+03
9.78000E+00,1.96E+04,2.48E+01,-5.60E+00,2.54E+01,-7.42E+04,-2.73E+03,7.08E+03
9.78200E+00,1.96E+04,2.41E+01,-7.88E+00,2.54E+01,-7.42E+04,-2.71E+03,2.23E+03
9.78400E+00,1.96E+04,2.33E+01,-1.02E+01,2.54E+01,-7.42E+04,-2.75E+03,-2.03E+04
9.78600E+00,1.96E+04,2.23E+01,-1.24E+01,2.55E+01,-7.42E+04,-2.78E+03,-5.04E+03
9.78800E+00,1.96E+04,2.10E+01,-1.45E+01,2.55E+01,-7.42E+04,-2.78E+03,6.45E+03
9.79000E+00,1.96E+04,1.96E+01,-1.65E+01,2.56E+01,-7.42E+04,-2.74E+03,1.35E+04
9.79200E+00,1.96E+04,1.79E+01,-1.83E+01,2.56E+01,-7.42E+04,-2.73E+03,2.48E+03
9.79400E+00,1.96E+04,1.61E+01,-2.00E+01,2.56E+01,-7.42E+04,-2.73E+03,-7.20E+03
9.79600E+00,1.96E+04,1.41E+01,-2.14E+01,2.57E+01,-7.42E+04,-2.76E+03,-4.14E+03
9.79800E+00,1.96E+04,1.20E+01,-2.28E+01,2.57E+01,-7.42E+04,-2.76E+03,4.44E+03
9.80000E+00,1.96E+04,9.82E+00,-2.38E+01,2.58E+01,-7.42E+04,-2.73E+03,6.42E+03
9.80200E+00,1.96E+04,7.53E+00,-2.47E+01,2.59E+01,-7.42E+04,-2.73E+03,4.69E+03
9.80400E+00,1.96E+04,5.15E+00,-2.54E+01,2.59E+01,-7.42E+04,-2.72E+03,-1.73E+03
9.80600E+00,1.96E+04,2.75E+00,-2.58E+01,2.60E+01,-7.42E+04,-2.73E+03,-4.78E+03
9.80800E+00,1.96E+04,2.53E-01,-2.60E+01,2.60E+01,-7.42E+04,-2.75E+03,-3.88E+03
9.81000E+00,1.96E+04,-2.24E+00,-2.60E+01,2.61E+01,-7.43E+04,-2.74E+03,8.81E+03
9.81200E+00,1.96E+04,-4.71E+00,-2.57E+01,2.61E+01,-7.43E+04,-2.72E+03,1.38E+04
9.81400E+00,1.96E+04,-7.12E+00,-2.52E+01,2.62E+01,-7.43E+04,-2.68E+03,4.84E+03
9.81600E+00,1.96E+04,-9.45E+00,-2.45E+01,2.62E+01,-7.43E+04,-2.69E+03,7.00E+01
9.81800E+00,1.96E+04,-1.17E+01,-2.35E+01,2.63E+01,-7.43E+04,-2.69E+03,-6.09E+02
9.82000E+00,1.96E+04,-1.39E+01,-2.23E+01,2.63E+01,-7.43E+04,-2.68E+03,8.16E+03
9.82200E+00,1.96E+04,-1.60E+01,-2.10E+01,2.64E+01,-7.43E+04,-2.67E+03,1.62E+04
9.82400E+00,1.96E+04,-1.78E+01,-1.94E+01,2.64E+01,-7.43E+04,-2.61E+03,1.03E+04
9.82600E+00,1.97E+04,-1.96E+01,-1.78E+01,2.65E+01,-7.43E+04,-2.62E+03,5.01E+03
9.82800E+00,1.97E+04,-2.11E+01,-1.59E+01,2.64E+01,-7.43E+04,-2.62E+03,-4.57E+03
9.83000E+00,1.97E+04,-2.25E+01,-1.39E+01,2.64E+01,-7.43E+04,-2.61E+03,1.25E+04
9.83200E+00,1.97E+04,-2.36E+01,-1.18E+01,2.64E+01,-7.43E+04,-2.59E+03,6.13E+03
9.83400E+00,1.97E+04,-2.45E+01,-9.65E+00,2.64E+01,-7.43E+04,-2.56E+03,-2.29E+04
9.83600E+00,1.97E+04,-2.52E+01,-7.35E+00,2.62E+01,-7.43E+04,-2.68E+03,-1.46E+04
9.83800E+00,1.97E+04,-2.58E+01,-4.88E+00,2.62E+01,-7.43E+04,-2.66E+03,3.71E+03
9.84000E+00,1.97E+04,-2.60E+01,-2.57E+00,2.61E+01,-7.43E+04,-2.61E+03,8.71E+03
9.84200E+00,1.97E+04,-2.61E+01,-1.25E-01,2.61E+01,-7.43E+04,-2.66E+03,-3.95E+03
9.84400E+00,1.97E+04,-2.58E+01,2.27E+00,2.59E+01,-7.43E+04,-2.62E+03,-9.51E+03
9.84600E+00,1.97E+04,-2.53E+01,4.55E+00,2.57E+01,-7.44E+04,-2.68E+03,-1.62E+04
9.84800E+00,1.97E+04,-2.47E+01,6.97E+00,2.57E+01,-7.44E+04,-2.72E+03,-1.59E+04
9.85000E+00,1.97E+04,-2.38E+01,9.17E+00,2.55E+01,-7.44E+04,-2.71E+03,7.59E+03
9.85200E+00,1.97E+04,-2.27E+01,1.13E+01,2.54E+01,-7.44E+04,-2.72E+03,-1.03E+04
9.85400E+00,1.97E+04,-2.13E+01,1.33E+01,2.51E+01,-7.44E+04,-2.73E+03,-1.21E+04
9.85600E+00,1.97E+04,-1.99E+01,1.52E+01,2.50E+01,-7.44E+04,-2.78E+03,-2.54E+04
9.85800E+00,1.97E+04,-1.82E+01,1.70E+01,2.49E+01,-7.44E+04,-2.82E+03,-1.15E+04
9.86000E+00,1.97E+04,-1.63E+01,1.86E+01,2.47E+01,-7.44E+04,-2.84E+03,-1.06E+04
9.86200E+00,1.97E+04,-1.43E+01,2.00E+01,2.45E+01,-7.44E+04,-2.85E+03,-6.17E+03
9.86400E+00,1.97E+04,-1.21E+01,2.12E+01,2.44E+01,-7.44E+04,-2.87E+03,-9.52E+03
9.86600E+00,1.97E+04,-9.93E+00,2.22E+01,2.43E+01,-7.44E+04,-2.88E+03,3.58E+03
9.86800E+00,1.97E+04,-7.60E+00,2.30E+01,2.42E+01,-7.44E+04,-2.87E+03,-2.25E+03
9.87000E+00,1.97E+04,-5.28E+00,2.36E+01,2.42E+01,-7.44E+04,-2.87E+03,-3.07E+03
9.87200E+00,1.97E+04,-2.85E+00,2.40E+01,2.41E+01,-7.44E+04,-2.90E+03,-1.41E+04
9.87400E+00,1.97E+04,-4.27E-01,2.41E+01,2.41E+01,-7.44E+04,-2.92E+03,-1.84E+02
9.87600E+00,1.98E+04,2.05E+00,2.40E+01,2.41E+01,-7.44E+04,-2.92E+03,1.97E+03
9.87800E+00,1.98E+04,4.45E+00,2.37E+01,2.41E+01,-7.44E+04,-2.89E+03,1.01E+04
9.88000E+00,1.98E+04,6.83E+00,2.31E+01,2.41E+01,-7.44E+04,-2.89E+03,7.18E+03
9.88200E+00,1.98E+04,9.12E+00,2.24E+01,2.41E+01,-7.45E+04,-2.86E+03,6.65E+03
9.88400E+00,1.98E+04,1.13E+01,2.14E+01,2.42E+01,-7.45E+04,-2.86E+03,3.47E+03
9.88600E+00,1.98E+04,1.34E+01,2.02E+01,2.43E+01,-7.45E+04,-2.85E+03,1.27E+04
9.88800E+00,1.98E+04,1.54E+01,1.89E+01,2.44E+01,-7.45E+04,-2.81E+03,3.09E+04
9.89000E+00,1.98E+04,1.73E+01,1.74E+01,2.45E+01,-7.45E+04,-2.73E+03,9.03E+03
9.89200E+00,1.98E+04,1.89E+01,1.57E+01,2.46E+01,-7.45E+04,-2.75E+03,8.39E+03
9.89400E+00,1.98E+04,2.05E+01,1.39E+01,2.47E+01,-7.45E+04,-2.73E+03,1.54E+04
9.89600E+00,1.98E+04,2.18E+01,1.20E+01,2.49E+01,-7.45E+04,-2.65E+03,1.49E+04
9.89800E+00,1.98E+04,2.29E+01,9.98E+00,2.50E+01,-7.45E+04,-2.68E+03,-2.48E+04
9.90000E+00,1.98E+04,2.38E+01,7.80E+00,2.51E+01,-7.45E+04,-2.75E+03,3.77E+03
9.90200E+00,1.98E+04,2.46E+01,5.48E+00,2.52E+01,-7.45E+04,-2.69E+03,3.32E+04
9.90400E+00,1.98E+04,2.51E+01,3.24E+00,2.53E+01,-7.45E+04,-2.58E+03,-1.18E+03
9.90600E+00,1.98E+04,2.53E+01,9.73E-01,2.53E+01,-7.45E+04,-2.69E+03,-1.11E+04
9.90800E+00,1.98E+04,2.54E+01,-1.52E+00,2.55E+01,-7.45E+04,-2.68E+03,5.38E+03
9.91000E+00,1.98E+04,2.52E+01,-3.78E+00,2.55E+01,-7.45E+04,-2.61E+03,1.76E+04
9.91200E+00,1.98E+04,2.48E+01,-6.12E+00,2.55E+01,-7.45E+04,-2.65E+03,-1.24E+04
9.91400E+00,1.98E+04,2.42E+01,-8.39E+00,2.56E+01,-7.45E+04,-2.64E+03,-1.86E+03
9.91600E+00,1.98E+04,2.33E+01,-1.06E+01,2.56E+01,-7.45E+04,-2.66E+03,-1.17E+04
9.91800E+00,1.98E+04,2.23E+01,-1.27E+01,2.56E+01,-7.45E+04,-2.69E+03,1.86E+01
9.92000E+00,1.98E+04,2.10E+01,-1.48E+01,2.57E+01,-7.46E+04,-2.67E+03,4.33E+03
9.92200E+00,1.98E+04,1.96E+01,-1.67E+01,2.58E+01,-7.46E+04,-2.65E+03,8.15E+03
9.92400E+00,1.98E+04,1.80E+01,-1.85E+01,2.58E+01,-7.46E+04,-2.65E+03,1.66E+03
9.92600E+00,1.99E+04,1.62E+01,-2.00E+01,2.58E+01,-7.46E+04,-2.64E+03,-6.47E+03
9.92800E+00,1.99E+04,1.43E+01,-2.15E+01,2.58E+01,-7.46E+04,-2.68E+03,-1.08E+04
9.93000E+00,1.99E+04,1.22E+01,-2.28E+01,2.58E+01,-7.46E+04,-2.69E+03,1.02E+02
9.93200E+00,1.99E+04,1.01E+01,-2.38E+01,2.59E+01,-7.46E+04,-2.67E+03,5.01E+03
9.93400E+00,1.99E+04,7.82E+00,-2.47E+01,2.59E+01,-7.46E+04,-2.67E+03,9.44E+03
9.93600E+00,1.99E+04,5.48E+00,-2.54E+01,2.60E+01,-7.46E+04,-2.64E+03,2.00E+03
9.93800E+00,1.99E+04,3.16E+00,-2.58E+01,2.60E+01,-7.46E+04,-2.64E+03,-8.03E+03
9.94000E+00,1.99E+04,7.27E-01,-2.60E+01,2.60E+01,-7.46E+04,-2.69E+03,-9.32E+03
9.94200E+00,1.99E+04,-1.72E+00,-2.60E+01,2.60E+01,-7.46E+04,-2.68E+03,1.50E+04
9.94400E+00,1.99E+04,-4.13E+00,-2.58E+01,2.61E+01,-7.46E+04,-2.63E+03,1.03E+04
9.94600E+00,1.99E+04,-6.47E+00,-2.53E+01,2.62E+01,-7.46E+04,-2.63E+03,5.30E+02
9.94800E+00,1.99E+04,-8.80E+00,-2.47E+01,2.62E+01,-7.46E+04,-2.64E+03,-1.18E+03
9.95000E+00,1.99E+04,-1.10E+01,-2.38E+01,2.62E+01,-7.46E+04,-2.63E+03,1.29E+04
9.95200E+00,1.99E+04,-1.32E+01,-2.27E+01,2.63E+01,-7.46E+04,-2.59E+03,3.62E+03
9.95400E+00,1.99E+04,-1.52E+01,-2.15E+01,2.63E+01,-7.46E+04,-2.60E+03,1.16E+03
9.95600E+00,1.99E+04,-1.71E+01,-2.00E+01,2.63E+01,-7.47E+04,-2.61E+03,9.09E+03
9.95800E+00,1.99E+04,-1.88E+01,-1.84E+01,2.63E+01,-7.47E+04,-2.56E+03,6.33E+03
9.96000E+00,1.99E+04,-2.04E+01,-1.67E+01,2.64E+01,-7.47E+04,-2.57E+03,1.65E+03
9.96200E+00,1.99E+04,-2.19E+01,-1.48E+01,2.64E+01,-7.47E+04,-2.57E+03,4.83E+03
9.96400E+00,1.99E+04,-2.31E+01,-1.28E+01,2.64E+01,-7.47E+04,-2.53E+03,9.94E+03
9.96600E+00,1.99E+04,-2.41E+01,-1.07E+01,2.63E+01,-7.47E+04,-2.54E+03,-9.67E+03
9.96800E+00,1.99E+04,-2.49E+01,-8.47E+00,2.63E+01,-7.47E+04,-2.57E+03,-1.82E+04
9.97000E+00,1.99E+04,-2.55E+01,-6.19E+00,2.63E+01,-7.47E+04,-2.62E+03,4.30E+03
9.97200E+00,1.99E+04,-2.59E+01,-3.79E+00,2.61E+01,-7.47E+04,-2.56E+03,8.05E+03
9.97400E+00,1.99E+04,-2.60E+01,-1.53E+00,2.60E+01,-7.47E+04,-2.55E+03,-9.64E+03
9.97600E+00,2.00E+04,-2.60E+01,8.43E-01,2.60E+01,-7.47E+04,-2.63E+03,-6.65E+03
9.97800E+00,2.00E+04,-2.57E+01,3.22E+00,2.59E+01,-7.47E+04,-2.58E+03,1.15E+04
9.98000E+00,2.00E+04,-2.51E+01,5.42E+00,2.57E+01,-7.47E+04,-2.56E+03,-7.80E+02
9.98200E+00,2.00E+04,-2.43E+01,7.61E+00,2.55E+01,-7.47E+04,-2.60E+03,-3.03E+04
9.98400E+00,2.00E+04,-2.35E+01,9.77E+00,2.54E+01,-7.47E+04,-2.67E+03,-2.55E+04
9.98600E+00,2.00E+04,-2.23E+01,1.19E+01,2.53E+01,-7.47E+04,-2.72E+03,-2.08E+04
9.98800E+00,2.00E+04,-2.10E+01,1.39E+01,2.52E+01,-7.47E+04,-2.74E+03,4.03E+03
9.99000E+00,2.00E+04,-1.94E+01,1.57E+01,2.49E+01,-7.47E+04,-2.72E+03,8.28E+03
9.99200E+00,2.00E+04,-1.78E+01,1.73E+01,2.48E+01,-7.47E+04,-2.69E+03,-6.92E+03
9.99400E+00,2.00E+04,-1.60E+01,1.88E+01,2.47E+01,-7.47E+04,-2.75E+03,-1.69E+04
9.99600E+00,2.00E+04,-1.40E+01,2.02E+01,2.46E+01,-7.48E+04,-2.77E+03,-8.20E+03
9.99800E+00,2.00E+04,-1.19E+01,2.13E+01,2.45E+01,-7.48E+04,-2.76E+03,-9.82E+03
1.00000E+01,2.00E+04,-9.76E+00,2.23E+01,2.44E+01,-7.48E+04,-2.81E+03,-1.18E+04
1.00020E+01,2.00E+04,-7.48E+00,2.31E+01,2.43E+01,-7.48E+04,-2.82E+03,-5.30E+03
1.00040E+01,2.00E+04,-5.17E+00,2.37E+01,2.42E+01,-7.48E+04,-2.82E+03,2.49E+03
1.00060E+01,2.00E+04,-2.80E+00,2.40E+01,2.42E+01,-7.48E+04,-2.82E+03,-3.92E+03
1.00080E+01,2.00E+04,-4.38E-01,2.42E+01,2.42E+01,-7.48E+04,-2.82E+03,1.10E+03
1.00100E+01,2.00E+04,1.96E+00,2.41E+01,2.42E+01,-7.48E+04,-2.83E+03,3.12E+03
1.00120E+01,2.00E+04,4.31E+00,2.38E+01,2.42E+01,-7.48E+04,-2.81E+03,1.18E+04
1.00140E+01,2.00E+04,6.62E+00,2.33E+01,2.42E+01,-7.48E+04,-2.78E+03,1.22E+04
1.00160E+01,2.00E+04,8.84E+00,2.25E+01,2.42E+01,-7.48E+04,-2.76E+03,-1.44E+03
1.00180E+01,2.00E+04,1.10E+01,2.17E+01,2.43E+01,-7.48E+04,-2.78E+03,4.02E+03
1.00200E+01,2.00E+04,1.31E+01,2.05E+01,2.43E+01,-7.48E+04,-2.76E+03,1.43E+04
1.00220E+01,2.00E+04,1.50E+01,1.92E+01,2.44E+01,-7.48E+04,-2.70E+03,1.12E+04
1.00240E+01,2.00E+04,1.68E+01,1.78E+01,2.44E+01,-7.48E+04,-2.72E+03,5.33E+02
1.00260E+01,2.01E+04,1.85E+01,1.62E+01,2.46E+01,-7.48E+04,-2.71E+03,9.62E+02
1.00280E+01,2.01E+04,2.01E+01,1.45E+01,2.48E+01,-7.48E+04,-2.70E+03,1.13E+04
1.00300E+01,2.01E+04,2.14E+01,1.25E+01,2.48E+01,-7.48E+04,-2.68E+03,1.03E+04
1.00320E+01,2.01E+04,2.27E+01,1.06E+01,2.50E+01,-7.49E+04,-2.65E+03,2.72E+04
1.00340E+01,2.01E+04,2.36E+01,8.49E+00,2.51E+01,-7.49E+04,-2.59E+03,8.98E+03
1.00360E+01,2.01E+04,2.44E+01,6.40E+00,2.52E+01,-7.49E+04,-2.59E+03,1.31E+04
1.00380E+01,2.01E+04,2.49E+01,4.13E+00,2.52E+01,-7.49E+04,-2.57E+03,-2.11E+04
1.00400E+01,2.01E+04,2.52E+01,1.95E+00,2.53E+01,-7.49E+04,-2.63E+03,1.17E+04
1.00420E+01,2.01E+04,2.54E+01,-4.80E-01,2.55E+01,-7.49E+04,-2.59E+03,1.08E+04
1.00440E+01,2.01E+04,2.54E+01,-2.64E+00,2.55E+01,-7.49E+04,-2.51E+03,6.15E+03
1.00460E+01,2.01E+04,2.50E+01,-4.92E+00,2.55E+01,-7.49E+04,-2.61E+03,-2.01E+04
1.00480E+01,2.01E+04,2.45E+01,-7.20E+00,2.55E+01,-7.49E+04,-2.59E+03,4.28E+03
1.00500E+01,2.01E+04,2.39E+01,-9.39E+00,2.57E+01,-7.49E+04,-2.57E+03,1.01E+03
1.00520E+01,2.01E+04,2.30E+01,-1.15E+01,2.57E+01,-7.49E+04,-2.60E+03,-5.79E+03
1.00540E+01,2.01E+04,2.19E+01,-1.36E+01,2.57E+01,-7.49E+04,-2.60E+03,5.28E+03
1.00560E+01,2.01E+04,2.06E+01,-1.56E+01,2.58E+01,-7.49E+04,-2.58E+03,9.26E+03
1.00580E+01,2.01E+04,1.91E+01,-1.73E+01,2.58E+01,-7.49E+04,-2.56E+03,4.40E+03
1.00600E+01,2.01E+04,1.75E+01,-1.90E+01,2.59E+01,-7.49E+04,-2.56E+03,-6.10E+03
1.00620E+01,2.01E+04,1.58E+01,-2.05E+01,2.59E+01,-7.49E+04,-2.58E+03,-6.75E+03
1.00640E+01,2.01E+04,1.39E+01,-2.19E+01,2.59E+01,-7.49E+04,-2.59E+03,-1.33E+03
1.00660E+01,2.01E+04,1.19E+01,-2.30E+01,2.59E+01,-7.49E+04,-2.58E+03,1.72E+03
1.00680E+01,2.01E+04,9.74E+00,-2.40E+01,2.59E+01,-7.49E+04,-2.58E+03,-7.83E+02
1.00700E+01,2.01E+04,7.55E+00,-2.48E+01,2.60E+01,-7.50E+04,-2.59E+03,-4.58E+03
1.00720E+01,2.01E+04,5.29E+00,-2.54E+01,2.60E+01,-7.50E+04,-2.60E+03,-4.07E+03
1.00740E+01,2.01E+04,2.95E+00,-2.58E+01,2.60E+01,-7.50E+04,-2.61E+03,1.78E+02
1.00760E+01,2.02E+04,5.96E-01,-2.60E+01,2.60E+01,-7.50E+04,-2.60E+03,-3.31E+02
1.00780E+01,2.02E+04,-1.76E+00,-2.60E+01,2.61E+01,-7.50E+04,-2.61E+03,7.99E+03
1.00800E+01,2.02E+04,-4.13E+00,-2.58E+01,2.61E+01,-7.50E+04,-2.57E+03,1.09E+04
1.00820E+01,2.02E+04,-6.41E+00,-2.54E+01,2.62E+01,-7.50E+04,-2.55E+03,-8.23E+02
1.00840E+01,2.02E+04,-8.66E+00,-2.47E+01,2.62E+01,-7.50E+04,-2.58E+03,-8.65E+03
1.00860E+01,2.02E+04,-1.09E+01,-2.39E+01,2.63E+01,-7.50E+04,-2.59E+03,7.35E+03
1.00880E+01,2.02E+04,-1.30E+01,-2.28E+01,2.63E+01,-7.50E+04,-2.55E+03,6.72E+03
1.00900E+01,2.02E+04,-1.50E+01,-2.16E+01,2.63E+01,-7.50E+04,-2.56E+03,6.35E+03
1.00920E+01,2.02E+04,-1.69E+01,-2.02E+01,2.64E+01,-7.50E+04,-2.54E+03,8.33E+03
1.00940E+01,2.02E+04,-1.86E+01,-1.87E+01,2.64E+01,-7.50E+04,-2.51E+03,7.51E+02
1.00960E+01,2.02E+04,-2.02E+01,-1.70E+01,2.64E+01,-7.50E+04,-2.54E+03,-4.73E+03
1.00980E+01,2.02E+04,-2.16E+01,-1.51E+01,2.64E+01,-7.50E+04,-2.53E+03,8.03E+03
1.01000E+01,2.02E+04,-2.29E+01,-1.32E+01,2.64E+01,-7.50E+04,-2.50E+03,8.59E+03
1.01020E+01,2.02E+04,-2.40E+01,-1.12E+01,2.64E+01,-7.50E+04,-2.50E+03,1.09E+04
1.01040E+01,2.02E+04,-2.48E+01,-9.00E+00,2.63E+01,-7.50E+04,-2.46E+03,-1.55E+03
1.01060E+01,2.02E+04,-2.53E+01,-6.86E+00,2.62E+01,-7.50E+04,-2.48E+03,1.69E+03
1.01080E+01,2.02E+04,-2.58E+01,-4.56E+00,2.62E+01,-7.50E+04,-2.49E+03,-6.72E+03
1.01100E+01,2.02E+04,-2.59E+01,-2.35E+00,2.61E+01,-7.51E+04,-2.48E+03,-1.88E+03
1.01120E+01,2.02E+04,-2.61E+01,-6.18E-02,2.61E+01,-7.51E+04,-2.52E+03,-1.46E+03
1.01140E+01,2.02E+04,-2.59E+01,2.22E+00,2.60E+01,-7.51E+04,-2.48E+03,-1.25E+04
1.01160E+01,2.02E+04,-2.54E+01,4.38E+00,2.58E+01,-7.51E+04,-2.54E+03,-5.10E+03
1.01180E+01,2.02E+04,-2.47E+01,6.67E+00,2.56E+01,-7.51E+04,-2.55E+03,-1.16E+04
1.01200E+01,2.02E+04,-2.40E+01,8.74E+00,2.56E+01,-7.51E+04,-2.54E+03,-7.91E+03
1.01220E+01,2.02E+04,-2.30E+01,1.08E+01,2.54E+01,-7.51E+04,-2.62E+03,-2.37E+04
1.01240E+01,2.02E+04,-2.18E+01,1.28E+01,2.53E+01,-7.51E+04,-2.62E+03,2.39E+03
1.01260E+01,2.03E+04,-2.03E+01,1.46E+01,2.50E+01,-7.51E+04,-2.61E+03,-7.71E+03
1.01280E+01,2.03E+04,-1.89E+01,1.63E+01,2.50E+01,-7.51E+04,-2.64E+03,-1.16E+04
1.01300E+01,2.03E+04,-1.71E+01,1.79E+01,2.48E+01,-7.51E+04,-2.67E+03,-1.14E+04
1.01320E+01,2.03E+04,-1.53E+01,1.93E+01,2.46E+01,-7.51E+04,-2.68E+03,-6.90E+03
1.01340E+01,2.03E+04,-1.33E+01,2.05E+01,2.45E+01,-7.51E+04,-2.70E+03,-1.12E+04
1.01360E+01,2.03E+04,-1.13E+01,2.16E+01,2.44E+01,-7.51E+04,-2.72E+03,-1.33E+04
1.01380E+01,2.03E+04,-9.13E+00,2.25E+01,2.43E+01,-7.51E+04,-2.75E+03,1.35E+03
1.01400E+01,2.03E+04,-6.90E+00,2.32E+01,2.42E+01,-7.51E+04,-2.73E+03,3.32E+03
1.01420E+01,2.03E+04,-4.69E+00,2.37E+01,2.41E+01,-7.51E+04,-2.72E+03,-4.61E+03
1.01440E+01,2.03E+04,-2.39E+00,2.40E+01,2.41E+01,-7.51E+04,-2.76E+03,-1.09E+04
1.01460E+01,2.03E+04,-5.97E-02,2.41E+01,2.41E+01,-7.51E+04,-2.76E+03,6.32E+03
1.01480E+01,2.03E+04,2.24E+00,2.40E+01,2.41E+01,-7.52E+04,-2.73E+03,1.65E+03
1.01500E+01,2.03E+04,4.52E+00,2.37E+01,2.41E+01,-7.52E+04,-2.75E+03,1.58E+02
1.01520E+01,2.03E+04,6.79E+00,2.31E+01,2.41E+01,-7.52E+04,-2.75E+03,1.12E+04
1.01540E+01,2.03E+04,8.95E+00,2.24E+01,2.41E+01,-7.52E+04,-2.70E+03,1.16E+04
1.01560E+01,2.03E+04,1.10E+01,2.15E+01,2.42E+01,-7.52E+04,-2.70E+03,6.57E+03
1.01580E+01,2.03E+04,1.31E+01,2.04E+01,2.42E+01,-7.52E+04,-2.68E+03,7.66E+03
1.01600E+01,2.03E+04,1.49E+01,1.92E+01,2.44E+01,-7.52E+04,-2.65E+03,1.10E+03
1.01620E+01,2.03E+04,1.67E+01,1.78E+01,2.44E+01,-7.52E+04,-2.68E+03,4.52E+01
1.01640E+01,2.03E+04,1.84E+01,1.62E+01,2.46E+01,-7.52E+04,-2.67E+03,3.30E+04
1.01660E+01,2.03E+04,1.99E+01,1.46E+01,2.47E+01,-7.52E+04,-2.54E+03,3.52E+04
1.01680E+01,2.03E+04,2.12E+01,1.28E+01,2.48E+01,-7.52E+04,-2.50E+03,1.21E+04
1.01700E+01,2.03E+04,2.24E+01,1.10E+01,2.49E+01,-7.52E+04,-2.52E+03,-1.37E+04
1.01720E+01,2.03E+04,2.33E+01,9.02E+00,2.50E+01,-7.52E+04,-2.54E+03,-1.95E+04
1.01740E+01,2.03E+04,2.41E+01,6.89E+00,2.50E+01,-7.52E+04,-2.61E+03,-8.46E+03
1.01760E+01,2.04E+04,2.48E+01,4.69E+00,2.52E+01,-7.52E+04,-2.58E+03,2.16E+04
1.01780E+01,2.04E+04,2.52E+01,2.49E+00,2.53E+01,-7.52E+04,-2.51E+03,2.37E+04
1.01800E+01,2.04E+04,2.53E+01,3.00E-01,2.53E+01,-7.52E+04,-2.49E+03,-1.43E+03
1.01820E+01,2.04E+04,2.53E+01,-1.91E+00,2.53E+01,-7.52E+04,-2.52E+03,-1.31E+04
1.01840E+01,2.04E+04,2.51E+01,-4.14E+00,2.54E+01,-7.52E+04,-2.54E+03,-2.68E+03
1.01860E+01,2.04E+04,2.47E+01,-6.39E+00,2.55E+01,-7.53E+04,-2.53E+03,7.12E+03
1.01880E+01,2.04E+04,2.41E+01,-8.54E+00,2.56E+01,-7.53E+04,-2.51E+03,5.65E+03
1.01900E+01,2.04E+04,2.33E+01,-1.06E+01,2.56E+01,-7.53E+04,-2.51E+03,-8.88E+03
1.01920E+01,2.04E+04,2.23E+01,-1.26E+01,2.56E+01,-7.53E+04,-2.54E+03,-6.29E+03
1.01940E+01,2.04E+04,2.11E+01,-1.46E+01,2.57E+01,-7.53E+04,-2.55E+03,7.42E+03
1.01960E+01,2.04E+04,1.98E+01,-1.65E+01,2.57E+01,-7.53E+04,-2.50E+03,1.04E+04
1.01980E+01,2.04E+04,1.83E+01,-1.81E+01,2.57E+01,-7.53E+04,-2.50E+03,-2.01E+02
1.02000E+01,2.04E+04,1.67E+01,-1.97E+01,2.58E+01,-7.53E+04,-2.51E+03,-6.51E+03
1.02020E+01,2.04E+04,1.49E+01,-2.10E+01,2.58E+01,-7.53E+04,-2.52E+03,-3.83E+03
1.02040E+01,2.04E+04,1.30E+01,-2.23E+01,2.58E+01,-7.53E+04,-2.53E+03,-6.57E+03
1.02060E+01,2.04E+04,1.10E+01,-2.35E+01,2.59E+01,-7.53E+04,-2.54E+03,7.96E+03
1.02080E+01,2.04E+04,8.89E+00,-2.44E+01,2.60E+01,-7.53E+04,-2.51E+03,7.47E+03
1.02100E+01,2.04E+04,6.76E+00,-2.51E+01,2.60E+01,-7.53E+04,-2.50E+03,2.78E+03
1.02120E+01,2.04E+04,4.54E+00,-2.57E+01,2.61E+01,-7.53E+04,-2.51E+03,-6.12E+03
1.02140E+01,2.04E+04,2.29E+00,-2.59E+01,2.60E+01,-7.53E+04,-2.51E+03,-2.66E+03
1.02160E+01,2.04E+04,-2.45E-03,-2.61E+01,2.61E+01,-7.53E+04,-2.53E+03,-2.39E+03
1.02180E+01,2.04E+04,-2.31E+00,-2.60E+01,2.61E+01,-7.53E+04,-2.52E+03,-3.54E+03
1.02200E+01,2.04E+04,-4.58E+00,-2.57E+01,2.61E+01,-7.53E+04,-2.53E+03,4.40E+03
1.02220E+01,2.04E+04,-6.87E+00,-2.53E+01,2.62E+01,-7.53E+04,-2.52E+03,1.12E+04
1.02240E+01,2.04E+04,-9.04E+00,-2.46E+01,2.62E+01,-7.54E+04,-2.48E+03,9.47E+03
1.02260E+01,2.05E+04,-1.11E+01,-2.38E+01,2.63E+01,-7.54E+04,-2.48E+03,2.46E+03
1.02280E+01,2.05E+04,-1.32E+01,-2.27E+01,2.63E+01,-7.54E+04,-2.47E+03,-2.33E+03
1.02300E+01,2.05E+04,-1.51E+01,-2.15E+01,2.63E+01,-7.54E+04,-2.48E+03,2.12E+03
1.02320E+01,2.05E+04,-1.70E+01,-2.02E+01,2.64E+01,-7.54E+04,-2.48E+03,3.91E+03
1.02340E+01,2.05E+04,-1.86E+01,-1.87E+01,2.64E+01,-7.54E+04,-2.45E+03,2.71E+04
1.02360E+01,2.05E+04,-2.02E+01,-1.70E+01,2.64E+01,-7.54E+04,-2.39E+03,2.47E+03
1.02380E+01,2.05E+04,-2.15E+01,-1.53E+01,2.64E+01,-7.54E+04,-2.41E+03,-3.59E+03
1.02400E+01,2.05E+04,-2.27E+01,-1.34E+01,2.64E+01,-7.54E+04,-2.44E+03,-1.09E+04
1.02420E+01,2.05E+04,-2.38E+01,-1.15E+01,2.64E+01,-7.54E+04,-2.42E+03,2.15E+04
1.02440E+01,2.05E+04,-2.46E+01,-9.37E+00,2.63E+01,-7.54E+04,-2.39E+03,-1.84E+04
1.02460E+01,2.05E+04,-2.52E+01,-7.33E+00,2.63E+01,-7.54E+04,-2.45E+03,-7.09E+03
1.02480E+01,2.05E+04,-2.58E+01,-5.03E+00,2.63E+01,-7.54E+04,-2.48E+03,6.73E+03
1.02500E+01,2.05E+04,-2.60E+01,-2.87E+00,2.62E+01,-7.54E+04,-2.37E+03,1.72E+04
1.02520E+01,2.05E+04,-2.61E+01,-7.00E-01,2.61E+01,-7.54E+04,-2.42E+03,-2.85E+04
1.02540E+01,2.05E+04,-2.59E+01,1.53E+00,2.60E+01,-7.54E+04,-2.49E+03,-7.99E+03
1.02560E+01,2.05E+04,-2.57E+01,3.81E+00,2.60E+01,-7.54E+04,-2.46E+03,6.32E+03
1.02580E+01,2.05E+04,-2.51E+01,5.90E+00,2.58E+01,-7.54E+04,-2.44E+03,-1.55E+03
1.02600E+01,2.05E+04,-2.44E+01,8.01E+00,2.56E+01,-7.54E+04,-2.49E+03,-2.31E+04
1.02620E+01,2.05E+04,-2.34E+01,1.00E+01,2.55E+01,-7.54E+04,-2.52E+03,-1.41E+04
1.02640E+01,2.05E+04,-2.23E+01,1.20E+01,2.53E+01,-7.54E+04,-2.55E+03,-1.32E+04
1.02660E+01,2.05E+04,-2.10E+01,1.39E+01,2.52E+01,-7.55E+04,-2.57E+03,-4.44E+03
1.02680E+01,2.05E+04,-1.95E+01,1.56E+01,2.50E+01,-7.55E+04,-2.58E+03,-2.68E+03
1.02700E+01,2.05E+04,-1.80E+01,1.72E+01,2.49E+01,-7.55E+04,-2.57E+03,-8.66E+03
1.02720E+01,2.05E+04,-1.62E+01,1.86E+01,2.47E+01,-7.55E+04,-2.61E+03,-1.63E+04
1.02740E+01,2.05E+04,-1.44E+01,1.99E+01,2.46E+01,-7.55E+04,-2.65E+03,-1.35E+04
1.02760E+01,2.06E+04,-1.24E+01,2.11E+01,2.45E+01,-7.55E+04,-2.66E+03,-5.97E+03
1.02780E+01,2.06E+04,-1.04E+01,2.21E+01,2.44E+01,-7.55E+04,-2.67E+03,4.21E+03
1.02800E+01,2.06E+04,-8.26E+00,2.29E+01,2.43E+01,-7.55E+04,-2.65E+03,9.47E+02
1.02820E+01,2.06E+04,-6.11E+00,2.35E+01,2.42E+01,-7.55E+04,-2.66E+03,-2.72E+03
1.02840E+01,2.06E+04,-3.89E+00,2.39E+01,2.42E+01,-7.55E+04,-2.67E+03,-1.49E+03
1.02860E+01,2.06E+04,-1.65E+00,2.41E+01,2.42E+01,-7.55E+04,-2.65E+03,2.00E+02
1.02880E+01,2.06E+04,5.83E-01,2.42E+01,2.42E+01,-7.55E+04,-2.67E+03,5.44E+03
1.02900E+01,2.06E+04,2.85E+00,2.40E+01,2.42E+01,-7.55E+04,-2.64E+03,1.31E+04
1.02920E+01,2.06E+04,5.02E+00,2.37E+01,2.42E+01,-7.55E+04,-2.60E+03,5.92E+03
1.02940E+01,2.06E+04,7.16E+00,2.32E+01,2.43E+01,-7.55E+04,-2.63E+03,-1.92E+03
1.02960E+01,2.06E+04,9.27E+00,2.24E+01,2.43E+01,-7.55E+04,-2.62E+03,3.19E+03
1.02980E+01,2.06E+04,1.13E+01,2.15E+01,2.43E+01,-7.55E+04,-2.60E+03,1.05E+04
1.03000E+01,2.06E+04,1.32E+01,2.05E+01,2.44E+01,-7.55E+04,-2.59E+03,8.86E+03
1.03020E+01,2.06E+04,1.50E+01,1.92E+01,2.44E+01,-7.55E+04,-2.56E+03,6.33E+03
1.03040E+01,2.06E+04,1.67E+01,1.79E+01,2.45E+01,-7.56E+04,-2.56E+03,8.34E+03
1.03060E+01,2.06E+04,1.84E+01,1.64E+01,2.47E+01,-7.56E+04,-2.53E+03,1.69E+04
1.03080E+01,2.06E+04,1.98E+01,1.48E+01,2.47E+01,-7.56E+04,-2.48E+03,7.76E+03
1.03100E+01,2.06E+04,2.11E+01,1.31E+01,2.48E+01,-7.56E+04,-2.50E+03,-3.75E+02
1.03120E+01,2.06E+04,2.22E+01,1.12E+01,2.49E+01,-7.56E+04,-2.50E+03,-3.54E+03
1.03140E+01,2.06E+04,2.32E+01,9.30E+00,2.50E+01,-7.56E+04,-2.50E+03,-1.99E+03
1.03160E+01,2.06E+04,2.40E+01,7.24E+00,2.51E+01,-7.56E+04,-2.52E+03,1.13E+04
1.03180E+01,2.06E+04,2.46E+01,5.12E+00,2.51E+01,-7.56E+04,-2.46E+03,2.56E+04
1.03200E+01,2.06E+04,2.50E+01,3.06E+00,2.52E+01,-7.56E+04,-2.40E+03,8.95E+03
1.03220E+01,2.06E+04,2.52E+01,9.49E-01,2.52E+01,-7.56E+04,-2.43E+03,-1.37E+04
1.03240E+01,2.06E+04,2.52E+01,-1.21E+00,2.53E+01,-7.56E+04,-2.46E+03,-1.92E+04
1.03260E+01,2.07E+04,2.52E+01,-3.40E+00,2.54E+01,-7.56E+04,-2.50E+03,-2.03E+02
1.03280E+01,2.07E+04,2.48E+01,-5.61E+00,2.54E+01,-7.56E+04,-2.47E+03,2.46E+03
1.03300E+01,2.07E+04,2.42E+01,-7.68E+00,2.54E+01,-7.56E+04,-2.46E+03,2.27E+03
1.03320E+01,2.07E+04,2.36E+01,-9.80E+00,2.55E+01,-7.56E+04,-2.49E+03,2.65E+03
1.03340E+01,2.07E+04,2.27E+01,-1.18E+01,2.56E+01,-7.56E+04,-2.45E+03,8.24E+03
1.03360E+01,2.07E+04,2.17E+01,-1.37E+01,2.56E+01,-7.56E+04,-2.45E+03,5.45E+03
1.03380E+01,2.07E+04,2.05E+01,-1.56E+01,2.57E+01,-7.56E+04,-2.44E+03,8.11E+03
1.03400E+01,2.07E+04,1.90E+01,-1.72E+01,2.57E+01,-7.56E+04,-2.40E+03,-3.07E+03
1.03420E+01,2.07E+04,1.76E+01,-1.88E+01,2.58E+01,-7.56E+04,-2.45E+03,-1.25E+04
1.03440E+01,2.07E+04,1.59E+01,-2.02E+01,2.57E+01,-7.57E+04,-2.47E+03,-7.97E+03
1.03460E+01,2.07E+04,1.41E+01,-2.16E+01,2.58E+01,-7.57E+04,-2.46E+03,-8.38E+02
1.03480E+01,2.07E+04,1.22E+01,-2.27E+01,2.58E+01,-7.57E+04,-2.48E+03,-6.54E+03
1.03500E+01,2.07E+04,1.02E+01,-2.37E+01,2.58E+01,-7.57E+04,-2.49E+03,5.84E+03
1.03520E+01,2.07E+04,8.11E+00,-2.46E+01,2.59E+01,-7.57E+04,-2.46E+03,5.11E+03
1.03540E+01,2.07E+04,5.99E+00,-2.51E+01,2.58E+01,-7.57E+04,-2.46E+03,4.57E+03
1.03560E+01,2.07E+04,3.81E+00,-2.56E+01,2.59E+01,-7.57E+04,-2.46E+03,1.19E+03
1.03580E+01,2.07E+04,1.62E+00,-2.59E+01,2.59E+01,-7.57E+04,-2.44E+03,-7.00E+03
1.03600E+01,2.07E+04,-5.93E-01,-2.60E+01,2.60E+01,-7.57E+04,-2.48E+03,-3.37E+03
1.03620E+01,2.07E+04,-2.88E+00,-2.59E+01,2.60E+01,-7.57E+04,-2.47E+03,1.28E+04
1.03640E+01,2.07E+04,-5.07E+00,-2.56E+01,2.61E+01,-7.57E+04,-2.41E+03,1.90E+04
1.03660E+01,2.07E+04,-7.21E+00,-2.51E+01,2.61E+01,-7.57E+04,-2.40E+03,4.20E+03
1.03680E+01,2.07E+04,-9.30E+00,-2.45E+01,2.62E+01,-7.57E+04,-2.40E+03,-1.40E+03
1.03700E+01,2.07E+04,-1.13E+01,-2.37E+01,2.62E+01,-7.57E+04,-2.41E+03,1.33E+03
1.03720E+01,2.07E+04,-1.33E+01,-2.27E+01,2.63E+01,-7.57E+04,-2.40E+03,-4.33E+03
1.03740E+01,2.07E+04,-1.52E+01,-2.15E+01,2.63E+01,-7.57E+04,-2.41E+03,7.35E+03
1.03760E+01,2.08E+04,-1.70E+01,-2.02E+01,2.64E+01,-7.57E+04,-2.39E+03,1.38E+03
1.03780E+01,2.08E+04,-1.86E+01,-1.88E+01,2.64E+01,-7.57E+04,-2.38E+03,1.64E+04
1.03800E+01,2.08E+04,-2.01E+01,-1.71E+01,2.64E+01,-7.57E+04,-2.35E+03,6.53E+03
1.03820E+01,2.08E+04,-2.13E+01,-1.54E+01,2.63E+01,-7.57E+04,-2.32E+03,1.21E+04
1.03840E+01,2.08E+04,-2.26E+01,-1.36E+01,2.64E+01,-7.57E+04,-2.33E+03,-8.68E+03
1.03860E+01,2.08E+04,-2.36E+01,-1.18E+01,2.63E+01,-7.58E+04,-2.34E+03,-9.59E+03
1.03880E+01,2.08E+04,-2.44E+01,-9.75E+00,2.63E+01,-7.58E+04,-2.38E+03,-6.65E+02
1.03900E+01,2.08E+04,-2.50E+01,-7.65E+00,2.62E+01,-7.58E+04,-2.35E+03,-4.71E+03
1.03920E+01,2.08E+04,-2.55E+01,-5.61E+00,2.61E+01,-7.58E+04,-2.37E+03,-9.96E+03
1.03940E+01,2.08E+04,-2.58E+01,-3.39E+00,2.60E+01,-7.58E+04,-2.42E+03,-1.30E+04
1.03960E+01,2.08E+04,-2.60E+01,-1.24E+00,2.60E+01,-7.58E+04,-2.40E+03,4.23E+02
1.03980E+01,2.08E+04,-2.59E+01,9.54E-01,2.59E+01,-7.58E+04,-2.42E+03,5.64E+03
1.04000E+01,2.08E+04,-2.56E+01,3.14E+00,2.58E+01,-7.58E+04,-2.39E+03,1.26E+04
1.04020E+01,2.08E+04,-2.52E+01,5.19E+00,2.57E+01,-7.58E+04,-2.36E+03,-1.48E+04
1.04040E+01,2.08E+04,-2.45E+01,7.21E+00,2.55E+01,-7.58E+04,-2.45E+03,-2.52E+04
1.04060E+01,2.08E+04,-2.37E+01,9.29E+00,2.54E+01,-7.58E+04,-2.48E+03,4.94E+03
1.04080E+01,2.08E+04,-2.27E+01,1.12E+01,2.53E+01,-7.58E+04,-2.41E+03,1.09E+04
1.04100E+01,2.08E+04,-2.15E+01,1.30E+01,2.52E+01,-7.58E+04,-2.43E+03,-1.99E+04
1.04120E+01,2.08E+04,-2.02E+01,1.47E+01,2.50E+01,-7.58E+04,-2.51E+03,-2.87E+04
1.04140E+01,2.08E+04,-1.88E+01,1.64E+01,2.49E+01,-7.58E+04,-2.54E+03,-8.00E+03
1.04160E+01,2.08E+04,-1.71E+01,1.79E+01,2.48E+01,-7.58E+04,-2.54E+03,2.10E+03
1.04180E+01,2.08E+04,-1.54E+01,1.92E+01,2.46E+01,-7.58E+04,-2.53E+03,6.51E+03
1.04200E+01,2.08E+04,-1.36E+01,2.04E+01,2.45E+01,-7.58E+04,-2.52E+03,-3.79E+03
1.04220E+01,2.08E+04,-1.17E+01,2.14E+01,2.44E+01,-7.58E+04,-2.53E+03,-1.67E+04
1.04240E+01,2.08E+04,-9.72E+00,2.23E+01,2.43E+01,-7.58E+04,-2.59E+03,7.42E+02
1.04260E+01,2.09E+04,-7.62E+00,2.30E+01,2.43E+01,-7.59E+04,-2.54E+03,-2.59E+03
1.04280E+01,2.09E+04,-5.59E+00,2.35E+01,2.42E+01,-7.59E+04,-2.56E+03,-1.38E+04
1.04300E+01,2.09E+04,-3.39E+00,2.39E+01,2.42E+01,-7.59E+04,-2.64E+03,-1.37E+04
1.04320E+01,2.09E+04,-1.19E+00,2.41E+01,2.41E+01,-7.59E+04,-2.60E+03,1.49E+04
1.04340E+01,2.09E+04,9.92E-01,2.41E+01,2.41E+01,-7.59E+04,-2.58E+03,9.65E+03
1.04360E+01,2.09E+04,3.15E+00,2.39E+01,2.41E+01,-7.59E+04,-2.56E+03,-6.13E+03
1.04380E+01,2.09E+04,5.27E+00,2.35E+01,2.41E+01,-7.59E+04,-2.60E+03,3.30E+03
1.04400E+01,2.09E+04,7.41E+00,2.30E+01,2.41E+01,-7.59E+04,-2.57E+03,1.53E+04
1.04420E+01,2.09E+04,9.40E+00,2.23E+01,2.42E+01,-7.59E+04,-2.51E+03,1.21E+04
1.04440E+01,2.09E+04,1.13E+01,2.14E+01,2.42E+01,-7.59E+04,-2.53E+03,1.95E+02
1.04460E+01,2.09E+04,1.32E+01,2.04E+01,2.43E+01,-7.59E+04,-2.52E+03,3.77E+03
1.04480E+01,2.09E+04,1.50E+01,1.92E+01,2.43E+01,-7.59E+04,-2.50E+03,5.30E+03
1.04500E+01,2.09E+04,1.66E+01,1.78E+01,2.44E+01,-7.59E+04,-2.51E+03,4.54E+03
1.04520E+01,2.09E+04,1.83E+01,1.64E+01,2.46E+01,-7.59E+04,-2.48E+03,1.28E+04
1.04540E+01,2.09E+04,1.96E+01,1.48E+01,2.46E+01,-7.59E+04,-2.45E+03,6.92E+03
1.04560E+01,2.09E+04,2.09E+01,1.32E+01,2.47E+01,-7.59E+04,-2.45E+03,3.41E+03
1.04580E+01,2.09E+04,2.21E+01,1.14E+01,2.48E+01,-7.59E+04,-2.45E+03,2.14E+00
1.04600E+01,2.09E+04,2.31E+01,9.48E+00,2.49E+01,-7.59E+04,-2.44E+03,-6.17E+03
1.04620E+01,2.09E+04,2.39E+01,7.50E+00,2.50E+01,-7.59E+04,-2.48E+03,6.79E+03
1.04640E+01,2.09E+04,2.45E+01,5.41E+00,2.51E+01,-7.59E+04,-2.43E+03,2.62E+04
1.04660E+01,2.09E+04,2.50E+01,3.38E+00,2.52E+01,-7.60E+04,-2.35E+03,2.08E+04
1.04680E+01,2.09E+04,2.52E+01,1.34E+00,2.53E+01,-7.60E+04,-2.35E+03,-2.42E+03
1.04700E+01,2.09E+04,2.53E+01,-7.47E-01,2.53E+01,-7.60E+04,-2.37E+03,-8.37E+03
1.04720E+01,2.09E+04,2.52E+01,-2.84E+00,2.54E+01,-7.60E+04,-2.38E+03,-6.62E+03
1.04740E+01,2.09E+04,2.49E+01,-4.94E+00,2.54E+01,-7.60E+04,-2.40E+03,2.44E+03
1.04760E+01,2.10E+04,2.45E+01,-7.02E+00,2.55E+01,-7.60E+04,-2.37E+03,1.40E+04
1.04780E+01,2.10E+04,2.39E+01,-9.03E+00,2.55E+01,-7.60E+04,-2.34E+03,1.78E+03
1.04800E+01,2.10E+04,2.31E+01,-1.09E+01,2.55E+01,-7.60E+04,-2.36E+03,-1.47E+04
1.04820E+01,2.10E+04,2.21E+01,-1.28E+01,2.56E+01,-7.60E+04,-2.41E+03,-1.08E+04
1.04840E+01,2.10E+04,2.10E+01,-1.47E+01,2.56E+01,-7.60E+04,-2.40E+03,1.26E+04
1.04860E+01,2.10E+04,1.98E+01,-1.64E+01,2.57E+01,-7.60E+04,-2.36E+03,2.89E+03
1.04880E+01,2.10E+04,1.84E+01,-1.80E+01,2.57E+01,-7.60E+04,-2.37E+03,-6.30E+03
1.04900E+01,2.10E+04,1.68E+01,-1.95E+01,2.57E+01,-7.60E+04,-2.40E+03,-3.99E+02
1.04920E+01,2.10E+04,1.51E+01,-2.08E+01,2.58E+01,-7.60E+04,-2.37E+03,-1.14E+03
1.04940E+01,2.10E+04,1.34E+01,-2.20E+01,2.57E+01,-7.60E+04,-2.40E+03,-2.47E+02
1.04960E+01,2.10E+04,1.15E+01,-2.31E+01,2.58E+01,-7.60E+04,-2.39E+03,7.45E+02
1.04980E+01,2.10E+04,9.56E+00,-2.40E+01,2.58E+01,-7.60E+04,-2.37E+03,4.69E+03
1.05000E+01,2.10E+04,7.54E+00,-2.48E+01,2.59E+01,-7.60E+04,-2.39E+03,-6.78E+02
1.05020E+01,2.10E+04,5.46E+00,-2.54E+01,2.59E+01,-7.60E+04,-2.37E+03,2.86E+03
1.05040E+01,2.10E+04,3.37E+00,-2.58E+01,2.60E+01,-7.60E+04,-2.37E+03,-8.61E+03
1.05060E+01,2.10E+04,1.20E+00,-2.59E+01,2.60E+01,-7.60E+04,-2.41E+03,-7.31E+03
1.05080E+01,2.10E+04,-9.90E-01,-2.60E+01,2.60E+01,-7.61E+04,-2.40E+03,1.10E+04
1.05100E+01,2.10E+04,-3.16E+00,-2.59E+01,2.61E+01,-7.61E+04,-2.36E+03,1.07E+04
1.05120E+01,2.10E+04,-5.27E+00,-2.56E+01,2.61E+01,-7.61E+04,-2.35E+03,7.54E+03
1.05140E+01,2.10E+04,-7.36E+00,-2.51E+01,2.61E+01,-7.61E+04,-2.34E+03,2.10E+03
1.05160E+01,2.10E+04,-9.39E+00,-2.44E+01,2.62E+01,-7.61E+04,-2.33E+03,3.40E+03
1.05180E+01,2.10E+04,-1.14E+01,-2.36E+01,2.62E+01,-7.61E+04,-2.34E+03,-2.26E+03
1.05200E+01,2.10E+04,-1.33E+01,-2.26E+01,2.62E+01,-7.61E+04,-2.34E+03,-6.71E+03
1.05220E+01,2.10E+04,-1.51E+01,-2.15E+01,2.63E+01,-7.61E+04,-2.37E+03,7.72E+03
1.05240E+01,2.10E+04,-1.69E+01,-2.02E+01,2.64E+01,-7.61E+04,-2.32E+03,2.06E+02
1.05260E+01,2.11E+04,-1.84E+01,-1.89E+01,2.64E+01,-7.61E+04,-2.33E+03,1.06E+04
1.05280E+01,2.11E+04,-2.00E+01,-1.72E+01,2.64E+01,-7.61E+04,-2.32E+03,7.73E+03
1.05300E+01,2.11E+04,-2.12E+01,-1.56E+01,2.63E+01,-7.61E+04,-2.26E+03,1.23E+04
1.05320E+01,2.11E+04,-2.24E+01,-1.39E+01,2.63E+01,-7.61E+04,-2.29E+03,-1.07E+04
1.05340E+01,2.11E+04,-2.34E+01,-1.20E+01,2.63E+01,-7.61E+04,-2.30E+03,-1.19E+04
1.05360E+01,2.11E+04,-2.43E+01,-1.01E+01,2.63E+01,-7.61E+04,-2.34E+03,-3.82E+02
1.05380E+01,2.11E+04,-2.50E+01,-8.04E+00,2.62E+01,-7.61E+04,-2.32E+03,-2.84E+03
1.05400E+01,2.11E+04,-2.55E+01,-6.03E+00,2.62E+01,-7.61E+04,-2.32E+03,8.24E+03
1.05420E+01,2.11E+04,-2.58E+01,-3.88E+00,2.61E+01,-7.61E+04,-2.32E+03,5.38E+03
1.05440E+01,2.11E+04,-2.60E+01,-1.84E+00,2.60E+01,-7.61E+04,-2.27E+03,5.28E+03
1.05460E+01,2.11E+04,-2.60E+01,2.45E-01,2.60E+01,-7.61E+04,-2.31E+03,1.69E+02
1.05480E+01,2.11E+04,-2.58E+01,2.34E+00,2.59E+01,-7.61E+04,-2.28E+03,-7.90E+03
1.05500E+01,2.11E+04,-2.54E+01,4.32E+00,2.57E+01,-7.61E+04,-2.31E+03,-9.88E+03
1.05520E+01,2.11E+04,-2.48E+01,6.39E+00,2.56E+01,-7.62E+04,-2.35E+03,-6.85E+03
1.05540E+01,2.11E+04,-2.41E+01,8.33E+00,2.55E+01,-7.62E+04,-2.32E+03,-4.67E+03
1.05560E+01,2.11E+04,-2.32E+01,1.02E+01,2.54E+01,-7.62E+04,-2.37E+03,-1.37E+04
1.05580E+01,2.11E+04,-2.22E+01,1.21E+01,2.52E+01,-7.62E+04,-2.39E+03,-1.82E+04
1.05600E+01,2.11E+04,-2.10E+01,1.38E+01,2.51E+01,-7.62E+04,-2.42E+03,-1.86E+03
1.05620E+01,2.11E+04,-1.96E+01,1.55E+01,2.50E+01,-7.62E+04,-2.43E+03,-8.17E+03
1.05640E+01,2.11E+04,-1.82E+01,1.69E+01,2.49E+01,-7.62E+04,-2.42E+03,-1.19E+03
1.05660E+01,2.11E+04,-1.66E+01,1.83E+01,2.47E+01,-7.62E+04,-2.45E+03,-7.54E+03
1.05680E+01,2.11E+04,-1.49E+01,1.96E+01,2.46E+01,-7.62E+04,-2.44E+03,-2.98E+03
1.05700E+01,2.11E+04,-1.31E+01,2.07E+01,2.45E+01,-7.62E+04,-2.47E+03,-1.37E+04
1.05720E+01,2.11E+04,-1.12E+01,2.16E+01,2.44E+01,-7.62E+04,-2.50E+03,-1.49E+04
1.05740E+01,2.11E+04,-9.21E+00,2.24E+01,2.42E+01,-7.62E+04,-2.52E+03,-3.77E+03
1.05760E+01,2.12E+04,-7.17E+00,2.31E+01,2.42E+01,-7.62E+04,-2.52E+03,-5.45E+03
1.05780E+01,2.12E+04,-5.12E+00,2.36E+01,2.41E+01,-7.62E+04,-2.53E+03,3.46E+03
1.05800E+01,2.12E+04,-2.98E+00,2.39E+01,2.41E+01,-7.62E+04,-2.53E+03,4.15E+03
1.05820E+01,2.12E+04,-8.97E-01,2.41E+01,2.41E+01,-7.62E+04,-2.50E+03,6.88E+03
1.05840E+01,2.12E+04,1.22E+00,2.41E+01,2.41E+01,-7.62E+04,-2.51E+03,2.62E+03
1.05860E+01,2.12E+04,3.32E+00,2.39E+01,2.41E+01,-7.62E+04,-2.49E+03,2.56E+03
1.05880E+01,2.12E+04,5.36E+00,2.35E+01,2.41E+01,-7.62E+04,-2.49E+03,6.11E+03
1.05900E+01,2.12E+04,7.41E+00,2.30E+01,2.42E+01,-7.62E+04,-2.48E+03,8.24E+03
1.05920E+01,2.12E+04,9.35E+00,2.23E+01,2.42E+01,-7.63E+04,-2.44E+03,5.68E+03
1.05940E+01,2.12E+04,1.12E+01,2.14E+01,2.42E+01,-7.63E+04,-2.46E+03,-3.45E+03
1.05960E+01,2.12E+04,1.31E+01,2.04E+01,2.43E+01,-7.63E+04,-2.46E+03,-2.03E+03
1.05980E+01,2.12E+04,1.48E+01,1.93E+01,2.43E+01,-7.63E+04,-2.46E+03,6.28E+03
1.06000E+01,2.12E+04,1.65E+01,1.80E+01,2.44E+01,-7.63E+04,-2.44E+03,6.19E+03
1.06020E+01,2.12E+04,1.80E+01,1.67E+01,2.46E+01,-7.63E+04,-2.43E+03,6.84E+03
1.06040E+01,2.12E+04,1.94E+01,1.51E+01,2.46E+01,-7.63E+04,-2.42E+03,1.89E+04
1.06060E+01,2.12E+04,2.08E+01,1.35E+01,2.48E+01,-7.63E+04,-2.35E+03,2.29E+04
1.06080E+01,2.12E+04,2.18E+01,1.18E+01,2.48E+01,-7.63E+04,-2.32E+03,2.33E+03
1.06100E+01,2.12E+04,2.28E+01,1.01E+01,2.49E+01,-7.63E+04,-2.36E+03,-2.95E+03
1.06120E+01,2.12E+04,2.37E+01,8.18E+00,2.51E+01,-7.63E+04,-2.34E+03,-3.03E+03
1.06140E+01,2.12E+04,2.44E+01,6.27E+00,2.52E+01,-7.63E+04,-2.35E+03,5.04E+03
1.06160E+01,2.12E+04,2.49E+01,4.22E+00,2.52E+01,-7.63E+04,-2.34E+03,1.17E+04
1.06180E+01,2.12E+04,2.52E+01,2.23E+00,2.53E+01,-7.63E+04,-2.28E+03,1.70E+04
1.06200E+01,2.12E+04,2.54E+01,2.36E-01,2.54E+01,-7.63E+04,-2.28E+03,-5.60E+03
1.06220E+01,2.12E+04,2.53E+01,-1.79E+00,2.54E+01,-7.63E+04,-2.30E+03,-1.03E+04
1.06240E+01,2.12E+04,2.51E+01,-3.84E+00,2.54E+01,-7.63E+04,-2.32E+03,2.90E+03
1.06260E+01,2.13E+04,2.48E+01,-5.87E+00,2.55E+01,-7.63E+04,-2.30E+03,-4.67E+03
1.06280E+01,2.13E+04,2.43E+01,-7.82E+00,2.55E+01,-7.63E+04,-2.32E+03,-5.97E+03
1.06300E+01,2.13E+04,2.36E+01,-9.84E+00,2.56E+01,-7.63E+04,-2.34E+03,2.63E+03
1.06320E+01,2.13E+04,2.28E+01,-1.17E+01,2.56E+01,-7.63E+04,-2.30E+03,9.84E+03
1.06340E+01,2.13E+04,2.18E+01,-1.35E+01,2.57E+01,-7.64E+04,-2.30E+03,8.13E+03
1.06360E+01,2.13E+04,2.07E+01,-1.53E+01,2.57E+01,-7.64E+04,-2.28E+03,1.36E+03
1.06380E+01,2.13E+04,1.95E+01,-1.69E+01,2.58E+01,-7.64E+04,-2.28E+03,5.72E+03
1.06400E+01,2.13E+04,1.80E+01,-1.84E+01,2.58E+01,-7.64E+04,-2.28E+03,-8.27E+03
1.06420E+01,2.13E+04,1.66E+01,-1.98E+01,2.58E+01,-7.64E+04,-2.29E+03,-8.79E+03
1.06440E+01,2.13E+04,1.49E+01,-2.11E+01,2.58E+01,-7.64E+04,-2.33E+03,-1.08E+04
1.06460E+01,2.13E+04,1.31E+01,-2.22E+01,2.58E+01,-7.64E+04,-2.32E+03,-1.30E+03
1.06480E+01,2.13E+04,1.13E+01,-2.32E+01,2.58E+01,-7.64E+04,-2.33E+03,-1.79E+03
1.06500E+01,2.13E+04,9.37E+00,-2.40E+01,2.58E+01,-7.64E+04,-2.34E+03,-9.46E+03
1.06520E+01,2.13E+04,7.40E+00,-2.48E+01,2.59E+01,-7.64E+04,-2.36E+03,1.75E+03
1.06540E+01,2.13E+04,5.31E+00,-2.53E+01,2.58E+01,-7.64E+04,-2.35E+03,5.56E+03
1.06560E+01,2.13E+04,3.26E+00,-2.57E+01,2.59E+01,-7.64E+04,-2.32E+03,5.08E+03
1.06580E+01,2.13E+04,1.16E+00,-2.59E+01,2.59E+01,-7.64E+04,-2.34E+03,-3.77E+03
1.06600E+01,2.13E+04,-9.55E-01,-2.59E+01,2.59E+01,-7.64E+04,-2.34E+03,6.97E+03
1.06620E+01,2.13E+04,-3.06E+00,-2.58E+01,2.60E+01,-7.64E+04,-2.31E+03,1.32E+04
1.06640E+01,2.13E+04,-5.13E+00,-2.55E+01,2.61E+01,-7.64E+04,-2.28E+03,7.33E+03
1.06660E+01,2.13E+04,-7.14E+00,-2.51E+01,2.61E+01,-7.64E+04,-2.28E+03,1.30E+03
1.06680E+01,2.13E+04,-9.14E+00,-2.45E+01,2.61E+01,-7.64E+04,-2.28E+03,-4.29E+03
1.06700E+01,2.13E+04,-1.11E+01,-2.38E+01,2.62E+01,-7.64E+04,-2.29E+03,-2.33E+03
1.06720E+01,2.13E+04,-1.30E+01,-2.28E+01,2.63E+01,-7.64E+04,-2.30E+03,1.93E+04
1.06740E+01,2.13E+04,-1.48E+01,-2.18E+01,2.63E+01,-7.64E+04,-2.22E+03,8.47E+03
1.06760E+01,2.14E+04,-1.64E+01,-2.06E+01,2.64E+01,-7.64E+04,-2.23E+03,5.54E+02
1.06780E+01,2.14E+04,-1.80E+01,-1.93E+01,2.64E+01,-7.65E+04,-2.26E+03,-1.71E+04
1.06800E+01,2.14E+04,-1.95E+01,-1.78E+01,2.64E+01,-7.65E+04,-2.26E+03,1.06E+04
1.06820E+01,2.14E+04,-2.09E+01,-1.62E+01,2.64E+01,-7.65E+04,-2.25E+03,1.02E+04
1.06840E+01,2.14E+04,-2.20E+01,-1.45E+01,2.64E+01,-7.65E+04,-2.19E+03,1.03E+04
1.06860E+01,2.14E+04,-2.31E+01,-1.28E+01,2.64E+01,-7.65E+04,-2.22E+03,-1.67E+04
1.06880E+01,2.14E+04,-2.40E+01,-1.10E+01,2.64E+01,-7.65E+04,-2.26E+03,3.01E+03
1.06900E+01,2.14E+04,-2.47E+01,-9.02E+00,2.63E+01,-7.65E+04,-2.22E+03,-2.47E+02
1.06920E+01,2.14E+04,-2.53E+01,-7.12E+00,2.63E+01,-7.65E+04,-2.23E+03,-1.99E+03
1.06940E+01,2.14E+04,-2.58E+01,-5.06E+00,2.63E+01,-7.65E+04,-2.26E+03,-1.33E+03
1.06960E+01,2.14E+04,-2.60E+01,-3.04E+00,2.62E+01,-7.65E+04,-2.22E+03,9.50E+03
1.06980E+01,2.14E+04,-2.61E+01,-1.02E+00,2.61E+01,-7.65E+04,-2.23E+03,-8.59E+03
1.07000E+01,2.14E+04,-2.60E+01,1.02E+00,2.60E+01,-7.65E+04,-2.25E+03,1.00E+03
1.07020E+01,2.14E+04,-2.58E+01,3.07E+00,2.60E+01,-7.65E+04,-2.23E+03,-1.03E+04
1.07040E+01,2.14E+04,-2.53E+01,5.00E+00,2.58E+01,-7.65E+04,-2.27E+03,-8.47E+02
1.07060E+01,2.14E+04,-2.48E+01,7.03E+00,2.57E+01,-7.65E+04,-2.27E+03,-4.48E+03
1.07080E+01,2.14E+04,-2.40E+01,8.87E+00,2.56E+01,-7.65E+04,-2.25E+03,-4.25E+03
1.07100E+01,2.14E+04,-2.32E+01,1.07E+01,2.55E+01,-7.65E+04,-2.31E+03,-1.76E+04
1.07120E+01,2.14E+04,-2.21E+01,1.25E+01,2.53E+01,-7.65E+04,-2.32E+03,3.67E+02
1.07140E+01,2.14E+04,-2.09E+01,1.42E+01,2.53E+01,-7.65E+04,-2.31E+03,-1.80E+03
1.07160E+01,2.14E+04,-1.95E+01,1.57E+01,2.50E+01,-7.65E+04,-2.32E+03,-1.61E+04
1.07180E+01,2.14E+04,-1.81E+01,1.71E+01,2.49E+01,-7.65E+04,-2.37E+03,-1.41E+04
1.07200E+01,2.14E+04,-1.65E+01,1.85E+01,2.48E+01,-7.65E+04,-2.39E+03,-5.98E+02
1.07220E+01,2.14E+04,-1.49E+01,1.97E+01,2.47E+01,-7.66E+04,-2.37E+03,-7.88E+03
1.07240E+01,2.14E+04,-1.31E+01,2.07E+01,2.45E+01,-7.66E+04,-2.41E+03,-1.12E+04
1.07260E+01,2.15E+04,-1.13E+01,2.17E+01,2.44E+01,-7.66E+04,-2.43E+03,-1.04E+04
1.07280E+01,2.15E+04,-9.38E+00,2.25E+01,2.44E+01,-7.66E+04,-2.43E+03,5.92E+03
1.07300E+01,2.15E+04,-7.39E+00,2.32E+01,2.43E+01,-7.66E+04,-2.43E+03,-1.12E+04
1.07320E+01,2.15E+04,-5.42E+00,2.36E+01,2.43E+01,-7.66E+04,-2.45E+03,-9.31E+03
1.07340E+01,2.15E+04,-3.32E+00,2.40E+01,2.42E+01,-7.66E+04,-2.49E+03,-3.01E+03
1.07360E+01,2.15E+04,-1.24E+00,2.42E+01,2.42E+01,-7.66E+04,-2.45E+03,1.24E+04
1.07380E+01,2.15E+04,8.12E-01,2.42E+01,2.42E+01,-7.66E+04,-2.44E+03,1.10E+04
1.07400E+01,2.15E+04,2.87E+00,2.40E+01,2.42E+01,-7.66E+04,-2.41E+03,3.39E+03
1.07420E+01,2.15E+04,4.86E+00,2.37E+01,2.42E+01,-7.66E+04,-2.41E+03,-7.33E+01
1.07440E+01,2.15E+04,6.85E+00,2.32E+01,2.42E+01,-7.66E+04,-2.43E+03,-1.89E+02
1.07460E+01,2.15E+04,8.79E+00,2.25E+01,2.42E+01,-7.66E+04,-2.41E+03,7.38E+03
1.07480E+01,2.15E+04,1.07E+01,2.18E+01,2.42E+01,-7.66E+04,-2.40E+03,1.41E+04
1.07500E+01,2.15E+04,1.25E+01,2.09E+01,2.43E+01,-7.66E+04,-2.36E+03,1.80E+04
1.07520E+01,2.15E+04,1.42E+01,1.99E+01,2.44E+01,-7.66E+04,-2.31E+03,-1.29E+04
1.07540E+01,2.15E+04,1.58E+01,1.87E+01,2.45E+01,-7.66E+04,-2.40E+03,2.65E+03
1.07560E+01,2.15E+04,1.74E+01,1.74E+01,2.46E+01,-7.66E+04,-2.35E+03,2.00E+04
1.07580E+01,2.15E+04,1.88E+01,1.60E+01,2.47E+01,-7.66E+04,-2.26E+03,3.23E+04
1.07600E+01,2.15E+04,2.01E+01,1.45E+01,2.48E+01,-7.66E+04,-2.26E+03,-1.05E+04
1.07620E+01,2.15E+04,2.12E+01,1.30E+01,2.49E+01,-7.66E+04,-2.27E+03,-1.92E+03
1.07640E+01,2.15E+04,2.23E+01,1.12E+01,2.50E+01,-7.67E+04,-2.30E+03,-1.04E+04
1.07660E+01,2.15E+04,2.32E+01,9.47E+00,2.51E+01,-7.67E+04,-2.29E+03,-4.95E+03
1.07680E+01,2.15E+04,2.40E+01,7.58E+00,2.51E+01,-7.67E+04,-2.33E+03,1.06E+04
1.07700E+01,2.15E+04,2.46E+01,5.62E+00,2.52E+01,-7.67E+04,-2.26E+03,3.27E+04
1.07720E+01,2.15E+04,2.49E+01,3.73E+00,2.52E+01,-7.67E+04,-2.18E+03,2.26E+04
1.07740E+01,2.15E+04,2.52E+01,1.84E+00,2.53E+01,-7.67E+04,-2.18E+03,-8.58E+03
1.07760E+01,2.16E+04,2.53E+01,-9.05E-02,2.53E+01,-7.67E+04,-2.21E+03,-1.15E+04
1.07780E+01,2.16E+04,2.53E+01,-2.07E+00,2.54E+01,-7.67E+04,-2.23E+03,-9.61E+03
1.07800E+01,2.16E+04,2.51E+01,-4.04E+00,2.54E+01,-7.67E+04,-2.24E+03,6.11E+03
1.07820E+01,2.16E+04,2.48E+01,-6.01E+00,2.55E+01,-7.67E+04,-2.22E+03,-7.24E+03
1.07840E+01,2.16E+04,2.42E+01,-7.88E+00,2.55E+01,-7.67E+04,-2.25E+03,-6.33E+03
1.07860E+01,2.16E+04,2.36E+01,-9.84E+00,2.56E+01,-7.67E+04,-2.28E+03,1.86E+03
1.07880E+01,2.16E+04,2.28E+01,-1.17E+01,2.56E+01,-7.67E+04,-2.22E+03,1.38E+04
1.07900E+01,2.16E+04,2.19E+01,-1.34E+01,2.57E+01,-7.67E+04,-2.22E+03,-6.00E+03
1.07920E+01,2.16E+04,2.08E+01,-1.51E+01,2.57E+01,-7.67E+04,-2.25E+03,-4.36E+03
1.07940E+01,2.16E+04,1.96E+01,-1.67E+01,2.58E+01,-7.67E+04,-2.24E+03,7.76E+03
1.07960E+01,2.16E+04,1.82E+01,-1.82E+01,2.57E+01,-7.67E+04,-2.21E+03,1.84E+03
1.07980E+01,2.16E+04,1.68E+01,-1.96E+01,2.58E+01,-7.67E+04,-2.23E+03,-2.04E+03
1.08000E+01,2.16E+04,1.52E+01,-2.08E+01,2.58E+01,-7.67E+04,-2.23E+03,-5.24E+03
1.08020E+01,2.16E+04,1.36E+01,-2.19E+01,2.58E+01,-7.67E+04,-2.23E+03,-3.29E+03
1.08040E+01,2.16E+04,1.18E+01,-2.30E+01,2.58E+01,-7.67E+04,-2.26E+03,-7.64E+03
1.08060E+01,2.16E+04,9.97E+00,-2.39E+01,2.59E+01,-7.67E+04,-2.26E+03,8.03E+01
1.08080E+01,2.16E+04,8.07E+00,-2.46E+01,2.59E+01,-7.68E+04,-2.26E+03,-2.25E+03
1.08100E+01,2.16E+04,6.10E+00,-2.51E+01,2.59E+01,-7.68E+04,-2.27E+03,1.24E+03
1.08120E+01,2.16E+04,4.10E+00,-2.56E+01,2.59E+01,-7.68E+04,-2.26E+03,2.47E+03
1.08140E+01,2.16E+04,2.08E+00,-2.59E+01,2.59E+01,-7.68E+04,-2.25E+03,6.69E+02
1.08160E+01,2.16E+04,3.98E-02,-2.60E+01,2.60E+01,-7.68E+04,-2.26E+03,-2.29E+03
1.08180E+01,2.16E+04,-2.01E+00,-2.59E+01,2.60E+01,-7.68E+04,-2.26E+03,6.78E+03
1.08200E+01,2.16E+04,-4.05E+00,-2.57E+01,2.60E+01,-7.68E+04,-2.23E+03,1.09E+04
1.08220E+01,2.16E+04,-6.04E+00,-2.54E+01,2.61E+01,-7.68E+04,-2.21E+03,-1.65E+03
1.08240E+01,2.16E+04,-7.98E+00,-2.49E+01,2.61E+01,-7.68E+04,-2.24E+03,-7.37E+03
1.08260E+01,2.17E+04,-9.95E+00,-2.42E+01,2.62E+01,-7.68E+04,-2.25E+03,5.36E+03
1.08280E+01,2.17E+04,-1.18E+01,-2.34E+01,2.62E+01,-7.68E+04,-2.21E+03,2.13E+04
1.08300E+01,2.17E+04,-1.36E+01,-2.24E+01,2.62E+01,-7.68E+04,-2.17E+03,2.03E+03
1.08320E+01,2.17E+04,-1.53E+01,-2.14E+01,2.63E+01,-7.68E+04,-2.19E+03,-1.44E+03
1.08340E+01,2.17E+04,-1.69E+01,-2.02E+01,2.64E+01,-7.68E+04,-2.20E+03,3.35E+02
1.08360E+01,2.17E+04,-1.84E+01,-1.89E+01,2.64E+01,-7.68E+04,-2.17E+03,1.05E+04
1.08380E+01,2.17E+04,-1.98E+01,-1.74E+01,2.63E+01,-7.68E+04,-2.17E+03,-1.07E+03
1.08400E+01,2.17E+04,-2.11E+01,-1.59E+01,2.64E+01,-7.68E+04,-2.16E+03,1.07E+04
1.08420E+01,2.17E+04,-2.22E+01,-1.43E+01,2.64E+01,-7.68E+04,-2.14E+03,1.41E+03
1.08440E+01,2.17E+04,-2.31E+01,-1.26E+01,2.63E+01,-7.68E+04,-2.14E+03,-1.06E+04
1.08460E+01,2.17E+04,-2.41E+01,-1.08E+01,2.64E+01,-7.68E+04,-2.19E+03,-4.64E+03
1.08480E+01,2.17E+04,-2.48E+01,-8.89E+00,2.63E+01,-7.68E+04,-2.16E+03,-4.02E+03
1.08500E+01,2.17E+04,-2.53E+01,-7.02E+00,2.63E+01,-7.68E+04,-2.18E+03,1.24E+03
1.08520E+01,2.17E+04,-2.58E+01,-5.00E+00,2.63E+01,-7.68E+04,-2.19E+03,4.76E+03
1.08540E+01,2.17E+04,-2.60E+01,-3.06E+00,2.62E+01,-7.69E+04,-2.14E+03,8.90E+03
1.08560E+01,2.17E+04,-2.61E+01,-1.11E+00,2.61E+01,-7.69E+04,-2.16E+03,-1.10E+04
1.08580E+01,2.17E+04,-2.61E+01,8.85E-01,2.61E+01,-7.69E+04,-2.19E+03,5.41E+03
1.08600E+01,2.17E+04,-2.58E+01,2.86E+00,2.60E+01,-7.69E+04,-2.15E+03,-7.68E+03
1.08620E+01,2.17E+04,-2.54E+01,4.73E+00,2.59E+01,-7.69E+04,-2.19E+03,-1.26E+04
1.08640E+01,2.17E+04,-2.49E+01,6.72E+00,2.58E+01,-7.69E+04,-2.24E+03,2.29E+02
1.08660E+01,2.17E+04,-2.41E+01,8.52E+00,2.56E+01,-7.69E+04,-2.17E+03,8.75E+03
1.08680E+01,2.17E+04,-2.33E+01,1.03E+01,2.55E+01,-7.69E+04,-2.20E+03,-1.88E+04
1.08700E+01,2.17E+04,-2.23E+01,1.20E+01,2.53E+01,-7.69E+04,-2.26E+03,-1.28E+04
1.08720E+01,2.17E+04,-2.11E+01,1.36E+01,2.52E+01,-7.69E+04,-2.25E+03,3.00E+03
1.08740E+01,2.17E+04,-2.00E+01,1.52E+01,2.51E+01,-7.69E+04,-2.23E+03,-1.20E+04
1.08760E+01,2.18E+04,-1.86E+01,1.66E+01,2.49E+01,-7.69E+04,-2.30E+03,-1.58E+04
1.08780E+01,2.18E+04,-1.71E+01,1.80E+01,2.48E+01,-7.69E+04,-2.31E+03,-1.25E+03
1.08800E+01,2.18E+04,-1.55E+01,1.92E+01,2.47E+01,-7.69E+04,-2.29E+03,-3.73E+03
1.08820E+01,2.18E+04,-1.39E+01,2.03E+01,2.46E+01,-7.69E+04,-2.33E+03,-1.50E+04
1.08840E+01,2.18E+04,-1.21E+01,2.13E+01,2.45E+01,-7.69E+04,-2.36E+03,-1.25E+04
1.08860E+01,2.18E+04,-1.03E+01,2.21E+01,2.44E+01,-7.69E+04,-2.37E+03,-2.66E+03
1.08880E+01,2.18E+04,-8.41E+00,2.28E+01,2.43E+01,-7.69E+04,-2.38E+03,-2.48E+03
1.08900E+01,2.18E+04,-6.49E+00,2.34E+01,2.43E+01,-7.69E+04,-2.37E+03,5.04E+03
1.08920E+01,2.18E+04,-4.52E+00,2.38E+01,2.43E+01,-7.69E+04,-2.36E+03,-2.03E+03
1.08940E+01,2.18E+04,-2.55E+00,2.41E+01,2.43E+01,-7.69E+04,-2.37E+03,-7.08E+03
1.08960E+01,2.18E+04,-5.27E-01,2.42E+01,2.42E+01,-7.69E+04,-2.40E+03,-2.44E+03
1.08980E+01,2.18E+04,1.50E+00,2.42E+01,2.42E+01,-7.70E+04,-2.38E+03,1.21E+04
1.09000E+01,2.18E+04,3.49E+00,2.40E+01,2.42E+01,-7.70E+04,-2.35E+03,1.03E+04
1.09020E+01,2.18E+04,5.43E+00,2.36E+01,2.43E+01,-7.70E+04,-2.34E+03,1.13E+04
1.09040E+01,2.18E+04,7.35E+00,2.31E+01,2.43E+01,-7.70E+04,-2.31E+03,1.65E+04
1.09060E+01,2.18E+04,9.16E+00,2.25E+01,2.43E+01,-7.70E+04,-2.26E+03,5.55E+03
1.09080E+01,2.18E+04,1.09E+01,2.17E+01,2.43E+01,-7.70E+04,-2.28E+03,-5.93E+03
1.09100E+01,2.18E+04,1.27E+01,2.08E+01,2.44E+01,-7.70E+04,-2.30E+03,1.24E+04
1.09120E+01,2.18E+04,1.44E+01,1.99E+01,2.45E+01,-7.70E+04,-2.23E+03,-4.75E+03
1.09140E+01,2.18E+04,1.59E+01,1.87E+01,2.46E+01,-7.70E+04,-2.29E+03,4.65E+02
1.09160E+01,2.18E+04,1.75E+01,1.74E+01,2.47E+01,-7.70E+04,-2.28E+03,5.62E+03
1.09180E+01,2.18E+04,1.88E+01,1.61E+01,2.47E+01,-7.70E+04,-2.21E+03,2.85E+04
1.09200E+01,2.18E+04,2.01E+01,1.47E+01,2.49E+01,-7.70E+04,-2.21E+03,-4.80E+03
1.09220E+01,2.18E+04,2.12E+01,1.31E+01,2.49E+01,-7.70E+04,-2.20E+03,1.14E+04
1.09240E+01,2.18E+04,2.22E+01,1.15E+01,2.50E+01,-7.70E+04,-2.19E+03,1.09E+03
1.09260E+01,2.19E+04,2.30E+01,9.77E+00,2.50E+01,-7.70E+04,-2.17E+03,-3.84E+03
1.09280E+01,2.19E+04,2.38E+01,8.01E+00,2.51E+01,-7.70E+04,-2.22E+03,-1.05E+04
1.09300E+01,2.19E+04,2.44E+01,6.15E+00,2.52E+01,-7.70E+04,-2.22E+03,1.01E+04
1.09320E+01,2.19E+04,2.49E+01,4.28E+00,2.53E+01,-7.70E+04,-2.18E+03,8.33E+02
1.09340E+01,2.19E+04,2.53E+01,2.40E+00,2.54E+01,-7.70E+04,-2.21E+03,-1.70E+03
1.09360E+01,2.19E+04,2.54E+01,4.09E-01,2.54E+01,-7.70E+04,-2.20E+03,2.50E+04
1.09380E+01,2.19E+04,2.55E+01,-1.51E+00,2.55E+01,-7.70E+04,-2.10E+03,1.61E+04
1.09400E+01,2.19E+04,2.54E+01,-3.33E+00,2.56E+01,-7.70E+04,-2.12E+03,-1.31E+04
1.09420E+01,2.19E+04,2.50E+01,-5.24E+00,2.55E+01,-7.71E+04,-2.18E+03,-1.14E+04
1.09440E+01,2.19E+04,2.46E+01,-7.13E+00,2.56E+01,-7.71E+04,-2.15E+03,1.26E+04
1.09460E+01,2.19E+04,2.40E+01,-8.95E+00,2.56E+01,-7.71E+04,-2.13E+03,-9.76E+03
1.09480E+01,2.19E+04,2.33E+01,-1.07E+01,2.57E+01,-7.71E+04,-2.18E+03,-1.48E+04
1.09500E+01,2.19E+04,2.25E+01,-1.25E+01,2.57E+01,-7.71E+04,-2.21E+03,1.54E+04
1.09520E+01,2.19E+04,2.15E+01,-1.42E+01,2.58E+01,-7.71E+04,-2.12E+03,1.31E+04
1.09540E+01,2.19E+04,2.04E+01,-1.57E+01,2.58E+01,-7.71E+04,-2.13E+03,-3.65E+03
1.09560E+01,2.19E+04,1.91E+01,-1.72E+01,2.57E+01,-7.71E+04,-2.17E+03,-1.26E+04
1.09580E+01,2.19E+04,1.78E+01,-1.86E+01,2.58E+01,-7.71E+04,-2.15E+03,2.29E+03
1.09600E+01,2.19E+04,1.63E+01,-1.99E+01,2.58E+01,-7.71E+04,-2.17E+03,-1.40E+04
1.09620E+01,2.19E+04,1.48E+01,-2.11E+01,2.58E+01,-7.71E+04,-2.20E+03,3.69E+02
1.09640E+01,2.19E+04,1.31E+01,-2.22E+01,2.58E+01,-7.71E+04,-2.19E+03,1.08E+03
1.09660E+01,2.19E+04,1.14E+01,-2.31E+01,2.58E+01,-7.71E+04,-2.17E+03,4.17E+03
1.09680E+01,2.19E+04,9.60E+00,-2.39E+01,2.58E+01,-7.71E+04,-2.19E+03,-5.56E+03
1.09700E+01,2.19E+04,7.78E+00,-2.47E+01,2.59E+01,-7.71E+04,-2.18E+03,1.07E+03
1.09720E+01,2.19E+04,5.86E+00,-2.52E+01,2.58E+01,-7.71E+04,-2.19E+03,5.67E+02
1.09740E+01,2.19E+04,3.93E+00,-2.56E+01,2.59E+01,-7.71E+04,-2.18E+03,1.49E+03
1.09760E+01,2.20E+04,1.98E+00,-2.58E+01,2.59E+01,-7.71E+04,-2.18E+03,-2.91E+03
1.09780E+01,2.20E+04,4.96E-03,-2.59E+01,2.59E+01,-7.71E+04,-2.19E+03,-4.78E+03
1.09800E+01,2.20E+04,-1.98E+00,-2.59E+01,2.60E+01,-7.71E+04,-2.20E+03,6.62E+03
1.09820E+01,2.20E+04,-3.98E+00,-2.57E+01,2.60E+01,-7.71E+04,-2.17E+03,1.13E+04
1.09840E+01,2.20E+04,-5.90E+00,-2.54E+01,2.61E+01,-7.71E+04,-2.14E+03,6.34E+03
1.09860E+01,2.20E+04,-7.80E+00,-2.49E+01,2.61E+01,-7.71E+04,-2.15E+03,7.18E+03
1.09880E+01,2.20E+04,-9.67E+00,-2.43E+01,2.62E+01,-7.72E+04,-2.12E+03,8.87E+03
1.09900E+01,2.20E+04,-1.14E+01,-2.36E+01,2.62E+01,-7.72E+04,-2.10E+03,-3.10E+03
1.09920E+01,2.20E+04,-1.32E+01,-2.27E+01,2.63E+01,-7.72E+04,-2.14E+03,1.25E+03
1.09940E+01,2.20E+04,-1.49E+01,-2.17E+01,2.63E+01,-7.72E+04,-2.11E+03,7.79E+03
1.09960E+01,2.20E+04,-1.64E+01,-2.06E+01,2.64E+01,-7.72E+04,-2.09E+03,2.66E+03
1.09980E+01,2.20E+04,-1.79E+01,-1.93E+01,2.64E+01,-7.72E+04,-2.11E+03,-1.03E+03
1.10000E+01,2.20E+04,-1.93E+01,-1.80E+01,2.64E+01,-7.72E+04,-2.09E+03,-4.18E+03
1.10020E+01,2.20E+04,-2.05E+01,-1.66E+01,2.64E+01,-7.72E+04,-2.12E+03,1.82E+02
1.10040E+01,2.20E+04,-2.17E+01,-1.50E+01,2.64E+01,-7.72E+04,-2.11E+03,8.67E+03
1.10060E+01,2.20E+04,-2.27E+01,-1.33E+01,2.63E+01,-7.72E+04,-2.06E+03,1.64E+04
1.10080E+01,2.20E+04,-2.37E+01,-1.17E+01,2.64E+01,-7.72E+04,-2.06E+03,-1.46E+04
1.10100E+01,2.20E+04,-2.44E+01,-9.95E+00,2.64E+01,-7.72E+04,-2.11E+03,-6.53E+03
1.10120E+01,2.20E+04,-2.51E+01,-8.06E+00,2.63E+01,-7.72E+04,-2.11E+03,-1.10E+04
1.10140E+01,2.20E+04,-2.55E+01,-6.24E+00,2.63E+01,-7.72E+04,-2.12E+03,9.08E+03
1.10160E+01,2.20E+04,-2.59E+01,-4.26E+00,2.62E+01,-7.72E+04,-2.11E+03,8.01E+03
1.10180E+01,2.20E+04,-2.59E+01,-2.40E+00,2.60E+01,-7.72E+04,-2.05E+03,7.50E+03
1.10200E+01,2.20E+04,-2.60E+01,-5.23E-01,2.60E+01,-7.72E+04,-2.09E+03,-1.90E+04
1.10220E+01,2.20E+04,-2.59E+01,1.39E+00,2.59E+01,-7.72E+04,-2.13E+03,2.34E+03
1.10240E+01,2.20E+04,-2.57E+01,3.32E+00,2.59E+01,-7.72E+04,-2.09E+03,-6.17E+03
1.10260E+01,2.21E+04,-2.52E+01,5.11E+00,2.57E+01,-7.72E+04,-2.13E+03,6.90E+02
1.10280E+01,2.21E+04,-2.47E+01,7.03E+00,2.57E+01,-7.72E+04,-2.13E+03,-8.24E+03
1.10300E+01,2.21E+04,-2.40E+01,8.74E+00,2.56E+01,-7.72E+04,-2.12E+03,-3.40E+03
1.10320E+01,2.21E+04,-2.31E+01,1.05E+01,2.54E+01,-7.72E+04,-2.18E+03,-1.33E+04
1.10340E+01,2.21E+04,-2.22E+01,1.21E+01,2.53E+01,-7.72E+04,-2.16E+03,-3.11E+03
1.10360E+01,2.21E+04,-2.11E+01,1.37E+01,2.52E+01,-7.73E+04,-2.18E+03,-7.35E+03
1.10380E+01,2.21E+04,-1.99E+01,1.52E+01,2.51E+01,-7.73E+04,-2.20E+03,-1.34E+04
1.10400E+01,2.21E+04,-1.85E+01,1.66E+01,2.49E+01,-7.73E+04,-2.22E+03,-6.71E+03
1.10420E+01,2.21E+04,-1.71E+01,1.79E+01,2.48E+01,-7.73E+04,-2.24E+03,2.52E+03
1.10440E+01,2.21E+04,-1.56E+01,1.91E+01,2.47E+01,-7.73E+04,-2.21E+03,-5.54E+03
1.10460E+01,2.21E+04,-1.40E+01,2.02E+01,2.46E+01,-7.73E+04,-2.25E+03,-1.19E+04
1.10480E+01,2.21E+04,-1.23E+01,2.11E+01,2.45E+01,-7.73E+04,-2.28E+03,-1.31E+03
1.10500E+01,2.21E+04,-1.06E+01,2.20E+01,2.44E+01,-7.73E+04,-2.24E+03,5.02E+03
1.10520E+01,2.21E+04,-8.83E+00,2.27E+01,2.43E+01,-7.73E+04,-2.26E+03,-5.44E+03
1.10540E+01,2.21E+04,-6.98E+00,2.33E+01,2.43E+01,-7.73E+04,-2.27E+03,-1.40E+04
1.10560E+01,2.21E+04,-5.11E+00,2.37E+01,2.42E+01,-7.73E+04,-2.30E+03,-6.83E+03
1.10580E+01,2.21E+04,-3.15E+00,2.40E+01,2.42E+01,-7.73E+04,-2.32E+03,-2.34E+03
1.10600E+01,2.21E+04,-1.22E+00,2.41E+01,2.41E+01,-7.73E+04,-2.30E+03,2.76E+03
1.10620E+01,2.21E+04,7.13E-01,2.41E+01,2.41E+01,-7.73E+04,-2.31E+03,8.54E+00
1.10640E+01,2.21E+04,2.66E+00,2.40E+01,2.41E+01,-7.73E+04,-2.30E+03,8.42E+03
1.10660E+01,2.21E+04,4.57E+00,2.37E+01,2.41E+01,-7.73E+04,-2.27E+03,1.35E+04
1.10680E+01,2.21E+04,6.42E+00,2.33E+01,2.42E+01,-7.73E+04,-2.25E+03,1.26E+04
1.10700E+01,2.21E+04,8.23E+00,2.28E+01,2.42E+01,-7.73E+04,-2.22E+03,-3.57E+03
1.10720E+01,2.21E+04,9.98E+00,2.21E+01,2.42E+01,-7.73E+04,-2.25E+03,-6.91E+03
1.10740E+01,2.21E+04,1.17E+01,2.13E+01,2.43E+01,-7.73E+04,-2.27E+03,1.21E+04
1.10760E+01,2.22E+04,1.34E+01,2.04E+01,2.44E+01,-7.73E+04,-2.19E+03,8.68E+03
1.10780E+01,2.22E+04,1.49E+01,1.93E+01,2.44E+01,-7.73E+04,-2.22E+03,8.10E+03
1.10800E+01,2.22E+04,1.65E+01,1.81E+01,2.45E+01,-7.74E+04,-2.20E+03,5.84E+03
1.10820E+01,2.22E+04,1.78E+01,1.69E+01,2.45E+01,-7.74E+04,-2.15E+03,1.35E+04
1.10840E+01,2.22E+04,1.92E+01,1.56E+01,2.47E+01,-7.74E+04,-2.17E+03,-1.41E+04
1.10860E+01,2.22E+04,2.03E+01,1.41E+01,2.47E+01,-7.74E+04,-2.19E+03,1.90E+04
1.10880E+01,2.22E+04,2.14E+01,1.26E+01,2.48E+01,-7.74E+04,-2.13E+03,1.63E+04
1.10900E+01,2.22E+04,2.23E+01,1.10E+01,2.49E+01,-7.74E+04,-2.08E+03,-7.76E+02
1.10920E+01,2.22E+04,2.32E+01,9.38E+00,2.50E+01,-7.74E+04,-2.16E+03,5.79E+02
1.10940E+01,2.22E+04,2.39E+01,7.62E+00,2.51E+01,-7.74E+04,-2.09E+03,4.42E+03
1.10960E+01,2.22E+04,2.44E+01,5.94E+00,2.51E+01,-7.74E+04,-2.10E+03,-3.17E+03
1.10980E+01,2.22E+04,2.48E+01,4.06E+00,2.52E+01,-7.74E+04,-2.15E+03,-3.83E+03
1.11000E+01,2.22E+04,2.52E+01,2.24E+00,2.53E+01,-7.74E+04,-2.09E+03,1.54E+04
1.11020E+01,2.22E+04,2.54E+01,4.07E-01,2.54E+01,-7.74E+04,-2.09E+03,-1.81E+03
1.11040E+01,2.22E+04,2.54E+01,-1.46E+00,2.54E+01,-7.74E+04,-2.10E+03,-3.39E+03
1.11060E+01,2.22E+04,2.52E+01,-3.31E+00,2.55E+01,-7.74E+04,-2.10E+03,-1.03E+03
1.11080E+01,2.22E+04,2.49E+01,-5.15E+00,2.54E+01,-7.74E+04,-2.11E+03,4.74E+03
1.11100E+01,2.22E+04,2.45E+01,-6.98E+00,2.55E+01,-7.74E+04,-2.09E+03,7.98E+03
1.11120E+01,2.22E+04,2.40E+01,-8.76E+00,2.56E+01,-7.74E+04,-2.07E+03,-6.29E+03
1.11140E+01,2.22E+04,2.34E+01,-1.05E+01,2.56E+01,-7.74E+04,-2.11E+03,-2.43E+03
1.11160E+01,2.22E+04,2.25E+01,-1.22E+01,2.56E+01,-7.74E+04,-2.10E+03,1.04E+04
1.11180E+01,2.22E+04,2.17E+01,-1.38E+01,2.57E+01,-7.74E+04,-2.05E+03,7.64E+03
1.11200E+01,2.22E+04,2.07E+01,-1.54E+01,2.58E+01,-7.74E+04,-2.07E+03,-1.03E+04
1.11220E+01,2.22E+04,1.95E+01,-1.69E+01,2.58E+01,-7.74E+04,-2.09E+03,-1.38E+03
1.11240E+01,2.22E+04,1.82E+01,-1.82E+01,2.58E+01,-7.74E+04,-2.08E+03,6.02E+03
1.11260E+01,2.23E+04,1.69E+01,-1.95E+01,2.58E+01,-7.74E+04,-2.06E+03,-4.95E+03
1.11280E+01,2.23E+04,1.55E+01,-2.07E+01,2.59E+01,-7.75E+04,-2.10E+03,-8.68E+03
1.11300E+01,2.23E+04,1.39E+01,-2.18E+01,2.59E+01,-7.75E+04,-2.11E+03,-4.88E+01
1.11320E+01,2.23E+04,1.23E+01,-2.28E+01,2.59E+01,-7.75E+04,-2.09E+03,-1.58E+03
1.11340E+01,2.23E+04,1.06E+01,-2.37E+01,2.59E+01,-7.75E+04,-2.11E+03,-5.03E+02
1.11360E+01,2.23E+04,8.82E+00,-2.44E+01,2.60E+01,-7.75E+04,-2.10E+03,-2.03E+03
1.11380E+01,2.23E+04,7.03E+00,-2.50E+01,2.60E+01,-7.75E+04,-2.10E+03,6.57E+02
1.11400E+01,2.23E+04,5.16E+00,-2.55E+01,2.60E+01,-7.75E+04,-2.12E+03,-5.75E+03
1.11420E+01,2.23E+04,3.28E+00,-2.58E+01,2.60E+01,-7.75E+04,-2.11E+03,-2.65E+03
1.11440E+01,2.23E+04,1.36E+00,-2.60E+01,2.60E+01,-7.75E+04,-2.13E+03,-6.49E+03
1.11460E+01,2.23E+04,-5.84E-01,-2.60E+01,2.60E+01,-7.75E+04,-2.14E+03,1.18E+04
1.11480E+01,2.23E+04,-2.52E+00,-2.59E+01,2.61E+01,-7.75E+04,-2.09E+03,1.75E+04
1.11500E+01,2.23E+04,-4.37E+00,-2.57E+01,2.61E+01,-7.75E+04,-2.05E+03,7.33E+03
1.11520E+01,2.23E+04,-6.23E+00,-2.54E+01,2.61E+01,-7.75E+04,-2.07E+03,-1.19E+04
1.11540E+01,2.23E+04,-8.05E+00,-2.49E+01,2.62E+01,-7.75E+04,-2.10E+03,-6.17E+03
1.11560E+01,2.23E+04,-9.89E+00,-2.43E+01,2.62E+01,-7.75E+04,-2.10E+03,6.47E+03
1.11580E+01,2.23E+04,-1.16E+01,-2.35E+01,2.62E+01,-7.75E+04,-2.07E+03,1.34E+04
1.11600E+01,2.23E+04,-1.33E+01,-2.27E+01,2.63E+01,-7.75E+04,-2.05E+03,1.33E+04
1.11620E+01,2.23E+04,-1.49E+01,-2.17E+01,2.63E+01,-7.75E+04,-2.02E+03,3.03E+03
1.11640E+01,2.23E+04,-1.64E+01,-2.06E+01,2.64E+01,-7.75E+04,-2.02E+03,-5.66E+03
1.11660E+01,2.23E+04,-1.78E+01,-1.94E+01,2.64E+01,-7.75E+04,-2.05E+03,-7.77E+02
1.11680E+01,2.23E+04,-1.92E+01,-1.81E+01,2.64E+01,-7.75E+04,-2.03E+03,-5.24E+03
1.11700E+01,2.23E+04,-2.04E+01,-1.67E+01,2.64E+01,-7.75E+04,-2.06E+03,-1.96E+02
1.11720E+01,2.23E+04,-2.16E+01,-1.52E+01,2.64E+01,-7.75E+04,-2.06E+03,1.40E+04
1.11740E+01,2.23E+04,-2.26E+01,-1.36E+01,2.64E+01,-7.75E+04,-1.98E+03,2.01E+04
1.11760E+01,2.24E+04,-2.35E+01,-1.20E+01,2.64E+01,-7.76E+04,-1.98E+03,-8.65E+03
1.11780E+01,2.24E+04,-2.42E+01,-1.03E+01,2.63E+01,-7.76E+04,-2.02E+03,-9.99E+03
1.11800E+01,2.24E+04,-2.48E+01,-8.57E+00,2.63E+01,-7.76E+04,-2.03E+03,-1.38E+04
1.11820E+01,2.24E+04,-2.53E+01,-6.80E+00,2.62E+01,-7.76E+04,-2.06E+03,-1.41E+03
1.11840E+01,2.24E+04,-2.58E+01,-4.92E+00,2.62E+01,-7.76E+04,-2.05E+03,8.17E+03
1.11860E+01,2.24E+04,-2.60E+01,-3.11E+00,2.62E+01,-7.76E+04,-2.00E+03,1.24E+04
1.11880E+01,2.24E+04,-2.61E+01,-1.28E+00,2.61E+01,-7.76E+04,-2.01E+03,-5.69E+03
1.11900E+01,2.24E+04,-2.59E+01,5.58E-01,2.59E+01,-7.76E+04,-2.03E+03,3.53E+03
1.11920E+01,2.24E+04,-2.58E+01,2.40E+00,2.59E+01,-7.76E+04,-2.00E+03,-9.33E+03
1.11940E+01,2.24E+04,-2.55E+01,4.15E+00,2.58E+01,-7.76E+04,-2.04E+03,-7.81E+03
1.11960E+01,2.24E+04,-2.50E+01,5.99E+00,2.57E+01,-7.76E+04,-2.07E+03,-1.35E+04
1.11980E+01,2.24E+04,-2.43E+01,7.67E+00,2.55E+01,-7.76E+04,-2.07E+03,-1.11E+03
1.12000E+01,2.24E+04,-2.36E+01,9.42E+00,2.54E+01,-7.76E+04,-2.09E+03,-2.58E+03
1.12020E+01,2.24E+04,-2.28E+01,1.11E+01,2.54E+01,-7.76E+04,-2.07E+03,3.59E+03
1.12040E+01,2.24E+04,-2.18E+01,1.26E+01,2.52E+01,-7.76E+04,-2.08E+03,-4.48E+03
1.12060E+01,2.24E+04,-2.08E+01,1.41E+01,2.51E+01,-7.76E+04,-2.09E+03,-1.21E+04
1.12080E+01,2.24E+04,-1.96E+01,1.55E+01,2.50E+01,-7.76E+04,-2.12E+03,-1.68E+04
1.12100E+01,2.24E+04,-1.83E+01,1.68E+01,2.48E+01,-7.76E+04,-2.17E+03,-1.45E+04
1.12120E+01,2.24E+04,-1.69E+01,1.81E+01,2.48E+01,-7.76E+04,-2.18E+03,3.71E+03
1.12140E+01,2.24E+04,-1.54E+01,1.92E+01,2.46E+01,-7.76E+04,-2.15E+03,-2.49E+03
1.12160E+01,2.24E+04,-1.39E+01,2.03E+01,2.45E+01,-7.76E+04,-2.18E+03,-1.55E+04
1.12180E+01,2.24E+04,-1.22E+01,2.12E+01,2.44E+01,-7.76E+04,-2.23E+03,-5.15E+03
1.12200E+01,2.24E+04,-1.05E+01,2.20E+01,2.44E+01,-7.76E+04,-2.20E+03,7.34E+03
1.12220E+01,2.24E+04,-8.75E+00,2.26E+01,2.43E+01,-7.76E+04,-2.18E+03,5.56E+03
1.12240E+01,2.24E+04,-6.98E+00,2.32E+01,2.42E+01,-7.77E+04,-2.19E+03,-1.34E+04
1.12260E+01,2.25E+04,-5.19E+00,2.36E+01,2.42E+01,-7.77E+04,-2.22E+03,-1.09E+04
1.12280E+01,2.25E+04,-3.29E+00,2.39E+01,2.41E+01,-7.77E+04,-2.25E+03,-4.38E+03
1.12300E+01,2.25E+04,-1.43E+00,2.41E+01,2.41E+01,-7.77E+04,-2.23E+03,1.08E+04
1.12320E+01,2.25E+04,4.46E-01,2.41E+01,2.41E+01,-7.77E+04,-2.21E+03,8.50E+03
1.12340E+01,2.25E+04,2.29E+00,2.40E+01,2.41E+01,-7.77E+04,-2.19E+03,9.82E+03
1.12360E+01,2.25E+04,4.11E+00,2.38E+01,2.41E+01,-7.77E+04,-2.17E+03,-1.01E+03
1.12380E+01,2.25E+04,5.90E+00,2.34E+01,2.41E+01,-7.77E+04,-2.19E+03,-4.03E+03
1.12400E+01,2.25E+04,7.71E+00,2.29E+01,2.42E+01,-7.77E+04,-2.20E+03,7.14E+03
1.12420E+01,2.25E+04,9.43E+00,2.23E+01,2.42E+01,-7.77E+04,-2.16E+03,1.17E+04
1.12440E+01,2.25E+04,1.11E+01,2.16E+01,2.43E+01,-7.77E+04,-2.15E+03,5.31E+03
1.12460E+01,2.25E+04,1.27E+01,2.07E+01,2.43E+01,-7.77E+04,-2.15E+03,6.98E+03
1.12480E+01,2.25E+04,1.43E+01,1.98E+01,2.44E+01,-7.77E+04,-2.11E+03,8.74E+03
1.12500E+01,2.25E+04,1.57E+01,1.87E+01,2.44E+01,-7.77E+04,-2.11E+03,-9.02E+03
1.12520E+01,2.25E+04,1.72E+01,1.76E+01,2.46E+01,-7.77E+04,-2.15E+03,6.21E+02
1.12540E+01,2.25E+04,1.85E+01,1.63E+01,2.46E+01,-7.77E+04,-2.12E+03,8.55E+03
1.12560E+01,2.25E+04,1.96E+01,1.50E+01,2.47E+01,-7.77E+04,-2.09E+03,1.79E+04
1.12580E+01,2.25E+04,2.08E+01,1.36E+01,2.48E+01,-7.77E+04,-2.07E+03,-1.25E+03
1.12600E+01,2.25E+04,2.18E+01,1.21E+01,2.49E+01,-7.77E+04,-2.07E+03,2.59E+04
1.12620E+01,2.25E+04,2.27E+01,1.05E+01,2.50E+01,-7.77E+04,-2.00E+03,1.74E+03
1.12640E+01,2.25E+04,2.34E+01,8.98E+00,2.51E+01,-7.77E+04,-2.01E+03,-2.28E+04
1.12660E+01,2.25E+04,2.41E+01,7.23E+00,2.51E+01,-7.77E+04,-2.14E+03,-1.03E+04
1.12680E+01,2.25E+04,2.46E+01,5.42E+00,2.52E+01,-7.77E+04,-2.05E+03,4.07E+04
1.12700E+01,2.25E+04,2.49E+01,3.73E+00,2.52E+01,-7.78E+04,-1.95E+03,2.39E+04
1.12720E+01,2.25E+04,2.52E+01,2.04E+00,2.53E+01,-7.78E+04,-1.97E+03,-1.56E+04
1.12740E+01,2.25E+04,2.54E+01,2.82E-01,2.54E+01,-7.78E+04,-2.01E+03,-1.35E+04
1.12760E+01,2.26E+04,2.54E+01,-1.52E+00,2.55E+01,-7.78E+04,-2.03E+03,1.56E+03
1.12780E+01,2.26E+04,2.52E+01,-3.30E+00,2.54E+01,-7.78E+04,-2.00E+03,-2.51E+03
1.12800E+01,2.26E+04,2.49E+01,-5.05E+00,2.54E+01,-7.78E+04,-2.03E+03,-3.74E+03
1.12820E+01,2.26E+04,2.46E+01,-6.86E+00,2.55E+01,-7.78E+04,-2.04E+03,5.52E+03
1.12840E+01,2.26E+04,2.41E+01,-8.58E+00,2.56E+01,-7.78E+04,-1.99E+03,1.49E+03
1.12860E+01,2.26E+04,2.34E+01,-1.02E+01,2.55E+01,-7.78E+04,-2.02E+03,-4.03E+03
1.12880E+01,2.26E+04,2.27E+01,-1.19E+01,2.56E+01,-7.78E+04,-2.03E+03,5.54E+02
1.12900E+01,2.26E+04,2.18E+01,-1.35E+01,2.57E+01,-7.78E+04,-2.00E+03,5.54E+03
1.12920E+01,2.26E+04,2.08E+01,-1.50E+01,2.56E+01,-7.78E+04,-2.02E+03,-4.00E+03
1.12940E+01,2.26E+04,1.98E+01,-1.65E+01,2.57E+01,-7.78E+04,-2.02E+03,7.22E+03
1.12960E+01,2.26E+04,1.86E+01,-1.78E+01,2.58E+01,-7.78E+04,-1.99E+03,-7.48E+03
1.12980E+01,2.26E+04,1.73E+01,-1.90E+01,2.57E+01,-7.78E+04,-2.03E+03,1.70E+03
1.13000E+01,2.26E+04,1.59E+01,-2.03E+01,2.58E+01,-7.78E+04,-2.02E+03,-8.04E+03
1.13020E+01,2.26E+04,1.45E+01,-2.14E+01,2.58E+01,-7.78E+04,-2.02E+03,1.36E+03
1.13040E+01,2.26E+04,1.29E+01,-2.24E+01,2.59E+01,-7.78E+04,-2.05E+03,-6.33E+03
1.13060E+01,2.26E+04,1.13E+01,-2.33E+01,2.59E+01,-7.78E+04,-2.02E+03,8.43E+03
1.13080E+01,2.26E+04,9.66E+00,-2.40E+01,2.59E+01,-7.78E+04,-2.03E+03,-1.18E+03
1.13100E+01,2.26E+04,7.95E+00,-2.47E+01,2.59E+01,-7.78E+04,-2.02E+03,-4.53E+03
1.13120E+01,2.26E+04,6.19E+00,-2.51E+01,2.59E+01,-7.78E+04,-2.04E+03,-6.46E+03
1.13140E+01,2.26E+04,4.37E+00,-2.56E+01,2.59E+01,-7.78E+04,-2.06E+03,3.25E+03
1.13160E+01,2.26E+04,2.53E+00,-2.58E+01,2.59E+01,-7.78E+04,-2.03E+03,7.06E+03
1.13180E+01,2.26E+04,7.23E-01,-2.60E+01,2.60E+01,-7.78E+04,-2.02E+03,-1.09E+03
1.13200E+01,2.26E+04,-1.13E+00,-2.60E+01,2.60E+01,-7.79E+04,-2.04E+03,-2.77E+03
1.13220E+01,2.26E+04,-2.97E+00,-2.58E+01,2.60E+01,-7.79E+04,-2.03E+03,4.37E+03
1.13240E+01,2.26E+04,-4.80E+00,-2.56E+01,2.61E+01,-7.79E+04,-2.02E+03,8.50E+03
1.13260E+01,2.27E+04,-6.60E+00,-2.52E+01,2.61E+01,-7.79E+04,-2.00E+03,-4.06E+02
1.13280E+01,2.27E+04,-8.34E+00,-2.48E+01,2.61E+01,-7.79E+04,-2.01E+03,-5.86E+03
1.13300E+01,2.27E+04,-1.01E+01,-2.41E+01,2.62E+01,-7.79E+04,-2.04E+03,1.09E+04
1.13320E+01,2.27E+04,-1.18E+01,-2.34E+01,2.62E+01,-7.79E+04,-1.97E+03,1.35E+04
1.13340E+01,2.27E+04,-1.34E+01,-2.26E+01,2.63E+01,-7.79E+04,-1.96E+03,1.02E+04
1.13360E+01,2.27E+04,-1.49E+01,-2.17E+01,2.63E+01,-7.79E+04,-1.96E+03,-7.75E+03
1.13380E+01,2.27E+04,-1.64E+01,-2.06E+01,2.63E+01,-7.79E+04,-1.96E+03,-4.54E+03
1.13400E+01,2.27E+04,-1.78E+01,-1.94E+01,2.63E+01,-7.79E+04,-2.00E+03,-1.72E+03
1.13420E+01,2.27E+04,-1.91E+01,-1.82E+01,2.64E+01,-7.79E+04,-1.96E+03,2.10E+04
1.13440E+01,2.27E+04,-2.03E+01,-1.69E+01,2.64E+01,-7.79E+04,-1.92E+03,4.27E+03
1.13460E+01,2.27E+04,-2.13E+01,-1.54E+01,2.63E+01,-7.79E+04,-1.94E+03,-2.85E+03
1.13480E+01,2.27E+04,-2.24E+01,-1.40E+01,2.64E+01,-7.79E+04,-1.95E+03,-8.62E+03
1.13500E+01,2.27E+04,-2.32E+01,-1.24E+01,2.63E+01,-7.79E+04,-1.95E+03,-1.26E+04
1.13520E+01,2.27E+04,-2.40E+01,-1.08E+01,2.63E+01,-7.79E+04,-2.01E+03,1.15E+04
1.13540E+01,2.27E+04,-2.47E+01,-9.03E+00,2.63E+01,-7.79E+04,-1.92E+03,2.67E+04
1.13560E+01,2.27E+04,-2.51E+01,-7.42E+00,2.62E+01,-7.79E+04,-1.86E+03,-1.63E+04
1.13580E+01,2.27E+04,-2.56E+01,-5.74E+00,2.62E+01,-7.79E+04,-2.00E+03,-3.40E+04
1.13600E+01,2.27E+04,-2.58E+01,-3.84E+00,2.61E+01,-7.79E+04,-2.03E+03,8.00E+03
1.13620E+01,2.27E+04,-2.60E+01,-2.07E+00,2.61E+01,-7.79E+04,-1.94E+03,2.51E+04
1.13640E+01,2.27E+04,-2.59E+01,-3.15E-01,2.59E+01,-7.79E+04,-1.93E+03,-6.46E+03
1.13660E+01,2.27E+04,-2.59E+01,1.44E+00,2.59E+01,-7.79E+04,-1.97E+03,-8.92E+02
1.13680E+01,2.27E+04,-2.57E+01,3.23E+00,2.59E+01,-7.79E+04,-1.95E+03,-1.24E+04
1.13700E+01,2.27E+04,-2.53E+01,4.90E+00,2.58E+01,-7.80E+04,-1.99E+03,2.95E+02
1.13720E+01,2.27E+04,-2.47E+01,6.68E+00,2.56E+01,-7.80E+04,-1.99E+03,3.56E+03
1.13740E+01,2.27E+04,-2.41E+01,8.27E+00,2.55E+01,-7.80E+04,-1.93E+03,1.32E+02
1.13760E+01,2.28E+04,-2.34E+01,9.86E+00,2.54E+01,-7.80E+04,-2.00E+03,-2.30E+04
1.13780E+01,2.28E+04,-2.25E+01,1.14E+01,2.52E+01,-7.80E+04,-2.03E+03,-1.54E+04
1.13800E+01,2.28E+04,-2.15E+01,1.29E+01,2.51E+01,-7.80E+04,-2.05E+03,-9.71E+03
1.13820E+01,2.28E+04,-2.04E+01,1.44E+01,2.50E+01,-7.80E+04,-2.08E+03,-6.80E+03
1.13840E+01,2.28E+04,-1.92E+01,1.58E+01,2.49E+01,-7.80E+04,-2.08E+03,-4.83E+03
1.13860E+01,2.28E+04,-1.80E+01,1.70E+01,2.48E+01,-7.80E+04,-2.09E+03,5.67E+03
1.13880E+01,2.28E+04,-1.66E+01,1.83E+01,2.47E+01,-7.80E+04,-2.07E+03,7.60E+03
1.13900E+01,2.28E+04,-1.52E+01,1.93E+01,2.46E+01,-7.80E+04,-2.04E+03,-7.24E+03
1.13920E+01,2.28E+04,-1.38E+01,2.03E+01,2.45E+01,-7.80E+04,-2.11E+03,-2.05E+04
1.13940E+01,2.28E+04,-1.22E+01,2.12E+01,2.44E+01,-7.80E+04,-2.14E+03,-3.11E+03
1.13960E+01,2.28E+04,-1.05E+01,2.20E+01,2.44E+01,-7.80E+04,-2.11E+03,4.25E+03
1.13980E+01,2.28E+04,-8.87E+00,2.26E+01,2.43E+01,-7.80E+04,-2.11E+03,3.80E+03
1.14000E+01,2.28E+04,-7.16E+00,2.32E+01,2.42E+01,-7.80E+04,-2.10E+03,-1.64E+04
1.14020E+01,2.28E+04,-5.44E+00,2.36E+01,2.42E+01,-7.80E+04,-2.16E+03,-7.56E+03
1.14040E+01,2.28E+04,-3.58E+00,2.39E+01,2.41E+01,-7.80E+04,-2.17E+03,6.13E+03
1.14060E+01,2.28E+04,-1.82E+00,2.41E+01,2.41E+01,-7.80E+04,-2.10E+03,1.32E+04
1.14080E+01,2.28E+04,-4.95E-02,2.41E+01,2.41E+01,-7.80E+04,-2.12E+03,-8.26E+03
1.14100E+01,2.28E+04,1.76E+00,2.41E+01,2.41E+01,-7.80E+04,-2.14E+03,3.89E+03
1.14120E+01,2.28E+04,3.55E+00,2.39E+01,2.41E+01,-7.80E+04,-2.11E+03,1.40E+04
1.14140E+01,2.28E+04,5.27E+00,2.36E+01,2.41E+01,-7.80E+04,-2.08E+03,1.59E+03
1.14160E+01,2.28E+04,6.97E+00,2.31E+01,2.42E+01,-7.80E+04,-2.10E+03,-2.49E+03
1.14180E+01,2.28E+04,8.68E+00,2.26E+01,2.42E+01,-7.81E+04,-2.10E+03,5.26E+03
1.14200E+01,2.28E+04,1.03E+01,2.19E+01,2.42E+01,-7.81E+04,-2.07E+03,-2.51E+02
1.14220E+01,2.28E+04,1.19E+01,2.12E+01,2.43E+01,-7.81E+04,-2.10E+03,3.80E+03
1.14240E+01,2.28E+04,1.35E+01,2.03E+01,2.43E+01,-7.81E+04,-2.07E+03,1.30E+04
1.14260E+01,2.29E+04,1.49E+01,1.94E+01,2.44E+01,-7.81E+04,-2.03E+03,4.46E+03
1.14280E+01,2.29E+04,1.63E+01,1.83E+01,2.45E+01,-7.81E+04,-2.06E+03,6.31E+03
1.14300E+01,2.29E+04,1.76E+01,1.71E+01,2.45E+01,-7.81E+04,-2.02E+03,9.45E+03
1.14320E+01,2.29E+04,1.88E+01,1.59E+01,2.46E+01,-7.81E+04,-1.99E+03,8.51E+03
1.14340E+01,2.29E+04,2.00E+01,1.46E+01,2.48E+01,-7.81E+04,-2.01E+03,2.76E+03
1.14360E+01,2.29E+04,2.10E+01,1.32E+01,2.48E+01,-7.81E+04,-1.97E+03,7.15E+03
1.14380E+01,2.29E+04,2.19E+01,1.18E+01,2.48E+01,-7.81E+04,-1.98E+03,-1.16E+04
1.14400E+01,2.29E+04,2.28E+01,1.03E+01,2.50E+01,-7.81E+04,-2.02E+03,5.91E+03
1.14420E+01,2.29E+04,2.36E+01,8.68E+00,2.51E+01,-7.81E+04,-1.97E+03,-1.11E+03
1.14440E+01,2.29E+04,2.41E+01,7.10E+00,2.51E+01,-7.81E+04,-1.99E+03,1.35E+04
1.14460E+01,2.29E+04,2.47E+01,5.35E+00,2.52E+01,-7.81E+04,-1.97E+03,1.58E+04
1.14480E+01,2.29E+04,2.49E+01,3.74E+00,2.52E+01,-7.81E+04,-1.88E+03,6.30E+02
1.14500E+01,2.29E+04,2.52E+01,2.09E+00,2.53E+01,-7.81E+04,-1.98E+03,-2.06E+04
1.14520E+01,2.29E+04,2.54E+01,2.81E-01,2.54E+01,-7.81E+04,-1.99E+03,2.39E+04
1.14540E+01,2.29E+04,2.55E+01,-1.43E+00,2.55E+01,-7.81E+04,-1.86E+03,1.99E+04
1.14560E+01,2.29E+04,2.53E+01,-3.02E+00,2.55E+01,-7.81E+04,-1.89E+03,-2.32E+04
1.14580E+01,2.29E+04,2.51E+01,-4.77E+00,2.56E+01,-7.81E+04,-1.99E+03,-9.48E+03
1.14600E+01,2.29E+04,2.48E+01,-6.53E+00,2.56E+01,-7.81E+04,-1.93E+03,8.20E+03
1.14620E+01,2.29E+04,2.43E+01,-8.10E+00,2.56E+01,-7.81E+04,-1.92E+03,4.67E+03
1.14640E+01,2.29E+04,2.37E+01,-9.80E+00,2.57E+01,-7.81E+04,-1.94E+03,-7.99E+03
1.14660E+01,2.29E+04,2.30E+01,-1.14E+01,2.57E+01,-7.81E+04,-1.93E+03,-1.12E+03
1.14680E+01,2.29E+04,2.22E+01,-1.29E+01,2.57E+01,-7.82E+04,-1.96E+03,-9.44E+03
1.14700E+01,2.29E+04,2.13E+01,-1.44E+01,2.57E+01,-7.82E+04,-1.96E+03,2.22E+03
1.14720E+01,2.29E+04,2.03E+01,-1.58E+01,2.57E+01,-7.82E+04,-1.95E+03,-1.60E+02
1.14740E+01,2.29E+04,1.91E+01,-1.72E+01,2.57E+01,-7.82E+04,-1.96E+03,6.74E+03
1.14760E+01,2.30E+04,1.80E+01,-1.85E+01,2.58E+01,-7.82E+04,-1.94E+03,9.67E+03
1.14780E+01,2.30E+04,1.67E+01,-1.97E+01,2.58E+01,-7.82E+04,-1.91E+03,-6.33E+03
1.14800E+01,2.30E+04,1.54E+01,-2.07E+01,2.58E+01,-7.82E+04,-1.96E+03,-1.18E+04
1.14820E+01,2.30E+04,1.39E+01,-2.18E+01,2.58E+01,-7.82E+04,-1.97E+03,-4.42E+03
1.14840E+01,2.30E+04,1.24E+01,-2.27E+01,2.59E+01,-7.82E+04,-1.96E+03,-7.11E+01
1.14860E+01,2.30E+04,1.08E+01,-2.35E+01,2.59E+01,-7.82E+04,-1.98E+03,5.48E+02
1.14880E+01,2.30E+04,9.16E+00,-2.42E+01,2.59E+01,-7.82E+04,-1.96E+03,1.43E+04
1.14900E+01,2.30E+04,7.52E+00,-2.48E+01,2.59E+01,-7.82E+04,-1.92E+03,1.64E+03
1.14920E+01,2.30E+04,5.85E+00,-2.53E+01,2.59E+01,-7.82E+04,-1.95E+03,-1.22E+04
1.14940E+01,2.30E+04,4.10E+00,-2.56E+01,2.60E+01,-7.82E+04,-1.98E+03,-6.98E+03
1.14960E+01,2.30E+04,2.31E+00,-2.59E+01,2.60E+01,-7.82E+04,-1.97E+03,8.02E+03
1.14980E+01,2.30E+04,5.41E-01,-2.60E+01,2.60E+01,-7.82E+04,-1.95E+03,5.27E+03
1.15000E+01,2.30E+04,-1.21E+00,-2.60E+01,2.60E+01,-7.82E+04,-1.95E+03,-3.25E+03
1.15020E+01,2.30E+04,-2.99E+00,-2.59E+01,2.60E+01,-7.82E+04,-1.96E+03,4.50E+03
1.15040E+01,2.30E+04,-4.77E+00,-2.57E+01,2.61E+01,-7.82E+04,-1.93E+03,1.50E+04
1.15060E+01,2.30E+04,-6.47E+00,-2.53E+01,2.61E+01,-7.82E+04,-1.89E+03,-2.85E+03
1.15080E+01,2.30E+04,-8.13E+00,-2.49E+01,2.62E+01,-7.82E+04,-1.94E+03,-1.08E+03
1.15100E+01,2.30E+04,-9.87E+00,-2.43E+01,2.62E+01,-7.82E+04,-1.92E+03,9.61E+01
1.15120E+01,2.30E+04,-1.14E+01,-2.36E+01,2.62E+01,-7.82E+04,-1.91E+03,3.19E+03
1.15140E+01,2.30E+04,-1.30E+01,-2.28E+01,2.63E+01,-7.82E+04,-1.94E+03,-3.39E+03
1.15160E+01,2.30E+04,-1.46E+01,-2.19E+01,2.63E+01,-7.82E+04,-1.91E+03,1.44E+04
1.15180E+01,2.30E+04,-1.60E+01,-2.09E+01,2.63E+01,-7.82E+04,-1.88E+03,-1.84E+03
1.15200E+01,2.30E+04,-1.73E+01,-1.98E+01,2.63E+01,-7.83E+04,-1.91E+03,-2.58E+03
1.15220E+01,2.30E+04,-1.86E+01,-1.86E+01,2.63E+01,-7.83E+04,-1.91E+03,-2.67E+03
1.15240E+01,2.30E+04,-1.98E+01,-1.74E+01,2.63E+01,-7.83E+04,-1.90E+03,7.50E+03
1.15260E+01,2.31E+04,-2.10E+01,-1.61E+01,2.64E+01,-7.83E+04,-1.90E+03,-1.70E+03
1.15280E+01,2.31E+04,-2.19E+01,-1.46E+01,2.64E+01,-7.83E+04,-1.89E+03,9.06E+03
1.15300E+01,2.31E+04,-2.29E+01,-1.32E+01,2.64E+01,-7.83E+04,-1.88E+03,8.61E+03
1.15320E+01,2.31E+04,-2.37E+01,-1.16E+01,2.64E+01,-7.83E+04,-1.84E+03,4.59E+03
1.15340E+01,2.31E+04,-2.44E+01,-1.01E+01,2.64E+01,-7.83E+04,-1.86E+03,-6.31E+03
1.15360E+01,2.31E+04,-2.49E+01,-8.44E+00,2.63E+01,-7.83E+04,-1.87E+03,-1.34E+04
1.15380E+01,2.31E+04,-2.54E+01,-6.79E+00,2.62E+01,-7.83E+04,-1.91E+03,8.90E+03
1.15400E+01,2.31E+04,-2.58E+01,-5.06E+00,2.63E+01,-7.83E+04,-1.86E+03,6.60E+03
1.15420E+01,2.31E+04,-2.59E+01,-3.44E+00,2.61E+01,-7.83E+04,-1.84E+03,-6.83E+03
1.15440E+01,2.31E+04,-2.60E+01,-1.70E+00,2.61E+01,-7.83E+04,-1.92E+03,-1.86E+04
1.15460E+01,2.31E+04,-2.60E+01,5.00E-02,2.60E+01,-7.83E+04,-1.91E+03,1.02E+03
1.15480E+01,2.31E+04,-2.60E+01,1.77E+00,2.60E+01,-7.83E+04,-1.91E+03,1.38E+04
1.15500E+01,2.31E+04,-2.56E+01,3.48E+00,2.59E+01,-7.83E+04,-1.87E+03,-4.02E+03
1.15520E+01,2.31E+04,-2.53E+01,5.08E+00,2.58E+01,-7.83E+04,-1.90E+03,-2.98E+03
1.15540E+01,2.31E+04,-2.48E+01,6.80E+00,2.58E+01,-7.83E+04,-1.92E+03,-2.21E+03
1.15560E+01,2.31E+04,-2.42E+01,8.34E+00,2.56E+01,-7.83E+04,-1.88E+03,-1.20E+04
1.15580E+01,2.31E+04,-2.35E+01,9.88E+00,2.55E+01,-7.83E+04,-1.97E+03,-9.91E+03
1.15600E+01,2.31E+04,-2.26E+01,1.15E+01,2.54E+01,-7.83E+04,-1.95E+03,1.55E+03
1.15620E+01,2.31E+04,-2.18E+01,1.29E+01,2.53E+01,-7.83E+04,-1.91E+03,4.35E+03
1.15640E+01,2.31E+04,-2.07E+01,1.43E+01,2.52E+01,-7.83E+04,-1.96E+03,-7.72E+03
1.15660E+01,2.31E+04,-1.96E+01,1.56E+01,2.50E+01,-7.83E+04,-1.94E+03,-9.17E+03
1.15680E+01,2.31E+04,-1.84E+01,1.68E+01,2.49E+01,-7.83E+04,-1.99E+03,-9.84E+03
1.15700E+01,2.31E+04,-1.71E+01,1.80E+01,2.49E+01,-7.83E+04,-2.00E+03,-1.32E+04
1.15720E+01,2.31E+04,-1.58E+01,1.90E+01,2.47E+01,-7.84E+04,-2.01E+03,4.65E+03
1.15740E+01,2.31E+04,-1.43E+01,2.00E+01,2.46E+01,-7.84E+04,-2.01E+03,-1.12E+04
1.15760E+01,2.32E+04,-1.29E+01,2.09E+01,2.46E+01,-7.84E+04,-2.02E+03,-8.80E+02
1.15780E+01,2.32E+04,-1.13E+01,2.17E+01,2.45E+01,-7.84E+04,-2.04E+03,-9.47E+03
1.15800E+01,2.32E+04,-9.73E+00,2.24E+01,2.44E+01,-7.84E+04,-2.04E+03,1.19E+04
1.15820E+01,2.32E+04,-8.07E+00,2.30E+01,2.44E+01,-7.84E+04,-2.02E+03,-4.47E+03
1.15840E+01,2.32E+04,-6.45E+00,2.35E+01,2.43E+01,-7.84E+04,-2.03E+03,-1.55E+03
1.15860E+01,2.32E+04,-4.71E+00,2.38E+01,2.43E+01,-7.84E+04,-2.05E+03,-7.94E+03
1.15880E+01,2.32E+04,-3.02E+00,2.41E+01,2.43E+01,-7.84E+04,-2.04E+03,3.16E+03
1.15900E+01,2.32E+04,-1.29E+00,2.42E+01,2.42E+01,-7.84E+04,-2.05E+03,-3.76E+03
1.15920E+01,2.32E+04,4.47E-01,2.42E+01,2.42E+01,-7.84E+04,-2.05E+03,2.35E+03
1.15940E+01,2.32E+04,2.17E+00,2.41E+01,2.42E+01,-7.84E+04,-2.05E+03,4.87E+03
1.15960E+01,2.32E+04,3.89E+00,2.39E+01,2.42E+01,-7.84E+04,-2.03E+03,8.58E+03
1.15980E+01,2.32E+04,5.56E+00,2.36E+01,2.42E+01,-7.84E+04,-2.01E+03,4.44E+03
1.16000E+01,2.32E+04,7.19E+00,2.31E+01,2.42E+01,-7.84E+04,-2.01E+03,-2.33E+03
1.16020E+01,2.32E+04,8.80E+00,2.26E+01,2.42E+01,-7.84E+04,-2.02E+03,5.61E+03
1.16040E+01,2.32E+04,1.04E+01,2.19E+01,2.43E+01,-7.84E+04,-1.99E+03,5.87E+03
1.16060E+01,2.32E+04,1.19E+01,2.12E+01,2.43E+01,-7.84E+04,-1.99E+03,4.05E+03
1.16080E+01,2.32E+04,1.34E+01,2.04E+01,2.44E+01,-7.84E+04,-1.99E+03,4.28E+03
1.16100E+01,2.32E+04,1.48E+01,1.94E+01,2.44E+01,-7.84E+04,-1.96E+03,4.75E+03
1.16120E+01,2.32E+04,1.61E+01,1.84E+01,2.45E+01,-7.84E+04,-1.97E+03,-1.69E+02
1.16140E+01,2.32E+04,1.74E+01,1.73E+01,2.45E+01,-7.84E+04,-1.97E+03,8.03E+03
1.16160E+01,2.32E+04,1.85E+01,1.61E+01,2.46E+01,-7.84E+04,-1.93E+03,6.48E+03
1.16180E+01,2.32E+04,1.96E+01,1.49E+01,2.46E+01,-7.84E+04,-1.94E+03,-3.85E+02
1.16200E+01,2.32E+04,2.07E+01,1.36E+01,2.48E+01,-7.84E+04,-1.95E+03,7.03E+03
1.16220E+01,2.32E+04,2.16E+01,1.22E+01,2.48E+01,-7.85E+04,-1.91E+03,1.86E+04
1.16240E+01,2.32E+04,2.24E+01,1.07E+01,2.49E+01,-7.85E+04,-1.87E+03,4.44E+03
1.16260E+01,2.33E+04,2.32E+01,9.32E+00,2.50E+01,-7.85E+04,-1.88E+03,3.66E+03
1.16280E+01,2.33E+04,2.38E+01,7.75E+00,2.50E+01,-7.85E+04,-1.87E+03,-1.69E+04
1.16300E+01,2.33E+04,2.44E+01,6.26E+00,2.52E+01,-7.85E+04,-1.92E+03,1.05E+04
1.16320E+01,2.33E+04,2.48E+01,4.54E+00,2.52E+01,-7.85E+04,-1.88E+03,4.53E+03
1.16340E+01,2.33E+04,2.51E+01,3.02E+00,2.52E+01,-7.85E+04,-1.84E+03,7.88E+03
1.16360E+01,2.33E+04,2.53E+01,1.33E+00,2.53E+01,-7.85E+04,-1.90E+03,-1.05E+04
1.16380E+01,2.33E+04,2.54E+01,-3.23E-01,2.54E+01,-7.85E+04,-1.86E+03,7.12E+03
1.16400E+01,2.33E+04,2.53E+01,-1.96E+00,2.53E+01,-7.85E+04,-1.87E+03,-3.22E+03
1.16420E+01,2.33E+04,2.52E+01,-3.63E+00,2.54E+01,-7.85E+04,-1.88E+03,-2.03E+03
1.16440E+01,2.33E+04,2.48E+01,-5.26E+00,2.54E+01,-7.85E+04,-1.87E+03,4.52E+03
1.16460E+01,2.33E+04,2.45E+01,-6.90E+00,2.55E+01,-7.85E+04,-1.87E+03,-3.12E+03
1.16480E+01,2.33E+04,2.41E+01,-8.50E+00,2.56E+01,-7.85E+04,-1.88E+03,5.12E+02
1.16500E+01,2.33E+04,2.35E+01,-1.01E+01,2.56E+01,-7.85E+04,-1.88E+03,9.08E+03
1.16520E+01,2.33E+04,2.29E+01,-1.16E+01,2.56E+01,-7.85E+04,-1.83E+03,-4.85E+01
1.16540E+01,2.33E+04,2.21E+01,-1.30E+01,2.56E+01,-7.85E+04,-1.87E+03,-7.84E+03
1.16560E+01,2.33E+04,2.12E+01,-1.45E+01,2.57E+01,-7.85E+04,-1.89E+03,-2.06E+03
1.16580E+01,2.33E+04,2.02E+01,-1.58E+01,2.57E+01,-7.85E+04,-1.86E+03,3.58E+03
1.16600E+01,2.33E+04,1.91E+01,-1.71E+01,2.56E+01,-7.85E+04,-1.88E+03,-3.37E+03
1.16620E+01,2.33E+04,1.80E+01,-1.84E+01,2.57E+01,-7.85E+04,-1.88E+03,5.59E+03
1.16640E+01,2.33E+04,1.68E+01,-1.95E+01,2.58E+01,-7.85E+04,-1.85E+03,-2.04E+03
1.16660E+01,2.33E+04,1.55E+01,-2.06E+01,2.58E+01,-7.85E+04,-1.88E+03,-9.17E+03
1.16680E+01,2.33E+04,1.41E+01,-2.16E+01,2.58E+01,-7.85E+04,-1.90E+03,-5.37E+02
1.16700E+01,2.33E+04,1.27E+01,-2.26E+01,2.59E+01,-7.85E+04,-1.87E+03,8.54E+03
1.16720E+01,2.33E+04,1.12E+01,-2.33E+01,2.59E+01,-7.85E+04,-1.87E+03,-1.47E+03
1.16740E+01,2.33E+04,9.68E+00,-2.40E+01,2.59E+01,-7.85E+04,-1.88E+03,-3.94E+03
1.16760E+01,2.34E+04,8.09E+00,-2.47E+01,2.60E+01,-7.86E+04,-1.88E+03,7.17E+03
1.16780E+01,2.34E+04,6.45E+00,-2.51E+01,2.59E+01,-7.86E+04,-1.85E+03,4.87E+03
1.16800E+01,2.34E+04,4.85E+00,-2.55E+01,2.60E+01,-7.86E+04,-1.85E+03,-6.39E+03
1.16820E+01,2.34E+04,3.17E+00,-2.58E+01,2.60E+01,-7.86E+04,-1.89E+03,-7.18E+03
1.16840E+01,2.34E+04,1.45E+00,-2.59E+01,2.60E+01,-7.86E+04,-1.88E+03,2.56E+03
1.16860E+01,2.34E+04,-2.46E-01,-2.60E+01,2.60E+01,-7.86E+04,-1.87E+03,-1.58E+03
1.16880E+01,2.34E+04,-1.95E+00,-2.60E+01,2.60E+01,-7.86E+04,-1.89E+03,5.59E+03
1.16900E+01,2.34E+04,-3.68E+00,-2.58E+01,2.61E+01,-7.86E+04,-1.86E+03,6.27E+03
1.16920E+01,2.34E+04,-5.31E+00,-2.56E+01,2.61E+01,-7.86E+04,-1.84E+03,2.88E+02
1.16940E+01,2.34E+04,-6.99E+00,-2.52E+01,2.62E+01,-7.86E+04,-1.88E+03,-5.78E+03
1.16960E+01,2.34E+04,-8.63E+00,-2.47E+01,2.62E+01,-7.86E+04,-1.86E+03,-2.78E+03
1.16980E+01,2.34E+04,-1.02E+01,-2.41E+01,2.62E+01,-7.86E+04,-1.88E+03,7.63E+03
1.17000E+01,2.34E+04,-1.18E+01,-2.34E+01,2.62E+01,-7.86E+04,-1.85E+03,3.64E+03
1.17020E+01,2.34E+04,-1.33E+01,-2.27E+01,2.63E+01,-7.86E+04,-1.84E+03,1.06E+04
1.17040E+01,2.34E+04,-1.48E+01,-2.18E+01,2.63E+01,-7.86E+04,-1.84E+03,5.83E+03
1.17060E+01,2.34E+04,-1.61E+01,-2.09E+01,2.64E+01,-7.86E+04,-1.79E+03,1.70E+03
1.17080E+01,2.34E+04,-1.74E+01,-1.98E+01,2.64E+01,-7.86E+04,-1.83E+03,-9.22E+03
1.17100E+01,2.34E+04,-1.87E+01,-1.86E+01,2.64E+01,-7.86E+04,-1.84E+03,-1.78E+03
1.17120E+01,2.34E+04,-1.98E+01,-1.74E+01,2.64E+01,-7.86E+04,-1.83E+03,6.98E+03
1.17140E+01,2.34E+04,-2.09E+01,-1.62E+01,2.64E+01,-7.86E+04,-1.82E+03,6.10E+03
1.17160E+01,2.34E+04,-2.19E+01,-1.48E+01,2.64E+01,-7.86E+04,-1.80E+03,1.41E+04
1.17180E+01,2.34E+04,-2.27E+01,-1.34E+01,2.64E+01,-7.86E+04,-1.77E+03,7.76E+03
1.17200E+01,2.34E+04,-2.36E+01,-1.20E+01,2.64E+01,-7.86E+04,-1.76E+03,-1.56E+04
1.17220E+01,2.34E+04,-2.42E+01,-1.05E+01,2.63E+01,-7.86E+04,-1.83E+03,2.83E+02
1.17240E+01,2.34E+04,-2.48E+01,-8.85E+00,2.63E+01,-7.86E+04,-1.79E+03,-2.86E+03
1.17260E+01,2.35E+04,-2.52E+01,-7.35E+00,2.62E+01,-7.86E+04,-1.79E+03,-9.60E+03
1.17280E+01,2.35E+04,-2.56E+01,-5.67E+00,2.62E+01,-7.86E+04,-1.87E+03,-3.10E+03
1.17300E+01,2.35E+04,-2.59E+01,-4.00E+00,2.62E+01,-7.87E+04,-1.79E+03,2.01E+04
1.17320E+01,2.35E+04,-2.60E+01,-2.42E+00,2.61E+01,-7.87E+04,-1.77E+03,-4.55E+03
1.17340E+01,2.35E+04,-2.61E+01,-7.68E-01,2.61E+01,-7.87E+04,-1.83E+03,-1.31E+04
1.17360E+01,2.35E+04,-2.60E+01,9.09E-01,2.61E+01,-7.87E+04,-1.83E+03,1.13E+04
1.17380E+01,2.35E+04,-2.58E+01,2.54E+00,2.59E+01,-7.87E+04,-1.78E+03,2.54E+03
1.17400E+01,2.35E+04,-2.55E+01,4.10E+00,2.59E+01,-7.87E+04,-1.80E+03,-9.54E+03
1.17420E+01,2.35E+04,-2.51E+01,5.72E+00,2.58E+01,-7.87E+04,-1.84E+03,-1.73E+04
1.17440E+01,2.35E+04,-2.45E+01,7.26E+00,2.56E+01,-7.87E+04,-1.86E+03,-4.08E+03
1.17460E+01,2.35E+04,-2.39E+01,8.83E+00,2.55E+01,-7.87E+04,-1.87E+03,-1.29E+03
1.17480E+01,2.35E+04,-2.32E+01,1.03E+01,2.54E+01,-7.87E+04,-1.85E+03,-4.58E+03
1.17500E+01,2.35E+04,-2.24E+01,1.17E+01,2.53E+01,-7.87E+04,-1.89E+03,-7.45E+03
1.17520E+01,2.35E+04,-2.14E+01,1.31E+01,2.51E+01,-7.87E+04,-1.89E+03,-3.53E+03
1.17540E+01,2.35E+04,-2.04E+01,1.44E+01,2.50E+01,-7.87E+04,-1.88E+03,-1.04E+03
1.17560E+01,2.35E+04,-1.93E+01,1.56E+01,2.48E+01,-7.87E+04,-1.91E+03,-8.30E+03
1.17580E+01,2.35E+04,-1.82E+01,1.68E+01,2.48E+01,-7.87E+04,-1.92E+03,-5.64E+03
1.17600E+01,2.35E+04,-1.70E+01,1.80E+01,2.47E+01,-7.87E+04,-1.93E+03,-1.54E+03
1.17620E+01,2.35E+04,-1.56E+01,1.90E+01,2.46E+01,-7.87E+04,-1.93E+03,1.87E+03
1.17640E+01,2.35E+04,-1.43E+01,2.00E+01,2.45E+01,-7.87E+04,-1.92E+03,-5.16E+03
1.17660E+01,2.35E+04,-1.29E+01,2.08E+01,2.45E+01,-7.87E+04,-1.94E+03,-8.93E+03
1.17680E+01,2.35E+04,-1.14E+01,2.16E+01,2.44E+01,-7.87E+04,-1.96E+03,-1.14E+04
1.17700E+01,2.35E+04,-9.87E+00,2.23E+01,2.44E+01,-7.87E+04,-1.98E+03,3.83E+03
1.17720E+01,2.35E+04,-8.28E+00,2.29E+01,2.43E+01,-7.87E+04,-1.96E+03,1.23E+04
1.17740E+01,2.35E+04,-6.72E+00,2.33E+01,2.43E+01,-7.87E+04,-1.91E+03,-2.77E+02
1.17760E+01,2.36E+04,-5.14E+00,2.37E+01,2.42E+01,-7.87E+04,-1.96E+03,-1.36E+04
1.17780E+01,2.36E+04,-3.46E+00,2.39E+01,2.42E+01,-7.87E+04,-1.99E+03,1.26E+03
1.17800E+01,2.36E+04,-1.82E+00,2.41E+01,2.42E+01,-7.87E+04,-1.94E+03,3.07E+03
1.17820E+01,2.36E+04,-1.91E-01,2.42E+01,2.42E+01,-7.87E+04,-1.97E+03,-3.46E+03
1.17840E+01,2.36E+04,1.50E+00,2.41E+01,2.42E+01,-7.88E+04,-1.98E+03,3.86E+03
1.17860E+01,2.36E+04,3.13E+00,2.39E+01,2.42E+01,-7.88E+04,-1.94E+03,3.92E+03
1.17880E+01,2.36E+04,4.74E+00,2.37E+01,2.42E+01,-7.88E+04,-1.96E+03,5.64E+03
1.17900E+01,2.36E+04,6.36E+00,2.33E+01,2.41E+01,-7.88E+04,-1.93E+03,3.51E+03
1.17920E+01,2.36E+04,7.89E+00,2.29E+01,2.42E+01,-7.88E+04,-1.92E+03,6.62E+03
1.17940E+01,2.36E+04,9.44E+00,2.23E+01,2.42E+01,-7.88E+04,-1.93E+03,-3.19E+03
1.17960E+01,2.36E+04,1.09E+01,2.17E+01,2.43E+01,-7.88E+04,-1.92E+03,1.02E+04
1.17980E+01,2.36E+04,1.24E+01,2.09E+01,2.43E+01,-7.88E+04,-1.90E+03,9.72E+03
1.18000E+01,2.36E+04,1.38E+01,2.01E+01,2.44E+01,-7.88E+04,-1.87E+03,4.29E+03
1.18020E+01,2.36E+04,1.51E+01,1.92E+01,2.44E+01,-7.88E+04,-1.88E+03,-6.91E+03
1.18040E+01,2.36E+04,1.64E+01,1.83E+01,2.45E+01,-7.88E+04,-1.90E+03,4.82E+03
1.18060E+01,2.36E+04,1.76E+01,1.71E+01,2.45E+01,-7.88E+04,-1.86E+03,1.62E+04
1.18080E+01,2.36E+04,1.87E+01,1.60E+01,2.46E+01,-7.88E+04,-1.83E+03,1.99E+01
1.18100E+01,2.36E+04,1.97E+01,1.49E+01,2.47E+01,-7.88E+04,-1.86E+03,-6.60E+03
1.18120E+01,2.36E+04,2.08E+01,1.36E+01,2.48E+01,-7.88E+04,-1.87E+03,8.15E+03
1.18140E+01,2.36E+04,2.17E+01,1.23E+01,2.49E+01,-7.88E+04,-1.82E+03,1.70E+04
1.18160E+01,2.36E+04,2.24E+01,1.09E+01,2.50E+01,-7.88E+04,-1.80E+03,2.69E+03
1.18180E+01,2.36E+04,2.32E+01,9.52E+00,2.51E+01,-7.88E+04,-1.81E+03,-2.79E+03
1.18200E+01,2.36E+04,2.38E+01,8.02E+00,2.51E+01,-7.88E+04,-1.82E+03,1.71E+02
1.18220E+01,2.36E+04,2.44E+01,6.54E+00,2.52E+01,-7.88E+04,-1.81E+03,-4.59E+03
1.18240E+01,2.36E+04,2.47E+01,4.99E+00,2.52E+01,-7.88E+04,-1.83E+03,1.03E+04
1.18260E+01,2.37E+04,2.51E+01,3.40E+00,2.53E+01,-7.88E+04,-1.78E+03,1.46E+04
1.18280E+01,2.37E+04,2.52E+01,1.89E+00,2.53E+01,-7.88E+04,-1.74E+03,1.06E+04
1.18300E+01,2.37E+04,2.54E+01,3.25E-01,2.54E+01,-7.88E+04,-1.76E+03,-9.67E+03
1.18320E+01,2.37E+04,2.53E+01,-1.22E+00,2.53E+01,-7.88E+04,-1.77E+03,-1.14E+04
1.18340E+01,2.37E+04,2.53E+01,-2.81E+00,2.54E+01,-7.88E+04,-1.81E+03,-8.84E+03
1.18360E+01,2.37E+04,2.51E+01,-4.44E+00,2.55E+01,-7.89E+04,-1.81E+03,9.57E+03
1.18380E+01,2.37E+04,2.47E+01,-5.99E+00,2.55E+01,-7.89E+04,-1.77E+03,6.79E+02
1.18400E+01,2.37E+04,2.44E+01,-7.50E+00,2.55E+01,-7.89E+04,-1.80E+03,-3.39E+03
1.18420E+01,2.37E+04,2.39E+01,-9.06E+00,2.55E+01,-7.89E+04,-1.81E+03,-7.49E+03
1.18440E+01,2.37E+04,2.33E+01,-1.05E+01,2.56E+01,-7.89E+04,-1.80E+03,7.65E+03
1.18460E+01,2.37E+04,2.26E+01,-1.20E+01,2.56E+01,-7.89E+04,-1.80E+03,-2.48E+03
1.18480E+01,2.37E+04,2.19E+01,-1.34E+01,2.57E+01,-7.89E+04,-1.79E+03,2.22E+03
1.18500E+01,2.37E+04,2.10E+01,-1.48E+01,2.57E+01,-7.89E+04,-1.81E+03,-1.69E+03
1.18520E+01,2.37E+04,2.00E+01,-1.61E+01,2.57E+01,-7.89E+04,-1.79E+03,7.23E+03
1.18540E+01,2.37E+04,1.90E+01,-1.73E+01,2.57E+01,-7.89E+04,-1.78E+03,5.96E+03
1.18560E+01,2.37E+04,1.79E+01,-1.85E+01,2.57E+01,-7.89E+04,-1.77E+03,5.66E+03
1.18580E+01,2.37E+04,1.68E+01,-1.96E+01,2.58E+01,-7.89E+04,-1.76E+03,-1.05E+04
1.18600E+01,2.37E+04,1.56E+01,-2.06E+01,2.58E+01,-7.89E+04,-1.80E+03,-1.78E+04
1.18620E+01,2.37E+04,1.42E+01,-2.16E+01,2.58E+01,-7.89E+04,-1.84E+03,-2.00E+03
1.18640E+01,2.37E+04,1.28E+01,-2.25E+01,2.59E+01,-7.89E+04,-1.81E+03,7.47E+03
1.18660E+01,2.37E+04,1.14E+01,-2.32E+01,2.59E+01,-7.89E+04,-1.80E+03,9.06E+02
1.18680E+01,2.37E+04,9.90E+00,-2.39E+01,2.59E+01,-7.89E+04,-1.81E+03,6.83E+02
1.18700E+01,2.37E+04,8.40E+00,-2.45E+01,2.59E+01,-7.89E+04,-1.79E+03,-1.70E+03
1.18720E+01,2.37E+04,6.85E+00,-2.50E+01,2.59E+01,-7.89E+04,-1.82E+03,-5.79E+03
1.18740E+01,2.37E+04,5.24E+00,-2.54E+01,2.59E+01,-7.89E+04,-1.83E+03,9.51E+03
1.18760E+01,2.38E+04,3.62E+00,-2.57E+01,2.60E+01,-7.89E+04,-1.77E+03,3.29E+03
1.18780E+01,2.38E+04,2.06E+00,-2.59E+01,2.60E+01,-7.89E+04,-1.80E+03,-5.05E+03
1.18800E+01,2.38E+04,3.74E-01,-2.60E+01,2.60E+01,-7.89E+04,-1.82E+03,-8.51E+03
1.18820E+01,2.38E+04,-1.25E+00,-2.60E+01,2.61E+01,-7.89E+04,-1.81E+03,1.00E+04
1.18840E+01,2.38E+04,-2.91E+00,-2.59E+01,2.61E+01,-7.89E+04,-1.80E+03,8.02E+03
1.18860E+01,2.38E+04,-4.52E+00,-2.57E+01,2.61E+01,-7.89E+04,-1.76E+03,6.09E+03
1.18880E+01,2.38E+04,-6.10E+00,-2.55E+01,2.62E+01,-7.89E+04,-1.78E+03,-5.27E+02
1.18900E+01,2.38E+04,-7.68E+00,-2.50E+01,2.62E+01,-7.89E+04,-1.77E+03,-1.06E+04
1.18920E+01,2.38E+04,-9.22E+00,-2.46E+01,2.62E+01,-7.90E+04,-1.81E+03,2.17E+03
1.18940E+01,2.38E+04,-1.08E+01,-2.40E+01,2.63E+01,-7.90E+04,-1.79E+03,7.33E+03
1.18960E+01,2.38E+04,-1.22E+01,-2.32E+01,2.63E+01,-7.90E+04,-1.75E+03,1.18E+04
1.18980E+01,2.38E+04,-1.36E+01,-2.25E+01,2.63E+01,-7.90E+04,-1.76E+03,3.16E+03
1.19000E+01,2.38E+04,-1.50E+01,-2.16E+01,2.64E+01,-7.90E+04,-1.73E+03,-4.44E+02
1.19020E+01,2.38E+04,-1.63E+01,-2.07E+01,2.64E+01,-7.90E+04,-1.75E+03,-6.44E+03
1.19040E+01,2.38E+04,-1.76E+01,-1.97E+01,2.64E+01,-7.90E+04,-1.78E+03,-1.85E+03
1.19060E+01,2.38E+04,-1.88E+01,-1.86E+01,2.64E+01,-7.90E+04,-1.75E+03,2.28E+03
1.19080E+01,2.38E+04,-1.99E+01,-1.74E+01,2.64E+01,-7.90E+04,-1.76E+03,2.16E+03
1.19100E+01,2.38E+04,-2.10E+01,-1.62E+01,2.65E+01,-7.90E+04,-1.75E+03,5.83E+03
1.19120E+01,2.38E+04,-2.19E+01,-1.49E+01,2.65E+01,-7.90E+04,-1.73E+03,1.41E+04
1.19140E+01,2.38E+04,-2.27E+01,-1.35E+01,2.64E+01,-7.90E+04,-1.71E+03,4.76E+03
1.19160E+01,2.38E+04,-2.35E+01,-1.22E+01,2.65E+01,-7.90E+04,-1.70E+03,-1.89E+04
1.19180E+01,2.38E+04,-2.41E+01,-1.07E+01,2.64E+01,-7.90E+04,-1.78E+03,-6.98E+03
1.19200E+01,2.38E+04,-2.48E+01,-9.13E+00,2.64E+01,-7.90E+04,-1.76E+03,-6.28E+03
1.19220E+01,2.38E+04,-2.52E+01,-7.65E+00,2.63E+01,-7.90E+04,-1.76E+03,1.67E+04
1.19240E+01,2.38E+04,-2.56E+01,-6.01E+00,2.63E+01,-7.90E+04,-1.74E+03,8.47E+03
1.19260E+01,2.39E+04,-2.58E+01,-4.52E+00,2.62E+01,-7.90E+04,-1.67E+03,2.39E+04
1.19280E+01,2.39E+04,-2.61E+01,-2.98E+00,2.62E+01,-7.90E+04,-1.68E+03,-1.95E+04
1.19300E+01,2.39E+04,-2.60E+01,-1.47E+00,2.61E+01,-7.90E+04,-1.73E+03,-1.96E+04
1.19320E+01,2.39E+04,-2.61E+01,1.79E-01,2.61E+01,-7.90E+04,-1.79E+03,-1.26E+04
1.19340E+01,2.39E+04,-2.60E+01,1.79E+00,2.61E+01,-7.90E+04,-1.76E+03,2.27E+04
1.19360E+01,2.39E+04,-2.57E+01,3.36E+00,2.59E+01,-7.90E+04,-1.70E+03,2.61E+03
1.19380E+01,2.39E+04,-2.54E+01,4.83E+00,2.59E+01,-7.90E+04,-1.73E+03,-4.51E+03
1.19400E+01,2.39E+04,-2.49E+01,6.37E+00,2.57E+01,-7.90E+04,-1.76E+03,-1.89E+04
1.19420E+01,2.39E+04,-2.44E+01,7.83E+00,2.57E+01,-7.90E+04,-1.77E+03,3.69E+03
1.19440E+01,2.39E+04,-2.38E+01,9.33E+00,2.55E+01,-7.90E+04,-1.77E+03,-7.32E+03
1.19460E+01,2.39E+04,-2.31E+01,1.07E+01,2.55E+01,-7.90E+04,-1.77E+03,-2.05E+03
1.19480E+01,2.39E+04,-2.22E+01,1.21E+01,2.53E+01,-7.90E+04,-1.81E+03,-1.08E+04
1.19500E+01,2.39E+04,-2.13E+01,1.34E+01,2.51E+01,-7.91E+04,-1.80E+03,3.72E+02
1.19520E+01,2.39E+04,-2.03E+01,1.46E+01,2.50E+01,-7.91E+04,-1.81E+03,-8.70E+03
1.19540E+01,2.39E+04,-1.93E+01,1.58E+01,2.49E+01,-7.91E+04,-1.83E+03,-6.97E+03
1.19560E+01,2.39E+04,-1.82E+01,1.70E+01,2.49E+01,-7.91E+04,-1.84E+03,1.51E+03
1.19580E+01,2.39E+04,-1.70E+01,1.81E+01,2.48E+01,-7.91E+04,-1.82E+03,-3.62E+03
1.19600E+01,2.39E+04,-1.58E+01,1.90E+01,2.47E+01,-7.91E+04,-1.85E+03,-5.61E+03
1.19620E+01,2.39E+04,-1.44E+01,1.99E+01,2.46E+01,-7.91E+04,-1.86E+03,5.88E+02
1.19640E+01,2.39E+04,-1.31E+01,2.07E+01,2.45E+01,-7.91E+04,-1.83E+03,5.98E+02
1.19660E+01,2.39E+04,-1.17E+01,2.15E+01,2.45E+01,-7.91E+04,-1.86E+03,-1.35E+04
1.19680E+01,2.39E+04,-1.03E+01,2.22E+01,2.44E+01,-7.91E+04,-1.89E+03,-8.73E+02
1.19700E+01,2.39E+04,-8.73E+00,2.27E+01,2.44E+01,-7.91E+04,-1.86E+03,1.24E+04
1.19720E+01,2.39E+04,-7.27E+00,2.33E+01,2.44E+01,-7.91E+04,-1.83E+03,-9.58E+02
1.19740E+01,2.39E+04,-5.74E+00,2.36E+01,2.43E+01,-7.91E+04,-1.87E+03,-8.02E+03
1.19760E+01,2.40E+04,-4.16E+00,2.39E+01,2.43E+01,-7.91E+04,-1.88E+03,2.48E+03
1.19780E+01,2.40E+04,-2.60E+00,2.41E+01,2.42E+01,-7.91E+04,-1.85E+03,-8.39E+02
1.19800E+01,2.40E+04,-1.05E+00,2.42E+01,2.42E+01,-7.91E+04,-1.88E+03,-7.86E+03
1.19820E+01,2.40E+04,5.69E-01,2.42E+01,2.42E+01,-7.91E+04,-1.89E+03,-2.48E+03
1.19840E+01,2.40E+04,2.15E+00,2.41E+01,2.42E+01,-7.91E+04,-1.88E+03,1.40E+04
1.19860E+01,2.40E+04,3.73E+00,2.39E+01,2.42E+01,-7.91E+04,-1.85E+03,6.50E+03
1.19880E+01,2.40E+04,5.23E+00,2.36E+01,2.42E+01,-7.91E+04,-1.84E+03,-5.38E+02
1.19900E+01,2.40E+04,6.75E+00,2.32E+01,2.42E+01,-7.91E+04,-1.86E+03,-2.24E+03
1.19920E+01,2.40E+04,8.25E+00,2.28E+01,2.42E+01,-7.91E+04,-1.84E+03,7.81E+03
1.19940E+01,2.40E+04,9.69E+00,2.22E+01,2.42E+01,-7.91E+04,-1.83E+03,-2.52E+03
1.19960E+01,2.40E+04,1.11E+01,2.16E+01,2.43E+01,-7.91E+04,-1.85E+03,-2.60E+03
1.19980E+01,2.40E+04,1.25E+01,2.08E+01,2.43E+01,-7.91E+04,-1.85E+03,1.04E+04
1.20000E+01,2.40E+04,1.39E+01,2.01E+01,2.44E+01,-7.91E+04,-1.80E+03,9.13E+03
1.20020E+01,2.40E+04,1.51E+01,1.92E+01,2.44E+01,-7.91E+04,-1.81E+03,-5.27E+03
1.20040E+01,2.40E+04,1.64E+01,1.83E+01,2.45E+01,-7.92E+04,-1.83E+03,1.70E+03
1.20060E+01,2.40E+04,1.75E+01,1.72E+01,2.45E+01,-7.92E+04,-1.80E+03,1.39E+04
1.20080E+01,2.40E+04,1.86E+01,1.61E+01,2.46E+01,-7.92E+04,-1.77E+03,1.12E+04
1.20100E+01,2.40E+04,1.96E+01,1.50E+01,2.47E+01,-7.92E+04,-1.76E+03,-7.58E+03
1.20120E+01,2.40E+04,2.06E+01,1.38E+01,2.48E+01,-7.92E+04,-1.79E+03,5.59E+03
1.20140E+01,2.40E+04,2.15E+01,1.26E+01,2.49E+01,-7.92E+04,-1.76E+03,1.88E+04
1.20160E+01,2.40E+04,2.23E+01,1.13E+01,2.50E+01,-7.92E+04,-1.69E+03,-6.89E+03
1.20180E+01,2.40E+04,2.29E+01,9.95E+00,2.50E+01,-7.92E+04,-1.78E+03,-5.10E+03
1.20200E+01,2.40E+04,2.37E+01,8.48E+00,2.51E+01,-7.92E+04,-1.75E+03,-7.80E+03
1.20220E+01,2.40E+04,2.41E+01,7.12E+00,2.51E+01,-7.92E+04,-1.75E+03,1.80E+04
1.20240E+01,2.40E+04,2.46E+01,5.56E+00,2.52E+01,-7.92E+04,-1.75E+03,5.53E+03
1.20260E+01,2.41E+04,2.49E+01,4.15E+00,2.52E+01,-7.92E+04,-1.67E+03,2.26E+04
1.20280E+01,2.41E+04,2.53E+01,2.67E+00,2.54E+01,-7.92E+04,-1.69E+03,-3.43E+04
1.20300E+01,2.41E+04,2.53E+01,1.19E+00,2.54E+01,-7.92E+04,-1.78E+03,8.89E+03
1.20320E+01,2.41E+04,2.54E+01,-4.86E-01,2.54E+01,-7.92E+04,-1.72E+03,1.96E+04
1.20340E+01,2.41E+04,2.54E+01,-1.85E+00,2.54E+01,-7.92E+04,-1.62E+03,8.10E+03
1.20360E+01,2.41E+04,2.53E+01,-3.37E+00,2.55E+01,-7.92E+04,-1.73E+03,-3.51E+04
1.20380E+01,2.41E+04,2.50E+01,-4.90E+00,2.55E+01,-7.92E+04,-1.76E+03,1.04E+04
1.20400E+01,2.41E+04,2.48E+01,-6.46E+00,2.56E+01,-7.92E+04,-1.70E+03,7.80E+03
1.20420E+01,2.41E+04,2.43E+01,-7.84E+00,2.55E+01,-7.92E+04,-1.70E+03,2.03E+03
1.20440E+01,2.41E+04,2.39E+01,-9.36E+00,2.56E+01,-7.92E+04,-1.72E+03,-1.54E+04
1.20460E+01,2.41E+04,2.33E+01,-1.07E+01,2.56E+01,-7.92E+04,-1.73E+03,8.65E+03
1.20480E+01,2.41E+04,2.26E+01,-1.22E+01,2.56E+01,-7.92E+04,-1.72E+03,3.31E+03
1.20500E+01,2.41E+04,2.19E+01,-1.35E+01,2.57E+01,-7.92E+04,-1.69E+03,3.42E+03
1.20520E+01,2.41E+04,2.10E+01,-1.48E+01,2.57E+01,-7.92E+04,-1.72E+03,-6.57E+03
1.20540E+01,2.41E+04,2.01E+01,-1.60E+01,2.57E+01,-7.92E+04,-1.71E+03,3.54E+03
1.20560E+01,2.41E+04,1.91E+01,-1.72E+01,2.57E+01,-7.92E+04,-1.70E+03,-3.13E+03
1.20580E+01,2.41E+04,1.81E+01,-1.83E+01,2.58E+01,-7.92E+04,-1.72E+03,-4.71E+03
1.20600E+01,2.41E+04,1.70E+01,-1.94E+01,2.58E+01,-7.92E+04,-1.73E+03,7.79E+03
1.20620E+01,2.41E+04,1.58E+01,-2.04E+01,2.59E+01,-7.93E+04,-1.69E+03,3.32E+03
1.20640E+01,2.41E+04,1.46E+01,-2.13E+01,2.59E+01,-7.93E+04,-1.70E+03,-7.87E+03
1.20660E+01,2.41E+04,1.33E+01,-2.22E+01,2.58E+01,-7.93E+04,-1.74E+03,-6.08E+03
1.20680E+01,2.41E+04,1.19E+01,-2.30E+01,2.59E+01,-7.93E+04,-1.72E+03,2.24E+03
1.20700E+01,2.41E+04,1.06E+01,-2.37E+01,2.59E+01,-7.93E+04,-1.73E+03,2.91E+03
1.20720E+01,2.41E+04,9.10E+00,-2.43E+01,2.59E+01,-7.93E+04,-1.72E+03,2.44E+03
1.20740E+01,2.41E+04,7.65E+00,-2.48E+01,2.60E+01,-7.93E+04,-1.71E+03,-2.21E+03
1.20760E+01,2.42E+04,6.15E+00,-2.52E+01,2.59E+01,-7.93E+04,-1.73E+03,9.08E+02
1.20780E+01,2.42E+04,4.62E+00,-2.56E+01,2.60E+01,-7.93E+04,-1.71E+03,-7.06E+02
1.20800E+01,2.42E+04,3.11E+00,-2.58E+01,2.60E+01,-7.93E+04,-1.72E+03,3.61E+02
1.20820E+01,2.42E+04,1.53E+00,-2.59E+01,2.60E+01,-7.93E+04,-1.73E+03,-4.77E+03
1.20840E+01,2.42E+04,-2.11E-02,-2.60E+01,2.60E+01,-7.93E+04,-1.72E+03,-5.23E+02
1.20860E+01,2.42E+04,-1.60E+00,-2.60E+01,2.61E+01,-7.93E+04,-1.74E+03,-5.06E+03
1.20880E+01,2.42E+04,-3.18E+00,-2.59E+01,2.61E+01,-7.93E+04,-1.74E+03,8.43E+03
1.20900E+01,2.42E+04,-4.75E+00,-2.57E+01,2.61E+01,-7.93E+04,-1.71E+03,4.21E+03
1.20920E+01,2.42E+04,-6.26E+00,-2.54E+01,2.62E+01,-7.93E+04,-1.71E+03,7.20E+03
1.20940E+01,2.42E+04,-7.80E+00,-2.50E+01,2.62E+01,-7.93E+04,-1.70E+03,-1.05E+04
1.20960E+01,2.42E+04,-9.24E+00,-2.46E+01,2.62E+01,-7.93E+04,-1.73E+03,1.71E+03
1.20980E+01,2.42E+04,-1.08E+01,-2.40E+01,2.63E+01,-7.93E+04,-1.73E+03,7.66E+03
1.21000E+01,2.42E+04,-1.21E+01,-2.33E+01,2.63E+01,-7.93E+04,-1.66E+03,1.18E+04
1.21020E+01,2.42E+04,-1.35E+01,-2.26E+01,2.63E+01,-7.93E+04,-1.69E+03,-3.12E+03
1.21040E+01,2.42E+04,-1.48E+01,-2.18E+01,2.63E+01,-7.93E+04,-1.69E+03,5.51E+03
1.21060E+01,2.42E+04,-1.61E+01,-2.09E+01,2.63E+01,-7.93E+04,-1.66E+03,3.36E+03
1.21080E+01,2.42E+04,-1.73E+01,-1.99E+01,2.64E+01,-7.93E+04,-1.67E+03,4.15E+01
1.21100E+01,2.42E+04,-1.84E+01,-1.89E+01,2.64E+01,-7.93E+04,-1.67E+03,4.69E+03
1.21120E+01,2.42E+04,-1.95E+01,-1.78E+01,2.64E+01,-7.93E+04,-1.64E+03,9.49E+03
1.21140E+01,2.42E+04,-2.04E+01,-1.66E+01,2.64E+01,-7.93E+04,-1.63E+03,-9.40E+03
1.21160E+01,2.42E+04,-2.13E+01,-1.54E+01,2.63E+01,-7.93E+04,-1.67E+03,-1.25E+04
1.21180E+01,2.42E+04,-2.22E+01,-1.41E+01,2.64E+01,-7.93E+04,-1.70E+03,-8.79E+01
1.21200E+01,2.42E+04,-2.30E+01,-1.28E+01,2.63E+01,-7.94E+04,-1.66E+03,1.19E+04
1.21220E+01,2.42E+04,-2.37E+01,-1.14E+01,2.63E+01,-7.94E+04,-1.65E+03,-2.19E+03
1.21240E+01,2.42E+04,-2.43E+01,-1.01E+01,2.63E+01,-7.94E+04,-1.67E+03,-4.85E+03
1.21260E+01,2.43E+04,-2.48E+01,-8.57E+00,2.62E+01,-7.94E+04,-1.68E+03,1.23E+04
1.21280E+01,2.43E+04,-2.53E+01,-7.14E+00,2.63E+01,-7.94E+04,-1.62E+03,-1.56E+04
1.21300E+01,2.43E+04,-2.55E+01,-5.71E+00,2.62E+01,-7.94E+04,-1.71E+03,-6.38E+03
1.21320E+01,2.43E+04,-2.58E+01,-4.05E+00,2.61E+01,-7.94E+04,-1.71E+03,8.23E+03
1.21340E+01,2.43E+04,-2.59E+01,-2.62E+00,2.60E+01,-7.94E+04,-1.62E+03,2.36E+04
1.21360E+01,2.43E+04,-2.61E+01,-1.11E+00,2.61E+01,-7.94E+04,-1.65E+03,-2.55E+04
1.21380E+01,2.43E+04,-2.59E+01,3.70E-01,2.59E+01,-7.94E+04,-1.70E+03,-1.28E+04
1.21400E+01,2.43E+04,-2.59E+01,1.97E+00,2.60E+01,-7.94E+04,-1.72E+03,1.57E+04
1.21420E+01,2.43E+04,-2.56E+01,3.47E+00,2.58E+01,-7.94E+04,-1.62E+03,1.86E+04
1.21440E+01,2.43E+04,-2.53E+01,4.86E+00,2.58E+01,-7.94E+04,-1.63E+03,-4.92E+03
1.21460E+01,2.43E+04,-2.49E+01,6.32E+00,2.57E+01,-7.94E+04,-1.67E+03,-1.89E+04
1.21480E+01,2.43E+04,-2.43E+01,7.69E+00,2.55E+01,-7.94E+04,-1.69E+03,-2.58E+02
1.21500E+01,2.43E+04,-2.38E+01,9.13E+00,2.55E+01,-7.94E+04,-1.69E+03,5.14E+03
1.21520E+01,2.43E+04,-2.31E+01,1.04E+01,2.54E+01,-7.94E+04,-1.65E+03,-5.50E+03
1.21540E+01,2.43E+04,-2.24E+01,1.17E+01,2.53E+01,-7.94E+04,-1.71E+03,-2.76E+04
1.21560E+01,2.43E+04,-2.15E+01,1.30E+01,2.52E+01,-7.94E+04,-1.78E+03,-8.82E+03
1.21580E+01,2.43E+04,-2.06E+01,1.43E+01,2.51E+01,-7.94E+04,-1.74E+03,1.79E+04
1.21600E+01,2.43E+04,-1.97E+01,1.54E+01,2.50E+01,-7.94E+04,-1.69E+03,1.32E+04
1.21620E+01,2.43E+04,-1.86E+01,1.65E+01,2.49E+01,-7.94E+04,-1.70E+03,-1.45E+04
1.21640E+01,2.43E+04,-1.75E+01,1.75E+01,2.47E+01,-7.94E+04,-1.75E+03,-1.51E+04
1.21660E+01,2.43E+04,-1.63E+01,1.84E+01,2.46E+01,-7.94E+04,-1.77E+03,-5.35E+03
1.21680E+01,2.43E+04,-1.51E+01,1.93E+01,2.45E+01,-7.94E+04,-1.76E+03,-6.48E+03
1.21700E+01,2.43E+04,-1.39E+01,2.02E+01,2.45E+01,-7.94E+04,-1.80E+03,-7.69E+03
1.21720E+01,2.43E+04,-1.25E+01,2.10E+01,2.44E+01,-7.94E+04,-1.80E+03,-1.53E+03
1.21740E+01,2.43E+04,-1.12E+01,2.16E+01,2.44E+01,-7.94E+04,-1.79E+03,-2.27E+03
1.21760E+01,2.44E+04,-9.76E+00,2.22E+01,2.43E+01,-7.94E+04,-1.82E+03,-4.20E+03
1.21780E+01,2.44E+04,-8.30E+00,2.28E+01,2.42E+01,-7.94E+04,-1.81E+03,1.55E+04
1.21800E+01,2.44E+04,-6.86E+00,2.32E+01,2.42E+01,-7.95E+04,-1.75E+03,-2.59E+03
1.21820E+01,2.44E+04,-5.45E+00,2.35E+01,2.42E+01,-7.95E+04,-1.80E+03,-5.98E+03
1.21840E+01,2.44E+04,-3.88E+00,2.38E+01,2.41E+01,-7.95E+04,-1.81E+03,-5.05E+03
1.21860E+01,2.44E+04,-2.43E+00,2.40E+01,2.42E+01,-7.95E+04,-1.78E+03,4.41E+03
1.21880E+01,2.44E+04,-8.95E-01,2.41E+01,2.41E+01,-7.95E+04,-1.82E+03,-1.34E+03
1.21900E+01,2.44E+04,6.30E-01,2.41E+01,2.41E+01,-7.95E+04,-1.78E+03,1.09E+03
1.21920E+01,2.44E+04,2.11E+00,2.40E+01,2.41E+01,-7.95E+04,-1.80E+03,8.60E+03
1.21940E+01,2.44E+04,3.65E+00,2.39E+01,2.41E+01,-7.95E+04,-1.78E+03,-6.50E+02
1.21960E+01,2.44E+04,5.07E+00,2.36E+01,2.41E+01,-7.95E+04,-1.77E+03,5.82E+03
1.21980E+01,2.44E+04,6.57E+00,2.32E+01,2.41E+01,-7.95E+04,-1.79E+03,-4.93E+03
1.22000E+01,2.44E+04,7.97E+00,2.28E+01,2.42E+01,-7.95E+04,-1.76E+03,1.35E+04
1.22020E+01,2.44E+04,9.40E+00,2.23E+01,2.42E+01,-7.95E+04,-1.75E+03,6.95E+03
1.22040E+01,2.44E+04,1.07E+01,2.17E+01,2.43E+01,-7.95E+04,-1.72E+03,9.00E+02
1.22060E+01,2.44E+04,1.20E+01,2.11E+01,2.43E+01,-7.95E+04,-1.75E+03,-1.11E+04
1.22080E+01,2.44E+04,1.34E+01,2.04E+01,2.44E+01,-7.95E+04,-1.77E+03,1.38E+04
1.22100E+01,2.44E+04,1.46E+01,1.95E+01,2.44E+01,-7.95E+04,-1.70E+03,2.30E+04
1.22120E+01,2.44E+04,1.57E+01,1.87E+01,2.44E+01,-7.95E+04,-1.66E+03,9.38E+03
1.22140E+01,2.44E+04,1.68E+01,1.78E+01,2.45E+01,-7.95E+04,-1.68E+03,-5.48E+03
1.22160E+01,2.44E+04,1.79E+01,1.68E+01,2.46E+01,-7.95E+04,-1.68E+03,1.83E+03
1.22180E+01,2.44E+04,1.89E+01,1.58E+01,2.47E+01,-7.95E+04,-1.67E+03,-1.08E+04
1.22200E+01,2.44E+04,1.99E+01,1.47E+01,2.47E+01,-7.95E+04,-1.71E+03,-1.18E+04
1.22220E+01,2.44E+04,2.08E+01,1.35E+01,2.48E+01,-7.95E+04,-1.73E+03,1.91E+04
1.22240E+01,2.44E+04,2.17E+01,1.23E+01,2.49E+01,-7.95E+04,-1.64E+03,2.44E+04
1.22260E+01,2.45E+04,2.24E+01,1.11E+01,2.50E+01,-7.95E+04,-1.61E+03,-1.80E+04
1.22280E+01,2.45E+04,2.30E+01,9.81E+00,2.50E+01,-7.95E+04,-1.72E+03,-8.36E+03
1.22300E+01,2.45E+04,2.37E+01,8.41E+00,2.51E+01,-7.95E+04,-1.67E+03,-1.72E+03
1.22320E+01,2.45E+04,2.41E+01,7.12E+00,2.51E+01,-7.95E+04,-1.67E+03,1.21E+04
1.22340E+01,2.45E+04,2.46E+01,5.63E+00,2.52E+01,-7.95E+04,-1.69E+03,1.70E+04
1.22360E+01,2.45E+04,2.49E+01,4.26E+00,2.52E+01,-7.96E+04,-1.56E+03,1.76E+04
1.22380E+01,2.45E+04,2.51E+01,2.92E+00,2.53E+01,-7.96E+04,-1.61E+03,-1.03E+04
1.22400E+01,2.45E+04,2.53E+01,1.44E+00,2.54E+01,-7.96E+04,-1.64E+03,-6.33E+03
1.22420E+01,2.45E+04,2.53E+01,3.98E-02,2.53E+01,-7.96E+04,-1.61E+03,4.05E+03
1.22440E+01,2.45E+04,2.54E+01,-1.41E+00,2.54E+01,-7.96E+04,-1.64E+03,-1.52E+04
1.22460E+01,2.45E+04,2.52E+01,-2.85E+00,2.54E+01,-7.96E+04,-1.66E+03,-6.44E+03
1.22480E+01,2.45E+04,2.51E+01,-4.35E+00,2.55E+01,-7.96E+04,-1.67E+03,1.14E+04
1.22500E+01,2.45E+04,2.48E+01,-5.79E+00,2.55E+01,-7.96E+04,-1.61E+03,4.19E+03
1.22520E+01,2.45E+04,2.44E+01,-7.13E+00,2.54E+01,-7.96E+04,-1.64E+03,-7.29E+03
1.22540E+01,2.45E+04,2.40E+01,-8.60E+00,2.55E+01,-7.96E+04,-1.67E+03,-8.87E+02
1.22560E+01,2.45E+04,2.35E+01,-9.96E+00,2.55E+01,-7.96E+04,-1.62E+03,1.59E+04
1.22580E+01,2.45E+04,2.29E+01,-1.13E+01,2.55E+01,-7.96E+04,-1.61E+03,-6.04E+03
1.22600E+01,2.45E+04,2.23E+01,-1.26E+01,2.56E+01,-7.96E+04,-1.64E+03,-8.15E+03
1.22620E+01,2.45E+04,2.16E+01,-1.39E+01,2.56E+01,-7.96E+04,-1.66E+03,-3.21E+03
1.22640E+01,2.45E+04,2.07E+01,-1.51E+01,2.56E+01,-7.96E+04,-1.64E+03,1.61E+04
1.22660E+01,2.45E+04,1.98E+01,-1.63E+01,2.56E+01,-7.96E+04,-1.61E+03,-1.42E+03
1.22680E+01,2.45E+04,1.89E+01,-1.73E+01,2.57E+01,-7.96E+04,-1.62E+03,-3.27E+03
1.22700E+01,2.45E+04,1.79E+01,-1.85E+01,2.57E+01,-7.96E+04,-1.65E+03,-1.03E+04
1.22720E+01,2.45E+04,1.69E+01,-1.95E+01,2.58E+01,-7.96E+04,-1.64E+03,1.01E+04
1.22740E+01,2.45E+04,1.58E+01,-2.05E+01,2.58E+01,-7.96E+04,-1.63E+03,-3.09E+03
1.22760E+01,2.46E+04,1.46E+01,-2.13E+01,2.58E+01,-7.96E+04,-1.63E+03,-7.02E+03
1.22780E+01,2.46E+04,1.33E+01,-2.21E+01,2.58E+01,-7.96E+04,-1.67E+03,-8.41E+03
1.22800E+01,2.46E+04,1.20E+01,-2.29E+01,2.58E+01,-7.96E+04,-1.66E+03,5.29E+03
1.22820E+01,2.46E+04,1.07E+01,-2.36E+01,2.59E+01,-7.96E+04,-1.65E+03,3.26E+03
1.22840E+01,2.46E+04,9.34E+00,-2.42E+01,2.59E+01,-7.96E+04,-1.65E+03,-1.39E+03
1.22860E+01,2.46E+04,7.95E+00,-2.47E+01,2.59E+01,-7.96E+04,-1.65E+03,4.61E+03
1.22880E+01,2.46E+04,6.50E+00,-2.51E+01,2.59E+01,-7.96E+04,-1.64E+03,-3.55E+01
1.22900E+01,2.46E+04,5.09E+00,-2.55E+01,2.60E+01,-7.96E+04,-1.64E+03,4.50E+03
1.22920E+01,2.46E+04,3.60E+00,-2.58E+01,2.60E+01,-7.96E+04,-1.63E+03,-1.27E+03
1.22940E+01,2.46E+04,2.16E+00,-2.59E+01,2.60E+01,-7.96E+04,-1.63E+03,-1.58E+02
1.22960E+01,2.46E+04,6.55E-01,-2.60E+01,2.60E+01,-7.96E+04,-1.65E+03,-7.98E+03
1.22980E+01,2.46E+04,-8.38E-01,-2.60E+01,2.60E+01,-7.97E+04,-1.65E+03,-1.74E+03
1.23000E+01,2.46E+04,-2.35E+00,-2.60E+01,2.61E+01,-7.97E+04,-1.66E+03,7.59E+03
1.23020E+01,2.46E+04,-3.86E+00,-2.58E+01,2.61E+01,-7.97E+04,-1.63E+03,4.41E+03
1.23040E+01,2.46E+04,-5.29E+00,-2.56E+01,2.61E+01,-7.97E+04,-1.63E+03,3.54E+03
1.23060E+01,2.46E+04,-6.78E+00,-2.53E+01,2.62E+01,-7.97E+04,-1.63E+03,-4.17E+03
1.23080E+01,2.46E+04,-8.17E+00,-2.49E+01,2.62E+01,-7.97E+04,-1.63E+03,-1.44E+03
1.23100E+01,2.46E+04,-9.60E+00,-2.44E+01,2.62E+01,-7.97E+04,-1.65E+03,-2.77E+02
1.23120E+01,2.46E+04,-1.10E+01,-2.38E+01,2.63E+01,-7.97E+04,-1.63E+03,5.55E+03
1.23140E+01,2.46E+04,-1.23E+01,-2.32E+01,2.63E+01,-7.97E+04,-1.62E+03,1.22E+03
1.23160E+01,2.46E+04,-1.36E+01,-2.24E+01,2.63E+01,-7.97E+04,-1.63E+03,2.11E+03
1.23180E+01,2.46E+04,-1.49E+01,-2.17E+01,2.63E+01,-7.97E+04,-1.61E+03,9.78E+03
1.23200E+01,2.46E+04,-1.61E+01,-2.09E+01,2.64E+01,-7.97E+04,-1.59E+03,1.41E+03
1.23220E+01,2.46E+04,-1.73E+01,-1.99E+01,2.64E+01,-7.97E+04,-1.60E+03,1.06E+03
1.23240E+01,2.46E+04,-1.84E+01,-1.89E+01,2.64E+01,-7.97E+04,-1.59E+03,2.78E+03
1.23260E+01,2.47E+04,-1.94E+01,-1.79E+01,2.64E+01,-7.97E+04,-1.58E+03,-5.08E+02
1.23280E+01,2.47E+04,-2.03E+01,-1.68E+01,2.64E+01,-7.97E+04,-1.60E+03,-3.85E+02
1.23300E+01,2.47E+04,-2.12E+01,-1.56E+01,2.63E+01,-7.97E+04,-1.59E+03,-5.95E+03
1.23320E+01,2.47E+04,-2.20E+01,-1.44E+01,2.63E+01,-7.97E+04,-1.61E+03,7.35E+03
1.23340E+01,2.47E+04,-2.29E+01,-1.32E+01,2.64E+01,-7.97E+04,-1.58E+03,6.70E+03
1.23360E+01,2.47E+04,-2.35E+01,-1.19E+01,2.64E+01,-7.97E+04,-1.55E+03,-1.33E+04
1.23380E+01,2.47E+04,-2.41E+01,-1.06E+01,2.63E+01,-7.97E+04,-1.65E+03,-1.31E+04
1.23400E+01,2.47E+04,-2.47E+01,-9.11E+00,2.63E+01,-7.97E+04,-1.63E+03,2.95E+04
1.23420E+01,2.47E+04,-2.51E+01,-7.75E+00,2.62E+01,-7.97E+04,-1.50E+03,5.46E+03
1.23440E+01,2.47E+04,-2.53E+01,-6.43E+00,2.61E+01,-7.97E+04,-1.59E+03,-7.94E+03
1.23460E+01,2.47E+04,-2.57E+01,-4.92E+00,2.62E+01,-7.97E+04,-1.59E+03,-1.20E+04
1.23480E+01,2.47E+04,-2.59E+01,-3.58E+00,2.61E+01,-7.97E+04,-1.57E+03,1.24E+04
1.23500E+01,2.47E+04,-2.60E+01,-2.07E+00,2.61E+01,-7.97E+04,-1.60E+03,-5.26E+03
1.23520E+01,2.47E+04,-2.60E+01,-6.76E-01,2.60E+01,-7.97E+04,-1.55E+03,-2.23E+03
1.23540E+01,2.47E+04,-2.60E+01,7.61E-01,2.60E+01,-7.97E+04,-1.62E+03,-2.21E+04
1.23560E+01,2.47E+04,-2.58E+01,2.26E+00,2.59E+01,-7.97E+04,-1.65E+03,1.32E+04
1.23580E+01,2.47E+04,-2.57E+01,3.74E+00,2.60E+01,-7.97E+04,-1.57E+03,1.43E+04
1.23600E+01,2.47E+04,-2.53E+01,5.04E+00,2.58E+01,-7.98E+04,-1.56E+03,1.07E+04
1.23620E+01,2.47E+04,-2.49E+01,6.45E+00,2.57E+01,-7.98E+04,-1.57E+03,-2.25E+04
1.23640E+01,2.47E+04,-2.45E+01,7.73E+00,2.57E+01,-7.98E+04,-1.61E+03,-6.53E+03
1.23660E+01,2.47E+04,-2.38E+01,9.14E+00,2.55E+01,-7.98E+04,-1.64E+03,-1.59E+03
1.23680E+01,2.47E+04,-2.32E+01,1.04E+01,2.54E+01,-7.98E+04,-1.58E+03,4.68E+03
1.23700E+01,2.47E+04,-2.24E+01,1.16E+01,2.53E+01,-7.98E+04,-1.63E+03,-1.14E+04
1.23720E+01,2.47E+04,-2.17E+01,1.29E+01,2.53E+01,-7.98E+04,-1.64E+03,-1.24E+03
1.23740E+01,2.47E+04,-2.09E+01,1.40E+01,2.52E+01,-7.98E+04,-1.62E+03,-1.56E+03
1.23760E+01,2.48E+04,-2.00E+01,1.51E+01,2.51E+01,-7.98E+04,-1.65E+03,-1.05E+04
1.23780E+01,2.48E+04,-1.90E+01,1.62E+01,2.50E+01,-7.98E+04,-1.67E+03,-1.82E+03
1.23800E+01,2.48E+04,-1.80E+01,1.72E+01,2.49E+01,-7.98E+04,-1.66E+03,-1.11E+03
1.23820E+01,2.48E+04,-1.69E+01,1.82E+01,2.48E+01,-7.98E+04,-1.67E+03,-6.83E+03
1.23840E+01,2.48E+04,-1.57E+01,1.91E+01,2.47E+01,-7.98E+04,-1.69E+03,-7.65E+03
1.23860E+01,2.48E+04,-1.46E+01,1.99E+01,2.47E+01,-7.98E+04,-1.70E+03,-1.47E+03
1.23880E+01,2.48E+04,-1.33E+01,2.06E+01,2.46E+01,-7.98E+04,-1.69E+03,4.57E+02
1.23900E+01,2.48E+04,-1.20E+01,2.13E+01,2.45E+01,-7.98E+04,-1.69E+03,2.22E+03
1.23920E+01,2.48E+04,-1.07E+01,2.20E+01,2.44E+01,-7.98E+04,-1.69E+03,-8.16E+03
1.23940E+01,2.48E+04,-9.39E+00,2.25E+01,2.44E+01,-7.98E+04,-1.72E+03,1.00E+03
1.23960E+01,2.48E+04,-7.98E+00,2.30E+01,2.43E+01,-7.98E+04,-1.70E+03,1.31E+04
1.23980E+01,2.48E+04,-6.62E+00,2.33E+01,2.43E+01,-7.98E+04,-1.65E+03,-3.24E+03
1.24000E+01,2.48E+04,-5.26E+00,2.37E+01,2.42E+01,-7.98E+04,-1.71E+03,-1.00E+04
1.24020E+01,2.48E+04,-3.77E+00,2.39E+01,2.42E+01,-7.98E+04,-1.72E+03,-2.91E+03
1.24040E+01,2.48E+04,-2.39E+00,2.41E+01,2.42E+01,-7.98E+04,-1.69E+03,3.13E+03
1.24060E+01,2.48E+04,-9.41E-01,2.41E+01,2.42E+01,-7.98E+04,-1.72E+03,-9.75E+03
1.24080E+01,2.48E+04,5.13E-01,2.42E+01,2.42E+01,-7.98E+04,-1.72E+03,4.00E+03
1.24100E+01,2.48E+04,1.96E+00,2.41E+01,2.41E+01,-7.98E+04,-1.71E+03,1.27E+04
1.24120E+01,2.48E+04,3.38E+00,2.39E+01,2.41E+01,-7.98E+04,-1.67E+03,3.55E+03
1.24140E+01,2.48E+04,4.75E+00,2.37E+01,2.42E+01,-7.98E+04,-1.68E+03,-8.34E+03
1.24160E+01,2.48E+04,6.16E+00,2.33E+01,2.41E+01,-7.98E+04,-1.72E+03,-4.02E+03
1.24180E+01,2.48E+04,7.56E+00,2.30E+01,2.42E+01,-7.98E+04,-1.70E+03,1.57E+04
1.24200E+01,2.48E+04,8.89E+00,2.25E+01,2.42E+01,-7.99E+04,-1.65E+03,1.60E+03
1.24220E+01,2.48E+04,1.02E+01,2.20E+01,2.42E+01,-7.99E+04,-1.68E+03,3.25E+03
1.24240E+01,2.48E+04,1.15E+01,2.13E+01,2.42E+01,-7.99E+04,-1.67E+03,7.65E+03
1.24260E+01,2.49E+04,1.27E+01,2.07E+01,2.43E+01,-7.99E+04,-1.62E+03,1.03E+04
1.24280E+01,2.49E+04,1.39E+01,2.00E+01,2.44E+01,-7.99E+04,-1.64E+03,-6.95E+03
1.24300E+01,2.49E+04,1.51E+01,1.92E+01,2.44E+01,-7.99E+04,-1.65E+03,-7.97E+00
1.24320E+01,2.49E+04,1.62E+01,1.84E+01,2.45E+01,-7.99E+04,-1.64E+03,5.16E+03
1.24340E+01,2.49E+04,1.73E+01,1.75E+01,2.46E+01,-7.99E+04,-1.62E+03,7.81E+03
1.24360E+01,2.49E+04,1.83E+01,1.65E+01,2.46E+01,-7.99E+04,-1.61E+03,4.91E+03
1.24380E+01,2.49E+04,1.92E+01,1.55E+01,2.46E+01,-7.99E+04,-1.61E+03,-4.49E+02
1.24400E+01,2.49E+04,2.00E+01,1.44E+01,2.47E+01,-7.99E+04,-1.61E+03,6.59E+02
1.24420E+01,2.49E+04,2.09E+01,1.33E+01,2.47E+01,-7.99E+04,-1.61E+03,1.95E+04
1.24440E+01,2.49E+04,2.16E+01,1.21E+01,2.48E+01,-7.99E+04,-1.54E+03,8.45E+03
1.24460E+01,2.49E+04,2.23E+01,1.10E+01,2.49E+01,-7.99E+04,-1.55E+03,-2.59E+04
1.24480E+01,2.49E+04,2.29E+01,9.75E+00,2.49E+01,-7.99E+04,-1.66E+03,-7.53E+03
1.24500E+01,2.49E+04,2.36E+01,8.42E+00,2.50E+01,-7.99E+04,-1.60E+03,3.49E+04
1.24520E+01,2.49E+04,2.40E+01,7.19E+00,2.51E+01,-7.99E+04,-1.49E+03,-1.99E+03
1.24540E+01,2.49E+04,2.44E+01,5.94E+00,2.51E+01,-7.99E+04,-1.60E+03,-1.71E+04
1.24560E+01,2.49E+04,2.48E+01,4.49E+00,2.52E+01,-7.99E+04,-1.61E+03,1.03E+04
1.24580E+01,2.49E+04,2.50E+01,3.20E+00,2.52E+01,-7.99E+04,-1.51E+03,2.09E+04
1.24600E+01,2.49E+04,2.51E+01,1.86E+00,2.52E+01,-7.99E+04,-1.54E+03,-2.15E+03
1.24620E+01,2.49E+04,2.53E+01,4.91E-01,2.53E+01,-7.99E+04,-1.52E+03,-7.78E+03
1.24640E+01,2.49E+04,2.53E+01,-8.26E-01,2.53E+01,-7.99E+04,-1.55E+03,-4.93E+03
1.24660E+01,2.49E+04,2.52E+01,-2.25E+00,2.53E+01,-7.99E+04,-1.57E+03,-1.70E+03
1.24680E+01,2.49E+04,2.51E+01,-3.60E+00,2.54E+01,-7.99E+04,-1.54E+03,-2.70E+03
1.24700E+01,2.49E+04,2.49E+01,-4.95E+00,2.54E+01,-7.99E+04,-1.59E+03,-4.88E+02
1.24720E+01,2.49E+04,2.47E+01,-6.39E+00,2.55E+01,-7.99E+04,-1.56E+03,1.21E+03
1.24740E+01,2.49E+04,2.43E+01,-7.65E+00,2.55E+01,-7.99E+04,-1.55E+03,1.18E+04
1.24760E+01,2.50E+04,2.38E+01,-9.01E+00,2.55E+01,-7.99E+04,-1.55E+03,-1.30E+04
1.24780E+01,2.50E+04,2.33E+01,-1.02E+01,2.55E+01,-7.99E+04,-1.56E+03,5.36E+03
1.24800E+01,2.50E+04,2.28E+01,-1.16E+01,2.56E+01,-7.99E+04,-1.57E+03,1.40E+03
1.24820E+01,2.50E+04,2.21E+01,-1.28E+01,2.55E+01,-7.99E+04,-1.52E+03,-3.81E+03
1.24840E+01,2.50E+04,2.14E+01,-1.39E+01,2.56E+01,-8.00E+04,-1.60E+03,-1.67E+04
1.24860E+01,2.50E+04,2.06E+01,-1.51E+01,2.56E+01,-8.00E+04,-1.60E+03,1.22E+04
1.24880E+01,2.50E+04,1.98E+01,-1.63E+01,2.56E+01,-8.00E+04,-1.53E+03,1.47E+04
1.24900E+01,2.50E+04,1.89E+01,-1.73E+01,2.56E+01,-8.00E+04,-1.53E+03,3.56E+03
1.24920E+01,2.50E+04,1.79E+01,-1.83E+01,2.56E+01,-8.00E+04,-1.54E+03,-6.51E+03
1.24940E+01,2.50E+04,1.69E+01,-1.92E+01,2.56E+01,-8.00E+04,-1.54E+03,1.55E+02
1.24960E+01,2.50E+04,1.59E+01,-2.01E+01,2.56E+01,-8.00E+04,-1.55E+03,-1.40E+03
1.24980E+01,2.50E+04,1.48E+01,-2.10E+01,2.56E+01,-8.00E+04,-1.54E+03,-9.52E+02
1.25000E+01,2.50E+04,1.37E+01,-2.18E+01,2.57E+01,-8.00E+04,-1.56E+03,-1.07E+04
1.25020E+01,2.50E+04,1.25E+01,-2.25E+01,2.58E+01,-8.00E+04,-1.58E+03,-5.75E+03
1.25040E+01,2.50E+04,1.12E+01,-2.32E+01,2.58E+01,-8.00E+04,-1.58E+03,1.77E+03
1.25060E+01,2.50E+04,9.91E+00,-2.38E+01,2.58E+01,-8.00E+04,-1.57E+03,2.91E+03
1.25080E+01,2.50E+04,8.61E+00,-2.44E+01,2.58E+01,-8.00E+04,-1.57E+03,1.46E+03
1.25100E+01,2.50E+04,7.28E+00,-2.48E+01,2.59E+01,-8.00E+04,-1.57E+03,4.70E+02
1.25120E+01,2.50E+04,5.91E+00,-2.52E+01,2.59E+01,-8.00E+04,-1.57E+03,5.53E+03
1.25140E+01,2.50E+04,4.53E+00,-2.56E+01,2.60E+01,-8.00E+04,-1.55E+03,-3.15E+03
1.25160E+01,2.50E+04,3.16E+00,-2.58E+01,2.59E+01,-8.00E+04,-1.57E+03,-3.67E+03
1.25180E+01,2.50E+04,1.71E+00,-2.59E+01,2.59E+01,-8.00E+04,-1.58E+03,-2.33E+03
1.25200E+01,2.50E+04,3.01E-01,-2.60E+01,2.60E+01,-8.00E+04,-1.56E+03,7.22E+02
1.25220E+01,2.50E+04,-1.12E+00,-2.60E+01,2.60E+01,-8.00E+04,-1.58E+03,7.80E+02
1.25240E+01,2.50E+04,-2.57E+00,-2.59E+01,2.60E+01,-8.00E+04,-1.57E+03,1.43E+04
1.25260E+01,2.51E+04,-3.96E+00,-2.57E+01,2.61E+01,-8.00E+04,-1.52E+03,-1.78E+02
1.25280E+01,2.51E+04,-5.32E+00,-2.56E+01,2.61E+01,-8.00E+04,-1.56E+03,-8.35E+03
1.25300E+01,2.51E+04,-6.75E+00,-2.52E+01,2.61E+01,-8.00E+04,-1.58E+03,1.64E+03
1.25320E+01,2.51E+04,-8.10E+00,-2.48E+01,2.61E+01,-8.00E+04,-1.53E+03,3.24E+03
1.25340E+01,2.51E+04,-9.43E+00,-2.44E+01,2.62E+01,-8.00E+04,-1.56E+03,-6.31E+03
1.25360E+01,2.51E+04,-1.08E+01,-2.39E+01,2.62E+01,-8.00E+04,-1.57E+03,4.09E+03
1.25380E+01,2.51E+04,-1.21E+01,-2.33E+01,2.62E+01,-8.00E+04,-1.54E+03,1.09E+04
1.25400E+01,2.51E+04,-1.33E+01,-2.26E+01,2.62E+01,-8.00E+04,-1.53E+03,-5.52E+03
1.25420E+01,2.51E+04,-1.45E+01,-2.19E+01,2.63E+01,-8.00E+04,-1.56E+03,-8.82E+03
1.25440E+01,2.51E+04,-1.57E+01,-2.11E+01,2.63E+01,-8.00E+04,-1.57E+03,-3.22E+03
1.25460E+01,2.51E+04,-1.68E+01,-2.02E+01,2.63E+01,-8.00E+04,-1.57E+03,3.67E+03
1.25480E+01,2.51E+04,-1.79E+01,-1.93E+01,2.63E+01,-8.01E+04,-1.56E+03,2.22E+03
1.25500E+01,2.51E+04,-1.90E+01,-1.83E+01,2.63E+01,-8.01E+04,-1.55E+03,3.31E+03
1.25520E+01,2.51E+04,-1.99E+01,-1.72E+01,2.63E+01,-8.01E+04,-1.55E+03,6.61E+03
1.25540E+01,2.51E+04,-2.08E+01,-1.61E+01,2.63E+01,-8.01E+04,-1.53E+03,2.14E+04
1.25560E+01,2.51E+04,-2.16E+01,-1.50E+01,2.63E+01,-8.01E+04,-1.47E+03,9.43E+03
1.25580E+01,2.51E+04,-2.24E+01,-1.39E+01,2.63E+01,-8.01E+04,-1.47E+03,-3.95E+03
1.25600E+01,2.51E+04,-2.31E+01,-1.27E+01,2.63E+01,-8.01E+04,-1.51E+03,-1.10E+04
1.25620E+01,2.51E+04,-2.37E+01,-1.15E+01,2.63E+01,-8.01E+04,-1.50E+03,-7.34E+03
1.25640E+01,2.51E+04,-2.43E+01,-1.02E+01,2.64E+01,-8.01E+04,-1.54E+03,5.46E+03
1.25660E+01,2.51E+04,-2.48E+01,-8.87E+00,2.63E+01,-8.01E+04,-1.49E+03,1.96E+04
1.25680E+01,2.51E+04,-2.51E+01,-7.61E+00,2.63E+01,-8.01E+04,-1.44E+03,-9.39E+03
1.25700E+01,2.51E+04,-2.54E+01,-6.31E+00,2.62E+01,-8.01E+04,-1.53E+03,-8.25E+03
1.25720E+01,2.51E+04,-2.58E+01,-4.88E+00,2.62E+01,-8.01E+04,-1.51E+03,1.36E+03
1.25740E+01,2.51E+04,-2.59E+01,-3.61E+00,2.61E+01,-8.01E+04,-1.47E+03,8.08E+03
1.25760E+01,2.52E+04,-2.61E+01,-2.21E+00,2.62E+01,-8.01E+04,-1.52E+03,-5.03E+03
1.25780E+01,2.52E+04,-2.61E+01,-8.48E-01,2.61E+01,-8.01E+04,-1.47E+03,-6.82E+03
1.25800E+01,2.52E+04,-2.60E+01,4.80E-01,2.60E+01,-8.01E+04,-1.53E+03,-6.53E+03
1.25820E+01,2.52E+04,-2.59E+01,1.94E+00,2.60E+01,-8.01E+04,-1.53E+03,1.51E+04
1.25840E+01,2.52E+04,-2.57E+01,3.25E+00,2.59E+01,-8.01E+04,-1.44E+03,7.92E+03
1.25860E+01,2.52E+04,-2.54E+01,4.50E+00,2.58E+01,-8.01E+04,-1.50E+03,-2.54E+04
1.25880E+01,2.52E+04,-2.51E+01,5.88E+00,2.58E+01,-8.01E+04,-1.57E+03,-3.22E+03
1.25900E+01,2.52E+04,-2.47E+01,7.23E+00,2.57E+01,-8.01E+04,-1.51E+03,1.00E+04
1.25920E+01,2.52E+04,-2.41E+01,8.42E+00,2.56E+01,-8.01E+04,-1.50E+03,-3.38E+02
1.25940E+01,2.52E+04,-2.37E+01,9.73E+00,2.56E+01,-8.01E+04,-1.54E+03,-7.55E+03
1.25960E+01,2.52E+04,-2.30E+01,1.09E+01,2.55E+01,-8.01E+04,-1.52E+03,-8.57E+02
1.25980E+01,2.52E+04,-2.23E+01,1.21E+01,2.53E+01,-8.01E+04,-1.54E+03,-1.31E+04
1.26000E+01,2.52E+04,-2.15E+01,1.32E+01,2.52E+01,-8.01E+04,-1.58E+03,4.92E+02
1.26020E+01,2.52E+04,-2.07E+01,1.43E+01,2.52E+01,-8.01E+04,-1.55E+03,8.76E+03
1.26040E+01,2.52E+04,-1.98E+01,1.54E+01,2.51E+01,-8.01E+04,-1.52E+03,-4.30E+00
1.26060E+01,2.52E+04,-1.89E+01,1.63E+01,2.50E+01,-8.01E+04,-1.56E+03,-1.18E+04
1.26080E+01,2.52E+04,-1.79E+01,1.73E+01,2.49E+01,-8.01E+04,-1.57E+03,-5.41E+03
1.26100E+01,2.52E+04,-1.69E+01,1.82E+01,2.48E+01,-8.01E+04,-1.58E+03,-1.75E+03
1.26120E+01,2.52E+04,-1.58E+01,1.91E+01,2.48E+01,-8.02E+04,-1.58E+03,-3.55E+03
1.26140E+01,2.52E+04,-1.47E+01,1.98E+01,2.47E+01,-8.02E+04,-1.59E+03,-1.06E+04
1.26160E+01,2.52E+04,-1.35E+01,2.06E+01,2.46E+01,-8.02E+04,-1.62E+03,-8.47E+03
1.26180E+01,2.52E+04,-1.23E+01,2.12E+01,2.45E+01,-8.02E+04,-1.63E+03,5.18E+03
1.26200E+01,2.52E+04,-1.11E+01,2.18E+01,2.45E+01,-8.02E+04,-1.60E+03,7.95E+02
1.26220E+01,2.52E+04,-9.82E+00,2.24E+01,2.44E+01,-8.02E+04,-1.62E+03,-2.52E+03
1.26240E+01,2.52E+04,-8.50E+00,2.29E+01,2.44E+01,-8.02E+04,-1.63E+03,1.57E+03
1.26260E+01,2.53E+04,-7.20E+00,2.33E+01,2.43E+01,-8.02E+04,-1.60E+03,4.66E+03
1.26280E+01,2.53E+04,-5.87E+00,2.35E+01,2.43E+01,-8.02E+04,-1.61E+03,-1.09E+04
1.26300E+01,2.53E+04,-4.53E+00,2.38E+01,2.43E+01,-8.02E+04,-1.64E+03,-3.66E+03
1.26320E+01,2.53E+04,-3.14E+00,2.40E+01,2.42E+01,-8.02E+04,-1.63E+03,1.13E+04
1.26340E+01,2.53E+04,-1.79E+00,2.41E+01,2.42E+01,-8.02E+04,-1.59E+03,3.03E+03
1.26360E+01,2.53E+04,-4.64E-01,2.42E+01,2.42E+01,-8.02E+04,-1.61E+03,-4.18E+03
1.26380E+01,2.53E+04,9.34E-01,2.42E+01,2.42E+01,-8.02E+04,-1.62E+03,-4.93E+03
1.26400E+01,2.53E+04,2.27E+00,2.40E+01,2.42E+01,-8.02E+04,-1.61E+03,9.19E+03
1.26420E+01,2.53E+04,3.64E+00,2.39E+01,2.42E+01,-8.02E+04,-1.60E+03,2.46E+03
1.26440E+01,2.53E+04,4.95E+00,2.37E+01,2.42E+01,-8.02E+04,-1.59E+03,4.69E+02
1.26460E+01,2.53E+04,6.28E+00,2.34E+01,2.42E+01,-8.02E+04,-1.61E+03,5.81E+02
1.26480E+01,2.53E+04,7.59E+00,2.30E+01,2.42E+01,-8.02E+04,-1.59E+03,1.17E+04
1.26500E+01,2.53E+04,8.84E+00,2.26E+01,2.42E+01,-8.02E+04,-1.56E+03,1.03E+03
1.26520E+01,2.53E+04,1.00E+01,2.21E+01,2.43E+01,-8.02E+04,-1.58E+03,-6.24E+03
1.26540E+01,2.53E+04,1.13E+01,2.15E+01,2.43E+01,-8.02E+04,-1.59E+03,-4.71E+03
1.26560E+01,2.53E+04,1.25E+01,2.09E+01,2.43E+01,-8.02E+04,-1.59E+03,6.62E+03
1.26580E+01,2.53E+04,1.37E+01,2.02E+01,2.44E+01,-8.02E+04,-1.58E+03,1.59E+04
1.26600E+01,2.53E+04,1.48E+01,1.95E+01,2.45E+01,-8.02E+04,-1.52E+03,1.32E+04
1.26620E+01,2.53E+04,1.58E+01,1.87E+01,2.45E+01,-8.02E+04,-1.51E+03,3.66E+02
1.26640E+01,2.53E+04,1.68E+01,1.79E+01,2.45E+01,-8.02E+04,-1.53E+03,-7.54E+03
1.26660E+01,2.53E+04,1.78E+01,1.70E+01,2.46E+01,-8.02E+04,-1.54E+03,-1.48E+03
1.26680E+01,2.53E+04,1.87E+01,1.61E+01,2.47E+01,-8.02E+04,-1.54E+03,-3.69E+02
1.26700E+01,2.53E+04,1.96E+01,1.51E+01,2.48E+01,-8.02E+04,-1.54E+03,2.16E+04
1.26720E+01,2.53E+04,2.05E+01,1.41E+01,2.48E+01,-8.02E+04,-1.47E+03,1.62E+04
1.26740E+01,2.53E+04,2.12E+01,1.31E+01,2.49E+01,-8.02E+04,-1.45E+03,-4.31E+03
1.26760E+01,2.54E+04,2.19E+01,1.20E+01,2.49E+01,-8.03E+04,-1.50E+03,-1.58E+04
1.26780E+01,2.54E+04,2.25E+01,1.08E+01,2.50E+01,-8.03E+04,-1.51E+03,-1.30E+04
1.26800E+01,2.54E+04,2.32E+01,9.69E+00,2.51E+01,-8.03E+04,-1.55E+03,7.29E+03
1.26820E+01,2.54E+04,2.37E+01,8.39E+00,2.51E+01,-8.03E+04,-1.51E+03,1.38E+04
1.26840E+01,2.54E+04,2.41E+01,7.21E+00,2.52E+01,-8.03E+04,-1.45E+03,4.12E+03
1.26860E+01,2.54E+04,2.45E+01,5.95E+00,2.52E+01,-8.03E+04,-1.51E+03,-1.09E+04
1.26880E+01,2.54E+04,2.49E+01,4.66E+00,2.53E+01,-8.03E+04,-1.50E+03,1.68E+04
1.26900E+01,2.54E+04,2.51E+01,3.38E+00,2.53E+01,-8.03E+04,-1.44E+03,2.32E+04
1.26920E+01,2.54E+04,2.52E+01,2.15E+00,2.53E+01,-8.03E+04,-1.40E+03,-2.64E+04
1.26940E+01,2.54E+04,2.53E+01,9.10E-01,2.53E+01,-8.03E+04,-1.53E+03,-4.34E+03
1.26960E+01,2.54E+04,2.54E+01,-5.58E-01,2.54E+01,-8.03E+04,-1.48E+03,1.80E+04
1.26980E+01,2.54E+04,2.54E+01,-1.71E+00,2.55E+01,-8.03E+04,-1.38E+03,5.82E+03
1.27000E+01,2.54E+04,2.52E+01,-3.00E+00,2.54E+01,-8.03E+04,-1.50E+03,-3.39E+04
1.27020E+01,2.54E+04,2.51E+01,-4.37E+00,2.55E+01,-8.03E+04,-1.52E+03,-5.29E+02
1.27040E+01,2.54E+04,2.49E+01,-5.67E+00,2.55E+01,-8.03E+04,-1.49E+03,2.32E+04
1.27060E+01,2.54E+04,2.45E+01,-6.95E+00,2.55E+01,-8.03E+04,-1.43E+03,1.66E+03
1.27080E+01,2.54E+04,2.42E+01,-8.12E+00,2.55E+01,-8.03E+04,-1.46E+03,-6.01E+03
1.27100E+01,2.54E+04,2.38E+01,-9.45E+00,2.56E+01,-8.03E+04,-1.49E+03,-1.34E+04
1.27120E+01,2.54E+04,2.33E+01,-1.06E+01,2.56E+01,-8.03E+04,-1.48E+03,1.09E+04
1.27140E+01,2.54E+04,2.27E+01,-1.19E+01,2.56E+01,-8.03E+04,-1.47E+03,3.66E+03
1.27160E+01,2.54E+04,2.21E+01,-1.30E+01,2.56E+01,-8.03E+04,-1.45E+03,-6.87E+03
1.27180E+01,2.54E+04,2.14E+01,-1.41E+01,2.56E+01,-8.03E+04,-1.51E+03,-5.34E+03
1.27200E+01,2.54E+04,2.06E+01,-1.52E+01,2.56E+01,-8.03E+04,-1.48E+03,7.13E+03
1.27220E+01,2.54E+04,1.98E+01,-1.62E+01,2.56E+01,-8.03E+04,-1.45E+03,6.67E+03
1.27240E+01,2.54E+04,1.90E+01,-1.72E+01,2.56E+01,-8.03E+04,-1.48E+03,-1.01E+03
1.27260E+01,2.55E+04,1.81E+01,-1.82E+01,2.56E+01,-8.03E+04,-1.45E+03,-1.23E+03
1.27280E+01,2.55E+04,1.71E+01,-1.91E+01,2.56E+01,-8.03E+04,-1.47E+03,-7.62E+03
1.27300E+01,2.55E+04,1.61E+01,-2.00E+01,2.56E+01,-8.03E+04,-1.50E+03,-7.73E+03
1.27320E+01,2.55E+04,1.51E+01,-2.08E+01,2.57E+01,-8.03E+04,-1.49E+03,-6.65E+02
1.27340E+01,2.55E+04,1.40E+01,-2.16E+01,2.57E+01,-8.03E+04,-1.50E+03,1.88E+03
1.27360E+01,2.55E+04,1.28E+01,-2.23E+01,2.58E+01,-8.03E+04,-1.49E+03,7.16E+03
1.27380E+01,2.55E+04,1.17E+01,-2.30E+01,2.58E+01,-8.03E+04,-1.47E+03,-1.19E+02
1.27400E+01,2.55E+04,1.05E+01,-2.36E+01,2.59E+01,-8.03E+04,-1.49E+03,-5.93E+03
1.27420E+01,2.55E+04,9.27E+00,-2.41E+01,2.59E+01,-8.03E+04,-1.50E+03,1.40E+03
1.27440E+01,2.55E+04,8.02E+00,-2.46E+01,2.59E+01,-8.04E+04,-1.48E+03,1.04E+03
1.27460E+01,2.55E+04,6.75E+00,-2.50E+01,2.59E+01,-8.04E+04,-1.49E+03,1.59E+03
1.27480E+01,2.55E+04,5.42E+00,-2.53E+01,2.59E+01,-8.04E+04,-1.49E+03,5.96E+03
1.27500E+01,2.55E+04,4.14E+00,-2.57E+01,2.60E+01,-8.04E+04,-1.45E+03,3.86E+03
1.27520E+01,2.55E+04,2.83E+00,-2.58E+01,2.60E+01,-8.04E+04,-1.47E+03,-4.07E+03
1.27540E+01,2.55E+04,1.49E+00,-2.59E+01,2.60E+01,-8.04E+04,-1.48E+03,-5.49E+03
1.27560E+01,2.55E+04,1.58E-01,-2.60E+01,2.60E+01,-8.04E+04,-1.48E+03,-3.23E+03
1.27580E+01,2.55E+04,-1.21E+00,-2.60E+01,2.60E+01,-8.04E+04,-1.50E+03,-1.82E+03
1.27600E+01,2.55E+04,-2.56E+00,-2.59E+01,2.60E+01,-8.04E+04,-1.49E+03,9.79E+03
1.27620E+01,2.55E+04,-3.90E+00,-2.58E+01,2.61E+01,-8.04E+04,-1.46E+03,7.56E+03
1.27640E+01,2.55E+04,-5.20E+00,-2.56E+01,2.61E+01,-8.04E+04,-1.45E+03,-1.36E+03
1.27660E+01,2.55E+04,-6.51E+00,-2.53E+01,2.61E+01,-8.04E+04,-1.47E+03,-5.50E+03
1.27680E+01,2.55E+04,-7.81E+00,-2.50E+01,2.62E+01,-8.04E+04,-1.48E+03,-3.47E+02
1.27700E+01,2.55E+04,-9.10E+00,-2.46E+01,2.62E+01,-8.04E+04,-1.47E+03,3.14E+03
1.27720E+01,2.55E+04,-1.03E+01,-2.41E+01,2.62E+01,-8.04E+04,-1.46E+03,-3.25E+03
1.27740E+01,2.55E+04,-1.16E+01,-2.35E+01,2.62E+01,-8.04E+04,-1.48E+03,-6.65E+03
1.27760E+01,2.56E+04,-1.28E+01,-2.29E+01,2.62E+01,-8.04E+04,-1.50E+03,5.85E+03
1.27780E+01,2.56E+04,-1.40E+01,-2.22E+01,2.62E+01,-8.04E+04,-1.46E+03,1.47E+04
1.27800E+01,2.56E+04,-1.51E+01,-2.15E+01,2.62E+01,-8.04E+04,-1.43E+03,3.00E+03
1.27820E+01,2.56E+04,-1.61E+01,-2.08E+01,2.63E+01,-8.04E+04,-1.45E+03,-7.73E+03
1.27840E+01,2.56E+04,-1.72E+01,-1.99E+01,2.63E+01,-8.04E+04,-1.46E+03,-4.94E+03
1.27860E+01,2.56E+04,-1.82E+01,-1.90E+01,2.63E+01,-8.04E+04,-1.47E+03,-5.01E+03
1.27880E+01,2.56E+04,-1.91E+01,-1.81E+01,2.63E+01,-8.04E+04,-1.48E+03,2.54E+03
1.27900E+01,2.56E+04,-2.01E+01,-1.70E+01,2.63E+01,-8.04E+04,-1.46E+03,7.76E+03
1.27920E+01,2.56E+04,-2.09E+01,-1.60E+01,2.63E+01,-8.04E+04,-1.44E+03,1.86E+04
1.27940E+01,2.56E+04,-2.17E+01,-1.49E+01,2.63E+01,-8.04E+04,-1.40E+03,4.44E+03
1.27960E+01,2.56E+04,-2.24E+01,-1.39E+01,2.63E+01,-8.04E+04,-1.40E+03,-4.91E+03
1.27980E+01,2.56E+04,-2.30E+01,-1.27E+01,2.63E+01,-8.04E+04,-1.44E+03,-3.51E+03
1.28000E+01,2.56E+04,-2.36E+01,-1.16E+01,2.63E+01,-8.04E+04,-1.41E+03,-7.55E+03
1.28020E+01,2.56E+04,-2.41E+01,-1.04E+01,2.63E+01,-8.04E+04,-1.46E+03,-7.17E+03
1.28040E+01,2.56E+04,-2.47E+01,-9.12E+00,2.63E+01,-8.04E+04,-1.47E+03,1.56E+04
1.28060E+01,2.56E+04,-2.51E+01,-7.88E+00,2.63E+01,-8.04E+04,-1.37E+03,3.74E+04
1.28080E+01,2.56E+04,-2.53E+01,-6.68E+00,2.62E+01,-8.04E+04,-1.32E+03,-2.93E+04
1.28100E+01,2.56E+04,-2.56E+01,-5.51E+00,2.61E+01,-8.04E+04,-1.47E+03,-2.44E+04
1.28120E+01,2.56E+04,-2.59E+01,-4.05E+00,2.62E+01,-8.05E+04,-1.49E+03,1.35E+04
1.28140E+01,2.56E+04,-2.60E+01,-2.83E+00,2.61E+01,-8.05E+04,-1.35E+03,1.67E+04
1.28160E+01,2.56E+04,-2.60E+01,-1.59E+00,2.60E+01,-8.05E+04,-1.43E+03,-2.25E+04
1.28180E+01,2.56E+04,-2.61E+01,-2.23E-01,2.61E+01,-8.05E+04,-1.46E+03,-6.87E+03
1.28200E+01,2.56E+04,-2.60E+01,1.07E+00,2.60E+01,-8.05E+04,-1.44E+03,2.55E+04
1.28220E+01,2.56E+04,-2.58E+01,2.37E+00,2.59E+01,-8.05E+04,-1.38E+03,5.26E+03
1.28240E+01,2.56E+04,-2.56E+01,3.54E+00,2.58E+01,-8.05E+04,-1.39E+03,-1.95E+04
1.28260E+01,2.57E+04,-2.53E+01,4.83E+00,2.58E+01,-8.05E+04,-1.48E+03,-9.32E+03
1.28280E+01,2.57E+04,-2.49E+01,6.14E+00,2.57E+01,-8.05E+04,-1.43E+03,4.38E+03
1.28300E+01,2.57E+04,-2.45E+01,7.28E+00,2.56E+01,-8.05E+04,-1.43E+03,2.71E+03
1.28320E+01,2.57E+04,-2.40E+01,8.52E+00,2.55E+01,-8.05E+04,-1.46E+03,-1.17E+04
1.28340E+01,2.57E+04,-2.34E+01,9.64E+00,2.53E+01,-8.05E+04,-1.45E+03,4.76E+03
1.28360E+01,2.57E+04,-2.29E+01,1.09E+01,2.54E+01,-8.05E+04,-1.46E+03,-7.60E+03
1.28380E+01,2.57E+04,-2.23E+01,1.19E+01,2.53E+01,-8.05E+04,-1.46E+03,-7.40E+03
1.28400E+01,2.57E+04,-2.15E+01,1.30E+01,2.52E+01,-8.05E+04,-1.50E+03,6.47E+02
1.28420E+01,2.57E+04,-2.08E+01,1.41E+01,2.51E+01,-8.05E+04,-1.47E+03,1.95E+03
1.28440E+01,2.57E+04,-2.00E+01,1.51E+01,2.50E+01,-8.05E+04,-1.47E+03,-6.02E+03
1.28460E+01,2.57E+04,-1.91E+01,1.61E+01,2.49E+01,-8.05E+04,-1.51E+03,-1.44E+04
1.28480E+01,2.57E+04,-1.82E+01,1.70E+01,2.49E+01,-8.05E+04,-1.52E+03,5.31E+03
1.28500E+01,2.57E+04,-1.72E+01,1.79E+01,2.48E+01,-8.05E+04,-1.50E+03,9.34E+03
1.28520E+01,2.57E+04,-1.62E+01,1.87E+01,2.47E+01,-8.05E+04,-1.47E+03,3.55E+03
1.28540E+01,2.57E+04,-1.51E+01,1.94E+01,2.46E+01,-8.05E+04,-1.49E+03,-7.61E+03
1.28560E+01,2.57E+04,-1.41E+01,2.01E+01,2.46E+01,-8.05E+04,-1.50E+03,-2.69E+03
1.28580E+01,2.57E+04,-1.30E+01,2.08E+01,2.45E+01,-8.05E+04,-1.50E+03,-4.37E+03
1.28600E+01,2.57E+04,-1.19E+01,2.14E+01,2.45E+01,-8.05E+04,-1.52E+03,-3.37E+03
1.28620E+01,2.57E+04,-1.07E+01,2.20E+01,2.44E+01,-8.05E+04,-1.52E+03,-9.04E+03
1.28640E+01,2.57E+04,-9.49E+00,2.25E+01,2.44E+01,-8.05E+04,-1.54E+03,2.11E+03
1.28660E+01,2.57E+04,-8.22E+00,2.29E+01,2.43E+01,-8.05E+04,-1.53E+03,5.37E+03
1.28680E+01,2.57E+04,-7.01E+00,2.33E+01,2.43E+01,-8.05E+04,-1.50E+03,7.49E+03
1.28700E+01,2.57E+04,-5.76E+00,2.35E+01,2.42E+01,-8.05E+04,-1.51E+03,-1.05E+04
1.28720E+01,2.57E+04,-4.51E+00,2.38E+01,2.42E+01,-8.05E+04,-1.54E+03,-2.08E+03
1.28740E+01,2.57E+04,-3.20E+00,2.40E+01,2.42E+01,-8.05E+04,-1.53E+03,5.19E+03
1.28760E+01,2.58E+04,-1.94E+00,2.41E+01,2.42E+01,-8.05E+04,-1.50E+03,2.04E+03
1.28780E+01,2.58E+04,-6.74E-01,2.42E+01,2.42E+01,-8.05E+04,-1.52E+03,-2.50E+03
1.28800E+01,2.58E+04,6.29E-01,2.42E+01,2.42E+01,-8.06E+04,-1.52E+03,6.60E+02
1.28820E+01,2.58E+04,1.89E+00,2.41E+01,2.42E+01,-8.06E+04,-1.51E+03,8.07E+02
1.28840E+01,2.58E+04,3.17E+00,2.40E+01,2.42E+01,-8.06E+04,-1.52E+03,-2.33E+03
1.28860E+01,2.58E+04,4.44E+00,2.38E+01,2.42E+01,-8.06E+04,-1.52E+03,6.36E+03
1.28880E+01,2.58E+04,5.69E+00,2.35E+01,2.42E+01,-8.06E+04,-1.50E+03,8.17E+03
1.28900E+01,2.58E+04,6.90E+00,2.32E+01,2.42E+01,-8.06E+04,-1.48E+03,-1.53E+02
1.28920E+01,2.58E+04,8.10E+00,2.28E+01,2.42E+01,-8.06E+04,-1.50E+03,-3.12E+03
1.28940E+01,2.58E+04,9.30E+00,2.24E+01,2.42E+01,-8.06E+04,-1.50E+03,-2.90E+03
1.28960E+01,2.58E+04,1.05E+01,2.19E+01,2.43E+01,-8.06E+04,-1.50E+03,9.82E+03
1.28980E+01,2.58E+04,1.16E+01,2.13E+01,2.43E+01,-8.06E+04,-1.47E+03,7.42E+03
1.29000E+01,2.58E+04,1.27E+01,2.08E+01,2.44E+01,-8.06E+04,-1.46E+03,5.93E+03
1.29020E+01,2.58E+04,1.38E+01,2.02E+01,2.44E+01,-8.06E+04,-1.46E+03,4.36E+03
1.29040E+01,2.58E+04,1.49E+01,1.95E+01,2.45E+01,-8.06E+04,-1.43E+03,4.74E+03
1.29060E+01,2.58E+04,1.58E+01,1.87E+01,2.45E+01,-8.06E+04,-1.44E+03,-5.62E+03
1.29080E+01,2.58E+04,1.68E+01,1.80E+01,2.46E+01,-8.06E+04,-1.47E+03,-7.38E+03
1.29100E+01,2.58E+04,1.77E+01,1.71E+01,2.46E+01,-8.06E+04,-1.47E+03,-3.85E+03
1.29120E+01,2.58E+04,1.86E+01,1.62E+01,2.47E+01,-8.06E+04,-1.48E+03,1.56E+04
1.29140E+01,2.58E+04,1.95E+01,1.53E+01,2.48E+01,-8.06E+04,-1.42E+03,1.58E+04
1.29160E+01,2.58E+04,2.03E+01,1.44E+01,2.49E+01,-8.06E+04,-1.39E+03,-7.41E+02
1.29180E+01,2.58E+04,2.10E+01,1.34E+01,2.49E+01,-8.06E+04,-1.44E+03,1.12E+03
1.29200E+01,2.58E+04,2.17E+01,1.23E+01,2.49E+01,-8.06E+04,-1.39E+03,1.05E+04
1.29220E+01,2.58E+04,2.23E+01,1.13E+01,2.50E+01,-8.06E+04,-1.37E+03,8.11E+03
1.29240E+01,2.58E+04,2.28E+01,1.02E+01,2.50E+01,-8.06E+04,-1.39E+03,-1.23E+04
1.29260E+01,2.59E+04,2.34E+01,9.17E+00,2.51E+01,-8.06E+04,-1.40E+03,2.37E+03
1.29280E+01,2.59E+04,2.38E+01,7.99E+00,2.51E+01,-8.06E+04,-1.40E+03,-2.22E+04
1.29300E+01,2.59E+04,2.41E+01,6.85E+00,2.51E+01,-8.06E+04,-1.45E+03,-1.35E+03
1.29320E+01,2.59E+04,2.46E+01,5.57E+00,2.52E+01,-8.06E+04,-1.45E+03,1.99E+04
1.29340E+01,2.59E+04,2.49E+01,4.40E+00,2.53E+01,-8.06E+04,-1.34E+03,3.36E+04
1.29360E+01,2.59E+04,2.51E+01,3.26E+00,2.53E+01,-8.06E+04,-1.33E+03,1.32E+03
1.29380E+01,2.59E+04,2.52E+01,2.09E+00,2.53E+01,-8.06E+04,-1.34E+03,-1.96E+04
1.29400E+01,2.59E+04,2.53E+01,9.12E-01,2.53E+01,-8.06E+04,-1.39E+03,-1.51E+04
1.29420E+01,2.59E+04,2.54E+01,-3.72E-01,2.54E+01,-8.06E+04,-1.42E+03,1.24E+03
1.29440E+01,2.59E+04,2.54E+01,-1.60E+00,2.54E+01,-8.06E+04,-1.37E+03,4.41E+03
1.29460E+01,2.59E+04,2.52E+01,-2.80E+00,2.54E+01,-8.06E+04,-1.40E+03,-3.20E+03
1.29480E+01,2.59E+04,2.51E+01,-4.05E+00,2.54E+01,-8.06E+04,-1.40E+03,-3.47E+03
1.29500E+01,2.59E+04,2.48E+01,-5.25E+00,2.54E+01,-8.07E+04,-1.39E+03,1.50E+04
1.29520E+01,2.59E+04,2.47E+01,-6.50E+00,2.55E+01,-8.07E+04,-1.36E+03,-1.93E+03
1.29540E+01,2.59E+04,2.43E+01,-7.61E+00,2.55E+01,-8.07E+04,-1.37E+03,-6.53E+03
1.29560E+01,2.59E+04,2.39E+01,-8.83E+00,2.55E+01,-8.07E+04,-1.42E+03,-7.09E+02
1.29580E+01,2.59E+04,2.35E+01,-9.99E+00,2.55E+01,-8.07E+04,-1.36E+03,3.55E+03
1.29600E+01,2.59E+04,2.30E+01,-1.11E+01,2.55E+01,-8.07E+04,-1.39E+03,-2.07E+03
1.29620E+01,2.59E+04,2.25E+01,-1.22E+01,2.56E+01,-8.07E+04,-1.40E+03,9.46E+02
1.29640E+01,2.59E+04,2.19E+01,-1.33E+01,2.56E+01,-8.07E+04,-1.36E+03,7.61E+03
1.29660E+01,2.59E+04,2.12E+01,-1.43E+01,2.56E+01,-8.07E+04,-1.38E+03,-7.75E+03
1.29680E+01,2.59E+04,2.06E+01,-1.54E+01,2.57E+01,-8.07E+04,-1.39E+03,-5.41E+03
1.29700E+01,2.59E+04,1.98E+01,-1.64E+01,2.57E+01,-8.07E+04,-1.40E+03,-9.00E+03
1.29720E+01,2.59E+04,1.90E+01,-1.73E+01,2.57E+01,-8.07E+04,-1.42E+03,8.01E+03
1.29740E+01,2.59E+04,1.81E+01,-1.83E+01,2.57E+01,-8.07E+04,-1.38E+03,9.64E+03
1.29760E+01,2.60E+04,1.72E+01,-1.91E+01,2.57E+01,-8.07E+04,-1.36E+03,3.36E+02
1.29780E+01,2.60E+04,1.63E+01,-1.99E+01,2.57E+01,-8.07E+04,-1.40E+03,-1.73E+04
1.29800E+01,2.60E+04,1.53E+01,-2.07E+01,2.57E+01,-8.07E+04,-1.42E+03,-5.61E+03
1.29820E+01,2.60E+04,1.43E+01,-2.15E+01,2.58E+01,-8.07E+04,-1.43E+03,1.20E+03
1.29840E+01,2.60E+04,1.32E+01,-2.21E+01,2.57E+01,-8.07E+04,-1.41E+03,3.31E+03
1.29860E+01,2.60E+04,1.21E+01,-2.28E+01,2.58E+01,-8.07E+04,-1.41E+03,4.43E+03
1.29880E+01,2.60E+04,1.10E+01,-2.34E+01,2.58E+01,-8.07E+04,-1.40E+03,2.67E+03
1.29900E+01,2.60E+04,9.83E+00,-2.39E+01,2.59E+01,-8.07E+04,-1.39E+03,5.82E+03
1.29920E+01,2.60E+04,8.66E+00,-2.44E+01,2.59E+01,-8.07E+04,-1.39E+03,2.65E+03
1.29940E+01,2.60E+04,7.49E+00,-2.48E+01,2.59E+01,-8.07E+04,-1.37E+03,7.86E+02
1.29960E+01,2.60E+04,6.28E+00,-2.52E+01,2.59E+01,-8.07E+04,-1.39E+03,-3.95E+03
1.29980E+01,2.60E+04,5.06E+00,-2.55E+01,2.60E+01,-8.07E+04,-1.39E+03,-4.24E+03
1.30000E+01,2.60E+04,3.82E+00,-2.57E+01,2.60E+01,-8.07E+04,-1.40E+03,2.96E+03
1.30020E+01,2.60E+04,2.55E+00,-2.59E+01,2.60E+01,-8.07E+04,-1.39E+03,3.51E+02
1.30040E+01,2.60E+04,1.31E+00,-2.60E+01,2.60E+01,-8.07E+04,-1.39E+03,-3.16E+03
1.30060E+01,2.60E+04,3.15E-02,-2.60E+01,2.60E+01,-8.07E+04,-1.41E+03,-7.86E+03
1.30080E+01,2.60E+04,-1.25E+00,-2.60E+01,2.60E+01,-8.07E+04,-1.41E+03,9.68E+02
1.30100E+01,2.60E+04,-2.54E+00,-2.59E+01,2.61E+01,-8.07E+04,-1.41E+03,6.78E+03
1.30120E+01,2.60E+04,-3.81E+00,-2.58E+01,2.61E+01,-8.07E+04,-1.39E+03,9.21E+03
1.30140E+01,2.60E+04,-5.04E+00,-2.56E+01,2.61E+01,-8.07E+04,-1.37E+03,4.59E+03
1.30160E+01,2.60E+04,-6.27E+00,-2.54E+01,2.62E+01,-8.07E+04,-1.37E+03,-6.53E+03
1.30180E+01,2.60E+04,-7.48E+00,-2.51E+01,2.62E+01,-8.07E+04,-1.39E+03,-7.07E+03
1.30200E+01,2.60E+04,-8.71E+00,-2.47E+01,2.62E+01,-8.07E+04,-1.41E+03,1.87E+03
1.30220E+01,2.60E+04,-9.92E+00,-2.43E+01,2.62E+01,-8.08E+04,-1.38E+03,5.78E+03
1.30240E+01,2.60E+04,-1.11E+01,-2.38E+01,2.62E+01,-8.08E+04,-1.38E+03,2.27E+03
1.30260E+01,2.61E+04,-1.22E+01,-2.32E+01,2.62E+01,-8.08E+04,-1.38E+03,3.10E+03
1.30280E+01,2.61E+04,-1.33E+01,-2.26E+01,2.62E+01,-8.08E+04,-1.36E+03,3.73E+03
1.30300E+01,2.61E+04,-1.44E+01,-2.20E+01,2.63E+01,-8.08E+04,-1.36E+03,5.41E+03
1.30320E+01,2.61E+04,-1.54E+01,-2.13E+01,2.63E+01,-8.08E+04,-1.35E+03,2.51E+03
1.30340E+01,2.61E+04,-1.64E+01,-2.05E+01,2.63E+01,-8.08E+04,-1.34E+03,-2.51E+03
1.30360E+01,2.61E+04,-1.74E+01,-1.98E+01,2.63E+01,-8.08E+04,-1.37E+03,-8.95E+03
1.30380E+01,2.61E+04,-1.83E+01,-1.89E+01,2.63E+01,-8.08E+04,-1.38E+03,-6.46E+03
1.30400E+01,2.61E+04,-1.92E+01,-1.80E+01,2.63E+01,-8.08E+04,-1.39E+03,-1.22E+03
1.30420E+01,2.61E+04,-2.00E+01,-1.70E+01,2.63E+01,-8.08E+04,-1.39E+03,1.28E+04
1.30440E+01,2.61E+04,-2.08E+01,-1.61E+01,2.63E+01,-8.08E+04,-1.34E+03,1.13E+04
1.30460E+01,2.61E+04,-2.16E+01,-1.51E+01,2.63E+01,-8.08E+04,-1.33E+03,-6.20E+03
1.30480E+01,2.61E+04,-2.22E+01,-1.41E+01,2.63E+01,-8.08E+04,-1.37E+03,6.18E+02
1.30500E+01,2.61E+04,-2.29E+01,-1.30E+01,2.63E+01,-8.08E+04,-1.34E+03,5.48E+03
1.30520E+01,2.61E+04,-2.34E+01,-1.19E+01,2.63E+01,-8.08E+04,-1.33E+03,7.27E+03
1.30540E+01,2.61E+04,-2.40E+01,-1.08E+01,2.63E+01,-8.08E+04,-1.33E+03,-5.64E+03
1.30560E+01,2.61E+04,-2.43E+01,-9.66E+00,2.62E+01,-8.08E+04,-1.33E+03,8.14E+03
1.30580E+01,2.61E+04,-2.47E+01,-8.49E+00,2.62E+01,-8.08E+04,-1.32E+03,-9.30E+03
1.30600E+01,2.61E+04,-2.51E+01,-7.36E+00,2.61E+01,-8.08E+04,-1.34E+03,-1.73E+04
1.30620E+01,2.61E+04,-2.55E+01,-6.14E+00,2.62E+01,-8.08E+04,-1.41E+03,-1.10E+03
1.30640E+01,2.61E+04,-2.57E+01,-4.86E+00,2.61E+01,-8.08E+04,-1.35E+03,2.07E+04
1.30660E+01,2.61E+04,-2.58E+01,-3.70E+00,2.61E+01,-8.08E+04,-1.30E+03,1.36E+04
1.30680E+01,2.61E+04,-2.59E+01,-2.50E+00,2.60E+01,-8.08E+04,-1.31E+03,-1.79E+04
1.30700E+01,2.61E+04,-2.59E+01,-1.32E+00,2.60E+01,-8.08E+04,-1.36E+03,-5.62E+03
1.30720E+01,2.61E+04,-2.60E+01,-3.35E-02,2.60E+01,-8.08E+04,-1.36E+03,-1.51E+03
1.30740E+01,2.61E+04,-2.59E+01,1.15E+00,2.60E+01,-8.08E+04,-1.34E+03,4.24E+03
1.30760E+01,2.62E+04,-2.58E+01,2.38E+00,2.59E+01,-8.08E+04,-1.36E+03,1.05E+04
1.30780E+01,2.62E+04,-2.56E+01,3.59E+00,2.58E+01,-8.08E+04,-1.30E+03,1.20E+04
1.30800E+01,2.62E+04,-2.53E+01,4.67E+00,2.57E+01,-8.08E+04,-1.29E+03,-1.91E+04
1.30820E+01,2.62E+04,-2.51E+01,5.86E+00,2.57E+01,-8.08E+04,-1.39E+03,-1.75E+04
1.30840E+01,2.62E+04,-2.47E+01,7.10E+00,2.57E+01,-8.08E+04,-1.38E+03,5.03E+03
1.30860E+01,2.62E+04,-2.42E+01,8.18E+00,2.56E+01,-8.08E+04,-1.34E+03,1.56E+04
1.30880E+01,2.62E+04,-2.38E+01,9.31E+00,2.55E+01,-8.08E+04,-1.34E+03,-1.33E+04
1.30900E+01,2.62E+04,-2.32E+01,1.03E+01,2.54E+01,-8.08E+04,-1.37E+03,6.20E+02
1.30920E+01,2.62E+04,-2.26E+01,1.15E+01,2.53E+01,-8.08E+04,-1.37E+03,1.75E+03
1.30940E+01,2.62E+04,-2.20E+01,1.24E+01,2.53E+01,-8.08E+04,-1.33E+03,7.70E+03
1.30960E+01,2.62E+04,-2.13E+01,1.34E+01,2.51E+01,-8.09E+04,-1.36E+03,-1.71E+04
1.30980E+01,2.62E+04,-2.05E+01,1.43E+01,2.50E+01,-8.09E+04,-1.39E+03,-7.15E+03
1.31000E+01,2.62E+04,-1.98E+01,1.53E+01,2.50E+01,-8.09E+04,-1.40E+03,-5.26E+03
1.31020E+01,2.62E+04,-1.90E+01,1.62E+01,2.49E+01,-8.09E+04,-1.39E+03,-4.55E+03
1.31040E+01,2.62E+04,-1.81E+01,1.71E+01,2.49E+01,-8.09E+04,-1.42E+03,-2.63E+03
1.31060E+01,2.62E+04,-1.71E+01,1.79E+01,2.48E+01,-8.09E+04,-1.41E+03,3.38E+03
1.31080E+01,2.62E+04,-1.62E+01,1.86E+01,2.46E+01,-8.09E+04,-1.40E+03,3.08E+02
1.31100E+01,2.62E+04,-1.52E+01,1.93E+01,2.46E+01,-8.09E+04,-1.42E+03,-4.21E+03
1.31120E+01,2.62E+04,-1.42E+01,2.00E+01,2.45E+01,-8.09E+04,-1.42E+03,-3.24E+03
1.31140E+01,2.62E+04,-1.32E+01,2.06E+01,2.45E+01,-8.09E+04,-1.43E+03,-3.83E+03
1.31160E+01,2.62E+04,-1.21E+01,2.12E+01,2.44E+01,-8.09E+04,-1.44E+03,1.69E+03
1.31180E+01,2.62E+04,-1.10E+01,2.17E+01,2.44E+01,-8.09E+04,-1.42E+03,6.89E+03
1.31200E+01,2.62E+04,-9.90E+00,2.22E+01,2.43E+01,-8.09E+04,-1.40E+03,-2.48E+03
1.31220E+01,2.62E+04,-8.77E+00,2.26E+01,2.43E+01,-8.09E+04,-1.43E+03,-1.08E+03
1.31240E+01,2.62E+04,-7.61E+00,2.30E+01,2.42E+01,-8.09E+04,-1.42E+03,3.32E+03
1.31260E+01,2.63E+04,-6.48E+00,2.33E+01,2.42E+01,-8.09E+04,-1.40E+03,-8.61E+03
1.31280E+01,2.63E+04,-5.30E+00,2.36E+01,2.41E+01,-8.09E+04,-1.45E+03,-9.33E+03
1.31300E+01,2.63E+04,-4.07E+00,2.38E+01,2.41E+01,-8.09E+04,-1.45E+03,6.57E+03
1.31320E+01,2.63E+04,-2.89E+00,2.40E+01,2.41E+01,-8.09E+04,-1.41E+03,1.60E+04
1.31340E+01,2.63E+04,-1.71E+00,2.41E+01,2.41E+01,-8.09E+04,-1.40E+03,-1.34E+04
1.31360E+01,2.63E+04,-5.40E-01,2.41E+01,2.41E+01,-8.09E+04,-1.45E+03,-1.02E+04
1.31380E+01,2.63E+04,7.37E-01,2.41E+01,2.41E+01,-8.09E+04,-1.47E+03,4.17E+03
1.31400E+01,2.63E+04,1.93E+00,2.40E+01,2.41E+01,-8.09E+04,-1.41E+03,1.64E+04
1.31420E+01,2.63E+04,3.11E+00,2.39E+01,2.41E+01,-8.09E+04,-1.41E+03,4.48E+03
1.31440E+01,2.63E+04,4.27E+00,2.37E+01,2.41E+01,-8.09E+04,-1.40E+03,-5.17E+03
1.31460E+01,2.63E+04,5.43E+00,2.36E+01,2.42E+01,-8.09E+04,-1.42E+03,-6.57E+03
1.31480E+01,2.63E+04,6.62E+00,2.32E+01,2.42E+01,-8.09E+04,-1.44E+03,2.31E+03
1.31500E+01,2.63E+04,7.77E+00,2.29E+01,2.42E+01,-8.09E+04,-1.40E+03,1.66E+04
1.31520E+01,2.63E+04,8.86E+00,2.25E+01,2.42E+01,-8.09E+04,-1.37E+03,6.06E+03
1.31540E+01,2.63E+04,9.93E+00,2.21E+01,2.42E+01,-8.09E+04,-1.37E+03,-3.68E+03
1.31560E+01,2.63E+04,1.10E+01,2.16E+01,2.42E+01,-8.09E+04,-1.39E+03,-2.93E+03
1.31580E+01,2.63E+04,1.21E+01,2.11E+01,2.43E+01,-8.09E+04,-1.38E+03,8.78E+03
1.31600E+01,2.63E+04,1.31E+01,2.05E+01,2.43E+01,-8.09E+04,-1.36E+03,4.52E+03
1.31620E+01,2.63E+04,1.40E+01,1.99E+01,2.44E+01,-8.09E+04,-1.36E+03,-3.68E+03
1.31640E+01,2.63E+04,1.50E+01,1.93E+01,2.44E+01,-8.09E+04,-1.38E+03,8.90E+02
1.31660E+01,2.63E+04,1.60E+01,1.85E+01,2.45E+01,-8.10E+04,-1.36E+03,6.46E+02
1.31680E+01,2.63E+04,1.68E+01,1.78E+01,2.45E+01,-8.10E+04,-1.36E+03,-1.32E+03
1.31700E+01,2.63E+04,1.77E+01,1.70E+01,2.45E+01,-8.10E+04,-1.38E+03,5.36E+03
1.31720E+01,2.63E+04,1.85E+01,1.62E+01,2.46E+01,-8.10E+04,-1.34E+03,1.19E+04
1.31740E+01,2.63E+04,1.94E+01,1.54E+01,2.47E+01,-8.10E+04,-1.32E+03,-3.16E+03
1.31760E+01,2.64E+04,2.01E+01,1.45E+01,2.47E+01,-8.10E+04,-1.35E+03,-1.03E+04
1.31780E+01,2.64E+04,2.08E+01,1.35E+01,2.48E+01,-8.10E+04,-1.37E+03,1.17E+04
1.31800E+01,2.64E+04,2.14E+01,1.25E+01,2.48E+01,-8.10E+04,-1.31E+03,3.58E+03
1.31820E+01,2.64E+04,2.20E+01,1.16E+01,2.49E+01,-8.10E+04,-1.33E+03,2.35E+03
1.31840E+01,2.64E+04,2.26E+01,1.06E+01,2.50E+01,-8.10E+04,-1.34E+03,-1.19E+04
1.31860E+01,2.64E+04,2.31E+01,9.56E+00,2.50E+01,-8.10E+04,-1.34E+03,1.12E+04
1.31880E+01,2.64E+04,2.36E+01,8.44E+00,2.51E+01,-8.10E+04,-1.33E+03,1.25E+04
1.31900E+01,2.64E+04,2.40E+01,7.39E+00,2.51E+01,-8.10E+04,-1.26E+03,4.95E+03
1.31920E+01,2.64E+04,2.43E+01,6.35E+00,2.51E+01,-8.10E+04,-1.31E+03,-5.26E+03
1.31940E+01,2.64E+04,2.46E+01,5.18E+00,2.52E+01,-8.10E+04,-1.31E+03,1.49E+04
1.31960E+01,2.64E+04,2.49E+01,4.11E+00,2.52E+01,-8.10E+04,-1.23E+03,1.66E+04
1.31980E+01,2.64E+04,2.51E+01,3.06E+00,2.53E+01,-8.10E+04,-1.24E+03,9.75E+02
1.32000E+01,2.64E+04,2.52E+01,1.95E+00,2.53E+01,-8.10E+04,-1.24E+03,-1.55E+04
1.32020E+01,2.64E+04,2.53E+01,8.85E-01,2.53E+01,-8.10E+04,-1.28E+03,-1.73E+04
1.32040E+01,2.64E+04,2.54E+01,-3.10E-01,2.54E+01,-8.10E+04,-1.34E+03,-1.33E+04
1.32060E+01,2.64E+04,2.54E+01,-1.48E+00,2.54E+01,-8.10E+04,-1.32E+03,9.68E+03
1.32080E+01,2.64E+04,2.52E+01,-2.64E+00,2.54E+01,-8.10E+04,-1.30E+03,8.38E+03
1.32100E+01,2.64E+04,2.51E+01,-3.77E+00,2.54E+01,-8.10E+04,-1.28E+03,3.91E+03
1.32120E+01,2.64E+04,2.49E+01,-4.89E+00,2.54E+01,-8.10E+04,-1.29E+03,9.62E+03
1.32140E+01,2.64E+04,2.47E+01,-6.02E+00,2.54E+01,-8.10E+04,-1.25E+03,-1.65E+03
1.32160E+01,2.64E+04,2.44E+01,-7.05E+00,2.54E+01,-8.10E+04,-1.27E+03,-1.13E+04
1.32180E+01,2.64E+04,2.41E+01,-8.18E+00,2.54E+01,-8.10E+04,-1.32E+03,-4.69E+03
1.32200E+01,2.64E+04,2.38E+01,-9.32E+00,2.56E+01,-8.10E+04,-1.28E+03,-2.96E+03
1.32220E+01,2.64E+04,2.34E+01,-1.03E+01,2.55E+01,-8.10E+04,-1.32E+03,-1.86E+03
1.32240E+01,2.64E+04,2.29E+01,-1.15E+01,2.56E+01,-8.10E+04,-1.32E+03,-9.41E+03
1.32260E+01,2.65E+04,2.23E+01,-1.25E+01,2.56E+01,-8.10E+04,-1.32E+03,-6.22E+02
1.32280E+01,2.65E+04,2.17E+01,-1.36E+01,2.56E+01,-8.10E+04,-1.35E+03,-1.38E+02
1.32300E+01,2.65E+04,2.11E+01,-1.46E+01,2.56E+01,-8.10E+04,-1.31E+03,1.72E+04
1.32320E+01,2.65E+04,2.05E+01,-1.55E+01,2.57E+01,-8.10E+04,-1.28E+03,5.57E+03
1.32340E+01,2.65E+04,1.98E+01,-1.65E+01,2.57E+01,-8.10E+04,-1.29E+03,-7.28E+02
1.32360E+01,2.65E+04,1.91E+01,-1.73E+01,2.58E+01,-8.10E+04,-1.29E+03,-1.22E+03
1.32380E+01,2.65E+04,1.82E+01,-1.82E+01,2.57E+01,-8.10E+04,-1.29E+03,5.43E+03
1.32400E+01,2.65E+04,1.74E+01,-1.90E+01,2.58E+01,-8.10E+04,-1.27E+03,5.13E+02
1.32420E+01,2.65E+04,1.66E+01,-1.98E+01,2.58E+01,-8.10E+04,-1.28E+03,-3.42E+03
1.32440E+01,2.65E+04,1.57E+01,-2.06E+01,2.59E+01,-8.11E+04,-1.30E+03,-3.75E+03
1.32460E+01,2.65E+04,1.48E+01,-2.12E+01,2.59E+01,-8.11E+04,-1.29E+03,-1.91E+03
1.32480E+01,2.65E+04,1.38E+01,-2.19E+01,2.59E+01,-8.11E+04,-1.30E+03,-1.34E+03
1.32500E+01,2.65E+04,1.28E+01,-2.25E+01,2.59E+01,-8.11E+04,-1.30E+03,-4.89E+02
1.32520E+01,2.65E+04,1.18E+01,-2.31E+01,2.59E+01,-8.11E+04,-1.29E+03,4.31E+03
1.32540E+01,2.65E+04,1.08E+01,-2.37E+01,2.60E+01,-8.11E+04,-1.29E+03,5.92E+02
1.32560E+01,2.65E+04,9.70E+00,-2.41E+01,2.60E+01,-8.11E+04,-1.28E+03,-9.77E+01
1.32580E+01,2.65E+04,8.61E+00,-2.46E+01,2.60E+01,-8.11E+04,-1.30E+03,-1.68E+02
1.32600E+01,2.65E+04,7.50E+00,-2.49E+01,2.60E+01,-8.11E+04,-1.29E+03,-5.32E+03
1.32620E+01,2.65E+04,6.37E+00,-2.52E+01,2.60E+01,-8.11E+04,-1.31E+03,-6.11E+03
1.32640E+01,2.65E+04,5.19E+00,-2.55E+01,2.60E+01,-8.11E+04,-1.33E+03,-1.11E+03
1.32660E+01,2.65E+04,4.02E+00,-2.58E+01,2.61E+01,-8.11E+04,-1.30E+03,7.15E+03
1.32680E+01,2.65E+04,2.85E+00,-2.59E+01,2.61E+01,-8.11E+04,-1.30E+03,3.73E+02
1.32700E+01,2.65E+04,1.68E+00,-2.60E+01,2.60E+01,-8.11E+04,-1.30E+03,-1.53E+03
1.32720E+01,2.65E+04,4.90E-01,-2.61E+01,2.61E+01,-8.11E+04,-1.30E+03,-6.06E+03
1.32740E+01,2.65E+04,-6.96E-01,-2.61E+01,2.61E+01,-8.11E+04,-1.32E+03,-4.06E+03
1.32760E+01,2.66E+04,-1.91E+00,-2.60E+01,2.61E+01,-8.11E+04,-1.33E+03,4.44E+03
1.32780E+01,2.66E+04,-3.11E+00,-2.59E+01,2.61E+01,-8.11E+04,-1.30E+03,1.35E+04
1.32800E+01,2.66E+04,-4.27E+00,-2.58E+01,2.61E+01,-8.11E+04,-1.27E+03,1.03E+03
1.32820E+01,2.66E+04,-5.41E+00,-2.56E+01,2.62E+01,-8.11E+04,-1.29E+03,-1.07E+04
1.32840E+01,2.66E+04,-6.58E+00,-2.53E+01,2.62E+01,-8.11E+04,-1.33E+03,-9.94E+03
1.32860E+01,2.66E+04,-7.76E+00,-2.50E+01,2.62E+01,-8.11E+04,-1.33E+03,3.84E+03
1.32880E+01,2.66E+04,-8.92E+00,-2.47E+01,2.62E+01,-8.11E+04,-1.31E+03,1.05E+04
1.32900E+01,2.66E+04,-1.00E+01,-2.42E+01,2.62E+01,-8.11E+04,-1.28E+03,3.10E+03
1.32920E+01,2.66E+04,-1.11E+01,-2.38E+01,2.62E+01,-8.11E+04,-1.29E+03,1.86E+02
1.32940E+01,2.66E+04,-1.22E+01,-2.32E+01,2.62E+01,-8.11E+04,-1.29E+03,2.07E+03
1.32960E+01,2.66E+04,-1.32E+01,-2.27E+01,2.63E+01,-8.11E+04,-1.28E+03,7.05E+03
1.32980E+01,2.66E+04,-1.42E+01,-2.21E+01,2.63E+01,-8.11E+04,-1.27E+03,1.34E+03
1.33000E+01,2.66E+04,-1.52E+01,-2.14E+01,2.63E+01,-8.11E+04,-1.27E+03,-4.61E+03
1.33020E+01,2.66E+04,-1.61E+01,-2.08E+01,2.63E+01,-8.11E+04,-1.29E+03,-9.06E+03
1.33040E+01,2.66E+04,-1.71E+01,-2.00E+01,2.63E+01,-8.11E+04,-1.31E+03,2.01E+03
1.33060E+01,2.66E+04,-1.80E+01,-1.92E+01,2.63E+01,-8.11E+04,-1.28E+03,1.05E+04
1.33080E+01,2.66E+04,-1.88E+01,-1.84E+01,2.63E+01,-8.11E+04,-1.26E+03,1.19E+04
1.33100E+01,2.66E+04,-1.96E+01,-1.76E+01,2.63E+01,-8.11E+04,-1.24E+03,-1.61E+03
1.33120E+01,2.66E+04,-2.04E+01,-1.68E+01,2.64E+01,-8.11E+04,-1.26E+03,-1.05E+04
1.33140E+01,2.66E+04,-2.11E+01,-1.58E+01,2.64E+01,-8.11E+04,-1.29E+03,4.58E+03
1.33160E+01,2.66E+04,-2.18E+01,-1.49E+01,2.64E+01,-8.11E+04,-1.24E+03,5.08E+03
1.33180E+01,2.66E+04,-2.24E+01,-1.39E+01,2.64E+01,-8.11E+04,-1.25E+03,6.15E+03
1.33200E+01,2.66E+04,-2.30E+01,-1.29E+01,2.64E+01,-8.12E+04,-1.25E+03,-8.74E+03
1.33220E+01,2.66E+04,-2.35E+01,-1.19E+01,2.64E+01,-8.12E+04,-1.25E+03,7.73E+03
1.33240E+01,2.66E+04,-2.40E+01,-1.08E+01,2.63E+01,-8.12E+04,-1.25E+03,-7.23E+03
1.33260E+01,2.67E+04,-2.44E+01,-9.80E+00,2.63E+01,-8.12E+04,-1.25E+03,7.03E+03
1.33280E+01,2.67E+04,-2.48E+01,-8.67E+00,2.62E+01,-8.12E+04,-1.25E+03,6.89E+03
1.33300E+01,2.67E+04,-2.51E+01,-7.61E+00,2.62E+01,-8.12E+04,-1.20E+03,1.77E+04
1.33320E+01,2.67E+04,-2.53E+01,-6.54E+00,2.62E+01,-8.12E+04,-1.19E+03,-3.88E+04
1.33340E+01,2.67E+04,-2.55E+01,-5.49E+00,2.61E+01,-8.12E+04,-1.33E+03,-2.54E+04
1.33360E+01,2.67E+04,-2.58E+01,-4.16E+00,2.62E+01,-8.12E+04,-1.36E+03,9.94E+03
1.33380E+01,2.67E+04,-2.60E+01,-3.05E+00,2.61E+01,-8.12E+04,-1.23E+03,3.65E+04
1.33400E+01,2.67E+04,-2.60E+01,-1.92E+00,2.61E+01,-8.12E+04,-1.23E+03,-1.35E+03
1.33420E+01,2.67E+04,-2.60E+01,-8.06E-01,2.60E+01,-8.12E+04,-1.23E+03,-3.87E+03
1.33440E+01,2.67E+04,-2.60E+01,3.18E-01,2.60E+01,-8.12E+04,-1.25E+03,-1.32E+04
1.33460E+01,2.67E+04,-2.59E+01,1.46E+00,2.59E+01,-8.12E+04,-1.28E+03,-9.89E+03
1.33480E+01,2.67E+04,-2.57E+01,2.63E+00,2.59E+01,-8.12E+04,-1.30E+03,2.10E+04
1.33500E+01,2.67E+04,-2.57E+01,3.79E+00,2.59E+01,-8.12E+04,-1.20E+03,3.72E+03
1.33520E+01,2.67E+04,-2.54E+01,4.78E+00,2.59E+01,-8.12E+04,-1.24E+03,-1.95E+04
1.33540E+01,2.67E+04,-2.51E+01,5.95E+00,2.57E+01,-8.12E+04,-1.33E+03,-5.93E+03
1.33560E+01,2.67E+04,-2.47E+01,7.08E+00,2.57E+01,-8.12E+04,-1.25E+03,1.63E+04
1.33580E+01,2.67E+04,-2.43E+01,8.07E+00,2.56E+01,-8.12E+04,-1.25E+03,4.34E+03
1.33600E+01,2.67E+04,-2.39E+01,9.14E+00,2.56E+01,-8.12E+04,-1.26E+03,-1.67E+04
1.33620E+01,2.67E+04,-2.34E+01,1.01E+01,2.55E+01,-8.12E+04,-1.29E+03,2.00E+03
1.33640E+01,2.67E+04,-2.28E+01,1.12E+01,2.54E+01,-8.12E+04,-1.29E+03,-7.02E+03
1.33660E+01,2.67E+04,-2.22E+01,1.21E+01,2.53E+01,-8.12E+04,-1.28E+03,1.36E+04
1.33680E+01,2.67E+04,-2.16E+01,1.31E+01,2.53E+01,-8.12E+04,-1.27E+03,-1.64E+03
1.33700E+01,2.67E+04,-2.10E+01,1.40E+01,2.52E+01,-8.12E+04,-1.25E+03,-8.28E+03
1.33720E+01,2.67E+04,-2.03E+01,1.48E+01,2.51E+01,-8.12E+04,-1.32E+03,-1.46E+04
1.33740E+01,2.67E+04,-1.94E+01,1.57E+01,2.50E+01,-8.12E+04,-1.31E+03,1.14E+04
1.33760E+01,2.68E+04,-1.87E+01,1.65E+01,2.49E+01,-8.12E+04,-1.27E+03,4.76E+03
1.33780E+01,2.68E+04,-1.79E+01,1.73E+01,2.49E+01,-8.12E+04,-1.29E+03,-7.43E+03
1.33800E+01,2.68E+04,-1.71E+01,1.80E+01,2.48E+01,-8.12E+04,-1.31E+03,-1.01E+04
1.33820E+01,2.68E+04,-1.62E+01,1.87E+01,2.47E+01,-8.12E+04,-1.32E+03,-2.33E+03
1.33840E+01,2.68E+04,-1.52E+01,1.94E+01,2.47E+01,-8.12E+04,-1.33E+03,-2.71E+03
1.33860E+01,2.68E+04,-1.43E+01,2.00E+01,2.46E+01,-8.12E+04,-1.32E+03,-3.49E+03
1.33880E+01,2.68E+04,-1.33E+01,2.06E+01,2.46E+01,-8.12E+04,-1.34E+03,1.38E+03
1.33900E+01,2.68E+04,-1.23E+01,2.12E+01,2.45E+01,-8.12E+04,-1.33E+03,2.21E+03
1.33920E+01,2.68E+04,-1.13E+01,2.17E+01,2.44E+01,-8.12E+04,-1.32E+03,2.78E+03
1.33940E+01,2.68E+04,-1.03E+01,2.21E+01,2.44E+01,-8.12E+04,-1.33E+03,-9.55E+03
1.33960E+01,2.68E+04,-9.20E+00,2.25E+01,2.43E+01,-8.12E+04,-1.34E+03,4.50E+03
1.33980E+01,2.68E+04,-8.10E+00,2.29E+01,2.43E+01,-8.13E+04,-1.33E+03,6.67E+03
1.34000E+01,2.68E+04,-7.07E+00,2.32E+01,2.43E+01,-8.13E+04,-1.30E+03,4.97E+03
1.34020E+01,2.68E+04,-5.98E+00,2.34E+01,2.42E+01,-8.13E+04,-1.32E+03,-6.27E+03
1.34040E+01,2.68E+04,-4.89E+00,2.37E+01,2.42E+01,-8.13E+04,-1.32E+03,3.00E+02
1.34060E+01,2.68E+04,-3.79E+00,2.38E+01,2.41E+01,-8.13E+04,-1.32E+03,1.12E+03
1.34080E+01,2.68E+04,-2.69E+00,2.40E+01,2.42E+01,-8.13E+04,-1.31E+03,8.55E+03
1.34100E+01,2.68E+04,-1.59E+00,2.41E+01,2.42E+01,-8.13E+04,-1.29E+03,-9.39E+03
1.34120E+01,2.68E+04,-5.27E-01,2.42E+01,2.42E+01,-8.13E+04,-1.33E+03,-8.87E+03
1.34140E+01,2.68E+04,6.59E-01,2.42E+01,2.42E+01,-8.13E+04,-1.36E+03,-5.87E+03
1.34160E+01,2.68E+04,1.76E+00,2.41E+01,2.42E+01,-8.13E+04,-1.33E+03,1.38E+04
1.34180E+01,2.68E+04,2.89E+00,2.40E+01,2.42E+01,-8.13E+04,-1.32E+03,1.16E+04
1.34200E+01,2.68E+04,3.97E+00,2.38E+01,2.42E+01,-8.13E+04,-1.27E+03,5.14E+03
1.34220E+01,2.68E+04,5.01E+00,2.37E+01,2.42E+01,-8.13E+04,-1.29E+03,-3.13E+03
1.34240E+01,2.68E+04,6.09E+00,2.34E+01,2.41E+01,-8.13E+04,-1.30E+03,1.25E+03
1.34260E+01,2.69E+04,7.14E+00,2.31E+01,2.42E+01,-8.13E+04,-1.27E+03,4.11E+03
1.34280E+01,2.69E+04,8.16E+00,2.28E+01,2.42E+01,-8.13E+04,-1.29E+03,1.94E+03
1.34300E+01,2.69E+04,9.19E+00,2.24E+01,2.42E+01,-8.13E+04,-1.27E+03,-1.26E+03
1.34320E+01,2.69E+04,1.02E+01,2.20E+01,2.42E+01,-8.13E+04,-1.28E+03,1.73E+03
1.34340E+01,2.69E+04,1.12E+01,2.15E+01,2.42E+01,-8.13E+04,-1.28E+03,-3.08E+03
1.34360E+01,2.69E+04,1.21E+01,2.10E+01,2.43E+01,-8.13E+04,-1.28E+03,6.31E+03
1.34380E+01,2.69E+04,1.31E+01,2.05E+01,2.43E+01,-8.13E+04,-1.27E+03,1.03E+03
1.34400E+01,2.69E+04,1.40E+01,1.99E+01,2.43E+01,-8.13E+04,-1.26E+03,6.50E+03
1.34420E+01,2.69E+04,1.49E+01,1.93E+01,2.44E+01,-8.13E+04,-1.26E+03,-4.59E+03
1.34440E+01,2.69E+04,1.57E+01,1.87E+01,2.44E+01,-8.13E+04,-1.27E+03,-9.50E+03
1.34460E+01,2.69E+04,1.66E+01,1.80E+01,2.45E+01,-8.13E+04,-1.30E+03,5.01E+03
1.34480E+01,2.69E+04,1.75E+01,1.73E+01,2.46E+01,-8.13E+04,-1.25E+03,2.33E+04
1.34500E+01,2.69E+04,1.82E+01,1.66E+01,2.47E+01,-8.13E+04,-1.19E+03,3.72E+03
1.34520E+01,2.69E+04,1.89E+01,1.58E+01,2.46E+01,-8.13E+04,-1.24E+03,-9.00E+03
1.34540E+01,2.69E+04,1.96E+01,1.50E+01,2.47E+01,-8.13E+04,-1.25E+03,-8.12E+02
1.34560E+01,2.69E+04,2.03E+01,1.42E+01,2.48E+01,-8.13E+04,-1.22E+03,-2.92E+03
1.34580E+01,2.69E+04,2.09E+01,1.33E+01,2.48E+01,-8.13E+04,-1.26E+03,3.76E+03
1.34600E+01,2.69E+04,2.16E+01,1.24E+01,2.49E+01,-8.13E+04,-1.22E+03,2.14E+03
1.34620E+01,2.69E+04,2.21E+01,1.16E+01,2.49E+01,-8.13E+04,-1.22E+03,5.25E+03
1.34640E+01,2.69E+04,2.26E+01,1.06E+01,2.50E+01,-8.13E+04,-1.24E+03,-1.57E+04
1.34660E+01,2.69E+04,2.31E+01,9.64E+00,2.50E+01,-8.13E+04,-1.25E+03,3.64E+03
1.34680E+01,2.69E+04,2.36E+01,8.59E+00,2.51E+01,-8.13E+04,-1.26E+03,1.06E+04
1.34700E+01,2.69E+04,2.39E+01,7.60E+00,2.51E+01,-8.13E+04,-1.19E+03,-2.84E+03
1.34720E+01,2.69E+04,2.43E+01,6.63E+00,2.52E+01,-8.13E+04,-1.26E+03,-6.23E+03
1.34740E+01,2.69E+04,2.46E+01,5.48E+00,2.52E+01,-8.13E+04,-1.25E+03,1.06E+04
1.34760E+01,2.70E+04,2.48E+01,4.50E+00,2.52E+01,-8.13E+04,-1.17E+03,3.01E+04
1.34780E+01,2.70E+04,2.50E+01,3.47E+00,2.53E+01,-8.14E+04,-1.16E+03,-1.74E+03
1.34800E+01,2.70E+04,2.52E+01,2.49E+00,2.53E+01,-8.14E+04,-1.16E+03,-6.40E+03
1.34820E+01,2.70E+04,2.53E+01,1.43E+00,2.53E+01,-8.14E+04,-1.20E+03,-8.62E+03
1.34840E+01,2.70E+04,2.54E+01,3.70E-01,2.54E+01,-8.14E+04,-1.19E+03,2.52E+03
1.34860E+01,2.70E+04,2.53E+01,-6.80E-01,2.54E+01,-8.14E+04,-1.19E+03,1.58E+03
1.34880E+01,2.70E+04,2.53E+01,-1.73E+00,2.54E+01,-8.14E+04,-1.19E+03,-2.96E+03
1.34900E+01,2.70E+04,2.52E+01,-2.78E+00,2.54E+01,-8.14E+04,-1.20E+03,-1.01E+03
1.34920E+01,2.70E+04,2.51E+01,-3.84E+00,2.54E+01,-8.14E+04,-1.20E+03,-7.13E-01
1.34940E+01,2.70E+04,2.49E+01,-4.88E+00,2.54E+01,-8.14E+04,-1.19E+03,-1.29E+03
1.34960E+01,2.70E+04,2.47E+01,-5.92E+00,2.54E+01,-8.14E+04,-1.21E+03,6.25E+03
1.34980E+01,2.70E+04,2.45E+01,-6.97E+00,2.55E+01,-8.14E+04,-1.17E+03,2.37E+03
1.35000E+01,2.70E+04,2.42E+01,-7.94E+00,2.55E+01,-8.14E+04,-1.18E+03,-3.93E+03
1.35020E+01,2.70E+04,2.39E+01,-8.97E+00,2.55E+01,-8.14E+04,-1.21E+03,2.33E+02
1.35040E+01,2.70E+04,2.35E+01,-9.97E+00,2.55E+01,-8.14E+04,-1.17E+03,1.98E+03
1.35060E+01,2.70E+04,2.31E+01,-1.09E+01,2.55E+01,-8.14E+04,-1.19E+03,-6.28E+02
1.35080E+01,2.70E+04,2.26E+01,-1.19E+01,2.56E+01,-8.14E+04,-1.19E+03,-8.23E+03
1.35100E+01,2.70E+04,2.22E+01,-1.28E+01,2.56E+01,-8.14E+04,-1.20E+03,-3.38E+03
1.35120E+01,2.70E+04,2.16E+01,-1.38E+01,2.57E+01,-8.14E+04,-1.23E+03,-9.19E+03
1.35140E+01,2.70E+04,2.10E+01,-1.47E+01,2.57E+01,-8.14E+04,-1.22E+03,9.44E+03
1.35160E+01,2.70E+04,2.05E+01,-1.57E+01,2.58E+01,-8.14E+04,-1.20E+03,4.31E+03
1.35180E+01,2.70E+04,1.98E+01,-1.65E+01,2.58E+01,-8.14E+04,-1.19E+03,1.33E+04
1.35200E+01,2.70E+04,1.91E+01,-1.73E+01,2.57E+01,-8.14E+04,-1.16E+03,-1.20E+03
1.35220E+01,2.70E+04,1.84E+01,-1.80E+01,2.57E+01,-8.14E+04,-1.17E+03,-1.04E+04
1.35240E+01,2.70E+04,1.76E+01,-1.88E+01,2.58E+01,-8.14E+04,-1.23E+03,-2.11E+04
1.35260E+01,2.71E+04,1.68E+01,-1.96E+01,2.58E+01,-8.14E+04,-1.24E+03,1.01E+04
1.35280E+01,2.71E+04,1.59E+01,-2.03E+01,2.58E+01,-8.14E+04,-1.20E+03,1.02E+04
1.35300E+01,2.71E+04,1.51E+01,-2.09E+01,2.58E+01,-8.14E+04,-1.18E+03,2.68E+03
1.35320E+01,2.71E+04,1.42E+01,-2.16E+01,2.58E+01,-8.14E+04,-1.21E+03,-1.01E+04
1.35340E+01,2.71E+04,1.33E+01,-2.21E+01,2.58E+01,-8.14E+04,-1.21E+03,-7.26E+03
1.35360E+01,2.71E+04,1.24E+01,-2.27E+01,2.58E+01,-8.14E+04,-1.24E+03,-2.51E+03
1.35380E+01,2.71E+04,1.14E+01,-2.32E+01,2.59E+01,-8.14E+04,-1.23E+03,-4.02E+02
1.35400E+01,2.71E+04,1.04E+01,-2.37E+01,2.59E+01,-8.14E+04,-1.23E+03,-1.49E+03
1.35420E+01,2.71E+04,9.32E+00,-2.41E+01,2.58E+01,-8.14E+04,-1.25E+03,-3.37E+03
1.35440E+01,2.71E+04,8.28E+00,-2.45E+01,2.59E+01,-8.14E+04,-1.24E+03,7.81E+03
1.35460E+01,2.71E+04,7.22E+00,-2.49E+01,2.59E+01,-8.14E+04,-1.22E+03,4.08E+03
1.35480E+01,2.71E+04,6.16E+00,-2.51E+01,2.59E+01,-8.14E+04,-1.22E+03,1.24E+03
1.35500E+01,2.71E+04,5.09E+00,-2.54E+01,2.59E+01,-8.14E+04,-1.22E+03,5.73E+03
1.35520E+01,2.71E+04,4.02E+00,-2.57E+01,2.60E+01,-8.14E+04,-1.19E+03,5.49E+03
1.35540E+01,2.71E+04,2.97E+00,-2.58E+01,2.60E+01,-8.14E+04,-1.19E+03,-1.03E+03
1.35560E+01,2.71E+04,1.87E+00,-2.59E+01,2.60E+01,-8.14E+04,-1.20E+03,-4.77E+03
1.35580E+01,2.71E+04,7.88E-01,-2.60E+01,2.60E+01,-8.14E+04,-1.20E+03,-3.34E+02
1.35600E+01,2.71E+04,-3.09E-01,-2.60E+01,2.60E+01,-8.15E+04,-1.21E+03,1.46E+02
1.35620E+01,2.71E+04,-1.41E+00,-2.60E+01,2.60E+01,-8.15E+04,-1.20E+03,3.31E+03
1.35640E+01,2.71E+04,-2.49E+00,-2.59E+01,2.60E+01,-8.15E+04,-1.20E+03,3.62E+03
1.35660E+01,2.71E+04,-3.57E+00,-2.58E+01,2.61E+01,-8.15E+04,-1.19E+03,-5.94E+03
1.35680E+01,2.71E+04,-4.65E+00,-2.57E+01,2.61E+01,-8.15E+04,-1.22E+03,-6.73E+03
1.35700E+01,2.71E+04,-5.76E+00,-2.55E+01,2.61E+01,-8.15E+04,-1.23E+03,-7.01E+02
1.35720E+01,2.71E+04,-6.84E+00,-2.53E+01,2.62E+01,-8.15E+04,-1.21E+03,4.46E+03
1.35740E+01,2.71E+04,-7.90E+00,-2.49E+01,2.62E+01,-8.15E+04,-1.21E+03,1.81E+03
1.35760E+01,2.72E+04,-8.96E+00,-2.46E+01,2.62E+01,-8.15E+04,-1.20E+03,-1.07E+03
1.35780E+01,2.72E+04,-9.98E+00,-2.42E+01,2.62E+01,-8.15E+04,-1.21E+03,-1.37E+03
1.35800E+01,2.72E+04,-1.10E+01,-2.38E+01,2.62E+01,-8.15E+04,-1.22E+03,2.20E+03
1.35820E+01,2.72E+04,-1.20E+01,-2.33E+01,2.62E+01,-8.15E+04,-1.20E+03,9.66E+03
1.35840E+01,2.72E+04,-1.30E+01,-2.29E+01,2.63E+01,-8.15E+04,-1.18E+03,1.40E+03
1.35860E+01,2.72E+04,-1.39E+01,-2.23E+01,2.63E+01,-8.15E+04,-1.19E+03,-8.08E+03
1.35880E+01,2.72E+04,-1.49E+01,-2.18E+01,2.64E+01,-8.15E+04,-1.22E+03,2.57E+03
1.35900E+01,2.72E+04,-1.58E+01,-2.11E+01,2.64E+01,-8.15E+04,-1.18E+03,1.82E+04
1.35920E+01,2.72E+04,-1.66E+01,-2.05E+01,2.64E+01,-8.15E+04,-1.13E+03,4.49E+03
1.35940E+01,2.72E+04,-1.75E+01,-1.98E+01,2.64E+01,-8.15E+04,-1.16E+03,-1.74E+04
1.35960E+01,2.72E+04,-1.83E+01,-1.91E+01,2.64E+01,-8.15E+04,-1.21E+03,-6.67E+03
1.35980E+01,2.72E+04,-1.91E+01,-1.83E+01,2.64E+01,-8.15E+04,-1.19E+03,1.88E+04
1.36000E+01,2.72E+04,-1.98E+01,-1.75E+01,2.64E+01,-8.15E+04,-1.13E+03,7.17E+03
1.36020E+01,2.72E+04,-2.05E+01,-1.67E+01,2.64E+01,-8.15E+04,-1.15E+03,-1.32E+04
1.36040E+01,2.72E+04,-2.11E+01,-1.58E+01,2.64E+01,-8.15E+04,-1.20E+03,-2.38E+03
1.36060E+01,2.72E+04,-2.18E+01,-1.50E+01,2.64E+01,-8.15E+04,-1.16E+03,1.04E+03
1.36080E+01,2.72E+04,-2.24E+01,-1.41E+01,2.64E+01,-8.15E+04,-1.18E+03,2.17E+03
1.36100E+01,2.72E+04,-2.29E+01,-1.31E+01,2.64E+01,-8.15E+04,-1.18E+03,-7.79E+03
1.36120E+01,2.72E+04,-2.34E+01,-1.22E+01,2.64E+01,-8.15E+04,-1.18E+03,9.45E+03
1.36140E+01,2.72E+04,-2.39E+01,-1.12E+01,2.64E+01,-8.15E+04,-1.17E+03,-1.20E+04
1.36160E+01,2.72E+04,-2.43E+01,-1.02E+01,2.64E+01,-8.15E+04,-1.19E+03,8.96E+02
1.36180E+01,2.72E+04,-2.47E+01,-9.13E+00,2.63E+01,-8.15E+04,-1.21E+03,1.30E+04
1.36200E+01,2.72E+04,-2.50E+01,-8.13E+00,2.63E+01,-8.15E+04,-1.12E+03,1.66E+04
1.36220E+01,2.72E+04,-2.53E+01,-7.17E+00,2.63E+01,-8.15E+04,-1.13E+03,-1.98E+04
1.36240E+01,2.72E+04,-2.55E+01,-6.11E+00,2.63E+01,-8.15E+04,-1.21E+03,-1.88E+04
1.36260E+01,2.73E+04,-2.57E+01,-4.99E+00,2.62E+01,-8.15E+04,-1.21E+03,1.66E+04
1.36280E+01,2.73E+04,-2.59E+01,-3.92E+00,2.62E+01,-8.15E+04,-1.14E+03,2.11E+04
1.36300E+01,2.73E+04,-2.60E+01,-2.93E+00,2.62E+01,-8.15E+04,-1.12E+03,2.37E+03
1.36320E+01,2.73E+04,-2.61E+01,-1.89E+00,2.61E+01,-8.15E+04,-1.14E+03,-1.03E+04
1.36340E+01,2.73E+04,-2.61E+01,-8.43E-01,2.61E+01,-8.15E+04,-1.15E+03,-3.28E+02
1.36360E+01,2.73E+04,-2.60E+01,2.14E-01,2.60E+01,-8.15E+04,-1.15E+03,-5.20E+03
1.36380E+01,2.73E+04,-2.60E+01,1.25E+00,2.60E+01,-8.15E+04,-1.16E+03,2.99E+02
1.36400E+01,2.73E+04,-2.59E+01,2.32E+00,2.60E+01,-8.15E+04,-1.16E+03,1.52E+04
1.36420E+01,2.73E+04,-2.57E+01,3.34E+00,2.59E+01,-8.15E+04,-1.10E+03,5.38E+03
1.36440E+01,2.73E+04,-2.55E+01,4.27E+00,2.59E+01,-8.15E+04,-1.13E+03,-1.61E+04
1.36460E+01,2.73E+04,-2.52E+01,5.31E+00,2.58E+01,-8.16E+04,-1.18E+03,-2.19E+04
1.36480E+01,2.73E+04,-2.49E+01,6.33E+00,2.57E+01,-8.16E+04,-1.20E+03,1.28E+04
1.36500E+01,2.73E+04,-2.46E+01,7.38E+00,2.57E+01,-8.16E+04,-1.15E+03,8.84E+03
1.36520E+01,2.73E+04,-2.42E+01,8.27E+00,2.56E+01,-8.16E+04,-1.13E+03,5.59E+03
1.36540E+01,2.73E+04,-2.38E+01,9.25E+00,2.56E+01,-8.16E+04,-1.16E+03,-1.79E+04
1.36560E+01,2.73E+04,-2.34E+01,1.01E+01,2.55E+01,-8.16E+04,-1.18E+03,-5.61E+02
1.36580E+01,2.73E+04,-2.29E+01,1.11E+01,2.54E+01,-8.16E+04,-1.19E+03,-2.77E+03
1.36600E+01,2.73E+04,-2.23E+01,1.20E+01,2.53E+01,-8.16E+04,-1.17E+03,7.32E+03
1.36620E+01,2.73E+04,-2.18E+01,1.29E+01,2.53E+01,-8.16E+04,-1.18E+03,-8.76E+03
1.36640E+01,2.73E+04,-2.12E+01,1.37E+01,2.52E+01,-8.16E+04,-1.19E+03,-4.37E+03
1.36660E+01,2.73E+04,-2.05E+01,1.45E+01,2.51E+01,-8.16E+04,-1.21E+03,-7.05E+02
1.36680E+01,2.73E+04,-1.98E+01,1.53E+01,2.51E+01,-8.16E+04,-1.18E+03,1.83E+03
1.36700E+01,2.73E+04,-1.91E+01,1.61E+01,2.50E+01,-8.16E+04,-1.19E+03,-4.18E+03
1.36720E+01,2.73E+04,-1.84E+01,1.68E+01,2.49E+01,-8.16E+04,-1.21E+03,-3.76E+03
1.36740E+01,2.73E+04,-1.76E+01,1.75E+01,2.48E+01,-8.16E+04,-1.20E+03,6.78E+03
1.36760E+01,2.74E+04,-1.68E+01,1.82E+01,2.48E+01,-8.16E+04,-1.19E+03,-3.26E+03
1.36780E+01,2.74E+04,-1.60E+01,1.89E+01,2.47E+01,-8.16E+04,-1.21E+03,-7.71E+03
1.36800E+01,2.74E+04,-1.51E+01,1.95E+01,2.47E+01,-8.16E+04,-1.23E+03,-6.90E+03
1.36820E+01,2.74E+04,-1.42E+01,2.00E+01,2.46E+01,-8.16E+04,-1.22E+03,2.64E+03
1.36840E+01,2.74E+04,-1.33E+01,2.06E+01,2.45E+01,-8.16E+04,-1.22E+03,2.05E+03
1.36860E+01,2.74E+04,-1.24E+01,2.11E+01,2.45E+01,-8.16E+04,-1.22E+03,-4.25E+03
1.36880E+01,2.74E+04,-1.15E+01,2.15E+01,2.44E+01,-8.16E+04,-1.24E+03,-4.39E+03
1.36900E+01,2.74E+04,-1.05E+01,2.20E+01,2.44E+01,-8.16E+04,-1.24E+03,-4.78E+03
1.36920E+01,2.74E+04,-9.56E+00,2.24E+01,2.44E+01,-8.16E+04,-1.24E+03,-1.44E+03
1.36940E+01,2.74E+04,-8.54E+00,2.27E+01,2.43E+01,-8.16E+04,-1.26E+03,2.32E+02
1.36960E+01,2.74E+04,-7.54E+00,2.31E+01,2.43E+01,-8.16E+04,-1.24E+03,1.25E+04
1.36980E+01,2.74E+04,-6.54E+00,2.34E+01,2.43E+01,-8.16E+04,-1.21E+03,-1.18E+03
1.37000E+01,2.74E+04,-5.54E+00,2.36E+01,2.42E+01,-8.16E+04,-1.24E+03,-8.83E+03
1.37020E+01,2.74E+04,-4.48E+00,2.38E+01,2.42E+01,-8.16E+04,-1.26E+03,-6.81E+02
1.37040E+01,2.74E+04,-3.45E+00,2.39E+01,2.42E+01,-8.16E+04,-1.23E+03,1.07E+04
1.37060E+01,2.74E+04,-2.43E+00,2.41E+01,2.42E+01,-8.16E+04,-1.22E+03,3.74E+03
1.37080E+01,2.74E+04,-1.40E+00,2.42E+01,2.42E+01,-8.16E+04,-1.22E+03,-1.83E+03
1.37100E+01,2.74E+04,-3.82E-01,2.42E+01,2.42E+01,-8.16E+04,-1.22E+03,9.75E+02
1.37120E+01,2.74E+04,6.58E-01,2.42E+01,2.42E+01,-8.16E+04,-1.22E+03,1.24E+03
1.37140E+01,2.74E+04,1.67E+00,2.41E+01,2.42E+01,-8.16E+04,-1.21E+03,4.86E+03
1.37160E+01,2.74E+04,2.70E+00,2.40E+01,2.42E+01,-8.16E+04,-1.20E+03,1.33E+03
1.37180E+01,2.74E+04,3.70E+00,2.39E+01,2.42E+01,-8.16E+04,-1.20E+03,7.55E+03
1.37200E+01,2.74E+04,4.70E+00,2.38E+01,2.42E+01,-8.16E+04,-1.18E+03,-6.04E+02
1.37220E+01,2.74E+04,5.66E+00,2.36E+01,2.42E+01,-8.16E+04,-1.19E+03,-3.65E+03
1.37240E+01,2.74E+04,6.66E+00,2.33E+01,2.42E+01,-8.16E+04,-1.21E+03,4.68E+03
1.37260E+01,2.75E+04,7.64E+00,2.30E+01,2.43E+01,-8.16E+04,-1.17E+03,3.82E+03
1.37280E+01,2.75E+04,8.56E+00,2.27E+01,2.43E+01,-8.17E+04,-1.18E+03,6.24E+03
1.37300E+01,2.75E+04,9.53E+00,2.24E+01,2.43E+01,-8.17E+04,-1.17E+03,1.05E+04
1.37320E+01,2.75E+04,1.04E+01,2.20E+01,2.44E+01,-8.17E+04,-1.11E+03,7.94E+03
1.37340E+01,2.75E+04,1.13E+01,2.16E+01,2.44E+01,-8.17E+04,-1.14E+03,-8.92E+03
1.37360E+01,2.75E+04,1.21E+01,2.11E+01,2.44E+01,-8.17E+04,-1.16E+03,-8.32E+03
1.37380E+01,2.75E+04,1.30E+01,2.07E+01,2.44E+01,-8.17E+04,-1.17E+03,-6.89E+03
1.37400E+01,2.75E+04,1.39E+01,2.01E+01,2.44E+01,-8.17E+04,-1.19E+03,8.55E+02
1.37420E+01,2.75E+04,1.47E+01,1.96E+01,2.45E+01,-8.17E+04,-1.17E+03,1.78E+04
1.37440E+01,2.75E+04,1.55E+01,1.90E+01,2.45E+01,-8.17E+04,-1.11E+03,2.15E+04
1.37460E+01,2.75E+04,1.63E+01,1.85E+01,2.46E+01,-8.17E+04,-1.08E+03,-7.61E+03
1.37480E+01,2.75E+04,1.69E+01,1.78E+01,2.46E+01,-8.17E+04,-1.14E+03,-2.33E+04
1.37500E+01,2.75E+04,1.77E+01,1.72E+01,2.47E+01,-8.17E+04,-1.20E+03,1.34E+04
1.37520E+01,2.75E+04,1.85E+01,1.64E+01,2.47E+01,-8.17E+04,-1.08E+03,1.82E+04
1.37540E+01,2.75E+04,1.90E+01,1.58E+01,2.47E+01,-8.17E+04,-1.08E+03,7.58E+00
1.37560E+01,2.75E+04,1.97E+01,1.50E+01,2.48E+01,-8.17E+04,-1.13E+03,-1.85E+04
1.37580E+01,2.75E+04,2.03E+01,1.43E+01,2.49E+01,-8.17E+04,-1.12E+03,2.13E+04
1.37600E+01,2.75E+04,2.09E+01,1.35E+01,2.49E+01,-8.17E+04,-1.08E+03,7.23E+03
1.37620E+01,2.75E+04,2.14E+01,1.28E+01,2.49E+01,-8.17E+04,-1.06E+03,1.88E+03
1.37640E+01,2.75E+04,2.19E+01,1.20E+01,2.49E+01,-8.17E+04,-1.10E+03,-1.90E+04
1.37660E+01,2.75E+04,2.24E+01,1.12E+01,2.50E+01,-8.17E+04,-1.11E+03,-4.28E+03
1.37680E+01,2.75E+04,2.28E+01,1.02E+01,2.50E+01,-8.17E+04,-1.13E+03,-1.47E+04
1.37700E+01,2.75E+04,2.33E+01,9.38E+00,2.51E+01,-8.17E+04,-1.16E+03,6.57E+03
1.37720E+01,2.75E+04,2.37E+01,8.41E+00,2.51E+01,-8.17E+04,-1.13E+03,1.57E+04
1.37740E+01,2.75E+04,2.40E+01,7.54E+00,2.52E+01,-8.17E+04,-1.07E+03,-1.09E+03
1.37760E+01,2.76E+04,2.43E+01,6.65E+00,2.52E+01,-8.17E+04,-1.14E+03,-4.68E+03
1.37780E+01,2.76E+04,2.46E+01,5.63E+00,2.52E+01,-8.17E+04,-1.12E+03,1.67E+04
1.37800E+01,2.76E+04,2.47E+01,4.73E+00,2.52E+01,-8.17E+04,-1.04E+03,2.61E+04
1.37820E+01,2.76E+04,2.49E+01,3.83E+00,2.52E+01,-8.17E+04,-1.03E+03,-5.33E+03
1.37840E+01,2.76E+04,2.51E+01,2.96E+00,2.53E+01,-8.17E+04,-1.05E+03,-7.19E+03
1.37860E+01,2.76E+04,2.52E+01,2.00E+00,2.53E+01,-8.17E+04,-1.07E+03,-1.37E+04
1.37880E+01,2.76E+04,2.53E+01,1.07E+00,2.53E+01,-8.17E+04,-1.09E+03,2.40E+02
1.37900E+01,2.76E+04,2.53E+01,8.49E-02,2.53E+01,-8.17E+04,-1.09E+03,-5.98E+03
1.37920E+01,2.76E+04,2.53E+01,-8.45E-01,2.53E+01,-8.17E+04,-1.09E+03,7.36E+01
1.37940E+01,2.76E+04,2.53E+01,-1.85E+00,2.53E+01,-8.17E+04,-1.11E+03,-9.41E+03
1.37960E+01,2.76E+04,2.52E+01,-2.80E+00,2.53E+01,-8.17E+04,-1.11E+03,-5.25E+02
1.37980E+01,2.76E+04,2.51E+01,-3.80E+00,2.54E+01,-8.17E+04,-1.12E+03,-1.09E+03
1.38000E+01,2.76E+04,2.49E+01,-4.77E+00,2.54E+01,-8.17E+04,-1.11E+03,2.63E+03
1.38020E+01,2.76E+04,2.47E+01,-5.74E+00,2.54E+01,-8.17E+04,-1.12E+03,8.39E+03
1.38040E+01,2.76E+04,2.46E+01,-6.72E+00,2.55E+01,-8.17E+04,-1.08E+03,-2.10E+03
1.38060E+01,2.76E+04,2.43E+01,-7.60E+00,2.55E+01,-8.17E+04,-1.10E+03,-1.16E+04
1.38080E+01,2.76E+04,2.40E+01,-8.60E+00,2.55E+01,-8.17E+04,-1.15E+03,2.55E+02
1.38100E+01,2.76E+04,2.37E+01,-9.57E+00,2.56E+01,-8.17E+04,-1.09E+03,1.10E+04
1.38120E+01,2.76E+04,2.33E+01,-1.04E+01,2.56E+01,-8.17E+04,-1.09E+03,-9.63E+03
1.38140E+01,2.76E+04,2.29E+01,-1.14E+01,2.56E+01,-8.17E+04,-1.15E+03,1.65E+03
1.38160E+01,2.76E+04,2.25E+01,-1.23E+01,2.56E+01,-8.17E+04,-1.09E+03,1.84E+04
1.38180E+01,2.76E+04,2.20E+01,-1.31E+01,2.56E+01,-8.18E+04,-1.05E+03,6.05E+03
1.38200E+01,2.76E+04,2.16E+01,-1.39E+01,2.57E+01,-8.18E+04,-1.09E+03,-1.81E+04
1.38220E+01,2.76E+04,2.10E+01,-1.47E+01,2.57E+01,-8.18E+04,-1.12E+03,-9.98E+02
1.38240E+01,2.76E+04,2.05E+01,-1.56E+01,2.57E+01,-8.18E+04,-1.10E+03,6.02E+03
1.38260E+01,2.77E+04,1.99E+01,-1.64E+01,2.58E+01,-8.18E+04,-1.08E+03,2.83E+03
1.38280E+01,2.77E+04,1.92E+01,-1.71E+01,2.57E+01,-8.18E+04,-1.10E+03,-4.15E+03
1.38300E+01,2.77E+04,1.86E+01,-1.79E+01,2.58E+01,-8.18E+04,-1.09E+03,-1.70E+03
1.38320E+01,2.77E+04,1.79E+01,-1.86E+01,2.58E+01,-8.18E+04,-1.10E+03,3.98E+03
1.38340E+01,2.77E+04,1.71E+01,-1.92E+01,2.58E+01,-8.18E+04,-1.09E+03,1.13E+03
1.38360E+01,2.77E+04,1.65E+01,-1.99E+01,2.58E+01,-8.18E+04,-1.08E+03,-2.07E+03
1.38380E+01,2.77E+04,1.57E+01,-2.06E+01,2.59E+01,-8.18E+04,-1.11E+03,-8.90E+03
1.38400E+01,2.77E+04,1.49E+01,-2.11E+01,2.58E+01,-8.18E+04,-1.12E+03,-1.86E+03
1.38420E+01,2.77E+04,1.41E+01,-2.17E+01,2.59E+01,-8.18E+04,-1.11E+03,2.72E+03
1.38440E+01,2.77E+04,1.32E+01,-2.22E+01,2.58E+01,-8.18E+04,-1.10E+03,-6.35E+02
1.38460E+01,2.77E+04,1.24E+01,-2.27E+01,2.59E+01,-8.18E+04,-1.11E+03,3.96E+03
1.38480E+01,2.77E+04,1.15E+01,-2.32E+01,2.59E+01,-8.18E+04,-1.10E+03,7.76E+03
1.38500E+01,2.77E+04,1.06E+01,-2.37E+01,2.59E+01,-8.18E+04,-1.07E+03,-1.72E+03
1.38520E+01,2.77E+04,9.71E+00,-2.40E+01,2.59E+01,-8.18E+04,-1.11E+03,-7.47E+03
1.38540E+01,2.77E+04,8.76E+00,-2.44E+01,2.59E+01,-8.18E+04,-1.11E+03,-8.30E+02
1.38560E+01,2.77E+04,7.83E+00,-2.47E+01,2.60E+01,-8.18E+04,-1.10E+03,1.06E+03
1.38580E+01,2.77E+04,6.87E+00,-2.50E+01,2.59E+01,-8.18E+04,-1.11E+03,-3.29E+03
1.38600E+01,2.77E+04,5.89E+00,-2.53E+01,2.60E+01,-8.18E+04,-1.11E+03,-6.88E+02
1.38620E+01,2.77E+04,4.91E+00,-2.55E+01,2.60E+01,-8.18E+04,-1.11E+03,2.60E+03
1.38640E+01,2.77E+04,3.92E+00,-2.57E+01,2.60E+01,-8.18E+04,-1.11E+03,-9.30E+02
1.38660E+01,2.77E+04,2.93E+00,-2.58E+01,2.60E+01,-8.18E+04,-1.11E+03,-1.53E+03
1.38680E+01,2.77E+04,1.92E+00,-2.59E+01,2.60E+01,-8.18E+04,-1.12E+03,-2.01E+03
1.38700E+01,2.77E+04,9.10E-01,-2.60E+01,2.60E+01,-8.18E+04,-1.11E+03,2.35E+02
1.38720E+01,2.77E+04,-9.80E-02,-2.60E+01,2.60E+01,-8.18E+04,-1.12E+03,-1.17E+03
1.38740E+01,2.77E+04,-1.12E+00,-2.60E+01,2.60E+01,-8.18E+04,-1.12E+03,2.26E+03
1.38760E+01,2.78E+04,-2.13E+00,-2.59E+01,2.60E+01,-8.18E+04,-1.11E+03,1.50E+03
1.38780E+01,2.78E+04,-3.13E+00,-2.59E+01,2.61E+01,-8.18E+04,-1.11E+03,2.88E+03
1.38800E+01,2.78E+04,-4.14E+00,-2.57E+01,2.61E+01,-8.18E+04,-1.10E+03,6.97E+02
1.38820E+01,2.78E+04,-5.12E+00,-2.56E+01,2.61E+01,-8.18E+04,-1.10E+03,4.49E+03
1.38840E+01,2.78E+04,-6.12E+00,-2.54E+01,2.62E+01,-8.18E+04,-1.09E+03,-2.63E+03
1.38860E+01,2.78E+04,-7.07E+00,-2.52E+01,2.61E+01,-8.18E+04,-1.10E+03,-5.81E+03
1.38880E+01,2.78E+04,-8.05E+00,-2.49E+01,2.62E+01,-8.18E+04,-1.13E+03,-4.31E+03
1.38900E+01,2.78E+04,-9.03E+00,-2.46E+01,2.62E+01,-8.18E+04,-1.12E+03,2.76E+02
1.38920E+01,2.78E+04,-9.98E+00,-2.42E+01,2.62E+01,-8.18E+04,-1.12E+03,1.10E+03
1.38940E+01,2.78E+04,-1.09E+01,-2.38E+01,2.62E+01,-8.18E+04,-1.12E+03,-1.89E+02
1.38960E+01,2.78E+04,-1.18E+01,-2.34E+01,2.62E+01,-8.18E+04,-1.11E+03,7.41E+03
1.38980E+01,2.78E+04,-1.28E+01,-2.29E+01,2.63E+01,-8.18E+04,-1.10E+03,6.62E+03
1.39000E+01,2.78E+04,-1.36E+01,-2.25E+01,2.63E+01,-8.18E+04,-1.08E+03,1.19E+04
1.39020E+01,2.78E+04,-1.45E+01,-2.20E+01,2.63E+01,-8.18E+04,-1.06E+03,2.91E+02
1.39040E+01,2.78E+04,-1.53E+01,-2.14E+01,2.63E+01,-8.18E+04,-1.07E+03,-1.44E+04
1.39060E+01,2.78E+04,-1.61E+01,-2.08E+01,2.63E+01,-8.18E+04,-1.12E+03,-8.27E+03
1.39080E+01,2.78E+04,-1.69E+01,-2.02E+01,2.63E+01,-8.18E+04,-1.11E+03,1.46E+04
1.39100E+01,2.78E+04,-1.77E+01,-1.95E+01,2.63E+01,-8.19E+04,-1.05E+03,4.52E+03
1.39120E+01,2.78E+04,-1.84E+01,-1.89E+01,2.64E+01,-8.19E+04,-1.08E+03,-8.01E+03
1.39140E+01,2.78E+04,-1.91E+01,-1.82E+01,2.64E+01,-8.19E+04,-1.10E+03,6.36E+03
1.39160E+01,2.78E+04,-1.97E+01,-1.74E+01,2.63E+01,-8.19E+04,-1.05E+03,4.34E+03
1.39180E+01,2.78E+04,-2.04E+01,-1.67E+01,2.64E+01,-8.19E+04,-1.07E+03,-1.02E+04
1.39200E+01,2.78E+04,-2.10E+01,-1.59E+01,2.64E+01,-8.19E+04,-1.11E+03,7.16E+03
1.39220E+01,2.78E+04,-2.16E+01,-1.51E+01,2.64E+01,-8.19E+04,-1.04E+03,1.26E+04
1.39240E+01,2.78E+04,-2.21E+01,-1.43E+01,2.63E+01,-8.19E+04,-1.04E+03,4.41E+03
1.39260E+01,2.79E+04,-2.26E+01,-1.35E+01,2.64E+01,-8.19E+04,-1.05E+03,-1.33E+04
1.39280E+01,2.79E+04,-2.31E+01,-1.27E+01,2.64E+01,-8.19E+04,-1.07E+03,-4.86E+03
1.39300E+01,2.79E+04,-2.36E+01,-1.18E+01,2.64E+01,-8.19E+04,-1.10E+03,2.06E+03
1.39320E+01,2.79E+04,-2.41E+01,-1.09E+01,2.64E+01,-8.19E+04,-1.05E+03,-1.40E+03
1.39340E+01,2.79E+04,-2.44E+01,-1.00E+01,2.64E+01,-8.19E+04,-1.09E+03,-7.96E+03
1.39360E+01,2.79E+04,-2.47E+01,-9.01E+00,2.63E+01,-8.19E+04,-1.11E+03,1.09E+04
1.39380E+01,2.79E+04,-2.51E+01,-8.09E+00,2.63E+01,-8.19E+04,-1.03E+03,2.00E+04
1.39400E+01,2.79E+04,-2.53E+01,-7.22E+00,2.63E+01,-8.19E+04,-1.02E+03,-1.89E+04
1.39420E+01,2.79E+04,-2.55E+01,-6.28E+00,2.63E+01,-8.19E+04,-1.11E+03,-1.86E+04
1.39440E+01,2.79E+04,-2.57E+01,-5.23E+00,2.63E+01,-8.19E+04,-1.11E+03,1.48E+04
1.39460E+01,2.79E+04,-2.59E+01,-4.27E+00,2.63E+01,-8.19E+04,-1.03E+03,2.25E+04
1.39480E+01,2.79E+04,-2.59E+01,-3.34E+00,2.61E+01,-8.19E+04,-1.02E+03,5.52E+03
1.39500E+01,2.79E+04,-2.59E+01,-2.40E+00,2.61E+01,-8.19E+04,-1.02E+03,-3.24E+03
1.39520E+01,2.79E+04,-2.60E+01,-1.49E+00,2.60E+01,-8.19E+04,-1.02E+03,-4.68E+03
1.39540E+01,2.79E+04,-2.60E+01,-5.46E-01,2.60E+01,-8.19E+04,-1.05E+03,-9.46E+03
1.39560E+01,2.79E+04,-2.60E+01,4.13E-01,2.60E+01,-8.19E+04,-1.06E+03,-9.70E+03
1.39580E+01,2.79E+04,-2.59E+01,1.37E+00,2.60E+01,-8.19E+04,-1.08E+03,-1.50E+03
1.39600E+01,2.79E+04,-2.58E+01,2.37E+00,2.59E+01,-8.19E+04,-1.07E+03,2.05E+04
1.39620E+01,2.79E+04,-2.57E+01,3.31E+00,2.59E+01,-8.19E+04,-9.95E+02,6.03E+03
1.39640E+01,2.79E+04,-2.55E+01,4.14E+00,2.59E+01,-8.19E+04,-1.03E+03,-1.64E+04
1.39660E+01,2.79E+04,-2.53E+01,5.11E+00,2.58E+01,-8.19E+04,-1.09E+03,-2.43E+04
1.39680E+01,2.79E+04,-2.50E+01,6.05E+00,2.57E+01,-8.19E+04,-1.10E+03,1.64E+04
1.39700E+01,2.79E+04,-2.47E+01,7.03E+00,2.57E+01,-8.19E+04,-1.05E+03,4.83E+03
1.39720E+01,2.79E+04,-2.44E+01,7.84E+00,2.56E+01,-8.19E+04,-1.05E+03,7.24E+02
1.39740E+01,2.79E+04,-2.40E+01,8.77E+00,2.56E+01,-8.19E+04,-1.09E+03,-9.10E+03
1.39760E+01,2.80E+04,-2.35E+01,9.58E+00,2.54E+01,-8.19E+04,-1.06E+03,-4.01E+03
1.39780E+01,2.80E+04,-2.31E+01,1.04E+01,2.54E+01,-8.19E+04,-1.11E+03,3.45E+03
1.39800E+01,2.80E+04,-2.27E+01,1.13E+01,2.54E+01,-8.19E+04,-1.07E+03,7.29E+03
1.39820E+01,2.80E+04,-2.22E+01,1.21E+01,2.53E+01,-8.19E+04,-1.04E+03,4.38E+03
1.39840E+01,2.80E+04,-2.17E+01,1.29E+01,2.53E+01,-8.19E+04,-1.08E+03,-1.08E+03
1.39860E+01,2.80E+04,-2.11E+01,1.36E+01,2.51E+01,-8.19E+04,-1.04E+03,1.90E+03
1.39880E+01,2.80E+04,-2.05E+01,1.43E+01,2.50E+01,-8.19E+04,-1.06E+03,-1.36E+04
1.39900E+01,2.80E+04,-2.00E+01,1.51E+01,2.50E+01,-8.19E+04,-1.11E+03,-1.54E+04
1.39920E+01,2.80E+04,-1.93E+01,1.58E+01,2.49E+01,-8.19E+04,-1.12E+03,9.25E+03
1.39940E+01,2.80E+04,-1.86E+01,1.65E+01,2.49E+01,-8.19E+04,-1.08E+03,5.04E+03
1.39960E+01,2.80E+04,-1.80E+01,1.72E+01,2.49E+01,-8.19E+04,-1.08E+03,-2.57E+03
1.39980E+01,2.80E+04,-1.72E+01,1.78E+01,2.48E+01,-8.19E+04,-1.11E+03,-7.44E+03
1.40000E+01,2.80E+04,-1.65E+01,1.84E+01,2.47E+01,-8.19E+04,-1.10E+03,6.80E+03
1.40020E+01,2.80E+04,-1.58E+01,1.90E+01,2.47E+01,-8.20E+04,-1.08E+03,-8.17E+02
1.40040E+01,2.80E+04,-1.50E+01,1.95E+01,2.46E+01,-8.20E+04,-1.09E+03,-5.38E+03
1.40060E+01,2.80E+04,-1.42E+01,2.00E+01,2.46E+01,-8.20E+04,-1.11E+03,-5.57E+03
1.40080E+01,2.80E+04,-1.34E+01,2.05E+01,2.45E+01,-8.20E+04,-1.11E+03,1.16E+04
1.40100E+01,2.80E+04,-1.26E+01,2.10E+01,2.45E+01,-8.20E+04,-1.07E+03,3.30E+03
1.40120E+01,2.80E+04,-1.18E+01,2.14E+01,2.45E+01,-8.20E+04,-1.08E+03,-4.22E+02
1.40140E+01,2.80E+04,-1.09E+01,2.19E+01,2.44E+01,-8.20E+04,-1.10E+03,-5.29E+03
1.40160E+01,2.80E+04,-1.01E+01,2.22E+01,2.44E+01,-8.20E+04,-1.08E+03,-7.08E+03
1.40180E+01,2.80E+04,-9.23E+00,2.25E+01,2.44E+01,-8.20E+04,-1.13E+03,-5.36E+03
1.40200E+01,2.80E+04,-8.30E+00,2.29E+01,2.43E+01,-8.20E+04,-1.12E+03,3.08E+03
1.40220E+01,2.80E+04,-7.43E+00,2.31E+01,2.43E+01,-8.20E+04,-1.10E+03,8.90E+03
1.40240E+01,2.80E+04,-6.51E+00,2.34E+01,2.43E+01,-8.20E+04,-1.10E+03,-1.88E+03
1.40260E+01,2.81E+04,-5.60E+00,2.35E+01,2.42E+01,-8.20E+04,-1.09E+03,5.51E+03
1.40280E+01,2.81E+04,-4.69E+00,2.37E+01,2.42E+01,-8.20E+04,-1.09E+03,1.32E+03
1.40300E+01,2.81E+04,-3.80E+00,2.39E+01,2.42E+01,-8.20E+04,-1.08E+03,7.59E+03
1.40320E+01,2.81E+04,-2.89E+00,2.40E+01,2.42E+01,-8.20E+04,-1.07E+03,-4.47E+03
1.40340E+01,2.81E+04,-2.01E+00,2.41E+01,2.42E+01,-8.20E+04,-1.08E+03,-2.23E+03
1.40360E+01,2.81E+04,-1.07E+00,2.42E+01,2.42E+01,-8.20E+04,-1.09E+03,-9.68E+03
1.40380E+01,2.81E+04,-1.68E-01,2.42E+01,2.42E+01,-8.20E+04,-1.10E+03,1.20E+02
1.40400E+01,2.81E+04,7.93E-01,2.42E+01,2.42E+01,-8.20E+04,-1.11E+03,-4.31E+03
1.40420E+01,2.81E+04,1.70E+00,2.41E+01,2.42E+01,-8.20E+04,-1.11E+03,3.97E+03
1.40440E+01,2.81E+04,2.65E+00,2.40E+01,2.42E+01,-8.20E+04,-1.11E+03,-6.75E+01
1.40460E+01,2.81E+04,3.56E+00,2.39E+01,2.42E+01,-8.20E+04,-1.10E+03,1.37E+04
1.40480E+01,2.81E+04,4.48E+00,2.38E+01,2.42E+01,-8.20E+04,-1.06E+03,1.17E+04
1.40500E+01,2.81E+04,5.33E+00,2.36E+01,2.42E+01,-8.20E+04,-1.03E+03,6.25E+03
1.40520E+01,2.81E+04,6.18E+00,2.34E+01,2.42E+01,-8.20E+04,-1.05E+03,-8.37E+03
1.40540E+01,2.81E+04,7.04E+00,2.32E+01,2.42E+01,-8.20E+04,-1.07E+03,-5.24E+03
1.40560E+01,2.81E+04,7.92E+00,2.29E+01,2.42E+01,-8.20E+04,-1.07E+03,-7.86E+03
1.40580E+01,2.81E+04,8.77E+00,2.26E+01,2.42E+01,-8.20E+04,-1.09E+03,-3.38E+03
1.40600E+01,2.81E+04,9.64E+00,2.22E+01,2.42E+01,-8.20E+04,-1.10E+03,1.05E+04
1.40620E+01,2.81E+04,1.05E+01,2.19E+01,2.43E+01,-8.20E+04,-1.04E+03,1.53E+04
1.40640E+01,2.81E+04,1.13E+01,2.15E+01,2.43E+01,-8.20E+04,-1.02E+03,1.01E+04
1.40660E+01,2.81E+04,1.20E+01,2.11E+01,2.43E+01,-8.20E+04,-1.02E+03,-1.51E+04
1.40680E+01,2.81E+04,1.28E+01,2.07E+01,2.43E+01,-8.20E+04,-1.07E+03,-1.05E+03
1.40700E+01,2.81E+04,1.36E+01,2.02E+01,2.44E+01,-8.20E+04,-1.06E+03,1.10E+04
1.40720E+01,2.81E+04,1.44E+01,1.98E+01,2.45E+01,-8.20E+04,-9.87E+02,1.59E+04
1.40740E+01,2.81E+04,1.50E+01,1.93E+01,2.45E+01,-8.20E+04,-1.01E+03,-2.22E+04
1.40760E+01,2.82E+04,1.57E+01,1.88E+01,2.45E+01,-8.20E+04,-1.07E+03,1.06E+04
1.40780E+01,2.82E+04,1.65E+01,1.82E+01,2.46E+01,-8.20E+04,-9.96E+02,7.45E+03
1.40800E+01,2.82E+04,1.70E+01,1.77E+01,2.46E+01,-8.20E+04,-9.80E+02,-1.12E+04
1.40820E+01,2.82E+04,1.78E+01,1.71E+01,2.46E+01,-8.20E+04,-1.09E+03,-3.17E+03
1.40840E+01,2.82E+04,1.84E+01,1.64E+01,2.47E+01,-8.20E+04,-9.91E+02,1.30E+04
1.40860E+01,2.82E+04,1.89E+01,1.59E+01,2.47E+01,-8.20E+04,-9.96E+02,4.52E+03
1.40880E+01,2.82E+04,1.96E+01,1.52E+01,2.48E+01,-8.20E+04,-1.03E+03,-3.87E+03
1.40900E+01,2.82E+04,2.02E+01,1.45E+01,2.49E+01,-8.20E+04,-9.73E+02,1.59E+04
1.40920E+01,2.82E+04,2.06E+01,1.38E+01,2.48E+01,-8.20E+04,-9.81E+02,-1.81E+04
1.40940E+01,2.82E+04,2.11E+01,1.32E+01,2.49E+01,-8.20E+04,-1.03E+03,-5.70E+02
1.40960E+01,2.82E+04,2.17E+01,1.24E+01,2.50E+01,-8.21E+04,-1.01E+03,-9.71E+02
1.40980E+01,2.82E+04,2.21E+01,1.17E+01,2.50E+01,-8.21E+04,-9.95E+02,1.51E+04
1.41000E+01,2.82E+04,2.25E+01,1.08E+01,2.50E+01,-8.21E+04,-9.90E+02,1.46E+03
1.41020E+01,2.82E+04,2.29E+01,1.01E+01,2.50E+01,-8.21E+04,-9.57E+02,-1.25E+04
1.41040E+01,2.82E+04,2.33E+01,9.36E+00,2.51E+01,-8.21E+04,-1.05E+03,-2.37E+03
1.41060E+01,2.82E+04,2.37E+01,8.47E+00,2.51E+01,-8.21E+04,-9.96E+02,2.69E+04
1.41080E+01,2.82E+04,2.38E+01,7.71E+00,2.51E+01,-8.21E+04,-8.98E+02,6.32E+03
1.41100E+01,2.82E+04,2.41E+01,6.96E+00,2.51E+01,-8.21E+04,-9.83E+02,-2.92E+04
1.41120E+01,2.82E+04,2.44E+01,6.09E+00,2.52E+01,-8.21E+04,-1.03E+03,-9.38E+03
1.41140E+01,2.82E+04,2.47E+01,5.23E+00,2.53E+01,-8.21E+04,-1.01E+03,1.04E+04
1.41160E+01,2.82E+04,2.49E+01,4.37E+00,2.53E+01,-8.21E+04,-9.92E+02,1.83E+04
1.41180E+01,2.82E+04,2.51E+01,3.52E+00,2.53E+01,-8.21E+04,-9.41E+02,1.55E+04
1.41200E+01,2.82E+04,2.51E+01,2.73E+00,2.53E+01,-8.21E+04,-9.15E+02,6.27E+03
1.41220E+01,2.82E+04,2.52E+01,1.91E+00,2.53E+01,-8.21E+04,-9.29E+02,-1.58E+04
1.41240E+01,2.82E+04,2.53E+01,1.09E+00,2.53E+01,-8.21E+04,-9.68E+02,-1.22E+04
1.41260E+01,2.83E+04,2.53E+01,2.02E-01,2.53E+01,-8.21E+04,-9.94E+02,-1.42E+04
1.41280E+01,2.83E+04,2.53E+01,-6.62E-01,2.53E+01,-8.21E+04,-1.01E+03,8.63E+02
1.41300E+01,2.83E+04,2.53E+01,-1.58E+00,2.54E+01,-8.21E+04,-1.01E+03,3.62E+03
1.41320E+01,2.83E+04,2.53E+01,-2.44E+00,2.54E+01,-8.21E+04,-9.79E+02,-4.80E+03
1.41340E+01,2.83E+04,2.52E+01,-3.31E+00,2.54E+01,-8.21E+04,-1.03E+03,2.56E+03
1.41360E+01,2.83E+04,2.50E+01,-4.24E+00,2.53E+01,-8.21E+04,-9.91E+02,7.42E+03
1.41380E+01,2.83E+04,2.48E+01,-5.04E+00,2.54E+01,-8.21E+04,-9.62E+02,1.08E+03
1.41400E+01,2.83E+04,2.47E+01,-5.92E+00,2.54E+01,-8.21E+04,-1.01E+03,-2.52E+03
1.41420E+01,2.83E+04,2.45E+01,-6.80E+00,2.55E+01,-8.21E+04,-9.71E+02,2.23E+03
1.41440E+01,2.83E+04,2.43E+01,-7.60E+00,2.55E+01,-8.21E+04,-9.83E+02,-6.26E+03
1.41460E+01,2.83E+04,2.40E+01,-8.49E+00,2.55E+01,-8.21E+04,-1.02E+03,1.69E+03
1.41480E+01,2.83E+04,2.38E+01,-9.34E+00,2.56E+01,-8.21E+04,-9.69E+02,1.07E+04
1.41500E+01,2.83E+04,2.34E+01,-1.01E+01,2.55E+01,-8.21E+04,-9.65E+02,-1.31E+04
1.41520E+01,2.83E+04,2.30E+01,-1.09E+01,2.55E+01,-8.21E+04,-1.03E+03,-6.13E+02
1.41540E+01,2.83E+04,2.27E+01,-1.18E+01,2.56E+01,-8.21E+04,-9.85E+02,2.57E+03
1.41560E+01,2.83E+04,2.23E+01,-1.25E+01,2.56E+01,-8.21E+04,-9.81E+02,1.16E+04
1.41580E+01,2.83E+04,2.18E+01,-1.33E+01,2.56E+01,-8.21E+04,-9.82E+02,-8.01E+03
1.41600E+01,2.83E+04,2.14E+01,-1.40E+01,2.56E+01,-8.21E+04,-9.72E+02,-6.11E+03
1.41620E+01,2.83E+04,2.09E+01,-1.48E+01,2.56E+01,-8.21E+04,-1.04E+03,-5.39E+03
1.41640E+01,2.83E+04,2.04E+01,-1.56E+01,2.57E+01,-8.21E+04,-9.90E+02,2.49E+04
1.41660E+01,2.83E+04,1.99E+01,-1.62E+01,2.57E+01,-8.21E+04,-9.26E+02,1.71E+03
1.41680E+01,2.83E+04,1.94E+01,-1.68E+01,2.57E+01,-8.21E+04,-9.75E+02,-1.65E+04
1.41700E+01,2.83E+04,1.88E+01,-1.76E+01,2.57E+01,-8.21E+04,-1.02E+03,-3.62E+02
1.41720E+01,2.83E+04,1.81E+01,-1.82E+01,2.57E+01,-8.21E+04,-9.63E+02,5.69E+03
1.41740E+01,2.83E+04,1.76E+01,-1.88E+01,2.57E+01,-8.21E+04,-9.83E+02,-4.71E+03
1.41760E+01,2.84E+04,1.69E+01,-1.94E+01,2.57E+01,-8.21E+04,-1.00E+03,-2.53E+03
1.41780E+01,2.84E+04,1.62E+01,-2.00E+01,2.57E+01,-8.21E+04,-9.78E+02,4.63E+03
1.41800E+01,2.84E+04,1.56E+01,-2.06E+01,2.58E+01,-8.21E+04,-9.89E+02,-6.36E+03
1.41820E+01,2.84E+04,1.48E+01,-2.11E+01,2.58E+01,-8.21E+04,-1.01E+03,2.58E+03
1.41840E+01,2.84E+04,1.41E+01,-2.16E+01,2.58E+01,-8.21E+04,-9.83E+02,-8.98E+02
1.41860E+01,2.84E+04,1.33E+01,-2.21E+01,2.58E+01,-8.21E+04,-9.94E+02,1.06E+03
1.41880E+01,2.84E+04,1.26E+01,-2.26E+01,2.59E+01,-8.21E+04,-9.99E+02,-3.89E+03
1.41900E+01,2.84E+04,1.18E+01,-2.30E+01,2.58E+01,-8.21E+04,-9.91E+02,1.08E+01
1.41920E+01,2.84E+04,1.10E+01,-2.34E+01,2.59E+01,-8.21E+04,-1.01E+03,-2.12E+03
1.41940E+01,2.84E+04,1.02E+01,-2.38E+01,2.59E+01,-8.21E+04,-9.96E+02,1.35E+03
1.41960E+01,2.84E+04,9.32E+00,-2.41E+01,2.59E+01,-8.21E+04,-1.00E+03,6.42E+03
1.41980E+01,2.84E+04,8.48E+00,-2.45E+01,2.59E+01,-8.22E+04,-9.82E+02,5.93E+03
1.42000E+01,2.84E+04,7.67E+00,-2.48E+01,2.59E+01,-8.22E+04,-9.62E+02,-1.08E+02
1.42020E+01,2.84E+04,6.81E+00,-2.50E+01,2.59E+01,-8.22E+04,-9.90E+02,-1.09E+04
1.42040E+01,2.84E+04,5.94E+00,-2.52E+01,2.59E+01,-8.22E+04,-1.01E+03,-7.01E+03
1.42060E+01,2.84E+04,5.05E+00,-2.55E+01,2.60E+01,-8.22E+04,-1.02E+03,5.42E+02
1.42080E+01,2.84E+04,4.14E+00,-2.57E+01,2.60E+01,-8.22E+04,-1.01E+03,-2.37E+03
1.42100E+01,2.84E+04,3.25E+00,-2.58E+01,2.60E+01,-8.22E+04,-1.02E+03,2.73E+03
1.42120E+01,2.84E+04,2.31E+00,-2.59E+01,2.60E+01,-8.22E+04,-1.01E+03,7.55E+03
1.42140E+01,2.84E+04,1.42E+00,-2.59E+01,2.60E+01,-8.22E+04,-9.75E+02,1.24E+04
1.42160E+01,2.84E+04,5.44E-01,-2.60E+01,2.60E+01,-8.22E+04,-9.66E+02,-1.73E+02
1.42180E+01,2.84E+04,-3.28E-01,-2.60E+01,2.60E+01,-8.22E+04,-9.73E+02,-7.17E+03
1.42200E+01,2.84E+04,-1.22E+00,-2.60E+01,2.60E+01,-8.22E+04,-9.97E+02,-8.99E+03
1.42220E+01,2.84E+04,-2.14E+00,-2.59E+01,2.60E+01,-8.22E+04,-1.01E+03,-4.10E+03
1.42240E+01,2.84E+04,-3.05E+00,-2.59E+01,2.61E+01,-8.22E+04,-1.01E+03,1.39E+03
1.42260E+01,2.85E+04,-3.97E+00,-2.58E+01,2.61E+01,-8.22E+04,-1.01E+03,1.91E+03
1.42280E+01,2.85E+04,-4.88E+00,-2.57E+01,2.61E+01,-8.22E+04,-1.00E+03,2.92E+03
1.42300E+01,2.85E+04,-5.78E+00,-2.55E+01,2.61E+01,-8.22E+04,-9.97E+02,1.45E+03
1.42320E+01,2.85E+04,-6.66E+00,-2.53E+01,2.62E+01,-8.22E+04,-9.93E+02,1.05E+04
1.42340E+01,2.85E+04,-7.53E+00,-2.50E+01,2.61E+01,-8.22E+04,-9.62E+02,1.58E+03
1.42360E+01,2.85E+04,-8.34E+00,-2.48E+01,2.62E+01,-8.22E+04,-9.70E+02,-6.47E+03
1.42380E+01,2.85E+04,-9.22E+00,-2.45E+01,2.62E+01,-8.22E+04,-1.01E+03,-1.24E+04
1.42400E+01,2.85E+04,-1.01E+01,-2.42E+01,2.62E+01,-8.22E+04,-1.01E+03,-7.34E+01
1.42420E+01,2.85E+04,-1.09E+01,-2.38E+01,2.62E+01,-8.22E+04,-1.01E+03,6.25E+03
1.42440E+01,2.85E+04,-1.18E+01,-2.34E+01,2.62E+01,-8.22E+04,-9.84E+02,1.32E+04
1.42460E+01,2.85E+04,-1.26E+01,-2.30E+01,2.62E+01,-8.22E+04,-9.56E+02,-2.10E+02
1.42480E+01,2.85E+04,-1.33E+01,-2.26E+01,2.62E+01,-8.22E+04,-9.80E+02,-6.35E+03
1.42500E+01,2.85E+04,-1.41E+01,-2.21E+01,2.62E+01,-8.22E+04,-9.95E+02,-6.54E+03
1.42520E+01,2.85E+04,-1.49E+01,-2.17E+01,2.63E+01,-8.22E+04,-9.94E+02,1.22E+04
1.42540E+01,2.85E+04,-1.56E+01,-2.11E+01,2.63E+01,-8.22E+04,-9.60E+02,3.62E+02
1.42560E+01,2.85E+04,-1.63E+01,-2.06E+01,2.63E+01,-8.22E+04,-9.67E+02,-9.53E+02
1.42580E+01,2.85E+04,-1.70E+01,-2.01E+01,2.63E+01,-8.22E+04,-9.92E+02,7.59E+02
1.42600E+01,2.85E+04,-1.77E+01,-1.94E+01,2.63E+01,-8.22E+04,-9.49E+02,1.31E+02
1.42620E+01,2.85E+04,-1.84E+01,-1.89E+01,2.64E+01,-8.22E+04,-9.86E+02,-5.51E+03
1.42640E+01,2.85E+04,-1.90E+01,-1.82E+01,2.63E+01,-8.22E+04,-9.92E+02,3.23E+03
1.42660E+01,2.85E+04,-1.96E+01,-1.76E+01,2.63E+01,-8.22E+04,-9.54E+02,-1.94E+03
1.42680E+01,2.85E+04,-2.02E+01,-1.69E+01,2.64E+01,-8.22E+04,-1.00E+03,9.08E+03
1.42700E+01,2.85E+04,-2.08E+01,-1.62E+01,2.64E+01,-8.22E+04,-9.44E+02,6.43E+03
1.42720E+01,2.85E+04,-2.12E+01,-1.55E+01,2.63E+01,-8.22E+04,-9.28E+02,4.51E+03
1.42740E+01,2.85E+04,-2.18E+01,-1.48E+01,2.64E+01,-8.22E+04,-9.71E+02,-2.12E+04
1.42760E+01,2.86E+04,-2.23E+01,-1.41E+01,2.64E+01,-8.22E+04,-9.81E+02,1.36E+04
1.42780E+01,2.86E+04,-2.28E+01,-1.33E+01,2.64E+01,-8.22E+04,-9.49E+02,1.26E+04
1.42800E+01,2.86E+04,-2.31E+01,-1.26E+01,2.63E+01,-8.22E+04,-8.94E+02,-4.91E+03
1.42820E+01,2.86E+04,-2.36E+01,-1.18E+01,2.64E+01,-8.22E+04,-9.81E+02,-1.69E+04
1.42840E+01,2.86E+04,-2.40E+01,-1.10E+01,2.64E+01,-8.22E+04,-9.82E+02,1.59E+04
1.42860E+01,2.86E+04,-2.43E+01,-1.02E+01,2.63E+01,-8.22E+04,-8.97E+02,9.64E+03
1.42880E+01,2.86E+04,-2.45E+01,-9.40E+00,2.62E+01,-8.22E+04,-9.34E+02,-1.14E+04
1.42900E+01,2.86E+04,-2.48E+01,-8.53E+00,2.62E+01,-8.22E+04,-9.70E+02,-5.17E+03
1.42920E+01,2.86E+04,-2.51E+01,-7.72E+00,2.62E+01,-8.22E+04,-9.38E+02,5.96E+03
1.42940E+01,2.86E+04,-2.53E+01,-6.89E+00,2.62E+01,-8.22E+04,-9.48E+02,-1.47E+04
1.42960E+01,2.86E+04,-2.55E+01,-6.05E+00,2.62E+01,-8.22E+04,-9.95E+02,-5.26E+03
1.42980E+01,2.86E+04,-2.57E+01,-5.12E+00,2.62E+01,-8.22E+04,-9.84E+02,1.69E+04
1.43000E+01,2.86E+04,-2.59E+01,-4.28E+00,2.62E+01,-8.23E+04,-9.13E+02,1.82E+04
1.43020E+01,2.86E+04,-2.58E+01,-3.45E+00,2.61E+01,-8.23E+04,-9.08E+02,-4.79E+03
1.43040E+01,2.86E+04,-2.59E+01,-2.62E+00,2.61E+01,-8.23E+04,-9.39E+02,-1.27E+04
1.43060E+01,2.86E+04,-2.60E+01,-1.75E+00,2.61E+01,-8.23E+04,-9.59E+02,-9.31E+03
1.43080E+01,2.86E+04,-2.60E+01,-8.74E-01,2.61E+01,-8.23E+04,-9.75E+02,3.96E+03
1.43100E+01,2.86E+04,-2.60E+01,2.15E-02,2.60E+01,-8.23E+04,-9.50E+02,3.87E+03
1.43120E+01,2.86E+04,-2.60E+01,8.52E-01,2.60E+01,-8.23E+04,-9.44E+02,1.43E+03
1.43140E+01,2.86E+04,-2.60E+01,1.74E+00,2.60E+01,-8.23E+04,-9.60E+02,-3.69E+03
1.43160E+01,2.86E+04,-2.58E+01,2.58E+00,2.59E+01,-8.23E+04,-9.50E+02,2.13E+04
1.43180E+01,2.86E+04,-2.57E+01,3.44E+00,2.59E+01,-8.23E+04,-8.87E+02,2.46E+03
1.43200E+01,2.86E+04,-2.55E+01,4.17E+00,2.59E+01,-8.23E+04,-9.08E+02,-1.30E+04
1.43220E+01,2.86E+04,-2.53E+01,5.03E+00,2.58E+01,-8.23E+04,-9.77E+02,-2.22E+04
1.43240E+01,2.86E+04,-2.51E+01,5.87E+00,2.58E+01,-8.23E+04,-9.76E+02,1.50E+04
1.43260E+01,2.87E+04,-2.49E+01,6.74E+00,2.58E+01,-8.23E+04,-9.33E+02,2.60E+03
1.43280E+01,2.87E+04,-2.45E+01,7.44E+00,2.56E+01,-8.23E+04,-9.36E+02,-3.00E+03
1.43300E+01,2.87E+04,-2.42E+01,8.28E+00,2.56E+01,-8.23E+04,-9.76E+02,2.28E+03
1.43320E+01,2.87E+04,-2.39E+01,9.07E+00,2.55E+01,-8.23E+04,-9.16E+02,1.73E+03
1.43340E+01,2.87E+04,-2.35E+01,9.78E+00,2.55E+01,-8.23E+04,-9.52E+02,-1.49E+04
1.43360E+01,2.87E+04,-2.31E+01,1.06E+01,2.54E+01,-8.23E+04,-1.00E+03,2.66E+03
1.43380E+01,2.87E+04,-2.27E+01,1.14E+01,2.54E+01,-8.23E+04,-9.33E+02,1.63E+04
1.43400E+01,2.87E+04,-2.23E+01,1.20E+01,2.53E+01,-8.23E+04,-9.21E+02,-1.71E+03
1.43420E+01,2.87E+04,-2.19E+01,1.28E+01,2.53E+01,-8.23E+04,-9.58E+02,-8.80E+03
1.43440E+01,2.87E+04,-2.13E+01,1.34E+01,2.51E+01,-8.23E+04,-9.51E+02,3.69E+03
1.43460E+01,2.87E+04,-2.09E+01,1.41E+01,2.52E+01,-8.23E+04,-9.42E+02,-4.11E+03
1.43480E+01,2.87E+04,-2.03E+01,1.47E+01,2.51E+01,-8.23E+04,-9.64E+02,-3.89E+03
1.43500E+01,2.87E+04,-1.98E+01,1.54E+01,2.51E+01,-8.23E+04,-9.68E+02,-5.33E+03
1.43520E+01,2.87E+04,-1.92E+01,1.60E+01,2.50E+01,-8.23E+04,-9.73E+02,1.16E+04
1.43540E+01,2.87E+04,-1.86E+01,1.66E+01,2.49E+01,-8.23E+04,-9.40E+02,5.26E+03
1.43560E+01,2.87E+04,-1.80E+01,1.72E+01,2.49E+01,-8.23E+04,-9.26E+02,-4.62E+03
1.43580E+01,2.87E+04,-1.74E+01,1.77E+01,2.48E+01,-8.23E+04,-9.78E+02,-1.07E+04
1.43600E+01,2.87E+04,-1.68E+01,1.83E+01,2.48E+01,-8.23E+04,-9.68E+02,-3.49E+03
1.43620E+01,2.87E+04,-1.61E+01,1.88E+01,2.48E+01,-8.23E+04,-9.80E+02,2.48E+03
1.43640E+01,2.87E+04,-1.54E+01,1.93E+01,2.47E+01,-8.23E+04,-9.75E+02,4.76E+03
1.43660E+01,2.87E+04,-1.47E+01,1.98E+01,2.47E+01,-8.23E+04,-9.45E+02,-1.19E+02
1.43680E+01,2.87E+04,-1.41E+01,2.02E+01,2.47E+01,-8.23E+04,-9.79E+02,-3.73E+03
1.43700E+01,2.87E+04,-1.33E+01,2.07E+01,2.46E+01,-8.23E+04,-9.71E+02,1.30E+04
1.43720E+01,2.87E+04,-1.26E+01,2.11E+01,2.45E+01,-8.23E+04,-9.16E+02,-8.32E+02
1.43740E+01,2.87E+04,-1.19E+01,2.14E+01,2.45E+01,-8.23E+04,-9.64E+02,-1.49E+04
1.43760E+01,2.88E+04,-1.11E+01,2.18E+01,2.45E+01,-8.23E+04,-1.00E+03,-4.25E+03
1.43780E+01,2.88E+04,-1.04E+01,2.22E+01,2.45E+01,-8.23E+04,-9.64E+02,1.26E+04
1.43800E+01,2.88E+04,-9.62E+00,2.24E+01,2.44E+01,-8.23E+04,-9.54E+02,-3.65E+03
1.43820E+01,2.88E+04,-8.86E+00,2.27E+01,2.44E+01,-8.23E+04,-9.76E+02,3.88E+02
1.43840E+01,2.88E+04,-8.07E+00,2.30E+01,2.44E+01,-8.23E+04,-9.64E+02,3.83E+03
1.43860E+01,2.88E+04,-7.31E+00,2.33E+01,2.44E+01,-8.23E+04,-9.45E+02,5.00E+03
1.43880E+01,2.88E+04,-6.52E+00,2.35E+01,2.43E+01,-8.23E+04,-9.55E+02,-1.09E+04
1.43900E+01,2.88E+04,-5.71E+00,2.36E+01,2.42E+01,-8.23E+04,-9.80E+02,1.29E+02
1.43920E+01,2.88E+04,-4.88E+00,2.38E+01,2.42E+01,-8.23E+04,-9.70E+02,-2.02E+02
1.43940E+01,2.88E+04,-4.11E+00,2.39E+01,2.43E+01,-8.23E+04,-9.60E+02,7.77E+03
1.43960E+01,2.88E+04,-3.28E+00,2.40E+01,2.43E+01,-8.23E+04,-9.59E+02,-3.09E+03
1.43980E+01,2.88E+04,-2.50E+00,2.41E+01,2.43E+01,-8.23E+04,-9.54E+02,3.17E+03
1.44000E+01,2.88E+04,-1.67E+00,2.42E+01,2.42E+01,-8.23E+04,-9.62E+02,2.34E+03
1.44020E+01,2.88E+04,-8.73E-01,2.42E+01,2.42E+01,-8.23E+04,-9.36E+02,-1.27E+03
1.44040E+01,2.88E+04,-8.65E-02,2.42E+01,2.42E+01,-8.23E+04,-9.64E+02,-7.08E+03
1.44060E+01,2.88E+04,7.55E-01,2.42E+01,2.42E+01,-8.24E+04,-9.77E+02,-3.28E+03
1.44080E+01,2.88E+04,1.56E+00,2.42E+01,2.42E+01,-8.24E+04,-9.65E+02,1.24E+04
1.44100E+01,2.88E+04,2.38E+00,2.41E+01,2.42E+01,-8.24E+04,-9.38E+02,7.78E+03
1.44120E+01,2.88E+04,3.14E+00,2.40E+01,2.42E+01,-8.24E+04,-9.21E+02,-1.58E+03
1.44140E+01,2.88E+04,3.92E+00,2.39E+01,2.42E+01,-8.24E+04,-9.52E+02,-4.30E+03
1.44160E+01,2.88E+04,4.73E+00,2.38E+01,2.42E+01,-8.24E+04,-9.42E+02,3.65E+03
1.44180E+01,2.88E+04,5.49E+00,2.36E+01,2.42E+01,-8.24E+04,-9.28E+02,7.13E+03
1.44200E+01,2.88E+04,6.25E+00,2.34E+01,2.42E+01,-8.24E+04,-9.22E+02,-3.90E+03
1.44220E+01,2.88E+04,6.99E+00,2.32E+01,2.42E+01,-8.24E+04,-9.34E+02,-2.78E+03
1.44240E+01,2.88E+04,7.78E+00,2.30E+01,2.42E+01,-8.24E+04,-9.45E+02,9.91E+01
1.44260E+01,2.89E+04,8.52E+00,2.27E+01,2.43E+01,-8.24E+04,-9.26E+02,1.18E+04
1.44280E+01,2.89E+04,9.26E+00,2.24E+01,2.43E+01,-8.24E+04,-9.02E+02,-5.79E+02
1.44300E+01,2.89E+04,9.94E+00,2.21E+01,2.43E+01,-8.24E+04,-9.18E+02,-1.23E+04
1.44320E+01,2.89E+04,1.07E+01,2.18E+01,2.43E+01,-8.24E+04,-9.63E+02,-1.11E+03
1.44340E+01,2.89E+04,1.14E+01,2.15E+01,2.43E+01,-8.24E+04,-9.26E+02,1.68E+04
1.44360E+01,2.89E+04,1.21E+01,2.11E+01,2.44E+01,-8.24E+04,-8.81E+02,-2.12E+03
1.44380E+01,2.89E+04,1.28E+01,2.08E+01,2.44E+01,-8.24E+04,-9.34E+02,6.24E+02
1.44400E+01,2.89E+04,1.35E+01,2.04E+01,2.44E+01,-8.24E+04,-9.05E+02,3.91E+03
1.44420E+01,2.89E+04,1.41E+01,2.00E+01,2.45E+01,-8.24E+04,-8.80E+02,2.87E+03
1.44440E+01,2.89E+04,1.48E+01,1.96E+01,2.45E+01,-8.24E+04,-9.23E+02,-3.53E+03
1.44460E+01,2.89E+04,1.54E+01,1.91E+01,2.45E+01,-8.24E+04,-8.86E+02,1.75E+03
1.44480E+01,2.89E+04,1.60E+01,1.87E+01,2.46E+01,-8.24E+04,-9.05E+02,7.82E+02
1.44500E+01,2.89E+04,1.66E+01,1.81E+01,2.45E+01,-8.24E+04,-9.05E+02,-2.32E+03
1.44520E+01,2.89E+04,1.72E+01,1.76E+01,2.46E+01,-8.24E+04,-8.91E+02,8.81E+03
1.44540E+01,2.89E+04,1.77E+01,1.71E+01,2.46E+01,-8.24E+04,-8.89E+02,2.44E+03
1.44560E+01,2.89E+04,1.83E+01,1.66E+01,2.47E+01,-8.24E+04,-8.66E+02,2.03E+03
1.44580E+01,2.89E+04,1.87E+01,1.60E+01,2.46E+01,-8.24E+04,-8.87E+02,-1.40E+02
1.44600E+01,2.89E+04,1.93E+01,1.55E+01,2.47E+01,-8.24E+04,-8.72E+02,4.30E+03
1.44620E+01,2.89E+04,1.97E+01,1.49E+01,2.47E+01,-8.24E+04,-8.59E+02,-7.03E+03
1.44640E+01,2.89E+04,2.03E+01,1.43E+01,2.48E+01,-8.24E+04,-9.03E+02,4.78E+03
1.44660E+01,2.89E+04,2.07E+01,1.37E+01,2.48E+01,-8.24E+04,-8.58E+02,-5.30E+03
1.44680E+01,2.89E+04,2.11E+01,1.31E+01,2.48E+01,-8.24E+04,-8.83E+02,1.33E+04
1.44700E+01,2.89E+04,2.16E+01,1.24E+01,2.49E+01,-8.24E+04,-8.62E+02,6.25E+03
1.44720E+01,2.89E+04,2.19E+01,1.18E+01,2.49E+01,-8.24E+04,-8.00E+02,-5.31E+03
1.44740E+01,2.89E+04,2.23E+01,1.12E+01,2.50E+01,-8.24E+04,-9.11E+02,-1.13E+04
1.44760E+01,2.90E+04,2.27E+01,1.04E+01,2.50E+01,-8.24E+04,-8.65E+02,1.68E+04
1.44780E+01,2.90E+04,2.29E+01,9.82E+00,2.49E+01,-8.24E+04,-8.04E+02,-1.25E+04
1.44800E+01,2.90E+04,2.33E+01,9.18E+00,2.50E+01,-8.24E+04,-9.26E+02,-1.17E+04
1.44820E+01,2.90E+04,2.36E+01,8.37E+00,2.51E+01,-8.24E+04,-8.88E+02,2.23E+04
1.44840E+01,2.90E+04,2.38E+01,7.72E+00,2.50E+01,-8.24E+04,-7.85E+02,1.74E+04
1.44860E+01,2.90E+04,2.41E+01,7.06E+00,2.51E+01,-8.24E+04,-8.39E+02,-3.94E+04
1.44880E+01,2.90E+04,2.43E+01,6.34E+00,2.52E+01,-8.24E+04,-9.39E+02,2.47E+03
1.44900E+01,2.90E+04,2.46E+01,5.49E+00,2.52E+01,-8.24E+04,-8.65E+02,2.38E+04
1.44920E+01,2.90E+04,2.47E+01,4.86E+00,2.52E+01,-8.24E+04,-7.84E+02,9.12E+03
1.44940E+01,2.90E+04,2.49E+01,4.14E+00,2.52E+01,-8.24E+04,-8.64E+02,-1.78E+04
1.44960E+01,2.90E+04,2.51E+01,3.38E+00,2.53E+01,-8.24E+04,-8.55E+02,6.19E+03
1.44980E+01,2.90E+04,2.52E+01,2.66E+00,2.53E+01,-8.24E+04,-8.29E+02,7.92E+03
1.45000E+01,2.90E+04,2.51E+01,1.92E+00,2.52E+01,-8.24E+04,-8.28E+02,-1.29E+04
1.45020E+01,2.90E+04,2.53E+01,1.20E+00,2.53E+01,-8.24E+04,-8.73E+02,-8.70E+03
1.45040E+01,2.90E+04,2.53E+01,3.88E-01,2.53E+01,-8.24E+04,-8.82E+02,6.34E+03
1.45060E+01,2.90E+04,2.54E+01,-3.58E-01,2.54E+01,-8.24E+04,-8.32E+02,6.30E+03
1.45080E+01,2.90E+04,2.52E+01,-1.08E+00,2.52E+01,-8.24E+04,-8.54E+02,-8.98E+03
1.45100E+01,2.90E+04,2.52E+01,-1.86E+00,2.53E+01,-8.24E+04,-8.80E+02,-2.92E+03
1.45120E+01,2.90E+04,2.52E+01,-2.64E+00,2.53E+01,-8.24E+04,-8.61E+02,1.79E+03
1.45140E+01,2.90E+04,2.52E+01,-3.39E+00,2.54E+01,-8.24E+04,-8.68E+02,3.60E+03
1.45160E+01,2.90E+04,2.50E+01,-4.15E+00,2.53E+01,-8.24E+04,-8.57E+02,-6.70E+03
1.45180E+01,2.90E+04,2.49E+01,-4.88E+00,2.54E+01,-8.25E+04,-8.77E+02,-5.74E+03
1.45200E+01,2.90E+04,2.48E+01,-5.69E+00,2.54E+01,-8.25E+04,-9.02E+02,1.55E+04
1.45220E+01,2.90E+04,2.47E+01,-6.47E+00,2.55E+01,-8.25E+04,-8.11E+02,1.81E+04
1.45240E+01,2.90E+04,2.44E+01,-7.08E+00,2.54E+01,-8.25E+04,-8.05E+02,-1.49E+04
1.45260E+01,2.91E+04,2.42E+01,-7.82E+00,2.54E+01,-8.25E+04,-8.94E+02,-2.20E+04
1.45280E+01,2.91E+04,2.40E+01,-8.62E+00,2.55E+01,-8.25E+04,-8.95E+02,-1.10E+03
1.45300E+01,2.91E+04,2.38E+01,-9.37E+00,2.56E+01,-8.25E+04,-8.85E+02,1.68E+04
1.45320E+01,2.91E+04,2.34E+01,-1.01E+01,2.55E+01,-8.25E+04,-8.44E+02,6.16E+03
1.45340E+01,2.91E+04,2.32E+01,-1.07E+01,2.55E+01,-8.25E+04,-8.35E+02,-2.99E+03
1.45360E+01,2.91E+04,2.29E+01,-1.15E+01,2.56E+01,-8.25E+04,-8.78E+02,1.97E+03
1.45380E+01,2.91E+04,2.25E+01,-1.22E+01,2.56E+01,-8.25E+04,-8.26E+02,5.54E+03
1.45400E+01,2.91E+04,2.22E+01,-1.28E+01,2.56E+01,-8.25E+04,-8.35E+02,6.04E+02
1.45420E+01,2.91E+04,2.18E+01,-1.35E+01,2.57E+01,-8.25E+04,-8.52E+02,-1.63E+04
1.45440E+01,2.91E+04,2.14E+01,-1.41E+01,2.56E+01,-8.25E+04,-8.73E+02,-1.15E+03
1.45460E+01,2.91E+04,2.09E+01,-1.48E+01,2.56E+01,-8.25E+04,-8.86E+02,-1.52E+03
1.45480E+01,2.91E+04,2.06E+01,-1.55E+01,2.57E+01,-8.25E+04,-8.55E+02,1.14E+04
1.45500E+01,2.91E+04,2.01E+01,-1.60E+01,2.57E+01,-8.25E+04,-8.54E+02,-1.86E+03
1.45520E+01,2.91E+04,1.96E+01,-1.67E+01,2.58E+01,-8.25E+04,-8.53E+02,7.57E+03
1.45540E+01,2.91E+04,1.91E+01,-1.72E+01,2.57E+01,-8.25E+04,-8.35E+02,2.32E+03
1.45560E+01,2.91E+04,1.86E+01,-1.78E+01,2.57E+01,-8.25E+04,-8.28E+02,-6.76E+02
1.45580E+01,2.91E+04,1.81E+01,-1.83E+01,2.57E+01,-8.25E+04,-8.51E+02,-1.38E+04
1.45600E+01,2.91E+04,1.76E+01,-1.89E+01,2.58E+01,-8.25E+04,-8.74E+02,7.83E+02
1.45620E+01,2.91E+04,1.70E+01,-1.94E+01,2.58E+01,-8.25E+04,-8.62E+02,-3.80E+03
1.45640E+01,2.91E+04,1.64E+01,-1.99E+01,2.58E+01,-8.25E+04,-8.68E+02,-3.91E+03
1.45660E+01,2.91E+04,1.58E+01,-2.05E+01,2.58E+01,-8.25E+04,-8.98E+02,-1.08E+03
1.45680E+01,2.91E+04,1.51E+01,-2.09E+01,2.58E+01,-8.25E+04,-8.64E+02,9.13E+03
1.45700E+01,2.91E+04,1.45E+01,-2.14E+01,2.59E+01,-8.25E+04,-8.57E+02,-2.63E+03
1.45720E+01,2.91E+04,1.39E+01,-2.18E+01,2.59E+01,-8.25E+04,-8.79E+02,-1.17E+03
1.45740E+01,2.91E+04,1.32E+01,-2.22E+01,2.58E+01,-8.25E+04,-8.66E+02,7.29E+03
1.45760E+01,2.92E+04,1.26E+01,-2.27E+01,2.59E+01,-8.25E+04,-8.42E+02,-2.87E+03
1.45780E+01,2.92E+04,1.19E+01,-2.30E+01,2.59E+01,-8.25E+04,-8.76E+02,-5.32E+03
1.45800E+01,2.92E+04,1.12E+01,-2.34E+01,2.59E+01,-8.25E+04,-8.78E+02,6.66E+03
1.45820E+01,2.92E+04,1.05E+01,-2.37E+01,2.59E+01,-8.25E+04,-8.36E+02,1.20E+03
1.45840E+01,2.92E+04,9.79E+00,-2.40E+01,2.60E+01,-8.25E+04,-8.69E+02,-1.06E+04
1.45860E+01,2.92E+04,9.02E+00,-2.43E+01,2.60E+01,-8.25E+04,-8.94E+02,-4.92E+02
1.45880E+01,2.92E+04,8.28E+00,-2.46E+01,2.60E+01,-8.25E+04,-8.63E+02,1.20E+04
1.45900E+01,2.92E+04,7.55E+00,-2.49E+01,2.60E+01,-8.25E+04,-8.44E+02,-6.77E+02
1.45920E+01,2.92E+04,6.81E+00,-2.51E+01,2.60E+01,-8.25E+04,-8.63E+02,-1.00E+04
1.45940E+01,2.92E+04,6.04E+00,-2.53E+01,2.60E+01,-8.25E+04,-8.91E+02,-4.46E+03
1.45960E+01,2.92E+04,5.25E+00,-2.55E+01,2.60E+01,-8.25E+04,-8.82E+02,6.90E+03
1.45980E+01,2.92E+04,4.48E+00,-2.57E+01,2.60E+01,-8.25E+04,-8.59E+02,8.56E+03
1.46000E+01,2.92E+04,3.71E+00,-2.58E+01,2.60E+01,-8.25E+04,-8.48E+02,-3.43E+03
1.46020E+01,2.92E+04,2.95E+00,-2.59E+01,2.60E+01,-8.25E+04,-8.69E+02,-7.90E+03
1.46040E+01,2.92E+04,2.14E+00,-2.59E+01,2.60E+01,-8.25E+04,-8.88E+02,-4.88E+03
1.46060E+01,2.92E+04,1.34E+00,-2.60E+01,2.60E+01,-8.25E+04,-8.83E+02,5.57E+03
1.46080E+01,2.92E+04,5.41E-01,-2.60E+01,2.60E+01,-8.25E+04,-8.70E+02,9.62E+02
1.46100E+01,2.92E+04,-2.35E-01,-2.60E+01,2.60E+01,-8.25E+04,-8.72E+02,-3.10E+03
1.46120E+01,2.92E+04,-1.04E+00,-2.60E+01,2.60E+01,-8.25E+04,-8.89E+02,-6.17E+03
1.46140E+01,2.92E+04,-1.85E+00,-2.60E+01,2.60E+01,-8.25E+04,-8.93E+02,2.26E+03
1.46160E+01,2.92E+04,-2.66E+00,-2.59E+01,2.60E+01,-8.25E+04,-8.84E+02,6.08E+03
1.46180E+01,2.92E+04,-3.45E+00,-2.58E+01,2.61E+01,-8.25E+04,-8.65E+02,3.94E+03
1.46200E+01,2.92E+04,-4.23E+00,-2.57E+01,2.61E+01,-8.25E+04,-8.68E+02,-2.92E+03
1.46220E+01,2.92E+04,-5.02E+00,-2.56E+01,2.61E+01,-8.25E+04,-8.79E+02,2.39E+03
1.46240E+01,2.92E+04,-5.81E+00,-2.55E+01,2.61E+01,-8.25E+04,-8.61E+02,9.75E+03
1.46260E+01,2.93E+04,-6.56E+00,-2.53E+01,2.62E+01,-8.25E+04,-8.34E+02,1.67E+03
1.46280E+01,2.93E+04,-7.29E+00,-2.51E+01,2.62E+01,-8.25E+04,-8.53E+02,-1.33E+04
1.46300E+01,2.93E+04,-8.05E+00,-2.49E+01,2.61E+01,-8.25E+04,-8.93E+02,-5.72E+03
1.46320E+01,2.93E+04,-8.85E+00,-2.47E+01,2.62E+01,-8.25E+04,-8.80E+02,7.82E+03
1.46340E+01,2.93E+04,-9.59E+00,-2.44E+01,2.62E+01,-8.26E+04,-8.51E+02,6.24E+03
1.46360E+01,2.93E+04,-1.03E+01,-2.41E+01,2.62E+01,-8.26E+04,-8.58E+02,-1.21E+04
1.46380E+01,2.93E+04,-1.10E+01,-2.38E+01,2.62E+01,-8.26E+04,-8.98E+02,9.79E+02
1.46400E+01,2.93E+04,-1.18E+01,-2.34E+01,2.62E+01,-8.26E+04,-8.71E+02,1.02E+04
1.46420E+01,2.93E+04,-1.25E+01,-2.31E+01,2.63E+01,-8.26E+04,-8.33E+02,4.30E+03
1.46440E+01,2.93E+04,-1.32E+01,-2.27E+01,2.63E+01,-8.26E+04,-8.66E+02,-5.44E+03
1.46460E+01,2.93E+04,-1.39E+01,-2.23E+01,2.63E+01,-8.26E+04,-8.58E+02,9.28E+03
1.46480E+01,2.93E+04,-1.45E+01,-2.20E+01,2.63E+01,-8.26E+04,-8.23E+02,-3.77E+03
1.46500E+01,2.93E+04,-1.51E+01,-2.15E+01,2.63E+01,-8.26E+04,-8.64E+02,1.88E+02
1.46520E+01,2.93E+04,-1.58E+01,-2.11E+01,2.64E+01,-8.26E+04,-8.50E+02,-1.77E+03
1.46540E+01,2.93E+04,-1.64E+01,-2.06E+01,2.63E+01,-8.26E+04,-8.36E+02,3.75E+03
1.46560E+01,2.93E+04,-1.70E+01,-2.01E+01,2.63E+01,-8.26E+04,-8.64E+02,-8.92E+03
1.46580E+01,2.93E+04,-1.76E+01,-1.96E+01,2.63E+01,-8.26E+04,-8.54E+02,3.35E+03
1.46600E+01,2.93E+04,-1.82E+01,-1.91E+01,2.64E+01,-8.26E+04,-8.60E+02,2.75E+03
1.46620E+01,2.93E+04,-1.88E+01,-1.85E+01,2.63E+01,-8.26E+04,-8.40E+02,3.38E+03
1.46640E+01,2.93E+04,-1.93E+01,-1.80E+01,2.64E+01,-8.26E+04,-8.43E+02,3.38E+03
1.46660E+01,2.93E+04,-1.98E+01,-1.73E+01,2.63E+01,-8.26E+04,-8.35E+02,-1.26E+04
1.46680E+01,2.93E+04,-2.03E+01,-1.68E+01,2.64E+01,-8.26E+04,-8.75E+02,9.00E+03
1.46700E+01,2.93E+04,-2.09E+01,-1.61E+01,2.64E+01,-8.26E+04,-8.35E+02,8.37E+02
1.46720E+01,2.93E+04,-2.13E+01,-1.56E+01,2.63E+01,-8.26E+04,-8.21E+02,4.77E+03
1.46740E+01,2.93E+04,-2.18E+01,-1.49E+01,2.64E+01,-8.26E+04,-8.63E+02,-2.25E+03
1.46760E+01,2.94E+04,-2.22E+01,-1.43E+01,2.64E+01,-8.26E+04,-8.05E+02,4.93E+03
1.46780E+01,2.94E+04,-2.26E+01,-1.37E+01,2.64E+01,-8.26E+04,-8.40E+02,-7.55E+03
1.46800E+01,2.94E+04,-2.30E+01,-1.30E+01,2.64E+01,-8.26E+04,-8.54E+02,-3.59E+03
1.46820E+01,2.94E+04,-2.33E+01,-1.23E+01,2.64E+01,-8.26E+04,-8.37E+02,1.77E+03
1.46840E+01,2.94E+04,-2.36E+01,-1.16E+01,2.63E+01,-8.26E+04,-8.55E+02,5.39E+02
1.46860E+01,2.94E+04,-2.40E+01,-1.09E+01,2.64E+01,-8.26E+04,-8.37E+02,1.70E+04
1.46880E+01,2.94E+04,-2.43E+01,-1.02E+01,2.64E+01,-8.26E+04,-7.85E+02,-2.60E+03
1.46900E+01,2.94E+04,-2.45E+01,-9.50E+00,2.63E+01,-8.26E+04,-8.31E+02,-1.74E+04
1.46920E+01,2.94E+04,-2.48E+01,-8.72E+00,2.63E+01,-8.26E+04,-8.84E+02,1.08E+04
1.46940E+01,2.94E+04,-2.50E+01,-7.98E+00,2.63E+01,-8.26E+04,-7.82E+02,2.52E+04
1.46960E+01,2.94E+04,-2.51E+01,-7.34E+00,2.62E+01,-8.26E+04,-7.57E+02,-8.25E+03
1.46980E+01,2.94E+04,-2.53E+01,-6.62E+00,2.62E+01,-8.26E+04,-8.37E+02,-3.67E+04
1.47000E+01,2.94E+04,-2.55E+01,-5.86E+00,2.62E+01,-8.26E+04,-8.99E+02,4.01E+03
1.47020E+01,2.94E+04,-2.57E+01,-5.03E+00,2.62E+01,-8.26E+04,-8.40E+02,2.59E+04
1.47040E+01,2.94E+04,-2.57E+01,-4.33E+00,2.61E+01,-8.26E+04,-7.62E+02,7.97E+03
1.47060E+01,2.94E+04,-2.59E+01,-3.64E+00,2.61E+01,-8.26E+04,-8.19E+02,-1.62E+04
1.47080E+01,2.94E+04,-2.60E+01,-2.86E+00,2.61E+01,-8.26E+04,-8.41E+02,4.29E+03
1.47100E+01,2.94E+04,-2.61E+01,-2.12E+00,2.61E+01,-8.26E+04,-7.93E+02,1.25E+04
1.47120E+01,2.94E+04,-2.60E+01,-1.41E+00,2.60E+01,-8.26E+04,-7.84E+02,-1.01E+04
1.47140E+01,2.94E+04,-2.60E+01,-6.87E-01,2.60E+01,-8.26E+04,-8.37E+02,-1.17E+04
1.47160E+01,2.94E+04,-2.60E+01,1.05E-01,2.60E+01,-8.26E+04,-8.44E+02,6.64E+02
1.47180E+01,2.94E+04,-2.60E+01,8.45E-01,2.60E+01,-8.26E+04,-8.20E+02,9.18E+03
1.47200E+01,2.94E+04,-2.59E+01,1.59E+00,2.59E+01,-8.26E+04,-8.14E+02,-3.20E+03
1.47220E+01,2.94E+04,-2.58E+01,2.31E+00,2.59E+01,-8.26E+04,-8.25E+02,-7.16E+03
1.47240E+01,2.94E+04,-2.58E+01,3.08E+00,2.60E+01,-8.26E+04,-8.50E+02,1.86E+04
1.47260E+01,2.95E+04,-2.57E+01,3.85E+00,2.60E+01,-8.26E+04,-7.62E+02,7.92E+03
1.47280E+01,2.95E+04,-2.54E+01,4.42E+00,2.58E+01,-8.26E+04,-7.77E+02,-9.69E+03
1.47300E+01,2.95E+04,-2.52E+01,5.19E+00,2.58E+01,-8.26E+04,-8.49E+02,-2.47E+04
1.47320E+01,2.95E+04,-2.51E+01,5.91E+00,2.58E+01,-8.26E+04,-8.46E+02,6.73E+03
1.47340E+01,2.95E+04,-2.48E+01,6.65E+00,2.57E+01,-8.26E+04,-8.41E+02,1.71E+04
1.47360E+01,2.95E+04,-2.46E+01,7.35E+00,2.57E+01,-8.26E+04,-7.68E+02,7.07E+03
1.47380E+01,2.95E+04,-2.44E+01,7.96E+00,2.56E+01,-8.26E+04,-7.99E+02,-9.30E+03
1.47400E+01,2.95E+04,-2.40E+01,8.65E+00,2.55E+01,-8.26E+04,-8.34E+02,2.93E+03
1.47420E+01,2.95E+04,-2.38E+01,9.32E+00,2.55E+01,-8.26E+04,-7.73E+02,3.02E+03
1.47440E+01,2.95E+04,-2.35E+01,9.92E+00,2.55E+01,-8.26E+04,-8.08E+02,-1.65E+04
1.47460E+01,2.95E+04,-2.31E+01,1.06E+01,2.54E+01,-8.26E+04,-8.64E+02,5.55E+03
1.47480E+01,2.95E+04,-2.28E+01,1.13E+01,2.54E+01,-8.26E+04,-7.84E+02,7.19E+03
1.47500E+01,2.95E+04,-2.24E+01,1.18E+01,2.53E+01,-8.26E+04,-8.04E+02,-1.28E+04
1.47520E+01,2.95E+04,-2.20E+01,1.25E+01,2.53E+01,-8.26E+04,-8.73E+02,-1.21E+03
1.47540E+01,2.95E+04,-2.16E+01,1.31E+01,2.53E+01,-8.27E+04,-7.98E+02,1.68E+04
1.47560E+01,2.95E+04,-2.11E+01,1.36E+01,2.51E+01,-8.27E+04,-7.87E+02,2.85E+03
1.47580E+01,2.95E+04,-2.08E+01,1.42E+01,2.52E+01,-8.27E+04,-8.10E+02,-1.11E+04
1.47600E+01,2.95E+04,-2.03E+01,1.47E+01,2.51E+01,-8.27E+04,-8.15E+02,-4.36E+03
1.47620E+01,2.95E+04,-1.98E+01,1.53E+01,2.51E+01,-8.27E+04,-8.38E+02,-1.78E+03
1.47640E+01,2.95E+04,-1.93E+01,1.58E+01,2.50E+01,-8.27E+04,-8.20E+02,1.96E+03
1.47660E+01,2.95E+04,-1.89E+01,1.64E+01,2.50E+01,-8.27E+04,-8.24E+02,1.96E+03
1.47680E+01,2.95E+04,-1.83E+01,1.69E+01,2.49E+01,-8.27E+04,-8.23E+02,-1.74E+03
1.47700E+01,2.95E+04,-1.78E+01,1.74E+01,2.49E+01,-8.27E+04,-8.20E+02,-5.18E+02
1.47720E+01,2.95E+04,-1.73E+01,1.78E+01,2.48E+01,-8.27E+04,-8.33E+02,5.62E+02
1.47740E+01,2.95E+04,-1.67E+01,1.83E+01,2.48E+01,-8.27E+04,-8.16E+02,-1.30E+03
1.47760E+01,2.96E+04,-1.62E+01,1.87E+01,2.47E+01,-8.27E+04,-8.31E+02,-1.30E+03
1.47780E+01,2.96E+04,-1.56E+01,1.92E+01,2.47E+01,-8.27E+04,-8.35E+02,-7.73E+03
1.47800E+01,2.96E+04,-1.50E+01,1.96E+01,2.47E+01,-8.27E+04,-8.46E+02,9.40E+03
1.47820E+01,2.96E+04,-1.44E+01,2.00E+01,2.46E+01,-8.27E+04,-8.20E+02,4.34E+03
1.47840E+01,2.96E+04,-1.38E+01,2.04E+01,2.46E+01,-8.27E+04,-8.00E+02,-4.96E+03
1.47860E+01,2.96E+04,-1.32E+01,2.07E+01,2.46E+01,-8.27E+04,-8.58E+02,-8.04E+03
1.47880E+01,2.96E+04,-1.26E+01,2.11E+01,2.45E+01,-8.27E+04,-8.36E+02,2.57E+03
1.47900E+01,2.96E+04,-1.19E+01,2.14E+01,2.45E+01,-8.27E+04,-8.30E+02,5.94E+03
1.47920E+01,2.96E+04,-1.13E+01,2.17E+01,2.45E+01,-8.27E+04,-8.31E+02,6.43E+03
1.47940E+01,2.96E+04,-1.07E+01,2.20E+01,2.45E+01,-8.27E+04,-7.92E+02,4.68E+03
1.47960E+01,2.96E+04,-1.00E+01,2.23E+01,2.44E+01,-8.27E+04,-8.10E+02,-9.01E+03
1.47980E+01,2.96E+04,-9.38E+00,2.25E+01,2.44E+01,-8.27E+04,-8.37E+02,-5.45E+03
1.48000E+01,2.96E+04,-8.69E+00,2.27E+01,2.43E+01,-8.27E+04,-8.29E+02,8.96E+03
1.48020E+01,2.96E+04,-8.05E+00,2.30E+01,2.44E+01,-8.27E+04,-8.02E+02,7.56E+03
1.48040E+01,2.96E+04,-7.41E+00,2.32E+01,2.44E+01,-8.27E+04,-7.93E+02,3.21E+03
1.48060E+01,2.96E+04,-6.74E+00,2.34E+01,2.43E+01,-8.27E+04,-7.96E+02,-2.07E+03
1.48080E+01,2.96E+04,-6.09E+00,2.35E+01,2.43E+01,-8.27E+04,-7.96E+02,-1.19E+04
1.48100E+01,2.96E+04,-5.42E+00,2.36E+01,2.43E+01,-8.27E+04,-8.42E+02,-4.62E+03
1.48120E+01,2.96E+04,-4.69E+00,2.38E+01,2.42E+01,-8.27E+04,-8.31E+02,7.23E+03
1.48140E+01,2.96E+04,-4.04E+00,2.39E+01,2.43E+01,-8.27E+04,-7.92E+02,1.09E+04
1.48160E+01,2.96E+04,-3.37E+00,2.40E+01,2.42E+01,-8.27E+04,-7.98E+02,8.99E+02
1.48180E+01,2.96E+04,-2.70E+00,2.41E+01,2.42E+01,-8.27E+04,-7.88E+02,-6.48E+03
1.48200E+01,2.96E+04,-2.05E+00,2.42E+01,2.42E+01,-8.27E+04,-8.17E+02,1.04E+03
1.48220E+01,2.96E+04,-1.32E+00,2.42E+01,2.42E+01,-8.27E+04,-8.02E+02,7.79E+03
1.48240E+01,2.96E+04,-6.89E-01,2.42E+01,2.42E+01,-8.27E+04,-7.64E+02,-4.41E+03
1.48260E+01,2.97E+04,-3.26E-02,2.42E+01,2.42E+01,-8.27E+04,-8.24E+02,-8.04E+03
1.48280E+01,2.97E+04,7.03E-01,2.42E+01,2.42E+01,-8.27E+04,-8.16E+02,9.25E+03
1.48300E+01,2.97E+04,1.34E+00,2.41E+01,2.42E+01,-8.27E+04,-7.64E+02,5.18E+03
1.48320E+01,2.97E+04,1.99E+00,2.41E+01,2.42E+01,-8.27E+04,-7.99E+02,-6.17E+03
1.48340E+01,2.97E+04,2.69E+00,2.41E+01,2.42E+01,-8.27E+04,-8.01E+02,2.34E+03
1.48360E+01,2.97E+04,3.34E+00,2.40E+01,2.42E+01,-8.27E+04,-7.77E+02,4.28E+03
1.48380E+01,2.97E+04,3.99E+00,2.39E+01,2.42E+01,-8.27E+04,-7.89E+02,3.10E+03
1.48400E+01,2.97E+04,4.66E+00,2.38E+01,2.42E+01,-8.27E+04,-7.70E+02,1.92E+03
1.48420E+01,2.97E+04,5.27E+00,2.36E+01,2.42E+01,-8.27E+04,-7.69E+02,-1.97E+03
1.48440E+01,2.97E+04,5.92E+00,2.35E+01,2.42E+01,-8.27E+04,-7.89E+02,-3.70E+03
1.48460E+01,2.97E+04,6.56E+00,2.33E+01,2.42E+01,-8.27E+04,-7.79E+02,1.92E+03
1.48480E+01,2.97E+04,7.19E+00,2.31E+01,2.42E+01,-8.27E+04,-7.80E+02,-1.38E+03
1.48500E+01,2.97E+04,7.83E+00,2.29E+01,2.42E+01,-8.27E+04,-7.87E+02,3.89E+03
1.48520E+01,2.97E+04,8.47E+00,2.27E+01,2.43E+01,-8.27E+04,-7.67E+02,2.92E+03
1.48540E+01,2.97E+04,9.05E+00,2.25E+01,2.43E+01,-8.27E+04,-7.66E+02,-1.14E+03
1.48560E+01,2.97E+04,9.67E+00,2.23E+01,2.43E+01,-8.27E+04,-7.81E+02,6.28E+03
1.48580E+01,2.97E+04,1.03E+01,2.20E+01,2.43E+01,-8.27E+04,-7.41E+02,-3.69E+03
1.48600E+01,2.97E+04,1.08E+01,2.18E+01,2.43E+01,-8.27E+04,-7.77E+02,-4.49E+03
1.48620E+01,2.97E+04,1.15E+01,2.15E+01,2.43E+01,-8.27E+04,-7.92E+02,2.38E+03
1.48640E+01,2.97E+04,1.20E+01,2.12E+01,2.43E+01,-8.27E+04,-7.41E+02,1.14E+04
1.48660E+01,2.97E+04,1.26E+01,2.09E+01,2.44E+01,-8.27E+04,-7.54E+02,-6.21E+03
1.48680E+01,2.97E+04,1.32E+01,2.06E+01,2.44E+01,-8.27E+04,-7.67E+02,7.90E+03
1.48700E+01,2.97E+04,1.37E+01,2.02E+01,2.44E+01,-8.27E+04,-7.29E+02,6.61E+03
1.48720E+01,2.97E+04,1.42E+01,1.99E+01,2.45E+01,-8.27E+04,-7.23E+02,-2.01E+03
1.48740E+01,2.97E+04,1.48E+01,1.95E+01,2.45E+01,-8.27E+04,-7.54E+02,-2.87E+01
1.48760E+01,2.98E+04,1.53E+01,1.92E+01,2.45E+01,-8.27E+04,-7.20E+02,-1.83E+02
1.48780E+01,2.98E+04,1.57E+01,1.88E+01,2.45E+01,-8.27E+04,-7.41E+02,1.20E+03
1.48800E+01,2.98E+04,1.63E+01,1.84E+01,2.46E+01,-8.28E+04,-7.41E+02,-9.18E+02
1.48820E+01,2.98E+04,1.67E+01,1.80E+01,2.46E+01,-8.28E+04,-7.19E+02,-1.18E+03
1.48840E+01,2.98E+04,1.72E+01,1.76E+01,2.46E+01,-8.28E+04,-7.59E+02,8.55E+03
1.48860E+01,2.98E+04,1.77E+01,1.71E+01,2.46E+01,-8.28E+04,-6.95E+02,-1.14E+03
1.48880E+01,2.98E+04,1.81E+01,1.67E+01,2.46E+01,-8.28E+04,-7.25E+02,4.82E+03
1.48900E+01,2.98E+04,1.86E+01,1.62E+01,2.47E+01,-8.28E+04,-7.31E+02,-1.92E+04
1.48920E+01,2.98E+04,1.89E+01,1.58E+01,2.47E+01,-8.28E+04,-7.43E+02,1.13E+04
1.48940E+01,2.98E+04,1.95E+01,1.53E+01,2.47E+01,-8.28E+04,-7.47E+02,2.25E+03
1.48960E+01,2.98E+04,1.98E+01,1.49E+01,2.48E+01,-8.28E+04,-6.81E+02,1.23E+04
1.48980E+01,2.98E+04,2.03E+01,1.44E+01,2.49E+01,-8.28E+04,-7.24E+02,-1.34E+04
1.49000E+01,2.98E+04,2.06E+01,1.39E+01,2.48E+01,-8.28E+04,-7.29E+02,1.56E+04
1.49020E+01,2.98E+04,2.10E+01,1.34E+01,2.49E+01,-8.28E+04,-6.71E+02,-9.09E+03
1.49040E+01,2.98E+04,2.13E+01,1.29E+01,2.49E+01,-8.28E+04,-7.30E+02,1.90E+03
1.49060E+01,2.98E+04,2.17E+01,1.23E+01,2.49E+01,-8.28E+04,-7.24E+02,-4.90E+03
1.49080E+01,2.98E+04,2.19E+01,1.19E+01,2.49E+01,-8.28E+04,-6.85E+02,7.60E+03
1.49100E+01,2.98E+04,2.23E+01,1.13E+01,2.50E+01,-8.28E+04,-7.41E+02,-1.26E+04
1.49120E+01,2.98E+04,2.25E+01,1.07E+01,2.49E+01,-8.28E+04,-7.14E+02,4.69E+03
1.49140E+01,2.98E+04,2.28E+01,1.02E+01,2.50E+01,-8.28E+04,-7.26E+02,9.43E+03
1.49160E+01,2.98E+04,2.32E+01,9.62E+00,2.51E+01,-8.28E+04,-6.86E+02,-1.30E+04
1.49180E+01,2.98E+04,2.33E+01,9.09E+00,2.51E+01,-8.28E+04,-7.46E+02,4.57E+02
1.49200E+01,2.98E+04,2.37E+01,8.41E+00,2.51E+01,-8.28E+04,-7.39E+02,3.61E+03
1.49220E+01,2.98E+04,2.38E+01,7.88E+00,2.51E+01,-8.28E+04,-6.75E+02,2.40E+04
1.49240E+01,2.98E+04,2.41E+01,7.29E+00,2.51E+01,-8.28E+04,-6.82E+02,1.49E+03
1.49260E+01,2.99E+04,2.41E+01,6.74E+00,2.51E+01,-8.28E+04,-6.47E+02,-2.55E+04
1.49280E+01,2.99E+04,2.44E+01,6.21E+00,2.52E+01,-8.28E+04,-7.77E+02,-1.19E+04
1.49300E+01,2.99E+04,2.46E+01,5.45E+00,2.52E+01,-8.28E+04,-7.48E+02,8.81E+03
1.49320E+01,2.99E+04,2.47E+01,4.93E+00,2.52E+01,-8.28E+04,-6.72E+02,1.65E+04
1.49340E+01,2.99E+04,2.49E+01,4.30E+00,2.52E+01,-8.28E+04,-7.26E+02,-3.58E+03
1.49360E+01,2.99E+04,2.50E+01,3.69E+00,2.53E+01,-8.28E+04,-6.76E+02,-2.72E+03
1.49380E+01,2.99E+04,2.51E+01,3.12E+00,2.53E+01,-8.28E+04,-7.19E+02,7.47E+02
1.49400E+01,2.99E+04,2.52E+01,2.43E+00,2.53E+01,-8.28E+04,-7.11E+02,4.31E+03
1.49420E+01,2.99E+04,2.51E+01,1.87E+00,2.52E+01,-8.28E+04,-6.62E+02,2.42E+03
1.49440E+01,2.99E+04,2.52E+01,1.26E+00,2.53E+01,-8.28E+04,-7.20E+02,-1.03E+04
1.49460E+01,2.99E+04,2.53E+01,6.08E-01,2.54E+01,-8.28E+04,-7.10E+02,4.13E+02
1.49480E+01,2.99E+04,2.52E+01,1.04E-02,2.52E+01,-8.28E+04,-7.02E+02,5.83E+03
1.49500E+01,2.99E+04,2.53E+01,-6.33E-01,2.53E+01,-8.28E+04,-7.03E+02,-1.89E+03
1.49520E+01,2.99E+04,2.52E+01,-1.23E+00,2.52E+01,-8.28E+04,-6.96E+02,-6.96E+02
1.49540E+01,2.99E+04,2.52E+01,-1.86E+00,2.53E+01,-8.28E+04,-7.14E+02,-4.32E+02
1.49560E+01,2.99E+04,2.52E+01,-2.49E+00,2.53E+01,-8.28E+04,-6.97E+02,-1.00E+03
1.49580E+01,2.99E+04,2.51E+01,-3.08E+00,2.53E+01,-8.28E+04,-7.09E+02,-5.55E+03
1.49600E+01,2.99E+04,2.51E+01,-3.74E+00,2.53E+01,-8.28E+04,-7.31E+02,-3.64E+03
1.49620E+01,2.99E+04,2.50E+01,-4.38E+00,2.54E+01,-8.28E+04,-7.18E+02,1.10E+03
1.49640E+01,2.99E+04,2.48E+01,-4.99E+00,2.53E+01,-8.28E+04,-7.25E+02,-6.21E+03
1.49660E+01,2.99E+04,2.48E+01,-5.64E+00,2.54E+01,-8.28E+04,-7.46E+02,3.86E+03
1.49680E+01,2.99E+04,2.46E+01,-6.29E+00,2.54E+01,-8.28E+04,-7.16E+02,2.73E+04
1.49700E+01,2.99E+04,2.45E+01,-6.88E+00,2.54E+01,-8.28E+04,-6.31E+02,9.21E+03
1.49720E+01,2.99E+04,2.44E+01,-7.39E+00,2.55E+01,-8.28E+04,-6.61E+02,-2.41E+04
1.49740E+01,2.99E+04,2.41E+01,-7.99E+00,2.54E+01,-8.28E+04,-7.53E+02,-2.22E+04
1.49760E+01,3.00E+04,2.40E+01,-8.66E+00,2.55E+01,-8.28E+04,-7.47E+02,1.04E+04
1.49780E+01,3.00E+04,2.37E+01,-9.26E+00,2.55E+01,-8.28E+04,-7.05E+02,2.11E+04
1.49800E+01,3.00E+04,2.35E+01,-9.85E+00,2.55E+01,-8.28E+04,-6.63E+02,2.67E+03
1.49820E+01,3.00E+04,2.33E+01,-1.04E+01,2.55E+01,-8.28E+04,-6.84E+02,-1.90E+04
1.49840E+01,3.00E+04,2.30E+01,-1.09E+01,2.55E+01,-8.28E+04,-7.52E+02,-1.12E+04
1.49860E+01,3.00E+04,2.28E+01,-1.16E+01,2.56E+01,-8.28E+04,-7.35E+02,1.72E+04
1.49880E+01,3.00E+04,2.25E+01,-1.21E+01,2.56E+01,-8.28E+04,-6.72E+02,5.53E+03
1.49900E+01,3.00E+04,2.22E+01,-1.27E+01,2.56E+01,-8.28E+04,-7.04E+02,-4.97E+03
1.49920E+01,3.00E+04,2.19E+01,-1.32E+01,2.56E+01,-8.28E+04,-7.17E+02,-2.19E+03
1.49940E+01,3.00E+04,2.16E+01,-1.38E+01,2.56E+01,-8.28E+04,-6.90E+02,6.87E+03
1.49960E+01,3.00E+04,2.12E+01,-1.43E+01,2.56E+01,-8.28E+04,-7.01E+02,-8.84E+03
1.49980E+01,3.00E+04,2.09E+01,-1.48E+01,2.56E+01,-8.28E+04,-7.19E+02,4.82E+02
1.50000E+01,3.00E+04,2.06E+01,-1.54E+01,2.57E+01,-8.28E+04,-7.11E+02,-7.06E+02
1.50020E+01,3.00E+04,2.02E+01,-1.59E+01,2.56E+01,-8.28E+04,-7.06E+02,7.67E+03
1.50040E+01,3.00E+04,1.98E+01,-1.64E+01,2.57E+01,-8.28E+04,-6.97E+02,-7.94E+03
1.50060E+01,3.00E+04,1.94E+01,-1.68E+01,2.57E+01,-8.28E+04,-7.16E+02,-3.03E+03
1.50080E+01,3.00E+04,1.89E+01,-1.74E+01,2.57E+01,-8.28E+04,-7.35E+02,-5.17E+03
1.50100E+01,3.00E+04,1.85E+01,-1.78E+01,2.57E+01,-8.28E+04,-7.16E+02,1.41E+04
1.50120E+01,3.00E+04,1.80E+01,-1.83E+01,2.57E+01,-8.28E+04,-6.94E+02,-1.94E+03
1.50140E+01,3.00E+04,1.77E+01,-1.87E+01,2.58E+01,-8.28E+04,-7.03E+02,1.92E+03
1.50160E+01,3.00E+04,1.71E+01,-1.91E+01,2.57E+01,-8.28E+04,-7.12E+02,-9.48E+03
1.50180E+01,3.00E+04,1.67E+01,-1.96E+01,2.58E+01,-8.28E+04,-7.16E+02,3.15E+03
1.50200E+01,3.00E+04,1.62E+01,-2.00E+01,2.57E+01,-8.29E+04,-7.23E+02,-2.80E+03
1.50220E+01,3.00E+04,1.57E+01,-2.05E+01,2.58E+01,-8.29E+04,-7.07E+02,3.98E+03
1.50240E+01,3.00E+04,1.52E+01,-2.08E+01,2.58E+01,-8.29E+04,-7.20E+02,-9.70E+03
1.50260E+01,3.01E+04,1.47E+01,-2.12E+01,2.58E+01,-8.29E+04,-7.37E+02,5.36E+03
1.50280E+01,3.01E+04,1.41E+01,-2.16E+01,2.58E+01,-8.29E+04,-7.14E+02,-2.31E+03
1.50300E+01,3.01E+04,1.36E+01,-2.19E+01,2.58E+01,-8.29E+04,-7.21E+02,3.14E+03
1.50320E+01,3.01E+04,1.30E+01,-2.23E+01,2.58E+01,-8.29E+04,-7.31E+02,3.26E+03
1.50340E+01,3.01E+04,1.25E+01,-2.26E+01,2.58E+01,-8.29E+04,-6.87E+02,6.27E+02
1.50360E+01,3.01E+04,1.19E+01,-2.29E+01,2.58E+01,-8.29E+04,-7.29E+02,-6.88E+03
1.50380E+01,3.01E+04,1.13E+01,-2.32E+01,2.58E+01,-8.29E+04,-7.31E+02,-4.39E+03
1.50400E+01,3.01E+04,1.08E+01,-2.35E+01,2.59E+01,-8.29E+04,-7.25E+02,5.69E+03
1.50420E+01,3.01E+04,1.01E+01,-2.38E+01,2.59E+01,-8.29E+04,-7.28E+02,-4.57E+03
1.50440E+01,3.01E+04,9.56E+00,-2.40E+01,2.58E+01,-8.29E+04,-7.26E+02,1.46E+03
1.50460E+01,3.01E+04,8.93E+00,-2.43E+01,2.59E+01,-8.29E+04,-7.37E+02,2.40E+03
1.50480E+01,3.01E+04,8.32E+00,-2.45E+01,2.59E+01,-8.29E+04,-7.09E+02,6.53E+03
1.50500E+01,3.01E+04,7.73E+00,-2.47E+01,2.59E+01,-8.29E+04,-7.09E+02,-4.59E+03
1.50520E+01,3.01E+04,7.11E+00,-2.49E+01,2.59E+01,-8.29E+04,-7.30E+02,-2.20E+03
1.50540E+01,3.01E+04,6.45E+00,-2.50E+01,2.59E+01,-8.29E+04,-7.22E+02,-4.13E+03
1.50560E+01,3.01E+04,5.84E+00,-2.52E+01,2.59E+01,-8.29E+04,-7.35E+02,-1.89E+03
1.50580E+01,3.01E+04,5.16E+00,-2.54E+01,2.59E+01,-8.29E+04,-7.45E+02,1.51E+03
1.50600E+01,3.01E+04,4.54E+00,-2.56E+01,2.60E+01,-8.29E+04,-7.18E+02,8.46E+03
1.50620E+01,3.01E+04,3.90E+00,-2.57E+01,2.60E+01,-8.29E+04,-7.13E+02,-3.43E+03
1.50640E+01,3.01E+04,3.26E+00,-2.58E+01,2.60E+01,-8.29E+04,-7.30E+02,-6.53E+02
1.50660E+01,3.01E+04,2.58E+00,-2.58E+01,2.60E+01,-8.29E+04,-7.24E+02,5.50E+03
1.50680E+01,3.01E+04,1.95E+00,-2.59E+01,2.60E+01,-8.29E+04,-6.99E+02,-3.23E+03
1.50700E+01,3.01E+04,1.32E+00,-2.59E+01,2.60E+01,-8.29E+04,-7.35E+02,-8.82E+03
1.50720E+01,3.01E+04,6.20E-01,-2.60E+01,2.60E+01,-8.29E+04,-7.49E+02,-3.46E+03
1.50740E+01,3.01E+04,-3.66E-02,-2.60E+01,2.60E+01,-8.29E+04,-7.35E+02,1.68E+03
1.50760E+01,3.02E+04,-7.12E-01,-2.60E+01,2.60E+01,-8.29E+04,-7.48E+02,1.15E+03
1.50780E+01,3.02E+04,-1.39E+00,-2.60E+01,2.60E+01,-8.29E+04,-7.32E+02,2.35E+03
1.50800E+01,3.02E+04,-2.04E+00,-2.59E+01,2.60E+01,-8.29E+04,-7.30E+02,5.84E+02
1.50820E+01,3.02E+04,-2.72E+00,-2.59E+01,2.60E+01,-8.29E+04,-7.39E+02,-3.12E+03
1.50840E+01,3.02E+04,-3.38E+00,-2.58E+01,2.60E+01,-8.29E+04,-7.37E+02,3.49E+03
1.50860E+01,3.02E+04,-4.05E+00,-2.57E+01,2.61E+01,-8.29E+04,-7.30E+02,6.83E+03
1.50880E+01,3.02E+04,-4.70E+00,-2.57E+01,2.61E+01,-8.29E+04,-7.06E+02,-1.41E+03
1.50900E+01,3.02E+04,-5.32E+00,-2.56E+01,2.61E+01,-8.29E+04,-7.30E+02,-4.89E+03
1.50920E+01,3.02E+04,-6.01E+00,-2.54E+01,2.61E+01,-8.29E+04,-7.40E+02,1.70E+03
1.50940E+01,3.02E+04,-6.64E+00,-2.53E+01,2.61E+01,-8.29E+04,-7.12E+02,2.13E+03
1.50960E+01,3.02E+04,-7.26E+00,-2.51E+01,2.61E+01,-8.29E+04,-7.30E+02,-1.48E+03
1.50980E+01,3.02E+04,-7.91E+00,-2.49E+01,2.61E+01,-8.29E+04,-7.28E+02,5.76E+03
1.51000E+01,3.02E+04,-8.54E+00,-2.47E+01,2.62E+01,-8.29E+04,-6.98E+02,-2.90E+03
1.51020E+01,3.02E+04,-9.14E+00,-2.45E+01,2.62E+01,-8.29E+04,-7.36E+02,-6.36E+03
1.51040E+01,3.02E+04,-9.81E+00,-2.43E+01,2.62E+01,-8.29E+04,-7.42E+02,3.62E+03
1.51060E+01,3.02E+04,-1.04E+01,-2.40E+01,2.62E+01,-8.29E+04,-7.04E+02,4.68E+03
1.51080E+01,3.02E+04,-1.10E+01,-2.38E+01,2.62E+01,-8.29E+04,-7.25E+02,-5.68E+03
1.51100E+01,3.02E+04,-1.16E+01,-2.35E+01,2.62E+01,-8.29E+04,-7.35E+02,-6.23E+03
1.51120E+01,3.02E+04,-1.22E+01,-2.32E+01,2.62E+01,-8.29E+04,-7.41E+02,8.48E+03
1.51140E+01,3.02E+04,-1.28E+01,-2.29E+01,2.62E+01,-8.29E+04,-7.15E+02,2.95E+03
1.51160E+01,3.02E+04,-1.34E+01,-2.26E+01,2.63E+01,-8.29E+04,-7.08E+02,4.89E+03
1.51180E+01,3.02E+04,-1.40E+01,-2.22E+01,2.63E+01,-8.29E+04,-7.17E+02,2.46E+03
1.51200E+01,3.02E+04,-1.45E+01,-2.19E+01,2.63E+01,-8.29E+04,-6.85E+02,-4.53E+03
1.51220E+01,3.02E+04,-1.50E+01,-2.15E+01,2.63E+01,-8.29E+04,-7.32E+02,-6.37E+03
1.51240E+01,3.02E+04,-1.56E+01,-2.12E+01,2.63E+01,-8.29E+04,-7.31E+02,3.36E+02
1.51260E+01,3.03E+04,-1.61E+01,-2.08E+01,2.63E+01,-8.29E+04,-7.06E+02,1.07E+04
1.51280E+01,3.03E+04,-1.66E+01,-2.04E+01,2.63E+01,-8.29E+04,-7.06E+02,-4.22E+02
1.51300E+01,3.03E+04,-1.71E+01,-2.00E+01,2.63E+01,-8.29E+04,-6.95E+02,-3.89E+03
1.51320E+01,3.03E+04,-1.76E+01,-1.96E+01,2.63E+01,-8.29E+04,-7.26E+02,-3.97E+03
1.51340E+01,3.03E+04,-1.81E+01,-1.91E+01,2.64E+01,-8.29E+04,-7.18E+02,-1.86E+03
1.51360E+01,3.03E+04,-1.86E+01,-1.87E+01,2.63E+01,-8.29E+04,-7.20E+02,1.21E+04
1.51380E+01,3.03E+04,-1.91E+01,-1.82E+01,2.64E+01,-8.29E+04,-6.90E+02,-8.34E+03
1.51400E+01,3.03E+04,-1.95E+01,-1.78E+01,2.64E+01,-8.29E+04,-7.20E+02,6.43E+03
1.51420E+01,3.03E+04,-2.00E+01,-1.72E+01,2.64E+01,-8.29E+04,-7.11E+02,-1.00E+04
1.51440E+01,3.03E+04,-2.03E+01,-1.68E+01,2.64E+01,-8.29E+04,-7.07E+02,1.32E+04
1.51460E+01,3.03E+04,-2.08E+01,-1.62E+01,2.64E+01,-8.29E+04,-7.11E+02,-6.27E+01
1.51480E+01,3.03E+04,-2.11E+01,-1.57E+01,2.63E+01,-8.29E+04,-6.63E+02,9.56E+03
1.51500E+01,3.03E+04,-2.15E+01,-1.52E+01,2.64E+01,-8.29E+04,-6.98E+02,-9.46E+03
1.51520E+01,3.03E+04,-2.19E+01,-1.47E+01,2.63E+01,-8.29E+04,-6.94E+02,1.31E+04
1.51540E+01,3.03E+04,-2.22E+01,-1.42E+01,2.64E+01,-8.29E+04,-6.52E+02,-7.81E+03
1.51560E+01,3.03E+04,-2.25E+01,-1.37E+01,2.63E+01,-8.29E+04,-7.00E+02,8.15E+02
1.51580E+01,3.03E+04,-2.29E+01,-1.31E+01,2.64E+01,-8.30E+04,-6.94E+02,-2.07E+02
1.51600E+01,3.03E+04,-2.31E+01,-1.25E+01,2.63E+01,-8.30E+04,-6.53E+02,6.47E+03
1.51620E+01,3.03E+04,-2.35E+01,-1.20E+01,2.64E+01,-8.30E+04,-6.99E+02,-1.62E+04
1.51640E+01,3.03E+04,-2.37E+01,-1.14E+01,2.62E+01,-8.30E+04,-7.05E+02,1.09E+03
1.51660E+01,3.03E+04,-2.40E+01,-1.08E+01,2.64E+01,-8.30E+04,-7.02E+02,1.21E+04
1.51680E+01,3.03E+04,-2.43E+01,-1.03E+01,2.64E+01,-8.30E+04,-6.54E+02,-1.06E+04
1.51700E+01,3.03E+04,-2.44E+01,-9.69E+00,2.63E+01,-8.30E+04,-7.24E+02,4.03E+02
1.51720E+01,3.03E+04,-2.47E+01,-8.98E+00,2.63E+01,-8.30E+04,-7.03E+02,3.52E+03
1.51740E+01,3.03E+04,-2.48E+01,-8.47E+00,2.62E+01,-8.30E+04,-6.51E+02,2.69E+04
1.51760E+01,3.04E+04,-2.51E+01,-7.85E+00,2.63E+01,-8.30E+04,-6.44E+02,-7.14E+03
1.51780E+01,3.04E+04,-2.51E+01,-7.33E+00,2.62E+01,-8.30E+04,-6.37E+02,-7.26E+03
1.51800E+01,3.04E+04,-2.53E+01,-6.71E+00,2.62E+01,-8.30E+04,-7.05E+02,1.72E+03
1.51820E+01,3.04E+04,-2.55E+01,-6.10E+00,2.63E+01,-8.30E+04,-6.29E+02,-1.29E+04
1.51840E+01,3.04E+04,-2.55E+01,-5.58E+00,2.61E+01,-8.30E+04,-7.14E+02,-1.70E+04
1.51860E+01,3.04E+04,-2.57E+01,-4.81E+00,2.62E+01,-8.30E+04,-7.67E+02,6.05E+03
1.51880E+01,3.04E+04,-2.59E+01,-4.22E+00,2.62E+01,-8.30E+04,-6.41E+02,2.41E+04
1.51900E+01,3.04E+04,-2.59E+01,-3.64E+00,2.61E+01,-8.30E+04,-6.71E+02,2.54E+03
1.51920E+01,3.04E+04,-2.60E+01,-2.99E+00,2.62E+01,-8.30E+04,-6.59E+02,-2.06E+03
1.51940E+01,3.04E+04,-2.59E+01,-2.44E+00,2.60E+01,-8.30E+04,-6.46E+02,-2.99E+03
1.51960E+01,3.04E+04,-2.60E+01,-1.81E+00,2.61E+01,-8.30E+04,-6.95E+02,-4.66E+03
1.51980E+01,3.04E+04,-2.61E+01,-1.18E+00,2.61E+01,-8.30E+04,-6.61E+02,-1.72E+01
1.52000E+01,3.04E+04,-2.60E+01,-6.09E-01,2.60E+01,-8.30E+04,-6.80E+02,2.50E+03
1.52020E+01,3.04E+04,-2.60E+01,5.42E-02,2.60E+01,-8.30E+04,-6.77E+02,1.45E+03
1.52040E+01,3.04E+04,-2.59E+01,6.19E-01,2.59E+01,-8.30E+04,-6.48E+02,5.43E+02
1.52060E+01,3.04E+04,-2.60E+01,1.23E+00,2.60E+01,-8.30E+04,-6.87E+02,-8.38E+03
1.52080E+01,3.04E+04,-2.59E+01,1.87E+00,2.60E+01,-8.30E+04,-6.85E+02,3.89E+03
1.52100E+01,3.04E+04,-2.58E+01,2.46E+00,2.59E+01,-8.30E+04,-6.65E+02,-1.09E+03
1.52120E+01,3.04E+04,-2.58E+01,3.06E+00,2.60E+01,-8.30E+04,-6.88E+02,2.28E+04
1.52140E+01,3.04E+04,-2.56E+01,3.69E+00,2.59E+01,-8.30E+04,-5.98E+02,1.49E+04
1.52160E+01,3.04E+04,-2.56E+01,4.13E+00,2.59E+01,-8.30E+04,-5.78E+02,-1.41E+04
1.52180E+01,3.04E+04,-2.54E+01,4.72E+00,2.59E+01,-8.30E+04,-6.95E+02,-2.99E+04
1.52200E+01,3.04E+04,-2.52E+01,5.32E+00,2.57E+01,-8.30E+04,-6.94E+02,-8.70E+02
1.52220E+01,3.04E+04,-2.51E+01,5.92E+00,2.57E+01,-8.30E+04,-6.86E+02,3.60E+03
1.52240E+01,3.04E+04,-2.48E+01,6.51E+00,2.57E+01,-8.30E+04,-6.89E+02,1.81E+04
1.52260E+01,3.05E+04,-2.47E+01,7.11E+00,2.57E+01,-8.30E+04,-6.16E+02,8.18E+03
1.52280E+01,3.05E+04,-2.44E+01,7.55E+00,2.56E+01,-8.30E+04,-6.31E+02,-9.80E+03
1.52300E+01,3.05E+04,-2.42E+01,8.14E+00,2.56E+01,-8.30E+04,-6.87E+02,-1.23E+04
1.52320E+01,3.05E+04,-2.40E+01,8.68E+00,2.55E+01,-8.30E+04,-6.65E+02,1.57E+04
1.52340E+01,3.05E+04,-2.38E+01,9.24E+00,2.55E+01,-8.30E+04,-6.30E+02,6.27E+03
1.52360E+01,3.05E+04,-2.35E+01,9.68E+00,2.54E+01,-8.30E+04,-6.28E+02,-8.04E+03
1.52380E+01,3.05E+04,-2.32E+01,1.02E+01,2.54E+01,-8.30E+04,-6.72E+02,-1.85E+04
1.52400E+01,3.05E+04,-2.30E+01,1.08E+01,2.54E+01,-8.30E+04,-7.01E+02,1.41E+04
1.52420E+01,3.05E+04,-2.27E+01,1.13E+01,2.54E+01,-8.30E+04,-6.29E+02,5.54E+03
1.52440E+01,3.05E+04,-2.24E+01,1.17E+01,2.53E+01,-8.30E+04,-6.39E+02,-9.54E+02
1.52460E+01,3.05E+04,-2.21E+01,1.23E+01,2.53E+01,-8.30E+04,-6.80E+02,-1.07E+04
1.52480E+01,3.05E+04,-2.18E+01,1.28E+01,2.53E+01,-8.30E+04,-6.50E+02,8.72E+03
1.52500E+01,3.05E+04,-2.14E+01,1.32E+01,2.52E+01,-8.30E+04,-6.61E+02,-2.53E+03
1.52520E+01,3.05E+04,-2.11E+01,1.37E+01,2.51E+01,-8.30E+04,-6.53E+02,6.10E+03
1.52540E+01,3.05E+04,-2.08E+01,1.42E+01,2.51E+01,-8.30E+04,-6.42E+02,3.06E+03
1.52560E+01,3.05E+04,-2.03E+01,1.45E+01,2.50E+01,-8.30E+04,-6.35E+02,-6.79E+03
1.52580E+01,3.05E+04,-2.00E+01,1.50E+01,2.50E+01,-8.30E+04,-6.69E+02,-5.55E+03
1.52600E+01,3.05E+04,-1.96E+01,1.55E+01,2.50E+01,-8.30E+04,-6.68E+02,6.81E+03
1.52620E+01,3.05E+04,-1.92E+01,1.59E+01,2.49E+01,-8.30E+04,-6.31E+02,4.54E+03
1.52640E+01,3.05E+04,-1.89E+01,1.63E+01,2.50E+01,-8.30E+04,-6.48E+02,-1.97E+03
1.52660E+01,3.05E+04,-1.84E+01,1.67E+01,2.48E+01,-8.30E+04,-6.50E+02,-6.45E+03
1.52680E+01,3.05E+04,-1.81E+01,1.71E+01,2.49E+01,-8.30E+04,-6.59E+02,6.52E+03
1.52700E+01,3.05E+04,-1.76E+01,1.75E+01,2.48E+01,-8.30E+04,-6.43E+02,2.98E+03
1.52720E+01,3.05E+04,-1.72E+01,1.78E+01,2.48E+01,-8.30E+04,-6.25E+02,1.21E+03
1.52740E+01,3.05E+04,-1.68E+01,1.82E+01,2.48E+01,-8.30E+04,-6.54E+02,-3.99E+03
1.52760E+01,3.06E+04,-1.63E+01,1.85E+01,2.47E+01,-8.30E+04,-6.39E+02,-6.02E+03
1.52780E+01,3.06E+04,-1.59E+01,1.89E+01,2.47E+01,-8.30E+04,-6.68E+02,2.47E+02
1.52800E+01,3.06E+04,-1.54E+01,1.92E+01,2.46E+01,-8.30E+04,-6.59E+02,-7.28E+02
1.52820E+01,3.06E+04,-1.50E+01,1.95E+01,2.46E+01,-8.30E+04,-6.44E+02,1.52E+03
1.52840E+01,3.06E+04,-1.45E+01,1.98E+01,2.46E+01,-8.30E+04,-6.72E+02,-7.09E+03
1.52860E+01,3.06E+04,-1.41E+01,2.02E+01,2.46E+01,-8.30E+04,-6.65E+02,6.74E+03
1.52880E+01,3.06E+04,-1.35E+01,2.04E+01,2.45E+01,-8.30E+04,-6.49E+02,4.19E+01
1.52900E+01,3.06E+04,-1.31E+01,2.07E+01,2.45E+01,-8.30E+04,-6.56E+02,4.01E+03
1.52920E+01,3.06E+04,-1.26E+01,2.10E+01,2.45E+01,-8.30E+04,-6.47E+02,7.09E+03
1.52940E+01,3.06E+04,-1.21E+01,2.13E+01,2.45E+01,-8.30E+04,-6.15E+02,3.98E+03
1.52960E+01,3.06E+04,-1.16E+01,2.15E+01,2.44E+01,-8.30E+04,-6.34E+02,-7.25E+03
1.52980E+01,3.06E+04,-1.12E+01,2.18E+01,2.44E+01,-8.30E+04,-6.49E+02,2.83E+03
1.53000E+01,3.06E+04,-1.07E+01,2.20E+01,2.44E+01,-8.30E+04,-6.23E+02,1.01E+04
1.53020E+01,3.06E+04,-1.02E+01,2.22E+01,2.44E+01,-8.30E+04,-6.02E+02,2.82E+03
1.53040E+01,3.06E+04,-9.71E+00,2.24E+01,2.44E+01,-8.30E+04,-6.15E+02,-1.20E+04
1.53060E+01,3.06E+04,-9.21E+00,2.26E+01,2.44E+01,-8.30E+04,-6.48E+02,-8.70E+03
1.53080E+01,3.06E+04,-8.66E+00,2.27E+01,2.43E+01,-8.30E+04,-6.57E+02,6.61E+03
1.53100E+01,3.06E+04,-8.16E+00,2.30E+01,2.44E+01,-8.31E+04,-6.17E+02,1.61E+04
1.53120E+01,3.06E+04,-7.68E+00,2.31E+01,2.43E+01,-8.31E+04,-5.89E+02,1.66E+03
1.53140E+01,3.06E+04,-7.21E+00,2.33E+01,2.43E+01,-8.31E+04,-6.10E+02,-4.68E+03
1.53160E+01,3.06E+04,-6.68E+00,2.34E+01,2.43E+01,-8.31E+04,-6.18E+02,2.22E+03
1.53180E+01,3.06E+04,-6.18E+00,2.35E+01,2.43E+01,-8.31E+04,-5.93E+02,-1.49E+03
1.53200E+01,3.06E+04,-5.69E+00,2.35E+01,2.42E+01,-8.31E+04,-6.19E+02,-5.55E+03
1.53220E+01,3.06E+04,-5.15E+00,2.37E+01,2.42E+01,-8.31E+04,-6.29E+02,-7.10E+03
1.53240E+01,3.06E+04,-4.64E+00,2.38E+01,2.42E+01,-8.31E+04,-6.32E+02,6.47E+03
1.53260E+01,3.07E+04,-4.10E+00,2.39E+01,2.42E+01,-8.31E+04,-6.20E+02,-1.75E+02
1.53280E+01,3.07E+04,-3.61E+00,2.39E+01,2.42E+01,-8.31E+04,-6.14E+02,1.12E+04
1.53300E+01,3.07E+04,-3.08E+00,2.41E+01,2.42E+01,-8.31E+04,-5.97E+02,2.02E+03
1.53320E+01,3.07E+04,-2.61E+00,2.41E+01,2.42E+01,-8.31E+04,-5.82E+02,1.67E+03
1.53340E+01,3.07E+04,-2.10E+00,2.41E+01,2.42E+01,-8.31E+04,-6.08E+02,-6.35E+03
1.53360E+01,3.07E+04,-1.59E+00,2.41E+01,2.42E+01,-8.31E+04,-6.00E+02,1.15E+03
1.53380E+01,3.07E+04,-1.08E+00,2.42E+01,2.42E+01,-8.31E+04,-6.04E+02,-5.39E+03
1.53400E+01,3.07E+04,-5.67E-01,2.42E+01,2.42E+01,-8.31E+04,-6.21E+02,-8.00E+03
1.53420E+01,3.07E+04,-3.14E-02,2.42E+01,2.42E+01,-8.31E+04,-6.39E+02,-2.46E+03
1.53440E+01,3.07E+04,5.12E-01,2.42E+01,2.42E+01,-8.31E+04,-6.32E+02,5.00E+03
1.53460E+01,3.07E+04,1.04E+00,2.42E+01,2.42E+01,-8.31E+04,-6.15E+02,9.55E+03
1.53480E+01,3.07E+04,1.55E+00,2.42E+01,2.42E+01,-8.31E+04,-5.96E+02,-3.65E+03
1.53500E+01,3.07E+04,2.04E+00,2.41E+01,2.42E+01,-8.31E+04,-6.21E+02,3.46E+03
1.53520E+01,3.07E+04,2.60E+00,2.41E+01,2.42E+01,-8.31E+04,-6.03E+02,9.76E+02
1.53540E+01,3.07E+04,3.05E+00,2.40E+01,2.42E+01,-8.31E+04,-5.89E+02,4.34E+03
1.53560E+01,3.07E+04,3.59E+00,2.40E+01,2.42E+01,-8.31E+04,-6.10E+02,-6.48E+03
1.53580E+01,3.07E+04,4.07E+00,2.39E+01,2.42E+01,-8.31E+04,-6.01E+02,1.24E+04
1.53600E+01,3.07E+04,4.59E+00,2.38E+01,2.42E+01,-8.31E+04,-5.73E+02,5.10E+03
1.53620E+01,3.07E+04,5.04E+00,2.37E+01,2.43E+01,-8.31E+04,-5.62E+02,3.08E+02
1.53640E+01,3.07E+04,5.53E+00,2.36E+01,2.43E+01,-8.31E+04,-5.87E+02,-1.46E+04
1.53660E+01,3.07E+04,6.00E+00,2.35E+01,2.42E+01,-8.31E+04,-6.11E+02,4.40E+03
1.53680E+01,3.07E+04,6.52E+00,2.33E+01,2.42E+01,-8.31E+04,-5.86E+02,-2.11E+03
1.53700E+01,3.07E+04,6.95E+00,2.32E+01,2.42E+01,-8.31E+04,-5.91E+02,4.80E+03
1.53720E+01,3.07E+04,7.48E+00,2.31E+01,2.42E+01,-8.31E+04,-5.99E+02,1.31E+03
1.53740E+01,3.07E+04,7.93E+00,2.29E+01,2.43E+01,-8.31E+04,-5.61E+02,1.57E+04
1.53760E+01,3.08E+04,8.40E+00,2.28E+01,2.43E+01,-8.31E+04,-5.51E+02,-4.01E+03
1.53780E+01,3.08E+04,8.81E+00,2.26E+01,2.43E+01,-8.31E+04,-5.63E+02,-3.97E+03
1.53800E+01,3.08E+04,9.28E+00,2.24E+01,2.43E+01,-8.31E+04,-5.83E+02,1.54E+03
1.53820E+01,3.08E+04,9.72E+00,2.22E+01,2.43E+01,-8.31E+04,-5.49E+02,1.82E+03
1.53840E+01,3.08E+04,1.01E+01,2.21E+01,2.43E+01,-8.31E+04,-5.68E+02,7.70E+03
1.53860E+01,3.08E+04,1.06E+01,2.19E+01,2.43E+01,-8.31E+04,-5.40E+02,-1.19E+04
1.53880E+01,3.08E+04,1.10E+01,2.17E+01,2.43E+01,-8.31E+04,-5.78E+02,-4.20E+03
1.53900E+01,3.08E+04,1.15E+01,2.14E+01,2.43E+01,-8.31E+04,-6.06E+02,3.78E+03
1.53920E+01,3.08E+04,1.19E+01,2.12E+01,2.43E+01,-8.31E+04,-5.28E+02,2.31E+04
1.53940E+01,3.08E+04,1.23E+01,2.11E+01,2.44E+01,-8.31E+04,-5.23E+02,-7.05E+03
1.53960E+01,3.08E+04,1.27E+01,2.08E+01,2.44E+01,-8.31E+04,-5.52E+02,-1.66E+04
1.53980E+01,3.08E+04,1.31E+01,2.06E+01,2.44E+01,-8.31E+04,-5.96E+02,5.35E+03
1.54000E+01,3.08E+04,1.36E+01,2.03E+01,2.44E+01,-8.31E+04,-5.40E+02,1.76E+04
1.54020E+01,3.08E+04,1.39E+01,2.01E+01,2.44E+01,-8.31E+04,-5.00E+02,-1.27E+03
1.54040E+01,3.08E+04,1.43E+01,1.99E+01,2.45E+01,-8.31E+04,-5.59E+02,-9.70E+03
1.54060E+01,3.08E+04,1.47E+01,1.96E+01,2.45E+01,-8.31E+04,-5.49E+02,-5.31E+03
1.54080E+01,3.08E+04,1.51E+01,1.93E+01,2.45E+01,-8.31E+04,-5.58E+02,1.13E+04
1.54100E+01,3.08E+04,1.55E+01,1.90E+01,2.45E+01,-8.31E+04,-5.34E+02,1.98E+03
1.54120E+01,3.08E+04,1.58E+01,1.88E+01,2.45E+01,-8.31E+04,-5.14E+02,-6.98E+03
1.54140E+01,3.08E+04,1.62E+01,1.85E+01,2.46E+01,-8.31E+04,-5.85E+02,-9.50E+02
1.54160E+01,3.08E+04,1.66E+01,1.81E+01,2.46E+01,-8.31E+04,-5.26E+02,7.59E+03
1.54180E+01,3.08E+04,1.69E+01,1.79E+01,2.46E+01,-8.31E+04,-5.20E+02,-4.58E+03
1.54200E+01,3.08E+04,1.73E+01,1.76E+01,2.47E+01,-8.31E+04,-5.78E+02,2.40E+03
1.54220E+01,3.08E+04,1.76E+01,1.72E+01,2.46E+01,-8.31E+04,-5.05E+02,1.25E+04
1.54240E+01,3.08E+04,1.79E+01,1.70E+01,2.46E+01,-8.31E+04,-5.04E+02,-1.19E+04
1.54260E+01,3.09E+04,1.83E+01,1.67E+01,2.47E+01,-8.31E+04,-5.76E+02,-3.79E+03
1.54280E+01,3.09E+04,1.86E+01,1.63E+01,2.47E+01,-8.31E+04,-5.24E+02,1.30E+04
1.54300E+01,3.09E+04,1.88E+01,1.60E+01,2.47E+01,-8.31E+04,-4.98E+02,-9.45E+03
1.54320E+01,3.09E+04,1.92E+01,1.57E+01,2.48E+01,-8.31E+04,-5.77E+02,-4.36E+03
1.54340E+01,3.09E+04,1.95E+01,1.52E+01,2.47E+01,-8.31E+04,-5.33E+02,1.06E+04
1.54360E+01,3.09E+04,1.97E+01,1.49E+01,2.47E+01,-8.31E+04,-4.98E+02,1.03E+04
1.54380E+01,3.09E+04,2.01E+01,1.46E+01,2.48E+01,-8.31E+04,-5.21E+02,-7.37E+03
1.54400E+01,3.09E+04,2.04E+01,1.42E+01,2.48E+01,-8.31E+04,-5.11E+02,-3.66E+03
1.54420E+01,3.09E+04,2.06E+01,1.38E+01,2.48E+01,-8.31E+04,-5.42E+02,3.42E+03
1.54440E+01,3.09E+04,2.09E+01,1.35E+01,2.49E+01,-8.31E+04,-5.07E+02,1.82E+04
1.54460E+01,3.09E+04,2.11E+01,1.31E+01,2.49E+01,-8.31E+04,-4.53E+02,-1.55E+04
1.54480E+01,3.09E+04,2.13E+01,1.28E+01,2.49E+01,-8.31E+04,-5.59E+02,-9.67E+03
1.54500E+01,3.09E+04,2.16E+01,1.23E+01,2.49E+01,-8.31E+04,-5.42E+02,3.88E+03
1.54520E+01,3.09E+04,2.18E+01,1.20E+01,2.49E+01,-8.31E+04,-4.82E+02,1.55E+04
1.54540E+01,3.09E+04,2.21E+01,1.16E+01,2.50E+01,-8.31E+04,-5.22E+02,-1.67E+04
1.54560E+01,3.09E+04,2.23E+01,1.12E+01,2.50E+01,-8.31E+04,-5.26E+02,-4.89E+03
1.54580E+01,3.09E+04,2.25E+01,1.08E+01,2.49E+01,-8.31E+04,-5.55E+02,6.59E+03
1.54600E+01,3.09E+04,2.27E+01,1.04E+01,2.50E+01,-8.31E+04,-5.01E+02,5.23E+03
1.54620E+01,3.09E+04,2.29E+01,1.00E+01,2.50E+01,-8.31E+04,-5.12E+02,5.54E+03
1.54640E+01,3.09E+04,2.32E+01,9.59E+00,2.51E+01,-8.31E+04,-5.12E+02,1.00E+04
1.54660E+01,3.09E+04,2.33E+01,9.21E+00,2.50E+01,-8.31E+04,-4.47E+02,-1.39E+04
1.54680E+01,3.09E+04,2.34E+01,8.85E+00,2.50E+01,-8.31E+04,-5.58E+02,-1.29E+04
1.54700E+01,3.09E+04,2.37E+01,8.31E+00,2.51E+01,-8.31E+04,-5.50E+02,-1.03E+02
1.54720E+01,3.09E+04,2.38E+01,7.95E+00,2.51E+01,-8.31E+04,-4.96E+02,2.30E+04
1.54740E+01,3.09E+04,2.40E+01,7.50E+00,2.51E+01,-8.31E+04,-5.05E+02,1.74E+03
1.54760E+01,3.10E+04,2.41E+01,7.12E+00,2.51E+01,-8.31E+04,-4.59E+02,7.21E+03
1.54780E+01,3.10E+04,2.41E+01,6.70E+00,2.50E+01,-8.31E+04,-4.88E+02,2.09E+03
1.54800E+01,3.10E+04,2.43E+01,6.31E+00,2.51E+01,-8.31E+04,-4.58E+02,-2.85E+04
1.54820E+01,3.10E+04,2.44E+01,5.94E+00,2.51E+01,-8.31E+04,-5.66E+02,-7.24E+03
1.54840E+01,3.10E+04,2.46E+01,5.35E+00,2.52E+01,-8.31E+04,-5.59E+02,-2.28E+03
1.54860E+01,3.10E+04,2.46E+01,5.00E+00,2.51E+01,-8.31E+04,-4.96E+02,2.52E+04
1.54880E+01,3.10E+04,2.48E+01,4.51E+00,2.52E+01,-8.31E+04,-5.18E+02,-1.21E+04
1.54900E+01,3.10E+04,2.49E+01,4.11E+00,2.52E+01,-8.32E+04,-5.02E+02,9.23E+03
1.54920E+01,3.10E+04,2.50E+01,3.64E+00,2.53E+01,-8.32E+04,-5.14E+02,3.88E+03
1.54940E+01,3.10E+04,2.50E+01,3.22E+00,2.52E+01,-8.32E+04,-4.66E+02,1.20E+03
1.54960E+01,3.10E+04,2.50E+01,2.81E+00,2.52E+01,-8.32E+04,-5.08E+02,-3.88E+03
1.54980E+01,3.10E+04,2.52E+01,2.34E+00,2.53E+01,-8.32E+04,-5.02E+02,-6.31E+03
1.55000E+01,3.10E+04,2.51E+01,1.93E+00,2.52E+01,-8.32E+04,-5.04E+02,9.26E+03
1.55020E+01,3.10E+04,2.52E+01,1.45E+00,2.53E+01,-8.32E+04,-4.96E+02,-1.03E+04
1.55040E+01,3.10E+04,2.52E+01,1.06E+00,2.52E+01,-8.32E+04,-5.10E+02,2.11E+03
1.55060E+01,3.10E+04,2.53E+01,5.52E-01,2.53E+01,-8.32E+04,-5.26E+02,-1.22E+04
1.55080E+01,3.10E+04,2.52E+01,1.38E-01,2.52E+01,-8.32E+04,-5.23E+02,8.41E+03
1.55100E+01,3.10E+04,2.53E+01,-3.73E-01,2.53E+01,-8.32E+04,-5.24E+02,3.83E+03
1.55120E+01,3.10E+04,2.52E+01,-7.86E-01,2.52E+01,-8.32E+04,-4.83E+02,7.29E+03
1.55140E+01,3.10E+04,2.52E+01,-1.22E+00,2.52E+01,-8.32E+04,-5.05E+02,-5.67E+03
1.55160E+01,3.10E+04,2.52E+01,-1.68E+00,2.53E+01,-8.32E+04,-5.07E+02,-4.30E+03
1.55180E+01,3.10E+04,2.51E+01,-2.11E+00,2.52E+01,-8.32E+04,-5.16E+02,5.67E+03
1.55200E+01,3.10E+04,2.52E+01,-2.59E+00,2.53E+01,-8.32E+04,-4.96E+02,-2.21E+03
1.55220E+01,3.10E+04,2.51E+01,-2.98E+00,2.52E+01,-8.32E+04,-5.06E+02,-4.87E+03
1.55240E+01,3.10E+04,2.51E+01,-3.48E+00,2.53E+01,-8.32E+04,-5.36E+02,-7.69E+03
1.55260E+01,3.11E+04,2.50E+01,-3.93E+00,2.53E+01,-8.32E+04,-5.24E+02,5.51E+03
1.55280E+01,3.11E+04,2.50E+01,-4.40E+00,2.54E+01,-8.32E+04,-5.19E+02,-1.67E+03
1.55300E+01,3.11E+04,2.49E+01,-4.84E+00,2.53E+01,-8.32E+04,-5.26E+02,4.00E+03
1.55320E+01,3.11E+04,2.47E+01,-5.30E+00,2.53E+01,-8.32E+04,-5.13E+02,2.55E+03
1.55340E+01,3.11E+04,2.47E+01,-5.74E+00,2.54E+01,-8.32E+04,-5.02E+02,2.26E+03
1.55360E+01,3.11E+04,2.46E+01,-6.18E+00,2.54E+01,-8.32E+04,-5.14E+02,1.22E+04
1.55380E+01,3.11E+04,2.46E+01,-6.64E+00,2.55E+01,-8.32E+04,-4.57E+02,5.89E+03
1.55400E+01,3.11E+04,2.44E+01,-6.96E+00,2.54E+01,-8.32E+04,-4.68E+02,-1.23E+04
1.55420E+01,3.11E+04,2.43E+01,-7.44E+00,2.54E+01,-8.32E+04,-5.31E+02,-1.79E+04
1.55440E+01,3.11E+04,2.41E+01,-7.87E+00,2.54E+01,-8.32E+04,-5.31E+02,-5.14E+03
1.55460E+01,3.11E+04,2.41E+01,-8.34E+00,2.55E+01,-8.32E+04,-5.48E+02,-4.16E+03
1.55480E+01,3.11E+04,2.39E+01,-8.81E+00,2.55E+01,-8.32E+04,-5.55E+02,1.02E+04
1.55500E+01,3.11E+04,2.37E+01,-9.26E+00,2.54E+01,-8.32E+04,-5.06E+02,2.44E+04
1.55520E+01,3.11E+04,2.36E+01,-9.68E+00,2.55E+01,-8.32E+04,-4.52E+02,1.14E+03
1.55540E+01,3.11E+04,2.34E+01,-1.00E+01,2.55E+01,-8.32E+04,-4.93E+02,-1.70E+04
1.55560E+01,3.11E+04,2.33E+01,-1.05E+01,2.55E+01,-8.32E+04,-5.41E+02,-1.26E+04
1.55580E+01,3.11E+04,2.30E+01,-1.09E+01,2.55E+01,-8.32E+04,-5.31E+02,-1.22E+03
1.55600E+01,3.11E+04,2.29E+01,-1.13E+01,2.55E+01,-8.32E+04,-5.46E+02,9.85E+02
1.55620E+01,3.11E+04,2.27E+01,-1.18E+01,2.56E+01,-8.32E+04,-5.35E+02,2.09E+04
1.55640E+01,3.11E+04,2.25E+01,-1.22E+01,2.55E+01,-8.32E+04,-4.60E+02,7.23E+03
1.55660E+01,3.11E+04,2.23E+01,-1.25E+01,2.56E+01,-8.32E+04,-4.85E+02,-1.74E+04
1.55680E+01,3.11E+04,2.20E+01,-1.30E+01,2.56E+01,-8.32E+04,-5.58E+02,-1.32E+04
1.55700E+01,3.11E+04,2.18E+01,-1.34E+01,2.56E+01,-8.32E+04,-5.31E+02,1.79E+04
1.55720E+01,3.11E+04,2.16E+01,-1.38E+01,2.56E+01,-8.32E+04,-4.82E+02,-1.50E+01
1.55740E+01,3.11E+04,2.13E+01,-1.41E+01,2.56E+01,-8.32E+04,-5.20E+02,-9.29E+03
1.55760E+01,3.12E+04,2.11E+01,-1.46E+01,2.56E+01,-8.32E+04,-5.45E+02,-1.63E+03
1.55780E+01,3.12E+04,2.08E+01,-1.49E+01,2.56E+01,-8.32E+04,-5.08E+02,1.24E+04
1.55800E+01,3.12E+04,2.06E+01,-1.54E+01,2.57E+01,-8.32E+04,-5.00E+02,-5.81E+03
1.55820E+01,3.12E+04,2.03E+01,-1.57E+01,2.57E+01,-8.32E+04,-5.25E+02,-6.37E+03
1.55840E+01,3.12E+04,2.00E+01,-1.61E+01,2.56E+01,-8.32E+04,-5.38E+02,1.22E+03
1.55860E+01,3.12E+04,1.98E+01,-1.65E+01,2.57E+01,-8.32E+04,-5.12E+02,9.91E+03
1.55880E+01,3.12E+04,1.95E+01,-1.68E+01,2.57E+01,-8.32E+04,-4.99E+02,-1.06E+03
1.55900E+01,3.12E+04,1.91E+01,-1.71E+01,2.57E+01,-8.32E+04,-5.13E+02,6.05E+02
1.55920E+01,3.12E+04,1.89E+01,-1.75E+01,2.57E+01,-8.32E+04,-5.07E+02,1.22E+03
1.55940E+01,3.12E+04,1.86E+01,-1.78E+01,2.58E+01,-8.32E+04,-4.96E+02,-4.39E+03
1.55960E+01,3.12E+04,1.82E+01,-1.81E+01,2.57E+01,-8.32E+04,-5.30E+02,-5.36E+03
1.55980E+01,3.12E+04,1.79E+01,-1.85E+01,2.58E+01,-8.32E+04,-5.24E+02,3.46E+03
1.56000E+01,3.12E+04,1.76E+01,-1.88E+01,2.58E+01,-8.32E+04,-5.06E+02,-8.37E+02
1.56020E+01,3.12E+04,1.72E+01,-1.91E+01,2.57E+01,-8.32E+04,-5.30E+02,8.71E+02
1.56040E+01,3.12E+04,1.69E+01,-1.95E+01,2.58E+01,-8.32E+04,-5.12E+02,2.43E+01
1.56060E+01,3.12E+04,1.66E+01,-1.98E+01,2.58E+01,-8.32E+04,-5.11E+02,-3.84E+03
1.56080E+01,3.12E+04,1.62E+01,-2.01E+01,2.58E+01,-8.32E+04,-5.43E+02,-2.70E+03
1.56100E+01,3.12E+04,1.58E+01,-2.04E+01,2.58E+01,-8.32E+04,-5.19E+02,2.19E+03
1.56120E+01,3.12E+04,1.55E+01,-2.07E+01,2.59E+01,-8.32E+04,-5.25E+02,2.19E+03
1.56140E+01,3.12E+04,1.51E+01,-2.10E+01,2.58E+01,-8.32E+04,-5.25E+02,-3.67E+03
1.56160E+01,3.12E+04,1.47E+01,-2.12E+01,2.58E+01,-8.32E+04,-5.24E+02,-5.21E+02
1.56180E+01,3.12E+04,1.43E+01,-2.15E+01,2.58E+01,-8.32E+04,-5.40E+02,2.38E+03
1.56200E+01,3.12E+04,1.39E+01,-2.18E+01,2.58E+01,-8.32E+04,-5.10E+02,3.34E+02
1.56220E+01,3.12E+04,1.35E+01,-2.20E+01,2.58E+01,-8.32E+04,-5.30E+02,-8.11E+02
1.56240E+01,3.12E+04,1.31E+01,-2.23E+01,2.58E+01,-8.32E+04,-5.32E+02,-4.02E+03
1.56260E+01,3.13E+04,1.27E+01,-2.25E+01,2.59E+01,-8.32E+04,-5.26E+02,-6.29E+02
1.56280E+01,3.13E+04,1.23E+01,-2.28E+01,2.59E+01,-8.32E+04,-5.49E+02,-1.29E+03
1.56300E+01,3.13E+04,1.18E+01,-2.30E+01,2.59E+01,-8.32E+04,-5.27E+02,4.17E+03
1.56320E+01,3.13E+04,1.14E+01,-2.32E+01,2.59E+01,-8.32E+04,-5.27E+02,2.28E+03
1.56340E+01,3.13E+04,1.10E+01,-2.35E+01,2.59E+01,-8.32E+04,-5.27E+02,-1.69E+03
1.56360E+01,3.13E+04,1.06E+01,-2.37E+01,2.59E+01,-8.32E+04,-5.25E+02,4.97E+03
1.56380E+01,3.13E+04,1.01E+01,-2.39E+01,2.59E+01,-8.32E+04,-5.16E+02,-6.17E+03
1.56400E+01,3.13E+04,9.72E+00,-2.40E+01,2.59E+01,-8.32E+04,-5.35E+02,-6.77E+03
1.56420E+01,3.13E+04,9.23E+00,-2.42E+01,2.59E+01,-8.32E+04,-5.61E+02,-3.84E+03
1.56440E+01,3.13E+04,8.78E+00,-2.44E+01,2.59E+01,-8.32E+04,-5.40E+02,7.12E+03
1.56460E+01,3.13E+04,8.33E+00,-2.46E+01,2.60E+01,-8.32E+04,-5.34E+02,-1.57E+03
1.56480E+01,3.13E+04,7.87E+00,-2.47E+01,2.60E+01,-8.32E+04,-5.45E+02,-1.81E+03
1.56500E+01,3.13E+04,7.39E+00,-2.49E+01,2.60E+01,-8.32E+04,-5.47E+02,2.65E+03
1.56520E+01,3.13E+04,6.92E+00,-2.50E+01,2.59E+01,-8.32E+04,-5.30E+02,7.32E+03
1.56540E+01,3.13E+04,6.45E+00,-2.51E+01,2.59E+01,-8.32E+04,-5.18E+02,-8.51E+03
1.56560E+01,3.13E+04,6.01E+00,-2.52E+01,2.59E+01,-8.32E+04,-5.57E+02,-6.00E+02
1.56580E+01,3.13E+04,5.48E+00,-2.54E+01,2.59E+01,-8.32E+04,-5.43E+02,4.20E+03
1.56600E+01,3.13E+04,5.06E+00,-2.55E+01,2.60E+01,-8.32E+04,-5.13E+02,6.06E+03
1.56620E+01,3.13E+04,4.58E+00,-2.56E+01,2.60E+01,-8.32E+04,-5.36E+02,-1.12E+04
1.56640E+01,3.13E+04,4.11E+00,-2.57E+01,2.60E+01,-8.32E+04,-5.49E+02,6.61E+03
1.56660E+01,3.13E+04,3.59E+00,-2.58E+01,2.60E+01,-8.32E+04,-5.23E+02,8.92E+02
1.56680E+01,3.13E+04,3.17E+00,-2.58E+01,2.60E+01,-8.32E+04,-5.23E+02,-8.83E+02
1.56700E+01,3.13E+04,2.65E+00,-2.59E+01,2.60E+01,-8.32E+04,-5.49E+02,-5.49E+03
1.56720E+01,3.13E+04,2.17E+00,-2.59E+01,2.60E+01,-8.32E+04,-5.32E+02,5.72E+02
1.56740E+01,3.13E+04,1.69E+00,-2.59E+01,2.60E+01,-8.32E+04,-5.49E+02,-6.47E+03
1.56760E+01,3.14E+04,1.18E+00,-2.60E+01,2.60E+01,-8.32E+04,-5.61E+02,1.91E+03
1.56780E+01,3.14E+04,6.72E-01,-2.60E+01,2.60E+01,-8.32E+04,-5.42E+02,4.55E+03
1.56800E+01,3.14E+04,1.97E-01,-2.60E+01,2.60E+01,-8.32E+04,-5.36E+02,-2.17E+03
1.56820E+01,3.14E+04,-3.00E-01,-2.60E+01,2.60E+01,-8.33E+04,-5.56E+02,-6.28E+03
1.56840E+01,3.14E+04,-8.11E-01,-2.60E+01,2.60E+01,-8.33E+04,-5.61E+02,2.55E+03
1.56860E+01,3.14E+04,-1.32E+00,-2.60E+01,2.60E+01,-8.33E+04,-5.46E+02,5.34E+03
1.56880E+01,3.14E+04,-1.80E+00,-2.59E+01,2.60E+01,-8.33E+04,-5.36E+02,-8.43E+02
1.56900E+01,3.14E+04,-2.29E+00,-2.59E+01,2.60E+01,-8.33E+04,-5.51E+02,1.74E+03
1.56920E+01,3.14E+04,-2.80E+00,-2.59E+01,2.60E+01,-8.33E+04,-5.35E+02,-4.30E+03
1.56940E+01,3.14E+04,-3.26E+00,-2.58E+01,2.60E+01,-8.33E+04,-5.52E+02,4.42E+02
1.56960E+01,3.14E+04,-3.80E+00,-2.58E+01,2.61E+01,-8.33E+04,-5.56E+02,-3.30E+03
1.56980E+01,3.14E+04,-4.26E+00,-2.57E+01,2.61E+01,-8.33E+04,-5.44E+02,1.17E+04
1.57000E+01,3.14E+04,-4.78E+00,-2.57E+01,2.61E+01,-8.33E+04,-5.29E+02,-5.05E+03
1.57020E+01,3.14E+04,-5.22E+00,-2.56E+01,2.61E+01,-8.33E+04,-5.40E+02,1.41E+03
1.57040E+01,3.14E+04,-5.75E+00,-2.55E+01,2.61E+01,-8.33E+04,-5.51E+02,-3.18E+03
1.57060E+01,3.14E+04,-6.21E+00,-2.54E+01,2.62E+01,-8.33E+04,-5.29E+02,3.72E+03
1.57080E+01,3.14E+04,-6.70E+00,-2.53E+01,2.62E+01,-8.33E+04,-5.49E+02,-9.80E+03
1.57100E+01,3.14E+04,-7.17E+00,-2.51E+01,2.61E+01,-8.33E+04,-5.63E+02,4.91E+03
1.57120E+01,3.14E+04,-7.68E+00,-2.50E+01,2.61E+01,-8.33E+04,-5.40E+02,2.76E+03
1.57140E+01,3.14E+04,-8.11E+00,-2.48E+01,2.61E+01,-8.33E+04,-5.33E+02,4.83E+02
1.57160E+01,3.14E+04,-8.62E+00,-2.47E+01,2.62E+01,-8.33E+04,-5.54E+02,-2.97E+03
1.57180E+01,3.14E+04,-9.09E+00,-2.46E+01,2.62E+01,-8.33E+04,-5.38E+02,7.63E+03
1.57200E+01,3.14E+04,-9.55E+00,-2.44E+01,2.62E+01,-8.33E+04,-5.25E+02,-2.73E+03
1.57220E+01,3.14E+04,-9.99E+00,-2.42E+01,2.62E+01,-8.33E+04,-5.43E+02,-2.73E+03
1.57240E+01,3.14E+04,-1.05E+01,-2.40E+01,2.62E+01,-8.33E+04,-5.48E+02,8.46E+03
1.57260E+01,3.15E+04,-1.09E+01,-2.38E+01,2.62E+01,-8.33E+04,-5.03E+02,-3.07E+03
1.57280E+01,3.15E+04,-1.13E+01,-2.36E+01,2.62E+01,-8.33E+04,-5.47E+02,-1.48E+03
1.57300E+01,3.15E+04,-1.18E+01,-2.34E+01,2.62E+01,-8.33E+04,-5.42E+02,-8.31E+03
1.57320E+01,3.15E+04,-1.22E+01,-2.32E+01,2.62E+01,-8.33E+04,-5.40E+02,7.81E+03
1.57340E+01,3.15E+04,-1.27E+01,-2.30E+01,2.62E+01,-8.33E+04,-5.50E+02,3.81E+03
1.57360E+01,3.15E+04,-1.31E+01,-2.28E+01,2.63E+01,-8.33E+04,-4.96E+02,1.99E+03
1.57380E+01,3.15E+04,-1.35E+01,-2.25E+01,2.63E+01,-8.33E+04,-5.46E+02,-7.06E+03
1.57400E+01,3.15E+04,-1.40E+01,-2.23E+01,2.63E+01,-8.33E+04,-5.42E+02,-5.98E+02
1.57420E+01,3.15E+04,-1.44E+01,-2.20E+01,2.63E+01,-8.33E+04,-5.25E+02,1.14E+04
1.57440E+01,3.15E+04,-1.48E+01,-2.17E+01,2.63E+01,-8.33E+04,-5.17E+02,-3.48E+03
1.57460E+01,3.15E+04,-1.51E+01,-2.15E+01,2.63E+01,-8.33E+04,-5.19E+02,-3.29E+03
1.57480E+01,3.15E+04,-1.56E+01,-2.12E+01,2.63E+01,-8.33E+04,-5.48E+02,3.72E+03
1.57500E+01,3.15E+04,-1.60E+01,-2.09E+01,2.63E+01,-8.33E+04,-5.01E+02,-5.48E+03
1.57520E+01,3.15E+04,-1.63E+01,-2.06E+01,2.63E+01,-8.33E+04,-5.48E+02,-4.06E+03
1.57540E+01,3.15E+04,-1.68E+01,-2.03E+01,2.63E+01,-8.33E+04,-5.58E+02,9.17E+03
1.57560E+01,3.15E+04,-1.71E+01,-2.00E+01,2.63E+01,-8.33E+04,-4.78E+02,1.12E+04
1.57580E+01,3.15E+04,-1.74E+01,-1.97E+01,2.63E+01,-8.33E+04,-5.17E+02,-1.32E+04
1.57600E+01,3.15E+04,-1.78E+01,-1.94E+01,2.63E+01,-8.33E+04,-5.46E+02,8.09E+02
1.57620E+01,3.15E+04,-1.82E+01,-1.91E+01,2.63E+01,-8.33E+04,-5.07E+02,5.80E+03
1.57640E+01,3.15E+04,-1.85E+01,-1.88E+01,2.63E+01,-8.33E+04,-5.13E+02,-2.84E+03
1.57660E+01,3.15E+04,-1.88E+01,-1.84E+01,2.63E+01,-8.33E+04,-5.33E+02,2.52E+03
1.57680E+01,3.15E+04,-1.92E+01,-1.81E+01,2.64E+01,-8.33E+04,-4.99E+02,2.41E+03
1.57700E+01,3.15E+04,-1.95E+01,-1.77E+01,2.64E+01,-8.33E+04,-5.13E+02,-6.40E+03
1.57720E+01,3.15E+04,-1.98E+01,-1.73E+01,2.63E+01,-8.33E+04,-5.40E+02,4.39E+03
1.57740E+01,3.15E+04,-2.02E+01,-1.70E+01,2.64E+01,-8.33E+04,-4.92E+02,-4.47E+03
1.57760E+01,3.16E+04,-2.04E+01,-1.67E+01,2.64E+01,-8.33E+04,-5.37E+02,-6.42E+03
1.57780E+01,3.16E+04,-2.08E+01,-1.62E+01,2.64E+01,-8.33E+04,-5.55E+02,1.31E+04
1.57800E+01,3.16E+04,-2.10E+01,-1.59E+01,2.64E+01,-8.33E+04,-4.59E+02,6.14E+03
1.57820E+01,3.16E+04,-2.12E+01,-1.55E+01,2.63E+01,-8.33E+04,-5.17E+02,-1.21E+04
1.57840E+01,3.16E+04,-2.16E+01,-1.51E+01,2.64E+01,-8.33E+04,-5.47E+02,5.67E+03
1.57860E+01,3.16E+04,-2.19E+01,-1.47E+01,2.64E+01,-8.33E+04,-4.67E+02,1.71E+04
1.57880E+01,3.16E+04,-2.21E+01,-1.44E+01,2.63E+01,-8.33E+04,-4.78E+02,-3.47E+02
1.57900E+01,3.16E+04,-2.24E+01,-1.40E+01,2.64E+01,-8.33E+04,-4.83E+02,-1.82E+04
1.57920E+01,3.16E+04,-2.26E+01,-1.36E+01,2.64E+01,-8.33E+04,-5.29E+02,-3.43E+03
1.57940E+01,3.16E+04,-2.29E+01,-1.32E+01,2.64E+01,-8.33E+04,-5.30E+02,1.05E+04
1.57960E+01,3.16E+04,-2.30E+01,-1.28E+01,2.63E+01,-8.33E+04,-4.58E+02,1.35E+04
1.57980E+01,3.16E+04,-2.32E+01,-1.24E+01,2.63E+01,-8.33E+04,-4.82E+02,-1.44E+04
1.58000E+01,3.16E+04,-2.35E+01,-1.20E+01,2.64E+01,-8.33E+04,-5.22E+02,-1.68E+04
1.58020E+01,3.16E+04,-2.36E+01,-1.15E+01,2.63E+01,-8.33E+04,-5.47E+02,5.36E+03
1.58040E+01,3.16E+04,-2.39E+01,-1.11E+01,2.64E+01,-8.33E+04,-5.09E+02,2.09E+04
1.58060E+01,3.16E+04,-2.41E+01,-1.07E+01,2.63E+01,-8.33E+04,-4.49E+02,7.11E+03
1.58080E+01,3.16E+04,-2.42E+01,-1.03E+01,2.63E+01,-8.33E+04,-4.79E+02,-1.33E+03
1.58100E+01,3.16E+04,-2.44E+01,-9.89E+00,2.63E+01,-8.33E+04,-4.74E+02,-2.23E+04
1.58120E+01,3.16E+04,-2.45E+01,-9.50E+00,2.62E+01,-8.33E+04,-5.34E+02,-1.65E+03
1.58140E+01,3.16E+04,-2.47E+01,-8.96E+00,2.63E+01,-8.33E+04,-5.33E+02,-3.37E+03
1.58160E+01,3.16E+04,-2.48E+01,-8.58E+00,2.62E+01,-8.33E+04,-4.92E+02,1.87E+04
1.58180E+01,3.16E+04,-2.50E+01,-8.12E+00,2.63E+01,-8.33E+04,-5.01E+02,9.05E+03
1.58200E+01,3.16E+04,-2.51E+01,-7.71E+00,2.63E+01,-8.33E+04,-4.31E+02,7.50E+03
1.58220E+01,3.16E+04,-2.51E+01,-7.32E+00,2.62E+01,-8.33E+04,-4.69E+02,-2.88E+03
1.58240E+01,3.16E+04,-2.53E+01,-6.88E+00,2.62E+01,-8.33E+04,-4.66E+02,-1.05E+04
1.58260E+01,3.17E+04,-2.53E+01,-6.50E+00,2.62E+01,-8.33E+04,-4.80E+02,8.45E+03
1.58280E+01,3.17E+04,-2.55E+01,-6.03E+00,2.62E+01,-8.33E+04,-4.69E+02,-3.09E+04
1.58300E+01,3.17E+04,-2.55E+01,-5.66E+00,2.61E+01,-8.33E+04,-5.50E+02,-4.14E+03
1.58320E+01,3.17E+04,-2.57E+01,-5.04E+00,2.62E+01,-8.33E+04,-5.62E+02,9.70E+02
1.58340E+01,3.17E+04,-2.57E+01,-4.66E+00,2.61E+01,-8.33E+04,-4.74E+02,2.74E+04
1.58360E+01,3.17E+04,-2.59E+01,-4.19E+00,2.62E+01,-8.33E+04,-4.95E+02,2.57E+02
1.58380E+01,3.17E+04,-2.59E+01,-3.76E+00,2.61E+01,-8.33E+04,-4.55E+02,4.37E+03
1.58400E+01,3.17E+04,-2.59E+01,-3.35E+00,2.61E+01,-8.33E+04,-4.78E+02,6.56E+03
1.58420E+01,3.17E+04,-2.60E+01,-2.90E+00,2.62E+01,-8.33E+04,-4.45E+02,-6.08E+03
1.58440E+01,3.17E+04,-2.60E+01,-2.54E+00,2.61E+01,-8.33E+04,-4.70E+02,1.35E+03
1.58460E+01,3.17E+04,-2.61E+01,-2.04E+00,2.61E+01,-8.33E+04,-4.82E+02,-9.33E+03
1.58480E+01,3.17E+04,-2.60E+01,-1.67E+00,2.60E+01,-8.33E+04,-4.67E+02,6.31E+03
1.58500E+01,3.17E+04,-2.61E+01,-1.19E+00,2.61E+01,-8.33E+04,-4.88E+02,-3.84E+03
1.58520E+01,3.17E+04,-2.60E+01,-7.80E-01,2.61E+01,-8.33E+04,-4.63E+02,4.53E+03
1.58540E+01,3.17E+04,-2.60E+01,-3.48E-01,2.60E+01,-8.33E+04,-4.77E+02,4.54E+03
1.58560E+01,3.17E+04,-2.60E+01,8.78E-02,2.60E+01,-8.33E+04,-4.49E+02,-1.31E+03
1.58580E+01,3.17E+04,-2.60E+01,4.65E-01,2.60E+01,-8.33E+04,-4.66E+02,-2.55E+03
1.58600E+01,3.17E+04,-2.60E+01,9.34E-01,2.60E+01,-8.33E+04,-4.82E+02,-8.05E+03
1.58620E+01,3.17E+04,-2.59E+01,1.34E+00,2.60E+01,-8.33E+04,-4.78E+02,2.96E+03
1.58640E+01,3.17E+04,-2.60E+01,1.80E+00,2.60E+01,-8.33E+04,-4.86E+02,2.11E+03
1.58660E+01,3.17E+04,-2.59E+01,2.22E+00,2.60E+01,-8.33E+04,-4.60E+02,3.86E+03
1.58680E+01,3.17E+04,-2.58E+01,2.62E+00,2.59E+01,-8.33E+04,-4.69E+02,-8.74E+02
1.58700E+01,3.17E+04,-2.58E+01,3.07E+00,2.60E+01,-8.33E+04,-4.71E+02,-1.89E+03
1.58720E+01,3.17E+04,-2.57E+01,3.47E+00,2.59E+01,-8.33E+04,-4.69E+02,2.32E+04
1.58740E+01,3.17E+04,-2.57E+01,3.91E+00,2.60E+01,-8.33E+04,-3.96E+02,9.44E+03
1.58760E+01,3.18E+04,-2.56E+01,4.17E+00,2.59E+01,-8.33E+04,-3.94E+02,-1.05E+04
1.58780E+01,3.18E+04,-2.53E+01,4.57E+00,2.58E+01,-8.34E+04,-4.74E+02,-2.04E+04
1.58800E+01,3.18E+04,-2.53E+01,5.00E+00,2.58E+01,-8.34E+04,-4.63E+02,3.60E+03
1.58820E+01,3.18E+04,-2.51E+01,5.38E+00,2.57E+01,-8.34E+04,-4.58E+02,-3.03E+03
1.58840E+01,3.18E+04,-2.51E+01,5.80E+00,2.58E+01,-8.34E+04,-4.75E+02,-6.50E+03
1.58860E+01,3.18E+04,-2.50E+01,6.22E+00,2.57E+01,-8.34E+04,-4.88E+02,2.44E+03
1.58880E+01,3.18E+04,-2.48E+01,6.63E+00,2.57E+01,-8.34E+04,-4.66E+02,8.25E+03
1.58900E+01,3.18E+04,-2.48E+01,7.03E+00,2.57E+01,-8.34E+04,-4.49E+02,2.19E+04
1.58920E+01,3.18E+04,-2.46E+01,7.40E+00,2.57E+01,-8.34E+04,-3.91E+02,6.09E+03
1.58940E+01,3.18E+04,-2.44E+01,7.65E+00,2.56E+01,-8.34E+04,-3.97E+02,-1.07E+04
1.58960E+01,3.18E+04,-2.43E+01,8.06E+00,2.56E+01,-8.34E+04,-4.62E+02,-1.68E+04
1.58980E+01,3.18E+04,-2.41E+01,8.42E+00,2.55E+01,-8.34E+04,-4.54E+02,-1.90E+03
1.59000E+01,3.18E+04,-2.40E+01,8.82E+00,2.56E+01,-8.34E+04,-4.66E+02,-5.18E+03
1.59020E+01,3.18E+04,-2.38E+01,9.21E+00,2.55E+01,-8.34E+04,-4.81E+02,2.14E+04
1.59040E+01,3.18E+04,-2.36E+01,9.58E+00,2.55E+01,-8.34E+04,-3.90E+02,1.18E+04
1.59060E+01,3.18E+04,-2.35E+01,9.84E+00,2.55E+01,-8.34E+04,-3.95E+02,-9.70E+03
1.59080E+01,3.18E+04,-2.33E+01,1.02E+01,2.54E+01,-8.34E+04,-4.71E+02,-1.80E+04
1.59100E+01,3.18E+04,-2.31E+01,1.06E+01,2.54E+01,-8.34E+04,-4.49E+02,3.34E+03
1.59120E+01,3.18E+04,-2.30E+01,1.09E+01,2.54E+01,-8.34E+04,-4.57E+02,1.93E+04
1.59140E+01,3.18E+04,-2.28E+01,1.13E+01,2.54E+01,-8.34E+04,-3.87E+02,8.80E+03
1.59160E+01,3.18E+04,-2.25E+01,1.15E+01,2.53E+01,-8.34E+04,-3.86E+02,-1.51E+04
1.59180E+01,3.18E+04,-2.23E+01,1.18E+01,2.53E+01,-8.34E+04,-4.80E+02,-1.73E+04
1.59200E+01,3.18E+04,-2.21E+01,1.22E+01,2.53E+01,-8.34E+04,-4.53E+02,1.21E+04
1.59220E+01,3.18E+04,-2.19E+01,1.25E+01,2.52E+01,-8.34E+04,-4.17E+02,1.33E+04
1.59240E+01,3.18E+04,-2.18E+01,1.29E+01,2.53E+01,-8.34E+04,-4.09E+02,-5.18E+03
1.59260E+01,3.19E+04,-2.15E+01,1.31E+01,2.52E+01,-8.34E+04,-4.29E+02,-2.25E+02
1.59280E+01,3.19E+04,-2.12E+01,1.34E+01,2.51E+01,-8.34E+04,-4.26E+02,-3.43E+03
1.59300E+01,3.19E+04,-2.11E+01,1.37E+01,2.52E+01,-8.34E+04,-4.23E+02,-4.46E+03
1.59320E+01,3.19E+04,-2.09E+01,1.41E+01,2.52E+01,-8.34E+04,-4.58E+02,4.40E+03
1.59340E+01,3.19E+04,-2.06E+01,1.44E+01,2.51E+01,-8.34E+04,-4.09E+02,1.37E+04
1.59360E+01,3.19E+04,-2.03E+01,1.46E+01,2.50E+01,-8.34E+04,-3.84E+02,6.86E+02
1.59380E+01,3.19E+04,-2.02E+01,1.49E+01,2.51E+01,-8.34E+04,-4.20E+02,-1.07E+04
1.59400E+01,3.19E+04,-1.99E+01,1.52E+01,2.51E+01,-8.34E+04,-4.26E+02,1.25E+03
1.59420E+01,3.19E+04,-1.97E+01,1.55E+01,2.50E+01,-8.34E+04,-4.14E+02,5.27E+03
1.59440E+01,3.19E+04,-1.94E+01,1.57E+01,2.49E+01,-8.34E+04,-4.03E+02,2.98E+03
1.59460E+01,3.19E+04,-1.92E+01,1.60E+01,2.49E+01,-8.34E+04,-4.03E+02,-1.93E+01
1.59480E+01,3.19E+04,-1.90E+01,1.62E+01,2.50E+01,-8.34E+04,-4.04E+02,1.00E+03
1.59500E+01,3.19E+04,-1.87E+01,1.65E+01,2.49E+01,-8.34E+04,-3.99E+02,-5.87E+03
1.59520E+01,3.19E+04,-1.84E+01,1.67E+01,2.49E+01,-8.34E+04,-4.22E+02,-1.54E+01
1.59540E+01,3.19E+04,-1.82E+01,1.70E+01,2.49E+01,-8.34E+04,-4.13E+02,5.75E+03
1.59560E+01,3.19E+04,-1.80E+01,1.72E+01,2.49E+01,-8.34E+04,-3.84E+02,1.09E+03
1.59580E+01,3.19E+04,-1.77E+01,1.74E+01,2.48E+01,-8.34E+04,-4.13E+02,-2.84E+03
1.59600E+01,3.19E+04,-1.74E+01,1.77E+01,2.48E+01,-8.34E+04,-4.05E+02,6.18E+03
1.59620E+01,3.19E+04,-1.71E+01,1.79E+01,2.48E+01,-8.34E+04,-3.76E+02,4.36E+03
1.59640E+01,3.19E+04,-1.69E+01,1.81E+01,2.48E+01,-8.34E+04,-3.90E+02,-4.14E+03
1.59660E+01,3.19E+04,-1.66E+01,1.83E+01,2.48E+01,-8.34E+04,-3.97E+02,7.00E+02
1.59680E+01,3.19E+04,-1.63E+01,1.85E+01,2.47E+01,-8.34E+04,-3.85E+02,6.97E+01
1.59700E+01,3.19E+04,-1.61E+01,1.87E+01,2.47E+01,-8.34E+04,-3.93E+02,-5.19E+03
1.59720E+01,3.19E+04,-1.59E+01,1.90E+01,2.47E+01,-8.34E+04,-4.11E+02,-4.25E+03
1.59740E+01,3.19E+04,-1.55E+01,1.92E+01,2.47E+01,-8.34E+04,-4.09E+02,7.94E+03
1.59760E+01,3.20E+04,-1.52E+01,1.94E+01,2.46E+01,-8.34E+04,-3.81E+02,6.29E+03
1.59780E+01,3.20E+04,-1.50E+01,1.96E+01,2.47E+01,-8.34E+04,-3.75E+02,-5.77E+03
1.59800E+01,3.20E+04,-1.47E+01,1.97E+01,2.46E+01,-8.34E+04,-4.11E+02,-4.91E+03
1.59820E+01,3.20E+04,-1.44E+01,2.00E+01,2.46E+01,-8.34E+04,-4.01E+02,1.03E+04
1.59840E+01,3.20E+04,-1.42E+01,2.01E+01,2.46E+01,-8.34E+04,-3.61E+02,9.25E+03
1.59860E+01,3.20E+04,-1.39E+01,2.03E+01,2.46E+01,-8.34E+04,-3.62E+02,-5.16E+03
1.59880E+01,3.20E+04,-1.36E+01,2.05E+01,2.46E+01,-8.34E+04,-3.86E+02,-9.72E+02
1.59900E+01,3.20E+04,-1.33E+01,2.06E+01,2.46E+01,-8.34E+04,-3.71E+02,3.45E+03
1.59920E+01,3.20E+04,-1.31E+01,2.08E+01,2.45E+01,-8.34E+04,-3.61E+02,-5.47E+03
1.59940E+01,3.20E+04,-1.28E+01,2.10E+01,2.46E+01,-8.34E+04,-3.98E+02,-7.27E+03
1.59960E+01,3.20E+04,-1.25E+01,2.11E+01,2.46E+01,-8.34E+04,-3.97E+02,1.06E+04
1.59980E+01,3.20E+04,-1.22E+01,2.13E+01,2.45E+01,-8.34E+04,-3.50E+02,1.45E+04
1.60000E+01,3.20E+04,-1.19E+01,2.14E+01,2.45E+01,-8.34E+04,-3.34E+02,-1.55E+03
1.60020E+01,3.20E+04,-1.17E+01,2.15E+01,2.45E+01,-8.34E+04,-3.60E+02,-1.44E+04
1.60040E+01,3.20E+04,-1.14E+01,2.17E+01,2.45E+01,-8.34E+04,-3.93E+02,-2.23E+03
1.60060E+01,3.20E+04,-1.11E+01,2.18E+01,2.44E+01,-8.34E+04,-3.76E+02,3.81E+03
1.60080E+01,3.20E+04,-1.08E+01,2.19E+01,2.45E+01,-8.34E+04,-3.63E+02,4.88E+03
1.60100E+01,3.20E+04,-1.05E+01,2.21E+01,2.45E+01,-8.34E+04,-3.69E+02,2.35E+03
1.60120E+01,3.20E+04,-1.02E+01,2.22E+01,2.44E+01,-8.34E+04,-3.47E+02,8.47E+03
1.60140E+01,3.20E+04,-9.96E+00,2.23E+01,2.44E+01,-8.34E+04,-3.36E+02,-3.32E+02
1.60160E+01,3.20E+04,-9.69E+00,2.24E+01,2.44E+01,-8.34E+04,-3.46E+02,-5.27E+03
1.60180E+01,3.20E+04,-9.41E+00,2.25E+01,2.44E+01,-8.34E+04,-3.62E+02,3.46E+03
1.60200E+01,3.20E+04,-9.11E+00,2.26E+01,2.43E+01,-8.34E+04,-3.34E+02,-4.25E+03
1.60220E+01,3.20E+04,-8.86E+00,2.26E+01,2.43E+01,-8.34E+04,-3.63E+02,-9.26E+03
1.60240E+01,3.20E+04,-8.52E+00,2.28E+01,2.43E+01,-8.34E+04,-3.95E+02,-2.05E+03
1.60260E+01,3.21E+04,-8.23E+00,2.29E+01,2.43E+01,-8.34E+04,-3.58E+02,1.48E+04
1.60280E+01,3.21E+04,-7.96E+00,2.30E+01,2.43E+01,-8.34E+04,-3.37E+02,9.56E+03
1.60300E+01,3.21E+04,-7.69E+00,2.31E+01,2.43E+01,-8.34E+04,-3.20E+02,2.26E+03
1.60320E+01,3.21E+04,-7.45E+00,2.32E+01,2.43E+01,-8.34E+04,-3.24E+02,-3.84E+03
1.60340E+01,3.21E+04,-7.17E+00,2.32E+01,2.43E+01,-8.34E+04,-3.40E+02,-1.92E+03
1.60360E+01,3.21E+04,-6.88E+00,2.33E+01,2.43E+01,-8.34E+04,-3.33E+02,7.11E+03
1.60380E+01,3.21E+04,-6.61E+00,2.34E+01,2.43E+01,-8.34E+04,-3.10E+02,3.05E+03
1.60400E+01,3.21E+04,-6.37E+00,2.34E+01,2.43E+01,-8.34E+04,-3.16E+02,-1.66E+03
1.60420E+01,3.21E+04,-6.09E+00,2.35E+01,2.42E+01,-8.34E+04,-3.25E+02,4.29E+03
1.60440E+01,3.21E+04,-5.82E+00,2.35E+01,2.42E+01,-8.34E+04,-2.96E+02,5.04E+03
1.60460E+01,3.21E+04,-5.59E+00,2.35E+01,2.42E+01,-8.34E+04,-2.97E+02,-1.36E+04
1.60480E+01,3.21E+04,-5.33E+00,2.36E+01,2.42E+01,-8.34E+04,-3.54E+02,-2.91E+03
1.60500E+01,3.21E+04,-5.01E+00,2.37E+01,2.42E+01,-8.34E+04,-3.26E+02,2.61E+03
1.60520E+01,3.21E+04,-4.79E+00,2.37E+01,2.42E+01,-8.34E+04,-3.13E+02,-7.67E+02
1.60540E+01,3.21E+04,-4.49E+00,2.38E+01,2.42E+01,-8.34E+04,-3.54E+02,-1.01E+04
1.60560E+01,3.21E+04,-4.20E+00,2.38E+01,2.42E+01,-8.34E+04,-3.43E+02,1.02E+04
1.60580E+01,3.21E+04,-3.92E+00,2.39E+01,2.42E+01,-8.34E+04,-3.18E+02,1.06E+04
1.60600E+01,3.21E+04,-3.67E+00,2.39E+01,2.42E+01,-8.34E+04,-2.94E+02,-1.56E+03
1.60620E+01,3.21E+04,-3.44E+00,2.40E+01,2.42E+01,-8.34E+04,-3.23E+02,-4.55E+03
1.60640E+01,3.21E+04,-3.14E+00,2.40E+01,2.42E+01,-8.34E+04,-3.25E+02,7.98E+03
1.60660E+01,3.21E+04,-2.89E+00,2.40E+01,2.42E+01,-8.34E+04,-2.81E+02,1.23E+04
1.60680E+01,3.21E+04,-2.67E+00,2.41E+01,2.42E+01,-8.34E+04,-2.74E+02,-7.45E+03
1.60700E+01,3.21E+04,-2.43E+00,2.41E+01,2.43E+01,-8.34E+04,-3.11E+02,-7.30E+03
1.60720E+01,3.21E+04,-2.14E+00,2.41E+01,2.42E+01,-8.34E+04,-3.14E+02,2.33E+03
1.60740E+01,3.21E+04,-1.90E+00,2.42E+01,2.42E+01,-8.34E+04,-2.90E+02,3.97E+03
1.60760E+01,3.22E+04,-1.65E+00,2.42E+01,2.42E+01,-8.34E+04,-3.01E+02,-7.82E+03
1.60780E+01,3.22E+04,-1.39E+00,2.42E+01,2.42E+01,-8.34E+04,-3.22E+02,5.85E+03
1.60800E+01,3.22E+04,-1.11E+00,2.42E+01,2.42E+01,-8.34E+04,-2.86E+02,1.25E+04
1.60820E+01,3.22E+04,-9.07E-01,2.42E+01,2.42E+01,-8.34E+04,-2.55E+02,2.47E+03
1.60840E+01,3.22E+04,-6.78E-01,2.42E+01,2.42E+01,-8.34E+04,-2.85E+02,-1.24E+04
1.60860E+01,3.22E+04,-4.25E-01,2.42E+01,2.42E+01,-8.34E+04,-3.06E+02,7.27E+02
1.60880E+01,3.22E+04,-1.62E-01,2.42E+01,2.42E+01,-8.34E+04,-2.86E+02,3.71E+03
1.60900E+01,3.22E+04,5.76E-02,2.42E+01,2.42E+01,-8.34E+04,-2.80E+02,-2.55E+03
1.60920E+01,3.22E+04,3.11E-01,2.42E+01,2.42E+01,-8.34E+04,-3.05E+02,-6.54E+03
1.60940E+01,3.22E+04,5.73E-01,2.42E+01,2.42E+01,-8.34E+04,-3.05E+02,7.54E+03
1.60960E+01,3.22E+04,8.27E-01,2.42E+01,2.42E+01,-8.34E+04,-2.76E+02,8.73E+03
1.60980E+01,3.22E+04,1.04E+00,2.42E+01,2.42E+01,-8.34E+04,-2.62E+02,1.15E+03
1.61000E+01,3.22E+04,1.27E+00,2.41E+01,2.42E+01,-8.34E+04,-2.78E+02,-7.91E+03
1.61020E+01,3.22E+04,1.51E+00,2.42E+01,2.42E+01,-8.34E+04,-2.92E+02,1.58E+03
1.61040E+01,3.22E+04,1.76E+00,2.41E+01,2.42E+01,-8.34E+04,-2.77E+02,6.06E+03
1.61060E+01,3.22E+04,1.97E+00,2.41E+01,2.42E+01,-8.34E+04,-2.58E+02,-5.06E+03
1.61080E+01,3.22E+04,2.19E+00,2.41E+01,2.42E+01,-8.34E+04,-2.98E+02,-8.38E+03
1.61100E+01,3.22E+04,2.48E+00,2.41E+01,2.42E+01,-8.34E+04,-3.04E+02,5.86E+03
1.61120E+01,3.22E+04,2.71E+00,2.41E+01,2.42E+01,-8.34E+04,-2.64E+02,1.45E+04
1.61140E+01,3.22E+04,2.92E+00,2.40E+01,2.42E+01,-8.34E+04,-2.47E+02,1.16E+03
1.61160E+01,3.22E+04,3.12E+00,2.40E+01,2.42E+01,-8.34E+04,-2.58E+02,-2.34E+03
1.61180E+01,3.22E+04,3.35E+00,2.40E+01,2.42E+01,-8.34E+04,-2.62E+02,-3.95E+03
1.61200E+01,3.22E+04,3.57E+00,2.40E+01,2.43E+01,-8.34E+04,-2.67E+02,3.32E+03
1.61220E+01,3.22E+04,3.80E+00,2.39E+01,2.42E+01,-8.34E+04,-2.58E+02,4.71E+03
1.61240E+01,3.22E+04,4.00E+00,2.39E+01,2.42E+01,-8.34E+04,-2.38E+02,-5.19E+02
1.61260E+01,3.23E+04,4.20E+00,2.39E+01,2.42E+01,-8.34E+04,-2.62E+02,-9.08E+03
1.61280E+01,3.23E+04,4.44E+00,2.39E+01,2.43E+01,-8.34E+04,-2.80E+02,1.81E+03
1.61300E+01,3.23E+04,4.68E+00,2.38E+01,2.43E+01,-8.34E+04,-2.55E+02,1.10E+04
1.61320E+01,3.23E+04,4.87E+00,2.38E+01,2.43E+01,-8.34E+04,-2.30E+02,6.88E+03
1.61340E+01,3.23E+04,5.06E+00,2.38E+01,2.43E+01,-8.34E+04,-2.30E+02,-5.37E+03
1.61360E+01,3.23E+04,5.26E+00,2.38E+01,2.43E+01,-8.34E+04,-2.49E+02,-5.65E+03
1.61380E+01,3.23E+04,5.48E+00,2.37E+01,2.44E+01,-8.34E+04,-2.59E+02,7.00E+02
1.61400E+01,3.23E+04,5.69E+00,2.37E+01,2.44E+01,-8.34E+04,-2.43E+02,4.99E+03
1.61420E+01,3.23E+04,5.88E+00,2.36E+01,2.43E+01,-8.34E+04,-2.37E+02,2.07E+02
1.61440E+01,3.23E+04,6.06E+00,2.35E+01,2.43E+01,-8.34E+04,-2.43E+02,-4.61E+03
1.61460E+01,3.23E+04,6.26E+00,2.34E+01,2.43E+01,-8.34E+04,-2.55E+02,-3.85E+03
1.61480E+01,3.23E+04,6.48E+00,2.34E+01,2.43E+01,-8.34E+04,-2.61E+02,5.05E+03
1.61500E+01,3.23E+04,6.69E+00,2.33E+01,2.43E+01,-8.34E+04,-2.36E+02,8.71E+03
1.61520E+01,3.23E+04,6.86E+00,2.33E+01,2.43E+01,-8.34E+04,-2.19E+02,9.93E+02
1.61540E+01,3.23E+04,7.04E+00,2.32E+01,2.43E+01,-8.34E+04,-2.35E+02,-7.88E+03
1.61560E+01,3.23E+04,7.24E+00,2.31E+01,2.43E+01,-8.34E+04,-2.52E+02,-5.54E+03
1.61580E+01,3.23E+04,7.45E+00,2.31E+01,2.43E+01,-8.34E+04,-2.58E+02,4.27E+03
1.61600E+01,3.23E+04,7.67E+00,2.31E+01,2.43E+01,-8.34E+04,-2.37E+02,1.38E+04
1.61620E+01,3.23E+04,7.85E+00,2.30E+01,2.43E+01,-8.34E+04,-2.00E+02,9.13E+03
1.61640E+01,3.23E+04,7.99E+00,2.30E+01,2.43E+01,-8.34E+04,-1.96E+02,-3.50E+03
1.61660E+01,3.23E+04,8.17E+00,2.29E+01,2.43E+01,-8.34E+04,-2.19E+02,-9.31E+03
1.61680E+01,3.23E+04,8.35E+00,2.29E+01,2.43E+01,-8.35E+04,-2.33E+02,-7.60E+02
1.61700E+01,3.23E+04,8.54E+00,2.28E+01,2.43E+01,-8.35E+04,-2.24E+02,8.14E+03
1.61720E+01,3.23E+04,8.71E+00,2.27E+01,2.43E+01,-8.35E+04,-1.97E+02,3.82E+03
1.61740E+01,3.23E+04,8.87E+00,2.27E+01,2.44E+01,-8.35E+04,-2.05E+02,-6.14E+03
1.61760E+01,3.24E+04,9.05E+00,2.26E+01,2.44E+01,-8.35E+04,-2.29E+02,-8.16E+03
1.61780E+01,3.24E+04,9.21E+00,2.25E+01,2.43E+01,-8.35E+04,-2.35E+02,6.94E+02
1.61800E+01,3.24E+04,9.40E+00,2.24E+01,2.43E+01,-8.35E+04,-2.28E+02,5.51E+03
1.61820E+01,3.24E+04,9.56E+00,2.23E+01,2.43E+01,-8.35E+04,-2.11E+02,5.81E+03
1.61840E+01,3.24E+04,9.72E+00,2.23E+01,2.43E+01,-8.35E+04,-2.04E+02,4.49E+03
1.61860E+01,3.24E+04,9.88E+00,2.22E+01,2.43E+01,-8.35E+04,-1.95E+02,4.68E+02
1.61880E+01,3.24E+04,1.00E+01,2.21E+01,2.43E+01,-8.35E+04,-1.98E+02,-6.71E+03
1.61900E+01,3.24E+04,1.02E+01,2.21E+01,2.43E+01,-8.35E+04,-2.24E+02,-3.71E+03
1.61920E+01,3.24E+04,1.04E+01,2.20E+01,2.43E+01,-8.35E+04,-2.18E+02,4.03E+03
1.61940E+01,3.24E+04,1.05E+01,2.19E+01,2.43E+01,-8.35E+04,-2.00E+02,9.86E+03
1.61960E+01,3.24E+04,1.07E+01,2.19E+01,2.44E+01,-8.35E+04,-1.85E+02,5.94E+03
1.61980E+01,3.24E+04,1.08E+01,2.18E+01,2.44E+01,-8.35E+04,-1.71E+02,4.03E+03
1.62000E+01,3.24E+04,1.10E+01,2.18E+01,2.44E+01,-8.35E+04,-1.72E+02,-1.29E+04
1.62020E+01,3.24E+04,1.11E+01,2.17E+01,2.44E+01,-8.35E+04,-2.15E+02,-1.70E+04
1.62040E+01,3.24E+04,1.13E+01,2.17E+01,2.44E+01,-8.35E+04,-2.54E+02,-8.92E+03
1.62060E+01,3.24E+04,1.15E+01,2.15E+01,2.44E+01,-8.35E+04,-2.44E+02,1.04E+04
1.62080E+01,3.24E+04,1.17E+01,2.14E+01,2.44E+01,-8.35E+04,-2.15E+02,1.25E+04
1.62100E+01,3.24E+04,1.18E+01,2.13E+01,2.44E+01,-8.35E+04,-1.88E+02,1.04E+04
1.62120E+01,3.24E+04,1.19E+01,2.12E+01,2.44E+01,-8.35E+04,-1.77E+02,2.53E+03
1.62140E+01,3.24E+04,1.21E+01,2.12E+01,2.44E+01,-8.35E+04,-1.75E+02,9.71E+01
1.62160E+01,3.24E+04,1.22E+01,2.11E+01,2.44E+01,-8.35E+04,-1.80E+02,-4.37E+03
1.62180E+01,3.24E+04,1.24E+01,2.11E+01,2.44E+01,-8.35E+04,-1.89E+02,-2.62E+03
1.62200E+01,3.24E+04,1.25E+01,2.10E+01,2.44E+01,-8.35E+04,-1.95E+02,3.53E+03
1.62220E+01,3.24E+04,1.26E+01,2.09E+01,2.44E+01,-8.35E+04,-1.74E+02,8.90E+03
1.62240E+01,3.24E+04,1.28E+01,2.08E+01,2.44E+01,-8.35E+04,-1.56E+02,5.46E+03
1.62260E+01,3.25E+04,1.29E+01,2.08E+01,2.45E+01,-8.35E+04,-1.53E+02,-1.40E+04
1.62280E+01,3.25E+04,1.30E+01,2.07E+01,2.45E+01,-8.35E+04,-2.05E+02,-1.45E+04
1.62300E+01,3.25E+04,1.32E+01,2.07E+01,2.45E+01,-8.35E+04,-2.30E+02,-3.31E+03
1.62320E+01,3.25E+04,1.33E+01,2.05E+01,2.45E+01,-8.35E+04,-2.03E+02,8.66E+03
1.62340E+01,3.25E+04,1.35E+01,2.04E+01,2.44E+01,-8.35E+04,-2.00E+02,2.97E+03
1.62360E+01,3.25E+04,1.36E+01,2.03E+01,2.45E+01,-8.35E+04,-1.91E+02,8.07E+03
1.62380E+01,3.25E+04,1.37E+01,2.02E+01,2.45E+01,-8.35E+04,-1.69E+02,9.58E+03
1.62400E+01,3.25E+04,1.39E+01,2.02E+01,2.45E+01,-8.35E+04,-1.49E+02,3.84E+03
1.62420E+01,3.25E+04,1.40E+01,2.01E+01,2.45E+01,-8.35E+04,-1.54E+02,-2.66E+03
1.62440E+01,3.25E+04,1.41E+01,2.00E+01,2.45E+01,-8.35E+04,-1.63E+02,-3.18E+03
1.62460E+01,3.25E+04,1.42E+01,2.00E+01,2.45E+01,-8.35E+04,-1.65E+02,-4.30E+03
1.62480E+01,3.25E+04,1.43E+01,1.99E+01,2.45E+01,-8.35E+04,-1.79E+02,-4.35E+02
1.62500E+01,3.25E+04,1.45E+01,1.98E+01,2.45E+01,-8.35E+04,-1.72E+02,7.96E+03
1.62520E+01,3.25E+04,1.46E+01,1.97E+01,2.45E+01,-8.35E+04,-1.42E+02,3.63E+02
1.62540E+01,3.25E+04,1.47E+01,1.97E+01,2.46E+01,-8.35E+04,-1.65E+02,-8.74E+03
1.62560E+01,3.25E+04,1.48E+01,1.96E+01,2.46E+01,-8.35E+04,-1.90E+02,-8.84E+03
1.62580E+01,3.25E+04,1.49E+01,1.95E+01,2.46E+01,-8.35E+04,-1.91E+02,5.12E+03
1.62600E+01,3.25E+04,1.51E+01,1.94E+01,2.46E+01,-8.35E+04,-1.78E+02,5.00E+03
1.62620E+01,3.25E+04,1.52E+01,1.93E+01,2.46E+01,-8.35E+04,-1.61E+02,5.42E+03
1.62640E+01,3.25E+04,1.53E+01,1.92E+01,2.46E+01,-8.35E+04,-1.62E+02,-4.32E+03
1.62660E+01,3.25E+04,1.54E+01,1.91E+01,2.46E+01,-8.35E+04,-1.73E+02,1.42E+02
1.62680E+01,3.25E+04,1.55E+01,1.90E+01,2.45E+01,-8.35E+04,-1.71E+02,5.03E+03
1.62700E+01,3.25E+04,1.56E+01,1.89E+01,2.45E+01,-8.35E+04,-1.46E+02,1.09E+04
1.62720E+01,3.25E+04,1.57E+01,1.89E+01,2.46E+01,-8.35E+04,-1.30E+02,6.17E+03
1.62740E+01,3.25E+04,1.58E+01,1.88E+01,2.46E+01,-8.35E+04,-1.19E+02,3.10E+03
1.62760E+01,3.26E+04,1.59E+01,1.88E+01,2.46E+01,-8.35E+04,-1.19E+02,-1.81E+04
1.62780E+01,3.26E+04,1.60E+01,1.87E+01,2.46E+01,-8.35E+04,-1.83E+02,-1.90E+04
1.62800E+01,3.26E+04,1.62E+01,1.86E+01,2.47E+01,-8.35E+04,-2.17E+02,-1.86E+03
1.62820E+01,3.26E+04,1.63E+01,1.85E+01,2.46E+01,-8.35E+04,-1.75E+02,8.47E+03
1.62840E+01,3.26E+04,1.64E+01,1.84E+01,2.46E+01,-8.35E+04,-1.80E+02,1.43E+03
1.62860E+01,3.26E+04,1.65E+01,1.82E+01,2.46E+01,-8.35E+04,-1.79E+02,2.62E+03
1.62880E+01,3.26E+04,1.66E+01,1.81E+01,2.46E+01,-8.35E+04,-1.61E+02,1.31E+04
1.62900E+01,3.26E+04,1.67E+01,1.81E+01,2.46E+01,-8.35E+04,-1.35E+02,9.32E+03
1.62920E+01,3.26E+04,1.68E+01,1.80E+01,2.46E+01,-8.35E+04,-1.14E+02,6.08E+03
1.62940E+01,3.26E+04,1.69E+01,1.79E+01,2.46E+01,-8.35E+04,-1.18E+02,-1.56E+03
1.62960E+01,3.26E+04,1.69E+01,1.79E+01,2.46E+01,-8.35E+04,-1.17E+02,8.93E+02
1.62980E+01,3.26E+04,1.70E+01,1.78E+01,2.46E+01,-8.35E+04,-1.17E+02,-1.59E+04
1.63000E+01,3.26E+04,1.71E+01,1.78E+01,2.46E+01,-8.35E+04,-1.70E+02,-1.52E+04
1.63020E+01,3.26E+04,1.73E+01,1.77E+01,2.47E+01,-8.35E+04,-1.99E+02,-1.26E+04
1.63040E+01,3.26E+04,1.74E+01,1.76E+01,2.47E+01,-8.35E+04,-1.99E+02,6.52E+03
1.63060E+01,3.26E+04,1.75E+01,1.74E+01,2.46E+01,-8.35E+04,-1.91E+02,1.03E+04
1.63080E+01,3.26E+04,1.76E+01,1.73E+01,2.46E+01,-8.35E+04,-1.44E+02,1.62E+04
1.63100E+01,3.26E+04,1.76E+01,1.72E+01,2.46E+01,-8.35E+04,-1.30E+02,5.13E+03
1.63120E+01,3.26E+04,1.77E+01,1.71E+01,2.47E+01,-8.35E+04,-1.24E+02,3.96E+03
1.63140E+01,3.26E+04,1.78E+01,1.71E+01,2.47E+01,-8.35E+04,-1.16E+02,1.99E+03
1.63160E+01,3.26E+04,1.79E+01,1.70E+01,2.47E+01,-8.35E+04,-1.13E+02,-1.96E+03
1.63180E+01,3.26E+04,1.79E+01,1.69E+01,2.47E+01,-8.35E+04,-1.25E+02,3.79E+03
1.63200E+01,3.26E+04,1.80E+01,1.69E+01,2.47E+01,-8.35E+04,-1.04E+02,6.90E+03
1.63220E+01,3.26E+04,1.81E+01,1.68E+01,2.47E+01,-8.35E+04,-8.64E+01,-1.49E+04
1.63240E+01,3.26E+04,1.81E+01,1.68E+01,2.47E+01,-8.35E+04,-1.62E+02,-1.90E+04
1.63260E+01,3.27E+04,1.84E+01,1.67E+01,2.48E+01,-8.35E+04,-1.85E+02,-1.05E+04
1.63280E+01,3.27E+04,1.84E+01,1.66E+01,2.48E+01,-8.35E+04,-1.78E+02,6.00E+03
1.63300E+01,3.27E+04,1.85E+01,1.64E+01,2.47E+01,-8.35E+04,-1.81E+02,6.51E+03
1.63320E+01,3.27E+04,1.86E+01,1.63E+01,2.47E+01,-8.35E+04,-1.40E+02,1.36E+04
1.63340E+01,3.27E+04,1.86E+01,1.62E+01,2.47E+01,-8.35E+04,-1.28E+02,6.54E+03
1.63360E+01,3.27E+04,1.87E+01,1.61E+01,2.47E+01,-8.35E+04,-1.16E+02,4.64E+03
1.63380E+01,3.27E+04,1.88E+01,1.61E+01,2.47E+01,-8.35E+04,-1.07E+02,3.52E+03
1.63400E+01,3.27E+04,1.88E+01,1.60E+01,2.47E+01,-8.35E+04,-1.05E+02,1.18E+03
1.63420E+01,3.27E+04,1.89E+01,1.59E+01,2.47E+01,-8.35E+04,-1.01E+02,2.41E+03
1.63440E+01,3.27E+04,1.90E+01,1.59E+01,2.47E+01,-8.35E+04,-9.61E+01,1.40E+02
1.63460E+01,3.27E+04,1.90E+01,1.58E+01,2.47E+01,-8.35E+04,-9.79E+01,-2.09E+04
1.63480E+01,3.27E+04,1.91E+01,1.57E+01,2.47E+01,-8.35E+04,-1.73E+02,-1.46E+04
1.63500E+01,3.27E+04,1.93E+01,1.57E+01,2.49E+01,-8.35E+04,-1.83E+02,3.10E+03
1.63520E+01,3.27E+04,1.93E+01,1.55E+01,2.48E+01,-8.35E+04,-1.33E+02,4.94E+03
1.63540E+01,3.27E+04,1.94E+01,1.54E+01,2.48E+01,-8.35E+04,-1.70E+02,-5.33E+03
1.63560E+01,3.27E+04,1.95E+01,1.53E+01,2.47E+01,-8.35E+04,-1.66E+02,8.13E+03
1.63580E+01,3.27E+04,1.95E+01,1.52E+01,2.47E+01,-8.35E+04,-1.25E+02,1.45E+04
1.63600E+01,3.27E+04,1.96E+01,1.51E+01,2.48E+01,-8.35E+04,-1.11E+02,4.94E+03
1.63620E+01,3.27E+04,1.97E+01,1.50E+01,2.48E+01,-8.35E+04,-1.05E+02,9.39E+02
1.63640E+01,3.27E+04,1.97E+01,1.50E+01,2.48E+01,-8.35E+04,-1.07E+02,2.75E+03
1.63660E+01,3.27E+04,1.98E+01,1.49E+01,2.48E+01,-8.35E+04,-9.70E+01,4.22E+03
1.63680E+01,3.27E+04,1.98E+01,1.49E+01,2.48E+01,-8.35E+04,-8.57E+01,2.60E+03
1.63700E+01,3.27E+04,1.99E+01,1.48E+01,2.48E+01,-8.35E+04,-8.91E+01,-1.61E+04
1.63720E+01,3.27E+04,2.00E+01,1.47E+01,2.48E+01,-8.35E+04,-1.43E+02,-1.55E+04
1.63740E+01,3.27E+04,2.01E+01,1.47E+01,2.49E+01,-8.35E+04,-1.69E+02,-2.26E+03
1.63760E+01,3.28E+04,2.02E+01,1.45E+01,2.49E+01,-8.35E+04,-1.38E+02,1.05E+04
1.63780E+01,3.28E+04,2.02E+01,1.44E+01,2.49E+01,-8.35E+04,-1.30E+02,6.71E+03
1.63800E+01,3.28E+04,2.03E+01,1.43E+01,2.48E+01,-8.35E+04,-1.13E+02,6.96E+03
1.63820E+01,3.28E+04,2.03E+01,1.43E+01,2.48E+01,-8.35E+04,-9.81E+01,4.13E+03
1.63840E+01,3.28E+04,2.04E+01,1.42E+01,2.48E+01,-8.35E+04,-9.85E+01,-1.05E+04
1.63860E+01,3.28E+04,2.04E+01,1.41E+01,2.48E+01,-8.35E+04,-1.35E+02,-6.16E+03
1.63880E+01,3.28E+04,2.04E+01,1.39E+01,2.47E+01,-8.35E+04,-1.38E+02,3.02E+03
1.63900E+01,3.28E+04,2.05E+01,1.39E+01,2.48E+01,-8.35E+04,-1.08E+02,1.05E+04
1.63920E+01,3.28E+04,2.06E+01,1.38E+01,2.48E+01,-8.35E+04,-1.03E+02,-1.08E+04
1.63940E+01,3.28E+04,2.06E+01,1.38E+01,2.48E+01,-8.35E+04,-1.42E+02,-1.16E+04
1.63960E+01,3.28E+04,2.08E+01,1.37E+01,2.49E+01,-8.35E+04,-1.67E+02,-1.64E+03
1.63980E+01,3.28E+04,2.09E+01,1.36E+01,2.49E+01,-8.35E+04,-1.37E+02,1.30E+04
1.64000E+01,3.28E+04,2.09E+01,1.35E+01,2.49E+01,-8.35E+04,-1.17E+02,7.59E+03
1.64020E+01,3.28E+04,2.10E+01,1.34E+01,2.49E+01,-8.35E+04,-1.05E+02,4.32E+03
1.64040E+01,3.28E+04,2.10E+01,1.33E+01,2.49E+01,-8.35E+04,-1.01E+02,2.99E+03
1.64060E+01,3.28E+04,2.10E+01,1.32E+01,2.48E+01,-8.35E+04,-9.34E+01,8.49E+02
1.64080E+01,3.28E+04,2.11E+01,1.32E+01,2.48E+01,-8.35E+04,-9.52E+01,3.80E+03
1.64100E+01,3.28E+04,2.11E+01,1.31E+01,2.48E+01,-8.35E+04,-8.39E+01,4.27E+03
1.64120E+01,3.28E+04,2.12E+01,1.30E+01,2.48E+01,-8.35E+04,-7.08E+01,2.13E+03
1.64140E+01,3.28E+04,2.12E+01,1.30E+01,2.48E+01,-8.35E+04,-7.94E+01,-3.53E+03
1.64160E+01,3.28E+04,2.12E+01,1.29E+01,2.48E+01,-8.35E+04,-8.46E+01,3.76E+02
1.64180E+01,3.28E+04,2.13E+01,1.28E+01,2.48E+01,-8.35E+04,-7.93E+01,-3.21E+04
1.64200E+01,3.28E+04,2.13E+01,1.28E+01,2.48E+01,-8.35E+04,-1.93E+02,-2.55E+04
1.64220E+01,3.28E+04,2.15E+01,1.26E+01,2.49E+01,-8.35E+04,-2.29E+02,3.64E+03
1.64240E+01,3.28E+04,2.15E+01,1.25E+01,2.49E+01,-8.35E+04,-1.38E+02,3.08E+04
1.64260E+01,3.29E+04,2.16E+01,1.24E+01,2.49E+01,-8.35E+04,-1.19E+02,9.59E+03
1.64280E+01,3.29E+04,2.17E+01,1.23E+01,2.49E+01,-8.35E+04,-9.78E+01,7.36E+03
1.64300E+01,3.29E+04,2.17E+01,1.22E+01,2.49E+01,-8.35E+04,-8.89E+01,2.78E+03
1.64320E+01,3.29E+04,2.17E+01,1.22E+01,2.49E+01,-8.35E+04,-8.76E+01,8.04E+02
1.64340E+01,3.29E+04,2.18E+01,1.21E+01,2.49E+01,-8.35E+04,-8.58E+01,9.08E+02
1.64360E+01,3.29E+04,2.18E+01,1.20E+01,2.49E+01,-8.35E+04,-8.38E+01,-2.05E+03
1.64380E+01,3.29E+04,2.18E+01,1.20E+01,2.49E+01,-8.35E+04,-9.26E+01,1.33E+03
1.64400E+01,3.29E+04,2.19E+01,1.19E+01,2.49E+01,-8.35E+04,-8.39E+01,2.79E+03
1.64420E+01,3.29E+04,2.19E+01,1.18E+01,2.49E+01,-8.35E+04,-7.37E+01,1.50E+03
1.64440E+01,3.29E+04,2.19E+01,1.18E+01,2.49E+01,-8.35E+04,-8.27E+01,-1.64E+04
1.64460E+01,3.29E+04,2.20E+01,1.17E+01,2.49E+01,-8.35E+04,-1.31E+02,-1.30E+04
1.64480E+01,3.29E+04,2.21E+01,1.16E+01,2.50E+01,-8.35E+04,-1.52E+02,2.75E+02
1.64500E+01,3.29E+04,2.22E+01,1.15E+01,2.50E+01,-8.35E+04,-1.17E+02,1.26E+04
1.64520E+01,3.29E+04,2.22E+01,1.14E+01,2.50E+01,-8.35E+04,-1.04E+02,3.24E+03
1.64540E+01,3.29E+04,2.22E+01,1.14E+01,2.50E+01,-8.35E+04,-1.03E+02,4.55E+03
1.64560E+01,3.29E+04,2.23E+01,1.13E+01,2.49E+01,-8.35E+04,-9.01E+01,6.83E+03
1.64580E+01,3.29E+04,2.23E+01,1.12E+01,2.49E+01,-8.35E+04,-7.08E+01,5.26E+03
1.64600E+01,3.29E+04,2.23E+01,1.11E+01,2.49E+01,-8.35E+04,-7.06E+01,-1.62E+03
1.64620E+01,3.29E+04,2.23E+01,1.11E+01,2.49E+01,-8.35E+04,-7.74E+01,1.75E+02
1.64640E+01,3.29E+04,2.23E+01,1.10E+01,2.49E+01,-8.35E+04,-7.25E+01,1.56E+03
1.64660E+01,3.29E+04,2.23E+01,1.10E+01,2.49E+01,-8.35E+04,-6.70E+01,-3.32E+03
1.64680E+01,3.29E+04,2.23E+01,1.09E+01,2.49E+01,-8.35E+04,-8.63E+01,-3.26E+04
1.64700E+01,3.29E+04,2.24E+01,1.08E+01,2.49E+01,-8.35E+04,-1.88E+02,-2.26E+04
1.64720E+01,3.29E+04,2.25E+01,1.06E+01,2.49E+01,-8.35E+04,-2.09E+02,8.80E+03
1.64740E+01,3.29E+04,2.26E+01,1.05E+01,2.49E+01,-8.35E+04,-1.24E+02,2.53E+04
1.64760E+01,3.30E+04,2.26E+01,1.04E+01,2.49E+01,-8.35E+04,-1.12E+02,8.19E+03
1.64780E+01,3.30E+04,2.27E+01,1.03E+01,2.49E+01,-8.35E+04,-9.82E+01,5.07E+03
1.64800E+01,3.30E+04,2.27E+01,1.03E+01,2.49E+01,-8.35E+04,-8.46E+01,3.94E+03
1.64820E+01,3.30E+04,2.28E+01,1.02E+01,2.49E+01,-8.35E+04,-8.68E+01,-1.14E+03
1.64840E+01,3.30E+04,2.28E+01,1.01E+01,2.49E+01,-8.35E+04,-8.72E+01,8.01E+02
1.64860E+01,3.30E+04,2.28E+01,1.01E+01,2.49E+01,-8.35E+04,-8.55E+01,2.05E+03
1.64880E+01,3.30E+04,2.29E+01,1.00E+01,2.50E+01,-8.35E+04,-7.77E+01,1.29E+03
1.64900E+01,3.30E+04,2.29E+01,9.95E+00,2.49E+01,-8.35E+04,-7.95E+01,-5.41E+02
1.64920E+01,3.30E+04,2.29E+01,9.88E+00,2.49E+01,-8.35E+04,-8.20E+01,1.07E+03
1.64940E+01,3.30E+04,2.29E+01,9.81E+00,2.49E+01,-8.35E+04,-7.46E+01,-8.51E+03
1.64960E+01,3.30E+04,2.29E+01,9.75E+00,2.49E+01,-8.35E+04,-1.09E+02,-1.40E+04
1.64980E+01,3.30E+04,2.31E+01,9.69E+00,2.51E+01,-8.35E+04,-1.43E+02,-1.98E+03
1.65000E+01,3.30E+04,2.31E+01,9.56E+00,2.50E+01,-8.35E+04,-1.13E+02,1.17E+04
1.65020E+01,3.30E+04,2.31E+01,9.48E+00,2.50E+01,-8.35E+04,-9.02E+01,8.46E+03
1.65040E+01,3.30E+04,2.32E+01,9.40E+00,2.50E+01,-8.35E+04,-8.43E+01,2.27E+03
1.65060E+01,3.30E+04,2.32E+01,9.33E+00,2.50E+01,-8.35E+04,-7.87E+01,3.23E+03
1.65080E+01,3.30E+04,2.32E+01,9.26E+00,2.50E+01,-8.35E+04,-7.37E+01,2.57E+03
1.65100E+01,3.30E+04,2.32E+01,9.21E+00,2.50E+01,-8.35E+04,-6.65E+01,2.94E+03
1.65120E+01,3.30E+04,2.32E+01,9.15E+00,2.50E+01,-8.35E+04,-6.30E+01,2.52E+02
1.65140E+01,3.30E+04,2.32E+01,9.10E+00,2.49E+01,-8.35E+04,-6.43E+01,3.31E+02
1.65160E+01,3.30E+04,2.32E+01,9.04E+00,2.49E+01,-8.35E+04,-6.38E+01,-7.27E+02
1.65180E+01,3.30E+04,2.32E+01,8.99E+00,2.49E+01,-8.35E+04,-6.47E+01,-6.86E+02
1.65200E+01,3.30E+04,2.33E+01,8.93E+00,2.49E+01,-8.35E+04,-6.88E+01,-2.44E+03
1.65220E+01,3.30E+04,2.33E+01,8.87E+00,2.49E+01,-8.35E+04,-7.27E+01,-3.73E+04
1.65240E+01,3.30E+04,2.33E+01,8.80E+00,2.49E+01,-8.35E+04,-2.02E+02,-2.56E+04
1.65260E+01,3.31E+04,2.35E+01,8.57E+00,2.50E+01,-8.35E+04,-2.24E+02,8.93E+03
1.65280E+01,3.31E+04,2.35E+01,8.48E+00,2.50E+01,-8.35E+04,-1.20E+02,3.61E+04
1.65300E+01,3.31E+04,2.36E+01,8.38E+00,2.50E+01,-8.35E+04,-9.67E+01,7.81E+03
1.65320E+01,3.31E+04,2.36E+01,8.33E+00,2.50E+01,-8.35E+04,-8.23E+01,5.23E+03
1.65340E+01,3.31E+04,2.36E+01,8.26E+00,2.50E+01,-8.35E+04,-8.13E+01,3.31E+02
1.65360E+01,3.31E+04,2.37E+01,8.20E+00,2.51E+01,-8.35E+04,-7.78E+01,2.80E+03
1.65380E+01,3.31E+04,2.37E+01,8.13E+00,2.51E+01,-8.35E+04,-7.31E+01,3.10E+03
1.65400E+01,3.31E+04,2.37E+01,8.08E+00,2.51E+01,-8.35E+04,-6.30E+01,1.72E+03
1.65420E+01,3.31E+04,2.37E+01,8.03E+00,2.51E+01,-8.35E+04,-6.59E+01,-2.32E+03
1.65440E+01,3.31E+04,2.38E+01,7.97E+00,2.51E+01,-8.35E+04,-7.37E+01,-1.41E+03
1.65460E+01,3.31E+04,2.38E+01,7.91E+00,2.51E+01,-8.35E+04,-7.22E+01,-1.77E+02
1.65480E+01,3.31E+04,2.38E+01,7.85E+00,2.50E+01,-8.35E+04,-7.23E+01,-7.68E+01
1.65500E+01,3.31E+04,2.38E+01,7.78E+00,2.50E+01,-8.35E+04,-7.45E+01,-8.62E+03
1.65520E+01,3.31E+04,2.38E+01,7.72E+00,2.50E+01,-8.35E+04,-1.01E+02,-1.06E+04
1.65540E+01,3.31E+04,2.40E+01,7.65E+00,2.52E+01,-8.35E+04,-1.26E+02,-3.60E+03
1.65560E+01,3.31E+04,2.40E+01,7.54E+00,2.51E+01,-8.35E+04,-1.12E+02,4.50E+03
1.65580E+01,3.31E+04,2.40E+01,7.45E+00,2.51E+01,-8.35E+04,-1.05E+02,8.76E+03
1.65600E+01,3.31E+04,2.40E+01,7.36E+00,2.51E+01,-8.35E+04,-8.31E+01,8.72E+03
1.65620E+01,3.31E+04,2.40E+01,7.31E+00,2.51E+01,-8.35E+04,-6.20E+01,5.37E+03
1.65640E+01,3.31E+04,2.40E+01,7.25E+00,2.51E+01,-8.35E+04,-6.67E+01,-1.95E+03
1.65660E+01,3.31E+04,2.40E+01,7.19E+00,2.51E+01,-8.35E+04,-6.88E+01,1.44E+03
1.65680E+01,3.31E+04,2.41E+01,7.13E+00,2.51E+01,-8.35E+04,-6.27E+01,1.18E+03
1.65700E+01,3.31E+04,2.41E+01,7.08E+00,2.51E+01,-8.35E+04,-6.06E+01,9.48E+02
1.65720E+01,3.31E+04,2.41E+01,7.02E+00,2.51E+01,-8.35E+04,-6.25E+01,-2.11E+03
1.65740E+01,3.31E+04,2.41E+01,6.97E+00,2.51E+01,-8.35E+04,-6.59E+01,-1.72E+03
1.65760E+01,3.32E+04,2.41E+01,6.90E+00,2.50E+01,-8.35E+04,-7.23E+01,-1.81E+03
1.65780E+01,3.32E+04,2.41E+01,6.84E+00,2.50E+01,-8.35E+04,-7.16E+01,-5.69E+02
1.65800E+01,3.32E+04,2.41E+01,6.77E+00,2.50E+01,-8.35E+04,-7.45E+01,-6.75E+03
1.65820E+01,3.32E+04,2.41E+01,6.71E+00,2.50E+01,-8.35E+04,-9.64E+01,-7.50E+03
1.65840E+01,3.32E+04,2.42E+01,6.65E+00,2.51E+01,-8.35E+04,-1.11E+02,-1.49E+03
1.65860E+01,3.32E+04,2.42E+01,6.55E+00,2.51E+01,-8.35E+04,-9.89E+01,2.20E+03
1.65880E+01,3.32E+04,2.42E+01,6.47E+00,2.51E+01,-8.35E+04,-9.97E+01,6.89E+03
1.65900E+01,3.32E+04,2.42E+01,6.37E+00,2.51E+01,-8.35E+04,-7.83E+01,7.77E+03
1.65920E+01,3.32E+04,2.42E+01,6.32E+00,2.50E+01,-8.35E+04,-5.83E+01,4.25E+03
1.65940E+01,3.32E+04,2.42E+01,6.26E+00,2.50E+01,-8.35E+04,-6.77E+01,-2.05E+03
1.65960E+01,3.32E+04,2.42E+01,6.20E+00,2.50E+01,-8.35E+04,-6.60E+01,2.48E+03
1.65980E+01,3.32E+04,2.42E+01,6.14E+00,2.50E+01,-8.35E+04,-5.77E+01,7.77E+02
1.66000E+01,3.32E+04,2.42E+01,6.10E+00,2.50E+01,-8.35E+04,-6.04E+01,-1.01E+03
1.66020E+01,3.32E+04,2.42E+01,6.04E+00,2.50E+01,-8.35E+04,-6.54E+01,-3.40E+03
1.66040E+01,3.32E+04,2.42E+01,5.98E+00,2.50E+01,-8.35E+04,-7.06E+01,-2.17E+02
1.66060E+01,3.32E+04,2.42E+01,5.91E+00,2.50E+01,-8.35E+04,-7.05E+01,-1.90E+03
1.66080E+01,3.32E+04,2.42E+01,5.86E+00,2.49E+01,-8.35E+04,-7.29E+01,4.05E+02
1.66100E+01,3.32E+04,2.42E+01,5.78E+00,2.49E+01,-8.35E+04,-7.47E+01,-3.39E+04
1.66120E+01,3.32E+04,2.43E+01,5.72E+00,2.49E+01,-8.35E+04,-1.87E+02,-2.00E+04
1.66140E+01,3.32E+04,2.44E+01,5.49E+00,2.51E+01,-8.35E+04,-2.05E+02,1.15E+04
1.66160E+01,3.32E+04,2.45E+01,5.41E+00,2.51E+01,-8.35E+04,-9.52E+01,3.26E+04
1.66180E+01,3.32E+04,2.45E+01,5.34E+00,2.51E+01,-8.35E+04,-8.77E+01,5.98E+03
1.66200E+01,3.32E+04,2.45E+01,5.27E+00,2.51E+01,-8.35E+04,-7.41E+01,5.30E+03
1.66220E+01,3.32E+04,2.46E+01,5.22E+00,2.51E+01,-8.35E+04,-6.25E+01,3.28E+03
1.66240E+01,3.32E+04,2.46E+01,5.17E+00,2.51E+01,-8.35E+04,-6.34E+01,-2.12E+03
1.66260E+01,3.33E+04,2.46E+01,5.11E+00,2.51E+01,-8.35E+04,-6.95E+01,4.28E+02
1.66280E+01,3.33E+04,2.46E+01,5.05E+00,2.52E+01,-8.35E+04,-6.53E+01,1.06E+03
1.66300E+01,3.33E+04,2.47E+01,5.00E+00,2.52E+01,-8.35E+04,-6.03E+01,-4.05E+02
1.66320E+01,3.33E+04,2.47E+01,4.95E+00,2.52E+01,-8.35E+04,-6.98E+01,-5.09E+03
1.66340E+01,3.33E+04,2.47E+01,4.88E+00,2.52E+01,-8.35E+04,-7.98E+01,-1.37E+03
1.66360E+01,3.33E+04,2.47E+01,4.81E+00,2.52E+01,-8.35E+04,-7.79E+01,-4.26E+03
1.66380E+01,3.33E+04,2.47E+01,4.75E+00,2.52E+01,-8.35E+04,-9.04E+01,-9.36E+03
1.66400E+01,3.33E+04,2.49E+01,4.68E+00,2.53E+01,-8.35E+04,-1.21E+02,-6.89E+03
1.66420E+01,3.33E+04,2.49E+01,4.56E+00,2.53E+01,-8.35E+04,-1.19E+02,6.40E+03
1.66440E+01,3.33E+04,2.49E+01,4.47E+00,2.53E+01,-8.35E+04,-9.31E+01,1.00E+04
1.66460E+01,3.33E+04,2.49E+01,4.40E+00,2.53E+01,-8.35E+04,-7.69E+01,3.70E+03
1.66480E+01,3.33E+04,2.49E+01,4.33E+00,2.53E+01,-8.35E+04,-7.94E+01,3.63E+03
1.66500E+01,3.33E+04,2.49E+01,4.26E+00,2.52E+01,-8.35E+04,-6.62E+01,3.98E+03
1.66520E+01,3.33E+04,2.49E+01,4.21E+00,2.52E+01,-8.35E+04,-5.68E+01,2.10E+03
1.66540E+01,3.33E+04,2.49E+01,4.16E+00,2.52E+01,-8.35E+04,-6.28E+01,-2.35E+03
1.66560E+01,3.33E+04,2.49E+01,4.10E+00,2.52E+01,-8.35E+04,-6.41E+01,3.95E+01
1.66580E+01,3.33E+04,2.49E+01,4.04E+00,2.52E+01,-8.35E+04,-6.43E+01,-1.97E+03
1.66600E+01,3.33E+04,2.49E+01,3.99E+00,2.52E+01,-8.35E+04,-6.94E+01,-1.19E+03
1.66620E+01,3.33E+04,2.49E+01,3.92E+00,2.52E+01,-8.35E+04,-7.25E+01,-2.20E+03
1.66640E+01,3.33E+04,2.49E+01,3.86E+00,2.52E+01,-8.35E+04,-7.46E+01,2.22E+02
1.66660E+01,3.33E+04,2.49E+01,3.79E+00,2.52E+01,-8.35E+04,-7.53E+01,-2.06E+03
1.66680E+01,3.33E+04,2.49E+01,3.73E+00,2.52E+01,-8.35E+04,-7.86E+01,-7.53E+03
1.66700E+01,3.33E+04,2.51E+01,3.67E+00,2.53E+01,-8.35E+04,-1.07E+02,-7.46E+03
1.66720E+01,3.33E+04,2.51E+01,3.56E+00,2.53E+01,-8.35E+04,-1.14E+02,3.19E+03
1.66740E+01,3.33E+04,2.51E+01,3.47E+00,2.53E+01,-8.35E+04,-8.99E+01,9.53E+03
1.66760E+01,3.34E+04,2.51E+01,3.40E+00,2.53E+01,-8.35E+04,-7.40E+01,4.36E+03
1.66780E+01,3.34E+04,2.51E+01,3.33E+00,2.53E+01,-8.35E+04,-7.32E+01,3.57E+03
1.66800E+01,3.34E+04,2.51E+01,3.27E+00,2.53E+01,-8.35E+04,-6.25E+01,4.71E+03
1.66820E+01,3.34E+04,2.50E+01,3.22E+00,2.53E+01,-8.35E+04,-5.03E+01,1.46E+03
1.66840E+01,3.34E+04,2.50E+01,3.18E+00,2.52E+01,-8.35E+04,-5.77E+01,-2.35E+03
1.66860E+01,3.34E+04,2.50E+01,3.12E+00,2.52E+01,-8.35E+04,-6.20E+01,-1.01E+03
1.66880E+01,3.34E+04,2.50E+01,3.06E+00,2.52E+01,-8.35E+04,-6.00E+01,5.44E+02
1.66900E+01,3.34E+04,2.50E+01,3.01E+00,2.52E+01,-8.35E+04,-6.03E+01,-1.85E+03
1.66920E+01,3.34E+04,2.50E+01,2.96E+00,2.52E+01,-8.35E+04,-6.63E+01,-2.64E+03
1.66940E+01,3.34E+04,2.50E+01,2.89E+00,2.52E+01,-8.35E+04,-7.27E+01,-3.75E+03
1.66960E+01,3.34E+04,2.50E+01,2.83E+00,2.52E+01,-8.35E+04,-7.95E+01,-3.55E+03
1.66980E+01,3.34E+04,2.50E+01,2.75E+00,2.52E+01,-8.35E+04,-8.85E+01,-8.19E+03
1.67000E+01,3.34E+04,2.52E+01,2.69E+00,2.53E+01,-8.35E+04,-1.09E+02,-4.53E+03
1.67020E+01,3.34E+04,2.52E+01,2.57E+00,2.53E+01,-8.35E+04,-1.14E+02,3.47E+03
1.67040E+01,3.34E+04,2.51E+01,2.48E+00,2.53E+01,-8.35E+04,-9.00E+01,8.44E+03
1.67060E+01,3.34E+04,2.51E+01,2.41E+00,2.53E+01,-8.35E+04,-7.94E+01,1.72E+03
1.67080E+01,3.34E+04,2.51E+01,2.34E+00,2.52E+01,-8.35E+04,-8.34E+01,4.06E+03
1.67100E+01,3.34E+04,2.51E+01,2.26E+00,2.52E+01,-8.35E+04,-6.78E+01,5.34E+03
1.67120E+01,3.34E+04,2.51E+01,2.22E+00,2.52E+01,-8.35E+04,-5.43E+01,1.53E+03
1.67140E+01,3.34E+04,2.51E+01,2.16E+00,2.52E+01,-8.35E+04,-6.61E+01,-3.53E+03
1.67160E+01,3.34E+04,2.51E+01,2.10E+00,2.52E+01,-8.35E+04,-6.89E+01,-4.41E+02
1.67180E+01,3.34E+04,2.51E+01,2.04E+00,2.52E+01,-8.35E+04,-6.68E+01,2.57E+02
1.67200E+01,3.34E+04,2.51E+01,1.98E+00,2.51E+01,-8.35E+04,-6.78E+01,-1.28E+03
1.67220E+01,3.34E+04,2.51E+01,1.92E+00,2.51E+01,-8.35E+04,-7.20E+01,-1.79E+03
1.67240E+01,3.34E+04,2.51E+01,1.85E+00,2.51E+01,-8.35E+04,-7.54E+01,-1.71E+02
1.67260E+01,3.35E+04,2.50E+01,1.79E+00,2.51E+01,-8.35E+04,-7.29E+01,-2.61E+02
1.67280E+01,3.35E+04,2.51E+01,1.73E+00,2.51E+01,-8.35E+04,-7.47E+01,-7.39E+03
1.67300E+01,3.35E+04,2.52E+01,1.67E+00,2.53E+01,-8.35E+04,-1.01E+02,-6.70E+03
1.67320E+01,3.35E+04,2.52E+01,1.56E+00,2.52E+01,-8.35E+04,-1.09E+02,9.55E+02
1.67340E+01,3.35E+04,2.52E+01,1.47E+00,2.52E+01,-8.35E+04,-9.10E+01,9.56E+03
1.67360E+01,3.35E+04,2.52E+01,1.39E+00,2.52E+01,-8.35E+04,-7.34E+01,1.24E+03
1.67380E+01,3.35E+04,2.52E+01,1.34E+00,2.52E+01,-8.35E+04,-7.99E+01,4.31E+03
1.67400E+01,3.35E+04,2.51E+01,1.25E+00,2.52E+01,-8.35E+04,-6.83E+01,3.49E+03
1.67420E+01,3.35E+04,2.51E+01,1.22E+00,2.52E+01,-8.35E+04,-5.20E+01,4.43E+03
1.67440E+01,3.35E+04,2.51E+01,1.16E+00,2.51E+01,-8.35E+04,-6.04E+01,-5.26E+03
1.67460E+01,3.35E+04,2.51E+01,1.11E+00,2.51E+01,-8.35E+04,-6.70E+01,-7.18E+02
1.67480E+01,3.35E+04,2.51E+01,1.04E+00,2.51E+01,-8.35E+04,-6.96E+01,-2.59E+02
1.67500E+01,3.35E+04,2.51E+01,9.90E-01,2.51E+01,-8.35E+04,-6.26E+01,1.36E+02
1.67520E+01,3.35E+04,2.51E+01,9.32E-01,2.51E+01,-8.35E+04,-7.10E+01,-3.67E+03
1.67540E+01,3.35E+04,2.51E+01,8.65E-01,2.51E+01,-8.35E+04,-7.78E+01,-2.06E+02
1.67560E+01,3.35E+04,2.51E+01,7.95E-01,2.51E+01,-8.35E+04,-7.27E+01,3.93E+02
1.67580E+01,3.35E+04,2.51E+01,7.37E-01,2.51E+01,-8.35E+04,-7.28E+01,-6.05E+03
1.67600E+01,3.35E+04,2.52E+01,6.71E-01,2.52E+01,-8.35E+04,-9.75E+01,-8.63E+03
1.67620E+01,3.35E+04,2.52E+01,5.70E-01,2.52E+01,-8.35E+04,-1.12E+02,-5.42E+02
1.67640E+01,3.35E+04,2.52E+01,4.74E-01,2.52E+01,-8.35E+04,-9.78E+01,8.53E+03
1.67660E+01,3.35E+04,2.52E+01,3.97E-01,2.52E+01,-8.35E+04,-7.65E+01,3.94E+03
1.67680E+01,3.35E+04,2.52E+01,3.39E-01,2.52E+01,-8.35E+04,-7.88E+01,3.84E+03
1.67700E+01,3.35E+04,2.52E+01,2.58E-01,2.52E+01,-8.35E+04,-6.95E+01,3.57E+03
1.67720E+01,3.35E+04,2.51E+01,2.16E-01,2.51E+01,-8.35E+04,-5.52E+01,1.79E+03
1.67740E+01,3.35E+04,2.51E+01,1.61E-01,2.51E+01,-8.35E+04,-6.71E+01,-4.58E+03
1.67760E+01,3.36E+04,2.51E+01,9.82E-02,2.51E+01,-8.35E+04,-7.33E+01,-2.97E+02
1.67780E+01,3.36E+04,2.51E+01,3.21E-02,2.51E+01,-8.35E+04,-6.92E+01,1.91E+03
1.67800E+01,3.36E+04,2.51E+01,-2.31E-02,2.51E+01,-8.35E+04,-6.35E+01,5.70E+02
1.67820E+01,3.36E+04,2.51E+01,-7.91E-02,2.51E+01,-8.35E+04,-6.75E+01,-3.26E+03
1.67840E+01,3.36E+04,2.51E+01,-1.41E-01,2.51E+01,-8.35E+04,-7.67E+01,-1.43E+03
1.67860E+01,3.36E+04,2.51E+01,-2.13E-01,2.51E+01,-8.35E+04,-7.53E+01,7.58E+02
1.67880E+01,3.36E+04,2.51E+01,-2.73E-01,2.51E+01,-8.35E+04,-7.05E+01,-4.81E+03
1.67900E+01,3.36E+04,2.52E+01,-3.39E-01,2.52E+01,-8.35E+04,-9.33E+01,-8.62E+03
1.67920E+01,3.36E+04,2.52E+01,-4.38E-01,2.52E+01,-8.35E+04,-1.11E+02,-7.74E+02
1.67940E+01,3.36E+04,2.52E+01,-5.33E-01,2.52E+01,-8.35E+04,-9.45E+01,6.68E+03
1.67960E+01,3.36E+04,2.52E+01,-6.04E-01,2.52E+01,-8.35E+04,-8.08E+01,4.04E+03
1.67980E+01,3.36E+04,2.51E+01,-6.74E-01,2.52E+01,-8.35E+04,-8.03E+01,3.51E+03
1.68000E+01,3.36E+04,2.51E+01,-7.44E-01,2.52E+01,-8.35E+04,-6.84E+01,4.00E+03
1.68020E+01,3.36E+04,2.51E+01,-7.94E-01,2.51E+01,-8.35E+04,-6.05E+01,1.44E+03
1.68040E+01,3.36E+04,2.51E+01,-8.50E-01,2.51E+01,-8.35E+04,-6.52E+01,-1.69E+03
1.68060E+01,3.36E+04,2.51E+01,-9.08E-01,2.51E+01,-8.35E+04,-6.69E+01,-6.45E+02
1.68080E+01,3.36E+04,2.51E+01,-9.67E-01,2.51E+01,-8.35E+04,-6.78E+01,1.02E+03
1.68100E+01,3.36E+04,2.51E+01,-1.03E+00,2.51E+01,-8.35E+04,-6.34E+01,2.22E+02
1.68120E+01,3.36E+04,2.51E+01,-1.08E+00,2.51E+01,-8.35E+04,-6.47E+01,-1.75E+03
1.68140E+01,3.36E+04,2.51E+01,-1.14E+00,2.51E+01,-8.35E+04,-7.25E+01,-7.32E+02
1.68160E+01,3.36E+04,2.51E+01,-1.20E+00,2.51E+01,-8.35E+04,-6.82E+01,1.94E+03
1.68180E+01,3.36E+04,2.51E+01,-1.26E+00,2.51E+01,-8.35E+04,-6.26E+01,-7.35E+03
1.68200E+01,3.36E+04,2.52E+01,-1.32E+00,2.52E+01,-8.35E+04,-9.42E+01,-1.15E+04
1.68220E+01,3.36E+04,2.52E+01,-1.43E+00,2.52E+01,-8.35E+04,-1.18E+02,-1.51E+03
1.68240E+01,3.36E+04,2.52E+01,-1.53E+00,2.52E+01,-8.35E+04,-9.60E+01,9.09E+03
1.68260E+01,3.37E+04,2.52E+01,-1.60E+00,2.52E+01,-8.35E+04,-7.88E+01,1.31E+03
1.68280E+01,3.37E+04,2.51E+01,-1.66E+00,2.52E+01,-8.35E+04,-9.05E+01,1.80E+03
1.68300E+01,3.37E+04,2.51E+01,-1.75E+00,2.52E+01,-8.35E+04,-7.93E+01,5.47E+03
1.68320E+01,3.37E+04,2.51E+01,-1.80E+00,2.52E+01,-8.35E+04,-5.90E+01,4.26E+03
1.68340E+01,3.37E+04,2.51E+01,-1.86E+00,2.51E+01,-8.35E+04,-6.66E+01,-3.21E+03
1.68360E+01,3.37E+04,2.51E+01,-1.92E+00,2.51E+01,-8.35E+04,-7.18E+01,-1.37E+03
1.68380E+01,3.37E+04,2.51E+01,-1.98E+00,2.51E+01,-8.35E+04,-7.24E+01,-1.82E+01
1.68400E+01,3.37E+04,2.50E+01,-2.04E+00,2.51E+01,-8.35E+04,-7.11E+01,4.26E+02
1.68420E+01,3.37E+04,2.50E+01,-2.10E+00,2.51E+01,-8.35E+04,-7.10E+01,-1.60E+03
1.68440E+01,3.37E+04,2.50E+01,-2.16E+00,2.51E+01,-8.35E+04,-7.66E+01,-2.33E+02
1.68460E+01,3.37E+04,2.50E+01,-2.24E+00,2.51E+01,-8.35E+04,-7.48E+01,2.86E+03
1.68480E+01,3.37E+04,2.50E+01,-2.29E+00,2.51E+01,-8.35E+04,-6.27E+01,-3.21E+03
1.68500E+01,3.37E+04,2.51E+01,-2.36E+00,2.52E+01,-8.35E+04,-8.38E+01,-1.03E+04
1.68520E+01,3.37E+04,2.51E+01,-2.45E+00,2.52E+01,-8.35E+04,-1.12E+02,-4.83E+03
1.68540E+01,3.37E+04,2.51E+01,-2.55E+00,2.52E+01,-8.35E+04,-1.02E+02,5.34E+03
1.68560E+01,3.37E+04,2.51E+01,-2.63E+00,2.52E+01,-8.35E+04,-8.69E+01,4.23E+03
1.68580E+01,3.37E+04,2.51E+01,-2.70E+00,2.52E+01,-8.35E+04,-8.56E+01,5.72E+03
1.68600E+01,3.37E+04,2.50E+01,-2.78E+00,2.52E+01,-8.35E+04,-6.77E+01,3.38E+03
1.68620E+01,3.37E+04,2.50E+01,-2.82E+00,2.52E+01,-8.35E+04,-6.40E+01,6.02E+02
1.68640E+01,3.37E+04,2.50E+01,-2.89E+00,2.52E+01,-8.35E+04,-7.35E+01,-3.69E+03
1.68660E+01,3.37E+04,2.50E+01,-2.95E+00,2.52E+01,-8.35E+04,-7.37E+01,1.73E+03
1.68680E+01,3.37E+04,2.50E+01,-3.02E+00,2.52E+01,-8.35E+04,-7.07E+01,6.04E+02
1.68700E+01,3.37E+04,2.50E+01,-3.07E+00,2.52E+01,-8.35E+04,-6.69E+01,-8.74E+02
1.68720E+01,3.37E+04,2.50E+01,-3.13E+00,2.52E+01,-8.35E+04,-7.66E+01,-3.21E+03
1.68740E+01,3.37E+04,2.50E+01,-3.20E+00,2.52E+01,-8.35E+04,-8.02E+01,1.08E+03
1.68760E+01,3.38E+04,2.49E+01,-3.27E+00,2.52E+01,-8.35E+04,-7.26E+01,-6.30E+03
1.68780E+01,3.38E+04,2.51E+01,-3.34E+00,2.53E+01,-8.35E+04,-9.87E+01,-8.74E+03
1.68800E+01,3.38E+04,2.51E+01,-3.46E+00,2.53E+01,-8.35E+04,-1.20E+02,-4.49E+03
1.68820E+01,3.38E+04,2.50E+01,-3.55E+00,2.53E+01,-8.35E+04,-1.08E+02,7.69E+03
1.68840E+01,3.38E+04,2.50E+01,-3.65E+00,2.53E+01,-8.35E+04,-9.32E+01,5.73E+03
1.68860E+01,3.38E+04,2.50E+01,-3.71E+00,2.53E+01,-8.35E+04,-8.03E+01,8.64E+02
1.68880E+01,3.38E+04,2.50E+01,-3.79E+00,2.53E+01,-8.35E+04,-9.17E+01,2.36E+03
1.68900E+01,3.38E+04,2.50E+01,-3.87E+00,2.53E+01,-8.35E+04,-7.62E+01,4.01E+03
1.68920E+01,3.38E+04,2.50E+01,-3.92E+00,2.53E+01,-8.35E+04,-6.58E+01,2.08E+03
1.68940E+01,3.38E+04,2.49E+01,-3.99E+00,2.53E+01,-8.35E+04,-7.56E+01,-3.19E+03
1.68960E+01,3.38E+04,2.49E+01,-4.05E+00,2.52E+01,-8.35E+04,-7.52E+01,1.86E+01
1.68980E+01,3.38E+04,2.49E+01,-4.12E+00,2.52E+01,-8.35E+04,-7.71E+01,-2.16E+03
1.69000E+01,3.38E+04,2.49E+01,-4.18E+00,2.52E+01,-8.35E+04,-8.21E+01,1.33E+03
1.69020E+01,3.38E+04,2.49E+01,-4.26E+00,2.52E+01,-8.35E+04,-7.56E+01,-6.51E+03
1.69040E+01,3.38E+04,2.50E+01,-4.33E+00,2.53E+01,-8.35E+04,-9.85E+01,-8.42E+03
1.69060E+01,3.38E+04,2.50E+01,-4.45E+00,2.54E+01,-8.35E+04,-1.23E+02,-2.16E+03
1.69080E+01,3.38E+04,2.49E+01,-4.55E+00,2.54E+01,-8.35E+04,-1.00E+02,8.13E+03
1.69100E+01,3.38E+04,2.49E+01,-4.62E+00,2.54E+01,-8.35E+04,-8.89E+01,4.57E+03
1.69120E+01,3.38E+04,2.49E+01,-4.70E+00,2.54E+01,-8.35E+04,-8.42E+01,2.54E+03
1.69140E+01,3.38E+04,2.49E+01,-4.77E+00,2.54E+01,-8.35E+04,-7.78E+01,1.38E+03
1.69160E+01,3.38E+04,2.49E+01,-4.83E+00,2.53E+01,-8.35E+04,-7.84E+01,-1.96E+03
1.69180E+01,3.38E+04,2.49E+01,-4.90E+00,2.53E+01,-8.35E+04,-8.60E+01,5.48E+02
1.69200E+01,3.38E+04,2.48E+01,-4.98E+00,2.53E+01,-8.35E+04,-7.90E+01,2.51E+03
1.69220E+01,3.38E+04,2.48E+01,-5.04E+00,2.53E+01,-8.35E+04,-7.12E+01,7.66E+02
1.69240E+01,3.38E+04,2.48E+01,-5.10E+00,2.53E+01,-8.35E+04,-7.84E+01,-7.83E+03
1.69260E+01,3.39E+04,2.48E+01,-5.17E+00,2.53E+01,-8.35E+04,-1.00E+02,2.22E+03
1.69280E+01,3.39E+04,2.48E+01,-5.28E+00,2.53E+01,-8.35E+04,-8.00E+01,-2.44E+03
1.69300E+01,3.39E+04,2.49E+01,-5.33E+00,2.54E+01,-8.35E+04,-8.92E+01,-6.10E+03
1.69320E+01,3.39E+04,2.48E+01,-5.45E+00,2.54E+01,-8.35E+04,-1.25E+02,-8.33E+03
1.69340E+01,3.39E+04,2.48E+01,-5.55E+00,2.54E+01,-8.35E+04,-1.12E+02,8.48E+03
1.69360E+01,3.39E+04,2.48E+01,-5.65E+00,2.55E+01,-8.35E+04,-9.52E+01,6.58E+03
1.69380E+01,3.39E+04,2.48E+01,-5.72E+00,2.55E+01,-8.35E+04,-8.13E+01,3.07E+03
1.69400E+01,3.39E+04,2.48E+01,-5.79E+00,2.55E+01,-8.35E+04,-8.56E+01,6.24E+02
1.69420E+01,3.39E+04,2.48E+01,-5.87E+00,2.55E+01,-8.35E+04,-8.01E+01,2.28E+03
1.69440E+01,3.39E+04,2.48E+01,-5.93E+00,2.55E+01,-8.35E+04,-7.39E+01,-1.52E+02
1.69460E+01,3.39E+04,2.47E+01,-6.00E+00,2.55E+01,-8.35E+04,-8.13E+01,-6.15E+03
1.69480E+01,3.39E+04,2.47E+01,-6.07E+00,2.55E+01,-8.35E+04,-9.84E+01,-2.53E+03
1.69500E+01,3.39E+04,2.47E+01,-6.17E+00,2.55E+01,-8.35E+04,-9.57E+01,4.74E+03
1.69520E+01,3.39E+04,2.47E+01,-6.24E+00,2.55E+01,-8.35E+04,-7.49E+01,9.62E+03
1.69540E+01,3.39E+04,2.47E+01,-6.30E+00,2.55E+01,-8.35E+04,-5.86E+01,-8.01E+03
1.69560E+01,3.39E+04,2.48E+01,-6.37E+00,2.56E+01,-8.35E+04,-9.82E+01,-1.17E+04
1.69580E+01,3.39E+04,2.47E+01,-6.50E+00,2.56E+01,-8.35E+04,-1.24E+02,-2.75E+03
1.69600E+01,3.39E+04,2.47E+01,-6.59E+00,2.56E+01,-8.35E+04,-9.61E+01,8.77E+03
1.69620E+01,3.39E+04,2.47E+01,-6.67E+00,2.56E+01,-8.35E+04,-9.10E+01,7.17E+01
1.69640E+01,3.39E+04,2.47E+01,-6.74E+00,2.56E+01,-8.35E+04,-9.55E+01,1.76E+03
1.69660E+01,3.39E+04,2.47E+01,-6.83E+00,2.56E+01,-8.35E+04,-8.75E+01,3.74E+03
1.69680E+01,3.39E+04,2.46E+01,-6.89E+00,2.56E+01,-8.35E+04,-7.58E+01,2.34E+03
1.69700E+01,3.39E+04,2.46E+01,-6.96E+00,2.56E+01,-8.35E+04,-8.01E+01,-2.78E+03
1.69720E+01,3.39E+04,2.46E+01,-7.03E+00,2.56E+01,-8.35E+04,-8.69E+01,-2.44E+03
1.69740E+01,3.39E+04,2.46E+01,-7.11E+00,2.56E+01,-8.35E+04,-9.07E+01,-1.41E+03
1.69760E+01,3.40E+04,2.46E+01,-7.19E+00,2.56E+01,-8.35E+04,-9.17E+01,7.86E+02
1.69780E+01,3.40E+04,2.46E+01,-7.27E+00,2.56E+01,-8.35E+04,-8.86E+01,-1.26E+03
1.69800E+01,3.40E+04,2.46E+01,-7.37E+00,2.57E+01,-8.35E+04,-9.39E+01,-6.58E+03
1.69820E+01,3.40E+04,2.46E+01,-7.46E+00,2.57E+01,-8.35E+04,-1.16E+02,-3.62E+03
1.69840E+01,3.40E+04,2.46E+01,-7.58E+00,2.57E+01,-8.35E+04,-1.13E+02,2.35E+03
1.69860E+01,3.40E+04,2.46E+01,-7.66E+00,2.57E+01,-8.35E+04,-1.00E+02,7.23E+03
1.69880E+01,3.40E+04,2.45E+01,-7.75E+00,2.57E+01,-8.35E+04,-8.94E+01,4.19E+03
1.69900E+01,3.40E+04,2.45E+01,-7.82E+00,2.57E+01,-8.35E+04,-7.84E+01,2.85E+03
1.69920E+01,3.40E+04,2.45E+01,-7.89E+00,2.57E+01,-8.35E+04,-8.10E+01,-1.76E+03
1.69940E+01,3.40E+04,2.45E+01,-7.96E+00,2.58E+01,-8.35E+04,-8.43E+01,4.68E+02
1.69960E+01,3.40E+04,2.45E+01,-8.03E+00,2.57E+01,-8.35E+04,-8.13E+01,9.10E+02
1.69980E+01,3.40E+04,2.45E+01,-8.10E+00,2.58E+01,-8.35E+04,-7.77E+01,1.44E+04
1.70000E+01,3.40E+04,2.44E+01,-8.17E+00,2.58E+01,-8.35E+04,-3.25E+01,3.18E+02
1.70020E+01,3.40E+04,2.44E+01,-8.15E+00,2.57E+01,-8.35E+04,-5.23E+01,-9.34E+03
1.70040E+01,3.40E+04,2.43E+01,-8.24E+00,2.57E+01,-8.35E+04,-9.94E+01,-2.47E+04
1.70060E+01,3.40E+04,2.43E+01,-8.32E+00,2.57E+01,-8.35E+04,-1.28E+02,-1.26E+04
1.70080E+01,3.40E+04,2.43E+01,-8.46E+00,2.57E+01,-8.35E+04,-1.69E+02,-2.58E+03
1.70100E+01,3.40E+04,2.42E+01,-8.59E+00,2.57E+01,-8.35E+04,-1.32E+02,1.44E+04
1.70120E+01,3.40E+04,2.42E+01,-8.67E+00,2.57E+01,-8.35E+04,-1.05E+02,7.24E+03
1.70140E+01,3.40E+04,2.41E+01,-8.75E+00,2.56E+01,-8.35E+04,-1.06E+02,-1.57E+02
1.70160E+01,3.40E+04,2.40E+01,-8.83E+00,2.56E+01,-8.35E+04,-1.07E+02,2.66E+03
1.70180E+01,3.40E+04,2.40E+01,-8.92E+00,2.56E+01,-8.35E+04,-9.60E+01,4.41E+03
1.70200E+01,3.40E+04,2.40E+01,-8.99E+00,2.56E+01,-8.35E+04,-8.71E+01,1.17E+03
1.70220E+01,3.40E+04,2.39E+01,-9.06E+00,2.56E+01,-8.35E+04,-9.17E+01,-2.54E+03
1.70240E+01,3.40E+04,2.39E+01,-9.14E+00,2.56E+01,-8.35E+04,-9.85E+01,-3.10E+03
1.70260E+01,3.41E+04,2.39E+01,-9.22E+00,2.56E+01,-8.35E+04,-1.03E+02,3.58E+03
1.70280E+01,3.41E+04,2.38E+01,-9.31E+00,2.56E+01,-8.35E+04,-8.75E+01,-1.83E+03
1.70300E+01,3.41E+04,2.39E+01,-9.39E+00,2.56E+01,-8.35E+04,-1.00E+02,-7.80E+03
1.70320E+01,3.41E+04,2.38E+01,-9.50E+00,2.57E+01,-8.35E+04,-1.31E+02,-5.78E+03
1.70340E+01,3.41E+04,2.38E+01,-9.61E+00,2.57E+01,-8.35E+04,-1.20E+02,6.31E+03
1.70360E+01,3.41E+04,2.38E+01,-9.70E+00,2.57E+01,-8.35E+04,-1.04E+02,3.97E+03
1.70380E+01,3.41E+04,2.37E+01,-9.79E+00,2.57E+01,-8.35E+04,-1.03E+02,6.00E+03
1.70400E+01,3.41E+04,2.37E+01,-9.87E+00,2.57E+01,-8.35E+04,-8.55E+01,2.01E+03
1.70420E+01,3.41E+04,2.37E+01,-9.93E+00,2.57E+01,-8.35E+04,-8.45E+01,-8.68E+02
1.70440E+01,3.41E+04,2.36E+01,-1.00E+01,2.57E+01,-8.35E+04,-9.93E+01,-6.22E+03
1.70460E+01,3.41E+04,2.36E+01,-1.01E+01,2.57E+01,-8.35E+04,-1.03E+02,-7.58E+01
1.70480E+01,3.41E+04,2.36E+01,-1.02E+01,2.57E+01,-8.35E+04,-1.05E+02,4.73E+03
1.70500E+01,3.41E+04,2.35E+01,-1.03E+01,2.57E+01,-8.35E+04,-8.21E+01,-2.07E+03
1.70520E+01,3.41E+04,2.36E+01,-1.04E+01,2.57E+01,-8.35E+04,-1.05E+02,-1.13E+04
1.70540E+01,3.41E+04,2.36E+01,-1.05E+01,2.58E+01,-8.35E+04,-1.40E+02,-4.10E+03
1.70560E+01,3.41E+04,2.35E+01,-1.06E+01,2.58E+01,-8.35E+04,-1.18E+02,1.06E+04
1.70580E+01,3.41E+04,2.35E+01,-1.07E+01,2.58E+01,-8.35E+04,-9.30E+01,8.49E+03
1.70600E+01,3.41E+04,2.35E+01,-1.08E+01,2.58E+01,-8.35E+04,-8.60E+01,1.22E+04
1.70620E+01,3.41E+04,2.34E+01,-1.08E+01,2.58E+01,-8.35E+04,-4.97E+01,-1.67E+03
1.70640E+01,3.41E+04,2.34E+01,-1.08E+01,2.58E+01,-8.35E+04,-7.45E+01,-1.27E+04
1.70660E+01,3.41E+04,2.33E+01,-1.09E+01,2.57E+01,-8.35E+04,-1.24E+02,-1.63E+04
1.70680E+01,3.41E+04,2.32E+01,-1.10E+01,2.57E+01,-8.35E+04,-1.27E+02,1.77E+03
1.70700E+01,3.41E+04,2.31E+01,-1.11E+01,2.57E+01,-8.35E+04,-1.24E+02,2.40E+03
1.70720E+01,3.41E+04,2.31E+01,-1.12E+01,2.57E+01,-8.35E+04,-1.10E+02,6.50E+03
1.70740E+01,3.41E+04,2.30E+01,-1.13E+01,2.56E+01,-8.35E+04,-1.02E+02,-7.06E+03
1.70760E+01,3.42E+04,2.30E+01,-1.14E+01,2.57E+01,-8.35E+04,-1.30E+02,-9.28E+03
1.70780E+01,3.42E+04,2.30E+01,-1.15E+01,2.57E+01,-8.35E+04,-1.54E+02,-8.58E+02
1.70800E+01,3.42E+04,2.29E+01,-1.16E+01,2.57E+01,-8.35E+04,-1.26E+02,9.49E+03
1.70820E+01,3.42E+04,2.29E+01,-1.17E+01,2.57E+01,-8.35E+04,-1.14E+02,5.33E+03
1.70840E+01,3.42E+04,2.28E+01,-1.18E+01,2.57E+01,-8.35E+04,-1.08E+02,4.49E+03
1.70860E+01,3.42E+04,2.28E+01,-1.19E+01,2.57E+01,-8.35E+04,-9.46E+01,3.60E+03
1.70880E+01,3.42E+04,2.28E+01,-1.19E+01,2.57E+01,-8.35E+04,-9.21E+01,-1.87E+02
1.70900E+01,3.42E+04,2.27E+01,-1.20E+01,2.57E+01,-8.35E+04,-9.71E+01,-2.27E+03
1.70920E+01,3.42E+04,2.27E+01,-1.21E+01,2.57E+01,-8.35E+04,-1.01E+02,-3.05E+02
1.70940E+01,3.42E+04,2.26E+01,-1.22E+01,2.57E+01,-8.35E+04,-9.94E+01,8.48E+02
1.70960E+01,3.42E+04,2.26E+01,-1.23E+01,2.57E+01,-8.35E+04,-9.59E+01,-8.88E+03
1.70980E+01,3.42E+04,2.26E+01,-1.24E+01,2.58E+01,-8.35E+04,-1.31E+02,-5.27E+03
1.71000E+01,3.42E+04,2.26E+01,-1.25E+01,2.58E+01,-8.35E+04,-1.32E+02,2.25E+03
1.71020E+01,3.42E+04,2.25E+01,-1.26E+01,2.58E+01,-8.35E+04,-1.06E+02,6.38E+03
1.71040E+01,3.42E+04,2.25E+01,-1.27E+01,2.58E+01,-8.35E+04,-1.13E+02,6.53E+03
1.71060E+01,3.42E+04,2.24E+01,-1.28E+01,2.58E+01,-8.35E+04,-8.28E+01,7.54E+02
1.71080E+01,3.42E+04,2.24E+01,-1.28E+01,2.58E+01,-8.35E+04,-9.56E+01,-6.42E+03
1.71100E+01,3.42E+04,2.23E+01,-1.29E+01,2.57E+01,-8.36E+04,-1.27E+02,-1.07E+04
1.71120E+01,3.42E+04,2.22E+01,-1.30E+01,2.57E+01,-8.36E+04,-1.27E+02,4.16E+02
1.71140E+01,3.42E+04,2.21E+01,-1.30E+01,2.57E+01,-8.36E+04,-1.31E+02,1.48E+03
1.71160E+01,3.42E+04,2.20E+01,-1.31E+01,2.57E+01,-8.36E+04,-1.18E+02,7.68E+03
1.71180E+01,3.42E+04,2.20E+01,-1.32E+01,2.57E+01,-8.36E+04,-1.02E+02,-3.73E+03
1.71200E+01,3.42E+04,2.20E+01,-1.33E+01,2.57E+01,-8.36E+04,-1.25E+02,-7.70E+03
1.71220E+01,3.42E+04,2.19E+01,-1.34E+01,2.57E+01,-8.36E+04,-1.46E+02,-4.88E+03
1.71240E+01,3.42E+04,2.19E+01,-1.36E+01,2.57E+01,-8.36E+04,-1.36E+02,8.40E+03
1.71260E+01,3.43E+04,2.18E+01,-1.37E+01,2.58E+01,-8.36E+04,-1.18E+02,1.38E+03
1.71280E+01,3.43E+04,2.18E+01,-1.37E+01,2.58E+01,-8.36E+04,-1.20E+02,5.36E+03
1.71300E+01,3.43E+04,2.17E+01,-1.39E+01,2.58E+01,-8.36E+04,-1.11E+02,2.96E+03
1.71320E+01,3.43E+04,2.17E+01,-1.39E+01,2.58E+01,-8.36E+04,-9.40E+01,7.02E+02
1.71340E+01,3.43E+04,2.16E+01,-1.40E+01,2.58E+01,-8.36E+04,-1.16E+02,-6.24E+03
1.71360E+01,3.43E+04,2.16E+01,-1.41E+01,2.58E+01,-8.36E+04,-1.19E+02,-3.55E+02
1.71380E+01,3.43E+04,2.15E+01,-1.42E+01,2.58E+01,-8.36E+04,-1.15E+02,3.39E+03
1.71400E+01,3.43E+04,2.15E+01,-1.43E+01,2.58E+01,-8.36E+04,-1.07E+02,-2.74E+03
1.71420E+01,3.43E+04,2.15E+01,-1.44E+01,2.58E+01,-8.36E+04,-1.21E+02,-1.95E+02
1.71440E+01,3.43E+04,2.14E+01,-1.45E+01,2.59E+01,-8.36E+04,-1.19E+02,-4.59E+03
1.71460E+01,3.43E+04,2.14E+01,-1.46E+01,2.58E+01,-8.36E+04,-1.25E+02,-2.82E+03
1.71480E+01,3.43E+04,2.12E+01,-1.47E+01,2.58E+01,-8.36E+04,-1.44E+02,-3.39E+03
1.71500E+01,3.43E+04,2.12E+01,-1.47E+01,2.58E+01,-8.36E+04,-1.31E+02,3.14E+03
1.71520E+01,3.43E+04,2.11E+01,-1.48E+01,2.58E+01,-8.36E+04,-1.32E+02,1.44E+03
1.71540E+01,3.43E+04,2.10E+01,-1.49E+01,2.58E+01,-8.36E+04,-1.27E+02,4.97E+03
1.71560E+01,3.43E+04,2.09E+01,-1.50E+01,2.58E+01,-8.36E+04,-1.11E+02,2.74E+02
1.71580E+01,3.43E+04,2.09E+01,-1.51E+01,2.58E+01,-8.36E+04,-1.22E+02,8.10E+02
1.71600E+01,3.43E+04,2.08E+01,-1.52E+01,2.58E+01,-8.36E+04,-1.18E+02,3.58E+03
1.71620E+01,3.43E+04,2.08E+01,-1.53E+01,2.58E+01,-8.36E+04,-9.80E+01,-2.05E+03
1.71640E+01,3.43E+04,2.07E+01,-1.54E+01,2.58E+01,-8.36E+04,-1.27E+02,-1.02E+04
1.71660E+01,3.43E+04,2.07E+01,-1.55E+01,2.59E+01,-8.36E+04,-1.47E+02,-5.56E+02
1.71680E+01,3.43E+04,2.06E+01,-1.56E+01,2.59E+01,-8.36E+04,-1.26E+02,5.42E+03
1.71700E+01,3.43E+04,2.06E+01,-1.57E+01,2.59E+01,-8.36E+04,-1.20E+02,2.91E+03
1.71720E+01,3.43E+04,2.05E+01,-1.58E+01,2.59E+01,-8.36E+04,-1.20E+02,6.69E+03
1.71740E+01,3.43E+04,2.04E+01,-1.59E+01,2.59E+01,-8.36E+04,-9.20E+01,-2.04E+03
1.71760E+01,3.44E+04,2.04E+01,-1.59E+01,2.58E+01,-8.36E+04,-1.18E+02,-1.06E+04
1.71780E+01,3.44E+04,2.02E+01,-1.60E+01,2.58E+01,-8.36E+04,-1.51E+02,-8.24E+03
1.71800E+01,3.44E+04,2.01E+01,-1.61E+01,2.58E+01,-8.36E+04,-1.41E+02,4.01E+03
1.71820E+01,3.44E+04,2.00E+01,-1.61E+01,2.57E+01,-8.36E+04,-1.38E+02,6.65E+03
1.71840E+01,3.44E+04,2.00E+01,-1.62E+01,2.57E+01,-8.36E+04,-1.16E+02,-6.89E+02
1.71860E+01,3.44E+04,1.99E+01,-1.63E+01,2.58E+01,-8.36E+04,-1.31E+02,-8.89E+03
1.71880E+01,3.44E+04,1.99E+01,-1.65E+01,2.58E+01,-8.36E+04,-1.63E+02,-2.18E+02
1.71900E+01,3.44E+04,1.98E+01,-1.66E+01,2.58E+01,-8.36E+04,-1.32E+02,1.12E+04
1.71920E+01,3.44E+04,1.97E+01,-1.67E+01,2.58E+01,-8.36E+04,-1.09E+02,6.53E+03
1.71940E+01,3.44E+04,1.97E+01,-1.68E+01,2.59E+01,-8.36E+04,-1.13E+02,-2.60E+03
1.71960E+01,3.44E+04,1.96E+01,-1.68E+01,2.59E+01,-8.36E+04,-1.16E+02,-3.19E+03
1.71980E+01,3.44E+04,1.96E+01,-1.69E+01,2.59E+01,-8.36E+04,-1.27E+02,3.22E+03
1.72000E+01,3.44E+04,1.95E+01,-1.70E+01,2.58E+01,-8.36E+04,-1.07E+02,-4.08E+03
1.72020E+01,3.44E+04,1.94E+01,-1.70E+01,2.58E+01,-8.36E+04,-1.29E+02,-1.28E+04
1.72040E+01,3.44E+04,1.92E+01,-1.71E+01,2.58E+01,-8.36E+04,-1.75E+02,-8.02E+03
1.72060E+01,3.44E+04,1.91E+01,-1.72E+01,2.57E+01,-8.36E+04,-1.57E+02,1.37E+04
1.72080E+01,3.44E+04,1.90E+01,-1.73E+01,2.57E+01,-8.36E+04,-1.19E+02,3.68E+03
1.72100E+01,3.44E+04,1.90E+01,-1.74E+01,2.57E+01,-8.36E+04,-1.33E+02,-4.80E+03
1.72120E+01,3.44E+04,1.89E+01,-1.75E+01,2.58E+01,-8.36E+04,-1.53E+02,-3.48E+01
1.72140E+01,3.44E+04,1.88E+01,-1.76E+01,2.58E+01,-8.36E+04,-1.26E+02,7.44E+03
1.72160E+01,3.44E+04,1.88E+01,-1.77E+01,2.58E+01,-8.36E+04,-1.21E+02,-6.03E+02
1.72180E+01,3.44E+04,1.87E+01,-1.78E+01,2.58E+01,-8.36E+04,-1.31E+02,-1.89E+02
1.72200E+01,3.44E+04,1.86E+01,-1.79E+01,2.58E+01,-8.36E+04,-1.23E+02,-2.12E+02
1.72220E+01,3.44E+04,1.86E+01,-1.80E+01,2.58E+01,-8.36E+04,-1.27E+02,1.43E+03
1.72240E+01,3.44E+04,1.85E+01,-1.80E+01,2.58E+01,-8.36E+04,-1.25E+02,-9.60E+03
1.72260E+01,3.45E+04,1.84E+01,-1.81E+01,2.58E+01,-8.36E+04,-1.53E+02,-8.12E+03
1.72280E+01,3.45E+04,1.82E+01,-1.82E+01,2.57E+01,-8.36E+04,-1.75E+02,-4.39E+02
1.72300E+01,3.45E+04,1.81E+01,-1.83E+01,2.57E+01,-8.36E+04,-1.44E+02,5.86E+03
1.72320E+01,3.45E+04,1.80E+01,-1.84E+01,2.57E+01,-8.36E+04,-1.49E+02,-1.89E+03
1.72340E+01,3.45E+04,1.79E+01,-1.85E+01,2.58E+01,-8.36E+04,-1.59E+02,2.68E+03
1.72360E+01,3.45E+04,1.79E+01,-1.86E+01,2.58E+01,-8.36E+04,-1.37E+02,7.54E+03
1.72380E+01,3.45E+04,1.78E+01,-1.87E+01,2.58E+01,-8.36E+04,-1.24E+02,3.11E+03
1.72400E+01,3.45E+04,1.77E+01,-1.88E+01,2.58E+01,-8.36E+04,-1.28E+02,-1.83E+03
1.72420E+01,3.45E+04,1.77E+01,-1.89E+01,2.58E+01,-8.36E+04,-1.31E+02,-3.71E+03
1.72440E+01,3.45E+04,1.76E+01,-1.89E+01,2.58E+01,-8.36E+04,-1.42E+02,-2.05E+03
1.72460E+01,3.45E+04,1.75E+01,-1.90E+01,2.58E+01,-8.36E+04,-1.42E+02,-1.11E+04
1.72480E+01,3.45E+04,1.74E+01,-1.91E+01,2.58E+01,-8.36E+04,-1.77E+02,-5.11E+03
1.72500E+01,3.45E+04,1.72E+01,-1.92E+01,2.58E+01,-8.36E+04,-1.82E+02,4.85E+03
1.72520E+01,3.45E+04,1.71E+01,-1.93E+01,2.58E+01,-8.36E+04,-1.40E+02,9.72E+03
1.72540E+01,3.45E+04,1.70E+01,-1.94E+01,2.58E+01,-8.36E+04,-1.46E+02,-2.92E+03
1.72560E+01,3.45E+04,1.69E+01,-1.95E+01,2.58E+01,-8.36E+04,-1.55E+02,2.23E+03
1.72580E+01,3.45E+04,1.68E+01,-1.96E+01,2.58E+01,-8.36E+04,-1.38E+02,6.19E+03
1.72600E+01,3.45E+04,1.68E+01,-1.97E+01,2.59E+01,-8.36E+04,-1.25E+02,8.86E+02
1.72620E+01,3.45E+04,1.67E+01,-1.98E+01,2.59E+01,-8.36E+04,-1.37E+02,-5.75E+03
1.72640E+01,3.45E+04,1.66E+01,-1.99E+01,2.59E+01,-8.36E+04,-1.50E+02,-3.88E+03
1.72660E+01,3.45E+04,1.65E+01,-1.99E+01,2.58E+01,-8.36E+04,-1.52E+02,-7.72E+03
1.72680E+01,3.45E+04,1.63E+01,-2.00E+01,2.58E+01,-8.36E+04,-1.76E+02,-4.28E+03
1.72700E+01,3.45E+04,1.62E+01,-2.01E+01,2.58E+01,-8.36E+04,-1.80E+02,2.80E+03
1.72720E+01,3.45E+04,1.61E+01,-2.02E+01,2.58E+01,-8.36E+04,-1.56E+02,1.15E+04
1.72740E+01,3.45E+04,1.60E+01,-2.03E+01,2.58E+01,-8.36E+04,-1.38E+02,9.14E+02
1.72760E+01,3.46E+04,1.59E+01,-2.03E+01,2.58E+01,-8.36E+04,-1.45E+02,-3.73E+03
1.72780E+01,3.46E+04,1.58E+01,-2.05E+01,2.59E+01,-8.36E+04,-1.62E+02,-1.32E+03
1.72800E+01,3.46E+04,1.57E+01,-2.06E+01,2.59E+01,-8.36E+04,-1.47E+02,4.37E+03
1.72820E+01,3.46E+04,1.56E+01,-2.07E+01,2.59E+01,-8.36E+04,-1.42E+02,-1.47E+03
1.72840E+01,3.46E+04,1.55E+01,-2.07E+01,2.59E+01,-8.36E+04,-1.55E+02,-1.01E+04
1.72860E+01,3.46E+04,1.54E+01,-2.08E+01,2.59E+01,-8.36E+04,-1.81E+02,-6.60E+03
1.72880E+01,3.46E+04,1.52E+01,-2.09E+01,2.58E+01,-8.36E+04,-1.87E+02,5.11E+03
1.72900E+01,3.46E+04,1.51E+01,-2.10E+01,2.58E+01,-8.36E+04,-1.57E+02,1.26E+04
1.72920E+01,3.46E+04,1.50E+01,-2.10E+01,2.58E+01,-8.36E+04,-1.34E+02,3.49E+03
1.72940E+01,3.46E+04,1.49E+01,-2.11E+01,2.58E+01,-8.36E+04,-1.42E+02,-2.27E+03
1.72960E+01,3.46E+04,1.48E+01,-2.12E+01,2.58E+01,-8.36E+04,-1.49E+02,-3.84E+03
1.72980E+01,3.46E+04,1.47E+01,-2.13E+01,2.58E+01,-8.36E+04,-1.52E+02,-4.83E+03
1.73000E+01,3.46E+04,1.45E+01,-2.14E+01,2.59E+01,-8.36E+04,-1.71E+02,-6.43E+03
1.73020E+01,3.46E+04,1.44E+01,-2.15E+01,2.59E+01,-8.36E+04,-1.79E+02,-6.22E+03
1.73040E+01,3.46E+04,1.43E+01,-2.16E+01,2.59E+01,-8.36E+04,-1.92E+02,6.26E+02
1.73060E+01,3.46E+04,1.41E+01,-2.17E+01,2.59E+01,-8.36E+04,-1.84E+02,7.20E+03
1.73080E+01,3.46E+04,1.40E+01,-2.18E+01,2.59E+01,-8.36E+04,-1.56E+02,1.31E+04
1.73100E+01,3.46E+04,1.39E+01,-2.18E+01,2.59E+01,-8.36E+04,-1.35E+02,4.11E+03
1.73120E+01,3.46E+04,1.38E+01,-2.19E+01,2.59E+01,-8.36E+04,-1.34E+02,-2.15E+03
1.73140E+01,3.46E+04,1.37E+01,-2.20E+01,2.59E+01,-8.36E+04,-1.49E+02,-8.24E+03
1.73160E+01,3.46E+04,1.36E+01,-2.20E+01,2.59E+01,-8.36E+04,-1.64E+02,-4.46E+03
1.73180E+01,3.46E+04,1.34E+01,-2.21E+01,2.59E+01,-8.36E+04,-1.71E+02,-7.08E+03
1.73200E+01,3.46E+04,1.33E+01,-2.22E+01,2.59E+01,-8.36E+04,-1.86E+02,-2.72E+03
1.73220E+01,3.46E+04,1.31E+01,-2.23E+01,2.59E+01,-8.36E+04,-1.91E+02,1.45E+03
1.73240E+01,3.46E+04,1.30E+01,-2.23E+01,2.58E+01,-8.36E+04,-1.73E+02,6.75E+03
1.73260E+01,3.47E+04,1.29E+01,-2.25E+01,2.59E+01,-8.36E+04,-1.66E+02,5.65E+03
1.73280E+01,3.47E+04,1.28E+01,-2.26E+01,2.59E+01,-8.36E+04,-1.51E+02,4.42E+03
1.73300E+01,3.47E+04,1.27E+01,-2.26E+01,2.59E+01,-8.36E+04,-1.46E+02,-3.57E+03
1.73320E+01,3.47E+04,1.26E+01,-2.27E+01,2.59E+01,-8.36E+04,-1.66E+02,-1.24E+04
1.73340E+01,3.47E+04,1.24E+01,-2.28E+01,2.59E+01,-8.36E+04,-1.97E+02,-6.31E+03
1.73360E+01,3.47E+04,1.22E+01,-2.28E+01,2.59E+01,-8.36E+04,-1.96E+02,1.47E+03
1.73380E+01,3.47E+04,1.21E+01,-2.29E+01,2.59E+01,-8.36E+04,-1.83E+02,1.05E+04
1.73400E+01,3.47E+04,1.19E+01,-2.30E+01,2.59E+01,-8.36E+04,-1.61E+02,7.33E+03
1.73420E+01,3.47E+04,1.18E+01,-2.30E+01,2.59E+01,-8.36E+04,-1.44E+02,3.03E+03
1.73440E+01,3.47E+04,1.17E+01,-2.31E+01,2.59E+01,-8.36E+04,-1.55E+02,-7.61E+03
1.73460E+01,3.47E+04,1.16E+01,-2.32E+01,2.59E+01,-8.36E+04,-1.71E+02,-4.59E+03
1.73480E+01,3.47E+04,1.14E+01,-2.32E+01,2.59E+01,-8.36E+04,-1.79E+02,-9.18E+03
1.73500E+01,3.47E+04,1.13E+01,-2.33E+01,2.59E+01,-8.36E+04,-2.00E+02,-2.73E+03
1.73520E+01,3.47E+04,1.11E+01,-2.34E+01,2.59E+01,-8.36E+04,-2.02E+02,5.71E+03
1.73540E+01,3.47E+04,1.10E+01,-2.35E+01,2.60E+01,-8.36E+04,-1.67E+02,1.21E+04
1.73560E+01,3.47E+04,1.08E+01,-2.36E+01,2.60E+01,-8.36E+04,-1.55E+02,2.72E+03
1.73580E+01,3.47E+04,1.07E+01,-2.37E+01,2.60E+01,-8.36E+04,-1.56E+02,-2.13E+03
1.73600E+01,3.47E+04,1.06E+01,-2.37E+01,2.60E+01,-8.36E+04,-1.64E+02,-6.03E+03
1.73620E+01,3.47E+04,1.05E+01,-2.38E+01,2.60E+01,-8.36E+04,-1.80E+02,-7.09E+03
1.73640E+01,3.47E+04,1.03E+01,-2.39E+01,2.60E+01,-8.36E+04,-1.95E+02,-1.04E+03
1.73660E+01,3.47E+04,1.01E+01,-2.39E+01,2.60E+01,-8.36E+04,-1.85E+02,5.40E+03
1.73680E+01,3.47E+04,9.98E+00,-2.40E+01,2.59E+01,-8.36E+04,-1.69E+02,8.64E+03
1.73700E+01,3.47E+04,9.83E+00,-2.40E+01,2.59E+01,-8.36E+04,-1.53E+02,2.20E+03
1.73720E+01,3.47E+04,9.71E+00,-2.40E+01,2.59E+01,-8.36E+04,-1.55E+02,-6.56E+03
1.73740E+01,3.47E+04,9.57E+00,-2.41E+01,2.59E+01,-8.36E+04,-1.84E+02,-1.34E+04
1.73760E+01,3.48E+04,9.41E+00,-2.42E+01,2.59E+01,-8.36E+04,-2.09E+02,-4.85E+03
1.73780E+01,3.48E+04,9.21E+00,-2.42E+01,2.59E+01,-8.36E+04,-2.06E+02,3.61E+03
1.73800E+01,3.48E+04,9.04E+00,-2.43E+01,2.59E+01,-8.36E+04,-1.89E+02,7.11E+03
1.73820E+01,3.48E+04,8.89E+00,-2.43E+01,2.59E+01,-8.36E+04,-1.80E+02,6.44E+03
1.73840E+01,3.48E+04,8.75E+00,-2.44E+01,2.59E+01,-8.36E+04,-1.64E+02,4.49E+03
1.73860E+01,3.48E+04,8.63E+00,-2.45E+01,2.60E+01,-8.36E+04,-1.59E+02,-1.98E+03
1.73880E+01,3.48E+04,8.49E+00,-2.46E+01,2.60E+01,-8.36E+04,-1.73E+02,-8.21E+03
1.73900E+01,3.48E+04,8.35E+00,-2.46E+01,2.60E+01,-8.36E+04,-1.92E+02,-4.14E+03
1.73920E+01,3.48E+04,8.17E+00,-2.47E+01,2.60E+01,-8.36E+04,-1.93E+02,2.28E+03
1.73940E+01,3.48E+04,8.01E+00,-2.47E+01,2.60E+01,-8.36E+04,-1.79E+02,2.99E+03
1.73960E+01,3.48E+04,7.85E+00,-2.48E+01,2.60E+01,-8.36E+04,-1.81E+02,1.07E+02
1.73980E+01,3.48E+04,7.69E+00,-2.48E+01,2.60E+01,-8.36E+04,-1.82E+02,4.00E+03
1.74000E+01,3.48E+04,7.54E+00,-2.49E+01,2.60E+01,-8.36E+04,-1.65E+02,-1.43E+03
1.74020E+01,3.48E+04,7.41E+00,-2.49E+01,2.60E+01,-8.36E+04,-1.80E+02,-6.53E+03
1.74040E+01,3.48E+04,7.22E+00,-2.50E+01,2.60E+01,-8.36E+04,-2.02E+02,-3.56E+03
1.74060E+01,3.48E+04,7.05E+00,-2.50E+01,2.60E+01,-8.36E+04,-1.89E+02,6.36E+03
1.74080E+01,3.48E+04,6.88E+00,-2.50E+01,2.59E+01,-8.36E+04,-1.77E+02,4.40E+03
1.74100E+01,3.48E+04,6.73E+00,-2.50E+01,2.59E+01,-8.36E+04,-1.70E+02,4.38E+03
1.74120E+01,3.48E+04,6.58E+00,-2.51E+01,2.59E+01,-8.36E+04,-1.62E+02,-7.42E+01
1.74140E+01,3.48E+04,6.44E+00,-2.51E+01,2.59E+01,-8.36E+04,-1.66E+02,-7.21E+03
1.74160E+01,3.48E+04,6.29E+00,-2.51E+01,2.59E+01,-8.36E+04,-1.94E+02,-8.27E+03
1.74180E+01,3.48E+04,6.10E+00,-2.52E+01,2.59E+01,-8.36E+04,-2.02E+02,4.97E+02
1.74200E+01,3.48E+04,5.93E+00,-2.52E+01,2.59E+01,-8.36E+04,-1.89E+02,2.95E+03
1.74220E+01,3.48E+04,5.77E+00,-2.53E+01,2.59E+01,-8.36E+04,-1.88E+02,-3.11E+03
1.74240E+01,3.48E+04,5.60E+00,-2.53E+01,2.59E+01,-8.36E+04,-2.03E+02,-4.60E+03
1.74260E+01,3.49E+04,5.41E+00,-2.53E+01,2.59E+01,-8.36E+04,-2.08E+02,-1.28E+03
1.74280E+01,3.49E+04,5.24E+00,-2.54E+01,2.59E+01,-8.36E+04,-2.06E+02,6.17E+03
1.74300E+01,3.49E+04,5.06E+00,-2.55E+01,2.60E+01,-8.36E+04,-1.87E+02,4.10E+03
1.74320E+01,3.49E+04,4.91E+00,-2.55E+01,2.60E+01,-8.36E+04,-1.82E+02,2.17E+03
1.74340E+01,3.49E+04,4.74E+00,-2.56E+01,2.60E+01,-8.36E+04,-1.87E+02,-1.73E+02
1.74360E+01,3.49E+04,4.58E+00,-2.56E+01,2.60E+01,-8.36E+04,-1.78E+02,5.48E+03
1.74380E+01,3.49E+04,4.43E+00,-2.56E+01,2.60E+01,-8.36E+04,-1.68E+02,-3.84E+03
1.74400E+01,3.49E+04,4.29E+00,-2.57E+01,2.60E+01,-8.36E+04,-1.86E+02,-4.00E+03
1.74420E+01,3.49E+04,4.10E+00,-2.57E+01,2.60E+01,-8.36E+04,-1.96E+02,-2.74E+03
1.74440E+01,3.49E+04,3.94E+00,-2.57E+01,2.60E+01,-8.36E+04,-1.86E+02,4.67E+03
1.74460E+01,3.49E+04,3.76E+00,-2.57E+01,2.60E+01,-8.36E+04,-1.84E+02,2.77E+03
1.74480E+01,3.49E+04,3.60E+00,-2.58E+01,2.60E+01,-8.36E+04,-1.71E+02,5.68E+03
1.74500E+01,3.49E+04,3.45E+00,-2.58E+01,2.60E+01,-8.36E+04,-1.63E+02,-5.48E+03
1.74520E+01,3.49E+04,3.31E+00,-2.58E+01,2.60E+01,-8.36E+04,-1.87E+02,-9.53E+03
1.74540E+01,3.49E+04,3.12E+00,-2.58E+01,2.60E+01,-8.36E+04,-2.12E+02,-3.64E+03
1.74560E+01,3.49E+04,2.93E+00,-2.58E+01,2.60E+01,-8.36E+04,-1.97E+02,2.81E+03
1.74580E+01,3.49E+04,2.76E+00,-2.59E+01,2.60E+01,-8.36E+04,-1.97E+02,8.23E+03
1.74600E+01,3.49E+04,2.57E+00,-2.59E+01,2.60E+01,-8.36E+04,-1.73E+02,9.48E+03
1.74620E+01,3.49E+04,2.45E+00,-2.59E+01,2.60E+01,-8.36E+04,-1.48E+02,-5.54E+03
1.74640E+01,3.49E+04,2.31E+00,-2.59E+01,2.60E+01,-8.36E+04,-1.96E+02,-1.42E+04
1.74660E+01,3.49E+04,2.09E+00,-2.59E+01,2.60E+01,-8.36E+04,-2.17E+02,-3.73E+02
1.74680E+01,3.49E+04,1.91E+00,-2.59E+01,2.60E+01,-8.36E+04,-1.88E+02,1.01E+04
1.74700E+01,3.49E+04,1.75E+00,-2.59E+01,2.60E+01,-8.36E+04,-1.77E+02,5.76E+03
1.74720E+01,3.49E+04,1.59E+00,-2.59E+01,2.60E+01,-8.36E+04,-1.67E+02,-1.05E+03
1.74740E+01,3.49E+04,1.45E+00,-2.59E+01,2.60E+01,-8.36E+04,-1.76E+02,-9.35E+03
1.74760E+01,3.50E+04,1.27E+00,-2.60E+01,2.60E+01,-8.36E+04,-2.09E+02,-8.45E+03
1.74780E+01,3.50E+04,1.07E+00,-2.60E+01,2.60E+01,-8.36E+04,-2.13E+02,2.66E+03
1.74800E+01,3.50E+04,8.84E-01,-2.60E+01,2.60E+01,-8.36E+04,-1.94E+02,8.24E+03
1.74820E+01,3.50E+04,7.15E-01,-2.60E+01,2.60E+01,-8.36E+04,-1.80E+02,5.62E+03
1.74840E+01,3.50E+04,5.57E-01,-2.60E+01,2.60E+01,-8.36E+04,-1.72E+02,-5.63E+03
1.74860E+01,3.50E+04,4.03E-01,-2.60E+01,2.60E+01,-8.36E+04,-1.99E+02,-1.23E+04
1.74880E+01,3.50E+04,1.96E-01,-2.60E+01,2.60E+01,-8.36E+04,-2.30E+02,-1.70E+03
1.74900E+01,3.50E+04,-1.37E-02,-2.60E+01,2.60E+01,-8.36E+04,-2.05E+02,1.11E+04
1.74920E+01,3.50E+04,-1.76E-01,-2.60E+01,2.60E+01,-8.36E+04,-1.78E+02,6.51E+03
1.74940E+01,3.50E+04,-3.36E-01,-2.60E+01,2.60E+01,-8.36E+04,-1.82E+02,-2.39E+03
1.74960E+01,3.50E+04,-5.06E-01,-2.60E+01,2.60E+01,-8.36E+04,-1.89E+02,-6.99E+03
1.74980E+01,3.50E+04,-6.79E-01,-2.60E+01,2.60E+01,-8.36E+04,-2.07E+02,-3.87E+03
1.75000E+01,3.50E+04,-8.82E-01,-2.59E+01,2.60E+01,-8.36E+04,-2.11E+02,4.47E+03
1.75020E+01,3.50E+04,-1.06E+00,-2.59E+01,2.60E+01,-8.36E+04,-1.85E+02,7.02E+03
1.75040E+01,3.50E+04,-1.22E+00,-2.59E+01,2.60E+01,-8.36E+04,-1.80E+02,-7.18E+00
1.75060E+01,3.50E+04,-1.39E+00,-2.59E+01,2.60E+01,-8.36E+04,-1.89E+02,-3.17E+03
1.75080E+01,3.50E+04,-1.56E+00,-2.59E+01,2.60E+01,-8.36E+04,-1.92E+02,-5.14E+03
1.75100E+01,3.50E+04,-1.73E+00,-2.59E+01,2.60E+01,-8.36E+04,-2.08E+02,-2.60E+03
1.75120E+01,3.50E+04,-1.94E+00,-2.59E+01,2.60E+01,-8.36E+04,-2.08E+02,4.74E+03
1.75140E+01,3.50E+04,-2.11E+00,-2.59E+01,2.60E+01,-8.36E+04,-1.84E+02,5.13E+03
1.75160E+01,3.50E+04,-2.27E+00,-2.59E+01,2.60E+01,-8.36E+04,-1.85E+02,-4.45E+03
1.75180E+01,3.50E+04,-2.45E+00,-2.59E+01,2.60E+01,-8.36E+04,-2.05E+02,-6.90E+03
1.75200E+01,3.50E+04,-2.64E+00,-2.59E+01,2.60E+01,-8.36E+04,-2.14E+02,9.64E+02
1.75220E+01,3.50E+04,-2.83E+00,-2.59E+01,2.60E+01,-8.36E+04,-2.02E+02,7.39E+03
1.75240E+01,3.50E+04,-3.01E+00,-2.58E+01,2.60E+01,-8.36E+04,-1.82E+02,4.35E+03
1.75260E+01,3.51E+04,-3.16E+00,-2.58E+01,2.60E+01,-8.36E+04,-1.82E+02,-2.47E+02
1.75280E+01,3.51E+04,-3.34E+00,-2.58E+01,2.60E+01,-8.36E+04,-1.87E+02,-3.23E+03
1.75300E+01,3.51E+04,-3.50E+00,-2.58E+01,2.60E+01,-8.36E+04,-1.92E+02,-7.13E+03
1.75320E+01,3.51E+04,-3.69E+00,-2.58E+01,2.60E+01,-8.36E+04,-2.16E+02,-6.15E+02
1.75340E+01,3.51E+04,-3.89E+00,-2.58E+01,2.61E+01,-8.36E+04,-2.02E+02,8.47E+03
1.75360E+01,3.51E+04,-4.05E+00,-2.57E+01,2.61E+01,-8.36E+04,-1.71E+02,7.72E+03
1.75380E+01,3.51E+04,-4.20E+00,-2.57E+01,2.61E+01,-8.36E+04,-1.75E+02,-3.02E+03
1.75400E+01,3.51E+04,-4.37E+00,-2.57E+01,2.61E+01,-8.36E+04,-1.84E+02,-2.10E+03
1.75420E+01,3.51E+04,-4.54E+00,-2.57E+01,2.61E+01,-8.36E+04,-1.85E+02,-6.20E+03
1.75440E+01,3.51E+04,-4.70E+00,-2.57E+01,2.61E+01,-8.36E+04,-2.03E+02,-5.86E+02
1.75460E+01,3.51E+04,-4.91E+00,-2.57E+01,2.61E+01,-8.36E+04,-1.98E+02,2.48E+03
1.75480E+01,3.51E+04,-5.06E+00,-2.56E+01,2.61E+01,-8.36E+04,-1.81E+02,7.70E+03
1.75500E+01,3.51E+04,-5.23E+00,-2.56E+01,2.61E+01,-8.36E+04,-1.77E+02,-1.81E+03
1.75520E+01,3.51E+04,-5.38E+00,-2.56E+01,2.61E+01,-8.36E+04,-1.80E+02,-2.82E+03
1.75540E+01,3.51E+04,-5.56E+00,-2.56E+01,2.62E+01,-8.36E+04,-1.95E+02,-8.66E+03
1.75560E+01,3.51E+04,-5.73E+00,-2.55E+01,2.62E+01,-8.36E+04,-2.09E+02,3.30E+03
1.75580E+01,3.51E+04,-5.94E+00,-2.55E+01,2.62E+01,-8.36E+04,-1.92E+02,7.67E+03
1.75600E+01,3.51E+04,-6.08E+00,-2.55E+01,2.62E+01,-8.36E+04,-1.66E+02,5.34E+03
1.75620E+01,3.51E+04,-6.24E+00,-2.55E+01,2.62E+01,-8.36E+04,-1.77E+02,-6.04E+03
1.75640E+01,3.51E+04,-6.40E+00,-2.54E+01,2.62E+01,-8.36E+04,-1.89E+02,-2.25E+03
1.75660E+01,3.51E+04,-6.58E+00,-2.54E+01,2.62E+01,-8.36E+04,-1.88E+02,-5.54E+02
1.75680E+01,3.51E+04,-6.74E+00,-2.54E+01,2.62E+01,-8.36E+04,-1.86E+02,2.94E+03
1.75700E+01,3.51E+04,-6.92E+00,-2.53E+01,2.63E+01,-8.36E+04,-1.81E+02,-1.71E+03
1.75720E+01,3.51E+04,-7.07E+00,-2.53E+01,2.63E+01,-8.36E+04,-1.87E+02,-2.67E+03
1.75740E+01,3.51E+04,-7.23E+00,-2.52E+01,2.62E+01,-8.36E+04,-1.99E+02,-4.81E+03
1.75760E+01,3.52E+04,-7.40E+00,-2.51E+01,2.62E+01,-8.36E+04,-2.01E+02,-8.79E+03
1.75780E+01,3.52E+04,-7.58E+00,-2.51E+01,2.62E+01,-8.36E+04,-2.33E+02,-5.71E+02
1.75800E+01,3.52E+04,-7.81E+00,-2.50E+01,2.62E+01,-8.36E+04,-2.16E+02,9.58E+03
1.75820E+01,3.52E+04,-7.96E+00,-2.49E+01,2.62E+01,-8.36E+04,-1.78E+02,1.33E+04
1.75840E+01,3.52E+04,-8.11E+00,-2.49E+01,2.62E+01,-8.36E+04,-1.72E+02,-2.79E+03
1.75860E+01,3.52E+04,-8.26E+00,-2.49E+01,2.62E+01,-8.36E+04,-1.82E+02,-7.34E+03
1.75880E+01,3.52E+04,-8.44E+00,-2.48E+01,2.62E+01,-8.36E+04,-2.09E+02,-1.10E+04
1.75900E+01,3.52E+04,-8.62E+00,-2.47E+01,2.62E+01,-8.36E+04,-2.23E+02,2.32E+03
1.75920E+01,3.52E+04,-8.83E+00,-2.47E+01,2.62E+01,-8.36E+04,-2.06E+02,1.16E+04
1.75940E+01,3.52E+04,-8.99E+00,-2.46E+01,2.62E+01,-8.36E+04,-1.69E+02,1.15E+04
1.75960E+01,3.52E+04,-9.13E+00,-2.46E+01,2.62E+01,-8.36E+04,-1.61E+02,4.25E+02
1.75980E+01,3.52E+04,-9.27E+00,-2.45E+01,2.62E+01,-8.36E+04,-1.68E+02,-7.08E+03
1.76000E+01,3.52E+04,-9.42E+00,-2.45E+01,2.63E+01,-8.36E+04,-1.88E+02,-9.54E+03
1.76020E+01,3.52E+04,-9.59E+00,-2.44E+01,2.62E+01,-8.36E+04,-2.08E+02,-1.83E+03
1.76040E+01,3.52E+04,-9.79E+00,-2.44E+01,2.63E+01,-8.36E+04,-1.97E+02,8.78E+03
1.76060E+01,3.52E+04,-9.95E+00,-2.43E+01,2.63E+01,-8.36E+04,-1.69E+02,1.51E+03
1.76080E+01,3.52E+04,-1.01E+01,-2.43E+01,2.63E+01,-8.36E+04,-1.87E+02,-4.19E+03
1.76100E+01,3.52E+04,-1.02E+01,-2.42E+01,2.63E+01,-8.36E+04,-1.98E+02,-6.54E+03
1.76120E+01,3.52E+04,-1.04E+01,-2.41E+01,2.63E+01,-8.36E+04,-2.01E+02,1.77E+03
1.76140E+01,3.52E+04,-1.06E+01,-2.40E+01,2.62E+01,-8.36E+04,-2.02E+02,-2.26E+02
1.76160E+01,3.52E+04,-1.07E+01,-2.39E+01,2.62E+01,-8.36E+04,-1.93E+02,7.62E+03
1.76180E+01,3.52E+04,-1.09E+01,-2.39E+01,2.62E+01,-8.36E+04,-1.80E+02,7.14E+03
1.76200E+01,3.52E+04,-1.10E+01,-2.38E+01,2.62E+01,-8.36E+04,-1.57E+02,4.77E+03
1.76220E+01,3.52E+04,-1.12E+01,-2.37E+01,2.62E+01,-8.36E+04,-1.62E+02,-5.52E+03
1.76240E+01,3.52E+04,-1.13E+01,-2.37E+01,2.62E+01,-8.36E+04,-1.79E+02,-1.04E+04
1.76260E+01,3.53E+04,-1.15E+01,-2.36E+01,2.63E+01,-8.36E+04,-2.04E+02,-6.78E+03
1.76280E+01,3.53E+04,-1.16E+01,-2.35E+01,2.63E+01,-8.36E+04,-2.11E+02,3.22E+03
1.76300E+01,3.53E+04,-1.18E+01,-2.35E+01,2.63E+01,-8.36E+04,-1.89E+02,1.27E+04
1.76320E+01,3.53E+04,-1.20E+01,-2.34E+01,2.63E+01,-8.36E+04,-1.59E+02,8.28E+03
1.76340E+01,3.53E+04,-1.21E+01,-2.33E+01,2.63E+01,-8.36E+04,-1.52E+02,-3.44E+03
1.76360E+01,3.53E+04,-1.22E+01,-2.33E+01,2.63E+01,-8.36E+04,-1.75E+02,-1.43E+04
1.76380E+01,3.53E+04,-1.24E+01,-2.32E+01,2.63E+01,-8.36E+04,-2.10E+02,-7.40E+03
1.76400E+01,3.53E+04,-1.25E+01,-2.31E+01,2.63E+01,-8.36E+04,-2.11E+02,1.00E+03
1.76420E+01,3.53E+04,-1.27E+01,-2.30E+01,2.63E+01,-8.36E+04,-1.97E+02,7.66E+03
1.76440E+01,3.53E+04,-1.29E+01,-2.29E+01,2.63E+01,-8.36E+04,-1.86E+02,5.47E+03
1.76460E+01,3.53E+04,-1.30E+01,-2.28E+01,2.63E+01,-8.36E+04,-1.70E+02,6.15E+03
1.76480E+01,3.53E+04,-1.31E+01,-2.28E+01,2.63E+01,-8.36E+04,-1.64E+02,3.52E+03
1.76500E+01,3.53E+04,-1.33E+01,-2.27E+01,2.63E+01,-8.36E+04,-1.55E+02,-5.31E+02
1.76520E+01,3.53E+04,-1.34E+01,-2.26E+01,2.63E+01,-8.36E+04,-1.65E+02,-6.66E+03
1.76540E+01,3.53E+04,-1.35E+01,-2.25E+01,2.63E+01,-8.36E+04,-1.85E+02,-4.41E+03
1.76560E+01,3.53E+04,-1.37E+01,-2.24E+01,2.63E+01,-8.36E+04,-1.84E+02,2.89E+03
1.76580E+01,3.53E+04,-1.38E+01,-2.24E+01,2.63E+01,-8.36E+04,-1.70E+02,4.08E+03
1.76600E+01,3.53E+04,-1.40E+01,-2.23E+01,2.63E+01,-8.36E+04,-1.67E+02,-2.13E+02
1.76620E+01,3.53E+04,-1.41E+01,-2.22E+01,2.63E+01,-8.36E+04,-1.72E+02,-2.27E+03
1.76640E+01,3.53E+04,-1.42E+01,-2.22E+01,2.63E+01,-8.36E+04,-1.77E+02,-4.07E+03
1.76660E+01,3.53E+04,-1.44E+01,-2.21E+01,2.63E+01,-8.36E+04,-1.87E+02,-6.05E+03
1.76680E+01,3.53E+04,-1.45E+01,-2.20E+01,2.63E+01,-8.36E+04,-2.02E+02,9.08E+02
1.76700E+01,3.53E+04,-1.47E+01,-2.18E+01,2.63E+01,-8.36E+04,-1.87E+02,7.39E+03
1.76720E+01,3.53E+04,-1.48E+01,-2.18E+01,2.63E+01,-8.36E+04,-1.65E+02,8.13E+03
1.76740E+01,3.53E+04,-1.49E+01,-2.17E+01,2.63E+01,-8.36E+04,-1.59E+02,1.81E+03
1.76760E+01,3.54E+04,-1.50E+01,-2.16E+01,2.63E+01,-8.36E+04,-1.56E+02,5.16E+03
1.76780E+01,3.54E+04,-1.52E+01,-2.15E+01,2.63E+01,-8.36E+04,-1.43E+02,2.37E+03
1.76800E+01,3.54E+04,-1.53E+01,-2.14E+01,2.63E+01,-8.36E+04,-1.39E+02,-1.69E+03
1.76820E+01,3.54E+04,-1.54E+01,-2.14E+01,2.63E+01,-8.36E+04,-1.55E+02,-2.07E+04
1.76840E+01,3.54E+04,-1.55E+01,-2.13E+01,2.64E+01,-8.36E+04,-2.13E+02,-1.27E+04
1.76860E+01,3.54E+04,-1.57E+01,-2.12E+01,2.64E+01,-8.36E+04,-2.27E+02,5.97E+03
1.76880E+01,3.54E+04,-1.58E+01,-2.11E+01,2.64E+01,-8.36E+04,-1.72E+02,1.72E+04
1.76900E+01,3.54E+04,-1.60E+01,-2.10E+01,2.64E+01,-8.36E+04,-1.60E+02,5.93E+03
1.76920E+01,3.54E+04,-1.61E+01,-2.09E+01,2.63E+01,-8.36E+04,-1.52E+02,1.80E+03
1.76940E+01,3.54E+04,-1.62E+01,-2.08E+01,2.63E+01,-8.36E+04,-1.48E+02,8.83E+02
1.76960E+01,3.54E+04,-1.63E+01,-2.07E+01,2.63E+01,-8.36E+04,-1.52E+02,-4.19E+03
1.76980E+01,3.54E+04,-1.64E+01,-2.06E+01,2.63E+01,-8.36E+04,-1.62E+02,-5.77E+03
1.77000E+01,3.54E+04,-1.65E+01,-2.05E+01,2.64E+01,-8.36E+04,-1.78E+02,-2.95E+03
1.77020E+01,3.54E+04,-1.66E+01,-2.04E+01,2.63E+01,-8.36E+04,-1.74E+02,-3.96E+03
1.77040E+01,3.54E+04,-1.68E+01,-2.03E+01,2.63E+01,-8.36E+04,-1.88E+02,-1.78E+03
1.77060E+01,3.54E+04,-1.70E+01,-2.02E+01,2.64E+01,-8.36E+04,-1.92E+02,5.97E+03
1.77080E+01,3.54E+04,-1.71E+01,-2.01E+01,2.64E+01,-8.37E+04,-1.58E+02,1.13E+04
1.77100E+01,3.54E+04,-1.71E+01,-2.00E+01,2.64E+01,-8.37E+04,-1.44E+02,3.61E+03
1.77120E+01,3.54E+04,-1.72E+01,-1.99E+01,2.64E+01,-8.37E+04,-1.46E+02,-8.03E+02
1.77140E+01,3.54E+04,-1.73E+01,-1.98E+01,2.63E+01,-8.37E+04,-1.47E+02,-1.98E+03
1.77160E+01,3.54E+04,-1.74E+01,-1.97E+01,2.63E+01,-8.37E+04,-1.53E+02,-5.39E+03
1.77180E+01,3.54E+04,-1.76E+01,-1.97E+01,2.64E+01,-8.37E+04,-1.69E+02,-4.96E+03
1.77200E+01,3.54E+04,-1.77E+01,-1.95E+01,2.63E+01,-8.37E+04,-1.76E+02,3.71E+03
1.77220E+01,3.54E+04,-1.78E+01,-1.94E+01,2.63E+01,-8.37E+04,-1.54E+02,-1.14E+02
1.77240E+01,3.54E+04,-1.79E+01,-1.94E+01,2.64E+01,-8.37E+04,-1.67E+02,-3.60E+03
1.77260E+01,3.55E+04,-1.81E+01,-1.93E+01,2.64E+01,-8.37E+04,-1.82E+02,-2.41E+03
1.77280E+01,3.55E+04,-1.81E+01,-1.91E+01,2.64E+01,-8.37E+04,-1.67E+02,1.12E+04
1.77300E+01,3.55E+04,-1.83E+01,-1.90E+01,2.64E+01,-8.37E+04,-1.44E+02,6.65E+03
1.77320E+01,3.55E+04,-1.83E+01,-1.89E+01,2.64E+01,-8.37E+04,-1.32E+02,2.84E+03
1.77340E+01,3.55E+04,-1.84E+01,-1.88E+01,2.64E+01,-8.37E+04,-1.40E+02,-1.07E+04
1.77360E+01,3.55E+04,-1.85E+01,-1.88E+01,2.64E+01,-8.37E+04,-1.67E+02,-5.91E+03
1.77380E+01,3.55E+04,-1.86E+01,-1.86E+01,2.63E+01,-8.37E+04,-1.77E+02,2.27E+03
1.77400E+01,3.55E+04,-1.87E+01,-1.85E+01,2.63E+01,-8.37E+04,-1.48E+02,1.09E+04
1.77420E+01,3.55E+04,-1.88E+01,-1.84E+01,2.64E+01,-8.37E+04,-1.35E+02,-3.88E+03
1.77440E+01,3.55E+04,-1.89E+01,-1.84E+01,2.64E+01,-8.37E+04,-1.58E+02,-7.60E+03
1.77460E+01,3.55E+04,-1.91E+01,-1.83E+01,2.64E+01,-8.37E+04,-1.77E+02,5.15E+02
1.77480E+01,3.55E+04,-1.92E+01,-1.82E+01,2.64E+01,-8.37E+04,-1.51E+02,1.14E+04
1.77500E+01,3.55E+04,-1.92E+01,-1.80E+01,2.64E+01,-8.37E+04,-1.29E+02,5.57E+03
1.77520E+01,3.55E+04,-1.93E+01,-1.80E+01,2.64E+01,-8.37E+04,-1.28E+02,1.49E+03
1.77540E+01,3.55E+04,-1.94E+01,-1.79E+01,2.64E+01,-8.37E+04,-1.27E+02,8.81E+00
1.77560E+01,3.55E+04,-1.95E+01,-1.78E+01,2.64E+01,-8.37E+04,-1.25E+02,-9.80E+03
1.77580E+01,3.55E+04,-1.95E+01,-1.77E+01,2.64E+01,-8.37E+04,-1.64E+02,-9.05E+03
1.77600E+01,3.55E+04,-1.96E+01,-1.75E+01,2.63E+01,-8.37E+04,-1.74E+02,5.37E+03
1.77620E+01,3.55E+04,-1.97E+01,-1.74E+01,2.63E+01,-8.37E+04,-1.33E+02,1.61E+03
1.77640E+01,3.55E+04,-1.98E+01,-1.74E+01,2.63E+01,-8.37E+04,-1.60E+02,-7.52E+03
1.77660E+01,3.55E+04,-2.00E+01,-1.73E+01,2.64E+01,-8.37E+04,-1.81E+02,1.28E+03
1.77680E+01,3.55E+04,-2.01E+01,-1.71E+01,2.64E+01,-8.37E+04,-1.44E+02,1.34E+04
1.77700E+01,3.55E+04,-2.01E+01,-1.70E+01,2.64E+01,-8.37E+04,-1.27E+02,6.74E+03
1.77720E+01,3.55E+04,-2.02E+01,-1.69E+01,2.64E+01,-8.37E+04,-1.19E+02,2.17E+03
1.77740E+01,3.55E+04,-2.03E+01,-1.69E+01,2.64E+01,-8.37E+04,-1.17E+02,1.96E+03
1.77760E+01,3.56E+04,-2.03E+01,-1.68E+01,2.63E+01,-8.37E+04,-1.13E+02,1.55E+03
1.77780E+01,3.56E+04,-2.04E+01,-1.67E+01,2.63E+01,-8.37E+04,-1.08E+02,1.45E+03
1.77800E+01,3.56E+04,-2.04E+01,-1.66E+01,2.63E+01,-8.37E+04,-1.09E+02,-1.18E+03
1.77820E+01,3.56E+04,-2.05E+01,-1.65E+01,2.63E+01,-8.37E+04,-1.12E+02,-2.33E+04
1.77840E+01,3.56E+04,-2.06E+01,-1.65E+01,2.63E+01,-8.37E+04,-1.92E+02,-1.69E+04
1.77860E+01,3.56E+04,-2.07E+01,-1.63E+01,2.64E+01,-8.37E+04,-2.09E+02,2.96E+03
1.77880E+01,3.56E+04,-2.08E+01,-1.62E+01,2.64E+01,-8.37E+04,-1.52E+02,2.15E+04
1.77900E+01,3.56E+04,-2.09E+01,-1.60E+01,2.64E+01,-8.37E+04,-1.35E+02,7.50E+03
1.77920E+01,3.56E+04,-2.10E+01,-1.60E+01,2.64E+01,-8.37E+04,-1.17E+02,7.90E+03
1.77940E+01,3.56E+04,-2.10E+01,-1.59E+01,2.63E+01,-8.37E+04,-1.08E+02,2.52E+03
1.77960E+01,3.56E+04,-2.11E+01,-1.58E+01,2.63E+01,-8.37E+04,-1.03E+02,2.30E+03
1.77980E+01,3.56E+04,-2.11E+01,-1.57E+01,2.63E+01,-8.37E+04,-1.02E+02,1.71E+03
1.78000E+01,3.56E+04,-2.12E+01,-1.56E+01,2.63E+01,-8.37E+04,-9.42E+01,3.28E+03
1.78020E+01,3.56E+04,-2.12E+01,-1.56E+01,2.63E+01,-8.37E+04,-8.95E+01,9.55E+02
1.78040E+01,3.56E+04,-2.13E+01,-1.55E+01,2.63E+01,-8.37E+04,-8.95E+01,1.29E+03
1.78060E+01,3.56E+04,-2.13E+01,-1.54E+01,2.63E+01,-8.37E+04,-8.63E+01,-1.21E+04
1.78080E+01,3.56E+04,-2.14E+01,-1.54E+01,2.63E+01,-8.37E+04,-1.29E+02,-2.63E+04
1.78100E+01,3.56E+04,-2.15E+01,-1.53E+01,2.64E+01,-8.37E+04,-2.03E+02,-1.13E+04
1.78120E+01,3.56E+04,-2.16E+01,-1.51E+01,2.63E+01,-8.37E+04,-1.81E+02,1.37E+04
1.78140E+01,3.56E+04,-2.17E+01,-1.50E+01,2.63E+01,-8.37E+04,-1.31E+02,1.71E+04
1.78160E+01,3.56E+04,-2.18E+01,-1.49E+01,2.64E+01,-8.37E+04,-1.20E+02,2.57E+03
1.78180E+01,3.56E+04,-2.18E+01,-1.48E+01,2.64E+01,-8.37E+04,-1.18E+02,7.38E+03
1.78200E+01,3.56E+04,-2.19E+01,-1.47E+01,2.64E+01,-8.37E+04,-9.72E+01,5.79E+03
1.78220E+01,3.56E+04,-2.19E+01,-1.47E+01,2.64E+01,-8.37E+04,-8.41E+01,3.53E+03
1.78240E+01,3.56E+04,-2.20E+01,-1.46E+01,2.64E+01,-8.37E+04,-9.19E+01,-1.86E+03
1.78260E+01,3.57E+04,-2.20E+01,-1.45E+01,2.64E+01,-8.37E+04,-8.75E+01,2.69E+03
1.78280E+01,3.57E+04,-2.21E+01,-1.45E+01,2.64E+01,-8.37E+04,-8.34E+01,3.13E+03
1.78300E+01,3.57E+04,-2.21E+01,-1.44E+01,2.64E+01,-8.37E+04,-7.36E+01,-1.01E+04
1.78320E+01,3.57E+04,-2.21E+01,-1.43E+01,2.64E+01,-8.37E+04,-1.17E+02,-1.30E+04
1.78340E+01,3.57E+04,-2.23E+01,-1.43E+01,2.65E+01,-8.37E+04,-1.43E+02,-2.13E+03
1.78360E+01,3.57E+04,-2.23E+01,-1.41E+01,2.64E+01,-8.37E+04,-1.14E+02,9.94E+03
1.78380E+01,3.57E+04,-2.24E+01,-1.41E+01,2.64E+01,-8.37E+04,-1.04E+02,5.02E+03
1.78400E+01,3.57E+04,-2.24E+01,-1.40E+01,2.64E+01,-8.37E+04,-9.51E+01,3.33E+03
1.78420E+01,3.57E+04,-2.24E+01,-1.39E+01,2.64E+01,-8.37E+04,-8.88E+01,3.25E+03
1.78440E+01,3.57E+04,-2.24E+01,-1.38E+01,2.64E+01,-8.37E+04,-8.40E+01,1.61E+03
1.78460E+01,3.57E+04,-2.25E+01,-1.37E+01,2.64E+01,-8.37E+04,-8.05E+01,5.85E+02
1.78480E+01,3.57E+04,-2.25E+01,-1.37E+01,2.63E+01,-8.37E+04,-8.29E+01,4.57E+03
1.78500E+01,3.57E+04,-2.25E+01,-1.36E+01,2.63E+01,-8.37E+04,-6.48E+01,5.99E+03
1.78520E+01,3.57E+04,-2.25E+01,-1.36E+01,2.63E+01,-8.37E+04,-5.26E+01,-1.61E+04
1.78540E+01,3.57E+04,-2.26E+01,-1.35E+01,2.63E+01,-8.37E+04,-1.24E+02,-2.66E+04
1.78560E+01,3.57E+04,-2.26E+01,-1.33E+01,2.62E+01,-8.37E+04,-1.78E+02,-7.49E+03
1.78580E+01,3.57E+04,-2.28E+01,-1.33E+01,2.64E+01,-8.37E+04,-1.45E+02,1.54E+04
1.78600E+01,3.57E+04,-2.29E+01,-1.32E+01,2.64E+01,-8.37E+04,-1.13E+02,1.14E+04
1.78620E+01,3.57E+04,-2.29E+01,-1.31E+01,2.64E+01,-8.37E+04,-1.00E+02,5.09E+03
1.78640E+01,3.57E+04,-2.29E+01,-1.30E+01,2.64E+01,-8.37E+04,-9.37E+01,3.79E+03
1.78660E+01,3.57E+04,-2.30E+01,-1.29E+01,2.64E+01,-8.37E+04,-8.53E+01,3.60E+03
1.78680E+01,3.57E+04,-2.30E+01,-1.29E+01,2.63E+01,-8.37E+04,-7.85E+01,4.39E+03
1.78700E+01,3.57E+04,-2.30E+01,-1.28E+01,2.63E+01,-8.37E+04,-6.91E+01,1.81E+03
1.78720E+01,3.57E+04,-2.30E+01,-1.27E+01,2.63E+01,-8.37E+04,-6.83E+01,7.96E+02
1.78740E+01,3.57E+04,-2.31E+01,-1.27E+01,2.63E+01,-8.37E+04,-6.98E+01,2.10E+02
1.78760E+01,3.58E+04,-2.31E+01,-1.26E+01,2.63E+01,-8.37E+04,-6.49E+01,-1.71E+03
1.78780E+01,3.58E+04,-2.31E+01,-1.26E+01,2.63E+01,-8.37E+04,-7.60E+01,7.43E+02
1.78800E+01,3.58E+04,-2.32E+01,-1.25E+01,2.63E+01,-8.37E+04,-6.76E+01,3.36E+03
1.78820E+01,3.58E+04,-2.32E+01,-1.24E+01,2.63E+01,-8.37E+04,-5.47E+01,3.35E+03
1.78840E+01,3.58E+04,-2.32E+01,-1.24E+01,2.63E+01,-8.37E+04,-5.90E+01,-1.09E+04
1.78860E+01,3.58E+04,-2.32E+01,-1.23E+01,2.63E+01,-8.37E+04,-9.20E+01,-1.02E+04
1.78880E+01,3.58E+04,-2.34E+01,-1.23E+01,2.64E+01,-8.37E+04,-1.12E+02,-2.72E+03
1.78900E+01,3.58E+04,-2.34E+01,-1.22E+01,2.64E+01,-8.37E+04,-9.41E+01,9.37E+03
1.78920E+01,3.58E+04,-2.34E+01,-1.21E+01,2.64E+01,-8.37E+04,-7.77E+01,4.23E+03
1.78940E+01,3.58E+04,-2.34E+01,-1.21E+01,2.63E+01,-8.37E+04,-7.27E+01,3.40E+03
1.78960E+01,3.58E+04,-2.34E+01,-1.20E+01,2.63E+01,-8.37E+04,-6.99E+01,3.52E+03
1.78980E+01,3.58E+04,-2.34E+01,-1.19E+01,2.63E+01,-8.37E+04,-5.49E+01,3.52E+03
1.79000E+01,3.58E+04,-2.34E+01,-1.19E+01,2.63E+01,-8.37E+04,-5.56E+01,9.58E+01
1.79020E+01,3.58E+04,-2.35E+01,-1.18E+01,2.63E+01,-8.37E+04,-5.69E+01,1.36E+03
1.79040E+01,3.58E+04,-2.35E+01,-1.18E+01,2.62E+01,-8.37E+04,-4.92E+01,2.70E+03
1.79060E+01,3.58E+04,-2.35E+01,-1.17E+01,2.62E+01,-8.37E+04,-4.53E+01,1.36E+02
1.79080E+01,3.58E+04,-2.35E+01,-1.17E+01,2.62E+01,-8.37E+04,-4.90E+01,1.02E+03
1.79100E+01,3.58E+04,-2.35E+01,-1.16E+01,2.62E+01,-8.37E+04,-4.33E+01,3.48E+03
1.79120E+01,3.58E+04,-2.35E+01,-1.16E+01,2.62E+01,-8.37E+04,-3.23E+01,1.46E+03
1.79140E+01,3.58E+04,-2.35E+01,-1.16E+01,2.62E+01,-8.37E+04,-3.72E+01,-1.11E+03
1.79160E+01,3.58E+04,-2.35E+01,-1.15E+01,2.62E+01,-8.37E+04,-3.97E+01,1.59E+03
1.79180E+01,3.58E+04,-2.35E+01,-1.15E+01,2.62E+01,-8.37E+04,-2.94E+01,2.78E+03
1.79200E+01,3.58E+04,-2.35E+01,-1.15E+01,2.62E+01,-8.37E+04,-2.70E+01,-3.92E+04
1.79220E+01,3.58E+04,-2.35E+01,-1.14E+01,2.61E+01,-8.37E+04,-1.68E+02,-2.92E+04
1.79240E+01,3.58E+04,-2.37E+01,-1.12E+01,2.63E+01,-8.37E+04,-1.98E+02,7.20E+03
1.79260E+01,3.59E+04,-2.38E+01,-1.12E+01,2.63E+01,-8.37E+04,-8.91E+01,3.54E+04
1.79280E+01,3.59E+04,-2.38E+01,-1.11E+01,2.63E+01,-8.37E+04,-7.36E+01,5.54E+03
1.79300E+01,3.59E+04,-2.38E+01,-1.11E+01,2.63E+01,-8.37E+04,-6.26E+01,3.23E+03
1.79320E+01,3.59E+04,-2.39E+01,-1.10E+01,2.63E+01,-8.37E+04,-6.39E+01,2.87E+02
1.79340E+01,3.59E+04,-2.39E+01,-1.09E+01,2.63E+01,-8.37E+04,-6.06E+01,3.97E+03
1.79360E+01,3.59E+04,-2.39E+01,-1.09E+01,2.63E+01,-8.37E+04,-4.93E+01,2.19E+03
1.79380E+01,3.59E+04,-2.39E+01,-1.09E+01,2.63E+01,-8.37E+04,-4.80E+01,3.21E+03
1.79400E+01,3.59E+04,-2.40E+01,-1.08E+01,2.63E+01,-8.37E+04,-4.23E+01,1.58E+03
1.79420E+01,3.59E+04,-2.40E+01,-1.08E+01,2.63E+01,-8.37E+04,-3.53E+01,2.83E+03
1.79440E+01,3.59E+04,-2.40E+01,-1.08E+01,2.63E+01,-8.37E+04,-3.60E+01,-1.61E+03
1.79460E+01,3.59E+04,-2.40E+01,-1.07E+01,2.63E+01,-8.37E+04,-3.77E+01,2.22E+03
1.79480E+01,3.59E+04,-2.40E+01,-1.07E+01,2.63E+01,-8.37E+04,-3.24E+01,2.51E+03
1.79500E+01,3.59E+04,-2.40E+01,-1.07E+01,2.63E+01,-8.37E+04,-2.22E+01,2.27E+03
1.79520E+01,3.59E+04,-2.40E+01,-1.07E+01,2.63E+01,-8.37E+04,-2.61E+01,-2.42E+03
1.79540E+01,3.59E+04,-2.40E+01,-1.06E+01,2.63E+01,-8.37E+04,-3.09E+01,2.98E+02
1.79560E+01,3.59E+04,-2.41E+01,-1.06E+01,2.63E+01,-8.37E+04,-2.72E+01,2.87E+03
1.79580E+01,3.59E+04,-2.41E+01,-1.06E+01,2.63E+01,-8.37E+04,-1.69E+01,2.05E+03
1.79600E+01,3.59E+04,-2.41E+01,-1.06E+01,2.63E+01,-8.37E+04,-1.88E+01,-1.56E+03
1.79620E+01,3.59E+04,-2.41E+01,-1.06E+01,2.63E+01,-8.37E+04,-2.45E+01,2.20E+02
1.79640E+01,3.59E+04,-2.41E+01,-1.05E+01,2.63E+01,-8.37E+04,-1.87E+01,2.36E+03
1.79660E+01,3.59E+04,-2.41E+01,-1.05E+01,2.63E+01,-8.37E+04,-1.26E+01,1.02E+03
1.79680E+01,3.59E+04,-2.41E+01,-1.05E+01,2.63E+01,-8.37E+04,-1.57E+01,2.60E+02
1.79700E+01,3.59E+04,-2.41E+01,-1.05E+01,2.63E+01,-8.37E+04,-1.27E+01,1.56E+03
1.79720E+01,3.59E+04,-2.41E+01,-1.05E+01,2.63E+01,-8.37E+04,-7.74E+00,5.03E+02
1.79740E+01,3.59E+04,-2.41E+01,-1.05E+01,2.63E+01,-8.37E+04,-1.10E+01,-2.12E+03
1.79760E+01,3.60E+04,-2.41E+01,-1.05E+01,2.63E+01,-8.37E+04,-1.68E+01,7.48E+02
1.79780E+01,3.60E+04,-2.41E+01,-1.05E+01,2.63E+01,-8.37E+04,-9.63E+00,2.43E+03
1.79800E+01,3.60E+04,-2.41E+01,-1.05E+01,2.63E+01,-8.37E+04,-3.40E+00,1.37E+03
1.79820E+01,3.60E+04,-2.41E+01,-1.05E+01,2.63E+01,-8.37E+04,-6.62E+00,-6.73E+02
1.79840E+01,3.60E+04,-2.41E+01,-1.05E+01,2.63E+01,-8.37E+04,-5.60E+00,2.86E+02
1.79860E+01,3.60E+04,-2.41E+01,-1.04E+01,2.63E+01,-8.37E+04,-5.27E+00,1.03E+03
1.79880E+01,3.60E+04,-2.41E+01,-1.04E+01,2.63E+01,-8.37E+04,-2.17E+00,1.32E+03
1.79900E+01,3.60E+04,-2.41E+01,-1.04E+01,2.63E+01,-8.37E+04,1.09E+00,-5.26E+02
1.79920E+01,3.60E+04,-2.41E+01,-1.04E+01,2.63E+01,-8.37E+04,-4.11E+00,-1.41E+03
1.79940E+01,3.60E+04,-2.41E+01,-1.04E+01,2.63E+01,-8.37E+04,-6.35E+00,-6.16E+01
1.79960E+01,3.60E+04,-2.41E+01,-1.04E+01,2.63E+01,-8.37E+04,-2.94E+00,9.16E+02
1.79980E+01,3.60E+04,-2.41E+01,-1.04E+01,2.63E+01,-8.37E+04,-2.83E+00,1.08E+03
1.80000E+01,3.60E+04,-2.41E+01,-1.04E+01,2.63E+01,-8.37E+04,5.83E-01,3.67E+02
1.80020E+01,3.60E+04,-2.41E+01,-1.04E+01,2.63E+01,-8.37E+04,4.21E-01,8.46E+02
1.80040E+01,3.60E+04,-2.41E+01,-1.04E+01,2.63E+01,-8.37E+04,1.50E+00,-3.41E+02
1.80060E+01,3.60E+04,-2.41E+01,-1.04E+01,2.63E+01,-8.37E+04,1.81E+00,2.17E+02
1.80080E+01,3.60E+04,-2.41E+01,-1.04E+01,2.63E+01,-8.37E+04,-1.71E-01,1.23E+03
1.80100E+01,3.60E+04,-2.41E+01,-1.04E+01,2.63E+01,-8.37E+04,7.57E+00,1.23E+03
1.80120E+01,3.60E+04,-2.41E+01,-1.04E+01,2.63E+01,-8.37E+04,6.57E+00,-2.62E+02
1.80140E+01,3.60E+04,-2.41E+01,-1.05E+01,2.63E+01,-8.37E+04,3.72E+00,-2.01E+02
1.80160E+01,3.60E+04,-2.41E+01,-1.05E+01,2.63E+01,-8.37E+04,7.37E+00,3.28E+02
1.80180E+01,3.60E+04,-2.41E+01,-1.05E+01,2.63E+01,-8.37E+04,5.18E+00,6.04E+02
1.80200E+01,3.60E+04,-2.41E+01,-1.05E+01,2.63E+01,-8.37E+04,8.07E+00,5.99E+02
1.80220E+01,3.60E+04,-2.41E+01,-1.05E+01,2.63E+01,-8.37E+04,1.01E+01,5.97E+02
1.80240E+01,3.60E+04,-2.41E+01,-1.05E+01,2.63E+01,-8.37E+04,8.34E+00,-1.38E+03
1.80260E+01,3.61E+04,-2.41E+01,-1.05E+01,2.63E+01,-8.37E+04,6.22E+00,1.07E+03
1.80280E+01,3.61E+04,-2.41E+01,-1.05E+01,2.63E+01,-8.37E+04,1.01E+01,8.87E+01
1.80300E+01,3.61E+04,-2.41E+01,-1.05E+01,2.63E+01,-8.37E+04,1.05E+01,2.00E+02
1.80320E+01,3.61E+04,-2.41E+01,-1.05E+01,2.63E+01,-8.37E+04,7.05E+00,-1.14E+03
1.80340E+01,3.61E+04,-2.41E+01,-1.05E+01,2.63E+01,-8.37E+04,8.51E+00,1.72E+03
1.80360E+01,3.61E+04,-2.41E+01,-1.05E+01,2.63E+01,-8.37E+04,1.17E+01,-5.70E+02
1.80380E+01,3.61E+04,-2.41E+01,-1.05E+01,2.63E+01,-8.37E+04,9.45E+00,1.15E+02
1.80400E+01,3.61E+04,-2.41E+01,-1.05E+01,2.63E+01,-8.37E+04,8.06E+00,-2.39E+02
1.80420E+01,3.61E+04,-2.41E+01,-1.06E+01,2.63E+01,-8.37E+04,1.20E+01,7.03E+02
1.80440E+01,3.61E+04,-2.41E+01,-1.06E+01,2.63E+01,-8.37E+04,9.11E+00,-2.23E+02
1.80460E+01,3.61E+04,-2.41E+01,-1.06E+01,2.63E+01,-8.37E+04,1.12E+01,1.18E+03
1.80480E+01,3.61E+04,-2.41E+01,-1.06E+01,2.63E+01,-8.37E+04,1.43E+01,5.69E+02
1.80500E+01,3.61E+04,-2.41E+01,-1.06E+01,2.63E+01,-8.37E+04,1.37E+01,2.99E+02
1.80520E+01,3.61E+04,-2.41E+01,-1.06E+01,2.63E+01,-8.37E+04,1.46E+01,-6.23E+02
1.80540E+01,3.61E+04,-2.41E+01,-1.06E+01,2.64E+01,-8.37E+04,1.27E+01,-1.50E+03
1.80560E+01,3.61E+04,-2.41E+01,-1.06E+01,2.64E+01,-8.37E+04,7.13E+00,1.61E+02
1.80580E+01,3.61E+04,-2.41E+01,-1.07E+01,2.64E+01,-8.37E+04,1.27E+01,8.28E+02
1.80600E+01,3.61E+04,-2.41E+01,-1.07E+01,2.64E+01,-8.37E+04,1.34E+01,-7.76E+02
1.80620E+01,3.61E+04,-2.41E+01,-1.07E+01,2.64E+01,-8.37E+04,6.92E+00,-9.65E+02
1.80640E+01,3.61E+04,-2.41E+01,-1.07E+01,2.64E+01,-8.37E+04,9.82E+00,2.65E+03
1.80660E+01,3.61E+04,-2.41E+01,-1.07E+01,2.64E+01,-8.37E+04,1.79E+01,-3.84E+02
1.80680E+01,3.61E+04,-2.41E+01,-1.07E+01,2.64E+01,-8.37E+04,1.08E+01,-2.05E+03
1.80700E+01,3.61E+04,-2.41E+01,-1.07E+01,2.64E+01,-8.37E+04,4.82E+00,1.04E+02
1.80720E+01,3.61E+04,-2.41E+01,-1.07E+01,2.64E+01,-8.37E+04,1.41E+01,2.40E+03
1.80740E+01,3.61E+04,-2.41E+01,-1.07E+01,2.64E+01,-8.37E+04,1.50E+01,-1.08E+03
1.80760E+01,3.62E+04,-2.41E+01,-1.08E+01,2.64E+01,-8.37E+04,8.99E+00,-9.42E+02
1.80780E+01,3.62E+04,-2.41E+01,-1.08E+01,2.64E+01,-8.37E+04,9.97E+00,1.00E+03
1.80800E+01,3.62E+04,-2.41E+01,-1.08E+01,2.64E+01,-8.37E+04,1.47E+01,5.55E+02
1.80820E+01,3.62E+04,-2.41E+01,-1.08E+01,2.64E+01,-8.37E+04,1.21E+01,-2.16E+03
1.80840E+01,3.62E+04,-2.41E+01,-1.08E+01,2.64E+01,-8.37E+04,5.65E+00,-1.20E+03
1.80860E+01,3.62E+04,-2.41E+01,-1.08E+01,2.64E+01,-8.37E+04,6.14E+00,7.39E+02
1.80880E+01,3.62E+04,-2.41E+01,-1.08E+01,2.64E+01,-8.37E+04,1.02E+01,1.29E+03
1.80900E+01,3.62E+04,-2.41E+01,-1.08E+01,2.64E+01,-8.37E+04,1.07E+01,-1.27E+03
1.80920E+01,3.62E+04,-2.41E+01,-1.08E+01,2.64E+01,-8.37E+04,5.97E+00,-5.48E+02
1.80940E+01,3.62E+04,-2.41E+01,-1.08E+01,2.64E+01,-8.37E+04,6.24E+00,1.04E+03
1.80960E+01,3.62E+04,-2.41E+01,-1.08E+01,2.64E+01,-8.37E+04,1.23E+01,-1.71E+02
1.80980E+01,3.62E+04,-2.41E+01,-1.09E+01,2.64E+01,-8.37E+04,5.99E+00,-1.95E+03
1.81000E+01,3.62E+04,-2.41E+01,-1.08E+01,2.64E+01,-8.37E+04,1.96E+00,-1.40E+03
1.81020E+01,3.62E+04,-2.41E+01,-1.09E+01,2.64E+01,-8.37E+04,2.58E+00,1.92E+03
1.81040E+01,3.62E+04,-2.41E+01,-1.09E+01,2.64E+01,-8.37E+04,7.48E+00,9.71E+02
1.81060E+01,3.62E+04,-2.41E+01,-1.09E+01,2.64E+01,-8.37E+04,9.62E+00,-9.88E+02
1.81080E+01,3.62E+04,-2.41E+01,-1.09E+01,2.64E+01,-8.37E+04,1.44E+00,-1.67E+03
1.81100E+01,3.62E+04,-2.41E+01,-1.09E+01,2.64E+01,-8.37E+04,2.27E+00,1.51E+03
1.81120E+01,3.62E+04,-2.41E+01,-1.09E+01,2.64E+01,-8.37E+04,8.65E+00,9.78E+02
1.81140E+01,3.62E+04,-2.41E+01,-1.09E+01,2.64E+01,-8.37E+04,6.96E+00,-1.08E+03
1.81160E+01,3.62E+04,-2.41E+01,-1.09E+01,2.64E+01,-8.37E+04,2.77E+00,4.53E+02
1.81180E+01,3.62E+04,-2.41E+01,-1.09E+01,2.64E+01,-8.37E+04,8.56E+00,6.42E+01
1.81200E+01,3.62E+04,-2.41E+01,-1.09E+01,2.64E+01,-8.37E+04,5.87E+00,-7.76E+02
1.81220E+01,3.62E+04,-2.41E+01,-1.09E+01,2.64E+01,-8.37E+04,1.62E+00,-5.35E+02
1.81240E+01,3.62E+04,-2.41E+01,-1.09E+01,2.64E+01,-8.37E+04,6.10E+00,1.54E+03
1.81260E+01,3.63E+04,-2.41E+01,-1.09E+01,2.64E+01,-8.37E+04,7.17E+00,9.70E+01
1.81280E+01,3.63E+04,-2.41E+01,-1.09E+01,2.64E+01,-8.37E+04,6.83E+00,1.61E+02
1.81300E+01,3.63E+04,-2.41E+01,-1.09E+01,2.64E+01,-8.37E+04,7.17E+00,-8.66E+02
1.81320E+01,3.63E+04,-2.40E+01,-1.09E+01,2.64E+01,-8.37E+04,4.54E+00,-4.71E+01
1.81340E+01,3.63E+04,-2.41E+01,-1.09E+01,2.64E+01,-8.37E+04,4.95E+00,7.64E+02
1.81360E+01,3.63E+04,-2.41E+01,-1.09E+01,2.64E+01,-8.37E+04,9.47E+00,5.68E+02
1.81380E+01,3.63E+04,-2.40E+01,-1.09E+01,2.64E+01,-8.37E+04,6.94E+00,-1.86E+02
1.81400E+01,3.63E+04,-2.40E+01,-1.10E+01,2.64E+01,-8.37E+04,7.56E+00,-3.68E+02
1.81420E+01,3.63E+04,-2.40E+01,-1.10E+01,2.64E+01,-8.37E+04,7.22E+00,-7.91E+02
1.81440E+01,3.63E+04,-2.40E+01,-1.10E+01,2.64E+01,-8.37E+04,3.05E+00,-5.78E+02
1.81460E+01,3.63E+04,-2.40E+01,-1.10E+01,2.64E+01,-8.37E+04,4.85E+00,8.95E+02
1.81480E+01,3.63E+04,-2.40E+01,-1.10E+01,2.64E+01,-8.37E+04,7.43E+00,9.50E+02
1.81500E+01,3.63E+04,-2.40E+01,-1.10E+01,2.64E+01,-8.37E+04,8.22E+00,-1.18E+03
1.81520E+01,3.63E+04,-2.40E+01,-1.10E+01,2.64E+01,-8.37E+04,3.66E+00,-1.46E+03
1.81540E+01,3.63E+04,-2.40E+01,-1.10E+01,2.64E+01,-8.37E+04,4.63E-01,1.14E+03
1.81560E+01,3.63E+04,-2.40E+01,-1.10E+01,2.64E+01,-8.37E+04,8.69E+00,8.88E+02
1.81580E+01,3.63E+04,-2.40E+01,-1.10E+01,2.64E+01,-8.37E+04,6.65E+00,-1.77E+03
1.81600E+01,3.63E+04,-2.40E+01,-1.10E+01,2.64E+01,-8.37E+04,-1.61E+00,-1.48E+03
1.81620E+01,3.63E+04,-2.40E+01,-1.10E+01,2.64E+01,-8.37E+04,1.46E+00,2.28E+03
1.81640E+01,3.63E+04,-2.40E+01,-1.10E+01,2.64E+01,-8.37E+04,7.94E+00,1.44E+03
1.81660E+01,3.63E+04,-2.40E+01,-1.10E+01,2.64E+01,-8.37E+04,8.16E+00,-1.32E+03
1.81680E+01,3.63E+04,-2.40E+01,-1.10E+01,2.64E+01,-8.37E+04,1.74E+00,-1.64E+03
1.81700E+01,3.63E+04,-2.40E+01,-1.10E+01,2.64E+01,-8.37E+04,7.66E-01,1.18E+03
1.81720E+01,3.63E+04,-2.40E+01,-1.10E+01,2.64E+01,-8.37E+04,7.04E+00,9.39E+02
1.81740E+01,3.63E+04,-2.40E+01,-1.10E+01,2.64E+01,-8.37E+04,6.03E+00,-2.17E+03
1.81760E+01,3.64E+04,-2.40E+01,-1.10E+01,2.64E+01,-8.37E+04,-3.04E+00,9.84E+02
1.81780E+01,3.64E+04,-2.40E+01,-1.10E+01,2.64E+01,-8.37E+04,7.42E+00,1.53E+03
1.81800E+01,3.64E+04,-2.40E+01,-1.10E+01,2.64E+01,-8.37E+04,9.60E+00,-5.25E+02
1.81820E+01,3.64E+04,-2.40E+01,-1.10E+01,2.64E+01,-8.37E+04,-6.11E-01,-2.57E+03
1.81840E+01,3.64E+04,-2.40E+01,-1.10E+01,2.64E+01,-8.37E+04,1.70E+00,2.51E+03
1.81860E+01,3.64E+04,-2.40E+01,-1.10E+01,2.64E+01,-8.37E+04,8.26E+00,1.12E+03
1.81880E+01,3.64E+04,-2.40E+01,-1.11E+01,2.64E+01,-8.37E+04,8.82E+00,-8.87E+02
1.81900E+01,3.64E+04,-2.40E+01,-1.11E+01,2.64E+01,-8.37E+04,2.22E+00,-2.46E+03
1.81920E+01,3.64E+04,-2.40E+01,-1.11E+01,2.64E+01,-8.37E+04,-1.49E-01,-3.77E+02
1.81940E+01,3.64E+04,-2.40E+01,-1.11E+01,2.64E+01,-8.37E+04,8.11E-02,1.01E+03
1.81960E+01,3.64E+04,-2.40E+01,-1.11E+01,2.64E+01,-8.37E+04,4.33E+00,1.19E+03
1.81980E+01,3.64E+04,-2.40E+01,-1.11E+01,2.64E+01,-8.37E+04,5.42E+00,-9.35E+02
1.82000E+01,3.64E+04,-2.40E+01,-1.11E+01,2.64E+01,-8.37E+04,4.14E-01,-8.02E+02
1.82020E+01,3.64E+04,-2.40E+01,-1.11E+01,2.64E+01,-8.37E+04,7.55E-01,1.14E+03
1.82040E+01,3.64E+04,-2.40E+01,-1.11E+01,2.64E+01,-8.37E+04,6.42E+00,1.17E+03
1.82060E+01,3.64E+04,-2.40E+01,-1.11E+01,2.64E+01,-8.37E+04,5.63E+00,-6.09E+02
1.82080E+01,3.64E+04,-2.40E+01,-1.11E+01,2.64E+01,-8.37E+04,3.10E+00,-8.20E+02
1.82100E+01,3.64E+04,-2.40E+01,-1.11E+01,2.64E+01,-8.37E+04,2.69E+00,-2.56E+02
1.82120E+01,3.64E+04,-2.40E+01,-1.11E+01,2.64E+01,-8.37E+04,2.07E+00,5.10E+01
1.82140E+01,3.64E+04,-2.40E+01,-1.11E+01,2.64E+01,-8.37E+04,2.68E+00,-4.67E+02
1.82160E+01,3.64E+04,-2.40E+01,-1.11E+01,2.64E+01,-8.37E+04,9.24E-01,8.99E+02
1.82180E+01,3.64E+04,-2.40E+01,-1.11E+01,2.64E+01,-8.37E+04,4.47E+00,2.28E+02
1.82200E+01,3.64E+04,-2.40E+01,-1.11E+01,2.64E+01,-8.37E+04,4.86E+00,5.26E+02
1.82220E+01,3.64E+04,-2.40E+01,-1.11E+01,2.64E+01,-8.37E+04,3.37E+00,-1.62E+01
1.82240E+01,3.64E+04,-2.40E+01,-1.11E+01,2.64E+01,-8.37E+04,7.00E+00,-2.33E+02
1.82260E+01,3.65E+04,-2.40E+01,-1.11E+01,2.64E+01,-8.37E+04,2.17E+00,-1.42E+03
1.82280E+01,3.65E+04,-2.40E+01,-1.11E+01,2.64E+01,-8.37E+04,-6.93E-03,-6.05E+02
1.82300E+01,3.65E+04,-2.40E+01,-1.11E+01,2.64E+01,-8.37E+04,1.00E+00,5.76E+01
1.82320E+01,3.65E+04,-2.40E+01,-1.11E+01,2.64E+01,-8.37E+04,-2.45E-01,1.07E+03
1.82340E+01,3.65E+04,-2.40E+01,-1.11E+01,2.64E+01,-8.37E+04,4.56E+00,2.22E+02
1.82360E+01,3.65E+04,-2.40E+01,-1.11E+01,2.64E+01,-8.37E+04,3.12E+00,4.33E+01
1.82380E+01,3.65E+04,-2.40E+01,-1.11E+01,2.64E+01,-8.37E+04,1.41E+00,-4.58E+02
1.82400E+01,3.65E+04,-2.40E+01,-1.11E+01,2.65E+01,-8.37E+04,3.97E+00,-1.07E+03
1.82420E+01,3.65E+04,-2.40E+01,-1.11E+01,2.64E+01,-8.37E+04,-3.52E+00,-1.52E+03
1.82440E+01,3.65E+04,-2.40E+01,-1.11E+01,2.64E+01,-8.37E+04,-3.93E+00,1.53E+03
1.82460E+01,3.65E+04,-2.40E+01,-1.11E+01,2.64E+01,-8.37E+04,4.20E+00,2.36E+03
1.82480E+01,3.65E+04,-2.40E+01,-1.11E+01,2.65E+01,-8.37E+04,6.03E+00,4.45E+02
1.82500E+01,3.65E+04,-2.40E+01,-1.11E+01,2.64E+01,-8.37E+04,4.97E+00,-1.24E+03
1.82520E+01,3.65E+04,-2.40E+01,-1.11E+01,2.64E+01,-8.37E+04,1.94E+00,-1.32E+03
1.82540E+01,3.65E+04,-2.40E+01,-1.11E+01,2.64E+01,-8.37E+04,-1.42E+00,-3.90E+02
1.82560E+01,3.65E+04,-2.40E+01,-1.11E+01,2.65E+01,-8.37E+04,6.73E-01,9.09E+02
1.82580E+01,3.65E+04,-2.40E+01,-1.11E+01,2.64E+01,-8.37E+04,2.71E+00,-5.69E+02
1.82600E+01,3.65E+04,-2.40E+01,-1.11E+01,2.64E+01,-8.37E+04,-1.24E+00,-3.80E+02
1.82620E+01,3.65E+04,-2.40E+01,-1.11E+01,2.64E+01,-8.37E+04,-6.70E-01,3.89E+02
1.82640E+01,3.65E+04,-2.40E+01,-1.11E+01,2.64E+01,-8.37E+04,2.45E+00,1.09E+03
1.82660E+01,3.65E+04,-2.40E+01,-1.11E+01,2.64E+01,-8.37E+04,2.37E+00,-1.57E+03
1.82680E+01,3.65E+04,-2.40E+01,-1.11E+01,2.64E+01,-8.37E+04,-2.32E+00,-6.50E+02
1.82700E+01,3.65E+04,-2.40E+01,-1.11E+01,2.64E+01,-8.37E+04,-2.99E+00,1.93E+03
1.82720E+01,3.65E+04,-2.40E+01,-1.11E+01,2.64E+01,-8.37E+04,7.19E+00,2.17E+03
1.82740E+01,3.65E+04,-2.40E+01,-1.11E+01,2.64E+01,-8.37E+04,6.94E+00,-1.57E+03
1.82760E+01,3.66E+04,-2.40E+01,-1.11E+01,2.64E+01,-8.37E+04,-7.57E-01,-2.05E+03
1.82780E+01,3.66E+04,-2.40E+01,-1.11E+01,2.64E+01,-8.37E+04,-1.61E+00,-3.03E+02
1.82800E+01,3.66E+04,-2.40E+01,-1.11E+01,2.64E+01,-8.37E+04,-8.60E-01,8.69E+02
1.82820E+01,3.66E+04,-2.40E+01,-1.11E+01,2.64E+01,-8.37E+04,8.51E-01,2.64E+01
1.82840E+01,3.66E+04,-2.40E+01,-1.11E+01,2.64E+01,-8.37E+04,6.73E-01,-1.12E+02
1.82860E+01,3.66E+04,-2.40E+01,-1.11E+01,2.64E+01,-8.37E+04,-1.07E+00,-4.37E+02
1.82880E+01,3.66E+04,-2.40E+01,-1.11E+01,2.64E+01,-8.37E+04,-1.97E-01,1.38E+03
1.82900E+01,3.66E+04,-2.40E+01,-1.11E+01,2.64E+01,-8.37E+04,3.54E+00,1.71E+02
1.82920E+01,3.66E+04,-2.40E+01,-1.11E+01,2.64E+01,-8.37E+04,2.49E+00,-7.99E+02
1.82940E+01,3.66E+04,-2.40E+01,-1.11E+01,2.64E+01,-8.37E+04,-1.87E+00,-5.42E+02
1.82960E+01,3.66E+04,-2.40E+01,-1.11E+01,2.64E+01,-8.37E+04,1.02E+00,7.65E+02
1.82980E+01,3.66E+04,-2.40E+01,-1.11E+01,2.64E+01,-8.37E+04,1.82E+00,4.96E+02
1.83000E+01,3.66E+04,-2.40E+01,-1.11E+01,2.64E+01,-8.37E+04,2.14E+00,-1.64E+03
1.83020E+01,3.66E+04,-2.40E+01,-1.11E+01,2.64E+01,-8.37E+04,-3.16E+00,-5.83E+02
1.83040E+01,3.66E+04,-2.40E+01,-1.11E+01,2.64E+01,-8.37E+04,-3.32E+00,5.51E+02
1.83060E+01,3.66E+04,-2.40E+01,-1.11E+01,2.64E+01,-8.37E+04,2.12E+00,5.86E+02
1.83080E+01,3.66E+04,-2.40E+01,-1.11E+01,2.64E+01,-8.37E+04,-1.90E+00,-1.61E+03
1.83100E+01,3.66E+04,-2.40E+01,-1.11E+01,2.64E+01,-8.37E+04,-4.90E+00,5.23E+02
1.83120E+01,3.66E+04,-2.40E+01,-1.11E+01,2.64E+01,-8.37E+04,-1.83E-01,4.67E+02
1.83140E+01,3.66E+04,-2.40E+01,-1.11E+01,2.64E+01,-8.37E+04,-7.92E-01,1.60E+02
1.83160E+01,3.66E+04,-2.40E+01,-1.11E+01,2.64E+01,-8.37E+04,-2.40E+00,-5.74E+01
1.83180E+01,3.66E+04,-2.40E+01,-1.11E+01,2.64E+01,-8.37E+04,9.79E-01,6.39E+02
1.83200E+01,3.66E+04,-2.40E+01,-1.11E+01,2.64E+01,-8.37E+04,-4.44E-01,-5.23E+02
1.83220E+01,3.66E+04,-2.40E+01,-1.11E+01,2.64E+01,-8.37E+04,-1.28E+00,2.73E+02
1.83240E+01,3.66E+04,-2.40E+01,-1.11E+01,2.64E+01,-8.37E+04,5.22E-01,-7.45E+01
1.83260E+01,3.67E+04,-2.40E+01,-1.11E+01,2.64E+01,-8.37E+04,-6.51E-01,-7.80E+02
1.83280E+01,3.67E+04,-2.40E+01,-1.11E+01,2.64E+01,-8.37E+04,-3.69E+00,-1.09E+02
1.83300E+01,3.67E+04,-2.40E+01,-1.11E+01,2.64E+01,-8.37E+04,-1.07E+00,1.04E+03
1.83320E+01,3.67E+04,-2.40E+01,-1.11E+01,2.64E+01,-8.37E+04,1.30E+00,-2.14E+02
1.83340E+01,3.67E+04,-2.40E+01,-1.11E+01,2.64E+01,-8.37E+04,-1.98E+00,-1.45E+03
1.83360E+01,3.67E+04,-2.40E+01,-1.11E+01,2.64E+01,-8.37E+04,-5.26E+00,1.13E+03
1.83380E+01,3.67E+04,-2.40E+01,-1.11E+01,2.64E+01,-8.37E+04,1.80E+00,1.60E+03
1.83400E+01,3.67E+04,-2.40E+01,-1.11E+01,2.64E+01,-8.37E+04,4.03E+00,-3.92E+02
1.83420E+01,3.67E+04,-2.40E+01,-1.11E+01,2.64E+01,-8.37E+04,-2.14E+00,-1.15E+03
1.83440E+01,3.67E+04,-2.40E+01,-1.11E+01,2.64E+01,-8.37E+04,-5.12E-01,3.01E+02
1.83460E+01,3.67E+04,-2.40E+01,-1.11E+01,2.64E+01,-8.37E+04,2.40E-01,3.93E+02
1.83480E+01,3.67E+04,-2.40E+01,-1.11E+01,2.64E+01,-8.37E+04,-9.16E-02,2.83E+02
1.83500E+01,3.67E+04,-2.40E+01,-1.11E+01,2.64E+01,-8.37E+04,2.02E+00,-6.30E+02
1.83520E+01,3.67E+04,-2.40E+01,-1.11E+01,2.64E+01,-8.37E+04,-2.03E+00,-3.23E+02
1.83540E+01,3.67E+04,-2.40E+01,-1.11E+01,2.64E+01,-8.37E+04,-1.40E+00,3.54E+02
1.83560E+01,3.67E+04,-2.40E+01,-1.11E+01,2.64E+01,-8.37E+04,1.82E+00,8.76E+02
1.83580E+01,3.67E+04,-2.40E+01,-1.11E+01,2.64E+01,-8.37E+04,6.67E-01,-1.14E+03
1.83600E+01,3.67E+04,-2.40E+01,-1.11E+01,2.64E+01,-8.37E+04,-1.75E+00,-2.11E+02
1.83620E+01,3.67E+04,-2.40E+01,-1.11E+01,2.64E+01,-8.37E+04,-1.70E+00,1.96E+02
1.83640E+01,3.67E+04,-2.40E+01,-1.11E+01,2.64E+01,-8.37E+04,5.89E-01,2.76E+02
1.83660E+01,3.67E+04,-2.40E+01,-1.11E+01,2.64E+01,-8.37E+04,-1.24E+00,-7.23E+02
1.83680E+01,3.67E+04,-2.40E+01,-1.11E+01,2.64E+01,-8.37E+04,-2.35E+00,-3.02E+02
1.83700E+01,3.67E+04,-2.40E+01,-1.11E+01,2.64E+01,-8.37E+04,-2.44E+00,6.95E+02
1.83720E+01,3.67E+04,-2.40E+01,-1.11E+01,2.64E+01,-8.37E+04,1.80E-01,1.11E+03
1.83740E+01,3.67E+04,-2.40E+01,-1.11E+01,2.64E+01,-8.37E+04,2.66E+00,-2.46E+02
1.83760E+01,3.68E+04,-2.40E+01,-1.11E+01,2.64E+01,-8.37E+04,-6.56E-01,6.38E+01
1.83780E+01,3.68E+04,-2.40E+01,-1.11E+01,2.64E+01,-8.37E+04,1.20E+00,1.42E+02
1.83800E+01,3.68E+04,-2.40E+01,-1.11E+01,2.64E+01,-8.37E+04,2.45E+00,-3.40E+02
1.83820E+01,3.68E+04,-2.40E+01,-1.11E+01,2.64E+01,-8.37E+04,-1.98E+00,-1.37E+03
1.83840E+01,3.68E+04,-2.40E+01,-1.11E+01,2.64E+01,-8.37E+04,-2.55E+00,1.91E+02
1.83860E+01,3.68E+04,-2.40E+01,-1.11E+01,2.64E+01,-8.37E+04,-1.37E+00,2.40E+03
1.83880E+01,3.68E+04,-2.40E+01,-1.11E+01,2.64E+01,-8.37E+04,6.49E+00,1.45E+02
1.83900E+01,3.68E+04,-2.40E+01,-1.11E+01,2.64E+01,-8.37E+04,2.42E+00,-2.34E+03
1.83920E+01,3.68E+04,-2.40E+01,-1.11E+01,2.64E+01,-8.37E+04,-7.01E+00,-7.35E+02
1.83940E+01,3.68E+04,-2.40E+01,-1.11E+01,2.64E+01,-8.37E+04,4.49E-01,1.41E+03
1.83960E+01,3.68E+04,-2.40E+01,-1.11E+01,2.64E+01,-8.37E+04,1.04E+00,3.30E+02
1.83980E+01,3.68E+04,-2.40E+01,-1.11E+01,2.64E+01,-8.37E+04,-1.23E+00,-6.03E+02
1.84000E+01,3.68E+04,-2.40E+01,-1.11E+01,2.64E+01,-8.37E+04,6.28E-01,7.97E+02
1.84020E+01,3.68E+04,-2.40E+01,-1.11E+01,2.64E+01,-8.37E+04,7.85E-01,-4.78E+02
1.84040E+01,3.68E+04,-2.40E+01,-1.11E+01,2.64E+01,-8.37E+04,-1.94E-01,-7.74E+02
1.84060E+01,3.68E+04,-2.40E+01,-1.11E+01,2.64E+01,-8.37E+04,-3.26E+00,-4.20E+02
1.84080E+01,3.68E+04,-2.40E+01,-1.11E+01,2.64E+01,-8.37E+04,-1.86E+00,1.44E+03
1.84100E+01,3.68E+04,-2.40E+01,-1.11E+01,2.64E+01,-8.37E+04,2.67E+00,-5.34E+02
1.84120E+01,3.68E+04,-2.40E+01,-1.11E+01,2.64E+01,-8.37E+04,-2.36E+00,8.11E+02
1.84140E+01,3.68E+04,-2.40E+01,-1.11E+01,2.64E+01,-8.37E+04,1.63E+00,-9.00E+01
1.84160E+01,3.68E+04,-2.40E+01,-1.11E+01,2.64E+01,-8.37E+04,3.21E+00,-6.00E+02
1.84180E+01,3.68E+04,-2.40E+01,-1.11E+01,2.64E+01,-8.37E+04,-5.57E+00,-9.55E+02
1.84200E+01,3.68E+04,-2.40E+01,-1.11E+01,2.64E+01,-8.37E+04,5.68E-01,1.31E+03
1.84220E+01,3.68E+04,-2.40E+01,-1.11E+01,2.64E+01,-8.37E+04,1.40E+00,6.79E+02
1.84240E+01,3.68E+04,-2.40E+01,-1.11E+01,2.64E+01,-8.37E+04,9.97E-01,-1.90E+03
1.84260E+01,3.69E+04,-2.40E+01,-1.11E+01,2.64E+01,-8.37E+04,-3.49E+00,-3.07E+02
1.84280E+01,3.69E+04,-2.40E+01,-1.11E+01,2.64E+01,-8.37E+04,-4.07E+00,9.46E+02
1.84300E+01,3.69E+04,-2.40E+01,-1.11E+01,2.64E+01,-8.37E+04,3.52E+00,1.93E+03
1.84320E+01,3.69E+04,-2.40E+01,-1.11E+01,2.64E+01,-8.37E+04,2.78E+00,-1.87E+03
1.84340E+01,3.69E+04,-2.40E+01,-1.11E+01,2.64E+01,-8.37E+04,-3.50E+00,-1.52E+03
1.84360E+01,3.69E+04,-2.40E+01,-1.11E+01,2.64E+01,-8.37E+04,-5.21E+00,4.74E+01
1.84380E+01,3.69E+04,-2.40E+01,-1.11E+01,2.64E+01,-8.37E+04,-1.51E+00,2.15E+03
1.84400E+01,3.69E+04,-2.40E+01,-1.11E+01,2.64E+01,-8.37E+04,2.36E+00,7.72E+02
1.84420E+01,3.69E+04,-2.40E+01,-1.11E+01,2.64E+01,-8.37E+04,3.10E+00,1.73E+02
1.84440E+01,3.69E+04,-2.40E+01,-1.11E+01,2.64E+01,-8.37E+04,1.42E+00,-8.19E+02
1.84460E+01,3.69E+04,-2.40E+01,-1.11E+01,2.64E+01,-8.37E+04,9.34E-01,-1.07E+03
1.84480E+01,3.69E+04,-2.40E+01,-1.11E+01,2.64E+01,-8.37E+04,-3.26E+00,-4.17E+02
1.84500E+01,3.69E+04,-2.40E+01,-1.11E+01,2.64E+01,-8.37E+04,-1.67E+00,1.55E+03
1.84520E+01,3.69E+04,-2.40E+01,-1.11E+01,2.64E+01,-8.37E+04,4.11E+00,2.70E+02
1.84540E+01,3.69E+04,-2.40E+01,-1.11E+01,2.64E+01,-8.37E+04,2.29E-01,-7.36E+02
1.84560E+01,3.69E+04,-2.40E+01,-1.11E+01,2.64E+01,-8.37E+04,-1.36E+00,-6.04E+02
1.84580E+01,3.69E+04,-2.40E+01,-1.11E+01,2.64E+01,-8.37E+04,2.16E-01,-1.27E+02
1.84600E+01,3.69E+04,-2.40E+01,-1.11E+01,2.64E+01,-8.37E+04,-3.12E+00,-1.17E+02
1.84620E+01,3.69E+04,-2.40E+01,-1.11E+01,2.64E+01,-8.37E+04,-5.45E-01,1.08E+03
1.84640E+01,3.69E+04,-2.40E+01,-1.11E+01,2.64E+01,-8.37E+04,2.32E+00,-1.83E+02
1.84660E+01,3.69E+04,-2.40E+01,-1.11E+01,2.64E+01,-8.37E+04,-1.40E+00,-6.54E+02
1.84680E+01,3.69E+04,-2.40E+01,-1.11E+01,2.64E+01,-8.37E+04,-1.62E+00,6.30E+02
1.84700E+01,3.69E+04,-2.40E+01,-1.11E+01,2.64E+01,-8.37E+04,2.34E+00,1.91E+02
1.84720E+01,3.69E+04,-2.40E+01,-1.11E+01,2.64E+01,-8.37E+04,-5.04E-01,1.27E+02
1.84740E+01,3.69E+04,-2.40E+01,-1.11E+01,2.64E+01,-8.37E+04,9.17E-01,-3.88E+02
1.84760E+01,3.70E+04,-2.40E+01,-1.11E+01,2.64E+01,-8.37E+04,7.20E-01,-2.34E+02
1.84780E+01,3.70E+04,-2.40E+01,-1.11E+01,2.64E+01,-8.37E+04,-2.58E+00,4.26E+02
1.84800E+01,3.70E+04,-2.40E+01,-1.11E+01,2.64E+01,-8.37E+04,3.24E+00,1.16E+03
1.84820E+01,3.70E+04,-2.40E+01,-1.11E+01,2.64E+01,-8.37E+04,3.35E+00,-1.57E+03
1.84840E+01,3.70E+04,-2.40E+01,-1.11E+01,2.64E+01,-8.37E+04,-4.07E+00,-8.78E+02
1.84860E+01,3.70E+04,-2.40E+01,-1.11E+01,2.64E+01,-8.37E+04,-1.61E+00,4.93E+02
1.84880E+01,3.70E+04,-2.40E+01,-1.11E+01,2.64E+01,-8.37E+04,7.73E-01,1.83E+03
1.84900E+01,3.70E+04,-2.40E+01,-1.11E+01,2.64E+01,-8.37E+04,2.86E+00,-8.30E+01
1.84920E+01,3.70E+04,-2.40E+01,-1.11E+01,2.64E+01,-8.37E+04,3.45E+00,-2.01E+03
1.84940E+01,3.70E+04,-2.40E+01,-1.11E+01,2.64E+01,-8.37E+04,-6.86E+00,-1.87E+03
1.84960E+01,3.70E+04,-2.40E+01,-1.11E+01,2.64E+01,-8.37E+04,-5.56E+00,2.00E+03
1.84980E+01,3.70E+04,-2.40E+01,-1.11E+01,2.64E+01,-8.37E+04,3.27E+00,2.19E+03
1.85000E+01,3.70E+04,-2.40E+01,-1.11E+01,2.64E+01,-8.37E+04,3.40E+00,-1.15E+03
1.85020E+01,3.70E+04,-2.40E+01,-1.11E+01,2.64E+01,-8.37E+04,-1.98E+00,-7.56E+02
1.85040E+01,3.70E+04,-2.40E+01,-1.11E+01,2.64E+01,-8.37E+04,-7.12E-01,1.30E+03
1.85060E+01,3.70E+04,-2.40E+01,-1.11E+01,2.64E+01,-8.37E+04,4.68E+00,-1.09E+03
1.85080E+01,3.70E+04,-2.40E+01,-1.11E+01,2.64E+01,-8.37E+04,-3.93E+00,-6.03E+02
1.85100E+01,3.70E+04,-2.40E+01,-1.11E+01,2.64E+01,-8.37E+04,-2.34E+00,1.26E+03
1.85120E+01,3.70E+04,-2.40E+01,-1.11E+01,2.64E+01,-8.37E+04,6.19E+00,1.65E+03
1.85140E+01,3.70E+04,-2.40E+01,-1.11E+01,2.64E+01,-8.37E+04,2.01E+00,-2.44E+03
1.85160E+01,3.70E+04,-2.40E+01,-1.11E+01,2.64E+01,-8.37E+04,-3.02E+00,-1.30E+03
1.85180E+01,3.70E+04,-2.40E+01,-1.11E+01,2.64E+01,-8.37E+04,-4.39E+00,9.97E+01
1.85200E+01,3.70E+04,-2.40E+01,-1.11E+01,2.64E+01,-8.37E+04,-1.49E+00,1.91E+03
1.85220E+01,3.70E+04,-2.40E+01,-1.11E+01,2.64E+01,-8.37E+04,2.56E+00,1.34E+03
1.85240E+01,3.70E+04,-2.40E+01,-1.11E+01,2.64E+01,-8.37E+04,4.94E+00,-5.56E+02
1.85260E+01,3.71E+04,-2.40E+01,-1.11E+01,2.64E+01,-8.37E+04,5.31E-02,-9.42E+02
1.85280E+01,3.71E+04,-2.40E+01,-1.11E+01,2.64E+01,-8.37E+04,-2.39E-01,-5.72E+02
1.85300E+01,3.71E+04,-2.40E+01,-1.11E+01,2.64E+01,-8.37E+04,-2.10E-01,-1.96E+02
1.85320E+01,3.71E+04,-2.40E+01,-1.11E+01,2.64E+01,-8.37E+04,-2.65E+00,-4.67E+02
1.85340E+01,3.71E+04,-2.40E+01,-1.11E+01,2.64E+01,-8.37E+04,-1.34E+00,5.98E+02
1.85360E+01,3.71E+04,-2.40E+01,-1.11E+01,2.64E+01,-8.37E+04,-4.05E-01,6.35E+02
1.85380E+01,3.71E+04,-2.40E+01,-1.11E+01,2.64E+01,-8.37E+04,1.20E+00,3.54E+02
1.85400E+01,3.71E+04,-2.40E+01,-1.11E+01,2.64E+01,-8.37E+04,1.32E+00,-7.19E+02
1.85420E+01,3.71E+04,-2.40E+01,-1.11E+01,2.64E+01,-8.37E+04,-1.74E+00,-1.12E+03
1.85440E+01,3.71E+04,-2.40E+01,-1.11E+01,2.64E+01,-8.37E+04,-3.70E+00,1.04E+03
1.85460E+01,3.71E+04,-2.40E+01,-1.11E+01,2.64E+01,-8.37E+04,2.02E+00,1.38E+03
1.85480E+01,3.71E+04,-2.40E+01,-1.11E+01,2.64E+01,-8.37E+04,3.88E+00,4.24E+02
1.85500E+01,3.71E+04,-2.40E+01,-1.11E+01,2.64E+01,-8.37E+04,1.70E+00,-1.42E+03
1.85520E+01,3.71E+04,-2.40E+01,-1.11E+01,2.64E+01,-8.37E+04,-3.79E-01,-7.08E+02
1.85540E+01,3.71E+04,-2.40E+01,-1.11E+01,2.64E+01,-8.37E+04,-2.53E+00,2.57E+02
1.85560E+01,3.71E+04,-2.40E+01,-1.11E+01,2.64E+01,-8.37E+04,1.19E+00,1.44E+02
1.85580E+01,3.71E+04,-2.40E+01,-1.11E+01,2.64E+01,-8.37E+04,-8.39E-01,-3.96E+02
1.85600E+01,3.71E+04,-2.40E+01,-1.11E+01,2.64E+01,-8.37E+04,-2.39E+00,5.21E+02
1.85620E+01,3.71E+04,-2.40E+01,-1.11E+01,2.64E+01,-8.37E+04,2.41E+00,1.55E+03
1.85640E+01,3.71E+04,-2.40E+01,-1.11E+01,2.64E+01,-8.37E+04,4.02E+00,-4.66E+02
1.85660E+01,3.71E+04,-2.40E+01,-1.11E+01,2.64E+01,-8.37E+04,6.08E-01,-1.05E+03
1.85680E+01,3.71E+04,-2.40E+01,-1.11E+01,2.64E+01,-8.37E+04,-1.17E+00,-1.91E+01
1.85700E+01,3.71E+04,-2.40E+01,-1.11E+01,2.64E+01,-8.37E+04,1.18E+00,7.48E+02
1.85720E+01,3.71E+04,-2.40E+01,-1.11E+01,2.64E+01,-8.37E+04,1.98E+00,-1.18E+03
1.85740E+01,3.71E+04,-2.40E+01,-1.11E+01,2.64E+01,-8.37E+04,-3.08E+00,-4.37E+02
1.85760E+01,3.72E+04,-2.40E+01,-1.11E+01,2.64E+01,-8.37E+04,-1.94E+00,3.65E+02
1.85780E+01,3.72E+04,-2.40E+01,-1.11E+01,2.64E+01,-8.37E+04,1.16E+00,1.02E+03
1.85800E+01,3.72E+04,-2.40E+01,-1.11E+01,2.64E+01,-8.37E+04,2.07E-01,-3.00E+02
1.85820E+01,3.72E+04,-2.40E+01,-1.11E+01,2.64E+01,-8.37E+04,1.05E+00,6.67E+01
1.85840E+01,3.72E+04,-2.40E+01,-1.11E+01,2.64E+01,-8.37E+04,-7.64E-02,-4.65E+02
1.85860E+01,3.72E+04,-2.40E+01,-1.11E+01,2.64E+01,-8.37E+04,-6.24E-01,1.45E+02
1.85880E+01,3.72E+04,-2.40E+01,-1.11E+01,2.64E+01,-8.37E+04,2.02E-01,4.05E+02
1.85900E+01,3.72E+04,-2.40E+01,-1.11E+01,2.64E+01,-8.37E+04,1.44E+00,-3.00E+02
1.85920E+01,3.72E+04,-2.40E+01,-1.11E+01,2.64E+01,-8.37E+04,-8.74E-01,-4.85E+02
1.85940E+01,3.72E+04,-2.40E+01,-1.11E+01,2.64E+01,-8.37E+04,-1.39E+00,-4.33E+02
1.85960E+01,3.72E+04,-2.40E+01,-1.11E+01,2.64E+01,-8.37E+04,-1.52E+00,-6.34E+01
1.85980E+01,3.72E+04,-2.40E+01,-1.11E+01,2.64E+01,-8.37E+04,-2.55E+00,8.65E+02
1.86000E+01,3.72E+04,-2.40E+01,-1.11E+01,2.64E+01,-8.37E+04,1.93E+00,1.06E+03
1.86020E+01,3.72E+04,-2.40E+01,-1.11E+01,2.64E+01,-8.37E+04,2.97E+00,-5.25E+02
1.86040E+01,3.72E+04,-2.40E+01,-1.11E+01,2.64E+01,-8.37E+04,-1.20E+00,-1.69E+03
1.86060E+01,3.72E+04,-2.40E+01,-1.11E+01,2.64E+01,-8.37E+04,-3.74E+00,6.60E+02
1.86080E+01,3.72E+04,-2.40E+01,-1.11E+01,2.64E+01,-8.37E+04,6.28E-01,2.14E+03
1.86100E+01,3.72E+04,-2.40E+01,-1.11E+01,2.64E+01,-8.37E+04,6.40E+00,6.04E+02
1.86120E+01,3.72E+04,-2.40E+01,-1.11E+01,2.64E+01,-8.37E+04,2.96E+00,-3.36E+03
1.86140E+01,3.72E+04,-2.40E+01,-1.11E+01,2.64E+01,-8.37E+04,-7.29E+00,-2.22E+03
1.86160E+01,3.72E+04,-2.40E+01,-1.11E+01,2.64E+01,-8.37E+04,-8.01E+00,2.33E+03
1.86180E+01,3.72E+04,-2.40E+01,-1.11E+01,2.64E+01,-8.37E+04,3.71E+00,3.28E+03
1.86200E+01,3.72E+04,-2.40E+01,-1.11E+01,2.64E+01,-8.37E+04,6.50E+00,2.72E+02
1.86220E+01,3.72E+04,-2.40E+01,-1.11E+01,2.64E+01,-8.37E+04,3.03E+00,-2.12E+03
1.86240E+01,3.72E+04,-2.40E+01,-1.11E+01,2.64E+01,-8.37E+04,-1.04E+00,-1.66E+03
1.86260E+01,3.73E+04,-2.40E+01,-1.11E+01,2.64E+01,-8.37E+04,-4.70E+00,-2.73E+02
1.86280E+01,3.73E+04,-2.40E+01,-1.11E+01,2.64E+01,-8.37E+04,-1.89E+00,1.22E+03
1.86300E+01,3.73E+04,-2.40E+01,-1.11E+01,2.64E+01,-8.37E+04,8.60E-01,9.95E+02
1.86320E+01,3.73E+04,-2.40E+01,-1.11E+01,2.64E+01,-8.37E+04,1.66E+00,-2.82E+02
1.86340E+01,3.73E+04,-2.40E+01,-1.11E+01,2.64E+01,-8.37E+04,1.99E-01,-7.25E+02
1.86360E+01,3.73E+04,-2.40E+01,-1.11E+01,2.64E+01,-8.37E+04,-1.93E+00,1.69E+02
1.86380E+01,3.73E+04,-2.40E+01,-1.11E+01,2.64E+01,-8.37E+04,7.87E-01,6.73E+02
1.86400E+01,3.73E+04,-2.40E+01,-1.11E+01,2.64E+01,-8.37E+04,1.79E+00,3.36E+02
1.86420E+01,3.73E+04,-2.40E+01,-1.11E+01,2.64E+01,-8.37E+04,1.10E+00,-1.43E+02
1.86440E+01,3.73E+04,-2.40E+01,-1.11E+01,2.64E+01,-8.37E+04,1.81E+00,-2.63E+02
1.86460E+01,3.73E+04,-2.40E+01,-1.11E+01,2.64E+01,-8.37E+04,1.25E-02,-1.03E+03
1.86480E+01,3.73E+04,-2.40E+01,-1.11E+01,2.64E+01,-8.37E+04,-2.54E+00,4.01E+02
1.86500E+01,3.73E+04,-2.40E+01,-1.11E+01,2.64E+01,-8.37E+04,8.70E-01,5.80E+02
1.86520E+01,3.73E+04,-2.40E+01,-1.11E+01,2.64E+01,-8.37E+04,1.74E+00,-3.64E+02
1.86540E+01,3.73E+04,-2.40E+01,-1.11E+01,2.64E+01,-8.37E+04,-2.22E+00,-8.95E+02
1.86560E+01,3.73E+04,-2.40E+01,-1.11E+01,2.64E+01,-8.37E+04,-1.56E+00,3.15E+01
1.86580E+01,3.73E+04,-2.40E+01,-1.11E+01,2.64E+01,-8.37E+04,-1.62E+00,6.36E+01
1.86600E+01,3.73E+04,-2.40E+01,-1.11E+01,2.64E+01,-8.37E+04,-1.86E+00,7.83E+02
1.86620E+01,3.73E+04,-2.40E+01,-1.11E+01,2.64E+01,-8.37E+04,1.53E+00,9.79E+02
1.86640E+01,3.73E+04,-2.40E+01,-1.11E+01,2.64E+01,-8.37E+04,2.86E+00,-2.53E+02
1.86660E+01,3.73E+04,-2.40E+01,-1.11E+01,2.64E+01,-8.37E+04,2.03E-02,-1.45E+03
1.86680E+01,3.73E+04,-2.40E+01,-1.11E+01,2.64E+01,-8.37E+04,-3.02E+00,-4.13E+02
1.86700E+01,3.73E+04,-2.40E+01,-1.11E+01,2.64E+01,-8.37E+04,-2.15E+00,1.73E+03
1.86720E+01,3.73E+04,-2.40E+01,-1.11E+01,2.64E+01,-8.37E+04,4.18E+00,2.52E+02
1.86740E+01,3.73E+04,-2.40E+01,-1.11E+01,2.64E+01,-8.37E+04,7.37E-01,-1.68E+02
1.86760E+01,3.74E+04,-2.40E+01,-1.11E+01,2.64E+01,-8.37E+04,-1.36E-01,1.07E+00
1.86780E+01,3.74E+04,-2.40E+01,-1.11E+01,2.64E+01,-8.37E+04,4.03E+00,4.59E+02
1.86800E+01,3.74E+04,-2.40E+01,-1.11E+01,2.64E+01,-8.37E+04,2.62E-01,-1.57E+03
1.86820E+01,3.74E+04,-2.40E+01,-1.11E+01,2.64E+01,-8.37E+04,-2.15E+00,-5.57E+02
1.86840E+01,3.74E+04,-2.40E+01,-1.11E+01,2.64E+01,-8.37E+04,-2.22E+00,-3.17E+02
1.86860E+01,3.74E+04,-2.40E+01,-1.11E+01,2.64E+01,-8.37E+04,-2.76E+00,5.78E+02
1.86880E+01,3.74E+04,-2.40E+01,-1.11E+01,2.64E+01,-8.37E+04,-9.64E-01,1.32E+03
1.86900E+01,3.74E+04,-2.40E+01,-1.11E+01,2.64E+01,-8.37E+04,3.53E+00,9.42E+01
1.86920E+01,3.74E+04,-2.40E+01,-1.11E+01,2.64E+01,-8.37E+04,-5.80E-02,-1.09E+03
1.86940E+01,3.74E+04,-2.40E+01,-1.11E+01,2.64E+01,-8.37E+04,-2.65E+00,-8.86E+01
1.86960E+01,3.74E+04,-2.40E+01,-1.11E+01,2.64E+01,-8.37E+04,7.05E-01,1.00E+03
1.86980E+01,3.74E+04,-2.40E+01,-1.11E+01,2.64E+01,-8.37E+04,1.46E+00,1.53E+02
1.87000E+01,3.74E+04,-2.40E+01,-1.11E+01,2.64E+01,-8.37E+04,1.02E+00,-2.76E+02
1.87020E+01,3.74E+04,-2.40E+01,-1.11E+01,2.64E+01,-8.37E+04,4.99E-01,-1.32E+02
1.87040E+01,3.74E+04,-2.40E+01,-1.11E+01,2.64E+01,-8.37E+04,2.96E-01,-4.81E+01
1.87060E+01,3.74E+04,-2.40E+01,-1.11E+01,2.64E+01,-8.37E+04,4.89E-01,-1.06E+03
1.87080E+01,3.74E+04,-2.40E+01,-1.11E+01,2.64E+01,-8.37E+04,-3.47E+00,-1.61E+02
1.87100E+01,3.74E+04,-2.40E+01,-1.11E+01,2.64E+01,-8.37E+04,-1.99E+00,1.24E+03
1.87120E+01,3.74E+04,-2.40E+01,-1.11E+01,2.64E+01,-8.37E+04,3.51E+00,1.55E+03
1.87140E+01,3.74E+04,-2.40E+01,-1.11E+01,2.64E+01,-8.37E+04,3.54E+00,-1.47E+03
1.87160E+01,3.74E+04,-2.40E+01,-1.11E+01,2.64E+01,-8.37E+04,-1.71E+00,-1.82E+03
1.87180E+01,3.74E+04,-2.40E+01,-1.11E+01,2.64E+01,-8.37E+04,-5.38E+00,4.92E+02
1.87200E+01,3.74E+04,-2.40E+01,-1.11E+01,2.64E+01,-8.37E+04,7.23E-01,2.02E+03
1.87220E+01,3.74E+04,-2.40E+01,-1.11E+01,2.64E+01,-8.37E+04,4.01E+00,1.58E+02
1.87240E+01,3.74E+04,-2.40E+01,-1.11E+01,2.64E+01,-8.37E+04,5.81E-01,-1.86E+03
1.87260E+01,3.75E+04,-2.40E+01,-1.11E+01,2.64E+01,-8.37E+04,-3.50E+00,-8.98E+01
1.87280E+01,3.75E+04,-2.40E+01,-1.11E+01,2.64E+01,-8.37E+04,-7.54E-01,5.15E+01
1.87300E+01,3.75E+04,-2.40E+01,-1.11E+01,2.64E+01,-8.37E+04,-9.28E-01,1.68E+03
1.87320E+01,3.75E+04,-2.40E+01,-1.11E+01,2.64E+01,-8.37E+04,2.64E+00,-4.52E+02
1.87340E+01,3.75E+04,-2.40E+01,-1.11E+01,2.64E+01,-8.37E+04,1.76E+00,-4.34E+02
1.87360E+01,3.75E+04,-2.40E+01,-1.11E+01,2.64E+01,-8.37E+04,-3.59E+00,-5.73E+02
1.87380E+01,3.75E+04,-2.40E+01,-1.11E+01,2.64E+01,-8.37E+04,1.79E+00,1.39E+03
1.87400E+01,3.75E+04,-2.40E+01,-1.11E+01,2.64E+01,-8.37E+04,1.91E+00,-6.40E+01
1.87420E+01,3.75E+04,-2.40E+01,-1.11E+01,2.64E+01,-8.37E+04,9.76E-01,-9.57E+02
1.87440E+01,3.75E+04,-2.40E+01,-1.11E+01,2.64E+01,-8.37E+04,-1.32E+00,-3.60E+02
1.87460E+01,3.75E+04,-2.40E+01,-1.11E+01,2.64E+01,-8.37E+04,-1.55E+00,8.32E+02
1.87480E+01,3.75E+04,-2.40E+01,-1.11E+01,2.64E+01,-8.37E+04,2.74E+00,-1.51E+02
1.87500E+01,3.75E+04,-2.40E+01,-1.11E+01,2.64E+01,-8.37E+04,-1.08E+00,-1.02E+03
1.87520E+01,3.75E+04,-2.40E+01,-1.11E+01,2.64E+01,-8.37E+04,-3.74E+00,-4.63E+02
1.87540E+01,3.75E+04,-2.40E+01,-1.11E+01,2.64E+01,-8.37E+04,-1.12E+00,1.28E+03
1.87560E+01,3.75E+04,-2.40E+01,-1.11E+01,2.64E+01,-8.37E+04,4.56E-01,-3.49E+02
1.87580E+01,3.75E+04,-2.40E+01,-1.11E+01,2.64E+01,-8.37E+04,-1.28E+00,-3.97E+02
1.87600E+01,3.75E+04,-2.40E+01,-1.11E+01,2.64E+01,-8.37E+04,-2.86E+00,4.23E+02
1.87620E+01,3.75E+04,-2.40E+01,-1.11E+01,2.64E+01,-8.37E+04,1.34E+00,5.03E+02
1.87640E+01,3.75E+04,-2.40E+01,-1.11E+01,2.64E+01,-8.37E+04,-1.41E-01,2.68E+02
1.87660E+01,3.75E+04,-2.40E+01,-1.11E+01,2.64E+01,-8.37E+04,5.75E-01,6.24E+02
1.87680E+01,3.75E+04,-2.40E+01,-1.11E+01,2.64E+01,-8.37E+04,4.10E+00,3.94E+02
1.87700E+01,3.75E+04,-2.40E+01,-1.11E+01,2.64E+01,-8.37E+04,1.66E+00,-1.06E+03
1.87720E+01,3.75E+04,-2.40E+01,-1.11E+01,2.64E+01,-8.37E+04,-5.31E-01,-9.62E+02
1.87740E+01,3.75E+04,-2.40E+01,-1.11E+01,2.64E+01,-8.37E+04,-1.87E+00,-7.93E+02
1.87760E+01,3.76E+04,-2.40E+01,-1.11E+01,2.64E+01,-8.37E+04,-3.81E+00,-4.88E+02
1.87780E+01,3.76E+04,-2.40E+01,-1.11E+01,2.64E+01,-8.37E+04,-4.05E+00,2.17E+03
1.87800E+01,3.76E+04,-2.40E+01,-1.11E+01,2.64E+01,-8.37E+04,4.12E+00,1.30E+03
1.87820E+01,3.76E+04,-2.40E+01,-1.11E+01,2.64E+01,-8.37E+04,4.24E+00,-1.52E+03
1.87840E+01,3.76E+04,-2.40E+01,-1.11E+01,2.64E+01,-8.37E+04,-4.87E+00,-1.87E+03
1.87860E+01,3.76E+04,-2.40E+01,-1.11E+01,2.64E+01,-8.37E+04,-3.18E+00,1.39E+03
1.87880E+01,3.76E+04,-2.40E+01,-1.11E+01,2.64E+01,-8.37E+04,1.72E+00,1.53E+03
1.87900E+01,3.76E+04,-2.40E+01,-1.11E+01,2.64E+01,-8.37E+04,2.89E+00,-5.22E+02
1.87920E+01,3.76E+04,-2.40E+01,-1.11E+01,2.64E+01,-8.37E+04,-2.46E-01,-4.01E+02
1.87940E+01,3.76E+04,-2.40E+01,-1.11E+01,2.64E+01,-8.37E+04,5.73E-02,-2.11E+02
1.87960E+01,3.76E+04,-2.40E+01,-1.11E+01,2.64E+01,-8.37E+04,5.96E-01,2.28E+02
1.87980E+01,3.76E+04,-2.40E+01,-1.11E+01,2.64E+01,-8.37E+04,-4.55E-01,-5.56E+02
1.88000E+01,3.76E+04,-2.40E+01,-1.11E+01,2.64E+01,-8.37E+04,-5.67E-01,-5.97E+02
1.88020E+01,3.76E+04,-2.40E+01,-1.11E+01,2.64E+01,-8.37E+04,-3.39E+00,2.86E+02
1.88040E+01,3.76E+04,-2.40E+01,-1.11E+01,2.64E+01,-8.37E+04,-1.35E-01,9.37E+02
1.88060E+01,3.76E+04,-2.40E+01,-1.11E+01,2.64E+01,-8.37E+04,2.09E+00,-8.11E+02
1.88080E+01,3.76E+04,-2.40E+01,-1.11E+01,2.64E+01,-8.37E+04,-4.05E+00,-7.77E+02
1.88100E+01,3.76E+04,-2.40E+01,-1.11E+01,2.64E+01,-8.37E+04,-2.62E+00,1.49E+03
1.88120E+01,3.76E+04,-2.40E+01,-1.11E+01,2.64E+01,-8.37E+04,3.88E+00,1.69E+03
1.88140E+01,3.76E+04,-2.40E+01,-1.11E+01,2.64E+01,-8.37E+04,3.85E+00,-1.33E+03
1.88160E+01,3.76E+04,-2.40E+01,-1.11E+01,2.64E+01,-8.37E+04,-1.35E+00,-1.70E+03
1.88180E+01,3.76E+04,-2.40E+01,-1.11E+01,2.64E+01,-8.37E+04,-4.14E+00,-2.99E+02
1.88200E+01,3.76E+04,-2.40E+01,-1.11E+01,2.64E+01,-8.37E+04,-1.75E+00,1.36E+03
1.88220E+01,3.76E+04,-2.40E+01,-1.11E+01,2.64E+01,-8.37E+04,1.15E+00,8.85E+02
1.88240E+01,3.76E+04,-2.40E+01,-1.11E+01,2.64E+01,-8.37E+04,2.25E+00,-3.51E+02
1.88260E+01,3.77E+04,-2.40E+01,-1.11E+01,2.64E+01,-8.37E+04,-4.30E-01,-1.05E+03
1.88280E+01,3.77E+04,-2.40E+01,-1.11E+01,2.64E+01,-8.37E+04,-2.40E+00,4.86E+02
1.88300E+01,3.77E+04,-2.40E+01,-1.11E+01,2.64E+01,-8.37E+04,1.27E+00,8.14E+02
1.88320E+01,3.77E+04,-2.40E+01,-1.11E+01,2.64E+01,-8.37E+04,2.28E+00,-6.78E+02
1.88340E+01,3.77E+04,-2.40E+01,-1.11E+01,2.64E+01,-8.37E+04,-2.43E+00,-4.77E+02
1.88360E+01,3.77E+04,-2.40E+01,-1.11E+01,2.64E+01,-8.37E+04,-4.14E-01,5.87E+02
1.88380E+01,3.77E+04,-2.40E+01,-1.11E+01,2.64E+01,-8.37E+04,1.65E+00,-4.83E+01
1.88400E+01,3.77E+04,-2.40E+01,-1.11E+01,2.64E+01,-8.37E+04,-1.58E+00,-1.54E+03
1.88420E+01,3.77E+04,-2.40E+01,-1.11E+01,2.64E+01,-8.37E+04,-4.35E+00,9.78E+02
1.88440E+01,3.77E+04,-2.40E+01,-1.11E+01,2.64E+01,-8.37E+04,1.08E+00,1.75E+03
1.88460E+01,3.77E+04,-2.40E+01,-1.11E+01,2.64E+01,-8.37E+04,5.26E+00,6.53E+02
1.88480E+01,3.77E+04,-2.40E+01,-1.11E+01,2.64E+01,-8.37E+04,1.98E+00,-1.50E+03
1.88500E+01,3.77E+04,-2.40E+01,-1.11E+01,2.64E+01,-8.37E+04,-2.56E-01,-1.75E+03
1.88520E+01,3.77E+04,-2.40E+01,-1.11E+01,2.64E+01,-8.37E+04,-5.00E+00,-2.63E+02
1.88540E+01,3.77E+04,-2.40E+01,-1.11E+01,2.64E+01,-8.37E+04,-2.69E+00,1.53E+03
1.88560E+01,3.77E+04,-2.40E+01,-1.11E+01,2.64E+01,-8.37E+04,3.03E+00,9.94E+02
1.88580E+01,3.77E+04,-2.40E+01,-1.11E+01,2.64E+01,-8.37E+04,9.82E-01,-1.10E+03
1.88600E+01,3.77E+04,-2.40E+01,-1.11E+01,2.64E+01,-8.37E+04,-2.02E+00,-4.41E+02
1.88620E+01,3.77E+04,-2.40E+01,-1.11E+01,2.64E+01,-8.37E+04,-8.46E-01,1.25E+03
1.88640E+01,3.77E+04,-2.40E+01,-1.11E+01,2.64E+01,-8.37E+04,3.24E+00,7.56E+02
1.88660E+01,3.77E+04,-2.40E+01,-1.11E+01,2.64E+01,-8.37E+04,2.97E+00,-1.51E+03
1.88680E+01,3.77E+04,-2.40E+01,-1.11E+01,2.64E+01,-8.37E+04,-3.35E+00,-9.11E+02
1.88700E+01,3.77E+04,-2.40E+01,-1.11E+01,2.64E+01,-8.37E+04,-2.08E+00,8.97E+02
1.88720E+01,3.77E+04,-2.40E+01,-1.11E+01,2.64E+01,-8.37E+04,2.28E+00,9.53E+02
1.88740E+01,3.77E+04,-2.40E+01,-1.11E+01,2.64E+01,-8.37E+04,9.41E-01,-6.41E+02
1.88760E+01,3.78E+04,-2.40E+01,-1.11E+01,2.64E+01,-8.37E+04,-3.16E-01,-7.92E+01
1.88780E+01,3.78E+04,-2.40E+01,-1.11E+01,2.64E+01,-8.37E+04,3.87E-01,2.58E+02
1.88800E+01,3.78E+04,-2.40E+01,-1.11E+01,2.64E+01,-8.37E+04,1.21E+00,4.91E+02
1.88820E+01,3.78E+04,-2.40E+01,-1.11E+01,2.64E+01,-8.37E+04,1.89E+00,-6.76E+02
1.88840E+01,3.78E+04,-2.40E+01,-1.11E+01,2.64E+01,-8.37E+04,-5.97E-01,-1.33E+03
1.88860E+01,3.78E+04,-2.40E+01,-1.11E+01,2.64E+01,-8.37E+04,-4.55E+00,3.00E+02
1.88880E+01,3.78E+04,-2.40E+01,-1.11E+01,2.64E+01,-8.37E+04,2.76E-01,1.43E+03
1.88900E+01,3.78E+04,-2.40E+01,-1.11E+01,2.64E+01,-8.37E+04,3.04E+00,-6.46E+02
1.88920E+01,3.78E+04,-2.40E+01,-1.11E+01,2.64E+01,-8.37E+04,-3.19E+00,-1.06E+03
1.88940E+01,3.78E+04,-2.40E+01,-1.11E+01,2.64E+01,-8.37E+04,-2.58E+00,1.04E+03
1.88960E+01,3.78E+04,-2.40E+01,-1.11E+01,2.64E+01,-8.37E+04,2.65E+00,2.06E+03
1.88980E+01,3.78E+04,-2.40E+01,-1.11E+01,2.64E+01,-8.37E+04,5.03E+00,-6.52E+02
1.89000E+01,3.78E+04,-2.40E+01,-1.11E+01,2.64E+01,-8.37E+04,1.16E+00,-2.19E+03
1.89020E+01,3.78E+04,-2.40E+01,-1.11E+01,2.64E+01,-8.37E+04,-5.36E+00,-7.75E+02
1.89040E+01,3.78E+04,-2.40E+01,-1.11E+01,2.64E+01,-8.37E+04,-2.09E+00,1.44E+03
1.89060E+01,3.78E+04,-2.40E+01,-1.11E+01,2.64E+01,-8.37E+04,1.84E+00,1.01E+03
1.89080E+01,3.78E+04,-2.40E+01,-1.11E+01,2.64E+01,-8.37E+04,1.22E+00,-4.11E+02
1.89100E+01,3.78E+04,-2.40E+01,-1.11E+01,2.64E+01,-8.37E+04,2.97E-01,4.63E+02
1.89120E+01,3.78E+04,-2.40E+01,-1.11E+01,2.64E+01,-8.37E+04,2.48E+00,-6.64E+02
1.89140E+01,3.78E+04,-2.40E+01,-1.11E+01,2.64E+01,-8.37E+04,-5.74E-01,-5.24E+02
1.89160E+01,3.78E+04,-2.40E+01,-1.11E+01,2.64E+01,-8.37E+04,-2.33E+00,-6.06E+02
1.89180E+01,3.78E+04,-2.40E+01,-1.11E+01,2.64E+01,-8.37E+04,-5.93E-01,-3.91E+01
1.89200E+01,3.78E+04,-2.40E+01,-1.11E+01,2.64E+01,-8.37E+04,-3.70E+00,7.22E+02
1.89220E+01,3.78E+04,-2.40E+01,-1.11E+01,2.64E+01,-8.37E+04,1.61E+00,1.13E+03
1.89240E+01,3.78E+04,-2.40E+01,-1.11E+01,2.64E+01,-8.37E+04,3.25E+00,-2.19E+01
1.89260E+01,3.79E+04,-2.40E+01,-1.11E+01,2.64E+01,-8.37E+04,-6.26E-01,-4.15E+02
1.89280E+01,3.79E+04,-2.40E+01,-1.11E+01,2.64E+01,-8.37E+04,2.02E+00,1.82E+02
1.89300E+01,3.79E+04,-2.40E+01,-1.11E+01,2.64E+01,-8.37E+04,1.11E+00,-1.02E+03
1.89320E+01,3.79E+04,-2.40E+01,-1.11E+01,2.64E+01,-8.37E+04,-3.11E+00,-4.22E+02
1.89340E+01,3.79E+04,-2.40E+01,-1.11E+01,2.64E+01,-8.37E+04,-9.28E-01,4.16E+02
1.89360E+01,3.79E+04,-2.40E+01,-1.11E+01,2.64E+01,-8.37E+04,-8.23E-03,9.12E+02
1.89380E+01,3.79E+04,-2.40E+01,-1.11E+01,2.64E+01,-8.37E+04,1.08E+00,8.06E+02
1.89400E+01,3.79E+04,-2.40E+01,-1.11E+01,2.64E+01,-8.37E+04,4.54E+00,5.92E+02
1.89420E+01,3.79E+04,-2.40E+01,-1.11E+01,2.64E+01,-8.37E+04,3.15E+00,-1.81E+03
1.89440E+01,3.79E+04,-2.40E+01,-1.11E+01,2.64E+01,-8.37E+04,-2.48E+00,-1.17E+03
1.89460E+01,3.79E+04,-2.40E+01,-1.11E+01,2.64E+01,-8.37E+04,-3.08E+00,7.59E+02
1.89480E+01,3.79E+04,-2.40E+01,-1.11E+01,2.64E+01,-8.37E+04,1.99E+00,4.18E+02
1.89500E+01,3.79E+04,-2.40E+01,-1.11E+01,2.64E+01,-8.37E+04,-8.98E-01,-7.53E+01
1.89520E+01,3.79E+04,-2.40E+01,-1.11E+01,2.64E+01,-8.37E+04,-4.29E-01,-3.01E+02
1.89540E+01,3.79E+04,-2.40E+01,-1.11E+01,2.64E+01,-8.37E+04,4.42E-01,8.17E+02
1.89560E+01,3.79E+04,-2.40E+01,-1.11E+01,2.64E+01,-8.37E+04,4.71E-01,-9.22E+02
1.89580E+01,3.79E+04,-2.40E+01,-1.11E+01,2.64E+01,-8.37E+04,-8.12E-01,7.12E+02
1.89600E+01,3.79E+04,-2.40E+01,-1.11E+01,2.64E+01,-8.37E+04,3.51E-01,2.32E+02
1.89620E+01,3.79E+04,-2.40E+01,-1.11E+01,2.64E+01,-8.37E+04,3.20E+00,-4.83E+02
1.89640E+01,3.79E+04,-2.40E+01,-1.11E+01,2.64E+01,-8.37E+04,-3.11E+00,-1.40E+03
1.89660E+01,3.79E+04,-2.40E+01,-1.11E+01,2.64E+01,-8.37E+04,-3.08E+00,3.75E+02
1.89680E+01,3.79E+04,-2.40E+01,-1.11E+01,2.64E+01,-8.37E+04,-4.00E-01,1.09E+03
1.89700E+01,3.79E+04,-2.40E+01,-1.11E+01,2.64E+01,-8.37E+04,6.91E-01,1.05E+03
1.89720E+01,3.79E+04,-2.40E+01,-1.11E+01,2.64E+01,-8.37E+04,3.86E+00,-1.20E+03
1.89740E+01,3.79E+04,-2.40E+01,-1.11E+01,2.64E+01,-8.37E+04,-2.53E+00,-7.91E+02
1.89760E+01,3.80E+04,-2.40E+01,-1.11E+01,2.64E+01,-8.37E+04,-3.09E+00,-7.86E+01
1.89780E+01,3.80E+04,-2.40E+01,-1.11E+01,2.64E+01,-8.37E+04,1.10E+00,1.02E+03
1.89800E+01,3.80E+04,-2.40E+01,-1.11E+01,2.64E+01,-8.37E+04,-1.32E+00,2.86E+02
1.89820E+01,3.80E+04,-2.40E+01,-1.11E+01,2.64E+01,-8.37E+04,2.70E+00,-2.82E+02
1.89840E+01,3.80E+04,-2.40E+01,-1.11E+01,2.64E+01,-8.37E+04,-9.02E-01,-1.06E+03
1.89860E+01,3.80E+04,-2.40E+01,-1.11E+01,2.64E+01,-8.37E+04,-4.23E+00,8.16E+02
1.89880E+01,3.80E+04,-2.40E+01,-1.11E+01,2.64E+01,-8.37E+04,3.50E+00,1.23E+03
1.89900E+01,3.80E+04,-2.40E+01,-1.11E+01,2.64E+01,-8.37E+04,2.38E+00,4.73E+02
1.89920E+01,3.80E+04,-2.40E+01,-1.11E+01,2.64E+01,-8.37E+04,2.28E+00,-1.18E+03
1.89940E+01,3.80E+04,-2.40E+01,-1.11E+01,2.64E+01,-8.37E+04,1.08E+00,7.49E+02
1.89960E+01,3.80E+04,-2.40E+01,-1.11E+01,2.64E+01,-8.37E+04,1.48E+00,-5.39E+02
1.89980E+01,3.80E+04,-2.40E+01,-1.11E+01,2.64E+01,-8.37E+04,2.81E+00,-1.15E+03
1.90000E+01,3.80E+04,-2.40E+01,-1.11E+01,2.64E+01,-8.37E+04,-5.49E+00,-8.35E+02
1.90020E+01,3.80E+04,-2.40E+01,-1.11E+01,2.64E+01,-8.37E+04,-1.31E+00,1.33E+03
1.90040E+01,3.80E+04,-2.40E+01,-1.11E+01,2.64E+01,-8.37E+04,2.47E+00,2.98E+02
1.90060E+01,3.80E+04,-2.40E+01,-1.11E+01,2.64E+01,-8.37E+04,-1.67E+00,-8.76E+02
1.90080E+01,3.80E+04,-2.40E+01,-1.11E+01,2.64E+01,-8.37E+04,-1.26E+00,-5.03E+02
1.90100E+01,3.80E+04,-2.40E+01,-1.11E+01,2.64E+01,-8.37E+04,-2.56E+00,1.00E+03
1.90120E+01,3.80E+04,-2.40E+01,-1.11E+01,2.64E+01,-8.37E+04,7.22E-01,1.55E+03
1.90140E+01,3.80E+04,-2.40E+01,-1.11E+01,2.64E+01,-8.37E+04,6.01E+00,-2.29E+02
1.90160E+01,3.80E+04,-2.40E+01,-1.11E+01,2.64E+01,-8.37E+04,-5.94E-01,-2.20E+03
1.90180E+01,3.80E+04,-2.40E+01,-1.11E+01,2.64E+01,-8.37E+04,-4.49E+00,9.90E+01
1.90200E+01,3.80E+04,-2.40E+01,-1.11E+01,2.64E+01,-8.37E+04,5.93E-01,1.22E+03
1.90220E+01,3.80E+04,-2.40E+01,-1.11E+01,2.64E+01,-8.37E+04,1.49E+00,9.84E+02
1.90240E+01,3.80E+04,-2.40E+01,-1.11E+01,2.64E+01,-8.37E+04,2.78E+00,-1.65E+03
1.90260E+01,3.81E+04,-2.40E+01,-1.11E+01,2.64E+01,-8.37E+04,-2.38E+00,-7.91E+02
1.90280E+01,3.81E+04,-2.40E+01,-1.11E+01,2.64E+01,-8.37E+04,-4.47E+00,8.62E+02
1.90300E+01,3.81E+04,-2.40E+01,-1.11E+01,2.64E+01,-8.37E+04,4.08E+00,1.28E+03
1.90320E+01,3.81E+04,-2.40E+01,-1.11E+01,2.64E+01,-8.37E+04,8.58E-01,-6.14E+02
1.90340E+01,3.81E+04,-2.40E+01,-1.11E+01,2.64E+01,-8.37E+04,-5.19E-01,-1.02E+03
1.90360E+01,3.81E+04,-2.40E+01,-1.11E+01,2.64E+01,-8.37E+04,-9.62E-01,4.25E+02
1.90380E+01,3.81E+04,-2.40E+01,-1.11E+01,2.64E+01,-8.37E+04,-1.01E+00,1.09E+03
1.90400E+01,3.81E+04,-2.40E+01,-1.11E+01,2.64E+01,-8.37E+04,4.79E+00,-4.35E+02
1.90420E+01,3.81E+04,-2.40E+01,-1.11E+01,2.64E+01,-8.37E+04,-1.59E+00,-1.27E+03
1.90440E+01,3.81E+04,-2.40E+01,-1.11E+01,2.64E+01,-8.37E+04,-3.78E+00,4.85E+01
1.90460E+01,3.81E+04,-2.40E+01,-1.11E+01,2.64E+01,-8.37E+04,1.62E+00,2.26E+03
1.90480E+01,3.81E+04,-2.40E+01,-1.11E+01,2.64E+01,-8.37E+04,3.79E+00,-1.17E+03
1.90500E+01,3.81E+04,-2.40E+01,-1.11E+01,2.64E+01,-8.37E+04,-1.06E+00,-6.75E+02
1.90520E+01,3.81E+04,-2.40E+01,-1.11E+01,2.64E+01,-8.37E+04,-2.41E+00,-1.92E+02
1.90540E+01,3.81E+04,-2.40E+01,-1.11E+01,2.64E+01,-8.37E+04,1.43E+00,1.35E+03
1.90560E+01,3.81E+04,-2.40E+01,-1.11E+01,2.64E+01,-8.37E+04,1.06E+00,2.21E+02
1.90580E+01,3.81E+04,-2.40E+01,-1.11E+01,2.64E+01,-8.37E+04,3.26E+00,-1.22E+03
1.90600E+01,3.81E+04,-2.40E+01,-1.11E+01,2.64E+01,-8.37E+04,-3.15E+00,-4.69E+02
1.90620E+01,3.81E+04,-2.40E+01,-1.11E+01,2.64E+01,-8.37E+04,-1.63E+00,3.42E+02
1.90640E+01,3.81E+04,-2.40E+01,-1.11E+01,2.64E+01,-8.37E+04,2.05E+00,1.22E+03
1.90660E+01,3.81E+04,-2.40E+01,-1.11E+01,2.64E+01,-8.37E+04,4.67E-01,-1.43E+03
1.90680E+01,3.81E+04,-2.40E+01,-1.11E+01,2.64E+01,-8.37E+04,-1.57E+00,7.31E+01
1.90700E+01,3.81E+04,-2.40E+01,-1.11E+01,2.64E+01,-8.37E+04,-1.67E+00,3.23E+01
1.90720E+01,3.81E+04,-2.40E+01,-1.11E+01,2.64E+01,-8.37E+04,8.83E-01,5.01E+02
1.90740E+01,3.81E+04,-2.40E+01,-1.11E+01,2.64E+01,-8.37E+04,-9.81E-01,-7.72E+02
1.90760E+01,3.82E+04,-2.40E+01,-1.11E+01,2.64E+01,-8.37E+04,-1.68E+00,1.58E+03
1.90780E+01,3.82E+04,-2.40E+01,-1.11E+01,2.64E+01,-8.37E+04,4.08E+00,1.35E+03
1.90800E+01,3.82E+04,-2.40E+01,-1.11E+01,2.64E+01,-8.37E+04,6.40E+00,-1.34E+03
1.90820E+01,3.82E+04,-2.40E+01,-1.11E+01,2.64E+01,-8.37E+04,-2.81E+00,-2.24E+03
1.90840E+01,3.82E+04,-2.40E+01,-1.11E+01,2.64E+01,-8.37E+04,-3.84E+00,9.28E+02
1.90860E+01,3.82E+04,-2.40E+01,-1.11E+01,2.64E+01,-8.37E+04,2.32E+00,6.54E+02
1.90880E+01,3.82E+04,-2.40E+01,-1.11E+01,2.64E+01,-8.37E+04,-3.49E-01,-3.07E+02
1.90900E+01,3.82E+04,-2.40E+01,-1.11E+01,2.64E+01,-8.37E+04,-1.29E+00,-1.83E+02
1.90920E+01,3.82E+04,-2.40E+01,-1.11E+01,2.64E+01,-8.37E+04,1.08E+00,1.16E+03
1.90940E+01,3.82E+04,-2.40E+01,-1.11E+01,2.64E+01,-8.37E+04,1.88E+00,-4.69E+02
1.90960E+01,3.82E+04,-2.40E+01,-1.11E+01,2.64E+01,-8.37E+04,7.18E-01,-2.43E+02
1.90980E+01,3.82E+04,-2.40E+01,-1.11E+01,2.64E+01,-8.37E+04,-8.35E-01,-1.82E+02
1.91000E+01,3.82E+04,-2.40E+01,-1.11E+01,2.64E+01,-8.37E+04,1.17E+00,-8.20E+01
1.91020E+01,3.82E+04,-2.40E+01,-1.11E+01,2.64E+01,-8.37E+04,-1.21E+00,-4.85E+02
1.91040E+01,3.82E+04,-2.40E+01,-1.11E+01,2.64E+01,-8.37E+04,-1.63E+00,9.90E+02
1.91060E+01,3.82E+04,-2.40E+01,-1.11E+01,2.64E+01,-8.37E+04,3.15E+00,2.33E+02
1.91080E+01,3.82E+04,-2.40E+01,-1.11E+01,2.64E+01,-8.37E+04,6.82E-01,-1.08E+03
1.91100E+01,3.82E+04,-2.40E+01,-1.11E+01,2.64E+01,-8.37E+04,-3.37E+00,-6.93E+02
1.91120E+01,3.82E+04,-2.40E+01,-1.11E+01,2.64E+01,-8.37E+04,-1.04E+00,1.42E+03
1.91140E+01,3.82E+04,-2.40E+01,-1.11E+01,2.64E+01,-8.37E+04,2.08E+00,2.25E+02
1.91160E+01,3.82E+04,-2.40E+01,-1.11E+01,2.64E+01,-8.37E+04,8.51E-01,-3.80E+02
1.91180E+01,3.82E+04,-2.40E+01,-1.11E+01,2.64E+01,-8.37E+04,-9.66E-01,-8.34E+02
1.91200E+01,3.82E+04,-2.40E+01,-1.11E+01,2.64E+01,-8.37E+04,-1.27E+00,4.45E+02
1.91220E+01,3.82E+04,-2.40E+01,-1.11E+01,2.64E+01,-8.37E+04,-3.60E-01,3.30E+02
1.91240E+01,3.82E+04,-2.40E+01,-1.11E+01,2.64E+01,-8.37E+04,1.29E+00,-1.17E+03
1.91260E+01,3.83E+04,-2.40E+01,-1.11E+01,2.64E+01,-8.37E+04,-5.03E+00,-5.59E+02
1.91280E+01,3.83E+04,-2.40E+01,-1.11E+01,2.64E+01,-8.37E+04,-3.24E+00,2.44E+03
1.91300E+01,3.83E+04,-2.40E+01,-1.11E+01,2.64E+01,-8.37E+04,7.00E+00,1.09E+03
1.91320E+01,3.83E+04,-2.40E+01,-1.11E+01,2.64E+01,-8.37E+04,2.21E+00,-1.97E+03
1.91340E+01,3.83E+04,-2.40E+01,-1.11E+01,2.64E+01,-8.37E+04,-3.93E+00,-3.83E+02
1.91360E+01,3.83E+04,-2.40E+01,-1.11E+01,2.64E+01,-8.37E+04,1.84E+00,2.18E+03
1.91380E+01,3.83E+04,-2.40E+01,-1.11E+01,2.64E+01,-8.37E+04,5.60E+00,-5.62E+02
1.91400E+01,3.83E+04,-2.40E+01,-1.11E+01,2.64E+01,-8.37E+04,-1.58E-01,-1.80E+03
1.91420E+01,3.83E+04,-2.40E+01,-1.11E+01,2.64E+01,-8.37E+04,-3.53E+00,6.35E+00
1.91440E+01,3.83E+04,-2.40E+01,-1.11E+01,2.64E+01,-8.37E+04,1.02E+00,7.45E+02
1.91460E+01,3.83E+04,-2.40E+01,-1.11E+01,2.64E+01,-8.37E+04,1.96E-01,-3.74E+02
1.91480E+01,3.83E+04,-2.40E+01,-1.11E+01,2.64E+01,-8.37E+04,-1.82E+00,-4.90E+02
1.91500E+01,3.83E+04,-2.40E+01,-1.11E+01,2.64E+01,-8.37E+04,-9.98E-01,1.31E+03
1.91520E+01,3.83E+04,-2.40E+01,-1.11E+01,2.64E+01,-8.37E+04,2.65E+00,3.80E+02
1.91540E+01,3.83E+04,-2.40E+01,-1.11E+01,2.64E+01,-8.37E+04,2.26E+00,1.15E+02
1.91560E+01,3.83E+04,-2.40E+01,-1.11E+01,2.64E+01,-8.37E+04,9.25E-01,-1.27E+03
1.91580E+01,3.83E+04,-2.40E+01,-1.11E+01,2.64E+01,-8.37E+04,-7.30E-01,-1.29E+03
1.91600E+01,3.83E+04,-2.40E+01,-1.11E+01,2.64E+01,-8.37E+04,-5.87E+00,5.95E+02
1.91620E+01,3.83E+04,-2.40E+01,-1.11E+01,2.64E+01,-8.37E+04,1.06E+00,1.09E+03
1.91640E+01,3.83E+04,-2.40E+01,-1.11E+01,2.64E+01,-8.37E+04,1.70E+00,1.25E+02
1.91660E+01,3.83E+04,-2.40E+01,-1.11E+01,2.64E+01,-8.37E+04,-1.94E+00,-2.44E+02
1.91680E+01,3.83E+04,-2.40E+01,-1.11E+01,2.64E+01,-8.37E+04,2.46E+00,3.35E+02
1.91700E+01,3.83E+04,-2.40E+01,-1.11E+01,2.64E+01,-8.37E+04,-1.85E-01,-5.36E+02
1.91720E+01,3.83E+04,-2.40E+01,-1.11E+01,2.64E+01,-8.37E+04,-1.32E+00,-1.30E+02
1.91740E+01,3.83E+04,-2.40E+01,-1.11E+01,2.64E+01,-8.37E+04,6.98E-01,7.88E+02
1.91760E+01,3.84E+04,-2.40E+01,-1.11E+01,2.64E+01,-8.37E+04,1.11E+00,-6.00E+02
1.91780E+01,3.84E+04,-2.40E+01,-1.11E+01,2.64E+01,-8.37E+04,-8.67E-01,-7.62E+02
1.91800E+01,3.84E+04,-2.40E+01,-1.11E+01,2.64E+01,-8.37E+04,-3.08E+00,2.50E+02
1.91820E+01,3.84E+04,-2.40E+01,-1.11E+01,2.64E+01,-8.37E+04,4.25E-01,1.75E+03
1.91840E+01,3.84E+04,-2.40E+01,-1.11E+01,2.64E+01,-8.37E+04,4.40E+00,-5.96E+02
1.91860E+01,3.84E+04,-2.40E+01,-1.11E+01,2.64E+01,-8.37E+04,-1.01E+00,-7.50E+02
1.91880E+01,3.84E+04,-2.40E+01,-1.11E+01,2.64E+01,-8.37E+04,-1.58E+00,6.90E+02
1.91900E+01,3.84E+04,-2.40E+01,-1.11E+01,2.64E+01,-8.37E+04,4.47E+00,-8.85E+02
1.91920E+01,3.84E+04,-2.40E+01,-1.11E+01,2.64E+01,-8.37E+04,-4.72E+00,-1.02E+03
1.91940E+01,3.84E+04,-2.40E+01,-1.11E+01,2.64E+01,-8.37E+04,-3.67E+00,1.03E+03
1.91960E+01,3.84E+04,-2.40E+01,-1.11E+01,2.64E+01,-8.37E+04,3.96E+00,1.76E+03
1.91980E+01,3.84E+04,-2.40E+01,-1.11E+01,2.64E+01,-8.37E+04,1.21E+00,-1.45E+03
1.92000E+01,3.84E+04,-2.40E+01,-1.11E+01,2.64E+01,-8.37E+04,-1.23E+00,-8.90E+02
1.92020E+01,3.84E+04,-2.40E+01,-1.11E+01,2.64E+01,-8.37E+04,-3.01E+00,3.62E+02
1.92040E+01,3.84E+04,-2.40E+01,-1.11E+01,2.64E+01,-8.37E+04,2.52E-01,1.07E+03
1.92060E+01,3.84E+04,-2.40E+01,-1.11E+01,2.64E+01,-8.37E+04,2.13E+00,2.95E+02
1.92080E+01,3.84E+04,-2.40E+01,-1.11E+01,2.64E+01,-8.37E+04,8.07E-01,-3.87E+02
1.92100E+01,3.84E+04,-2.40E+01,-1.11E+01,2.64E+01,-8.37E+04,5.90E-01,-7.97E+02
1.92120E+01,3.84E+04,-2.40E+01,-1.11E+01,2.64E+01,-8.37E+04,-1.90E+00,1.15E+03
1.92140E+01,3.84E+04,-2.40E+01,-1.11E+01,2.64E+01,-8.37E+04,3.28E+00,7.72E+02
1.92160E+01,3.84E+04,-2.40E+01,-1.11E+01,2.64E+01,-8.37E+04,4.71E+00,-4.83E+02
1.92180E+01,3.84E+04,-2.40E+01,-1.11E+01,2.64E+01,-8.37E+04,-1.61E+00,-2.00E+03
1.92200E+01,3.84E+04,-2.40E+01,-1.11E+01,2.64E+01,-8.37E+04,-2.27E+00,-2.51E+02
1.92220E+01,3.84E+04,-2.40E+01,-1.11E+01,2.64E+01,-8.37E+04,-2.85E+00,-2.98E+02
1.92240E+01,3.84E+04,-2.40E+01,-1.11E+01,2.64E+01,-8.37E+04,-3.24E+00,1.58E+03
1.92260E+01,3.85E+04,-2.40E+01,-1.11E+01,2.64E+01,-8.37E+04,2.43E+00,6.74E+02
1.92280E+01,3.85E+04,-2.40E+01,-1.11E+01,2.64E+01,-8.37E+04,2.21E+00,5.90E+02
1.92300E+01,3.85E+04,-2.40E+01,-1.11E+01,2.64E+01,-8.37E+04,1.29E+00,-1.22E+03
1.92320E+01,3.85E+04,-2.40E+01,-1.11E+01,2.64E+01,-8.37E+04,6.75E-01,-1.37E+02
1.92340E+01,3.85E+04,-2.40E+01,-1.11E+01,2.64E+01,-8.37E+04,-2.24E+00,-2.72E+02
1.92360E+01,3.85E+04,-2.40E+01,-1.11E+01,2.64E+01,-8.37E+04,1.32E+00,9.17E+02
1.92380E+01,3.85E+04,-2.40E+01,-1.11E+01,2.64E+01,-8.37E+04,1.16E+00,-1.82E+02
1.92400E+01,3.85E+04,-2.40E+01,-1.11E+01,2.64E+01,-8.37E+04,4.13E-01,-4.30E+02
1.92420E+01,3.85E+04,-2.40E+01,-1.11E+01,2.64E+01,-8.37E+04,-4.56E-01,-3.96E+02
1.92440E+01,3.85E+04,-2.40E+01,-1.11E+01,2.64E+01,-8.37E+04,-1.30E+00,6.93E+02
1.92460E+01,3.85E+04,-2.40E+01,-1.11E+01,2.64E+01,-8.37E+04,1.88E+00,-1.56E+02
1.92480E+01,3.85E+04,-2.40E+01,-1.11E+01,2.64E+01,-8.37E+04,-1.64E-01,-1.10E+03
1.92500E+01,3.85E+04,-2.40E+01,-1.11E+01,2.64E+01,-8.37E+04,-4.69E+00,-1.83E+01
1.92520E+01,3.85E+04,-2.40E+01,-1.11E+01,2.64E+01,-8.37E+04,2.12E-01,1.37E+03
1.92540E+01,3.85E+04,-2.40E+01,-1.11E+01,2.64E+01,-8.37E+04,2.10E+00,7.68E+02
1.92560E+01,3.85E+04,-2.40E+01,-1.11E+01,2.64E+01,-8.37E+04,1.83E+00,-1.39E+03
1.92580E+01,3.85E+04,-2.40E+01,-1.11E+01,2.64E+01,-8.37E+04,-1.84E+00,-9.33E+01
1.92600E+01,3.85E+04,-2.40E+01,-1.11E+01,2.64E+01,-8.37E+04,-1.26E+00,1.64E+02
1.92620E+01,3.85E+04,-2.40E+01,-1.11E+01,2.64E+01,-8.37E+04,1.79E+00,6.55E+02
1.92640E+01,3.85E+04,-2.40E+01,-1.11E+01,2.64E+01,-8.37E+04,-4.96E-01,-3.31E+02
1.92660E+01,3.85E+04,-2.40E+01,-1.11E+01,2.64E+01,-8.37E+04,1.02E+00,-3.60E+02
1.92680E+01,3.85E+04,-2.40E+01,-1.11E+01,2.64E+01,-8.37E+04,-1.38E+00,2.67E+02
1.92700E+01,3.85E+04,-2.40E+01,-1.11E+01,2.64E+01,-8.37E+04,3.79E-01,1.68E+02
1.92720E+01,3.85E+04,-2.40E+01,-1.11E+01,2.64E+01,-8.37E+04,1.66E+00,1.27E+03
1.92740E+01,3.85E+04,-2.40E+01,-1.11E+01,2.64E+01,-8.37E+04,3.01E+00,-9.19E+02
1.92760E+01,3.86E+04,-2.40E+01,-1.11E+01,2.64E+01,-8.37E+04,9.34E-01,-1.05E+03
1.92780E+01,3.86E+04,-2.40E+01,-1.11E+01,2.64E+01,-8.37E+04,-4.21E+00,-1.14E+03
1.92800E+01,3.86E+04,-2.40E+01,-1.11E+01,2.64E+01,-8.37E+04,-2.11E+00,1.05E+03
1.92820E+01,3.86E+04,-2.40E+01,-1.11E+01,2.64E+01,-8.37E+04,-4.31E-01,6.88E+02
1.92840E+01,3.86E+04,-2.40E+01,-1.11E+01,2.64E+01,-8.37E+04,1.05E+00,-9.15E+01
1.92860E+01,3.86E+04,-2.40E+01,-1.11E+01,2.64E+01,-8.37E+04,-7.60E-01,6.90E+02
1.92880E+01,3.86E+04,-2.40E+01,-1.11E+01,2.64E+01,-8.37E+04,2.57E+00,1.72E+02
1.92900E+01,3.86E+04,-2.40E+01,-1.11E+01,2.64E+01,-8.37E+04,2.40E+00,2.87E+02
1.92920E+01,3.86E+04,-2.40E+01,-1.11E+01,2.64E+01,-8.37E+04,9.29E-01,-1.47E+03
1.92940E+01,3.86E+04,-2.40E+01,-1.11E+01,2.64E+01,-8.37E+04,-8.27E-01,-6.65E+02
1.92960E+01,3.86E+04,-2.40E+01,-1.11E+01,2.64E+01,-8.37E+04,-4.18E+00,-1.90E+02
1.92980E+01,3.86E+04,-2.40E+01,-1.11E+01,2.64E+01,-8.37E+04,-3.85E-01,4.66E+02
1.93000E+01,3.86E+04,-2.40E+01,-1.11E+01,2.64E+01,-8.37E+04,-1.76E+00,-2.48E+02
1.93020E+01,3.86E+04,-2.40E+01,-1.11E+01,2.64E+01,-8.37E+04,-2.73E+00,1.35E+03
1.93040E+01,3.86E+04,-2.40E+01,-1.11E+01,2.64E+01,-8.37E+04,3.97E+00,6.16E+02
1.93060E+01,3.86E+04,-2.40E+01,-1.11E+01,2.64E+01,-8.37E+04,1.78E+00,-4.16E+02
1.93080E+01,3.86E+04,-2.40E+01,-1.11E+01,2.64E+01,-8.37E+04,-9.37E-01,-6.24E+01
1.93100E+01,3.86E+04,-2.40E+01,-1.11E+01,2.64E+01,-8.37E+04,3.65E+00,2.18E+02
1.93120E+01,3.86E+04,-2.40E+01,-1.11E+01,2.64E+01,-8.37E+04,3.04E-02,-1.70E+03
1.93140E+01,3.86E+04,-2.40E+01,-1.11E+01,2.64E+01,-8.37E+04,-4.30E+00,6.13E+02
1.93160E+01,3.86E+04,-2.40E+01,-1.11E+01,2.64E+01,-8.37E+04,2.03E+00,1.62E+03
1.93180E+01,3.86E+04,-2.40E+01,-1.11E+01,2.64E+01,-8.37E+04,4.68E+00,-1.88E+03
1.93200E+01,3.86E+04,-2.40E+01,-1.11E+01,2.64E+01,-8.37E+04,-6.53E+00,-1.49E+03
1.93220E+01,3.86E+04,-2.40E+01,-1.11E+01,2.64E+01,-8.37E+04,-4.17E+00,1.84E+03
1.93240E+01,3.86E+04,-2.40E+01,-1.11E+01,2.64E+01,-8.37E+04,4.70E+00,1.69E+03
1.93260E+01,3.87E+04,-2.40E+01,-1.11E+01,2.64E+01,-8.37E+04,1.37E+00,-5.56E+02
1.93280E+01,3.87E+04,-2.40E+01,-1.11E+01,2.64E+01,-8.37E+04,1.46E+00,-7.28E+02
1.93300E+01,3.87E+04,-2.40E+01,-1.11E+01,2.64E+01,-8.37E+04,1.59E-01,-6.05E+02
1.93320E+01,3.87E+04,-2.40E+01,-1.11E+01,2.64E+01,-8.37E+04,-2.64E+00,-8.50E+02
1.93340E+01,3.87E+04,-2.40E+01,-1.11E+01,2.64E+01,-8.37E+04,-2.23E+00,-1.21E+02
1.93360E+01,3.87E+04,-2.40E+01,-1.11E+01,2.64E+01,-8.37E+04,-3.44E+00,9.32E+02
1.93380E+01,3.87E+04,-2.40E+01,-1.11E+01,2.64E+01,-8.37E+04,8.08E-01,1.11E+03
1.93400E+01,3.87E+04,-2.40E+01,-1.11E+01,2.64E+01,-8.37E+04,2.78E+00,-2.25E+00
1.93420E+01,3.87E+04,-2.40E+01,-1.11E+01,2.64E+01,-8.37E+04,-5.66E-01,-9.79E+02
1.93440E+01,3.87E+04,-2.40E+01,-1.11E+01,2.64E+01,-8.37E+04,-9.53E-01,-4.65E+02
1.93460E+01,3.87E+04,-2.40E+01,-1.11E+01,2.64E+01,-8.37E+04,-2.08E+00,3.17E+02
1.93480E+01,3.87E+04,-2.40E+01,-1.11E+01,2.64E+01,-8.37E+04,-5.21E-01,-3.43E+02
1.93500E+01,3.87E+04,-2.40E+01,-1.11E+01,2.64E+01,-8.37E+04,-1.82E+00,8.49E+02
1.93520E+01,3.87E+04,-2.40E+01,-1.11E+01,2.64E+01,-8.37E+04,3.42E-01,3.96E+02
1.93540E+01,3.87E+04,-2.40E+01,-1.11E+01,2.64E+01,-8.37E+04,2.76E+00,8.21E+02
1.93560E+01,3.87E+04,-2.40E+01,-1.11E+01,2.64E+01,-8.37E+04,1.23E+00,-4.94E+02
1.93580E+01,3.87E+04,-2.40E+01,-1.11E+01,2.64E+01,-8.37E+04,2.25E+00,-9.85E+02
1.93600E+01,3.87E+04,-2.40E+01,-1.11E+01,2.64E+01,-8.37E+04,-2.93E+00,-1.13E+03
1.93620E+01,3.87E+04,-2.40E+01,-1.11E+01,2.64E+01,-8.37E+04,-3.57E+00,1.45E+03
1.93640E+01,3.87E+04,-2.40E+01,-1.11E+01,2.64E+01,-8.37E+04,3.70E+00,1.11E+03
1.93660E+01,3.87E+04,-2.40E+01,-1.11E+01,2.64E+01,-8.37E+04,2.40E+00,-1.54E+03
1.93680E+01,3.87E+04,-2.40E+01,-1.11E+01,2.64E+01,-8.37E+04,-4.43E+00,-1.74E+03
1.93700E+01,3.87E+04,-2.40E+01,-1.11E+01,2.64E+01,-8.37E+04,-4.37E+00,2.01E+03
1.93720E+01,3.87E+04,-2.40E+01,-1.11E+01,2.64E+01,-8.37E+04,3.32E+00,2.01E+03
1.93740E+01,3.87E+04,-2.40E+01,-1.11E+01,2.64E+01,-8.37E+04,5.80E+00,-6.64E+02
1.93760E+01,3.88E+04,-2.40E+01,-1.11E+01,2.64E+01,-8.37E+04,-8.94E-01,-2.53E+03
1.93780E+01,3.88E+04,-2.40E+01,-1.11E+01,2.64E+01,-8.37E+04,-4.51E+00,-2.59E+02
1.93800E+01,3.88E+04,-2.40E+01,-1.11E+01,2.64E+01,-8.37E+04,-2.15E+00,1.06E+03
1.93820E+01,3.88E+04,-2.40E+01,-1.11E+01,2.64E+01,-8.37E+04,7.34E-01,1.28E+03
1.93840E+01,3.88E+04,-2.40E+01,-1.11E+01,2.64E+01,-8.37E+04,2.26E+00,-2.40E+02
1.93860E+01,3.88E+04,-2.40E+01,-1.11E+01,2.64E+01,-8.37E+04,7.40E-01,-2.81E+02
1.93880E+01,3.88E+04,-2.40E+01,-1.11E+01,2.64E+01,-8.37E+04,-3.31E-01,2.32E+02
1.93900E+01,3.88E+04,-2.40E+01,-1.11E+01,2.64E+01,-8.37E+04,2.62E+00,-2.65E+02
1.93920E+01,3.88E+04,-2.40E+01,-1.11E+01,2.64E+01,-8.37E+04,-8.51E-01,-1.00E+03
1.93940E+01,3.88E+04,-2.40E+01,-1.11E+01,2.64E+01,-8.37E+04,-3.03E+00,-1.33E+02
1.93960E+01,3.88E+04,-2.40E+01,-1.11E+01,2.64E+01,-8.37E+04,-2.62E-01,4.01E+01
1.93980E+01,3.88E+04,-2.40E+01,-1.11E+01,2.64E+01,-8.37E+04,-2.56E+00,5.77E+02
1.94000E+01,3.88E+04,-2.40E+01,-1.11E+01,2.64E+01,-8.37E+04,2.81E-01,1.10E+03
1.94020E+01,3.88E+04,-2.40E+01,-1.11E+01,2.64E+01,-8.37E+04,4.18E+00,-2.19E+02
1.94040E+01,3.88E+04,-2.40E+01,-1.11E+01,2.64E+01,-8.37E+04,-1.43E+00,-1.33E+03
1.94060E+01,3.88E+04,-2.40E+01,-1.11E+01,2.64E+01,-8.37E+04,-2.34E+00,-5.22E+02
1.94080E+01,3.88E+04,-2.40E+01,-1.11E+01,2.64E+01,-8.37E+04,-1.85E+00,1.58E+03
1.94100E+01,3.88E+04,-2.40E+01,-1.11E+01,2.64E+01,-8.37E+04,2.03E+00,7.49E+02
1.94120E+01,3.88E+04,-2.40E+01,-1.11E+01,2.64E+01,-8.37E+04,3.87E+00,-6.37E+02
1.94140E+01,3.88E+04,-2.40E+01,-1.11E+01,2.64E+01,-8.37E+04,-2.38E+00,-7.84E+02
1.94160E+01,3.88E+04,-2.40E+01,-1.11E+01,2.64E+01,-8.37E+04,1.77E-01,-1.01E+02
1.94180E+01,3.88E+04,-2.40E+01,-1.11E+01,2.64E+01,-8.37E+04,-5.06E-01,2.96E+02
1.94200E+01,3.88E+04,-2.40E+01,-1.11E+01,2.64E+01,-8.37E+04,-1.36E+00,9.16E+01
1.94220E+01,3.88E+04,-2.40E+01,-1.11E+01,2.64E+01,-8.37E+04,1.96E+00,8.25E+02
1.94240E+01,3.88E+04,-2.40E+01,-1.11E+01,2.64E+01,-8.37E+04,1.04E+00,-9.59E+02
1.94260E+01,3.89E+04,-2.40E+01,-1.11E+01,2.64E+01,-8.37E+04,-1.37E+00,1.82E+02
1.94280E+01,3.89E+04,-2.40E+01,-1.11E+01,2.64E+01,-8.37E+04,4.46E-01,6.43E+02
1.94300E+01,3.89E+04,-2.40E+01,-1.11E+01,2.64E+01,-8.37E+04,3.02E+00,-2.84E+02
1.94320E+01,3.89E+04,-2.40E+01,-1.11E+01,2.64E+01,-8.37E+04,-1.40E+00,-1.07E+03
1.94340E+01,3.89E+04,-2.40E+01,-1.11E+01,2.64E+01,-8.37E+04,-2.10E+00,-3.38E+02
1.94360E+01,3.89E+04,-2.40E+01,-1.11E+01,2.64E+01,-8.37E+04,-1.57E+00,4.77E+02
1.94380E+01,3.89E+04,-2.40E+01,-1.11E+01,2.64E+01,-8.37E+04,-1.17E+00,1.36E+02
1.94400E+01,3.89E+04,-2.40E+01,-1.11E+01,2.64E+01,-8.37E+04,-1.48E-01,-1.81E+02
1.94420E+01,3.89E+04,-2.40E+01,-1.11E+01,2.64E+01,-8.37E+04,-2.24E+00,-5.92E+02
1.94440E+01,3.89E+04,-2.40E+01,-1.11E+01,2.64E+01,-8.37E+04,-2.83E+00,9.86E+02
1.94460E+01,3.89E+04,-2.40E+01,-1.11E+01,2.64E+01,-8.37E+04,1.53E+00,1.44E+03
1.94480E+01,3.89E+04,-2.40E+01,-1.11E+01,2.64E+01,-8.37E+04,4.07E+00,8.80E+02
1.94500E+01,3.89E+04,-2.40E+01,-1.11E+01,2.64E+01,-8.37E+04,4.02E+00,-1.46E+03
1.94520E+01,3.89E+04,-2.40E+01,-1.11E+01,2.64E+01,-8.37E+04,-4.87E-01,-1.63E+03
1.94540E+01,3.89E+04,-2.40E+01,-1.11E+01,2.64E+01,-8.37E+04,-4.52E+00,6.52E+02
1.94560E+01,3.89E+04,-2.40E+01,-1.11E+01,2.64E+01,-8.37E+04,2.60E+00,1.17E+03
1.94580E+01,3.89E+04,-2.40E+01,-1.11E+01,2.64E+01,-8.37E+04,2.33E+00,-6.06E+02
1.94600E+01,3.89E+04,-2.40E+01,-1.11E+01,2.64E+01,-8.37E+04,-2.42E+00,-3.57E+02
1.94620E+01,3.89E+04,-2.40E+01,-1.11E+01,2.64E+01,-8.37E+04,1.60E+00,5.32E+02
1.94640E+01,3.89E+04,-2.40E+01,-1.11E+01,2.64E+01,-8.37E+04,9.30E-01,2.48E+02
1.94660E+01,3.89E+04,-2.40E+01,-1.11E+01,2.64E+01,-8.37E+04,6.43E-01,-6.90E+02
1.94680E+01,3.89E+04,-2.40E+01,-1.11E+01,2.64E+01,-8.37E+04,1.94E-01,-5.79E+02
1.94700E+01,3.89E+04,-2.40E+01,-1.11E+01,2.64E+01,-8.37E+04,-3.29E+00,1.54E+02
1.94720E+01,3.89E+04,-2.40E+01,-1.11E+01,2.64E+01,-8.37E+04,8.96E-01,1.34E+03
1.94740E+01,3.89E+04,-2.40E+01,-1.11E+01,2.64E+01,-8.37E+04,3.32E+00,3.10E+02
1.94760E+01,3.90E+04,-2.40E+01,-1.11E+01,2.64E+01,-8.37E+04,1.27E+00,-1.56E+03
1.94780E+01,3.90E+04,-2.40E+01,-1.11E+01,2.64E+01,-8.37E+04,-2.45E+00,-6.73E+02
1.94800E+01,3.90E+04,-2.40E+01,-1.11E+01,2.64E+01,-8.37E+04,-2.64E+00,9.04E+00
1.94820E+01,3.90E+04,-2.40E+01,-1.11E+01,2.64E+01,-8.37E+04,-9.66E-01,1.35E+03
1.94840E+01,3.90E+04,-2.40E+01,-1.11E+01,2.64E+01,-8.37E+04,1.47E+00,3.23E+02
1.94860E+01,3.90E+04,-2.40E+01,-1.11E+01,2.64E+01,-8.37E+04,2.00E+00,-4.45E+02
1.94880E+01,3.90E+04,-2.40E+01,-1.11E+01,2.64E+01,-8.37E+04,-1.66E+00,1.79E+02
1.94900E+01,3.90E+04,-2.40E+01,-1.11E+01,2.64E+01,-8.37E+04,2.36E+00,1.62E+02
1.94920E+01,3.90E+04,-2.40E+01,-1.11E+01,2.64E+01,-8.37E+04,1.18E+00,-1.66E+03
1.94940E+01,3.90E+04,-2.40E+01,-1.11E+01,2.64E+01,-8.37E+04,-6.30E+00,-5.77E+02
1.94960E+01,3.90E+04,-2.40E+01,-1.11E+01,2.64E+01,-8.37E+04,-1.71E+00,2.74E+03
1.94980E+01,3.90E+04,-2.40E+01,-1.11E+01,2.64E+01,-8.37E+04,6.46E+00,1.12E+03
1.95000E+01,3.90E+04,-2.40E+01,-1.11E+01,2.64E+01,-8.37E+04,3.11E+00,-2.54E+03
1.95020E+01,3.90E+04,-2.40E+01,-1.11E+01,2.64E+01,-8.37E+04,-5.02E+00,-1.13E+03
1.95040E+01,3.90E+04,-2.40E+01,-1.11E+01,2.64E+01,-8.37E+04,-2.33E+00,5.15E+02
1.95060E+01,3.90E+04,-2.40E+01,-1.11E+01,2.64E+01,-8.37E+04,-4.01E-01,1.03E+03
1.95080E+01,3.90E+04,-2.40E+01,-1.11E+01,2.64E+01,-8.37E+04,-5.88E-01,-1.19E+01
1.95100E+01,3.90E+04,-2.40E+01,-1.11E+01,2.64E+01,-8.37E+04,1.32E+00,4.73E+02
1.95120E+01,3.90E+04,-2.40E+01,-1.11E+01,2.64E+01,-8.37E+04,2.61E-01,5.88E+01
1.95140E+01,3.90E+04,-2.40E+01,-1.11E+01,2.64E+01,-8.37E+04,1.80E+00,5.35E+01
1.95160E+01,3.90E+04,-2.40E+01,-1.11E+01,2.64E+01,-8.37E+04,9.40E-01,-2.16E+02
1.95180E+01,3.90E+04,-2.40E+01,-1.11E+01,2.64E+01,-8.37E+04,1.24E-01,-2.21E+02
1.95200E+01,3.90E+04,-2.40E+01,-1.11E+01,2.64E+01,-8.37E+04,6.84E-01,4.78E+02
1.95220E+01,3.90E+04,-2.40E+01,-1.11E+01,2.64E+01,-8.37E+04,1.56E+00,6.90E+01
1.95240E+01,3.90E+04,-2.40E+01,-1.11E+01,2.64E+01,-8.37E+04,1.60E+00,-4.55E+02
1.95260E+01,3.91E+04,-2.40E+01,-1.11E+01,2.64E+01,-8.37E+04,-6.87E-01,-1.80E+02
1.95280E+01,3.91E+04,-2.40E+01,-1.11E+01,2.64E+01,-8.37E+04,4.80E-01,1.24E+02
1.95300E+01,3.91E+04,-2.40E+01,-1.11E+01,2.64E+01,-8.37E+04,8.20E-01,6.23E-01
1.95320E+01,3.91E+04,-2.40E+01,-1.11E+01,2.64E+01,-8.37E+04,-4.20E-01,-5.07E+02
1.95340E+01,3.91E+04,-2.40E+01,-1.11E+01,2.64E+01,-8.37E+04,-6.71E-01,2.47E+02
1.95360E+01,3.91E+04,-2.40E+01,-1.11E+01,2.64E+01,-8.37E+04,3.81E-02,-6.24E+02
1.95380E+01,3.91E+04,-2.40E+01,-1.11E+01,2.64E+01,-8.37E+04,-2.09E+00,-1.68E+02
1.95400E+01,3.91E+04,-2.40E+01,-1.11E+01,2.64E+01,-8.37E+04,-2.38E+00,4.76E+02
1.95420E+01,3.91E+04,-2.40E+01,-1.11E+01,2.64E+01,-8.37E+04,1.26E+00,1.22E+03
1.95440E+01,3.91E+04,-2.40E+01,-1.11E+01,2.64E+01,-8.37E+04,2.04E+00,-7.95E+02
1.95460E+01,3.91E+04,-2.40E+01,-1.11E+01,2.64E+01,-8.37E+04,-1.27E+00,-7.74E+02
1.95480E+01,3.91E+04,-2.40E+01,-1.11E+01,2.64E+01,-8.37E+04,-2.58E+00,3.95E+02
1.95500E+01,3.91E+04,-2.40E+01,-1.11E+01,2.64E+01,-8.37E+04,1.37E+00,1.48E+03
1.95520E+01,3.91E+04,-2.40E+01,-1.11E+01,2.64E+01,-8.37E+04,3.31E+00,-8.30E+02
1.95540E+01,3.91E+04,-2.40E+01,-1.11E+01,2.64E+01,-8.37E+04,-1.29E+00,-3.41E+02
1.95560E+01,3.91E+04,-2.40E+01,-1.11E+01,2.64E+01,-8.37E+04,-4.30E-01,-1.02E+02
1.95580E+01,3.91E+04,-2.40E+01,-1.11E+01,2.64E+01,-8.37E+04,1.33E+00,-6.86E+02
1.95600E+01,3.91E+04,-2.40E+01,-1.11E+01,2.64E+01,-8.37E+04,-4.93E+00,-3.68E+02
1.95620E+01,3.91E+04,-2.40E+01,-1.11E+01,2.64E+01,-8.37E+04,-9.90E-01,1.89E+03
1.95640E+01,3.91E+04,-2.40E+01,-1.11E+01,2.64E+01,-8.37E+04,4.68E+00,7.99E+02
1.95660E+01,3.91E+04,-2.40E+01,-1.11E+01,2.64E+01,-8.37E+04,1.64E+00,-2.04E+03
1.95680E+01,3.91E+04,-2.40E+01,-1.11E+01,2.64E+01,-8.37E+04,-3.83E+00,-1.13E+02
1.95700E+01,3.91E+04,-2.40E+01,-1.11E+01,2.64E+01,-8.37E+04,-1.34E-01,1.19E+03
1.95720E+01,3.91E+04,-2.40E+01,-1.11E+01,2.64E+01,-8.37E+04,3.56E+00,7.97E+02
1.95740E+01,3.91E+04,-2.40E+01,-1.11E+01,2.64E+01,-8.37E+04,1.28E+00,-1.04E+03
1.95760E+01,3.92E+04,-2.40E+01,-1.11E+01,2.64E+01,-8.37E+04,1.66E-01,-1.25E+03
1.95780E+01,3.92E+04,-2.40E+01,-1.11E+01,2.64E+01,-8.37E+04,-3.88E+00,-6.70E+02
1.95800E+01,3.92E+04,-2.40E+01,-1.11E+01,2.64E+01,-8.37E+04,-3.41E+00,8.04E+02
1.95820E+01,3.92E+04,-2.40E+01,-1.11E+01,2.64E+01,-8.37E+04,3.98E-01,1.26E+03
1.95840E+01,3.92E+04,-2.40E+01,-1.11E+01,2.64E+01,-8.37E+04,1.45E+00,5.08E+01
1.95860E+01,3.92E+04,-2.40E+01,-1.11E+01,2.64E+01,-8.37E+04,6.65E-01,-6.49E+02
1.95880E+01,3.92E+04,-2.40E+01,-1.11E+01,2.64E+01,-8.37E+04,-1.31E+00,4.77E+02
1.95900E+01,3.92E+04,-2.40E+01,-1.11E+01,2.64E+01,-8.37E+04,1.83E+00,8.61E+01
1.95920E+01,3.92E+04,-2.40E+01,-1.11E+01,2.64E+01,-8.37E+04,1.07E+00,-6.87E+02
1.95940E+01,3.92E+04,-2.40E+01,-1.11E+01,2.64E+01,-8.37E+04,-3.03E+00,9.05E+02
1.95960E+01,3.92E+04,-2.40E+01,-1.11E+01,2.64E+01,-8.37E+04,4.64E+00,8.50E+02
1.95980E+01,3.92E+04,-2.40E+01,-1.11E+01,2.64E+01,-8.37E+04,3.37E+00,-8.14E+02
1.96000E+01,3.92E+04,-2.40E+01,-1.11E+01,2.64E+01,-8.37E+04,-2.27E+00,-1.86E+03
1.96020E+01,3.92E+04,-2.40E+01,-1.11E+01,2.64E+01,-8.37E+04,-1.89E+00,3.51E+02
1.96040E+01,3.92E+04,-2.40E+01,-1.11E+01,2.64E+01,-8.37E+04,-2.09E+00,1.01E+03
1.96060E+01,3.92E+04,-2.40E+01,-1.11E+01,2.64E+01,-8.37E+04,2.61E+00,2.20E+02
1.96080E+01,3.92E+04,-2.40E+01,-1.11E+01,2.64E+01,-8.37E+04,8.25E-02,-6.60E+02
1.96100E+01,3.92E+04,-2.40E+01,-1.11E+01,2.64E+01,-8.37E+04,-2.37E+00,-2.91E+02
1.96120E+01,3.92E+04,-2.40E+01,-1.11E+01,2.64E+01,-8.37E+04,5.03E-01,9.10E+02
1.96140E+01,3.92E+04,-2.40E+01,-1.11E+01,2.64E+01,-8.37E+04,8.14E-01,-1.52E+02
1.96160E+01,3.92E+04,-2.40E+01,-1.11E+01,2.64E+01,-8.37E+04,1.31E-01,-1.65E+03
1.96180E+01,3.92E+04,-2.40E+01,-1.11E+01,2.64E+01,-8.37E+04,-5.45E+00,5.07E+02
1.96200E+01,3.92E+04,-2.40E+01,-1.11E+01,2.64E+01,-8.37E+04,-3.85E-01,1.72E+03
1.96220E+01,3.92E+04,-2.40E+01,-1.11E+01,2.64E+01,-8.37E+04,5.39E+00,1.25E+03
1.96240E+01,3.92E+04,-2.40E+01,-1.11E+01,2.64E+01,-8.37E+04,2.06E+00,-2.09E+03
1.96260E+01,3.93E+04,-2.40E+01,-1.11E+01,2.64E+01,-8.37E+04,-1.67E+00,-8.78E+02
1.96280E+01,3.93E+04,-2.40E+01,-1.11E+01,2.64E+01,-8.37E+04,-3.14E+00,7.84E+01
1.96300E+01,3.93E+04,-2.40E+01,-1.11E+01,2.64E+01,-8.37E+04,4.56E-03,1.74E+03
1.96320E+01,3.93E+04,-2.40E+01,-1.11E+01,2.64E+01,-8.37E+04,3.12E+00,-2.82E+02
1.96340E+01,3.93E+04,-2.40E+01,-1.11E+01,2.64E+01,-8.37E+04,3.95E-01,-1.75E+03
1.96360E+01,3.93E+04,-2.40E+01,-1.11E+01,2.64E+01,-8.37E+04,-5.74E+00,5.55E+02
1.96380E+01,3.93E+04,-2.40E+01,-1.11E+01,2.64E+01,-8.37E+04,2.01E+00,1.55E+03
1.96400E+01,3.93E+04,-2.40E+01,-1.11E+01,2.64E+01,-8.37E+04,3.90E+00,-3.81E+02
1.96420E+01,3.93E+04,-2.40E+01,-1.11E+01,2.64E+01,-8.37E+04,-2.58E+00,-1.86E+03
1.96440E+01,3.93E+04,-2.40E+01,-1.11E+01,2.64E+01,-8.37E+04,-2.61E+00,6.57E+02
1.96460E+01,3.93E+04,-2.40E+01,-1.11E+01,2.64E+01,-8.37E+04,-3.09E-01,1.30E+03
1.96480E+01,3.93E+04,-2.40E+01,-1.11E+01,2.64E+01,-8.37E+04,3.12E+00,3.43E+02
1.96500E+01,3.93E+04,-2.40E+01,-1.11E+01,2.64E+01,-8.37E+04,1.42E+00,-5.21E+02
1.96520E+01,3.93E+04,-2.40E+01,-1.11E+01,2.64E+01,-8.37E+04,-8.52E-02,-1.19E+02
1.96540E+01,3.93E+04,-2.40E+01,-1.11E+01,2.64E+01,-8.37E+04,1.64E+00,-7.30E+02
1.96560E+01,3.93E+04,-2.40E+01,-1.11E+01,2.64E+01,-8.37E+04,-2.41E+00,-5.59E+02
1.96580E+01,3.93E+04,-2.40E+01,-1.11E+01,2.64E+01,-8.37E+04,-2.58E+00,9.25E+01
1.96600E+01,3.93E+04,-2.40E+01,-1.11E+01,2.64E+01,-8.37E+04,8.66E-02,4.49E+02
1.96620E+01,3.93E+04,-2.40E+01,-1.11E+01,2.64E+01,-8.37E+04,-1.84E+00,-1.55E+02
1.96640E+01,3.93E+04,-2.40E+01,-1.11E+01,2.64E+01,-8.37E+04,-5.84E-01,1.19E+02
1.96660E+01,3.93E+04,-2.40E+01,-1.11E+01,2.64E+01,-8.37E+04,-6.70E-01,1.25E+03
1.96680E+01,3.93E+04,-2.40E+01,-1.11E+01,2.64E+01,-8.37E+04,2.99E+00,-2.14E+02
1.96700E+01,3.93E+04,-2.40E+01,-1.11E+01,2.64E+01,-8.37E+04,1.21E+00,1.44E+02
1.96720E+01,3.93E+04,-2.40E+01,-1.11E+01,2.64E+01,-8.37E+04,-2.59E-02,-1.20E+03
1.96740E+01,3.93E+04,-2.40E+01,-1.11E+01,2.64E+01,-8.37E+04,-9.52E-02,4.03E+02
1.96760E+01,3.94E+04,-2.40E+01,-1.11E+01,2.64E+01,-8.37E+04,-1.55E+00,-5.50E+02
1.96780E+01,3.94E+04,-2.40E+01,-1.11E+01,2.64E+01,-8.37E+04,1.86E-01,3.50E+02
1.96800E+01,3.94E+04,-2.40E+01,-1.11E+01,2.64E+01,-8.37E+04,-1.67E+00,3.97E+02
1.96820E+01,3.94E+04,-2.40E+01,-1.11E+01,2.64E+01,-8.37E+04,1.99E+00,1.59E+02
1.96840E+01,3.94E+04,-2.40E+01,-1.11E+01,2.64E+01,-8.37E+04,3.03E-01,-2.95E+02
1.96860E+01,3.94E+04,-2.40E+01,-1.11E+01,2.64E+01,-8.37E+04,-1.30E+00,4.58E+02
1.96880E+01,3.94E+04,-2.40E+01,-1.11E+01,2.64E+01,-8.37E+04,3.36E+00,5.50E+02
1.96900E+01,3.94E+04,-2.40E+01,-1.11E+01,2.64E+01,-8.37E+04,1.50E+00,-8.04E+02
1.96920E+01,3.94E+04,-2.40E+01,-1.11E+01,2.64E+01,-8.37E+04,-1.26E+00,-1.51E+03
1.96940E+01,3.94E+04,-2.40E+01,-1.11E+01,2.64E+01,-8.37E+04,-3.35E+00,-1.98E+02
1.96960E+01,3.94E+04,-2.40E+01,-1.11E+01,2.64E+01,-8.37E+04,-3.42E+00,1.39E+03
1.96980E+01,3.94E+04,-2.40E+01,-1.11E+01,2.64E+01,-8.37E+04,2.96E+00,1.41E+03
1.97000E+01,3.94E+04,-2.40E+01,-1.11E+01,2.64E+01,-8.37E+04,3.28E+00,-5.00E+02
1.97020E+01,3.94E+04,-2.40E+01,-1.11E+01,2.64E+01,-8.37E+04,-3.91E-01,-1.01E+03
1.97040E+01,3.94E+04,-2.40E+01,-1.11E+01,2.64E+01,-8.37E+04,-4.93E-01,1.39E+02
1.97060E+01,3.94E+04,-2.40E+01,-1.11E+01,2.64E+01,-8.37E+04,2.71E-01,1.22E+02
1.97080E+01,3.94E+04,-2.40E+01,-1.11E+01,2.64E+01,-8.37E+04,1.40E-01,-3.26E+02
1.97100E+01,3.94E+04,-2.40E+01,-1.11E+01,2.64E+01,-8.37E+04,-1.14E+00,-2.44E+02
1.97120E+01,3.94E+04,-2.40E+01,-1.11E+01,2.64E+01,-8.37E+04,-1.08E+00,4.00E+02
1.97140E+01,3.94E+04,-2.40E+01,-1.11E+01,2.64E+01,-8.37E+04,6.59E-01,5.84E+02
1.97160E+01,3.94E+04,-2.40E+01,-1.11E+01,2.64E+01,-8.37E+04,1.43E+00,-4.01E+02
1.97180E+01,3.94E+04,-2.40E+01,-1.11E+01,2.64E+01,-8.37E+04,-8.31E-01,-3.82E+02
1.97200E+01,3.94E+04,-2.40E+01,-1.11E+01,2.64E+01,-8.37E+04,-9.51E-01,3.94E+02
1.97220E+01,3.94E+04,-2.40E+01,-1.11E+01,2.64E+01,-8.37E+04,1.53E+00,-2.34E+02
1.97240E+01,3.94E+04,-2.40E+01,-1.11E+01,2.64E+01,-8.37E+04,-1.51E+00,-1.76E+02
1.97260E+01,3.95E+04,-2.40E+01,-1.11E+01,2.64E+01,-8.37E+04,-8.63E-01,-7.49E+02
1.97280E+01,3.95E+04,-2.40E+01,-1.11E+01,2.64E+01,-8.37E+04,-2.03E+00,8.37E+02
1.97300E+01,3.95E+04,-2.40E+01,-1.11E+01,2.64E+01,-8.37E+04,-6.24E-01,8.64E+01
1.97320E+01,3.95E+04,-2.40E+01,-1.11E+01,2.64E+01,-8.37E+04,1.67E+00,1.37E+03
1.97340E+01,3.95E+04,-2.40E+01,-1.11E+01,2.64E+01,-8.37E+04,1.92E+00,-1.43E+03
1.97360E+01,3.95E+04,-2.40E+01,-1.11E+01,2.64E+01,-8.37E+04,-9.77E-01,1.22E+02
1.97380E+01,3.95E+04,-2.40E+01,-1.11E+01,2.64E+01,-8.37E+04,-1.47E+00,2.09E+02
1.97400E+01,3.95E+04,-2.40E+01,-1.11E+01,2.64E+01,-8.37E+04,3.33E+00,7.51E+02
1.97420E+01,3.95E+04,-2.40E+01,-1.11E+01,2.64E+01,-8.37E+04,-1.75E-02,-1.78E+03
1.97440E+01,3.95E+04,-2.40E+01,-1.11E+01,2.64E+01,-8.37E+04,-3.40E+00,-1.46E+02
1.97460E+01,3.95E+04,-2.40E+01,-1.11E+01,2.64E+01,-8.37E+04,-1.72E+00,1.06E+03
1.97480E+01,3.95E+04,-2.40E+01,-1.11E+01,2.64E+01,-8.37E+04,2.36E+00,4.07E+02
1.97500E+01,3.95E+04,-2.40E+01,-1.11E+01,2.64E+01,-8.37E+04,-2.84E-01,-8.14E+02
1.97520E+01,3.95E+04,-2.40E+01,-1.11E+01,2.64E+01,-8.37E+04,-1.82E+00,2.03E+02
1.97540E+01,3.95E+04,-2.40E+01,-1.11E+01,2.64E+01,-8.37E+04,9.86E-01,5.28E+02
1.97560E+01,3.95E+04,-2.40E+01,-1.11E+01,2.64E+01,-8.37E+04,8.71E-01,1.00E+03
1.97580E+01,3.95E+04,-2.40E+01,-1.11E+01,2.64E+01,-8.37E+04,3.60E+00,-1.01E+03
1.97600E+01,3.95E+04,-2.40E+01,-1.11E+01,2.64E+01,-8.37E+04,-4.04E-01,-4.08E+02
1.97620E+01,3.95E+04,-2.40E+01,-1.11E+01,2.64E+01,-8.37E+04,-2.09E+00,2.07E+02
1.97640E+01,3.95E+04,-2.40E+01,-1.11E+01,2.64E+01,-8.37E+04,3.74E+00,9.88E+02
1.97660E+01,3.95E+04,-2.40E+01,-1.11E+01,2.64E+01,-8.37E+04,8.60E-01,-2.22E+03
1.97680E+01,3.95E+04,-2.40E+01,-1.11E+01,2.64E+01,-8.37E+04,-4.96E+00,-3.63E+02
1.97700E+01,3.95E+04,-2.40E+01,-1.11E+01,2.64E+01,-8.37E+04,-2.38E+00,9.32E+02
1.97720E+01,3.95E+04,-2.40E+01,-1.11E+01,2.64E+01,-8.37E+04,1.57E+00,1.11E+03
1.97740E+01,3.95E+04,-2.40E+01,-1.11E+01,2.64E+01,-8.37E+04,2.18E-01,-3.90E+02
1.97760E+01,3.96E+04,-2.40E+01,-1.11E+01,2.64E+01,-8.37E+04,8.11E-01,5.97E+01
1.97780E+01,3.96E+04,-2.40E+01,-1.11E+01,2.64E+01,-8.37E+04,1.13E-01,7.62E+02
1.97800E+01,3.96E+04,-2.40E+01,-1.11E+01,2.64E+01,-8.37E+04,3.44E+00,-2.18E+02
1.97820E+01,3.96E+04,-2.40E+01,-1.11E+01,2.64E+01,-8.37E+04,1.05E+00,-1.29E+03
1.97840E+01,3.96E+04,-2.40E+01,-1.11E+01,2.64E+01,-8.37E+04,-3.97E+00,-1.30E+03
1.97860E+01,3.96E+04,-2.40E+01,-1.11E+01,2.64E+01,-8.37E+04,-3.10E+00,1.53E+03
1.97880E+01,3.96E+04,-2.40E+01,-1.11E+01,2.64E+01,-8.37E+04,1.45E+00,9.00E+02
1.97900E+01,3.96E+04,-2.40E+01,-1.11E+01,2.64E+01,-8.37E+04,2.27E+00,5.60E+00
1.97920E+01,3.96E+04,-2.40E+01,-1.11E+01,2.64E+01,-8.37E+04,-3.42E-01,-7.48E+02
1.97940E+01,3.96E+04,-2.40E+01,-1.11E+01,2.64E+01,-8.37E+04,1.56E-01,5.94E+02
1.97960E+01,3.96E+04,-2.40E+01,-1.11E+01,2.64E+01,-8.37E+04,1.49E+00,-3.66E+02
1.97980E+01,3.96E+04,-2.40E+01,-1.11E+01,2.64E+01,-8.37E+04,-2.09E-01,-9.28E+02
1.98000E+01,3.96E+04,-2.40E+01,-1.11E+01,2.64E+01,-8.37E+04,-3.52E+00,2.30E+02
1.98020E+01,3.96E+04,-2.40E+01,-1.11E+01,2.64E+01,-8.37E+04,7.02E-01,7.95E+02
1.98040E+01,3.96E+04,-2.40E+01,-1.11E+01,2.64E+01,-8.37E+04,1.26E+00,7.55E+02
1.98060E+01,3.96E+04,-2.40E+01,-1.11E+01,2.64E+01,-8.37E+04,1.62E+00,1.96E+01
1.98080E+01,3.96E+04,-2.40E+01,-1.11E+01,2.64E+01,-8.37E+04,3.23E+00,-1.32E+03
1.98100E+01,3.96E+04,-2.40E+01,-1.11E+01,2.64E+01,-8.37E+04,-4.09E+00,-9.34E+02
1.98120E+01,3.96E+04,-2.40E+01,-1.11E+01,2.64E+01,-8.37E+04,-2.60E+00,1.55E+03
1.98140E+01,3.96E+04,-2.40E+01,-1.11E+01,2.64E+01,-8.37E+04,4.65E+00,8.71E+02
1.98160E+01,3.96E+04,-2.40E+01,-1.11E+01,2.64E+01,-8.37E+04,7.56E-01,-1.63E+03
1.98180E+01,3.96E+04,-2.40E+01,-1.11E+01,2.64E+01,-8.37E+04,-3.32E+00,-1.32E+02
1.98200E+01,3.96E+04,-2.40E+01,-1.11E+01,2.64E+01,-8.37E+04,5.09E-01,1.34E+03
1.98220E+01,3.96E+04,-2.40E+01,-1.11E+01,2.64E+01,-8.37E+04,3.05E+00,-8.12E+02
1.98240E+01,3.96E+04,-2.40E+01,-1.11E+01,2.64E+01,-8.37E+04,-2.76E+00,-1.13E+03
1.98260E+01,3.97E+04,-2.40E+01,-1.11E+01,2.64E+01,-8.37E+04,-3.37E+00,3.43E+02
1.98280E+01,3.97E+04,-2.40E+01,-1.11E+01,2.64E+01,-8.37E+04,6.12E-01,1.94E+03
1.98300E+01,3.97E+04,-2.40E+01,-1.11E+01,2.64E+01,-8.37E+04,3.23E+00,-7.05E+02
1.98320E+01,3.97E+04,-2.40E+01,-1.11E+01,2.64E+01,-8.37E+04,-3.64E-01,-6.23E+02
1.98340E+01,3.97E+04,-2.40E+01,-1.11E+01,2.64E+01,-8.37E+04,-2.24E+00,-6.15E+02
1.98360E+01,3.97E+04,-2.40E+01,-1.11E+01,2.64E+01,-8.37E+04,-1.65E-01,1.49E+03
1.98380E+01,3.97E+04,-2.40E+01,-1.11E+01,2.64E+01,-8.37E+04,1.66E+00,-4.54E+02
1.98400E+01,3.97E+04,-2.40E+01,-1.11E+01,2.64E+01,-8.37E+04,4.72E-01,-4.64E+02
1.98420E+01,3.97E+04,-2.40E+01,-1.11E+01,2.64E+01,-8.37E+04,-2.78E+00,-7.48E+02
1.98440E+01,3.97E+04,-2.40E+01,-1.11E+01,2.64E+01,-8.37E+04,-9.49E-01,9.87E+02
1.98460E+01,3.97E+04,-2.40E+01,-1.11E+01,2.64E+01,-8.37E+04,3.92E-01,1.23E+03
1.98480E+01,3.97E+04,-2.40E+01,-1.11E+01,2.64E+01,-8.37E+04,4.30E+00,6.16E+02
1.98500E+01,3.97E+04,-2.40E+01,-1.11E+01,2.64E+01,-8.37E+04,3.55E+00,-3.12E+03
1.98520E+01,3.97E+04,-2.40E+01,-1.11E+01,2.64E+01,-8.37E+04,-8.00E+00,-4.17E+02
1.98540E+01,3.97E+04,-2.40E+01,-1.11E+01,2.64E+01,-8.37E+04,-2.31E+00,2.78E+03
1.98560E+01,3.97E+04,-2.40E+01,-1.11E+01,2.64E+01,-8.37E+04,8.96E+00,1.32E+03
1.98580E+01,3.97E+04,-2.40E+01,-1.11E+01,2.64E+01,-8.37E+04,7.13E-01,-3.60E+03
1.98600E+01,3.97E+04,-2.40E+01,-1.11E+01,2.64E+01,-8.37E+04,-6.14E+00,-3.39E+02
1.98620E+01,3.97E+04,-2.40E+01,-1.11E+01,2.64E+01,-8.37E+04,-1.39E+00,2.00E+03
1.98640E+01,3.97E+04,-2.40E+01,-1.11E+01,2.64E+01,-8.37E+04,4.14E+00,7.33E+02
1.98660E+01,3.97E+04,-2.40E+01,-1.11E+01,2.64E+01,-8.37E+04,6.53E-01,-1.77E+03
1.98680E+01,3.97E+04,-2.40E+01,-1.11E+01,2.64E+01,-8.37E+04,-3.27E+00,2.44E+02
1.98700E+01,3.97E+04,-2.40E+01,-1.11E+01,2.64E+01,-8.37E+04,7.61E-01,1.42E+03
1.98720E+01,3.97E+04,-2.40E+01,-1.11E+01,2.64E+01,-8.37E+04,4.46E+00,7.81E+02
1.98740E+01,3.97E+04,-2.40E+01,-1.11E+01,2.64E+01,-8.37E+04,2.58E+00,-2.27E+03
1.98760E+01,3.98E+04,-2.40E+01,-1.11E+01,2.64E+01,-8.37E+04,-3.50E+00,-1.18E+03
1.98780E+01,3.98E+04,-2.40E+01,-1.11E+01,2.64E+01,-8.37E+04,-4.56E+00,1.59E+02
1.98800E+01,3.98E+04,-2.40E+01,-1.11E+01,2.64E+01,-8.37E+04,-4.62E-01,1.72E+03
1.98820E+01,3.98E+04,-2.40E+01,-1.11E+01,2.64E+01,-8.37E+04,1.03E+00,2.03E+01
1.98840E+01,3.98E+04,-2.40E+01,-1.11E+01,2.64E+01,-8.37E+04,7.83E-01,-1.05E+02
1.98860E+01,3.98E+04,-2.40E+01,-1.11E+01,2.64E+01,-8.37E+04,-6.38E-01,-1.15E+01
1.98880E+01,3.98E+04,-2.40E+01,-1.11E+01,2.64E+01,-8.37E+04,1.33E+00,5.42E+02
1.98900E+01,3.98E+04,-2.40E+01,-1.11E+01,2.64E+01,-8.37E+04,1.66E+00,-2.72E+02
1.98920E+01,3.98E+04,-2.40E+01,-1.11E+01,2.64E+01,-8.37E+04,1.40E-01,-8.79E+02
1.98940E+01,3.98E+04,-2.40E+01,-1.11E+01,2.64E+01,-8.37E+04,-1.95E+00,-2.54E+02
1.98960E+01,3.98E+04,-2.40E+01,-1.11E+01,2.64E+01,-8.37E+04,-1.27E+00,4.91E+02
1.98980E+01,3.98E+04,-2.40E+01,-1.11E+01,2.64E+01,-8.37E+04,6.30E-01,4.86E+02
1.99000E+01,3.98E+04,-2.40E+01,-1.11E+01,2.64E+01,-8.37E+04,5.25E-01,-2.18E+02
1.99020E+01,3.98E+04,-2.40E+01,-1.11E+01,2.64E+01,-8.37E+04,-2.75E-01,1.05E+03
1.99040E+01,3.98E+04,-2.40E+01,-1.11E+01,2.64E+01,-8.37E+04,3.95E+00,1.42E+02
1.99060E+01,3.98E+04,-2.40E+01,-1.11E+01,2.64E+01,-8.37E+04,2.60E+00,-1.05E+03
1.99080E+01,3.98E+04,-2.40E+01,-1.11E+01,2.64E+01,-8.37E+04,-2.78E+00,-1.18E+03
1.99100E+01,3.98E+04,-2.40E+01,-1.11E+01,2.64E+01,-8.37E+04,-1.17E+00,1.67E+02
1.99120E+01,3.98E+04,-2.40E+01,-1.11E+01,2.64E+01,-8.37E+04,-1.75E+00,6.48E+02
1.99140E+01,3.98E+04,-2.40E+01,-1.11E+01,2.64E+01,-8.37E+04,3.64E-01,5.04E+02
1.99160E+01,3.98E+04,-2.40E+01,-1.11E+01,2.64E+01,-8.37E+04,1.81E+00,-4.46E+01
1.99180E+01,3.98E+04,-2.40E+01,-1.11E+01,2.64E+01,-8.37E+04,-8.67E-01,-5.38E+02
1.99200E+01,3.98E+04,-2.40E+01,-1.11E+01,2.64E+01,-8.37E+04,-3.37E-01,3.54E+02
1.99220E+01,3.98E+04,-2.40E+01,-1.11E+01,2.64E+01,-8.37E+04,9.01E-01,-5.54E+02
1.99240E+01,3.98E+04,-2.40E+01,-1.11E+01,2.64E+01,-8.37E+04,-2.19E+00,1.46E+02
1.99260E+01,3.99E+04,-2.40E+01,-1.11E+01,2.64E+01,-8.37E+04,-2.24E-01,-4.53E+00
1.99280E+01,3.99E+04,-2.40E+01,-1.11E+01,2.64E+01,-8.37E+04,4.13E-01,1.29E+03
1.99300E+01,3.99E+04,-2.40E+01,-1.11E+01,2.64E+01,-8.37E+04,2.00E+00,9.19E+01
1.99320E+01,3.99E+04,-2.40E+01,-1.11E+01,2.64E+01,-8.37E+04,3.83E+00,-6.15E+02
1.99340E+01,3.99E+04,-2.40E+01,-1.11E+01,2.64E+01,-8.37E+04,-2.33E+00,-1.58E+03
1.99360E+01,3.99E+04,-2.40E+01,-1.11E+01,2.64E+01,-8.37E+04,-2.59E+00,2.10E+02
1.99380E+01,3.99E+04,-2.40E+01,-1.11E+01,2.64E+01,-8.37E+04,-8.26E-01,1.84E+03
1.99400E+01,3.99E+04,-2.40E+01,-1.11E+01,2.64E+01,-8.37E+04,3.97E+00,-1.32E+03
1.99420E+01,3.99E+04,-2.40E+01,-1.11E+01,2.64E+01,-8.37E+04,-3.18E+00,-1.52E+03
1.99440E+01,3.99E+04,-2.40E+01,-1.11E+01,2.64E+01,-8.37E+04,-7.22E+00,1.03E+03
1.99460E+01,3.99E+04,-2.40E+01,-1.11E+01,2.64E+01,-8.37E+04,4.27E+00,3.57E+03
1.99480E+01,3.99E+04,-2.40E+01,-1.11E+01,2.64E+01,-8.37E+04,7.17E+00,-7.79E+02
1.99500E+01,3.99E+04,-2.40E+01,-1.11E+01,2.64E+01,-8.37E+04,1.09E+00,-2.13E+03
1.99520E+01,3.99E+04,-2.40E+01,-1.11E+01,2.64E+01,-8.37E+04,-2.87E+00,-1.32E+03
1.99540E+01,3.99E+04,-2.40E+01,-1.11E+01,2.64E+01,-8.37E+04,-2.91E+00,1.11E+03
1.99560E+01,3.99E+04,-2.40E+01,-1.11E+01,2.64E+01,-8.37E+04,3.88E-01,1.01E+03
1.99580E+01,3.99E+04,-2.40E+01,-1.11E+01,2.64E+01,-8.37E+04,2.90E+00,-4.21E+02
1.99600E+01,3.99E+04,-2.40E+01,-1.11E+01,2.64E+01,-8.37E+04,-2.10E+00,-1.67E+02
1.99620E+01,3.99E+04,-2.40E+01,-1.11E+01,2.64E+01,-8.37E+04,8.33E-01,-4.44E+02
1.99640E+01,3.99E+04,-2.40E+01,-1.11E+01,2.64E+01,-8.37E+04,-7.06E-01,-7.36E+02
1.99660E+01,3.99E+04,-2.40E+01,-1.11E+01,2.64E+01,-8.37E+04,-5.46E+00,2.81E+01
1.99680E+01,3.99E+04,-2.40E+01,-1.11E+01,2.64E+01,-8.37E+04,7.34E-01,1.17E+03
1.99700E+01,3.99E+04,-2.40E+01,-1.11E+01,2.64E+01,-8.37E+04,3.76E-01,9.92E+02
1.99720E+01,3.99E+04,-2.40E+01,-1.11E+01,2.64E+01,-8.37E+04,2.27E+00,-3.19E+01
1.99740E+01,3.99E+04,-2.40E+01,-1.11E+01,2.64E+01,-8.37E+04,3.15E+00,-4.46E+02
1.99760E+01,4.00E+04,-2.40E+01,-1.11E+01,2.64E+01,-8.37E+04,-1.74E+00,-1.38E+02
1.99780E+01,4.00E+04,-2.40E+01,-1.11E+01,2.64E+01,-8.37E+04,2.66E+00,-3.42E+02
1.99800E+01,4.00E+04,-2.40E+01,-1.11E+01,2.64E+01,-8.37E+04,-7.35E-01,-1.34E+03
1.99820E+01,4.00E+04,-2.40E+01,-1.11E+01,2.64E+01,-8.37E+04,-5.93E+00,-7.74E+01
1.99840E+01,4.00E+04,-2.40E+01,-1.11E+01,2.64E+01,-8.37E+04,2.97E-01,1.33E+03
1.99860E+01,4.00E+04,-2.40E+01,-1.11E+01,2.64E+01,-8.37E+04,5.31E-01,1.03E+03
1.99880E+01,4.00E+04,-2.40E+01,-1.11E+01,2.64E+01,-8.37E+04,2.20E+00,7.41E+02
1.99900E+01,4.00E+04,-2.40E+01,-1.11E+01,2.64E+01,-8.37E+04,5.65E+00,-1.12E+01
1.99920E+01,4.00E+04,-2.40E+01,-1.11E+01,2.64E+01,-8.37E+04,1.36E+00,-2.97E+03
1.99940E+01,4.00E+04,-2.40E+01,-1.11E+01,2.64E+01,-8.37E+04,-6.09E+00,-4.70E+02
1.99960E+01,4.00E+04,-2.40E+01,-1.11E+01,2.64E+01,-8.37E+04,-2.66E+00,
2.00E+01,4.00E+04,-2.40E+01,-1.11E+01,2.64E+01,-8.37E+04,,